ARM GAS  /tmp/ccStDKnV.s 			page 1


   1              		.cpu cortex-m4
   2              		.arch armv7e-m
   3              		.fpu fpv4-sp-d16
   4              		.eabi_attribute 27, 1
   5              		.eabi_attribute 28, 1
   6              		.eabi_attribute 20, 1
   7              		.eabi_attribute 21, 1
   8              		.eabi_attribute 23, 3
   9              		.eabi_attribute 24, 1
  10              		.eabi_attribute 25, 1
  11              		.eabi_attribute 26, 1
  12              		.eabi_attribute 30, 2
  13              		.eabi_attribute 34, 1
  14              		.eabi_attribute 18, 4
  15              		.file	"chdebug.c"
  16              		.text
  17              	.Ltext0:
  18              		.cfi_sections	.debug_frame
  19              		.file 1 "../RC_Controller/ChibiOS_3.0.5/os/rt/src/chdebug.c"
  20              		.section	.rodata._dbg_check_disable.str1.4,"aMS",%progbits,1
  21              		.align	2
  22              	.LC0:
  23 0000 53562331 		.ascii	"SV#1\000"
  23      00
  24              		.section	.text._dbg_check_disable,"ax",%progbits
  25              		.align	1
  26              		.p2align 4,,15
  27              		.global	_dbg_check_disable
  28              		.syntax unified
  29              		.thumb
  30              		.thumb_func
  31              		.type	_dbg_check_disable, %function
  32              	_dbg_check_disable:
  33              	.LFB186:
  34              		.loc 1 114 31 view -0
  35              		.cfi_startproc
  36              		@ args = 0, pretend = 0, frame = 0
  37              		@ frame_needed = 0, uses_anonymous_args = 0
  38              		@ link register save eliminated.
  39              		.loc 1 116 3 view .LVU1
  40              		.loc 1 116 14 is_stmt 0 view .LVU2
  41 0000 044A     		ldr	r2, .L5
  42              		.loc 1 116 36 discriminator 1 view .LVU3
  43 0002 D2E90C32 		ldrd	r3, r2, [r2, #48]
  44 0006 1343     		orrs	r3, r3, r2
  45 0008 00D1     		bne	.L4
  46              		.loc 1 119 1 view .LVU4
  47 000a 7047     		bx	lr
  48              	.L4:
  49              		.loc 1 117 5 is_stmt 1 view .LVU5
  50 000c 0248     		ldr	r0, .L5+4
  51 000e FFF7FEBF 		b	chSysHalt
  52              	.LVL0:
  53              	.L6:
  54 0012 00BF     		.align	2
  55              	.L5:
  56 0014 00000000 		.word	ch
ARM GAS  /tmp/ccStDKnV.s 			page 2


  57 0018 00000000 		.word	.LC0
  58              		.cfi_endproc
  59              	.LFE186:
  60              		.size	_dbg_check_disable, .-_dbg_check_disable
  61              		.section	.rodata._dbg_check_suspend.str1.4,"aMS",%progbits,1
  62              		.align	2
  63              	.LC1:
  64 0000 53562332 		.ascii	"SV#2\000"
  64      00
  65              		.section	.text._dbg_check_suspend,"ax",%progbits
  66              		.align	1
  67              		.p2align 4,,15
  68              		.global	_dbg_check_suspend
  69              		.syntax unified
  70              		.thumb
  71              		.thumb_func
  72              		.type	_dbg_check_suspend, %function
  73              	_dbg_check_suspend:
  74              	.LFB187:
  75              		.loc 1 126 31 view -0
  76              		.cfi_startproc
  77              		@ args = 0, pretend = 0, frame = 0
  78              		@ frame_needed = 0, uses_anonymous_args = 0
  79              		@ link register save eliminated.
  80              		.loc 1 128 3 view .LVU7
  81              		.loc 1 128 14 is_stmt 0 view .LVU8
  82 0000 044A     		ldr	r2, .L10
  83              		.loc 1 128 36 discriminator 1 view .LVU9
  84 0002 D2E90C32 		ldrd	r3, r2, [r2, #48]
  85 0006 1343     		orrs	r3, r3, r2
  86 0008 00D1     		bne	.L9
  87              		.loc 1 131 1 view .LVU10
  88 000a 7047     		bx	lr
  89              	.L9:
  90              		.loc 1 129 5 is_stmt 1 view .LVU11
  91 000c 0248     		ldr	r0, .L10+4
  92 000e FFF7FEBF 		b	chSysHalt
  93              	.LVL1:
  94              	.L11:
  95 0012 00BF     		.align	2
  96              	.L10:
  97 0014 00000000 		.word	ch
  98 0018 00000000 		.word	.LC1
  99              		.cfi_endproc
 100              	.LFE187:
 101              		.size	_dbg_check_suspend, .-_dbg_check_suspend
 102              		.section	.rodata._dbg_check_enable.str1.4,"aMS",%progbits,1
 103              		.align	2
 104              	.LC2:
 105 0000 53562333 		.ascii	"SV#3\000"
 105      00
 106              		.section	.text._dbg_check_enable,"ax",%progbits
 107              		.align	1
 108              		.p2align 4,,15
 109              		.global	_dbg_check_enable
 110              		.syntax unified
 111              		.thumb
ARM GAS  /tmp/ccStDKnV.s 			page 3


 112              		.thumb_func
 113              		.type	_dbg_check_enable, %function
 114              	_dbg_check_enable:
 115              	.LFB188:
 116              		.loc 1 138 30 view -0
 117              		.cfi_startproc
 118              		@ args = 0, pretend = 0, frame = 0
 119              		@ frame_needed = 0, uses_anonymous_args = 0
 120              		@ link register save eliminated.
 121              		.loc 1 140 3 view .LVU13
 122              		.loc 1 140 14 is_stmt 0 view .LVU14
 123 0000 044A     		ldr	r2, .L15
 124              		.loc 1 140 36 discriminator 1 view .LVU15
 125 0002 D2E90C32 		ldrd	r3, r2, [r2, #48]
 126 0006 1343     		orrs	r3, r3, r2
 127 0008 00D1     		bne	.L14
 128              		.loc 1 143 1 view .LVU16
 129 000a 7047     		bx	lr
 130              	.L14:
 131              		.loc 1 141 5 is_stmt 1 view .LVU17
 132 000c 0248     		ldr	r0, .L15+4
 133 000e FFF7FEBF 		b	chSysHalt
 134              	.LVL2:
 135              	.L16:
 136 0012 00BF     		.align	2
 137              	.L15:
 138 0014 00000000 		.word	ch
 139 0018 00000000 		.word	.LC2
 140              		.cfi_endproc
 141              	.LFE188:
 142              		.size	_dbg_check_enable, .-_dbg_check_enable
 143              		.section	.rodata._dbg_check_lock.str1.4,"aMS",%progbits,1
 144              		.align	2
 145              	.LC3:
 146 0000 53562334 		.ascii	"SV#4\000"
 146      00
 147              		.section	.text._dbg_check_lock,"ax",%progbits
 148              		.align	1
 149              		.p2align 4,,15
 150              		.global	_dbg_check_lock
 151              		.syntax unified
 152              		.thumb
 153              		.thumb_func
 154              		.type	_dbg_check_lock, %function
 155              	_dbg_check_lock:
 156              	.LFB189:
 157              		.loc 1 150 28 view -0
 158              		.cfi_startproc
 159              		@ args = 0, pretend = 0, frame = 0
 160              		@ frame_needed = 0, uses_anonymous_args = 0
 161              		.loc 1 152 3 view .LVU19
 162              		.loc 1 150 28 is_stmt 0 view .LVU20
 163 0000 10B5     		push	{r4, lr}
 164              		.cfi_def_cfa_offset 8
 165              		.cfi_offset 4, -8
 166              		.cfi_offset 14, -4
 167              		.loc 1 152 14 view .LVU21
ARM GAS  /tmp/ccStDKnV.s 			page 4


 168 0002 054C     		ldr	r4, .L23
 169              		.loc 1 152 36 discriminator 1 view .LVU22
 170 0004 D4E90C32 		ldrd	r3, r2, [r4, #48]
 171 0008 1343     		orrs	r3, r3, r2
 172 000a 02D0     		beq	.L18
 173              		.loc 1 153 5 is_stmt 1 view .LVU23
 174 000c 0348     		ldr	r0, .L23+4
 175 000e FFF7FEFF 		bl	chSysHalt
 176              	.LVL3:
 177              	.L18:
 178              		.loc 1 155 3 view .LVU24
 179 0012 0123     		movs	r3, #1
 180 0014 6363     		str	r3, [r4, #52]
 181              		.loc 1 156 1 is_stmt 0 view .LVU25
 182 0016 10BD     		pop	{r4, pc}
 183              	.L24:
 184              		.align	2
 185              	.L23:
 186 0018 00000000 		.word	ch
 187 001c 00000000 		.word	.LC3
 188              		.cfi_endproc
 189              	.LFE189:
 190              		.size	_dbg_check_lock, .-_dbg_check_lock
 191              		.section	.rodata._dbg_check_unlock.str1.4,"aMS",%progbits,1
 192              		.align	2
 193              	.LC4:
 194 0000 53562335 		.ascii	"SV#5\000"
 194      00
 195              		.section	.text._dbg_check_unlock,"ax",%progbits
 196              		.align	1
 197              		.p2align 4,,15
 198              		.global	_dbg_check_unlock
 199              		.syntax unified
 200              		.thumb
 201              		.thumb_func
 202              		.type	_dbg_check_unlock, %function
 203              	_dbg_check_unlock:
 204              	.LFB190:
 205              		.loc 1 163 30 is_stmt 1 view -0
 206              		.cfi_startproc
 207              		@ args = 0, pretend = 0, frame = 0
 208              		@ frame_needed = 0, uses_anonymous_args = 0
 209              		.loc 1 165 3 view .LVU27
 210              		.loc 1 163 30 is_stmt 0 view .LVU28
 211 0000 10B5     		push	{r4, lr}
 212              		.cfi_def_cfa_offset 8
 213              		.cfi_offset 4, -8
 214              		.cfi_offset 14, -4
 215              		.loc 1 165 14 view .LVU29
 216 0002 074C     		ldr	r4, .L29
 217              		.loc 1 165 6 view .LVU30
 218 0004 236B     		ldr	r3, [r4, #48]
 219 0006 2BB9     		cbnz	r3, .L26
 220              		.loc 1 165 36 discriminator 1 view .LVU31
 221 0008 636B     		ldr	r3, [r4, #52]
 222 000a 002B     		cmp	r3, #0
 223 000c 02DD     		ble	.L26
ARM GAS  /tmp/ccStDKnV.s 			page 5


 224              		.loc 1 168 3 is_stmt 1 view .LVU32
 225 000e 0023     		movs	r3, #0
 226 0010 6363     		str	r3, [r4, #52]
 227              		.loc 1 169 1 is_stmt 0 view .LVU33
 228 0012 10BD     		pop	{r4, pc}
 229              	.L26:
 230              		.loc 1 166 5 is_stmt 1 view .LVU34
 231 0014 0348     		ldr	r0, .L29+4
 232 0016 FFF7FEFF 		bl	chSysHalt
 233              	.LVL4:
 234              		.loc 1 168 3 view .LVU35
 235 001a 0023     		movs	r3, #0
 236 001c 6363     		str	r3, [r4, #52]
 237              		.loc 1 169 1 is_stmt 0 view .LVU36
 238 001e 10BD     		pop	{r4, pc}
 239              	.L30:
 240              		.align	2
 241              	.L29:
 242 0020 00000000 		.word	ch
 243 0024 00000000 		.word	.LC4
 244              		.cfi_endproc
 245              	.LFE190:
 246              		.size	_dbg_check_unlock, .-_dbg_check_unlock
 247              		.section	.rodata._dbg_check_lock_from_isr.str1.4,"aMS",%progbits,1
 248              		.align	2
 249              	.LC5:
 250 0000 53562336 		.ascii	"SV#6\000"
 250      00
 251              		.section	.text._dbg_check_lock_from_isr,"ax",%progbits
 252              		.align	1
 253              		.p2align 4,,15
 254              		.global	_dbg_check_lock_from_isr
 255              		.syntax unified
 256              		.thumb
 257              		.thumb_func
 258              		.type	_dbg_check_lock_from_isr, %function
 259              	_dbg_check_lock_from_isr:
 260              	.LFB191:
 261              		.loc 1 176 37 is_stmt 1 view -0
 262              		.cfi_startproc
 263              		@ args = 0, pretend = 0, frame = 0
 264              		@ frame_needed = 0, uses_anonymous_args = 0
 265              		.loc 1 178 3 view .LVU38
 266              		.loc 1 176 37 is_stmt 0 view .LVU39
 267 0000 10B5     		push	{r4, lr}
 268              		.cfi_def_cfa_offset 8
 269              		.cfi_offset 4, -8
 270              		.cfi_offset 14, -4
 271              		.loc 1 178 14 view .LVU40
 272 0002 064C     		ldr	r4, .L38
 273              		.loc 1 178 6 view .LVU41
 274 0004 236B     		ldr	r3, [r4, #48]
 275 0006 002B     		cmp	r3, #0
 276 0008 01DD     		ble	.L32
 277              		.loc 1 178 36 discriminator 1 view .LVU42
 278 000a 636B     		ldr	r3, [r4, #52]
 279 000c 13B1     		cbz	r3, .L33
ARM GAS  /tmp/ccStDKnV.s 			page 6


 280              	.L32:
 281              		.loc 1 179 5 is_stmt 1 view .LVU43
 282 000e 0448     		ldr	r0, .L38+4
 283 0010 FFF7FEFF 		bl	chSysHalt
 284              	.LVL5:
 285              	.L33:
 286              		.loc 1 181 3 view .LVU44
 287 0014 0123     		movs	r3, #1
 288 0016 6363     		str	r3, [r4, #52]
 289              		.loc 1 182 1 is_stmt 0 view .LVU45
 290 0018 10BD     		pop	{r4, pc}
 291              	.L39:
 292 001a 00BF     		.align	2
 293              	.L38:
 294 001c 00000000 		.word	ch
 295 0020 00000000 		.word	.LC5
 296              		.cfi_endproc
 297              	.LFE191:
 298              		.size	_dbg_check_lock_from_isr, .-_dbg_check_lock_from_isr
 299              		.section	.rodata._dbg_check_unlock_from_isr.str1.4,"aMS",%progbits,1
 300              		.align	2
 301              	.LC6:
 302 0000 53562337 		.ascii	"SV#7\000"
 302      00
 303              		.section	.text._dbg_check_unlock_from_isr,"ax",%progbits
 304              		.align	1
 305              		.p2align 4,,15
 306              		.global	_dbg_check_unlock_from_isr
 307              		.syntax unified
 308              		.thumb
 309              		.thumb_func
 310              		.type	_dbg_check_unlock_from_isr, %function
 311              	_dbg_check_unlock_from_isr:
 312              	.LFB192:
 313              		.loc 1 189 39 is_stmt 1 view -0
 314              		.cfi_startproc
 315              		@ args = 0, pretend = 0, frame = 0
 316              		@ frame_needed = 0, uses_anonymous_args = 0
 317              		.loc 1 191 3 view .LVU47
 318              		.loc 1 189 39 is_stmt 0 view .LVU48
 319 0000 10B5     		push	{r4, lr}
 320              		.cfi_def_cfa_offset 8
 321              		.cfi_offset 4, -8
 322              		.cfi_offset 14, -4
 323              		.loc 1 191 14 view .LVU49
 324 0002 084C     		ldr	r4, .L44
 325              		.loc 1 191 6 view .LVU50
 326 0004 236B     		ldr	r3, [r4, #48]
 327 0006 002B     		cmp	r3, #0
 328 0008 05DD     		ble	.L41
 329              		.loc 1 191 36 discriminator 1 view .LVU51
 330 000a 636B     		ldr	r3, [r4, #52]
 331 000c 002B     		cmp	r3, #0
 332 000e 02DD     		ble	.L41
 333              		.loc 1 194 3 is_stmt 1 view .LVU52
 334 0010 0023     		movs	r3, #0
 335 0012 6363     		str	r3, [r4, #52]
ARM GAS  /tmp/ccStDKnV.s 			page 7


 336              		.loc 1 195 1 is_stmt 0 view .LVU53
 337 0014 10BD     		pop	{r4, pc}
 338              	.L41:
 339              		.loc 1 192 5 is_stmt 1 view .LVU54
 340 0016 0448     		ldr	r0, .L44+4
 341 0018 FFF7FEFF 		bl	chSysHalt
 342              	.LVL6:
 343              		.loc 1 194 3 view .LVU55
 344 001c 0023     		movs	r3, #0
 345 001e 6363     		str	r3, [r4, #52]
 346              		.loc 1 195 1 is_stmt 0 view .LVU56
 347 0020 10BD     		pop	{r4, pc}
 348              	.L45:
 349 0022 00BF     		.align	2
 350              	.L44:
 351 0024 00000000 		.word	ch
 352 0028 00000000 		.word	.LC6
 353              		.cfi_endproc
 354              	.LFE192:
 355              		.size	_dbg_check_unlock_from_isr, .-_dbg_check_unlock_from_isr
 356              		.section	.rodata._dbg_check_enter_isr.str1.4,"aMS",%progbits,1
 357              		.align	2
 358              	.LC7:
 359 0000 53562338 		.ascii	"SV#8\000"
 359      00
 360              		.section	.text._dbg_check_enter_isr,"ax",%progbits
 361              		.align	1
 362              		.p2align 4,,15
 363              		.global	_dbg_check_enter_isr
 364              		.syntax unified
 365              		.thumb
 366              		.thumb_func
 367              		.type	_dbg_check_enter_isr, %function
 368              	_dbg_check_enter_isr:
 369              	.LFB193:
 370              		.loc 1 202 33 is_stmt 1 view -0
 371              		.cfi_startproc
 372              		@ args = 0, pretend = 0, frame = 0
 373              		@ frame_needed = 0, uses_anonymous_args = 0
 374              		.loc 1 204 3 view .LVU58
 375              	.LBB34:
 376              	.LBI34:
 377              		.file 2 "../RC_Controller/ChibiOS_3.0.5/os/rt/ports/ARMCMx/chcore_v7m.h"
 378              		.loc 2 473 20 view .LVU59
 379              		.loc 2 475 3 view .LVU60
 380              	.LBB35:
 381              	.LBI35:
 382              		.loc 2 444 20 view .LVU61
 383              		.loc 2 447 3 view .LVU62
 384              	.LVL7:
 385              	.LBB36:
 386              	.LBI36:
 387              		.file 3 "../RC_Controller/ChibiOS_3.0.5/os/ext/CMSIS/include/core_cmFunc.h"
 388              		.loc 3 544 57 view .LVU63
 389              	.LBB37:
 390              		.loc 3 546 3 view .LVU64
 391              	.LBE37:
ARM GAS  /tmp/ccStDKnV.s 			page 8


 392              	.LBE36:
 393              	.LBE35:
 394              	.LBE34:
 395              		.loc 1 202 33 is_stmt 0 view .LVU65
 396 0000 10B5     		push	{r4, lr}
 397              		.cfi_def_cfa_offset 8
 398              		.cfi_offset 4, -8
 399              		.cfi_offset 14, -4
 400              	.LBB41:
 401              	.LBB40:
 402              	.LBB39:
 403              	.LBB38:
 404              		.loc 3 546 3 view .LVU66
 405 0002 2023     		movs	r3, #32
 406              		.syntax unified
 407              	@ 546 "../RC_Controller/ChibiOS_3.0.5/os/ext/CMSIS/include/core_cmFunc.h" 1
 408 0004 83F31188 		MSR basepri, r3
 409              	@ 0 "" 2
 410              	.LVL8:
 411              		.loc 3 546 3 view .LVU67
 412              		.thumb
 413              		.syntax unified
 414              	.LBE38:
 415              	.LBE39:
 416              	.LBE40:
 417              	.LBE41:
 418              		.loc 1 205 3 is_stmt 1 view .LVU68
 419              		.loc 1 205 14 is_stmt 0 view .LVU69
 420 0008 074C     		ldr	r4, .L53
 421 000a 236B     		ldr	r3, [r4, #48]
 422              		.loc 1 205 6 view .LVU70
 423 000c 002B     		cmp	r3, #0
 424 000e 01DB     		blt	.L47
 425              		.loc 1 205 35 discriminator 1 view .LVU71
 426 0010 626B     		ldr	r2, [r4, #52]
 427 0012 1AB1     		cbz	r2, .L48
 428              	.L47:
 429              		.loc 1 206 5 is_stmt 1 view .LVU72
 430 0014 0548     		ldr	r0, .L53+4
 431 0016 FFF7FEFF 		bl	chSysHalt
 432              	.LVL9:
 433              		.loc 1 208 9 is_stmt 0 view .LVU73
 434 001a 236B     		ldr	r3, [r4, #48]
 435              	.L48:
 436              		.loc 1 208 3 is_stmt 1 view .LVU74
 437              		.loc 1 208 17 is_stmt 0 view .LVU75
 438 001c 0133     		adds	r3, r3, #1
 439 001e 2363     		str	r3, [r4, #48]
 440              		.loc 1 209 3 is_stmt 1 view .LVU76
 441              	.LBB42:
 442              	.LBI42:
 443              		.loc 2 484 20 view .LVU77
 444              		.loc 2 486 3 view .LVU78
 445              	.LBB43:
 446              	.LBI43:
 447              		.loc 2 458 20 view .LVU79
 448              		.loc 2 461 3 view .LVU80
ARM GAS  /tmp/ccStDKnV.s 			page 9


 449              	.LVL10:
 450              	.LBB44:
 451              	.LBI44:
 452              		.loc 3 544 57 view .LVU81
 453              	.LBB45:
 454              		.loc 3 546 3 view .LVU82
 455 0020 0023     		movs	r3, #0
 456              		.syntax unified
 457              	@ 546 "../RC_Controller/ChibiOS_3.0.5/os/ext/CMSIS/include/core_cmFunc.h" 1
 458 0022 83F31188 		MSR basepri, r3
 459              	@ 0 "" 2
 460              	.LVL11:
 461              		.loc 3 546 3 is_stmt 0 view .LVU83
 462              		.thumb
 463              		.syntax unified
 464              	.LBE45:
 465              	.LBE44:
 466              	.LBE43:
 467              	.LBE42:
 468              		.loc 1 210 1 view .LVU84
 469 0026 10BD     		pop	{r4, pc}
 470              	.L54:
 471              		.align	2
 472              	.L53:
 473 0028 00000000 		.word	ch
 474 002c 00000000 		.word	.LC7
 475              		.cfi_endproc
 476              	.LFE193:
 477              		.size	_dbg_check_enter_isr, .-_dbg_check_enter_isr
 478              		.section	.rodata._dbg_check_leave_isr.str1.4,"aMS",%progbits,1
 479              		.align	2
 480              	.LC8:
 481 0000 53562339 		.ascii	"SV#9\000"
 481      00
 482              		.section	.text._dbg_check_leave_isr,"ax",%progbits
 483              		.align	1
 484              		.p2align 4,,15
 485              		.global	_dbg_check_leave_isr
 486              		.syntax unified
 487              		.thumb
 488              		.thumb_func
 489              		.type	_dbg_check_leave_isr, %function
 490              	_dbg_check_leave_isr:
 491              	.LFB194:
 492              		.loc 1 217 33 is_stmt 1 view -0
 493              		.cfi_startproc
 494              		@ args = 0, pretend = 0, frame = 0
 495              		@ frame_needed = 0, uses_anonymous_args = 0
 496              		.loc 1 219 3 view .LVU86
 497              	.LBB46:
 498              	.LBI46:
 499              		.loc 2 473 20 view .LVU87
 500              		.loc 2 475 3 view .LVU88
 501              	.LBB47:
 502              	.LBI47:
 503              		.loc 2 444 20 view .LVU89
 504              		.loc 2 447 3 view .LVU90
ARM GAS  /tmp/ccStDKnV.s 			page 10


 505              	.LVL12:
 506              	.LBB48:
 507              	.LBI48:
 508              		.loc 3 544 57 view .LVU91
 509              	.LBB49:
 510              		.loc 3 546 3 view .LVU92
 511              	.LBE49:
 512              	.LBE48:
 513              	.LBE47:
 514              	.LBE46:
 515              		.loc 1 217 33 is_stmt 0 view .LVU93
 516 0000 10B5     		push	{r4, lr}
 517              		.cfi_def_cfa_offset 8
 518              		.cfi_offset 4, -8
 519              		.cfi_offset 14, -4
 520              	.LBB53:
 521              	.LBB52:
 522              	.LBB51:
 523              	.LBB50:
 524              		.loc 3 546 3 view .LVU94
 525 0002 2023     		movs	r3, #32
 526              		.syntax unified
 527              	@ 546 "../RC_Controller/ChibiOS_3.0.5/os/ext/CMSIS/include/core_cmFunc.h" 1
 528 0004 83F31188 		MSR basepri, r3
 529              	@ 0 "" 2
 530              	.LVL13:
 531              		.loc 3 546 3 view .LVU95
 532              		.thumb
 533              		.syntax unified
 534              	.LBE50:
 535              	.LBE51:
 536              	.LBE52:
 537              	.LBE53:
 538              		.loc 1 220 3 is_stmt 1 view .LVU96
 539              		.loc 1 220 14 is_stmt 0 view .LVU97
 540 0008 074C     		ldr	r4, .L62
 541 000a 236B     		ldr	r3, [r4, #48]
 542              		.loc 1 220 6 view .LVU98
 543 000c 002B     		cmp	r3, #0
 544 000e 01DD     		ble	.L56
 545              		.loc 1 220 36 discriminator 1 view .LVU99
 546 0010 626B     		ldr	r2, [r4, #52]
 547 0012 1AB1     		cbz	r2, .L57
 548              	.L56:
 549              		.loc 1 221 5 is_stmt 1 view .LVU100
 550 0014 0548     		ldr	r0, .L62+4
 551 0016 FFF7FEFF 		bl	chSysHalt
 552              	.LVL14:
 553              		.loc 1 223 9 is_stmt 0 view .LVU101
 554 001a 236B     		ldr	r3, [r4, #48]
 555              	.L57:
 556              		.loc 1 223 3 is_stmt 1 view .LVU102
 557              		.loc 1 223 17 is_stmt 0 view .LVU103
 558 001c 013B     		subs	r3, r3, #1
 559 001e 2363     		str	r3, [r4, #48]
 560              		.loc 1 224 3 is_stmt 1 view .LVU104
 561              	.LBB54:
ARM GAS  /tmp/ccStDKnV.s 			page 11


 562              	.LBI54:
 563              		.loc 2 484 20 view .LVU105
 564              		.loc 2 486 3 view .LVU106
 565              	.LBB55:
 566              	.LBI55:
 567              		.loc 2 458 20 view .LVU107
 568              		.loc 2 461 3 view .LVU108
 569              	.LVL15:
 570              	.LBB56:
 571              	.LBI56:
 572              		.loc 3 544 57 view .LVU109
 573              	.LBB57:
 574              		.loc 3 546 3 view .LVU110
 575 0020 0023     		movs	r3, #0
 576              		.syntax unified
 577              	@ 546 "../RC_Controller/ChibiOS_3.0.5/os/ext/CMSIS/include/core_cmFunc.h" 1
 578 0022 83F31188 		MSR basepri, r3
 579              	@ 0 "" 2
 580              	.LVL16:
 581              		.loc 3 546 3 is_stmt 0 view .LVU111
 582              		.thumb
 583              		.syntax unified
 584              	.LBE57:
 585              	.LBE56:
 586              	.LBE55:
 587              	.LBE54:
 588              		.loc 1 225 1 view .LVU112
 589 0026 10BD     		pop	{r4, pc}
 590              	.L63:
 591              		.align	2
 592              	.L62:
 593 0028 00000000 		.word	ch
 594 002c 00000000 		.word	.LC8
 595              		.cfi_endproc
 596              	.LFE194:
 597              		.size	_dbg_check_leave_isr, .-_dbg_check_leave_isr
 598              		.section	.rodata.chDbgCheckClassI.str1.4,"aMS",%progbits,1
 599              		.align	2
 600              	.LC9:
 601 0000 53562331 		.ascii	"SV#10\000"
 601      3000
 602              		.section	.text.chDbgCheckClassI,"ax",%progbits
 603              		.align	1
 604              		.p2align 4,,15
 605              		.global	chDbgCheckClassI
 606              		.syntax unified
 607              		.thumb
 608              		.thumb_func
 609              		.type	chDbgCheckClassI, %function
 610              	chDbgCheckClassI:
 611              	.LFB195:
 612              		.loc 1 235 29 is_stmt 1 view -0
 613              		.cfi_startproc
 614              		@ args = 0, pretend = 0, frame = 0
 615              		@ frame_needed = 0, uses_anonymous_args = 0
 616              		@ link register save eliminated.
 617              		.loc 1 237 3 view .LVU114
ARM GAS  /tmp/ccStDKnV.s 			page 12


 618              		.loc 1 237 14 is_stmt 0 view .LVU115
 619 0000 054B     		ldr	r3, .L67
 620              		.loc 1 237 6 view .LVU116
 621 0002 1A6B     		ldr	r2, [r3, #48]
 622 0004 002A     		cmp	r2, #0
 623 0006 03DB     		blt	.L65
 624              		.loc 1 237 35 discriminator 1 view .LVU117
 625 0008 5B6B     		ldr	r3, [r3, #52]
 626 000a 002B     		cmp	r3, #0
 627 000c 00DD     		ble	.L65
 628              		.loc 1 240 1 view .LVU118
 629 000e 7047     		bx	lr
 630              	.L65:
 631              		.loc 1 238 5 is_stmt 1 view .LVU119
 632 0010 0248     		ldr	r0, .L67+4
 633 0012 FFF7FEBF 		b	chSysHalt
 634              	.LVL17:
 635              	.L68:
 636 0016 00BF     		.align	2
 637              	.L67:
 638 0018 00000000 		.word	ch
 639 001c 00000000 		.word	.LC9
 640              		.cfi_endproc
 641              	.LFE195:
 642              		.size	chDbgCheckClassI, .-chDbgCheckClassI
 643              		.section	.rodata.chDbgCheckClassS.str1.4,"aMS",%progbits,1
 644              		.align	2
 645              	.LC10:
 646 0000 53562331 		.ascii	"SV#11\000"
 646      3100
 647              		.section	.text.chDbgCheckClassS,"ax",%progbits
 648              		.align	1
 649              		.p2align 4,,15
 650              		.global	chDbgCheckClassS
 651              		.syntax unified
 652              		.thumb
 653              		.thumb_func
 654              		.type	chDbgCheckClassS, %function
 655              	chDbgCheckClassS:
 656              	.LFB196:
 657              		.loc 1 250 29 view -0
 658              		.cfi_startproc
 659              		@ args = 0, pretend = 0, frame = 0
 660              		@ frame_needed = 0, uses_anonymous_args = 0
 661              		@ link register save eliminated.
 662              		.loc 1 252 3 view .LVU121
 663              		.loc 1 252 14 is_stmt 0 view .LVU122
 664 0000 044B     		ldr	r3, .L72
 665              		.loc 1 252 6 view .LVU123
 666 0002 1A6B     		ldr	r2, [r3, #48]
 667 0004 1AB9     		cbnz	r2, .L70
 668              		.loc 1 252 36 discriminator 1 view .LVU124
 669 0006 5B6B     		ldr	r3, [r3, #52]
 670 0008 002B     		cmp	r3, #0
 671 000a 00DD     		ble	.L70
 672              		.loc 1 255 1 view .LVU125
 673 000c 7047     		bx	lr
ARM GAS  /tmp/ccStDKnV.s 			page 13


 674              	.L70:
 675              		.loc 1 253 5 is_stmt 1 view .LVU126
 676 000e 0248     		ldr	r0, .L72+4
 677 0010 FFF7FEBF 		b	chSysHalt
 678              	.LVL18:
 679              	.L73:
 680              		.align	2
 681              	.L72:
 682 0014 00000000 		.word	ch
 683 0018 00000000 		.word	.LC10
 684              		.cfi_endproc
 685              	.LFE196:
 686              		.size	chDbgCheckClassS, .-chDbgCheckClassS
 687              		.text
 688              	.Letext0:
 689              		.file 4 "/opt/arm-gnu-toolchain-13.2.Rel1-x86_64-arm-none-eabi/arm-none-eabi/include/machine/_defa
 690              		.file 5 "/opt/arm-gnu-toolchain-13.2.Rel1-x86_64-arm-none-eabi/arm-none-eabi/include/sys/_stdint.h
 691              		.file 6 "../RC_Controller/ChibiOS_3.0.5/os/rt/ports/ARMCMx/compilers/GCC/chtypes.h"
 692              		.file 7 "../RC_Controller/ChibiOS_3.0.5/os/rt/include/chsystypes.h"
 693              		.file 8 "../RC_Controller/ChibiOS_3.0.5/os/rt/include/chschd.h"
 694              		.file 9 "../RC_Controller/ChibiOS_3.0.5/os/rt/ports/ARMCMx/chcore.h"
 695              		.file 10 "../RC_Controller/ChibiOS_3.0.5/os/rt/include/chtm.h"
 696              		.file 11 "../RC_Controller/ChibiOS_3.0.5/os/rt/include/chsem.h"
 697              		.file 12 "../RC_Controller/ChibiOS_3.0.5/os/rt/include/chmtx.h"
 698              		.file 13 "../RC_Controller/ChibiOS_3.0.5/os/rt/include/chsys.h"
 699              		.section	.debug_info,"",%progbits
 700              	.Ldebug_info0:
 701 0000 ED090000 		.4byte	0x9ed
 702 0004 0500     		.2byte	0x5
 703 0006 01       		.byte	0x1
 704 0007 04       		.byte	0x4
 705 0008 00000000 		.4byte	.Ldebug_abbrev0
 706 000c 17       		.uleb128 0x17
 707 000d E9000000 		.4byte	.LASF108
 708 0011 0C       		.byte	0xc
 709 0012 13000000 		.4byte	.LASF109
 710 0016 43020000 		.4byte	.LASF110
 711 001a 24000000 		.4byte	.LLRL6
 712 001e 00000000 		.4byte	0
 713 0022 00000000 		.4byte	.Ldebug_line0
 714 0026 18       		.uleb128 0x18
 715 0027 04       		.byte	0x4
 716 0028 05       		.byte	0x5
 717 0029 696E7400 		.ascii	"int\000"
 718 002d 08       		.uleb128 0x8
 719 002e 04       		.byte	0x4
 720 002f 07       		.byte	0x7
 721 0030 08030000 		.4byte	.LASF0
 722 0034 08       		.uleb128 0x8
 723 0035 01       		.byte	0x1
 724 0036 06       		.byte	0x6
 725 0037 12020000 		.4byte	.LASF1
 726 003b 01       		.uleb128 0x1
 727 003c 4F000000 		.4byte	.LASF5
 728 0040 04       		.byte	0x4
 729 0041 2B       		.byte	0x2b
 730 0042 18       		.byte	0x18
ARM GAS  /tmp/ccStDKnV.s 			page 14


 731 0043 47000000 		.4byte	0x47
 732 0047 08       		.uleb128 0x8
 733 0048 01       		.byte	0x1
 734 0049 08       		.byte	0x8
 735 004a BC040000 		.4byte	.LASF2
 736 004e 08       		.uleb128 0x8
 737 004f 02       		.byte	0x2
 738 0050 05       		.byte	0x5
 739 0051 D4040000 		.4byte	.LASF3
 740 0055 08       		.uleb128 0x8
 741 0056 02       		.byte	0x2
 742 0057 07       		.byte	0x7
 743 0058 3F030000 		.4byte	.LASF4
 744 005c 01       		.uleb128 0x1
 745 005d A6030000 		.4byte	.LASF6
 746 0061 04       		.byte	0x4
 747 0062 4D       		.byte	0x4d
 748 0063 18       		.byte	0x18
 749 0064 68000000 		.4byte	0x68
 750 0068 08       		.uleb128 0x8
 751 0069 04       		.byte	0x4
 752 006a 05       		.byte	0x5
 753 006b 9B020000 		.4byte	.LASF7
 754 006f 01       		.uleb128 0x1
 755 0070 AE050000 		.4byte	.LASF8
 756 0074 04       		.byte	0x4
 757 0075 4F       		.byte	0x4f
 758 0076 19       		.byte	0x19
 759 0077 7B000000 		.4byte	0x7b
 760 007b 08       		.uleb128 0x8
 761 007c 04       		.byte	0x4
 762 007d 07       		.byte	0x7
 763 007e 54050000 		.4byte	.LASF9
 764 0082 08       		.uleb128 0x8
 765 0083 08       		.byte	0x8
 766 0084 05       		.byte	0x5
 767 0085 D6020000 		.4byte	.LASF10
 768 0089 01       		.uleb128 0x1
 769 008a 67040000 		.4byte	.LASF11
 770 008e 04       		.byte	0x4
 771 008f 69       		.byte	0x69
 772 0090 19       		.byte	0x19
 773 0091 95000000 		.4byte	0x95
 774 0095 08       		.uleb128 0x8
 775 0096 08       		.byte	0x8
 776 0097 07       		.byte	0x7
 777 0098 88000000 		.4byte	.LASF12
 778 009c 01       		.uleb128 0x1
 779 009d 3C060000 		.4byte	.LASF13
 780 00a1 05       		.byte	0x5
 781 00a2 18       		.byte	0x18
 782 00a3 13       		.byte	0x13
 783 00a4 3B000000 		.4byte	0x3b
 784 00a8 01       		.uleb128 0x1
 785 00a9 B4040000 		.4byte	.LASF14
 786 00ad 05       		.byte	0x5
 787 00ae 2C       		.byte	0x2c
ARM GAS  /tmp/ccStDKnV.s 			page 15


 788 00af 13       		.byte	0x13
 789 00b0 5C000000 		.4byte	0x5c
 790 00b4 01       		.uleb128 0x1
 791 00b5 33050000 		.4byte	.LASF15
 792 00b9 05       		.byte	0x5
 793 00ba 30       		.byte	0x30
 794 00bb 14       		.byte	0x14
 795 00bc 6F000000 		.4byte	0x6f
 796 00c0 01       		.uleb128 0x1
 797 00c1 46000000 		.4byte	.LASF16
 798 00c5 05       		.byte	0x5
 799 00c6 3C       		.byte	0x3c
 800 00c7 14       		.byte	0x14
 801 00c8 89000000 		.4byte	0x89
 802 00cc 01       		.uleb128 0x1
 803 00cd CE030000 		.4byte	.LASF17
 804 00d1 06       		.byte	0x6
 805 00d2 45       		.byte	0x45
 806 00d3 1D       		.byte	0x1d
 807 00d4 B4000000 		.4byte	0xb4
 808 00d8 01       		.uleb128 0x1
 809 00d9 7F030000 		.4byte	.LASF18
 810 00dd 06       		.byte	0x6
 811 00de 48       		.byte	0x48
 812 00df 1D       		.byte	0x1d
 813 00e0 9C000000 		.4byte	0x9c
 814 00e4 01       		.uleb128 0x1
 815 00e5 A4020000 		.4byte	.LASF19
 816 00e9 06       		.byte	0x6
 817 00ea 49       		.byte	0x49
 818 00eb 1D       		.byte	0x1d
 819 00ec 9C000000 		.4byte	0x9c
 820 00f0 01       		.uleb128 0x1
 821 00f1 39020000 		.4byte	.LASF20
 822 00f5 06       		.byte	0x6
 823 00f6 4B       		.byte	0x4b
 824 00f7 1D       		.byte	0x1d
 825 00f8 9C000000 		.4byte	0x9c
 826 00fc 01       		.uleb128 0x1
 827 00fd 9C040000 		.4byte	.LASF21
 828 0101 06       		.byte	0x6
 829 0102 4C       		.byte	0x4c
 830 0103 1D       		.byte	0x1d
 831 0104 B4000000 		.4byte	0xb4
 832 0108 01       		.uleb128 0x1
 833 0109 5C030000 		.4byte	.LASF22
 834 010d 06       		.byte	0x6
 835 010e 4D       		.byte	0x4d
 836 010f 1D       		.byte	0x1d
 837 0110 A8000000 		.4byte	0xa8
 838 0114 01       		.uleb128 0x1
 839 0115 02030000 		.4byte	.LASF23
 840 0119 06       		.byte	0x6
 841 011a 51       		.byte	0x51
 842 011b 1D       		.byte	0x1d
 843 011c A8000000 		.4byte	0xa8
 844 0120 01       		.uleb128 0x1
ARM GAS  /tmp/ccStDKnV.s 			page 16


 845 0121 90050000 		.4byte	.LASF24
 846 0125 07       		.byte	0x7
 847 0126 33       		.byte	0x33
 848 0127 12       		.byte	0x12
 849 0128 B4000000 		.4byte	0xb4
 850 012c 13       		.uleb128 0x13
 851 012d 20010000 		.4byte	0x120
 852 0131 01       		.uleb128 0x1
 853 0132 80050000 		.4byte	.LASF25
 854 0136 07       		.byte	0x7
 855 0137 3F       		.byte	0x3f
 856 0138 1A       		.byte	0x1a
 857 0139 3D010000 		.4byte	0x13d
 858 013d 0A       		.uleb128 0xa
 859 013e 52030000 		.4byte	.LASF40
 860 0142 2C       		.byte	0x2c
 861 0143 08       		.byte	0x8
 862 0144 C2       		.byte	0xc2
 863 0145 08       		.byte	0x8
 864 0146 F5010000 		.4byte	0x1f5
 865 014a 03       		.uleb128 0x3
 866 014b FF040000 		.4byte	.LASF26
 867 014f 08       		.byte	0x8
 868 0150 C3       		.byte	0xc3
 869 0151 1A       		.byte	0x1a
 870 0152 01020000 		.4byte	0x201
 871 0156 00       		.byte	0
 872 0157 03       		.uleb128 0x3
 873 0158 95040000 		.4byte	.LASF27
 874 015c 08       		.byte	0x8
 875 015d C5       		.byte	0xc5
 876 015e 1A       		.byte	0x1a
 877 015f 01020000 		.4byte	0x201
 878 0163 04       		.byte	0x4
 879 0164 03       		.uleb128 0x3
 880 0165 DA000000 		.4byte	.LASF28
 881 0169 08       		.byte	0x8
 882 016a C7       		.byte	0xc7
 883 016b 19       		.byte	0x19
 884 016c FC000000 		.4byte	0xfc
 885 0170 08       		.byte	0x8
 886 0171 03       		.uleb128 0x3
 887 0172 77060000 		.4byte	.LASF29
 888 0176 08       		.byte	0x8
 889 0177 C8       		.byte	0xc8
 890 0178 19       		.byte	0x19
 891 0179 29040000 		.4byte	0x429
 892 017d 0C       		.byte	0xc
 893 017e 03       		.uleb128 0x3
 894 017f AD020000 		.4byte	.LASF30
 895 0183 08       		.byte	0x8
 896 0184 CA       		.byte	0xca
 897 0185 1A       		.byte	0x1a
 898 0186 01020000 		.4byte	0x201
 899 018a 10       		.byte	0x10
 900 018b 03       		.uleb128 0x3
 901 018c F0040000 		.4byte	.LASF31
ARM GAS  /tmp/ccStDKnV.s 			page 17


 902 0190 08       		.byte	0x8
 903 0191 CB       		.byte	0xcb
 904 0192 1A       		.byte	0x1a
 905 0193 01020000 		.4byte	0x201
 906 0197 14       		.byte	0x14
 907 0198 03       		.uleb128 0x3
 908 0199 5D060000 		.4byte	.LASF32
 909 019d 08       		.byte	0x8
 910 019e D2       		.byte	0xd2
 911 019f 1A       		.byte	0x1a
 912 01a0 85060000 		.4byte	0x685
 913 01a4 18       		.byte	0x18
 914 01a5 03       		.uleb128 0x3
 915 01a6 DE040000 		.4byte	.LASF33
 916 01aa 08       		.byte	0x8
 917 01ab DD       		.byte	0xdd
 918 01ac 19       		.byte	0x19
 919 01ad E4000000 		.4byte	0xe4
 920 01b1 1C       		.byte	0x1c
 921 01b2 03       		.uleb128 0x3
 922 01b3 06050000 		.4byte	.LASF34
 923 01b7 08       		.byte	0x8
 924 01b8 E1       		.byte	0xe1
 925 01b9 19       		.byte	0x19
 926 01ba D8000000 		.4byte	0xd8
 927 01be 1D       		.byte	0x1d
 928 01bf 03       		.uleb128 0x3
 929 01c0 E6040000 		.4byte	.LASF35
 930 01c4 08       		.byte	0x8
 931 01c5 EC       		.byte	0xec
 932 01c6 19       		.byte	0x19
 933 01c7 F0000000 		.4byte	0xf0
 934 01cb 1E       		.byte	0x1e
 935 01cc 04       		.uleb128 0x4
 936 01cd 705F7500 		.ascii	"p_u\000"
 937 01d1 08       		.byte	0x8
 938 01d2 3101     		.2byte	0x131
 939 01d4 19       		.byte	0x19
 940 01d5 C7050000 		.4byte	0x5c7
 941 01d9 20       		.byte	0x20
 942 01da 02       		.uleb128 0x2
 943 01db CA040000 		.4byte	.LASF36
 944 01df 4D01     		.2byte	0x14d
 945 01e1 1A       		.byte	0x1a
 946 01e2 80060000 		.4byte	0x680
 947 01e6 24       		.byte	0x24
 948 01e7 02       		.uleb128 0x2
 949 01e8 9A050000 		.4byte	.LASF37
 950 01ec 5101     		.2byte	0x151
 951 01ee 19       		.byte	0x19
 952 01ef FC000000 		.4byte	0xfc
 953 01f3 28       		.byte	0x28
 954 01f4 00       		.byte	0
 955 01f5 01       		.uleb128 0x1
 956 01f6 D6030000 		.4byte	.LASF38
 957 01fa 07       		.byte	0x7
 958 01fb 44       		.byte	0x44
ARM GAS  /tmp/ccStDKnV.s 			page 18


 959 01fc 14       		.byte	0x14
 960 01fd 01020000 		.4byte	0x201
 961 0201 09       		.uleb128 0x9
 962 0202 31010000 		.4byte	0x131
 963 0206 01       		.uleb128 0x1
 964 0207 15060000 		.4byte	.LASF39
 965 020b 07       		.byte	0x7
 966 020c 50       		.byte	0x50
 967 020d 21       		.byte	0x21
 968 020e 12020000 		.4byte	0x212
 969 0212 0A       		.uleb128 0xa
 970 0213 C9000000 		.4byte	.LASF41
 971 0217 08       		.byte	0x8
 972 0218 08       		.byte	0x8
 973 0219 B7       		.byte	0xb7
 974 021a 08       		.byte	0x8
 975 021b 3A020000 		.4byte	0x23a
 976 021f 03       		.uleb128 0x3
 977 0220 FF040000 		.4byte	.LASF26
 978 0224 08       		.byte	0x8
 979 0225 B8       		.byte	0xb8
 980 0226 1A       		.byte	0x1a
 981 0227 01020000 		.4byte	0x201
 982 022b 00       		.byte	0
 983 022c 03       		.uleb128 0x3
 984 022d 95040000 		.4byte	.LASF27
 985 0231 08       		.byte	0x8
 986 0232 B9       		.byte	0xb9
 987 0233 1A       		.byte	0x1a
 988 0234 01020000 		.4byte	0x201
 989 0238 04       		.byte	0x4
 990 0239 00       		.byte	0
 991 023a 01       		.uleb128 0x1
 992 023b 00000000 		.4byte	.LASF42
 993 023f 07       		.byte	0x7
 994 0240 57       		.byte	0x57
 995 0241 1E       		.byte	0x1e
 996 0242 46020000 		.4byte	0x246
 997 0246 0E       		.uleb128 0xe
 998 0247 98030000 		.4byte	.LASF43
 999 024b 1C       		.byte	0x1c
 1000 024c 9001     		.2byte	0x190
 1001 024e A1020000 		.4byte	0x2a1
 1002 0252 02       		.uleb128 0x2
 1003 0253 43050000 		.4byte	.LASF44
 1004 0257 9101     		.2byte	0x191
 1005 0259 19       		.byte	0x19
 1006 025a 06020000 		.4byte	0x206
 1007 025e 00       		.byte	0
 1008 025f 02       		.uleb128 0x2
 1009 0260 F8040000 		.4byte	.LASF45
 1010 0264 9201     		.2byte	0x192
 1011 0266 19       		.byte	0x19
 1012 0267 FC000000 		.4byte	0xfc
 1013 026b 08       		.byte	0x8
 1014 026c 02       		.uleb128 0x2
 1015 026d 25040000 		.4byte	.LASF46
ARM GAS  /tmp/ccStDKnV.s 			page 19


 1016 0271 9401     		.2byte	0x194
 1017 0273 19       		.byte	0x19
 1018 0274 29040000 		.4byte	0x429
 1019 0278 0C       		.byte	0xc
 1020 0279 02       		.uleb128 0x2
 1021 027a BD020000 		.4byte	.LASF47
 1022 027e 9701     		.2byte	0x197
 1023 0280 1A       		.byte	0x1a
 1024 0281 01020000 		.4byte	0x201
 1025 0285 10       		.byte	0x10
 1026 0286 02       		.uleb128 0x2
 1027 0287 46040000 		.4byte	.LASF48
 1028 028b 9801     		.2byte	0x198
 1029 028d 1A       		.byte	0x1a
 1030 028e 01020000 		.4byte	0x201
 1031 0292 14       		.byte	0x14
 1032 0293 02       		.uleb128 0x2
 1033 0294 3C040000 		.4byte	.LASF49
 1034 0298 9B01     		.2byte	0x19b
 1035 029a 1A       		.byte	0x1a
 1036 029b 01020000 		.4byte	0x201
 1037 029f 18       		.byte	0x18
 1038 02a0 00       		.byte	0
 1039 02a1 01       		.uleb128 0x1
 1040 02a2 A5050000 		.4byte	.LASF50
 1041 02a6 07       		.byte	0x7
 1042 02a7 5C       		.byte	0x5c
 1043 02a8 10       		.byte	0x10
 1044 02a9 AD020000 		.4byte	0x2ad
 1045 02ad 09       		.uleb128 0x9
 1046 02ae B2020000 		.4byte	0x2b2
 1047 02b2 19       		.uleb128 0x19
 1048 02b3 BD020000 		.4byte	0x2bd
 1049 02b7 14       		.uleb128 0x14
 1050 02b8 BD020000 		.4byte	0x2bd
 1051 02bc 00       		.byte	0
 1052 02bd 1A       		.uleb128 0x1a
 1053 02be 04       		.byte	0x4
 1054 02bf 01       		.uleb128 0x1
 1055 02c0 85040000 		.4byte	.LASF51
 1056 02c4 07       		.byte	0x7
 1057 02c5 61       		.byte	0x61
 1058 02c6 21       		.byte	0x21
 1059 02c7 CB020000 		.4byte	0x2cb
 1060 02cb 0E       		.uleb128 0xe
 1061 02cc 15050000 		.4byte	.LASF52
 1062 02d0 14       		.byte	0x14
 1063 02d1 6B01     		.2byte	0x16b
 1064 02d3 19030000 		.4byte	0x319
 1065 02d7 02       		.uleb128 0x2
 1066 02d8 15030000 		.4byte	.LASF53
 1067 02dc 6C01     		.2byte	0x16c
 1068 02de 1A       		.byte	0x1a
 1069 02df 9B060000 		.4byte	0x69b
 1070 02e3 00       		.byte	0
 1071 02e4 02       		.uleb128 0x2
 1072 02e5 CE020000 		.4byte	.LASF54
ARM GAS  /tmp/ccStDKnV.s 			page 20


 1073 02e9 6D01     		.2byte	0x16d
 1074 02eb 1A       		.byte	0x1a
 1075 02ec 9B060000 		.4byte	0x69b
 1076 02f0 04       		.byte	0x4
 1077 02f1 02       		.uleb128 0x2
 1078 02f2 4B050000 		.4byte	.LASF55
 1079 02f6 6E01     		.2byte	0x16e
 1080 02f8 19       		.byte	0x19
 1081 02f9 20010000 		.4byte	0x120
 1082 02fd 08       		.byte	0x8
 1083 02fe 02       		.uleb128 0x2
 1084 02ff 7D060000 		.4byte	.LASF56
 1085 0303 6F01     		.2byte	0x16f
 1086 0305 19       		.byte	0x19
 1087 0306 A1020000 		.4byte	0x2a1
 1088 030a 0C       		.byte	0xc
 1089 030b 02       		.uleb128 0x2
 1090 030c F3050000 		.4byte	.LASF57
 1091 0310 7101     		.2byte	0x171
 1092 0312 1A       		.byte	0x1a
 1093 0313 BD020000 		.4byte	0x2bd
 1094 0317 10       		.byte	0x10
 1095 0318 00       		.byte	0
 1096 0319 01       		.uleb128 0x1
 1097 031a B3000000 		.4byte	.LASF58
 1098 031e 07       		.byte	0x7
 1099 031f 66       		.byte	0x66
 1100 0320 28       		.byte	0x28
 1101 0321 25030000 		.4byte	0x325
 1102 0325 0E       		.uleb128 0xe
 1103 0326 F9030000 		.4byte	.LASF59
 1104 032a 10       		.byte	0x10
 1105 032b 7B01     		.2byte	0x17b
 1106 032d 66030000 		.4byte	0x366
 1107 0331 02       		.uleb128 0x2
 1108 0332 15030000 		.4byte	.LASF53
 1109 0336 7C01     		.2byte	0x17c
 1110 0338 1A       		.byte	0x1a
 1111 0339 9B060000 		.4byte	0x69b
 1112 033d 00       		.byte	0
 1113 033e 02       		.uleb128 0x2
 1114 033f CE020000 		.4byte	.LASF54
 1115 0343 7E01     		.2byte	0x17e
 1116 0345 1A       		.byte	0x1a
 1117 0346 9B060000 		.4byte	0x69b
 1118 034a 04       		.byte	0x4
 1119 034b 02       		.uleb128 0x2
 1120 034c 4B050000 		.4byte	.LASF55
 1121 0350 8001     		.2byte	0x180
 1122 0352 19       		.byte	0x19
 1123 0353 20010000 		.4byte	0x120
 1124 0357 08       		.byte	0x8
 1125 0358 02       		.uleb128 0x2
 1126 0359 64060000 		.4byte	.LASF60
 1127 035d 8201     		.2byte	0x182
 1128 035f 19       		.byte	0x19
 1129 0360 2C010000 		.4byte	0x12c
ARM GAS  /tmp/ccStDKnV.s 			page 21


 1130 0364 0C       		.byte	0xc
 1131 0365 00       		.byte	0
 1132 0366 01       		.uleb128 0x1
 1133 0367 65000000 		.4byte	.LASF61
 1134 036b 07       		.byte	0x7
 1135 036c 6B       		.byte	0x6b
 1136 036d 20       		.byte	0x20
 1137 036e 72030000 		.4byte	0x372
 1138 0372 0E       		.uleb128 0xe
 1139 0373 A4040000 		.4byte	.LASF62
 1140 0377 0C       		.byte	0xc
 1141 0378 A201     		.2byte	0x1a2
 1142 037a A6030000 		.4byte	0x3a6
 1143 037e 02       		.uleb128 0x2
 1144 037f C7050000 		.4byte	.LASF63
 1145 0383 AA01     		.2byte	0x1aa
 1146 0385 24       		.byte	0x24
 1147 0386 8A060000 		.4byte	0x68a
 1148 038a 00       		.byte	0
 1149 038b 02       		.uleb128 0x2
 1150 038c 2E060000 		.4byte	.LASF64
 1151 0390 AF01     		.2byte	0x1af
 1152 0392 19       		.byte	0x19
 1153 0393 14010000 		.4byte	0x114
 1154 0397 04       		.byte	0x4
 1155 0398 02       		.uleb128 0x2
 1156 0399 EA020000 		.4byte	.LASF65
 1157 039d B301     		.2byte	0x1b3
 1158 039f 19       		.byte	0x19
 1159 03a0 14010000 		.4byte	0x114
 1160 03a4 08       		.byte	0x8
 1161 03a5 00       		.byte	0
 1162 03a6 01       		.uleb128 0x1
 1163 03a7 73030000 		.4byte	.LASF66
 1164 03ab 07       		.byte	0x7
 1165 03ac 70       		.byte	0x70
 1166 03ad 1A       		.byte	0x1a
 1167 03ae B2030000 		.4byte	0x3b2
 1168 03b2 1B       		.uleb128 0x1b
 1169 03b3 91020000 		.4byte	.LASF67
 1170 03b7 B001     		.2byte	0x1b0
 1171 03b9 08       		.byte	0x8
 1172 03ba C201     		.2byte	0x1c2
 1173 03bc 08       		.byte	0x8
 1174 03bd 11040000 		.4byte	0x411
 1175 03c1 02       		.uleb128 0x2
 1176 03c2 36060000 		.4byte	.LASF68
 1177 03c6 C601     		.2byte	0x1c6
 1178 03c8 19       		.byte	0x19
 1179 03c9 3A020000 		.4byte	0x23a
 1180 03cd 00       		.byte	0
 1181 03ce 02       		.uleb128 0x2
 1182 03cf 26020000 		.4byte	.LASF69
 1183 03d3 CA01     		.2byte	0x1ca
 1184 03d5 19       		.byte	0x19
 1185 03d6 19030000 		.4byte	0x319
 1186 03da 1C       		.byte	0x1c
ARM GAS  /tmp/ccStDKnV.s 			page 22


 1187 03db 04       		.uleb128 0x4
 1188 03dc 64626700 		.ascii	"dbg\000"
 1189 03e0 08       		.byte	0x8
 1190 03e1 CE01     		.2byte	0x1ce
 1191 03e3 19       		.byte	0x19
 1192 03e4 66030000 		.4byte	0x366
 1193 03e8 2C       		.byte	0x2c
 1194 03e9 02       		.uleb128 0x2
 1195 03ea A8000000 		.4byte	.LASF70
 1196 03ee D201     		.2byte	0x1d2
 1197 03f0 19       		.byte	0x19
 1198 03f1 31010000 		.4byte	0x131
 1199 03f5 38       		.byte	0x38
 1200 03f6 04       		.uleb128 0x4
 1201 03f7 746D00   		.ascii	"tm\000"
 1202 03fa 08       		.byte	0x8
 1203 03fb D701     		.2byte	0x1d7
 1204 03fd 19       		.byte	0x19
 1205 03fe BB050000 		.4byte	0x5bb
 1206 0402 64       		.byte	0x64
 1207 0403 02       		.uleb128 0x2
 1208 0404 F3020000 		.4byte	.LASF71
 1209 0408 E301     		.2byte	0x1e3
 1210 040a 03       		.byte	0x3
 1211 040b A0060000 		.4byte	0x6a0
 1212 040f 68       		.byte	0x68
 1213 0410 00       		.byte	0
 1214 0411 01       		.uleb128 0x1
 1215 0412 C5020000 		.4byte	.LASF72
 1216 0416 09       		.byte	0x9
 1217 0417 65       		.byte	0x65
 1218 0418 0F       		.byte	0xf
 1219 0419 BD020000 		.4byte	0x2bd
 1220 041d 01       		.uleb128 0x1
 1221 041e B0030000 		.4byte	.LASF73
 1222 0422 09       		.byte	0x9
 1223 0423 6D       		.byte	0x6d
 1224 0424 12       		.byte	0x12
 1225 0425 C0000000 		.4byte	0xc0
 1226 0429 0A       		.uleb128 0xa
 1227 042a D8050000 		.4byte	.LASF74
 1228 042e 04       		.byte	0x4
 1229 042f 09       		.byte	0x9
 1230 0430 89       		.byte	0x89
 1231 0431 08       		.byte	0x8
 1232 0432 44040000 		.4byte	0x444
 1233 0436 05       		.uleb128 0x5
 1234 0437 72313300 		.ascii	"r13\000"
 1235 043b 09       		.byte	0x9
 1236 043c 8A       		.byte	0x8a
 1237 043d 17       		.byte	0x17
 1238 043e 9F050000 		.4byte	0x59f
 1239 0442 00       		.byte	0
 1240 0443 00       		.byte	0
 1241 0444 0A       		.uleb128 0xa
 1242 0445 59000000 		.4byte	.LASF75
 1243 0449 64       		.byte	0x64
ARM GAS  /tmp/ccStDKnV.s 			page 23


 1244 044a 02       		.byte	0x2
 1245 044b F4       		.byte	0xf4
 1246 044c 08       		.byte	0x8
 1247 044d 9F050000 		.4byte	0x59f
 1248 0451 05       		.uleb128 0x5
 1249 0452 73313600 		.ascii	"s16\000"
 1250 0456 02       		.byte	0x2
 1251 0457 F6       		.byte	0xf6
 1252 0458 11       		.byte	0x11
 1253 0459 11040000 		.4byte	0x411
 1254 045d 00       		.byte	0
 1255 045e 05       		.uleb128 0x5
 1256 045f 73313700 		.ascii	"s17\000"
 1257 0463 02       		.byte	0x2
 1258 0464 F7       		.byte	0xf7
 1259 0465 11       		.byte	0x11
 1260 0466 11040000 		.4byte	0x411
 1261 046a 04       		.byte	0x4
 1262 046b 05       		.uleb128 0x5
 1263 046c 73313800 		.ascii	"s18\000"
 1264 0470 02       		.byte	0x2
 1265 0471 F8       		.byte	0xf8
 1266 0472 11       		.byte	0x11
 1267 0473 11040000 		.4byte	0x411
 1268 0477 08       		.byte	0x8
 1269 0478 05       		.uleb128 0x5
 1270 0479 73313900 		.ascii	"s19\000"
 1271 047d 02       		.byte	0x2
 1272 047e F9       		.byte	0xf9
 1273 047f 11       		.byte	0x11
 1274 0480 11040000 		.4byte	0x411
 1275 0484 0C       		.byte	0xc
 1276 0485 05       		.uleb128 0x5
 1277 0486 73323000 		.ascii	"s20\000"
 1278 048a 02       		.byte	0x2
 1279 048b FA       		.byte	0xfa
 1280 048c 11       		.byte	0x11
 1281 048d 11040000 		.4byte	0x411
 1282 0491 10       		.byte	0x10
 1283 0492 05       		.uleb128 0x5
 1284 0493 73323100 		.ascii	"s21\000"
 1285 0497 02       		.byte	0x2
 1286 0498 FB       		.byte	0xfb
 1287 0499 11       		.byte	0x11
 1288 049a 11040000 		.4byte	0x411
 1289 049e 14       		.byte	0x14
 1290 049f 05       		.uleb128 0x5
 1291 04a0 73323200 		.ascii	"s22\000"
 1292 04a4 02       		.byte	0x2
 1293 04a5 FC       		.byte	0xfc
 1294 04a6 11       		.byte	0x11
 1295 04a7 11040000 		.4byte	0x411
 1296 04ab 18       		.byte	0x18
 1297 04ac 05       		.uleb128 0x5
 1298 04ad 73323300 		.ascii	"s23\000"
 1299 04b1 02       		.byte	0x2
 1300 04b2 FD       		.byte	0xfd
ARM GAS  /tmp/ccStDKnV.s 			page 24


 1301 04b3 11       		.byte	0x11
 1302 04b4 11040000 		.4byte	0x411
 1303 04b8 1C       		.byte	0x1c
 1304 04b9 05       		.uleb128 0x5
 1305 04ba 73323400 		.ascii	"s24\000"
 1306 04be 02       		.byte	0x2
 1307 04bf FE       		.byte	0xfe
 1308 04c0 11       		.byte	0x11
 1309 04c1 11040000 		.4byte	0x411
 1310 04c5 20       		.byte	0x20
 1311 04c6 05       		.uleb128 0x5
 1312 04c7 73323500 		.ascii	"s25\000"
 1313 04cb 02       		.byte	0x2
 1314 04cc FF       		.byte	0xff
 1315 04cd 11       		.byte	0x11
 1316 04ce 11040000 		.4byte	0x411
 1317 04d2 24       		.byte	0x24
 1318 04d3 04       		.uleb128 0x4
 1319 04d4 73323600 		.ascii	"s26\000"
 1320 04d8 02       		.byte	0x2
 1321 04d9 0001     		.2byte	0x100
 1322 04db 11       		.byte	0x11
 1323 04dc 11040000 		.4byte	0x411
 1324 04e0 28       		.byte	0x28
 1325 04e1 04       		.uleb128 0x4
 1326 04e2 73323700 		.ascii	"s27\000"
 1327 04e6 02       		.byte	0x2
 1328 04e7 0101     		.2byte	0x101
 1329 04e9 11       		.byte	0x11
 1330 04ea 11040000 		.4byte	0x411
 1331 04ee 2C       		.byte	0x2c
 1332 04ef 04       		.uleb128 0x4
 1333 04f0 73323800 		.ascii	"s28\000"
 1334 04f4 02       		.byte	0x2
 1335 04f5 0201     		.2byte	0x102
 1336 04f7 11       		.byte	0x11
 1337 04f8 11040000 		.4byte	0x411
 1338 04fc 30       		.byte	0x30
 1339 04fd 04       		.uleb128 0x4
 1340 04fe 73323900 		.ascii	"s29\000"
 1341 0502 02       		.byte	0x2
 1342 0503 0301     		.2byte	0x103
 1343 0505 11       		.byte	0x11
 1344 0506 11040000 		.4byte	0x411
 1345 050a 34       		.byte	0x34
 1346 050b 04       		.uleb128 0x4
 1347 050c 73333000 		.ascii	"s30\000"
 1348 0510 02       		.byte	0x2
 1349 0511 0401     		.2byte	0x104
 1350 0513 11       		.byte	0x11
 1351 0514 11040000 		.4byte	0x411
 1352 0518 38       		.byte	0x38
 1353 0519 04       		.uleb128 0x4
 1354 051a 73333100 		.ascii	"s31\000"
 1355 051e 02       		.byte	0x2
 1356 051f 0501     		.2byte	0x105
 1357 0521 11       		.byte	0x11
ARM GAS  /tmp/ccStDKnV.s 			page 25


 1358 0522 11040000 		.4byte	0x411
 1359 0526 3C       		.byte	0x3c
 1360 0527 04       		.uleb128 0x4
 1361 0528 723400   		.ascii	"r4\000"
 1362 052b 02       		.byte	0x2
 1363 052c 0701     		.2byte	0x107
 1364 052e 11       		.byte	0x11
 1365 052f 11040000 		.4byte	0x411
 1366 0533 40       		.byte	0x40
 1367 0534 04       		.uleb128 0x4
 1368 0535 723500   		.ascii	"r5\000"
 1369 0538 02       		.byte	0x2
 1370 0539 0801     		.2byte	0x108
 1371 053b 11       		.byte	0x11
 1372 053c 11040000 		.4byte	0x411
 1373 0540 44       		.byte	0x44
 1374 0541 04       		.uleb128 0x4
 1375 0542 723600   		.ascii	"r6\000"
 1376 0545 02       		.byte	0x2
 1377 0546 0901     		.2byte	0x109
 1378 0548 11       		.byte	0x11
 1379 0549 11040000 		.4byte	0x411
 1380 054d 48       		.byte	0x48
 1381 054e 04       		.uleb128 0x4
 1382 054f 723700   		.ascii	"r7\000"
 1383 0552 02       		.byte	0x2
 1384 0553 0A01     		.2byte	0x10a
 1385 0555 11       		.byte	0x11
 1386 0556 11040000 		.4byte	0x411
 1387 055a 4C       		.byte	0x4c
 1388 055b 04       		.uleb128 0x4
 1389 055c 723800   		.ascii	"r8\000"
 1390 055f 02       		.byte	0x2
 1391 0560 0B01     		.2byte	0x10b
 1392 0562 11       		.byte	0x11
 1393 0563 11040000 		.4byte	0x411
 1394 0567 50       		.byte	0x50
 1395 0568 04       		.uleb128 0x4
 1396 0569 723900   		.ascii	"r9\000"
 1397 056c 02       		.byte	0x2
 1398 056d 0C01     		.2byte	0x10c
 1399 056f 11       		.byte	0x11
 1400 0570 11040000 		.4byte	0x411
 1401 0574 54       		.byte	0x54
 1402 0575 04       		.uleb128 0x4
 1403 0576 72313000 		.ascii	"r10\000"
 1404 057a 02       		.byte	0x2
 1405 057b 0D01     		.2byte	0x10d
 1406 057d 11       		.byte	0x11
 1407 057e 11040000 		.4byte	0x411
 1408 0582 58       		.byte	0x58
 1409 0583 04       		.uleb128 0x4
 1410 0584 72313100 		.ascii	"r11\000"
 1411 0588 02       		.byte	0x2
 1412 0589 0E01     		.2byte	0x10e
 1413 058b 11       		.byte	0x11
 1414 058c 11040000 		.4byte	0x411
ARM GAS  /tmp/ccStDKnV.s 			page 26


 1415 0590 5C       		.byte	0x5c
 1416 0591 04       		.uleb128 0x4
 1417 0592 6C7200   		.ascii	"lr\000"
 1418 0595 02       		.byte	0x2
 1419 0596 0F01     		.2byte	0x10f
 1420 0598 11       		.byte	0x11
 1421 0599 11040000 		.4byte	0x411
 1422 059d 60       		.byte	0x60
 1423 059e 00       		.byte	0
 1424 059f 09       		.uleb128 0x9
 1425 05a0 44040000 		.4byte	0x444
 1426 05a4 1C       		.uleb128 0x1c
 1427 05a5 04       		.byte	0x4
 1428 05a6 0A       		.byte	0xa
 1429 05a7 38       		.byte	0x38
 1430 05a8 09       		.byte	0x9
 1431 05a9 BB050000 		.4byte	0x5bb
 1432 05ad 03       		.uleb128 0x3
 1433 05ae D1050000 		.4byte	.LASF76
 1434 05b2 0A       		.byte	0xa
 1435 05b3 3C       		.byte	0x3c
 1436 05b4 19       		.byte	0x19
 1437 05b5 CC000000 		.4byte	0xcc
 1438 05b9 00       		.byte	0
 1439 05ba 00       		.byte	0
 1440 05bb 01       		.uleb128 0x1
 1441 05bc 2B040000 		.4byte	.LASF77
 1442 05c0 0A       		.byte	0xa
 1443 05c1 3D       		.byte	0x3d
 1444 05c2 03       		.byte	0x3
 1445 05c3 A4050000 		.4byte	0x5a4
 1446 05c7 1D       		.uleb128 0x1d
 1447 05c8 04       		.byte	0x4
 1448 05c9 08       		.byte	0x8
 1449 05ca FA       		.byte	0xfa
 1450 05cb 03       		.byte	0x3
 1451 05cc 19060000 		.4byte	0x619
 1452 05d0 0B       		.uleb128 0xb
 1453 05d1 0E050000 		.4byte	.LASF78
 1454 05d5 0101     		.2byte	0x101
 1455 05d7 19       		.byte	0x19
 1456 05d8 08010000 		.4byte	0x108
 1457 05dc 0B       		.uleb128 0xb
 1458 05dd 9F000000 		.4byte	.LASF79
 1459 05e1 0801     		.2byte	0x108
 1460 05e3 19       		.byte	0x19
 1461 05e4 08010000 		.4byte	0x108
 1462 05e8 0B       		.uleb128 0xb
 1463 05e9 56060000 		.4byte	.LASF80
 1464 05ed 0F01     		.2byte	0x10f
 1465 05ef 1A       		.byte	0x1a
 1466 05f0 BD020000 		.4byte	0x2bd
 1467 05f4 0B       		.uleb128 0xb
 1468 05f5 0D000000 		.4byte	.LASF81
 1469 05f9 1601     		.2byte	0x116
 1470 05fb 1A       		.byte	0x1a
 1471 05fc 19060000 		.4byte	0x619
ARM GAS  /tmp/ccStDKnV.s 			page 27


 1472 0600 0B       		.uleb128 0xb
 1473 0601 32030000 		.4byte	.LASF82
 1474 0605 1E01     		.2byte	0x11e
 1475 0607 1A       		.byte	0x1a
 1476 0608 46060000 		.4byte	0x646
 1477 060c 0B       		.uleb128 0xb
 1478 060d 3C050000 		.4byte	.LASF83
 1479 0611 2701     		.2byte	0x127
 1480 0613 1A       		.byte	0x1a
 1481 0614 80060000 		.4byte	0x680
 1482 0618 00       		.byte	0
 1483 0619 09       		.uleb128 0x9
 1484 061a F5010000 		.4byte	0x1f5
 1485 061e 0A       		.uleb128 0xa
 1486 061f 26050000 		.4byte	.LASF84
 1487 0623 0C       		.byte	0xc
 1488 0624 0B       		.byte	0xb
 1489 0625 34       		.byte	0x34
 1490 0626 10       		.byte	0x10
 1491 0627 46060000 		.4byte	0x646
 1492 062b 03       		.uleb128 0x3
 1493 062c B5020000 		.4byte	.LASF85
 1494 0630 0B       		.byte	0xb
 1495 0631 35       		.byte	0x35
 1496 0632 19       		.byte	0x19
 1497 0633 06020000 		.4byte	0x206
 1498 0637 00       		.byte	0
 1499 0638 03       		.uleb128 0x3
 1500 0639 39030000 		.4byte	.LASF86
 1501 063d 0B       		.byte	0xb
 1502 063e 37       		.byte	0x37
 1503 063f 19       		.byte	0x19
 1504 0640 14010000 		.4byte	0x114
 1505 0644 08       		.byte	0x8
 1506 0645 00       		.byte	0
 1507 0646 09       		.uleb128 0x9
 1508 0647 1E060000 		.4byte	0x61e
 1509 064b 0A       		.uleb128 0xa
 1510 064c 25060000 		.4byte	.LASF87
 1511 0650 10       		.byte	0x10
 1512 0651 0C       		.byte	0xc
 1513 0652 39       		.byte	0x39
 1514 0653 08       		.byte	0x8
 1515 0654 80060000 		.4byte	0x680
 1516 0658 03       		.uleb128 0x3
 1517 0659 1E020000 		.4byte	.LASF88
 1518 065d 0C       		.byte	0xc
 1519 065e 3A       		.byte	0x3a
 1520 065f 19       		.byte	0x19
 1521 0660 06020000 		.4byte	0x206
 1522 0664 00       		.byte	0
 1523 0665 03       		.uleb128 0x3
 1524 0666 6F060000 		.4byte	.LASF89
 1525 066a 0C       		.byte	0xc
 1526 066b 3C       		.byte	0x3c
 1527 066c 1A       		.byte	0x1a
 1528 066d 01020000 		.4byte	0x201
ARM GAS  /tmp/ccStDKnV.s 			page 28


 1529 0671 08       		.byte	0x8
 1530 0672 03       		.uleb128 0x3
 1531 0673 89050000 		.4byte	.LASF90
 1532 0677 0C       		.byte	0xc
 1533 0678 3E       		.byte	0x3e
 1534 0679 1A       		.byte	0x1a
 1535 067a C8060000 		.4byte	0x6c8
 1536 067e 0C       		.byte	0xc
 1537 067f 00       		.byte	0
 1538 0680 09       		.uleb128 0x9
 1539 0681 4B060000 		.4byte	0x64b
 1540 0685 09       		.uleb128 0x9
 1541 0686 96060000 		.4byte	0x696
 1542 068a 13       		.uleb128 0x13
 1543 068b 85060000 		.4byte	0x685
 1544 068f 08       		.uleb128 0x8
 1545 0690 01       		.byte	0x1
 1546 0691 08       		.byte	0x8
 1547 0692 66050000 		.4byte	.LASF91
 1548 0696 1E       		.uleb128 0x1e
 1549 0697 8F060000 		.4byte	0x68f
 1550 069b 09       		.uleb128 0x9
 1551 069c BF020000 		.4byte	0x2bf
 1552 06a0 1F       		.uleb128 0x1f
 1553 06a1 1D040000 		.4byte	0x41d
 1554 06a5 B0060000 		.4byte	0x6b0
 1555 06a9 20       		.uleb128 0x20
 1556 06aa 2D000000 		.4byte	0x2d
 1557 06ae 28       		.byte	0x28
 1558 06af 00       		.byte	0
 1559 06b0 21       		.uleb128 0x21
 1560 06b1 636800   		.ascii	"ch\000"
 1561 06b4 08       		.byte	0x8
 1562 06b5 0902     		.2byte	0x209
 1563 06b7 14       		.byte	0x14
 1564 06b8 A6030000 		.4byte	0x3a6
 1565 06bc 01       		.uleb128 0x1
 1566 06bd E1000000 		.4byte	.LASF92
 1567 06c1 0C       		.byte	0xc
 1568 06c2 34       		.byte	0x34
 1569 06c3 19       		.byte	0x19
 1570 06c4 4B060000 		.4byte	0x64b
 1571 06c8 09       		.uleb128 0x9
 1572 06c9 BC060000 		.4byte	0x6bc
 1573 06cd 22       		.uleb128 0x22
 1574 06ce 7E000000 		.4byte	.LASF111
 1575 06d2 0D       		.byte	0xd
 1576 06d3 1601     		.2byte	0x116
 1577 06d5 08       		.byte	0x8
 1578 06d6 E0060000 		.4byte	0x6e0
 1579 06da 14       		.uleb128 0x14
 1580 06db 85060000 		.4byte	0x685
 1581 06df 00       		.byte	0
 1582 06e0 06       		.uleb128 0x6
 1583 06e1 87030000 		.4byte	.LASF93
 1584 06e5 FA       		.byte	0xfa
 1585 06e6 00000000 		.4byte	.LFB196
ARM GAS  /tmp/ccStDKnV.s 			page 29


 1586 06ea 1C000000 		.4byte	.LFE196-.LFB196
 1587 06ee 01       		.uleb128 0x1
 1588 06ef 9C       		.byte	0x9c
 1589 06f0 08070000 		.4byte	0x708
 1590 06f4 0D       		.uleb128 0xd
 1591 06f5 14000000 		.4byte	.LVL18
 1592 06f9 CD060000 		.4byte	0x6cd
 1593 06fd 07       		.uleb128 0x7
 1594 06fe 01       		.uleb128 0x1
 1595 06ff 50       		.byte	0x50
 1596 0700 05       		.uleb128 0x5
 1597 0701 03       		.byte	0x3
 1598 0702 00000000 		.4byte	.LC10
 1599 0706 00       		.byte	0
 1600 0707 00       		.byte	0
 1601 0708 06       		.uleb128 0x6
 1602 0709 62030000 		.4byte	.LASF94
 1603 070d EB       		.byte	0xeb
 1604 070e 00000000 		.4byte	.LFB195
 1605 0712 20000000 		.4byte	.LFE195-.LFB195
 1606 0716 01       		.uleb128 0x1
 1607 0717 9C       		.byte	0x9c
 1608 0718 30070000 		.4byte	0x730
 1609 071c 0D       		.uleb128 0xd
 1610 071d 16000000 		.4byte	.LVL17
 1611 0721 CD060000 		.4byte	0x6cd
 1612 0725 07       		.uleb128 0x7
 1613 0726 01       		.uleb128 0x1
 1614 0727 50       		.byte	0x50
 1615 0728 05       		.uleb128 0x5
 1616 0729 03       		.byte	0x3
 1617 072a 00000000 		.4byte	.LC9
 1618 072e 00       		.byte	0
 1619 072f 00       		.byte	0
 1620 0730 06       		.uleb128 0x6
 1621 0731 1D030000 		.4byte	.LASF95
 1622 0735 D9       		.byte	0xd9
 1623 0736 00000000 		.4byte	.LFB194
 1624 073a 30000000 		.4byte	.LFE194-.LFB194
 1625 073e 01       		.uleb128 0x1
 1626 073f 9C       		.byte	0x9c
 1627 0740 EA070000 		.4byte	0x7ea
 1628 0744 15       		.uleb128 0x15
 1629 0745 C3090000 		.4byte	0x9c3
 1630 0749 00000000 		.4byte	.LBI46
 1631 074d 02       		.byte	.LVU87
 1632 074e 18000000 		.4byte	.LLRL3
 1633 0752 DB       		.byte	0xdb
 1634 0753 87070000 		.4byte	0x787
 1635 0757 0F       		.uleb128 0xf
 1636 0758 D1090000 		.4byte	0x9d1
 1637 075c 00000000 		.4byte	.LBI47
 1638 0760 04       		.byte	.LVU89
 1639 0761 18000000 		.4byte	.LLRL3
 1640 0765 DB01     		.2byte	0x1db
 1641 0767 0F       		.uleb128 0xf
 1642 0768 D8090000 		.4byte	0x9d8
ARM GAS  /tmp/ccStDKnV.s 			page 30


 1643 076c 00000000 		.4byte	.LBI48
 1644 0770 06       		.byte	.LVU91
 1645 0771 18000000 		.4byte	.LLRL3
 1646 0775 BF01     		.2byte	0x1bf
 1647 0777 10       		.uleb128 0x10
 1648 0778 E2090000 		.4byte	0x9e2
 1649 077c 0E000000 		.4byte	.LLST4
 1650 0780 0C000000 		.4byte	.LVUS4
 1651 0784 00       		.byte	0
 1652 0785 00       		.byte	0
 1653 0786 00       		.byte	0
 1654 0787 16       		.uleb128 0x16
 1655 0788 BC090000 		.4byte	0x9bc
 1656 078c 20000000 		.4byte	.LBI54
 1657 0790 01       		.byte	.LVU105
 1658 0791 20000000 		.4byte	.LBB54
 1659 0795 06000000 		.4byte	.LBE54-.LBB54
 1660 0799 E0       		.byte	0xe0
 1661 079a D6070000 		.4byte	0x7d6
 1662 079e 11       		.uleb128 0x11
 1663 079f CA090000 		.4byte	0x9ca
 1664 07a3 20000000 		.4byte	.LBI55
 1665 07a7 03       		.byte	.LVU107
 1666 07a8 20000000 		.4byte	.LBB55
 1667 07ac 06000000 		.4byte	.LBE55-.LBB55
 1668 07b0 E601     		.2byte	0x1e6
 1669 07b2 11       		.uleb128 0x11
 1670 07b3 D8090000 		.4byte	0x9d8
 1671 07b7 20000000 		.4byte	.LBI56
 1672 07bb 05       		.byte	.LVU109
 1673 07bc 20000000 		.4byte	.LBB56
 1674 07c0 06000000 		.4byte	.LBE56-.LBB56
 1675 07c4 CD01     		.2byte	0x1cd
 1676 07c6 10       		.uleb128 0x10
 1677 07c7 E2090000 		.4byte	0x9e2
 1678 07cb 1B000000 		.4byte	.LLST5
 1679 07cf 19000000 		.4byte	.LVUS5
 1680 07d3 00       		.byte	0
 1681 07d4 00       		.byte	0
 1682 07d5 00       		.byte	0
 1683 07d6 0C       		.uleb128 0xc
 1684 07d7 1A000000 		.4byte	.LVL14
 1685 07db CD060000 		.4byte	0x6cd
 1686 07df 07       		.uleb128 0x7
 1687 07e0 01       		.uleb128 0x1
 1688 07e1 50       		.byte	0x50
 1689 07e2 05       		.uleb128 0x5
 1690 07e3 03       		.byte	0x3
 1691 07e4 00000000 		.4byte	.LC8
 1692 07e8 00       		.byte	0
 1693 07e9 00       		.byte	0
 1694 07ea 06       		.uleb128 0x6
 1695 07eb 10040000 		.4byte	.LASF96
 1696 07ef CA       		.byte	0xca
 1697 07f0 00000000 		.4byte	.LFB193
 1698 07f4 30000000 		.4byte	.LFE193-.LFB193
 1699 07f8 01       		.uleb128 0x1
ARM GAS  /tmp/ccStDKnV.s 			page 31


 1700 07f9 9C       		.byte	0x9c
 1701 07fa A4080000 		.4byte	0x8a4
 1702 07fe 15       		.uleb128 0x15
 1703 07ff C3090000 		.4byte	0x9c3
 1704 0803 00000000 		.4byte	.LBI34
 1705 0807 02       		.byte	.LVU59
 1706 0808 0C000000 		.4byte	.LLRL0
 1707 080c CC       		.byte	0xcc
 1708 080d 41080000 		.4byte	0x841
 1709 0811 0F       		.uleb128 0xf
 1710 0812 D1090000 		.4byte	0x9d1
 1711 0816 00000000 		.4byte	.LBI35
 1712 081a 04       		.byte	.LVU61
 1713 081b 0C000000 		.4byte	.LLRL0
 1714 081f DB01     		.2byte	0x1db
 1715 0821 0F       		.uleb128 0xf
 1716 0822 D8090000 		.4byte	0x9d8
 1717 0826 00000000 		.4byte	.LBI36
 1718 082a 06       		.byte	.LVU63
 1719 082b 0C000000 		.4byte	.LLRL0
 1720 082f BF01     		.2byte	0x1bf
 1721 0831 10       		.uleb128 0x10
 1722 0832 E2090000 		.4byte	0x9e2
 1723 0836 27000000 		.4byte	.LLST1
 1724 083a 25000000 		.4byte	.LVUS1
 1725 083e 00       		.byte	0
 1726 083f 00       		.byte	0
 1727 0840 00       		.byte	0
 1728 0841 16       		.uleb128 0x16
 1729 0842 BC090000 		.4byte	0x9bc
 1730 0846 20000000 		.4byte	.LBI42
 1731 084a 01       		.byte	.LVU77
 1732 084b 20000000 		.4byte	.LBB42
 1733 084f 06000000 		.4byte	.LBE42-.LBB42
 1734 0853 D1       		.byte	0xd1
 1735 0854 90080000 		.4byte	0x890
 1736 0858 11       		.uleb128 0x11
 1737 0859 CA090000 		.4byte	0x9ca
 1738 085d 20000000 		.4byte	.LBI43
 1739 0861 03       		.byte	.LVU79
 1740 0862 20000000 		.4byte	.LBB43
 1741 0866 06000000 		.4byte	.LBE43-.LBB43
 1742 086a E601     		.2byte	0x1e6
 1743 086c 11       		.uleb128 0x11
 1744 086d D8090000 		.4byte	0x9d8
 1745 0871 20000000 		.4byte	.LBI44
 1746 0875 05       		.byte	.LVU81
 1747 0876 20000000 		.4byte	.LBB44
 1748 087a 06000000 		.4byte	.LBE44-.LBB44
 1749 087e CD01     		.2byte	0x1cd
 1750 0880 10       		.uleb128 0x10
 1751 0881 E2090000 		.4byte	0x9e2
 1752 0885 34000000 		.4byte	.LLST2
 1753 0889 32000000 		.4byte	.LVUS2
 1754 088d 00       		.byte	0
 1755 088e 00       		.byte	0
 1756 088f 00       		.byte	0
ARM GAS  /tmp/ccStDKnV.s 			page 32


 1757 0890 0C       		.uleb128 0xc
 1758 0891 1A000000 		.4byte	.LVL9
 1759 0895 CD060000 		.4byte	0x6cd
 1760 0899 07       		.uleb128 0x7
 1761 089a 01       		.uleb128 0x1
 1762 089b 50       		.byte	0x50
 1763 089c 05       		.uleb128 0x5
 1764 089d 03       		.byte	0x3
 1765 089e 00000000 		.4byte	.LC7
 1766 08a2 00       		.byte	0
 1767 08a3 00       		.byte	0
 1768 08a4 06       		.uleb128 0x6
 1769 08a5 FA050000 		.4byte	.LASF97
 1770 08a9 BD       		.byte	0xbd
 1771 08aa 00000000 		.4byte	.LFB192
 1772 08ae 2C000000 		.4byte	.LFE192-.LFB192
 1773 08b2 01       		.uleb128 0x1
 1774 08b3 9C       		.byte	0x9c
 1775 08b4 CC080000 		.4byte	0x8cc
 1776 08b8 0C       		.uleb128 0xc
 1777 08b9 1C000000 		.4byte	.LVL6
 1778 08bd CD060000 		.4byte	0x6cd
 1779 08c1 07       		.uleb128 0x7
 1780 08c2 01       		.uleb128 0x1
 1781 08c3 50       		.byte	0x50
 1782 08c4 05       		.uleb128 0x5
 1783 08c5 03       		.byte	0x3
 1784 08c6 00000000 		.4byte	.LC6
 1785 08ca 00       		.byte	0
 1786 08cb 00       		.byte	0
 1787 08cc 06       		.uleb128 0x6
 1788 08cd 4E040000 		.4byte	.LASF98
 1789 08d1 B0       		.byte	0xb0
 1790 08d2 00000000 		.4byte	.LFB191
 1791 08d6 24000000 		.4byte	.LFE191-.LFB191
 1792 08da 01       		.uleb128 0x1
 1793 08db 9C       		.byte	0x9c
 1794 08dc F4080000 		.4byte	0x8f4
 1795 08e0 0C       		.uleb128 0xc
 1796 08e1 14000000 		.4byte	.LVL5
 1797 08e5 CD060000 		.4byte	0x6cd
 1798 08e9 07       		.uleb128 0x7
 1799 08ea 01       		.uleb128 0x1
 1800 08eb 50       		.byte	0x50
 1801 08ec 05       		.uleb128 0x5
 1802 08ed 03       		.byte	0x3
 1803 08ee 00000000 		.4byte	.LC5
 1804 08f2 00       		.byte	0
 1805 08f3 00       		.byte	0
 1806 08f4 06       		.uleb128 0x6
 1807 08f5 44060000 		.4byte	.LASF99
 1808 08f9 A3       		.byte	0xa3
 1809 08fa 00000000 		.4byte	.LFB190
 1810 08fe 28000000 		.4byte	.LFE190-.LFB190
 1811 0902 01       		.uleb128 0x1
 1812 0903 9C       		.byte	0x9c
 1813 0904 1C090000 		.4byte	0x91c
ARM GAS  /tmp/ccStDKnV.s 			page 33


 1814 0908 0C       		.uleb128 0xc
 1815 0909 1A000000 		.4byte	.LVL4
 1816 090d CD060000 		.4byte	0x6cd
 1817 0911 07       		.uleb128 0x7
 1818 0912 01       		.uleb128 0x1
 1819 0913 50       		.byte	0x50
 1820 0914 05       		.uleb128 0x5
 1821 0915 03       		.byte	0x3
 1822 0916 00000000 		.4byte	.LC4
 1823 091a 00       		.byte	0
 1824 091b 00       		.byte	0
 1825 091c 06       		.uleb128 0x6
 1826 091d E9030000 		.4byte	.LASF100
 1827 0921 96       		.byte	0x96
 1828 0922 00000000 		.4byte	.LFB189
 1829 0926 20000000 		.4byte	.LFE189-.LFB189
 1830 092a 01       		.uleb128 0x1
 1831 092b 9C       		.byte	0x9c
 1832 092c 44090000 		.4byte	0x944
 1833 0930 0C       		.uleb128 0xc
 1834 0931 12000000 		.4byte	.LVL3
 1835 0935 CD060000 		.4byte	0x6cd
 1836 0939 07       		.uleb128 0x7
 1837 093a 01       		.uleb128 0x1
 1838 093b 50       		.byte	0x50
 1839 093c 05       		.uleb128 0x5
 1840 093d 03       		.byte	0x3
 1841 093e 00000000 		.4byte	.LC3
 1842 0942 00       		.byte	0
 1843 0943 00       		.byte	0
 1844 0944 06       		.uleb128 0x6
 1845 0945 7F020000 		.4byte	.LASF101
 1846 0949 8A       		.byte	0x8a
 1847 094a 00000000 		.4byte	.LFB188
 1848 094e 1C000000 		.4byte	.LFE188-.LFB188
 1849 0952 01       		.uleb128 0x1
 1850 0953 9C       		.byte	0x9c
 1851 0954 6C090000 		.4byte	0x96c
 1852 0958 0D       		.uleb128 0xd
 1853 0959 12000000 		.4byte	.LVL2
 1854 095d CD060000 		.4byte	0x6cd
 1855 0961 07       		.uleb128 0x7
 1856 0962 01       		.uleb128 0x1
 1857 0963 50       		.byte	0x50
 1858 0964 05       		.uleb128 0x5
 1859 0965 03       		.byte	0x3
 1860 0966 00000000 		.4byte	.LC2
 1861 096a 00       		.byte	0
 1862 096b 00       		.byte	0
 1863 096c 06       		.uleb128 0x6
 1864 096d BB030000 		.4byte	.LASF102
 1865 0971 7E       		.byte	0x7e
 1866 0972 00000000 		.4byte	.LFB187
 1867 0976 1C000000 		.4byte	.LFE187-.LFB187
 1868 097a 01       		.uleb128 0x1
 1869 097b 9C       		.byte	0x9c
 1870 097c 94090000 		.4byte	0x994
ARM GAS  /tmp/ccStDKnV.s 			page 34


 1871 0980 0D       		.uleb128 0xd
 1872 0981 12000000 		.4byte	.LVL1
 1873 0985 CD060000 		.4byte	0x6cd
 1874 0989 07       		.uleb128 0x7
 1875 098a 01       		.uleb128 0x1
 1876 098b 50       		.byte	0x50
 1877 098c 05       		.uleb128 0x5
 1878 098d 03       		.byte	0x3
 1879 098e 00000000 		.4byte	.LC1
 1880 0992 00       		.byte	0
 1881 0993 00       		.byte	0
 1882 0994 06       		.uleb128 0x6
 1883 0995 72040000 		.4byte	.LASF103
 1884 0999 72       		.byte	0x72
 1885 099a 00000000 		.4byte	.LFB186
 1886 099e 1C000000 		.4byte	.LFE186-.LFB186
 1887 09a2 01       		.uleb128 0x1
 1888 09a3 9C       		.byte	0x9c
 1889 09a4 BC090000 		.4byte	0x9bc
 1890 09a8 0D       		.uleb128 0xd
 1891 09a9 12000000 		.4byte	.LVL0
 1892 09ad CD060000 		.4byte	0x6cd
 1893 09b1 07       		.uleb128 0x7
 1894 09b2 01       		.uleb128 0x1
 1895 09b3 50       		.byte	0x50
 1896 09b4 05       		.uleb128 0x5
 1897 09b5 03       		.byte	0x3
 1898 09b6 00000000 		.4byte	.LC0
 1899 09ba 00       		.byte	0
 1900 09bb 00       		.byte	0
 1901 09bc 12       		.uleb128 0x12
 1902 09bd 6B050000 		.4byte	.LASF104
 1903 09c1 E401     		.2byte	0x1e4
 1904 09c3 12       		.uleb128 0x12
 1905 09c4 E0050000 		.4byte	.LASF105
 1906 09c8 D901     		.2byte	0x1d9
 1907 09ca 12       		.uleb128 0x12
 1908 09cb 2D020000 		.4byte	.LASF106
 1909 09cf CA01     		.2byte	0x1ca
 1910 09d1 12       		.uleb128 0x12
 1911 09d2 74000000 		.4byte	.LASF107
 1912 09d6 BC01     		.2byte	0x1bc
 1913 09d8 23       		.uleb128 0x23
 1914 09d9 B9050000 		.4byte	.LASF112
 1915 09dd 03       		.byte	0x3
 1916 09de 2002     		.2byte	0x220
 1917 09e0 39       		.byte	0x39
 1918 09e1 03       		.byte	0x3
 1919 09e2 24       		.uleb128 0x24
 1920 09e3 E4020000 		.4byte	.LASF113
 1921 09e7 03       		.byte	0x3
 1922 09e8 2002     		.2byte	0x220
 1923 09ea 50       		.byte	0x50
 1924 09eb B4000000 		.4byte	0xb4
 1925 09ef 00       		.byte	0
 1926 09f0 00       		.byte	0
 1927              		.section	.debug_abbrev,"",%progbits
ARM GAS  /tmp/ccStDKnV.s 			page 35


 1928              	.Ldebug_abbrev0:
 1929 0000 01       		.uleb128 0x1
 1930 0001 16       		.uleb128 0x16
 1931 0002 00       		.byte	0
 1932 0003 03       		.uleb128 0x3
 1933 0004 0E       		.uleb128 0xe
 1934 0005 3A       		.uleb128 0x3a
 1935 0006 0B       		.uleb128 0xb
 1936 0007 3B       		.uleb128 0x3b
 1937 0008 0B       		.uleb128 0xb
 1938 0009 39       		.uleb128 0x39
 1939 000a 0B       		.uleb128 0xb
 1940 000b 49       		.uleb128 0x49
 1941 000c 13       		.uleb128 0x13
 1942 000d 00       		.byte	0
 1943 000e 00       		.byte	0
 1944 000f 02       		.uleb128 0x2
 1945 0010 0D       		.uleb128 0xd
 1946 0011 00       		.byte	0
 1947 0012 03       		.uleb128 0x3
 1948 0013 0E       		.uleb128 0xe
 1949 0014 3A       		.uleb128 0x3a
 1950 0015 21       		.uleb128 0x21
 1951 0016 08       		.sleb128 8
 1952 0017 3B       		.uleb128 0x3b
 1953 0018 05       		.uleb128 0x5
 1954 0019 39       		.uleb128 0x39
 1955 001a 0B       		.uleb128 0xb
 1956 001b 49       		.uleb128 0x49
 1957 001c 13       		.uleb128 0x13
 1958 001d 38       		.uleb128 0x38
 1959 001e 0B       		.uleb128 0xb
 1960 001f 00       		.byte	0
 1961 0020 00       		.byte	0
 1962 0021 03       		.uleb128 0x3
 1963 0022 0D       		.uleb128 0xd
 1964 0023 00       		.byte	0
 1965 0024 03       		.uleb128 0x3
 1966 0025 0E       		.uleb128 0xe
 1967 0026 3A       		.uleb128 0x3a
 1968 0027 0B       		.uleb128 0xb
 1969 0028 3B       		.uleb128 0x3b
 1970 0029 0B       		.uleb128 0xb
 1971 002a 39       		.uleb128 0x39
 1972 002b 0B       		.uleb128 0xb
 1973 002c 49       		.uleb128 0x49
 1974 002d 13       		.uleb128 0x13
 1975 002e 38       		.uleb128 0x38
 1976 002f 0B       		.uleb128 0xb
 1977 0030 00       		.byte	0
 1978 0031 00       		.byte	0
 1979 0032 04       		.uleb128 0x4
 1980 0033 0D       		.uleb128 0xd
 1981 0034 00       		.byte	0
 1982 0035 03       		.uleb128 0x3
 1983 0036 08       		.uleb128 0x8
 1984 0037 3A       		.uleb128 0x3a
ARM GAS  /tmp/ccStDKnV.s 			page 36


 1985 0038 0B       		.uleb128 0xb
 1986 0039 3B       		.uleb128 0x3b
 1987 003a 05       		.uleb128 0x5
 1988 003b 39       		.uleb128 0x39
 1989 003c 0B       		.uleb128 0xb
 1990 003d 49       		.uleb128 0x49
 1991 003e 13       		.uleb128 0x13
 1992 003f 38       		.uleb128 0x38
 1993 0040 0B       		.uleb128 0xb
 1994 0041 00       		.byte	0
 1995 0042 00       		.byte	0
 1996 0043 05       		.uleb128 0x5
 1997 0044 0D       		.uleb128 0xd
 1998 0045 00       		.byte	0
 1999 0046 03       		.uleb128 0x3
 2000 0047 08       		.uleb128 0x8
 2001 0048 3A       		.uleb128 0x3a
 2002 0049 0B       		.uleb128 0xb
 2003 004a 3B       		.uleb128 0x3b
 2004 004b 0B       		.uleb128 0xb
 2005 004c 39       		.uleb128 0x39
 2006 004d 0B       		.uleb128 0xb
 2007 004e 49       		.uleb128 0x49
 2008 004f 13       		.uleb128 0x13
 2009 0050 38       		.uleb128 0x38
 2010 0051 0B       		.uleb128 0xb
 2011 0052 00       		.byte	0
 2012 0053 00       		.byte	0
 2013 0054 06       		.uleb128 0x6
 2014 0055 2E       		.uleb128 0x2e
 2015 0056 01       		.byte	0x1
 2016 0057 3F       		.uleb128 0x3f
 2017 0058 19       		.uleb128 0x19
 2018 0059 03       		.uleb128 0x3
 2019 005a 0E       		.uleb128 0xe
 2020 005b 3A       		.uleb128 0x3a
 2021 005c 21       		.uleb128 0x21
 2022 005d 01       		.sleb128 1
 2023 005e 3B       		.uleb128 0x3b
 2024 005f 0B       		.uleb128 0xb
 2025 0060 39       		.uleb128 0x39
 2026 0061 21       		.uleb128 0x21
 2027 0062 06       		.sleb128 6
 2028 0063 27       		.uleb128 0x27
 2029 0064 19       		.uleb128 0x19
 2030 0065 11       		.uleb128 0x11
 2031 0066 01       		.uleb128 0x1
 2032 0067 12       		.uleb128 0x12
 2033 0068 06       		.uleb128 0x6
 2034 0069 40       		.uleb128 0x40
 2035 006a 18       		.uleb128 0x18
 2036 006b 7A       		.uleb128 0x7a
 2037 006c 19       		.uleb128 0x19
 2038 006d 01       		.uleb128 0x1
 2039 006e 13       		.uleb128 0x13
 2040 006f 00       		.byte	0
 2041 0070 00       		.byte	0
ARM GAS  /tmp/ccStDKnV.s 			page 37


 2042 0071 07       		.uleb128 0x7
 2043 0072 49       		.uleb128 0x49
 2044 0073 00       		.byte	0
 2045 0074 02       		.uleb128 0x2
 2046 0075 18       		.uleb128 0x18
 2047 0076 7E       		.uleb128 0x7e
 2048 0077 18       		.uleb128 0x18
 2049 0078 00       		.byte	0
 2050 0079 00       		.byte	0
 2051 007a 08       		.uleb128 0x8
 2052 007b 24       		.uleb128 0x24
 2053 007c 00       		.byte	0
 2054 007d 0B       		.uleb128 0xb
 2055 007e 0B       		.uleb128 0xb
 2056 007f 3E       		.uleb128 0x3e
 2057 0080 0B       		.uleb128 0xb
 2058 0081 03       		.uleb128 0x3
 2059 0082 0E       		.uleb128 0xe
 2060 0083 00       		.byte	0
 2061 0084 00       		.byte	0
 2062 0085 09       		.uleb128 0x9
 2063 0086 0F       		.uleb128 0xf
 2064 0087 00       		.byte	0
 2065 0088 0B       		.uleb128 0xb
 2066 0089 21       		.uleb128 0x21
 2067 008a 04       		.sleb128 4
 2068 008b 49       		.uleb128 0x49
 2069 008c 13       		.uleb128 0x13
 2070 008d 00       		.byte	0
 2071 008e 00       		.byte	0
 2072 008f 0A       		.uleb128 0xa
 2073 0090 13       		.uleb128 0x13
 2074 0091 01       		.byte	0x1
 2075 0092 03       		.uleb128 0x3
 2076 0093 0E       		.uleb128 0xe
 2077 0094 0B       		.uleb128 0xb
 2078 0095 0B       		.uleb128 0xb
 2079 0096 3A       		.uleb128 0x3a
 2080 0097 0B       		.uleb128 0xb
 2081 0098 3B       		.uleb128 0x3b
 2082 0099 0B       		.uleb128 0xb
 2083 009a 39       		.uleb128 0x39
 2084 009b 0B       		.uleb128 0xb
 2085 009c 01       		.uleb128 0x1
 2086 009d 13       		.uleb128 0x13
 2087 009e 00       		.byte	0
 2088 009f 00       		.byte	0
 2089 00a0 0B       		.uleb128 0xb
 2090 00a1 0D       		.uleb128 0xd
 2091 00a2 00       		.byte	0
 2092 00a3 03       		.uleb128 0x3
 2093 00a4 0E       		.uleb128 0xe
 2094 00a5 3A       		.uleb128 0x3a
 2095 00a6 21       		.uleb128 0x21
 2096 00a7 08       		.sleb128 8
 2097 00a8 3B       		.uleb128 0x3b
 2098 00a9 05       		.uleb128 0x5
ARM GAS  /tmp/ccStDKnV.s 			page 38


 2099 00aa 39       		.uleb128 0x39
 2100 00ab 0B       		.uleb128 0xb
 2101 00ac 49       		.uleb128 0x49
 2102 00ad 13       		.uleb128 0x13
 2103 00ae 00       		.byte	0
 2104 00af 00       		.byte	0
 2105 00b0 0C       		.uleb128 0xc
 2106 00b1 48       		.uleb128 0x48
 2107 00b2 01       		.byte	0x1
 2108 00b3 7D       		.uleb128 0x7d
 2109 00b4 01       		.uleb128 0x1
 2110 00b5 7F       		.uleb128 0x7f
 2111 00b6 13       		.uleb128 0x13
 2112 00b7 00       		.byte	0
 2113 00b8 00       		.byte	0
 2114 00b9 0D       		.uleb128 0xd
 2115 00ba 48       		.uleb128 0x48
 2116 00bb 01       		.byte	0x1
 2117 00bc 7D       		.uleb128 0x7d
 2118 00bd 01       		.uleb128 0x1
 2119 00be 8201     		.uleb128 0x82
 2120 00c0 19       		.uleb128 0x19
 2121 00c1 7F       		.uleb128 0x7f
 2122 00c2 13       		.uleb128 0x13
 2123 00c3 00       		.byte	0
 2124 00c4 00       		.byte	0
 2125 00c5 0E       		.uleb128 0xe
 2126 00c6 13       		.uleb128 0x13
 2127 00c7 01       		.byte	0x1
 2128 00c8 03       		.uleb128 0x3
 2129 00c9 0E       		.uleb128 0xe
 2130 00ca 0B       		.uleb128 0xb
 2131 00cb 0B       		.uleb128 0xb
 2132 00cc 3A       		.uleb128 0x3a
 2133 00cd 21       		.uleb128 0x21
 2134 00ce 08       		.sleb128 8
 2135 00cf 3B       		.uleb128 0x3b
 2136 00d0 05       		.uleb128 0x5
 2137 00d1 39       		.uleb128 0x39
 2138 00d2 21       		.uleb128 0x21
 2139 00d3 08       		.sleb128 8
 2140 00d4 01       		.uleb128 0x1
 2141 00d5 13       		.uleb128 0x13
 2142 00d6 00       		.byte	0
 2143 00d7 00       		.byte	0
 2144 00d8 0F       		.uleb128 0xf
 2145 00d9 1D       		.uleb128 0x1d
 2146 00da 01       		.byte	0x1
 2147 00db 31       		.uleb128 0x31
 2148 00dc 13       		.uleb128 0x13
 2149 00dd 52       		.uleb128 0x52
 2150 00de 01       		.uleb128 0x1
 2151 00df B842     		.uleb128 0x2138
 2152 00e1 0B       		.uleb128 0xb
 2153 00e2 55       		.uleb128 0x55
 2154 00e3 17       		.uleb128 0x17
 2155 00e4 58       		.uleb128 0x58
ARM GAS  /tmp/ccStDKnV.s 			page 39


 2156 00e5 21       		.uleb128 0x21
 2157 00e6 02       		.sleb128 2
 2158 00e7 59       		.uleb128 0x59
 2159 00e8 05       		.uleb128 0x5
 2160 00e9 57       		.uleb128 0x57
 2161 00ea 21       		.uleb128 0x21
 2162 00eb 03       		.sleb128 3
 2163 00ec 00       		.byte	0
 2164 00ed 00       		.byte	0
 2165 00ee 10       		.uleb128 0x10
 2166 00ef 05       		.uleb128 0x5
 2167 00f0 00       		.byte	0
 2168 00f1 31       		.uleb128 0x31
 2169 00f2 13       		.uleb128 0x13
 2170 00f3 02       		.uleb128 0x2
 2171 00f4 17       		.uleb128 0x17
 2172 00f5 B742     		.uleb128 0x2137
 2173 00f7 17       		.uleb128 0x17
 2174 00f8 00       		.byte	0
 2175 00f9 00       		.byte	0
 2176 00fa 11       		.uleb128 0x11
 2177 00fb 1D       		.uleb128 0x1d
 2178 00fc 01       		.byte	0x1
 2179 00fd 31       		.uleb128 0x31
 2180 00fe 13       		.uleb128 0x13
 2181 00ff 52       		.uleb128 0x52
 2182 0100 01       		.uleb128 0x1
 2183 0101 B842     		.uleb128 0x2138
 2184 0103 0B       		.uleb128 0xb
 2185 0104 11       		.uleb128 0x11
 2186 0105 01       		.uleb128 0x1
 2187 0106 12       		.uleb128 0x12
 2188 0107 06       		.uleb128 0x6
 2189 0108 58       		.uleb128 0x58
 2190 0109 21       		.uleb128 0x21
 2191 010a 02       		.sleb128 2
 2192 010b 59       		.uleb128 0x59
 2193 010c 05       		.uleb128 0x5
 2194 010d 57       		.uleb128 0x57
 2195 010e 21       		.uleb128 0x21
 2196 010f 03       		.sleb128 3
 2197 0110 00       		.byte	0
 2198 0111 00       		.byte	0
 2199 0112 12       		.uleb128 0x12
 2200 0113 2E       		.uleb128 0x2e
 2201 0114 00       		.byte	0
 2202 0115 03       		.uleb128 0x3
 2203 0116 0E       		.uleb128 0xe
 2204 0117 3A       		.uleb128 0x3a
 2205 0118 21       		.uleb128 0x21
 2206 0119 02       		.sleb128 2
 2207 011a 3B       		.uleb128 0x3b
 2208 011b 05       		.uleb128 0x5
 2209 011c 39       		.uleb128 0x39
 2210 011d 21       		.uleb128 0x21
 2211 011e 14       		.sleb128 20
 2212 011f 27       		.uleb128 0x27
ARM GAS  /tmp/ccStDKnV.s 			page 40


 2213 0120 19       		.uleb128 0x19
 2214 0121 20       		.uleb128 0x20
 2215 0122 21       		.uleb128 0x21
 2216 0123 03       		.sleb128 3
 2217 0124 00       		.byte	0
 2218 0125 00       		.byte	0
 2219 0126 13       		.uleb128 0x13
 2220 0127 35       		.uleb128 0x35
 2221 0128 00       		.byte	0
 2222 0129 49       		.uleb128 0x49
 2223 012a 13       		.uleb128 0x13
 2224 012b 00       		.byte	0
 2225 012c 00       		.byte	0
 2226 012d 14       		.uleb128 0x14
 2227 012e 05       		.uleb128 0x5
 2228 012f 00       		.byte	0
 2229 0130 49       		.uleb128 0x49
 2230 0131 13       		.uleb128 0x13
 2231 0132 00       		.byte	0
 2232 0133 00       		.byte	0
 2233 0134 15       		.uleb128 0x15
 2234 0135 1D       		.uleb128 0x1d
 2235 0136 01       		.byte	0x1
 2236 0137 31       		.uleb128 0x31
 2237 0138 13       		.uleb128 0x13
 2238 0139 52       		.uleb128 0x52
 2239 013a 01       		.uleb128 0x1
 2240 013b B842     		.uleb128 0x2138
 2241 013d 0B       		.uleb128 0xb
 2242 013e 55       		.uleb128 0x55
 2243 013f 17       		.uleb128 0x17
 2244 0140 58       		.uleb128 0x58
 2245 0141 21       		.uleb128 0x21
 2246 0142 01       		.sleb128 1
 2247 0143 59       		.uleb128 0x59
 2248 0144 0B       		.uleb128 0xb
 2249 0145 57       		.uleb128 0x57
 2250 0146 21       		.uleb128 0x21
 2251 0147 03       		.sleb128 3
 2252 0148 01       		.uleb128 0x1
 2253 0149 13       		.uleb128 0x13
 2254 014a 00       		.byte	0
 2255 014b 00       		.byte	0
 2256 014c 16       		.uleb128 0x16
 2257 014d 1D       		.uleb128 0x1d
 2258 014e 01       		.byte	0x1
 2259 014f 31       		.uleb128 0x31
 2260 0150 13       		.uleb128 0x13
 2261 0151 52       		.uleb128 0x52
 2262 0152 01       		.uleb128 0x1
 2263 0153 B842     		.uleb128 0x2138
 2264 0155 0B       		.uleb128 0xb
 2265 0156 11       		.uleb128 0x11
 2266 0157 01       		.uleb128 0x1
 2267 0158 12       		.uleb128 0x12
 2268 0159 06       		.uleb128 0x6
 2269 015a 58       		.uleb128 0x58
ARM GAS  /tmp/ccStDKnV.s 			page 41


 2270 015b 21       		.uleb128 0x21
 2271 015c 01       		.sleb128 1
 2272 015d 59       		.uleb128 0x59
 2273 015e 0B       		.uleb128 0xb
 2274 015f 57       		.uleb128 0x57
 2275 0160 21       		.uleb128 0x21
 2276 0161 03       		.sleb128 3
 2277 0162 01       		.uleb128 0x1
 2278 0163 13       		.uleb128 0x13
 2279 0164 00       		.byte	0
 2280 0165 00       		.byte	0
 2281 0166 17       		.uleb128 0x17
 2282 0167 11       		.uleb128 0x11
 2283 0168 01       		.byte	0x1
 2284 0169 25       		.uleb128 0x25
 2285 016a 0E       		.uleb128 0xe
 2286 016b 13       		.uleb128 0x13
 2287 016c 0B       		.uleb128 0xb
 2288 016d 03       		.uleb128 0x3
 2289 016e 0E       		.uleb128 0xe
 2290 016f 1B       		.uleb128 0x1b
 2291 0170 0E       		.uleb128 0xe
 2292 0171 55       		.uleb128 0x55
 2293 0172 17       		.uleb128 0x17
 2294 0173 11       		.uleb128 0x11
 2295 0174 01       		.uleb128 0x1
 2296 0175 10       		.uleb128 0x10
 2297 0176 17       		.uleb128 0x17
 2298 0177 00       		.byte	0
 2299 0178 00       		.byte	0
 2300 0179 18       		.uleb128 0x18
 2301 017a 24       		.uleb128 0x24
 2302 017b 00       		.byte	0
 2303 017c 0B       		.uleb128 0xb
 2304 017d 0B       		.uleb128 0xb
 2305 017e 3E       		.uleb128 0x3e
 2306 017f 0B       		.uleb128 0xb
 2307 0180 03       		.uleb128 0x3
 2308 0181 08       		.uleb128 0x8
 2309 0182 00       		.byte	0
 2310 0183 00       		.byte	0
 2311 0184 19       		.uleb128 0x19
 2312 0185 15       		.uleb128 0x15
 2313 0186 01       		.byte	0x1
 2314 0187 27       		.uleb128 0x27
 2315 0188 19       		.uleb128 0x19
 2316 0189 01       		.uleb128 0x1
 2317 018a 13       		.uleb128 0x13
 2318 018b 00       		.byte	0
 2319 018c 00       		.byte	0
 2320 018d 1A       		.uleb128 0x1a
 2321 018e 0F       		.uleb128 0xf
 2322 018f 00       		.byte	0
 2323 0190 0B       		.uleb128 0xb
 2324 0191 0B       		.uleb128 0xb
 2325 0192 00       		.byte	0
 2326 0193 00       		.byte	0
ARM GAS  /tmp/ccStDKnV.s 			page 42


 2327 0194 1B       		.uleb128 0x1b
 2328 0195 13       		.uleb128 0x13
 2329 0196 01       		.byte	0x1
 2330 0197 03       		.uleb128 0x3
 2331 0198 0E       		.uleb128 0xe
 2332 0199 0B       		.uleb128 0xb
 2333 019a 05       		.uleb128 0x5
 2334 019b 3A       		.uleb128 0x3a
 2335 019c 0B       		.uleb128 0xb
 2336 019d 3B       		.uleb128 0x3b
 2337 019e 05       		.uleb128 0x5
 2338 019f 39       		.uleb128 0x39
 2339 01a0 0B       		.uleb128 0xb
 2340 01a1 01       		.uleb128 0x1
 2341 01a2 13       		.uleb128 0x13
 2342 01a3 00       		.byte	0
 2343 01a4 00       		.byte	0
 2344 01a5 1C       		.uleb128 0x1c
 2345 01a6 13       		.uleb128 0x13
 2346 01a7 01       		.byte	0x1
 2347 01a8 0B       		.uleb128 0xb
 2348 01a9 0B       		.uleb128 0xb
 2349 01aa 3A       		.uleb128 0x3a
 2350 01ab 0B       		.uleb128 0xb
 2351 01ac 3B       		.uleb128 0x3b
 2352 01ad 0B       		.uleb128 0xb
 2353 01ae 39       		.uleb128 0x39
 2354 01af 0B       		.uleb128 0xb
 2355 01b0 01       		.uleb128 0x1
 2356 01b1 13       		.uleb128 0x13
 2357 01b2 00       		.byte	0
 2358 01b3 00       		.byte	0
 2359 01b4 1D       		.uleb128 0x1d
 2360 01b5 17       		.uleb128 0x17
 2361 01b6 01       		.byte	0x1
 2362 01b7 0B       		.uleb128 0xb
 2363 01b8 0B       		.uleb128 0xb
 2364 01b9 3A       		.uleb128 0x3a
 2365 01ba 0B       		.uleb128 0xb
 2366 01bb 3B       		.uleb128 0x3b
 2367 01bc 0B       		.uleb128 0xb
 2368 01bd 39       		.uleb128 0x39
 2369 01be 0B       		.uleb128 0xb
 2370 01bf 01       		.uleb128 0x1
 2371 01c0 13       		.uleb128 0x13
 2372 01c1 00       		.byte	0
 2373 01c2 00       		.byte	0
 2374 01c3 1E       		.uleb128 0x1e
 2375 01c4 26       		.uleb128 0x26
 2376 01c5 00       		.byte	0
 2377 01c6 49       		.uleb128 0x49
 2378 01c7 13       		.uleb128 0x13
 2379 01c8 00       		.byte	0
 2380 01c9 00       		.byte	0
 2381 01ca 1F       		.uleb128 0x1f
 2382 01cb 01       		.uleb128 0x1
 2383 01cc 01       		.byte	0x1
ARM GAS  /tmp/ccStDKnV.s 			page 43


 2384 01cd 49       		.uleb128 0x49
 2385 01ce 13       		.uleb128 0x13
 2386 01cf 01       		.uleb128 0x1
 2387 01d0 13       		.uleb128 0x13
 2388 01d1 00       		.byte	0
 2389 01d2 00       		.byte	0
 2390 01d3 20       		.uleb128 0x20
 2391 01d4 21       		.uleb128 0x21
 2392 01d5 00       		.byte	0
 2393 01d6 49       		.uleb128 0x49
 2394 01d7 13       		.uleb128 0x13
 2395 01d8 2F       		.uleb128 0x2f
 2396 01d9 0B       		.uleb128 0xb
 2397 01da 00       		.byte	0
 2398 01db 00       		.byte	0
 2399 01dc 21       		.uleb128 0x21
 2400 01dd 34       		.uleb128 0x34
 2401 01de 00       		.byte	0
 2402 01df 03       		.uleb128 0x3
 2403 01e0 08       		.uleb128 0x8
 2404 01e1 3A       		.uleb128 0x3a
 2405 01e2 0B       		.uleb128 0xb
 2406 01e3 3B       		.uleb128 0x3b
 2407 01e4 05       		.uleb128 0x5
 2408 01e5 39       		.uleb128 0x39
 2409 01e6 0B       		.uleb128 0xb
 2410 01e7 49       		.uleb128 0x49
 2411 01e8 13       		.uleb128 0x13
 2412 01e9 3F       		.uleb128 0x3f
 2413 01ea 19       		.uleb128 0x19
 2414 01eb 3C       		.uleb128 0x3c
 2415 01ec 19       		.uleb128 0x19
 2416 01ed 00       		.byte	0
 2417 01ee 00       		.byte	0
 2418 01ef 22       		.uleb128 0x22
 2419 01f0 2E       		.uleb128 0x2e
 2420 01f1 01       		.byte	0x1
 2421 01f2 3F       		.uleb128 0x3f
 2422 01f3 19       		.uleb128 0x19
 2423 01f4 03       		.uleb128 0x3
 2424 01f5 0E       		.uleb128 0xe
 2425 01f6 3A       		.uleb128 0x3a
 2426 01f7 0B       		.uleb128 0xb
 2427 01f8 3B       		.uleb128 0x3b
 2428 01f9 05       		.uleb128 0x5
 2429 01fa 39       		.uleb128 0x39
 2430 01fb 0B       		.uleb128 0xb
 2431 01fc 27       		.uleb128 0x27
 2432 01fd 19       		.uleb128 0x19
 2433 01fe 3C       		.uleb128 0x3c
 2434 01ff 19       		.uleb128 0x19
 2435 0200 01       		.uleb128 0x1
 2436 0201 13       		.uleb128 0x13
 2437 0202 00       		.byte	0
 2438 0203 00       		.byte	0
 2439 0204 23       		.uleb128 0x23
 2440 0205 2E       		.uleb128 0x2e
ARM GAS  /tmp/ccStDKnV.s 			page 44


 2441 0206 01       		.byte	0x1
 2442 0207 03       		.uleb128 0x3
 2443 0208 0E       		.uleb128 0xe
 2444 0209 3A       		.uleb128 0x3a
 2445 020a 0B       		.uleb128 0xb
 2446 020b 3B       		.uleb128 0x3b
 2447 020c 05       		.uleb128 0x5
 2448 020d 39       		.uleb128 0x39
 2449 020e 0B       		.uleb128 0xb
 2450 020f 27       		.uleb128 0x27
 2451 0210 19       		.uleb128 0x19
 2452 0211 20       		.uleb128 0x20
 2453 0212 0B       		.uleb128 0xb
 2454 0213 00       		.byte	0
 2455 0214 00       		.byte	0
 2456 0215 24       		.uleb128 0x24
 2457 0216 05       		.uleb128 0x5
 2458 0217 00       		.byte	0
 2459 0218 03       		.uleb128 0x3
 2460 0219 0E       		.uleb128 0xe
 2461 021a 3A       		.uleb128 0x3a
 2462 021b 0B       		.uleb128 0xb
 2463 021c 3B       		.uleb128 0x3b
 2464 021d 05       		.uleb128 0x5
 2465 021e 39       		.uleb128 0x39
 2466 021f 0B       		.uleb128 0xb
 2467 0220 49       		.uleb128 0x49
 2468 0221 13       		.uleb128 0x13
 2469 0222 00       		.byte	0
 2470 0223 00       		.byte	0
 2471 0224 00       		.byte	0
 2472              		.section	.debug_loclists,"",%progbits
 2473 0000 3A000000 		.4byte	.Ldebug_loc3-.Ldebug_loc2
 2474              	.Ldebug_loc2:
 2475 0004 0500     		.2byte	0x5
 2476 0006 04       		.byte	0x4
 2477 0007 00       		.byte	0
 2478 0008 00000000 		.4byte	0
 2479              	.Ldebug_loc0:
 2480              	.LVUS4:
 2481 000c 06       		.uleb128 .LVU91
 2482 000d 00       		.uleb128 .LVU95
 2483              	.LLST4:
 2484 000e 08       		.byte	0x8
 2485 000f 00000000 		.4byte	.LVL12
 2486 0013 08       		.uleb128 .LVL13-.LVL12
 2487 0014 03       		.uleb128 0x3
 2488 0015 08       		.byte	0x8
 2489 0016 20       		.byte	0x20
 2490 0017 9F       		.byte	0x9f
 2491 0018 00       		.byte	0
 2492              	.LVUS5:
 2493 0019 05       		.uleb128 .LVU109
 2494 001a 00       		.uleb128 .LVU111
 2495              	.LLST5:
 2496 001b 08       		.byte	0x8
 2497 001c 20000000 		.4byte	.LVL15
ARM GAS  /tmp/ccStDKnV.s 			page 45


 2498 0020 06       		.uleb128 .LVL16-.LVL15
 2499 0021 02       		.uleb128 0x2
 2500 0022 30       		.byte	0x30
 2501 0023 9F       		.byte	0x9f
 2502 0024 00       		.byte	0
 2503              	.LVUS1:
 2504 0025 06       		.uleb128 .LVU63
 2505 0026 00       		.uleb128 .LVU67
 2506              	.LLST1:
 2507 0027 08       		.byte	0x8
 2508 0028 00000000 		.4byte	.LVL7
 2509 002c 08       		.uleb128 .LVL8-.LVL7
 2510 002d 03       		.uleb128 0x3
 2511 002e 08       		.byte	0x8
 2512 002f 20       		.byte	0x20
 2513 0030 9F       		.byte	0x9f
 2514 0031 00       		.byte	0
 2515              	.LVUS2:
 2516 0032 05       		.uleb128 .LVU81
 2517 0033 00       		.uleb128 .LVU83
 2518              	.LLST2:
 2519 0034 08       		.byte	0x8
 2520 0035 20000000 		.4byte	.LVL10
 2521 0039 06       		.uleb128 .LVL11-.LVL10
 2522 003a 02       		.uleb128 0x2
 2523 003b 30       		.byte	0x30
 2524 003c 9F       		.byte	0x9f
 2525 003d 00       		.byte	0
 2526              	.Ldebug_loc3:
 2527              		.section	.debug_aranges,"",%progbits
 2528 0000 6C000000 		.4byte	0x6c
 2529 0004 0200     		.2byte	0x2
 2530 0006 00000000 		.4byte	.Ldebug_info0
 2531 000a 04       		.byte	0x4
 2532 000b 00       		.byte	0
 2533 000c 0000     		.2byte	0
 2534 000e 0000     		.2byte	0
 2535 0010 00000000 		.4byte	.LFB186
 2536 0014 1C000000 		.4byte	.LFE186-.LFB186
 2537 0018 00000000 		.4byte	.LFB187
 2538 001c 1C000000 		.4byte	.LFE187-.LFB187
 2539 0020 00000000 		.4byte	.LFB188
 2540 0024 1C000000 		.4byte	.LFE188-.LFB188
 2541 0028 00000000 		.4byte	.LFB189
 2542 002c 20000000 		.4byte	.LFE189-.LFB189
 2543 0030 00000000 		.4byte	.LFB190
 2544 0034 28000000 		.4byte	.LFE190-.LFB190
 2545 0038 00000000 		.4byte	.LFB191
 2546 003c 24000000 		.4byte	.LFE191-.LFB191
 2547 0040 00000000 		.4byte	.LFB192
 2548 0044 2C000000 		.4byte	.LFE192-.LFB192
 2549 0048 00000000 		.4byte	.LFB193
 2550 004c 30000000 		.4byte	.LFE193-.LFB193
 2551 0050 00000000 		.4byte	.LFB194
 2552 0054 30000000 		.4byte	.LFE194-.LFB194
 2553 0058 00000000 		.4byte	.LFB195
 2554 005c 20000000 		.4byte	.LFE195-.LFB195
ARM GAS  /tmp/ccStDKnV.s 			page 46


 2555 0060 00000000 		.4byte	.LFB196
 2556 0064 1C000000 		.4byte	.LFE196-.LFB196
 2557 0068 00000000 		.4byte	0
 2558 006c 00000000 		.4byte	0
 2559              		.section	.debug_rnglists,"",%progbits
 2560              	.Ldebug_ranges0:
 2561 0000 63000000 		.4byte	.Ldebug_ranges3-.Ldebug_ranges2
 2562              	.Ldebug_ranges2:
 2563 0004 0500     		.2byte	0x5
 2564 0006 04       		.byte	0x4
 2565 0007 00       		.byte	0
 2566 0008 00000000 		.4byte	0
 2567              	.LLRL0:
 2568 000c 05       		.byte	0x5
 2569 000d 00000000 		.4byte	.LBB34
 2570 0011 04       		.byte	0x4
 2571 0012 00       		.uleb128 .LBB34-.LBB34
 2572 0013 00       		.uleb128 .LBE34-.LBB34
 2573 0014 04       		.byte	0x4
 2574 0015 02       		.uleb128 .LBB41-.LBB34
 2575 0016 08       		.uleb128 .LBE41-.LBB34
 2576 0017 00       		.byte	0
 2577              	.LLRL3:
 2578 0018 05       		.byte	0x5
 2579 0019 00000000 		.4byte	.LBB46
 2580 001d 04       		.byte	0x4
 2581 001e 00       		.uleb128 .LBB46-.LBB46
 2582 001f 00       		.uleb128 .LBE46-.LBB46
 2583 0020 04       		.byte	0x4
 2584 0021 02       		.uleb128 .LBB53-.LBB46
 2585 0022 08       		.uleb128 .LBE53-.LBB46
 2586 0023 00       		.byte	0
 2587              	.LLRL6:
 2588 0024 07       		.byte	0x7
 2589 0025 00000000 		.4byte	.LFB186
 2590 0029 1C       		.uleb128 .LFE186-.LFB186
 2591 002a 07       		.byte	0x7
 2592 002b 00000000 		.4byte	.LFB187
 2593 002f 1C       		.uleb128 .LFE187-.LFB187
 2594 0030 07       		.byte	0x7
 2595 0031 00000000 		.4byte	.LFB188
 2596 0035 1C       		.uleb128 .LFE188-.LFB188
 2597 0036 07       		.byte	0x7
 2598 0037 00000000 		.4byte	.LFB189
 2599 003b 20       		.uleb128 .LFE189-.LFB189
 2600 003c 07       		.byte	0x7
 2601 003d 00000000 		.4byte	.LFB190
 2602 0041 28       		.uleb128 .LFE190-.LFB190
 2603 0042 07       		.byte	0x7
 2604 0043 00000000 		.4byte	.LFB191
 2605 0047 24       		.uleb128 .LFE191-.LFB191
 2606 0048 07       		.byte	0x7
 2607 0049 00000000 		.4byte	.LFB192
 2608 004d 2C       		.uleb128 .LFE192-.LFB192
 2609 004e 07       		.byte	0x7
 2610 004f 00000000 		.4byte	.LFB193
 2611 0053 30       		.uleb128 .LFE193-.LFB193
ARM GAS  /tmp/ccStDKnV.s 			page 47


 2612 0054 07       		.byte	0x7
 2613 0055 00000000 		.4byte	.LFB194
 2614 0059 30       		.uleb128 .LFE194-.LFB194
 2615 005a 07       		.byte	0x7
 2616 005b 00000000 		.4byte	.LFB195
 2617 005f 20       		.uleb128 .LFE195-.LFB195
 2618 0060 07       		.byte	0x7
 2619 0061 00000000 		.4byte	.LFB196
 2620 0065 1C       		.uleb128 .LFE196-.LFB196
 2621 0066 00       		.byte	0
 2622              	.Ldebug_ranges3:
 2623              		.section	.debug_line,"",%progbits
 2624              	.Ldebug_line0:
 2625 0000 2E050000 		.section	.debug_str,"MS",%progbits,1
 2625      03006202 
 2625      00000201 
 2625      FB0E0D00 
 2625      01010101 
 2626              	.LASF42:
 2627 0000 72656164 		.ascii	"ready_list_t\000"
 2627      795F6C69 
 2627      73745F74 
 2627      00
 2628              	.LASF81:
 2629 000d 77747472 		.ascii	"wttrp\000"
 2629      7000
 2630              	.LASF109:
 2631 0013 2E2E2F52 		.ascii	"../RC_Controller/ChibiOS_3.0.5/os/rt/src/chdebug.c\000"
 2631      435F436F 
 2631      6E74726F 
 2631      6C6C6572 
 2631      2F436869 
 2632              	.LASF16:
 2633 0046 75696E74 		.ascii	"uint64_t\000"
 2633      36345F74 
 2633      00
 2634              	.LASF5:
 2635 004f 5F5F7569 		.ascii	"__uint8_t\000"
 2635      6E74385F 
 2635      7400
 2636              	.LASF75:
 2637 0059 706F7274 		.ascii	"port_intctx\000"
 2637      5F696E74 
 2637      63747800 
 2638              	.LASF61:
 2639 0065 73797374 		.ascii	"system_debug_t\000"
 2639      656D5F64 
 2639      65627567 
 2639      5F7400
 2640              	.LASF107:
 2641 0074 706F7274 		.ascii	"port_lock\000"
 2641      5F6C6F63 
 2641      6B00
 2642              	.LASF111:
 2643 007e 63685379 		.ascii	"chSysHalt\000"
 2643      7348616C 
 2643      7400
ARM GAS  /tmp/ccStDKnV.s 			page 48


 2644              	.LASF12:
 2645 0088 6C6F6E67 		.ascii	"long long unsigned int\000"
 2645      206C6F6E 
 2645      6720756E 
 2645      7369676E 
 2645      65642069 
 2646              	.LASF79:
 2647 009f 65786974 		.ascii	"exitcode\000"
 2647      636F6465 
 2647      00
 2648              	.LASF70:
 2649 00a8 6D61696E 		.ascii	"mainthread\000"
 2649      74687265 
 2649      616400
 2650              	.LASF58:
 2651 00b3 76697274 		.ascii	"virtual_timers_list_t\000"
 2651      75616C5F 
 2651      74696D65 
 2651      72735F6C 
 2651      6973745F 
 2652              	.LASF41:
 2653 00c9 63685F74 		.ascii	"ch_threads_queue\000"
 2653      68726561 
 2653      64735F71 
 2653      75657565 
 2653      00
 2654              	.LASF28:
 2655 00da 705F7072 		.ascii	"p_prio\000"
 2655      696F00
 2656              	.LASF92:
 2657 00e1 6D757465 		.ascii	"mutex_t\000"
 2657      785F7400 
 2658              	.LASF108:
 2659 00e9 474E5520 		.ascii	"GNU C99 13.2.1 20231009 -mcpu=cortex-m4 -mfpu=fpv4-"
 2659      43393920 
 2659      31332E32 
 2659      2E312032 
 2659      30323331 
 2660 011c 73702D64 		.ascii	"sp-d16 -mfloat-abi=hard -mfloat-abi=hard -mfpu=fpv4"
 2660      3136202D 
 2660      6D666C6F 
 2660      61742D61 
 2660      62693D68 
 2661 014f 2D73702D 		.ascii	"-sp-d16 -mno-thumb-interwork -mthumb -march=armv7e-"
 2661      64313620 
 2661      2D6D6E6F 
 2661      2D746875 
 2661      6D622D69 
 2662 0182 6D2B6670 		.ascii	"m+fp -ggdb -O2 -std=gnu99 -fomit-frame-pointer -fal"
 2662      202D6767 
 2662      6462202D 
 2662      4F32202D 
 2662      7374643D 
 2663 01b5 69676E2D 		.ascii	"ign-functions=16 -ffunction-sections -fdata-section"
 2663      66756E63 
 2663      74696F6E 
 2663      733D3136 
ARM GAS  /tmp/ccStDKnV.s 			page 49


 2663      202D6666 
 2664 01e8 73202D66 		.ascii	"s -fno-common -fsingle-precision-constant\000"
 2664      6E6F2D63 
 2664      6F6D6D6F 
 2664      6E202D66 
 2664      73696E67 
 2665              	.LASF1:
 2666 0212 7369676E 		.ascii	"signed char\000"
 2666      65642063 
 2666      68617200 
 2667              	.LASF88:
 2668 021e 6D5F7175 		.ascii	"m_queue\000"
 2668      65756500 
 2669              	.LASF69:
 2670 0226 76746C69 		.ascii	"vtlist\000"
 2670      737400
 2671              	.LASF106:
 2672 022d 706F7274 		.ascii	"port_unlock\000"
 2672      5F756E6C 
 2672      6F636B00 
 2673              	.LASF20:
 2674 0239 74736C69 		.ascii	"tslices_t\000"
 2674      6365735F 
 2674      7400
 2675              	.LASF110:
 2676 0243 2F686F6D 		.ascii	"/home/gunnar/code/rise_sdvp/Embedded/RTCM_Forwarder"
 2676      652F6775 
 2676      6E6E6172 
 2676      2F636F64 
 2676      652F7269 
 2677 0276 5F50726F 		.ascii	"_Project\000"
 2677      6A656374 
 2677      00
 2678              	.LASF101:
 2679 027f 5F646267 		.ascii	"_dbg_check_enable\000"
 2679      5F636865 
 2679      636B5F65 
 2679      6E61626C 
 2679      6500
 2680              	.LASF67:
 2681 0291 63685F73 		.ascii	"ch_system\000"
 2681      79737465 
 2681      6D00
 2682              	.LASF7:
 2683 029b 6C6F6E67 		.ascii	"long int\000"
 2683      20696E74 
 2683      00
 2684              	.LASF19:
 2685 02a4 74737461 		.ascii	"tstate_t\000"
 2685      74655F74 
 2685      00
 2686              	.LASF30:
 2687 02ad 705F6E65 		.ascii	"p_newer\000"
 2687      77657200 
 2688              	.LASF85:
 2689 02b5 735F7175 		.ascii	"s_queue\000"
 2689      65756500 
ARM GAS  /tmp/ccStDKnV.s 			page 50


 2690              	.LASF47:
 2691 02bd 725F6E65 		.ascii	"r_newer\000"
 2691      77657200 
 2692              	.LASF72:
 2693 02c5 72656761 		.ascii	"regarm_t\000"
 2693      726D5F74 
 2693      00
 2694              	.LASF54:
 2695 02ce 76745F70 		.ascii	"vt_prev\000"
 2695      72657600 
 2696              	.LASF10:
 2697 02d6 6C6F6E67 		.ascii	"long long int\000"
 2697      206C6F6E 
 2697      6720696E 
 2697      7400
 2698              	.LASF113:
 2699 02e4 76616C75 		.ascii	"value\000"
 2699      6500
 2700              	.LASF65:
 2701 02ea 6C6F636B 		.ascii	"lock_cnt\000"
 2701      5F636E74 
 2701      00
 2702              	.LASF71:
 2703 02f3 69646C65 		.ascii	"idle_thread_wa\000"
 2703      5F746872 
 2703      6561645F 
 2703      776100
 2704              	.LASF23:
 2705 0302 636E745F 		.ascii	"cnt_t\000"
 2705      7400
 2706              	.LASF0:
 2707 0308 756E7369 		.ascii	"unsigned int\000"
 2707      676E6564 
 2707      20696E74 
 2707      00
 2708              	.LASF53:
 2709 0315 76745F6E 		.ascii	"vt_next\000"
 2709      65787400 
 2710              	.LASF95:
 2711 031d 5F646267 		.ascii	"_dbg_check_leave_isr\000"
 2711      5F636865 
 2711      636B5F6C 
 2711      65617665 
 2711      5F697372 
 2712              	.LASF82:
 2713 0332 77747365 		.ascii	"wtsemp\000"
 2713      6D7000
 2714              	.LASF86:
 2715 0339 735F636E 		.ascii	"s_cnt\000"
 2715      7400
 2716              	.LASF4:
 2717 033f 73686F72 		.ascii	"short unsigned int\000"
 2717      7420756E 
 2717      7369676E 
 2717      65642069 
 2717      6E7400
 2718              	.LASF40:
ARM GAS  /tmp/ccStDKnV.s 			page 51


 2719 0352 63685F74 		.ascii	"ch_thread\000"
 2719      68726561 
 2719      6400
 2720              	.LASF22:
 2721 035c 6D73675F 		.ascii	"msg_t\000"
 2721      7400
 2722              	.LASF94:
 2723 0362 63684462 		.ascii	"chDbgCheckClassI\000"
 2723      67436865 
 2723      636B436C 
 2723      61737349 
 2723      00
 2724              	.LASF66:
 2725 0373 63685F73 		.ascii	"ch_system_t\000"
 2725      79737465 
 2725      6D5F7400 
 2726              	.LASF18:
 2727 037f 746D6F64 		.ascii	"tmode_t\000"
 2727      655F7400 
 2728              	.LASF93:
 2729 0387 63684462 		.ascii	"chDbgCheckClassS\000"
 2729      67436865 
 2729      636B436C 
 2729      61737353 
 2729      00
 2730              	.LASF43:
 2731 0398 63685F72 		.ascii	"ch_ready_list\000"
 2731      65616479 
 2731      5F6C6973 
 2731      7400
 2732              	.LASF6:
 2733 03a6 5F5F696E 		.ascii	"__int32_t\000"
 2733      7433325F 
 2733      7400
 2734              	.LASF73:
 2735 03b0 73746B61 		.ascii	"stkalign_t\000"
 2735      6C69676E 
 2735      5F7400
 2736              	.LASF102:
 2737 03bb 5F646267 		.ascii	"_dbg_check_suspend\000"
 2737      5F636865 
 2737      636B5F73 
 2737      75737065 
 2737      6E6400
 2738              	.LASF17:
 2739 03ce 7274636E 		.ascii	"rtcnt_t\000"
 2739      745F7400 
 2740              	.LASF38:
 2741 03d6 74687265 		.ascii	"thread_reference_t\000"
 2741      61645F72 
 2741      65666572 
 2741      656E6365 
 2741      5F7400
 2742              	.LASF100:
 2743 03e9 5F646267 		.ascii	"_dbg_check_lock\000"
 2743      5F636865 
 2743      636B5F6C 
ARM GAS  /tmp/ccStDKnV.s 			page 52


 2743      6F636B00 
 2744              	.LASF59:
 2745 03f9 63685F76 		.ascii	"ch_virtual_timers_list\000"
 2745      69727475 
 2745      616C5F74 
 2745      696D6572 
 2745      735F6C69 
 2746              	.LASF96:
 2747 0410 5F646267 		.ascii	"_dbg_check_enter_isr\000"
 2747      5F636865 
 2747      636B5F65 
 2747      6E746572 
 2747      5F697372 
 2748              	.LASF46:
 2749 0425 725F6374 		.ascii	"r_ctx\000"
 2749      7800
 2750              	.LASF77:
 2751 042b 746D5F63 		.ascii	"tm_calibration_t\000"
 2751      616C6962 
 2751      72617469 
 2751      6F6E5F74 
 2751      00
 2752              	.LASF49:
 2753 043c 725F6375 		.ascii	"r_current\000"
 2753      7272656E 
 2753      7400
 2754              	.LASF48:
 2755 0446 725F6F6C 		.ascii	"r_older\000"
 2755      64657200 
 2756              	.LASF98:
 2757 044e 5F646267 		.ascii	"_dbg_check_lock_from_isr\000"
 2757      5F636865 
 2757      636B5F6C 
 2757      6F636B5F 
 2757      66726F6D 
 2758              	.LASF11:
 2759 0467 5F5F7569 		.ascii	"__uint64_t\000"
 2759      6E743634 
 2759      5F7400
 2760              	.LASF103:
 2761 0472 5F646267 		.ascii	"_dbg_check_disable\000"
 2761      5F636865 
 2761      636B5F64 
 2761      69736162 
 2761      6C6500
 2762              	.LASF51:
 2763 0485 76697274 		.ascii	"virtual_timer_t\000"
 2763      75616C5F 
 2763      74696D65 
 2763      725F7400 
 2764              	.LASF27:
 2765 0495 705F7072 		.ascii	"p_prev\000"
 2765      657600
 2766              	.LASF21:
 2767 049c 74707269 		.ascii	"tprio_t\000"
 2767      6F5F7400 
 2768              	.LASF62:
ARM GAS  /tmp/ccStDKnV.s 			page 53


 2769 04a4 63685F73 		.ascii	"ch_system_debug\000"
 2769      79737465 
 2769      6D5F6465 
 2769      62756700 
 2770              	.LASF14:
 2771 04b4 696E7433 		.ascii	"int32_t\000"
 2771      325F7400 
 2772              	.LASF2:
 2773 04bc 756E7369 		.ascii	"unsigned char\000"
 2773      676E6564 
 2773      20636861 
 2773      7200
 2774              	.LASF36:
 2775 04ca 705F6D74 		.ascii	"p_mtxlist\000"
 2775      786C6973 
 2775      7400
 2776              	.LASF3:
 2777 04d4 73686F72 		.ascii	"short int\000"
 2777      7420696E 
 2777      7400
 2778              	.LASF33:
 2779 04de 705F7374 		.ascii	"p_state\000"
 2779      61746500 
 2780              	.LASF35:
 2781 04e6 705F7072 		.ascii	"p_preempt\000"
 2781      65656D70 
 2781      7400
 2782              	.LASF31:
 2783 04f0 705F6F6C 		.ascii	"p_older\000"
 2783      64657200 
 2784              	.LASF45:
 2785 04f8 725F7072 		.ascii	"r_prio\000"
 2785      696F00
 2786              	.LASF26:
 2787 04ff 705F6E65 		.ascii	"p_next\000"
 2787      787400
 2788              	.LASF34:
 2789 0506 705F666C 		.ascii	"p_flags\000"
 2789      61677300 
 2790              	.LASF78:
 2791 050e 7264796D 		.ascii	"rdymsg\000"
 2791      736700
 2792              	.LASF52:
 2793 0515 63685F76 		.ascii	"ch_virtual_timer\000"
 2793      69727475 
 2793      616C5F74 
 2793      696D6572 
 2793      00
 2794              	.LASF84:
 2795 0526 63685F73 		.ascii	"ch_semaphore\000"
 2795      656D6170 
 2795      686F7265 
 2795      00
 2796              	.LASF15:
 2797 0533 75696E74 		.ascii	"uint32_t\000"
 2797      33325F74 
 2797      00
ARM GAS  /tmp/ccStDKnV.s 			page 54


 2798              	.LASF83:
 2799 053c 77746D74 		.ascii	"wtmtxp\000"
 2799      787000
 2800              	.LASF44:
 2801 0543 725F7175 		.ascii	"r_queue\000"
 2801      65756500 
 2802              	.LASF55:
 2803 054b 76745F64 		.ascii	"vt_delta\000"
 2803      656C7461 
 2803      00
 2804              	.LASF9:
 2805 0554 6C6F6E67 		.ascii	"long unsigned int\000"
 2805      20756E73 
 2805      69676E65 
 2805      6420696E 
 2805      7400
 2806              	.LASF91:
 2807 0566 63686172 		.ascii	"char\000"
 2807      00
 2808              	.LASF104:
 2809 056b 706F7274 		.ascii	"port_unlock_from_isr\000"
 2809      5F756E6C 
 2809      6F636B5F 
 2809      66726F6D 
 2809      5F697372 
 2810              	.LASF25:
 2811 0580 74687265 		.ascii	"thread_t\000"
 2811      61645F74 
 2811      00
 2812              	.LASF90:
 2813 0589 6D5F6E65 		.ascii	"m_next\000"
 2813      787400
 2814              	.LASF24:
 2815 0590 73797374 		.ascii	"systime_t\000"
 2815      696D655F 
 2815      7400
 2816              	.LASF37:
 2817 059a 705F7265 		.ascii	"p_realprio\000"
 2817      616C7072 
 2817      696F00
 2818              	.LASF50:
 2819 05a5 76746675 		.ascii	"vtfunc_t\000"
 2819      6E635F74 
 2819      00
 2820              	.LASF8:
 2821 05ae 5F5F7569 		.ascii	"__uint32_t\000"
 2821      6E743332 
 2821      5F7400
 2822              	.LASF112:
 2823 05b9 5F5F7365 		.ascii	"__set_BASEPRI\000"
 2823      745F4241 
 2823      53455052 
 2823      4900
 2824              	.LASF63:
 2825 05c7 70616E69 		.ascii	"panic_msg\000"
 2825      635F6D73 
 2825      6700
ARM GAS  /tmp/ccStDKnV.s 			page 55


 2826              	.LASF76:
 2827 05d1 6F666673 		.ascii	"offset\000"
 2827      657400
 2828              	.LASF74:
 2829 05d8 636F6E74 		.ascii	"context\000"
 2829      65787400 
 2830              	.LASF105:
 2831 05e0 706F7274 		.ascii	"port_lock_from_isr\000"
 2831      5F6C6F63 
 2831      6B5F6672 
 2831      6F6D5F69 
 2831      737200
 2832              	.LASF57:
 2833 05f3 76745F70 		.ascii	"vt_par\000"
 2833      617200
 2834              	.LASF97:
 2835 05fa 5F646267 		.ascii	"_dbg_check_unlock_from_isr\000"
 2835      5F636865 
 2835      636B5F75 
 2835      6E6C6F63 
 2835      6B5F6672 
 2836              	.LASF39:
 2837 0615 74687265 		.ascii	"threads_queue_t\000"
 2837      6164735F 
 2837      71756575 
 2837      655F7400 
 2838              	.LASF87:
 2839 0625 63685F6D 		.ascii	"ch_mutex\000"
 2839      75746578 
 2839      00
 2840              	.LASF64:
 2841 062e 6973725F 		.ascii	"isr_cnt\000"
 2841      636E7400 
 2842              	.LASF68:
 2843 0636 726C6973 		.ascii	"rlist\000"
 2843      7400
 2844              	.LASF13:
 2845 063c 75696E74 		.ascii	"uint8_t\000"
 2845      385F7400 
 2846              	.LASF99:
 2847 0644 5F646267 		.ascii	"_dbg_check_unlock\000"
 2847      5F636865 
 2847      636B5F75 
 2847      6E6C6F63 
 2847      6B00
 2848              	.LASF80:
 2849 0656 77746F62 		.ascii	"wtobjp\000"
 2849      6A7000
 2850              	.LASF32:
 2851 065d 705F6E61 		.ascii	"p_name\000"
 2851      6D6500
 2852              	.LASF60:
 2853 0664 76745F73 		.ascii	"vt_systime\000"
 2853      79737469 
 2853      6D6500
 2854              	.LASF89:
 2855 066f 6D5F6F77 		.ascii	"m_owner\000"
ARM GAS  /tmp/ccStDKnV.s 			page 56


 2855      6E657200 
 2856              	.LASF29:
 2857 0677 705F6374 		.ascii	"p_ctx\000"
 2857      7800
 2858              	.LASF56:
 2859 067d 76745F66 		.ascii	"vt_func\000"
 2859      756E6300 
 2860              		.ident	"GCC: (Arm GNU Toolchain 13.2.rel1 (Build arm-13.7)) 13.2.1 20231009"
ARM GAS  /tmp/ccStDKnV.s 			page 57


DEFINED SYMBOLS
                            *ABS*:00000000 chdebug.c
     /tmp/ccStDKnV.s:21     .rodata._dbg_check_disable.str1.4:00000000 $d
     /tmp/ccStDKnV.s:25     .text._dbg_check_disable:00000000 $t
     /tmp/ccStDKnV.s:32     .text._dbg_check_disable:00000000 _dbg_check_disable
     /tmp/ccStDKnV.s:56     .text._dbg_check_disable:00000014 $d
     /tmp/ccStDKnV.s:62     .rodata._dbg_check_suspend.str1.4:00000000 $d
     /tmp/ccStDKnV.s:66     .text._dbg_check_suspend:00000000 $t
     /tmp/ccStDKnV.s:73     .text._dbg_check_suspend:00000000 _dbg_check_suspend
     /tmp/ccStDKnV.s:97     .text._dbg_check_suspend:00000014 $d
     /tmp/ccStDKnV.s:103    .rodata._dbg_check_enable.str1.4:00000000 $d
     /tmp/ccStDKnV.s:107    .text._dbg_check_enable:00000000 $t
     /tmp/ccStDKnV.s:114    .text._dbg_check_enable:00000000 _dbg_check_enable
     /tmp/ccStDKnV.s:138    .text._dbg_check_enable:00000014 $d
     /tmp/ccStDKnV.s:144    .rodata._dbg_check_lock.str1.4:00000000 $d
     /tmp/ccStDKnV.s:148    .text._dbg_check_lock:00000000 $t
     /tmp/ccStDKnV.s:155    .text._dbg_check_lock:00000000 _dbg_check_lock
     /tmp/ccStDKnV.s:186    .text._dbg_check_lock:00000018 $d
     /tmp/ccStDKnV.s:192    .rodata._dbg_check_unlock.str1.4:00000000 $d
     /tmp/ccStDKnV.s:196    .text._dbg_check_unlock:00000000 $t
     /tmp/ccStDKnV.s:203    .text._dbg_check_unlock:00000000 _dbg_check_unlock
     /tmp/ccStDKnV.s:242    .text._dbg_check_unlock:00000020 $d
     /tmp/ccStDKnV.s:248    .rodata._dbg_check_lock_from_isr.str1.4:00000000 $d
     /tmp/ccStDKnV.s:252    .text._dbg_check_lock_from_isr:00000000 $t
     /tmp/ccStDKnV.s:259    .text._dbg_check_lock_from_isr:00000000 _dbg_check_lock_from_isr
     /tmp/ccStDKnV.s:294    .text._dbg_check_lock_from_isr:0000001c $d
     /tmp/ccStDKnV.s:300    .rodata._dbg_check_unlock_from_isr.str1.4:00000000 $d
     /tmp/ccStDKnV.s:304    .text._dbg_check_unlock_from_isr:00000000 $t
     /tmp/ccStDKnV.s:311    .text._dbg_check_unlock_from_isr:00000000 _dbg_check_unlock_from_isr
     /tmp/ccStDKnV.s:351    .text._dbg_check_unlock_from_isr:00000024 $d
     /tmp/ccStDKnV.s:357    .rodata._dbg_check_enter_isr.str1.4:00000000 $d
     /tmp/ccStDKnV.s:361    .text._dbg_check_enter_isr:00000000 $t
     /tmp/ccStDKnV.s:368    .text._dbg_check_enter_isr:00000000 _dbg_check_enter_isr
     /tmp/ccStDKnV.s:473    .text._dbg_check_enter_isr:00000028 $d
     /tmp/ccStDKnV.s:479    .rodata._dbg_check_leave_isr.str1.4:00000000 $d
     /tmp/ccStDKnV.s:483    .text._dbg_check_leave_isr:00000000 $t
     /tmp/ccStDKnV.s:490    .text._dbg_check_leave_isr:00000000 _dbg_check_leave_isr
     /tmp/ccStDKnV.s:593    .text._dbg_check_leave_isr:00000028 $d
     /tmp/ccStDKnV.s:599    .rodata.chDbgCheckClassI.str1.4:00000000 $d
     /tmp/ccStDKnV.s:603    .text.chDbgCheckClassI:00000000 $t
     /tmp/ccStDKnV.s:610    .text.chDbgCheckClassI:00000000 chDbgCheckClassI
     /tmp/ccStDKnV.s:638    .text.chDbgCheckClassI:00000018 $d
     /tmp/ccStDKnV.s:644    .rodata.chDbgCheckClassS.str1.4:00000000 $d
     /tmp/ccStDKnV.s:648    .text.chDbgCheckClassS:00000000 $t
     /tmp/ccStDKnV.s:655    .text.chDbgCheckClassS:00000000 chDbgCheckClassS
     /tmp/ccStDKnV.s:682    .text.chDbgCheckClassS:00000014 $d

UNDEFINED SYMBOLS
chSysHalt
ch
