ARM GAS  /tmp/cc0QrU2x.s 			page 1


   1              		.cpu cortex-m4
   2              		.arch armv7e-m
   3              		.fpu fpv4-sp-d16
   4              		.eabi_attribute 27, 1
   5              		.eabi_attribute 28, 1
   6              		.eabi_attribute 20, 1
   7              		.eabi_attribute 21, 1
   8              		.eabi_attribute 23, 3
   9              		.eabi_attribute 24, 1
  10              		.eabi_attribute 25, 1
  11              		.eabi_attribute 26, 1
  12              		.eabi_attribute 30, 2
  13              		.eabi_attribute 34, 1
  14              		.eabi_attribute 18, 4
  15              		.file	"chmemcore.c"
  16              		.text
  17              	.Ltext0:
  18              		.cfi_sections	.debug_frame
  19              		.file 1 "../RC_Controller/ChibiOS_3.0.5/os/rt/src/chmemcore.c"
  20              		.section	.text._core_init,"ax",%progbits
  21              		.align	1
  22              		.p2align 4,,15
  23              		.global	_core_init
  24              		.syntax unified
  25              		.thumb
  26              		.thumb_func
  27              		.type	_core_init, %function
  28              	_core_init:
  29              	.LFB186:
  30              		.loc 1 78 23 view -0
  31              		.cfi_startproc
  32              		@ args = 0, pretend = 0, frame = 0
  33              		@ frame_needed = 0, uses_anonymous_args = 0
  34              		@ link register save eliminated.
  35              		.loc 1 80 3 view .LVU1
  36              		.loc 1 81 3 view .LVU2
  37              		.loc 1 84 3 view .LVU3
  38              		.loc 1 84 24 is_stmt 0 view .LVU4
  39 0000 054A     		ldr	r2, .L3
  40              		.loc 1 85 23 view .LVU5
  41 0002 064B     		ldr	r3, .L3+4
  42              		.loc 1 84 11 view .LVU6
  43 0004 0648     		ldr	r0, .L3+8
  44              		.loc 1 85 10 view .LVU7
  45 0006 0749     		ldr	r1, .L3+12
  46              		.loc 1 84 24 view .LVU8
  47 0008 22F00702 		bic	r2, r2, #7
  48              		.loc 1 85 23 view .LVU9
  49 000c 23F00703 		bic	r3, r3, #7
  50              		.loc 1 84 11 view .LVU10
  51 0010 0260     		str	r2, [r0]
  52              		.loc 1 85 3 is_stmt 1 view .LVU11
  53              		.loc 1 85 10 is_stmt 0 view .LVU12
  54 0012 0B60     		str	r3, [r1]
  55              		.loc 1 95 1 view .LVU13
  56 0014 7047     		bx	lr
  57              	.L4:
ARM GAS  /tmp/cc0QrU2x.s 			page 2


  58 0016 00BF     		.align	2
  59              	.L3:
  60 0018 07000000 		.word	__heap_base__+7
  61 001c 00000000 		.word	__heap_end__
  62 0020 00000000 		.word	nextmem
  63 0024 00000000 		.word	endmem
  64              		.cfi_endproc
  65              	.LFE186:
  66              		.size	_core_init, .-_core_init
  67              		.section	.text.chCoreAlloc,"ax",%progbits
  68              		.align	1
  69              		.p2align 4,,15
  70              		.global	chCoreAlloc
  71              		.syntax unified
  72              		.thumb
  73              		.thumb_func
  74              		.type	chCoreAlloc, %function
  75              	chCoreAlloc:
  76              	.LVL0:
  77              	.LFB187:
  78              		.loc 1 109 32 is_stmt 1 view -0
  79              		.cfi_startproc
  80              		@ args = 0, pretend = 0, frame = 0
  81              		@ frame_needed = 0, uses_anonymous_args = 0
  82              		.loc 1 110 3 view .LVU15
  83              		.loc 1 112 3 view .LVU16
  84              	.LBB31:
  85              	.LBI31:
  86              		.file 2 "../RC_Controller/ChibiOS_3.0.5/os/rt/include/chsys.h"
  87              		.loc 2 346 20 view .LVU17
  88              	.LBB32:
  89              		.loc 2 348 3 view .LVU18
  90              	.LBB33:
  91              	.LBI33:
  92              		.file 3 "../RC_Controller/ChibiOS_3.0.5/os/rt/ports/ARMCMx/chcore_v7m.h"
  93              		.loc 3 444 20 view .LVU19
  94              		.loc 3 447 3 view .LVU20
  95              	.LBB34:
  96              	.LBI34:
  97              		.file 4 "../RC_Controller/ChibiOS_3.0.5/os/ext/CMSIS/include/core_cmFunc.h"
  98              		.loc 4 544 57 view .LVU21
  99              	.LBB35:
 100              		.loc 4 546 3 view .LVU22
 101              	.LBE35:
 102              	.LBE34:
 103              	.LBE33:
 104              	.LBE32:
 105              	.LBE31:
 106              		.loc 1 109 32 is_stmt 0 view .LVU23
 107 0000 38B5     		push	{r3, r4, r5, lr}
 108              		.cfi_def_cfa_offset 16
 109              		.cfi_offset 3, -16
 110              		.cfi_offset 4, -12
 111              		.cfi_offset 5, -8
 112              		.cfi_offset 14, -4
 113              		.loc 1 109 32 view .LVU24
 114 0002 0446     		mov	r4, r0
ARM GAS  /tmp/cc0QrU2x.s 			page 3


 115              	.LBB40:
 116              	.LBB39:
 117              	.LBB38:
 118              	.LBB37:
 119              	.LBB36:
 120              		.loc 4 546 3 view .LVU25
 121 0004 2023     		movs	r3, #32
 122              		.syntax unified
 123              	@ 546 "../RC_Controller/ChibiOS_3.0.5/os/ext/CMSIS/include/core_cmFunc.h" 1
 124 0006 83F31188 		MSR basepri, r3
 125              	@ 0 "" 2
 126              	.LVL1:
 127              		.loc 4 546 3 view .LVU26
 128              		.thumb
 129              		.syntax unified
 130              	.LBE36:
 131              	.LBE37:
 132              	.LBE38:
 133              		.loc 2 349 34 is_stmt 1 view .LVU27
 134              		.loc 2 350 3 view .LVU28
 135 000a FFF7FEFF 		bl	_dbg_check_lock
 136              	.LVL2:
 137              		.loc 2 350 3 is_stmt 0 view .LVU29
 138              	.LBE39:
 139              	.LBE40:
 140              		.loc 1 113 3 is_stmt 1 view .LVU30
 141              	.LBB41:
 142              	.LBI41:
 143              		.loc 1 131 7 view .LVU31
 144              	.LBB42:
 145              		.loc 1 132 3 view .LVU32
 146              		.loc 1 134 3 view .LVU33
 147 000e FFF7FEFF 		bl	chDbgCheckClassI
 148              	.LVL3:
 149              		.loc 1 136 3 view .LVU34
 150              		.loc 1 138 23 is_stmt 0 view .LVU35
 151 0012 124A     		ldr	r2, .L11
 152 0014 124B     		ldr	r3, .L11+4
 153 0016 1568     		ldr	r5, [r2]
 154 0018 1B68     		ldr	r3, [r3]
 155              		.loc 1 136 10 view .LVU36
 156 001a E01D     		adds	r0, r4, #7
 157              		.loc 1 136 8 view .LVU37
 158 001c 20F00700 		bic	r0, r0, #7
 159              	.LVL4:
 160              		.loc 1 138 3 is_stmt 1 view .LVU38
 161              		.loc 1 138 23 is_stmt 0 view .LVU39
 162 0020 5B1B     		subs	r3, r3, r5
 163              		.loc 1 138 6 view .LVU40
 164 0022 9842     		cmp	r0, r3
 165              		.loc 1 142 3 is_stmt 1 view .LVU41
 166              	.LVL5:
 167              		.loc 1 143 3 view .LVU42
 168              		.loc 1 143 11 is_stmt 0 view .LVU43
 169 0024 9ABF     		itte	ls
 170 0026 4019     		addls	r0, r0, r5
 171              	.LVL6:
ARM GAS  /tmp/cc0QrU2x.s 			page 4


 172              		.loc 1 143 11 view .LVU44
 173 0028 1060     		strls	r0, [r2]
 174              		.loc 1 145 3 is_stmt 1 view .LVU45
 175              		.loc 1 140 12 is_stmt 0 view .LVU46
 176 002a 0025     		movhi	r5, #0
 177              	.LVL7:
 178              		.loc 1 140 12 view .LVU47
 179              	.LBE42:
 180              	.LBE41:
 181              		.loc 1 114 3 is_stmt 1 view .LVU48
 182              	.LBB43:
 183              	.LBI43:
 184              		.loc 2 358 20 view .LVU49
 185              	.LBB44:
 186              		.loc 2 360 3 view .LVU50
 187 002c FFF7FEFF 		bl	_dbg_check_unlock
 188              	.LVL8:
 189              		.loc 2 361 33 view .LVU51
 190              		.loc 2 367 3 view .LVU52
 191              		.loc 2 367 3 view .LVU53
 192              		.loc 2 367 3 discriminator 1 view .LVU54
 193 0030 0C4B     		ldr	r3, .L11+8
 194 0032 1A68     		ldr	r2, [r3]
 195 0034 9A42     		cmp	r2, r3
 196 0036 04D0     		beq	.L7
 197              		.loc 2 367 3 is_stmt 0 discriminator 3 view .LVU55
 198 0038 9969     		ldr	r1, [r3, #24]
 199 003a 9368     		ldr	r3, [r2, #8]
 200 003c 8A68     		ldr	r2, [r1, #8]
 201 003e 9A42     		cmp	r2, r3
 202 0040 04D3     		bcc	.L10
 203              	.L7:
 204              		.loc 2 367 3 is_stmt 1 discriminator 7 view .LVU56
 205              		.loc 2 371 3 view .LVU57
 206              	.LBB45:
 207              	.LBI45:
 208              		.loc 3 458 20 view .LVU58
 209              		.loc 3 461 3 view .LVU59
 210              	.LVL9:
 211              	.LBB46:
 212              	.LBI46:
 213              		.loc 4 544 57 view .LVU60
 214              	.LBB47:
 215              		.loc 4 546 3 view .LVU61
 216 0042 0023     		movs	r3, #0
 217              		.syntax unified
 218              	@ 546 "../RC_Controller/ChibiOS_3.0.5/os/ext/CMSIS/include/core_cmFunc.h" 1
 219 0044 83F31188 		MSR basepri, r3
 220              	@ 0 "" 2
 221              	.LVL10:
 222              		.loc 4 546 3 is_stmt 0 view .LVU62
 223              		.thumb
 224              		.syntax unified
 225              	.LBE47:
 226              	.LBE46:
 227              	.LBE45:
 228              	.LBE44:
ARM GAS  /tmp/cc0QrU2x.s 			page 5


 229              	.LBE43:
 230              		.loc 1 116 3 is_stmt 1 view .LVU63
 231              		.loc 1 117 1 is_stmt 0 view .LVU64
 232 0048 2846     		mov	r0, r5
 233 004a 38BD     		pop	{r3, r4, r5, pc}
 234              	.LVL11:
 235              	.L10:
 236              	.LBB52:
 237              	.LBB51:
 238              		.loc 2 367 3 is_stmt 1 discriminator 5 view .LVU65
 239 004c 0648     		ldr	r0, .L11+12
 240 004e FFF7FEFF 		bl	chSysHalt
 241              	.LVL12:
 242              		.loc 2 367 3 discriminator 7 view .LVU66
 243              		.loc 2 371 3 view .LVU67
 244              	.LBB50:
 245              		.loc 3 458 20 view .LVU68
 246              		.loc 3 461 3 view .LVU69
 247              	.LBB49:
 248              		.loc 4 544 57 view .LVU70
 249              	.LBB48:
 250              		.loc 4 546 3 view .LVU71
 251 0052 0023     		movs	r3, #0
 252              		.syntax unified
 253              	@ 546 "../RC_Controller/ChibiOS_3.0.5/os/ext/CMSIS/include/core_cmFunc.h" 1
 254 0054 83F31188 		MSR basepri, r3
 255              	@ 0 "" 2
 256              	.LVL13:
 257              		.loc 4 546 3 is_stmt 0 view .LVU72
 258              		.thumb
 259              		.syntax unified
 260              	.LBE48:
 261              	.LBE49:
 262              	.LBE50:
 263              	.LBE51:
 264              	.LBE52:
 265              		.loc 1 116 3 is_stmt 1 view .LVU73
 266              		.loc 1 117 1 is_stmt 0 view .LVU74
 267 0058 2846     		mov	r0, r5
 268 005a 38BD     		pop	{r3, r4, r5, pc}
 269              	.LVL14:
 270              	.L12:
 271              		.loc 1 117 1 view .LVU75
 272              		.align	2
 273              	.L11:
 274 005c 00000000 		.word	nextmem
 275 0060 00000000 		.word	endmem
 276 0064 00000000 		.word	ch
 277 0068 00000000 		.word	__func__.0
 278              		.cfi_endproc
 279              	.LFE187:
 280              		.size	chCoreAlloc, .-chCoreAlloc
 281              		.section	.text.chCoreAllocI,"ax",%progbits
 282              		.align	1
 283              		.p2align 4,,15
 284              		.global	chCoreAllocI
 285              		.syntax unified
ARM GAS  /tmp/cc0QrU2x.s 			page 6


 286              		.thumb
 287              		.thumb_func
 288              		.type	chCoreAllocI, %function
 289              	chCoreAllocI:
 290              	.LVL15:
 291              	.LFB188:
 292              		.loc 1 131 33 is_stmt 1 view -0
 293              		.cfi_startproc
 294              		@ args = 0, pretend = 0, frame = 0
 295              		@ frame_needed = 0, uses_anonymous_args = 0
 296              		.loc 1 132 3 view .LVU77
 297              		.loc 1 134 3 view .LVU78
 298              		.loc 1 131 33 is_stmt 0 view .LVU79
 299 0000 10B5     		push	{r4, lr}
 300              		.cfi_def_cfa_offset 8
 301              		.cfi_offset 4, -8
 302              		.cfi_offset 14, -4
 303              		.loc 1 131 33 view .LVU80
 304 0002 0446     		mov	r4, r0
 305              		.loc 1 134 3 view .LVU81
 306 0004 FFF7FEFF 		bl	chDbgCheckClassI
 307              	.LVL16:
 308              		.loc 1 136 3 is_stmt 1 view .LVU82
 309              		.loc 1 138 23 is_stmt 0 view .LVU83
 310 0008 0649     		ldr	r1, .L17
 311 000a 074B     		ldr	r3, .L17+4
 312 000c 0868     		ldr	r0, [r1]
 313 000e 1A68     		ldr	r2, [r3]
 314              		.loc 1 136 10 view .LVU84
 315 0010 E31D     		adds	r3, r4, #7
 316              		.loc 1 136 8 view .LVU85
 317 0012 23F00703 		bic	r3, r3, #7
 318              	.LVL17:
 319              		.loc 1 138 3 is_stmt 1 view .LVU86
 320              		.loc 1 138 23 is_stmt 0 view .LVU87
 321 0016 121A     		subs	r2, r2, r0
 322              		.loc 1 138 6 view .LVU88
 323 0018 9A42     		cmp	r2, r3
 324              		.loc 1 142 3 is_stmt 1 view .LVU89
 325              	.LVL18:
 326              		.loc 1 143 3 view .LVU90
 327              		.loc 1 143 11 is_stmt 0 view .LVU91
 328 001a 26BF     		itte	cs
 329 001c 1B18     		addcs	r3, r3, r0
 330              	.LVL19:
 331              		.loc 1 143 11 view .LVU92
 332 001e 0B60     		strcs	r3, [r1]
 333              		.loc 1 145 3 is_stmt 1 view .LVU93
 334              		.loc 1 140 12 is_stmt 0 view .LVU94
 335 0020 0020     		movcc	r0, #0
 336              	.LVL20:
 337              		.loc 1 146 1 view .LVU95
 338 0022 10BD     		pop	{r4, pc}
 339              	.LVL21:
 340              	.L18:
 341              		.loc 1 146 1 view .LVU96
 342              		.align	2
ARM GAS  /tmp/cc0QrU2x.s 			page 7


 343              	.L17:
 344 0024 00000000 		.word	nextmem
 345 0028 00000000 		.word	endmem
 346              		.cfi_endproc
 347              	.LFE188:
 348              		.size	chCoreAllocI, .-chCoreAllocI
 349              		.section	.text.chCoreGetStatusX,"ax",%progbits
 350              		.align	1
 351              		.p2align 4,,15
 352              		.global	chCoreGetStatusX
 353              		.syntax unified
 354              		.thumb
 355              		.thumb_func
 356              		.type	chCoreGetStatusX, %function
 357              	chCoreGetStatusX:
 358              	.LFB189:
 359              		.loc 1 155 31 is_stmt 1 view -0
 360              		.cfi_startproc
 361              		@ args = 0, pretend = 0, frame = 0
 362              		@ frame_needed = 0, uses_anonymous_args = 0
 363              		@ link register save eliminated.
 364              		.loc 1 158 3 view .LVU98
 365              		.loc 1 158 26 is_stmt 0 view .LVU99
 366 0000 024A     		ldr	r2, .L20
 367 0002 034B     		ldr	r3, .L20+4
 368 0004 1068     		ldr	r0, [r2]
 369 0006 1B68     		ldr	r3, [r3]
 370              		.loc 1 160 1 view .LVU100
 371 0008 C01A     		subs	r0, r0, r3
 372 000a 7047     		bx	lr
 373              	.L21:
 374              		.align	2
 375              	.L20:
 376 000c 00000000 		.word	endmem
 377 0010 00000000 		.word	nextmem
 378              		.cfi_endproc
 379              	.LFE189:
 380              		.size	chCoreGetStatusX, .-chCoreGetStatusX
 381              		.section	.rodata.__func__.0,"a"
 382              		.align	2
 383              		.type	__func__.0, %object
 384              		.size	__func__.0, 12
 385              	__func__.0:
 386 0000 63685379 		.ascii	"chSysUnlock\000"
 386      73556E6C 
 386      6F636B00 
 387              		.section	.bss.endmem,"aw",%nobits
 388              		.align	2
 389              		.type	endmem, %object
 390              		.size	endmem, 4
 391              	endmem:
 392 0000 00000000 		.space	4
 393              		.section	.bss.nextmem,"aw",%nobits
 394              		.align	2
 395              		.type	nextmem, %object
 396              		.size	nextmem, 4
 397              	nextmem:
ARM GAS  /tmp/cc0QrU2x.s 			page 8


 398 0000 00000000 		.space	4
 399              		.text
 400              	.Letext0:
 401              		.file 5 "/opt/arm-gnu-toolchain-13.2.Rel1-x86_64-arm-none-eabi/lib/gcc/arm-none-eabi/13.2.1/includ
 402              		.file 6 "/opt/arm-gnu-toolchain-13.2.Rel1-x86_64-arm-none-eabi/arm-none-eabi/include/machine/_defa
 403              		.file 7 "/opt/arm-gnu-toolchain-13.2.Rel1-x86_64-arm-none-eabi/arm-none-eabi/include/sys/_stdint.h
 404              		.file 8 "../RC_Controller/ChibiOS_3.0.5/os/rt/ports/ARMCMx/compilers/GCC/chtypes.h"
 405              		.file 9 "../RC_Controller/ChibiOS_3.0.5/os/rt/include/chsystypes.h"
 406              		.file 10 "../RC_Controller/ChibiOS_3.0.5/os/rt/include/chschd.h"
 407              		.file 11 "../RC_Controller/ChibiOS_3.0.5/os/rt/ports/ARMCMx/chcore.h"
 408              		.file 12 "../RC_Controller/ChibiOS_3.0.5/os/rt/include/chtm.h"
 409              		.file 13 "../RC_Controller/ChibiOS_3.0.5/os/rt/include/chsem.h"
 410              		.file 14 "../RC_Controller/ChibiOS_3.0.5/os/rt/include/chmtx.h"
 411              		.file 15 "../RC_Controller/ChibiOS_3.0.5/os/rt/include/chdebug.h"
 412              		.section	.debug_info,"",%progbits
 413              	.Ldebug_info0:
 414 0000 63090000 		.4byte	0x963
 415 0004 0500     		.2byte	0x5
 416 0006 01       		.byte	0x1
 417 0007 04       		.byte	0x4
 418 0008 00000000 		.4byte	.Ldebug_abbrev0
 419 000c 1A       		.uleb128 0x1a
 420 000d D1000000 		.4byte	.LASF108
 421 0011 0C       		.byte	0xc
 422 0012 0B030000 		.4byte	.LASF109
 423 0016 30020000 		.4byte	.LASF110
 424 001a 3C000000 		.4byte	.LLRL12
 425 001e 00000000 		.4byte	0
 426 0022 00000000 		.4byte	.Ldebug_line0
 427 0026 06       		.uleb128 0x6
 428 0027 08       		.byte	0x8
 429 0028 07       		.byte	0x7
 430 0029 70000000 		.4byte	.LASF0
 431 002d 06       		.uleb128 0x6
 432 002e 04       		.byte	0x4
 433 002f 07       		.byte	0x7
 434 0030 F6020000 		.4byte	.LASF1
 435 0034 1B       		.uleb128 0x1b
 436 0035 04       		.byte	0x4
 437 0036 05       		.byte	0x5
 438 0037 696E7400 		.ascii	"int\000"
 439 003b 01       		.uleb128 0x1
 440 003c 14000000 		.4byte	.LASF3
 441 0040 05       		.byte	0x5
 442 0041 D6       		.byte	0xd6
 443 0042 17       		.byte	0x17
 444 0043 2D000000 		.4byte	0x2d
 445 0047 06       		.uleb128 0x6
 446 0048 01       		.byte	0x1
 447 0049 06       		.byte	0x6
 448 004a FA010000 		.4byte	.LASF2
 449 004e 01       		.uleb128 0x1
 450 004f 37000000 		.4byte	.LASF4
 451 0053 06       		.byte	0x6
 452 0054 2B       		.byte	0x2b
 453 0055 18       		.byte	0x18
 454 0056 5A000000 		.4byte	0x5a
ARM GAS  /tmp/cc0QrU2x.s 			page 9


 455 005a 06       		.uleb128 0x6
 456 005b 01       		.byte	0x1
 457 005c 08       		.byte	0x8
 458 005d 6D040000 		.4byte	.LASF5
 459 0061 06       		.uleb128 0x6
 460 0062 02       		.byte	0x2
 461 0063 05       		.byte	0x5
 462 0064 90040000 		.4byte	.LASF6
 463 0068 06       		.uleb128 0x6
 464 0069 02       		.byte	0x2
 465 006a 07       		.byte	0x7
 466 006b 4D030000 		.4byte	.LASF7
 467 006f 01       		.uleb128 0x1
 468 0070 A3030000 		.4byte	.LASF8
 469 0074 06       		.byte	0x6
 470 0075 4D       		.byte	0x4d
 471 0076 18       		.byte	0x18
 472 0077 7B000000 		.4byte	0x7b
 473 007b 06       		.uleb128 0x6
 474 007c 04       		.byte	0x4
 475 007d 05       		.byte	0x5
 476 007e 7C020000 		.4byte	.LASF9
 477 0082 01       		.uleb128 0x1
 478 0083 7F050000 		.4byte	.LASF10
 479 0087 06       		.byte	0x6
 480 0088 4F       		.byte	0x4f
 481 0089 19       		.byte	0x19
 482 008a 8E000000 		.4byte	0x8e
 483 008e 06       		.uleb128 0x6
 484 008f 04       		.byte	0x4
 485 0090 07       		.byte	0x7
 486 0091 32050000 		.4byte	.LASF11
 487 0095 06       		.uleb128 0x6
 488 0096 08       		.byte	0x8
 489 0097 05       		.byte	0x5
 490 0098 C4020000 		.4byte	.LASF12
 491 009c 01       		.uleb128 0x1
 492 009d 2B040000 		.4byte	.LASF13
 493 00a1 06       		.byte	0x6
 494 00a2 69       		.byte	0x69
 495 00a3 19       		.byte	0x19
 496 00a4 26000000 		.4byte	0x26
 497 00a8 01       		.uleb128 0x1
 498 00a9 ED050000 		.4byte	.LASF14
 499 00ad 07       		.byte	0x7
 500 00ae 18       		.byte	0x18
 501 00af 13       		.byte	0x13
 502 00b0 4E000000 		.4byte	0x4e
 503 00b4 01       		.uleb128 0x1
 504 00b5 65040000 		.4byte	.LASF15
 505 00b9 07       		.byte	0x7
 506 00ba 2C       		.byte	0x2c
 507 00bb 13       		.byte	0x13
 508 00bc 6F000000 		.4byte	0x6f
 509 00c0 01       		.uleb128 0x1
 510 00c1 11050000 		.4byte	.LASF16
 511 00c5 07       		.byte	0x7
ARM GAS  /tmp/cc0QrU2x.s 			page 10


 512 00c6 30       		.byte	0x30
 513 00c7 14       		.byte	0x14
 514 00c8 82000000 		.4byte	0x82
 515 00cc 01       		.uleb128 0x1
 516 00cd 22000000 		.4byte	.LASF17
 517 00d1 07       		.byte	0x7
 518 00d2 3C       		.byte	0x3c
 519 00d3 14       		.byte	0x14
 520 00d4 9C000000 		.4byte	0x9c
 521 00d8 01       		.uleb128 0x1
 522 00d9 B8030000 		.4byte	.LASF18
 523 00dd 08       		.byte	0x8
 524 00de 45       		.byte	0x45
 525 00df 1D       		.byte	0x1d
 526 00e0 C0000000 		.4byte	0xc0
 527 00e4 01       		.uleb128 0x1
 528 00e5 8D030000 		.4byte	.LASF19
 529 00e9 08       		.byte	0x8
 530 00ea 48       		.byte	0x48
 531 00eb 1D       		.byte	0x1d
 532 00ec A8000000 		.4byte	0xa8
 533 00f0 01       		.uleb128 0x1
 534 00f1 85020000 		.4byte	.LASF20
 535 00f5 08       		.byte	0x8
 536 00f6 49       		.byte	0x49
 537 00f7 1D       		.byte	0x1d
 538 00f8 A8000000 		.4byte	0xa8
 539 00fc 01       		.uleb128 0x1
 540 00fd 26020000 		.4byte	.LASF21
 541 0101 08       		.byte	0x8
 542 0102 4B       		.byte	0x4b
 543 0103 1D       		.byte	0x1d
 544 0104 A8000000 		.4byte	0xa8
 545 0108 01       		.uleb128 0x1
 546 0109 4D040000 		.4byte	.LASF22
 547 010d 08       		.byte	0x8
 548 010e 4C       		.byte	0x4c
 549 010f 1D       		.byte	0x1d
 550 0110 C0000000 		.4byte	0xc0
 551 0114 01       		.uleb128 0x1
 552 0115 6A030000 		.4byte	.LASF23
 553 0119 08       		.byte	0x8
 554 011a 4D       		.byte	0x4d
 555 011b 1D       		.byte	0x1d
 556 011c B4000000 		.4byte	0xb4
 557 0120 01       		.uleb128 0x1
 558 0121 F0020000 		.4byte	.LASF24
 559 0125 08       		.byte	0x8
 560 0126 51       		.byte	0x51
 561 0127 1D       		.byte	0x1d
 562 0128 B4000000 		.4byte	0xb4
 563 012c 01       		.uleb128 0x1
 564 012d 61050000 		.4byte	.LASF25
 565 0131 09       		.byte	0x9
 566 0132 33       		.byte	0x33
 567 0133 12       		.byte	0x12
 568 0134 C0000000 		.4byte	0xc0
ARM GAS  /tmp/cc0QrU2x.s 			page 11


 569 0138 10       		.uleb128 0x10
 570 0139 2C010000 		.4byte	0x12c
 571 013d 01       		.uleb128 0x1
 572 013e 49050000 		.4byte	.LASF26
 573 0142 09       		.byte	0x9
 574 0143 3F       		.byte	0x3f
 575 0144 1A       		.byte	0x1a
 576 0145 49010000 		.4byte	0x149
 577 0149 08       		.uleb128 0x8
 578 014a 60030000 		.4byte	.LASF41
 579 014e 2C       		.byte	0x2c
 580 014f 0A       		.byte	0xa
 581 0150 C2       		.byte	0xc2
 582 0151 08       		.byte	0x8
 583 0152 01020000 		.4byte	0x201
 584 0156 03       		.uleb128 0x3
 585 0157 C0040000 		.4byte	.LASF27
 586 015b 0A       		.byte	0xa
 587 015c C3       		.byte	0xc3
 588 015d 1A       		.byte	0x1a
 589 015e 0D020000 		.4byte	0x20d
 590 0162 00       		.byte	0
 591 0163 03       		.uleb128 0x3
 592 0164 46040000 		.4byte	.LASF28
 593 0168 0A       		.byte	0xa
 594 0169 C5       		.byte	0xc5
 595 016a 1A       		.byte	0x1a
 596 016b 0D020000 		.4byte	0x20d
 597 016f 04       		.byte	0x4
 598 0170 03       		.uleb128 0x3
 599 0171 C2000000 		.4byte	.LASF29
 600 0175 0A       		.byte	0xa
 601 0176 C7       		.byte	0xc7
 602 0177 19       		.byte	0x19
 603 0178 08010000 		.4byte	0x108
 604 017c 08       		.byte	0x8
 605 017d 03       		.uleb128 0x3
 606 017e 34060000 		.4byte	.LASF30
 607 0182 0A       		.byte	0xa
 608 0183 C8       		.byte	0xc8
 609 0184 19       		.byte	0x19
 610 0185 35040000 		.4byte	0x435
 611 0189 0C       		.byte	0xc
 612 018a 03       		.uleb128 0x3
 613 018b 8E020000 		.4byte	.LASF31
 614 018f 0A       		.byte	0xa
 615 0190 CA       		.byte	0xca
 616 0191 1A       		.byte	0x1a
 617 0192 0D020000 		.4byte	0x20d
 618 0196 10       		.byte	0x10
 619 0197 03       		.uleb128 0x3
 620 0198 FA030000 		.4byte	.LASF32
 621 019c 0A       		.byte	0xa
 622 019d CB       		.byte	0xcb
 623 019e 1A       		.byte	0x1a
 624 019f 0D020000 		.4byte	0x20d
 625 01a3 14       		.byte	0x14
ARM GAS  /tmp/cc0QrU2x.s 			page 12


 626 01a4 03       		.uleb128 0x3
 627 01a5 0E060000 		.4byte	.LASF33
 628 01a9 0A       		.byte	0xa
 629 01aa D2       		.byte	0xd2
 630 01ab 1A       		.byte	0x1a
 631 01ac 91060000 		.4byte	0x691
 632 01b0 18       		.byte	0x18
 633 01b1 03       		.uleb128 0x3
 634 01b2 9A040000 		.4byte	.LASF34
 635 01b6 0A       		.byte	0xa
 636 01b7 DD       		.byte	0xdd
 637 01b8 19       		.byte	0x19
 638 01b9 F0000000 		.4byte	0xf0
 639 01bd 1C       		.byte	0x1c
 640 01be 03       		.uleb128 0x3
 641 01bf C7040000 		.4byte	.LASF35
 642 01c3 0A       		.byte	0xa
 643 01c4 E1       		.byte	0xe1
 644 01c5 19       		.byte	0x19
 645 01c6 E4000000 		.4byte	0xe4
 646 01ca 1D       		.byte	0x1d
 647 01cb 03       		.uleb128 0x3
 648 01cc A2040000 		.4byte	.LASF36
 649 01d0 0A       		.byte	0xa
 650 01d1 EC       		.byte	0xec
 651 01d2 19       		.byte	0x19
 652 01d3 FC000000 		.4byte	0xfc
 653 01d7 1E       		.byte	0x1e
 654 01d8 04       		.uleb128 0x4
 655 01d9 705F7500 		.ascii	"p_u\000"
 656 01dd 0A       		.byte	0xa
 657 01de 3101     		.2byte	0x131
 658 01e0 19       		.byte	0x19
 659 01e1 D3050000 		.4byte	0x5d3
 660 01e5 20       		.byte	0x20
 661 01e6 02       		.uleb128 0x2
 662 01e7 86040000 		.4byte	.LASF37
 663 01eb 4D01     		.2byte	0x14d
 664 01ed 1A       		.byte	0x1a
 665 01ee 8C060000 		.4byte	0x68c
 666 01f2 24       		.byte	0x24
 667 01f3 02       		.uleb128 0x2
 668 01f4 6B050000 		.4byte	.LASF38
 669 01f8 5101     		.2byte	0x151
 670 01fa 19       		.byte	0x19
 671 01fb 08010000 		.4byte	0x108
 672 01ff 28       		.byte	0x28
 673 0200 00       		.byte	0
 674 0201 01       		.uleb128 0x1
 675 0202 C0030000 		.4byte	.LASF39
 676 0206 09       		.byte	0x9
 677 0207 44       		.byte	0x44
 678 0208 14       		.byte	0x14
 679 0209 0D020000 		.4byte	0x20d
 680 020d 07       		.uleb128 0x7
 681 020e 3D010000 		.4byte	0x13d
 682 0212 01       		.uleb128 0x1
ARM GAS  /tmp/cc0QrU2x.s 			page 13


 683 0213 C6050000 		.4byte	.LASF40
 684 0217 09       		.byte	0x9
 685 0218 50       		.byte	0x50
 686 0219 21       		.byte	0x21
 687 021a 1E020000 		.4byte	0x21e
 688 021e 08       		.uleb128 0x8
 689 021f B1000000 		.4byte	.LASF42
 690 0223 08       		.byte	0x8
 691 0224 0A       		.byte	0xa
 692 0225 B7       		.byte	0xb7
 693 0226 08       		.byte	0x8
 694 0227 46020000 		.4byte	0x246
 695 022b 03       		.uleb128 0x3
 696 022c C0040000 		.4byte	.LASF27
 697 0230 0A       		.byte	0xa
 698 0231 B8       		.byte	0xb8
 699 0232 1A       		.byte	0x1a
 700 0233 0D020000 		.4byte	0x20d
 701 0237 00       		.byte	0
 702 0238 03       		.uleb128 0x3
 703 0239 46040000 		.4byte	.LASF28
 704 023d 0A       		.byte	0xa
 705 023e B9       		.byte	0xb9
 706 023f 1A       		.byte	0x1a
 707 0240 0D020000 		.4byte	0x20d
 708 0244 04       		.byte	0x4
 709 0245 00       		.byte	0
 710 0246 01       		.uleb128 0x1
 711 0247 07000000 		.4byte	.LASF43
 712 024b 09       		.byte	0x9
 713 024c 57       		.byte	0x57
 714 024d 1E       		.byte	0x1e
 715 024e 52020000 		.4byte	0x252
 716 0252 0A       		.uleb128 0xa
 717 0253 95030000 		.4byte	.LASF44
 718 0257 1C       		.byte	0x1c
 719 0258 9001     		.2byte	0x190
 720 025a AD020000 		.4byte	0x2ad
 721 025e 02       		.uleb128 0x2
 722 025f 21050000 		.4byte	.LASF45
 723 0263 9101     		.2byte	0x191
 724 0265 19       		.byte	0x19
 725 0266 12020000 		.4byte	0x212
 726 026a 00       		.byte	0
 727 026b 02       		.uleb128 0x2
 728 026c B9040000 		.4byte	.LASF46
 729 0270 9201     		.2byte	0x192
 730 0272 19       		.byte	0x19
 731 0273 08010000 		.4byte	0x108
 732 0277 08       		.byte	0x8
 733 0278 02       		.uleb128 0x2
 734 0279 02040000 		.4byte	.LASF47
 735 027d 9401     		.2byte	0x194
 736 027f 19       		.byte	0x19
 737 0280 35040000 		.4byte	0x435
 738 0284 0C       		.byte	0xc
 739 0285 02       		.uleb128 0x2
ARM GAS  /tmp/cc0QrU2x.s 			page 14


 740 0286 AB020000 		.4byte	.LASF48
 741 028a 9701     		.2byte	0x197
 742 028c 1A       		.byte	0x1a
 743 028d 0D020000 		.4byte	0x20d
 744 0291 10       		.byte	0x10
 745 0292 02       		.uleb128 0x2
 746 0293 23040000 		.4byte	.LASF49
 747 0297 9801     		.2byte	0x198
 748 0299 1A       		.byte	0x1a
 749 029a 0D020000 		.4byte	0x20d
 750 029e 14       		.byte	0x14
 751 029f 02       		.uleb128 0x2
 752 02a0 19040000 		.4byte	.LASF50
 753 02a4 9B01     		.2byte	0x19b
 754 02a6 1A       		.byte	0x1a
 755 02a7 0D020000 		.4byte	0x20d
 756 02ab 18       		.byte	0x18
 757 02ac 00       		.byte	0
 758 02ad 01       		.uleb128 0x1
 759 02ae 76050000 		.4byte	.LASF51
 760 02b2 09       		.byte	0x9
 761 02b3 5C       		.byte	0x5c
 762 02b4 10       		.byte	0x10
 763 02b5 B9020000 		.4byte	0x2b9
 764 02b9 07       		.uleb128 0x7
 765 02ba BE020000 		.4byte	0x2be
 766 02be 1C       		.uleb128 0x1c
 767 02bf C9020000 		.4byte	0x2c9
 768 02c3 11       		.uleb128 0x11
 769 02c4 C9020000 		.4byte	0x2c9
 770 02c8 00       		.byte	0
 771 02c9 1D       		.uleb128 0x1d
 772 02ca 04       		.byte	0x4
 773 02cb 01       		.uleb128 0x1
 774 02cc 36040000 		.4byte	.LASF52
 775 02d0 09       		.byte	0x9
 776 02d1 61       		.byte	0x61
 777 02d2 21       		.byte	0x21
 778 02d3 D7020000 		.4byte	0x2d7
 779 02d7 0A       		.uleb128 0xa
 780 02d8 E2040000 		.4byte	.LASF53
 781 02dc 14       		.byte	0x14
 782 02dd 6B01     		.2byte	0x16b
 783 02df 25030000 		.4byte	0x325
 784 02e3 02       		.uleb128 0x2
 785 02e4 03030000 		.4byte	.LASF54
 786 02e8 6C01     		.2byte	0x16c
 787 02ea 1A       		.byte	0x1a
 788 02eb A7060000 		.4byte	0x6a7
 789 02ef 00       		.byte	0
 790 02f0 02       		.uleb128 0x2
 791 02f1 BC020000 		.4byte	.LASF55
 792 02f5 6D01     		.2byte	0x16d
 793 02f7 1A       		.byte	0x1a
 794 02f8 A7060000 		.4byte	0x6a7
 795 02fc 04       		.byte	0x4
 796 02fd 02       		.uleb128 0x2
ARM GAS  /tmp/cc0QrU2x.s 			page 15


 797 02fe 29050000 		.4byte	.LASF56
 798 0302 6E01     		.2byte	0x16e
 799 0304 19       		.byte	0x19
 800 0305 2C010000 		.4byte	0x12c
 801 0309 08       		.byte	0x8
 802 030a 02       		.uleb128 0x2
 803 030b 3A060000 		.4byte	.LASF57
 804 030f 6F01     		.2byte	0x16f
 805 0311 19       		.byte	0x19
 806 0312 AD020000 		.4byte	0x2ad
 807 0316 0C       		.byte	0xc
 808 0317 02       		.uleb128 0x2
 809 0318 B1050000 		.4byte	.LASF58
 810 031c 7101     		.2byte	0x171
 811 031e 1A       		.byte	0x1a
 812 031f C9020000 		.4byte	0x2c9
 813 0323 10       		.byte	0x10
 814 0324 00       		.byte	0
 815 0325 01       		.uleb128 0x1
 816 0326 9B000000 		.4byte	.LASF59
 817 032a 09       		.byte	0x9
 818 032b 66       		.byte	0x66
 819 032c 28       		.byte	0x28
 820 032d 31030000 		.4byte	0x331
 821 0331 0A       		.uleb128 0xa
 822 0332 E3030000 		.4byte	.LASF60
 823 0336 10       		.byte	0x10
 824 0337 7B01     		.2byte	0x17b
 825 0339 72030000 		.4byte	0x372
 826 033d 02       		.uleb128 0x2
 827 033e 03030000 		.4byte	.LASF54
 828 0342 7C01     		.2byte	0x17c
 829 0344 1A       		.byte	0x1a
 830 0345 A7060000 		.4byte	0x6a7
 831 0349 00       		.byte	0
 832 034a 02       		.uleb128 0x2
 833 034b BC020000 		.4byte	.LASF55
 834 034f 7E01     		.2byte	0x17e
 835 0351 1A       		.byte	0x1a
 836 0352 A7060000 		.4byte	0x6a7
 837 0356 04       		.byte	0x4
 838 0357 02       		.uleb128 0x2
 839 0358 29050000 		.4byte	.LASF56
 840 035c 8001     		.2byte	0x180
 841 035e 19       		.byte	0x19
 842 035f 2C010000 		.4byte	0x12c
 843 0363 08       		.byte	0x8
 844 0364 02       		.uleb128 0x2
 845 0365 15060000 		.4byte	.LASF61
 846 0369 8201     		.2byte	0x182
 847 036b 19       		.byte	0x19
 848 036c 38010000 		.4byte	0x138
 849 0370 0C       		.byte	0xc
 850 0371 00       		.byte	0
 851 0372 01       		.uleb128 0x1
 852 0373 4D000000 		.4byte	.LASF62
 853 0377 09       		.byte	0x9
ARM GAS  /tmp/cc0QrU2x.s 			page 16


 854 0378 6B       		.byte	0x6b
 855 0379 20       		.byte	0x20
 856 037a 7E030000 		.4byte	0x37e
 857 037e 0A       		.uleb128 0xa
 858 037f 55040000 		.4byte	.LASF63
 859 0383 0C       		.byte	0xc
 860 0384 A201     		.2byte	0x1a2
 861 0386 B2030000 		.4byte	0x3b2
 862 038a 02       		.uleb128 0x2
 863 038b 98050000 		.4byte	.LASF64
 864 038f AA01     		.2byte	0x1aa
 865 0391 24       		.byte	0x24
 866 0392 96060000 		.4byte	0x696
 867 0396 00       		.byte	0
 868 0397 02       		.uleb128 0x2
 869 0398 DF050000 		.4byte	.LASF65
 870 039c AF01     		.2byte	0x1af
 871 039e 19       		.byte	0x19
 872 039f 20010000 		.4byte	0x120
 873 03a3 04       		.byte	0x4
 874 03a4 02       		.uleb128 0x2
 875 03a5 D8020000 		.4byte	.LASF66
 876 03a9 B301     		.2byte	0x1b3
 877 03ab 19       		.byte	0x19
 878 03ac 20010000 		.4byte	0x120
 879 03b0 08       		.byte	0x8
 880 03b1 00       		.byte	0
 881 03b2 01       		.uleb128 0x1
 882 03b3 81030000 		.4byte	.LASF67
 883 03b7 09       		.byte	0x9
 884 03b8 70       		.byte	0x70
 885 03b9 1A       		.byte	0x1a
 886 03ba BE030000 		.4byte	0x3be
 887 03be 1E       		.uleb128 0x1e
 888 03bf 72020000 		.4byte	.LASF68
 889 03c3 B001     		.2byte	0x1b0
 890 03c5 0A       		.byte	0xa
 891 03c6 C201     		.2byte	0x1c2
 892 03c8 08       		.byte	0x8
 893 03c9 1D040000 		.4byte	0x41d
 894 03cd 02       		.uleb128 0x2
 895 03ce E7050000 		.4byte	.LASF69
 896 03d2 C601     		.2byte	0x1c6
 897 03d4 19       		.byte	0x19
 898 03d5 46020000 		.4byte	0x246
 899 03d9 00       		.byte	0
 900 03da 02       		.uleb128 0x2
 901 03db 13020000 		.4byte	.LASF70
 902 03df CA01     		.2byte	0x1ca
 903 03e1 19       		.byte	0x19
 904 03e2 25030000 		.4byte	0x325
 905 03e6 1C       		.byte	0x1c
 906 03e7 04       		.uleb128 0x4
 907 03e8 64626700 		.ascii	"dbg\000"
 908 03ec 0A       		.byte	0xa
 909 03ed CE01     		.2byte	0x1ce
 910 03ef 19       		.byte	0x19
ARM GAS  /tmp/cc0QrU2x.s 			page 17


 911 03f0 72030000 		.4byte	0x372
 912 03f4 2C       		.byte	0x2c
 913 03f5 02       		.uleb128 0x2
 914 03f6 90000000 		.4byte	.LASF71
 915 03fa D201     		.2byte	0x1d2
 916 03fc 19       		.byte	0x19
 917 03fd 3D010000 		.4byte	0x13d
 918 0401 38       		.byte	0x38
 919 0402 04       		.uleb128 0x4
 920 0403 746D00   		.ascii	"tm\000"
 921 0406 0A       		.byte	0xa
 922 0407 D701     		.2byte	0x1d7
 923 0409 19       		.byte	0x19
 924 040a C7050000 		.4byte	0x5c7
 925 040e 64       		.byte	0x64
 926 040f 02       		.uleb128 0x2
 927 0410 E1020000 		.4byte	.LASF72
 928 0414 E301     		.2byte	0x1e3
 929 0416 03       		.byte	0x3
 930 0417 AC060000 		.4byte	0x6ac
 931 041b 68       		.byte	0x68
 932 041c 00       		.byte	0
 933 041d 01       		.uleb128 0x1
 934 041e B3020000 		.4byte	.LASF73
 935 0422 0B       		.byte	0xb
 936 0423 65       		.byte	0x65
 937 0424 0F       		.byte	0xf
 938 0425 C9020000 		.4byte	0x2c9
 939 0429 01       		.uleb128 0x1
 940 042a AD030000 		.4byte	.LASF74
 941 042e 0B       		.byte	0xb
 942 042f 6D       		.byte	0x6d
 943 0430 12       		.byte	0x12
 944 0431 CC000000 		.4byte	0xcc
 945 0435 08       		.uleb128 0x8
 946 0436 A9050000 		.4byte	.LASF75
 947 043a 04       		.byte	0x4
 948 043b 0B       		.byte	0xb
 949 043c 89       		.byte	0x89
 950 043d 08       		.byte	0x8
 951 043e 50040000 		.4byte	0x450
 952 0442 05       		.uleb128 0x5
 953 0443 72313300 		.ascii	"r13\000"
 954 0447 0B       		.byte	0xb
 955 0448 8A       		.byte	0x8a
 956 0449 17       		.byte	0x17
 957 044a AB050000 		.4byte	0x5ab
 958 044e 00       		.byte	0
 959 044f 00       		.byte	0
 960 0450 08       		.uleb128 0x8
 961 0451 41000000 		.4byte	.LASF76
 962 0455 64       		.byte	0x64
 963 0456 03       		.byte	0x3
 964 0457 F4       		.byte	0xf4
 965 0458 08       		.byte	0x8
 966 0459 AB050000 		.4byte	0x5ab
 967 045d 05       		.uleb128 0x5
ARM GAS  /tmp/cc0QrU2x.s 			page 18


 968 045e 73313600 		.ascii	"s16\000"
 969 0462 03       		.byte	0x3
 970 0463 F6       		.byte	0xf6
 971 0464 11       		.byte	0x11
 972 0465 1D040000 		.4byte	0x41d
 973 0469 00       		.byte	0
 974 046a 05       		.uleb128 0x5
 975 046b 73313700 		.ascii	"s17\000"
 976 046f 03       		.byte	0x3
 977 0470 F7       		.byte	0xf7
 978 0471 11       		.byte	0x11
 979 0472 1D040000 		.4byte	0x41d
 980 0476 04       		.byte	0x4
 981 0477 05       		.uleb128 0x5
 982 0478 73313800 		.ascii	"s18\000"
 983 047c 03       		.byte	0x3
 984 047d F8       		.byte	0xf8
 985 047e 11       		.byte	0x11
 986 047f 1D040000 		.4byte	0x41d
 987 0483 08       		.byte	0x8
 988 0484 05       		.uleb128 0x5
 989 0485 73313900 		.ascii	"s19\000"
 990 0489 03       		.byte	0x3
 991 048a F9       		.byte	0xf9
 992 048b 11       		.byte	0x11
 993 048c 1D040000 		.4byte	0x41d
 994 0490 0C       		.byte	0xc
 995 0491 05       		.uleb128 0x5
 996 0492 73323000 		.ascii	"s20\000"
 997 0496 03       		.byte	0x3
 998 0497 FA       		.byte	0xfa
 999 0498 11       		.byte	0x11
 1000 0499 1D040000 		.4byte	0x41d
 1001 049d 10       		.byte	0x10
 1002 049e 05       		.uleb128 0x5
 1003 049f 73323100 		.ascii	"s21\000"
 1004 04a3 03       		.byte	0x3
 1005 04a4 FB       		.byte	0xfb
 1006 04a5 11       		.byte	0x11
 1007 04a6 1D040000 		.4byte	0x41d
 1008 04aa 14       		.byte	0x14
 1009 04ab 05       		.uleb128 0x5
 1010 04ac 73323200 		.ascii	"s22\000"
 1011 04b0 03       		.byte	0x3
 1012 04b1 FC       		.byte	0xfc
 1013 04b2 11       		.byte	0x11
 1014 04b3 1D040000 		.4byte	0x41d
 1015 04b7 18       		.byte	0x18
 1016 04b8 05       		.uleb128 0x5
 1017 04b9 73323300 		.ascii	"s23\000"
 1018 04bd 03       		.byte	0x3
 1019 04be FD       		.byte	0xfd
 1020 04bf 11       		.byte	0x11
 1021 04c0 1D040000 		.4byte	0x41d
 1022 04c4 1C       		.byte	0x1c
 1023 04c5 05       		.uleb128 0x5
 1024 04c6 73323400 		.ascii	"s24\000"
ARM GAS  /tmp/cc0QrU2x.s 			page 19


 1025 04ca 03       		.byte	0x3
 1026 04cb FE       		.byte	0xfe
 1027 04cc 11       		.byte	0x11
 1028 04cd 1D040000 		.4byte	0x41d
 1029 04d1 20       		.byte	0x20
 1030 04d2 05       		.uleb128 0x5
 1031 04d3 73323500 		.ascii	"s25\000"
 1032 04d7 03       		.byte	0x3
 1033 04d8 FF       		.byte	0xff
 1034 04d9 11       		.byte	0x11
 1035 04da 1D040000 		.4byte	0x41d
 1036 04de 24       		.byte	0x24
 1037 04df 04       		.uleb128 0x4
 1038 04e0 73323600 		.ascii	"s26\000"
 1039 04e4 03       		.byte	0x3
 1040 04e5 0001     		.2byte	0x100
 1041 04e7 11       		.byte	0x11
 1042 04e8 1D040000 		.4byte	0x41d
 1043 04ec 28       		.byte	0x28
 1044 04ed 04       		.uleb128 0x4
 1045 04ee 73323700 		.ascii	"s27\000"
 1046 04f2 03       		.byte	0x3
 1047 04f3 0101     		.2byte	0x101
 1048 04f5 11       		.byte	0x11
 1049 04f6 1D040000 		.4byte	0x41d
 1050 04fa 2C       		.byte	0x2c
 1051 04fb 04       		.uleb128 0x4
 1052 04fc 73323800 		.ascii	"s28\000"
 1053 0500 03       		.byte	0x3
 1054 0501 0201     		.2byte	0x102
 1055 0503 11       		.byte	0x11
 1056 0504 1D040000 		.4byte	0x41d
 1057 0508 30       		.byte	0x30
 1058 0509 04       		.uleb128 0x4
 1059 050a 73323900 		.ascii	"s29\000"
 1060 050e 03       		.byte	0x3
 1061 050f 0301     		.2byte	0x103
 1062 0511 11       		.byte	0x11
 1063 0512 1D040000 		.4byte	0x41d
 1064 0516 34       		.byte	0x34
 1065 0517 04       		.uleb128 0x4
 1066 0518 73333000 		.ascii	"s30\000"
 1067 051c 03       		.byte	0x3
 1068 051d 0401     		.2byte	0x104
 1069 051f 11       		.byte	0x11
 1070 0520 1D040000 		.4byte	0x41d
 1071 0524 38       		.byte	0x38
 1072 0525 04       		.uleb128 0x4
 1073 0526 73333100 		.ascii	"s31\000"
 1074 052a 03       		.byte	0x3
 1075 052b 0501     		.2byte	0x105
 1076 052d 11       		.byte	0x11
 1077 052e 1D040000 		.4byte	0x41d
 1078 0532 3C       		.byte	0x3c
 1079 0533 04       		.uleb128 0x4
 1080 0534 723400   		.ascii	"r4\000"
 1081 0537 03       		.byte	0x3
ARM GAS  /tmp/cc0QrU2x.s 			page 20


 1082 0538 0701     		.2byte	0x107
 1083 053a 11       		.byte	0x11
 1084 053b 1D040000 		.4byte	0x41d
 1085 053f 40       		.byte	0x40
 1086 0540 04       		.uleb128 0x4
 1087 0541 723500   		.ascii	"r5\000"
 1088 0544 03       		.byte	0x3
 1089 0545 0801     		.2byte	0x108
 1090 0547 11       		.byte	0x11
 1091 0548 1D040000 		.4byte	0x41d
 1092 054c 44       		.byte	0x44
 1093 054d 04       		.uleb128 0x4
 1094 054e 723600   		.ascii	"r6\000"
 1095 0551 03       		.byte	0x3
 1096 0552 0901     		.2byte	0x109
 1097 0554 11       		.byte	0x11
 1098 0555 1D040000 		.4byte	0x41d
 1099 0559 48       		.byte	0x48
 1100 055a 04       		.uleb128 0x4
 1101 055b 723700   		.ascii	"r7\000"
 1102 055e 03       		.byte	0x3
 1103 055f 0A01     		.2byte	0x10a
 1104 0561 11       		.byte	0x11
 1105 0562 1D040000 		.4byte	0x41d
 1106 0566 4C       		.byte	0x4c
 1107 0567 04       		.uleb128 0x4
 1108 0568 723800   		.ascii	"r8\000"
 1109 056b 03       		.byte	0x3
 1110 056c 0B01     		.2byte	0x10b
 1111 056e 11       		.byte	0x11
 1112 056f 1D040000 		.4byte	0x41d
 1113 0573 50       		.byte	0x50
 1114 0574 04       		.uleb128 0x4
 1115 0575 723900   		.ascii	"r9\000"
 1116 0578 03       		.byte	0x3
 1117 0579 0C01     		.2byte	0x10c
 1118 057b 11       		.byte	0x11
 1119 057c 1D040000 		.4byte	0x41d
 1120 0580 54       		.byte	0x54
 1121 0581 04       		.uleb128 0x4
 1122 0582 72313000 		.ascii	"r10\000"
 1123 0586 03       		.byte	0x3
 1124 0587 0D01     		.2byte	0x10d
 1125 0589 11       		.byte	0x11
 1126 058a 1D040000 		.4byte	0x41d
 1127 058e 58       		.byte	0x58
 1128 058f 04       		.uleb128 0x4
 1129 0590 72313100 		.ascii	"r11\000"
 1130 0594 03       		.byte	0x3
 1131 0595 0E01     		.2byte	0x10e
 1132 0597 11       		.byte	0x11
 1133 0598 1D040000 		.4byte	0x41d
 1134 059c 5C       		.byte	0x5c
 1135 059d 04       		.uleb128 0x4
 1136 059e 6C7200   		.ascii	"lr\000"
 1137 05a1 03       		.byte	0x3
 1138 05a2 0F01     		.2byte	0x10f
ARM GAS  /tmp/cc0QrU2x.s 			page 21


 1139 05a4 11       		.byte	0x11
 1140 05a5 1D040000 		.4byte	0x41d
 1141 05a9 60       		.byte	0x60
 1142 05aa 00       		.byte	0
 1143 05ab 07       		.uleb128 0x7
 1144 05ac 50040000 		.4byte	0x450
 1145 05b0 1F       		.uleb128 0x1f
 1146 05b1 04       		.byte	0x4
 1147 05b2 0C       		.byte	0xc
 1148 05b3 38       		.byte	0x38
 1149 05b4 09       		.byte	0x9
 1150 05b5 C7050000 		.4byte	0x5c7
 1151 05b9 03       		.uleb128 0x3
 1152 05ba A2050000 		.4byte	.LASF77
 1153 05be 0C       		.byte	0xc
 1154 05bf 3C       		.byte	0x3c
 1155 05c0 19       		.byte	0x19
 1156 05c1 D8000000 		.4byte	0xd8
 1157 05c5 00       		.byte	0
 1158 05c6 00       		.byte	0
 1159 05c7 01       		.uleb128 0x1
 1160 05c8 08040000 		.4byte	.LASF78
 1161 05cc 0C       		.byte	0xc
 1162 05cd 3D       		.byte	0x3d
 1163 05ce 03       		.byte	0x3
 1164 05cf B0050000 		.4byte	0x5b0
 1165 05d3 20       		.uleb128 0x20
 1166 05d4 04       		.byte	0x4
 1167 05d5 0A       		.byte	0xa
 1168 05d6 FA       		.byte	0xfa
 1169 05d7 03       		.byte	0x3
 1170 05d8 25060000 		.4byte	0x625
 1171 05dc 09       		.uleb128 0x9
 1172 05dd 1B000000 		.4byte	.LASF79
 1173 05e1 0101     		.2byte	0x101
 1174 05e3 19       		.byte	0x19
 1175 05e4 14010000 		.4byte	0x114
 1176 05e8 09       		.uleb128 0x9
 1177 05e9 87000000 		.4byte	.LASF80
 1178 05ed 0801     		.2byte	0x108
 1179 05ef 19       		.byte	0x19
 1180 05f0 14010000 		.4byte	0x114
 1181 05f4 09       		.uleb128 0x9
 1182 05f5 07060000 		.4byte	.LASF81
 1183 05f9 0F01     		.2byte	0x10f
 1184 05fb 1A       		.byte	0x1a
 1185 05fc C9020000 		.4byte	0x2c9
 1186 0600 09       		.uleb128 0x9
 1187 0601 6C020000 		.4byte	.LASF82
 1188 0605 1601     		.2byte	0x116
 1189 0607 1A       		.byte	0x1a
 1190 0608 25060000 		.4byte	0x625
 1191 060c 09       		.uleb128 0x9
 1192 060d 40030000 		.4byte	.LASF83
 1193 0611 1E01     		.2byte	0x11e
 1194 0613 1A       		.byte	0x1a
 1195 0614 52060000 		.4byte	0x652
ARM GAS  /tmp/cc0QrU2x.s 			page 22


 1196 0618 09       		.uleb128 0x9
 1197 0619 1A050000 		.4byte	.LASF84
 1198 061d 2701     		.2byte	0x127
 1199 061f 1A       		.byte	0x1a
 1200 0620 8C060000 		.4byte	0x68c
 1201 0624 00       		.byte	0
 1202 0625 07       		.uleb128 0x7
 1203 0626 01020000 		.4byte	0x201
 1204 062a 08       		.uleb128 0x8
 1205 062b F3040000 		.4byte	.LASF85
 1206 062f 0C       		.byte	0xc
 1207 0630 0D       		.byte	0xd
 1208 0631 34       		.byte	0x34
 1209 0632 10       		.byte	0x10
 1210 0633 52060000 		.4byte	0x652
 1211 0637 03       		.uleb128 0x3
 1212 0638 96020000 		.4byte	.LASF86
 1213 063c 0D       		.byte	0xd
 1214 063d 35       		.byte	0x35
 1215 063e 19       		.byte	0x19
 1216 063f 12020000 		.4byte	0x212
 1217 0643 00       		.byte	0
 1218 0644 03       		.uleb128 0x3
 1219 0645 47030000 		.4byte	.LASF87
 1220 0649 0D       		.byte	0xd
 1221 064a 37       		.byte	0x37
 1222 064b 19       		.byte	0x19
 1223 064c 20010000 		.4byte	0x120
 1224 0650 08       		.byte	0x8
 1225 0651 00       		.byte	0
 1226 0652 07       		.uleb128 0x7
 1227 0653 2A060000 		.4byte	0x62a
 1228 0657 08       		.uleb128 0x8
 1229 0658 D6050000 		.4byte	.LASF88
 1230 065c 10       		.byte	0x10
 1231 065d 0E       		.byte	0xe
 1232 065e 39       		.byte	0x39
 1233 065f 08       		.byte	0x8
 1234 0660 8C060000 		.4byte	0x68c
 1235 0664 03       		.uleb128 0x3
 1236 0665 0B020000 		.4byte	.LASF89
 1237 0669 0E       		.byte	0xe
 1238 066a 3A       		.byte	0x3a
 1239 066b 19       		.byte	0x19
 1240 066c 12020000 		.4byte	0x212
 1241 0670 00       		.byte	0
 1242 0671 03       		.uleb128 0x3
 1243 0672 2C060000 		.4byte	.LASF90
 1244 0676 0E       		.byte	0xe
 1245 0677 3C       		.byte	0x3c
 1246 0678 1A       		.byte	0x1a
 1247 0679 0D020000 		.4byte	0x20d
 1248 067d 08       		.byte	0x8
 1249 067e 03       		.uleb128 0x3
 1250 067f 5A050000 		.4byte	.LASF91
 1251 0683 0E       		.byte	0xe
 1252 0684 3E       		.byte	0x3e
ARM GAS  /tmp/cc0QrU2x.s 			page 23


 1253 0685 1A       		.byte	0x1a
 1254 0686 D4060000 		.4byte	0x6d4
 1255 068a 0C       		.byte	0xc
 1256 068b 00       		.byte	0
 1257 068c 07       		.uleb128 0x7
 1258 068d 57060000 		.4byte	0x657
 1259 0691 07       		.uleb128 0x7
 1260 0692 A2060000 		.4byte	0x6a2
 1261 0696 10       		.uleb128 0x10
 1262 0697 91060000 		.4byte	0x691
 1263 069b 06       		.uleb128 0x6
 1264 069c 01       		.byte	0x1
 1265 069d 08       		.byte	0x8
 1266 069e 44050000 		.4byte	.LASF92
 1267 06a2 12       		.uleb128 0x12
 1268 06a3 9B060000 		.4byte	0x69b
 1269 06a7 07       		.uleb128 0x7
 1270 06a8 CB020000 		.4byte	0x2cb
 1271 06ac 0D       		.uleb128 0xd
 1272 06ad 29040000 		.4byte	0x429
 1273 06b1 BC060000 		.4byte	0x6bc
 1274 06b5 13       		.uleb128 0x13
 1275 06b6 2D000000 		.4byte	0x2d
 1276 06ba 28       		.byte	0x28
 1277 06bb 00       		.byte	0
 1278 06bc 21       		.uleb128 0x21
 1279 06bd 636800   		.ascii	"ch\000"
 1280 06c0 0A       		.byte	0xa
 1281 06c1 0902     		.2byte	0x209
 1282 06c3 14       		.byte	0x14
 1283 06c4 B2030000 		.4byte	0x3b2
 1284 06c8 01       		.uleb128 0x1
 1285 06c9 C9000000 		.4byte	.LASF93
 1286 06cd 0E       		.byte	0xe
 1287 06ce 34       		.byte	0x34
 1288 06cf 19       		.byte	0x19
 1289 06d0 57060000 		.4byte	0x657
 1290 06d4 07       		.uleb128 0x7
 1291 06d5 C8060000 		.4byte	0x6c8
 1292 06d9 07       		.uleb128 0x7
 1293 06da A8000000 		.4byte	0xa8
 1294 06de 14       		.uleb128 0x14
 1295 06df 52050000 		.4byte	.LASF94
 1296 06e3 3E       		.byte	0x3e
 1297 06e4 D9060000 		.4byte	0x6d9
 1298 06e8 05       		.uleb128 0x5
 1299 06e9 03       		.byte	0x3
 1300 06ea 00000000 		.4byte	nextmem
 1301 06ee 14       		.uleb128 0x14
 1302 06ef 00000000 		.4byte	.LASF95
 1303 06f3 3F       		.byte	0x3f
 1304 06f4 D9060000 		.4byte	0x6d9
 1305 06f8 05       		.uleb128 0x5
 1306 06f9 03       		.byte	0x3
 1307 06fa 00000000 		.4byte	endmem
 1308 06fe 0E       		.uleb128 0xe
 1309 06ff 70030000 		.4byte	.LASF96
ARM GAS  /tmp/cc0QrU2x.s 			page 24


 1310 0703 DE       		.byte	0xde
 1311 0704 22       		.uleb128 0x22
 1312 0705 66000000 		.4byte	.LASF111
 1313 0709 02       		.byte	0x2
 1314 070a 1601     		.2byte	0x116
 1315 070c 08       		.byte	0x8
 1316 070d 17070000 		.4byte	0x717
 1317 0711 11       		.uleb128 0x11
 1318 0712 91060000 		.4byte	0x691
 1319 0716 00       		.byte	0
 1320 0717 0E       		.uleb128 0xe
 1321 0718 F5050000 		.4byte	.LASF97
 1322 071c D9       		.byte	0xd9
 1323 071d 0E       		.uleb128 0xe
 1324 071e D3030000 		.4byte	.LASF98
 1325 0722 D8       		.byte	0xd8
 1326 0723 23       		.uleb128 0x23
 1327 0724 00050000 		.4byte	.LASF112
 1328 0728 01       		.byte	0x1
 1329 0729 9B       		.byte	0x9b
 1330 072a 08       		.byte	0x8
 1331 072b 3B000000 		.4byte	0x3b
 1332 072f 00000000 		.4byte	.LFB189
 1333 0733 14000000 		.4byte	.LFE189-.LFB189
 1334 0737 01       		.uleb128 0x1
 1335 0738 9C       		.byte	0x9c
 1336 0739 24       		.uleb128 0x24
 1337 073a 9E020000 		.4byte	.LASF113
 1338 073e 01       		.byte	0x1
 1339 073f 83       		.byte	0x83
 1340 0740 07       		.byte	0x7
 1341 0741 C9020000 		.4byte	0x2c9
 1342 0745 01       		.byte	0x1
 1343 0746 61070000 		.4byte	0x761
 1344 074a 25       		.uleb128 0x25
 1345 074b 06020000 		.4byte	.LASF106
 1346 074f 01       		.byte	0x1
 1347 0750 83       		.byte	0x83
 1348 0751 1B       		.byte	0x1b
 1349 0752 3B000000 		.4byte	0x3b
 1350 0756 26       		.uleb128 0x26
 1351 0757 7000     		.ascii	"p\000"
 1352 0759 01       		.byte	0x1
 1353 075a 84       		.byte	0x84
 1354 075b 09       		.byte	0x9
 1355 075c C9020000 		.4byte	0x2c9
 1356 0760 00       		.byte	0
 1357 0761 27       		.uleb128 0x27
 1358 0762 2B000000 		.4byte	.LASF114
 1359 0766 01       		.byte	0x1
 1360 0767 6D       		.byte	0x6d
 1361 0768 07       		.byte	0x7
 1362 0769 C9020000 		.4byte	0x2c9
 1363 076d 00000000 		.4byte	.LFB187
 1364 0771 6C000000 		.4byte	.LFE187-.LFB187
 1365 0775 01       		.uleb128 0x1
 1366 0776 9C       		.byte	0x9c
ARM GAS  /tmp/cc0QrU2x.s 			page 25


 1367 0777 98080000 		.4byte	0x898
 1368 077b 28       		.uleb128 0x28
 1369 077c 06020000 		.4byte	.LASF106
 1370 0780 01       		.byte	0x1
 1371 0781 6D       		.byte	0x6d
 1372 0782 1A       		.byte	0x1a
 1373 0783 3B000000 		.4byte	0x3b
 1374 0787 12000000 		.4byte	.LLST0
 1375 078b 0C000000 		.4byte	.LVUS0
 1376 078f 29       		.uleb128 0x29
 1377 0790 7000     		.ascii	"p\000"
 1378 0792 01       		.byte	0x1
 1379 0793 6E       		.byte	0x6e
 1380 0794 09       		.byte	0x9
 1381 0795 C9020000 		.4byte	0x2c9
 1382 0799 34000000 		.4byte	.LLST1
 1383 079d 30000000 		.4byte	.LVUS1
 1384 07a1 2A       		.uleb128 0x2a
 1385 07a2 00090000 		.4byte	0x900
 1386 07a6 00000000 		.4byte	.LBI31
 1387 07aa 03       		.byte	.LVU17
 1388 07ab 0C000000 		.4byte	.LLRL2
 1389 07af 01       		.byte	0x1
 1390 07b0 70       		.byte	0x70
 1391 07b1 03       		.byte	0x3
 1392 07b2 F3070000 		.4byte	0x7f3
 1393 07b6 15       		.uleb128 0x15
 1394 07b7 10090000 		.4byte	0x910
 1395 07bb 00000000 		.4byte	.LBI33
 1396 07bf 05       		.byte	.LVU19
 1397 07c0 18000000 		.4byte	.LLRL3
 1398 07c4 5C01     		.2byte	0x15c
 1399 07c6 E9070000 		.4byte	0x7e9
 1400 07ca 16       		.uleb128 0x16
 1401 07cb 18090000 		.4byte	0x918
 1402 07cf 00000000 		.4byte	.LBI34
 1403 07d3 07       		.byte	.LVU21
 1404 07d4 18000000 		.4byte	.LLRL3
 1405 07d8 BF01     		.2byte	0x1bf
 1406 07da 0B       		.uleb128 0xb
 1407 07db 25090000 		.4byte	0x925
 1408 07df 46000000 		.4byte	.LLST4
 1409 07e3 44000000 		.4byte	.LVUS4
 1410 07e7 00       		.byte	0
 1411 07e8 00       		.byte	0
 1412 07e9 0C       		.uleb128 0xc
 1413 07ea 0E000000 		.4byte	.LVL2
 1414 07ee 1D070000 		.4byte	0x71d
 1415 07f2 00       		.byte	0
 1416 07f3 2B       		.uleb128 0x2b
 1417 07f4 39070000 		.4byte	0x739
 1418 07f8 0E000000 		.4byte	.LBI41
 1419 07fc 02       		.byte	.LVU31
 1420 07fd 0E000000 		.4byte	.LBB41
 1421 0801 1E000000 		.4byte	.LBE41-.LBB41
 1422 0805 01       		.byte	0x1
 1423 0806 71       		.byte	0x71
ARM GAS  /tmp/cc0QrU2x.s 			page 26


 1424 0807 07       		.byte	0x7
 1425 0808 30080000 		.4byte	0x830
 1426 080c 0B       		.uleb128 0xb
 1427 080d 4A070000 		.4byte	0x74a
 1428 0811 57000000 		.4byte	.LLST5
 1429 0815 51000000 		.4byte	.LVUS5
 1430 0819 17       		.uleb128 0x17
 1431 081a 56070000 		.4byte	0x756
 1432 081e 73000000 		.4byte	.LLST6
 1433 0822 71000000 		.4byte	.LVUS6
 1434 0826 0C       		.uleb128 0xc
 1435 0827 12000000 		.4byte	.LVL3
 1436 082b FE060000 		.4byte	0x6fe
 1437 082f 00       		.byte	0
 1438 0830 2C       		.uleb128 0x2c
 1439 0831 CE080000 		.4byte	0x8ce
 1440 0835 2C000000 		.4byte	.LBI43
 1441 0839 02       		.byte	.LVU49
 1442 083a 24000000 		.4byte	.LLRL7
 1443 083e 01       		.byte	0x1
 1444 083f 72       		.byte	0x72
 1445 0840 03       		.byte	0x3
 1446 0841 2D       		.uleb128 0x2d
 1447 0842 24000000 		.4byte	.LLRL7
 1448 0846 15       		.uleb128 0x15
 1449 0847 08090000 		.4byte	0x908
 1450 084b 42000000 		.4byte	.LBI45
 1451 084f 02       		.byte	.LVU58
 1452 0850 30000000 		.4byte	.LLRL8
 1453 0854 7301     		.2byte	0x173
 1454 0856 79080000 		.4byte	0x879
 1455 085a 16       		.uleb128 0x16
 1456 085b 18090000 		.4byte	0x918
 1457 085f 42000000 		.4byte	.LBI46
 1458 0863 04       		.byte	.LVU60
 1459 0864 30000000 		.4byte	.LLRL8
 1460 0868 CD01     		.2byte	0x1cd
 1461 086a 0B       		.uleb128 0xb
 1462 086b 25090000 		.4byte	0x925
 1463 086f 80000000 		.4byte	.LLST9
 1464 0873 7C000000 		.4byte	.LVUS9
 1465 0877 00       		.byte	0
 1466 0878 00       		.byte	0
 1467 0879 0C       		.uleb128 0xc
 1468 087a 30000000 		.4byte	.LVL8
 1469 087e 17070000 		.4byte	0x717
 1470 0882 2E       		.uleb128 0x2e
 1471 0883 52000000 		.4byte	.LVL12
 1472 0887 04070000 		.4byte	0x704
 1473 088b 2F       		.uleb128 0x2f
 1474 088c 01       		.uleb128 0x1
 1475 088d 50       		.byte	0x50
 1476 088e 05       		.uleb128 0x5
 1477 088f 03       		.byte	0x3
 1478 0890 00000000 		.4byte	__func__.0
 1479 0894 00       		.byte	0
 1480 0895 00       		.byte	0
ARM GAS  /tmp/cc0QrU2x.s 			page 27


 1481 0896 00       		.byte	0
 1482 0897 00       		.byte	0
 1483 0898 30       		.uleb128 0x30
 1484 0899 7B040000 		.4byte	.LASF115
 1485 089d 01       		.byte	0x1
 1486 089e 4E       		.byte	0x4e
 1487 089f 06       		.byte	0x6
 1488 08a0 00000000 		.4byte	.LFB186
 1489 08a4 28000000 		.4byte	.LFE186-.LFB186
 1490 08a8 01       		.uleb128 0x1
 1491 08a9 9C       		.byte	0x9c
 1492 08aa C3080000 		.4byte	0x8c3
 1493 08ae 18       		.uleb128 0x18
 1494 08af B8050000 		.4byte	.LASF99
 1495 08b3 50       		.byte	0x50
 1496 08b4 C3080000 		.4byte	0x8c3
 1497 08b8 18       		.uleb128 0x18
 1498 08b9 AC040000 		.4byte	.LASF100
 1499 08bd 51       		.byte	0x51
 1500 08be C3080000 		.4byte	0x8c3
 1501 08c2 00       		.byte	0
 1502 08c3 0D       		.uleb128 0xd
 1503 08c4 A8000000 		.4byte	0xa8
 1504 08c8 CE080000 		.4byte	0x8ce
 1505 08cc 31       		.uleb128 0x31
 1506 08cd 00       		.byte	0
 1507 08ce 19       		.uleb128 0x19
 1508 08cf 20060000 		.4byte	.LASF104
 1509 08d3 02       		.byte	0x2
 1510 08d4 6601     		.2byte	0x166
 1511 08d6 14       		.byte	0x14
 1512 08d7 EB080000 		.4byte	0x8eb
 1513 08db 32       		.uleb128 0x32
 1514 08dc CF040000 		.4byte	.LASF116
 1515 08e0 FB080000 		.4byte	0x8fb
 1516 08e4 05       		.uleb128 0x5
 1517 08e5 03       		.byte	0x3
 1518 08e6 00000000 		.4byte	__func__.0
 1519 08ea 00       		.byte	0
 1520 08eb 0D       		.uleb128 0xd
 1521 08ec A2060000 		.4byte	0x6a2
 1522 08f0 FB080000 		.4byte	0x8fb
 1523 08f4 13       		.uleb128 0x13
 1524 08f5 2D000000 		.4byte	0x2d
 1525 08f9 0B       		.byte	0xb
 1526 08fa 00       		.byte	0
 1527 08fb 12       		.uleb128 0x12
 1528 08fc EB080000 		.4byte	0x8eb
 1529 0900 0F       		.uleb128 0xf
 1530 0901 D8040000 		.4byte	.LASF101
 1531 0905 02       		.byte	0x2
 1532 0906 5A01     		.2byte	0x15a
 1533 0908 0F       		.uleb128 0xf
 1534 0909 1A020000 		.4byte	.LASF102
 1535 090d 03       		.byte	0x3
 1536 090e CA01     		.2byte	0x1ca
 1537 0910 0F       		.uleb128 0xf
ARM GAS  /tmp/cc0QrU2x.s 			page 28


 1538 0911 5C000000 		.4byte	.LASF103
 1539 0915 03       		.byte	0x3
 1540 0916 BC01     		.2byte	0x1bc
 1541 0918 19       		.uleb128 0x19
 1542 0919 8A050000 		.4byte	.LASF105
 1543 091d 04       		.byte	0x4
 1544 091e 2002     		.2byte	0x220
 1545 0920 39       		.byte	0x39
 1546 0921 33090000 		.4byte	0x933
 1547 0925 33       		.uleb128 0x33
 1548 0926 D2020000 		.4byte	.LASF107
 1549 092a 04       		.byte	0x4
 1550 092b 2002     		.2byte	0x220
 1551 092d 50       		.byte	0x50
 1552 092e C0000000 		.4byte	0xc0
 1553 0932 00       		.byte	0
 1554 0933 34       		.uleb128 0x34
 1555 0934 39070000 		.4byte	0x739
 1556 0938 00000000 		.4byte	.LFB188
 1557 093c 2C000000 		.4byte	.LFE188-.LFB188
 1558 0940 01       		.uleb128 0x1
 1559 0941 9C       		.byte	0x9c
 1560 0942 0B       		.uleb128 0xb
 1561 0943 4A070000 		.4byte	0x74a
 1562 0947 9C000000 		.4byte	.LLST10
 1563 094b 92000000 		.4byte	.LVUS10
 1564 094f 17       		.uleb128 0x17
 1565 0950 56070000 		.4byte	0x756
 1566 0954 D0000000 		.4byte	.LLST11
 1567 0958 CE000000 		.4byte	.LVUS11
 1568 095c 0C       		.uleb128 0xc
 1569 095d 08000000 		.4byte	.LVL16
 1570 0961 FE060000 		.4byte	0x6fe
 1571 0965 00       		.byte	0
 1572 0966 00       		.byte	0
 1573              		.section	.debug_abbrev,"",%progbits
 1574              	.Ldebug_abbrev0:
 1575 0000 01       		.uleb128 0x1
 1576 0001 16       		.uleb128 0x16
 1577 0002 00       		.byte	0
 1578 0003 03       		.uleb128 0x3
 1579 0004 0E       		.uleb128 0xe
 1580 0005 3A       		.uleb128 0x3a
 1581 0006 0B       		.uleb128 0xb
 1582 0007 3B       		.uleb128 0x3b
 1583 0008 0B       		.uleb128 0xb
 1584 0009 39       		.uleb128 0x39
 1585 000a 0B       		.uleb128 0xb
 1586 000b 49       		.uleb128 0x49
 1587 000c 13       		.uleb128 0x13
 1588 000d 00       		.byte	0
 1589 000e 00       		.byte	0
 1590 000f 02       		.uleb128 0x2
 1591 0010 0D       		.uleb128 0xd
 1592 0011 00       		.byte	0
 1593 0012 03       		.uleb128 0x3
 1594 0013 0E       		.uleb128 0xe
ARM GAS  /tmp/cc0QrU2x.s 			page 29


 1595 0014 3A       		.uleb128 0x3a
 1596 0015 21       		.uleb128 0x21
 1597 0016 0A       		.sleb128 10
 1598 0017 3B       		.uleb128 0x3b
 1599 0018 05       		.uleb128 0x5
 1600 0019 39       		.uleb128 0x39
 1601 001a 0B       		.uleb128 0xb
 1602 001b 49       		.uleb128 0x49
 1603 001c 13       		.uleb128 0x13
 1604 001d 38       		.uleb128 0x38
 1605 001e 0B       		.uleb128 0xb
 1606 001f 00       		.byte	0
 1607 0020 00       		.byte	0
 1608 0021 03       		.uleb128 0x3
 1609 0022 0D       		.uleb128 0xd
 1610 0023 00       		.byte	0
 1611 0024 03       		.uleb128 0x3
 1612 0025 0E       		.uleb128 0xe
 1613 0026 3A       		.uleb128 0x3a
 1614 0027 0B       		.uleb128 0xb
 1615 0028 3B       		.uleb128 0x3b
 1616 0029 0B       		.uleb128 0xb
 1617 002a 39       		.uleb128 0x39
 1618 002b 0B       		.uleb128 0xb
 1619 002c 49       		.uleb128 0x49
 1620 002d 13       		.uleb128 0x13
 1621 002e 38       		.uleb128 0x38
 1622 002f 0B       		.uleb128 0xb
 1623 0030 00       		.byte	0
 1624 0031 00       		.byte	0
 1625 0032 04       		.uleb128 0x4
 1626 0033 0D       		.uleb128 0xd
 1627 0034 00       		.byte	0
 1628 0035 03       		.uleb128 0x3
 1629 0036 08       		.uleb128 0x8
 1630 0037 3A       		.uleb128 0x3a
 1631 0038 0B       		.uleb128 0xb
 1632 0039 3B       		.uleb128 0x3b
 1633 003a 05       		.uleb128 0x5
 1634 003b 39       		.uleb128 0x39
 1635 003c 0B       		.uleb128 0xb
 1636 003d 49       		.uleb128 0x49
 1637 003e 13       		.uleb128 0x13
 1638 003f 38       		.uleb128 0x38
 1639 0040 0B       		.uleb128 0xb
 1640 0041 00       		.byte	0
 1641 0042 00       		.byte	0
 1642 0043 05       		.uleb128 0x5
 1643 0044 0D       		.uleb128 0xd
 1644 0045 00       		.byte	0
 1645 0046 03       		.uleb128 0x3
 1646 0047 08       		.uleb128 0x8
 1647 0048 3A       		.uleb128 0x3a
 1648 0049 0B       		.uleb128 0xb
 1649 004a 3B       		.uleb128 0x3b
 1650 004b 0B       		.uleb128 0xb
 1651 004c 39       		.uleb128 0x39
ARM GAS  /tmp/cc0QrU2x.s 			page 30


 1652 004d 0B       		.uleb128 0xb
 1653 004e 49       		.uleb128 0x49
 1654 004f 13       		.uleb128 0x13
 1655 0050 38       		.uleb128 0x38
 1656 0051 0B       		.uleb128 0xb
 1657 0052 00       		.byte	0
 1658 0053 00       		.byte	0
 1659 0054 06       		.uleb128 0x6
 1660 0055 24       		.uleb128 0x24
 1661 0056 00       		.byte	0
 1662 0057 0B       		.uleb128 0xb
 1663 0058 0B       		.uleb128 0xb
 1664 0059 3E       		.uleb128 0x3e
 1665 005a 0B       		.uleb128 0xb
 1666 005b 03       		.uleb128 0x3
 1667 005c 0E       		.uleb128 0xe
 1668 005d 00       		.byte	0
 1669 005e 00       		.byte	0
 1670 005f 07       		.uleb128 0x7
 1671 0060 0F       		.uleb128 0xf
 1672 0061 00       		.byte	0
 1673 0062 0B       		.uleb128 0xb
 1674 0063 21       		.uleb128 0x21
 1675 0064 04       		.sleb128 4
 1676 0065 49       		.uleb128 0x49
 1677 0066 13       		.uleb128 0x13
 1678 0067 00       		.byte	0
 1679 0068 00       		.byte	0
 1680 0069 08       		.uleb128 0x8
 1681 006a 13       		.uleb128 0x13
 1682 006b 01       		.byte	0x1
 1683 006c 03       		.uleb128 0x3
 1684 006d 0E       		.uleb128 0xe
 1685 006e 0B       		.uleb128 0xb
 1686 006f 0B       		.uleb128 0xb
 1687 0070 3A       		.uleb128 0x3a
 1688 0071 0B       		.uleb128 0xb
 1689 0072 3B       		.uleb128 0x3b
 1690 0073 0B       		.uleb128 0xb
 1691 0074 39       		.uleb128 0x39
 1692 0075 0B       		.uleb128 0xb
 1693 0076 01       		.uleb128 0x1
 1694 0077 13       		.uleb128 0x13
 1695 0078 00       		.byte	0
 1696 0079 00       		.byte	0
 1697 007a 09       		.uleb128 0x9
 1698 007b 0D       		.uleb128 0xd
 1699 007c 00       		.byte	0
 1700 007d 03       		.uleb128 0x3
 1701 007e 0E       		.uleb128 0xe
 1702 007f 3A       		.uleb128 0x3a
 1703 0080 21       		.uleb128 0x21
 1704 0081 0A       		.sleb128 10
 1705 0082 3B       		.uleb128 0x3b
 1706 0083 05       		.uleb128 0x5
 1707 0084 39       		.uleb128 0x39
 1708 0085 0B       		.uleb128 0xb
ARM GAS  /tmp/cc0QrU2x.s 			page 31


 1709 0086 49       		.uleb128 0x49
 1710 0087 13       		.uleb128 0x13
 1711 0088 00       		.byte	0
 1712 0089 00       		.byte	0
 1713 008a 0A       		.uleb128 0xa
 1714 008b 13       		.uleb128 0x13
 1715 008c 01       		.byte	0x1
 1716 008d 03       		.uleb128 0x3
 1717 008e 0E       		.uleb128 0xe
 1718 008f 0B       		.uleb128 0xb
 1719 0090 0B       		.uleb128 0xb
 1720 0091 3A       		.uleb128 0x3a
 1721 0092 21       		.uleb128 0x21
 1722 0093 0A       		.sleb128 10
 1723 0094 3B       		.uleb128 0x3b
 1724 0095 05       		.uleb128 0x5
 1725 0096 39       		.uleb128 0x39
 1726 0097 21       		.uleb128 0x21
 1727 0098 08       		.sleb128 8
 1728 0099 01       		.uleb128 0x1
 1729 009a 13       		.uleb128 0x13
 1730 009b 00       		.byte	0
 1731 009c 00       		.byte	0
 1732 009d 0B       		.uleb128 0xb
 1733 009e 05       		.uleb128 0x5
 1734 009f 00       		.byte	0
 1735 00a0 31       		.uleb128 0x31
 1736 00a1 13       		.uleb128 0x13
 1737 00a2 02       		.uleb128 0x2
 1738 00a3 17       		.uleb128 0x17
 1739 00a4 B742     		.uleb128 0x2137
 1740 00a6 17       		.uleb128 0x17
 1741 00a7 00       		.byte	0
 1742 00a8 00       		.byte	0
 1743 00a9 0C       		.uleb128 0xc
 1744 00aa 48       		.uleb128 0x48
 1745 00ab 00       		.byte	0
 1746 00ac 7D       		.uleb128 0x7d
 1747 00ad 01       		.uleb128 0x1
 1748 00ae 7F       		.uleb128 0x7f
 1749 00af 13       		.uleb128 0x13
 1750 00b0 00       		.byte	0
 1751 00b1 00       		.byte	0
 1752 00b2 0D       		.uleb128 0xd
 1753 00b3 01       		.uleb128 0x1
 1754 00b4 01       		.byte	0x1
 1755 00b5 49       		.uleb128 0x49
 1756 00b6 13       		.uleb128 0x13
 1757 00b7 01       		.uleb128 0x1
 1758 00b8 13       		.uleb128 0x13
 1759 00b9 00       		.byte	0
 1760 00ba 00       		.byte	0
 1761 00bb 0E       		.uleb128 0xe
 1762 00bc 2E       		.uleb128 0x2e
 1763 00bd 00       		.byte	0
 1764 00be 3F       		.uleb128 0x3f
 1765 00bf 19       		.uleb128 0x19
ARM GAS  /tmp/cc0QrU2x.s 			page 32


 1766 00c0 03       		.uleb128 0x3
 1767 00c1 0E       		.uleb128 0xe
 1768 00c2 3A       		.uleb128 0x3a
 1769 00c3 21       		.uleb128 0x21
 1770 00c4 0F       		.sleb128 15
 1771 00c5 3B       		.uleb128 0x3b
 1772 00c6 0B       		.uleb128 0xb
 1773 00c7 39       		.uleb128 0x39
 1774 00c8 21       		.uleb128 0x21
 1775 00c9 08       		.sleb128 8
 1776 00ca 27       		.uleb128 0x27
 1777 00cb 19       		.uleb128 0x19
 1778 00cc 3C       		.uleb128 0x3c
 1779 00cd 19       		.uleb128 0x19
 1780 00ce 00       		.byte	0
 1781 00cf 00       		.byte	0
 1782 00d0 0F       		.uleb128 0xf
 1783 00d1 2E       		.uleb128 0x2e
 1784 00d2 00       		.byte	0
 1785 00d3 03       		.uleb128 0x3
 1786 00d4 0E       		.uleb128 0xe
 1787 00d5 3A       		.uleb128 0x3a
 1788 00d6 0B       		.uleb128 0xb
 1789 00d7 3B       		.uleb128 0x3b
 1790 00d8 05       		.uleb128 0x5
 1791 00d9 39       		.uleb128 0x39
 1792 00da 21       		.uleb128 0x21
 1793 00db 14       		.sleb128 20
 1794 00dc 27       		.uleb128 0x27
 1795 00dd 19       		.uleb128 0x19
 1796 00de 20       		.uleb128 0x20
 1797 00df 21       		.uleb128 0x21
 1798 00e0 03       		.sleb128 3
 1799 00e1 00       		.byte	0
 1800 00e2 00       		.byte	0
 1801 00e3 10       		.uleb128 0x10
 1802 00e4 35       		.uleb128 0x35
 1803 00e5 00       		.byte	0
 1804 00e6 49       		.uleb128 0x49
 1805 00e7 13       		.uleb128 0x13
 1806 00e8 00       		.byte	0
 1807 00e9 00       		.byte	0
 1808 00ea 11       		.uleb128 0x11
 1809 00eb 05       		.uleb128 0x5
 1810 00ec 00       		.byte	0
 1811 00ed 49       		.uleb128 0x49
 1812 00ee 13       		.uleb128 0x13
 1813 00ef 00       		.byte	0
 1814 00f0 00       		.byte	0
 1815 00f1 12       		.uleb128 0x12
 1816 00f2 26       		.uleb128 0x26
 1817 00f3 00       		.byte	0
 1818 00f4 49       		.uleb128 0x49
 1819 00f5 13       		.uleb128 0x13
 1820 00f6 00       		.byte	0
 1821 00f7 00       		.byte	0
 1822 00f8 13       		.uleb128 0x13
ARM GAS  /tmp/cc0QrU2x.s 			page 33


 1823 00f9 21       		.uleb128 0x21
 1824 00fa 00       		.byte	0
 1825 00fb 49       		.uleb128 0x49
 1826 00fc 13       		.uleb128 0x13
 1827 00fd 2F       		.uleb128 0x2f
 1828 00fe 0B       		.uleb128 0xb
 1829 00ff 00       		.byte	0
 1830 0100 00       		.byte	0
 1831 0101 14       		.uleb128 0x14
 1832 0102 34       		.uleb128 0x34
 1833 0103 00       		.byte	0
 1834 0104 03       		.uleb128 0x3
 1835 0105 0E       		.uleb128 0xe
 1836 0106 3A       		.uleb128 0x3a
 1837 0107 21       		.uleb128 0x21
 1838 0108 01       		.sleb128 1
 1839 0109 3B       		.uleb128 0x3b
 1840 010a 0B       		.uleb128 0xb
 1841 010b 39       		.uleb128 0x39
 1842 010c 21       		.uleb128 0x21
 1843 010d 11       		.sleb128 17
 1844 010e 49       		.uleb128 0x49
 1845 010f 13       		.uleb128 0x13
 1846 0110 02       		.uleb128 0x2
 1847 0111 18       		.uleb128 0x18
 1848 0112 00       		.byte	0
 1849 0113 00       		.byte	0
 1850 0114 15       		.uleb128 0x15
 1851 0115 1D       		.uleb128 0x1d
 1852 0116 01       		.byte	0x1
 1853 0117 31       		.uleb128 0x31
 1854 0118 13       		.uleb128 0x13
 1855 0119 52       		.uleb128 0x52
 1856 011a 01       		.uleb128 0x1
 1857 011b B842     		.uleb128 0x2138
 1858 011d 0B       		.uleb128 0xb
 1859 011e 55       		.uleb128 0x55
 1860 011f 17       		.uleb128 0x17
 1861 0120 58       		.uleb128 0x58
 1862 0121 21       		.uleb128 0x21
 1863 0122 02       		.sleb128 2
 1864 0123 59       		.uleb128 0x59
 1865 0124 05       		.uleb128 0x5
 1866 0125 57       		.uleb128 0x57
 1867 0126 21       		.uleb128 0x21
 1868 0127 03       		.sleb128 3
 1869 0128 01       		.uleb128 0x1
 1870 0129 13       		.uleb128 0x13
 1871 012a 00       		.byte	0
 1872 012b 00       		.byte	0
 1873 012c 16       		.uleb128 0x16
 1874 012d 1D       		.uleb128 0x1d
 1875 012e 01       		.byte	0x1
 1876 012f 31       		.uleb128 0x31
 1877 0130 13       		.uleb128 0x13
 1878 0131 52       		.uleb128 0x52
 1879 0132 01       		.uleb128 0x1
ARM GAS  /tmp/cc0QrU2x.s 			page 34


 1880 0133 B842     		.uleb128 0x2138
 1881 0135 0B       		.uleb128 0xb
 1882 0136 55       		.uleb128 0x55
 1883 0137 17       		.uleb128 0x17
 1884 0138 58       		.uleb128 0x58
 1885 0139 21       		.uleb128 0x21
 1886 013a 03       		.sleb128 3
 1887 013b 59       		.uleb128 0x59
 1888 013c 05       		.uleb128 0x5
 1889 013d 57       		.uleb128 0x57
 1890 013e 21       		.uleb128 0x21
 1891 013f 03       		.sleb128 3
 1892 0140 00       		.byte	0
 1893 0141 00       		.byte	0
 1894 0142 17       		.uleb128 0x17
 1895 0143 34       		.uleb128 0x34
 1896 0144 00       		.byte	0
 1897 0145 31       		.uleb128 0x31
 1898 0146 13       		.uleb128 0x13
 1899 0147 02       		.uleb128 0x2
 1900 0148 17       		.uleb128 0x17
 1901 0149 B742     		.uleb128 0x2137
 1902 014b 17       		.uleb128 0x17
 1903 014c 00       		.byte	0
 1904 014d 00       		.byte	0
 1905 014e 18       		.uleb128 0x18
 1906 014f 34       		.uleb128 0x34
 1907 0150 00       		.byte	0
 1908 0151 03       		.uleb128 0x3
 1909 0152 0E       		.uleb128 0xe
 1910 0153 3A       		.uleb128 0x3a
 1911 0154 21       		.uleb128 0x21
 1912 0155 01       		.sleb128 1
 1913 0156 3B       		.uleb128 0x3b
 1914 0157 0B       		.uleb128 0xb
 1915 0158 39       		.uleb128 0x39
 1916 0159 21       		.uleb128 0x21
 1917 015a 12       		.sleb128 18
 1918 015b 49       		.uleb128 0x49
 1919 015c 13       		.uleb128 0x13
 1920 015d 3F       		.uleb128 0x3f
 1921 015e 19       		.uleb128 0x19
 1922 015f 3C       		.uleb128 0x3c
 1923 0160 19       		.uleb128 0x19
 1924 0161 00       		.byte	0
 1925 0162 00       		.byte	0
 1926 0163 19       		.uleb128 0x19
 1927 0164 2E       		.uleb128 0x2e
 1928 0165 01       		.byte	0x1
 1929 0166 03       		.uleb128 0x3
 1930 0167 0E       		.uleb128 0xe
 1931 0168 3A       		.uleb128 0x3a
 1932 0169 0B       		.uleb128 0xb
 1933 016a 3B       		.uleb128 0x3b
 1934 016b 05       		.uleb128 0x5
 1935 016c 39       		.uleb128 0x39
 1936 016d 0B       		.uleb128 0xb
ARM GAS  /tmp/cc0QrU2x.s 			page 35


 1937 016e 27       		.uleb128 0x27
 1938 016f 19       		.uleb128 0x19
 1939 0170 20       		.uleb128 0x20
 1940 0171 21       		.uleb128 0x21
 1941 0172 03       		.sleb128 3
 1942 0173 01       		.uleb128 0x1
 1943 0174 13       		.uleb128 0x13
 1944 0175 00       		.byte	0
 1945 0176 00       		.byte	0
 1946 0177 1A       		.uleb128 0x1a
 1947 0178 11       		.uleb128 0x11
 1948 0179 01       		.byte	0x1
 1949 017a 25       		.uleb128 0x25
 1950 017b 0E       		.uleb128 0xe
 1951 017c 13       		.uleb128 0x13
 1952 017d 0B       		.uleb128 0xb
 1953 017e 03       		.uleb128 0x3
 1954 017f 0E       		.uleb128 0xe
 1955 0180 1B       		.uleb128 0x1b
 1956 0181 0E       		.uleb128 0xe
 1957 0182 55       		.uleb128 0x55
 1958 0183 17       		.uleb128 0x17
 1959 0184 11       		.uleb128 0x11
 1960 0185 01       		.uleb128 0x1
 1961 0186 10       		.uleb128 0x10
 1962 0187 17       		.uleb128 0x17
 1963 0188 00       		.byte	0
 1964 0189 00       		.byte	0
 1965 018a 1B       		.uleb128 0x1b
 1966 018b 24       		.uleb128 0x24
 1967 018c 00       		.byte	0
 1968 018d 0B       		.uleb128 0xb
 1969 018e 0B       		.uleb128 0xb
 1970 018f 3E       		.uleb128 0x3e
 1971 0190 0B       		.uleb128 0xb
 1972 0191 03       		.uleb128 0x3
 1973 0192 08       		.uleb128 0x8
 1974 0193 00       		.byte	0
 1975 0194 00       		.byte	0
 1976 0195 1C       		.uleb128 0x1c
 1977 0196 15       		.uleb128 0x15
 1978 0197 01       		.byte	0x1
 1979 0198 27       		.uleb128 0x27
 1980 0199 19       		.uleb128 0x19
 1981 019a 01       		.uleb128 0x1
 1982 019b 13       		.uleb128 0x13
 1983 019c 00       		.byte	0
 1984 019d 00       		.byte	0
 1985 019e 1D       		.uleb128 0x1d
 1986 019f 0F       		.uleb128 0xf
 1987 01a0 00       		.byte	0
 1988 01a1 0B       		.uleb128 0xb
 1989 01a2 0B       		.uleb128 0xb
 1990 01a3 00       		.byte	0
 1991 01a4 00       		.byte	0
 1992 01a5 1E       		.uleb128 0x1e
 1993 01a6 13       		.uleb128 0x13
ARM GAS  /tmp/cc0QrU2x.s 			page 36


 1994 01a7 01       		.byte	0x1
 1995 01a8 03       		.uleb128 0x3
 1996 01a9 0E       		.uleb128 0xe
 1997 01aa 0B       		.uleb128 0xb
 1998 01ab 05       		.uleb128 0x5
 1999 01ac 3A       		.uleb128 0x3a
 2000 01ad 0B       		.uleb128 0xb
 2001 01ae 3B       		.uleb128 0x3b
 2002 01af 05       		.uleb128 0x5
 2003 01b0 39       		.uleb128 0x39
 2004 01b1 0B       		.uleb128 0xb
 2005 01b2 01       		.uleb128 0x1
 2006 01b3 13       		.uleb128 0x13
 2007 01b4 00       		.byte	0
 2008 01b5 00       		.byte	0
 2009 01b6 1F       		.uleb128 0x1f
 2010 01b7 13       		.uleb128 0x13
 2011 01b8 01       		.byte	0x1
 2012 01b9 0B       		.uleb128 0xb
 2013 01ba 0B       		.uleb128 0xb
 2014 01bb 3A       		.uleb128 0x3a
 2015 01bc 0B       		.uleb128 0xb
 2016 01bd 3B       		.uleb128 0x3b
 2017 01be 0B       		.uleb128 0xb
 2018 01bf 39       		.uleb128 0x39
 2019 01c0 0B       		.uleb128 0xb
 2020 01c1 01       		.uleb128 0x1
 2021 01c2 13       		.uleb128 0x13
 2022 01c3 00       		.byte	0
 2023 01c4 00       		.byte	0
 2024 01c5 20       		.uleb128 0x20
 2025 01c6 17       		.uleb128 0x17
 2026 01c7 01       		.byte	0x1
 2027 01c8 0B       		.uleb128 0xb
 2028 01c9 0B       		.uleb128 0xb
 2029 01ca 3A       		.uleb128 0x3a
 2030 01cb 0B       		.uleb128 0xb
 2031 01cc 3B       		.uleb128 0x3b
 2032 01cd 0B       		.uleb128 0xb
 2033 01ce 39       		.uleb128 0x39
 2034 01cf 0B       		.uleb128 0xb
 2035 01d0 01       		.uleb128 0x1
 2036 01d1 13       		.uleb128 0x13
 2037 01d2 00       		.byte	0
 2038 01d3 00       		.byte	0
 2039 01d4 21       		.uleb128 0x21
 2040 01d5 34       		.uleb128 0x34
 2041 01d6 00       		.byte	0
 2042 01d7 03       		.uleb128 0x3
 2043 01d8 08       		.uleb128 0x8
 2044 01d9 3A       		.uleb128 0x3a
 2045 01da 0B       		.uleb128 0xb
 2046 01db 3B       		.uleb128 0x3b
 2047 01dc 05       		.uleb128 0x5
 2048 01dd 39       		.uleb128 0x39
 2049 01de 0B       		.uleb128 0xb
 2050 01df 49       		.uleb128 0x49
ARM GAS  /tmp/cc0QrU2x.s 			page 37


 2051 01e0 13       		.uleb128 0x13
 2052 01e1 3F       		.uleb128 0x3f
 2053 01e2 19       		.uleb128 0x19
 2054 01e3 3C       		.uleb128 0x3c
 2055 01e4 19       		.uleb128 0x19
 2056 01e5 00       		.byte	0
 2057 01e6 00       		.byte	0
 2058 01e7 22       		.uleb128 0x22
 2059 01e8 2E       		.uleb128 0x2e
 2060 01e9 01       		.byte	0x1
 2061 01ea 3F       		.uleb128 0x3f
 2062 01eb 19       		.uleb128 0x19
 2063 01ec 03       		.uleb128 0x3
 2064 01ed 0E       		.uleb128 0xe
 2065 01ee 3A       		.uleb128 0x3a
 2066 01ef 0B       		.uleb128 0xb
 2067 01f0 3B       		.uleb128 0x3b
 2068 01f1 05       		.uleb128 0x5
 2069 01f2 39       		.uleb128 0x39
 2070 01f3 0B       		.uleb128 0xb
 2071 01f4 27       		.uleb128 0x27
 2072 01f5 19       		.uleb128 0x19
 2073 01f6 3C       		.uleb128 0x3c
 2074 01f7 19       		.uleb128 0x19
 2075 01f8 01       		.uleb128 0x1
 2076 01f9 13       		.uleb128 0x13
 2077 01fa 00       		.byte	0
 2078 01fb 00       		.byte	0
 2079 01fc 23       		.uleb128 0x23
 2080 01fd 2E       		.uleb128 0x2e
 2081 01fe 00       		.byte	0
 2082 01ff 3F       		.uleb128 0x3f
 2083 0200 19       		.uleb128 0x19
 2084 0201 03       		.uleb128 0x3
 2085 0202 0E       		.uleb128 0xe
 2086 0203 3A       		.uleb128 0x3a
 2087 0204 0B       		.uleb128 0xb
 2088 0205 3B       		.uleb128 0x3b
 2089 0206 0B       		.uleb128 0xb
 2090 0207 39       		.uleb128 0x39
 2091 0208 0B       		.uleb128 0xb
 2092 0209 27       		.uleb128 0x27
 2093 020a 19       		.uleb128 0x19
 2094 020b 49       		.uleb128 0x49
 2095 020c 13       		.uleb128 0x13
 2096 020d 11       		.uleb128 0x11
 2097 020e 01       		.uleb128 0x1
 2098 020f 12       		.uleb128 0x12
 2099 0210 06       		.uleb128 0x6
 2100 0211 40       		.uleb128 0x40
 2101 0212 18       		.uleb128 0x18
 2102 0213 7A       		.uleb128 0x7a
 2103 0214 19       		.uleb128 0x19
 2104 0215 00       		.byte	0
 2105 0216 00       		.byte	0
 2106 0217 24       		.uleb128 0x24
 2107 0218 2E       		.uleb128 0x2e
ARM GAS  /tmp/cc0QrU2x.s 			page 38


 2108 0219 01       		.byte	0x1
 2109 021a 3F       		.uleb128 0x3f
 2110 021b 19       		.uleb128 0x19
 2111 021c 03       		.uleb128 0x3
 2112 021d 0E       		.uleb128 0xe
 2113 021e 3A       		.uleb128 0x3a
 2114 021f 0B       		.uleb128 0xb
 2115 0220 3B       		.uleb128 0x3b
 2116 0221 0B       		.uleb128 0xb
 2117 0222 39       		.uleb128 0x39
 2118 0223 0B       		.uleb128 0xb
 2119 0224 27       		.uleb128 0x27
 2120 0225 19       		.uleb128 0x19
 2121 0226 49       		.uleb128 0x49
 2122 0227 13       		.uleb128 0x13
 2123 0228 20       		.uleb128 0x20
 2124 0229 0B       		.uleb128 0xb
 2125 022a 01       		.uleb128 0x1
 2126 022b 13       		.uleb128 0x13
 2127 022c 00       		.byte	0
 2128 022d 00       		.byte	0
 2129 022e 25       		.uleb128 0x25
 2130 022f 05       		.uleb128 0x5
 2131 0230 00       		.byte	0
 2132 0231 03       		.uleb128 0x3
 2133 0232 0E       		.uleb128 0xe
 2134 0233 3A       		.uleb128 0x3a
 2135 0234 0B       		.uleb128 0xb
 2136 0235 3B       		.uleb128 0x3b
 2137 0236 0B       		.uleb128 0xb
 2138 0237 39       		.uleb128 0x39
 2139 0238 0B       		.uleb128 0xb
 2140 0239 49       		.uleb128 0x49
 2141 023a 13       		.uleb128 0x13
 2142 023b 00       		.byte	0
 2143 023c 00       		.byte	0
 2144 023d 26       		.uleb128 0x26
 2145 023e 34       		.uleb128 0x34
 2146 023f 00       		.byte	0
 2147 0240 03       		.uleb128 0x3
 2148 0241 08       		.uleb128 0x8
 2149 0242 3A       		.uleb128 0x3a
 2150 0243 0B       		.uleb128 0xb
 2151 0244 3B       		.uleb128 0x3b
 2152 0245 0B       		.uleb128 0xb
 2153 0246 39       		.uleb128 0x39
 2154 0247 0B       		.uleb128 0xb
 2155 0248 49       		.uleb128 0x49
 2156 0249 13       		.uleb128 0x13
 2157 024a 00       		.byte	0
 2158 024b 00       		.byte	0
 2159 024c 27       		.uleb128 0x27
 2160 024d 2E       		.uleb128 0x2e
 2161 024e 01       		.byte	0x1
 2162 024f 3F       		.uleb128 0x3f
 2163 0250 19       		.uleb128 0x19
 2164 0251 03       		.uleb128 0x3
ARM GAS  /tmp/cc0QrU2x.s 			page 39


 2165 0252 0E       		.uleb128 0xe
 2166 0253 3A       		.uleb128 0x3a
 2167 0254 0B       		.uleb128 0xb
 2168 0255 3B       		.uleb128 0x3b
 2169 0256 0B       		.uleb128 0xb
 2170 0257 39       		.uleb128 0x39
 2171 0258 0B       		.uleb128 0xb
 2172 0259 27       		.uleb128 0x27
 2173 025a 19       		.uleb128 0x19
 2174 025b 49       		.uleb128 0x49
 2175 025c 13       		.uleb128 0x13
 2176 025d 11       		.uleb128 0x11
 2177 025e 01       		.uleb128 0x1
 2178 025f 12       		.uleb128 0x12
 2179 0260 06       		.uleb128 0x6
 2180 0261 40       		.uleb128 0x40
 2181 0262 18       		.uleb128 0x18
 2182 0263 7A       		.uleb128 0x7a
 2183 0264 19       		.uleb128 0x19
 2184 0265 01       		.uleb128 0x1
 2185 0266 13       		.uleb128 0x13
 2186 0267 00       		.byte	0
 2187 0268 00       		.byte	0
 2188 0269 28       		.uleb128 0x28
 2189 026a 05       		.uleb128 0x5
 2190 026b 00       		.byte	0
 2191 026c 03       		.uleb128 0x3
 2192 026d 0E       		.uleb128 0xe
 2193 026e 3A       		.uleb128 0x3a
 2194 026f 0B       		.uleb128 0xb
 2195 0270 3B       		.uleb128 0x3b
 2196 0271 0B       		.uleb128 0xb
 2197 0272 39       		.uleb128 0x39
 2198 0273 0B       		.uleb128 0xb
 2199 0274 49       		.uleb128 0x49
 2200 0275 13       		.uleb128 0x13
 2201 0276 02       		.uleb128 0x2
 2202 0277 17       		.uleb128 0x17
 2203 0278 B742     		.uleb128 0x2137
 2204 027a 17       		.uleb128 0x17
 2205 027b 00       		.byte	0
 2206 027c 00       		.byte	0
 2207 027d 29       		.uleb128 0x29
 2208 027e 34       		.uleb128 0x34
 2209 027f 00       		.byte	0
 2210 0280 03       		.uleb128 0x3
 2211 0281 08       		.uleb128 0x8
 2212 0282 3A       		.uleb128 0x3a
 2213 0283 0B       		.uleb128 0xb
 2214 0284 3B       		.uleb128 0x3b
 2215 0285 0B       		.uleb128 0xb
 2216 0286 39       		.uleb128 0x39
 2217 0287 0B       		.uleb128 0xb
 2218 0288 49       		.uleb128 0x49
 2219 0289 13       		.uleb128 0x13
 2220 028a 02       		.uleb128 0x2
 2221 028b 17       		.uleb128 0x17
ARM GAS  /tmp/cc0QrU2x.s 			page 40


 2222 028c B742     		.uleb128 0x2137
 2223 028e 17       		.uleb128 0x17
 2224 028f 00       		.byte	0
 2225 0290 00       		.byte	0
 2226 0291 2A       		.uleb128 0x2a
 2227 0292 1D       		.uleb128 0x1d
 2228 0293 01       		.byte	0x1
 2229 0294 31       		.uleb128 0x31
 2230 0295 13       		.uleb128 0x13
 2231 0296 52       		.uleb128 0x52
 2232 0297 01       		.uleb128 0x1
 2233 0298 B842     		.uleb128 0x2138
 2234 029a 0B       		.uleb128 0xb
 2235 029b 55       		.uleb128 0x55
 2236 029c 17       		.uleb128 0x17
 2237 029d 58       		.uleb128 0x58
 2238 029e 0B       		.uleb128 0xb
 2239 029f 59       		.uleb128 0x59
 2240 02a0 0B       		.uleb128 0xb
 2241 02a1 57       		.uleb128 0x57
 2242 02a2 0B       		.uleb128 0xb
 2243 02a3 01       		.uleb128 0x1
 2244 02a4 13       		.uleb128 0x13
 2245 02a5 00       		.byte	0
 2246 02a6 00       		.byte	0
 2247 02a7 2B       		.uleb128 0x2b
 2248 02a8 1D       		.uleb128 0x1d
 2249 02a9 01       		.byte	0x1
 2250 02aa 31       		.uleb128 0x31
 2251 02ab 13       		.uleb128 0x13
 2252 02ac 52       		.uleb128 0x52
 2253 02ad 01       		.uleb128 0x1
 2254 02ae B842     		.uleb128 0x2138
 2255 02b0 0B       		.uleb128 0xb
 2256 02b1 11       		.uleb128 0x11
 2257 02b2 01       		.uleb128 0x1
 2258 02b3 12       		.uleb128 0x12
 2259 02b4 06       		.uleb128 0x6
 2260 02b5 58       		.uleb128 0x58
 2261 02b6 0B       		.uleb128 0xb
 2262 02b7 59       		.uleb128 0x59
 2263 02b8 0B       		.uleb128 0xb
 2264 02b9 57       		.uleb128 0x57
 2265 02ba 0B       		.uleb128 0xb
 2266 02bb 01       		.uleb128 0x1
 2267 02bc 13       		.uleb128 0x13
 2268 02bd 00       		.byte	0
 2269 02be 00       		.byte	0
 2270 02bf 2C       		.uleb128 0x2c
 2271 02c0 1D       		.uleb128 0x1d
 2272 02c1 01       		.byte	0x1
 2273 02c2 31       		.uleb128 0x31
 2274 02c3 13       		.uleb128 0x13
 2275 02c4 52       		.uleb128 0x52
 2276 02c5 01       		.uleb128 0x1
 2277 02c6 B842     		.uleb128 0x2138
 2278 02c8 0B       		.uleb128 0xb
ARM GAS  /tmp/cc0QrU2x.s 			page 41


 2279 02c9 55       		.uleb128 0x55
 2280 02ca 17       		.uleb128 0x17
 2281 02cb 58       		.uleb128 0x58
 2282 02cc 0B       		.uleb128 0xb
 2283 02cd 59       		.uleb128 0x59
 2284 02ce 0B       		.uleb128 0xb
 2285 02cf 57       		.uleb128 0x57
 2286 02d0 0B       		.uleb128 0xb
 2287 02d1 00       		.byte	0
 2288 02d2 00       		.byte	0
 2289 02d3 2D       		.uleb128 0x2d
 2290 02d4 0B       		.uleb128 0xb
 2291 02d5 01       		.byte	0x1
 2292 02d6 55       		.uleb128 0x55
 2293 02d7 17       		.uleb128 0x17
 2294 02d8 00       		.byte	0
 2295 02d9 00       		.byte	0
 2296 02da 2E       		.uleb128 0x2e
 2297 02db 48       		.uleb128 0x48
 2298 02dc 01       		.byte	0x1
 2299 02dd 7D       		.uleb128 0x7d
 2300 02de 01       		.uleb128 0x1
 2301 02df 7F       		.uleb128 0x7f
 2302 02e0 13       		.uleb128 0x13
 2303 02e1 00       		.byte	0
 2304 02e2 00       		.byte	0
 2305 02e3 2F       		.uleb128 0x2f
 2306 02e4 49       		.uleb128 0x49
 2307 02e5 00       		.byte	0
 2308 02e6 02       		.uleb128 0x2
 2309 02e7 18       		.uleb128 0x18
 2310 02e8 7E       		.uleb128 0x7e
 2311 02e9 18       		.uleb128 0x18
 2312 02ea 00       		.byte	0
 2313 02eb 00       		.byte	0
 2314 02ec 30       		.uleb128 0x30
 2315 02ed 2E       		.uleb128 0x2e
 2316 02ee 01       		.byte	0x1
 2317 02ef 3F       		.uleb128 0x3f
 2318 02f0 19       		.uleb128 0x19
 2319 02f1 03       		.uleb128 0x3
 2320 02f2 0E       		.uleb128 0xe
 2321 02f3 3A       		.uleb128 0x3a
 2322 02f4 0B       		.uleb128 0xb
 2323 02f5 3B       		.uleb128 0x3b
 2324 02f6 0B       		.uleb128 0xb
 2325 02f7 39       		.uleb128 0x39
 2326 02f8 0B       		.uleb128 0xb
 2327 02f9 27       		.uleb128 0x27
 2328 02fa 19       		.uleb128 0x19
 2329 02fb 11       		.uleb128 0x11
 2330 02fc 01       		.uleb128 0x1
 2331 02fd 12       		.uleb128 0x12
 2332 02fe 06       		.uleb128 0x6
 2333 02ff 40       		.uleb128 0x40
 2334 0300 18       		.uleb128 0x18
 2335 0301 7A       		.uleb128 0x7a
ARM GAS  /tmp/cc0QrU2x.s 			page 42


 2336 0302 19       		.uleb128 0x19
 2337 0303 01       		.uleb128 0x1
 2338 0304 13       		.uleb128 0x13
 2339 0305 00       		.byte	0
 2340 0306 00       		.byte	0
 2341 0307 31       		.uleb128 0x31
 2342 0308 21       		.uleb128 0x21
 2343 0309 00       		.byte	0
 2344 030a 00       		.byte	0
 2345 030b 00       		.byte	0
 2346 030c 32       		.uleb128 0x32
 2347 030d 34       		.uleb128 0x34
 2348 030e 00       		.byte	0
 2349 030f 03       		.uleb128 0x3
 2350 0310 0E       		.uleb128 0xe
 2351 0311 49       		.uleb128 0x49
 2352 0312 13       		.uleb128 0x13
 2353 0313 34       		.uleb128 0x34
 2354 0314 19       		.uleb128 0x19
 2355 0315 02       		.uleb128 0x2
 2356 0316 18       		.uleb128 0x18
 2357 0317 00       		.byte	0
 2358 0318 00       		.byte	0
 2359 0319 33       		.uleb128 0x33
 2360 031a 05       		.uleb128 0x5
 2361 031b 00       		.byte	0
 2362 031c 03       		.uleb128 0x3
 2363 031d 0E       		.uleb128 0xe
 2364 031e 3A       		.uleb128 0x3a
 2365 031f 0B       		.uleb128 0xb
 2366 0320 3B       		.uleb128 0x3b
 2367 0321 05       		.uleb128 0x5
 2368 0322 39       		.uleb128 0x39
 2369 0323 0B       		.uleb128 0xb
 2370 0324 49       		.uleb128 0x49
 2371 0325 13       		.uleb128 0x13
 2372 0326 00       		.byte	0
 2373 0327 00       		.byte	0
 2374 0328 34       		.uleb128 0x34
 2375 0329 2E       		.uleb128 0x2e
 2376 032a 01       		.byte	0x1
 2377 032b 31       		.uleb128 0x31
 2378 032c 13       		.uleb128 0x13
 2379 032d 11       		.uleb128 0x11
 2380 032e 01       		.uleb128 0x1
 2381 032f 12       		.uleb128 0x12
 2382 0330 06       		.uleb128 0x6
 2383 0331 40       		.uleb128 0x40
 2384 0332 18       		.uleb128 0x18
 2385 0333 7A       		.uleb128 0x7a
 2386 0334 19       		.uleb128 0x19
 2387 0335 00       		.byte	0
 2388 0336 00       		.byte	0
 2389 0337 00       		.byte	0
 2390              		.section	.debug_loclists,"",%progbits
 2391 0000 D5000000 		.4byte	.Ldebug_loc3-.Ldebug_loc2
 2392              	.Ldebug_loc2:
ARM GAS  /tmp/cc0QrU2x.s 			page 43


 2393 0004 0500     		.2byte	0x5
 2394 0006 04       		.byte	0x4
 2395 0007 00       		.byte	0
 2396 0008 00000000 		.4byte	0
 2397              	.Ldebug_loc0:
 2398              	.LVUS0:
 2399 000c 00       		.uleb128 0
 2400 000d 00       		.uleb128 .LVU29
 2401 000e 00       		.uleb128 .LVU29
 2402 000f 00       		.uleb128 .LVU75
 2403 0010 00       		.uleb128 .LVU75
 2404 0011 00       		.uleb128 0
 2405              	.LLST0:
 2406 0012 06       		.byte	0x6
 2407 0013 00000000 		.4byte	.LVL0
 2408 0017 04       		.byte	0x4
 2409 0018 00       		.uleb128 .LVL0-.LVL0
 2410 0019 0D       		.uleb128 .LVL2-1-.LVL0
 2411 001a 01       		.uleb128 0x1
 2412 001b 50       		.byte	0x50
 2413 001c 04       		.byte	0x4
 2414 001d 0D       		.uleb128 .LVL2-1-.LVL0
 2415 001e 5C       		.uleb128 .LVL14-.LVL0
 2416 001f 01       		.uleb128 0x1
 2417 0020 54       		.byte	0x54
 2418 0021 04       		.byte	0x4
 2419 0022 5C       		.uleb128 .LVL14-.LVL0
 2420 0023 6C       		.uleb128 .LFE187-.LVL0
 2421 0024 0A       		.uleb128 0xa
 2422 0025 A3       		.byte	0xa3
 2423 0026 03       		.uleb128 0x3
 2424 0027 A5       		.byte	0xa5
 2425 0028 00       		.uleb128 0
 2426 0029 26       		.uleb128 0x26
 2427 002a A8       		.byte	0xa8
 2428 002b 2D       		.uleb128 0x2d
 2429 002c A8       		.byte	0xa8
 2430 002d 00       		.uleb128 0
 2431 002e 9F       		.byte	0x9f
 2432 002f 00       		.byte	0
 2433              	.LVUS1:
 2434 0030 00       		.uleb128 .LVU47
 2435 0031 00       		.uleb128 .LVU75
 2436 0032 00       		.uleb128 .LVU75
 2437 0033 00       		.uleb128 0
 2438              	.LLST1:
 2439 0034 06       		.byte	0x6
 2440 0035 2C000000 		.4byte	.LVL7
 2441 0039 04       		.byte	0x4
 2442 003a 00       		.uleb128 .LVL7-.LVL7
 2443 003b 30       		.uleb128 .LVL14-.LVL7
 2444 003c 01       		.uleb128 0x1
 2445 003d 55       		.byte	0x55
 2446 003e 04       		.byte	0x4
 2447 003f 30       		.uleb128 .LVL14-.LVL7
 2448 0040 40       		.uleb128 .LFE187-.LVL7
 2449 0041 01       		.uleb128 0x1
ARM GAS  /tmp/cc0QrU2x.s 			page 44


 2450 0042 50       		.byte	0x50
 2451 0043 00       		.byte	0
 2452              	.LVUS4:
 2453 0044 07       		.uleb128 .LVU21
 2454 0045 00       		.uleb128 .LVU26
 2455              	.LLST4:
 2456 0046 08       		.byte	0x8
 2457 0047 00000000 		.4byte	.LVL0
 2458 004b 0A       		.uleb128 .LVL1-.LVL0
 2459 004c 03       		.uleb128 0x3
 2460 004d 08       		.byte	0x8
 2461 004e 20       		.byte	0x20
 2462 004f 9F       		.byte	0x9f
 2463 0050 00       		.byte	0
 2464              	.LVUS5:
 2465 0051 02       		.uleb128 .LVU31
 2466 0052 00       		.uleb128 .LVU38
 2467 0053 00       		.uleb128 .LVU38
 2468 0054 00       		.uleb128 .LVU44
 2469 0055 00       		.uleb128 .LVU44
 2470 0056 00       		.uleb128 .LVU47
 2471              	.LLST5:
 2472 0057 06       		.byte	0x6
 2473 0058 0E000000 		.4byte	.LVL2
 2474 005c 04       		.byte	0x4
 2475 005d 00       		.uleb128 .LVL2-.LVL2
 2476 005e 12       		.uleb128 .LVL4-.LVL2
 2477 005f 01       		.uleb128 0x1
 2478 0060 54       		.byte	0x54
 2479 0061 04       		.byte	0x4
 2480 0062 12       		.uleb128 .LVL4-.LVL2
 2481 0063 1A       		.uleb128 .LVL6-.LVL2
 2482 0064 01       		.uleb128 0x1
 2483 0065 50       		.byte	0x50
 2484 0066 04       		.byte	0x4
 2485 0067 1A       		.uleb128 .LVL6-.LVL2
 2486 0068 1E       		.uleb128 .LVL7-.LVL2
 2487 0069 06       		.uleb128 0x6
 2488 006a 74       		.byte	0x74
 2489 006b 07       		.sleb128 7
 2490 006c 09       		.byte	0x9
 2491 006d F8       		.byte	0xf8
 2492 006e 1A       		.byte	0x1a
 2493 006f 9F       		.byte	0x9f
 2494 0070 00       		.byte	0
 2495              	.LVUS6:
 2496 0071 01       		.uleb128 .LVU42
 2497 0072 00       		.uleb128 .LVU47
 2498              	.LLST6:
 2499 0073 08       		.byte	0x8
 2500 0074 24000000 		.4byte	.LVL5
 2501 0078 08       		.uleb128 .LVL7-.LVL5
 2502 0079 01       		.uleb128 0x1
 2503 007a 55       		.byte	0x55
 2504 007b 00       		.byte	0
 2505              	.LVUS9:
 2506 007c 04       		.uleb128 .LVU60
ARM GAS  /tmp/cc0QrU2x.s 			page 45


 2507 007d 00       		.uleb128 .LVU62
 2508 007e 04       		.uleb128 .LVU70
 2509 007f 00       		.uleb128 .LVU72
 2510              	.LLST9:
 2511 0080 06       		.byte	0x6
 2512 0081 42000000 		.4byte	.LVL9
 2513 0085 04       		.byte	0x4
 2514 0086 00       		.uleb128 .LVL9-.LVL9
 2515 0087 06       		.uleb128 .LVL10-.LVL9
 2516 0088 02       		.uleb128 0x2
 2517 0089 30       		.byte	0x30
 2518 008a 9F       		.byte	0x9f
 2519 008b 04       		.byte	0x4
 2520 008c 10       		.uleb128 .LVL12-.LVL9
 2521 008d 16       		.uleb128 .LVL13-.LVL9
 2522 008e 02       		.uleb128 0x2
 2523 008f 30       		.byte	0x30
 2524 0090 9F       		.byte	0x9f
 2525 0091 00       		.byte	0
 2526              	.LVUS10:
 2527 0092 00       		.uleb128 0
 2528 0093 00       		.uleb128 .LVU82
 2529 0094 00       		.uleb128 .LVU82
 2530 0095 00       		.uleb128 .LVU86
 2531 0096 00       		.uleb128 .LVU86
 2532 0097 00       		.uleb128 .LVU92
 2533 0098 00       		.uleb128 .LVU92
 2534 0099 00       		.uleb128 .LVU96
 2535 009a 00       		.uleb128 .LVU96
 2536 009b 00       		.uleb128 0
 2537              	.LLST10:
 2538 009c 06       		.byte	0x6
 2539 009d 00000000 		.4byte	.LVL15
 2540 00a1 04       		.byte	0x4
 2541 00a2 00       		.uleb128 .LVL15-.LVL15
 2542 00a3 07       		.uleb128 .LVL16-1-.LVL15
 2543 00a4 01       		.uleb128 0x1
 2544 00a5 50       		.byte	0x50
 2545 00a6 04       		.byte	0x4
 2546 00a7 07       		.uleb128 .LVL16-1-.LVL15
 2547 00a8 16       		.uleb128 .LVL17-.LVL15
 2548 00a9 01       		.uleb128 0x1
 2549 00aa 54       		.byte	0x54
 2550 00ab 04       		.byte	0x4
 2551 00ac 16       		.uleb128 .LVL17-.LVL15
 2552 00ad 1E       		.uleb128 .LVL19-.LVL15
 2553 00ae 01       		.uleb128 0x1
 2554 00af 53       		.byte	0x53
 2555 00b0 04       		.byte	0x4
 2556 00b1 1E       		.uleb128 .LVL19-.LVL15
 2557 00b2 24       		.uleb128 .LVL21-.LVL15
 2558 00b3 06       		.uleb128 0x6
 2559 00b4 74       		.byte	0x74
 2560 00b5 07       		.sleb128 7
 2561 00b6 09       		.byte	0x9
 2562 00b7 F8       		.byte	0xf8
 2563 00b8 1A       		.byte	0x1a
ARM GAS  /tmp/cc0QrU2x.s 			page 46


 2564 00b9 9F       		.byte	0x9f
 2565 00ba 04       		.byte	0x4
 2566 00bb 24       		.uleb128 .LVL21-.LVL15
 2567 00bc 2C       		.uleb128 .LFE188-.LVL15
 2568 00bd 0F       		.uleb128 0xf
 2569 00be A3       		.byte	0xa3
 2570 00bf 03       		.uleb128 0x3
 2571 00c0 A5       		.byte	0xa5
 2572 00c1 00       		.uleb128 0
 2573 00c2 26       		.uleb128 0x26
 2574 00c3 A8       		.byte	0xa8
 2575 00c4 2D       		.uleb128 0x2d
 2576 00c5 A8       		.byte	0xa8
 2577 00c6 00       		.uleb128 0
 2578 00c7 23       		.byte	0x23
 2579 00c8 07       		.uleb128 0x7
 2580 00c9 09       		.byte	0x9
 2581 00ca F8       		.byte	0xf8
 2582 00cb 1A       		.byte	0x1a
 2583 00cc 9F       		.byte	0x9f
 2584 00cd 00       		.byte	0
 2585              	.LVUS11:
 2586 00ce 01       		.uleb128 .LVU90
 2587 00cf 00       		.uleb128 .LVU95
 2588              	.LLST11:
 2589 00d0 08       		.byte	0x8
 2590 00d1 1A000000 		.4byte	.LVL18
 2591 00d5 08       		.uleb128 .LVL20-.LVL18
 2592 00d6 01       		.uleb128 0x1
 2593 00d7 50       		.byte	0x50
 2594 00d8 00       		.byte	0
 2595              	.Ldebug_loc3:
 2596              		.section	.debug_aranges,"",%progbits
 2597 0000 34000000 		.4byte	0x34
 2598 0004 0200     		.2byte	0x2
 2599 0006 00000000 		.4byte	.Ldebug_info0
 2600 000a 04       		.byte	0x4
 2601 000b 00       		.byte	0
 2602 000c 0000     		.2byte	0
 2603 000e 0000     		.2byte	0
 2604 0010 00000000 		.4byte	.LFB186
 2605 0014 28000000 		.4byte	.LFE186-.LFB186
 2606 0018 00000000 		.4byte	.LFB187
 2607 001c 6C000000 		.4byte	.LFE187-.LFB187
 2608 0020 00000000 		.4byte	.LFB188
 2609 0024 2C000000 		.4byte	.LFE188-.LFB188
 2610 0028 00000000 		.4byte	.LFB189
 2611 002c 14000000 		.4byte	.LFE189-.LFB189
 2612 0030 00000000 		.4byte	0
 2613 0034 00000000 		.4byte	0
 2614              		.section	.debug_rnglists,"",%progbits
 2615              	.Ldebug_ranges0:
 2616 0000 51000000 		.4byte	.Ldebug_ranges3-.Ldebug_ranges2
 2617              	.Ldebug_ranges2:
 2618 0004 0500     		.2byte	0x5
 2619 0006 04       		.byte	0x4
 2620 0007 00       		.byte	0
ARM GAS  /tmp/cc0QrU2x.s 			page 47


 2621 0008 00000000 		.4byte	0
 2622              	.LLRL2:
 2623 000c 05       		.byte	0x5
 2624 000d 00000000 		.4byte	.LBB31
 2625 0011 04       		.byte	0x4
 2626 0012 00       		.uleb128 .LBB31-.LBB31
 2627 0013 00       		.uleb128 .LBE31-.LBB31
 2628 0014 04       		.byte	0x4
 2629 0015 04       		.uleb128 .LBB40-.LBB31
 2630 0016 0E       		.uleb128 .LBE40-.LBB31
 2631 0017 00       		.byte	0
 2632              	.LLRL3:
 2633 0018 05       		.byte	0x5
 2634 0019 00000000 		.4byte	.LBB33
 2635 001d 04       		.byte	0x4
 2636 001e 00       		.uleb128 .LBB33-.LBB33
 2637 001f 00       		.uleb128 .LBE33-.LBB33
 2638 0020 04       		.byte	0x4
 2639 0021 04       		.uleb128 .LBB38-.LBB33
 2640 0022 0A       		.uleb128 .LBE38-.LBB33
 2641 0023 00       		.byte	0
 2642              	.LLRL7:
 2643 0024 05       		.byte	0x5
 2644 0025 2C000000 		.4byte	.LBB43
 2645 0029 04       		.byte	0x4
 2646 002a 00       		.uleb128 .LBB43-.LBB43
 2647 002b 1C       		.uleb128 .LBE43-.LBB43
 2648 002c 04       		.byte	0x4
 2649 002d 20       		.uleb128 .LBB52-.LBB43
 2650 002e 2C       		.uleb128 .LBE52-.LBB43
 2651 002f 00       		.byte	0
 2652              	.LLRL8:
 2653 0030 05       		.byte	0x5
 2654 0031 42000000 		.4byte	.LBB45
 2655 0035 04       		.byte	0x4
 2656 0036 00       		.uleb128 .LBB45-.LBB45
 2657 0037 06       		.uleb128 .LBE45-.LBB45
 2658 0038 04       		.byte	0x4
 2659 0039 10       		.uleb128 .LBB50-.LBB45
 2660 003a 16       		.uleb128 .LBE50-.LBB45
 2661 003b 00       		.byte	0
 2662              	.LLRL12:
 2663 003c 07       		.byte	0x7
 2664 003d 00000000 		.4byte	.LFB186
 2665 0041 28       		.uleb128 .LFE186-.LFB186
 2666 0042 07       		.byte	0x7
 2667 0043 00000000 		.4byte	.LFB187
 2668 0047 6C       		.uleb128 .LFE187-.LFB187
 2669 0048 07       		.byte	0x7
 2670 0049 00000000 		.4byte	.LFB188
 2671 004d 2C       		.uleb128 .LFE188-.LFB188
 2672 004e 07       		.byte	0x7
 2673 004f 00000000 		.4byte	.LFB189
 2674 0053 14       		.uleb128 .LFE189-.LFB189
 2675 0054 00       		.byte	0
 2676              	.Ldebug_ranges3:
 2677              		.section	.debug_line,"",%progbits
ARM GAS  /tmp/cc0QrU2x.s 			page 48


 2678              	.Ldebug_line0:
 2679 0000 94040000 		.section	.debug_str,"MS",%progbits,1
 2679      0300D802 
 2679      00000201 
 2679      FB0E0D00 
 2679      01010101 
 2680              	.LASF95:
 2681 0000 656E646D 		.ascii	"endmem\000"
 2681      656D00
 2682              	.LASF43:
 2683 0007 72656164 		.ascii	"ready_list_t\000"
 2683      795F6C69 
 2683      73745F74 
 2683      00
 2684              	.LASF3:
 2685 0014 73697A65 		.ascii	"size_t\000"
 2685      5F7400
 2686              	.LASF79:
 2687 001b 7264796D 		.ascii	"rdymsg\000"
 2687      736700
 2688              	.LASF17:
 2689 0022 75696E74 		.ascii	"uint64_t\000"
 2689      36345F74 
 2689      00
 2690              	.LASF114:
 2691 002b 6368436F 		.ascii	"chCoreAlloc\000"
 2691      7265416C 
 2691      6C6F6300 
 2692              	.LASF4:
 2693 0037 5F5F7569 		.ascii	"__uint8_t\000"
 2693      6E74385F 
 2693      7400
 2694              	.LASF76:
 2695 0041 706F7274 		.ascii	"port_intctx\000"
 2695      5F696E74 
 2695      63747800 
 2696              	.LASF62:
 2697 004d 73797374 		.ascii	"system_debug_t\000"
 2697      656D5F64 
 2697      65627567 
 2697      5F7400
 2698              	.LASF103:
 2699 005c 706F7274 		.ascii	"port_lock\000"
 2699      5F6C6F63 
 2699      6B00
 2700              	.LASF111:
 2701 0066 63685379 		.ascii	"chSysHalt\000"
 2701      7348616C 
 2701      7400
 2702              	.LASF0:
 2703 0070 6C6F6E67 		.ascii	"long long unsigned int\000"
 2703      206C6F6E 
 2703      6720756E 
 2703      7369676E 
 2703      65642069 
 2704              	.LASF80:
 2705 0087 65786974 		.ascii	"exitcode\000"
ARM GAS  /tmp/cc0QrU2x.s 			page 49


 2705      636F6465 
 2705      00
 2706              	.LASF71:
 2707 0090 6D61696E 		.ascii	"mainthread\000"
 2707      74687265 
 2707      616400
 2708              	.LASF59:
 2709 009b 76697274 		.ascii	"virtual_timers_list_t\000"
 2709      75616C5F 
 2709      74696D65 
 2709      72735F6C 
 2709      6973745F 
 2710              	.LASF42:
 2711 00b1 63685F74 		.ascii	"ch_threads_queue\000"
 2711      68726561 
 2711      64735F71 
 2711      75657565 
 2711      00
 2712              	.LASF29:
 2713 00c2 705F7072 		.ascii	"p_prio\000"
 2713      696F00
 2714              	.LASF93:
 2715 00c9 6D757465 		.ascii	"mutex_t\000"
 2715      785F7400 
 2716              	.LASF108:
 2717 00d1 474E5520 		.ascii	"GNU C99 13.2.1 20231009 -mcpu=cortex-m4 -mfpu=fpv4-"
 2717      43393920 
 2717      31332E32 
 2717      2E312032 
 2717      30323331 
 2718 0104 73702D64 		.ascii	"sp-d16 -mfloat-abi=hard -mfloat-abi=hard -mfpu=fpv4"
 2718      3136202D 
 2718      6D666C6F 
 2718      61742D61 
 2718      62693D68 
 2719 0137 2D73702D 		.ascii	"-sp-d16 -mno-thumb-interwork -mthumb -march=armv7e-"
 2719      64313620 
 2719      2D6D6E6F 
 2719      2D746875 
 2719      6D622D69 
 2720 016a 6D2B6670 		.ascii	"m+fp -ggdb -O2 -std=gnu99 -fomit-frame-pointer -fal"
 2720      202D6767 
 2720      6462202D 
 2720      4F32202D 
 2720      7374643D 
 2721 019d 69676E2D 		.ascii	"ign-functions=16 -ffunction-sections -fdata-section"
 2721      66756E63 
 2721      74696F6E 
 2721      733D3136 
 2721      202D6666 
 2722 01d0 73202D66 		.ascii	"s -fno-common -fsingle-precision-constant\000"
 2722      6E6F2D63 
 2722      6F6D6D6F 
 2722      6E202D66 
 2722      73696E67 
 2723              	.LASF2:
 2724 01fa 7369676E 		.ascii	"signed char\000"
ARM GAS  /tmp/cc0QrU2x.s 			page 50


 2724      65642063 
 2724      68617200 
 2725              	.LASF106:
 2726 0206 73697A65 		.ascii	"size\000"
 2726      00
 2727              	.LASF89:
 2728 020b 6D5F7175 		.ascii	"m_queue\000"
 2728      65756500 
 2729              	.LASF70:
 2730 0213 76746C69 		.ascii	"vtlist\000"
 2730      737400
 2731              	.LASF102:
 2732 021a 706F7274 		.ascii	"port_unlock\000"
 2732      5F756E6C 
 2732      6F636B00 
 2733              	.LASF21:
 2734 0226 74736C69 		.ascii	"tslices_t\000"
 2734      6365735F 
 2734      7400
 2735              	.LASF110:
 2736 0230 2F686F6D 		.ascii	"/home/gunnar/code/rise_sdvp/Embedded/RTCM_Forwarder"
 2736      652F6775 
 2736      6E6E6172 
 2736      2F636F64 
 2736      652F7269 
 2737 0263 5F50726F 		.ascii	"_Project\000"
 2737      6A656374 
 2737      00
 2738              	.LASF82:
 2739 026c 77747472 		.ascii	"wttrp\000"
 2739      7000
 2740              	.LASF68:
 2741 0272 63685F73 		.ascii	"ch_system\000"
 2741      79737465 
 2741      6D00
 2742              	.LASF9:
 2743 027c 6C6F6E67 		.ascii	"long int\000"
 2743      20696E74 
 2743      00
 2744              	.LASF20:
 2745 0285 74737461 		.ascii	"tstate_t\000"
 2745      74655F74 
 2745      00
 2746              	.LASF31:
 2747 028e 705F6E65 		.ascii	"p_newer\000"
 2747      77657200 
 2748              	.LASF86:
 2749 0296 735F7175 		.ascii	"s_queue\000"
 2749      65756500 
 2750              	.LASF113:
 2751 029e 6368436F 		.ascii	"chCoreAllocI\000"
 2751      7265416C 
 2751      6C6F6349 
 2751      00
 2752              	.LASF48:
 2753 02ab 725F6E65 		.ascii	"r_newer\000"
 2753      77657200 
ARM GAS  /tmp/cc0QrU2x.s 			page 51


 2754              	.LASF73:
 2755 02b3 72656761 		.ascii	"regarm_t\000"
 2755      726D5F74 
 2755      00
 2756              	.LASF55:
 2757 02bc 76745F70 		.ascii	"vt_prev\000"
 2757      72657600 
 2758              	.LASF12:
 2759 02c4 6C6F6E67 		.ascii	"long long int\000"
 2759      206C6F6E 
 2759      6720696E 
 2759      7400
 2760              	.LASF107:
 2761 02d2 76616C75 		.ascii	"value\000"
 2761      6500
 2762              	.LASF66:
 2763 02d8 6C6F636B 		.ascii	"lock_cnt\000"
 2763      5F636E74 
 2763      00
 2764              	.LASF72:
 2765 02e1 69646C65 		.ascii	"idle_thread_wa\000"
 2765      5F746872 
 2765      6561645F 
 2765      776100
 2766              	.LASF24:
 2767 02f0 636E745F 		.ascii	"cnt_t\000"
 2767      7400
 2768              	.LASF1:
 2769 02f6 756E7369 		.ascii	"unsigned int\000"
 2769      676E6564 
 2769      20696E74 
 2769      00
 2770              	.LASF54:
 2771 0303 76745F6E 		.ascii	"vt_next\000"
 2771      65787400 
 2772              	.LASF109:
 2773 030b 2E2E2F52 		.ascii	"../RC_Controller/ChibiOS_3.0.5/os/rt/src/chmemcore."
 2773      435F436F 
 2773      6E74726F 
 2773      6C6C6572 
 2773      2F436869 
 2774 033e 6300     		.ascii	"c\000"
 2775              	.LASF83:
 2776 0340 77747365 		.ascii	"wtsemp\000"
 2776      6D7000
 2777              	.LASF87:
 2778 0347 735F636E 		.ascii	"s_cnt\000"
 2778      7400
 2779              	.LASF7:
 2780 034d 73686F72 		.ascii	"short unsigned int\000"
 2780      7420756E 
 2780      7369676E 
 2780      65642069 
 2780      6E7400
 2781              	.LASF41:
 2782 0360 63685F74 		.ascii	"ch_thread\000"
 2782      68726561 
ARM GAS  /tmp/cc0QrU2x.s 			page 52


 2782      6400
 2783              	.LASF23:
 2784 036a 6D73675F 		.ascii	"msg_t\000"
 2784      7400
 2785              	.LASF96:
 2786 0370 63684462 		.ascii	"chDbgCheckClassI\000"
 2786      67436865 
 2786      636B436C 
 2786      61737349 
 2786      00
 2787              	.LASF67:
 2788 0381 63685F73 		.ascii	"ch_system_t\000"
 2788      79737465 
 2788      6D5F7400 
 2789              	.LASF19:
 2790 038d 746D6F64 		.ascii	"tmode_t\000"
 2790      655F7400 
 2791              	.LASF44:
 2792 0395 63685F72 		.ascii	"ch_ready_list\000"
 2792      65616479 
 2792      5F6C6973 
 2792      7400
 2793              	.LASF8:
 2794 03a3 5F5F696E 		.ascii	"__int32_t\000"
 2794      7433325F 
 2794      7400
 2795              	.LASF74:
 2796 03ad 73746B61 		.ascii	"stkalign_t\000"
 2796      6C69676E 
 2796      5F7400
 2797              	.LASF18:
 2798 03b8 7274636E 		.ascii	"rtcnt_t\000"
 2798      745F7400 
 2799              	.LASF39:
 2800 03c0 74687265 		.ascii	"thread_reference_t\000"
 2800      61645F72 
 2800      65666572 
 2800      656E6365 
 2800      5F7400
 2801              	.LASF98:
 2802 03d3 5F646267 		.ascii	"_dbg_check_lock\000"
 2802      5F636865 
 2802      636B5F6C 
 2802      6F636B00 
 2803              	.LASF60:
 2804 03e3 63685F76 		.ascii	"ch_virtual_timers_list\000"
 2804      69727475 
 2804      616C5F74 
 2804      696D6572 
 2804      735F6C69 
 2805              	.LASF32:
 2806 03fa 705F6F6C 		.ascii	"p_older\000"
 2806      64657200 
 2807              	.LASF47:
 2808 0402 725F6374 		.ascii	"r_ctx\000"
 2808      7800
 2809              	.LASF78:
ARM GAS  /tmp/cc0QrU2x.s 			page 53


 2810 0408 746D5F63 		.ascii	"tm_calibration_t\000"
 2810      616C6962 
 2810      72617469 
 2810      6F6E5F74 
 2810      00
 2811              	.LASF50:
 2812 0419 725F6375 		.ascii	"r_current\000"
 2812      7272656E 
 2812      7400
 2813              	.LASF49:
 2814 0423 725F6F6C 		.ascii	"r_older\000"
 2814      64657200 
 2815              	.LASF13:
 2816 042b 5F5F7569 		.ascii	"__uint64_t\000"
 2816      6E743634 
 2816      5F7400
 2817              	.LASF52:
 2818 0436 76697274 		.ascii	"virtual_timer_t\000"
 2818      75616C5F 
 2818      74696D65 
 2818      725F7400 
 2819              	.LASF28:
 2820 0446 705F7072 		.ascii	"p_prev\000"
 2820      657600
 2821              	.LASF22:
 2822 044d 74707269 		.ascii	"tprio_t\000"
 2822      6F5F7400 
 2823              	.LASF63:
 2824 0455 63685F73 		.ascii	"ch_system_debug\000"
 2824      79737465 
 2824      6D5F6465 
 2824      62756700 
 2825              	.LASF15:
 2826 0465 696E7433 		.ascii	"int32_t\000"
 2826      325F7400 
 2827              	.LASF5:
 2828 046d 756E7369 		.ascii	"unsigned char\000"
 2828      676E6564 
 2828      20636861 
 2828      7200
 2829              	.LASF115:
 2830 047b 5F636F72 		.ascii	"_core_init\000"
 2830      655F696E 
 2830      697400
 2831              	.LASF37:
 2832 0486 705F6D74 		.ascii	"p_mtxlist\000"
 2832      786C6973 
 2832      7400
 2833              	.LASF6:
 2834 0490 73686F72 		.ascii	"short int\000"
 2834      7420696E 
 2834      7400
 2835              	.LASF34:
 2836 049a 705F7374 		.ascii	"p_state\000"
 2836      61746500 
 2837              	.LASF36:
 2838 04a2 705F7072 		.ascii	"p_preempt\000"
ARM GAS  /tmp/cc0QrU2x.s 			page 54


 2838      65656D70 
 2838      7400
 2839              	.LASF100:
 2840 04ac 5F5F6865 		.ascii	"__heap_end__\000"
 2840      61705F65 
 2840      6E645F5F 
 2840      00
 2841              	.LASF46:
 2842 04b9 725F7072 		.ascii	"r_prio\000"
 2842      696F00
 2843              	.LASF27:
 2844 04c0 705F6E65 		.ascii	"p_next\000"
 2844      787400
 2845              	.LASF35:
 2846 04c7 705F666C 		.ascii	"p_flags\000"
 2846      61677300 
 2847              	.LASF116:
 2848 04cf 5F5F6675 		.ascii	"__func__\000"
 2848      6E635F5F 
 2848      00
 2849              	.LASF101:
 2850 04d8 63685379 		.ascii	"chSysLock\000"
 2850      734C6F63 
 2850      6B00
 2851              	.LASF53:
 2852 04e2 63685F76 		.ascii	"ch_virtual_timer\000"
 2852      69727475 
 2852      616C5F74 
 2852      696D6572 
 2852      00
 2853              	.LASF85:
 2854 04f3 63685F73 		.ascii	"ch_semaphore\000"
 2854      656D6170 
 2854      686F7265 
 2854      00
 2855              	.LASF112:
 2856 0500 6368436F 		.ascii	"chCoreGetStatusX\000"
 2856      72654765 
 2856      74537461 
 2856      74757358 
 2856      00
 2857              	.LASF16:
 2858 0511 75696E74 		.ascii	"uint32_t\000"
 2858      33325F74 
 2858      00
 2859              	.LASF84:
 2860 051a 77746D74 		.ascii	"wtmtxp\000"
 2860      787000
 2861              	.LASF45:
 2862 0521 725F7175 		.ascii	"r_queue\000"
 2862      65756500 
 2863              	.LASF56:
 2864 0529 76745F64 		.ascii	"vt_delta\000"
 2864      656C7461 
 2864      00
 2865              	.LASF11:
 2866 0532 6C6F6E67 		.ascii	"long unsigned int\000"
ARM GAS  /tmp/cc0QrU2x.s 			page 55


 2866      20756E73 
 2866      69676E65 
 2866      6420696E 
 2866      7400
 2867              	.LASF92:
 2868 0544 63686172 		.ascii	"char\000"
 2868      00
 2869              	.LASF26:
 2870 0549 74687265 		.ascii	"thread_t\000"
 2870      61645F74 
 2870      00
 2871              	.LASF94:
 2872 0552 6E657874 		.ascii	"nextmem\000"
 2872      6D656D00 
 2873              	.LASF91:
 2874 055a 6D5F6E65 		.ascii	"m_next\000"
 2874      787400
 2875              	.LASF25:
 2876 0561 73797374 		.ascii	"systime_t\000"
 2876      696D655F 
 2876      7400
 2877              	.LASF38:
 2878 056b 705F7265 		.ascii	"p_realprio\000"
 2878      616C7072 
 2878      696F00
 2879              	.LASF51:
 2880 0576 76746675 		.ascii	"vtfunc_t\000"
 2880      6E635F74 
 2880      00
 2881              	.LASF10:
 2882 057f 5F5F7569 		.ascii	"__uint32_t\000"
 2882      6E743332 
 2882      5F7400
 2883              	.LASF105:
 2884 058a 5F5F7365 		.ascii	"__set_BASEPRI\000"
 2884      745F4241 
 2884      53455052 
 2884      4900
 2885              	.LASF64:
 2886 0598 70616E69 		.ascii	"panic_msg\000"
 2886      635F6D73 
 2886      6700
 2887              	.LASF77:
 2888 05a2 6F666673 		.ascii	"offset\000"
 2888      657400
 2889              	.LASF75:
 2890 05a9 636F6E74 		.ascii	"context\000"
 2890      65787400 
 2891              	.LASF58:
 2892 05b1 76745F70 		.ascii	"vt_par\000"
 2892      617200
 2893              	.LASF99:
 2894 05b8 5F5F6865 		.ascii	"__heap_base__\000"
 2894      61705F62 
 2894      6173655F 
 2894      5F00
 2895              	.LASF40:
ARM GAS  /tmp/cc0QrU2x.s 			page 56


 2896 05c6 74687265 		.ascii	"threads_queue_t\000"
 2896      6164735F 
 2896      71756575 
 2896      655F7400 
 2897              	.LASF88:
 2898 05d6 63685F6D 		.ascii	"ch_mutex\000"
 2898      75746578 
 2898      00
 2899              	.LASF65:
 2900 05df 6973725F 		.ascii	"isr_cnt\000"
 2900      636E7400 
 2901              	.LASF69:
 2902 05e7 726C6973 		.ascii	"rlist\000"
 2902      7400
 2903              	.LASF14:
 2904 05ed 75696E74 		.ascii	"uint8_t\000"
 2904      385F7400 
 2905              	.LASF97:
 2906 05f5 5F646267 		.ascii	"_dbg_check_unlock\000"
 2906      5F636865 
 2906      636B5F75 
 2906      6E6C6F63 
 2906      6B00
 2907              	.LASF81:
 2908 0607 77746F62 		.ascii	"wtobjp\000"
 2908      6A7000
 2909              	.LASF33:
 2910 060e 705F6E61 		.ascii	"p_name\000"
 2910      6D6500
 2911              	.LASF61:
 2912 0615 76745F73 		.ascii	"vt_systime\000"
 2912      79737469 
 2912      6D6500
 2913              	.LASF104:
 2914 0620 63685379 		.ascii	"chSysUnlock\000"
 2914      73556E6C 
 2914      6F636B00 
 2915              	.LASF90:
 2916 062c 6D5F6F77 		.ascii	"m_owner\000"
 2916      6E657200 
 2917              	.LASF30:
 2918 0634 705F6374 		.ascii	"p_ctx\000"
 2918      7800
 2919              	.LASF57:
 2920 063a 76745F66 		.ascii	"vt_func\000"
 2920      756E6300 
 2921              		.ident	"GCC: (Arm GNU Toolchain 13.2.rel1 (Build arm-13.7)) 13.2.1 20231009"
ARM GAS  /tmp/cc0QrU2x.s 			page 57


DEFINED SYMBOLS
                            *ABS*:00000000 chmemcore.c
     /tmp/cc0QrU2x.s:21     .text._core_init:00000000 $t
     /tmp/cc0QrU2x.s:28     .text._core_init:00000000 _core_init
     /tmp/cc0QrU2x.s:60     .text._core_init:00000018 $d
     /tmp/cc0QrU2x.s:397    .bss.nextmem:00000000 nextmem
     /tmp/cc0QrU2x.s:391    .bss.endmem:00000000 endmem
     /tmp/cc0QrU2x.s:68     .text.chCoreAlloc:00000000 $t
     /tmp/cc0QrU2x.s:75     .text.chCoreAlloc:00000000 chCoreAlloc
     /tmp/cc0QrU2x.s:274    .text.chCoreAlloc:0000005c $d
     /tmp/cc0QrU2x.s:385    .rodata.__func__.0:00000000 __func__.0
     /tmp/cc0QrU2x.s:282    .text.chCoreAllocI:00000000 $t
     /tmp/cc0QrU2x.s:289    .text.chCoreAllocI:00000000 chCoreAllocI
     /tmp/cc0QrU2x.s:344    .text.chCoreAllocI:00000024 $d
     /tmp/cc0QrU2x.s:350    .text.chCoreGetStatusX:00000000 $t
     /tmp/cc0QrU2x.s:357    .text.chCoreGetStatusX:00000000 chCoreGetStatusX
     /tmp/cc0QrU2x.s:376    .text.chCoreGetStatusX:0000000c $d
     /tmp/cc0QrU2x.s:382    .rodata.__func__.0:00000000 $d
     /tmp/cc0QrU2x.s:388    .bss.endmem:00000000 $d
     /tmp/cc0QrU2x.s:394    .bss.nextmem:00000000 $d

UNDEFINED SYMBOLS
__heap_base__
__heap_end__
_dbg_check_lock
chDbgCheckClassI
_dbg_check_unlock
chSysHalt
ch
