ARM GAS  /tmp/ccGVB6Hk.s 			page 1


   1              		.cpu cortex-m4
   2              		.arch armv7e-m
   3              		.fpu fpv4-sp-d16
   4              		.eabi_attribute 27, 1
   5              		.eabi_attribute 28, 1
   6              		.eabi_attribute 20, 1
   7              		.eabi_attribute 21, 1
   8              		.eabi_attribute 23, 3
   9              		.eabi_attribute 24, 1
  10              		.eabi_attribute 25, 1
  11              		.eabi_attribute 26, 1
  12              		.eabi_attribute 30, 2
  13              		.eabi_attribute 34, 1
  14              		.eabi_attribute 18, 4
  15              		.file	"chmtx.c"
  16              		.text
  17              	.Ltext0:
  18              		.cfi_sections	.debug_frame
  19              		.file 1 "../RC_Controller/ChibiOS_3.0.5/os/rt/src/chmtx.c"
  20              		.section	.text.chMtxObjectInit,"ax",%progbits
  21              		.align	1
  22              		.p2align 4,,15
  23              		.global	chMtxObjectInit
  24              		.syntax unified
  25              		.thumb
  26              		.thumb_func
  27              		.type	chMtxObjectInit, %function
  28              	chMtxObjectInit:
  29              	.LVL0:
  30              	.LFB186:
  31              		.loc 1 103 35 view -0
  32              		.cfi_startproc
  33              		@ args = 0, pretend = 0, frame = 0
  34              		@ frame_needed = 0, uses_anonymous_args = 0
  35              		.loc 1 105 3 view .LVU1
  36              		.loc 1 105 3 view .LVU2
  37              		.loc 1 105 3 discriminator 1 view .LVU3
  38              		.loc 1 103 35 is_stmt 0 view .LVU4
  39 0000 10B5     		push	{r4, lr}
  40              		.cfi_def_cfa_offset 8
  41              		.cfi_offset 4, -8
  42              		.cfi_offset 14, -4
  43              		.loc 1 105 3 discriminator 1 view .LVU5
  44 0002 0446     		mov	r4, r0
  45 0004 20B1     		cbz	r0, .L5
  46              		.loc 1 105 3 is_stmt 1 discriminator 5 view .LVU6
  47              		.loc 1 107 3 view .LVU7
  48              	.LVL1:
  49              	.LBB62:
  50              	.LBI62:
  51              		.file 2 "../RC_Controller/ChibiOS_3.0.5/os/rt/include/chschd.h"
  52              		.loc 2 602 20 view .LVU8
  53              	.LBB63:
  54              		.loc 2 604 3 view .LVU9
  55              		.loc 2 605 3 view .LVU10
  56              	.LBE63:
  57              	.LBE62:
ARM GAS  /tmp/ccGVB6Hk.s 			page 2


  58              		.loc 1 108 15 is_stmt 0 view .LVU11
  59 0006 0023     		movs	r3, #0
  60              	.LBB67:
  61              	.LBB64:
  62              		.loc 2 604 15 view .LVU12
  63 0008 C4E90044 		strd	r4, r4, [r4]
  64              	.LVL2:
  65              		.loc 2 604 15 view .LVU13
  66              	.LBE64:
  67              	.LBE67:
  68              		.loc 1 108 3 is_stmt 1 view .LVU14
  69              		.loc 1 108 15 is_stmt 0 view .LVU15
  70 000c A360     		str	r3, [r4, #8]
  71              		.loc 1 112 1 view .LVU16
  72 000e 10BD     		pop	{r4, pc}
  73              	.L5:
  74              		.loc 1 105 3 is_stmt 1 discriminator 3 view .LVU17
  75 0010 0348     		ldr	r0, .L6
  76              	.LVL3:
  77              		.loc 1 105 3 is_stmt 0 discriminator 3 view .LVU18
  78 0012 FFF7FEFF 		bl	chSysHalt
  79              	.LVL4:
  80              		.loc 1 105 3 is_stmt 1 discriminator 5 view .LVU19
  81              		.loc 1 107 3 view .LVU20
  82              	.LBB68:
  83              		.loc 2 602 20 view .LVU21
  84              	.LBB65:
  85              		.loc 2 604 3 view .LVU22
  86              		.loc 2 605 3 view .LVU23
  87              	.LBE65:
  88              	.LBE68:
  89              		.loc 1 108 15 is_stmt 0 view .LVU24
  90 0016 0023     		movs	r3, #0
  91              	.LBB69:
  92              	.LBB66:
  93              		.loc 2 604 15 view .LVU25
  94 0018 C4E90044 		strd	r4, r4, [r4]
  95              	.LVL5:
  96              		.loc 2 604 15 view .LVU26
  97              	.LBE66:
  98              	.LBE69:
  99              		.loc 1 108 3 is_stmt 1 view .LVU27
 100              		.loc 1 108 15 is_stmt 0 view .LVU28
 101 001c A360     		str	r3, [r4, #8]
 102              		.loc 1 112 1 view .LVU29
 103 001e 10BD     		pop	{r4, pc}
 104              	.LVL6:
 105              	.L7:
 106              		.loc 1 112 1 view .LVU30
 107              		.align	2
 108              	.L6:
 109 0020 00000000 		.word	__func__.5
 110              		.cfi_endproc
 111              	.LFE186:
 112              		.size	chMtxObjectInit, .-chMtxObjectInit
 113              		.section	.text.chMtxLockS,"ax",%progbits
 114              		.align	1
ARM GAS  /tmp/ccGVB6Hk.s 			page 3


 115              		.p2align 4,,15
 116              		.global	chMtxLockS
 117              		.syntax unified
 118              		.thumb
 119              		.thumb_func
 120              		.type	chMtxLockS, %function
 121              	chMtxLockS:
 122              	.LVL7:
 123              	.LFB188:
 124              		.loc 1 139 30 is_stmt 1 view -0
 125              		.cfi_startproc
 126              		@ args = 0, pretend = 0, frame = 0
 127              		@ frame_needed = 0, uses_anonymous_args = 0
 128              		.loc 1 140 3 view .LVU32
 129              		.loc 1 140 13 is_stmt 0 view .LVU33
 130 0000 244B     		ldr	r3, .L27
 131              		.loc 1 139 30 view .LVU34
 132 0002 70B5     		push	{r4, r5, r6, lr}
 133              		.cfi_def_cfa_offset 16
 134              		.cfi_offset 4, -16
 135              		.cfi_offset 5, -12
 136              		.cfi_offset 6, -8
 137              		.cfi_offset 14, -4
 138              		.loc 1 139 30 view .LVU35
 139 0004 0446     		mov	r4, r0
 140              		.loc 1 140 13 view .LVU36
 141 0006 9E69     		ldr	r6, [r3, #24]
 142              	.LVL8:
 143              		.loc 1 142 3 is_stmt 1 view .LVU37
 144 0008 FFF7FEFF 		bl	chDbgCheckClassS
 145              	.LVL9:
 146              		.loc 1 143 3 view .LVU38
 147              		.loc 1 143 3 view .LVU39
 148              		.loc 1 143 3 discriminator 1 view .LVU40
 149 000c 002C     		cmp	r4, #0
 150 000e 3DD0     		beq	.L23
 151              	.L9:
 152              		.loc 1 143 3 discriminator 5 view .LVU41
 153              		.loc 1 146 3 view .LVU42
 154              		.loc 1 146 9 is_stmt 0 view .LVU43
 155 0010 A568     		ldr	r5, [r4, #8]
 156              		.loc 1 146 6 view .LVU44
 157 0012 FDB1     		cbz	r5, .L24
 158              	.LVL10:
 159              	.LBB70:
 160              		.loc 1 165 25 is_stmt 1 view .LVU45
 161              		.loc 1 165 30 is_stmt 0 view .LVU46
 162 0014 B368     		ldr	r3, [r6, #8]
 163              		.loc 1 165 25 view .LVU47
 164 0016 AA68     		ldr	r2, [r5, #8]
 165 0018 9A42     		cmp	r2, r3
 166 001a 05D2     		bcs	.L13
 167              		.loc 1 167 9 is_stmt 1 view .LVU48
 168              		.loc 1 170 19 is_stmt 0 view .LVU49
 169 001c 2A7F     		ldrb	r2, [r5, #28]	@ zero_extendqisi2
 170              		.loc 1 167 20 view .LVU50
 171 001e AB60     		str	r3, [r5, #8]
ARM GAS  /tmp/ccGVB6Hk.s 			page 4


 172              		.loc 1 170 9 is_stmt 1 view .LVU51
 173 0020 62B3     		cbz	r2, .L12
 174              	.L26:
 175              		.loc 1 173 11 view .LVU52
 176              		.loc 1 170 9 is_stmt 0 view .LVU53
 177 0022 062A     		cmp	r2, #6
 178              		.loc 1 173 11 view .LVU54
 179 0024 2846     		mov	r0, r5
 180              		.loc 1 170 9 view .LVU55
 181 0026 1AD0     		beq	.L25
 182              	.L13:
 183              		.loc 1 212 7 is_stmt 1 view .LVU56
 184 0028 2146     		mov	r1, r4
 185 002a 3046     		mov	r0, r6
 186 002c FFF7FEFF 		bl	queue_prio_insert
 187              	.LVL11:
 188              		.loc 1 213 7 view .LVU57
 189              		.loc 1 214 7 is_stmt 0 view .LVU58
 190 0030 0620     		movs	r0, #6
 191              		.loc 1 213 23 view .LVU59
 192 0032 3462     		str	r4, [r6, #32]
 193              		.loc 1 214 7 is_stmt 1 view .LVU60
 194 0034 FFF7FEFF 		bl	chSchGoSleepS
 195              	.LVL12:
 196              		.loc 1 218 7 view .LVU61
 197              		.loc 1 218 7 view .LVU62
 198              		.loc 1 218 7 discriminator 1 view .LVU63
 199 0038 A368     		ldr	r3, [r4, #8]
 200 003a B342     		cmp	r3, r6
 201 003c 02D0     		beq	.L16
 202              		.loc 1 218 7 discriminator 3 view .LVU64
 203 003e 1648     		ldr	r0, .L27+4
 204 0040 FFF7FEFF 		bl	chSysHalt
 205              	.LVL13:
 206              	.L16:
 207              		.loc 1 218 7 discriminator 5 view .LVU65
 208              		.loc 1 219 7 view .LVU66
 209              		.loc 1 219 7 view .LVU67
 210              		.loc 1 219 7 discriminator 1 view .LVU68
 211 0044 736A     		ldr	r3, [r6, #36]
 212 0046 A342     		cmp	r3, r4
 213 0048 08D0     		beq	.L8
 214              		.loc 1 219 7 discriminator 3 view .LVU69
 215              	.LBE70:
 216              		.loc 1 236 1 is_stmt 0 view .LVU70
 217 004a BDE87040 		pop	{r4, r5, r6, lr}
 218              		.cfi_remember_state
 219              		.cfi_restore 14
 220              		.cfi_restore 6
 221              		.cfi_restore 5
 222              		.cfi_restore 4
 223              		.cfi_def_cfa_offset 0
 224              	.LVL14:
 225              	.LBB71:
 226              		.loc 1 219 7 discriminator 3 view .LVU71
 227 004e 1248     		ldr	r0, .L27+4
 228 0050 FFF7FEBF 		b	chSysHalt
ARM GAS  /tmp/ccGVB6Hk.s 			page 5


 229              	.LVL15:
 230              	.L24:
 231              		.cfi_restore_state
 232              		.loc 1 219 7 discriminator 3 view .LVU72
 233              	.LBE71:
 234              		.loc 1 232 5 is_stmt 1 view .LVU73
 235              		.loc 1 233 16 is_stmt 0 view .LVU74
 236 0054 736A     		ldr	r3, [r6, #36]
 237 0056 C4E90263 		strd	r6, r3, [r4, #8]
 238              		.loc 1 234 5 is_stmt 1 view .LVU75
 239              		.loc 1 234 20 is_stmt 0 view .LVU76
 240 005a 7462     		str	r4, [r6, #36]
 241              	.L8:
 242              		.loc 1 236 1 view .LVU77
 243 005c 70BD     		pop	{r4, r5, r6, pc}
 244              	.LVL16:
 245              	.L25:
 246              	.LBB72:
 247              		.loc 1 173 11 view .LVU78
 248 005e FFF7FEFF 		bl	queue_dequeue
 249              	.LVL17:
 250              		.loc 1 173 11 discriminator 1 view .LVU79
 251 0062 296A     		ldr	r1, [r5, #32]
 252 0064 FFF7FEFF 		bl	queue_prio_insert
 253              	.LVL18:
 254              		.loc 1 174 11 is_stmt 1 view .LVU80
 255              		.loc 1 174 23 is_stmt 0 view .LVU81
 256 0068 2A6A     		ldr	r2, [r5, #32]
 257              		.loc 1 165 30 view .LVU82
 258 006a B368     		ldr	r3, [r6, #8]
 259              		.loc 1 174 14 view .LVU83
 260 006c 9568     		ldr	r5, [r2, #8]
 261              	.LVL19:
 262              		.loc 1 176 11 is_stmt 1 view .LVU84
 263              		.loc 1 165 25 view .LVU85
 264 006e AA68     		ldr	r2, [r5, #8]
 265 0070 9A42     		cmp	r2, r3
 266 0072 D9D2     		bcs	.L13
 267              		.loc 1 167 9 view .LVU86
 268              		.loc 1 170 19 is_stmt 0 view .LVU87
 269 0074 2A7F     		ldrb	r2, [r5, #28]	@ zero_extendqisi2
 270              		.loc 1 167 20 view .LVU88
 271 0076 AB60     		str	r3, [r5, #8]
 272              		.loc 1 170 9 is_stmt 1 view .LVU89
 273 0078 002A     		cmp	r2, #0
 274 007a D2D1     		bne	.L26
 275              	.L12:
 276              		.loc 1 199 11 view .LVU90
 277              		.loc 1 199 23 is_stmt 0 view .LVU91
 278 007c 0123     		movs	r3, #1
 279 007e 2B77     		strb	r3, [r5, #28]
 280              		.loc 1 202 11 is_stmt 1 view .LVU92
 281              		.loc 1 202 18 is_stmt 0 view .LVU93
 282 0080 2846     		mov	r0, r5
 283 0082 FFF7FEFF 		bl	queue_dequeue
 284              	.LVL20:
 285              		.loc 1 202 18 discriminator 1 view .LVU94
ARM GAS  /tmp/ccGVB6Hk.s 			page 6


 286 0086 FFF7FEFF 		bl	chSchReadyI
 287              	.LVL21:
 288              		.loc 1 203 11 is_stmt 1 view .LVU95
 289 008a CDE7     		b	.L13
 290              	.LVL22:
 291              	.L23:
 292              		.loc 1 203 11 is_stmt 0 view .LVU96
 293              	.LBE72:
 294              		.loc 1 143 3 is_stmt 1 discriminator 3 view .LVU97
 295 008c 0248     		ldr	r0, .L27+4
 296 008e FFF7FEFF 		bl	chSysHalt
 297              	.LVL23:
 298 0092 BDE7     		b	.L9
 299              	.L28:
 300              		.align	2
 301              	.L27:
 302 0094 00000000 		.word	ch
 303 0098 00000000 		.word	__func__.3
 304              		.cfi_endproc
 305              	.LFE188:
 306              		.size	chMtxLockS, .-chMtxLockS
 307              		.section	.text.chMtxLock,"ax",%progbits
 308              		.align	1
 309              		.p2align 4,,15
 310              		.global	chMtxLock
 311              		.syntax unified
 312              		.thumb
 313              		.thumb_func
 314              		.type	chMtxLock, %function
 315              	chMtxLock:
 316              	.LVL24:
 317              	.LFB187:
 318              		.loc 1 123 29 view -0
 319              		.cfi_startproc
 320              		@ args = 0, pretend = 0, frame = 0
 321              		@ frame_needed = 0, uses_anonymous_args = 0
 322              		.loc 1 125 3 view .LVU99
 323              	.LBB83:
 324              	.LBI83:
 325              		.file 3 "../RC_Controller/ChibiOS_3.0.5/os/rt/include/chsys.h"
 326              		.loc 3 346 20 view .LVU100
 327              	.LBB84:
 328              		.loc 3 348 3 view .LVU101
 329              	.LBB85:
 330              	.LBI85:
 331              		.file 4 "../RC_Controller/ChibiOS_3.0.5/os/rt/ports/ARMCMx/chcore_v7m.h"
 332              		.loc 4 444 20 view .LVU102
 333              		.loc 4 447 3 view .LVU103
 334              	.LBB86:
 335              	.LBI86:
 336              		.file 5 "../RC_Controller/ChibiOS_3.0.5/os/ext/CMSIS/include/core_cmFunc.h"
 337              		.loc 5 544 57 view .LVU104
 338              	.LBB87:
 339              		.loc 5 546 3 view .LVU105
 340              	.LBE87:
 341              	.LBE86:
 342              	.LBE85:
ARM GAS  /tmp/ccGVB6Hk.s 			page 7


 343              	.LBE84:
 344              	.LBE83:
 345              		.loc 1 123 29 is_stmt 0 view .LVU106
 346 0000 10B5     		push	{r4, lr}
 347              		.cfi_def_cfa_offset 8
 348              		.cfi_offset 4, -8
 349              		.cfi_offset 14, -4
 350              	.LBB96:
 351              	.LBB94:
 352              	.LBB92:
 353              	.LBB90:
 354              	.LBB88:
 355              		.loc 5 546 3 view .LVU107
 356 0002 2023     		movs	r3, #32
 357              	.LBE88:
 358              	.LBE90:
 359              	.LBE92:
 360              	.LBE94:
 361              	.LBE96:
 362              		.loc 1 123 29 view .LVU108
 363 0004 0446     		mov	r4, r0
 364              	.LBB97:
 365              	.LBB95:
 366              	.LBB93:
 367              	.LBB91:
 368              	.LBB89:
 369              		.loc 5 546 3 view .LVU109
 370              		.syntax unified
 371              	@ 546 "../RC_Controller/ChibiOS_3.0.5/os/ext/CMSIS/include/core_cmFunc.h" 1
 372 0006 83F31188 		MSR basepri, r3
 373              	@ 0 "" 2
 374              	.LVL25:
 375              		.loc 5 546 3 view .LVU110
 376              		.thumb
 377              		.syntax unified
 378              	.LBE89:
 379              	.LBE91:
 380              	.LBE93:
 381              		.loc 3 349 34 is_stmt 1 view .LVU111
 382              		.loc 3 350 3 view .LVU112
 383 000a FFF7FEFF 		bl	_dbg_check_lock
 384              	.LVL26:
 385              		.loc 3 350 3 is_stmt 0 view .LVU113
 386              	.LBE95:
 387              	.LBE97:
 388              		.loc 1 126 3 is_stmt 1 view .LVU114
 389 000e 2046     		mov	r0, r4
 390 0010 FFF7FEFF 		bl	chMtxLockS
 391              	.LVL27:
 392              		.loc 1 127 3 view .LVU115
 393              	.LBB98:
 394              	.LBI98:
 395              		.loc 3 358 20 view .LVU116
 396              	.LBB99:
 397              		.loc 3 360 3 view .LVU117
 398 0014 FFF7FEFF 		bl	_dbg_check_unlock
 399              	.LVL28:
ARM GAS  /tmp/ccGVB6Hk.s 			page 8


 400              		.loc 3 361 33 view .LVU118
 401              		.loc 3 367 3 view .LVU119
 402              		.loc 3 367 3 view .LVU120
 403              		.loc 3 367 3 discriminator 1 view .LVU121
 404 0018 094B     		ldr	r3, .L33
 405 001a 1A68     		ldr	r2, [r3]
 406 001c 9A42     		cmp	r2, r3
 407 001e 04D0     		beq	.L30
 408              		.loc 3 367 3 is_stmt 0 discriminator 3 view .LVU122
 409 0020 9969     		ldr	r1, [r3, #24]
 410 0022 9368     		ldr	r3, [r2, #8]
 411 0024 8A68     		ldr	r2, [r1, #8]
 412 0026 9A42     		cmp	r2, r3
 413 0028 03D3     		bcc	.L32
 414              	.L30:
 415              		.loc 3 367 3 is_stmt 1 discriminator 7 view .LVU123
 416              		.loc 3 371 3 view .LVU124
 417              	.LBB100:
 418              	.LBI100:
 419              		.loc 4 458 20 view .LVU125
 420              		.loc 4 461 3 view .LVU126
 421              	.LVL29:
 422              	.LBB101:
 423              	.LBI101:
 424              		.loc 5 544 57 view .LVU127
 425              	.LBB102:
 426              		.loc 5 546 3 view .LVU128
 427 002a 0023     		movs	r3, #0
 428              		.syntax unified
 429              	@ 546 "../RC_Controller/ChibiOS_3.0.5/os/ext/CMSIS/include/core_cmFunc.h" 1
 430 002c 83F31188 		MSR basepri, r3
 431              	@ 0 "" 2
 432              	.LVL30:
 433              		.loc 5 546 3 is_stmt 0 view .LVU129
 434              		.thumb
 435              		.syntax unified
 436              	.LBE102:
 437              	.LBE101:
 438              	.LBE100:
 439              	.LBE99:
 440              	.LBE98:
 441              		.loc 1 128 1 view .LVU130
 442 0030 10BD     		pop	{r4, pc}
 443              	.LVL31:
 444              	.L32:
 445              	.LBB107:
 446              	.LBB106:
 447              		.loc 3 367 3 is_stmt 1 discriminator 5 view .LVU131
 448 0032 0448     		ldr	r0, .L33+4
 449 0034 FFF7FEFF 		bl	chSysHalt
 450              	.LVL32:
 451              		.loc 3 367 3 discriminator 7 view .LVU132
 452              		.loc 3 371 3 view .LVU133
 453              	.LBB105:
 454              		.loc 4 458 20 view .LVU134
 455              		.loc 4 461 3 view .LVU135
 456              	.LBB104:
ARM GAS  /tmp/ccGVB6Hk.s 			page 9


 457              		.loc 5 544 57 view .LVU136
 458              	.LBB103:
 459              		.loc 5 546 3 view .LVU137
 460 0038 0023     		movs	r3, #0
 461              		.syntax unified
 462              	@ 546 "../RC_Controller/ChibiOS_3.0.5/os/ext/CMSIS/include/core_cmFunc.h" 1
 463 003a 83F31188 		MSR basepri, r3
 464              	@ 0 "" 2
 465              	.LVL33:
 466              		.loc 5 546 3 is_stmt 0 view .LVU138
 467              		.thumb
 468              		.syntax unified
 469              	.LBE103:
 470              	.LBE104:
 471              	.LBE105:
 472              	.LBE106:
 473              	.LBE107:
 474              		.loc 1 128 1 view .LVU139
 475 003e 10BD     		pop	{r4, pc}
 476              	.LVL34:
 477              	.L34:
 478              		.loc 1 128 1 view .LVU140
 479              		.align	2
 480              	.L33:
 481 0040 00000000 		.word	ch
 482 0044 00000000 		.word	__func__.4
 483              		.cfi_endproc
 484              	.LFE187:
 485              		.size	chMtxLock, .-chMtxLock
 486              		.section	.text.chMtxTryLock,"ax",%progbits
 487              		.align	1
 488              		.p2align 4,,15
 489              		.global	chMtxTryLock
 490              		.syntax unified
 491              		.thumb
 492              		.thumb_func
 493              		.type	chMtxTryLock, %function
 494              	chMtxTryLock:
 495              	.LVL35:
 496              	.LFB189:
 497              		.loc 1 255 32 is_stmt 1 view -0
 498              		.cfi_startproc
 499              		@ args = 0, pretend = 0, frame = 0
 500              		@ frame_needed = 0, uses_anonymous_args = 0
 501              		.loc 1 256 3 view .LVU142
 502              		.loc 1 258 3 view .LVU143
 503              	.LBB122:
 504              	.LBI122:
 505              		.loc 3 346 20 view .LVU144
 506              	.LBB123:
 507              		.loc 3 348 3 view .LVU145
 508              	.LBB124:
 509              	.LBI124:
 510              		.loc 4 444 20 view .LVU146
 511              		.loc 4 447 3 view .LVU147
 512              	.LBB125:
 513              	.LBI125:
ARM GAS  /tmp/ccGVB6Hk.s 			page 10


 514              		.loc 5 544 57 view .LVU148
 515              	.LBB126:
 516              		.loc 5 546 3 view .LVU149
 517              	.LBE126:
 518              	.LBE125:
 519              	.LBE124:
 520              	.LBE123:
 521              	.LBE122:
 522              		.loc 1 255 32 is_stmt 0 view .LVU150
 523 0000 70B5     		push	{r4, r5, r6, lr}
 524              		.cfi_def_cfa_offset 16
 525              		.cfi_offset 4, -16
 526              		.cfi_offset 5, -12
 527              		.cfi_offset 6, -8
 528              		.cfi_offset 14, -4
 529              	.LBB135:
 530              	.LBB133:
 531              	.LBB131:
 532              	.LBB129:
 533              	.LBB127:
 534              		.loc 5 546 3 view .LVU151
 535 0002 2023     		movs	r3, #32
 536              	.LBE127:
 537              	.LBE129:
 538              	.LBE131:
 539              	.LBE133:
 540              	.LBE135:
 541              		.loc 1 255 32 view .LVU152
 542 0004 0446     		mov	r4, r0
 543              	.LBB136:
 544              	.LBB134:
 545              	.LBB132:
 546              	.LBB130:
 547              	.LBB128:
 548              		.loc 5 546 3 view .LVU153
 549              		.syntax unified
 550              	@ 546 "../RC_Controller/ChibiOS_3.0.5/os/ext/CMSIS/include/core_cmFunc.h" 1
 551 0006 83F31188 		MSR basepri, r3
 552              	@ 0 "" 2
 553              	.LVL36:
 554              		.loc 5 546 3 view .LVU154
 555              		.thumb
 556              		.syntax unified
 557              	.LBE128:
 558              	.LBE130:
 559              	.LBE132:
 560              		.loc 3 349 34 is_stmt 1 view .LVU155
 561              		.loc 3 350 3 view .LVU156
 562 000a FFF7FEFF 		bl	_dbg_check_lock
 563              	.LVL37:
 564              		.loc 3 350 3 is_stmt 0 view .LVU157
 565              	.LBE134:
 566              	.LBE136:
 567              		.loc 1 259 3 is_stmt 1 view .LVU158
 568              	.LBB137:
 569              	.LBI137:
 570              		.loc 1 282 6 view .LVU159
ARM GAS  /tmp/ccGVB6Hk.s 			page 11


 571              	.LBB138:
 572              		.loc 1 284 3 view .LVU160
 573 000e FFF7FEFF 		bl	chDbgCheckClassS
 574              	.LVL38:
 575              		.loc 1 285 3 view .LVU161
 576              		.loc 1 285 3 view .LVU162
 577              		.loc 1 285 3 discriminator 1 view .LVU163
 578 0012 0CB3     		cbz	r4, .L41
 579              	.L36:
 580              		.loc 1 285 3 discriminator 5 view .LVU164
 581              		.loc 1 287 3 view .LVU165
 582              		.loc 1 287 6 is_stmt 0 view .LVU166
 583 0014 A368     		ldr	r3, [r4, #8]
 584 0016 124D     		ldr	r5, .L44
 585 0018 BBB1     		cbz	r3, .L42
 586              		.loc 1 297 12 view .LVU167
 587 001a 0026     		movs	r6, #0
 588              	.L37:
 589              	.LVL39:
 590              		.loc 1 297 12 view .LVU168
 591              	.LBE138:
 592              	.LBE137:
 593              		.loc 1 260 3 is_stmt 1 view .LVU169
 594              	.LBB142:
 595              	.LBI142:
 596              		.loc 3 358 20 view .LVU170
 597              	.LBB143:
 598              		.loc 3 360 3 view .LVU171
 599 001c FFF7FEFF 		bl	_dbg_check_unlock
 600              	.LVL40:
 601              		.loc 3 361 33 view .LVU172
 602              		.loc 3 367 3 view .LVU173
 603              		.loc 3 367 3 view .LVU174
 604              		.loc 3 367 3 discriminator 1 view .LVU175
 605 0020 2B68     		ldr	r3, [r5]
 606 0022 AB42     		cmp	r3, r5
 607 0024 04D0     		beq	.L38
 608              		.loc 3 367 3 is_stmt 0 discriminator 3 view .LVU176
 609 0026 AA69     		ldr	r2, [r5, #24]
 610 0028 9B68     		ldr	r3, [r3, #8]
 611 002a 9268     		ldr	r2, [r2, #8]
 612 002c 9A42     		cmp	r2, r3
 613 002e 04D3     		bcc	.L43
 614              	.L38:
 615              		.loc 3 367 3 is_stmt 1 discriminator 7 view .LVU177
 616              		.loc 3 371 3 view .LVU178
 617              	.LBB144:
 618              	.LBI144:
 619              		.loc 4 458 20 view .LVU179
 620              		.loc 4 461 3 view .LVU180
 621              	.LVL41:
 622              	.LBB145:
 623              	.LBI145:
 624              		.loc 5 544 57 view .LVU181
 625              	.LBB146:
 626              		.loc 5 546 3 view .LVU182
 627 0030 0023     		movs	r3, #0
ARM GAS  /tmp/ccGVB6Hk.s 			page 12


 628              		.syntax unified
 629              	@ 546 "../RC_Controller/ChibiOS_3.0.5/os/ext/CMSIS/include/core_cmFunc.h" 1
 630 0032 83F31188 		MSR basepri, r3
 631              	@ 0 "" 2
 632              	.LVL42:
 633              		.loc 5 546 3 is_stmt 0 view .LVU183
 634              		.thumb
 635              		.syntax unified
 636              	.LBE146:
 637              	.LBE145:
 638              	.LBE144:
 639              	.LBE143:
 640              	.LBE142:
 641              		.loc 1 262 3 is_stmt 1 view .LVU184
 642              		.loc 1 263 1 is_stmt 0 view .LVU185
 643 0036 3046     		mov	r0, r6
 644 0038 70BD     		pop	{r4, r5, r6, pc}
 645              	.LVL43:
 646              	.L43:
 647              	.LBB151:
 648              	.LBB150:
 649              		.loc 3 367 3 is_stmt 1 discriminator 5 view .LVU186
 650 003a 0A48     		ldr	r0, .L44+4
 651 003c FFF7FEFF 		bl	chSysHalt
 652              	.LVL44:
 653              		.loc 3 367 3 discriminator 7 view .LVU187
 654              		.loc 3 371 3 view .LVU188
 655              	.LBB149:
 656              		.loc 4 458 20 view .LVU189
 657              		.loc 4 461 3 view .LVU190
 658              	.LBB148:
 659              		.loc 5 544 57 view .LVU191
 660              	.LBB147:
 661              		.loc 5 546 3 view .LVU192
 662 0040 0023     		movs	r3, #0
 663              		.syntax unified
 664              	@ 546 "../RC_Controller/ChibiOS_3.0.5/os/ext/CMSIS/include/core_cmFunc.h" 1
 665 0042 83F31188 		MSR basepri, r3
 666              	@ 0 "" 2
 667              	.LVL45:
 668              		.loc 5 546 3 is_stmt 0 view .LVU193
 669              		.thumb
 670              		.syntax unified
 671              	.LBE147:
 672              	.LBE148:
 673              	.LBE149:
 674              	.LBE150:
 675              	.LBE151:
 676              		.loc 1 262 3 is_stmt 1 view .LVU194
 677              		.loc 1 263 1 is_stmt 0 view .LVU195
 678 0046 3046     		mov	r0, r6
 679 0048 70BD     		pop	{r4, r5, r6, pc}
 680              	.LVL46:
 681              	.L42:
 682              	.LBB152:
 683              	.LBB141:
 684              	.LBB139:
ARM GAS  /tmp/ccGVB6Hk.s 			page 13


 685              	.LBI139:
 686              		.loc 1 282 6 is_stmt 1 view .LVU196
 687              	.LBB140:
 688              		.loc 1 305 3 view .LVU197
 689              		.loc 1 305 17 is_stmt 0 view .LVU198
 690 004a AB69     		ldr	r3, [r5, #24]
 691              		.loc 1 305 15 view .LVU199
 692 004c A360     		str	r3, [r4, #8]
 693              		.loc 1 306 3 is_stmt 1 view .LVU200
 694              		.loc 1 306 14 is_stmt 0 view .LVU201
 695 004e 5A6A     		ldr	r2, [r3, #36]
 696 0050 E260     		str	r2, [r4, #12]
 697              		.loc 1 307 3 is_stmt 1 view .LVU202
 698              		.loc 1 307 20 is_stmt 0 view .LVU203
 699 0052 0126     		movs	r6, #1
 700 0054 5C62     		str	r4, [r3, #36]
 701              		.loc 1 308 3 is_stmt 1 view .LVU204
 702              	.LVL47:
 703              		.loc 1 308 3 is_stmt 0 view .LVU205
 704 0056 E1E7     		b	.L37
 705              	.L41:
 706              		.loc 1 308 3 view .LVU206
 707              	.LBE140:
 708              	.LBE139:
 709              		.loc 1 285 3 is_stmt 1 discriminator 3 view .LVU207
 710 0058 0348     		ldr	r0, .L44+8
 711 005a FFF7FEFF 		bl	chSysHalt
 712              	.LVL48:
 713 005e D9E7     		b	.L36
 714              	.L45:
 715              		.align	2
 716              	.L44:
 717 0060 00000000 		.word	ch
 718 0064 00000000 		.word	__func__.4
 719 0068 00000000 		.word	__func__.2
 720              	.LBE141:
 721              	.LBE152:
 722              		.cfi_endproc
 723              	.LFE189:
 724              		.size	chMtxTryLock, .-chMtxTryLock
 725              		.section	.text.chMtxTryLockS,"ax",%progbits
 726              		.align	1
 727              		.p2align 4,,15
 728              		.global	chMtxTryLockS
 729              		.syntax unified
 730              		.thumb
 731              		.thumb_func
 732              		.type	chMtxTryLockS, %function
 733              	chMtxTryLockS:
 734              	.LVL49:
 735              	.LFB190:
 736              		.loc 1 282 33 view -0
 737              		.cfi_startproc
 738              		@ args = 0, pretend = 0, frame = 0
 739              		@ frame_needed = 0, uses_anonymous_args = 0
 740              		.loc 1 284 3 view .LVU209
 741              		.loc 1 282 33 is_stmt 0 view .LVU210
ARM GAS  /tmp/ccGVB6Hk.s 			page 14


 742 0000 10B5     		push	{r4, lr}
 743              		.cfi_def_cfa_offset 8
 744              		.cfi_offset 4, -8
 745              		.cfi_offset 14, -4
 746              		.loc 1 282 33 view .LVU211
 747 0002 0446     		mov	r4, r0
 748              		.loc 1 284 3 view .LVU212
 749 0004 FFF7FEFF 		bl	chDbgCheckClassS
 750              	.LVL50:
 751              		.loc 1 285 3 is_stmt 1 view .LVU213
 752              		.loc 1 285 3 view .LVU214
 753              		.loc 1 285 3 discriminator 1 view .LVU215
 754 0008 5CB1     		cbz	r4, .L51
 755              	.L47:
 756              		.loc 1 285 3 discriminator 5 view .LVU216
 757              		.loc 1 287 3 view .LVU217
 758              		.loc 1 287 6 is_stmt 0 view .LVU218
 759 000a A368     		ldr	r3, [r4, #8]
 760 000c 0BB1     		cbz	r3, .L52
 761              		.loc 1 297 12 view .LVU219
 762 000e 0020     		movs	r0, #0
 763              		.loc 1 309 1 view .LVU220
 764 0010 10BD     		pop	{r4, pc}
 765              	.LVL51:
 766              	.L52:
 767              	.LBB155:
 768              	.LBI155:
 769              		.loc 1 282 6 is_stmt 1 view .LVU221
 770              	.LBB156:
 771              		.loc 1 305 3 view .LVU222
 772              		.loc 1 305 17 is_stmt 0 view .LVU223
 773 0012 064B     		ldr	r3, .L53
 774 0014 9B69     		ldr	r3, [r3, #24]
 775              		.loc 1 305 15 view .LVU224
 776 0016 A360     		str	r3, [r4, #8]
 777              		.loc 1 306 3 is_stmt 1 view .LVU225
 778              		.loc 1 306 14 is_stmt 0 view .LVU226
 779 0018 5A6A     		ldr	r2, [r3, #36]
 780 001a E260     		str	r2, [r4, #12]
 781              		.loc 1 307 3 is_stmt 1 view .LVU227
 782              		.loc 1 307 20 is_stmt 0 view .LVU228
 783 001c 0120     		movs	r0, #1
 784 001e 5C62     		str	r4, [r3, #36]
 785              		.loc 1 308 3 is_stmt 1 view .LVU229
 786              	.LVL52:
 787              		.loc 1 308 3 is_stmt 0 view .LVU230
 788              	.LBE156:
 789              	.LBE155:
 790              		.loc 1 309 1 view .LVU231
 791 0020 10BD     		pop	{r4, pc}
 792              	.LVL53:
 793              	.L51:
 794              		.loc 1 285 3 is_stmt 1 discriminator 3 view .LVU232
 795 0022 0348     		ldr	r0, .L53+4
 796 0024 FFF7FEFF 		bl	chSysHalt
 797              	.LVL54:
 798 0028 EFE7     		b	.L47
ARM GAS  /tmp/ccGVB6Hk.s 			page 15


 799              	.L54:
 800 002a 00BF     		.align	2
 801              	.L53:
 802 002c 00000000 		.word	ch
 803 0030 00000000 		.word	__func__.2
 804              		.cfi_endproc
 805              	.LFE190:
 806              		.size	chMtxTryLockS, .-chMtxTryLockS
 807              		.section	.text.chMtxUnlock,"ax",%progbits
 808              		.align	1
 809              		.p2align 4,,15
 810              		.global	chMtxUnlock
 811              		.syntax unified
 812              		.thumb
 813              		.thumb_func
 814              		.type	chMtxUnlock, %function
 815              	chMtxUnlock:
 816              	.LVL55:
 817              	.LFB191:
 818              		.loc 1 323 31 view -0
 819              		.cfi_startproc
 820              		@ args = 0, pretend = 0, frame = 0
 821              		@ frame_needed = 0, uses_anonymous_args = 0
 822              		.loc 1 324 3 view .LVU234
 823              		.loc 1 323 31 is_stmt 0 view .LVU235
 824 0000 2DE9F041 		push	{r4, r5, r6, r7, r8, lr}
 825              		.cfi_def_cfa_offset 24
 826              		.cfi_offset 4, -24
 827              		.cfi_offset 5, -20
 828              		.cfi_offset 6, -16
 829              		.cfi_offset 7, -12
 830              		.cfi_offset 8, -8
 831              		.cfi_offset 14, -4
 832              		.loc 1 324 13 view .LVU236
 833 0004 DFF8C880 		ldr	r8, .L74+8
 834              		.loc 1 327 3 discriminator 1 view .LVU237
 835 0008 0546     		mov	r5, r0
 836              		.loc 1 324 13 view .LVU238
 837 000a D8F81870 		ldr	r7, [r8, #24]
 838              	.LVL56:
 839              		.loc 1 325 3 is_stmt 1 view .LVU239
 840              		.loc 1 327 3 view .LVU240
 841              		.loc 1 327 3 view .LVU241
 842              		.loc 1 327 3 discriminator 1 view .LVU242
 843 000e 0028     		cmp	r0, #0
 844 0010 56D0     		beq	.L71
 845              	.LVL57:
 846              	.L56:
 847              		.loc 1 327 3 discriminator 5 view .LVU243
 848              		.loc 1 329 3 view .LVU244
 849              	.LBB176:
 850              	.LBI176:
 851              		.loc 3 346 20 view .LVU245
 852              	.LBB177:
 853              		.loc 3 348 3 view .LVU246
 854              	.LBB178:
 855              	.LBI178:
ARM GAS  /tmp/ccGVB6Hk.s 			page 16


 856              		.loc 4 444 20 view .LVU247
 857              		.loc 4 447 3 view .LVU248
 858              	.LBB179:
 859              	.LBI179:
 860              		.loc 5 544 57 view .LVU249
 861              	.LBB180:
 862              		.loc 5 546 3 view .LVU250
 863 0012 2023     		movs	r3, #32
 864              		.syntax unified
 865              	@ 546 "../RC_Controller/ChibiOS_3.0.5/os/ext/CMSIS/include/core_cmFunc.h" 1
 866 0014 83F31188 		MSR basepri, r3
 867              	@ 0 "" 2
 868              	.LVL58:
 869              		.loc 5 546 3 is_stmt 0 view .LVU251
 870              		.thumb
 871              		.syntax unified
 872              	.LBE180:
 873              	.LBE179:
 874              	.LBE178:
 875              		.loc 3 349 34 is_stmt 1 view .LVU252
 876              		.loc 3 350 3 view .LVU253
 877 0018 FFF7FEFF 		bl	_dbg_check_lock
 878              	.LVL59:
 879              	.LBE177:
 880              	.LBE176:
 881              		.loc 1 331 3 view .LVU254
 882              		.loc 1 331 3 view .LVU255
 883              		.loc 1 331 3 discriminator 1 view .LVU256
 884 001c 7B6A     		ldr	r3, [r7, #36]
 885 001e 002B     		cmp	r3, #0
 886 0020 49D0     		beq	.L72
 887              	.L57:
 888              		.loc 1 331 3 discriminator 5 view .LVU257
 889              		.loc 1 332 3 view .LVU258
 890              		.loc 1 332 3 view .LVU259
 891              		.loc 1 332 3 discriminator 1 view .LVU260
 892 0022 9A68     		ldr	r2, [r3, #8]
 893 0024 BA42     		cmp	r2, r7
 894 0026 03D0     		beq	.L58
 895              		.loc 1 332 3 discriminator 3 view .LVU261
 896 0028 2748     		ldr	r0, .L74
 897 002a FFF7FEFF 		bl	chSysHalt
 898              	.LVL60:
 899              		.loc 1 339 5 is_stmt 0 discriminator 1 view .LVU262
 900 002e 7B6A     		ldr	r3, [r7, #36]
 901              	.L58:
 902              		.loc 1 332 3 is_stmt 1 discriminator 5 view .LVU263
 903              		.loc 1 339 5 view .LVU264
 904              		.loc 1 339 5 view .LVU265
 905              		.loc 1 339 5 discriminator 1 view .LVU266
 906 0030 9D42     		cmp	r5, r3
 907 0032 02D0     		beq	.L59
 908              		.loc 1 339 5 discriminator 3 view .LVU267
 909 0034 2448     		ldr	r0, .L74
 910 0036 FFF7FEFF 		bl	chSysHalt
 911              	.LVL61:
 912              	.L59:
ARM GAS  /tmp/ccGVB6Hk.s 			page 17


 913              		.loc 1 339 5 discriminator 5 view .LVU268
 914              		.loc 1 344 5 view .LVU269
 915              		.loc 1 344 20 is_stmt 0 view .LVU270
 916 003a EB68     		ldr	r3, [r5, #12]
 917 003c 7B62     		str	r3, [r7, #36]
 918              		.loc 1 347 5 is_stmt 1 view .LVU271
 919              	.LVL62:
 920              	.LBB181:
 921              	.LBI181:
 922              		.file 6 "../RC_Controller/ChibiOS_3.0.5/os/rt/include/chmtx.h"
 923              		.loc 6 129 20 view .LVU272
 924              	.LBB182:
 925              		.loc 6 131 3 view .LVU273
 926 003e FFF7FEFF 		bl	chDbgCheckClassS
 927              	.LVL63:
 928              		.loc 6 133 3 view .LVU274
 929              	.LBB183:
 930              	.LBI183:
 931              		.loc 2 629 20 view .LVU275
 932              	.LBB184:
 933              		.loc 2 631 3 view .LVU276
 934              		.loc 2 631 3 is_stmt 0 view .LVU277
 935              	.LBE184:
 936              	.LBE183:
 937              	.LBE182:
 938              	.LBE181:
 939              		.loc 1 347 8 discriminator 1 view .LVU278
 940 0042 2B68     		ldr	r3, [r5]
 941 0044 9D42     		cmp	r5, r3
 942 0046 33D0     		beq	.L60
 943              	.LBB185:
 944              		.loc 1 348 7 is_stmt 1 view .LVU279
 945              		.loc 1 352 7 view .LVU280
 946              		.loc 1 352 15 is_stmt 0 view .LVU281
 947 0048 D7E90946 		ldrd	r4, r6, [r7, #36]
 948              	.LVL64:
 949              		.loc 1 353 7 is_stmt 1 view .LVU282
 950              		.loc 1 354 7 view .LVU283
 951              		.loc 1 354 18 view .LVU284
 952 004c 5CB1     		cbz	r4, .L61
 953              	.L63:
 954              		.loc 1 358 9 view .LVU285
 955              	.LVL65:
 956              	.LBB186:
 957              	.LBI186:
 958              		.loc 6 129 20 view .LVU286
 959              	.LBB187:
 960              		.loc 6 131 3 view .LVU287
 961 004e FFF7FEFF 		bl	chDbgCheckClassS
 962              	.LVL66:
 963              		.loc 6 133 3 view .LVU288
 964              	.LBB188:
 965              	.LBI188:
 966              		.loc 2 629 20 view .LVU289
 967              	.LBB189:
 968              		.loc 2 631 3 view .LVU290
 969              		.loc 2 631 20 is_stmt 0 view .LVU291
ARM GAS  /tmp/ccGVB6Hk.s 			page 18


 970 0052 2368     		ldr	r3, [r4]
 971              	.LVL67:
 972              		.loc 2 631 20 view .LVU292
 973              	.LBE189:
 974              	.LBE188:
 975              	.LBE187:
 976              	.LBE186:
 977              		.loc 1 358 12 discriminator 1 view .LVU293
 978 0054 9C42     		cmp	r4, r3
 979 0056 03D0     		beq	.L62
 980              		.loc 1 358 38 discriminator 1 view .LVU294
 981 0058 9B68     		ldr	r3, [r3, #8]
 982 005a 9E42     		cmp	r6, r3
 983 005c 38BF     		it	cc
 984 005e 1E46     		movcc	r6, r3
 985              	.LVL68:
 986              	.L62:
 987              		.loc 1 362 9 is_stmt 1 view .LVU295
 988              		.loc 1 362 13 is_stmt 0 view .LVU296
 989 0060 E468     		ldr	r4, [r4, #12]
 990              	.LVL69:
 991              		.loc 1 354 18 is_stmt 1 view .LVU297
 992 0062 002C     		cmp	r4, #0
 993 0064 F3D1     		bne	.L63
 994              	.L61:
 995              		.loc 1 367 7 view .LVU298
 996              		.loc 1 367 19 is_stmt 0 view .LVU299
 997 0066 BE60     		str	r6, [r7, #8]
 998              		.loc 1 374 7 is_stmt 1 view .LVU300
 999              		.loc 1 374 12 is_stmt 0 view .LVU301
 1000 0068 2846     		mov	r0, r5
 1001 006a FFF7FEFF 		bl	queue_fifo_remove
 1002              	.LVL70:
 1003              		.loc 1 375 7 is_stmt 1 view .LVU302
 1004              		.loc 1 376 18 is_stmt 0 view .LVU303
 1005 006e 426A     		ldr	r2, [r0, #36]
 1006 0070 EA60     		str	r2, [r5, #12]
 1007              		.loc 1 375 19 view .LVU304
 1008 0072 A860     		str	r0, [r5, #8]
 1009              		.loc 1 376 7 is_stmt 1 view .LVU305
 1010              		.loc 1 377 7 view .LVU306
 1011              		.loc 1 377 21 is_stmt 0 view .LVU307
 1012 0074 4562     		str	r5, [r0, #36]
 1013              		.loc 1 383 7 is_stmt 1 view .LVU308
 1014              		.loc 1 383 14 is_stmt 0 view .LVU309
 1015 0076 FFF7FEFF 		bl	chSchReadyI
 1016              	.LVL71:
 1017              		.loc 1 384 7 is_stmt 1 view .LVU310
 1018 007a FFF7FEFF 		bl	chSchRescheduleS
 1019              	.LVL72:
 1020              	.L64:
 1021              		.loc 1 384 7 is_stmt 0 view .LVU311
 1022              	.LBE185:
 1023              		.loc 1 393 3 is_stmt 1 view .LVU312
 1024              	.LBB190:
 1025              	.LBI190:
 1026              		.loc 3 358 20 view .LVU313
ARM GAS  /tmp/ccGVB6Hk.s 			page 19


 1027              	.LBB191:
 1028              		.loc 3 360 3 view .LVU314
 1029 007e FFF7FEFF 		bl	_dbg_check_unlock
 1030              	.LVL73:
 1031              		.loc 3 361 33 view .LVU315
 1032              		.loc 3 367 3 view .LVU316
 1033              		.loc 3 367 3 view .LVU317
 1034              		.loc 3 367 3 discriminator 1 view .LVU318
 1035 0082 D8F80030 		ldr	r3, [r8]
 1036 0086 4345     		cmp	r3, r8
 1037 0088 05D0     		beq	.L65
 1038              		.loc 3 367 3 is_stmt 0 discriminator 3 view .LVU319
 1039 008a D8F81820 		ldr	r2, [r8, #24]
 1040 008e 9B68     		ldr	r3, [r3, #8]
 1041 0090 9268     		ldr	r2, [r2, #8]
 1042 0092 9A42     		cmp	r2, r3
 1043 0094 04D3     		bcc	.L73
 1044              	.L65:
 1045              		.loc 3 367 3 is_stmt 1 discriminator 7 view .LVU320
 1046              		.loc 3 371 3 view .LVU321
 1047              	.LBB192:
 1048              	.LBI192:
 1049              		.loc 4 458 20 view .LVU322
 1050              		.loc 4 461 3 view .LVU323
 1051              	.LVL74:
 1052              	.LBB193:
 1053              	.LBI193:
 1054              		.loc 5 544 57 view .LVU324
 1055              	.LBB194:
 1056              		.loc 5 546 3 view .LVU325
 1057 0096 0023     		movs	r3, #0
 1058              		.syntax unified
 1059              	@ 546 "../RC_Controller/ChibiOS_3.0.5/os/ext/CMSIS/include/core_cmFunc.h" 1
 1060 0098 83F31188 		MSR basepri, r3
 1061              	@ 0 "" 2
 1062              	.LVL75:
 1063              		.loc 5 546 3 is_stmt 0 view .LVU326
 1064              		.thumb
 1065              		.syntax unified
 1066              	.LBE194:
 1067              	.LBE193:
 1068              	.LBE192:
 1069              	.LBE191:
 1070              	.LBE190:
 1071              		.loc 1 394 1 view .LVU327
 1072 009c BDE8F081 		pop	{r4, r5, r6, r7, r8, pc}
 1073              	.LVL76:
 1074              	.L73:
 1075              	.LBB199:
 1076              	.LBB198:
 1077              		.loc 3 367 3 is_stmt 1 discriminator 5 view .LVU328
 1078 00a0 0A48     		ldr	r0, .L74+4
 1079 00a2 FFF7FEFF 		bl	chSysHalt
 1080              	.LVL77:
 1081              		.loc 3 367 3 discriminator 7 view .LVU329
 1082              		.loc 3 371 3 view .LVU330
 1083              	.LBB197:
ARM GAS  /tmp/ccGVB6Hk.s 			page 20


 1084              		.loc 4 458 20 view .LVU331
 1085              		.loc 4 461 3 view .LVU332
 1086              	.LBB196:
 1087              		.loc 5 544 57 view .LVU333
 1088              	.LBB195:
 1089              		.loc 5 546 3 view .LVU334
 1090 00a6 0023     		movs	r3, #0
 1091              		.syntax unified
 1092              	@ 546 "../RC_Controller/ChibiOS_3.0.5/os/ext/CMSIS/include/core_cmFunc.h" 1
 1093 00a8 83F31188 		MSR basepri, r3
 1094              	@ 0 "" 2
 1095              	.LVL78:
 1096              		.loc 5 546 3 is_stmt 0 view .LVU335
 1097              		.thumb
 1098              		.syntax unified
 1099              	.LBE195:
 1100              	.LBE196:
 1101              	.LBE197:
 1102              	.LBE198:
 1103              	.LBE199:
 1104              		.loc 1 394 1 view .LVU336
 1105 00ac BDE8F081 		pop	{r4, r5, r6, r7, r8, pc}
 1106              	.LVL79:
 1107              	.L60:
 1108              		.loc 1 387 7 is_stmt 1 view .LVU337
 1109              		.loc 1 387 19 is_stmt 0 view .LVU338
 1110 00b0 0023     		movs	r3, #0
 1111 00b2 AB60     		str	r3, [r5, #8]
 1112 00b4 E3E7     		b	.L64
 1113              	.L72:
 1114              		.loc 1 331 3 is_stmt 1 discriminator 3 view .LVU339
 1115 00b6 0448     		ldr	r0, .L74
 1116 00b8 FFF7FEFF 		bl	chSysHalt
 1117              	.LVL80:
 1118              		.loc 1 332 3 is_stmt 0 discriminator 1 view .LVU340
 1119 00bc 7B6A     		ldr	r3, [r7, #36]
 1120 00be B0E7     		b	.L57
 1121              	.LVL81:
 1122              	.L71:
 1123              		.loc 1 327 3 is_stmt 1 discriminator 3 view .LVU341
 1124 00c0 0148     		ldr	r0, .L74
 1125              	.LVL82:
 1126              		.loc 1 327 3 is_stmt 0 discriminator 3 view .LVU342
 1127 00c2 FFF7FEFF 		bl	chSysHalt
 1128              	.LVL83:
 1129 00c6 A4E7     		b	.L56
 1130              	.L75:
 1131              		.align	2
 1132              	.L74:
 1133 00c8 00000000 		.word	__func__.1
 1134 00cc 00000000 		.word	__func__.4
 1135 00d0 00000000 		.word	ch
 1136              		.cfi_endproc
 1137              	.LFE191:
 1138              		.size	chMtxUnlock, .-chMtxUnlock
 1139              		.section	.text.chMtxUnlockS,"ax",%progbits
 1140              		.align	1
ARM GAS  /tmp/ccGVB6Hk.s 			page 21


 1141              		.p2align 4,,15
 1142              		.global	chMtxUnlockS
 1143              		.syntax unified
 1144              		.thumb
 1145              		.thumb_func
 1146              		.type	chMtxUnlockS, %function
 1147              	chMtxUnlockS:
 1148              	.LVL84:
 1149              	.LFB192:
 1150              		.loc 1 410 32 is_stmt 1 view -0
 1151              		.cfi_startproc
 1152              		@ args = 0, pretend = 0, frame = 0
 1153              		@ frame_needed = 0, uses_anonymous_args = 0
 1154              		.loc 1 411 3 view .LVU344
 1155              		.loc 1 410 32 is_stmt 0 view .LVU345
 1156 0000 F8B5     		push	{r3, r4, r5, r6, r7, lr}
 1157              		.cfi_def_cfa_offset 24
 1158              		.cfi_offset 3, -24
 1159              		.cfi_offset 4, -20
 1160              		.cfi_offset 5, -16
 1161              		.cfi_offset 6, -12
 1162              		.cfi_offset 7, -8
 1163              		.cfi_offset 14, -4
 1164              		.loc 1 411 13 view .LVU346
 1165 0002 224B     		ldr	r3, .L92
 1166              		.loc 1 410 32 view .LVU347
 1167 0004 0546     		mov	r5, r0
 1168              		.loc 1 411 13 view .LVU348
 1169 0006 9F69     		ldr	r7, [r3, #24]
 1170              	.LVL85:
 1171              		.loc 1 412 3 is_stmt 1 view .LVU349
 1172              		.loc 1 414 3 view .LVU350
 1173 0008 FFF7FEFF 		bl	chDbgCheckClassS
 1174              	.LVL86:
 1175              		.loc 1 415 3 view .LVU351
 1176              		.loc 1 415 3 view .LVU352
 1177              		.loc 1 415 3 discriminator 1 view .LVU353
 1178 000c 002D     		cmp	r5, #0
 1179 000e 38D0     		beq	.L90
 1180              	.L77:
 1181              		.loc 1 415 3 discriminator 5 view .LVU354
 1182              		.loc 1 417 3 view .LVU355
 1183              		.loc 1 417 3 view .LVU356
 1184              		.loc 1 417 3 discriminator 1 view .LVU357
 1185 0010 7B6A     		ldr	r3, [r7, #36]
 1186 0012 002B     		cmp	r3, #0
 1187 0014 30D0     		beq	.L91
 1188              	.L78:
 1189              		.loc 1 417 3 discriminator 5 view .LVU358
 1190              		.loc 1 418 3 view .LVU359
 1191              		.loc 1 418 3 view .LVU360
 1192              		.loc 1 418 3 discriminator 1 view .LVU361
 1193 0016 9A68     		ldr	r2, [r3, #8]
 1194 0018 BA42     		cmp	r2, r7
 1195 001a 03D0     		beq	.L79
 1196              		.loc 1 418 3 discriminator 3 view .LVU362
 1197 001c 1C48     		ldr	r0, .L92+4
ARM GAS  /tmp/ccGVB6Hk.s 			page 22


 1198 001e FFF7FEFF 		bl	chSysHalt
 1199              	.LVL87:
 1200              		.loc 1 425 5 is_stmt 0 discriminator 1 view .LVU363
 1201 0022 7B6A     		ldr	r3, [r7, #36]
 1202              	.L79:
 1203              		.loc 1 418 3 is_stmt 1 discriminator 5 view .LVU364
 1204              		.loc 1 425 5 view .LVU365
 1205              		.loc 1 425 5 view .LVU366
 1206              		.loc 1 425 5 discriminator 1 view .LVU367
 1207 0024 9D42     		cmp	r5, r3
 1208 0026 02D0     		beq	.L80
 1209              		.loc 1 425 5 discriminator 3 view .LVU368
 1210 0028 1948     		ldr	r0, .L92+4
 1211 002a FFF7FEFF 		bl	chSysHalt
 1212              	.LVL88:
 1213              	.L80:
 1214              		.loc 1 425 5 discriminator 5 view .LVU369
 1215              		.loc 1 430 5 view .LVU370
 1216              		.loc 1 430 20 is_stmt 0 view .LVU371
 1217 002e EB68     		ldr	r3, [r5, #12]
 1218 0030 7B62     		str	r3, [r7, #36]
 1219              		.loc 1 433 5 is_stmt 1 view .LVU372
 1220              	.LVL89:
 1221              	.LBB200:
 1222              	.LBI200:
 1223              		.loc 6 129 20 view .LVU373
 1224              	.LBB201:
 1225              		.loc 6 131 3 view .LVU374
 1226 0032 FFF7FEFF 		bl	chDbgCheckClassS
 1227              	.LVL90:
 1228              		.loc 6 133 3 view .LVU375
 1229              	.LBB202:
 1230              	.LBI202:
 1231              		.loc 2 629 20 view .LVU376
 1232              	.LBB203:
 1233              		.loc 2 631 3 view .LVU377
 1234              		.loc 2 631 3 is_stmt 0 view .LVU378
 1235              	.LBE203:
 1236              	.LBE202:
 1237              	.LBE201:
 1238              	.LBE200:
 1239              		.loc 1 433 8 discriminator 1 view .LVU379
 1240 0036 2B68     		ldr	r3, [r5]
 1241 0038 9D42     		cmp	r5, r3
 1242 003a 1AD0     		beq	.L81
 1243              	.LBB204:
 1244              		.loc 1 434 7 is_stmt 1 view .LVU380
 1245              		.loc 1 438 7 view .LVU381
 1246              		.loc 1 438 15 is_stmt 0 view .LVU382
 1247 003c D7E90946 		ldrd	r4, r6, [r7, #36]
 1248              	.LVL91:
 1249              		.loc 1 439 7 is_stmt 1 view .LVU383
 1250              		.loc 1 440 7 view .LVU384
 1251              		.loc 1 440 18 view .LVU385
 1252 0040 5CB1     		cbz	r4, .L82
 1253              	.L84:
 1254              		.loc 1 444 9 view .LVU386
ARM GAS  /tmp/ccGVB6Hk.s 			page 23


 1255              	.LVL92:
 1256              	.LBB205:
 1257              	.LBI205:
 1258              		.loc 6 129 20 view .LVU387
 1259              	.LBB206:
 1260              		.loc 6 131 3 view .LVU388
 1261 0042 FFF7FEFF 		bl	chDbgCheckClassS
 1262              	.LVL93:
 1263              		.loc 6 133 3 view .LVU389
 1264              	.LBB207:
 1265              	.LBI207:
 1266              		.loc 2 629 20 view .LVU390
 1267              	.LBB208:
 1268              		.loc 2 631 3 view .LVU391
 1269              		.loc 2 631 20 is_stmt 0 view .LVU392
 1270 0046 2368     		ldr	r3, [r4]
 1271              	.LVL94:
 1272              		.loc 2 631 20 view .LVU393
 1273              	.LBE208:
 1274              	.LBE207:
 1275              	.LBE206:
 1276              	.LBE205:
 1277              		.loc 1 444 12 discriminator 1 view .LVU394
 1278 0048 9C42     		cmp	r4, r3
 1279 004a 03D0     		beq	.L83
 1280              		.loc 1 444 38 discriminator 1 view .LVU395
 1281 004c 9B68     		ldr	r3, [r3, #8]
 1282 004e 9E42     		cmp	r6, r3
 1283 0050 38BF     		it	cc
 1284 0052 1E46     		movcc	r6, r3
 1285              	.LVL95:
 1286              	.L83:
 1287              		.loc 1 448 9 is_stmt 1 view .LVU396
 1288              		.loc 1 448 13 is_stmt 0 view .LVU397
 1289 0054 E468     		ldr	r4, [r4, #12]
 1290              	.LVL96:
 1291              		.loc 1 440 18 is_stmt 1 view .LVU398
 1292 0056 002C     		cmp	r4, #0
 1293 0058 F3D1     		bne	.L84
 1294              	.L82:
 1295              		.loc 1 453 7 view .LVU399
 1296              		.loc 1 453 19 is_stmt 0 view .LVU400
 1297 005a BE60     		str	r6, [r7, #8]
 1298              		.loc 1 460 7 is_stmt 1 view .LVU401
 1299              		.loc 1 460 12 is_stmt 0 view .LVU402
 1300 005c 2846     		mov	r0, r5
 1301 005e FFF7FEFF 		bl	queue_fifo_remove
 1302              	.LVL97:
 1303              		.loc 1 461 7 is_stmt 1 view .LVU403
 1304              		.loc 1 462 18 is_stmt 0 view .LVU404
 1305 0062 426A     		ldr	r2, [r0, #36]
 1306              		.loc 1 461 19 view .LVU405
 1307 0064 A860     		str	r0, [r5, #8]
 1308              		.loc 1 462 7 is_stmt 1 view .LVU406
 1309              		.loc 1 462 18 is_stmt 0 view .LVU407
 1310 0066 EA60     		str	r2, [r5, #12]
 1311              		.loc 1 463 7 is_stmt 1 view .LVU408
ARM GAS  /tmp/ccGVB6Hk.s 			page 24


 1312              		.loc 1 463 21 is_stmt 0 view .LVU409
 1313 0068 4562     		str	r5, [r0, #36]
 1314              		.loc 1 464 7 is_stmt 1 view .LVU410
 1315              	.LBE204:
 1316              		.loc 1 472 1 is_stmt 0 view .LVU411
 1317 006a BDE8F840 		pop	{r3, r4, r5, r6, r7, lr}
 1318              		.cfi_remember_state
 1319              		.cfi_restore 14
 1320              		.cfi_restore 7
 1321              		.cfi_restore 6
 1322              		.cfi_restore 5
 1323              		.cfi_restore 4
 1324              		.cfi_restore 3
 1325              		.cfi_def_cfa_offset 0
 1326              	.LVL98:
 1327              	.LBB209:
 1328              		.loc 1 464 14 view .LVU412
 1329 006e FFF7FEBF 		b	chSchReadyI
 1330              	.LVL99:
 1331              	.L81:
 1332              		.cfi_restore_state
 1333              		.loc 1 464 14 view .LVU413
 1334              	.LBE209:
 1335              		.loc 1 467 7 is_stmt 1 view .LVU414
 1336              		.loc 1 467 19 is_stmt 0 view .LVU415
 1337 0072 0023     		movs	r3, #0
 1338 0074 AB60     		str	r3, [r5, #8]
 1339              		.loc 1 472 1 view .LVU416
 1340 0076 F8BD     		pop	{r3, r4, r5, r6, r7, pc}
 1341              	.LVL100:
 1342              	.L91:
 1343              		.loc 1 417 3 is_stmt 1 discriminator 3 view .LVU417
 1344 0078 0548     		ldr	r0, .L92+4
 1345 007a FFF7FEFF 		bl	chSysHalt
 1346              	.LVL101:
 1347              		.loc 1 418 3 is_stmt 0 discriminator 1 view .LVU418
 1348 007e 7B6A     		ldr	r3, [r7, #36]
 1349 0080 C9E7     		b	.L78
 1350              	.L90:
 1351              		.loc 1 415 3 is_stmt 1 discriminator 3 view .LVU419
 1352 0082 0348     		ldr	r0, .L92+4
 1353 0084 FFF7FEFF 		bl	chSysHalt
 1354              	.LVL102:
 1355 0088 C2E7     		b	.L77
 1356              	.L93:
 1357 008a 00BF     		.align	2
 1358              	.L92:
 1359 008c 00000000 		.word	ch
 1360 0090 00000000 		.word	__func__.0
 1361              		.cfi_endproc
 1362              	.LFE192:
 1363              		.size	chMtxUnlockS, .-chMtxUnlockS
 1364              		.section	.text.chMtxUnlockAll,"ax",%progbits
 1365              		.align	1
 1366              		.p2align 4,,15
 1367              		.global	chMtxUnlockAll
 1368              		.syntax unified
ARM GAS  /tmp/ccGVB6Hk.s 			page 25


 1369              		.thumb
 1370              		.thumb_func
 1371              		.type	chMtxUnlockAll, %function
 1372              	chMtxUnlockAll:
 1373              	.LFB193:
 1374              		.loc 1 485 27 view -0
 1375              		.cfi_startproc
 1376              		@ args = 0, pretend = 0, frame = 0
 1377              		@ frame_needed = 0, uses_anonymous_args = 0
 1378              		.loc 1 486 3 view .LVU421
 1379              		.loc 1 485 27 is_stmt 0 view .LVU422
 1380 0000 F8B5     		push	{r3, r4, r5, r6, r7, lr}
 1381              		.cfi_def_cfa_offset 24
 1382              		.cfi_offset 3, -24
 1383              		.cfi_offset 4, -20
 1384              		.cfi_offset 5, -16
 1385              		.cfi_offset 6, -12
 1386              		.cfi_offset 7, -8
 1387              		.cfi_offset 14, -4
 1388              		.loc 1 486 13 view .LVU423
 1389 0002 1D4E     		ldr	r6, .L108
 1390              	.LBB226:
 1391              	.LBB227:
 1392              	.LBB228:
 1393              	.LBB229:
 1394              	.LBB230:
 1395              		.loc 5 546 3 view .LVU424
 1396 0004 2023     		movs	r3, #32
 1397              	.LBE230:
 1398              	.LBE229:
 1399              	.LBE228:
 1400              	.LBE227:
 1401              	.LBE226:
 1402              		.loc 1 486 13 view .LVU425
 1403 0006 B569     		ldr	r5, [r6, #24]
 1404              	.LVL103:
 1405              		.loc 1 488 3 is_stmt 1 view .LVU426
 1406              	.LBB235:
 1407              	.LBI226:
 1408              		.loc 3 346 20 view .LVU427
 1409              	.LBB234:
 1410              		.loc 3 348 3 view .LVU428
 1411              	.LBB233:
 1412              	.LBI228:
 1413              		.loc 4 444 20 view .LVU429
 1414              		.loc 4 447 3 view .LVU430
 1415              	.LBB232:
 1416              	.LBI229:
 1417              		.loc 5 544 57 view .LVU431
 1418              	.LBB231:
 1419              		.loc 5 546 3 view .LVU432
 1420              		.syntax unified
 1421              	@ 546 "../RC_Controller/ChibiOS_3.0.5/os/ext/CMSIS/include/core_cmFunc.h" 1
 1422 0008 83F31188 		MSR basepri, r3
 1423              	@ 0 "" 2
 1424              	.LVL104:
 1425              		.loc 5 546 3 is_stmt 0 view .LVU433
ARM GAS  /tmp/ccGVB6Hk.s 			page 26


 1426              		.thumb
 1427              		.syntax unified
 1428              	.LBE231:
 1429              	.LBE232:
 1430              	.LBE233:
 1431              		.loc 3 349 34 is_stmt 1 view .LVU434
 1432              		.loc 3 350 3 view .LVU435
 1433 000c FFF7FEFF 		bl	_dbg_check_lock
 1434              	.LVL105:
 1435              	.LBE234:
 1436              	.LBE235:
 1437              		.loc 1 489 3 view .LVU436
 1438              		.loc 1 489 10 is_stmt 0 view .LVU437
 1439 0010 6C6A     		ldr	r4, [r5, #36]
 1440              		.loc 1 489 6 view .LVU438
 1441 0012 DCB1     		cbz	r4, .L95
 1442              	.LBB236:
 1443              		.loc 1 507 21 view .LVU439
 1444 0014 0027     		movs	r7, #0
 1445 0016 09E0     		b	.L98
 1446              	.LVL106:
 1447              	.L106:
 1448              	.LBB237:
 1449              		.loc 1 497 24 view .LVU440
 1450 0018 FFF7FEFF 		bl	queue_fifo_remove
 1451              	.LVL107:
 1452              		.loc 1 498 9 is_stmt 1 view .LVU441
 1453              		.loc 1 499 20 is_stmt 0 view .LVU442
 1454 001c 426A     		ldr	r2, [r0, #36]
 1455              		.loc 1 498 21 view .LVU443
 1456 001e A060     		str	r0, [r4, #8]
 1457              		.loc 1 499 9 is_stmt 1 view .LVU444
 1458              		.loc 1 499 20 is_stmt 0 view .LVU445
 1459 0020 E260     		str	r2, [r4, #12]
 1460              		.loc 1 500 9 is_stmt 1 view .LVU446
 1461              		.loc 1 500 23 is_stmt 0 view .LVU447
 1462 0022 4462     		str	r4, [r0, #36]
 1463              		.loc 1 501 9 is_stmt 1 view .LVU448
 1464              		.loc 1 501 16 is_stmt 0 view .LVU449
 1465 0024 FFF7FEFF 		bl	chSchReadyI
 1466              	.LVL108:
 1467              		.loc 1 501 16 view .LVU450
 1468              	.LBE237:
 1469              	.LBE236:
 1470              		.loc 1 509 29 is_stmt 1 view .LVU451
 1471              		.loc 1 509 17 is_stmt 0 view .LVU452
 1472 0028 6C6A     		ldr	r4, [r5, #36]
 1473              		.loc 1 509 29 view .LVU453
 1474 002a 5CB1     		cbz	r4, .L105
 1475              	.LVL109:
 1476              	.L98:
 1477              		.loc 1 490 5 is_stmt 1 view .LVU454
 1478              	.LBB244:
 1479              		.loc 1 491 7 view .LVU455
 1480              		.loc 1 492 7 view .LVU456
 1481              		.loc 1 492 22 is_stmt 0 view .LVU457
 1482 002c E368     		ldr	r3, [r4, #12]
ARM GAS  /tmp/ccGVB6Hk.s 			page 27


 1483 002e 6B62     		str	r3, [r5, #36]
 1484              	.LVL110:
 1485              		.loc 1 493 7 is_stmt 1 view .LVU458
 1486              	.LBB238:
 1487              	.LBI238:
 1488              		.loc 6 129 20 view .LVU459
 1489              	.LBB239:
 1490              		.loc 6 131 3 view .LVU460
 1491 0030 FFF7FEFF 		bl	chDbgCheckClassS
 1492              	.LVL111:
 1493              		.loc 6 133 3 view .LVU461
 1494              	.LBB240:
 1495              	.LBI240:
 1496              		.loc 2 629 20 view .LVU462
 1497              	.LBB241:
 1498              		.loc 2 631 3 view .LVU463
 1499              		.loc 2 631 3 is_stmt 0 view .LVU464
 1500              	.LBE241:
 1501              	.LBE240:
 1502              	.LBE239:
 1503              	.LBE238:
 1504              	.LBB242:
 1505              		.loc 1 497 9 is_stmt 1 view .LVU465
 1506              	.LBE242:
 1507              		.loc 1 507 9 view .LVU466
 1508              		.loc 1 493 10 is_stmt 0 discriminator 1 view .LVU467
 1509 0034 2368     		ldr	r3, [r4]
 1510 0036 9C42     		cmp	r4, r3
 1511              	.LBB243:
 1512              		.loc 1 497 24 view .LVU468
 1513 0038 2046     		mov	r0, r4
 1514              	.LBE243:
 1515              		.loc 1 493 10 discriminator 1 view .LVU469
 1516 003a EDD1     		bne	.L106
 1517              		.loc 1 507 21 view .LVU470
 1518 003c A760     		str	r7, [r4, #8]
 1519              	.LBE244:
 1520              		.loc 1 509 29 is_stmt 1 view .LVU471
 1521              		.loc 1 509 17 is_stmt 0 view .LVU472
 1522 003e 6C6A     		ldr	r4, [r5, #36]
 1523              		.loc 1 509 29 view .LVU473
 1524 0040 002C     		cmp	r4, #0
 1525 0042 F3D1     		bne	.L98
 1526              	.L105:
 1527              		.loc 1 510 5 is_stmt 1 view .LVU474
 1528              		.loc 1 510 17 is_stmt 0 view .LVU475
 1529 0044 AB6A     		ldr	r3, [r5, #40]
 1530 0046 AB60     		str	r3, [r5, #8]
 1531              		.loc 1 511 5 is_stmt 1 view .LVU476
 1532 0048 FFF7FEFF 		bl	chSchRescheduleS
 1533              	.LVL112:
 1534              	.L95:
 1535              		.loc 1 513 3 view .LVU477
 1536              	.LBB245:
 1537              	.LBI245:
 1538              		.loc 3 358 20 view .LVU478
 1539              	.LBB246:
ARM GAS  /tmp/ccGVB6Hk.s 			page 28


 1540              		.loc 3 360 3 view .LVU479
 1541 004c FFF7FEFF 		bl	_dbg_check_unlock
 1542              	.LVL113:
 1543              		.loc 3 361 33 view .LVU480
 1544              		.loc 3 367 3 view .LVU481
 1545              		.loc 3 367 3 view .LVU482
 1546              		.loc 3 367 3 discriminator 1 view .LVU483
 1547 0050 3368     		ldr	r3, [r6]
 1548 0052 B342     		cmp	r3, r6
 1549 0054 04D0     		beq	.L99
 1550              		.loc 3 367 3 is_stmt 0 discriminator 3 view .LVU484
 1551 0056 B269     		ldr	r2, [r6, #24]
 1552 0058 9B68     		ldr	r3, [r3, #8]
 1553 005a 9268     		ldr	r2, [r2, #8]
 1554 005c 9A42     		cmp	r2, r3
 1555 005e 03D3     		bcc	.L107
 1556              	.L99:
 1557              		.loc 3 367 3 is_stmt 1 discriminator 7 view .LVU485
 1558              		.loc 3 371 3 view .LVU486
 1559              	.LBB247:
 1560              	.LBI247:
 1561              		.loc 4 458 20 view .LVU487
 1562              		.loc 4 461 3 view .LVU488
 1563              	.LVL114:
 1564              	.LBB248:
 1565              	.LBI248:
 1566              		.loc 5 544 57 view .LVU489
 1567              	.LBB249:
 1568              		.loc 5 546 3 view .LVU490
 1569 0060 0023     		movs	r3, #0
 1570              		.syntax unified
 1571              	@ 546 "../RC_Controller/ChibiOS_3.0.5/os/ext/CMSIS/include/core_cmFunc.h" 1
 1572 0062 83F31188 		MSR basepri, r3
 1573              	@ 0 "" 2
 1574              	.LVL115:
 1575              		.loc 5 546 3 is_stmt 0 view .LVU491
 1576              		.thumb
 1577              		.syntax unified
 1578              	.LBE249:
 1579              	.LBE248:
 1580              	.LBE247:
 1581              	.LBE246:
 1582              	.LBE245:
 1583              		.loc 1 514 1 view .LVU492
 1584 0066 F8BD     		pop	{r3, r4, r5, r6, r7, pc}
 1585              	.LVL116:
 1586              	.L107:
 1587              	.LBB254:
 1588              	.LBB253:
 1589              		.loc 3 367 3 is_stmt 1 discriminator 5 view .LVU493
 1590 0068 0448     		ldr	r0, .L108+4
 1591 006a FFF7FEFF 		bl	chSysHalt
 1592              	.LVL117:
 1593              		.loc 3 367 3 discriminator 7 view .LVU494
 1594              		.loc 3 371 3 view .LVU495
 1595              	.LBB252:
 1596              		.loc 4 458 20 view .LVU496
ARM GAS  /tmp/ccGVB6Hk.s 			page 29


 1597              		.loc 4 461 3 view .LVU497
 1598              	.LBB251:
 1599              		.loc 5 544 57 view .LVU498
 1600              	.LBB250:
 1601              		.loc 5 546 3 view .LVU499
 1602 006e 0023     		movs	r3, #0
 1603              		.syntax unified
 1604              	@ 546 "../RC_Controller/ChibiOS_3.0.5/os/ext/CMSIS/include/core_cmFunc.h" 1
 1605 0070 83F31188 		MSR basepri, r3
 1606              	@ 0 "" 2
 1607              	.LVL118:
 1608              		.loc 5 546 3 is_stmt 0 view .LVU500
 1609              		.thumb
 1610              		.syntax unified
 1611              	.LBE250:
 1612              	.LBE251:
 1613              	.LBE252:
 1614              	.LBE253:
 1615              	.LBE254:
 1616              		.loc 1 514 1 view .LVU501
 1617 0074 F8BD     		pop	{r3, r4, r5, r6, r7, pc}
 1618              	.LVL119:
 1619              	.L109:
 1620              		.loc 1 514 1 view .LVU502
 1621 0076 00BF     		.align	2
 1622              	.L108:
 1623 0078 00000000 		.word	ch
 1624 007c 00000000 		.word	__func__.4
 1625              		.cfi_endproc
 1626              	.LFE193:
 1627              		.size	chMtxUnlockAll, .-chMtxUnlockAll
 1628              		.section	.rodata.__func__.0,"a"
 1629              		.align	2
 1630              		.type	__func__.0, %object
 1631              		.size	__func__.0, 13
 1632              	__func__.0:
 1633 0000 63684D74 		.ascii	"chMtxUnlockS\000"
 1633      78556E6C 
 1633      6F636B53 
 1633      00
 1634              		.section	.rodata.__func__.1,"a"
 1635              		.align	2
 1636              		.type	__func__.1, %object
 1637              		.size	__func__.1, 12
 1638              	__func__.1:
 1639 0000 63684D74 		.ascii	"chMtxUnlock\000"
 1639      78556E6C 
 1639      6F636B00 
 1640              		.section	.rodata.__func__.2,"a"
 1641              		.align	2
 1642              		.type	__func__.2, %object
 1643              		.size	__func__.2, 14
 1644              	__func__.2:
 1645 0000 63684D74 		.ascii	"chMtxTryLockS\000"
 1645      78547279 
 1645      4C6F636B 
 1645      5300
ARM GAS  /tmp/ccGVB6Hk.s 			page 30


 1646              		.section	.rodata.__func__.3,"a"
 1647              		.align	2
 1648              		.type	__func__.3, %object
 1649              		.size	__func__.3, 11
 1650              	__func__.3:
 1651 0000 63684D74 		.ascii	"chMtxLockS\000"
 1651      784C6F63 
 1651      6B5300
 1652              		.section	.rodata.__func__.4,"a"
 1653              		.align	2
 1654              		.type	__func__.4, %object
 1655              		.size	__func__.4, 12
 1656              	__func__.4:
 1657 0000 63685379 		.ascii	"chSysUnlock\000"
 1657      73556E6C 
 1657      6F636B00 
 1658              		.section	.rodata.__func__.5,"a"
 1659              		.align	2
 1660              		.type	__func__.5, %object
 1661              		.size	__func__.5, 16
 1662              	__func__.5:
 1663 0000 63684D74 		.ascii	"chMtxObjectInit\000"
 1663      784F626A 
 1663      65637449 
 1663      6E697400 
 1664              		.text
 1665              	.Letext0:
 1666              		.file 7 "/opt/arm-gnu-toolchain-13.2.Rel1-x86_64-arm-none-eabi/arm-none-eabi/include/machine/_defa
 1667              		.file 8 "/opt/arm-gnu-toolchain-13.2.Rel1-x86_64-arm-none-eabi/arm-none-eabi/include/sys/_stdint.h
 1668              		.file 9 "../RC_Controller/ChibiOS_3.0.5/os/rt/ports/ARMCMx/compilers/GCC/chtypes.h"
 1669              		.file 10 "../RC_Controller/ChibiOS_3.0.5/os/rt/include/chsystypes.h"
 1670              		.file 11 "../RC_Controller/ChibiOS_3.0.5/os/rt/ports/ARMCMx/chcore.h"
 1671              		.file 12 "../RC_Controller/ChibiOS_3.0.5/os/rt/include/chtm.h"
 1672              		.file 13 "../RC_Controller/ChibiOS_3.0.5/os/rt/include/chsem.h"
 1673              		.file 14 "../RC_Controller/ChibiOS_3.0.5/os/rt/include/chdebug.h"
 1674              		.section	.debug_info,"",%progbits
 1675              	.Ldebug_info0:
 1676 0000 C0120000 		.4byte	0x12c0
 1677 0004 0500     		.2byte	0x5
 1678 0006 01       		.byte	0x1
 1679 0007 04       		.byte	0x4
 1680 0008 00000000 		.4byte	.Ldebug_abbrev0
 1681 000c 2B       		.uleb128 0x2b
 1682 000d D4000000 		.4byte	.LASF122
 1683 0011 0C       		.byte	0xc
 1684 0012 34040000 		.4byte	.LASF123
 1685 0016 2E020000 		.4byte	.LASF124
 1686 001a 14010000 		.4byte	.LLRL62
 1687 001e 00000000 		.4byte	0
 1688 0022 00000000 		.4byte	.Ldebug_line0
 1689 0026 0A       		.uleb128 0xa
 1690 0027 08       		.byte	0x8
 1691 0028 07       		.byte	0x7
 1692 0029 67000000 		.4byte	.LASF0
 1693 002d 0A       		.uleb128 0xa
 1694 002e 04       		.byte	0x4
 1695 002f 07       		.byte	0x7
ARM GAS  /tmp/ccGVB6Hk.s 			page 31


 1696 0030 2A030000 		.4byte	.LASF1
 1697 0034 2C       		.uleb128 0x2c
 1698 0035 04       		.byte	0x4
 1699 0036 05       		.byte	0x5
 1700 0037 696E7400 		.ascii	"int\000"
 1701 003b 0A       		.uleb128 0xa
 1702 003c 01       		.byte	0x1
 1703 003d 06       		.byte	0x6
 1704 003e FD010000 		.4byte	.LASF2
 1705 0042 01       		.uleb128 0x1
 1706 0043 23000000 		.4byte	.LASF6
 1707 0047 07       		.byte	0x7
 1708 0048 2B       		.byte	0x2b
 1709 0049 18       		.byte	0x18
 1710 004a 4E000000 		.4byte	0x4e
 1711 004e 0A       		.uleb128 0xa
 1712 004f 01       		.byte	0x1
 1713 0050 08       		.byte	0x8
 1714 0051 FF040000 		.4byte	.LASF3
 1715 0055 0A       		.uleb128 0xa
 1716 0056 02       		.byte	0x2
 1717 0057 05       		.byte	0x5
 1718 0058 1F050000 		.4byte	.LASF4
 1719 005c 0A       		.uleb128 0xa
 1720 005d 02       		.byte	0x2
 1721 005e 07       		.byte	0x7
 1722 005f 55030000 		.4byte	.LASF5
 1723 0063 01       		.uleb128 0x1
 1724 0064 CF030000 		.4byte	.LASF7
 1725 0068 07       		.byte	0x7
 1726 0069 4D       		.byte	0x4d
 1727 006a 18       		.byte	0x18
 1728 006b 6F000000 		.4byte	0x6f
 1729 006f 0A       		.uleb128 0xa
 1730 0070 04       		.byte	0x4
 1731 0071 05       		.byte	0x5
 1732 0072 74020000 		.4byte	.LASF8
 1733 0076 01       		.uleb128 0x1
 1734 0077 FC050000 		.4byte	.LASF9
 1735 007b 07       		.byte	0x7
 1736 007c 4F       		.byte	0x4f
 1737 007d 19       		.byte	0x19
 1738 007e 82000000 		.4byte	0x82
 1739 0082 0A       		.uleb128 0xa
 1740 0083 04       		.byte	0x4
 1741 0084 07       		.byte	0x7
 1742 0085 AC050000 		.4byte	.LASF10
 1743 0089 0A       		.uleb128 0xa
 1744 008a 08       		.byte	0x8
 1745 008b 05       		.byte	0x5
 1746 008c EB020000 		.4byte	.LASF11
 1747 0090 01       		.uleb128 0x1
 1748 0091 A7040000 		.4byte	.LASF12
 1749 0095 07       		.byte	0x7
 1750 0096 69       		.byte	0x69
 1751 0097 19       		.byte	0x19
 1752 0098 26000000 		.4byte	0x26
ARM GAS  /tmp/ccGVB6Hk.s 			page 32


 1753 009c 01       		.uleb128 0x1
 1754 009d 62060000 		.4byte	.LASF13
 1755 00a1 08       		.byte	0x8
 1756 00a2 18       		.byte	0x18
 1757 00a3 13       		.byte	0x13
 1758 00a4 42000000 		.4byte	0x42
 1759 00a8 01       		.uleb128 0x1
 1760 00a9 F7040000 		.4byte	.LASF14
 1761 00ad 08       		.byte	0x8
 1762 00ae 2C       		.byte	0x2c
 1763 00af 13       		.byte	0x13
 1764 00b0 63000000 		.4byte	0x63
 1765 00b4 01       		.uleb128 0x1
 1766 00b5 88050000 		.4byte	.LASF15
 1767 00b9 08       		.byte	0x8
 1768 00ba 30       		.byte	0x30
 1769 00bb 14       		.byte	0x14
 1770 00bc 76000000 		.4byte	0x76
 1771 00c0 01       		.uleb128 0x1
 1772 00c1 1A000000 		.4byte	.LASF16
 1773 00c5 08       		.byte	0x8
 1774 00c6 3C       		.byte	0x3c
 1775 00c7 14       		.byte	0x14
 1776 00c8 90000000 		.4byte	0x90
 1777 00cc 01       		.uleb128 0x1
 1778 00cd E4030000 		.4byte	.LASF17
 1779 00d1 09       		.byte	0x9
 1780 00d2 45       		.byte	0x45
 1781 00d3 1D       		.byte	0x1d
 1782 00d4 B4000000 		.4byte	0xb4
 1783 00d8 01       		.uleb128 0x1
 1784 00d9 9B030000 		.4byte	.LASF18
 1785 00dd 09       		.byte	0x9
 1786 00de 48       		.byte	0x48
 1787 00df 1D       		.byte	0x1d
 1788 00e0 9C000000 		.4byte	0x9c
 1789 00e4 01       		.uleb128 0x1
 1790 00e5 8B020000 		.4byte	.LASF19
 1791 00e9 09       		.byte	0x9
 1792 00ea 49       		.byte	0x49
 1793 00eb 1D       		.byte	0x1d
 1794 00ec 9C000000 		.4byte	0x9c
 1795 00f0 01       		.uleb128 0x1
 1796 00f1 24020000 		.4byte	.LASF20
 1797 00f5 09       		.byte	0x9
 1798 00f6 4B       		.byte	0x4b
 1799 00f7 1D       		.byte	0x1d
 1800 00f8 9C000000 		.4byte	0x9c
 1801 00fc 01       		.uleb128 0x1
 1802 00fd C9040000 		.4byte	.LASF21
 1803 0101 09       		.byte	0x9
 1804 0102 4C       		.byte	0x4c
 1805 0103 1D       		.byte	0x1d
 1806 0104 B4000000 		.4byte	0xb4
 1807 0108 01       		.uleb128 0x1
 1808 0109 72030000 		.4byte	.LASF22
 1809 010d 09       		.byte	0x9
ARM GAS  /tmp/ccGVB6Hk.s 			page 33


 1810 010e 4D       		.byte	0x4d
 1811 010f 1D       		.byte	0x1d
 1812 0110 A8000000 		.4byte	0xa8
 1813 0114 01       		.uleb128 0x1
 1814 0115 17030000 		.4byte	.LASF23
 1815 0119 09       		.byte	0x9
 1816 011a 51       		.byte	0x51
 1817 011b 1D       		.byte	0x1d
 1818 011c A8000000 		.4byte	0xa8
 1819 0120 01       		.uleb128 0x1
 1820 0121 DE050000 		.4byte	.LASF24
 1821 0125 0A       		.byte	0xa
 1822 0126 33       		.byte	0x33
 1823 0127 12       		.byte	0x12
 1824 0128 B4000000 		.4byte	0xb4
 1825 012c 26       		.uleb128 0x26
 1826 012d 20010000 		.4byte	0x120
 1827 0131 01       		.uleb128 0x1
 1828 0132 C3050000 		.4byte	.LASF25
 1829 0136 0A       		.byte	0xa
 1830 0137 3F       		.byte	0x3f
 1831 0138 1A       		.byte	0x1a
 1832 0139 3D010000 		.4byte	0x13d
 1833 013d 13       		.uleb128 0x13
 1834 013e 68030000 		.4byte	.LASF40
 1835 0142 2C       		.byte	0x2c
 1836 0143 02       		.byte	0x2
 1837 0144 C2       		.byte	0xc2
 1838 0145 08       		.byte	0x8
 1839 0146 F5010000 		.4byte	0x1f5
 1840 014a 06       		.uleb128 0x6
 1841 014b 3A050000 		.4byte	.LASF26
 1842 014f 02       		.byte	0x2
 1843 0150 C3       		.byte	0xc3
 1844 0151 1A       		.byte	0x1a
 1845 0152 01020000 		.4byte	0x201
 1846 0156 00       		.byte	0
 1847 0157 06       		.uleb128 0x6
 1848 0158 C2040000 		.4byte	.LASF27
 1849 015c 02       		.byte	0x2
 1850 015d C5       		.byte	0xc5
 1851 015e 1A       		.byte	0x1a
 1852 015f 01020000 		.4byte	0x201
 1853 0163 04       		.byte	0x4
 1854 0164 06       		.uleb128 0x6
 1855 0165 C5000000 		.4byte	.LASF28
 1856 0169 02       		.byte	0x2
 1857 016a C7       		.byte	0xc7
 1858 016b 19       		.byte	0x19
 1859 016c FC000000 		.4byte	0xfc
 1860 0170 08       		.byte	0x8
 1861 0171 06       		.uleb128 0x6
 1862 0172 C6060000 		.4byte	.LASF29
 1863 0176 02       		.byte	0x2
 1864 0177 C8       		.byte	0xc8
 1865 0178 19       		.byte	0x19
 1866 0179 2E040000 		.4byte	0x42e
ARM GAS  /tmp/ccGVB6Hk.s 			page 34


 1867 017d 0C       		.byte	0xc
 1868 017e 06       		.uleb128 0x6
 1869 017f B1020000 		.4byte	.LASF30
 1870 0183 02       		.byte	0x2
 1871 0184 CA       		.byte	0xca
 1872 0185 1A       		.byte	0x1a
 1873 0186 01020000 		.4byte	0x201
 1874 018a 10       		.byte	0x10
 1875 018b 06       		.uleb128 0x6
 1876 018c 6F040000 		.4byte	.LASF31
 1877 0190 02       		.byte	0x2
 1878 0191 CB       		.byte	0xcb
 1879 0192 1A       		.byte	0x1a
 1880 0193 01020000 		.4byte	0x201
 1881 0197 14       		.byte	0x14
 1882 0198 06       		.uleb128 0x6
 1883 0199 83060000 		.4byte	.LASF32
 1884 019d 02       		.byte	0x2
 1885 019e D2       		.byte	0xd2
 1886 019f 1A       		.byte	0x1a
 1887 01a0 8A060000 		.4byte	0x68a
 1888 01a4 18       		.byte	0x18
 1889 01a5 06       		.uleb128 0x6
 1890 01a6 0D050000 		.4byte	.LASF33
 1891 01aa 02       		.byte	0x2
 1892 01ab DD       		.byte	0xdd
 1893 01ac 19       		.byte	0x19
 1894 01ad E4000000 		.4byte	0xe4
 1895 01b1 1C       		.byte	0x1c
 1896 01b2 06       		.uleb128 0x6
 1897 01b3 41050000 		.4byte	.LASF34
 1898 01b7 02       		.byte	0x2
 1899 01b8 E1       		.byte	0xe1
 1900 01b9 19       		.byte	0x19
 1901 01ba D8000000 		.4byte	0xd8
 1902 01be 1D       		.byte	0x1d
 1903 01bf 06       		.uleb128 0x6
 1904 01c0 29050000 		.4byte	.LASF35
 1905 01c4 02       		.byte	0x2
 1906 01c5 EC       		.byte	0xec
 1907 01c6 19       		.byte	0x19
 1908 01c7 F0000000 		.4byte	0xf0
 1909 01cb 1E       		.byte	0x1e
 1910 01cc 07       		.uleb128 0x7
 1911 01cd 705F7500 		.ascii	"p_u\000"
 1912 01d1 02       		.byte	0x2
 1913 01d2 3101     		.2byte	0x131
 1914 01d4 19       		.byte	0x19
 1915 01d5 CC050000 		.4byte	0x5cc
 1916 01d9 20       		.byte	0x20
 1917 01da 04       		.uleb128 0x4
 1918 01db 15050000 		.4byte	.LASF36
 1919 01df 4D01     		.2byte	0x14d
 1920 01e1 1A       		.byte	0x1a
 1921 01e2 85060000 		.4byte	0x685
 1922 01e6 24       		.byte	0x24
 1923 01e7 04       		.uleb128 0x4
ARM GAS  /tmp/ccGVB6Hk.s 			page 35


 1924 01e8 E8050000 		.4byte	.LASF37
 1925 01ec 5101     		.2byte	0x151
 1926 01ee 19       		.byte	0x19
 1927 01ef FC000000 		.4byte	0xfc
 1928 01f3 28       		.byte	0x28
 1929 01f4 00       		.byte	0
 1930 01f5 01       		.uleb128 0x1
 1931 01f6 EC030000 		.4byte	.LASF38
 1932 01fa 0A       		.byte	0xa
 1933 01fb 44       		.byte	0x44
 1934 01fc 14       		.byte	0x14
 1935 01fd 01020000 		.4byte	0x201
 1936 0201 0B       		.uleb128 0xb
 1937 0202 31010000 		.4byte	0x131
 1938 0206 01       		.uleb128 0x1
 1939 0207 3B060000 		.4byte	.LASF39
 1940 020b 0A       		.byte	0xa
 1941 020c 50       		.byte	0x50
 1942 020d 21       		.byte	0x21
 1943 020e 17020000 		.4byte	0x217
 1944 0212 12       		.uleb128 0x12
 1945 0213 06020000 		.4byte	0x206
 1946 0217 13       		.uleb128 0x13
 1947 0218 B4000000 		.4byte	.LASF41
 1948 021c 08       		.byte	0x8
 1949 021d 02       		.byte	0x2
 1950 021e B7       		.byte	0xb7
 1951 021f 08       		.byte	0x8
 1952 0220 3F020000 		.4byte	0x23f
 1953 0224 06       		.uleb128 0x6
 1954 0225 3A050000 		.4byte	.LASF26
 1955 0229 02       		.byte	0x2
 1956 022a B8       		.byte	0xb8
 1957 022b 1A       		.byte	0x1a
 1958 022c 01020000 		.4byte	0x201
 1959 0230 00       		.byte	0
 1960 0231 06       		.uleb128 0x6
 1961 0232 C2040000 		.4byte	.LASF27
 1962 0236 02       		.byte	0x2
 1963 0237 B9       		.byte	0xb9
 1964 0238 1A       		.byte	0x1a
 1965 0239 01020000 		.4byte	0x201
 1966 023d 04       		.byte	0x4
 1967 023e 00       		.byte	0
 1968 023f 01       		.uleb128 0x1
 1969 0240 00000000 		.4byte	.LASF42
 1970 0244 0A       		.byte	0xa
 1971 0245 57       		.byte	0x57
 1972 0246 1E       		.byte	0x1e
 1973 0247 4B020000 		.4byte	0x24b
 1974 024b 1A       		.uleb128 0x1a
 1975 024c B4030000 		.4byte	.LASF43
 1976 0250 1C       		.byte	0x1c
 1977 0251 9001     		.2byte	0x190
 1978 0253 A6020000 		.4byte	0x2a6
 1979 0257 04       		.uleb128 0x4
 1980 0258 98050000 		.4byte	.LASF44
ARM GAS  /tmp/ccGVB6Hk.s 			page 36


 1981 025c 9101     		.2byte	0x191
 1982 025e 19       		.byte	0x19
 1983 025f 06020000 		.4byte	0x206
 1984 0263 00       		.byte	0
 1985 0264 04       		.uleb128 0x4
 1986 0265 33050000 		.4byte	.LASF45
 1987 0269 9201     		.2byte	0x192
 1988 026b 19       		.byte	0x19
 1989 026c FC000000 		.4byte	0xfc
 1990 0270 08       		.byte	0x8
 1991 0271 04       		.uleb128 0x4
 1992 0272 77040000 		.4byte	.LASF46
 1993 0276 9401     		.2byte	0x194
 1994 0278 19       		.byte	0x19
 1995 0279 2E040000 		.4byte	0x42e
 1996 027d 0C       		.byte	0xc
 1997 027e 04       		.uleb128 0x4
 1998 027f D2020000 		.4byte	.LASF47
 1999 0283 9701     		.2byte	0x197
 2000 0285 1A       		.byte	0x1a
 2001 0286 01020000 		.4byte	0x201
 2002 028a 10       		.byte	0x10
 2003 028b 04       		.uleb128 0x4
 2004 028c 9F040000 		.4byte	.LASF48
 2005 0290 9801     		.2byte	0x198
 2006 0292 1A       		.byte	0x1a
 2007 0293 01020000 		.4byte	0x201
 2008 0297 14       		.byte	0x14
 2009 0298 04       		.uleb128 0x4
 2010 0299 95040000 		.4byte	.LASF49
 2011 029d 9B01     		.2byte	0x19b
 2012 029f 1A       		.byte	0x1a
 2013 02a0 01020000 		.4byte	0x201
 2014 02a4 18       		.byte	0x18
 2015 02a5 00       		.byte	0
 2016 02a6 01       		.uleb128 0x1
 2017 02a7 F3050000 		.4byte	.LASF50
 2018 02ab 0A       		.byte	0xa
 2019 02ac 5C       		.byte	0x5c
 2020 02ad 10       		.byte	0x10
 2021 02ae B2020000 		.4byte	0x2b2
 2022 02b2 0B       		.uleb128 0xb
 2023 02b3 B7020000 		.4byte	0x2b7
 2024 02b7 2D       		.uleb128 0x2d
 2025 02b8 C2020000 		.4byte	0x2c2
 2026 02bc 0F       		.uleb128 0xf
 2027 02bd C2020000 		.4byte	0x2c2
 2028 02c1 00       		.byte	0
 2029 02c2 2E       		.uleb128 0x2e
 2030 02c3 04       		.byte	0x4
 2031 02c4 01       		.uleb128 0x1
 2032 02c5 B2040000 		.4byte	.LASF51
 2033 02c9 0A       		.byte	0xa
 2034 02ca 61       		.byte	0x61
 2035 02cb 21       		.byte	0x21
 2036 02cc D0020000 		.4byte	0x2d0
 2037 02d0 1A       		.uleb128 0x1a
ARM GAS  /tmp/ccGVB6Hk.s 			page 37


 2038 02d1 5C050000 		.4byte	.LASF52
 2039 02d5 14       		.byte	0x14
 2040 02d6 6B01     		.2byte	0x16b
 2041 02d8 1E030000 		.4byte	0x31e
 2042 02dc 04       		.uleb128 0x4
 2043 02dd 37030000 		.4byte	.LASF53
 2044 02e1 6C01     		.2byte	0x16c
 2045 02e3 1A       		.byte	0x1a
 2046 02e4 A0060000 		.4byte	0x6a0
 2047 02e8 00       		.byte	0
 2048 02e9 04       		.uleb128 0x4
 2049 02ea E3020000 		.4byte	.LASF54
 2050 02ee 6D01     		.2byte	0x16d
 2051 02f0 1A       		.byte	0x1a
 2052 02f1 A0060000 		.4byte	0x6a0
 2053 02f5 04       		.byte	0x4
 2054 02f6 04       		.uleb128 0x4
 2055 02f7 46030000 		.4byte	.LASF55
 2056 02fb 6E01     		.2byte	0x16e
 2057 02fd 19       		.byte	0x19
 2058 02fe 20010000 		.4byte	0x120
 2059 0302 08       		.byte	0x8
 2060 0303 04       		.uleb128 0x4
 2061 0304 CC060000 		.4byte	.LASF56
 2062 0308 6F01     		.2byte	0x16f
 2063 030a 19       		.byte	0x19
 2064 030b A6020000 		.4byte	0x2a6
 2065 030f 0C       		.byte	0xc
 2066 0310 04       		.uleb128 0x4
 2067 0311 34060000 		.4byte	.LASF57
 2068 0315 7101     		.2byte	0x171
 2069 0317 1A       		.byte	0x1a
 2070 0318 C2020000 		.4byte	0x2c2
 2071 031c 10       		.byte	0x10
 2072 031d 00       		.byte	0
 2073 031e 01       		.uleb128 0x1
 2074 031f 92000000 		.4byte	.LASF58
 2075 0323 0A       		.byte	0xa
 2076 0324 66       		.byte	0x66
 2077 0325 28       		.byte	0x28
 2078 0326 2A030000 		.4byte	0x32a
 2079 032a 1A       		.uleb128 0x1a
 2080 032b 0F040000 		.4byte	.LASF59
 2081 032f 10       		.byte	0x10
 2082 0330 7B01     		.2byte	0x17b
 2083 0332 6B030000 		.4byte	0x36b
 2084 0336 04       		.uleb128 0x4
 2085 0337 37030000 		.4byte	.LASF53
 2086 033b 7C01     		.2byte	0x17c
 2087 033d 1A       		.byte	0x1a
 2088 033e A0060000 		.4byte	0x6a0
 2089 0342 00       		.byte	0
 2090 0343 04       		.uleb128 0x4
 2091 0344 E3020000 		.4byte	.LASF54
 2092 0348 7E01     		.2byte	0x17e
 2093 034a 1A       		.byte	0x1a
 2094 034b A0060000 		.4byte	0x6a0
ARM GAS  /tmp/ccGVB6Hk.s 			page 38


 2095 034f 04       		.byte	0x4
 2096 0350 04       		.uleb128 0x4
 2097 0351 46030000 		.4byte	.LASF55
 2098 0355 8001     		.2byte	0x180
 2099 0357 19       		.byte	0x19
 2100 0358 20010000 		.4byte	0x120
 2101 035c 08       		.byte	0x8
 2102 035d 04       		.uleb128 0x4
 2103 035e 8A060000 		.4byte	.LASF60
 2104 0362 8201     		.2byte	0x182
 2105 0364 19       		.byte	0x19
 2106 0365 2C010000 		.4byte	0x12c
 2107 0369 0C       		.byte	0xc
 2108 036a 00       		.byte	0
 2109 036b 01       		.uleb128 0x1
 2110 036c 39000000 		.4byte	.LASF61
 2111 0370 0A       		.byte	0xa
 2112 0371 6B       		.byte	0x6b
 2113 0372 20       		.byte	0x20
 2114 0373 77030000 		.4byte	0x377
 2115 0377 1A       		.uleb128 0x1a
 2116 0378 E1040000 		.4byte	.LASF62
 2117 037c 0C       		.byte	0xc
 2118 037d A201     		.2byte	0x1a2
 2119 037f AB030000 		.4byte	0x3ab
 2120 0383 04       		.uleb128 0x4
 2121 0384 1B060000 		.4byte	.LASF63
 2122 0388 AA01     		.2byte	0x1aa
 2123 038a 24       		.byte	0x24
 2124 038b 8F060000 		.4byte	0x68f
 2125 038f 00       		.byte	0
 2126 0390 04       		.uleb128 0x4
 2127 0391 54060000 		.4byte	.LASF64
 2128 0395 AF01     		.2byte	0x1af
 2129 0397 19       		.byte	0x19
 2130 0398 14010000 		.4byte	0x114
 2131 039c 04       		.byte	0x4
 2132 039d 04       		.uleb128 0x4
 2133 039e FF020000 		.4byte	.LASF65
 2134 03a2 B301     		.2byte	0x1b3
 2135 03a4 19       		.byte	0x19
 2136 03a5 14010000 		.4byte	0x114
 2137 03a9 08       		.byte	0x8
 2138 03aa 00       		.byte	0
 2139 03ab 01       		.uleb128 0x1
 2140 03ac 78030000 		.4byte	.LASF66
 2141 03b0 0A       		.byte	0xa
 2142 03b1 70       		.byte	0x70
 2143 03b2 1A       		.byte	0x1a
 2144 03b3 B7030000 		.4byte	0x3b7
 2145 03b7 2F       		.uleb128 0x2f
 2146 03b8 6A020000 		.4byte	.LASF67
 2147 03bc B001     		.2byte	0x1b0
 2148 03be 02       		.byte	0x2
 2149 03bf C201     		.2byte	0x1c2
 2150 03c1 08       		.byte	0x8
 2151 03c2 16040000 		.4byte	0x416
ARM GAS  /tmp/ccGVB6Hk.s 			page 39


 2152 03c6 04       		.uleb128 0x4
 2153 03c7 5C060000 		.4byte	.LASF68
 2154 03cb C601     		.2byte	0x1c6
 2155 03cd 19       		.byte	0x19
 2156 03ce 3F020000 		.4byte	0x23f
 2157 03d2 00       		.byte	0
 2158 03d3 04       		.uleb128 0x4
 2159 03d4 11020000 		.4byte	.LASF69
 2160 03d8 CA01     		.2byte	0x1ca
 2161 03da 19       		.byte	0x19
 2162 03db 1E030000 		.4byte	0x31e
 2163 03df 1C       		.byte	0x1c
 2164 03e0 07       		.uleb128 0x7
 2165 03e1 64626700 		.ascii	"dbg\000"
 2166 03e5 02       		.byte	0x2
 2167 03e6 CE01     		.2byte	0x1ce
 2168 03e8 19       		.byte	0x19
 2169 03e9 6B030000 		.4byte	0x36b
 2170 03ed 2C       		.byte	0x2c
 2171 03ee 04       		.uleb128 0x4
 2172 03ef 87000000 		.4byte	.LASF70
 2173 03f3 D201     		.2byte	0x1d2
 2174 03f5 19       		.byte	0x19
 2175 03f6 31010000 		.4byte	0x131
 2176 03fa 38       		.byte	0x38
 2177 03fb 07       		.uleb128 0x7
 2178 03fc 746D00   		.ascii	"tm\000"
 2179 03ff 02       		.byte	0x2
 2180 0400 D701     		.2byte	0x1d7
 2181 0402 19       		.byte	0x19
 2182 0403 C0050000 		.4byte	0x5c0
 2183 0407 64       		.byte	0x64
 2184 0408 04       		.uleb128 0x4
 2185 0409 08030000 		.4byte	.LASF71
 2186 040d E301     		.2byte	0x1e3
 2187 040f 03       		.byte	0x3
 2188 0410 A5060000 		.4byte	0x6a5
 2189 0414 68       		.byte	0x68
 2190 0415 00       		.byte	0
 2191 0416 01       		.uleb128 0x1
 2192 0417 DA020000 		.4byte	.LASF72
 2193 041b 0B       		.byte	0xb
 2194 041c 65       		.byte	0x65
 2195 041d 0F       		.byte	0xf
 2196 041e C2020000 		.4byte	0x2c2
 2197 0422 01       		.uleb128 0x1
 2198 0423 D9030000 		.4byte	.LASF73
 2199 0427 0B       		.byte	0xb
 2200 0428 6D       		.byte	0x6d
 2201 0429 12       		.byte	0x12
 2202 042a C0000000 		.4byte	0xc0
 2203 042e 13       		.uleb128 0x13
 2204 042f 2C060000 		.4byte	.LASF74
 2205 0433 04       		.byte	0x4
 2206 0434 0B       		.byte	0xb
 2207 0435 89       		.byte	0x89
 2208 0436 08       		.byte	0x8
ARM GAS  /tmp/ccGVB6Hk.s 			page 40


 2209 0437 49040000 		.4byte	0x449
 2210 043b 0C       		.uleb128 0xc
 2211 043c 72313300 		.ascii	"r13\000"
 2212 0440 0B       		.byte	0xb
 2213 0441 8A       		.byte	0x8a
 2214 0442 17       		.byte	0x17
 2215 0443 A4050000 		.4byte	0x5a4
 2216 0447 00       		.byte	0
 2217 0448 00       		.byte	0
 2218 0449 13       		.uleb128 0x13
 2219 044a 2D000000 		.4byte	.LASF75
 2220 044e 64       		.byte	0x64
 2221 044f 04       		.byte	0x4
 2222 0450 F4       		.byte	0xf4
 2223 0451 08       		.byte	0x8
 2224 0452 A4050000 		.4byte	0x5a4
 2225 0456 0C       		.uleb128 0xc
 2226 0457 73313600 		.ascii	"s16\000"
 2227 045b 04       		.byte	0x4
 2228 045c F6       		.byte	0xf6
 2229 045d 11       		.byte	0x11
 2230 045e 16040000 		.4byte	0x416
 2231 0462 00       		.byte	0
 2232 0463 0C       		.uleb128 0xc
 2233 0464 73313700 		.ascii	"s17\000"
 2234 0468 04       		.byte	0x4
 2235 0469 F7       		.byte	0xf7
 2236 046a 11       		.byte	0x11
 2237 046b 16040000 		.4byte	0x416
 2238 046f 04       		.byte	0x4
 2239 0470 0C       		.uleb128 0xc
 2240 0471 73313800 		.ascii	"s18\000"
 2241 0475 04       		.byte	0x4
 2242 0476 F8       		.byte	0xf8
 2243 0477 11       		.byte	0x11
 2244 0478 16040000 		.4byte	0x416
 2245 047c 08       		.byte	0x8
 2246 047d 0C       		.uleb128 0xc
 2247 047e 73313900 		.ascii	"s19\000"
 2248 0482 04       		.byte	0x4
 2249 0483 F9       		.byte	0xf9
 2250 0484 11       		.byte	0x11
 2251 0485 16040000 		.4byte	0x416
 2252 0489 0C       		.byte	0xc
 2253 048a 0C       		.uleb128 0xc
 2254 048b 73323000 		.ascii	"s20\000"
 2255 048f 04       		.byte	0x4
 2256 0490 FA       		.byte	0xfa
 2257 0491 11       		.byte	0x11
 2258 0492 16040000 		.4byte	0x416
 2259 0496 10       		.byte	0x10
 2260 0497 0C       		.uleb128 0xc
 2261 0498 73323100 		.ascii	"s21\000"
 2262 049c 04       		.byte	0x4
 2263 049d FB       		.byte	0xfb
 2264 049e 11       		.byte	0x11
 2265 049f 16040000 		.4byte	0x416
ARM GAS  /tmp/ccGVB6Hk.s 			page 41


 2266 04a3 14       		.byte	0x14
 2267 04a4 0C       		.uleb128 0xc
 2268 04a5 73323200 		.ascii	"s22\000"
 2269 04a9 04       		.byte	0x4
 2270 04aa FC       		.byte	0xfc
 2271 04ab 11       		.byte	0x11
 2272 04ac 16040000 		.4byte	0x416
 2273 04b0 18       		.byte	0x18
 2274 04b1 0C       		.uleb128 0xc
 2275 04b2 73323300 		.ascii	"s23\000"
 2276 04b6 04       		.byte	0x4
 2277 04b7 FD       		.byte	0xfd
 2278 04b8 11       		.byte	0x11
 2279 04b9 16040000 		.4byte	0x416
 2280 04bd 1C       		.byte	0x1c
 2281 04be 0C       		.uleb128 0xc
 2282 04bf 73323400 		.ascii	"s24\000"
 2283 04c3 04       		.byte	0x4
 2284 04c4 FE       		.byte	0xfe
 2285 04c5 11       		.byte	0x11
 2286 04c6 16040000 		.4byte	0x416
 2287 04ca 20       		.byte	0x20
 2288 04cb 0C       		.uleb128 0xc
 2289 04cc 73323500 		.ascii	"s25\000"
 2290 04d0 04       		.byte	0x4
 2291 04d1 FF       		.byte	0xff
 2292 04d2 11       		.byte	0x11
 2293 04d3 16040000 		.4byte	0x416
 2294 04d7 24       		.byte	0x24
 2295 04d8 07       		.uleb128 0x7
 2296 04d9 73323600 		.ascii	"s26\000"
 2297 04dd 04       		.byte	0x4
 2298 04de 0001     		.2byte	0x100
 2299 04e0 11       		.byte	0x11
 2300 04e1 16040000 		.4byte	0x416
 2301 04e5 28       		.byte	0x28
 2302 04e6 07       		.uleb128 0x7
 2303 04e7 73323700 		.ascii	"s27\000"
 2304 04eb 04       		.byte	0x4
 2305 04ec 0101     		.2byte	0x101
 2306 04ee 11       		.byte	0x11
 2307 04ef 16040000 		.4byte	0x416
 2308 04f3 2C       		.byte	0x2c
 2309 04f4 07       		.uleb128 0x7
 2310 04f5 73323800 		.ascii	"s28\000"
 2311 04f9 04       		.byte	0x4
 2312 04fa 0201     		.2byte	0x102
 2313 04fc 11       		.byte	0x11
 2314 04fd 16040000 		.4byte	0x416
 2315 0501 30       		.byte	0x30
 2316 0502 07       		.uleb128 0x7
 2317 0503 73323900 		.ascii	"s29\000"
 2318 0507 04       		.byte	0x4
 2319 0508 0301     		.2byte	0x103
 2320 050a 11       		.byte	0x11
 2321 050b 16040000 		.4byte	0x416
 2322 050f 34       		.byte	0x34
ARM GAS  /tmp/ccGVB6Hk.s 			page 42


 2323 0510 07       		.uleb128 0x7
 2324 0511 73333000 		.ascii	"s30\000"
 2325 0515 04       		.byte	0x4
 2326 0516 0401     		.2byte	0x104
 2327 0518 11       		.byte	0x11
 2328 0519 16040000 		.4byte	0x416
 2329 051d 38       		.byte	0x38
 2330 051e 07       		.uleb128 0x7
 2331 051f 73333100 		.ascii	"s31\000"
 2332 0523 04       		.byte	0x4
 2333 0524 0501     		.2byte	0x105
 2334 0526 11       		.byte	0x11
 2335 0527 16040000 		.4byte	0x416
 2336 052b 3C       		.byte	0x3c
 2337 052c 07       		.uleb128 0x7
 2338 052d 723400   		.ascii	"r4\000"
 2339 0530 04       		.byte	0x4
 2340 0531 0701     		.2byte	0x107
 2341 0533 11       		.byte	0x11
 2342 0534 16040000 		.4byte	0x416
 2343 0538 40       		.byte	0x40
 2344 0539 07       		.uleb128 0x7
 2345 053a 723500   		.ascii	"r5\000"
 2346 053d 04       		.byte	0x4
 2347 053e 0801     		.2byte	0x108
 2348 0540 11       		.byte	0x11
 2349 0541 16040000 		.4byte	0x416
 2350 0545 44       		.byte	0x44
 2351 0546 07       		.uleb128 0x7
 2352 0547 723600   		.ascii	"r6\000"
 2353 054a 04       		.byte	0x4
 2354 054b 0901     		.2byte	0x109
 2355 054d 11       		.byte	0x11
 2356 054e 16040000 		.4byte	0x416
 2357 0552 48       		.byte	0x48
 2358 0553 07       		.uleb128 0x7
 2359 0554 723700   		.ascii	"r7\000"
 2360 0557 04       		.byte	0x4
 2361 0558 0A01     		.2byte	0x10a
 2362 055a 11       		.byte	0x11
 2363 055b 16040000 		.4byte	0x416
 2364 055f 4C       		.byte	0x4c
 2365 0560 07       		.uleb128 0x7
 2366 0561 723800   		.ascii	"r8\000"
 2367 0564 04       		.byte	0x4
 2368 0565 0B01     		.2byte	0x10b
 2369 0567 11       		.byte	0x11
 2370 0568 16040000 		.4byte	0x416
 2371 056c 50       		.byte	0x50
 2372 056d 07       		.uleb128 0x7
 2373 056e 723900   		.ascii	"r9\000"
 2374 0571 04       		.byte	0x4
 2375 0572 0C01     		.2byte	0x10c
 2376 0574 11       		.byte	0x11
 2377 0575 16040000 		.4byte	0x416
 2378 0579 54       		.byte	0x54
 2379 057a 07       		.uleb128 0x7
ARM GAS  /tmp/ccGVB6Hk.s 			page 43


 2380 057b 72313000 		.ascii	"r10\000"
 2381 057f 04       		.byte	0x4
 2382 0580 0D01     		.2byte	0x10d
 2383 0582 11       		.byte	0x11
 2384 0583 16040000 		.4byte	0x416
 2385 0587 58       		.byte	0x58
 2386 0588 07       		.uleb128 0x7
 2387 0589 72313100 		.ascii	"r11\000"
 2388 058d 04       		.byte	0x4
 2389 058e 0E01     		.2byte	0x10e
 2390 0590 11       		.byte	0x11
 2391 0591 16040000 		.4byte	0x416
 2392 0595 5C       		.byte	0x5c
 2393 0596 07       		.uleb128 0x7
 2394 0597 6C7200   		.ascii	"lr\000"
 2395 059a 04       		.byte	0x4
 2396 059b 0F01     		.2byte	0x10f
 2397 059d 11       		.byte	0x11
 2398 059e 16040000 		.4byte	0x416
 2399 05a2 60       		.byte	0x60
 2400 05a3 00       		.byte	0
 2401 05a4 0B       		.uleb128 0xb
 2402 05a5 49040000 		.4byte	0x449
 2403 05a9 30       		.uleb128 0x30
 2404 05aa 04       		.byte	0x4
 2405 05ab 0C       		.byte	0xc
 2406 05ac 38       		.byte	0x38
 2407 05ad 09       		.byte	0x9
 2408 05ae C0050000 		.4byte	0x5c0
 2409 05b2 06       		.uleb128 0x6
 2410 05b3 25060000 		.4byte	.LASF76
 2411 05b7 0C       		.byte	0xc
 2412 05b8 3C       		.byte	0x3c
 2413 05b9 19       		.byte	0x19
 2414 05ba CC000000 		.4byte	0xcc
 2415 05be 00       		.byte	0
 2416 05bf 00       		.byte	0
 2417 05c0 01       		.uleb128 0x1
 2418 05c1 7D040000 		.4byte	.LASF77
 2419 05c5 0C       		.byte	0xc
 2420 05c6 3D       		.byte	0x3d
 2421 05c7 03       		.byte	0x3
 2422 05c8 A9050000 		.4byte	0x5a9
 2423 05cc 31       		.uleb128 0x31
 2424 05cd 04       		.byte	0x4
 2425 05ce 02       		.byte	0x2
 2426 05cf FA       		.byte	0xfa
 2427 05d0 03       		.byte	0x3
 2428 05d1 1E060000 		.4byte	0x61e
 2429 05d5 14       		.uleb128 0x14
 2430 05d6 13000000 		.4byte	.LASF78
 2431 05da 0101     		.2byte	0x101
 2432 05dc 19       		.byte	0x19
 2433 05dd 08010000 		.4byte	0x108
 2434 05e1 14       		.uleb128 0x14
 2435 05e2 7E000000 		.4byte	.LASF79
 2436 05e6 0801     		.2byte	0x108
ARM GAS  /tmp/ccGVB6Hk.s 			page 44


 2437 05e8 19       		.byte	0x19
 2438 05e9 08010000 		.4byte	0x108
 2439 05ed 14       		.uleb128 0x14
 2440 05ee 7C060000 		.4byte	.LASF80
 2441 05f2 0F01     		.2byte	0x10f
 2442 05f4 1A       		.byte	0x1a
 2443 05f5 C2020000 		.4byte	0x2c2
 2444 05f9 14       		.uleb128 0x14
 2445 05fa 0D000000 		.4byte	.LASF81
 2446 05fe 1601     		.2byte	0x116
 2447 0600 1A       		.byte	0x1a
 2448 0601 1E060000 		.4byte	0x61e
 2449 0605 14       		.uleb128 0x14
 2450 0606 3F030000 		.4byte	.LASF82
 2451 060a 1E01     		.2byte	0x11e
 2452 060c 1A       		.byte	0x1a
 2453 060d 4B060000 		.4byte	0x64b
 2454 0611 14       		.uleb128 0x14
 2455 0612 91050000 		.4byte	.LASF83
 2456 0616 2701     		.2byte	0x127
 2457 0618 1A       		.byte	0x1a
 2458 0619 85060000 		.4byte	0x685
 2459 061d 00       		.byte	0
 2460 061e 0B       		.uleb128 0xb
 2461 061f F5010000 		.4byte	0x1f5
 2462 0623 13       		.uleb128 0x13
 2463 0624 6D050000 		.4byte	.LASF84
 2464 0628 0C       		.byte	0xc
 2465 0629 0D       		.byte	0xd
 2466 062a 34       		.byte	0x34
 2467 062b 10       		.byte	0x10
 2468 062c 4B060000 		.4byte	0x64b
 2469 0630 06       		.uleb128 0x6
 2470 0631 B9020000 		.4byte	.LASF85
 2471 0635 0D       		.byte	0xd
 2472 0636 35       		.byte	0x35
 2473 0637 19       		.byte	0x19
 2474 0638 06020000 		.4byte	0x206
 2475 063c 00       		.byte	0
 2476 063d 06       		.uleb128 0x6
 2477 063e 4F030000 		.4byte	.LASF86
 2478 0642 0D       		.byte	0xd
 2479 0643 37       		.byte	0x37
 2480 0644 19       		.byte	0x19
 2481 0645 14010000 		.4byte	0x114
 2482 0649 08       		.byte	0x8
 2483 064a 00       		.byte	0
 2484 064b 0B       		.uleb128 0xb
 2485 064c 23060000 		.4byte	0x623
 2486 0650 13       		.uleb128 0x13
 2487 0651 4B060000 		.4byte	.LASF87
 2488 0655 10       		.byte	0x10
 2489 0656 06       		.byte	0x6
 2490 0657 39       		.byte	0x39
 2491 0658 08       		.byte	0x8
 2492 0659 85060000 		.4byte	0x685
 2493 065d 06       		.uleb128 0x6
ARM GAS  /tmp/ccGVB6Hk.s 			page 45


 2494 065e 09020000 		.4byte	.LASF88
 2495 0662 06       		.byte	0x6
 2496 0663 3A       		.byte	0x3a
 2497 0664 19       		.byte	0x19
 2498 0665 06020000 		.4byte	0x206
 2499 0669 00       		.byte	0
 2500 066a 06       		.uleb128 0x6
 2501 066b BE060000 		.4byte	.LASF89
 2502 066f 06       		.byte	0x6
 2503 0670 3C       		.byte	0x3c
 2504 0671 1A       		.byte	0x1a
 2505 0672 01020000 		.4byte	0x201
 2506 0676 08       		.byte	0x8
 2507 0677 06       		.uleb128 0x6
 2508 0678 8E040000 		.4byte	.LASF90
 2509 067c 06       		.byte	0x6
 2510 067d 3E       		.byte	0x3e
 2511 067e 1A       		.byte	0x1a
 2512 067f CD060000 		.4byte	0x6cd
 2513 0683 0C       		.byte	0xc
 2514 0684 00       		.byte	0
 2515 0685 0B       		.uleb128 0xb
 2516 0686 50060000 		.4byte	0x650
 2517 068a 0B       		.uleb128 0xb
 2518 068b 9B060000 		.4byte	0x69b
 2519 068f 26       		.uleb128 0x26
 2520 0690 8A060000 		.4byte	0x68a
 2521 0694 0A       		.uleb128 0xa
 2522 0695 01       		.byte	0x1
 2523 0696 08       		.byte	0x8
 2524 0697 BE050000 		.4byte	.LASF91
 2525 069b 12       		.uleb128 0x12
 2526 069c 94060000 		.4byte	0x694
 2527 06a0 0B       		.uleb128 0xb
 2528 06a1 C4020000 		.4byte	0x2c4
 2529 06a5 15       		.uleb128 0x15
 2530 06a6 22040000 		.4byte	0x422
 2531 06aa B5060000 		.4byte	0x6b5
 2532 06ae 16       		.uleb128 0x16
 2533 06af 2D000000 		.4byte	0x2d
 2534 06b3 28       		.byte	0x28
 2535 06b4 00       		.byte	0
 2536 06b5 32       		.uleb128 0x32
 2537 06b6 636800   		.ascii	"ch\000"
 2538 06b9 02       		.byte	0x2
 2539 06ba 0902     		.2byte	0x209
 2540 06bc 14       		.byte	0x14
 2541 06bd AB030000 		.4byte	0x3ab
 2542 06c1 01       		.uleb128 0x1
 2543 06c2 CC000000 		.4byte	.LASF92
 2544 06c6 06       		.byte	0x6
 2545 06c7 34       		.byte	0x34
 2546 06c8 19       		.byte	0x19
 2547 06c9 50060000 		.4byte	0x650
 2548 06cd 0B       		.uleb128 0xb
 2549 06ce C1060000 		.4byte	0x6c1
 2550 06d2 33       		.uleb128 0x33
ARM GAS  /tmp/ccGVB6Hk.s 			page 46


 2551 06d3 C1020000 		.4byte	.LASF98
 2552 06d7 02       		.byte	0x2
 2553 06d8 1702     		.2byte	0x217
 2554 06da 08       		.byte	0x8
 2555 06db 1D       		.uleb128 0x1d
 2556 06dc CC050000 		.4byte	.LASF93
 2557 06e0 1F02     		.2byte	0x21f
 2558 06e2 01020000 		.4byte	0x201
 2559 06e6 F0060000 		.4byte	0x6f0
 2560 06ea 0F       		.uleb128 0xf
 2561 06eb F0060000 		.4byte	0x6f0
 2562 06ef 00       		.byte	0
 2563 06f0 0B       		.uleb128 0xb
 2564 06f1 06020000 		.4byte	0x206
 2565 06f5 1E       		.uleb128 0x1e
 2566 06f6 7A050000 		.4byte	.LASF95
 2567 06fa 02       		.byte	0x2
 2568 06fb 1402     		.2byte	0x214
 2569 06fd 07070000 		.4byte	0x707
 2570 0701 0F       		.uleb128 0xf
 2571 0702 E4000000 		.4byte	0xe4
 2572 0706 00       		.byte	0
 2573 0707 1D       		.uleb128 0x1d
 2574 0708 A0050000 		.4byte	.LASF94
 2575 070c 1302     		.2byte	0x213
 2576 070e 01020000 		.4byte	0x201
 2577 0712 1C070000 		.4byte	0x71c
 2578 0716 0F       		.uleb128 0xf
 2579 0717 01020000 		.4byte	0x201
 2580 071b 00       		.byte	0
 2581 071c 1E       		.uleb128 0x1e
 2582 071d AC060000 		.4byte	.LASF96
 2583 0721 02       		.byte	0x2
 2584 0722 1D02     		.2byte	0x21d
 2585 0724 33070000 		.4byte	0x733
 2586 0728 0F       		.uleb128 0xf
 2587 0729 01020000 		.4byte	0x201
 2588 072d 0F       		.uleb128 0xf
 2589 072e F0060000 		.4byte	0x6f0
 2590 0732 00       		.byte	0
 2591 0733 1D       		.uleb128 0x1d
 2592 0734 7D020000 		.4byte	.LASF97
 2593 0738 2102     		.2byte	0x221
 2594 073a 01020000 		.4byte	0x201
 2595 073e 48070000 		.4byte	0x748
 2596 0742 0F       		.uleb128 0xf
 2597 0743 01020000 		.4byte	0x201
 2598 0747 00       		.byte	0
 2599 0748 1F       		.uleb128 0x1f
 2600 0749 A3030000 		.4byte	.LASF99
 2601 074d DF       		.byte	0xdf
 2602 074e 1F       		.uleb128 0x1f
 2603 074f 6A060000 		.4byte	.LASF100
 2604 0753 D9       		.byte	0xd9
 2605 0754 1F       		.uleb128 0x1f
 2606 0755 FF030000 		.4byte	.LASF101
 2607 0759 D8       		.byte	0xd8
ARM GAS  /tmp/ccGVB6Hk.s 			page 47


 2608 075a 1E       		.uleb128 0x1e
 2609 075b 5D000000 		.4byte	.LASF102
 2610 075f 03       		.byte	0x3
 2611 0760 1601     		.2byte	0x116
 2612 0762 6C070000 		.4byte	0x76c
 2613 0766 0F       		.uleb128 0xf
 2614 0767 8A060000 		.4byte	0x68a
 2615 076b 00       		.byte	0
 2616 076c 20       		.uleb128 0x20
 2617 076d 84030000 		.4byte	.LASF103
 2618 0771 E501     		.2byte	0x1e5
 2619 0773 00000000 		.4byte	.LFB193
 2620 0777 80000000 		.4byte	.LFE193-.LFB193
 2621 077b 01       		.uleb128 0x1
 2622 077c 9C       		.byte	0x9c
 2623 077d F9080000 		.4byte	0x8f9
 2624 0781 0E       		.uleb128 0xe
 2625 0782 63747000 		.ascii	"ctp\000"
 2626 0786 E601     		.2byte	0x1e6
 2627 0788 0D       		.byte	0xd
 2628 0789 01020000 		.4byte	0x201
 2629 078d 0E000000 		.4byte	.LLST50
 2630 0791 0C000000 		.4byte	.LVUS50
 2631 0795 1B       		.uleb128 0x1b
 2632 0796 E1000000 		.4byte	.LLRL54
 2633 079a 2A080000 		.4byte	0x82a
 2634 079e 0E       		.uleb128 0xe
 2635 079f 6D7000   		.ascii	"mp\000"
 2636 07a2 EB01     		.2byte	0x1eb
 2637 07a4 10       		.byte	0x10
 2638 07a5 CD060000 		.4byte	0x6cd
 2639 07a9 19000000 		.4byte	.LLST55
 2640 07ad 17000000 		.4byte	.LVUS55
 2641 07b1 1B       		.uleb128 0x1b
 2642 07b2 ED000000 		.4byte	.LLRL56
 2643 07b6 E0070000 		.4byte	0x7e0
 2644 07ba 0E       		.uleb128 0xe
 2645 07bb 747000   		.ascii	"tp\000"
 2646 07be F101     		.2byte	0x1f1
 2647 07c0 13       		.byte	0x13
 2648 07c1 01020000 		.4byte	0x201
 2649 07c5 25000000 		.4byte	.LLST57
 2650 07c9 23000000 		.4byte	.LVUS57
 2651 07cd 02       		.uleb128 0x2
 2652 07ce 1C000000 		.4byte	.LVL107
 2653 07d2 DB060000 		.4byte	0x6db
 2654 07d6 02       		.uleb128 0x2
 2655 07d7 28000000 		.4byte	.LVL108
 2656 07db 07070000 		.4byte	0x707
 2657 07df 00       		.byte	0
 2658 07e0 27       		.uleb128 0x27
 2659 07e1 B5110000 		.4byte	0x11b5
 2660 07e5 30000000 		.4byte	.LBI238
 2661 07e9 01       		.byte	.LVU459
 2662 07ea 30000000 		.4byte	.LBB238
 2663 07ee 04000000 		.4byte	.LBE238-.LBB238
 2664 07f2 01       		.byte	0x1
ARM GAS  /tmp/ccGVB6Hk.s 			page 48


 2665 07f3 ED01     		.2byte	0x1ed
 2666 07f5 0B       		.byte	0xb
 2667 07f6 34       		.uleb128 0x34
 2668 07f7 C6110000 		.4byte	0x11c6
 2669 07fb 18       		.uleb128 0x18
 2670 07fc F7110000 		.4byte	0x11f7
 2671 0800 34000000 		.4byte	.LBI240
 2672 0804 01       		.byte	.LVU462
 2673 0805 34000000 		.4byte	.LBB240
 2674 0809 00000000 		.4byte	.LBE240-.LBB240
 2675 080d 1F080000 		.4byte	0x81f
 2676 0811 05       		.uleb128 0x5
 2677 0812 09120000 		.4byte	0x1209
 2678 0816 30000000 		.4byte	.LLST58
 2679 081a 2E000000 		.4byte	.LVUS58
 2680 081e 00       		.byte	0
 2681 081f 02       		.uleb128 0x2
 2682 0820 34000000 		.4byte	.LVL111
 2683 0824 48070000 		.4byte	0x748
 2684 0828 00       		.byte	0
 2685 0829 00       		.byte	0
 2686 082a 08       		.uleb128 0x8
 2687 082b EF110000 		.4byte	0x11ef
 2688 082f 08000000 		.4byte	.LBI226
 2689 0833 01       		.byte	.LVU427
 2690 0834 C9000000 		.4byte	.LLRL51
 2691 0838 01       		.byte	0x1
 2692 0839 E801     		.2byte	0x1e8
 2693 083b 03       		.byte	0x3
 2694 083c 80080000 		.4byte	0x880
 2695 0840 08       		.uleb128 0x8
 2696 0841 3F120000 		.4byte	0x123f
 2697 0845 08000000 		.4byte	.LBI228
 2698 0849 03       		.byte	.LVU429
 2699 084a D5000000 		.4byte	.LLRL52
 2700 084e 03       		.byte	0x3
 2701 084f 5C01     		.2byte	0x15c
 2702 0851 03       		.byte	0x3
 2703 0852 76080000 		.4byte	0x876
 2704 0856 10       		.uleb128 0x10
 2705 0857 47120000 		.4byte	0x1247
 2706 085b 08000000 		.4byte	.LBI229
 2707 085f 05       		.byte	.LVU431
 2708 0860 D5000000 		.4byte	.LLRL52
 2709 0864 04       		.byte	0x4
 2710 0865 BF01     		.2byte	0x1bf
 2711 0867 05       		.uleb128 0x5
 2712 0868 54120000 		.4byte	0x1254
 2713 086c 3B000000 		.4byte	.LLST53
 2714 0870 39000000 		.4byte	.LVUS53
 2715 0874 00       		.byte	0
 2716 0875 00       		.byte	0
 2717 0876 02       		.uleb128 0x2
 2718 0877 10000000 		.4byte	.LVL105
 2719 087b 54070000 		.4byte	0x754
 2720 087f 00       		.byte	0
 2721 0880 08       		.uleb128 0x8
ARM GAS  /tmp/ccGVB6Hk.s 			page 49


 2722 0881 D2110000 		.4byte	0x11d2
 2723 0885 4C000000 		.4byte	.LBI245
 2724 0889 01       		.byte	.LVU478
 2725 088a FC000000 		.4byte	.LLRL59
 2726 088e 01       		.byte	0x1
 2727 088f 0102     		.2byte	0x201
 2728 0891 03       		.byte	0x3
 2729 0892 EF080000 		.4byte	0x8ef
 2730 0896 19       		.uleb128 0x19
 2731 0897 FC000000 		.4byte	.LLRL59
 2732 089b 08       		.uleb128 0x8
 2733 089c 37120000 		.4byte	0x1237
 2734 08a0 60000000 		.4byte	.LBI247
 2735 08a4 02       		.byte	.LVU487
 2736 08a5 08010000 		.4byte	.LLRL60
 2737 08a9 03       		.byte	0x3
 2738 08aa 7301     		.2byte	0x173
 2739 08ac 03       		.byte	0x3
 2740 08ad D1080000 		.4byte	0x8d1
 2741 08b1 10       		.uleb128 0x10
 2742 08b2 47120000 		.4byte	0x1247
 2743 08b6 60000000 		.4byte	.LBI248
 2744 08ba 04       		.byte	.LVU489
 2745 08bb 08010000 		.4byte	.LLRL60
 2746 08bf 04       		.byte	0x4
 2747 08c0 CD01     		.2byte	0x1cd
 2748 08c2 05       		.uleb128 0x5
 2749 08c3 54120000 		.4byte	0x1254
 2750 08c7 4A000000 		.4byte	.LLST61
 2751 08cb 46000000 		.4byte	.LVUS61
 2752 08cf 00       		.byte	0
 2753 08d0 00       		.byte	0
 2754 08d1 02       		.uleb128 0x2
 2755 08d2 50000000 		.4byte	.LVL113
 2756 08d6 4E070000 		.4byte	0x74e
 2757 08da 0D       		.uleb128 0xd
 2758 08db 6E000000 		.4byte	.LVL117
 2759 08df 5A070000 		.4byte	0x75a
 2760 08e3 03       		.uleb128 0x3
 2761 08e4 01       		.uleb128 0x1
 2762 08e5 50       		.byte	0x50
 2763 08e6 05       		.uleb128 0x5
 2764 08e7 03       		.byte	0x3
 2765 08e8 00000000 		.4byte	__func__.4
 2766 08ec 00       		.byte	0
 2767 08ed 00       		.byte	0
 2768 08ee 00       		.byte	0
 2769 08ef 02       		.uleb128 0x2
 2770 08f0 4C000000 		.4byte	.LVL112
 2771 08f4 D2060000 		.4byte	0x6d2
 2772 08f8 00       		.byte	0
 2773 08f9 20       		.uleb128 0x20
 2774 08fa 1D030000 		.4byte	.LASF104
 2775 08fe 9A01     		.2byte	0x19a
 2776 0900 00000000 		.4byte	.LFB192
 2777 0904 94000000 		.4byte	.LFE192-.LFB192
 2778 0908 01       		.uleb128 0x1
ARM GAS  /tmp/ccGVB6Hk.s 			page 50


 2779 0909 9C       		.byte	0x9c
 2780 090a B10A0000 		.4byte	0xab1
 2781 090e 28       		.uleb128 0x28
 2782 090f 6D7000   		.ascii	"mp\000"
 2783 0912 9A01     		.2byte	0x19a
 2784 0914 1C       		.byte	0x1c
 2785 0915 CD060000 		.4byte	0x6cd
 2786 0919 66000000 		.4byte	.LLST40
 2787 091d 5C000000 		.4byte	.LVUS40
 2788 0921 0E       		.uleb128 0xe
 2789 0922 63747000 		.ascii	"ctp\000"
 2790 0926 9B01     		.2byte	0x19b
 2791 0928 0D       		.byte	0xd
 2792 0929 01020000 		.4byte	0x201
 2793 092d 94000000 		.4byte	.LLST41
 2794 0931 90000000 		.4byte	.LVUS41
 2795 0935 0E       		.uleb128 0xe
 2796 0936 6C6D7000 		.ascii	"lmp\000"
 2797 093a 9C01     		.2byte	0x19c
 2798 093c 0C       		.byte	0xc
 2799 093d CD060000 		.4byte	0x6cd
 2800 0941 A7000000 		.4byte	.LLST42
 2801 0945 A5000000 		.4byte	.LVUS42
 2802 0949 17       		.uleb128 0x17
 2803 094a 49050000 		.4byte	.LASF107
 2804 094e C10A0000 		.4byte	0xac1
 2805 0952 05       		.uleb128 0x5
 2806 0953 03       		.byte	0x3
 2807 0954 00000000 		.4byte	__func__.0
 2808 0958 1B       		.uleb128 0x1b
 2809 0959 BD000000 		.4byte	.LLRL45
 2810 095d FA090000 		.4byte	0x9fa
 2811 0961 0E       		.uleb128 0xe
 2812 0962 747000   		.ascii	"tp\000"
 2813 0965 B201     		.2byte	0x1b2
 2814 0967 11       		.byte	0x11
 2815 0968 01020000 		.4byte	0x201
 2816 096c B2000000 		.4byte	.LLST46
 2817 0970 B0000000 		.4byte	.LVUS46
 2818 0974 29       		.uleb128 0x29
 2819 0975 93030000 		.4byte	.LASF105
 2820 0979 B601     		.2byte	0x1b6
 2821 097b FC000000 		.4byte	0xfc
 2822 097f BD000000 		.4byte	.LLST47
 2823 0983 BB000000 		.4byte	.LVUS47
 2824 0987 11       		.uleb128 0x11
 2825 0988 B5110000 		.4byte	0x11b5
 2826 098c 42000000 		.4byte	.LBI205
 2827 0990 01       		.byte	.LVU387
 2828 0991 42000000 		.4byte	.LBB205
 2829 0995 06000000 		.4byte	.LBE205-.LBB205
 2830 0999 01       		.byte	0x1
 2831 099a BC01     		.2byte	0x1bc
 2832 099c 0D       		.byte	0xd
 2833 099d DC090000 		.4byte	0x9dc
 2834 09a1 05       		.uleb128 0x5
 2835 09a2 C6110000 		.4byte	0x11c6
ARM GAS  /tmp/ccGVB6Hk.s 			page 51


 2836 09a6 C8000000 		.4byte	.LLST48
 2837 09aa C6000000 		.4byte	.LVUS48
 2838 09ae 18       		.uleb128 0x18
 2839 09af F7110000 		.4byte	0x11f7
 2840 09b3 46000000 		.4byte	.LBI207
 2841 09b7 01       		.byte	.LVU390
 2842 09b8 46000000 		.4byte	.LBB207
 2843 09bc 02000000 		.4byte	.LBE207-.LBB207
 2844 09c0 D2090000 		.4byte	0x9d2
 2845 09c4 05       		.uleb128 0x5
 2846 09c5 09120000 		.4byte	0x1209
 2847 09c9 D3000000 		.4byte	.LLST49
 2848 09cd D1000000 		.4byte	.LVUS49
 2849 09d1 00       		.byte	0
 2850 09d2 02       		.uleb128 0x2
 2851 09d3 46000000 		.4byte	.LVL93
 2852 09d7 48070000 		.4byte	0x748
 2853 09db 00       		.byte	0
 2854 09dc 09       		.uleb128 0x9
 2855 09dd 62000000 		.4byte	.LVL97
 2856 09e1 DB060000 		.4byte	0x6db
 2857 09e5 F0090000 		.4byte	0x9f0
 2858 09e9 03       		.uleb128 0x3
 2859 09ea 01       		.uleb128 0x1
 2860 09eb 50       		.byte	0x50
 2861 09ec 02       		.uleb128 0x2
 2862 09ed 75       		.byte	0x75
 2863 09ee 00       		.sleb128 0
 2864 09ef 00       		.byte	0
 2865 09f0 35       		.uleb128 0x35
 2866 09f1 72000000 		.4byte	.LVL99
 2867 09f5 07070000 		.4byte	0x707
 2868 09f9 00       		.byte	0
 2869 09fa 11       		.uleb128 0x11
 2870 09fb B5110000 		.4byte	0x11b5
 2871 09ff 32000000 		.4byte	.LBI200
 2872 0a03 01       		.byte	.LVU373
 2873 0a04 32000000 		.4byte	.LBB200
 2874 0a08 04000000 		.4byte	.LBE200-.LBB200
 2875 0a0c 01       		.byte	0x1
 2876 0a0d B101     		.2byte	0x1b1
 2877 0a0f 09       		.byte	0x9
 2878 0a10 4F0A0000 		.4byte	0xa4f
 2879 0a14 05       		.uleb128 0x5
 2880 0a15 C6110000 		.4byte	0x11c6
 2881 0a19 DE000000 		.4byte	.LLST43
 2882 0a1d DC000000 		.4byte	.LVUS43
 2883 0a21 18       		.uleb128 0x18
 2884 0a22 F7110000 		.4byte	0x11f7
 2885 0a26 36000000 		.4byte	.LBI202
 2886 0a2a 01       		.byte	.LVU376
 2887 0a2b 36000000 		.4byte	.LBB202
 2888 0a2f 00000000 		.4byte	.LBE202-.LBB202
 2889 0a33 450A0000 		.4byte	0xa45
 2890 0a37 05       		.uleb128 0x5
 2891 0a38 09120000 		.4byte	0x1209
 2892 0a3c E9000000 		.4byte	.LLST44
ARM GAS  /tmp/ccGVB6Hk.s 			page 52


 2893 0a40 E7000000 		.4byte	.LVUS44
 2894 0a44 00       		.byte	0
 2895 0a45 02       		.uleb128 0x2
 2896 0a46 36000000 		.4byte	.LVL90
 2897 0a4a 48070000 		.4byte	0x748
 2898 0a4e 00       		.byte	0
 2899 0a4f 02       		.uleb128 0x2
 2900 0a50 0C000000 		.4byte	.LVL86
 2901 0a54 48070000 		.4byte	0x748
 2902 0a58 09       		.uleb128 0x9
 2903 0a59 22000000 		.4byte	.LVL87
 2904 0a5d 5A070000 		.4byte	0x75a
 2905 0a61 6F0A0000 		.4byte	0xa6f
 2906 0a65 03       		.uleb128 0x3
 2907 0a66 01       		.uleb128 0x1
 2908 0a67 50       		.byte	0x50
 2909 0a68 05       		.uleb128 0x5
 2910 0a69 03       		.byte	0x3
 2911 0a6a 00000000 		.4byte	__func__.0
 2912 0a6e 00       		.byte	0
 2913 0a6f 09       		.uleb128 0x9
 2914 0a70 2E000000 		.4byte	.LVL88
 2915 0a74 5A070000 		.4byte	0x75a
 2916 0a78 860A0000 		.4byte	0xa86
 2917 0a7c 03       		.uleb128 0x3
 2918 0a7d 01       		.uleb128 0x1
 2919 0a7e 50       		.byte	0x50
 2920 0a7f 05       		.uleb128 0x5
 2921 0a80 03       		.byte	0x3
 2922 0a81 00000000 		.4byte	__func__.0
 2923 0a85 00       		.byte	0
 2924 0a86 09       		.uleb128 0x9
 2925 0a87 7E000000 		.4byte	.LVL101
 2926 0a8b 5A070000 		.4byte	0x75a
 2927 0a8f 9D0A0000 		.4byte	0xa9d
 2928 0a93 03       		.uleb128 0x3
 2929 0a94 01       		.uleb128 0x1
 2930 0a95 50       		.byte	0x50
 2931 0a96 05       		.uleb128 0x5
 2932 0a97 03       		.byte	0x3
 2933 0a98 00000000 		.4byte	__func__.0
 2934 0a9c 00       		.byte	0
 2935 0a9d 0D       		.uleb128 0xd
 2936 0a9e 88000000 		.4byte	.LVL102
 2937 0aa2 5A070000 		.4byte	0x75a
 2938 0aa6 03       		.uleb128 0x3
 2939 0aa7 01       		.uleb128 0x1
 2940 0aa8 50       		.byte	0x50
 2941 0aa9 05       		.uleb128 0x5
 2942 0aaa 03       		.byte	0x3
 2943 0aab 00000000 		.4byte	__func__.0
 2944 0aaf 00       		.byte	0
 2945 0ab0 00       		.byte	0
 2946 0ab1 15       		.uleb128 0x15
 2947 0ab2 9B060000 		.4byte	0x69b
 2948 0ab6 C10A0000 		.4byte	0xac1
 2949 0aba 16       		.uleb128 0x16
ARM GAS  /tmp/ccGVB6Hk.s 			page 53


 2950 0abb 2D000000 		.4byte	0x2d
 2951 0abf 0C       		.byte	0xc
 2952 0ac0 00       		.byte	0
 2953 0ac1 12       		.uleb128 0x12
 2954 0ac2 B10A0000 		.4byte	0xab1
 2955 0ac6 20       		.uleb128 0x20
 2956 0ac7 A8000000 		.4byte	.LASF106
 2957 0acb 4301     		.2byte	0x143
 2958 0acd 00000000 		.4byte	.LFB191
 2959 0ad1 D4000000 		.4byte	.LFE191-.LFB191
 2960 0ad5 01       		.uleb128 0x1
 2961 0ad6 9C       		.byte	0x9c
 2962 0ad7 540D0000 		.4byte	0xd54
 2963 0adb 28       		.uleb128 0x28
 2964 0adc 6D7000   		.ascii	"mp\000"
 2965 0adf 4301     		.2byte	0x143
 2966 0ae1 1B       		.byte	0x1b
 2967 0ae2 CD060000 		.4byte	0x6cd
 2968 0ae6 FA000000 		.4byte	.LLST27
 2969 0aea F2000000 		.4byte	.LVUS27
 2970 0aee 0E       		.uleb128 0xe
 2971 0aef 63747000 		.ascii	"ctp\000"
 2972 0af3 4401     		.2byte	0x144
 2973 0af5 0D       		.byte	0xd
 2974 0af6 01020000 		.4byte	0x201
 2975 0afa 1B010000 		.4byte	.LLST28
 2976 0afe 19010000 		.4byte	.LVUS28
 2977 0b02 0E       		.uleb128 0xe
 2978 0b03 6C6D7000 		.ascii	"lmp\000"
 2979 0b07 4501     		.2byte	0x145
 2980 0b09 0C       		.byte	0xc
 2981 0b0a CD060000 		.4byte	0x6cd
 2982 0b0e 27010000 		.4byte	.LLST29
 2983 0b12 25010000 		.4byte	.LVUS29
 2984 0b16 17       		.uleb128 0x17
 2985 0b17 49050000 		.4byte	.LASF107
 2986 0b1b 640D0000 		.4byte	0xd64
 2987 0b1f 05       		.uleb128 0x5
 2988 0b20 03       		.byte	0x3
 2989 0b21 00000000 		.4byte	__func__.1
 2990 0b25 36       		.uleb128 0x36
 2991 0b26 48000000 		.4byte	.LBB185
 2992 0b2a 36000000 		.4byte	.LBE185-.LBB185
 2993 0b2e D40B0000 		.4byte	0xbd4
 2994 0b32 0E       		.uleb128 0xe
 2995 0b33 747000   		.ascii	"tp\000"
 2996 0b36 5C01     		.2byte	0x15c
 2997 0b38 11       		.byte	0x11
 2998 0b39 01020000 		.4byte	0x201
 2999 0b3d 32010000 		.4byte	.LLST33
 3000 0b41 30010000 		.4byte	.LVUS33
 3001 0b45 29       		.uleb128 0x29
 3002 0b46 93030000 		.4byte	.LASF105
 3003 0b4a 6001     		.2byte	0x160
 3004 0b4c FC000000 		.4byte	0xfc
 3005 0b50 3D010000 		.4byte	.LLST34
 3006 0b54 3B010000 		.4byte	.LVUS34
ARM GAS  /tmp/ccGVB6Hk.s 			page 54


 3007 0b58 11       		.uleb128 0x11
 3008 0b59 B5110000 		.4byte	0x11b5
 3009 0b5d 4E000000 		.4byte	.LBI186
 3010 0b61 01       		.byte	.LVU286
 3011 0b62 4E000000 		.4byte	.LBB186
 3012 0b66 06000000 		.4byte	.LBE186-.LBB186
 3013 0b6a 01       		.byte	0x1
 3014 0b6b 6601     		.2byte	0x166
 3015 0b6d 0D       		.byte	0xd
 3016 0b6e AD0B0000 		.4byte	0xbad
 3017 0b72 05       		.uleb128 0x5
 3018 0b73 C6110000 		.4byte	0x11c6
 3019 0b77 48010000 		.4byte	.LLST35
 3020 0b7b 46010000 		.4byte	.LVUS35
 3021 0b7f 18       		.uleb128 0x18
 3022 0b80 F7110000 		.4byte	0x11f7
 3023 0b84 52000000 		.4byte	.LBI188
 3024 0b88 01       		.byte	.LVU289
 3025 0b89 52000000 		.4byte	.LBB188
 3026 0b8d 02000000 		.4byte	.LBE188-.LBB188
 3027 0b91 A30B0000 		.4byte	0xba3
 3028 0b95 05       		.uleb128 0x5
 3029 0b96 09120000 		.4byte	0x1209
 3030 0b9a 53010000 		.4byte	.LLST36
 3031 0b9e 51010000 		.4byte	.LVUS36
 3032 0ba2 00       		.byte	0
 3033 0ba3 02       		.uleb128 0x2
 3034 0ba4 52000000 		.4byte	.LVL66
 3035 0ba8 48070000 		.4byte	0x748
 3036 0bac 00       		.byte	0
 3037 0bad 09       		.uleb128 0x9
 3038 0bae 6E000000 		.4byte	.LVL70
 3039 0bb2 DB060000 		.4byte	0x6db
 3040 0bb6 C10B0000 		.4byte	0xbc1
 3041 0bba 03       		.uleb128 0x3
 3042 0bbb 01       		.uleb128 0x1
 3043 0bbc 50       		.byte	0x50
 3044 0bbd 02       		.uleb128 0x2
 3045 0bbe 75       		.byte	0x75
 3046 0bbf 00       		.sleb128 0
 3047 0bc0 00       		.byte	0
 3048 0bc1 02       		.uleb128 0x2
 3049 0bc2 7A000000 		.4byte	.LVL71
 3050 0bc6 07070000 		.4byte	0x707
 3051 0bca 02       		.uleb128 0x2
 3052 0bcb 7E000000 		.4byte	.LVL72
 3053 0bcf D2060000 		.4byte	0x6d2
 3054 0bd3 00       		.byte	0
 3055 0bd4 11       		.uleb128 0x11
 3056 0bd5 EF110000 		.4byte	0x11ef
 3057 0bd9 12000000 		.4byte	.LBI176
 3058 0bdd 02       		.byte	.LVU245
 3059 0bde 12000000 		.4byte	.LBB176
 3060 0be2 0A000000 		.4byte	.LBE176-.LBB176
 3061 0be6 01       		.byte	0x1
 3062 0be7 4901     		.2byte	0x149
 3063 0be9 03       		.byte	0x3
ARM GAS  /tmp/ccGVB6Hk.s 			page 55


 3064 0bea 370C0000 		.4byte	0xc37
 3065 0bee 11       		.uleb128 0x11
 3066 0bef 3F120000 		.4byte	0x123f
 3067 0bf3 12000000 		.4byte	.LBI178
 3068 0bf7 04       		.byte	.LVU247
 3069 0bf8 12000000 		.4byte	.LBB178
 3070 0bfc 06000000 		.4byte	.LBE178-.LBB178
 3071 0c00 03       		.byte	0x3
 3072 0c01 5C01     		.2byte	0x15c
 3073 0c03 03       		.byte	0x3
 3074 0c04 2D0C0000 		.4byte	0xc2d
 3075 0c08 27       		.uleb128 0x27
 3076 0c09 47120000 		.4byte	0x1247
 3077 0c0d 12000000 		.4byte	.LBI179
 3078 0c11 06       		.byte	.LVU249
 3079 0c12 12000000 		.4byte	.LBB179
 3080 0c16 06000000 		.4byte	.LBE179-.LBB179
 3081 0c1a 04       		.byte	0x4
 3082 0c1b BF01     		.2byte	0x1bf
 3083 0c1d 03       		.byte	0x3
 3084 0c1e 05       		.uleb128 0x5
 3085 0c1f 54120000 		.4byte	0x1254
 3086 0c23 5E010000 		.4byte	.LLST30
 3087 0c27 5C010000 		.4byte	.LVUS30
 3088 0c2b 00       		.byte	0
 3089 0c2c 00       		.byte	0
 3090 0c2d 02       		.uleb128 0x2
 3091 0c2e 1C000000 		.4byte	.LVL59
 3092 0c32 54070000 		.4byte	0x754
 3093 0c36 00       		.byte	0
 3094 0c37 11       		.uleb128 0x11
 3095 0c38 B5110000 		.4byte	0x11b5
 3096 0c3c 3E000000 		.4byte	.LBI181
 3097 0c40 01       		.byte	.LVU272
 3098 0c41 3E000000 		.4byte	.LBB181
 3099 0c45 04000000 		.4byte	.LBE181-.LBB181
 3100 0c49 01       		.byte	0x1
 3101 0c4a 5B01     		.2byte	0x15b
 3102 0c4c 09       		.byte	0x9
 3103 0c4d 8C0C0000 		.4byte	0xc8c
 3104 0c51 05       		.uleb128 0x5
 3105 0c52 C6110000 		.4byte	0x11c6
 3106 0c56 6B010000 		.4byte	.LLST31
 3107 0c5a 69010000 		.4byte	.LVUS31
 3108 0c5e 18       		.uleb128 0x18
 3109 0c5f F7110000 		.4byte	0x11f7
 3110 0c63 42000000 		.4byte	.LBI183
 3111 0c67 01       		.byte	.LVU275
 3112 0c68 42000000 		.4byte	.LBB183
 3113 0c6c 00000000 		.4byte	.LBE183-.LBB183
 3114 0c70 820C0000 		.4byte	0xc82
 3115 0c74 05       		.uleb128 0x5
 3116 0c75 09120000 		.4byte	0x1209
 3117 0c79 76010000 		.4byte	.LLST32
 3118 0c7d 74010000 		.4byte	.LVUS32
 3119 0c81 00       		.byte	0
 3120 0c82 02       		.uleb128 0x2
ARM GAS  /tmp/ccGVB6Hk.s 			page 56


 3121 0c83 42000000 		.4byte	.LVL63
 3122 0c87 48070000 		.4byte	0x748
 3123 0c8b 00       		.byte	0
 3124 0c8c 08       		.uleb128 0x8
 3125 0c8d D2110000 		.4byte	0x11d2
 3126 0c91 7E000000 		.4byte	.LBI190
 3127 0c95 02       		.byte	.LVU313
 3128 0c96 A5000000 		.4byte	.LLRL37
 3129 0c9a 01       		.byte	0x1
 3130 0c9b 8901     		.2byte	0x189
 3131 0c9d 03       		.byte	0x3
 3132 0c9e FB0C0000 		.4byte	0xcfb
 3133 0ca2 19       		.uleb128 0x19
 3134 0ca3 A5000000 		.4byte	.LLRL37
 3135 0ca7 08       		.uleb128 0x8
 3136 0ca8 37120000 		.4byte	0x1237
 3137 0cac 96000000 		.4byte	.LBI192
 3138 0cb0 02       		.byte	.LVU322
 3139 0cb1 B1000000 		.4byte	.LLRL38
 3140 0cb5 03       		.byte	0x3
 3141 0cb6 7301     		.2byte	0x173
 3142 0cb8 03       		.byte	0x3
 3143 0cb9 DD0C0000 		.4byte	0xcdd
 3144 0cbd 10       		.uleb128 0x10
 3145 0cbe 47120000 		.4byte	0x1247
 3146 0cc2 96000000 		.4byte	.LBI193
 3147 0cc6 04       		.byte	.LVU324
 3148 0cc7 B1000000 		.4byte	.LLRL38
 3149 0ccb 04       		.byte	0x4
 3150 0ccc CD01     		.2byte	0x1cd
 3151 0cce 05       		.uleb128 0x5
 3152 0ccf 54120000 		.4byte	0x1254
 3153 0cd3 83010000 		.4byte	.LLST39
 3154 0cd7 7F010000 		.4byte	.LVUS39
 3155 0cdb 00       		.byte	0
 3156 0cdc 00       		.byte	0
 3157 0cdd 02       		.uleb128 0x2
 3158 0cde 82000000 		.4byte	.LVL73
 3159 0ce2 4E070000 		.4byte	0x74e
 3160 0ce6 0D       		.uleb128 0xd
 3161 0ce7 A6000000 		.4byte	.LVL77
 3162 0ceb 5A070000 		.4byte	0x75a
 3163 0cef 03       		.uleb128 0x3
 3164 0cf0 01       		.uleb128 0x1
 3165 0cf1 50       		.byte	0x50
 3166 0cf2 05       		.uleb128 0x5
 3167 0cf3 03       		.byte	0x3
 3168 0cf4 00000000 		.4byte	__func__.4
 3169 0cf8 00       		.byte	0
 3170 0cf9 00       		.byte	0
 3171 0cfa 00       		.byte	0
 3172 0cfb 09       		.uleb128 0x9
 3173 0cfc 2E000000 		.4byte	.LVL60
 3174 0d00 5A070000 		.4byte	0x75a
 3175 0d04 120D0000 		.4byte	0xd12
 3176 0d08 03       		.uleb128 0x3
 3177 0d09 01       		.uleb128 0x1
ARM GAS  /tmp/ccGVB6Hk.s 			page 57


 3178 0d0a 50       		.byte	0x50
 3179 0d0b 05       		.uleb128 0x5
 3180 0d0c 03       		.byte	0x3
 3181 0d0d 00000000 		.4byte	__func__.1
 3182 0d11 00       		.byte	0
 3183 0d12 09       		.uleb128 0x9
 3184 0d13 3A000000 		.4byte	.LVL61
 3185 0d17 5A070000 		.4byte	0x75a
 3186 0d1b 290D0000 		.4byte	0xd29
 3187 0d1f 03       		.uleb128 0x3
 3188 0d20 01       		.uleb128 0x1
 3189 0d21 50       		.byte	0x50
 3190 0d22 05       		.uleb128 0x5
 3191 0d23 03       		.byte	0x3
 3192 0d24 00000000 		.4byte	__func__.1
 3193 0d28 00       		.byte	0
 3194 0d29 09       		.uleb128 0x9
 3195 0d2a BC000000 		.4byte	.LVL80
 3196 0d2e 5A070000 		.4byte	0x75a
 3197 0d32 400D0000 		.4byte	0xd40
 3198 0d36 03       		.uleb128 0x3
 3199 0d37 01       		.uleb128 0x1
 3200 0d38 50       		.byte	0x50
 3201 0d39 05       		.uleb128 0x5
 3202 0d3a 03       		.byte	0x3
 3203 0d3b 00000000 		.4byte	__func__.1
 3204 0d3f 00       		.byte	0
 3205 0d40 0D       		.uleb128 0xd
 3206 0d41 C6000000 		.4byte	.LVL83
 3207 0d45 5A070000 		.4byte	0x75a
 3208 0d49 03       		.uleb128 0x3
 3209 0d4a 01       		.uleb128 0x1
 3210 0d4b 50       		.byte	0x50
 3211 0d4c 05       		.uleb128 0x5
 3212 0d4d 03       		.byte	0x3
 3213 0d4e 00000000 		.4byte	__func__.1
 3214 0d52 00       		.byte	0
 3215 0d53 00       		.byte	0
 3216 0d54 15       		.uleb128 0x15
 3217 0d55 9B060000 		.4byte	0x69b
 3218 0d59 640D0000 		.4byte	0xd64
 3219 0d5d 16       		.uleb128 0x16
 3220 0d5e 2D000000 		.4byte	0x2d
 3221 0d62 0B       		.byte	0xb
 3222 0d63 00       		.byte	0
 3223 0d64 12       		.uleb128 0x12
 3224 0d65 540D0000 		.4byte	0xd54
 3225 0d69 37       		.uleb128 0x37
 3226 0d6a A3020000 		.4byte	.LASF108
 3227 0d6e 01       		.byte	0x1
 3228 0d6f 1A01     		.2byte	0x11a
 3229 0d71 06       		.byte	0x6
 3230 0d72 970D0000 		.4byte	0xd97
 3231 0d76 01       		.byte	0x1
 3232 0d77 970D0000 		.4byte	0xd97
 3233 0d7b 21       		.uleb128 0x21
 3234 0d7c 6D7000   		.ascii	"mp\000"
ARM GAS  /tmp/ccGVB6Hk.s 			page 58


 3235 0d7f 01       		.byte	0x1
 3236 0d80 1A01     		.2byte	0x11a
 3237 0d82 1D       		.byte	0x1d
 3238 0d83 CD060000 		.4byte	0x6cd
 3239 0d87 17       		.uleb128 0x17
 3240 0d88 49050000 		.4byte	.LASF107
 3241 0d8c AE0D0000 		.4byte	0xdae
 3242 0d90 05       		.uleb128 0x5
 3243 0d91 03       		.byte	0x3
 3244 0d92 00000000 		.4byte	__func__.2
 3245 0d96 00       		.byte	0
 3246 0d97 0A       		.uleb128 0xa
 3247 0d98 01       		.byte	0x1
 3248 0d99 02       		.byte	0x2
 3249 0d9a F1040000 		.4byte	.LASF109
 3250 0d9e 15       		.uleb128 0x15
 3251 0d9f 9B060000 		.4byte	0x69b
 3252 0da3 AE0D0000 		.4byte	0xdae
 3253 0da7 16       		.uleb128 0x16
 3254 0da8 2D000000 		.4byte	0x2d
 3255 0dac 0D       		.byte	0xd
 3256 0dad 00       		.byte	0
 3257 0dae 12       		.uleb128 0x12
 3258 0daf 9E0D0000 		.4byte	0xd9e
 3259 0db3 38       		.uleb128 0x38
 3260 0db4 C2030000 		.4byte	.LASF125
 3261 0db8 01       		.byte	0x1
 3262 0db9 FF       		.byte	0xff
 3263 0dba 06       		.byte	0x6
 3264 0dbb 970D0000 		.4byte	0xd97
 3265 0dbf 00000000 		.4byte	.LFB189
 3266 0dc3 6C000000 		.4byte	.LFE189-.LFB189
 3267 0dc7 01       		.uleb128 0x1
 3268 0dc8 9C       		.byte	0x9c
 3269 0dc9 200F0000 		.4byte	0xf20
 3270 0dcd 1C       		.uleb128 0x1c
 3271 0dce 6D7000   		.ascii	"mp\000"
 3272 0dd1 FF       		.byte	0xff
 3273 0dd2 1C       		.byte	0x1c
 3274 0dd3 CD060000 		.4byte	0x6cd
 3275 0dd7 99010000 		.4byte	.LLST14
 3276 0ddb 95010000 		.4byte	.LVUS14
 3277 0ddf 0E       		.uleb128 0xe
 3278 0de0 6200     		.ascii	"b\000"
 3279 0de2 0001     		.2byte	0x100
 3280 0de4 08       		.byte	0x8
 3281 0de5 970D0000 		.4byte	0xd97
 3282 0de9 AB010000 		.4byte	.LLST15
 3283 0ded A9010000 		.4byte	.LVUS15
 3284 0df1 08       		.uleb128 0x8
 3285 0df2 EF110000 		.4byte	0x11ef
 3286 0df6 00000000 		.4byte	.LBI122
 3287 0dfa 03       		.byte	.LVU144
 3288 0dfb 63000000 		.4byte	.LLRL16
 3289 0dff 01       		.byte	0x1
 3290 0e00 0201     		.2byte	0x102
 3291 0e02 03       		.byte	0x3
ARM GAS  /tmp/ccGVB6Hk.s 			page 59


 3292 0e03 470E0000 		.4byte	0xe47
 3293 0e07 08       		.uleb128 0x8
 3294 0e08 3F120000 		.4byte	0x123f
 3295 0e0c 00000000 		.4byte	.LBI124
 3296 0e10 05       		.byte	.LVU146
 3297 0e11 72000000 		.4byte	.LLRL17
 3298 0e15 03       		.byte	0x3
 3299 0e16 5C01     		.2byte	0x15c
 3300 0e18 03       		.byte	0x3
 3301 0e19 3D0E0000 		.4byte	0xe3d
 3302 0e1d 10       		.uleb128 0x10
 3303 0e1e 47120000 		.4byte	0x1247
 3304 0e22 00000000 		.4byte	.LBI125
 3305 0e26 07       		.byte	.LVU148
 3306 0e27 72000000 		.4byte	.LLRL17
 3307 0e2b 04       		.byte	0x4
 3308 0e2c BF01     		.2byte	0x1bf
 3309 0e2e 05       		.uleb128 0x5
 3310 0e2f 54120000 		.4byte	0x1254
 3311 0e33 B6010000 		.4byte	.LLST18
 3312 0e37 B4010000 		.4byte	.LVUS18
 3313 0e3b 00       		.byte	0
 3314 0e3c 00       		.byte	0
 3315 0e3d 02       		.uleb128 0x2
 3316 0e3e 0E000000 		.4byte	.LVL37
 3317 0e42 54070000 		.4byte	0x754
 3318 0e46 00       		.byte	0
 3319 0e47 08       		.uleb128 0x8
 3320 0e48 690D0000 		.4byte	0xd69
 3321 0e4c 0E000000 		.4byte	.LBI137
 3322 0e50 02       		.byte	.LVU159
 3323 0e51 81000000 		.4byte	.LLRL19
 3324 0e55 01       		.byte	0x1
 3325 0e56 0301     		.2byte	0x103
 3326 0e58 07       		.byte	0x7
 3327 0e59 B50E0000 		.4byte	0xeb5
 3328 0e5d 05       		.uleb128 0x5
 3329 0e5e 7B0D0000 		.4byte	0xd7b
 3330 0e62 C5010000 		.4byte	.LLST20
 3331 0e66 C1010000 		.4byte	.LVUS20
 3332 0e6a 19       		.uleb128 0x19
 3333 0e6b 81000000 		.4byte	.LLRL19
 3334 0e6f 11       		.uleb128 0x11
 3335 0e70 690D0000 		.4byte	0xd69
 3336 0e74 4A000000 		.4byte	.LBI139
 3337 0e78 00       		.byte	.LVU196
 3338 0e79 4A000000 		.4byte	.LBB139
 3339 0e7d 0E000000 		.4byte	.LBE139-.LBB139
 3340 0e81 01       		.byte	0x1
 3341 0e82 1A01     		.2byte	0x11a
 3342 0e84 06       		.byte	0x6
 3343 0e85 970E0000 		.4byte	0xe97
 3344 0e89 05       		.uleb128 0x5
 3345 0e8a 7B0D0000 		.4byte	0xd7b
 3346 0e8e D7010000 		.4byte	.LLST21
 3347 0e92 D5010000 		.4byte	.LVUS21
 3348 0e96 00       		.byte	0
ARM GAS  /tmp/ccGVB6Hk.s 			page 60


 3349 0e97 02       		.uleb128 0x2
 3350 0e98 12000000 		.4byte	.LVL38
 3351 0e9c 48070000 		.4byte	0x748
 3352 0ea0 0D       		.uleb128 0xd
 3353 0ea1 5E000000 		.4byte	.LVL48
 3354 0ea5 5A070000 		.4byte	0x75a
 3355 0ea9 03       		.uleb128 0x3
 3356 0eaa 01       		.uleb128 0x1
 3357 0eab 50       		.byte	0x50
 3358 0eac 05       		.uleb128 0x5
 3359 0ead 03       		.byte	0x3
 3360 0eae 00000000 		.4byte	__func__.2
 3361 0eb2 00       		.byte	0
 3362 0eb3 00       		.byte	0
 3363 0eb4 00       		.byte	0
 3364 0eb5 10       		.uleb128 0x10
 3365 0eb6 D2110000 		.4byte	0x11d2
 3366 0eba 1C000000 		.4byte	.LBI142
 3367 0ebe 02       		.byte	.LVU170
 3368 0ebf 8D000000 		.4byte	.LLRL22
 3369 0ec3 01       		.byte	0x1
 3370 0ec4 0401     		.2byte	0x104
 3371 0ec6 19       		.uleb128 0x19
 3372 0ec7 8D000000 		.4byte	.LLRL22
 3373 0ecb 08       		.uleb128 0x8
 3374 0ecc 37120000 		.4byte	0x1237
 3375 0ed0 30000000 		.4byte	.LBI144
 3376 0ed4 02       		.byte	.LVU179
 3377 0ed5 99000000 		.4byte	.LLRL23
 3378 0ed9 03       		.byte	0x3
 3379 0eda 7301     		.2byte	0x173
 3380 0edc 03       		.byte	0x3
 3381 0edd 010F0000 		.4byte	0xf01
 3382 0ee1 10       		.uleb128 0x10
 3383 0ee2 47120000 		.4byte	0x1247
 3384 0ee6 30000000 		.4byte	.LBI145
 3385 0eea 04       		.byte	.LVU181
 3386 0eeb 99000000 		.4byte	.LLRL23
 3387 0eef 04       		.byte	0x4
 3388 0ef0 CD01     		.2byte	0x1cd
 3389 0ef2 05       		.uleb128 0x5
 3390 0ef3 54120000 		.4byte	0x1254
 3391 0ef7 E4010000 		.4byte	.LLST24
 3392 0efb E0010000 		.4byte	.LVUS24
 3393 0eff 00       		.byte	0
 3394 0f00 00       		.byte	0
 3395 0f01 02       		.uleb128 0x2
 3396 0f02 20000000 		.4byte	.LVL40
 3397 0f06 4E070000 		.4byte	0x74e
 3398 0f0a 0D       		.uleb128 0xd
 3399 0f0b 40000000 		.4byte	.LVL44
 3400 0f0f 5A070000 		.4byte	0x75a
 3401 0f13 03       		.uleb128 0x3
 3402 0f14 01       		.uleb128 0x1
 3403 0f15 50       		.byte	0x50
 3404 0f16 05       		.uleb128 0x5
 3405 0f17 03       		.byte	0x3
ARM GAS  /tmp/ccGVB6Hk.s 			page 61


 3406 0f18 00000000 		.4byte	__func__.4
 3407 0f1c 00       		.byte	0
 3408 0f1d 00       		.byte	0
 3409 0f1e 00       		.byte	0
 3410 0f1f 00       		.byte	0
 3411 0f20 22       		.uleb128 0x22
 3412 0f21 A1060000 		.4byte	.LASF110
 3413 0f25 8B       		.byte	0x8b
 3414 0f26 00000000 		.4byte	.LFB188
 3415 0f2a 9C000000 		.4byte	.LFE188-.LFB188
 3416 0f2e 01       		.uleb128 0x1
 3417 0f2f 9C       		.byte	0x9c
 3418 0f30 2B100000 		.4byte	0x102b
 3419 0f34 1C       		.uleb128 0x1c
 3420 0f35 6D7000   		.ascii	"mp\000"
 3421 0f38 8B       		.byte	0x8b
 3422 0f39 1A       		.byte	0x1a
 3423 0f3a CD060000 		.4byte	0x6cd
 3424 0f3e FE010000 		.4byte	.LLST3
 3425 0f42 F6010000 		.4byte	.LVUS3
 3426 0f46 2A       		.uleb128 0x2a
 3427 0f47 63747000 		.ascii	"ctp\000"
 3428 0f4b 8C       		.byte	0x8c
 3429 0f4c 0D       		.byte	0xd
 3430 0f4d 01020000 		.4byte	0x201
 3431 0f51 26020000 		.4byte	.LLST4
 3432 0f55 22020000 		.4byte	.LVUS4
 3433 0f59 17       		.uleb128 0x17
 3434 0f5a 49050000 		.4byte	.LASF107
 3435 0f5e 3B100000 		.4byte	0x103b
 3436 0f62 05       		.uleb128 0x5
 3437 0f63 03       		.byte	0x3
 3438 0f64 00000000 		.4byte	__func__.3
 3439 0f68 1B       		.uleb128 0x1b
 3440 0f69 1E000000 		.4byte	.LLRL5
 3441 0f6d 0E100000 		.4byte	0x100e
 3442 0f71 2A       		.uleb128 0x2a
 3443 0f72 747000   		.ascii	"tp\000"
 3444 0f75 A1       		.byte	0xa1
 3445 0f76 11       		.byte	0x11
 3446 0f77 01020000 		.4byte	0x201
 3447 0f7b 3D020000 		.4byte	.LLST6
 3448 0f7f 37020000 		.4byte	.LVUS6
 3449 0f83 09       		.uleb128 0x9
 3450 0f84 30000000 		.4byte	.LVL11
 3451 0f88 1C070000 		.4byte	0x71c
 3452 0f8c 9D0F0000 		.4byte	0xf9d
 3453 0f90 03       		.uleb128 0x3
 3454 0f91 01       		.uleb128 0x1
 3455 0f92 50       		.byte	0x50
 3456 0f93 02       		.uleb128 0x2
 3457 0f94 76       		.byte	0x76
 3458 0f95 00       		.sleb128 0
 3459 0f96 03       		.uleb128 0x3
 3460 0f97 01       		.uleb128 0x1
 3461 0f98 51       		.byte	0x51
 3462 0f99 02       		.uleb128 0x2
ARM GAS  /tmp/ccGVB6Hk.s 			page 62


 3463 0f9a 74       		.byte	0x74
 3464 0f9b 00       		.sleb128 0
 3465 0f9c 00       		.byte	0
 3466 0f9d 09       		.uleb128 0x9
 3467 0f9e 38000000 		.4byte	.LVL12
 3468 0fa2 F5060000 		.4byte	0x6f5
 3469 0fa6 B00F0000 		.4byte	0xfb0
 3470 0faa 03       		.uleb128 0x3
 3471 0fab 01       		.uleb128 0x1
 3472 0fac 50       		.byte	0x50
 3473 0fad 01       		.uleb128 0x1
 3474 0fae 36       		.byte	0x36
 3475 0faf 00       		.byte	0
 3476 0fb0 09       		.uleb128 0x9
 3477 0fb1 44000000 		.4byte	.LVL13
 3478 0fb5 5A070000 		.4byte	0x75a
 3479 0fb9 C70F0000 		.4byte	0xfc7
 3480 0fbd 03       		.uleb128 0x3
 3481 0fbe 01       		.uleb128 0x1
 3482 0fbf 50       		.byte	0x50
 3483 0fc0 05       		.uleb128 0x5
 3484 0fc1 03       		.byte	0x3
 3485 0fc2 00000000 		.4byte	__func__.3
 3486 0fc6 00       		.byte	0
 3487 0fc7 39       		.uleb128 0x39
 3488 0fc8 54000000 		.4byte	.LVL15
 3489 0fcc 5A070000 		.4byte	0x75a
 3490 0fd0 DE0F0000 		.4byte	0xfde
 3491 0fd4 03       		.uleb128 0x3
 3492 0fd5 01       		.uleb128 0x1
 3493 0fd6 50       		.byte	0x50
 3494 0fd7 05       		.uleb128 0x5
 3495 0fd8 03       		.byte	0x3
 3496 0fd9 00000000 		.4byte	__func__.3
 3497 0fdd 00       		.byte	0
 3498 0fde 02       		.uleb128 0x2
 3499 0fdf 62000000 		.4byte	.LVL17
 3500 0fe3 33070000 		.4byte	0x733
 3501 0fe7 02       		.uleb128 0x2
 3502 0fe8 68000000 		.4byte	.LVL18
 3503 0fec 1C070000 		.4byte	0x71c
 3504 0ff0 09       		.uleb128 0x9
 3505 0ff1 86000000 		.4byte	.LVL20
 3506 0ff5 33070000 		.4byte	0x733
 3507 0ff9 04100000 		.4byte	0x1004
 3508 0ffd 03       		.uleb128 0x3
 3509 0ffe 01       		.uleb128 0x1
 3510 0fff 50       		.byte	0x50
 3511 1000 02       		.uleb128 0x2
 3512 1001 75       		.byte	0x75
 3513 1002 00       		.sleb128 0
 3514 1003 00       		.byte	0
 3515 1004 02       		.uleb128 0x2
 3516 1005 8A000000 		.4byte	.LVL21
 3517 1009 07070000 		.4byte	0x707
 3518 100d 00       		.byte	0
 3519 100e 02       		.uleb128 0x2
ARM GAS  /tmp/ccGVB6Hk.s 			page 63


 3520 100f 0C000000 		.4byte	.LVL9
 3521 1013 48070000 		.4byte	0x748
 3522 1017 0D       		.uleb128 0xd
 3523 1018 92000000 		.4byte	.LVL23
 3524 101c 5A070000 		.4byte	0x75a
 3525 1020 03       		.uleb128 0x3
 3526 1021 01       		.uleb128 0x1
 3527 1022 50       		.byte	0x50
 3528 1023 05       		.uleb128 0x5
 3529 1024 03       		.byte	0x3
 3530 1025 00000000 		.4byte	__func__.3
 3531 1029 00       		.byte	0
 3532 102a 00       		.byte	0
 3533 102b 15       		.uleb128 0x15
 3534 102c 9B060000 		.4byte	0x69b
 3535 1030 3B100000 		.4byte	0x103b
 3536 1034 16       		.uleb128 0x16
 3537 1035 2D000000 		.4byte	0x2d
 3538 1039 0A       		.byte	0xa
 3539 103a 00       		.byte	0
 3540 103b 12       		.uleb128 0x12
 3541 103c 2B100000 		.4byte	0x102b
 3542 1040 22       		.uleb128 0x22
 3543 1041 65040000 		.4byte	.LASF111
 3544 1045 7B       		.byte	0x7b
 3545 1046 00000000 		.4byte	.LFB187
 3546 104a 48000000 		.4byte	.LFE187-.LFB187
 3547 104e 01       		.uleb128 0x1
 3548 104f 9C       		.byte	0x9c
 3549 1050 36110000 		.4byte	0x1136
 3550 1054 1C       		.uleb128 0x1c
 3551 1055 6D7000   		.ascii	"mp\000"
 3552 1058 7B       		.byte	0x7b
 3553 1059 19       		.byte	0x19
 3554 105a CD060000 		.4byte	0x6cd
 3555 105e 58020000 		.4byte	.LLST7
 3556 1062 52020000 		.4byte	.LVUS7
 3557 1066 23       		.uleb128 0x23
 3558 1067 EF110000 		.4byte	0x11ef
 3559 106b 00000000 		.4byte	.LBI83
 3560 106f 02       		.byte	.LVU100
 3561 1070 2D000000 		.4byte	.LLRL8
 3562 1074 7D       		.byte	0x7d
 3563 1075 B9100000 		.4byte	0x10b9
 3564 1079 08       		.uleb128 0x8
 3565 107a 3F120000 		.4byte	0x123f
 3566 107e 00000000 		.4byte	.LBI85
 3567 1082 04       		.byte	.LVU102
 3568 1083 3C000000 		.4byte	.LLRL9
 3569 1087 03       		.byte	0x3
 3570 1088 5C01     		.2byte	0x15c
 3571 108a 03       		.byte	0x3
 3572 108b AF100000 		.4byte	0x10af
 3573 108f 10       		.uleb128 0x10
 3574 1090 47120000 		.4byte	0x1247
 3575 1094 00000000 		.4byte	.LBI86
 3576 1098 06       		.byte	.LVU104
ARM GAS  /tmp/ccGVB6Hk.s 			page 64


 3577 1099 3C000000 		.4byte	.LLRL9
 3578 109d 04       		.byte	0x4
 3579 109e BF01     		.2byte	0x1bf
 3580 10a0 05       		.uleb128 0x5
 3581 10a1 54120000 		.4byte	0x1254
 3582 10a5 78020000 		.4byte	.LLST10
 3583 10a9 76020000 		.4byte	.LVUS10
 3584 10ad 00       		.byte	0
 3585 10ae 00       		.byte	0
 3586 10af 02       		.uleb128 0x2
 3587 10b0 0E000000 		.4byte	.LVL26
 3588 10b4 54070000 		.4byte	0x754
 3589 10b8 00       		.byte	0
 3590 10b9 23       		.uleb128 0x23
 3591 10ba D2110000 		.4byte	0x11d2
 3592 10be 14000000 		.4byte	.LBI98
 3593 10c2 01       		.byte	.LVU116
 3594 10c3 4B000000 		.4byte	.LLRL11
 3595 10c7 7F       		.byte	0x7f
 3596 10c8 25110000 		.4byte	0x1125
 3597 10cc 19       		.uleb128 0x19
 3598 10cd 4B000000 		.4byte	.LLRL11
 3599 10d1 08       		.uleb128 0x8
 3600 10d2 37120000 		.4byte	0x1237
 3601 10d6 2A000000 		.4byte	.LBI100
 3602 10da 02       		.byte	.LVU125
 3603 10db 57000000 		.4byte	.LLRL12
 3604 10df 03       		.byte	0x3
 3605 10e0 7301     		.2byte	0x173
 3606 10e2 03       		.byte	0x3
 3607 10e3 07110000 		.4byte	0x1107
 3608 10e7 10       		.uleb128 0x10
 3609 10e8 47120000 		.4byte	0x1247
 3610 10ec 2A000000 		.4byte	.LBI101
 3611 10f0 04       		.byte	.LVU127
 3612 10f1 57000000 		.4byte	.LLRL12
 3613 10f5 04       		.byte	0x4
 3614 10f6 CD01     		.2byte	0x1cd
 3615 10f8 05       		.uleb128 0x5
 3616 10f9 54120000 		.4byte	0x1254
 3617 10fd 87020000 		.4byte	.LLST13
 3618 1101 83020000 		.4byte	.LVUS13
 3619 1105 00       		.byte	0
 3620 1106 00       		.byte	0
 3621 1107 02       		.uleb128 0x2
 3622 1108 18000000 		.4byte	.LVL28
 3623 110c 4E070000 		.4byte	0x74e
 3624 1110 0D       		.uleb128 0xd
 3625 1111 38000000 		.4byte	.LVL32
 3626 1115 5A070000 		.4byte	0x75a
 3627 1119 03       		.uleb128 0x3
 3628 111a 01       		.uleb128 0x1
 3629 111b 50       		.byte	0x50
 3630 111c 05       		.uleb128 0x5
 3631 111d 03       		.byte	0x3
 3632 111e 00000000 		.4byte	__func__.4
 3633 1122 00       		.byte	0
ARM GAS  /tmp/ccGVB6Hk.s 			page 65


 3634 1123 00       		.byte	0
 3635 1124 00       		.byte	0
 3636 1125 0D       		.uleb128 0xd
 3637 1126 14000000 		.4byte	.LVL27
 3638 112a 200F0000 		.4byte	0xf20
 3639 112e 03       		.uleb128 0x3
 3640 112f 01       		.uleb128 0x1
 3641 1130 50       		.byte	0x50
 3642 1131 02       		.uleb128 0x2
 3643 1132 74       		.byte	0x74
 3644 1133 00       		.sleb128 0
 3645 1134 00       		.byte	0
 3646 1135 00       		.byte	0
 3647 1136 22       		.uleb128 0x22
 3648 1137 D1040000 		.4byte	.LASF112
 3649 113b 67       		.byte	0x67
 3650 113c 00000000 		.4byte	.LFB186
 3651 1140 24000000 		.4byte	.LFE186-.LFB186
 3652 1144 01       		.uleb128 0x1
 3653 1145 9C       		.byte	0x9c
 3654 1146 A0110000 		.4byte	0x11a0
 3655 114a 1C       		.uleb128 0x1c
 3656 114b 6D7000   		.ascii	"mp\000"
 3657 114e 67       		.byte	0x67
 3658 114f 1F       		.byte	0x1f
 3659 1150 CD060000 		.4byte	0x6cd
 3660 1154 9F020000 		.4byte	.LLST0
 3661 1158 99020000 		.4byte	.LVUS0
 3662 115c 17       		.uleb128 0x17
 3663 115d 49050000 		.4byte	.LASF107
 3664 1161 B0110000 		.4byte	0x11b0
 3665 1165 05       		.uleb128 0x5
 3666 1166 03       		.byte	0x3
 3667 1167 00000000 		.4byte	__func__.5
 3668 116b 23       		.uleb128 0x23
 3669 116c 1C120000 		.4byte	0x121c
 3670 1170 06000000 		.4byte	.LBI62
 3671 1174 02       		.byte	.LVU8
 3672 1175 0C000000 		.4byte	.LLRL1
 3673 1179 6B       		.byte	0x6b
 3674 117a 8C110000 		.4byte	0x118c
 3675 117e 05       		.uleb128 0x5
 3676 117f 29120000 		.4byte	0x1229
 3677 1183 C1020000 		.4byte	.LLST2
 3678 1187 BD020000 		.4byte	.LVUS2
 3679 118b 00       		.byte	0
 3680 118c 0D       		.uleb128 0xd
 3681 118d 16000000 		.4byte	.LVL4
 3682 1191 5A070000 		.4byte	0x75a
 3683 1195 03       		.uleb128 0x3
 3684 1196 01       		.uleb128 0x1
 3685 1197 50       		.byte	0x50
 3686 1198 05       		.uleb128 0x5
 3687 1199 03       		.byte	0x3
 3688 119a 00000000 		.4byte	__func__.5
 3689 119e 00       		.byte	0
 3690 119f 00       		.byte	0
ARM GAS  /tmp/ccGVB6Hk.s 			page 66


 3691 11a0 15       		.uleb128 0x15
 3692 11a1 9B060000 		.4byte	0x69b
 3693 11a5 B0110000 		.4byte	0x11b0
 3694 11a9 16       		.uleb128 0x16
 3695 11aa 2D000000 		.4byte	0x2d
 3696 11ae 0F       		.byte	0xf
 3697 11af 00       		.byte	0
 3698 11b0 12       		.uleb128 0x12
 3699 11b1 A0110000 		.4byte	0x11a0
 3700 11b5 3A       		.uleb128 0x3a
 3701 11b6 07060000 		.4byte	.LASF113
 3702 11ba 06       		.byte	0x6
 3703 11bb 81       		.byte	0x81
 3704 11bc 14       		.byte	0x14
 3705 11bd 970D0000 		.4byte	0xd97
 3706 11c1 03       		.byte	0x3
 3707 11c2 D2110000 		.4byte	0x11d2
 3708 11c6 3B       		.uleb128 0x3b
 3709 11c7 6D7000   		.ascii	"mp\000"
 3710 11ca 06       		.byte	0x6
 3711 11cb 81       		.byte	0x81
 3712 11cc 31       		.byte	0x31
 3713 11cd CD060000 		.4byte	0x6cd
 3714 11d1 00       		.byte	0
 3715 11d2 24       		.uleb128 0x24
 3716 11d3 95060000 		.4byte	.LASF115
 3717 11d7 03       		.byte	0x3
 3718 11d8 6601     		.2byte	0x166
 3719 11da 14       		.byte	0x14
 3720 11db EF110000 		.4byte	0x11ef
 3721 11df 17       		.uleb128 0x17
 3722 11e0 49050000 		.4byte	.LASF107
 3723 11e4 640D0000 		.4byte	0xd64
 3724 11e8 05       		.uleb128 0x5
 3725 11e9 03       		.byte	0x3
 3726 11ea 00000000 		.4byte	__func__.4
 3727 11ee 00       		.byte	0
 3728 11ef 25       		.uleb128 0x25
 3729 11f0 52050000 		.4byte	.LASF117
 3730 11f4 03       		.byte	0x3
 3731 11f5 5A01     		.2byte	0x15a
 3732 11f7 3C       		.uleb128 0x3c
 3733 11f8 94020000 		.4byte	.LASF114
 3734 11fc 02       		.byte	0x2
 3735 11fd 7502     		.2byte	0x275
 3736 11ff 14       		.byte	0x14
 3737 1200 970D0000 		.4byte	0xd97
 3738 1204 03       		.byte	0x3
 3739 1205 17120000 		.4byte	0x1217
 3740 1209 21       		.uleb128 0x21
 3741 120a 74717000 		.ascii	"tqp\000"
 3742 120e 02       		.byte	0x2
 3743 120f 7502     		.2byte	0x275
 3744 1211 3A       		.byte	0x3a
 3745 1212 17120000 		.4byte	0x1217
 3746 1216 00       		.byte	0
 3747 1217 0B       		.uleb128 0xb
ARM GAS  /tmp/ccGVB6Hk.s 			page 67


 3748 1218 12020000 		.4byte	0x212
 3749 121c 24       		.uleb128 0x24
 3750 121d 48000000 		.4byte	.LASF116
 3751 1221 02       		.byte	0x2
 3752 1222 5A02     		.2byte	0x25a
 3753 1224 14       		.byte	0x14
 3754 1225 37120000 		.4byte	0x1237
 3755 1229 21       		.uleb128 0x21
 3756 122a 74717000 		.ascii	"tqp\000"
 3757 122e 02       		.byte	0x2
 3758 122f 5A02     		.2byte	0x25a
 3759 1231 30       		.byte	0x30
 3760 1232 F0060000 		.4byte	0x6f0
 3761 1236 00       		.byte	0
 3762 1237 25       		.uleb128 0x25
 3763 1238 18020000 		.4byte	.LASF118
 3764 123c 04       		.byte	0x4
 3765 123d CA01     		.2byte	0x1ca
 3766 123f 25       		.uleb128 0x25
 3767 1240 53000000 		.4byte	.LASF119
 3768 1244 04       		.byte	0x4
 3769 1245 BC01     		.2byte	0x1bc
 3770 1247 24       		.uleb128 0x24
 3771 1248 26040000 		.4byte	.LASF120
 3772 124c 05       		.byte	0x5
 3773 124d 2002     		.2byte	0x220
 3774 124f 39       		.byte	0x39
 3775 1250 62120000 		.4byte	0x1262
 3776 1254 3D       		.uleb128 0x3d
 3777 1255 F9020000 		.4byte	.LASF121
 3778 1259 05       		.byte	0x5
 3779 125a 2002     		.2byte	0x220
 3780 125c 50       		.byte	0x50
 3781 125d B4000000 		.4byte	0xb4
 3782 1261 00       		.byte	0
 3783 1262 3E       		.uleb128 0x3e
 3784 1263 690D0000 		.4byte	0xd69
 3785 1267 00000000 		.4byte	.LFB190
 3786 126b 34000000 		.4byte	.LFE190-.LFB190
 3787 126f 01       		.uleb128 0x1
 3788 1270 9C       		.byte	0x9c
 3789 1271 05       		.uleb128 0x5
 3790 1272 7B0D0000 		.4byte	0xd7b
 3791 1276 D5020000 		.4byte	.LLST25
 3792 127a D1020000 		.4byte	.LVUS25
 3793 127e 11       		.uleb128 0x11
 3794 127f 690D0000 		.4byte	0xd69
 3795 1283 12000000 		.4byte	.LBI155
 3796 1287 00       		.byte	.LVU221
 3797 1288 12000000 		.4byte	.LBB155
 3798 128c 0E000000 		.4byte	.LBE155-.LBB155
 3799 1290 01       		.byte	0x1
 3800 1291 1A01     		.2byte	0x11a
 3801 1293 06       		.byte	0x6
 3802 1294 A6120000 		.4byte	0x12a6
 3803 1298 05       		.uleb128 0x5
 3804 1299 7B0D0000 		.4byte	0xd7b
ARM GAS  /tmp/ccGVB6Hk.s 			page 68


 3805 129d E7020000 		.4byte	.LLST26
 3806 12a1 E5020000 		.4byte	.LVUS26
 3807 12a5 00       		.byte	0
 3808 12a6 02       		.uleb128 0x2
 3809 12a7 08000000 		.4byte	.LVL50
 3810 12ab 48070000 		.4byte	0x748
 3811 12af 0D       		.uleb128 0xd
 3812 12b0 28000000 		.4byte	.LVL54
 3813 12b4 5A070000 		.4byte	0x75a
 3814 12b8 03       		.uleb128 0x3
 3815 12b9 01       		.uleb128 0x1
 3816 12ba 50       		.byte	0x50
 3817 12bb 05       		.uleb128 0x5
 3818 12bc 03       		.byte	0x3
 3819 12bd 00000000 		.4byte	__func__.2
 3820 12c1 00       		.byte	0
 3821 12c2 00       		.byte	0
 3822 12c3 00       		.byte	0
 3823              		.section	.debug_abbrev,"",%progbits
 3824              	.Ldebug_abbrev0:
 3825 0000 01       		.uleb128 0x1
 3826 0001 16       		.uleb128 0x16
 3827 0002 00       		.byte	0
 3828 0003 03       		.uleb128 0x3
 3829 0004 0E       		.uleb128 0xe
 3830 0005 3A       		.uleb128 0x3a
 3831 0006 0B       		.uleb128 0xb
 3832 0007 3B       		.uleb128 0x3b
 3833 0008 0B       		.uleb128 0xb
 3834 0009 39       		.uleb128 0x39
 3835 000a 0B       		.uleb128 0xb
 3836 000b 49       		.uleb128 0x49
 3837 000c 13       		.uleb128 0x13
 3838 000d 00       		.byte	0
 3839 000e 00       		.byte	0
 3840 000f 02       		.uleb128 0x2
 3841 0010 48       		.uleb128 0x48
 3842 0011 00       		.byte	0
 3843 0012 7D       		.uleb128 0x7d
 3844 0013 01       		.uleb128 0x1
 3845 0014 7F       		.uleb128 0x7f
 3846 0015 13       		.uleb128 0x13
 3847 0016 00       		.byte	0
 3848 0017 00       		.byte	0
 3849 0018 03       		.uleb128 0x3
 3850 0019 49       		.uleb128 0x49
 3851 001a 00       		.byte	0
 3852 001b 02       		.uleb128 0x2
 3853 001c 18       		.uleb128 0x18
 3854 001d 7E       		.uleb128 0x7e
 3855 001e 18       		.uleb128 0x18
 3856 001f 00       		.byte	0
 3857 0020 00       		.byte	0
 3858 0021 04       		.uleb128 0x4
 3859 0022 0D       		.uleb128 0xd
 3860 0023 00       		.byte	0
 3861 0024 03       		.uleb128 0x3
ARM GAS  /tmp/ccGVB6Hk.s 			page 69


 3862 0025 0E       		.uleb128 0xe
 3863 0026 3A       		.uleb128 0x3a
 3864 0027 21       		.uleb128 0x21
 3865 0028 02       		.sleb128 2
 3866 0029 3B       		.uleb128 0x3b
 3867 002a 05       		.uleb128 0x5
 3868 002b 39       		.uleb128 0x39
 3869 002c 0B       		.uleb128 0xb
 3870 002d 49       		.uleb128 0x49
 3871 002e 13       		.uleb128 0x13
 3872 002f 38       		.uleb128 0x38
 3873 0030 0B       		.uleb128 0xb
 3874 0031 00       		.byte	0
 3875 0032 00       		.byte	0
 3876 0033 05       		.uleb128 0x5
 3877 0034 05       		.uleb128 0x5
 3878 0035 00       		.byte	0
 3879 0036 31       		.uleb128 0x31
 3880 0037 13       		.uleb128 0x13
 3881 0038 02       		.uleb128 0x2
 3882 0039 17       		.uleb128 0x17
 3883 003a B742     		.uleb128 0x2137
 3884 003c 17       		.uleb128 0x17
 3885 003d 00       		.byte	0
 3886 003e 00       		.byte	0
 3887 003f 06       		.uleb128 0x6
 3888 0040 0D       		.uleb128 0xd
 3889 0041 00       		.byte	0
 3890 0042 03       		.uleb128 0x3
 3891 0043 0E       		.uleb128 0xe
 3892 0044 3A       		.uleb128 0x3a
 3893 0045 0B       		.uleb128 0xb
 3894 0046 3B       		.uleb128 0x3b
 3895 0047 0B       		.uleb128 0xb
 3896 0048 39       		.uleb128 0x39
 3897 0049 0B       		.uleb128 0xb
 3898 004a 49       		.uleb128 0x49
 3899 004b 13       		.uleb128 0x13
 3900 004c 38       		.uleb128 0x38
 3901 004d 0B       		.uleb128 0xb
 3902 004e 00       		.byte	0
 3903 004f 00       		.byte	0
 3904 0050 07       		.uleb128 0x7
 3905 0051 0D       		.uleb128 0xd
 3906 0052 00       		.byte	0
 3907 0053 03       		.uleb128 0x3
 3908 0054 08       		.uleb128 0x8
 3909 0055 3A       		.uleb128 0x3a
 3910 0056 0B       		.uleb128 0xb
 3911 0057 3B       		.uleb128 0x3b
 3912 0058 05       		.uleb128 0x5
 3913 0059 39       		.uleb128 0x39
 3914 005a 0B       		.uleb128 0xb
 3915 005b 49       		.uleb128 0x49
 3916 005c 13       		.uleb128 0x13
 3917 005d 38       		.uleb128 0x38
 3918 005e 0B       		.uleb128 0xb
ARM GAS  /tmp/ccGVB6Hk.s 			page 70


 3919 005f 00       		.byte	0
 3920 0060 00       		.byte	0
 3921 0061 08       		.uleb128 0x8
 3922 0062 1D       		.uleb128 0x1d
 3923 0063 01       		.byte	0x1
 3924 0064 31       		.uleb128 0x31
 3925 0065 13       		.uleb128 0x13
 3926 0066 52       		.uleb128 0x52
 3927 0067 01       		.uleb128 0x1
 3928 0068 B842     		.uleb128 0x2138
 3929 006a 0B       		.uleb128 0xb
 3930 006b 55       		.uleb128 0x55
 3931 006c 17       		.uleb128 0x17
 3932 006d 58       		.uleb128 0x58
 3933 006e 0B       		.uleb128 0xb
 3934 006f 59       		.uleb128 0x59
 3935 0070 05       		.uleb128 0x5
 3936 0071 57       		.uleb128 0x57
 3937 0072 0B       		.uleb128 0xb
 3938 0073 01       		.uleb128 0x1
 3939 0074 13       		.uleb128 0x13
 3940 0075 00       		.byte	0
 3941 0076 00       		.byte	0
 3942 0077 09       		.uleb128 0x9
 3943 0078 48       		.uleb128 0x48
 3944 0079 01       		.byte	0x1
 3945 007a 7D       		.uleb128 0x7d
 3946 007b 01       		.uleb128 0x1
 3947 007c 7F       		.uleb128 0x7f
 3948 007d 13       		.uleb128 0x13
 3949 007e 01       		.uleb128 0x1
 3950 007f 13       		.uleb128 0x13
 3951 0080 00       		.byte	0
 3952 0081 00       		.byte	0
 3953 0082 0A       		.uleb128 0xa
 3954 0083 24       		.uleb128 0x24
 3955 0084 00       		.byte	0
 3956 0085 0B       		.uleb128 0xb
 3957 0086 0B       		.uleb128 0xb
 3958 0087 3E       		.uleb128 0x3e
 3959 0088 0B       		.uleb128 0xb
 3960 0089 03       		.uleb128 0x3
 3961 008a 0E       		.uleb128 0xe
 3962 008b 00       		.byte	0
 3963 008c 00       		.byte	0
 3964 008d 0B       		.uleb128 0xb
 3965 008e 0F       		.uleb128 0xf
 3966 008f 00       		.byte	0
 3967 0090 0B       		.uleb128 0xb
 3968 0091 21       		.uleb128 0x21
 3969 0092 04       		.sleb128 4
 3970 0093 49       		.uleb128 0x49
 3971 0094 13       		.uleb128 0x13
 3972 0095 00       		.byte	0
 3973 0096 00       		.byte	0
 3974 0097 0C       		.uleb128 0xc
 3975 0098 0D       		.uleb128 0xd
ARM GAS  /tmp/ccGVB6Hk.s 			page 71


 3976 0099 00       		.byte	0
 3977 009a 03       		.uleb128 0x3
 3978 009b 08       		.uleb128 0x8
 3979 009c 3A       		.uleb128 0x3a
 3980 009d 0B       		.uleb128 0xb
 3981 009e 3B       		.uleb128 0x3b
 3982 009f 0B       		.uleb128 0xb
 3983 00a0 39       		.uleb128 0x39
 3984 00a1 0B       		.uleb128 0xb
 3985 00a2 49       		.uleb128 0x49
 3986 00a3 13       		.uleb128 0x13
 3987 00a4 38       		.uleb128 0x38
 3988 00a5 0B       		.uleb128 0xb
 3989 00a6 00       		.byte	0
 3990 00a7 00       		.byte	0
 3991 00a8 0D       		.uleb128 0xd
 3992 00a9 48       		.uleb128 0x48
 3993 00aa 01       		.byte	0x1
 3994 00ab 7D       		.uleb128 0x7d
 3995 00ac 01       		.uleb128 0x1
 3996 00ad 7F       		.uleb128 0x7f
 3997 00ae 13       		.uleb128 0x13
 3998 00af 00       		.byte	0
 3999 00b0 00       		.byte	0
 4000 00b1 0E       		.uleb128 0xe
 4001 00b2 34       		.uleb128 0x34
 4002 00b3 00       		.byte	0
 4003 00b4 03       		.uleb128 0x3
 4004 00b5 08       		.uleb128 0x8
 4005 00b6 3A       		.uleb128 0x3a
 4006 00b7 21       		.uleb128 0x21
 4007 00b8 01       		.sleb128 1
 4008 00b9 3B       		.uleb128 0x3b
 4009 00ba 05       		.uleb128 0x5
 4010 00bb 39       		.uleb128 0x39
 4011 00bc 0B       		.uleb128 0xb
 4012 00bd 49       		.uleb128 0x49
 4013 00be 13       		.uleb128 0x13
 4014 00bf 02       		.uleb128 0x2
 4015 00c0 17       		.uleb128 0x17
 4016 00c1 B742     		.uleb128 0x2137
 4017 00c3 17       		.uleb128 0x17
 4018 00c4 00       		.byte	0
 4019 00c5 00       		.byte	0
 4020 00c6 0F       		.uleb128 0xf
 4021 00c7 05       		.uleb128 0x5
 4022 00c8 00       		.byte	0
 4023 00c9 49       		.uleb128 0x49
 4024 00ca 13       		.uleb128 0x13
 4025 00cb 00       		.byte	0
 4026 00cc 00       		.byte	0
 4027 00cd 10       		.uleb128 0x10
 4028 00ce 1D       		.uleb128 0x1d
 4029 00cf 01       		.byte	0x1
 4030 00d0 31       		.uleb128 0x31
 4031 00d1 13       		.uleb128 0x13
 4032 00d2 52       		.uleb128 0x52
ARM GAS  /tmp/ccGVB6Hk.s 			page 72


 4033 00d3 01       		.uleb128 0x1
 4034 00d4 B842     		.uleb128 0x2138
 4035 00d6 0B       		.uleb128 0xb
 4036 00d7 55       		.uleb128 0x55
 4037 00d8 17       		.uleb128 0x17
 4038 00d9 58       		.uleb128 0x58
 4039 00da 0B       		.uleb128 0xb
 4040 00db 59       		.uleb128 0x59
 4041 00dc 05       		.uleb128 0x5
 4042 00dd 57       		.uleb128 0x57
 4043 00de 21       		.uleb128 0x21
 4044 00df 03       		.sleb128 3
 4045 00e0 00       		.byte	0
 4046 00e1 00       		.byte	0
 4047 00e2 11       		.uleb128 0x11
 4048 00e3 1D       		.uleb128 0x1d
 4049 00e4 01       		.byte	0x1
 4050 00e5 31       		.uleb128 0x31
 4051 00e6 13       		.uleb128 0x13
 4052 00e7 52       		.uleb128 0x52
 4053 00e8 01       		.uleb128 0x1
 4054 00e9 B842     		.uleb128 0x2138
 4055 00eb 0B       		.uleb128 0xb
 4056 00ec 11       		.uleb128 0x11
 4057 00ed 01       		.uleb128 0x1
 4058 00ee 12       		.uleb128 0x12
 4059 00ef 06       		.uleb128 0x6
 4060 00f0 58       		.uleb128 0x58
 4061 00f1 0B       		.uleb128 0xb
 4062 00f2 59       		.uleb128 0x59
 4063 00f3 05       		.uleb128 0x5
 4064 00f4 57       		.uleb128 0x57
 4065 00f5 0B       		.uleb128 0xb
 4066 00f6 01       		.uleb128 0x1
 4067 00f7 13       		.uleb128 0x13
 4068 00f8 00       		.byte	0
 4069 00f9 00       		.byte	0
 4070 00fa 12       		.uleb128 0x12
 4071 00fb 26       		.uleb128 0x26
 4072 00fc 00       		.byte	0
 4073 00fd 49       		.uleb128 0x49
 4074 00fe 13       		.uleb128 0x13
 4075 00ff 00       		.byte	0
 4076 0100 00       		.byte	0
 4077 0101 13       		.uleb128 0x13
 4078 0102 13       		.uleb128 0x13
 4079 0103 01       		.byte	0x1
 4080 0104 03       		.uleb128 0x3
 4081 0105 0E       		.uleb128 0xe
 4082 0106 0B       		.uleb128 0xb
 4083 0107 0B       		.uleb128 0xb
 4084 0108 3A       		.uleb128 0x3a
 4085 0109 0B       		.uleb128 0xb
 4086 010a 3B       		.uleb128 0x3b
 4087 010b 0B       		.uleb128 0xb
 4088 010c 39       		.uleb128 0x39
 4089 010d 0B       		.uleb128 0xb
ARM GAS  /tmp/ccGVB6Hk.s 			page 73


 4090 010e 01       		.uleb128 0x1
 4091 010f 13       		.uleb128 0x13
 4092 0110 00       		.byte	0
 4093 0111 00       		.byte	0
 4094 0112 14       		.uleb128 0x14
 4095 0113 0D       		.uleb128 0xd
 4096 0114 00       		.byte	0
 4097 0115 03       		.uleb128 0x3
 4098 0116 0E       		.uleb128 0xe
 4099 0117 3A       		.uleb128 0x3a
 4100 0118 21       		.uleb128 0x21
 4101 0119 02       		.sleb128 2
 4102 011a 3B       		.uleb128 0x3b
 4103 011b 05       		.uleb128 0x5
 4104 011c 39       		.uleb128 0x39
 4105 011d 0B       		.uleb128 0xb
 4106 011e 49       		.uleb128 0x49
 4107 011f 13       		.uleb128 0x13
 4108 0120 00       		.byte	0
 4109 0121 00       		.byte	0
 4110 0122 15       		.uleb128 0x15
 4111 0123 01       		.uleb128 0x1
 4112 0124 01       		.byte	0x1
 4113 0125 49       		.uleb128 0x49
 4114 0126 13       		.uleb128 0x13
 4115 0127 01       		.uleb128 0x1
 4116 0128 13       		.uleb128 0x13
 4117 0129 00       		.byte	0
 4118 012a 00       		.byte	0
 4119 012b 16       		.uleb128 0x16
 4120 012c 21       		.uleb128 0x21
 4121 012d 00       		.byte	0
 4122 012e 49       		.uleb128 0x49
 4123 012f 13       		.uleb128 0x13
 4124 0130 2F       		.uleb128 0x2f
 4125 0131 0B       		.uleb128 0xb
 4126 0132 00       		.byte	0
 4127 0133 00       		.byte	0
 4128 0134 17       		.uleb128 0x17
 4129 0135 34       		.uleb128 0x34
 4130 0136 00       		.byte	0
 4131 0137 03       		.uleb128 0x3
 4132 0138 0E       		.uleb128 0xe
 4133 0139 49       		.uleb128 0x49
 4134 013a 13       		.uleb128 0x13
 4135 013b 34       		.uleb128 0x34
 4136 013c 19       		.uleb128 0x19
 4137 013d 02       		.uleb128 0x2
 4138 013e 18       		.uleb128 0x18
 4139 013f 00       		.byte	0
 4140 0140 00       		.byte	0
 4141 0141 18       		.uleb128 0x18
 4142 0142 1D       		.uleb128 0x1d
 4143 0143 01       		.byte	0x1
 4144 0144 31       		.uleb128 0x31
 4145 0145 13       		.uleb128 0x13
 4146 0146 52       		.uleb128 0x52
ARM GAS  /tmp/ccGVB6Hk.s 			page 74


 4147 0147 01       		.uleb128 0x1
 4148 0148 B842     		.uleb128 0x2138
 4149 014a 0B       		.uleb128 0xb
 4150 014b 11       		.uleb128 0x11
 4151 014c 01       		.uleb128 0x1
 4152 014d 12       		.uleb128 0x12
 4153 014e 06       		.uleb128 0x6
 4154 014f 58       		.uleb128 0x58
 4155 0150 21       		.uleb128 0x21
 4156 0151 06       		.sleb128 6
 4157 0152 59       		.uleb128 0x59
 4158 0153 21       		.uleb128 0x21
 4159 0154 8501     		.sleb128 133
 4160 0156 57       		.uleb128 0x57
 4161 0157 21       		.uleb128 0x21
 4162 0158 0A       		.sleb128 10
 4163 0159 01       		.uleb128 0x1
 4164 015a 13       		.uleb128 0x13
 4165 015b 00       		.byte	0
 4166 015c 00       		.byte	0
 4167 015d 19       		.uleb128 0x19
 4168 015e 0B       		.uleb128 0xb
 4169 015f 01       		.byte	0x1
 4170 0160 55       		.uleb128 0x55
 4171 0161 17       		.uleb128 0x17
 4172 0162 00       		.byte	0
 4173 0163 00       		.byte	0
 4174 0164 1A       		.uleb128 0x1a
 4175 0165 13       		.uleb128 0x13
 4176 0166 01       		.byte	0x1
 4177 0167 03       		.uleb128 0x3
 4178 0168 0E       		.uleb128 0xe
 4179 0169 0B       		.uleb128 0xb
 4180 016a 0B       		.uleb128 0xb
 4181 016b 3A       		.uleb128 0x3a
 4182 016c 21       		.uleb128 0x21
 4183 016d 02       		.sleb128 2
 4184 016e 3B       		.uleb128 0x3b
 4185 016f 05       		.uleb128 0x5
 4186 0170 39       		.uleb128 0x39
 4187 0171 21       		.uleb128 0x21
 4188 0172 08       		.sleb128 8
 4189 0173 01       		.uleb128 0x1
 4190 0174 13       		.uleb128 0x13
 4191 0175 00       		.byte	0
 4192 0176 00       		.byte	0
 4193 0177 1B       		.uleb128 0x1b
 4194 0178 0B       		.uleb128 0xb
 4195 0179 01       		.byte	0x1
 4196 017a 55       		.uleb128 0x55
 4197 017b 17       		.uleb128 0x17
 4198 017c 01       		.uleb128 0x1
 4199 017d 13       		.uleb128 0x13
 4200 017e 00       		.byte	0
 4201 017f 00       		.byte	0
 4202 0180 1C       		.uleb128 0x1c
 4203 0181 05       		.uleb128 0x5
ARM GAS  /tmp/ccGVB6Hk.s 			page 75


 4204 0182 00       		.byte	0
 4205 0183 03       		.uleb128 0x3
 4206 0184 08       		.uleb128 0x8
 4207 0185 3A       		.uleb128 0x3a
 4208 0186 21       		.uleb128 0x21
 4209 0187 01       		.sleb128 1
 4210 0188 3B       		.uleb128 0x3b
 4211 0189 0B       		.uleb128 0xb
 4212 018a 39       		.uleb128 0x39
 4213 018b 0B       		.uleb128 0xb
 4214 018c 49       		.uleb128 0x49
 4215 018d 13       		.uleb128 0x13
 4216 018e 02       		.uleb128 0x2
 4217 018f 17       		.uleb128 0x17
 4218 0190 B742     		.uleb128 0x2137
 4219 0192 17       		.uleb128 0x17
 4220 0193 00       		.byte	0
 4221 0194 00       		.byte	0
 4222 0195 1D       		.uleb128 0x1d
 4223 0196 2E       		.uleb128 0x2e
 4224 0197 01       		.byte	0x1
 4225 0198 3F       		.uleb128 0x3f
 4226 0199 19       		.uleb128 0x19
 4227 019a 03       		.uleb128 0x3
 4228 019b 0E       		.uleb128 0xe
 4229 019c 3A       		.uleb128 0x3a
 4230 019d 21       		.uleb128 0x21
 4231 019e 02       		.sleb128 2
 4232 019f 3B       		.uleb128 0x3b
 4233 01a0 05       		.uleb128 0x5
 4234 01a1 39       		.uleb128 0x39
 4235 01a2 21       		.uleb128 0x21
 4236 01a3 0D       		.sleb128 13
 4237 01a4 27       		.uleb128 0x27
 4238 01a5 19       		.uleb128 0x19
 4239 01a6 49       		.uleb128 0x49
 4240 01a7 13       		.uleb128 0x13
 4241 01a8 3C       		.uleb128 0x3c
 4242 01a9 19       		.uleb128 0x19
 4243 01aa 01       		.uleb128 0x1
 4244 01ab 13       		.uleb128 0x13
 4245 01ac 00       		.byte	0
 4246 01ad 00       		.byte	0
 4247 01ae 1E       		.uleb128 0x1e
 4248 01af 2E       		.uleb128 0x2e
 4249 01b0 01       		.byte	0x1
 4250 01b1 3F       		.uleb128 0x3f
 4251 01b2 19       		.uleb128 0x19
 4252 01b3 03       		.uleb128 0x3
 4253 01b4 0E       		.uleb128 0xe
 4254 01b5 3A       		.uleb128 0x3a
 4255 01b6 0B       		.uleb128 0xb
 4256 01b7 3B       		.uleb128 0x3b
 4257 01b8 05       		.uleb128 0x5
 4258 01b9 39       		.uleb128 0x39
 4259 01ba 21       		.uleb128 0x21
 4260 01bb 08       		.sleb128 8
ARM GAS  /tmp/ccGVB6Hk.s 			page 76


 4261 01bc 27       		.uleb128 0x27
 4262 01bd 19       		.uleb128 0x19
 4263 01be 3C       		.uleb128 0x3c
 4264 01bf 19       		.uleb128 0x19
 4265 01c0 01       		.uleb128 0x1
 4266 01c1 13       		.uleb128 0x13
 4267 01c2 00       		.byte	0
 4268 01c3 00       		.byte	0
 4269 01c4 1F       		.uleb128 0x1f
 4270 01c5 2E       		.uleb128 0x2e
 4271 01c6 00       		.byte	0
 4272 01c7 3F       		.uleb128 0x3f
 4273 01c8 19       		.uleb128 0x19
 4274 01c9 03       		.uleb128 0x3
 4275 01ca 0E       		.uleb128 0xe
 4276 01cb 3A       		.uleb128 0x3a
 4277 01cc 21       		.uleb128 0x21
 4278 01cd 0E       		.sleb128 14
 4279 01ce 3B       		.uleb128 0x3b
 4280 01cf 0B       		.uleb128 0xb
 4281 01d0 39       		.uleb128 0x39
 4282 01d1 21       		.uleb128 0x21
 4283 01d2 08       		.sleb128 8
 4284 01d3 27       		.uleb128 0x27
 4285 01d4 19       		.uleb128 0x19
 4286 01d5 3C       		.uleb128 0x3c
 4287 01d6 19       		.uleb128 0x19
 4288 01d7 00       		.byte	0
 4289 01d8 00       		.byte	0
 4290 01d9 20       		.uleb128 0x20
 4291 01da 2E       		.uleb128 0x2e
 4292 01db 01       		.byte	0x1
 4293 01dc 3F       		.uleb128 0x3f
 4294 01dd 19       		.uleb128 0x19
 4295 01de 03       		.uleb128 0x3
 4296 01df 0E       		.uleb128 0xe
 4297 01e0 3A       		.uleb128 0x3a
 4298 01e1 21       		.uleb128 0x21
 4299 01e2 01       		.sleb128 1
 4300 01e3 3B       		.uleb128 0x3b
 4301 01e4 05       		.uleb128 0x5
 4302 01e5 39       		.uleb128 0x39
 4303 01e6 21       		.uleb128 0x21
 4304 01e7 06       		.sleb128 6
 4305 01e8 27       		.uleb128 0x27
 4306 01e9 19       		.uleb128 0x19
 4307 01ea 11       		.uleb128 0x11
 4308 01eb 01       		.uleb128 0x1
 4309 01ec 12       		.uleb128 0x12
 4310 01ed 06       		.uleb128 0x6
 4311 01ee 40       		.uleb128 0x40
 4312 01ef 18       		.uleb128 0x18
 4313 01f0 7A       		.uleb128 0x7a
 4314 01f1 19       		.uleb128 0x19
 4315 01f2 01       		.uleb128 0x1
 4316 01f3 13       		.uleb128 0x13
 4317 01f4 00       		.byte	0
ARM GAS  /tmp/ccGVB6Hk.s 			page 77


 4318 01f5 00       		.byte	0
 4319 01f6 21       		.uleb128 0x21
 4320 01f7 05       		.uleb128 0x5
 4321 01f8 00       		.byte	0
 4322 01f9 03       		.uleb128 0x3
 4323 01fa 08       		.uleb128 0x8
 4324 01fb 3A       		.uleb128 0x3a
 4325 01fc 0B       		.uleb128 0xb
 4326 01fd 3B       		.uleb128 0x3b
 4327 01fe 05       		.uleb128 0x5
 4328 01ff 39       		.uleb128 0x39
 4329 0200 0B       		.uleb128 0xb
 4330 0201 49       		.uleb128 0x49
 4331 0202 13       		.uleb128 0x13
 4332 0203 00       		.byte	0
 4333 0204 00       		.byte	0
 4334 0205 22       		.uleb128 0x22
 4335 0206 2E       		.uleb128 0x2e
 4336 0207 01       		.byte	0x1
 4337 0208 3F       		.uleb128 0x3f
 4338 0209 19       		.uleb128 0x19
 4339 020a 03       		.uleb128 0x3
 4340 020b 0E       		.uleb128 0xe
 4341 020c 3A       		.uleb128 0x3a
 4342 020d 21       		.uleb128 0x21
 4343 020e 01       		.sleb128 1
 4344 020f 3B       		.uleb128 0x3b
 4345 0210 0B       		.uleb128 0xb
 4346 0211 39       		.uleb128 0x39
 4347 0212 21       		.uleb128 0x21
 4348 0213 06       		.sleb128 6
 4349 0214 27       		.uleb128 0x27
 4350 0215 19       		.uleb128 0x19
 4351 0216 11       		.uleb128 0x11
 4352 0217 01       		.uleb128 0x1
 4353 0218 12       		.uleb128 0x12
 4354 0219 06       		.uleb128 0x6
 4355 021a 40       		.uleb128 0x40
 4356 021b 18       		.uleb128 0x18
 4357 021c 7A       		.uleb128 0x7a
 4358 021d 19       		.uleb128 0x19
 4359 021e 01       		.uleb128 0x1
 4360 021f 13       		.uleb128 0x13
 4361 0220 00       		.byte	0
 4362 0221 00       		.byte	0
 4363 0222 23       		.uleb128 0x23
 4364 0223 1D       		.uleb128 0x1d
 4365 0224 01       		.byte	0x1
 4366 0225 31       		.uleb128 0x31
 4367 0226 13       		.uleb128 0x13
 4368 0227 52       		.uleb128 0x52
 4369 0228 01       		.uleb128 0x1
 4370 0229 B842     		.uleb128 0x2138
 4371 022b 0B       		.uleb128 0xb
 4372 022c 55       		.uleb128 0x55
 4373 022d 17       		.uleb128 0x17
 4374 022e 58       		.uleb128 0x58
ARM GAS  /tmp/ccGVB6Hk.s 			page 78


 4375 022f 21       		.uleb128 0x21
 4376 0230 01       		.sleb128 1
 4377 0231 59       		.uleb128 0x59
 4378 0232 0B       		.uleb128 0xb
 4379 0233 57       		.uleb128 0x57
 4380 0234 21       		.uleb128 0x21
 4381 0235 03       		.sleb128 3
 4382 0236 01       		.uleb128 0x1
 4383 0237 13       		.uleb128 0x13
 4384 0238 00       		.byte	0
 4385 0239 00       		.byte	0
 4386 023a 24       		.uleb128 0x24
 4387 023b 2E       		.uleb128 0x2e
 4388 023c 01       		.byte	0x1
 4389 023d 03       		.uleb128 0x3
 4390 023e 0E       		.uleb128 0xe
 4391 023f 3A       		.uleb128 0x3a
 4392 0240 0B       		.uleb128 0xb
 4393 0241 3B       		.uleb128 0x3b
 4394 0242 05       		.uleb128 0x5
 4395 0243 39       		.uleb128 0x39
 4396 0244 0B       		.uleb128 0xb
 4397 0245 27       		.uleb128 0x27
 4398 0246 19       		.uleb128 0x19
 4399 0247 20       		.uleb128 0x20
 4400 0248 21       		.uleb128 0x21
 4401 0249 03       		.sleb128 3
 4402 024a 01       		.uleb128 0x1
 4403 024b 13       		.uleb128 0x13
 4404 024c 00       		.byte	0
 4405 024d 00       		.byte	0
 4406 024e 25       		.uleb128 0x25
 4407 024f 2E       		.uleb128 0x2e
 4408 0250 00       		.byte	0
 4409 0251 03       		.uleb128 0x3
 4410 0252 0E       		.uleb128 0xe
 4411 0253 3A       		.uleb128 0x3a
 4412 0254 0B       		.uleb128 0xb
 4413 0255 3B       		.uleb128 0x3b
 4414 0256 05       		.uleb128 0x5
 4415 0257 39       		.uleb128 0x39
 4416 0258 21       		.uleb128 0x21
 4417 0259 14       		.sleb128 20
 4418 025a 27       		.uleb128 0x27
 4419 025b 19       		.uleb128 0x19
 4420 025c 20       		.uleb128 0x20
 4421 025d 21       		.uleb128 0x21
 4422 025e 03       		.sleb128 3
 4423 025f 00       		.byte	0
 4424 0260 00       		.byte	0
 4425 0261 26       		.uleb128 0x26
 4426 0262 35       		.uleb128 0x35
 4427 0263 00       		.byte	0
 4428 0264 49       		.uleb128 0x49
 4429 0265 13       		.uleb128 0x13
 4430 0266 00       		.byte	0
 4431 0267 00       		.byte	0
ARM GAS  /tmp/ccGVB6Hk.s 			page 79


 4432 0268 27       		.uleb128 0x27
 4433 0269 1D       		.uleb128 0x1d
 4434 026a 01       		.byte	0x1
 4435 026b 31       		.uleb128 0x31
 4436 026c 13       		.uleb128 0x13
 4437 026d 52       		.uleb128 0x52
 4438 026e 01       		.uleb128 0x1
 4439 026f B842     		.uleb128 0x2138
 4440 0271 0B       		.uleb128 0xb
 4441 0272 11       		.uleb128 0x11
 4442 0273 01       		.uleb128 0x1
 4443 0274 12       		.uleb128 0x12
 4444 0275 06       		.uleb128 0x6
 4445 0276 58       		.uleb128 0x58
 4446 0277 0B       		.uleb128 0xb
 4447 0278 59       		.uleb128 0x59
 4448 0279 05       		.uleb128 0x5
 4449 027a 57       		.uleb128 0x57
 4450 027b 0B       		.uleb128 0xb
 4451 027c 00       		.byte	0
 4452 027d 00       		.byte	0
 4453 027e 28       		.uleb128 0x28
 4454 027f 05       		.uleb128 0x5
 4455 0280 00       		.byte	0
 4456 0281 03       		.uleb128 0x3
 4457 0282 08       		.uleb128 0x8
 4458 0283 3A       		.uleb128 0x3a
 4459 0284 21       		.uleb128 0x21
 4460 0285 01       		.sleb128 1
 4461 0286 3B       		.uleb128 0x3b
 4462 0287 05       		.uleb128 0x5
 4463 0288 39       		.uleb128 0x39
 4464 0289 0B       		.uleb128 0xb
 4465 028a 49       		.uleb128 0x49
 4466 028b 13       		.uleb128 0x13
 4467 028c 02       		.uleb128 0x2
 4468 028d 17       		.uleb128 0x17
 4469 028e B742     		.uleb128 0x2137
 4470 0290 17       		.uleb128 0x17
 4471 0291 00       		.byte	0
 4472 0292 00       		.byte	0
 4473 0293 29       		.uleb128 0x29
 4474 0294 34       		.uleb128 0x34
 4475 0295 00       		.byte	0
 4476 0296 03       		.uleb128 0x3
 4477 0297 0E       		.uleb128 0xe
 4478 0298 3A       		.uleb128 0x3a
 4479 0299 21       		.uleb128 0x21
 4480 029a 01       		.sleb128 1
 4481 029b 3B       		.uleb128 0x3b
 4482 029c 05       		.uleb128 0x5
 4483 029d 39       		.uleb128 0x39
 4484 029e 21       		.uleb128 0x21
 4485 029f 0F       		.sleb128 15
 4486 02a0 49       		.uleb128 0x49
 4487 02a1 13       		.uleb128 0x13
 4488 02a2 02       		.uleb128 0x2
ARM GAS  /tmp/ccGVB6Hk.s 			page 80


 4489 02a3 17       		.uleb128 0x17
 4490 02a4 B742     		.uleb128 0x2137
 4491 02a6 17       		.uleb128 0x17
 4492 02a7 00       		.byte	0
 4493 02a8 00       		.byte	0
 4494 02a9 2A       		.uleb128 0x2a
 4495 02aa 34       		.uleb128 0x34
 4496 02ab 00       		.byte	0
 4497 02ac 03       		.uleb128 0x3
 4498 02ad 08       		.uleb128 0x8
 4499 02ae 3A       		.uleb128 0x3a
 4500 02af 21       		.uleb128 0x21
 4501 02b0 01       		.sleb128 1
 4502 02b1 3B       		.uleb128 0x3b
 4503 02b2 0B       		.uleb128 0xb
 4504 02b3 39       		.uleb128 0x39
 4505 02b4 0B       		.uleb128 0xb
 4506 02b5 49       		.uleb128 0x49
 4507 02b6 13       		.uleb128 0x13
 4508 02b7 02       		.uleb128 0x2
 4509 02b8 17       		.uleb128 0x17
 4510 02b9 B742     		.uleb128 0x2137
 4511 02bb 17       		.uleb128 0x17
 4512 02bc 00       		.byte	0
 4513 02bd 00       		.byte	0
 4514 02be 2B       		.uleb128 0x2b
 4515 02bf 11       		.uleb128 0x11
 4516 02c0 01       		.byte	0x1
 4517 02c1 25       		.uleb128 0x25
 4518 02c2 0E       		.uleb128 0xe
 4519 02c3 13       		.uleb128 0x13
 4520 02c4 0B       		.uleb128 0xb
 4521 02c5 03       		.uleb128 0x3
 4522 02c6 0E       		.uleb128 0xe
 4523 02c7 1B       		.uleb128 0x1b
 4524 02c8 0E       		.uleb128 0xe
 4525 02c9 55       		.uleb128 0x55
 4526 02ca 17       		.uleb128 0x17
 4527 02cb 11       		.uleb128 0x11
 4528 02cc 01       		.uleb128 0x1
 4529 02cd 10       		.uleb128 0x10
 4530 02ce 17       		.uleb128 0x17
 4531 02cf 00       		.byte	0
 4532 02d0 00       		.byte	0
 4533 02d1 2C       		.uleb128 0x2c
 4534 02d2 24       		.uleb128 0x24
 4535 02d3 00       		.byte	0
 4536 02d4 0B       		.uleb128 0xb
 4537 02d5 0B       		.uleb128 0xb
 4538 02d6 3E       		.uleb128 0x3e
 4539 02d7 0B       		.uleb128 0xb
 4540 02d8 03       		.uleb128 0x3
 4541 02d9 08       		.uleb128 0x8
 4542 02da 00       		.byte	0
 4543 02db 00       		.byte	0
 4544 02dc 2D       		.uleb128 0x2d
 4545 02dd 15       		.uleb128 0x15
ARM GAS  /tmp/ccGVB6Hk.s 			page 81


 4546 02de 01       		.byte	0x1
 4547 02df 27       		.uleb128 0x27
 4548 02e0 19       		.uleb128 0x19
 4549 02e1 01       		.uleb128 0x1
 4550 02e2 13       		.uleb128 0x13
 4551 02e3 00       		.byte	0
 4552 02e4 00       		.byte	0
 4553 02e5 2E       		.uleb128 0x2e
 4554 02e6 0F       		.uleb128 0xf
 4555 02e7 00       		.byte	0
 4556 02e8 0B       		.uleb128 0xb
 4557 02e9 0B       		.uleb128 0xb
 4558 02ea 00       		.byte	0
 4559 02eb 00       		.byte	0
 4560 02ec 2F       		.uleb128 0x2f
 4561 02ed 13       		.uleb128 0x13
 4562 02ee 01       		.byte	0x1
 4563 02ef 03       		.uleb128 0x3
 4564 02f0 0E       		.uleb128 0xe
 4565 02f1 0B       		.uleb128 0xb
 4566 02f2 05       		.uleb128 0x5
 4567 02f3 3A       		.uleb128 0x3a
 4568 02f4 0B       		.uleb128 0xb
 4569 02f5 3B       		.uleb128 0x3b
 4570 02f6 05       		.uleb128 0x5
 4571 02f7 39       		.uleb128 0x39
 4572 02f8 0B       		.uleb128 0xb
 4573 02f9 01       		.uleb128 0x1
 4574 02fa 13       		.uleb128 0x13
 4575 02fb 00       		.byte	0
 4576 02fc 00       		.byte	0
 4577 02fd 30       		.uleb128 0x30
 4578 02fe 13       		.uleb128 0x13
 4579 02ff 01       		.byte	0x1
 4580 0300 0B       		.uleb128 0xb
 4581 0301 0B       		.uleb128 0xb
 4582 0302 3A       		.uleb128 0x3a
 4583 0303 0B       		.uleb128 0xb
 4584 0304 3B       		.uleb128 0x3b
 4585 0305 0B       		.uleb128 0xb
 4586 0306 39       		.uleb128 0x39
 4587 0307 0B       		.uleb128 0xb
 4588 0308 01       		.uleb128 0x1
 4589 0309 13       		.uleb128 0x13
 4590 030a 00       		.byte	0
 4591 030b 00       		.byte	0
 4592 030c 31       		.uleb128 0x31
 4593 030d 17       		.uleb128 0x17
 4594 030e 01       		.byte	0x1
 4595 030f 0B       		.uleb128 0xb
 4596 0310 0B       		.uleb128 0xb
 4597 0311 3A       		.uleb128 0x3a
 4598 0312 0B       		.uleb128 0xb
 4599 0313 3B       		.uleb128 0x3b
 4600 0314 0B       		.uleb128 0xb
 4601 0315 39       		.uleb128 0x39
 4602 0316 0B       		.uleb128 0xb
ARM GAS  /tmp/ccGVB6Hk.s 			page 82


 4603 0317 01       		.uleb128 0x1
 4604 0318 13       		.uleb128 0x13
 4605 0319 00       		.byte	0
 4606 031a 00       		.byte	0
 4607 031b 32       		.uleb128 0x32
 4608 031c 34       		.uleb128 0x34
 4609 031d 00       		.byte	0
 4610 031e 03       		.uleb128 0x3
 4611 031f 08       		.uleb128 0x8
 4612 0320 3A       		.uleb128 0x3a
 4613 0321 0B       		.uleb128 0xb
 4614 0322 3B       		.uleb128 0x3b
 4615 0323 05       		.uleb128 0x5
 4616 0324 39       		.uleb128 0x39
 4617 0325 0B       		.uleb128 0xb
 4618 0326 49       		.uleb128 0x49
 4619 0327 13       		.uleb128 0x13
 4620 0328 3F       		.uleb128 0x3f
 4621 0329 19       		.uleb128 0x19
 4622 032a 3C       		.uleb128 0x3c
 4623 032b 19       		.uleb128 0x19
 4624 032c 00       		.byte	0
 4625 032d 00       		.byte	0
 4626 032e 33       		.uleb128 0x33
 4627 032f 2E       		.uleb128 0x2e
 4628 0330 00       		.byte	0
 4629 0331 3F       		.uleb128 0x3f
 4630 0332 19       		.uleb128 0x19
 4631 0333 03       		.uleb128 0x3
 4632 0334 0E       		.uleb128 0xe
 4633 0335 3A       		.uleb128 0x3a
 4634 0336 0B       		.uleb128 0xb
 4635 0337 3B       		.uleb128 0x3b
 4636 0338 05       		.uleb128 0x5
 4637 0339 39       		.uleb128 0x39
 4638 033a 0B       		.uleb128 0xb
 4639 033b 27       		.uleb128 0x27
 4640 033c 19       		.uleb128 0x19
 4641 033d 3C       		.uleb128 0x3c
 4642 033e 19       		.uleb128 0x19
 4643 033f 00       		.byte	0
 4644 0340 00       		.byte	0
 4645 0341 34       		.uleb128 0x34
 4646 0342 05       		.uleb128 0x5
 4647 0343 00       		.byte	0
 4648 0344 31       		.uleb128 0x31
 4649 0345 13       		.uleb128 0x13
 4650 0346 00       		.byte	0
 4651 0347 00       		.byte	0
 4652 0348 35       		.uleb128 0x35
 4653 0349 48       		.uleb128 0x48
 4654 034a 00       		.byte	0
 4655 034b 7D       		.uleb128 0x7d
 4656 034c 01       		.uleb128 0x1
 4657 034d 8201     		.uleb128 0x82
 4658 034f 19       		.uleb128 0x19
 4659 0350 7F       		.uleb128 0x7f
ARM GAS  /tmp/ccGVB6Hk.s 			page 83


 4660 0351 13       		.uleb128 0x13
 4661 0352 00       		.byte	0
 4662 0353 00       		.byte	0
 4663 0354 36       		.uleb128 0x36
 4664 0355 0B       		.uleb128 0xb
 4665 0356 01       		.byte	0x1
 4666 0357 11       		.uleb128 0x11
 4667 0358 01       		.uleb128 0x1
 4668 0359 12       		.uleb128 0x12
 4669 035a 06       		.uleb128 0x6
 4670 035b 01       		.uleb128 0x1
 4671 035c 13       		.uleb128 0x13
 4672 035d 00       		.byte	0
 4673 035e 00       		.byte	0
 4674 035f 37       		.uleb128 0x37
 4675 0360 2E       		.uleb128 0x2e
 4676 0361 01       		.byte	0x1
 4677 0362 3F       		.uleb128 0x3f
 4678 0363 19       		.uleb128 0x19
 4679 0364 03       		.uleb128 0x3
 4680 0365 0E       		.uleb128 0xe
 4681 0366 3A       		.uleb128 0x3a
 4682 0367 0B       		.uleb128 0xb
 4683 0368 3B       		.uleb128 0x3b
 4684 0369 05       		.uleb128 0x5
 4685 036a 39       		.uleb128 0x39
 4686 036b 0B       		.uleb128 0xb
 4687 036c 27       		.uleb128 0x27
 4688 036d 19       		.uleb128 0x19
 4689 036e 49       		.uleb128 0x49
 4690 036f 13       		.uleb128 0x13
 4691 0370 20       		.uleb128 0x20
 4692 0371 0B       		.uleb128 0xb
 4693 0372 01       		.uleb128 0x1
 4694 0373 13       		.uleb128 0x13
 4695 0374 00       		.byte	0
 4696 0375 00       		.byte	0
 4697 0376 38       		.uleb128 0x38
 4698 0377 2E       		.uleb128 0x2e
 4699 0378 01       		.byte	0x1
 4700 0379 3F       		.uleb128 0x3f
 4701 037a 19       		.uleb128 0x19
 4702 037b 03       		.uleb128 0x3
 4703 037c 0E       		.uleb128 0xe
 4704 037d 3A       		.uleb128 0x3a
 4705 037e 0B       		.uleb128 0xb
 4706 037f 3B       		.uleb128 0x3b
 4707 0380 0B       		.uleb128 0xb
 4708 0381 39       		.uleb128 0x39
 4709 0382 0B       		.uleb128 0xb
 4710 0383 27       		.uleb128 0x27
 4711 0384 19       		.uleb128 0x19
 4712 0385 49       		.uleb128 0x49
 4713 0386 13       		.uleb128 0x13
 4714 0387 11       		.uleb128 0x11
 4715 0388 01       		.uleb128 0x1
 4716 0389 12       		.uleb128 0x12
ARM GAS  /tmp/ccGVB6Hk.s 			page 84


 4717 038a 06       		.uleb128 0x6
 4718 038b 40       		.uleb128 0x40
 4719 038c 18       		.uleb128 0x18
 4720 038d 7A       		.uleb128 0x7a
 4721 038e 19       		.uleb128 0x19
 4722 038f 01       		.uleb128 0x1
 4723 0390 13       		.uleb128 0x13
 4724 0391 00       		.byte	0
 4725 0392 00       		.byte	0
 4726 0393 39       		.uleb128 0x39
 4727 0394 48       		.uleb128 0x48
 4728 0395 01       		.byte	0x1
 4729 0396 7D       		.uleb128 0x7d
 4730 0397 01       		.uleb128 0x1
 4731 0398 8201     		.uleb128 0x82
 4732 039a 19       		.uleb128 0x19
 4733 039b 7F       		.uleb128 0x7f
 4734 039c 13       		.uleb128 0x13
 4735 039d 01       		.uleb128 0x1
 4736 039e 13       		.uleb128 0x13
 4737 039f 00       		.byte	0
 4738 03a0 00       		.byte	0
 4739 03a1 3A       		.uleb128 0x3a
 4740 03a2 2E       		.uleb128 0x2e
 4741 03a3 01       		.byte	0x1
 4742 03a4 03       		.uleb128 0x3
 4743 03a5 0E       		.uleb128 0xe
 4744 03a6 3A       		.uleb128 0x3a
 4745 03a7 0B       		.uleb128 0xb
 4746 03a8 3B       		.uleb128 0x3b
 4747 03a9 0B       		.uleb128 0xb
 4748 03aa 39       		.uleb128 0x39
 4749 03ab 0B       		.uleb128 0xb
 4750 03ac 27       		.uleb128 0x27
 4751 03ad 19       		.uleb128 0x19
 4752 03ae 49       		.uleb128 0x49
 4753 03af 13       		.uleb128 0x13
 4754 03b0 20       		.uleb128 0x20
 4755 03b1 0B       		.uleb128 0xb
 4756 03b2 01       		.uleb128 0x1
 4757 03b3 13       		.uleb128 0x13
 4758 03b4 00       		.byte	0
 4759 03b5 00       		.byte	0
 4760 03b6 3B       		.uleb128 0x3b
 4761 03b7 05       		.uleb128 0x5
 4762 03b8 00       		.byte	0
 4763 03b9 03       		.uleb128 0x3
 4764 03ba 08       		.uleb128 0x8
 4765 03bb 3A       		.uleb128 0x3a
 4766 03bc 0B       		.uleb128 0xb
 4767 03bd 3B       		.uleb128 0x3b
 4768 03be 0B       		.uleb128 0xb
 4769 03bf 39       		.uleb128 0x39
 4770 03c0 0B       		.uleb128 0xb
 4771 03c1 49       		.uleb128 0x49
 4772 03c2 13       		.uleb128 0x13
 4773 03c3 00       		.byte	0
ARM GAS  /tmp/ccGVB6Hk.s 			page 85


 4774 03c4 00       		.byte	0
 4775 03c5 3C       		.uleb128 0x3c
 4776 03c6 2E       		.uleb128 0x2e
 4777 03c7 01       		.byte	0x1
 4778 03c8 03       		.uleb128 0x3
 4779 03c9 0E       		.uleb128 0xe
 4780 03ca 3A       		.uleb128 0x3a
 4781 03cb 0B       		.uleb128 0xb
 4782 03cc 3B       		.uleb128 0x3b
 4783 03cd 05       		.uleb128 0x5
 4784 03ce 39       		.uleb128 0x39
 4785 03cf 0B       		.uleb128 0xb
 4786 03d0 27       		.uleb128 0x27
 4787 03d1 19       		.uleb128 0x19
 4788 03d2 49       		.uleb128 0x49
 4789 03d3 13       		.uleb128 0x13
 4790 03d4 20       		.uleb128 0x20
 4791 03d5 0B       		.uleb128 0xb
 4792 03d6 01       		.uleb128 0x1
 4793 03d7 13       		.uleb128 0x13
 4794 03d8 00       		.byte	0
 4795 03d9 00       		.byte	0
 4796 03da 3D       		.uleb128 0x3d
 4797 03db 05       		.uleb128 0x5
 4798 03dc 00       		.byte	0
 4799 03dd 03       		.uleb128 0x3
 4800 03de 0E       		.uleb128 0xe
 4801 03df 3A       		.uleb128 0x3a
 4802 03e0 0B       		.uleb128 0xb
 4803 03e1 3B       		.uleb128 0x3b
 4804 03e2 05       		.uleb128 0x5
 4805 03e3 39       		.uleb128 0x39
 4806 03e4 0B       		.uleb128 0xb
 4807 03e5 49       		.uleb128 0x49
 4808 03e6 13       		.uleb128 0x13
 4809 03e7 00       		.byte	0
 4810 03e8 00       		.byte	0
 4811 03e9 3E       		.uleb128 0x3e
 4812 03ea 2E       		.uleb128 0x2e
 4813 03eb 01       		.byte	0x1
 4814 03ec 31       		.uleb128 0x31
 4815 03ed 13       		.uleb128 0x13
 4816 03ee 11       		.uleb128 0x11
 4817 03ef 01       		.uleb128 0x1
 4818 03f0 12       		.uleb128 0x12
 4819 03f1 06       		.uleb128 0x6
 4820 03f2 40       		.uleb128 0x40
 4821 03f3 18       		.uleb128 0x18
 4822 03f4 7A       		.uleb128 0x7a
 4823 03f5 19       		.uleb128 0x19
 4824 03f6 00       		.byte	0
 4825 03f7 00       		.byte	0
 4826 03f8 00       		.byte	0
 4827              		.section	.debug_loclists,"",%progbits
 4828 0000 EC020000 		.4byte	.Ldebug_loc3-.Ldebug_loc2
 4829              	.Ldebug_loc2:
 4830 0004 0500     		.2byte	0x5
ARM GAS  /tmp/ccGVB6Hk.s 			page 86


 4831 0006 04       		.byte	0x4
 4832 0007 00       		.byte	0
 4833 0008 00000000 		.4byte	0
 4834              	.Ldebug_loc0:
 4835              	.LVUS50:
 4836 000c 00       		.uleb128 .LVU426
 4837 000d 00       		.uleb128 .LVU502
 4838              	.LLST50:
 4839 000e 08       		.byte	0x8
 4840 000f 08000000 		.4byte	.LVL103
 4841 0013 6E       		.uleb128 .LVL119-.LVL103
 4842 0014 01       		.uleb128 0x1
 4843 0015 55       		.byte	0x55
 4844 0016 00       		.byte	0
 4845              	.LVUS55:
 4846 0017 02       		.uleb128 .LVU456
 4847 0018 00       		.uleb128 .LVU458
 4848              	.LLST55:
 4849 0019 08       		.byte	0x8
 4850 001a 2C000000 		.4byte	.LVL109
 4851 001e 04       		.uleb128 .LVL110-.LVL109
 4852 001f 02       		.uleb128 0x2
 4853 0020 75       		.byte	0x75
 4854 0021 24       		.sleb128 36
 4855 0022 00       		.byte	0
 4856              	.LVUS57:
 4857 0023 00       		.uleb128 .LVU441
 4858 0024 00       		.uleb128 .LVU450
 4859              	.LLST57:
 4860 0025 08       		.byte	0x8
 4861 0026 1C000000 		.4byte	.LVL107
 4862 002a 0B       		.uleb128 .LVL108-1-.LVL107
 4863 002b 01       		.uleb128 0x1
 4864 002c 50       		.byte	0x50
 4865 002d 00       		.byte	0
 4866              	.LVUS58:
 4867 002e 01       		.uleb128 .LVU462
 4868 002f 03       		.uleb128 .LVU464
 4869              	.LLST58:
 4870 0030 08       		.byte	0x8
 4871 0031 34000000 		.4byte	.LVL111
 4872 0035 00       		.uleb128 .LVL111-.LVL111
 4873 0036 01       		.uleb128 0x1
 4874 0037 54       		.byte	0x54
 4875 0038 00       		.byte	0
 4876              	.LVUS53:
 4877 0039 05       		.uleb128 .LVU431
 4878 003a 00       		.uleb128 .LVU433
 4879              	.LLST53:
 4880 003b 08       		.byte	0x8
 4881 003c 08000000 		.4byte	.LVL103
 4882 0040 04       		.uleb128 .LVL104-.LVL103
 4883 0041 03       		.uleb128 0x3
 4884 0042 08       		.byte	0x8
 4885 0043 20       		.byte	0x20
 4886 0044 9F       		.byte	0x9f
 4887 0045 00       		.byte	0
ARM GAS  /tmp/ccGVB6Hk.s 			page 87


 4888              	.LVUS61:
 4889 0046 04       		.uleb128 .LVU489
 4890 0047 00       		.uleb128 .LVU491
 4891 0048 04       		.uleb128 .LVU498
 4892 0049 00       		.uleb128 .LVU500
 4893              	.LLST61:
 4894 004a 06       		.byte	0x6
 4895 004b 60000000 		.4byte	.LVL114
 4896 004f 04       		.byte	0x4
 4897 0050 00       		.uleb128 .LVL114-.LVL114
 4898 0051 06       		.uleb128 .LVL115-.LVL114
 4899 0052 02       		.uleb128 0x2
 4900 0053 30       		.byte	0x30
 4901 0054 9F       		.byte	0x9f
 4902 0055 04       		.byte	0x4
 4903 0056 0E       		.uleb128 .LVL117-.LVL114
 4904 0057 14       		.uleb128 .LVL118-.LVL114
 4905 0058 02       		.uleb128 0x2
 4906 0059 30       		.byte	0x30
 4907 005a 9F       		.byte	0x9f
 4908 005b 00       		.byte	0
 4909              	.LVUS40:
 4910 005c 00       		.uleb128 0
 4911 005d 00       		.uleb128 .LVU351
 4912 005e 00       		.uleb128 .LVU351
 4913 005f 00       		.uleb128 .LVU412
 4914 0060 00       		.uleb128 .LVU412
 4915 0061 00       		.uleb128 .LVU413
 4916 0062 00       		.uleb128 .LVU413
 4917 0063 00       		.uleb128 .LVU413
 4918 0064 00       		.uleb128 .LVU413
 4919 0065 00       		.uleb128 0
 4920              	.LLST40:
 4921 0066 06       		.byte	0x6
 4922 0067 00000000 		.4byte	.LVL84
 4923 006b 04       		.byte	0x4
 4924 006c 00       		.uleb128 .LVL84-.LVL84
 4925 006d 0B       		.uleb128 .LVL86-1-.LVL84
 4926 006e 01       		.uleb128 0x1
 4927 006f 50       		.byte	0x50
 4928 0070 04       		.byte	0x4
 4929 0071 0B       		.uleb128 .LVL86-1-.LVL84
 4930 0072 6E       		.uleb128 .LVL98-.LVL84
 4931 0073 01       		.uleb128 0x1
 4932 0074 55       		.byte	0x55
 4933 0075 04       		.byte	0x4
 4934 0076 6E       		.uleb128 .LVL98-.LVL84
 4935 0077 71       		.uleb128 .LVL99-1-.LVL84
 4936 0078 02       		.uleb128 0x2
 4937 0079 70       		.byte	0x70
 4938 007a 24       		.sleb128 36
 4939 007b 04       		.byte	0x4
 4940 007c 71       		.uleb128 .LVL99-1-.LVL84
 4941 007d 72       		.uleb128 .LVL99-.LVL84
 4942 007e 0A       		.uleb128 0xa
 4943 007f A3       		.byte	0xa3
 4944 0080 03       		.uleb128 0x3
ARM GAS  /tmp/ccGVB6Hk.s 			page 88


 4945 0081 A5       		.byte	0xa5
 4946 0082 00       		.uleb128 0
 4947 0083 26       		.uleb128 0x26
 4948 0084 A8       		.byte	0xa8
 4949 0085 2D       		.uleb128 0x2d
 4950 0086 A8       		.byte	0xa8
 4951 0087 00       		.uleb128 0
 4952 0088 9F       		.byte	0x9f
 4953 0089 04       		.byte	0x4
 4954 008a 72       		.uleb128 .LVL99-.LVL84
 4955 008b 9401     		.uleb128 .LFE192-.LVL84
 4956 008d 01       		.uleb128 0x1
 4957 008e 55       		.byte	0x55
 4958 008f 00       		.byte	0
 4959              	.LVUS41:
 4960 0090 00       		.uleb128 .LVU349
 4961 0091 00       		.uleb128 .LVU412
 4962 0092 00       		.uleb128 .LVU413
 4963 0093 00       		.uleb128 0
 4964              	.LLST41:
 4965 0094 06       		.byte	0x6
 4966 0095 08000000 		.4byte	.LVL85
 4967 0099 04       		.byte	0x4
 4968 009a 00       		.uleb128 .LVL85-.LVL85
 4969 009b 66       		.uleb128 .LVL98-.LVL85
 4970 009c 01       		.uleb128 0x1
 4971 009d 57       		.byte	0x57
 4972 009e 04       		.byte	0x4
 4973 009f 6A       		.uleb128 .LVL99-.LVL85
 4974 00a0 8C01     		.uleb128 .LFE192-.LVL85
 4975 00a2 01       		.uleb128 0x1
 4976 00a3 57       		.byte	0x57
 4977 00a4 00       		.byte	0
 4978              	.LVUS42:
 4979 00a5 01       		.uleb128 .LVU384
 4980 00a6 00       		.uleb128 .LVU412
 4981              	.LLST42:
 4982 00a7 08       		.byte	0x8
 4983 00a8 40000000 		.4byte	.LVL91
 4984 00ac 2E       		.uleb128 .LVL98-.LVL91
 4985 00ad 01       		.uleb128 0x1
 4986 00ae 54       		.byte	0x54
 4987 00af 00       		.byte	0
 4988              	.LVUS46:
 4989 00b0 00       		.uleb128 .LVU403
 4990 00b1 00       		.uleb128 .LVU413
 4991              	.LLST46:
 4992 00b2 08       		.byte	0x8
 4993 00b3 62000000 		.4byte	.LVL97
 4994 00b7 0F       		.uleb128 .LVL99-1-.LVL97
 4995 00b8 01       		.uleb128 0x1
 4996 00b9 50       		.byte	0x50
 4997 00ba 00       		.byte	0
 4998              	.LVUS47:
 4999 00bb 00       		.uleb128 .LVU383
 5000 00bc 00       		.uleb128 .LVU412
 5001              	.LLST47:
ARM GAS  /tmp/ccGVB6Hk.s 			page 89


 5002 00bd 08       		.byte	0x8
 5003 00be 40000000 		.4byte	.LVL91
 5004 00c2 2E       		.uleb128 .LVL98-.LVL91
 5005 00c3 01       		.uleb128 0x1
 5006 00c4 56       		.byte	0x56
 5007 00c5 00       		.byte	0
 5008              	.LVUS48:
 5009 00c6 01       		.uleb128 .LVU387
 5010 00c7 00       		.uleb128 .LVU393
 5011              	.LLST48:
 5012 00c8 08       		.byte	0x8
 5013 00c9 42000000 		.4byte	.LVL92
 5014 00cd 06       		.uleb128 .LVL94-.LVL92
 5015 00ce 01       		.uleb128 0x1
 5016 00cf 54       		.byte	0x54
 5017 00d0 00       		.byte	0
 5018              	.LVUS49:
 5019 00d1 01       		.uleb128 .LVU390
 5020 00d2 00       		.uleb128 .LVU393
 5021              	.LLST49:
 5022 00d3 08       		.byte	0x8
 5023 00d4 46000000 		.4byte	.LVL93
 5024 00d8 02       		.uleb128 .LVL94-.LVL93
 5025 00d9 01       		.uleb128 0x1
 5026 00da 54       		.byte	0x54
 5027 00db 00       		.byte	0
 5028              	.LVUS43:
 5029 00dc 01       		.uleb128 .LVU373
 5030 00dd 03       		.uleb128 .LVU378
 5031              	.LLST43:
 5032 00de 08       		.byte	0x8
 5033 00df 32000000 		.4byte	.LVL89
 5034 00e3 04       		.uleb128 .LVL90-.LVL89
 5035 00e4 01       		.uleb128 0x1
 5036 00e5 55       		.byte	0x55
 5037 00e6 00       		.byte	0
 5038              	.LVUS44:
 5039 00e7 01       		.uleb128 .LVU376
 5040 00e8 03       		.uleb128 .LVU378
 5041              	.LLST44:
 5042 00e9 08       		.byte	0x8
 5043 00ea 36000000 		.4byte	.LVL90
 5044 00ee 00       		.uleb128 .LVL90-.LVL90
 5045 00ef 01       		.uleb128 0x1
 5046 00f0 55       		.byte	0x55
 5047 00f1 00       		.byte	0
 5048              	.LVUS27:
 5049 00f2 00       		.uleb128 0
 5050 00f3 00       		.uleb128 .LVU243
 5051 00f4 00       		.uleb128 .LVU243
 5052 00f5 00       		.uleb128 .LVU341
 5053 00f6 00       		.uleb128 .LVU341
 5054 00f7 00       		.uleb128 .LVU342
 5055 00f8 00       		.uleb128 .LVU342
 5056 00f9 00       		.uleb128 0
 5057              	.LLST27:
 5058 00fa 06       		.byte	0x6
ARM GAS  /tmp/ccGVB6Hk.s 			page 90


 5059 00fb 00000000 		.4byte	.LVL55
 5060 00ff 04       		.byte	0x4
 5061 0100 00       		.uleb128 .LVL55-.LVL55
 5062 0101 12       		.uleb128 .LVL57-.LVL55
 5063 0102 01       		.uleb128 0x1
 5064 0103 50       		.byte	0x50
 5065 0104 04       		.byte	0x4
 5066 0105 12       		.uleb128 .LVL57-.LVL55
 5067 0106 C001     		.uleb128 .LVL81-.LVL55
 5068 0108 01       		.uleb128 0x1
 5069 0109 55       		.byte	0x55
 5070 010a 04       		.byte	0x4
 5071 010b C001     		.uleb128 .LVL81-.LVL55
 5072 010d C201     		.uleb128 .LVL82-.LVL55
 5073 010f 01       		.uleb128 0x1
 5074 0110 50       		.byte	0x50
 5075 0111 04       		.byte	0x4
 5076 0112 C201     		.uleb128 .LVL82-.LVL55
 5077 0114 D401     		.uleb128 .LFE191-.LVL55
 5078 0116 01       		.uleb128 0x1
 5079 0117 55       		.byte	0x55
 5080 0118 00       		.byte	0
 5081              	.LVUS28:
 5082 0119 00       		.uleb128 .LVU239
 5083 011a 00       		.uleb128 0
 5084              	.LLST28:
 5085 011b 08       		.byte	0x8
 5086 011c 0E000000 		.4byte	.LVL56
 5087 0120 C601     		.uleb128 .LFE191-.LVL56
 5088 0122 01       		.uleb128 0x1
 5089 0123 57       		.byte	0x57
 5090 0124 00       		.byte	0
 5091              	.LVUS29:
 5092 0125 01       		.uleb128 .LVU283
 5093 0126 00       		.uleb128 .LVU311
 5094              	.LLST29:
 5095 0127 08       		.byte	0x8
 5096 0128 4C000000 		.4byte	.LVL64
 5097 012c 32       		.uleb128 .LVL72-.LVL64
 5098 012d 01       		.uleb128 0x1
 5099 012e 54       		.byte	0x54
 5100 012f 00       		.byte	0
 5101              	.LVUS33:
 5102 0130 00       		.uleb128 .LVU302
 5103 0131 00       		.uleb128 .LVU310
 5104              	.LLST33:
 5105 0132 08       		.byte	0x8
 5106 0133 6E000000 		.4byte	.LVL70
 5107 0137 0B       		.uleb128 .LVL71-1-.LVL70
 5108 0138 01       		.uleb128 0x1
 5109 0139 50       		.byte	0x50
 5110 013a 00       		.byte	0
 5111              	.LVUS34:
 5112 013b 00       		.uleb128 .LVU282
 5113 013c 00       		.uleb128 .LVU311
 5114              	.LLST34:
 5115 013d 08       		.byte	0x8
ARM GAS  /tmp/ccGVB6Hk.s 			page 91


 5116 013e 4C000000 		.4byte	.LVL64
 5117 0142 32       		.uleb128 .LVL72-.LVL64
 5118 0143 01       		.uleb128 0x1
 5119 0144 56       		.byte	0x56
 5120 0145 00       		.byte	0
 5121              	.LVUS35:
 5122 0146 01       		.uleb128 .LVU286
 5123 0147 00       		.uleb128 .LVU292
 5124              	.LLST35:
 5125 0148 08       		.byte	0x8
 5126 0149 4E000000 		.4byte	.LVL65
 5127 014d 06       		.uleb128 .LVL67-.LVL65
 5128 014e 01       		.uleb128 0x1
 5129 014f 54       		.byte	0x54
 5130 0150 00       		.byte	0
 5131              	.LVUS36:
 5132 0151 01       		.uleb128 .LVU289
 5133 0152 00       		.uleb128 .LVU292
 5134              	.LLST36:
 5135 0153 08       		.byte	0x8
 5136 0154 52000000 		.4byte	.LVL66
 5137 0158 02       		.uleb128 .LVL67-.LVL66
 5138 0159 01       		.uleb128 0x1
 5139 015a 54       		.byte	0x54
 5140 015b 00       		.byte	0
 5141              	.LVUS30:
 5142 015c 06       		.uleb128 .LVU249
 5143 015d 00       		.uleb128 .LVU251
 5144              	.LLST30:
 5145 015e 08       		.byte	0x8
 5146 015f 12000000 		.4byte	.LVL57
 5147 0163 06       		.uleb128 .LVL58-.LVL57
 5148 0164 03       		.uleb128 0x3
 5149 0165 08       		.byte	0x8
 5150 0166 20       		.byte	0x20
 5151 0167 9F       		.byte	0x9f
 5152 0168 00       		.byte	0
 5153              	.LVUS31:
 5154 0169 01       		.uleb128 .LVU272
 5155 016a 03       		.uleb128 .LVU277
 5156              	.LLST31:
 5157 016b 08       		.byte	0x8
 5158 016c 3E000000 		.4byte	.LVL62
 5159 0170 04       		.uleb128 .LVL63-.LVL62
 5160 0171 01       		.uleb128 0x1
 5161 0172 55       		.byte	0x55
 5162 0173 00       		.byte	0
 5163              	.LVUS32:
 5164 0174 01       		.uleb128 .LVU275
 5165 0175 03       		.uleb128 .LVU277
 5166              	.LLST32:
 5167 0176 08       		.byte	0x8
 5168 0177 42000000 		.4byte	.LVL63
 5169 017b 00       		.uleb128 .LVL63-.LVL63
 5170 017c 01       		.uleb128 0x1
 5171 017d 55       		.byte	0x55
 5172 017e 00       		.byte	0
ARM GAS  /tmp/ccGVB6Hk.s 			page 92


 5173              	.LVUS39:
 5174 017f 04       		.uleb128 .LVU324
 5175 0180 00       		.uleb128 .LVU326
 5176 0181 04       		.uleb128 .LVU333
 5177 0182 00       		.uleb128 .LVU335
 5178              	.LLST39:
 5179 0183 06       		.byte	0x6
 5180 0184 96000000 		.4byte	.LVL74
 5181 0188 04       		.byte	0x4
 5182 0189 00       		.uleb128 .LVL74-.LVL74
 5183 018a 06       		.uleb128 .LVL75-.LVL74
 5184 018b 02       		.uleb128 0x2
 5185 018c 30       		.byte	0x30
 5186 018d 9F       		.byte	0x9f
 5187 018e 04       		.byte	0x4
 5188 018f 10       		.uleb128 .LVL77-.LVL74
 5189 0190 16       		.uleb128 .LVL78-.LVL74
 5190 0191 02       		.uleb128 0x2
 5191 0192 30       		.byte	0x30
 5192 0193 9F       		.byte	0x9f
 5193 0194 00       		.byte	0
 5194              	.LVUS14:
 5195 0195 00       		.uleb128 0
 5196 0196 00       		.uleb128 .LVU157
 5197 0197 00       		.uleb128 .LVU157
 5198 0198 00       		.uleb128 0
 5199              	.LLST14:
 5200 0199 06       		.byte	0x6
 5201 019a 00000000 		.4byte	.LVL35
 5202 019e 04       		.byte	0x4
 5203 019f 00       		.uleb128 .LVL35-.LVL35
 5204 01a0 0D       		.uleb128 .LVL37-1-.LVL35
 5205 01a1 01       		.uleb128 0x1
 5206 01a2 50       		.byte	0x50
 5207 01a3 04       		.byte	0x4
 5208 01a4 0D       		.uleb128 .LVL37-1-.LVL35
 5209 01a5 6C       		.uleb128 .LFE189-.LVL35
 5210 01a6 01       		.uleb128 0x1
 5211 01a7 54       		.byte	0x54
 5212 01a8 00       		.byte	0
 5213              	.LVUS15:
 5214 01a9 00       		.uleb128 .LVU168
 5215 01aa 00       		.uleb128 .LVU196
 5216              	.LLST15:
 5217 01ab 08       		.byte	0x8
 5218 01ac 1C000000 		.4byte	.LVL39
 5219 01b0 2E       		.uleb128 .LVL46-.LVL39
 5220 01b1 01       		.uleb128 0x1
 5221 01b2 56       		.byte	0x56
 5222 01b3 00       		.byte	0
 5223              	.LVUS18:
 5224 01b4 07       		.uleb128 .LVU148
 5225 01b5 00       		.uleb128 .LVU154
 5226              	.LLST18:
 5227 01b6 08       		.byte	0x8
 5228 01b7 00000000 		.4byte	.LVL35
 5229 01bb 0A       		.uleb128 .LVL36-.LVL35
ARM GAS  /tmp/ccGVB6Hk.s 			page 93


 5230 01bc 03       		.uleb128 0x3
 5231 01bd 08       		.byte	0x8
 5232 01be 20       		.byte	0x20
 5233 01bf 9F       		.byte	0x9f
 5234 01c0 00       		.byte	0
 5235              	.LVUS20:
 5236 01c1 02       		.uleb128 .LVU159
 5237 01c2 00       		.uleb128 .LVU168
 5238 01c3 00       		.uleb128 .LVU196
 5239 01c4 00       		.uleb128 0
 5240              	.LLST20:
 5241 01c5 06       		.byte	0x6
 5242 01c6 0E000000 		.4byte	.LVL37
 5243 01ca 04       		.byte	0x4
 5244 01cb 00       		.uleb128 .LVL37-.LVL37
 5245 01cc 0E       		.uleb128 .LVL39-.LVL37
 5246 01cd 01       		.uleb128 0x1
 5247 01ce 54       		.byte	0x54
 5248 01cf 04       		.byte	0x4
 5249 01d0 3C       		.uleb128 .LVL46-.LVL37
 5250 01d1 5E       		.uleb128 .LFE189-.LVL37
 5251 01d2 01       		.uleb128 0x1
 5252 01d3 54       		.byte	0x54
 5253 01d4 00       		.byte	0
 5254              	.LVUS21:
 5255 01d5 00       		.uleb128 .LVU196
 5256 01d6 01       		.uleb128 .LVU205
 5257              	.LLST21:
 5258 01d7 08       		.byte	0x8
 5259 01d8 4A000000 		.4byte	.LVL46
 5260 01dc 0C       		.uleb128 .LVL47-.LVL46
 5261 01dd 01       		.uleb128 0x1
 5262 01de 54       		.byte	0x54
 5263 01df 00       		.byte	0
 5264              	.LVUS24:
 5265 01e0 04       		.uleb128 .LVU181
 5266 01e1 00       		.uleb128 .LVU183
 5267 01e2 04       		.uleb128 .LVU191
 5268 01e3 00       		.uleb128 .LVU193
 5269              	.LLST24:
 5270 01e4 06       		.byte	0x6
 5271 01e5 30000000 		.4byte	.LVL41
 5272 01e9 04       		.byte	0x4
 5273 01ea 00       		.uleb128 .LVL41-.LVL41
 5274 01eb 06       		.uleb128 .LVL42-.LVL41
 5275 01ec 02       		.uleb128 0x2
 5276 01ed 30       		.byte	0x30
 5277 01ee 9F       		.byte	0x9f
 5278 01ef 04       		.byte	0x4
 5279 01f0 10       		.uleb128 .LVL44-.LVL41
 5280 01f1 16       		.uleb128 .LVL45-.LVL41
 5281 01f2 02       		.uleb128 0x2
 5282 01f3 30       		.byte	0x30
 5283 01f4 9F       		.byte	0x9f
 5284 01f5 00       		.byte	0
 5285              	.LVUS3:
 5286 01f6 00       		.uleb128 0
ARM GAS  /tmp/ccGVB6Hk.s 			page 94


 5287 01f7 00       		.uleb128 .LVU38
 5288 01f8 00       		.uleb128 .LVU38
 5289 01f9 00       		.uleb128 .LVU71
 5290 01fa 00       		.uleb128 .LVU71
 5291 01fb 00       		.uleb128 .LVU72
 5292 01fc 00       		.uleb128 .LVU72
 5293 01fd 00       		.uleb128 0
 5294              	.LLST3:
 5295 01fe 06       		.byte	0x6
 5296 01ff 00000000 		.4byte	.LVL7
 5297 0203 04       		.byte	0x4
 5298 0204 00       		.uleb128 .LVL7-.LVL7
 5299 0205 0B       		.uleb128 .LVL9-1-.LVL7
 5300 0206 01       		.uleb128 0x1
 5301 0207 50       		.byte	0x50
 5302 0208 04       		.byte	0x4
 5303 0209 0B       		.uleb128 .LVL9-1-.LVL7
 5304 020a 4E       		.uleb128 .LVL14-.LVL7
 5305 020b 01       		.uleb128 0x1
 5306 020c 54       		.byte	0x54
 5307 020d 04       		.byte	0x4
 5308 020e 4E       		.uleb128 .LVL14-.LVL7
 5309 020f 54       		.uleb128 .LVL15-.LVL7
 5310 0210 0A       		.uleb128 0xa
 5311 0211 A3       		.byte	0xa3
 5312 0212 03       		.uleb128 0x3
 5313 0213 A5       		.byte	0xa5
 5314 0214 00       		.uleb128 0
 5315 0215 26       		.uleb128 0x26
 5316 0216 A8       		.byte	0xa8
 5317 0217 2D       		.uleb128 0x2d
 5318 0218 A8       		.byte	0xa8
 5319 0219 00       		.uleb128 0
 5320 021a 9F       		.byte	0x9f
 5321 021b 04       		.byte	0x4
 5322 021c 54       		.uleb128 .LVL15-.LVL7
 5323 021d 9C01     		.uleb128 .LFE188-.LVL7
 5324 021f 01       		.uleb128 0x1
 5325 0220 54       		.byte	0x54
 5326 0221 00       		.byte	0
 5327              	.LVUS4:
 5328 0222 00       		.uleb128 .LVU37
 5329 0223 00       		.uleb128 .LVU71
 5330 0224 00       		.uleb128 .LVU72
 5331 0225 00       		.uleb128 0
 5332              	.LLST4:
 5333 0226 06       		.byte	0x6
 5334 0227 08000000 		.4byte	.LVL8
 5335 022b 04       		.byte	0x4
 5336 022c 00       		.uleb128 .LVL8-.LVL8
 5337 022d 46       		.uleb128 .LVL14-.LVL8
 5338 022e 01       		.uleb128 0x1
 5339 022f 56       		.byte	0x56
 5340 0230 04       		.byte	0x4
 5341 0231 4C       		.uleb128 .LVL15-.LVL8
 5342 0232 9401     		.uleb128 .LFE188-.LVL8
 5343 0234 01       		.uleb128 0x1
ARM GAS  /tmp/ccGVB6Hk.s 			page 95


 5344 0235 56       		.byte	0x56
 5345 0236 00       		.byte	0
 5346              	.LVUS6:
 5347 0237 00       		.uleb128 .LVU45
 5348 0238 00       		.uleb128 .LVU71
 5349 0239 00       		.uleb128 .LVU78
 5350 023a 00       		.uleb128 .LVU79
 5351 023b 00       		.uleb128 .LVU79
 5352 023c 00       		.uleb128 .LVU96
 5353              	.LLST6:
 5354 023d 06       		.byte	0x6
 5355 023e 14000000 		.4byte	.LVL10
 5356 0242 04       		.byte	0x4
 5357 0243 00       		.uleb128 .LVL10-.LVL10
 5358 0244 3A       		.uleb128 .LVL14-.LVL10
 5359 0245 01       		.uleb128 0x1
 5360 0246 55       		.byte	0x55
 5361 0247 04       		.byte	0x4
 5362 0248 4A       		.uleb128 .LVL16-.LVL10
 5363 0249 4D       		.uleb128 .LVL17-1-.LVL10
 5364 024a 01       		.uleb128 0x1
 5365 024b 50       		.byte	0x50
 5366 024c 04       		.byte	0x4
 5367 024d 4D       		.uleb128 .LVL17-1-.LVL10
 5368 024e 78       		.uleb128 .LVL22-.LVL10
 5369 024f 01       		.uleb128 0x1
 5370 0250 55       		.byte	0x55
 5371 0251 00       		.byte	0
 5372              	.LVUS7:
 5373 0252 00       		.uleb128 0
 5374 0253 00       		.uleb128 .LVU113
 5375 0254 00       		.uleb128 .LVU113
 5376 0255 00       		.uleb128 .LVU140
 5377 0256 00       		.uleb128 .LVU140
 5378 0257 00       		.uleb128 0
 5379              	.LLST7:
 5380 0258 06       		.byte	0x6
 5381 0259 00000000 		.4byte	.LVL24
 5382 025d 04       		.byte	0x4
 5383 025e 00       		.uleb128 .LVL24-.LVL24
 5384 025f 0D       		.uleb128 .LVL26-1-.LVL24
 5385 0260 01       		.uleb128 0x1
 5386 0261 50       		.byte	0x50
 5387 0262 04       		.byte	0x4
 5388 0263 0D       		.uleb128 .LVL26-1-.LVL24
 5389 0264 40       		.uleb128 .LVL34-.LVL24
 5390 0265 01       		.uleb128 0x1
 5391 0266 54       		.byte	0x54
 5392 0267 04       		.byte	0x4
 5393 0268 40       		.uleb128 .LVL34-.LVL24
 5394 0269 48       		.uleb128 .LFE187-.LVL24
 5395 026a 0A       		.uleb128 0xa
 5396 026b A3       		.byte	0xa3
 5397 026c 03       		.uleb128 0x3
 5398 026d A5       		.byte	0xa5
 5399 026e 00       		.uleb128 0
 5400 026f 26       		.uleb128 0x26
ARM GAS  /tmp/ccGVB6Hk.s 			page 96


 5401 0270 A8       		.byte	0xa8
 5402 0271 2D       		.uleb128 0x2d
 5403 0272 A8       		.byte	0xa8
 5404 0273 00       		.uleb128 0
 5405 0274 9F       		.byte	0x9f
 5406 0275 00       		.byte	0
 5407              	.LVUS10:
 5408 0276 06       		.uleb128 .LVU104
 5409 0277 00       		.uleb128 .LVU110
 5410              	.LLST10:
 5411 0278 08       		.byte	0x8
 5412 0279 00000000 		.4byte	.LVL24
 5413 027d 0A       		.uleb128 .LVL25-.LVL24
 5414 027e 03       		.uleb128 0x3
 5415 027f 08       		.byte	0x8
 5416 0280 20       		.byte	0x20
 5417 0281 9F       		.byte	0x9f
 5418 0282 00       		.byte	0
 5419              	.LVUS13:
 5420 0283 04       		.uleb128 .LVU127
 5421 0284 00       		.uleb128 .LVU129
 5422 0285 04       		.uleb128 .LVU136
 5423 0286 00       		.uleb128 .LVU138
 5424              	.LLST13:
 5425 0287 06       		.byte	0x6
 5426 0288 2A000000 		.4byte	.LVL29
 5427 028c 04       		.byte	0x4
 5428 028d 00       		.uleb128 .LVL29-.LVL29
 5429 028e 06       		.uleb128 .LVL30-.LVL29
 5430 028f 02       		.uleb128 0x2
 5431 0290 30       		.byte	0x30
 5432 0291 9F       		.byte	0x9f
 5433 0292 04       		.byte	0x4
 5434 0293 0E       		.uleb128 .LVL32-.LVL29
 5435 0294 14       		.uleb128 .LVL33-.LVL29
 5436 0295 02       		.uleb128 0x2
 5437 0296 30       		.byte	0x30
 5438 0297 9F       		.byte	0x9f
 5439 0298 00       		.byte	0
 5440              	.LVUS0:
 5441 0299 00       		.uleb128 0
 5442 029a 00       		.uleb128 .LVU18
 5443 029b 00       		.uleb128 .LVU18
 5444 029c 00       		.uleb128 .LVU30
 5445 029d 00       		.uleb128 .LVU30
 5446 029e 00       		.uleb128 0
 5447              	.LLST0:
 5448 029f 06       		.byte	0x6
 5449 02a0 00000000 		.4byte	.LVL0
 5450 02a4 04       		.byte	0x4
 5451 02a5 00       		.uleb128 .LVL0-.LVL0
 5452 02a6 12       		.uleb128 .LVL3-.LVL0
 5453 02a7 01       		.uleb128 0x1
 5454 02a8 50       		.byte	0x50
 5455 02a9 04       		.byte	0x4
 5456 02aa 12       		.uleb128 .LVL3-.LVL0
 5457 02ab 20       		.uleb128 .LVL6-.LVL0
ARM GAS  /tmp/ccGVB6Hk.s 			page 97


 5458 02ac 01       		.uleb128 0x1
 5459 02ad 54       		.byte	0x54
 5460 02ae 04       		.byte	0x4
 5461 02af 20       		.uleb128 .LVL6-.LVL0
 5462 02b0 24       		.uleb128 .LFE186-.LVL0
 5463 02b1 0A       		.uleb128 0xa
 5464 02b2 A3       		.byte	0xa3
 5465 02b3 03       		.uleb128 0x3
 5466 02b4 A5       		.byte	0xa5
 5467 02b5 00       		.uleb128 0
 5468 02b6 26       		.uleb128 0x26
 5469 02b7 A8       		.byte	0xa8
 5470 02b8 2D       		.uleb128 0x2d
 5471 02b9 A8       		.byte	0xa8
 5472 02ba 00       		.uleb128 0
 5473 02bb 9F       		.byte	0x9f
 5474 02bc 00       		.byte	0
 5475              	.LVUS2:
 5476 02bd 02       		.uleb128 .LVU8
 5477 02be 00       		.uleb128 .LVU13
 5478 02bf 02       		.uleb128 .LVU21
 5479 02c0 00       		.uleb128 .LVU26
 5480              	.LLST2:
 5481 02c1 06       		.byte	0x6
 5482 02c2 06000000 		.4byte	.LVL1
 5483 02c6 04       		.byte	0x4
 5484 02c7 00       		.uleb128 .LVL1-.LVL1
 5485 02c8 06       		.uleb128 .LVL2-.LVL1
 5486 02c9 01       		.uleb128 0x1
 5487 02ca 50       		.byte	0x50
 5488 02cb 04       		.byte	0x4
 5489 02cc 10       		.uleb128 .LVL4-.LVL1
 5490 02cd 16       		.uleb128 .LVL5-.LVL1
 5491 02ce 01       		.uleb128 0x1
 5492 02cf 54       		.byte	0x54
 5493 02d0 00       		.byte	0
 5494              	.LVUS25:
 5495 02d1 00       		.uleb128 0
 5496 02d2 00       		.uleb128 .LVU213
 5497 02d3 00       		.uleb128 .LVU213
 5498 02d4 00       		.uleb128 0
 5499              	.LLST25:
 5500 02d5 06       		.byte	0x6
 5501 02d6 00000000 		.4byte	.LVL49
 5502 02da 04       		.byte	0x4
 5503 02db 00       		.uleb128 .LVL49-.LVL49
 5504 02dc 07       		.uleb128 .LVL50-1-.LVL49
 5505 02dd 01       		.uleb128 0x1
 5506 02de 50       		.byte	0x50
 5507 02df 04       		.byte	0x4
 5508 02e0 07       		.uleb128 .LVL50-1-.LVL49
 5509 02e1 34       		.uleb128 .LFE190-.LVL49
 5510 02e2 01       		.uleb128 0x1
 5511 02e3 54       		.byte	0x54
 5512 02e4 00       		.byte	0
 5513              	.LVUS26:
 5514 02e5 00       		.uleb128 .LVU221
ARM GAS  /tmp/ccGVB6Hk.s 			page 98


 5515 02e6 01       		.uleb128 .LVU230
 5516              	.LLST26:
 5517 02e7 08       		.byte	0x8
 5518 02e8 12000000 		.4byte	.LVL51
 5519 02ec 0E       		.uleb128 .LVL52-.LVL51
 5520 02ed 01       		.uleb128 0x1
 5521 02ee 54       		.byte	0x54
 5522 02ef 00       		.byte	0
 5523              	.Ldebug_loc3:
 5524              		.section	.debug_aranges,"",%progbits
 5525 0000 54000000 		.4byte	0x54
 5526 0004 0200     		.2byte	0x2
 5527 0006 00000000 		.4byte	.Ldebug_info0
 5528 000a 04       		.byte	0x4
 5529 000b 00       		.byte	0
 5530 000c 0000     		.2byte	0
 5531 000e 0000     		.2byte	0
 5532 0010 00000000 		.4byte	.LFB186
 5533 0014 24000000 		.4byte	.LFE186-.LFB186
 5534 0018 00000000 		.4byte	.LFB188
 5535 001c 9C000000 		.4byte	.LFE188-.LFB188
 5536 0020 00000000 		.4byte	.LFB187
 5537 0024 48000000 		.4byte	.LFE187-.LFB187
 5538 0028 00000000 		.4byte	.LFB189
 5539 002c 6C000000 		.4byte	.LFE189-.LFB189
 5540 0030 00000000 		.4byte	.LFB190
 5541 0034 34000000 		.4byte	.LFE190-.LFB190
 5542 0038 00000000 		.4byte	.LFB191
 5543 003c D4000000 		.4byte	.LFE191-.LFB191
 5544 0040 00000000 		.4byte	.LFB192
 5545 0044 94000000 		.4byte	.LFE192-.LFB192
 5546 0048 00000000 		.4byte	.LFB193
 5547 004c 80000000 		.4byte	.LFE193-.LFB193
 5548 0050 00000000 		.4byte	0
 5549 0054 00000000 		.4byte	0
 5550              		.section	.debug_rnglists,"",%progbits
 5551              	.Ldebug_ranges0:
 5552 0000 45010000 		.4byte	.Ldebug_ranges3-.Ldebug_ranges2
 5553              	.Ldebug_ranges2:
 5554 0004 0500     		.2byte	0x5
 5555 0006 04       		.byte	0x4
 5556 0007 00       		.byte	0
 5557 0008 00000000 		.4byte	0
 5558              	.LLRL1:
 5559 000c 05       		.byte	0x5
 5560 000d 06000000 		.4byte	.LBB62
 5561 0011 04       		.byte	0x4
 5562 0012 00       		.uleb128 .LBB62-.LBB62
 5563 0013 00       		.uleb128 .LBE62-.LBB62
 5564 0014 04       		.byte	0x4
 5565 0015 02       		.uleb128 .LBB67-.LBB62
 5566 0016 06       		.uleb128 .LBE67-.LBB62
 5567 0017 04       		.byte	0x4
 5568 0018 10       		.uleb128 .LBB68-.LBB62
 5569 0019 10       		.uleb128 .LBE68-.LBB62
 5570 001a 04       		.byte	0x4
 5571 001b 12       		.uleb128 .LBB69-.LBB62
ARM GAS  /tmp/ccGVB6Hk.s 			page 99


 5572 001c 16       		.uleb128 .LBE69-.LBB62
 5573 001d 00       		.byte	0
 5574              	.LLRL5:
 5575 001e 05       		.byte	0x5
 5576 001f 14000000 		.4byte	.LBB70
 5577 0023 04       		.byte	0x4
 5578 0024 00       		.uleb128 .LBB70-.LBB70
 5579 0025 36       		.uleb128 .LBE70-.LBB70
 5580 0026 04       		.byte	0x4
 5581 0027 3A       		.uleb128 .LBB71-.LBB70
 5582 0028 40       		.uleb128 .LBE71-.LBB70
 5583 0029 04       		.byte	0x4
 5584 002a 4A       		.uleb128 .LBB72-.LBB70
 5585 002b 78       		.uleb128 .LBE72-.LBB70
 5586 002c 00       		.byte	0
 5587              	.LLRL8:
 5588 002d 05       		.byte	0x5
 5589 002e 00000000 		.4byte	.LBB83
 5590 0032 04       		.byte	0x4
 5591 0033 00       		.uleb128 .LBB83-.LBB83
 5592 0034 00       		.uleb128 .LBE83-.LBB83
 5593 0035 04       		.byte	0x4
 5594 0036 02       		.uleb128 .LBB96-.LBB83
 5595 0037 04       		.uleb128 .LBE96-.LBB83
 5596 0038 04       		.byte	0x4
 5597 0039 06       		.uleb128 .LBB97-.LBB83
 5598 003a 0E       		.uleb128 .LBE97-.LBB83
 5599 003b 00       		.byte	0
 5600              	.LLRL9:
 5601 003c 05       		.byte	0x5
 5602 003d 00000000 		.4byte	.LBB85
 5603 0041 04       		.byte	0x4
 5604 0042 00       		.uleb128 .LBB85-.LBB85
 5605 0043 00       		.uleb128 .LBE85-.LBB85
 5606 0044 04       		.byte	0x4
 5607 0045 02       		.uleb128 .LBB92-.LBB85
 5608 0046 04       		.uleb128 .LBE92-.LBB85
 5609 0047 04       		.byte	0x4
 5610 0048 06       		.uleb128 .LBB93-.LBB85
 5611 0049 0A       		.uleb128 .LBE93-.LBB85
 5612 004a 00       		.byte	0
 5613              	.LLRL11:
 5614 004b 05       		.byte	0x5
 5615 004c 14000000 		.4byte	.LBB98
 5616 0050 04       		.byte	0x4
 5617 0051 00       		.uleb128 .LBB98-.LBB98
 5618 0052 1C       		.uleb128 .LBE98-.LBB98
 5619 0053 04       		.byte	0x4
 5620 0054 1E       		.uleb128 .LBB107-.LBB98
 5621 0055 2A       		.uleb128 .LBE107-.LBB98
 5622 0056 00       		.byte	0
 5623              	.LLRL12:
 5624 0057 05       		.byte	0x5
 5625 0058 2A000000 		.4byte	.LBB100
 5626 005c 04       		.byte	0x4
 5627 005d 00       		.uleb128 .LBB100-.LBB100
 5628 005e 06       		.uleb128 .LBE100-.LBB100
ARM GAS  /tmp/ccGVB6Hk.s 			page 100


 5629 005f 04       		.byte	0x4
 5630 0060 0E       		.uleb128 .LBB105-.LBB100
 5631 0061 14       		.uleb128 .LBE105-.LBB100
 5632 0062 00       		.byte	0
 5633              	.LLRL16:
 5634 0063 05       		.byte	0x5
 5635 0064 00000000 		.4byte	.LBB122
 5636 0068 04       		.byte	0x4
 5637 0069 00       		.uleb128 .LBB122-.LBB122
 5638 006a 00       		.uleb128 .LBE122-.LBB122
 5639 006b 04       		.byte	0x4
 5640 006c 02       		.uleb128 .LBB135-.LBB122
 5641 006d 04       		.uleb128 .LBE135-.LBB122
 5642 006e 04       		.byte	0x4
 5643 006f 06       		.uleb128 .LBB136-.LBB122
 5644 0070 0E       		.uleb128 .LBE136-.LBB122
 5645 0071 00       		.byte	0
 5646              	.LLRL17:
 5647 0072 05       		.byte	0x5
 5648 0073 00000000 		.4byte	.LBB124
 5649 0077 04       		.byte	0x4
 5650 0078 00       		.uleb128 .LBB124-.LBB124
 5651 0079 00       		.uleb128 .LBE124-.LBB124
 5652 007a 04       		.byte	0x4
 5653 007b 02       		.uleb128 .LBB131-.LBB124
 5654 007c 04       		.uleb128 .LBE131-.LBB124
 5655 007d 04       		.byte	0x4
 5656 007e 06       		.uleb128 .LBB132-.LBB124
 5657 007f 0A       		.uleb128 .LBE132-.LBB124
 5658 0080 00       		.byte	0
 5659              	.LLRL19:
 5660 0081 05       		.byte	0x5
 5661 0082 0E000000 		.4byte	.LBB137
 5662 0086 04       		.byte	0x4
 5663 0087 00       		.uleb128 .LBB137-.LBB137
 5664 0088 0E       		.uleb128 .LBE137-.LBB137
 5665 0089 04       		.byte	0x4
 5666 008a 3C       		.uleb128 .LBB152-.LBB137
 5667 008b 5E       		.uleb128 .LBE152-.LBB137
 5668 008c 00       		.byte	0
 5669              	.LLRL22:
 5670 008d 05       		.byte	0x5
 5671 008e 1C000000 		.4byte	.LBB142
 5672 0092 04       		.byte	0x4
 5673 0093 00       		.uleb128 .LBB142-.LBB142
 5674 0094 1A       		.uleb128 .LBE142-.LBB142
 5675 0095 04       		.byte	0x4
 5676 0096 1E       		.uleb128 .LBB151-.LBB142
 5677 0097 2A       		.uleb128 .LBE151-.LBB142
 5678 0098 00       		.byte	0
 5679              	.LLRL23:
 5680 0099 05       		.byte	0x5
 5681 009a 30000000 		.4byte	.LBB144
 5682 009e 04       		.byte	0x4
 5683 009f 00       		.uleb128 .LBB144-.LBB144
 5684 00a0 06       		.uleb128 .LBE144-.LBB144
 5685 00a1 04       		.byte	0x4
ARM GAS  /tmp/ccGVB6Hk.s 			page 101


 5686 00a2 10       		.uleb128 .LBB149-.LBB144
 5687 00a3 16       		.uleb128 .LBE149-.LBB144
 5688 00a4 00       		.byte	0
 5689              	.LLRL37:
 5690 00a5 05       		.byte	0x5
 5691 00a6 7E000000 		.4byte	.LBB190
 5692 00aa 04       		.byte	0x4
 5693 00ab 00       		.uleb128 .LBB190-.LBB190
 5694 00ac 1E       		.uleb128 .LBE190-.LBB190
 5695 00ad 04       		.byte	0x4
 5696 00ae 22       		.uleb128 .LBB199-.LBB190
 5697 00af 2E       		.uleb128 .LBE199-.LBB190
 5698 00b0 00       		.byte	0
 5699              	.LLRL38:
 5700 00b1 05       		.byte	0x5
 5701 00b2 96000000 		.4byte	.LBB192
 5702 00b6 04       		.byte	0x4
 5703 00b7 00       		.uleb128 .LBB192-.LBB192
 5704 00b8 06       		.uleb128 .LBE192-.LBB192
 5705 00b9 04       		.byte	0x4
 5706 00ba 10       		.uleb128 .LBB197-.LBB192
 5707 00bb 16       		.uleb128 .LBE197-.LBB192
 5708 00bc 00       		.byte	0
 5709              	.LLRL45:
 5710 00bd 05       		.byte	0x5
 5711 00be 3C000000 		.4byte	.LBB204
 5712 00c2 04       		.byte	0x4
 5713 00c3 00       		.uleb128 .LBB204-.LBB204
 5714 00c4 2E       		.uleb128 .LBE204-.LBB204
 5715 00c5 04       		.byte	0x4
 5716 00c6 32       		.uleb128 .LBB209-.LBB204
 5717 00c7 36       		.uleb128 .LBE209-.LBB204
 5718 00c8 00       		.byte	0
 5719              	.LLRL51:
 5720 00c9 05       		.byte	0x5
 5721 00ca 04000000 		.4byte	.LBB226
 5722 00ce 04       		.byte	0x4
 5723 00cf 00       		.uleb128 .LBB226-.LBB226
 5724 00d0 02       		.uleb128 .LBE226-.LBB226
 5725 00d1 04       		.byte	0x4
 5726 00d2 04       		.uleb128 .LBB235-.LBB226
 5727 00d3 0C       		.uleb128 .LBE235-.LBB226
 5728 00d4 00       		.byte	0
 5729              	.LLRL52:
 5730 00d5 05       		.byte	0x5
 5731 00d6 04000000 		.4byte	.LBB228
 5732 00da 04       		.byte	0x4
 5733 00db 00       		.uleb128 .LBB228-.LBB228
 5734 00dc 02       		.uleb128 .LBE228-.LBB228
 5735 00dd 04       		.byte	0x4
 5736 00de 04       		.uleb128 .LBB233-.LBB228
 5737 00df 08       		.uleb128 .LBE233-.LBB228
 5738 00e0 00       		.byte	0
 5739              	.LLRL54:
 5740 00e1 05       		.byte	0x5
 5741 00e2 14000000 		.4byte	.LBB236
 5742 00e6 04       		.byte	0x4
ARM GAS  /tmp/ccGVB6Hk.s 			page 102


 5743 00e7 00       		.uleb128 .LBB236-.LBB236
 5744 00e8 14       		.uleb128 .LBE236-.LBB236
 5745 00e9 04       		.byte	0x4
 5746 00ea 18       		.uleb128 .LBB244-.LBB236
 5747 00eb 2A       		.uleb128 .LBE244-.LBB236
 5748 00ec 00       		.byte	0
 5749              	.LLRL56:
 5750 00ed 05       		.byte	0x5
 5751 00ee 18000000 		.4byte	.LBB237
 5752 00f2 04       		.byte	0x4
 5753 00f3 00       		.uleb128 .LBB237-.LBB237
 5754 00f4 10       		.uleb128 .LBE237-.LBB237
 5755 00f5 04       		.byte	0x4
 5756 00f6 1C       		.uleb128 .LBB242-.LBB237
 5757 00f7 1C       		.uleb128 .LBE242-.LBB237
 5758 00f8 04       		.byte	0x4
 5759 00f9 20       		.uleb128 .LBB243-.LBB237
 5760 00fa 22       		.uleb128 .LBE243-.LBB237
 5761 00fb 00       		.byte	0
 5762              	.LLRL59:
 5763 00fc 05       		.byte	0x5
 5764 00fd 4C000000 		.4byte	.LBB245
 5765 0101 04       		.byte	0x4
 5766 0102 00       		.uleb128 .LBB245-.LBB245
 5767 0103 1A       		.uleb128 .LBE245-.LBB245
 5768 0104 04       		.byte	0x4
 5769 0105 1C       		.uleb128 .LBB254-.LBB245
 5770 0106 28       		.uleb128 .LBE254-.LBB245
 5771 0107 00       		.byte	0
 5772              	.LLRL60:
 5773 0108 05       		.byte	0x5
 5774 0109 60000000 		.4byte	.LBB247
 5775 010d 04       		.byte	0x4
 5776 010e 00       		.uleb128 .LBB247-.LBB247
 5777 010f 06       		.uleb128 .LBE247-.LBB247
 5778 0110 04       		.byte	0x4
 5779 0111 0E       		.uleb128 .LBB252-.LBB247
 5780 0112 14       		.uleb128 .LBE252-.LBB247
 5781 0113 00       		.byte	0
 5782              	.LLRL62:
 5783 0114 07       		.byte	0x7
 5784 0115 00000000 		.4byte	.LFB186
 5785 0119 24       		.uleb128 .LFE186-.LFB186
 5786 011a 07       		.byte	0x7
 5787 011b 00000000 		.4byte	.LFB188
 5788 011f 9C01     		.uleb128 .LFE188-.LFB188
 5789 0121 07       		.byte	0x7
 5790 0122 00000000 		.4byte	.LFB187
 5791 0126 48       		.uleb128 .LFE187-.LFB187
 5792 0127 07       		.byte	0x7
 5793 0128 00000000 		.4byte	.LFB189
 5794 012c 6C       		.uleb128 .LFE189-.LFB189
 5795 012d 07       		.byte	0x7
 5796 012e 00000000 		.4byte	.LFB190
 5797 0132 34       		.uleb128 .LFE190-.LFB190
 5798 0133 07       		.byte	0x7
 5799 0134 00000000 		.4byte	.LFB191
ARM GAS  /tmp/ccGVB6Hk.s 			page 103


 5800 0138 D401     		.uleb128 .LFE191-.LFB191
 5801 013a 07       		.byte	0x7
 5802 013b 00000000 		.4byte	.LFB192
 5803 013f 9401     		.uleb128 .LFE192-.LFB192
 5804 0141 07       		.byte	0x7
 5805 0142 00000000 		.4byte	.LFB193
 5806 0146 8001     		.uleb128 .LFE193-.LFB193
 5807 0148 00       		.byte	0
 5808              	.Ldebug_ranges3:
 5809              		.section	.debug_line,"",%progbits
 5810              	.Ldebug_line0:
 5811 0000 790B0000 		.section	.debug_str,"MS",%progbits,1
 5811      03006D02 
 5811      00000201 
 5811      FB0E0D00 
 5811      01010101 
 5812              	.LASF42:
 5813 0000 72656164 		.ascii	"ready_list_t\000"
 5813      795F6C69 
 5813      73745F74 
 5813      00
 5814              	.LASF81:
 5815 000d 77747472 		.ascii	"wttrp\000"
 5815      7000
 5816              	.LASF78:
 5817 0013 7264796D 		.ascii	"rdymsg\000"
 5817      736700
 5818              	.LASF16:
 5819 001a 75696E74 		.ascii	"uint64_t\000"
 5819      36345F74 
 5819      00
 5820              	.LASF6:
 5821 0023 5F5F7569 		.ascii	"__uint8_t\000"
 5821      6E74385F 
 5821      7400
 5822              	.LASF75:
 5823 002d 706F7274 		.ascii	"port_intctx\000"
 5823      5F696E74 
 5823      63747800 
 5824              	.LASF61:
 5825 0039 73797374 		.ascii	"system_debug_t\000"
 5825      656D5F64 
 5825      65627567 
 5825      5F7400
 5826              	.LASF116:
 5827 0048 71756575 		.ascii	"queue_init\000"
 5827      655F696E 
 5827      697400
 5828              	.LASF119:
 5829 0053 706F7274 		.ascii	"port_lock\000"
 5829      5F6C6F63 
 5829      6B00
 5830              	.LASF102:
 5831 005d 63685379 		.ascii	"chSysHalt\000"
 5831      7348616C 
 5831      7400
 5832              	.LASF0:
ARM GAS  /tmp/ccGVB6Hk.s 			page 104


 5833 0067 6C6F6E67 		.ascii	"long long unsigned int\000"
 5833      206C6F6E 
 5833      6720756E 
 5833      7369676E 
 5833      65642069 
 5834              	.LASF79:
 5835 007e 65786974 		.ascii	"exitcode\000"
 5835      636F6465 
 5835      00
 5836              	.LASF70:
 5837 0087 6D61696E 		.ascii	"mainthread\000"
 5837      74687265 
 5837      616400
 5838              	.LASF58:
 5839 0092 76697274 		.ascii	"virtual_timers_list_t\000"
 5839      75616C5F 
 5839      74696D65 
 5839      72735F6C 
 5839      6973745F 
 5840              	.LASF106:
 5841 00a8 63684D74 		.ascii	"chMtxUnlock\000"
 5841      78556E6C 
 5841      6F636B00 
 5842              	.LASF41:
 5843 00b4 63685F74 		.ascii	"ch_threads_queue\000"
 5843      68726561 
 5843      64735F71 
 5843      75657565 
 5843      00
 5844              	.LASF28:
 5845 00c5 705F7072 		.ascii	"p_prio\000"
 5845      696F00
 5846              	.LASF92:
 5847 00cc 6D757465 		.ascii	"mutex_t\000"
 5847      785F7400 
 5848              	.LASF122:
 5849 00d4 474E5520 		.ascii	"GNU C99 13.2.1 20231009 -mcpu=cortex-m4 -mfpu=fpv4-"
 5849      43393920 
 5849      31332E32 
 5849      2E312032 
 5849      30323331 
 5850 0107 73702D64 		.ascii	"sp-d16 -mfloat-abi=hard -mfloat-abi=hard -mfpu=fpv4"
 5850      3136202D 
 5850      6D666C6F 
 5850      61742D61 
 5850      62693D68 
 5851 013a 2D73702D 		.ascii	"-sp-d16 -mno-thumb-interwork -mthumb -march=armv7e-"
 5851      64313620 
 5851      2D6D6E6F 
 5851      2D746875 
 5851      6D622D69 
 5852 016d 6D2B6670 		.ascii	"m+fp -ggdb -O2 -std=gnu99 -fomit-frame-pointer -fal"
 5852      202D6767 
 5852      6462202D 
 5852      4F32202D 
 5852      7374643D 
 5853 01a0 69676E2D 		.ascii	"ign-functions=16 -ffunction-sections -fdata-section"
ARM GAS  /tmp/ccGVB6Hk.s 			page 105


 5853      66756E63 
 5853      74696F6E 
 5853      733D3136 
 5853      202D6666 
 5854 01d3 73202D66 		.ascii	"s -fno-common -fsingle-precision-constant\000"
 5854      6E6F2D63 
 5854      6F6D6D6F 
 5854      6E202D66 
 5854      73696E67 
 5855              	.LASF2:
 5856 01fd 7369676E 		.ascii	"signed char\000"
 5856      65642063 
 5856      68617200 
 5857              	.LASF88:
 5858 0209 6D5F7175 		.ascii	"m_queue\000"
 5858      65756500 
 5859              	.LASF69:
 5860 0211 76746C69 		.ascii	"vtlist\000"
 5860      737400
 5861              	.LASF118:
 5862 0218 706F7274 		.ascii	"port_unlock\000"
 5862      5F756E6C 
 5862      6F636B00 
 5863              	.LASF20:
 5864 0224 74736C69 		.ascii	"tslices_t\000"
 5864      6365735F 
 5864      7400
 5865              	.LASF124:
 5866 022e 2F686F6D 		.ascii	"/home/gunnar/code/rise_sdvp/Embedded/RTCM_Forwarder"
 5866      652F6775 
 5866      6E6E6172 
 5866      2F636F64 
 5866      652F7269 
 5867 0261 5F50726F 		.ascii	"_Project\000"
 5867      6A656374 
 5867      00
 5868              	.LASF67:
 5869 026a 63685F73 		.ascii	"ch_system\000"
 5869      79737465 
 5869      6D00
 5870              	.LASF8:
 5871 0274 6C6F6E67 		.ascii	"long int\000"
 5871      20696E74 
 5871      00
 5872              	.LASF97:
 5873 027d 71756575 		.ascii	"queue_dequeue\000"
 5873      655F6465 
 5873      71756575 
 5873      6500
 5874              	.LASF19:
 5875 028b 74737461 		.ascii	"tstate_t\000"
 5875      74655F74 
 5875      00
 5876              	.LASF114:
 5877 0294 71756575 		.ascii	"queue_notempty\000"
 5877      655F6E6F 
 5877      74656D70 
ARM GAS  /tmp/ccGVB6Hk.s 			page 106


 5877      747900
 5878              	.LASF108:
 5879 02a3 63684D74 		.ascii	"chMtxTryLockS\000"
 5879      78547279 
 5879      4C6F636B 
 5879      5300
 5880              	.LASF30:
 5881 02b1 705F6E65 		.ascii	"p_newer\000"
 5881      77657200 
 5882              	.LASF85:
 5883 02b9 735F7175 		.ascii	"s_queue\000"
 5883      65756500 
 5884              	.LASF98:
 5885 02c1 63685363 		.ascii	"chSchRescheduleS\000"
 5885      68526573 
 5885      63686564 
 5885      756C6553 
 5885      00
 5886              	.LASF47:
 5887 02d2 725F6E65 		.ascii	"r_newer\000"
 5887      77657200 
 5888              	.LASF72:
 5889 02da 72656761 		.ascii	"regarm_t\000"
 5889      726D5F74 
 5889      00
 5890              	.LASF54:
 5891 02e3 76745F70 		.ascii	"vt_prev\000"
 5891      72657600 
 5892              	.LASF11:
 5893 02eb 6C6F6E67 		.ascii	"long long int\000"
 5893      206C6F6E 
 5893      6720696E 
 5893      7400
 5894              	.LASF121:
 5895 02f9 76616C75 		.ascii	"value\000"
 5895      6500
 5896              	.LASF65:
 5897 02ff 6C6F636B 		.ascii	"lock_cnt\000"
 5897      5F636E74 
 5897      00
 5898              	.LASF71:
 5899 0308 69646C65 		.ascii	"idle_thread_wa\000"
 5899      5F746872 
 5899      6561645F 
 5899      776100
 5900              	.LASF23:
 5901 0317 636E745F 		.ascii	"cnt_t\000"
 5901      7400
 5902              	.LASF104:
 5903 031d 63684D74 		.ascii	"chMtxUnlockS\000"
 5903      78556E6C 
 5903      6F636B53 
 5903      00
 5904              	.LASF1:
 5905 032a 756E7369 		.ascii	"unsigned int\000"
 5905      676E6564 
 5905      20696E74 
ARM GAS  /tmp/ccGVB6Hk.s 			page 107


 5905      00
 5906              	.LASF53:
 5907 0337 76745F6E 		.ascii	"vt_next\000"
 5907      65787400 
 5908              	.LASF82:
 5909 033f 77747365 		.ascii	"wtsemp\000"
 5909      6D7000
 5910              	.LASF55:
 5911 0346 76745F64 		.ascii	"vt_delta\000"
 5911      656C7461 
 5911      00
 5912              	.LASF86:
 5913 034f 735F636E 		.ascii	"s_cnt\000"
 5913      7400
 5914              	.LASF5:
 5915 0355 73686F72 		.ascii	"short unsigned int\000"
 5915      7420756E 
 5915      7369676E 
 5915      65642069 
 5915      6E7400
 5916              	.LASF40:
 5917 0368 63685F74 		.ascii	"ch_thread\000"
 5917      68726561 
 5917      6400
 5918              	.LASF22:
 5919 0372 6D73675F 		.ascii	"msg_t\000"
 5919      7400
 5920              	.LASF66:
 5921 0378 63685F73 		.ascii	"ch_system_t\000"
 5921      79737465 
 5921      6D5F7400 
 5922              	.LASF103:
 5923 0384 63684D74 		.ascii	"chMtxUnlockAll\000"
 5923      78556E6C 
 5923      6F636B41 
 5923      6C6C00
 5924              	.LASF105:
 5925 0393 6E657770 		.ascii	"newprio\000"
 5925      72696F00 
 5926              	.LASF18:
 5927 039b 746D6F64 		.ascii	"tmode_t\000"
 5927      655F7400 
 5928              	.LASF99:
 5929 03a3 63684462 		.ascii	"chDbgCheckClassS\000"
 5929      67436865 
 5929      636B436C 
 5929      61737353 
 5929      00
 5930              	.LASF43:
 5931 03b4 63685F72 		.ascii	"ch_ready_list\000"
 5931      65616479 
 5931      5F6C6973 
 5931      7400
 5932              	.LASF125:
 5933 03c2 63684D74 		.ascii	"chMtxTryLock\000"
 5933      78547279 
 5933      4C6F636B 
ARM GAS  /tmp/ccGVB6Hk.s 			page 108


 5933      00
 5934              	.LASF7:
 5935 03cf 5F5F696E 		.ascii	"__int32_t\000"
 5935      7433325F 
 5935      7400
 5936              	.LASF73:
 5937 03d9 73746B61 		.ascii	"stkalign_t\000"
 5937      6C69676E 
 5937      5F7400
 5938              	.LASF17:
 5939 03e4 7274636E 		.ascii	"rtcnt_t\000"
 5939      745F7400 
 5940              	.LASF38:
 5941 03ec 74687265 		.ascii	"thread_reference_t\000"
 5941      61645F72 
 5941      65666572 
 5941      656E6365 
 5941      5F7400
 5942              	.LASF101:
 5943 03ff 5F646267 		.ascii	"_dbg_check_lock\000"
 5943      5F636865 
 5943      636B5F6C 
 5943      6F636B00 
 5944              	.LASF59:
 5945 040f 63685F76 		.ascii	"ch_virtual_timers_list\000"
 5945      69727475 
 5945      616C5F74 
 5945      696D6572 
 5945      735F6C69 
 5946              	.LASF120:
 5947 0426 5F5F7365 		.ascii	"__set_BASEPRI\000"
 5947      745F4241 
 5947      53455052 
 5947      4900
 5948              	.LASF123:
 5949 0434 2E2E2F52 		.ascii	"../RC_Controller/ChibiOS_3.0.5/os/rt/src/chmtx.c\000"
 5949      435F436F 
 5949      6E74726F 
 5949      6C6C6572 
 5949      2F436869 
 5950              	.LASF111:
 5951 0465 63684D74 		.ascii	"chMtxLock\000"
 5951      784C6F63 
 5951      6B00
 5952              	.LASF31:
 5953 046f 705F6F6C 		.ascii	"p_older\000"
 5953      64657200 
 5954              	.LASF46:
 5955 0477 725F6374 		.ascii	"r_ctx\000"
 5955      7800
 5956              	.LASF77:
 5957 047d 746D5F63 		.ascii	"tm_calibration_t\000"
 5957      616C6962 
 5957      72617469 
 5957      6F6E5F74 
 5957      00
 5958              	.LASF90:
ARM GAS  /tmp/ccGVB6Hk.s 			page 109


 5959 048e 6D5F6E65 		.ascii	"m_next\000"
 5959      787400
 5960              	.LASF49:
 5961 0495 725F6375 		.ascii	"r_current\000"
 5961      7272656E 
 5961      7400
 5962              	.LASF48:
 5963 049f 725F6F6C 		.ascii	"r_older\000"
 5963      64657200 
 5964              	.LASF12:
 5965 04a7 5F5F7569 		.ascii	"__uint64_t\000"
 5965      6E743634 
 5965      5F7400
 5966              	.LASF51:
 5967 04b2 76697274 		.ascii	"virtual_timer_t\000"
 5967      75616C5F 
 5967      74696D65 
 5967      725F7400 
 5968              	.LASF27:
 5969 04c2 705F7072 		.ascii	"p_prev\000"
 5969      657600
 5970              	.LASF21:
 5971 04c9 74707269 		.ascii	"tprio_t\000"
 5971      6F5F7400 
 5972              	.LASF112:
 5973 04d1 63684D74 		.ascii	"chMtxObjectInit\000"
 5973      784F626A 
 5973      65637449 
 5973      6E697400 
 5974              	.LASF62:
 5975 04e1 63685F73 		.ascii	"ch_system_debug\000"
 5975      79737465 
 5975      6D5F6465 
 5975      62756700 
 5976              	.LASF109:
 5977 04f1 5F426F6F 		.ascii	"_Bool\000"
 5977      6C00
 5978              	.LASF14:
 5979 04f7 696E7433 		.ascii	"int32_t\000"
 5979      325F7400 
 5980              	.LASF3:
 5981 04ff 756E7369 		.ascii	"unsigned char\000"
 5981      676E6564 
 5981      20636861 
 5981      7200
 5982              	.LASF33:
 5983 050d 705F7374 		.ascii	"p_state\000"
 5983      61746500 
 5984              	.LASF36:
 5985 0515 705F6D74 		.ascii	"p_mtxlist\000"
 5985      786C6973 
 5985      7400
 5986              	.LASF4:
 5987 051f 73686F72 		.ascii	"short int\000"
 5987      7420696E 
 5987      7400
 5988              	.LASF35:
ARM GAS  /tmp/ccGVB6Hk.s 			page 110


 5989 0529 705F7072 		.ascii	"p_preempt\000"
 5989      65656D70 
 5989      7400
 5990              	.LASF45:
 5991 0533 725F7072 		.ascii	"r_prio\000"
 5991      696F00
 5992              	.LASF26:
 5993 053a 705F6E65 		.ascii	"p_next\000"
 5993      787400
 5994              	.LASF34:
 5995 0541 705F666C 		.ascii	"p_flags\000"
 5995      61677300 
 5996              	.LASF107:
 5997 0549 5F5F6675 		.ascii	"__func__\000"
 5997      6E635F5F 
 5997      00
 5998              	.LASF117:
 5999 0552 63685379 		.ascii	"chSysLock\000"
 5999      734C6F63 
 5999      6B00
 6000              	.LASF52:
 6001 055c 63685F76 		.ascii	"ch_virtual_timer\000"
 6001      69727475 
 6001      616C5F74 
 6001      696D6572 
 6001      00
 6002              	.LASF84:
 6003 056d 63685F73 		.ascii	"ch_semaphore\000"
 6003      656D6170 
 6003      686F7265 
 6003      00
 6004              	.LASF95:
 6005 057a 63685363 		.ascii	"chSchGoSleepS\000"
 6005      68476F53 
 6005      6C656570 
 6005      5300
 6006              	.LASF15:
 6007 0588 75696E74 		.ascii	"uint32_t\000"
 6007      33325F74 
 6007      00
 6008              	.LASF83:
 6009 0591 77746D74 		.ascii	"wtmtxp\000"
 6009      787000
 6010              	.LASF44:
 6011 0598 725F7175 		.ascii	"r_queue\000"
 6011      65756500 
 6012              	.LASF94:
 6013 05a0 63685363 		.ascii	"chSchReadyI\000"
 6013      68526561 
 6013      64794900 
 6014              	.LASF10:
 6015 05ac 6C6F6E67 		.ascii	"long unsigned int\000"
 6015      20756E73 
 6015      69676E65 
 6015      6420696E 
 6015      7400
 6016              	.LASF91:
ARM GAS  /tmp/ccGVB6Hk.s 			page 111


 6017 05be 63686172 		.ascii	"char\000"
 6017      00
 6018              	.LASF25:
 6019 05c3 74687265 		.ascii	"thread_t\000"
 6019      61645F74 
 6019      00
 6020              	.LASF93:
 6021 05cc 71756575 		.ascii	"queue_fifo_remove\000"
 6021      655F6669 
 6021      666F5F72 
 6021      656D6F76 
 6021      6500
 6022              	.LASF24:
 6023 05de 73797374 		.ascii	"systime_t\000"
 6023      696D655F 
 6023      7400
 6024              	.LASF37:
 6025 05e8 705F7265 		.ascii	"p_realprio\000"
 6025      616C7072 
 6025      696F00
 6026              	.LASF50:
 6027 05f3 76746675 		.ascii	"vtfunc_t\000"
 6027      6E635F74 
 6027      00
 6028              	.LASF9:
 6029 05fc 5F5F7569 		.ascii	"__uint32_t\000"
 6029      6E743332 
 6029      5F7400
 6030              	.LASF113:
 6031 0607 63684D74 		.ascii	"chMtxQueueNotEmptyS\000"
 6031      78517565 
 6031      75654E6F 
 6031      74456D70 
 6031      74795300 
 6032              	.LASF63:
 6033 061b 70616E69 		.ascii	"panic_msg\000"
 6033      635F6D73 
 6033      6700
 6034              	.LASF76:
 6035 0625 6F666673 		.ascii	"offset\000"
 6035      657400
 6036              	.LASF74:
 6037 062c 636F6E74 		.ascii	"context\000"
 6037      65787400 
 6038              	.LASF57:
 6039 0634 76745F70 		.ascii	"vt_par\000"
 6039      617200
 6040              	.LASF39:
 6041 063b 74687265 		.ascii	"threads_queue_t\000"
 6041      6164735F 
 6041      71756575 
 6041      655F7400 
 6042              	.LASF87:
 6043 064b 63685F6D 		.ascii	"ch_mutex\000"
 6043      75746578 
 6043      00
 6044              	.LASF64:
ARM GAS  /tmp/ccGVB6Hk.s 			page 112


 6045 0654 6973725F 		.ascii	"isr_cnt\000"
 6045      636E7400 
 6046              	.LASF68:
 6047 065c 726C6973 		.ascii	"rlist\000"
 6047      7400
 6048              	.LASF13:
 6049 0662 75696E74 		.ascii	"uint8_t\000"
 6049      385F7400 
 6050              	.LASF100:
 6051 066a 5F646267 		.ascii	"_dbg_check_unlock\000"
 6051      5F636865 
 6051      636B5F75 
 6051      6E6C6F63 
 6051      6B00
 6052              	.LASF80:
 6053 067c 77746F62 		.ascii	"wtobjp\000"
 6053      6A7000
 6054              	.LASF32:
 6055 0683 705F6E61 		.ascii	"p_name\000"
 6055      6D6500
 6056              	.LASF60:
 6057 068a 76745F73 		.ascii	"vt_systime\000"
 6057      79737469 
 6057      6D6500
 6058              	.LASF115:
 6059 0695 63685379 		.ascii	"chSysUnlock\000"
 6059      73556E6C 
 6059      6F636B00 
 6060              	.LASF110:
 6061 06a1 63684D74 		.ascii	"chMtxLockS\000"
 6061      784C6F63 
 6061      6B5300
 6062              	.LASF96:
 6063 06ac 71756575 		.ascii	"queue_prio_insert\000"
 6063      655F7072 
 6063      696F5F69 
 6063      6E736572 
 6063      7400
 6064              	.LASF89:
 6065 06be 6D5F6F77 		.ascii	"m_owner\000"
 6065      6E657200 
 6066              	.LASF29:
 6067 06c6 705F6374 		.ascii	"p_ctx\000"
 6067      7800
 6068              	.LASF56:
 6069 06cc 76745F66 		.ascii	"vt_func\000"
 6069      756E6300 
 6070              		.ident	"GCC: (Arm GNU Toolchain 13.2.rel1 (Build arm-13.7)) 13.2.1 20231009"
ARM GAS  /tmp/ccGVB6Hk.s 			page 113


DEFINED SYMBOLS
                            *ABS*:00000000 chmtx.c
     /tmp/ccGVB6Hk.s:21     .text.chMtxObjectInit:00000000 $t
     /tmp/ccGVB6Hk.s:28     .text.chMtxObjectInit:00000000 chMtxObjectInit
     /tmp/ccGVB6Hk.s:109    .text.chMtxObjectInit:00000020 $d
     /tmp/ccGVB6Hk.s:1662   .rodata.__func__.5:00000000 __func__.5
     /tmp/ccGVB6Hk.s:114    .text.chMtxLockS:00000000 $t
     /tmp/ccGVB6Hk.s:121    .text.chMtxLockS:00000000 chMtxLockS
     /tmp/ccGVB6Hk.s:302    .text.chMtxLockS:00000094 $d
     /tmp/ccGVB6Hk.s:1650   .rodata.__func__.3:00000000 __func__.3
     /tmp/ccGVB6Hk.s:308    .text.chMtxLock:00000000 $t
     /tmp/ccGVB6Hk.s:315    .text.chMtxLock:00000000 chMtxLock
     /tmp/ccGVB6Hk.s:481    .text.chMtxLock:00000040 $d
     /tmp/ccGVB6Hk.s:1656   .rodata.__func__.4:00000000 __func__.4
     /tmp/ccGVB6Hk.s:487    .text.chMtxTryLock:00000000 $t
     /tmp/ccGVB6Hk.s:494    .text.chMtxTryLock:00000000 chMtxTryLock
     /tmp/ccGVB6Hk.s:717    .text.chMtxTryLock:00000060 $d
     /tmp/ccGVB6Hk.s:1644   .rodata.__func__.2:00000000 __func__.2
     /tmp/ccGVB6Hk.s:726    .text.chMtxTryLockS:00000000 $t
     /tmp/ccGVB6Hk.s:733    .text.chMtxTryLockS:00000000 chMtxTryLockS
     /tmp/ccGVB6Hk.s:802    .text.chMtxTryLockS:0000002c $d
     /tmp/ccGVB6Hk.s:808    .text.chMtxUnlock:00000000 $t
     /tmp/ccGVB6Hk.s:815    .text.chMtxUnlock:00000000 chMtxUnlock
     /tmp/ccGVB6Hk.s:1133   .text.chMtxUnlock:000000c8 $d
     /tmp/ccGVB6Hk.s:1638   .rodata.__func__.1:00000000 __func__.1
     /tmp/ccGVB6Hk.s:1140   .text.chMtxUnlockS:00000000 $t
     /tmp/ccGVB6Hk.s:1147   .text.chMtxUnlockS:00000000 chMtxUnlockS
     /tmp/ccGVB6Hk.s:1359   .text.chMtxUnlockS:0000008c $d
     /tmp/ccGVB6Hk.s:1632   .rodata.__func__.0:00000000 __func__.0
     /tmp/ccGVB6Hk.s:1365   .text.chMtxUnlockAll:00000000 $t
     /tmp/ccGVB6Hk.s:1372   .text.chMtxUnlockAll:00000000 chMtxUnlockAll
     /tmp/ccGVB6Hk.s:1623   .text.chMtxUnlockAll:00000078 $d
     /tmp/ccGVB6Hk.s:1629   .rodata.__func__.0:00000000 $d
     /tmp/ccGVB6Hk.s:1635   .rodata.__func__.1:00000000 $d
     /tmp/ccGVB6Hk.s:1641   .rodata.__func__.2:00000000 $d
     /tmp/ccGVB6Hk.s:1647   .rodata.__func__.3:00000000 $d
     /tmp/ccGVB6Hk.s:1653   .rodata.__func__.4:00000000 $d
     /tmp/ccGVB6Hk.s:1659   .rodata.__func__.5:00000000 $d

UNDEFINED SYMBOLS
chSysHalt
chDbgCheckClassS
queue_prio_insert
chSchGoSleepS
queue_dequeue
chSchReadyI
ch
_dbg_check_lock
_dbg_check_unlock
queue_fifo_remove
chSchRescheduleS
