ARM GAS  /tmp/ccV2pjuU.s 			page 1


   1              		.cpu cortex-m4
   2              		.arch armv7e-m
   3              		.fpu fpv4-sp-d16
   4              		.eabi_attribute 27, 1
   5              		.eabi_attribute 28, 1
   6              		.eabi_attribute 20, 1
   7              		.eabi_attribute 21, 1
   8              		.eabi_attribute 23, 3
   9              		.eabi_attribute 24, 1
  10              		.eabi_attribute 25, 1
  11              		.eabi_attribute 26, 1
  12              		.eabi_attribute 30, 2
  13              		.eabi_attribute 34, 1
  14              		.eabi_attribute 18, 4
  15              		.file	"chregistry.c"
  16              		.text
  17              	.Ltext0:
  18              		.cfi_sections	.debug_frame
  19              		.file 1 "../RC_Controller/ChibiOS_3.0.5/os/rt/src/chregistry.c"
  20              		.section	.text.chRegFirstThread,"ax",%progbits
  21              		.align	1
  22              		.p2align 4,,15
  23              		.global	chRegFirstThread
  24              		.syntax unified
  25              		.thumb
  26              		.thumb_func
  27              		.type	chRegFirstThread, %function
  28              	chRegFirstThread:
  29              	.LFB186:
  30              		.loc 1 131 34 view -0
  31              		.cfi_startproc
  32              		@ args = 0, pretend = 0, frame = 0
  33              		@ frame_needed = 0, uses_anonymous_args = 0
  34              		.loc 1 132 3 view .LVU1
  35              		.loc 1 134 3 view .LVU2
  36              	.LBB34:
  37              	.LBI34:
  38              		.file 2 "../RC_Controller/ChibiOS_3.0.5/os/rt/include/chsys.h"
  39              		.loc 2 346 20 view .LVU3
  40              	.LBB35:
  41              		.loc 2 348 3 view .LVU4
  42              	.LBB36:
  43              	.LBI36:
  44              		.file 3 "../RC_Controller/ChibiOS_3.0.5/os/rt/ports/ARMCMx/chcore_v7m.h"
  45              		.loc 3 444 20 view .LVU5
  46              		.loc 3 447 3 view .LVU6
  47              	.LVL0:
  48              	.LBB37:
  49              	.LBI37:
  50              		.file 4 "../RC_Controller/ChibiOS_3.0.5/os/ext/CMSIS/include/core_cmFunc.h"
  51              		.loc 4 544 57 view .LVU7
  52              	.LBB38:
  53              		.loc 4 546 3 view .LVU8
  54              	.LBE38:
  55              	.LBE37:
  56              	.LBE36:
  57              	.LBE35:
ARM GAS  /tmp/ccV2pjuU.s 			page 2


  58              	.LBE34:
  59              		.loc 1 131 34 is_stmt 0 view .LVU9
  60 0000 38B5     		push	{r3, r4, r5, lr}
  61              		.cfi_def_cfa_offset 16
  62              		.cfi_offset 3, -16
  63              		.cfi_offset 4, -12
  64              		.cfi_offset 5, -8
  65              		.cfi_offset 14, -4
  66              	.LBB44:
  67              	.LBB42:
  68              	.LBB41:
  69              	.LBB40:
  70              	.LBB39:
  71              		.loc 4 546 3 view .LVU10
  72 0002 2023     		movs	r3, #32
  73              		.syntax unified
  74              	@ 546 "../RC_Controller/ChibiOS_3.0.5/os/ext/CMSIS/include/core_cmFunc.h" 1
  75 0004 83F31188 		MSR basepri, r3
  76              	@ 0 "" 2
  77              	.LVL1:
  78              		.loc 4 546 3 view .LVU11
  79              		.thumb
  80              		.syntax unified
  81              	.LBE39:
  82              	.LBE40:
  83              	.LBE41:
  84              		.loc 2 349 34 is_stmt 1 view .LVU12
  85              		.loc 2 350 3 view .LVU13
  86              	.LBE42:
  87              	.LBE44:
  88              		.loc 1 135 6 is_stmt 0 view .LVU14
  89 0008 0D4C     		ldr	r4, .L6
  90              	.LBB45:
  91              	.LBB43:
  92              		.loc 2 350 3 view .LVU15
  93 000a FFF7FEFF 		bl	_dbg_check_lock
  94              	.LVL2:
  95              	.LBE43:
  96              	.LBE45:
  97              		.loc 1 135 3 is_stmt 1 view .LVU16
  98              		.loc 1 135 6 is_stmt 0 view .LVU17
  99 000e 2569     		ldr	r5, [r4, #16]
 100              	.LVL3:
 101              		.loc 1 139 3 is_stmt 1 view .LVU18
 102              	.LBB46:
 103              	.LBI46:
 104              		.loc 2 358 20 view .LVU19
 105              	.LBB47:
 106              		.loc 2 360 3 view .LVU20
 107 0010 FFF7FEFF 		bl	_dbg_check_unlock
 108              	.LVL4:
 109              		.loc 2 361 33 view .LVU21
 110              		.loc 2 367 3 view .LVU22
 111              		.loc 2 367 3 view .LVU23
 112              		.loc 2 367 3 discriminator 1 view .LVU24
 113 0014 2368     		ldr	r3, [r4]
 114 0016 A342     		cmp	r3, r4
ARM GAS  /tmp/ccV2pjuU.s 			page 3


 115 0018 04D0     		beq	.L2
 116              		.loc 2 367 3 is_stmt 0 discriminator 3 view .LVU25
 117 001a A269     		ldr	r2, [r4, #24]
 118 001c 9B68     		ldr	r3, [r3, #8]
 119 001e 9268     		ldr	r2, [r2, #8]
 120 0020 9A42     		cmp	r2, r3
 121 0022 04D3     		bcc	.L5
 122              	.L2:
 123              		.loc 2 367 3 is_stmt 1 discriminator 7 view .LVU26
 124              		.loc 2 371 3 view .LVU27
 125              	.LBB48:
 126              	.LBI48:
 127              		.loc 3 458 20 view .LVU28
 128              		.loc 3 461 3 view .LVU29
 129              	.LVL5:
 130              	.LBB49:
 131              	.LBI49:
 132              		.loc 4 544 57 view .LVU30
 133              	.LBB50:
 134              		.loc 4 546 3 view .LVU31
 135 0024 0023     		movs	r3, #0
 136              		.syntax unified
 137              	@ 546 "../RC_Controller/ChibiOS_3.0.5/os/ext/CMSIS/include/core_cmFunc.h" 1
 138 0026 83F31188 		MSR basepri, r3
 139              	@ 0 "" 2
 140              	.LVL6:
 141              		.loc 4 546 3 is_stmt 0 view .LVU32
 142              		.thumb
 143              		.syntax unified
 144              	.LBE50:
 145              	.LBE49:
 146              	.LBE48:
 147              	.LBE47:
 148              	.LBE46:
 149              		.loc 1 141 3 is_stmt 1 view .LVU33
 150              		.loc 1 142 1 is_stmt 0 view .LVU34
 151 002a 2846     		mov	r0, r5
 152 002c 38BD     		pop	{r3, r4, r5, pc}
 153              	.LVL7:
 154              	.L5:
 155              	.LBB55:
 156              	.LBB54:
 157              		.loc 2 367 3 is_stmt 1 discriminator 5 view .LVU35
 158 002e 0548     		ldr	r0, .L6+4
 159 0030 FFF7FEFF 		bl	chSysHalt
 160              	.LVL8:
 161              		.loc 2 367 3 discriminator 7 view .LVU36
 162              		.loc 2 371 3 view .LVU37
 163              	.LBB53:
 164              		.loc 3 458 20 view .LVU38
 165              		.loc 3 461 3 view .LVU39
 166              	.LBB52:
 167              		.loc 4 544 57 view .LVU40
 168              	.LBB51:
 169              		.loc 4 546 3 view .LVU41
 170 0034 0023     		movs	r3, #0
 171              		.syntax unified
ARM GAS  /tmp/ccV2pjuU.s 			page 4


 172              	@ 546 "../RC_Controller/ChibiOS_3.0.5/os/ext/CMSIS/include/core_cmFunc.h" 1
 173 0036 83F31188 		MSR basepri, r3
 174              	@ 0 "" 2
 175              	.LVL9:
 176              		.loc 4 546 3 is_stmt 0 view .LVU42
 177              		.thumb
 178              		.syntax unified
 179              	.LBE51:
 180              	.LBE52:
 181              	.LBE53:
 182              	.LBE54:
 183              	.LBE55:
 184              		.loc 1 141 3 is_stmt 1 view .LVU43
 185              		.loc 1 142 1 is_stmt 0 view .LVU44
 186 003a 2846     		mov	r0, r5
 187 003c 38BD     		pop	{r3, r4, r5, pc}
 188              	.LVL10:
 189              	.L7:
 190              		.loc 1 142 1 view .LVU45
 191 003e 00BF     		.align	2
 192              	.L6:
 193 0040 00000000 		.word	ch
 194 0044 00000000 		.word	__func__.0
 195              		.cfi_endproc
 196              	.LFE186:
 197              		.size	chRegFirstThread, .-chRegFirstThread
 198              		.section	.text.chRegNextThread,"ax",%progbits
 199              		.align	1
 200              		.p2align 4,,15
 201              		.global	chRegNextThread
 202              		.syntax unified
 203              		.thumb
 204              		.thumb_func
 205              		.type	chRegNextThread, %function
 206              	chRegNextThread:
 207              	.LVL11:
 208              	.LFB187:
 209              		.loc 1 155 41 is_stmt 1 view -0
 210              		.cfi_startproc
 211              		@ args = 0, pretend = 0, frame = 0
 212              		@ frame_needed = 0, uses_anonymous_args = 0
 213              		.loc 1 156 3 view .LVU47
 214              		.loc 1 158 3 view .LVU48
 215              	.LBB66:
 216              	.LBI66:
 217              		.loc 2 346 20 view .LVU49
 218              	.LBB67:
 219              		.loc 2 348 3 view .LVU50
 220              	.LBB68:
 221              	.LBI68:
 222              		.loc 3 444 20 view .LVU51
 223              		.loc 3 447 3 view .LVU52
 224              	.LBB69:
 225              	.LBI69:
 226              		.loc 4 544 57 view .LVU53
 227              	.LBB70:
 228              		.loc 4 546 3 view .LVU54
ARM GAS  /tmp/ccV2pjuU.s 			page 5


 229              	.LBE70:
 230              	.LBE69:
 231              	.LBE68:
 232              	.LBE67:
 233              	.LBE66:
 234              		.loc 1 155 41 is_stmt 0 view .LVU55
 235 0000 38B5     		push	{r3, r4, r5, lr}
 236              		.cfi_def_cfa_offset 16
 237              		.cfi_offset 3, -16
 238              		.cfi_offset 4, -12
 239              		.cfi_offset 5, -8
 240              		.cfi_offset 14, -4
 241              		.loc 1 155 41 view .LVU56
 242 0002 0446     		mov	r4, r0
 243              	.LBB76:
 244              	.LBB74:
 245              	.LBB73:
 246              	.LBB72:
 247              	.LBB71:
 248              		.loc 4 546 3 view .LVU57
 249 0004 2023     		movs	r3, #32
 250              		.syntax unified
 251              	@ 546 "../RC_Controller/ChibiOS_3.0.5/os/ext/CMSIS/include/core_cmFunc.h" 1
 252 0006 83F31188 		MSR basepri, r3
 253              	@ 0 "" 2
 254              	.LVL12:
 255              		.loc 4 546 3 view .LVU58
 256              		.thumb
 257              		.syntax unified
 258              	.LBE71:
 259              	.LBE72:
 260              	.LBE73:
 261              		.loc 2 349 34 is_stmt 1 view .LVU59
 262              		.loc 2 350 3 view .LVU60
 263              	.LBE74:
 264              	.LBE76:
 265              		.loc 1 161 6 is_stmt 0 view .LVU61
 266 000a 0F4D     		ldr	r5, .L14
 267              	.LBB77:
 268              	.LBB75:
 269              		.loc 2 350 3 view .LVU62
 270 000c FFF7FEFF 		bl	_dbg_check_lock
 271              	.LVL13:
 272              		.loc 2 350 3 view .LVU63
 273              	.LBE75:
 274              	.LBE77:
 275              		.loc 1 159 3 is_stmt 1 view .LVU64
 276              		.loc 1 159 7 is_stmt 0 view .LVU65
 277 0010 2469     		ldr	r4, [r4, #16]
 278              	.LVL14:
 279              		.loc 1 161 3 is_stmt 1 view .LVU66
 280              	.LBB78:
 281              	.LBB79:
 282              		.loc 2 360 3 is_stmt 0 view .LVU67
 283 0012 FFF7FEFF 		bl	_dbg_check_unlock
 284              	.LVL15:
 285              		.loc 2 367 3 discriminator 1 view .LVU68
ARM GAS  /tmp/ccV2pjuU.s 			page 6


 286 0016 2B68     		ldr	r3, [r5]
 287              	.LBE79:
 288              	.LBE78:
 289              		.loc 1 163 9 view .LVU69
 290 0018 AC42     		cmp	r4, r5
 291 001a 08BF     		it	eq
 292 001c 0024     		moveq	r4, #0
 293              	.LVL16:
 294              		.loc 1 171 3 is_stmt 1 view .LVU70
 295              	.LBB88:
 296              	.LBI78:
 297              		.loc 2 358 20 view .LVU71
 298              	.LBB86:
 299              		.loc 2 360 3 view .LVU72
 300              		.loc 2 361 33 view .LVU73
 301              		.loc 2 367 3 view .LVU74
 302              		.loc 2 367 3 view .LVU75
 303              		.loc 2 367 3 discriminator 1 view .LVU76
 304 001e AB42     		cmp	r3, r5
 305 0020 04D0     		beq	.L10
 306              		.loc 2 367 3 is_stmt 0 discriminator 3 view .LVU77
 307 0022 AA69     		ldr	r2, [r5, #24]
 308 0024 9B68     		ldr	r3, [r3, #8]
 309 0026 9268     		ldr	r2, [r2, #8]
 310 0028 9A42     		cmp	r2, r3
 311 002a 04D3     		bcc	.L13
 312              	.L10:
 313              		.loc 2 367 3 is_stmt 1 discriminator 7 view .LVU78
 314              		.loc 2 371 3 view .LVU79
 315              	.LBB80:
 316              	.LBI80:
 317              		.loc 3 458 20 view .LVU80
 318              		.loc 3 461 3 view .LVU81
 319              	.LVL17:
 320              	.LBB81:
 321              	.LBI81:
 322              		.loc 4 544 57 view .LVU82
 323              	.LBB82:
 324              		.loc 4 546 3 view .LVU83
 325 002c 0023     		movs	r3, #0
 326              		.syntax unified
 327              	@ 546 "../RC_Controller/ChibiOS_3.0.5/os/ext/CMSIS/include/core_cmFunc.h" 1
 328 002e 83F31188 		MSR basepri, r3
 329              	@ 0 "" 2
 330              	.LVL18:
 331              		.loc 4 546 3 is_stmt 0 view .LVU84
 332              		.thumb
 333              		.syntax unified
 334              	.LBE82:
 335              	.LBE81:
 336              	.LBE80:
 337              	.LBE86:
 338              	.LBE88:
 339              		.loc 1 176 3 is_stmt 1 view .LVU85
 340              		.loc 1 177 1 is_stmt 0 view .LVU86
 341 0032 2046     		mov	r0, r4
 342 0034 38BD     		pop	{r3, r4, r5, pc}
ARM GAS  /tmp/ccV2pjuU.s 			page 7


 343              	.LVL19:
 344              	.L13:
 345              	.LBB89:
 346              	.LBB87:
 347              		.loc 2 367 3 is_stmt 1 discriminator 5 view .LVU87
 348 0036 0548     		ldr	r0, .L14+4
 349 0038 FFF7FEFF 		bl	chSysHalt
 350              	.LVL20:
 351              		.loc 2 367 3 discriminator 7 view .LVU88
 352              		.loc 2 371 3 view .LVU89
 353              	.LBB85:
 354              		.loc 3 458 20 view .LVU90
 355              		.loc 3 461 3 view .LVU91
 356              	.LBB84:
 357              		.loc 4 544 57 view .LVU92
 358              	.LBB83:
 359              		.loc 4 546 3 view .LVU93
 360 003c 0023     		movs	r3, #0
 361              		.syntax unified
 362              	@ 546 "../RC_Controller/ChibiOS_3.0.5/os/ext/CMSIS/include/core_cmFunc.h" 1
 363 003e 83F31188 		MSR basepri, r3
 364              	@ 0 "" 2
 365              	.LVL21:
 366              		.loc 4 546 3 is_stmt 0 view .LVU94
 367              		.thumb
 368              		.syntax unified
 369              	.LBE83:
 370              	.LBE84:
 371              	.LBE85:
 372              	.LBE87:
 373              	.LBE89:
 374              		.loc 1 176 3 is_stmt 1 view .LVU95
 375              		.loc 1 177 1 is_stmt 0 view .LVU96
 376 0042 2046     		mov	r0, r4
 377 0044 38BD     		pop	{r3, r4, r5, pc}
 378              	.LVL22:
 379              	.L15:
 380              		.loc 1 177 1 view .LVU97
 381 0046 00BF     		.align	2
 382              	.L14:
 383 0048 00000000 		.word	ch
 384 004c 00000000 		.word	__func__.0
 385              		.cfi_endproc
 386              	.LFE187:
 387              		.size	chRegNextThread, .-chRegNextThread
 388              		.section	.rodata.__func__.0,"a"
 389              		.align	2
 390              		.type	__func__.0, %object
 391              		.size	__func__.0, 12
 392              	__func__.0:
 393 0000 63685379 		.ascii	"chSysUnlock\000"
 393      73556E6C 
 393      6F636B00 
 394              		.global	ch_debug
 395              		.section	.rodata.ch_debug,"a"
 396              		.align	2
 397              		.type	ch_debug, %object
ARM GAS  /tmp/ccV2pjuU.s 			page 8


 398              		.size	ch_debug, 22
 399              	ch_debug:
 400 0000 6D61696E 		.ascii	"main"
 401 0004 00       		.byte	0
 402 0005 16       		.byte	22
 403 0006 0418     		.short	6148
 404 0008 04       		.byte	4
 405 0009 04       		.byte	4
 406 000a 2C       		.byte	44
 407 000b 08       		.byte	8
 408 000c 0C       		.byte	12
 409 000d 10       		.byte	16
 410 000e 14       		.byte	20
 411 000f 18       		.byte	24
 412 0010 00       		.byte	0
 413 0011 1C       		.byte	28
 414 0012 1D       		.byte	29
 415 0013 00       		.byte	0
 416 0014 1E       		.byte	30
 417 0015 00       		.byte	0
 418              		.text
 419              	.Letext0:
 420              		.file 5 "/opt/arm-gnu-toolchain-13.2.Rel1-x86_64-arm-none-eabi/lib/gcc/arm-none-eabi/13.2.1/includ
 421              		.file 6 "/opt/arm-gnu-toolchain-13.2.Rel1-x86_64-arm-none-eabi/arm-none-eabi/include/machine/_defa
 422              		.file 7 "/opt/arm-gnu-toolchain-13.2.Rel1-x86_64-arm-none-eabi/arm-none-eabi/include/sys/_stdint.h
 423              		.file 8 "../RC_Controller/ChibiOS_3.0.5/os/rt/ports/ARMCMx/compilers/GCC/chtypes.h"
 424              		.file 9 "../RC_Controller/ChibiOS_3.0.5/os/rt/include/chsystypes.h"
 425              		.file 10 "../RC_Controller/ChibiOS_3.0.5/os/rt/include/chschd.h"
 426              		.file 11 "../RC_Controller/ChibiOS_3.0.5/os/rt/ports/ARMCMx/chcore.h"
 427              		.file 12 "../RC_Controller/ChibiOS_3.0.5/os/rt/include/chtm.h"
 428              		.file 13 "../RC_Controller/ChibiOS_3.0.5/os/rt/include/chsem.h"
 429              		.file 14 "../RC_Controller/ChibiOS_3.0.5/os/rt/include/chmtx.h"
 430              		.file 15 "../RC_Controller/ChibiOS_3.0.5/os/rt/include/chregistry.h"
 431              		.file 16 "../RC_Controller/ChibiOS_3.0.5/os/rt/include/chdebug.h"
 432              		.section	.debug_info,"",%progbits
 433              	.Ldebug_info0:
 434 0000 6F0A0000 		.4byte	0xa6f
 435 0004 0500     		.2byte	0x5
 436 0006 01       		.byte	0x1
 437 0007 04       		.byte	0x4
 438 0008 00000000 		.4byte	.Ldebug_abbrev0
 439 000c 1E       		.uleb128 0x1e
 440 000d E1000000 		.4byte	.LASF123
 441 0011 0C       		.byte	0xc
 442 0012 FF050000 		.4byte	.LASF124
 443 0016 58020000 		.4byte	.LASF125
 444 001a 75000000 		.4byte	.LLRL15
 445 001e 00000000 		.4byte	0
 446 0022 00000000 		.4byte	.Ldebug_line0
 447 0026 06       		.uleb128 0x6
 448 0027 08       		.byte	0x8
 449 0028 07       		.byte	0x7
 450 0029 6A000000 		.4byte	.LASF0
 451 002d 06       		.uleb128 0x6
 452 002e 04       		.byte	0x4
 453 002f 07       		.byte	0x7
 454 0030 1B030000 		.4byte	.LASF1
ARM GAS  /tmp/ccV2pjuU.s 			page 9


 455 0034 1F       		.uleb128 0x1f
 456 0035 04       		.byte	0x4
 457 0036 05       		.byte	0x5
 458 0037 696E7400 		.ascii	"int\000"
 459 003b 02       		.uleb128 0x2
 460 003c 1A000000 		.4byte	.LASF3
 461 0040 05       		.byte	0x5
 462 0041 D6       		.byte	0xd6
 463 0042 17       		.byte	0x17
 464 0043 2D000000 		.4byte	0x2d
 465 0047 06       		.uleb128 0x6
 466 0048 01       		.byte	0x1
 467 0049 06       		.byte	0x6
 468 004a 0A020000 		.4byte	.LASF2
 469 004e 02       		.uleb128 0x2
 470 004f 31000000 		.4byte	.LASF4
 471 0053 06       		.byte	0x6
 472 0054 2B       		.byte	0x2b
 473 0055 18       		.byte	0x18
 474 0056 5A000000 		.4byte	0x5a
 475 005a 06       		.uleb128 0x6
 476 005b 01       		.byte	0x1
 477 005c 08       		.byte	0x8
 478 005d B0040000 		.4byte	.LASF5
 479 0061 06       		.uleb128 0x6
 480 0062 02       		.byte	0x2
 481 0063 05       		.byte	0x5
 482 0064 C8040000 		.4byte	.LASF6
 483 0068 02       		.uleb128 0x2
 484 0069 BB050000 		.4byte	.LASF7
 485 006d 06       		.byte	0x6
 486 006e 39       		.byte	0x39
 487 006f 19       		.byte	0x19
 488 0070 74000000 		.4byte	0x74
 489 0074 06       		.uleb128 0x6
 490 0075 02       		.byte	0x2
 491 0076 07       		.byte	0x7
 492 0077 4F030000 		.4byte	.LASF8
 493 007b 02       		.uleb128 0x2
 494 007c 98030000 		.4byte	.LASF9
 495 0080 06       		.byte	0x6
 496 0081 4D       		.byte	0x4d
 497 0082 18       		.byte	0x18
 498 0083 87000000 		.4byte	0x87
 499 0087 06       		.uleb128 0x6
 500 0088 04       		.byte	0x4
 501 0089 05       		.byte	0x5
 502 008a A4020000 		.4byte	.LASF10
 503 008e 02       		.uleb128 0x2
 504 008f F4050000 		.4byte	.LASF11
 505 0093 06       		.byte	0x6
 506 0094 4F       		.byte	0x4f
 507 0095 19       		.byte	0x19
 508 0096 9A000000 		.4byte	0x9a
 509 009a 06       		.uleb128 0x6
 510 009b 04       		.byte	0x4
 511 009c 07       		.byte	0x7
ARM GAS  /tmp/ccV2pjuU.s 			page 10


 512 009d 8D050000 		.4byte	.LASF12
 513 00a1 06       		.uleb128 0x6
 514 00a2 08       		.byte	0x8
 515 00a3 05       		.byte	0x5
 516 00a4 E9020000 		.4byte	.LASF13
 517 00a8 02       		.uleb128 0x2
 518 00a9 63040000 		.4byte	.LASF14
 519 00ad 06       		.byte	0x6
 520 00ae 69       		.byte	0x69
 521 00af 19       		.byte	0x19
 522 00b0 26000000 		.4byte	0x26
 523 00b4 02       		.uleb128 0x2
 524 00b5 77060000 		.4byte	.LASF15
 525 00b9 07       		.byte	0x7
 526 00ba 18       		.byte	0x18
 527 00bb 13       		.byte	0x13
 528 00bc 4E000000 		.4byte	0x4e
 529 00c0 02       		.uleb128 0x2
 530 00c1 30030000 		.4byte	.LASF16
 531 00c5 07       		.byte	0x7
 532 00c6 24       		.byte	0x24
 533 00c7 14       		.byte	0x14
 534 00c8 68000000 		.4byte	0x68
 535 00cc 02       		.uleb128 0x2
 536 00cd A8040000 		.4byte	.LASF17
 537 00d1 07       		.byte	0x7
 538 00d2 2C       		.byte	0x2c
 539 00d3 13       		.byte	0x13
 540 00d4 7B000000 		.4byte	0x7b
 541 00d8 02       		.uleb128 0x2
 542 00d9 5F050000 		.4byte	.LASF18
 543 00dd 07       		.byte	0x7
 544 00de 30       		.byte	0x30
 545 00df 14       		.byte	0x14
 546 00e0 8E000000 		.4byte	0x8e
 547 00e4 02       		.uleb128 0x2
 548 00e5 28000000 		.4byte	.LASF19
 549 00e9 07       		.byte	0x7
 550 00ea 3C       		.byte	0x3c
 551 00eb 14       		.byte	0x14
 552 00ec A8000000 		.4byte	0xa8
 553 00f0 02       		.uleb128 0x2
 554 00f1 D7030000 		.4byte	.LASF20
 555 00f5 08       		.byte	0x8
 556 00f6 45       		.byte	0x45
 557 00f7 1D       		.byte	0x1d
 558 00f8 D8000000 		.4byte	0xd8
 559 00fc 02       		.uleb128 0x2
 560 00fd F2040000 		.4byte	.LASF21
 561 0101 08       		.byte	0x8
 562 0102 48       		.byte	0x48
 563 0103 1D       		.byte	0x1d
 564 0104 B4000000 		.4byte	0xb4
 565 0108 02       		.uleb128 0x2
 566 0109 AD020000 		.4byte	.LASF22
 567 010d 08       		.byte	0x8
 568 010e 49       		.byte	0x49
ARM GAS  /tmp/ccV2pjuU.s 			page 11


 569 010f 1D       		.byte	0x1d
 570 0110 B4000000 		.4byte	0xb4
 571 0114 02       		.uleb128 0x2
 572 0115 4E020000 		.4byte	.LASF23
 573 0119 08       		.byte	0x8
 574 011a 4B       		.byte	0x4b
 575 011b 1D       		.byte	0x1d
 576 011c B4000000 		.4byte	0xb4
 577 0120 02       		.uleb128 0x2
 578 0121 90040000 		.4byte	.LASF24
 579 0125 08       		.byte	0x8
 580 0126 4C       		.byte	0x4c
 581 0127 1D       		.byte	0x1d
 582 0128 D8000000 		.4byte	0xd8
 583 012c 02       		.uleb128 0x2
 584 012d 6C030000 		.4byte	.LASF25
 585 0131 08       		.byte	0x8
 586 0132 4D       		.byte	0x4d
 587 0133 1D       		.byte	0x1d
 588 0134 CC000000 		.4byte	0xcc
 589 0138 02       		.uleb128 0x2
 590 0139 15030000 		.4byte	.LASF26
 591 013d 08       		.byte	0x8
 592 013e 51       		.byte	0x51
 593 013f 1D       		.byte	0x1d
 594 0140 CC000000 		.4byte	0xcc
 595 0144 02       		.uleb128 0x2
 596 0145 D6050000 		.4byte	.LASF27
 597 0149 09       		.byte	0x9
 598 014a 33       		.byte	0x33
 599 014b 12       		.byte	0x12
 600 014c D8000000 		.4byte	0xd8
 601 0150 13       		.uleb128 0x13
 602 0151 44010000 		.4byte	0x144
 603 0155 02       		.uleb128 0x2
 604 0156 C6050000 		.4byte	.LASF28
 605 015a 09       		.byte	0x9
 606 015b 3F       		.byte	0x3f
 607 015c 1A       		.byte	0x1a
 608 015d 61010000 		.4byte	0x161
 609 0161 08       		.uleb128 0x8
 610 0162 62030000 		.4byte	.LASF43
 611 0166 2C       		.byte	0x2c
 612 0167 0A       		.byte	0xa
 613 0168 C2       		.byte	0xc2
 614 0169 08       		.byte	0x8
 615 016a 19020000 		.4byte	0x219
 616 016e 01       		.uleb128 0x1
 617 016f EB040000 		.4byte	.LASF29
 618 0173 0A       		.byte	0xa
 619 0174 C3       		.byte	0xc3
 620 0175 1A       		.byte	0x1a
 621 0176 25020000 		.4byte	0x225
 622 017a 00       		.byte	0
 623 017b 01       		.uleb128 0x1
 624 017c 89040000 		.4byte	.LASF30
 625 0180 0A       		.byte	0xa
ARM GAS  /tmp/ccV2pjuU.s 			page 12


 626 0181 C5       		.byte	0xc5
 627 0182 1A       		.byte	0x1a
 628 0183 25020000 		.4byte	0x225
 629 0187 04       		.byte	0x4
 630 0188 01       		.uleb128 0x1
 631 0189 C5000000 		.4byte	.LASF31
 632 018d 0A       		.byte	0xa
 633 018e C7       		.byte	0xc7
 634 018f 19       		.byte	0x19
 635 0190 20010000 		.4byte	0x120
 636 0194 08       		.byte	0x8
 637 0195 01       		.uleb128 0x1
 638 0196 3A040000 		.4byte	.LASF32
 639 019a 0A       		.byte	0xa
 640 019b C8       		.byte	0xc8
 641 019c 19       		.byte	0x19
 642 019d 4D040000 		.4byte	0x44d
 643 01a1 0C       		.byte	0xc
 644 01a2 01       		.uleb128 0x1
 645 01a3 C0020000 		.4byte	.LASF33
 646 01a7 0A       		.byte	0xa
 647 01a8 CA       		.byte	0xca
 648 01a9 1A       		.byte	0x1a
 649 01aa 25020000 		.4byte	0x225
 650 01ae 10       		.byte	0x10
 651 01af 01       		.uleb128 0x1
 652 01b0 2C040000 		.4byte	.LASF34
 653 01b4 0A       		.byte	0xa
 654 01b5 CB       		.byte	0xcb
 655 01b6 1A       		.byte	0x1a
 656 01b7 25020000 		.4byte	0x225
 657 01bb 14       		.byte	0x14
 658 01bc 01       		.uleb128 0x1
 659 01bd AB060000 		.4byte	.LASF35
 660 01c1 0A       		.byte	0xa
 661 01c2 D2       		.byte	0xd2
 662 01c3 1A       		.byte	0x1a
 663 01c4 A8060000 		.4byte	0x6a8
 664 01c8 18       		.byte	0x18
 665 01c9 01       		.uleb128 0x1
 666 01ca D2040000 		.4byte	.LASF36
 667 01ce 0A       		.byte	0xa
 668 01cf DD       		.byte	0xdd
 669 01d0 19       		.byte	0x19
 670 01d1 08010000 		.4byte	0x108
 671 01d5 1C       		.byte	0x1c
 672 01d6 01       		.uleb128 0x1
 673 01d7 09050000 		.4byte	.LASF37
 674 01db 0A       		.byte	0xa
 675 01dc E1       		.byte	0xe1
 676 01dd 19       		.byte	0x19
 677 01de FC000000 		.4byte	0xfc
 678 01e2 1D       		.byte	0x1d
 679 01e3 01       		.uleb128 0x1
 680 01e4 DA040000 		.4byte	.LASF38
 681 01e8 0A       		.byte	0xa
 682 01e9 EC       		.byte	0xec
ARM GAS  /tmp/ccV2pjuU.s 			page 13


 683 01ea 19       		.byte	0x19
 684 01eb 14010000 		.4byte	0x114
 685 01ef 1E       		.byte	0x1e
 686 01f0 04       		.uleb128 0x4
 687 01f1 705F7500 		.ascii	"p_u\000"
 688 01f5 0A       		.byte	0xa
 689 01f6 3101     		.2byte	0x131
 690 01f8 19       		.byte	0x19
 691 01f9 EA050000 		.4byte	0x5ea
 692 01fd 20       		.byte	0x20
 693 01fe 03       		.uleb128 0x3
 694 01ff BE040000 		.4byte	.LASF39
 695 0203 4D01     		.2byte	0x14d
 696 0205 1A       		.byte	0x1a
 697 0206 A3060000 		.4byte	0x6a3
 698 020a 24       		.byte	0x24
 699 020b 03       		.uleb128 0x3
 700 020c E0050000 		.4byte	.LASF40
 701 0210 5101     		.2byte	0x151
 702 0212 19       		.byte	0x19
 703 0213 20010000 		.4byte	0x120
 704 0217 28       		.byte	0x28
 705 0218 00       		.byte	0
 706 0219 02       		.uleb128 0x2
 707 021a 91060000 		.4byte	.LASF41
 708 021e 09       		.byte	0x9
 709 021f 44       		.byte	0x44
 710 0220 14       		.byte	0x14
 711 0221 25020000 		.4byte	0x225
 712 0225 07       		.uleb128 0x7
 713 0226 55010000 		.4byte	0x155
 714 022a 02       		.uleb128 0x2
 715 022b 24050000 		.4byte	.LASF42
 716 022f 09       		.byte	0x9
 717 0230 50       		.byte	0x50
 718 0231 21       		.byte	0x21
 719 0232 36020000 		.4byte	0x236
 720 0236 08       		.uleb128 0x8
 721 0237 B4000000 		.4byte	.LASF44
 722 023b 08       		.byte	0x8
 723 023c 0A       		.byte	0xa
 724 023d B7       		.byte	0xb7
 725 023e 08       		.byte	0x8
 726 023f 5E020000 		.4byte	0x25e
 727 0243 01       		.uleb128 0x1
 728 0244 EB040000 		.4byte	.LASF29
 729 0248 0A       		.byte	0xa
 730 0249 B8       		.byte	0xb8
 731 024a 1A       		.byte	0x1a
 732 024b 25020000 		.4byte	0x225
 733 024f 00       		.byte	0
 734 0250 01       		.uleb128 0x1
 735 0251 89040000 		.4byte	.LASF30
 736 0255 0A       		.byte	0xa
 737 0256 B9       		.byte	0xb9
 738 0257 1A       		.byte	0x1a
 739 0258 25020000 		.4byte	0x225
ARM GAS  /tmp/ccV2pjuU.s 			page 14


 740 025c 04       		.byte	0x4
 741 025d 00       		.byte	0
 742 025e 02       		.uleb128 0x2
 743 025f 0D000000 		.4byte	.LASF45
 744 0263 09       		.byte	0x9
 745 0264 57       		.byte	0x57
 746 0265 1E       		.byte	0x1e
 747 0266 6A020000 		.4byte	0x26a
 748 026a 0A       		.uleb128 0xa
 749 026b 8A030000 		.4byte	.LASF46
 750 026f 1C       		.byte	0x1c
 751 0270 9001     		.2byte	0x190
 752 0272 C5020000 		.4byte	0x2c5
 753 0276 03       		.uleb128 0x3
 754 0277 74050000 		.4byte	.LASF47
 755 027b 9101     		.2byte	0x191
 756 027d 19       		.byte	0x19
 757 027e 2A020000 		.4byte	0x22a
 758 0282 00       		.byte	0
 759 0283 03       		.uleb128 0x3
 760 0284 E4040000 		.4byte	.LASF48
 761 0288 9201     		.2byte	0x192
 762 028a 19       		.byte	0x19
 763 028b 20010000 		.4byte	0x120
 764 028f 08       		.byte	0x8
 765 0290 03       		.uleb128 0x3
 766 0291 34040000 		.4byte	.LASF49
 767 0295 9401     		.2byte	0x194
 768 0297 19       		.byte	0x19
 769 0298 4D040000 		.4byte	0x44d
 770 029c 0C       		.byte	0xc
 771 029d 03       		.uleb128 0x3
 772 029e D0020000 		.4byte	.LASF50
 773 02a2 9701     		.2byte	0x197
 774 02a4 1A       		.byte	0x1a
 775 02a5 25020000 		.4byte	0x225
 776 02a9 10       		.byte	0x10
 777 02aa 03       		.uleb128 0x3
 778 02ab 5B040000 		.4byte	.LASF51
 779 02af 9801     		.2byte	0x198
 780 02b1 1A       		.byte	0x1a
 781 02b2 25020000 		.4byte	0x225
 782 02b6 14       		.byte	0x14
 783 02b7 03       		.uleb128 0x3
 784 02b8 51040000 		.4byte	.LASF52
 785 02bc 9B01     		.2byte	0x19b
 786 02be 1A       		.byte	0x1a
 787 02bf 25020000 		.4byte	0x225
 788 02c3 18       		.byte	0x18
 789 02c4 00       		.byte	0
 790 02c5 02       		.uleb128 0x2
 791 02c6 EB050000 		.4byte	.LASF53
 792 02ca 09       		.byte	0x9
 793 02cb 5C       		.byte	0x5c
 794 02cc 10       		.byte	0x10
 795 02cd D1020000 		.4byte	0x2d1
 796 02d1 07       		.uleb128 0x7
ARM GAS  /tmp/ccV2pjuU.s 			page 15


 797 02d2 D6020000 		.4byte	0x2d6
 798 02d6 20       		.uleb128 0x20
 799 02d7 E1020000 		.4byte	0x2e1
 800 02db 14       		.uleb128 0x14
 801 02dc E1020000 		.4byte	0x2e1
 802 02e0 00       		.byte	0
 803 02e1 21       		.uleb128 0x21
 804 02e2 04       		.byte	0x4
 805 02e3 02       		.uleb128 0x2
 806 02e4 79040000 		.4byte	.LASF54
 807 02e8 09       		.byte	0x9
 808 02e9 61       		.byte	0x61
 809 02ea 21       		.byte	0x21
 810 02eb EF020000 		.4byte	0x2ef
 811 02ef 0A       		.uleb128 0xa
 812 02f0 34050000 		.4byte	.LASF55
 813 02f4 14       		.byte	0x14
 814 02f5 6B01     		.2byte	0x16b
 815 02f7 3D030000 		.4byte	0x33d
 816 02fb 03       		.uleb128 0x3
 817 02fc 28030000 		.4byte	.LASF56
 818 0300 6C01     		.2byte	0x16c
 819 0302 1A       		.byte	0x1a
 820 0303 BE060000 		.4byte	0x6be
 821 0307 00       		.byte	0
 822 0308 03       		.uleb128 0x3
 823 0309 E1020000 		.4byte	.LASF57
 824 030d 6D01     		.2byte	0x16d
 825 030f 1A       		.byte	0x1a
 826 0310 BE060000 		.4byte	0x6be
 827 0314 04       		.byte	0x4
 828 0315 03       		.uleb128 0x3
 829 0316 7C050000 		.4byte	.LASF58
 830 031a 6E01     		.2byte	0x16e
 831 031c 19       		.byte	0x19
 832 031d 44010000 		.4byte	0x144
 833 0321 08       		.byte	0x8
 834 0322 03       		.uleb128 0x3
 835 0323 EA060000 		.4byte	.LASF59
 836 0327 6F01     		.2byte	0x16f
 837 0329 19       		.byte	0x19
 838 032a C5020000 		.4byte	0x2c5
 839 032e 0C       		.byte	0xc
 840 032f 03       		.uleb128 0x3
 841 0330 4E060000 		.4byte	.LASF60
 842 0334 7101     		.2byte	0x171
 843 0336 1A       		.byte	0x1a
 844 0337 E1020000 		.4byte	0x2e1
 845 033b 10       		.byte	0x10
 846 033c 00       		.byte	0
 847 033d 02       		.uleb128 0x2
 848 033e A2030000 		.4byte	.LASF61
 849 0342 09       		.byte	0x9
 850 0343 66       		.byte	0x66
 851 0344 28       		.byte	0x28
 852 0345 49030000 		.4byte	0x349
 853 0349 0A       		.uleb128 0xa
ARM GAS  /tmp/ccV2pjuU.s 			page 16


 854 034a EF030000 		.4byte	.LASF62
 855 034e 10       		.byte	0x10
 856 034f 7B01     		.2byte	0x17b
 857 0351 8A030000 		.4byte	0x38a
 858 0355 03       		.uleb128 0x3
 859 0356 28030000 		.4byte	.LASF56
 860 035a 7C01     		.2byte	0x17c
 861 035c 1A       		.byte	0x1a
 862 035d BE060000 		.4byte	0x6be
 863 0361 00       		.byte	0
 864 0362 03       		.uleb128 0x3
 865 0363 E1020000 		.4byte	.LASF57
 866 0367 7E01     		.2byte	0x17e
 867 0369 1A       		.byte	0x1a
 868 036a BE060000 		.4byte	0x6be
 869 036e 04       		.byte	0x4
 870 036f 03       		.uleb128 0x3
 871 0370 7C050000 		.4byte	.LASF58
 872 0374 8001     		.2byte	0x180
 873 0376 19       		.byte	0x19
 874 0377 44010000 		.4byte	0x144
 875 037b 08       		.byte	0x8
 876 037c 03       		.uleb128 0x3
 877 037d B2060000 		.4byte	.LASF63
 878 0381 8201     		.2byte	0x182
 879 0383 19       		.byte	0x19
 880 0384 50010000 		.4byte	0x150
 881 0388 0C       		.byte	0xc
 882 0389 00       		.byte	0
 883 038a 02       		.uleb128 0x2
 884 038b 47000000 		.4byte	.LASF64
 885 038f 09       		.byte	0x9
 886 0390 6B       		.byte	0x6b
 887 0391 20       		.byte	0x20
 888 0392 96030000 		.4byte	0x396
 889 0396 0A       		.uleb128 0xa
 890 0397 98040000 		.4byte	.LASF65
 891 039b 0C       		.byte	0xc
 892 039c A201     		.2byte	0x1a2
 893 039e CA030000 		.4byte	0x3ca
 894 03a2 03       		.uleb128 0x3
 895 03a3 35060000 		.4byte	.LASF66
 896 03a7 AA01     		.2byte	0x1aa
 897 03a9 24       		.byte	0x24
 898 03aa AD060000 		.4byte	0x6ad
 899 03ae 00       		.byte	0
 900 03af 03       		.uleb128 0x3
 901 03b0 69060000 		.4byte	.LASF67
 902 03b4 AF01     		.2byte	0x1af
 903 03b6 19       		.byte	0x19
 904 03b7 38010000 		.4byte	0x138
 905 03bb 04       		.byte	0x4
 906 03bc 03       		.uleb128 0x3
 907 03bd FD020000 		.4byte	.LASF68
 908 03c1 B301     		.2byte	0x1b3
 909 03c3 19       		.byte	0x19
 910 03c4 38010000 		.4byte	0x138
ARM GAS  /tmp/ccV2pjuU.s 			page 17


 911 03c8 08       		.byte	0x8
 912 03c9 00       		.byte	0
 913 03ca 02       		.uleb128 0x2
 914 03cb 72030000 		.4byte	.LASF69
 915 03cf 09       		.byte	0x9
 916 03d0 70       		.byte	0x70
 917 03d1 1A       		.byte	0x1a
 918 03d2 D6030000 		.4byte	0x3d6
 919 03d6 22       		.uleb128 0x22
 920 03d7 9A020000 		.4byte	.LASF70
 921 03db B001     		.2byte	0x1b0
 922 03dd 0A       		.byte	0xa
 923 03de C201     		.2byte	0x1c2
 924 03e0 08       		.byte	0x8
 925 03e1 35040000 		.4byte	0x435
 926 03e5 03       		.uleb128 0x3
 927 03e6 71060000 		.4byte	.LASF71
 928 03ea C601     		.2byte	0x1c6
 929 03ec 19       		.byte	0x19
 930 03ed 5E020000 		.4byte	0x25e
 931 03f1 00       		.byte	0
 932 03f2 03       		.uleb128 0x3
 933 03f3 3B020000 		.4byte	.LASF72
 934 03f7 CA01     		.2byte	0x1ca
 935 03f9 19       		.byte	0x19
 936 03fa 3D030000 		.4byte	0x33d
 937 03fe 1C       		.byte	0x1c
 938 03ff 04       		.uleb128 0x4
 939 0400 64626700 		.ascii	"dbg\000"
 940 0404 0A       		.byte	0xa
 941 0405 CE01     		.2byte	0x1ce
 942 0407 19       		.byte	0x19
 943 0408 8A030000 		.4byte	0x38a
 944 040c 2C       		.byte	0x2c
 945 040d 03       		.uleb128 0x3
 946 040e 98000000 		.4byte	.LASF73
 947 0412 D201     		.2byte	0x1d2
 948 0414 19       		.byte	0x19
 949 0415 55010000 		.4byte	0x155
 950 0419 38       		.byte	0x38
 951 041a 04       		.uleb128 0x4
 952 041b 746D00   		.ascii	"tm\000"
 953 041e 0A       		.byte	0xa
 954 041f D701     		.2byte	0x1d7
 955 0421 19       		.byte	0x19
 956 0422 DE050000 		.4byte	0x5de
 957 0426 64       		.byte	0x64
 958 0427 03       		.uleb128 0x3
 959 0428 06030000 		.4byte	.LASF74
 960 042c E301     		.2byte	0x1e3
 961 042e 03       		.byte	0x3
 962 042f C3060000 		.4byte	0x6c3
 963 0433 68       		.byte	0x68
 964 0434 00       		.byte	0
 965 0435 02       		.uleb128 0x2
 966 0436 D8020000 		.4byte	.LASF75
 967 043a 0B       		.byte	0xb
ARM GAS  /tmp/ccV2pjuU.s 			page 18


 968 043b 65       		.byte	0x65
 969 043c 0F       		.byte	0xf
 970 043d E1020000 		.4byte	0x2e1
 971 0441 02       		.uleb128 0x2
 972 0442 B8030000 		.4byte	.LASF76
 973 0446 0B       		.byte	0xb
 974 0447 6D       		.byte	0x6d
 975 0448 12       		.byte	0x12
 976 0449 E4000000 		.4byte	0xe4
 977 044d 08       		.uleb128 0x8
 978 044e 46060000 		.4byte	.LASF77
 979 0452 04       		.byte	0x4
 980 0453 0B       		.byte	0xb
 981 0454 89       		.byte	0x89
 982 0455 08       		.byte	0x8
 983 0456 68040000 		.4byte	0x468
 984 045a 05       		.uleb128 0x5
 985 045b 72313300 		.ascii	"r13\000"
 986 045f 0B       		.byte	0xb
 987 0460 8A       		.byte	0x8a
 988 0461 17       		.byte	0x17
 989 0462 C3050000 		.4byte	0x5c3
 990 0466 00       		.byte	0
 991 0467 00       		.byte	0
 992 0468 08       		.uleb128 0x8
 993 0469 3B000000 		.4byte	.LASF78
 994 046d 64       		.byte	0x64
 995 046e 03       		.byte	0x3
 996 046f F4       		.byte	0xf4
 997 0470 08       		.byte	0x8
 998 0471 C3050000 		.4byte	0x5c3
 999 0475 05       		.uleb128 0x5
 1000 0476 73313600 		.ascii	"s16\000"
 1001 047a 03       		.byte	0x3
 1002 047b F6       		.byte	0xf6
 1003 047c 11       		.byte	0x11
 1004 047d 35040000 		.4byte	0x435
 1005 0481 00       		.byte	0
 1006 0482 05       		.uleb128 0x5
 1007 0483 73313700 		.ascii	"s17\000"
 1008 0487 03       		.byte	0x3
 1009 0488 F7       		.byte	0xf7
 1010 0489 11       		.byte	0x11
 1011 048a 35040000 		.4byte	0x435
 1012 048e 04       		.byte	0x4
 1013 048f 05       		.uleb128 0x5
 1014 0490 73313800 		.ascii	"s18\000"
 1015 0494 03       		.byte	0x3
 1016 0495 F8       		.byte	0xf8
 1017 0496 11       		.byte	0x11
 1018 0497 35040000 		.4byte	0x435
 1019 049b 08       		.byte	0x8
 1020 049c 05       		.uleb128 0x5
 1021 049d 73313900 		.ascii	"s19\000"
 1022 04a1 03       		.byte	0x3
 1023 04a2 F9       		.byte	0xf9
 1024 04a3 11       		.byte	0x11
ARM GAS  /tmp/ccV2pjuU.s 			page 19


 1025 04a4 35040000 		.4byte	0x435
 1026 04a8 0C       		.byte	0xc
 1027 04a9 05       		.uleb128 0x5
 1028 04aa 73323000 		.ascii	"s20\000"
 1029 04ae 03       		.byte	0x3
 1030 04af FA       		.byte	0xfa
 1031 04b0 11       		.byte	0x11
 1032 04b1 35040000 		.4byte	0x435
 1033 04b5 10       		.byte	0x10
 1034 04b6 05       		.uleb128 0x5
 1035 04b7 73323100 		.ascii	"s21\000"
 1036 04bb 03       		.byte	0x3
 1037 04bc FB       		.byte	0xfb
 1038 04bd 11       		.byte	0x11
 1039 04be 35040000 		.4byte	0x435
 1040 04c2 14       		.byte	0x14
 1041 04c3 05       		.uleb128 0x5
 1042 04c4 73323200 		.ascii	"s22\000"
 1043 04c8 03       		.byte	0x3
 1044 04c9 FC       		.byte	0xfc
 1045 04ca 11       		.byte	0x11
 1046 04cb 35040000 		.4byte	0x435
 1047 04cf 18       		.byte	0x18
 1048 04d0 05       		.uleb128 0x5
 1049 04d1 73323300 		.ascii	"s23\000"
 1050 04d5 03       		.byte	0x3
 1051 04d6 FD       		.byte	0xfd
 1052 04d7 11       		.byte	0x11
 1053 04d8 35040000 		.4byte	0x435
 1054 04dc 1C       		.byte	0x1c
 1055 04dd 05       		.uleb128 0x5
 1056 04de 73323400 		.ascii	"s24\000"
 1057 04e2 03       		.byte	0x3
 1058 04e3 FE       		.byte	0xfe
 1059 04e4 11       		.byte	0x11
 1060 04e5 35040000 		.4byte	0x435
 1061 04e9 20       		.byte	0x20
 1062 04ea 05       		.uleb128 0x5
 1063 04eb 73323500 		.ascii	"s25\000"
 1064 04ef 03       		.byte	0x3
 1065 04f0 FF       		.byte	0xff
 1066 04f1 11       		.byte	0x11
 1067 04f2 35040000 		.4byte	0x435
 1068 04f6 24       		.byte	0x24
 1069 04f7 04       		.uleb128 0x4
 1070 04f8 73323600 		.ascii	"s26\000"
 1071 04fc 03       		.byte	0x3
 1072 04fd 0001     		.2byte	0x100
 1073 04ff 11       		.byte	0x11
 1074 0500 35040000 		.4byte	0x435
 1075 0504 28       		.byte	0x28
 1076 0505 04       		.uleb128 0x4
 1077 0506 73323700 		.ascii	"s27\000"
 1078 050a 03       		.byte	0x3
 1079 050b 0101     		.2byte	0x101
 1080 050d 11       		.byte	0x11
 1081 050e 35040000 		.4byte	0x435
ARM GAS  /tmp/ccV2pjuU.s 			page 20


 1082 0512 2C       		.byte	0x2c
 1083 0513 04       		.uleb128 0x4
 1084 0514 73323800 		.ascii	"s28\000"
 1085 0518 03       		.byte	0x3
 1086 0519 0201     		.2byte	0x102
 1087 051b 11       		.byte	0x11
 1088 051c 35040000 		.4byte	0x435
 1089 0520 30       		.byte	0x30
 1090 0521 04       		.uleb128 0x4
 1091 0522 73323900 		.ascii	"s29\000"
 1092 0526 03       		.byte	0x3
 1093 0527 0301     		.2byte	0x103
 1094 0529 11       		.byte	0x11
 1095 052a 35040000 		.4byte	0x435
 1096 052e 34       		.byte	0x34
 1097 052f 04       		.uleb128 0x4
 1098 0530 73333000 		.ascii	"s30\000"
 1099 0534 03       		.byte	0x3
 1100 0535 0401     		.2byte	0x104
 1101 0537 11       		.byte	0x11
 1102 0538 35040000 		.4byte	0x435
 1103 053c 38       		.byte	0x38
 1104 053d 04       		.uleb128 0x4
 1105 053e 73333100 		.ascii	"s31\000"
 1106 0542 03       		.byte	0x3
 1107 0543 0501     		.2byte	0x105
 1108 0545 11       		.byte	0x11
 1109 0546 35040000 		.4byte	0x435
 1110 054a 3C       		.byte	0x3c
 1111 054b 04       		.uleb128 0x4
 1112 054c 723400   		.ascii	"r4\000"
 1113 054f 03       		.byte	0x3
 1114 0550 0701     		.2byte	0x107
 1115 0552 11       		.byte	0x11
 1116 0553 35040000 		.4byte	0x435
 1117 0557 40       		.byte	0x40
 1118 0558 04       		.uleb128 0x4
 1119 0559 723500   		.ascii	"r5\000"
 1120 055c 03       		.byte	0x3
 1121 055d 0801     		.2byte	0x108
 1122 055f 11       		.byte	0x11
 1123 0560 35040000 		.4byte	0x435
 1124 0564 44       		.byte	0x44
 1125 0565 04       		.uleb128 0x4
 1126 0566 723600   		.ascii	"r6\000"
 1127 0569 03       		.byte	0x3
 1128 056a 0901     		.2byte	0x109
 1129 056c 11       		.byte	0x11
 1130 056d 35040000 		.4byte	0x435
 1131 0571 48       		.byte	0x48
 1132 0572 04       		.uleb128 0x4
 1133 0573 723700   		.ascii	"r7\000"
 1134 0576 03       		.byte	0x3
 1135 0577 0A01     		.2byte	0x10a
 1136 0579 11       		.byte	0x11
 1137 057a 35040000 		.4byte	0x435
 1138 057e 4C       		.byte	0x4c
ARM GAS  /tmp/ccV2pjuU.s 			page 21


 1139 057f 04       		.uleb128 0x4
 1140 0580 723800   		.ascii	"r8\000"
 1141 0583 03       		.byte	0x3
 1142 0584 0B01     		.2byte	0x10b
 1143 0586 11       		.byte	0x11
 1144 0587 35040000 		.4byte	0x435
 1145 058b 50       		.byte	0x50
 1146 058c 04       		.uleb128 0x4
 1147 058d 723900   		.ascii	"r9\000"
 1148 0590 03       		.byte	0x3
 1149 0591 0C01     		.2byte	0x10c
 1150 0593 11       		.byte	0x11
 1151 0594 35040000 		.4byte	0x435
 1152 0598 54       		.byte	0x54
 1153 0599 04       		.uleb128 0x4
 1154 059a 72313000 		.ascii	"r10\000"
 1155 059e 03       		.byte	0x3
 1156 059f 0D01     		.2byte	0x10d
 1157 05a1 11       		.byte	0x11
 1158 05a2 35040000 		.4byte	0x435
 1159 05a6 58       		.byte	0x58
 1160 05a7 04       		.uleb128 0x4
 1161 05a8 72313100 		.ascii	"r11\000"
 1162 05ac 03       		.byte	0x3
 1163 05ad 0E01     		.2byte	0x10e
 1164 05af 11       		.byte	0x11
 1165 05b0 35040000 		.4byte	0x435
 1166 05b4 5C       		.byte	0x5c
 1167 05b5 04       		.uleb128 0x4
 1168 05b6 6C7200   		.ascii	"lr\000"
 1169 05b9 03       		.byte	0x3
 1170 05ba 0F01     		.2byte	0x10f
 1171 05bc 11       		.byte	0x11
 1172 05bd 35040000 		.4byte	0x435
 1173 05c1 60       		.byte	0x60
 1174 05c2 00       		.byte	0
 1175 05c3 07       		.uleb128 0x7
 1176 05c4 68040000 		.4byte	0x468
 1177 05c8 15       		.uleb128 0x15
 1178 05c9 04       		.byte	0x4
 1179 05ca 0C       		.byte	0xc
 1180 05cb 38       		.byte	0x38
 1181 05cc DE050000 		.4byte	0x5de
 1182 05d0 01       		.uleb128 0x1
 1183 05d1 3F060000 		.4byte	.LASF79
 1184 05d5 0C       		.byte	0xc
 1185 05d6 3C       		.byte	0x3c
 1186 05d7 19       		.byte	0x19
 1187 05d8 F0000000 		.4byte	0xf0
 1188 05dc 00       		.byte	0
 1189 05dd 00       		.byte	0
 1190 05de 02       		.uleb128 0x2
 1191 05df 40040000 		.4byte	.LASF80
 1192 05e3 0C       		.byte	0xc
 1193 05e4 3D       		.byte	0x3d
 1194 05e5 03       		.byte	0x3
 1195 05e6 C8050000 		.4byte	0x5c8
ARM GAS  /tmp/ccV2pjuU.s 			page 22


 1196 05ea 23       		.uleb128 0x23
 1197 05eb 04       		.byte	0x4
 1198 05ec 0A       		.byte	0xa
 1199 05ed FA       		.byte	0xfa
 1200 05ee 03       		.byte	0x3
 1201 05ef 3C060000 		.4byte	0x63c
 1202 05f3 09       		.uleb128 0x9
 1203 05f4 21000000 		.4byte	.LASF81
 1204 05f8 0101     		.2byte	0x101
 1205 05fa 19       		.byte	0x19
 1206 05fb 2C010000 		.4byte	0x12c
 1207 05ff 09       		.uleb128 0x9
 1208 0600 8F000000 		.4byte	.LASF82
 1209 0604 0801     		.2byte	0x108
 1210 0606 19       		.byte	0x19
 1211 0607 2C010000 		.4byte	0x12c
 1212 060b 09       		.uleb128 0x9
 1213 060c A4060000 		.4byte	.LASF83
 1214 0610 0F01     		.2byte	0x10f
 1215 0612 1A       		.byte	0x1a
 1216 0613 E1020000 		.4byte	0x2e1
 1217 0617 09       		.uleb128 0x9
 1218 0618 94020000 		.4byte	.LASF84
 1219 061c 1601     		.2byte	0x116
 1220 061e 1A       		.byte	0x1a
 1221 061f 3C060000 		.4byte	0x63c
 1222 0623 09       		.uleb128 0x9
 1223 0624 39030000 		.4byte	.LASF85
 1224 0628 1E01     		.2byte	0x11e
 1225 062a 1A       		.byte	0x1a
 1226 062b 69060000 		.4byte	0x669
 1227 062f 09       		.uleb128 0x9
 1228 0630 B4050000 		.4byte	.LASF86
 1229 0634 2701     		.2byte	0x127
 1230 0636 1A       		.byte	0x1a
 1231 0637 A3060000 		.4byte	0x6a3
 1232 063b 00       		.byte	0
 1233 063c 07       		.uleb128 0x7
 1234 063d 19020000 		.4byte	0x219
 1235 0641 08       		.uleb128 0x8
 1236 0642 52050000 		.4byte	.LASF87
 1237 0646 0C       		.byte	0xc
 1238 0647 0D       		.byte	0xd
 1239 0648 34       		.byte	0x34
 1240 0649 10       		.byte	0x10
 1241 064a 69060000 		.4byte	0x669
 1242 064e 01       		.uleb128 0x1
 1243 064f C8020000 		.4byte	.LASF88
 1244 0653 0D       		.byte	0xd
 1245 0654 35       		.byte	0x35
 1246 0655 19       		.byte	0x19
 1247 0656 2A020000 		.4byte	0x22a
 1248 065a 00       		.byte	0
 1249 065b 01       		.uleb128 0x1
 1250 065c 49030000 		.4byte	.LASF89
 1251 0660 0D       		.byte	0xd
 1252 0661 37       		.byte	0x37
ARM GAS  /tmp/ccV2pjuU.s 			page 23


 1253 0662 19       		.byte	0x19
 1254 0663 38010000 		.4byte	0x138
 1255 0667 08       		.byte	0x8
 1256 0668 00       		.byte	0
 1257 0669 07       		.uleb128 0x7
 1258 066a 41060000 		.4byte	0x641
 1259 066e 08       		.uleb128 0x8
 1260 066f 60060000 		.4byte	.LASF90
 1261 0673 10       		.byte	0x10
 1262 0674 0E       		.byte	0xe
 1263 0675 39       		.byte	0x39
 1264 0676 08       		.byte	0x8
 1265 0677 A3060000 		.4byte	0x6a3
 1266 067b 01       		.uleb128 0x1
 1267 067c 33020000 		.4byte	.LASF91
 1268 0680 0E       		.byte	0xe
 1269 0681 3A       		.byte	0x3a
 1270 0682 19       		.byte	0x19
 1271 0683 2A020000 		.4byte	0x22a
 1272 0687 00       		.byte	0
 1273 0688 01       		.uleb128 0x1
 1274 0689 D4060000 		.4byte	.LASF92
 1275 068d 0E       		.byte	0xe
 1276 068e 3C       		.byte	0x3c
 1277 068f 1A       		.byte	0x1a
 1278 0690 25020000 		.4byte	0x225
 1279 0694 08       		.byte	0x8
 1280 0695 01       		.uleb128 0x1
 1281 0696 CF050000 		.4byte	.LASF93
 1282 069a 0E       		.byte	0xe
 1283 069b 3E       		.byte	0x3e
 1284 069c 1A       		.byte	0x1a
 1285 069d 0B080000 		.4byte	0x80b
 1286 06a1 0C       		.byte	0xc
 1287 06a2 00       		.byte	0
 1288 06a3 07       		.uleb128 0x7
 1289 06a4 6E060000 		.4byte	0x66e
 1290 06a8 07       		.uleb128 0x7
 1291 06a9 B9060000 		.4byte	0x6b9
 1292 06ad 13       		.uleb128 0x13
 1293 06ae A8060000 		.4byte	0x6a8
 1294 06b2 06       		.uleb128 0x6
 1295 06b3 01       		.byte	0x1
 1296 06b4 08       		.byte	0x8
 1297 06b5 9F050000 		.4byte	.LASF94
 1298 06b9 0F       		.uleb128 0xf
 1299 06ba B2060000 		.4byte	0x6b2
 1300 06be 07       		.uleb128 0x7
 1301 06bf E3020000 		.4byte	0x2e3
 1302 06c3 10       		.uleb128 0x10
 1303 06c4 41040000 		.4byte	0x441
 1304 06c8 D3060000 		.4byte	0x6d3
 1305 06cc 11       		.uleb128 0x11
 1306 06cd 2D000000 		.4byte	0x2d
 1307 06d1 28       		.byte	0x28
 1308 06d2 00       		.byte	0
 1309 06d3 24       		.uleb128 0x24
ARM GAS  /tmp/ccV2pjuU.s 			page 24


 1310 06d4 636800   		.ascii	"ch\000"
 1311 06d7 0A       		.byte	0xa
 1312 06d8 0902     		.2byte	0x209
 1313 06da 14       		.byte	0x14
 1314 06db CA030000 		.4byte	0x3ca
 1315 06df 15       		.uleb128 0x15
 1316 06e0 16       		.byte	0x16
 1317 06e1 0F       		.byte	0xf
 1318 06e2 34       		.byte	0x34
 1319 06e3 D2070000 		.4byte	0x7d2
 1320 06e7 01       		.uleb128 0x1
 1321 06e8 DC060000 		.4byte	.LASF95
 1322 06ec 0F       		.byte	0xf
 1323 06ed 35       		.byte	0x35
 1324 06ee 0D       		.byte	0xd
 1325 06ef D2070000 		.4byte	0x7d2
 1326 06f3 00       		.byte	0
 1327 06f4 01       		.uleb128 0x1
 1328 06f5 C3030000 		.4byte	.LASF96
 1329 06f9 0F       		.byte	0xf
 1330 06fa 36       		.byte	0x36
 1331 06fb 0D       		.byte	0xd
 1332 06fc B4000000 		.4byte	0xb4
 1333 0700 04       		.byte	0x4
 1334 0701 01       		.uleb128 0x1
 1335 0702 85050000 		.4byte	.LASF97
 1336 0706 0F       		.byte	0xf
 1337 0707 37       		.byte	0x37
 1338 0708 0D       		.byte	0xd
 1339 0709 B4000000 		.4byte	0xb4
 1340 070d 05       		.byte	0x5
 1341 070e 01       		.uleb128 0x1
 1342 070f C9060000 		.4byte	.LASF98
 1343 0713 0F       		.byte	0xf
 1344 0714 38       		.byte	0x38
 1345 0715 0D       		.byte	0xd
 1346 0716 C0000000 		.4byte	0xc0
 1347 071a 06       		.byte	0x6
 1348 071b 01       		.uleb128 0x1
 1349 071c 6E040000 		.4byte	.LASF99
 1350 0720 0F       		.byte	0xf
 1351 0721 39       		.byte	0x39
 1352 0722 0D       		.byte	0xd
 1353 0723 B4000000 		.4byte	0xb4
 1354 0727 08       		.byte	0x8
 1355 0728 01       		.uleb128 0x1
 1356 0729 14040000 		.4byte	.LASF100
 1357 072d 0F       		.byte	0xf
 1358 072e 3A       		.byte	0x3a
 1359 072f 0D       		.byte	0xd
 1360 0730 B4000000 		.4byte	0xb4
 1361 0734 09       		.byte	0x9
 1362 0735 01       		.uleb128 0x1
 1363 0736 81000000 		.4byte	.LASF101
 1364 073a 0F       		.byte	0xf
 1365 073b 3B       		.byte	0x3b
 1366 073c 0D       		.byte	0xd
ARM GAS  /tmp/ccV2pjuU.s 			page 25


 1367 073d B4000000 		.4byte	0xb4
 1368 0741 0A       		.byte	0xa
 1369 0742 01       		.uleb128 0x1
 1370 0743 68050000 		.4byte	.LASF102
 1371 0747 0F       		.byte	0xf
 1372 0748 3C       		.byte	0x3c
 1373 0749 0D       		.byte	0xd
 1374 074a B4000000 		.4byte	0xb4
 1375 074e 0B       		.byte	0xb
 1376 074f 01       		.uleb128 0x1
 1377 0750 55060000 		.4byte	.LASF103
 1378 0754 0F       		.byte	0xf
 1379 0755 3D       		.byte	0x3d
 1380 0756 0D       		.byte	0xd
 1381 0757 B4000000 		.4byte	0xb4
 1382 075b 0C       		.byte	0xc
 1383 075c 01       		.uleb128 0x1
 1384 075d 45050000 		.4byte	.LASF104
 1385 0761 0F       		.byte	0xf
 1386 0762 3E       		.byte	0x3e
 1387 0763 0D       		.byte	0xd
 1388 0764 B4000000 		.4byte	0xb4
 1389 0768 0D       		.byte	0xd
 1390 0769 01       		.uleb128 0x1
 1391 076a 00000000 		.4byte	.LASF105
 1392 076e 0F       		.byte	0xf
 1393 076f 3F       		.byte	0x3f
 1394 0770 0D       		.byte	0xd
 1395 0771 B4000000 		.4byte	0xb4
 1396 0775 0E       		.byte	0xe
 1397 0776 01       		.uleb128 0x1
 1398 0777 20040000 		.4byte	.LASF106
 1399 077b 0F       		.byte	0xf
 1400 077c 40       		.byte	0x40
 1401 077d 0D       		.byte	0xd
 1402 077e B4000000 		.4byte	0xb4
 1403 0782 0F       		.byte	0xf
 1404 0783 01       		.uleb128 0x1
 1405 0784 16020000 		.4byte	.LASF107
 1406 0788 0F       		.byte	0xf
 1407 0789 41       		.byte	0x41
 1408 078a 0D       		.byte	0xd
 1409 078b B4000000 		.4byte	0xb4
 1410 078f 10       		.byte	0x10
 1411 0790 01       		.uleb128 0x1
 1412 0791 CC000000 		.4byte	.LASF108
 1413 0795 0F       		.byte	0xf
 1414 0796 43       		.byte	0x43
 1415 0797 0D       		.byte	0xd
 1416 0798 B4000000 		.4byte	0xb4
 1417 079c 11       		.byte	0x11
 1418 079d 01       		.uleb128 0x1
 1419 079e 26020000 		.4byte	.LASF109
 1420 07a2 0F       		.byte	0xf
 1421 07a3 44       		.byte	0x44
 1422 07a4 0D       		.byte	0xd
 1423 07a5 B4000000 		.4byte	0xb4
ARM GAS  /tmp/ccV2pjuU.s 			page 26


 1424 07a9 12       		.byte	0x12
 1425 07aa 01       		.uleb128 0x1
 1426 07ab CB030000 		.4byte	.LASF110
 1427 07af 0F       		.byte	0xf
 1428 07b0 45       		.byte	0x45
 1429 07b1 0D       		.byte	0xd
 1430 07b2 B4000000 		.4byte	0xb4
 1431 07b6 13       		.byte	0x13
 1432 07b7 01       		.uleb128 0x1
 1433 07b8 FA040000 		.4byte	.LASF111
 1434 07bc 0F       		.byte	0xf
 1435 07bd 46       		.byte	0x46
 1436 07be 0D       		.byte	0xd
 1437 07bf B4000000 		.4byte	0xb4
 1438 07c3 14       		.byte	0x14
 1439 07c4 01       		.uleb128 0x1
 1440 07c5 7E030000 		.4byte	.LASF112
 1441 07c9 0F       		.byte	0xf
 1442 07ca 48       		.byte	0x48
 1443 07cb 0D       		.byte	0xd
 1444 07cc B4000000 		.4byte	0xb4
 1445 07d0 15       		.byte	0x15
 1446 07d1 00       		.byte	0
 1447 07d2 10       		.uleb128 0x10
 1448 07d3 B2060000 		.4byte	0x6b2
 1449 07d7 E2070000 		.4byte	0x7e2
 1450 07db 11       		.uleb128 0x11
 1451 07dc 2D000000 		.4byte	0x2d
 1452 07e0 03       		.byte	0x3
 1453 07e1 00       		.byte	0
 1454 07e2 02       		.uleb128 0x2
 1455 07e3 B6020000 		.4byte	.LASF113
 1456 07e7 0F       		.byte	0xf
 1457 07e8 49       		.byte	0x49
 1458 07e9 03       		.byte	0x3
 1459 07ea DF060000 		.4byte	0x6df
 1460 07ee 0F       		.uleb128 0xf
 1461 07ef E2070000 		.4byte	0x7e2
 1462 07f3 25       		.uleb128 0x25
 1463 07f4 40030000 		.4byte	.LASF114
 1464 07f8 0F       		.byte	0xf
 1465 07f9 6E       		.byte	0x6e
 1466 07fa 1D       		.byte	0x1d
 1467 07fb EE070000 		.4byte	0x7ee
 1468 07ff 02       		.uleb128 0x2
 1469 0800 D9000000 		.4byte	.LASF115
 1470 0804 0E       		.byte	0xe
 1471 0805 34       		.byte	0x34
 1472 0806 19       		.byte	0x19
 1473 0807 6E060000 		.4byte	0x66e
 1474 080b 07       		.uleb128 0x7
 1475 080c FF070000 		.4byte	0x7ff
 1476 0810 26       		.uleb128 0x26
 1477 0811 F3070000 		.4byte	0x7f3
 1478 0815 01       		.byte	0x1
 1479 0816 50       		.byte	0x50
 1480 0817 14       		.byte	0x14
ARM GAS  /tmp/ccV2pjuU.s 			page 27


 1481 0818 05       		.uleb128 0x5
 1482 0819 03       		.byte	0x3
 1483 081a 00000000 		.4byte	ch_debug
 1484 081e 27       		.uleb128 0x27
 1485 081f 60000000 		.4byte	.LASF126
 1486 0823 02       		.byte	0x2
 1487 0824 1601     		.2byte	0x116
 1488 0826 08       		.byte	0x8
 1489 0827 31080000 		.4byte	0x831
 1490 082b 14       		.uleb128 0x14
 1491 082c A8060000 		.4byte	0x6a8
 1492 0830 00       		.byte	0
 1493 0831 16       		.uleb128 0x16
 1494 0832 7F060000 		.4byte	.LASF116
 1495 0836 D9       		.byte	0xd9
 1496 0837 16       		.uleb128 0x16
 1497 0838 DF030000 		.4byte	.LASF117
 1498 083c D8       		.byte	0xd8
 1499 083d 17       		.uleb128 0x17
 1500 083e A4050000 		.4byte	.LASF118
 1501 0842 9B       		.byte	0x9b
 1502 0843 25020000 		.4byte	0x225
 1503 0847 00000000 		.4byte	.LFB187
 1504 084b 50000000 		.4byte	.LFE187-.LFB187
 1505 084f 01       		.uleb128 0x1
 1506 0850 9C       		.byte	0x9c
 1507 0851 30090000 		.4byte	0x930
 1508 0855 28       		.uleb128 0x28
 1509 0856 747000   		.ascii	"tp\000"
 1510 0859 01       		.byte	0x1
 1511 085a 9B       		.byte	0x9b
 1512 085b 25       		.byte	0x25
 1513 085c 25020000 		.4byte	0x225
 1514 0860 12000000 		.4byte	.LLST7
 1515 0864 0C000000 		.4byte	.LVUS7
 1516 0868 18       		.uleb128 0x18
 1517 0869 6E747000 		.ascii	"ntp\000"
 1518 086d 9C       		.byte	0x9c
 1519 086e 25020000 		.4byte	0x225
 1520 0872 34000000 		.4byte	.LLST8
 1521 0876 30000000 		.4byte	.LVUS8
 1522 087a 19       		.uleb128 0x19
 1523 087b 420A0000 		.4byte	0xa42
 1524 087f 00000000 		.4byte	.LBI66
 1525 0883 03       		.byte	.LVU49
 1526 0884 3F000000 		.4byte	.LLRL9
 1527 0888 9E       		.byte	0x9e
 1528 0889 CA080000 		.4byte	0x8ca
 1529 088d 0B       		.uleb128 0xb
 1530 088e 520A0000 		.4byte	0xa52
 1531 0892 00000000 		.4byte	.LBI68
 1532 0896 05       		.byte	.LVU51
 1533 0897 4E000000 		.4byte	.LLRL10
 1534 089b 5C01     		.2byte	0x15c
 1535 089d C0080000 		.4byte	0x8c0
 1536 08a1 0C       		.uleb128 0xc
 1537 08a2 5A0A0000 		.4byte	0xa5a
ARM GAS  /tmp/ccV2pjuU.s 			page 28


 1538 08a6 00000000 		.4byte	.LBI69
 1539 08aa 07       		.byte	.LVU53
 1540 08ab 4E000000 		.4byte	.LLRL10
 1541 08af BF01     		.2byte	0x1bf
 1542 08b1 0D       		.uleb128 0xd
 1543 08b2 640A0000 		.4byte	0xa64
 1544 08b6 46000000 		.4byte	.LLST11
 1545 08ba 44000000 		.4byte	.LVUS11
 1546 08be 00       		.byte	0
 1547 08bf 00       		.byte	0
 1548 08c0 0E       		.uleb128 0xe
 1549 08c1 10000000 		.4byte	.LVL13
 1550 08c5 37080000 		.4byte	0x837
 1551 08c9 00       		.byte	0
 1552 08ca 1A       		.uleb128 0x1a
 1553 08cb 0F0A0000 		.4byte	0xa0f
 1554 08cf 1E000000 		.4byte	.LBI78
 1555 08d3 01       		.byte	.LVU71
 1556 08d4 5A000000 		.4byte	.LLRL12
 1557 08d8 AB       		.byte	0xab
 1558 08d9 1B       		.uleb128 0x1b
 1559 08da 5A000000 		.4byte	.LLRL12
 1560 08de 0B       		.uleb128 0xb
 1561 08df 4A0A0000 		.4byte	0xa4a
 1562 08e3 2C000000 		.4byte	.LBI80
 1563 08e7 02       		.byte	.LVU80
 1564 08e8 69000000 		.4byte	.LLRL13
 1565 08ec 7301     		.2byte	0x173
 1566 08ee 11090000 		.4byte	0x911
 1567 08f2 0C       		.uleb128 0xc
 1568 08f3 5A0A0000 		.4byte	0xa5a
 1569 08f7 2C000000 		.4byte	.LBI81
 1570 08fb 04       		.byte	.LVU82
 1571 08fc 69000000 		.4byte	.LLRL13
 1572 0900 CD01     		.2byte	0x1cd
 1573 0902 0D       		.uleb128 0xd
 1574 0903 640A0000 		.4byte	0xa64
 1575 0907 55000000 		.4byte	.LLST14
 1576 090b 51000000 		.4byte	.LVUS14
 1577 090f 00       		.byte	0
 1578 0910 00       		.byte	0
 1579 0911 0E       		.uleb128 0xe
 1580 0912 16000000 		.4byte	.LVL15
 1581 0916 31080000 		.4byte	0x831
 1582 091a 1C       		.uleb128 0x1c
 1583 091b 3C000000 		.4byte	.LVL20
 1584 091f 1E080000 		.4byte	0x81e
 1585 0923 1D       		.uleb128 0x1d
 1586 0924 01       		.uleb128 0x1
 1587 0925 50       		.byte	0x50
 1588 0926 05       		.uleb128 0x5
 1589 0927 03       		.byte	0x3
 1590 0928 00000000 		.4byte	__func__.0
 1591 092c 00       		.byte	0
 1592 092d 00       		.byte	0
 1593 092e 00       		.byte	0
 1594 092f 00       		.byte	0
ARM GAS  /tmp/ccV2pjuU.s 			page 29


 1595 0930 17       		.uleb128 0x17
 1596 0931 A3000000 		.4byte	.LASF119
 1597 0935 83       		.byte	0x83
 1598 0936 25020000 		.4byte	0x225
 1599 093a 00000000 		.4byte	.LFB186
 1600 093e 48000000 		.4byte	.LFE186-.LFB186
 1601 0942 01       		.uleb128 0x1
 1602 0943 9C       		.byte	0x9c
 1603 0944 0F0A0000 		.4byte	0xa0f
 1604 0948 18       		.uleb128 0x18
 1605 0949 747000   		.ascii	"tp\000"
 1606 094c 84       		.byte	0x84
 1607 094d 25020000 		.4byte	0x225
 1608 0951 6B000000 		.4byte	.LLST0
 1609 0955 67000000 		.4byte	.LVUS0
 1610 0959 19       		.uleb128 0x19
 1611 095a 420A0000 		.4byte	0xa42
 1612 095e 00000000 		.4byte	.LBI34
 1613 0962 03       		.byte	.LVU3
 1614 0963 0C000000 		.4byte	.LLRL1
 1615 0967 86       		.byte	0x86
 1616 0968 A9090000 		.4byte	0x9a9
 1617 096c 0B       		.uleb128 0xb
 1618 096d 520A0000 		.4byte	0xa52
 1619 0971 00000000 		.4byte	.LBI36
 1620 0975 05       		.byte	.LVU5
 1621 0976 1B000000 		.4byte	.LLRL2
 1622 097a 5C01     		.2byte	0x15c
 1623 097c 9F090000 		.4byte	0x99f
 1624 0980 0C       		.uleb128 0xc
 1625 0981 5A0A0000 		.4byte	0xa5a
 1626 0985 00000000 		.4byte	.LBI37
 1627 0989 07       		.byte	.LVU7
 1628 098a 1B000000 		.4byte	.LLRL2
 1629 098e BF01     		.2byte	0x1bf
 1630 0990 0D       		.uleb128 0xd
 1631 0991 640A0000 		.4byte	0xa64
 1632 0995 7D000000 		.4byte	.LLST3
 1633 0999 7B000000 		.4byte	.LVUS3
 1634 099d 00       		.byte	0
 1635 099e 00       		.byte	0
 1636 099f 0E       		.uleb128 0xe
 1637 09a0 0E000000 		.4byte	.LVL2
 1638 09a4 37080000 		.4byte	0x837
 1639 09a8 00       		.byte	0
 1640 09a9 1A       		.uleb128 0x1a
 1641 09aa 0F0A0000 		.4byte	0xa0f
 1642 09ae 10000000 		.4byte	.LBI46
 1643 09b2 01       		.byte	.LVU19
 1644 09b3 27000000 		.4byte	.LLRL4
 1645 09b7 8B       		.byte	0x8b
 1646 09b8 1B       		.uleb128 0x1b
 1647 09b9 27000000 		.4byte	.LLRL4
 1648 09bd 0B       		.uleb128 0xb
 1649 09be 4A0A0000 		.4byte	0xa4a
 1650 09c2 24000000 		.4byte	.LBI48
 1651 09c6 02       		.byte	.LVU28
ARM GAS  /tmp/ccV2pjuU.s 			page 30


 1652 09c7 33000000 		.4byte	.LLRL5
 1653 09cb 7301     		.2byte	0x173
 1654 09cd F0090000 		.4byte	0x9f0
 1655 09d1 0C       		.uleb128 0xc
 1656 09d2 5A0A0000 		.4byte	0xa5a
 1657 09d6 24000000 		.4byte	.LBI49
 1658 09da 04       		.byte	.LVU30
 1659 09db 33000000 		.4byte	.LLRL5
 1660 09df CD01     		.2byte	0x1cd
 1661 09e1 0D       		.uleb128 0xd
 1662 09e2 640A0000 		.4byte	0xa64
 1663 09e6 8C000000 		.4byte	.LLST6
 1664 09ea 88000000 		.4byte	.LVUS6
 1665 09ee 00       		.byte	0
 1666 09ef 00       		.byte	0
 1667 09f0 0E       		.uleb128 0xe
 1668 09f1 14000000 		.4byte	.LVL4
 1669 09f5 31080000 		.4byte	0x831
 1670 09f9 1C       		.uleb128 0x1c
 1671 09fa 34000000 		.4byte	.LVL8
 1672 09fe 1E080000 		.4byte	0x81e
 1673 0a02 1D       		.uleb128 0x1d
 1674 0a03 01       		.uleb128 0x1
 1675 0a04 50       		.byte	0x50
 1676 0a05 05       		.uleb128 0x5
 1677 0a06 03       		.byte	0x3
 1678 0a07 00000000 		.4byte	__func__.0
 1679 0a0b 00       		.byte	0
 1680 0a0c 00       		.byte	0
 1681 0a0d 00       		.byte	0
 1682 0a0e 00       		.byte	0
 1683 0a0f 29       		.uleb128 0x29
 1684 0a10 BD060000 		.4byte	.LASF127
 1685 0a14 02       		.byte	0x2
 1686 0a15 6601     		.2byte	0x166
 1687 0a17 14       		.byte	0x14
 1688 0a18 03       		.byte	0x3
 1689 0a19 2D0A0000 		.4byte	0xa2d
 1690 0a1d 2A       		.uleb128 0x2a
 1691 0a1e 11050000 		.4byte	.LASF128
 1692 0a22 3D0A0000 		.4byte	0xa3d
 1693 0a26 05       		.uleb128 0x5
 1694 0a27 03       		.byte	0x3
 1695 0a28 00000000 		.4byte	__func__.0
 1696 0a2c 00       		.byte	0
 1697 0a2d 10       		.uleb128 0x10
 1698 0a2e B9060000 		.4byte	0x6b9
 1699 0a32 3D0A0000 		.4byte	0xa3d
 1700 0a36 11       		.uleb128 0x11
 1701 0a37 2D000000 		.4byte	0x2d
 1702 0a3b 0B       		.byte	0xb
 1703 0a3c 00       		.byte	0
 1704 0a3d 0F       		.uleb128 0xf
 1705 0a3e 2D0A0000 		.4byte	0xa2d
 1706 0a42 12       		.uleb128 0x12
 1707 0a43 1A050000 		.4byte	.LASF120
 1708 0a47 02       		.byte	0x2
ARM GAS  /tmp/ccV2pjuU.s 			page 31


 1709 0a48 5A01     		.2byte	0x15a
 1710 0a4a 12       		.uleb128 0x12
 1711 0a4b 42020000 		.4byte	.LASF121
 1712 0a4f 03       		.byte	0x3
 1713 0a50 CA01     		.2byte	0x1ca
 1714 0a52 12       		.uleb128 0x12
 1715 0a53 56000000 		.4byte	.LASF122
 1716 0a57 03       		.byte	0x3
 1717 0a58 BC01     		.2byte	0x1bc
 1718 0a5a 2B       		.uleb128 0x2b
 1719 0a5b 06040000 		.4byte	.LASF129
 1720 0a5f 04       		.byte	0x4
 1721 0a60 2002     		.2byte	0x220
 1722 0a62 39       		.byte	0x39
 1723 0a63 03       		.byte	0x3
 1724 0a64 2C       		.uleb128 0x2c
 1725 0a65 F7020000 		.4byte	.LASF130
 1726 0a69 04       		.byte	0x4
 1727 0a6a 2002     		.2byte	0x220
 1728 0a6c 50       		.byte	0x50
 1729 0a6d D8000000 		.4byte	0xd8
 1730 0a71 00       		.byte	0
 1731 0a72 00       		.byte	0
 1732              		.section	.debug_abbrev,"",%progbits
 1733              	.Ldebug_abbrev0:
 1734 0000 01       		.uleb128 0x1
 1735 0001 0D       		.uleb128 0xd
 1736 0002 00       		.byte	0
 1737 0003 03       		.uleb128 0x3
 1738 0004 0E       		.uleb128 0xe
 1739 0005 3A       		.uleb128 0x3a
 1740 0006 0B       		.uleb128 0xb
 1741 0007 3B       		.uleb128 0x3b
 1742 0008 0B       		.uleb128 0xb
 1743 0009 39       		.uleb128 0x39
 1744 000a 0B       		.uleb128 0xb
 1745 000b 49       		.uleb128 0x49
 1746 000c 13       		.uleb128 0x13
 1747 000d 38       		.uleb128 0x38
 1748 000e 0B       		.uleb128 0xb
 1749 000f 00       		.byte	0
 1750 0010 00       		.byte	0
 1751 0011 02       		.uleb128 0x2
 1752 0012 16       		.uleb128 0x16
 1753 0013 00       		.byte	0
 1754 0014 03       		.uleb128 0x3
 1755 0015 0E       		.uleb128 0xe
 1756 0016 3A       		.uleb128 0x3a
 1757 0017 0B       		.uleb128 0xb
 1758 0018 3B       		.uleb128 0x3b
 1759 0019 0B       		.uleb128 0xb
 1760 001a 39       		.uleb128 0x39
 1761 001b 0B       		.uleb128 0xb
 1762 001c 49       		.uleb128 0x49
 1763 001d 13       		.uleb128 0x13
 1764 001e 00       		.byte	0
 1765 001f 00       		.byte	0
ARM GAS  /tmp/ccV2pjuU.s 			page 32


 1766 0020 03       		.uleb128 0x3
 1767 0021 0D       		.uleb128 0xd
 1768 0022 00       		.byte	0
 1769 0023 03       		.uleb128 0x3
 1770 0024 0E       		.uleb128 0xe
 1771 0025 3A       		.uleb128 0x3a
 1772 0026 21       		.uleb128 0x21
 1773 0027 0A       		.sleb128 10
 1774 0028 3B       		.uleb128 0x3b
 1775 0029 05       		.uleb128 0x5
 1776 002a 39       		.uleb128 0x39
 1777 002b 0B       		.uleb128 0xb
 1778 002c 49       		.uleb128 0x49
 1779 002d 13       		.uleb128 0x13
 1780 002e 38       		.uleb128 0x38
 1781 002f 0B       		.uleb128 0xb
 1782 0030 00       		.byte	0
 1783 0031 00       		.byte	0
 1784 0032 04       		.uleb128 0x4
 1785 0033 0D       		.uleb128 0xd
 1786 0034 00       		.byte	0
 1787 0035 03       		.uleb128 0x3
 1788 0036 08       		.uleb128 0x8
 1789 0037 3A       		.uleb128 0x3a
 1790 0038 0B       		.uleb128 0xb
 1791 0039 3B       		.uleb128 0x3b
 1792 003a 05       		.uleb128 0x5
 1793 003b 39       		.uleb128 0x39
 1794 003c 0B       		.uleb128 0xb
 1795 003d 49       		.uleb128 0x49
 1796 003e 13       		.uleb128 0x13
 1797 003f 38       		.uleb128 0x38
 1798 0040 0B       		.uleb128 0xb
 1799 0041 00       		.byte	0
 1800 0042 00       		.byte	0
 1801 0043 05       		.uleb128 0x5
 1802 0044 0D       		.uleb128 0xd
 1803 0045 00       		.byte	0
 1804 0046 03       		.uleb128 0x3
 1805 0047 08       		.uleb128 0x8
 1806 0048 3A       		.uleb128 0x3a
 1807 0049 0B       		.uleb128 0xb
 1808 004a 3B       		.uleb128 0x3b
 1809 004b 0B       		.uleb128 0xb
 1810 004c 39       		.uleb128 0x39
 1811 004d 0B       		.uleb128 0xb
 1812 004e 49       		.uleb128 0x49
 1813 004f 13       		.uleb128 0x13
 1814 0050 38       		.uleb128 0x38
 1815 0051 0B       		.uleb128 0xb
 1816 0052 00       		.byte	0
 1817 0053 00       		.byte	0
 1818 0054 06       		.uleb128 0x6
 1819 0055 24       		.uleb128 0x24
 1820 0056 00       		.byte	0
 1821 0057 0B       		.uleb128 0xb
 1822 0058 0B       		.uleb128 0xb
ARM GAS  /tmp/ccV2pjuU.s 			page 33


 1823 0059 3E       		.uleb128 0x3e
 1824 005a 0B       		.uleb128 0xb
 1825 005b 03       		.uleb128 0x3
 1826 005c 0E       		.uleb128 0xe
 1827 005d 00       		.byte	0
 1828 005e 00       		.byte	0
 1829 005f 07       		.uleb128 0x7
 1830 0060 0F       		.uleb128 0xf
 1831 0061 00       		.byte	0
 1832 0062 0B       		.uleb128 0xb
 1833 0063 21       		.uleb128 0x21
 1834 0064 04       		.sleb128 4
 1835 0065 49       		.uleb128 0x49
 1836 0066 13       		.uleb128 0x13
 1837 0067 00       		.byte	0
 1838 0068 00       		.byte	0
 1839 0069 08       		.uleb128 0x8
 1840 006a 13       		.uleb128 0x13
 1841 006b 01       		.byte	0x1
 1842 006c 03       		.uleb128 0x3
 1843 006d 0E       		.uleb128 0xe
 1844 006e 0B       		.uleb128 0xb
 1845 006f 0B       		.uleb128 0xb
 1846 0070 3A       		.uleb128 0x3a
 1847 0071 0B       		.uleb128 0xb
 1848 0072 3B       		.uleb128 0x3b
 1849 0073 0B       		.uleb128 0xb
 1850 0074 39       		.uleb128 0x39
 1851 0075 0B       		.uleb128 0xb
 1852 0076 01       		.uleb128 0x1
 1853 0077 13       		.uleb128 0x13
 1854 0078 00       		.byte	0
 1855 0079 00       		.byte	0
 1856 007a 09       		.uleb128 0x9
 1857 007b 0D       		.uleb128 0xd
 1858 007c 00       		.byte	0
 1859 007d 03       		.uleb128 0x3
 1860 007e 0E       		.uleb128 0xe
 1861 007f 3A       		.uleb128 0x3a
 1862 0080 21       		.uleb128 0x21
 1863 0081 0A       		.sleb128 10
 1864 0082 3B       		.uleb128 0x3b
 1865 0083 05       		.uleb128 0x5
 1866 0084 39       		.uleb128 0x39
 1867 0085 0B       		.uleb128 0xb
 1868 0086 49       		.uleb128 0x49
 1869 0087 13       		.uleb128 0x13
 1870 0088 00       		.byte	0
 1871 0089 00       		.byte	0
 1872 008a 0A       		.uleb128 0xa
 1873 008b 13       		.uleb128 0x13
 1874 008c 01       		.byte	0x1
 1875 008d 03       		.uleb128 0x3
 1876 008e 0E       		.uleb128 0xe
 1877 008f 0B       		.uleb128 0xb
 1878 0090 0B       		.uleb128 0xb
 1879 0091 3A       		.uleb128 0x3a
ARM GAS  /tmp/ccV2pjuU.s 			page 34


 1880 0092 21       		.uleb128 0x21
 1881 0093 0A       		.sleb128 10
 1882 0094 3B       		.uleb128 0x3b
 1883 0095 05       		.uleb128 0x5
 1884 0096 39       		.uleb128 0x39
 1885 0097 21       		.uleb128 0x21
 1886 0098 08       		.sleb128 8
 1887 0099 01       		.uleb128 0x1
 1888 009a 13       		.uleb128 0x13
 1889 009b 00       		.byte	0
 1890 009c 00       		.byte	0
 1891 009d 0B       		.uleb128 0xb
 1892 009e 1D       		.uleb128 0x1d
 1893 009f 01       		.byte	0x1
 1894 00a0 31       		.uleb128 0x31
 1895 00a1 13       		.uleb128 0x13
 1896 00a2 52       		.uleb128 0x52
 1897 00a3 01       		.uleb128 0x1
 1898 00a4 B842     		.uleb128 0x2138
 1899 00a6 0B       		.uleb128 0xb
 1900 00a7 55       		.uleb128 0x55
 1901 00a8 17       		.uleb128 0x17
 1902 00a9 58       		.uleb128 0x58
 1903 00aa 21       		.uleb128 0x21
 1904 00ab 02       		.sleb128 2
 1905 00ac 59       		.uleb128 0x59
 1906 00ad 05       		.uleb128 0x5
 1907 00ae 57       		.uleb128 0x57
 1908 00af 21       		.uleb128 0x21
 1909 00b0 03       		.sleb128 3
 1910 00b1 01       		.uleb128 0x1
 1911 00b2 13       		.uleb128 0x13
 1912 00b3 00       		.byte	0
 1913 00b4 00       		.byte	0
 1914 00b5 0C       		.uleb128 0xc
 1915 00b6 1D       		.uleb128 0x1d
 1916 00b7 01       		.byte	0x1
 1917 00b8 31       		.uleb128 0x31
 1918 00b9 13       		.uleb128 0x13
 1919 00ba 52       		.uleb128 0x52
 1920 00bb 01       		.uleb128 0x1
 1921 00bc B842     		.uleb128 0x2138
 1922 00be 0B       		.uleb128 0xb
 1923 00bf 55       		.uleb128 0x55
 1924 00c0 17       		.uleb128 0x17
 1925 00c1 58       		.uleb128 0x58
 1926 00c2 21       		.uleb128 0x21
 1927 00c3 03       		.sleb128 3
 1928 00c4 59       		.uleb128 0x59
 1929 00c5 05       		.uleb128 0x5
 1930 00c6 57       		.uleb128 0x57
 1931 00c7 21       		.uleb128 0x21
 1932 00c8 03       		.sleb128 3
 1933 00c9 00       		.byte	0
 1934 00ca 00       		.byte	0
 1935 00cb 0D       		.uleb128 0xd
 1936 00cc 05       		.uleb128 0x5
ARM GAS  /tmp/ccV2pjuU.s 			page 35


 1937 00cd 00       		.byte	0
 1938 00ce 31       		.uleb128 0x31
 1939 00cf 13       		.uleb128 0x13
 1940 00d0 02       		.uleb128 0x2
 1941 00d1 17       		.uleb128 0x17
 1942 00d2 B742     		.uleb128 0x2137
 1943 00d4 17       		.uleb128 0x17
 1944 00d5 00       		.byte	0
 1945 00d6 00       		.byte	0
 1946 00d7 0E       		.uleb128 0xe
 1947 00d8 48       		.uleb128 0x48
 1948 00d9 00       		.byte	0
 1949 00da 7D       		.uleb128 0x7d
 1950 00db 01       		.uleb128 0x1
 1951 00dc 7F       		.uleb128 0x7f
 1952 00dd 13       		.uleb128 0x13
 1953 00de 00       		.byte	0
 1954 00df 00       		.byte	0
 1955 00e0 0F       		.uleb128 0xf
 1956 00e1 26       		.uleb128 0x26
 1957 00e2 00       		.byte	0
 1958 00e3 49       		.uleb128 0x49
 1959 00e4 13       		.uleb128 0x13
 1960 00e5 00       		.byte	0
 1961 00e6 00       		.byte	0
 1962 00e7 10       		.uleb128 0x10
 1963 00e8 01       		.uleb128 0x1
 1964 00e9 01       		.byte	0x1
 1965 00ea 49       		.uleb128 0x49
 1966 00eb 13       		.uleb128 0x13
 1967 00ec 01       		.uleb128 0x1
 1968 00ed 13       		.uleb128 0x13
 1969 00ee 00       		.byte	0
 1970 00ef 00       		.byte	0
 1971 00f0 11       		.uleb128 0x11
 1972 00f1 21       		.uleb128 0x21
 1973 00f2 00       		.byte	0
 1974 00f3 49       		.uleb128 0x49
 1975 00f4 13       		.uleb128 0x13
 1976 00f5 2F       		.uleb128 0x2f
 1977 00f6 0B       		.uleb128 0xb
 1978 00f7 00       		.byte	0
 1979 00f8 00       		.byte	0
 1980 00f9 12       		.uleb128 0x12
 1981 00fa 2E       		.uleb128 0x2e
 1982 00fb 00       		.byte	0
 1983 00fc 03       		.uleb128 0x3
 1984 00fd 0E       		.uleb128 0xe
 1985 00fe 3A       		.uleb128 0x3a
 1986 00ff 0B       		.uleb128 0xb
 1987 0100 3B       		.uleb128 0x3b
 1988 0101 05       		.uleb128 0x5
 1989 0102 39       		.uleb128 0x39
 1990 0103 21       		.uleb128 0x21
 1991 0104 14       		.sleb128 20
 1992 0105 27       		.uleb128 0x27
 1993 0106 19       		.uleb128 0x19
ARM GAS  /tmp/ccV2pjuU.s 			page 36


 1994 0107 20       		.uleb128 0x20
 1995 0108 21       		.uleb128 0x21
 1996 0109 03       		.sleb128 3
 1997 010a 00       		.byte	0
 1998 010b 00       		.byte	0
 1999 010c 13       		.uleb128 0x13
 2000 010d 35       		.uleb128 0x35
 2001 010e 00       		.byte	0
 2002 010f 49       		.uleb128 0x49
 2003 0110 13       		.uleb128 0x13
 2004 0111 00       		.byte	0
 2005 0112 00       		.byte	0
 2006 0113 14       		.uleb128 0x14
 2007 0114 05       		.uleb128 0x5
 2008 0115 00       		.byte	0
 2009 0116 49       		.uleb128 0x49
 2010 0117 13       		.uleb128 0x13
 2011 0118 00       		.byte	0
 2012 0119 00       		.byte	0
 2013 011a 15       		.uleb128 0x15
 2014 011b 13       		.uleb128 0x13
 2015 011c 01       		.byte	0x1
 2016 011d 0B       		.uleb128 0xb
 2017 011e 0B       		.uleb128 0xb
 2018 011f 3A       		.uleb128 0x3a
 2019 0120 0B       		.uleb128 0xb
 2020 0121 3B       		.uleb128 0x3b
 2021 0122 0B       		.uleb128 0xb
 2022 0123 39       		.uleb128 0x39
 2023 0124 21       		.uleb128 0x21
 2024 0125 09       		.sleb128 9
 2025 0126 01       		.uleb128 0x1
 2026 0127 13       		.uleb128 0x13
 2027 0128 00       		.byte	0
 2028 0129 00       		.byte	0
 2029 012a 16       		.uleb128 0x16
 2030 012b 2E       		.uleb128 0x2e
 2031 012c 00       		.byte	0
 2032 012d 3F       		.uleb128 0x3f
 2033 012e 19       		.uleb128 0x19
 2034 012f 03       		.uleb128 0x3
 2035 0130 0E       		.uleb128 0xe
 2036 0131 3A       		.uleb128 0x3a
 2037 0132 21       		.uleb128 0x21
 2038 0133 10       		.sleb128 16
 2039 0134 3B       		.uleb128 0x3b
 2040 0135 0B       		.uleb128 0xb
 2041 0136 39       		.uleb128 0x39
 2042 0137 21       		.uleb128 0x21
 2043 0138 08       		.sleb128 8
 2044 0139 27       		.uleb128 0x27
 2045 013a 19       		.uleb128 0x19
 2046 013b 3C       		.uleb128 0x3c
 2047 013c 19       		.uleb128 0x19
 2048 013d 00       		.byte	0
 2049 013e 00       		.byte	0
 2050 013f 17       		.uleb128 0x17
ARM GAS  /tmp/ccV2pjuU.s 			page 37


 2051 0140 2E       		.uleb128 0x2e
 2052 0141 01       		.byte	0x1
 2053 0142 3F       		.uleb128 0x3f
 2054 0143 19       		.uleb128 0x19
 2055 0144 03       		.uleb128 0x3
 2056 0145 0E       		.uleb128 0xe
 2057 0146 3A       		.uleb128 0x3a
 2058 0147 21       		.uleb128 0x21
 2059 0148 01       		.sleb128 1
 2060 0149 3B       		.uleb128 0x3b
 2061 014a 0B       		.uleb128 0xb
 2062 014b 39       		.uleb128 0x39
 2063 014c 21       		.uleb128 0x21
 2064 014d 0B       		.sleb128 11
 2065 014e 27       		.uleb128 0x27
 2066 014f 19       		.uleb128 0x19
 2067 0150 49       		.uleb128 0x49
 2068 0151 13       		.uleb128 0x13
 2069 0152 11       		.uleb128 0x11
 2070 0153 01       		.uleb128 0x1
 2071 0154 12       		.uleb128 0x12
 2072 0155 06       		.uleb128 0x6
 2073 0156 40       		.uleb128 0x40
 2074 0157 18       		.uleb128 0x18
 2075 0158 7A       		.uleb128 0x7a
 2076 0159 19       		.uleb128 0x19
 2077 015a 01       		.uleb128 0x1
 2078 015b 13       		.uleb128 0x13
 2079 015c 00       		.byte	0
 2080 015d 00       		.byte	0
 2081 015e 18       		.uleb128 0x18
 2082 015f 34       		.uleb128 0x34
 2083 0160 00       		.byte	0
 2084 0161 03       		.uleb128 0x3
 2085 0162 08       		.uleb128 0x8
 2086 0163 3A       		.uleb128 0x3a
 2087 0164 21       		.uleb128 0x21
 2088 0165 01       		.sleb128 1
 2089 0166 3B       		.uleb128 0x3b
 2090 0167 0B       		.uleb128 0xb
 2091 0168 39       		.uleb128 0x39
 2092 0169 21       		.uleb128 0x21
 2093 016a 0D       		.sleb128 13
 2094 016b 49       		.uleb128 0x49
 2095 016c 13       		.uleb128 0x13
 2096 016d 02       		.uleb128 0x2
 2097 016e 17       		.uleb128 0x17
 2098 016f B742     		.uleb128 0x2137
 2099 0171 17       		.uleb128 0x17
 2100 0172 00       		.byte	0
 2101 0173 00       		.byte	0
 2102 0174 19       		.uleb128 0x19
 2103 0175 1D       		.uleb128 0x1d
 2104 0176 01       		.byte	0x1
 2105 0177 31       		.uleb128 0x31
 2106 0178 13       		.uleb128 0x13
 2107 0179 52       		.uleb128 0x52
ARM GAS  /tmp/ccV2pjuU.s 			page 38


 2108 017a 01       		.uleb128 0x1
 2109 017b B842     		.uleb128 0x2138
 2110 017d 0B       		.uleb128 0xb
 2111 017e 55       		.uleb128 0x55
 2112 017f 17       		.uleb128 0x17
 2113 0180 58       		.uleb128 0x58
 2114 0181 21       		.uleb128 0x21
 2115 0182 01       		.sleb128 1
 2116 0183 59       		.uleb128 0x59
 2117 0184 0B       		.uleb128 0xb
 2118 0185 57       		.uleb128 0x57
 2119 0186 21       		.uleb128 0x21
 2120 0187 03       		.sleb128 3
 2121 0188 01       		.uleb128 0x1
 2122 0189 13       		.uleb128 0x13
 2123 018a 00       		.byte	0
 2124 018b 00       		.byte	0
 2125 018c 1A       		.uleb128 0x1a
 2126 018d 1D       		.uleb128 0x1d
 2127 018e 01       		.byte	0x1
 2128 018f 31       		.uleb128 0x31
 2129 0190 13       		.uleb128 0x13
 2130 0191 52       		.uleb128 0x52
 2131 0192 01       		.uleb128 0x1
 2132 0193 B842     		.uleb128 0x2138
 2133 0195 0B       		.uleb128 0xb
 2134 0196 55       		.uleb128 0x55
 2135 0197 17       		.uleb128 0x17
 2136 0198 58       		.uleb128 0x58
 2137 0199 21       		.uleb128 0x21
 2138 019a 01       		.sleb128 1
 2139 019b 59       		.uleb128 0x59
 2140 019c 0B       		.uleb128 0xb
 2141 019d 57       		.uleb128 0x57
 2142 019e 21       		.uleb128 0x21
 2143 019f 03       		.sleb128 3
 2144 01a0 00       		.byte	0
 2145 01a1 00       		.byte	0
 2146 01a2 1B       		.uleb128 0x1b
 2147 01a3 0B       		.uleb128 0xb
 2148 01a4 01       		.byte	0x1
 2149 01a5 55       		.uleb128 0x55
 2150 01a6 17       		.uleb128 0x17
 2151 01a7 00       		.byte	0
 2152 01a8 00       		.byte	0
 2153 01a9 1C       		.uleb128 0x1c
 2154 01aa 48       		.uleb128 0x48
 2155 01ab 01       		.byte	0x1
 2156 01ac 7D       		.uleb128 0x7d
 2157 01ad 01       		.uleb128 0x1
 2158 01ae 7F       		.uleb128 0x7f
 2159 01af 13       		.uleb128 0x13
 2160 01b0 00       		.byte	0
 2161 01b1 00       		.byte	0
 2162 01b2 1D       		.uleb128 0x1d
 2163 01b3 49       		.uleb128 0x49
 2164 01b4 00       		.byte	0
ARM GAS  /tmp/ccV2pjuU.s 			page 39


 2165 01b5 02       		.uleb128 0x2
 2166 01b6 18       		.uleb128 0x18
 2167 01b7 7E       		.uleb128 0x7e
 2168 01b8 18       		.uleb128 0x18
 2169 01b9 00       		.byte	0
 2170 01ba 00       		.byte	0
 2171 01bb 1E       		.uleb128 0x1e
 2172 01bc 11       		.uleb128 0x11
 2173 01bd 01       		.byte	0x1
 2174 01be 25       		.uleb128 0x25
 2175 01bf 0E       		.uleb128 0xe
 2176 01c0 13       		.uleb128 0x13
 2177 01c1 0B       		.uleb128 0xb
 2178 01c2 03       		.uleb128 0x3
 2179 01c3 0E       		.uleb128 0xe
 2180 01c4 1B       		.uleb128 0x1b
 2181 01c5 0E       		.uleb128 0xe
 2182 01c6 55       		.uleb128 0x55
 2183 01c7 17       		.uleb128 0x17
 2184 01c8 11       		.uleb128 0x11
 2185 01c9 01       		.uleb128 0x1
 2186 01ca 10       		.uleb128 0x10
 2187 01cb 17       		.uleb128 0x17
 2188 01cc 00       		.byte	0
 2189 01cd 00       		.byte	0
 2190 01ce 1F       		.uleb128 0x1f
 2191 01cf 24       		.uleb128 0x24
 2192 01d0 00       		.byte	0
 2193 01d1 0B       		.uleb128 0xb
 2194 01d2 0B       		.uleb128 0xb
 2195 01d3 3E       		.uleb128 0x3e
 2196 01d4 0B       		.uleb128 0xb
 2197 01d5 03       		.uleb128 0x3
 2198 01d6 08       		.uleb128 0x8
 2199 01d7 00       		.byte	0
 2200 01d8 00       		.byte	0
 2201 01d9 20       		.uleb128 0x20
 2202 01da 15       		.uleb128 0x15
 2203 01db 01       		.byte	0x1
 2204 01dc 27       		.uleb128 0x27
 2205 01dd 19       		.uleb128 0x19
 2206 01de 01       		.uleb128 0x1
 2207 01df 13       		.uleb128 0x13
 2208 01e0 00       		.byte	0
 2209 01e1 00       		.byte	0
 2210 01e2 21       		.uleb128 0x21
 2211 01e3 0F       		.uleb128 0xf
 2212 01e4 00       		.byte	0
 2213 01e5 0B       		.uleb128 0xb
 2214 01e6 0B       		.uleb128 0xb
 2215 01e7 00       		.byte	0
 2216 01e8 00       		.byte	0
 2217 01e9 22       		.uleb128 0x22
 2218 01ea 13       		.uleb128 0x13
 2219 01eb 01       		.byte	0x1
 2220 01ec 03       		.uleb128 0x3
 2221 01ed 0E       		.uleb128 0xe
ARM GAS  /tmp/ccV2pjuU.s 			page 40


 2222 01ee 0B       		.uleb128 0xb
 2223 01ef 05       		.uleb128 0x5
 2224 01f0 3A       		.uleb128 0x3a
 2225 01f1 0B       		.uleb128 0xb
 2226 01f2 3B       		.uleb128 0x3b
 2227 01f3 05       		.uleb128 0x5
 2228 01f4 39       		.uleb128 0x39
 2229 01f5 0B       		.uleb128 0xb
 2230 01f6 01       		.uleb128 0x1
 2231 01f7 13       		.uleb128 0x13
 2232 01f8 00       		.byte	0
 2233 01f9 00       		.byte	0
 2234 01fa 23       		.uleb128 0x23
 2235 01fb 17       		.uleb128 0x17
 2236 01fc 01       		.byte	0x1
 2237 01fd 0B       		.uleb128 0xb
 2238 01fe 0B       		.uleb128 0xb
 2239 01ff 3A       		.uleb128 0x3a
 2240 0200 0B       		.uleb128 0xb
 2241 0201 3B       		.uleb128 0x3b
 2242 0202 0B       		.uleb128 0xb
 2243 0203 39       		.uleb128 0x39
 2244 0204 0B       		.uleb128 0xb
 2245 0205 01       		.uleb128 0x1
 2246 0206 13       		.uleb128 0x13
 2247 0207 00       		.byte	0
 2248 0208 00       		.byte	0
 2249 0209 24       		.uleb128 0x24
 2250 020a 34       		.uleb128 0x34
 2251 020b 00       		.byte	0
 2252 020c 03       		.uleb128 0x3
 2253 020d 08       		.uleb128 0x8
 2254 020e 3A       		.uleb128 0x3a
 2255 020f 0B       		.uleb128 0xb
 2256 0210 3B       		.uleb128 0x3b
 2257 0211 05       		.uleb128 0x5
 2258 0212 39       		.uleb128 0x39
 2259 0213 0B       		.uleb128 0xb
 2260 0214 49       		.uleb128 0x49
 2261 0215 13       		.uleb128 0x13
 2262 0216 3F       		.uleb128 0x3f
 2263 0217 19       		.uleb128 0x19
 2264 0218 3C       		.uleb128 0x3c
 2265 0219 19       		.uleb128 0x19
 2266 021a 00       		.byte	0
 2267 021b 00       		.byte	0
 2268 021c 25       		.uleb128 0x25
 2269 021d 34       		.uleb128 0x34
 2270 021e 00       		.byte	0
 2271 021f 03       		.uleb128 0x3
 2272 0220 0E       		.uleb128 0xe
 2273 0221 3A       		.uleb128 0x3a
 2274 0222 0B       		.uleb128 0xb
 2275 0223 3B       		.uleb128 0x3b
 2276 0224 0B       		.uleb128 0xb
 2277 0225 39       		.uleb128 0x39
 2278 0226 0B       		.uleb128 0xb
ARM GAS  /tmp/ccV2pjuU.s 			page 41


 2279 0227 49       		.uleb128 0x49
 2280 0228 13       		.uleb128 0x13
 2281 0229 3F       		.uleb128 0x3f
 2282 022a 19       		.uleb128 0x19
 2283 022b 3C       		.uleb128 0x3c
 2284 022c 19       		.uleb128 0x19
 2285 022d 00       		.byte	0
 2286 022e 00       		.byte	0
 2287 022f 26       		.uleb128 0x26
 2288 0230 34       		.uleb128 0x34
 2289 0231 00       		.byte	0
 2290 0232 47       		.uleb128 0x47
 2291 0233 13       		.uleb128 0x13
 2292 0234 3A       		.uleb128 0x3a
 2293 0235 0B       		.uleb128 0xb
 2294 0236 3B       		.uleb128 0x3b
 2295 0237 0B       		.uleb128 0xb
 2296 0238 39       		.uleb128 0x39
 2297 0239 0B       		.uleb128 0xb
 2298 023a 02       		.uleb128 0x2
 2299 023b 18       		.uleb128 0x18
 2300 023c 00       		.byte	0
 2301 023d 00       		.byte	0
 2302 023e 27       		.uleb128 0x27
 2303 023f 2E       		.uleb128 0x2e
 2304 0240 01       		.byte	0x1
 2305 0241 3F       		.uleb128 0x3f
 2306 0242 19       		.uleb128 0x19
 2307 0243 03       		.uleb128 0x3
 2308 0244 0E       		.uleb128 0xe
 2309 0245 3A       		.uleb128 0x3a
 2310 0246 0B       		.uleb128 0xb
 2311 0247 3B       		.uleb128 0x3b
 2312 0248 05       		.uleb128 0x5
 2313 0249 39       		.uleb128 0x39
 2314 024a 0B       		.uleb128 0xb
 2315 024b 27       		.uleb128 0x27
 2316 024c 19       		.uleb128 0x19
 2317 024d 3C       		.uleb128 0x3c
 2318 024e 19       		.uleb128 0x19
 2319 024f 01       		.uleb128 0x1
 2320 0250 13       		.uleb128 0x13
 2321 0251 00       		.byte	0
 2322 0252 00       		.byte	0
 2323 0253 28       		.uleb128 0x28
 2324 0254 05       		.uleb128 0x5
 2325 0255 00       		.byte	0
 2326 0256 03       		.uleb128 0x3
 2327 0257 08       		.uleb128 0x8
 2328 0258 3A       		.uleb128 0x3a
 2329 0259 0B       		.uleb128 0xb
 2330 025a 3B       		.uleb128 0x3b
 2331 025b 0B       		.uleb128 0xb
 2332 025c 39       		.uleb128 0x39
 2333 025d 0B       		.uleb128 0xb
 2334 025e 49       		.uleb128 0x49
 2335 025f 13       		.uleb128 0x13
ARM GAS  /tmp/ccV2pjuU.s 			page 42


 2336 0260 02       		.uleb128 0x2
 2337 0261 17       		.uleb128 0x17
 2338 0262 B742     		.uleb128 0x2137
 2339 0264 17       		.uleb128 0x17
 2340 0265 00       		.byte	0
 2341 0266 00       		.byte	0
 2342 0267 29       		.uleb128 0x29
 2343 0268 2E       		.uleb128 0x2e
 2344 0269 01       		.byte	0x1
 2345 026a 03       		.uleb128 0x3
 2346 026b 0E       		.uleb128 0xe
 2347 026c 3A       		.uleb128 0x3a
 2348 026d 0B       		.uleb128 0xb
 2349 026e 3B       		.uleb128 0x3b
 2350 026f 05       		.uleb128 0x5
 2351 0270 39       		.uleb128 0x39
 2352 0271 0B       		.uleb128 0xb
 2353 0272 27       		.uleb128 0x27
 2354 0273 19       		.uleb128 0x19
 2355 0274 20       		.uleb128 0x20
 2356 0275 0B       		.uleb128 0xb
 2357 0276 01       		.uleb128 0x1
 2358 0277 13       		.uleb128 0x13
 2359 0278 00       		.byte	0
 2360 0279 00       		.byte	0
 2361 027a 2A       		.uleb128 0x2a
 2362 027b 34       		.uleb128 0x34
 2363 027c 00       		.byte	0
 2364 027d 03       		.uleb128 0x3
 2365 027e 0E       		.uleb128 0xe
 2366 027f 49       		.uleb128 0x49
 2367 0280 13       		.uleb128 0x13
 2368 0281 34       		.uleb128 0x34
 2369 0282 19       		.uleb128 0x19
 2370 0283 02       		.uleb128 0x2
 2371 0284 18       		.uleb128 0x18
 2372 0285 00       		.byte	0
 2373 0286 00       		.byte	0
 2374 0287 2B       		.uleb128 0x2b
 2375 0288 2E       		.uleb128 0x2e
 2376 0289 01       		.byte	0x1
 2377 028a 03       		.uleb128 0x3
 2378 028b 0E       		.uleb128 0xe
 2379 028c 3A       		.uleb128 0x3a
 2380 028d 0B       		.uleb128 0xb
 2381 028e 3B       		.uleb128 0x3b
 2382 028f 05       		.uleb128 0x5
 2383 0290 39       		.uleb128 0x39
 2384 0291 0B       		.uleb128 0xb
 2385 0292 27       		.uleb128 0x27
 2386 0293 19       		.uleb128 0x19
 2387 0294 20       		.uleb128 0x20
 2388 0295 0B       		.uleb128 0xb
 2389 0296 00       		.byte	0
 2390 0297 00       		.byte	0
 2391 0298 2C       		.uleb128 0x2c
 2392 0299 05       		.uleb128 0x5
ARM GAS  /tmp/ccV2pjuU.s 			page 43


 2393 029a 00       		.byte	0
 2394 029b 03       		.uleb128 0x3
 2395 029c 0E       		.uleb128 0xe
 2396 029d 3A       		.uleb128 0x3a
 2397 029e 0B       		.uleb128 0xb
 2398 029f 3B       		.uleb128 0x3b
 2399 02a0 05       		.uleb128 0x5
 2400 02a1 39       		.uleb128 0x39
 2401 02a2 0B       		.uleb128 0xb
 2402 02a3 49       		.uleb128 0x49
 2403 02a4 13       		.uleb128 0x13
 2404 02a5 00       		.byte	0
 2405 02a6 00       		.byte	0
 2406 02a7 00       		.byte	0
 2407              		.section	.debug_loclists,"",%progbits
 2408 0000 9A000000 		.4byte	.Ldebug_loc3-.Ldebug_loc2
 2409              	.Ldebug_loc2:
 2410 0004 0500     		.2byte	0x5
 2411 0006 04       		.byte	0x4
 2412 0007 00       		.byte	0
 2413 0008 00000000 		.4byte	0
 2414              	.Ldebug_loc0:
 2415              	.LVUS7:
 2416 000c 00       		.uleb128 0
 2417 000d 00       		.uleb128 .LVU63
 2418 000e 00       		.uleb128 .LVU63
 2419 000f 00       		.uleb128 .LVU66
 2420 0010 00       		.uleb128 .LVU66
 2421 0011 00       		.uleb128 0
 2422              	.LLST7:
 2423 0012 06       		.byte	0x6
 2424 0013 00000000 		.4byte	.LVL11
 2425 0017 04       		.byte	0x4
 2426 0018 00       		.uleb128 .LVL11-.LVL11
 2427 0019 0F       		.uleb128 .LVL13-1-.LVL11
 2428 001a 01       		.uleb128 0x1
 2429 001b 50       		.byte	0x50
 2430 001c 04       		.byte	0x4
 2431 001d 0F       		.uleb128 .LVL13-1-.LVL11
 2432 001e 12       		.uleb128 .LVL14-.LVL11
 2433 001f 01       		.uleb128 0x1
 2434 0020 54       		.byte	0x54
 2435 0021 04       		.byte	0x4
 2436 0022 12       		.uleb128 .LVL14-.LVL11
 2437 0023 50       		.uleb128 .LFE187-.LVL11
 2438 0024 0A       		.uleb128 0xa
 2439 0025 A3       		.byte	0xa3
 2440 0026 03       		.uleb128 0x3
 2441 0027 A5       		.byte	0xa5
 2442 0028 00       		.uleb128 0
 2443 0029 26       		.uleb128 0x26
 2444 002a A8       		.byte	0xa8
 2445 002b 2D       		.uleb128 0x2d
 2446 002c A8       		.byte	0xa8
 2447 002d 00       		.uleb128 0
 2448 002e 9F       		.byte	0x9f
 2449 002f 00       		.byte	0
ARM GAS  /tmp/ccV2pjuU.s 			page 44


 2450              	.LVUS8:
 2451 0030 00       		.uleb128 .LVU66
 2452 0031 00       		.uleb128 .LVU97
 2453 0032 00       		.uleb128 .LVU97
 2454 0033 00       		.uleb128 0
 2455              	.LLST8:
 2456 0034 06       		.byte	0x6
 2457 0035 12000000 		.4byte	.LVL14
 2458 0039 04       		.byte	0x4
 2459 003a 00       		.uleb128 .LVL14-.LVL14
 2460 003b 34       		.uleb128 .LVL22-.LVL14
 2461 003c 01       		.uleb128 0x1
 2462 003d 54       		.byte	0x54
 2463 003e 04       		.byte	0x4
 2464 003f 34       		.uleb128 .LVL22-.LVL14
 2465 0040 3E       		.uleb128 .LFE187-.LVL14
 2466 0041 01       		.uleb128 0x1
 2467 0042 50       		.byte	0x50
 2468 0043 00       		.byte	0
 2469              	.LVUS11:
 2470 0044 07       		.uleb128 .LVU53
 2471 0045 00       		.uleb128 .LVU58
 2472              	.LLST11:
 2473 0046 08       		.byte	0x8
 2474 0047 00000000 		.4byte	.LVL11
 2475 004b 0A       		.uleb128 .LVL12-.LVL11
 2476 004c 03       		.uleb128 0x3
 2477 004d 08       		.byte	0x8
 2478 004e 20       		.byte	0x20
 2479 004f 9F       		.byte	0x9f
 2480 0050 00       		.byte	0
 2481              	.LVUS14:
 2482 0051 04       		.uleb128 .LVU82
 2483 0052 00       		.uleb128 .LVU84
 2484 0053 04       		.uleb128 .LVU92
 2485 0054 00       		.uleb128 .LVU94
 2486              	.LLST14:
 2487 0055 06       		.byte	0x6
 2488 0056 2C000000 		.4byte	.LVL17
 2489 005a 04       		.byte	0x4
 2490 005b 00       		.uleb128 .LVL17-.LVL17
 2491 005c 06       		.uleb128 .LVL18-.LVL17
 2492 005d 02       		.uleb128 0x2
 2493 005e 30       		.byte	0x30
 2494 005f 9F       		.byte	0x9f
 2495 0060 04       		.byte	0x4
 2496 0061 10       		.uleb128 .LVL20-.LVL17
 2497 0062 16       		.uleb128 .LVL21-.LVL17
 2498 0063 02       		.uleb128 0x2
 2499 0064 30       		.byte	0x30
 2500 0065 9F       		.byte	0x9f
 2501 0066 00       		.byte	0
 2502              	.LVUS0:
 2503 0067 00       		.uleb128 .LVU18
 2504 0068 00       		.uleb128 .LVU45
 2505 0069 00       		.uleb128 .LVU45
 2506 006a 00       		.uleb128 0
ARM GAS  /tmp/ccV2pjuU.s 			page 45


 2507              	.LLST0:
 2508 006b 06       		.byte	0x6
 2509 006c 10000000 		.4byte	.LVL3
 2510 0070 04       		.byte	0x4
 2511 0071 00       		.uleb128 .LVL3-.LVL3
 2512 0072 2E       		.uleb128 .LVL10-.LVL3
 2513 0073 01       		.uleb128 0x1
 2514 0074 55       		.byte	0x55
 2515 0075 04       		.byte	0x4
 2516 0076 2E       		.uleb128 .LVL10-.LVL3
 2517 0077 38       		.uleb128 .LFE186-.LVL3
 2518 0078 01       		.uleb128 0x1
 2519 0079 50       		.byte	0x50
 2520 007a 00       		.byte	0
 2521              	.LVUS3:
 2522 007b 07       		.uleb128 .LVU7
 2523 007c 00       		.uleb128 .LVU11
 2524              	.LLST3:
 2525 007d 08       		.byte	0x8
 2526 007e 00000000 		.4byte	.LVL0
 2527 0082 08       		.uleb128 .LVL1-.LVL0
 2528 0083 03       		.uleb128 0x3
 2529 0084 08       		.byte	0x8
 2530 0085 20       		.byte	0x20
 2531 0086 9F       		.byte	0x9f
 2532 0087 00       		.byte	0
 2533              	.LVUS6:
 2534 0088 04       		.uleb128 .LVU30
 2535 0089 00       		.uleb128 .LVU32
 2536 008a 04       		.uleb128 .LVU40
 2537 008b 00       		.uleb128 .LVU42
 2538              	.LLST6:
 2539 008c 06       		.byte	0x6
 2540 008d 24000000 		.4byte	.LVL5
 2541 0091 04       		.byte	0x4
 2542 0092 00       		.uleb128 .LVL5-.LVL5
 2543 0093 06       		.uleb128 .LVL6-.LVL5
 2544 0094 02       		.uleb128 0x2
 2545 0095 30       		.byte	0x30
 2546 0096 9F       		.byte	0x9f
 2547 0097 04       		.byte	0x4
 2548 0098 10       		.uleb128 .LVL8-.LVL5
 2549 0099 16       		.uleb128 .LVL9-.LVL5
 2550 009a 02       		.uleb128 0x2
 2551 009b 30       		.byte	0x30
 2552 009c 9F       		.byte	0x9f
 2553 009d 00       		.byte	0
 2554              	.Ldebug_loc3:
 2555              		.section	.debug_aranges,"",%progbits
 2556 0000 24000000 		.4byte	0x24
 2557 0004 0200     		.2byte	0x2
 2558 0006 00000000 		.4byte	.Ldebug_info0
 2559 000a 04       		.byte	0x4
 2560 000b 00       		.byte	0
 2561 000c 0000     		.2byte	0
 2562 000e 0000     		.2byte	0
 2563 0010 00000000 		.4byte	.LFB186
ARM GAS  /tmp/ccV2pjuU.s 			page 46


 2564 0014 48000000 		.4byte	.LFE186-.LFB186
 2565 0018 00000000 		.4byte	.LFB187
 2566 001c 50000000 		.4byte	.LFE187-.LFB187
 2567 0020 00000000 		.4byte	0
 2568 0024 00000000 		.4byte	0
 2569              		.section	.debug_rnglists,"",%progbits
 2570              	.Ldebug_ranges0:
 2571 0000 7E000000 		.4byte	.Ldebug_ranges3-.Ldebug_ranges2
 2572              	.Ldebug_ranges2:
 2573 0004 0500     		.2byte	0x5
 2574 0006 04       		.byte	0x4
 2575 0007 00       		.byte	0
 2576 0008 00000000 		.4byte	0
 2577              	.LLRL1:
 2578 000c 05       		.byte	0x5
 2579 000d 00000000 		.4byte	.LBB34
 2580 0011 04       		.byte	0x4
 2581 0012 00       		.uleb128 .LBB34-.LBB34
 2582 0013 00       		.uleb128 .LBE34-.LBB34
 2583 0014 04       		.byte	0x4
 2584 0015 02       		.uleb128 .LBB44-.LBB34
 2585 0016 08       		.uleb128 .LBE44-.LBB34
 2586 0017 04       		.byte	0x4
 2587 0018 0A       		.uleb128 .LBB45-.LBB34
 2588 0019 0E       		.uleb128 .LBE45-.LBB34
 2589 001a 00       		.byte	0
 2590              	.LLRL2:
 2591 001b 05       		.byte	0x5
 2592 001c 00000000 		.4byte	.LBB36
 2593 0020 04       		.byte	0x4
 2594 0021 00       		.uleb128 .LBB36-.LBB36
 2595 0022 00       		.uleb128 .LBE36-.LBB36
 2596 0023 04       		.byte	0x4
 2597 0024 02       		.uleb128 .LBB41-.LBB36
 2598 0025 08       		.uleb128 .LBE41-.LBB36
 2599 0026 00       		.byte	0
 2600              	.LLRL4:
 2601 0027 05       		.byte	0x5
 2602 0028 10000000 		.4byte	.LBB46
 2603 002c 04       		.byte	0x4
 2604 002d 00       		.uleb128 .LBB46-.LBB46
 2605 002e 1A       		.uleb128 .LBE46-.LBB46
 2606 002f 04       		.byte	0x4
 2607 0030 1E       		.uleb128 .LBB55-.LBB46
 2608 0031 2A       		.uleb128 .LBE55-.LBB46
 2609 0032 00       		.byte	0
 2610              	.LLRL5:
 2611 0033 05       		.byte	0x5
 2612 0034 24000000 		.4byte	.LBB48
 2613 0038 04       		.byte	0x4
 2614 0039 00       		.uleb128 .LBB48-.LBB48
 2615 003a 06       		.uleb128 .LBE48-.LBB48
 2616 003b 04       		.byte	0x4
 2617 003c 10       		.uleb128 .LBB53-.LBB48
 2618 003d 16       		.uleb128 .LBE53-.LBB48
 2619 003e 00       		.byte	0
 2620              	.LLRL9:
ARM GAS  /tmp/ccV2pjuU.s 			page 47


 2621 003f 05       		.byte	0x5
 2622 0040 00000000 		.4byte	.LBB66
 2623 0044 04       		.byte	0x4
 2624 0045 00       		.uleb128 .LBB66-.LBB66
 2625 0046 00       		.uleb128 .LBE66-.LBB66
 2626 0047 04       		.byte	0x4
 2627 0048 04       		.uleb128 .LBB76-.LBB66
 2628 0049 0A       		.uleb128 .LBE76-.LBB66
 2629 004a 04       		.byte	0x4
 2630 004b 0C       		.uleb128 .LBB77-.LBB66
 2631 004c 10       		.uleb128 .LBE77-.LBB66
 2632 004d 00       		.byte	0
 2633              	.LLRL10:
 2634 004e 05       		.byte	0x5
 2635 004f 00000000 		.4byte	.LBB68
 2636 0053 04       		.byte	0x4
 2637 0054 00       		.uleb128 .LBB68-.LBB68
 2638 0055 00       		.uleb128 .LBE68-.LBB68
 2639 0056 04       		.byte	0x4
 2640 0057 04       		.uleb128 .LBB73-.LBB68
 2641 0058 0A       		.uleb128 .LBE73-.LBB68
 2642 0059 00       		.byte	0
 2643              	.LLRL12:
 2644 005a 05       		.byte	0x5
 2645 005b 12000000 		.4byte	.LBB78
 2646 005f 04       		.byte	0x4
 2647 0060 00       		.uleb128 .LBB78-.LBB78
 2648 0061 06       		.uleb128 .LBE78-.LBB78
 2649 0062 04       		.byte	0x4
 2650 0063 0C       		.uleb128 .LBB88-.LBB78
 2651 0064 20       		.uleb128 .LBE88-.LBB78
 2652 0065 04       		.byte	0x4
 2653 0066 24       		.uleb128 .LBB89-.LBB78
 2654 0067 30       		.uleb128 .LBE89-.LBB78
 2655 0068 00       		.byte	0
 2656              	.LLRL13:
 2657 0069 05       		.byte	0x5
 2658 006a 2C000000 		.4byte	.LBB80
 2659 006e 04       		.byte	0x4
 2660 006f 00       		.uleb128 .LBB80-.LBB80
 2661 0070 06       		.uleb128 .LBE80-.LBB80
 2662 0071 04       		.byte	0x4
 2663 0072 10       		.uleb128 .LBB85-.LBB80
 2664 0073 16       		.uleb128 .LBE85-.LBB80
 2665 0074 00       		.byte	0
 2666              	.LLRL15:
 2667 0075 07       		.byte	0x7
 2668 0076 00000000 		.4byte	.LFB186
 2669 007a 48       		.uleb128 .LFE186-.LFB186
 2670 007b 07       		.byte	0x7
 2671 007c 00000000 		.4byte	.LFB187
 2672 0080 50       		.uleb128 .LFE187-.LFB187
 2673 0081 00       		.byte	0
 2674              	.Ldebug_ranges3:
 2675              		.section	.debug_line,"",%progbits
 2676              	.Ldebug_line0:
 2677 0000 EF040000 		.section	.debug_str,"MS",%progbits,1
ARM GAS  /tmp/ccV2pjuU.s 			page 48


 2677      0300E902 
 2677      00000201 
 2677      FB0E0D00 
 2677      01010101 
 2678              	.LASF105:
 2679 0000 63665F6F 		.ascii	"cf_off_older\000"
 2679      66665F6F 
 2679      6C646572 
 2679      00
 2680              	.LASF45:
 2681 000d 72656164 		.ascii	"ready_list_t\000"
 2681      795F6C69 
 2681      73745F74 
 2681      00
 2682              	.LASF3:
 2683 001a 73697A65 		.ascii	"size_t\000"
 2683      5F7400
 2684              	.LASF81:
 2685 0021 7264796D 		.ascii	"rdymsg\000"
 2685      736700
 2686              	.LASF19:
 2687 0028 75696E74 		.ascii	"uint64_t\000"
 2687      36345F74 
 2687      00
 2688              	.LASF4:
 2689 0031 5F5F7569 		.ascii	"__uint8_t\000"
 2689      6E74385F 
 2689      7400
 2690              	.LASF78:
 2691 003b 706F7274 		.ascii	"port_intctx\000"
 2691      5F696E74 
 2691      63747800 
 2692              	.LASF64:
 2693 0047 73797374 		.ascii	"system_debug_t\000"
 2693      656D5F64 
 2693      65627567 
 2693      5F7400
 2694              	.LASF122:
 2695 0056 706F7274 		.ascii	"port_lock\000"
 2695      5F6C6F63 
 2695      6B00
 2696              	.LASF126:
 2697 0060 63685379 		.ascii	"chSysHalt\000"
 2697      7348616C 
 2697      7400
 2698              	.LASF0:
 2699 006a 6C6F6E67 		.ascii	"long long unsigned int\000"
 2699      206C6F6E 
 2699      6720756E 
 2699      7369676E 
 2699      65642069 
 2700              	.LASF101:
 2701 0081 63685F74 		.ascii	"ch_threadsize\000"
 2701      68726561 
 2701      6473697A 
 2701      6500
 2702              	.LASF82:
ARM GAS  /tmp/ccV2pjuU.s 			page 49


 2703 008f 65786974 		.ascii	"exitcode\000"
 2703      636F6465 
 2703      00
 2704              	.LASF73:
 2705 0098 6D61696E 		.ascii	"mainthread\000"
 2705      74687265 
 2705      616400
 2706              	.LASF119:
 2707 00a3 63685265 		.ascii	"chRegFirstThread\000"
 2707      67466972 
 2707      73745468 
 2707      72656164 
 2707      00
 2708              	.LASF44:
 2709 00b4 63685F74 		.ascii	"ch_threads_queue\000"
 2709      68726561 
 2709      64735F71 
 2709      75657565 
 2709      00
 2710              	.LASF31:
 2711 00c5 705F7072 		.ascii	"p_prio\000"
 2711      696F00
 2712              	.LASF108:
 2713 00cc 63665F6F 		.ascii	"cf_off_state\000"
 2713      66665F73 
 2713      74617465 
 2713      00
 2714              	.LASF115:
 2715 00d9 6D757465 		.ascii	"mutex_t\000"
 2715      785F7400 
 2716              	.LASF123:
 2717 00e1 474E5520 		.ascii	"GNU C99 13.2.1 20231009 -mcpu=cortex-m4 -mfpu=fpv4-"
 2717      43393920 
 2717      31332E32 
 2717      2E312032 
 2717      30323331 
 2718 0114 73702D64 		.ascii	"sp-d16 -mfloat-abi=hard -mfloat-abi=hard -mfpu=fpv4"
 2718      3136202D 
 2718      6D666C6F 
 2718      61742D61 
 2718      62693D68 
 2719 0147 2D73702D 		.ascii	"-sp-d16 -mno-thumb-interwork -mthumb -march=armv7e-"
 2719      64313620 
 2719      2D6D6E6F 
 2719      2D746875 
 2719      6D622D69 
 2720 017a 6D2B6670 		.ascii	"m+fp -ggdb -O2 -std=gnu99 -fomit-frame-pointer -fal"
 2720      202D6767 
 2720      6462202D 
 2720      4F32202D 
 2720      7374643D 
 2721 01ad 69676E2D 		.ascii	"ign-functions=16 -ffunction-sections -fdata-section"
 2721      66756E63 
 2721      74696F6E 
 2721      733D3136 
 2721      202D6666 
 2722 01e0 73202D66 		.ascii	"s -fno-common -fsingle-precision-constant\000"
ARM GAS  /tmp/ccV2pjuU.s 			page 50


 2722      6E6F2D63 
 2722      6F6D6D6F 
 2722      6E202D66 
 2722      73696E67 
 2723              	.LASF2:
 2724 020a 7369676E 		.ascii	"signed char\000"
 2724      65642063 
 2724      68617200 
 2725              	.LASF107:
 2726 0216 63665F6F 		.ascii	"cf_off_stklimit\000"
 2726      66665F73 
 2726      746B6C69 
 2726      6D697400 
 2727              	.LASF109:
 2728 0226 63665F6F 		.ascii	"cf_off_flags\000"
 2728      66665F66 
 2728      6C616773 
 2728      00
 2729              	.LASF91:
 2730 0233 6D5F7175 		.ascii	"m_queue\000"
 2730      65756500 
 2731              	.LASF72:
 2732 023b 76746C69 		.ascii	"vtlist\000"
 2732      737400
 2733              	.LASF121:
 2734 0242 706F7274 		.ascii	"port_unlock\000"
 2734      5F756E6C 
 2734      6F636B00 
 2735              	.LASF23:
 2736 024e 74736C69 		.ascii	"tslices_t\000"
 2736      6365735F 
 2736      7400
 2737              	.LASF125:
 2738 0258 2F686F6D 		.ascii	"/home/gunnar/code/rise_sdvp/Embedded/RTCM_Forwarder"
 2738      652F6775 
 2738      6E6E6172 
 2738      2F636F64 
 2738      652F7269 
 2739 028b 5F50726F 		.ascii	"_Project\000"
 2739      6A656374 
 2739      00
 2740              	.LASF84:
 2741 0294 77747472 		.ascii	"wttrp\000"
 2741      7000
 2742              	.LASF70:
 2743 029a 63685F73 		.ascii	"ch_system\000"
 2743      79737465 
 2743      6D00
 2744              	.LASF10:
 2745 02a4 6C6F6E67 		.ascii	"long int\000"
 2745      20696E74 
 2745      00
 2746              	.LASF22:
 2747 02ad 74737461 		.ascii	"tstate_t\000"
 2747      74655F74 
 2747      00
 2748              	.LASF113:
ARM GAS  /tmp/ccV2pjuU.s 			page 51


 2749 02b6 63686465 		.ascii	"chdebug_t\000"
 2749      6275675F 
 2749      7400
 2750              	.LASF33:
 2751 02c0 705F6E65 		.ascii	"p_newer\000"
 2751      77657200 
 2752              	.LASF88:
 2753 02c8 735F7175 		.ascii	"s_queue\000"
 2753      65756500 
 2754              	.LASF50:
 2755 02d0 725F6E65 		.ascii	"r_newer\000"
 2755      77657200 
 2756              	.LASF75:
 2757 02d8 72656761 		.ascii	"regarm_t\000"
 2757      726D5F74 
 2757      00
 2758              	.LASF57:
 2759 02e1 76745F70 		.ascii	"vt_prev\000"
 2759      72657600 
 2760              	.LASF13:
 2761 02e9 6C6F6E67 		.ascii	"long long int\000"
 2761      206C6F6E 
 2761      6720696E 
 2761      7400
 2762              	.LASF130:
 2763 02f7 76616C75 		.ascii	"value\000"
 2763      6500
 2764              	.LASF68:
 2765 02fd 6C6F636B 		.ascii	"lock_cnt\000"
 2765      5F636E74 
 2765      00
 2766              	.LASF74:
 2767 0306 69646C65 		.ascii	"idle_thread_wa\000"
 2767      5F746872 
 2767      6561645F 
 2767      776100
 2768              	.LASF26:
 2769 0315 636E745F 		.ascii	"cnt_t\000"
 2769      7400
 2770              	.LASF1:
 2771 031b 756E7369 		.ascii	"unsigned int\000"
 2771      676E6564 
 2771      20696E74 
 2771      00
 2772              	.LASF56:
 2773 0328 76745F6E 		.ascii	"vt_next\000"
 2773      65787400 
 2774              	.LASF16:
 2775 0330 75696E74 		.ascii	"uint16_t\000"
 2775      31365F74 
 2775      00
 2776              	.LASF85:
 2777 0339 77747365 		.ascii	"wtsemp\000"
 2777      6D7000
 2778              	.LASF114:
 2779 0340 63685F64 		.ascii	"ch_debug\000"
 2779      65627567 
ARM GAS  /tmp/ccV2pjuU.s 			page 52


 2779      00
 2780              	.LASF89:
 2781 0349 735F636E 		.ascii	"s_cnt\000"
 2781      7400
 2782              	.LASF8:
 2783 034f 73686F72 		.ascii	"short unsigned int\000"
 2783      7420756E 
 2783      7369676E 
 2783      65642069 
 2783      6E7400
 2784              	.LASF43:
 2785 0362 63685F74 		.ascii	"ch_thread\000"
 2785      68726561 
 2785      6400
 2786              	.LASF25:
 2787 036c 6D73675F 		.ascii	"msg_t\000"
 2787      7400
 2788              	.LASF69:
 2789 0372 63685F73 		.ascii	"ch_system_t\000"
 2789      79737465 
 2789      6D5F7400 
 2790              	.LASF112:
 2791 037e 63665F6F 		.ascii	"cf_off_time\000"
 2791      66665F74 
 2791      696D6500 
 2792              	.LASF46:
 2793 038a 63685F72 		.ascii	"ch_ready_list\000"
 2793      65616479 
 2793      5F6C6973 
 2793      7400
 2794              	.LASF9:
 2795 0398 5F5F696E 		.ascii	"__int32_t\000"
 2795      7433325F 
 2795      7400
 2796              	.LASF61:
 2797 03a2 76697274 		.ascii	"virtual_timers_list_t\000"
 2797      75616C5F 
 2797      74696D65 
 2797      72735F6C 
 2797      6973745F 
 2798              	.LASF76:
 2799 03b8 73746B61 		.ascii	"stkalign_t\000"
 2799      6C69676E 
 2799      5F7400
 2800              	.LASF96:
 2801 03c3 63685F7A 		.ascii	"ch_zero\000"
 2801      65726F00 
 2802              	.LASF110:
 2803 03cb 63665F6F 		.ascii	"cf_off_refs\000"
 2803      66665F72 
 2803      65667300 
 2804              	.LASF20:
 2805 03d7 7274636E 		.ascii	"rtcnt_t\000"
 2805      745F7400 
 2806              	.LASF117:
 2807 03df 5F646267 		.ascii	"_dbg_check_lock\000"
 2807      5F636865 
ARM GAS  /tmp/ccV2pjuU.s 			page 53


 2807      636B5F6C 
 2807      6F636B00 
 2808              	.LASF62:
 2809 03ef 63685F76 		.ascii	"ch_virtual_timers_list\000"
 2809      69727475 
 2809      616C5F74 
 2809      696D6572 
 2809      735F6C69 
 2810              	.LASF129:
 2811 0406 5F5F7365 		.ascii	"__set_BASEPRI\000"
 2811      745F4241 
 2811      53455052 
 2811      4900
 2812              	.LASF100:
 2813 0414 63685F74 		.ascii	"ch_timesize\000"
 2813      696D6573 
 2813      697A6500 
 2814              	.LASF106:
 2815 0420 63665F6F 		.ascii	"cf_off_name\000"
 2815      66665F6E 
 2815      616D6500 
 2816              	.LASF34:
 2817 042c 705F6F6C 		.ascii	"p_older\000"
 2817      64657200 
 2818              	.LASF49:
 2819 0434 725F6374 		.ascii	"r_ctx\000"
 2819      7800
 2820              	.LASF32:
 2821 043a 705F6374 		.ascii	"p_ctx\000"
 2821      7800
 2822              	.LASF80:
 2823 0440 746D5F63 		.ascii	"tm_calibration_t\000"
 2823      616C6962 
 2823      72617469 
 2823      6F6E5F74 
 2823      00
 2824              	.LASF52:
 2825 0451 725F6375 		.ascii	"r_current\000"
 2825      7272656E 
 2825      7400
 2826              	.LASF51:
 2827 045b 725F6F6C 		.ascii	"r_older\000"
 2827      64657200 
 2828              	.LASF14:
 2829 0463 5F5F7569 		.ascii	"__uint64_t\000"
 2829      6E743634 
 2829      5F7400
 2830              	.LASF99:
 2831 046e 63685F70 		.ascii	"ch_ptrsize\000"
 2831      74727369 
 2831      7A6500
 2832              	.LASF54:
 2833 0479 76697274 		.ascii	"virtual_timer_t\000"
 2833      75616C5F 
 2833      74696D65 
 2833      725F7400 
 2834              	.LASF30:
ARM GAS  /tmp/ccV2pjuU.s 			page 54


 2835 0489 705F7072 		.ascii	"p_prev\000"
 2835      657600
 2836              	.LASF24:
 2837 0490 74707269 		.ascii	"tprio_t\000"
 2837      6F5F7400 
 2838              	.LASF65:
 2839 0498 63685F73 		.ascii	"ch_system_debug\000"
 2839      79737465 
 2839      6D5F6465 
 2839      62756700 
 2840              	.LASF17:
 2841 04a8 696E7433 		.ascii	"int32_t\000"
 2841      325F7400 
 2842              	.LASF5:
 2843 04b0 756E7369 		.ascii	"unsigned char\000"
 2843      676E6564 
 2843      20636861 
 2843      7200
 2844              	.LASF39:
 2845 04be 705F6D74 		.ascii	"p_mtxlist\000"
 2845      786C6973 
 2845      7400
 2846              	.LASF6:
 2847 04c8 73686F72 		.ascii	"short int\000"
 2847      7420696E 
 2847      7400
 2848              	.LASF36:
 2849 04d2 705F7374 		.ascii	"p_state\000"
 2849      61746500 
 2850              	.LASF38:
 2851 04da 705F7072 		.ascii	"p_preempt\000"
 2851      65656D70 
 2851      7400
 2852              	.LASF48:
 2853 04e4 725F7072 		.ascii	"r_prio\000"
 2853      696F00
 2854              	.LASF29:
 2855 04eb 705F6E65 		.ascii	"p_next\000"
 2855      787400
 2856              	.LASF21:
 2857 04f2 746D6F64 		.ascii	"tmode_t\000"
 2857      655F7400 
 2858              	.LASF111:
 2859 04fa 63665F6F 		.ascii	"cf_off_preempt\000"
 2859      66665F70 
 2859      7265656D 
 2859      707400
 2860              	.LASF37:
 2861 0509 705F666C 		.ascii	"p_flags\000"
 2861      61677300 
 2862              	.LASF128:
 2863 0511 5F5F6675 		.ascii	"__func__\000"
 2863      6E635F5F 
 2863      00
 2864              	.LASF120:
 2865 051a 63685379 		.ascii	"chSysLock\000"
 2865      734C6F63 
ARM GAS  /tmp/ccV2pjuU.s 			page 55


 2865      6B00
 2866              	.LASF42:
 2867 0524 74687265 		.ascii	"threads_queue_t\000"
 2867      6164735F 
 2867      71756575 
 2867      655F7400 
 2868              	.LASF55:
 2869 0534 63685F76 		.ascii	"ch_virtual_timer\000"
 2869      69727475 
 2869      616C5F74 
 2869      696D6572 
 2869      00
 2870              	.LASF104:
 2871 0545 63665F6F 		.ascii	"cf_off_newer\000"
 2871      66665F6E 
 2871      65776572 
 2871      00
 2872              	.LASF87:
 2873 0552 63685F73 		.ascii	"ch_semaphore\000"
 2873      656D6170 
 2873      686F7265 
 2873      00
 2874              	.LASF18:
 2875 055f 75696E74 		.ascii	"uint32_t\000"
 2875      33325F74 
 2875      00
 2876              	.LASF102:
 2877 0568 63665F6F 		.ascii	"cf_off_prio\000"
 2877      66665F70 
 2877      72696F00 
 2878              	.LASF47:
 2879 0574 725F7175 		.ascii	"r_queue\000"
 2879      65756500 
 2880              	.LASF58:
 2881 057c 76745F64 		.ascii	"vt_delta\000"
 2881      656C7461 
 2881      00
 2882              	.LASF97:
 2883 0585 63685F73 		.ascii	"ch_size\000"
 2883      697A6500 
 2884              	.LASF12:
 2885 058d 6C6F6E67 		.ascii	"long unsigned int\000"
 2885      20756E73 
 2885      69676E65 
 2885      6420696E 
 2885      7400
 2886              	.LASF94:
 2887 059f 63686172 		.ascii	"char\000"
 2887      00
 2888              	.LASF118:
 2889 05a4 63685265 		.ascii	"chRegNextThread\000"
 2889      674E6578 
 2889      74546872 
 2889      65616400 
 2890              	.LASF86:
 2891 05b4 77746D74 		.ascii	"wtmtxp\000"
 2891      787000
ARM GAS  /tmp/ccV2pjuU.s 			page 56


 2892              	.LASF7:
 2893 05bb 5F5F7569 		.ascii	"__uint16_t\000"
 2893      6E743136 
 2893      5F7400
 2894              	.LASF28:
 2895 05c6 74687265 		.ascii	"thread_t\000"
 2895      61645F74 
 2895      00
 2896              	.LASF93:
 2897 05cf 6D5F6E65 		.ascii	"m_next\000"
 2897      787400
 2898              	.LASF27:
 2899 05d6 73797374 		.ascii	"systime_t\000"
 2899      696D655F 
 2899      7400
 2900              	.LASF40:
 2901 05e0 705F7265 		.ascii	"p_realprio\000"
 2901      616C7072 
 2901      696F00
 2902              	.LASF53:
 2903 05eb 76746675 		.ascii	"vtfunc_t\000"
 2903      6E635F74 
 2903      00
 2904              	.LASF11:
 2905 05f4 5F5F7569 		.ascii	"__uint32_t\000"
 2905      6E743332 
 2905      5F7400
 2906              	.LASF124:
 2907 05ff 2E2E2F52 		.ascii	"../RC_Controller/ChibiOS_3.0.5/os/rt/src/chregistry"
 2907      435F436F 
 2907      6E74726F 
 2907      6C6C6572 
 2907      2F436869 
 2908 0632 2E6300   		.ascii	".c\000"
 2909              	.LASF66:
 2910 0635 70616E69 		.ascii	"panic_msg\000"
 2910      635F6D73 
 2910      6700
 2911              	.LASF79:
 2912 063f 6F666673 		.ascii	"offset\000"
 2912      657400
 2913              	.LASF77:
 2914 0646 636F6E74 		.ascii	"context\000"
 2914      65787400 
 2915              	.LASF60:
 2916 064e 76745F70 		.ascii	"vt_par\000"
 2916      617200
 2917              	.LASF103:
 2918 0655 63665F6F 		.ascii	"cf_off_ctx\000"
 2918      66665F63 
 2918      747800
 2919              	.LASF90:
 2920 0660 63685F6D 		.ascii	"ch_mutex\000"
 2920      75746578 
 2920      00
 2921              	.LASF67:
 2922 0669 6973725F 		.ascii	"isr_cnt\000"
ARM GAS  /tmp/ccV2pjuU.s 			page 57


 2922      636E7400 
 2923              	.LASF71:
 2924 0671 726C6973 		.ascii	"rlist\000"
 2924      7400
 2925              	.LASF15:
 2926 0677 75696E74 		.ascii	"uint8_t\000"
 2926      385F7400 
 2927              	.LASF116:
 2928 067f 5F646267 		.ascii	"_dbg_check_unlock\000"
 2928      5F636865 
 2928      636B5F75 
 2928      6E6C6F63 
 2928      6B00
 2929              	.LASF41:
 2930 0691 74687265 		.ascii	"thread_reference_t\000"
 2930      61645F72 
 2930      65666572 
 2930      656E6365 
 2930      5F7400
 2931              	.LASF83:
 2932 06a4 77746F62 		.ascii	"wtobjp\000"
 2932      6A7000
 2933              	.LASF35:
 2934 06ab 705F6E61 		.ascii	"p_name\000"
 2934      6D6500
 2935              	.LASF63:
 2936 06b2 76745F73 		.ascii	"vt_systime\000"
 2936      79737469 
 2936      6D6500
 2937              	.LASF127:
 2938 06bd 63685379 		.ascii	"chSysUnlock\000"
 2938      73556E6C 
 2938      6F636B00 
 2939              	.LASF98:
 2940 06c9 63685F76 		.ascii	"ch_version\000"
 2940      65727369 
 2940      6F6E00
 2941              	.LASF92:
 2942 06d4 6D5F6F77 		.ascii	"m_owner\000"
 2942      6E657200 
 2943              	.LASF95:
 2944 06dc 63685F69 		.ascii	"ch_identifier\000"
 2944      64656E74 
 2944      69666965 
 2944      7200
 2945              	.LASF59:
 2946 06ea 76745F66 		.ascii	"vt_func\000"
 2946      756E6300 
 2947              		.ident	"GCC: (Arm GNU Toolchain 13.2.rel1 (Build arm-13.7)) 13.2.1 20231009"
ARM GAS  /tmp/ccV2pjuU.s 			page 58


DEFINED SYMBOLS
                            *ABS*:00000000 chregistry.c
     /tmp/ccV2pjuU.s:21     .text.chRegFirstThread:00000000 $t
     /tmp/ccV2pjuU.s:28     .text.chRegFirstThread:00000000 chRegFirstThread
     /tmp/ccV2pjuU.s:193    .text.chRegFirstThread:00000040 $d
     /tmp/ccV2pjuU.s:392    .rodata.__func__.0:00000000 __func__.0
     /tmp/ccV2pjuU.s:199    .text.chRegNextThread:00000000 $t
     /tmp/ccV2pjuU.s:206    .text.chRegNextThread:00000000 chRegNextThread
     /tmp/ccV2pjuU.s:383    .text.chRegNextThread:00000048 $d
     /tmp/ccV2pjuU.s:389    .rodata.__func__.0:00000000 $d
     /tmp/ccV2pjuU.s:399    .rodata.ch_debug:00000000 ch_debug
     /tmp/ccV2pjuU.s:396    .rodata.ch_debug:00000000 $d

UNDEFINED SYMBOLS
_dbg_check_lock
_dbg_check_unlock
chSysHalt
ch
