ARM GAS  /tmp/ccQ7MHSf.s 			page 1


   1              		.cpu cortex-m4
   2              		.arch armv7e-m
   3              		.fpu fpv4-sp-d16
   4              		.eabi_attribute 27, 1
   5              		.eabi_attribute 28, 1
   6              		.eabi_attribute 20, 1
   7              		.eabi_attribute 21, 1
   8              		.eabi_attribute 23, 3
   9              		.eabi_attribute 24, 1
  10              		.eabi_attribute 25, 1
  11              		.eabi_attribute 26, 1
  12              		.eabi_attribute 30, 2
  13              		.eabi_attribute 34, 1
  14              		.eabi_attribute 18, 4
  15              		.file	"chschd.c"
  16              		.text
  17              	.Ltext0:
  18              		.cfi_sections	.debug_frame
  19              		.file 1 "../RC_Controller/ChibiOS_3.0.5/os/rt/src/chschd.c"
  20              		.section	.text._scheduler_init,"ax",%progbits
  21              		.align	1
  22              		.p2align 4,,15
  23              		.global	_scheduler_init
  24              		.syntax unified
  25              		.thumb
  26              		.thumb_func
  27              		.type	_scheduler_init, %function
  28              	_scheduler_init:
  29              	.LFB186:
  30              		.loc 1 65 28 view -0
  31              		.cfi_startproc
  32              		@ args = 0, pretend = 0, frame = 0
  33              		@ frame_needed = 0, uses_anonymous_args = 0
  34              		@ link register save eliminated.
  35 0000 034B     		ldr	r3, .L3
  36              		.loc 1 67 3 view .LVU1
  37              	.LVL0:
  38              	.LBB60:
  39              	.LBI60:
  40              		.file 2 "../RC_Controller/ChibiOS_3.0.5/os/rt/include/chschd.h"
  41              		.loc 2 602 20 view .LVU2
  42              	.LBB61:
  43              		.loc 2 604 3 view .LVU3
  44              		.loc 2 605 3 view .LVU4
  45              	.LBE61:
  46              	.LBE60:
  47              		.loc 1 68 19 is_stmt 0 view .LVU5
  48 0002 0022     		movs	r2, #0
  49              	.LBB63:
  50              	.LBB62:
  51              		.loc 2 604 15 view .LVU6
  52 0004 C3E90033 		strd	r3, r3, [r3]
  53              	.LVL1:
  54              		.loc 2 604 15 view .LVU7
  55              	.LBE62:
  56              	.LBE63:
  57              		.loc 1 68 3 is_stmt 1 view .LVU8
ARM GAS  /tmp/ccQ7MHSf.s 			page 2


  58              		.loc 1 70 20 is_stmt 0 view .LVU9
  59 0008 C3E90433 		strd	r3, r3, [r3, #16]
  60              		.loc 1 68 19 view .LVU10
  61 000c 9A60     		str	r2, [r3, #8]
  62              		.loc 1 70 3 is_stmt 1 view .LVU11
  63              		.loc 1 71 3 view .LVU12
  64              		.loc 1 73 1 is_stmt 0 view .LVU13
  65 000e 7047     		bx	lr
  66              	.L4:
  67              		.align	2
  68              	.L3:
  69 0010 00000000 		.word	ch
  70              		.cfi_endproc
  71              	.LFE186:
  72              		.size	_scheduler_init, .-_scheduler_init
  73              		.section	.text.queue_prio_insert,"ax",%progbits
  74              		.align	1
  75              		.p2align 4,,15
  76              		.global	queue_prio_insert
  77              		.syntax unified
  78              		.thumb
  79              		.thumb_func
  80              		.type	queue_prio_insert, %function
  81              	queue_prio_insert:
  82              	.LVL2:
  83              	.LFB187:
  84              		.loc 1 86 60 is_stmt 1 view -0
  85              		.cfi_startproc
  86              		@ args = 0, pretend = 0, frame = 0
  87              		@ frame_needed = 0, uses_anonymous_args = 0
  88              		@ link register save eliminated.
  89              		.loc 1 88 3 view .LVU15
  90              		.loc 1 86 60 is_stmt 0 view .LVU16
  91 0000 10B4     		push	{r4}
  92              		.cfi_def_cfa_offset 4
  93              		.cfi_offset 4, -4
  94              		.loc 1 88 13 view .LVU17
  95 0002 0B46     		mov	r3, r1
  96 0004 03E0     		b	.L7
  97              	.LVL3:
  98              	.L10:
  99              		.loc 1 91 36 discriminator 1 view .LVU18
 100 0006 8268     		ldr	r2, [r0, #8]
 101 0008 9C68     		ldr	r4, [r3, #8]
 102 000a 9442     		cmp	r4, r2
 103 000c 02D3     		bcc	.L6
 104              	.L7:
 105              		.loc 1 89 3 is_stmt 1 view .LVU19
 106              		.loc 1 90 5 view .LVU20
 107              		.loc 1 90 8 is_stmt 0 view .LVU21
 108 000e 1B68     		ldr	r3, [r3]
 109              	.LVL4:
 110              		.loc 1 91 36 is_stmt 1 discriminator 2 view .LVU22
 111 0010 9942     		cmp	r1, r3
 112 0012 F8D1     		bne	.L10
 113              	.L6:
 114              		.loc 1 92 3 view .LVU23
ARM GAS  /tmp/ccQ7MHSf.s 			page 3


 115              		.loc 1 93 18 is_stmt 0 view .LVU24
 116 0014 5A68     		ldr	r2, [r3, #4]
 117              		.loc 1 96 1 view .LVU25
 118 0016 5DF8044B 		ldr	r4, [sp], #4
 119              		.cfi_restore 4
 120              		.cfi_def_cfa_offset 0
 121              		.loc 1 93 14 view .LVU26
 122 001a C0E90032 		strd	r3, r2, [r0]
 123              		.loc 1 94 3 is_stmt 1 view .LVU27
 124              		.loc 1 94 22 is_stmt 0 view .LVU28
 125 001e 1060     		str	r0, [r2]
 126              		.loc 1 95 3 is_stmt 1 view .LVU29
 127              		.loc 1 95 14 is_stmt 0 view .LVU30
 128 0020 5860     		str	r0, [r3, #4]
 129              		.loc 1 96 1 view .LVU31
 130 0022 7047     		bx	lr
 131              		.cfi_endproc
 132              	.LFE187:
 133              		.size	queue_prio_insert, .-queue_prio_insert
 134              		.section	.text.queue_insert,"ax",%progbits
 135              		.align	1
 136              		.p2align 4,,15
 137              		.global	queue_insert
 138              		.syntax unified
 139              		.thumb
 140              		.thumb_func
 141              		.type	queue_insert, %function
 142              	queue_insert:
 143              	.LVL5:
 144              	.LFB188:
 145              		.loc 1 106 55 is_stmt 1 view -0
 146              		.cfi_startproc
 147              		@ args = 0, pretend = 0, frame = 0
 148              		@ frame_needed = 0, uses_anonymous_args = 0
 149              		@ link register save eliminated.
 150              		.loc 1 108 3 view .LVU33
 151              		.loc 1 109 19 is_stmt 0 view .LVU34
 152 0000 4B68     		ldr	r3, [r1, #4]
 153              		.loc 1 109 14 view .LVU35
 154 0002 C0E90013 		strd	r1, r3, [r0]
 155              		.loc 1 110 3 is_stmt 1 view .LVU36
 156              		.loc 1 110 22 is_stmt 0 view .LVU37
 157 0006 1860     		str	r0, [r3]
 158              		.loc 1 111 3 is_stmt 1 view .LVU38
 159              		.loc 1 111 15 is_stmt 0 view .LVU39
 160 0008 4860     		str	r0, [r1, #4]
 161              		.loc 1 112 1 view .LVU40
 162 000a 7047     		bx	lr
 163              		.cfi_endproc
 164              	.LFE188:
 165              		.size	queue_insert, .-queue_insert
 166              		.section	.text.queue_fifo_remove,"ax",%progbits
 167              		.align	1
 168              		.p2align 4,,15
 169              		.global	queue_fifo_remove
 170              		.syntax unified
 171              		.thumb
ARM GAS  /tmp/ccQ7MHSf.s 			page 4


 172              		.thumb_func
 173              		.type	queue_fifo_remove, %function
 174              	queue_fifo_remove:
 175              	.LVL6:
 176              	.LFB189:
 177              		.loc 1 124 51 is_stmt 1 view -0
 178              		.cfi_startproc
 179              		@ args = 0, pretend = 0, frame = 0
 180              		@ frame_needed = 0, uses_anonymous_args = 0
 181              		@ link register save eliminated.
 182              		.loc 1 125 3 view .LVU42
 183              		.loc 1 124 51 is_stmt 0 view .LVU43
 184 0000 0346     		mov	r3, r0
 185              		.loc 1 125 13 view .LVU44
 186 0002 0068     		ldr	r0, [r0]
 187              	.LVL7:
 188              		.loc 1 127 3 is_stmt 1 view .LVU45
 189              		.loc 1 127 19 is_stmt 0 view .LVU46
 190 0004 0268     		ldr	r2, [r0]
 191              		.loc 1 127 15 view .LVU47
 192 0006 1A60     		str	r2, [r3]
 193              		.loc 1 128 3 is_stmt 1 view .LVU48
 194              		.loc 1 128 23 is_stmt 0 view .LVU49
 195 0008 5360     		str	r3, [r2, #4]
 196              		.loc 1 130 3 is_stmt 1 view .LVU50
 197              		.loc 1 131 1 is_stmt 0 view .LVU51
 198 000a 7047     		bx	lr
 199              		.cfi_endproc
 200              	.LFE189:
 201              		.size	queue_fifo_remove, .-queue_fifo_remove
 202              		.section	.text.queue_lifo_remove,"ax",%progbits
 203              		.align	1
 204              		.p2align 4,,15
 205              		.global	queue_lifo_remove
 206              		.syntax unified
 207              		.thumb
 208              		.thumb_func
 209              		.type	queue_lifo_remove, %function
 210              	queue_lifo_remove:
 211              	.LVL8:
 212              	.LFB190:
 213              		.loc 1 143 51 is_stmt 1 view -0
 214              		.cfi_startproc
 215              		@ args = 0, pretend = 0, frame = 0
 216              		@ frame_needed = 0, uses_anonymous_args = 0
 217              		@ link register save eliminated.
 218              		.loc 1 144 3 view .LVU53
 219              		.loc 1 143 51 is_stmt 0 view .LVU54
 220 0000 0346     		mov	r3, r0
 221              		.loc 1 144 13 view .LVU55
 222 0002 4068     		ldr	r0, [r0, #4]
 223              	.LVL9:
 224              		.loc 1 146 3 is_stmt 1 view .LVU56
 225              		.loc 1 146 19 is_stmt 0 view .LVU57
 226 0004 4268     		ldr	r2, [r0, #4]
 227              		.loc 1 146 15 view .LVU58
 228 0006 5A60     		str	r2, [r3, #4]
ARM GAS  /tmp/ccQ7MHSf.s 			page 5


 229              		.loc 1 147 3 is_stmt 1 view .LVU59
 230              		.loc 1 147 23 is_stmt 0 view .LVU60
 231 0008 1360     		str	r3, [r2]
 232              		.loc 1 149 3 is_stmt 1 view .LVU61
 233              		.loc 1 150 1 is_stmt 0 view .LVU62
 234 000a 7047     		bx	lr
 235              		.cfi_endproc
 236              	.LFE190:
 237              		.size	queue_lifo_remove, .-queue_lifo_remove
 238              		.section	.text.queue_dequeue,"ax",%progbits
 239              		.align	1
 240              		.p2align 4,,15
 241              		.global	queue_dequeue
 242              		.syntax unified
 243              		.thumb
 244              		.thumb_func
 245              		.type	queue_dequeue, %function
 246              	queue_dequeue:
 247              	.LVL10:
 248              	.LFB191:
 249              		.loc 1 162 39 is_stmt 1 view -0
 250              		.cfi_startproc
 251              		@ args = 0, pretend = 0, frame = 0
 252              		@ frame_needed = 0, uses_anonymous_args = 0
 253              		@ link register save eliminated.
 254              		.loc 1 164 3 view .LVU64
 255              		.loc 1 164 26 is_stmt 0 view .LVU65
 256 0000 D0E90032 		ldrd	r3, r2, [r0]
 257              		.loc 1 164 22 view .LVU66
 258 0004 1360     		str	r3, [r2]
 259              		.loc 1 165 3 is_stmt 1 view .LVU67
 260              		.loc 1 165 22 is_stmt 0 view .LVU68
 261 0006 5A60     		str	r2, [r3, #4]
 262              		.loc 1 167 3 is_stmt 1 view .LVU69
 263              		.loc 1 168 1 is_stmt 0 view .LVU70
 264 0008 7047     		bx	lr
 265              		.cfi_endproc
 266              	.LFE191:
 267              		.size	queue_dequeue, .-queue_dequeue
 268 000a 00BF     		.section	.text.list_insert,"ax",%progbits
 269              		.align	1
 270              		.p2align 4,,15
 271              		.global	list_insert
 272              		.syntax unified
 273              		.thumb
 274              		.thumb_func
 275              		.type	list_insert, %function
 276              	list_insert:
 277              	.LVL11:
 278              	.LFB192:
 279              		.loc 1 178 53 is_stmt 1 view -0
 280              		.cfi_startproc
 281              		@ args = 0, pretend = 0, frame = 0
 282              		@ frame_needed = 0, uses_anonymous_args = 0
 283              		@ link register save eliminated.
 284              		.loc 1 180 3 view .LVU72
 285              		.loc 1 180 14 is_stmt 0 view .LVU73
ARM GAS  /tmp/ccQ7MHSf.s 			page 6


 286 0000 0B68     		ldr	r3, [r1]
 287 0002 0360     		str	r3, [r0]
 288              		.loc 1 181 3 is_stmt 1 view .LVU74
 289              		.loc 1 181 15 is_stmt 0 view .LVU75
 290 0004 0860     		str	r0, [r1]
 291              		.loc 1 182 1 view .LVU76
 292 0006 7047     		bx	lr
 293              		.cfi_endproc
 294              	.LFE192:
 295              		.size	list_insert, .-list_insert
 296              		.section	.text.list_remove,"ax",%progbits
 297              		.align	1
 298              		.p2align 4,,15
 299              		.global	list_remove
 300              		.syntax unified
 301              		.thumb
 302              		.thumb_func
 303              		.type	list_remove, %function
 304              	list_remove:
 305              	.LVL12:
 306              	.LFB193:
 307              		.loc 1 193 44 is_stmt 1 view -0
 308              		.cfi_startproc
 309              		@ args = 0, pretend = 0, frame = 0
 310              		@ frame_needed = 0, uses_anonymous_args = 0
 311              		@ link register save eliminated.
 312              		.loc 1 195 3 view .LVU78
 313              		.loc 1 193 44 is_stmt 0 view .LVU79
 314 0000 0346     		mov	r3, r0
 315              		.loc 1 195 13 view .LVU80
 316 0002 0068     		ldr	r0, [r0]
 317              	.LVL13:
 318              		.loc 1 196 3 is_stmt 1 view .LVU81
 319              		.loc 1 196 15 is_stmt 0 view .LVU82
 320 0004 0268     		ldr	r2, [r0]
 321 0006 1A60     		str	r2, [r3]
 322              		.loc 1 198 3 is_stmt 1 view .LVU83
 323              		.loc 1 199 1 is_stmt 0 view .LVU84
 324 0008 7047     		bx	lr
 325              		.cfi_endproc
 326              	.LFE193:
 327              		.size	list_remove, .-list_remove
 328 000a 00BF     		.section	.text.chSchReadyI,"ax",%progbits
 329              		.align	1
 330              		.p2align 4,,15
 331              		.global	chSchReadyI
 332              		.syntax unified
 333              		.thumb
 334              		.thumb_func
 335              		.type	chSchReadyI, %function
 336              	chSchReadyI:
 337              	.LVL14:
 338              	.LFB194:
 339              		.loc 1 218 37 is_stmt 1 view -0
 340              		.cfi_startproc
 341              		@ args = 0, pretend = 0, frame = 0
 342              		@ frame_needed = 0, uses_anonymous_args = 0
ARM GAS  /tmp/ccQ7MHSf.s 			page 7


 343              		.loc 1 219 3 view .LVU86
 344              		.loc 1 221 3 view .LVU87
 345              		.loc 1 218 37 is_stmt 0 view .LVU88
 346 0000 10B5     		push	{r4, lr}
 347              		.cfi_def_cfa_offset 8
 348              		.cfi_offset 4, -8
 349              		.cfi_offset 14, -4
 350              		.loc 1 218 37 view .LVU89
 351 0002 0446     		mov	r4, r0
 352              		.loc 1 221 3 view .LVU90
 353 0004 FFF7FEFF 		bl	chDbgCheckClassI
 354              	.LVL15:
 355              		.loc 1 222 3 is_stmt 1 view .LVU91
 356              		.loc 1 222 3 view .LVU92
 357              		.loc 1 222 3 discriminator 1 view .LVU93
 358 0008 B4B1     		cbz	r4, .L27
 359              	.L18:
 360              		.loc 1 222 3 discriminator 5 view .LVU94
 361              		.loc 1 223 3 view .LVU95
 362              		.loc 1 223 3 view .LVU96
 363              		.loc 1 223 3 discriminator 1 view .LVU97
 364 000a 237F     		ldrb	r3, [r4, #28]	@ zero_extendqisi2
 365 000c 83B1     		cbz	r3, .L19
 366              		.loc 1 223 3 is_stmt 0 discriminator 4 view .LVU98
 367 000e 0F2B     		cmp	r3, #15
 368 0010 0ED0     		beq	.L19
 369              	.L20:
 370              		.loc 1 223 3 is_stmt 1 discriminator 7 view .LVU99
 371              		.loc 1 227 3 view .LVU100
 372              		.loc 1 227 15 is_stmt 0 view .LVU101
 373 0012 0022     		movs	r2, #0
 374              		.loc 1 231 28 discriminator 1 view .LVU102
 375 0014 A168     		ldr	r1, [r4, #8]
 376              		.loc 1 228 6 view .LVU103
 377 0016 0A4B     		ldr	r3, .L28
 378              		.loc 1 227 15 view .LVU104
 379 0018 2277     		strb	r2, [r4, #28]
 380              		.loc 1 228 3 is_stmt 1 view .LVU105
 381              	.LVL16:
 382              	.L21:
 383              		.loc 1 229 3 view .LVU106
 384              		.loc 1 230 5 view .LVU107
 385              		.loc 1 230 8 is_stmt 0 view .LVU108
 386 001a 1B68     		ldr	r3, [r3]
 387              	.LVL17:
 388              		.loc 1 231 23 is_stmt 1 discriminator 1 view .LVU109
 389 001c 9A68     		ldr	r2, [r3, #8]
 390 001e 8A42     		cmp	r2, r1
 391 0020 FBD2     		bcs	.L21
 392              		.loc 1 233 3 view .LVU110
 393              		.loc 1 234 18 is_stmt 0 view .LVU111
 394 0022 5A68     		ldr	r2, [r3, #4]
 395              		.loc 1 239 1 view .LVU112
 396 0024 2046     		mov	r0, r4
 397              		.loc 1 234 14 view .LVU113
 398 0026 C4E90032 		strd	r3, r2, [r4]
 399              		.loc 1 235 3 is_stmt 1 view .LVU114
ARM GAS  /tmp/ccQ7MHSf.s 			page 8


 400              		.loc 1 235 22 is_stmt 0 view .LVU115
 401 002a 1460     		str	r4, [r2]
 402              		.loc 1 236 3 is_stmt 1 view .LVU116
 403              		.loc 1 236 14 is_stmt 0 view .LVU117
 404 002c 5C60     		str	r4, [r3, #4]
 405              		.loc 1 238 3 is_stmt 1 view .LVU118
 406              		.loc 1 239 1 is_stmt 0 view .LVU119
 407 002e 10BD     		pop	{r4, pc}
 408              	.LVL18:
 409              	.L19:
 410              		.loc 1 223 3 is_stmt 1 discriminator 5 view .LVU120
 411 0030 0448     		ldr	r0, .L28+4
 412 0032 FFF7FEFF 		bl	chSysHalt
 413              	.LVL19:
 414 0036 ECE7     		b	.L20
 415              	.L27:
 416              		.loc 1 222 3 discriminator 3 view .LVU121
 417 0038 0248     		ldr	r0, .L28+4
 418 003a FFF7FEFF 		bl	chSysHalt
 419              	.LVL20:
 420 003e E4E7     		b	.L18
 421              	.L29:
 422              		.align	2
 423              	.L28:
 424 0040 00000000 		.word	ch
 425 0044 00000000 		.word	__func__.0
 426              		.cfi_endproc
 427              	.LFE194:
 428              		.size	chSchReadyI, .-chSchReadyI
 429              		.section	.text.wakeup,"ax",%progbits
 430              		.align	1
 431              		.p2align 4,,15
 432              		.syntax unified
 433              		.thumb
 434              		.thumb_func
 435              		.type	wakeup, %function
 436              	wakeup:
 437              	.LVL21:
 438              	.LFB196:
 439              		.loc 1 275 29 view -0
 440              		.cfi_startproc
 441              		@ args = 0, pretend = 0, frame = 0
 442              		@ frame_needed = 0, uses_anonymous_args = 0
 443              		.loc 1 276 3 view .LVU123
 444              		.loc 1 275 29 is_stmt 0 view .LVU124
 445 0000 38B5     		push	{r3, r4, r5, lr}
 446              		.cfi_def_cfa_offset 16
 447              		.cfi_offset 3, -16
 448              		.cfi_offset 4, -12
 449              		.cfi_offset 5, -8
 450              		.cfi_offset 14, -4
 451              		.loc 1 275 29 view .LVU125
 452 0002 0446     		mov	r4, r0
 453              	.LVL22:
 454              		.loc 1 278 3 is_stmt 1 view .LVU126
 455              	.LBB64:
 456              	.LBI64:
ARM GAS  /tmp/ccQ7MHSf.s 			page 9


 457              		.file 3 "../RC_Controller/ChibiOS_3.0.5/os/rt/include/chsys.h"
 458              		.loc 3 386 20 view .LVU127
 459              	.LBB65:
 460              		.loc 3 388 3 view .LVU128
 461              	.LBB66:
 462              	.LBI66:
 463              		.file 4 "../RC_Controller/ChibiOS_3.0.5/os/rt/ports/ARMCMx/chcore_v7m.h"
 464              		.loc 4 473 20 view .LVU129
 465              		.loc 4 475 3 view .LVU130
 466              	.LBB67:
 467              	.LBI67:
 468              		.loc 4 444 20 view .LVU131
 469              		.loc 4 447 3 view .LVU132
 470              	.LBB68:
 471              	.LBI68:
 472              		.file 5 "../RC_Controller/ChibiOS_3.0.5/os/ext/CMSIS/include/core_cmFunc.h"
 473              		.loc 5 544 57 view .LVU133
 474              	.LBB69:
 475              		.loc 5 546 3 view .LVU134
 476 0004 2023     		movs	r3, #32
 477              		.syntax unified
 478              	@ 546 "../RC_Controller/ChibiOS_3.0.5/os/ext/CMSIS/include/core_cmFunc.h" 1
 479 0006 83F31188 		MSR basepri, r3
 480              	@ 0 "" 2
 481              	.LVL23:
 482              		.loc 5 546 3 is_stmt 0 view .LVU135
 483              		.thumb
 484              		.syntax unified
 485              	.LBE69:
 486              	.LBE68:
 487              	.LBE67:
 488              	.LBE66:
 489              		.loc 3 389 34 is_stmt 1 view .LVU136
 490              		.loc 3 390 3 view .LVU137
 491 000a FFF7FEFF 		bl	_dbg_check_lock_from_isr
 492              	.LVL24:
 493              		.loc 3 390 3 is_stmt 0 view .LVU138
 494              	.LBE65:
 495              	.LBE64:
 496              		.loc 1 279 3 is_stmt 1 view .LVU139
 497 000e 237F     		ldrb	r3, [r4, #28]	@ zero_extendqisi2
 498 0010 052B     		cmp	r3, #5
 499 0012 0ED8     		bhi	.L31
 500 0014 DFE803F0 		tbb	[pc, r3]
 501              	.L33:
 502 0018 13       		.byte	(.L41-.L33)/2
 503 0019 0D       		.byte	(.L31-.L33)/2
 504 001a 0D       		.byte	(.L31-.L33)/2
 505 001b 19       		.byte	(.L35-.L33)/2
 506 001c 09       		.byte	(.L34-.L33)/2
 507 001d 03       		.byte	(.L32-.L33)/2
 508              		.p2align 1
 509              	.L32:
 510              		.loc 1 290 5 view .LVU140
 511              		.loc 1 290 29 is_stmt 0 view .LVU141
 512 001e 256A     		ldr	r5, [r4, #32]
 513              	.LVL25:
ARM GAS  /tmp/ccQ7MHSf.s 			page 10


 514              	.LBB70:
 515              	.LBI70:
 516              		.file 6 "../RC_Controller/ChibiOS_3.0.5/os/rt/include/chsem.h"
 517              		.loc 6 134 20 is_stmt 1 view .LVU142
 518              	.LBB71:
 519              		.loc 6 136 3 view .LVU143
 520 0020 FFF7FEFF 		bl	chDbgCheckClassI
 521              	.LVL26:
 522              		.loc 6 138 3 view .LVU144
 523              		.loc 6 138 12 is_stmt 0 view .LVU145
 524 0024 AB68     		ldr	r3, [r5, #8]
 525 0026 0133     		adds	r3, r3, #1
 526 0028 AB60     		str	r3, [r5, #8]
 527              	.LVL27:
 528              	.L34:
 529              		.loc 6 138 12 view .LVU146
 530              	.LBE71:
 531              	.LBE70:
 532              		.loc 1 298 5 is_stmt 1 view .LVU147
 533              	.LBB72:
 534              	.LBI72:
 535              		.loc 1 162 11 view .LVU148
 536              	.LBB73:
 537              		.loc 1 164 3 view .LVU149
 538              		.loc 1 164 26 is_stmt 0 view .LVU150
 539 002a D4E90032 		ldrd	r3, r2, [r4]
 540              		.loc 1 164 22 view .LVU151
 541 002e 1360     		str	r3, [r2]
 542              		.loc 1 165 3 is_stmt 1 view .LVU152
 543              		.loc 1 165 22 is_stmt 0 view .LVU153
 544 0030 5A60     		str	r2, [r3, #4]
 545              		.loc 1 167 3 is_stmt 1 view .LVU154
 546              	.LVL28:
 547              		.loc 1 167 3 is_stmt 0 view .LVU155
 548              	.LBE73:
 549              	.LBE72:
 550              		.loc 1 299 5 is_stmt 1 view .LVU156
 551              	.L31:
 552              		.loc 1 304 3 view .LVU157
 553              		.loc 1 304 18 is_stmt 0 view .LVU158
 554 0032 4FF0FF33 		mov	r3, #-1
 555 0036 2362     		str	r3, [r4, #32]
 556              		.loc 1 305 3 is_stmt 1 view .LVU159
 557              		.loc 1 305 10 is_stmt 0 view .LVU160
 558 0038 2046     		mov	r0, r4
 559 003a FFF7FEFF 		bl	chSchReadyI
 560              	.LVL29:
 561              	.L41:
 562              		.loc 1 306 3 is_stmt 1 view .LVU161
 563              	.LBB74:
 564              	.LBI74:
 565              		.loc 3 406 20 view .LVU162
 566              	.LBB75:
 567              		.loc 3 408 3 view .LVU163
 568 003e FFF7FEFF 		bl	_dbg_check_unlock_from_isr
 569              	.LVL30:
 570              		.loc 3 409 33 view .LVU164
ARM GAS  /tmp/ccQ7MHSf.s 			page 11


 571              		.loc 3 410 3 view .LVU165
 572              	.LBB76:
 573              	.LBI76:
 574              		.loc 4 484 20 view .LVU166
 575              		.loc 4 486 3 view .LVU167
 576              	.LBB77:
 577              	.LBI77:
 578              		.loc 4 458 20 view .LVU168
 579              		.loc 4 461 3 view .LVU169
 580              	.LBB78:
 581              	.LBI78:
 582              		.loc 5 544 57 view .LVU170
 583              	.LBB79:
 584              		.loc 5 546 3 view .LVU171
 585 0042 0023     		movs	r3, #0
 586              		.syntax unified
 587              	@ 546 "../RC_Controller/ChibiOS_3.0.5/os/ext/CMSIS/include/core_cmFunc.h" 1
 588 0044 83F31188 		MSR basepri, r3
 589              	@ 0 "" 2
 590              	.LVL31:
 591              		.loc 5 546 3 is_stmt 0 view .LVU172
 592              		.thumb
 593              		.syntax unified
 594              	.LBE79:
 595              	.LBE78:
 596              	.LBE77:
 597              	.LBE76:
 598              	.LBE75:
 599              	.LBE74:
 600              		.loc 1 307 1 view .LVU173
 601 0048 38BD     		pop	{r3, r4, r5, pc}
 602              	.LVL32:
 603              	.L35:
 604              		.loc 1 286 5 is_stmt 1 view .LVU174
 605              		.loc 1 286 13 is_stmt 0 view .LVU175
 606 004a 236A     		ldr	r3, [r4, #32]
 607              		.loc 1 286 20 view .LVU176
 608 004c 0022     		movs	r2, #0
 609 004e 1A60     		str	r2, [r3]
 610              		.loc 1 287 5 is_stmt 1 view .LVU177
 611              		.loc 1 304 3 view .LVU178
 612              		.loc 1 304 18 is_stmt 0 view .LVU179
 613 0050 4FF0FF33 		mov	r3, #-1
 614 0054 2362     		str	r3, [r4, #32]
 615              		.loc 1 305 3 is_stmt 1 view .LVU180
 616              		.loc 1 305 10 is_stmt 0 view .LVU181
 617 0056 2046     		mov	r0, r4
 618 0058 FFF7FEFF 		bl	chSchReadyI
 619              	.LVL33:
 620 005c EFE7     		b	.L41
 621              		.cfi_endproc
 622              	.LFE196:
 623              		.size	wakeup, .-wakeup
 624 005e 00BF     		.section	.text.chSchGoSleepS,"ax",%progbits
 625              		.align	1
 626              		.p2align 4,,15
 627              		.global	chSchGoSleepS
ARM GAS  /tmp/ccQ7MHSf.s 			page 12


 628              		.syntax unified
 629              		.thumb
 630              		.thumb_func
 631              		.type	chSchGoSleepS, %function
 632              	chSchGoSleepS:
 633              	.LVL34:
 634              	.LFB195:
 635              		.loc 1 250 39 is_stmt 1 view -0
 636              		.cfi_startproc
 637              		@ args = 0, pretend = 0, frame = 0
 638              		@ frame_needed = 0, uses_anonymous_args = 0
 639              		.loc 1 251 3 view .LVU183
 640              		.loc 1 253 3 view .LVU184
 641              		.loc 1 250 39 is_stmt 0 view .LVU185
 642 0000 70B5     		push	{r4, r5, r6, lr}
 643              		.cfi_def_cfa_offset 16
 644              		.cfi_offset 4, -16
 645              		.cfi_offset 5, -12
 646              		.cfi_offset 6, -8
 647              		.cfi_offset 14, -4
 648              		.loc 1 255 7 view .LVU186
 649 0002 0C4C     		ldr	r4, .L44
 650              		.loc 1 250 39 view .LVU187
 651 0004 0646     		mov	r6, r0
 652              		.loc 1 253 3 view .LVU188
 653 0006 FFF7FEFF 		bl	chDbgCheckClassS
 654              	.LVL35:
 655              		.loc 1 255 3 is_stmt 1 view .LVU189
 656              		.loc 1 255 7 is_stmt 0 view .LVU190
 657 000a A569     		ldr	r5, [r4, #24]
 658              	.LVL36:
 659              		.loc 1 256 3 is_stmt 1 view .LVU191
 660              	.LBB80:
 661              	.LBB81:
 662              		.loc 1 125 13 is_stmt 0 view .LVU192
 663 000c 2068     		ldr	r0, [r4]
 664              	.LBE81:
 665              	.LBE80:
 666              		.loc 1 256 16 view .LVU193
 667 000e 2E77     		strb	r6, [r5, #28]
 668              		.loc 1 260 3 is_stmt 1 view .LVU194
 669              		.loc 1 260 18 is_stmt 0 view .LVU195
 670 0010 0A23     		movs	r3, #10
 671 0012 AB77     		strb	r3, [r5, #30]
 672              		.loc 1 262 3 is_stmt 1 view .LVU196
 673              	.LVL37:
 674              	.LBB84:
 675              	.LBI80:
 676              		.loc 1 124 11 view .LVU197
 677              	.LBB82:
 678              		.loc 1 125 3 view .LVU198
 679              		.loc 1 127 3 view .LVU199
 680              		.loc 1 127 19 is_stmt 0 view .LVU200
 681 0014 0368     		ldr	r3, [r0]
 682              		.loc 1 127 15 view .LVU201
 683 0016 2360     		str	r3, [r4]
 684              		.loc 1 128 3 is_stmt 1 view .LVU202
ARM GAS  /tmp/ccQ7MHSf.s 			page 13


 685              		.loc 1 130 3 view .LVU203
 686              	.LVL38:
 687              		.loc 1 130 3 is_stmt 0 view .LVU204
 688              	.LBE82:
 689              	.LBE84:
 690              		.loc 1 268 18 view .LVU205
 691 0018 0122     		movs	r2, #1
 692              	.LBB85:
 693              	.LBB83:
 694              		.loc 1 128 23 view .LVU206
 695 001a 5C60     		str	r4, [r3, #4]
 696              	.LBE83:
 697              	.LBE85:
 698              	.LBB86:
 699              		.loc 1 269 3 view .LVU207
 700 001c 2946     		mov	r1, r5
 701              	.LBE86:
 702              		.loc 1 268 18 view .LVU208
 703 001e 0277     		strb	r2, [r0, #28]
 704              		.loc 1 262 3 discriminator 1 view .LVU209
 705 0020 A061     		str	r0, [r4, #24]
 706              		.loc 1 268 3 is_stmt 1 view .LVU210
 707              	.LBB87:
 708              		.loc 1 269 3 view .LVU211
 709              		.loc 1 269 3 view .LVU212
 710              		.loc 1 269 3 view .LVU213
 711 0022 FFF7FEFF 		bl	CH_CFG_CONTEXT_SWITCH_HOOK
 712              	.LVL39:
 713              		.loc 1 269 3 discriminator 1 view .LVU214
 714 0026 A069     		ldr	r0, [r4, #24]
 715 0028 2946     		mov	r1, r5
 716              	.LBE87:
 717              		.loc 1 270 1 is_stmt 0 view .LVU215
 718 002a BDE87040 		pop	{r4, r5, r6, lr}
 719              		.cfi_restore 14
 720              		.cfi_restore 6
 721              		.cfi_restore 5
 722              		.cfi_restore 4
 723              		.cfi_def_cfa_offset 0
 724              	.LVL40:
 725              	.LBB88:
 726              		.loc 1 269 3 discriminator 1 view .LVU216
 727 002e FFF7FEBF 		b	_port_switch
 728              	.LVL41:
 729              	.L45:
 730              		.loc 1 269 3 discriminator 1 view .LVU217
 731 0032 00BF     		.align	2
 732              	.L44:
 733 0034 00000000 		.word	ch
 734              	.LBE88:
 735              		.cfi_endproc
 736              	.LFE195:
 737              		.size	chSchGoSleepS, .-chSchGoSleepS
 738              		.section	.text.chSchGoSleepTimeoutS,"ax",%progbits
 739              		.align	1
 740              		.p2align 4,,15
 741              		.global	chSchGoSleepTimeoutS
ARM GAS  /tmp/ccQ7MHSf.s 			page 14


 742              		.syntax unified
 743              		.thumb
 744              		.thumb_func
 745              		.type	chSchGoSleepTimeoutS, %function
 746              	chSchGoSleepTimeoutS:
 747              	.LVL42:
 748              	.LFB197:
 749              		.loc 1 330 63 is_stmt 1 view -0
 750              		.cfi_startproc
 751              		@ args = 0, pretend = 0, frame = 24
 752              		@ frame_needed = 0, uses_anonymous_args = 0
 753              		.loc 1 332 3 view .LVU219
 754              		.loc 1 330 63 is_stmt 0 view .LVU220
 755 0000 70B5     		push	{r4, r5, r6, lr}
 756              		.cfi_def_cfa_offset 16
 757              		.cfi_offset 4, -16
 758              		.cfi_offset 5, -12
 759              		.cfi_offset 6, -8
 760              		.cfi_offset 14, -4
 761 0002 0C46     		mov	r4, r1
 762 0004 86B0     		sub	sp, sp, #24
 763              		.cfi_def_cfa_offset 40
 764              		.loc 1 330 63 view .LVU221
 765 0006 0546     		mov	r5, r0
 766              		.loc 1 332 3 view .LVU222
 767 0008 FFF7FEFF 		bl	chDbgCheckClassS
 768              	.LVL43:
 769              		.loc 1 334 3 is_stmt 1 view .LVU223
 770              		.loc 1 334 6 is_stmt 0 view .LVU224
 771 000c 631C     		adds	r3, r4, #1
 772 000e 14D0     		beq	.L47
 773              	.LBB89:
 774              		.loc 1 335 5 is_stmt 1 view .LVU225
 775              		.loc 1 337 5 view .LVU226
 776              		.loc 1 337 35 is_stmt 0 view .LVU227
 777 0010 0E4E     		ldr	r6, .L54
 778              		.loc 1 337 5 view .LVU228
 779 0012 0F4A     		ldr	r2, .L54+4
 780 0014 B369     		ldr	r3, [r6, #24]
 781 0016 2146     		mov	r1, r4
 782 0018 01A8     		add	r0, sp, #4
 783 001a FFF7FEFF 		bl	chVTDoSetI
 784              	.LVL44:
 785              		.loc 1 338 5 is_stmt 1 view .LVU229
 786 001e 2846     		mov	r0, r5
 787 0020 FFF7FEFF 		bl	chSchGoSleepS
 788              	.LVL45:
 789              		.loc 1 339 5 view .LVU230
 790              	.LBB90:
 791              	.LBI90:
 792              		.file 7 "../RC_Controller/ChibiOS_3.0.5/os/rt/include/chvt.h"
 793              		.loc 7 337 20 view .LVU231
 794              	.LBB91:
 795              		.loc 7 339 3 view .LVU232
 796 0024 FFF7FEFF 		bl	chDbgCheckClassI
 797              	.LVL46:
 798              		.loc 7 341 3 view .LVU233
ARM GAS  /tmp/ccQ7MHSf.s 			page 15


 799              		.loc 7 341 3 is_stmt 0 view .LVU234
 800              	.LBE91:
 801              	.LBE90:
 802              		.loc 1 339 8 discriminator 1 view .LVU235
 803 0028 049B     		ldr	r3, [sp, #16]
 804 002a 13B1     		cbz	r3, .L49
 805              		.loc 1 340 7 is_stmt 1 view .LVU236
 806 002c 01A8     		add	r0, sp, #4
 807 002e FFF7FEFF 		bl	chVTDoResetI
 808              	.LVL47:
 809              	.L49:
 810              	.LBE89:
 811              		.loc 1 347 3 view .LVU237
 812              		.loc 1 347 20 is_stmt 0 view .LVU238
 813 0032 B369     		ldr	r3, [r6, #24]
 814              		.loc 1 348 1 view .LVU239
 815 0034 186A     		ldr	r0, [r3, #32]
 816 0036 06B0     		add	sp, sp, #24
 817              		.cfi_remember_state
 818              		.cfi_def_cfa_offset 16
 819              		@ sp needed
 820 0038 70BD     		pop	{r4, r5, r6, pc}
 821              	.LVL48:
 822              	.L47:
 823              		.cfi_restore_state
 824              		.loc 1 344 5 is_stmt 1 view .LVU240
 825 003a 044E     		ldr	r6, .L54
 826 003c 2846     		mov	r0, r5
 827 003e FFF7FEFF 		bl	chSchGoSleepS
 828              	.LVL49:
 829              		.loc 1 347 3 view .LVU241
 830              		.loc 1 347 20 is_stmt 0 view .LVU242
 831 0042 B369     		ldr	r3, [r6, #24]
 832              		.loc 1 348 1 view .LVU243
 833 0044 186A     		ldr	r0, [r3, #32]
 834 0046 06B0     		add	sp, sp, #24
 835              		.cfi_def_cfa_offset 16
 836              		@ sp needed
 837 0048 70BD     		pop	{r4, r5, r6, pc}
 838              	.LVL50:
 839              	.L55:
 840              		.loc 1 348 1 view .LVU244
 841 004a 00BF     		.align	2
 842              	.L54:
 843 004c 00000000 		.word	ch
 844 0050 00000000 		.word	wakeup
 845              		.cfi_endproc
 846              	.LFE197:
 847              		.size	chSchGoSleepTimeoutS, .-chSchGoSleepTimeoutS
 848              		.section	.text.chSchWakeupS,"ax",%progbits
 849              		.align	1
 850              		.p2align 4,,15
 851              		.global	chSchWakeupS
 852              		.syntax unified
 853              		.thumb
 854              		.thumb_func
 855              		.type	chSchWakeupS, %function
ARM GAS  /tmp/ccQ7MHSf.s 			page 16


 856              	chSchWakeupS:
 857              	.LVL51:
 858              	.LFB198:
 859              		.loc 1 367 45 is_stmt 1 view -0
 860              		.cfi_startproc
 861              		@ args = 0, pretend = 0, frame = 0
 862              		@ frame_needed = 0, uses_anonymous_args = 0
 863              		.loc 1 369 3 view .LVU246
 864              		.loc 1 367 45 is_stmt 0 view .LVU247
 865 0000 70B5     		push	{r4, r5, r6, lr}
 866              		.cfi_def_cfa_offset 16
 867              		.cfi_offset 4, -16
 868              		.cfi_offset 5, -12
 869              		.cfi_offset 6, -8
 870              		.cfi_offset 14, -4
 871              		.loc 1 379 22 view .LVU248
 872 0002 104E     		ldr	r6, .L59
 873              		.loc 1 367 45 view .LVU249
 874 0004 0446     		mov	r4, r0
 875 0006 0D46     		mov	r5, r1
 876              		.loc 1 369 3 view .LVU250
 877 0008 FFF7FEFF 		bl	chDbgCheckClassS
 878              	.LVL52:
 879              		.loc 1 373 3 is_stmt 1 view .LVU251
 880              		.loc 1 379 22 is_stmt 0 view .LVU252
 881 000c B069     		ldr	r0, [r6, #24]
 882              		.loc 1 379 6 view .LVU253
 883 000e A268     		ldr	r2, [r4, #8]
 884 0010 8368     		ldr	r3, [r0, #8]
 885              		.loc 1 373 19 view .LVU254
 886 0012 2562     		str	r5, [r4, #32]
 887              		.loc 1 379 3 is_stmt 1 view .LVU255
 888              		.loc 1 379 6 is_stmt 0 view .LVU256
 889 0014 9A42     		cmp	r2, r3
 890 0016 04D8     		bhi	.L57
 891              		.loc 1 380 5 is_stmt 1 view .LVU257
 892              		.loc 1 380 12 is_stmt 0 view .LVU258
 893 0018 2046     		mov	r0, r4
 894              		.loc 1 393 1 view .LVU259
 895 001a BDE87040 		pop	{r4, r5, r6, lr}
 896              		.cfi_remember_state
 897              		.cfi_restore 14
 898              		.cfi_restore 6
 899              		.cfi_restore 5
 900              		.cfi_restore 4
 901              		.cfi_def_cfa_offset 0
 902              	.LVL53:
 903              		.loc 1 380 12 view .LVU260
 904 001e FFF7FEBF 		b	chSchReadyI
 905              	.LVL54:
 906              	.L57:
 907              		.cfi_restore_state
 908              	.LBB92:
 909              		.loc 1 383 5 is_stmt 1 view .LVU261
 910              		.loc 1 383 21 is_stmt 0 view .LVU262
 911 0022 FFF7FEFF 		bl	chSchReadyI
 912              	.LVL55:
ARM GAS  /tmp/ccQ7MHSf.s 			page 17


 913              		.loc 1 390 18 view .LVU263
 914 0026 0123     		movs	r3, #1
 915              		.loc 1 383 21 view .LVU264
 916 0028 0546     		mov	r5, r0
 917              	.LVL56:
 918              		.loc 1 384 5 is_stmt 1 view .LVU265
 919              	.LBB93:
 920              		.loc 1 391 5 is_stmt 0 view .LVU266
 921 002a 0146     		mov	r1, r0
 922              	.LBE93:
 923              		.loc 1 390 18 view .LVU267
 924 002c 2377     		strb	r3, [r4, #28]
 925              	.LBB94:
 926              		.loc 1 391 5 view .LVU268
 927 002e 2046     		mov	r0, r4
 928              	.LVL57:
 929              		.loc 1 391 5 view .LVU269
 930              	.LBE94:
 931              		.loc 1 384 5 view .LVU270
 932 0030 B461     		str	r4, [r6, #24]
 933              		.loc 1 390 5 is_stmt 1 view .LVU271
 934              	.LBB95:
 935              		.loc 1 391 5 view .LVU272
 936              		.loc 1 391 5 view .LVU273
 937              		.loc 1 391 5 view .LVU274
 938 0032 FFF7FEFF 		bl	CH_CFG_CONTEXT_SWITCH_HOOK
 939              	.LVL58:
 940              		.loc 1 391 5 discriminator 1 view .LVU275
 941 0036 2946     		mov	r1, r5
 942 0038 2046     		mov	r0, r4
 943              	.LBE95:
 944              	.LBE92:
 945              		.loc 1 393 1 is_stmt 0 view .LVU276
 946 003a BDE87040 		pop	{r4, r5, r6, lr}
 947              		.cfi_restore 14
 948              		.cfi_restore 6
 949              		.cfi_restore 5
 950              		.cfi_restore 4
 951              		.cfi_def_cfa_offset 0
 952              	.LVL59:
 953              	.LBB97:
 954              	.LBB96:
 955              		.loc 1 391 5 discriminator 1 view .LVU277
 956 003e FFF7FEBF 		b	_port_switch
 957              	.LVL60:
 958              	.L60:
 959              		.loc 1 391 5 discriminator 1 view .LVU278
 960 0042 00BF     		.align	2
 961              	.L59:
 962 0044 00000000 		.word	ch
 963              	.LBE96:
 964              	.LBE97:
 965              		.cfi_endproc
 966              	.LFE198:
 967              		.size	chSchWakeupS, .-chSchWakeupS
 968              		.section	.text.chSchIsPreemptionRequired,"ax",%progbits
 969              		.align	1
ARM GAS  /tmp/ccQ7MHSf.s 			page 18


 970              		.p2align 4,,15
 971              		.global	chSchIsPreemptionRequired
 972              		.syntax unified
 973              		.thumb
 974              		.thumb_func
 975              		.type	chSchIsPreemptionRequired, %function
 976              	chSchIsPreemptionRequired:
 977              	.LFB200:
 978              		.loc 1 424 38 is_stmt 1 view -0
 979              		.cfi_startproc
 980              		@ args = 0, pretend = 0, frame = 0
 981              		@ frame_needed = 0, uses_anonymous_args = 0
 982              		@ link register save eliminated.
 983              		.loc 1 425 3 view .LVU280
 984              		.loc 1 425 16 is_stmt 0 view .LVU281
 985 0000 084A     		ldr	r2, .L64
 986              		.loc 1 426 16 view .LVU282
 987 0002 9369     		ldr	r3, [r2, #24]
 988              		.loc 1 425 11 view .LVU283
 989 0004 1168     		ldr	r1, [r2]
 990              		.loc 1 433 56 view .LVU284
 991 0006 9A7F     		ldrb	r2, [r3, #30]	@ zero_extendqisi2
 992              		.loc 1 425 11 view .LVU285
 993 0008 8868     		ldr	r0, [r1, #8]
 994              	.LVL61:
 995              		.loc 1 426 3 is_stmt 1 view .LVU286
 996              		.loc 1 426 11 is_stmt 0 view .LVU287
 997 000a 9B68     		ldr	r3, [r3, #8]
 998              	.LVL62:
 999              		.loc 1 433 3 is_stmt 1 view .LVU288
 1000              		.loc 1 433 56 is_stmt 0 view .LVU289
 1001 000c 22B1     		cbz	r2, .L62
 1002              		.loc 1 433 56 discriminator 1 view .LVU290
 1003 000e 9842     		cmp	r0, r3
 1004 0010 94BF     		ite	ls
 1005 0012 0020     		movls	r0, #0
 1006              	.LVL63:
 1007              		.loc 1 433 56 discriminator 1 view .LVU291
 1008 0014 0120     		movhi	r0, #1
 1009 0016 7047     		bx	lr
 1010              	.LVL64:
 1011              	.L62:
 1012              		.loc 1 433 56 discriminator 2 view .LVU292
 1013 0018 9842     		cmp	r0, r3
 1014 001a 34BF     		ite	cc
 1015 001c 0020     		movcc	r0, #0
 1016              	.LVL65:
 1017              		.loc 1 433 56 discriminator 2 view .LVU293
 1018 001e 0120     		movcs	r0, #1
 1019              		.loc 1 439 1 view .LVU294
 1020 0020 7047     		bx	lr
 1021              	.L65:
 1022 0022 00BF     		.align	2
 1023              	.L64:
 1024 0024 00000000 		.word	ch
 1025              		.cfi_endproc
 1026              	.LFE200:
ARM GAS  /tmp/ccQ7MHSf.s 			page 19


 1027              		.size	chSchIsPreemptionRequired, .-chSchIsPreemptionRequired
 1028              		.section	.text.chSchDoRescheduleBehind,"ax",%progbits
 1029              		.align	1
 1030              		.p2align 4,,15
 1031              		.global	chSchDoRescheduleBehind
 1032              		.syntax unified
 1033              		.thumb
 1034              		.thumb_func
 1035              		.type	chSchDoRescheduleBehind, %function
 1036              	chSchDoRescheduleBehind:
 1037              	.LFB201:
 1038              		.loc 1 451 36 is_stmt 1 view -0
 1039              		.cfi_startproc
 1040              		@ args = 0, pretend = 0, frame = 0
 1041              		@ frame_needed = 0, uses_anonymous_args = 0
 1042              		.loc 1 452 3 view .LVU296
 1043              		.loc 1 454 3 view .LVU297
 1044              		.loc 1 451 36 is_stmt 0 view .LVU298
 1045 0000 38B5     		push	{r3, r4, r5, lr}
 1046              		.cfi_def_cfa_offset 16
 1047              		.cfi_offset 3, -16
 1048              		.cfi_offset 4, -12
 1049              		.cfi_offset 5, -8
 1050              		.cfi_offset 14, -4
 1051              		.loc 1 454 7 view .LVU299
 1052 0002 0C4C     		ldr	r4, .L68
 1053              	.LBB98:
 1054              	.LBB99:
 1055              		.loc 1 125 13 view .LVU300
 1056 0004 2368     		ldr	r3, [r4]
 1057              	.LBE99:
 1058              	.LBE98:
 1059              		.loc 1 454 7 view .LVU301
 1060 0006 A569     		ldr	r5, [r4, #24]
 1061              	.LVL66:
 1062              		.loc 1 456 3 is_stmt 1 view .LVU302
 1063              	.LBB101:
 1064              	.LBI98:
 1065              		.loc 1 124 11 view .LVU303
 1066              	.LBB100:
 1067              		.loc 1 125 3 view .LVU304
 1068              		.loc 1 127 3 view .LVU305
 1069              		.loc 1 127 19 is_stmt 0 view .LVU306
 1070 0008 1A68     		ldr	r2, [r3]
 1071              		.loc 1 127 15 view .LVU307
 1072 000a 2260     		str	r2, [r4]
 1073              		.loc 1 128 3 is_stmt 1 view .LVU308
 1074              		.loc 1 128 23 is_stmt 0 view .LVU309
 1075 000c 5460     		str	r4, [r2, #4]
 1076              		.loc 1 130 3 is_stmt 1 view .LVU310
 1077              	.LVL67:
 1078              		.loc 1 130 3 is_stmt 0 view .LVU311
 1079              	.LBE100:
 1080              	.LBE101:
 1081              		.loc 1 462 18 view .LVU312
 1082 000e 0121     		movs	r1, #1
 1083              		.loc 1 464 18 view .LVU313
ARM GAS  /tmp/ccQ7MHSf.s 			page 20


 1084 0010 0A22     		movs	r2, #10
 1085              		.loc 1 462 18 view .LVU314
 1086 0012 1977     		strb	r1, [r3, #28]
 1087              		.loc 1 466 10 view .LVU315
 1088 0014 2846     		mov	r0, r5
 1089              		.loc 1 464 18 view .LVU316
 1090 0016 AA77     		strb	r2, [r5, #30]
 1091              		.loc 1 456 3 discriminator 1 view .LVU317
 1092 0018 A361     		str	r3, [r4, #24]
 1093              		.loc 1 462 3 is_stmt 1 view .LVU318
 1094              		.loc 1 464 3 view .LVU319
 1095              		.loc 1 466 3 view .LVU320
 1096              		.loc 1 466 10 is_stmt 0 view .LVU321
 1097 001a FFF7FEFF 		bl	chSchReadyI
 1098              	.LVL68:
 1099              	.LBB102:
 1100              		.loc 1 467 3 is_stmt 1 view .LVU322
 1101              		.loc 1 467 3 view .LVU323
 1102              		.loc 1 467 3 view .LVU324
 1103 001e 2946     		mov	r1, r5
 1104 0020 A069     		ldr	r0, [r4, #24]
 1105 0022 FFF7FEFF 		bl	CH_CFG_CONTEXT_SWITCH_HOOK
 1106              	.LVL69:
 1107              		.loc 1 467 3 discriminator 1 view .LVU325
 1108 0026 A069     		ldr	r0, [r4, #24]
 1109 0028 2946     		mov	r1, r5
 1110              	.LBE102:
 1111              		.loc 1 468 1 is_stmt 0 view .LVU326
 1112 002a BDE83840 		pop	{r3, r4, r5, lr}
 1113              		.cfi_restore 14
 1114              		.cfi_restore 5
 1115              		.cfi_restore 4
 1116              		.cfi_restore 3
 1117              		.cfi_def_cfa_offset 0
 1118              	.LVL70:
 1119              	.LBB103:
 1120              		.loc 1 467 3 discriminator 1 view .LVU327
 1121 002e FFF7FEBF 		b	_port_switch
 1122              	.LVL71:
 1123              	.L69:
 1124              		.loc 1 467 3 discriminator 1 view .LVU328
 1125 0032 00BF     		.align	2
 1126              	.L68:
 1127 0034 00000000 		.word	ch
 1128              	.LBE103:
 1129              		.cfi_endproc
 1130              	.LFE201:
 1131              		.size	chSchDoRescheduleBehind, .-chSchDoRescheduleBehind
 1132              		.section	.text.chSchDoRescheduleAhead,"ax",%progbits
 1133              		.align	1
 1134              		.p2align 4,,15
 1135              		.global	chSchDoRescheduleAhead
 1136              		.syntax unified
 1137              		.thumb
 1138              		.thumb_func
 1139              		.type	chSchDoRescheduleAhead, %function
 1140              	chSchDoRescheduleAhead:
ARM GAS  /tmp/ccQ7MHSf.s 			page 21


 1141              	.LFB202:
 1142              		.loc 1 479 35 is_stmt 1 view -0
 1143              		.cfi_startproc
 1144              		@ args = 0, pretend = 0, frame = 0
 1145              		@ frame_needed = 0, uses_anonymous_args = 0
 1146              		.loc 1 480 3 view .LVU330
 1147              		.loc 1 482 3 view .LVU331
 1148              		.loc 1 479 35 is_stmt 0 view .LVU332
 1149 0000 70B5     		push	{r4, r5, r6, lr}
 1150              		.cfi_def_cfa_offset 16
 1151              		.cfi_offset 4, -16
 1152              		.cfi_offset 5, -12
 1153              		.cfi_offset 6, -8
 1154              		.cfi_offset 14, -4
 1155              		.loc 1 482 7 view .LVU333
 1156 0002 104E     		ldr	r6, .L75
 1157              	.LBB104:
 1158              	.LBB105:
 1159              		.loc 1 125 13 view .LVU334
 1160 0004 3068     		ldr	r0, [r6]
 1161              	.LBE105:
 1162              	.LBE104:
 1163              		.loc 1 482 7 view .LVU335
 1164 0006 B569     		ldr	r5, [r6, #24]
 1165              	.LVL72:
 1166              		.loc 1 484 3 is_stmt 1 view .LVU336
 1167              	.LBB108:
 1168              	.LBI104:
 1169              		.loc 1 124 11 view .LVU337
 1170              	.LBB106:
 1171              		.loc 1 125 3 view .LVU338
 1172              		.loc 1 127 3 view .LVU339
 1173              		.loc 1 127 19 is_stmt 0 view .LVU340
 1174 0008 0368     		ldr	r3, [r0]
 1175              		.loc 1 127 15 view .LVU341
 1176 000a 3360     		str	r3, [r6]
 1177              		.loc 1 128 3 is_stmt 1 view .LVU342
 1178              	.LBE106:
 1179              	.LBE108:
 1180              		.loc 1 490 18 is_stmt 0 view .LVU343
 1181 000c 0122     		movs	r2, #1
 1182              	.LBB109:
 1183              	.LBB107:
 1184              		.loc 1 128 23 view .LVU344
 1185 000e 5E60     		str	r6, [r3, #4]
 1186              		.loc 1 130 3 is_stmt 1 view .LVU345
 1187              	.LVL73:
 1188              		.loc 1 130 3 is_stmt 0 view .LVU346
 1189              	.LBE107:
 1190              	.LBE109:
 1191              		.loc 1 490 18 view .LVU347
 1192 0010 0277     		strb	r2, [r0, #28]
 1193              		.loc 1 492 16 view .LVU348
 1194 0012 0022     		movs	r2, #0
 1195 0014 2A77     		strb	r2, [r5, #28]
 1196              		.loc 1 496 28 discriminator 1 view .LVU349
 1197 0016 AC68     		ldr	r4, [r5, #8]
ARM GAS  /tmp/ccQ7MHSf.s 			page 22


 1198              		.loc 1 496 23 discriminator 1 view .LVU350
 1199 0018 9A68     		ldr	r2, [r3, #8]
 1200              		.loc 1 484 3 discriminator 1 view .LVU351
 1201 001a B061     		str	r0, [r6, #24]
 1202              		.loc 1 490 3 is_stmt 1 view .LVU352
 1203              		.loc 1 492 3 view .LVU353
 1204              		.loc 1 493 3 view .LVU354
 1205              		.loc 1 494 3 view .LVU355
 1206              		.loc 1 495 5 view .LVU356
 1207              	.LVL74:
 1208              		.loc 1 496 23 discriminator 1 view .LVU357
 1209 001c 9442     		cmp	r4, r2
 1210 001e 03D2     		bcs	.L71
 1211              	.L72:
 1212              		.loc 1 495 8 is_stmt 0 view .LVU358
 1213 0020 1B68     		ldr	r3, [r3]
 1214              	.LVL75:
 1215              		.loc 1 494 3 is_stmt 1 view .LVU359
 1216              		.loc 1 495 5 view .LVU360
 1217              		.loc 1 496 23 discriminator 1 view .LVU361
 1218 0022 9A68     		ldr	r2, [r3, #8]
 1219 0024 A242     		cmp	r2, r4
 1220 0026 FBD8     		bhi	.L72
 1221              	.L71:
 1222              		.loc 1 498 3 view .LVU362
 1223              		.loc 1 499 19 is_stmt 0 view .LVU363
 1224 0028 5A68     		ldr	r2, [r3, #4]
 1225              	.LBB110:
 1226              		.loc 1 503 3 view .LVU364
 1227 002a 2946     		mov	r1, r5
 1228              	.LBE110:
 1229              		.loc 1 499 15 view .LVU365
 1230 002c C5E90032 		strd	r3, r2, [r5]
 1231              		.loc 1 500 3 is_stmt 1 view .LVU366
 1232              		.loc 1 500 23 is_stmt 0 view .LVU367
 1233 0030 1560     		str	r5, [r2]
 1234              		.loc 1 501 3 is_stmt 1 view .LVU368
 1235              		.loc 1 501 14 is_stmt 0 view .LVU369
 1236 0032 5D60     		str	r5, [r3, #4]
 1237              	.LBB111:
 1238              		.loc 1 503 3 is_stmt 1 view .LVU370
 1239              		.loc 1 503 3 view .LVU371
 1240              		.loc 1 503 3 view .LVU372
 1241 0034 FFF7FEFF 		bl	CH_CFG_CONTEXT_SWITCH_HOOK
 1242              	.LVL76:
 1243              		.loc 1 503 3 discriminator 1 view .LVU373
 1244 0038 B069     		ldr	r0, [r6, #24]
 1245 003a 2946     		mov	r1, r5
 1246              	.LBE111:
 1247              		.loc 1 504 1 is_stmt 0 view .LVU374
 1248 003c BDE87040 		pop	{r4, r5, r6, lr}
 1249              		.cfi_restore 14
 1250              		.cfi_restore 6
 1251              		.cfi_restore 5
 1252              		.cfi_restore 4
 1253              		.cfi_def_cfa_offset 0
 1254              	.LVL77:
ARM GAS  /tmp/ccQ7MHSf.s 			page 23


 1255              	.LBB112:
 1256              		.loc 1 503 3 discriminator 1 view .LVU375
 1257 0040 FFF7FEBF 		b	_port_switch
 1258              	.LVL78:
 1259              	.L76:
 1260              		.loc 1 503 3 discriminator 1 view .LVU376
 1261              		.align	2
 1262              	.L75:
 1263 0044 00000000 		.word	ch
 1264              	.LBE112:
 1265              		.cfi_endproc
 1266              	.LFE202:
 1267              		.size	chSchDoRescheduleAhead, .-chSchDoRescheduleAhead
 1268              		.section	.text.chSchRescheduleS,"ax",%progbits
 1269              		.align	1
 1270              		.p2align 4,,15
 1271              		.global	chSchRescheduleS
 1272              		.syntax unified
 1273              		.thumb
 1274              		.thumb_func
 1275              		.type	chSchRescheduleS, %function
 1276              	chSchRescheduleS:
 1277              	.LFB199:
 1278              		.loc 1 402 29 is_stmt 1 view -0
 1279              		.cfi_startproc
 1280              		@ args = 0, pretend = 0, frame = 0
 1281              		@ frame_needed = 0, uses_anonymous_args = 0
 1282              		.loc 1 404 3 view .LVU378
 1283              		.loc 1 402 29 is_stmt 0 view .LVU379
 1284 0000 08B5     		push	{r3, lr}
 1285              		.cfi_def_cfa_offset 8
 1286              		.cfi_offset 3, -8
 1287              		.cfi_offset 14, -4
 1288              		.loc 1 404 3 view .LVU380
 1289 0002 FFF7FEFF 		bl	chDbgCheckClassS
 1290              	.LVL79:
 1291              		.loc 1 406 3 is_stmt 1 view .LVU381
 1292              	.LBB115:
 1293              	.LBI115:
 1294              		.loc 2 709 20 view .LVU382
 1295              	.LBB116:
 1296              		.loc 2 711 3 view .LVU383
 1297 0006 FFF7FEFF 		bl	chDbgCheckClassI
 1298              	.LVL80:
 1299              		.loc 2 713 3 view .LVU384
 1300              		.loc 2 713 10 is_stmt 0 view .LVU385
 1301 000a 064B     		ldr	r3, .L81
 1302 000c 1A68     		ldr	r2, [r3]
 1303              		.loc 2 713 46 view .LVU386
 1304 000e 9B69     		ldr	r3, [r3, #24]
 1305              	.LBE116:
 1306              	.LBE115:
 1307              		.loc 1 406 6 discriminator 1 view .LVU387
 1308 0010 9268     		ldr	r2, [r2, #8]
 1309 0012 9B68     		ldr	r3, [r3, #8]
 1310 0014 9A42     		cmp	r2, r3
 1311 0016 00D8     		bhi	.L80
ARM GAS  /tmp/ccQ7MHSf.s 			page 24


 1312              		.loc 1 409 1 view .LVU388
 1313 0018 08BD     		pop	{r3, pc}
 1314              	.L80:
 1315              		.loc 1 407 5 is_stmt 1 view .LVU389
 1316              		.loc 1 409 1 is_stmt 0 view .LVU390
 1317 001a BDE80840 		pop	{r3, lr}
 1318              		.cfi_restore 14
 1319              		.cfi_restore 3
 1320              		.cfi_def_cfa_offset 0
 1321              		.loc 1 407 5 view .LVU391
 1322 001e FFF7FEBF 		b	chSchDoRescheduleAhead
 1323              	.LVL81:
 1324              	.L82:
 1325 0022 00BF     		.align	2
 1326              	.L81:
 1327 0024 00000000 		.word	ch
 1328              		.cfi_endproc
 1329              	.LFE199:
 1330              		.size	chSchRescheduleS, .-chSchRescheduleS
 1331              		.section	.text.chSchDoReschedule,"ax",%progbits
 1332              		.align	1
 1333              		.p2align 4,,15
 1334              		.global	chSchDoReschedule
 1335              		.syntax unified
 1336              		.thumb
 1337              		.thumb_func
 1338              		.type	chSchDoReschedule, %function
 1339              	chSchDoReschedule:
 1340              	.LFB203:
 1341              		.loc 1 516 30 is_stmt 1 view -0
 1342              		.cfi_startproc
 1343              		@ args = 0, pretend = 0, frame = 0
 1344              		@ frame_needed = 0, uses_anonymous_args = 0
 1345              		@ link register save eliminated.
 1346              		.loc 1 521 3 view .LVU393
 1347              		.loc 1 521 7 is_stmt 0 view .LVU394
 1348 0000 034B     		ldr	r3, .L85
 1349              		.loc 1 521 12 view .LVU395
 1350 0002 9B69     		ldr	r3, [r3, #24]
 1351              		.loc 1 521 6 view .LVU396
 1352 0004 9B7F     		ldrb	r3, [r3, #30]	@ zero_extendqisi2
 1353 0006 0BB9     		cbnz	r3, .L84
 1354              		.loc 1 524 5 is_stmt 1 view .LVU397
 1355 0008 FFF7FEBF 		b	chSchDoRescheduleBehind
 1356              	.LVL82:
 1357              	.L84:
 1358              		.loc 1 529 5 view .LVU398
 1359 000c FFF7FEBF 		b	chSchDoRescheduleAhead
 1360              	.LVL83:
 1361              	.L86:
 1362              		.align	2
 1363              	.L85:
 1364 0010 00000000 		.word	ch
 1365              		.cfi_endproc
 1366              	.LFE203:
 1367              		.size	chSchDoReschedule, .-chSchDoReschedule
 1368              		.section	.rodata.__func__.0,"a"
ARM GAS  /tmp/ccQ7MHSf.s 			page 25


 1369              		.align	2
 1370              		.type	__func__.0, %object
 1371              		.size	__func__.0, 12
 1372              	__func__.0:
 1373 0000 63685363 		.ascii	"chSchReadyI\000"
 1373      68526561 
 1373      64794900 
 1374              		.global	ch
 1375              		.section	.bss.ch,"aw",%nobits
 1376              		.align	3
 1377              		.type	ch, %object
 1378              		.size	ch, 432
 1379              	ch:
 1380 0000 00000000 		.space	432
 1380      00000000 
 1380      00000000 
 1380      00000000 
 1380      00000000 
 1381              		.text
 1382              	.Letext0:
 1383              		.file 8 "/opt/arm-gnu-toolchain-13.2.Rel1-x86_64-arm-none-eabi/lib/gcc/arm-none-eabi/13.2.1/includ
 1384              		.file 9 "/opt/arm-gnu-toolchain-13.2.Rel1-x86_64-arm-none-eabi/arm-none-eabi/include/machine/_defa
 1385              		.file 10 "/opt/arm-gnu-toolchain-13.2.Rel1-x86_64-arm-none-eabi/arm-none-eabi/include/sys/_stdint.
 1386              		.file 11 "../RC_Controller/ChibiOS_3.0.5/os/rt/ports/ARMCMx/compilers/GCC/chtypes.h"
 1387              		.file 12 "../RC_Controller/ChibiOS_3.0.5/os/rt/include/chsystypes.h"
 1388              		.file 13 "../RC_Controller/ChibiOS_3.0.5/os/rt/ports/ARMCMx/chcore.h"
 1389              		.file 14 "../RC_Controller/ChibiOS_3.0.5/os/rt/include/chtm.h"
 1390              		.file 15 "../RC_Controller/ChibiOS_3.0.5/os/rt/include/chmtx.h"
 1391              		.file 16 "../RC_Controller/ChibiOS_3.0.5/os/rt/include/chdebug.h"
 1392              		.section	.debug_info,"",%progbits
 1393              	.Ldebug_info0:
 1394 0000 C4100000 		.4byte	0x10c4
 1395 0004 0500     		.2byte	0x5
 1396 0006 01       		.byte	0x1
 1397 0007 04       		.byte	0x4
 1398 0008 00000000 		.4byte	.Ldebug_abbrev0
 1399 000c 31       		.uleb128 0x31
 1400 000d 2D010000 		.4byte	.LASF136
 1401 0011 0C       		.byte	0xc
 1402 0012 21040000 		.4byte	.LASF137
 1403 0016 87020000 		.4byte	.LASF138
 1404 001a 8A000000 		.4byte	.LLRL43
 1405 001e 00000000 		.4byte	0
 1406 0022 00000000 		.4byte	.Ldebug_line0
 1407 0026 07       		.uleb128 0x7
 1408 0027 08       		.byte	0x8
 1409 0028 07       		.byte	0x7
 1410 0029 AD000000 		.4byte	.LASF0
 1411 002d 07       		.uleb128 0x7
 1412 002e 04       		.byte	0x4
 1413 002f 07       		.byte	0x7
 1414 0030 93030000 		.4byte	.LASF1
 1415 0034 07       		.uleb128 0x7
 1416 0035 01       		.byte	0x1
 1417 0036 08       		.byte	0x8
 1418 0037 B4050000 		.4byte	.LASF2
 1419 003b 32       		.uleb128 0x32
ARM GAS  /tmp/ccQ7MHSf.s 			page 26


 1420 003c 04       		.byte	0x4
 1421 003d 05       		.byte	0x5
 1422 003e 696E7400 		.ascii	"int\000"
 1423 0042 01       		.uleb128 0x1
 1424 0043 1A000000 		.4byte	.LASF4
 1425 0047 08       		.byte	0x8
 1426 0048 D6       		.byte	0xd6
 1427 0049 17       		.byte	0x17
 1428 004a 2D000000 		.4byte	0x2d
 1429 004e 07       		.uleb128 0x7
 1430 004f 01       		.byte	0x1
 1431 0050 06       		.byte	0x6
 1432 0051 56020000 		.4byte	.LASF3
 1433 0055 01       		.uleb128 0x1
 1434 0056 48000000 		.4byte	.LASF5
 1435 005a 09       		.byte	0x9
 1436 005b 2B       		.byte	0x2b
 1437 005c 18       		.byte	0x18
 1438 005d 34000000 		.4byte	0x34
 1439 0061 07       		.uleb128 0x7
 1440 0062 02       		.byte	0x2
 1441 0063 05       		.byte	0x5
 1442 0064 CB050000 		.4byte	.LASF6
 1443 0068 07       		.uleb128 0x7
 1444 0069 02       		.byte	0x2
 1445 006a 07       		.byte	0x7
 1446 006b E0030000 		.4byte	.LASF7
 1447 006f 01       		.uleb128 0x1
 1448 0070 E5000000 		.4byte	.LASF8
 1449 0074 09       		.byte	0x9
 1450 0075 4D       		.byte	0x4d
 1451 0076 18       		.byte	0x18
 1452 0077 7B000000 		.4byte	0x7b
 1453 007b 07       		.uleb128 0x7
 1454 007c 04       		.byte	0x4
 1455 007d 05       		.byte	0x5
 1456 007e D3020000 		.4byte	.LASF9
 1457 0082 01       		.uleb128 0x1
 1458 0083 82030000 		.4byte	.LASF10
 1459 0087 09       		.byte	0x9
 1460 0088 4F       		.byte	0x4f
 1461 0089 19       		.byte	0x19
 1462 008a 8E000000 		.4byte	0x8e
 1463 008e 07       		.uleb128 0x7
 1464 008f 04       		.byte	0x4
 1465 0090 07       		.byte	0x7
 1466 0091 AC060000 		.4byte	.LASF11
 1467 0095 07       		.uleb128 0x7
 1468 0096 08       		.byte	0x8
 1469 0097 05       		.byte	0x5
 1470 0098 65030000 		.4byte	.LASF12
 1471 009c 01       		.uleb128 0x1
 1472 009d 59050000 		.4byte	.LASF13
 1473 00a1 09       		.byte	0x9
 1474 00a2 69       		.byte	0x69
 1475 00a3 19       		.byte	0x19
 1476 00a4 26000000 		.4byte	0x26
ARM GAS  /tmp/ccQ7MHSf.s 			page 27


 1477 00a8 01       		.uleb128 0x1
 1478 00a9 94070000 		.4byte	.LASF14
 1479 00ad 0A       		.byte	0xa
 1480 00ae 18       		.byte	0x18
 1481 00af 13       		.byte	0x13
 1482 00b0 55000000 		.4byte	0x55
 1483 00b4 01       		.uleb128 0x1
 1484 00b5 AC050000 		.4byte	.LASF15
 1485 00b9 0A       		.byte	0xa
 1486 00ba 2C       		.byte	0x2c
 1487 00bb 13       		.byte	0x13
 1488 00bc 6F000000 		.4byte	0x6f
 1489 00c0 01       		.uleb128 0x1
 1490 00c1 78060000 		.4byte	.LASF16
 1491 00c5 0A       		.byte	0xa
 1492 00c6 30       		.byte	0x30
 1493 00c7 14       		.byte	0x14
 1494 00c8 82000000 		.4byte	0x82
 1495 00cc 01       		.uleb128 0x1
 1496 00cd 28000000 		.4byte	.LASF17
 1497 00d1 0A       		.byte	0xa
 1498 00d2 3C       		.byte	0x3c
 1499 00d3 14       		.byte	0x14
 1500 00d4 9C000000 		.4byte	0x9c
 1501 00d8 01       		.uleb128 0x1
 1502 00d9 AD040000 		.4byte	.LASF18
 1503 00dd 0B       		.byte	0xb
 1504 00de 45       		.byte	0x45
 1505 00df 1D       		.byte	0x1d
 1506 00e0 C0000000 		.4byte	0xc0
 1507 00e4 01       		.uleb128 0x1
 1508 00e5 FF050000 		.4byte	.LASF19
 1509 00e9 0B       		.byte	0xb
 1510 00ea 48       		.byte	0x48
 1511 00eb 1D       		.byte	0x1d
 1512 00ec A8000000 		.4byte	0xa8
 1513 00f0 01       		.uleb128 0x1
 1514 00f1 EA020000 		.4byte	.LASF20
 1515 00f5 0B       		.byte	0xb
 1516 00f6 49       		.byte	0x49
 1517 00f7 1D       		.byte	0x1d
 1518 00f8 A8000000 		.4byte	0xa8
 1519 00fc 01       		.uleb128 0x1
 1520 00fd 7D020000 		.4byte	.LASF21
 1521 0101 0B       		.byte	0xb
 1522 0102 4B       		.byte	0x4b
 1523 0103 1D       		.byte	0x1d
 1524 0104 A8000000 		.4byte	0xa8
 1525 0108 01       		.uleb128 0x1
 1526 0109 7B050000 		.4byte	.LASF22
 1527 010d 0B       		.byte	0xb
 1528 010e 4C       		.byte	0x4c
 1529 010f 1D       		.byte	0x1d
 1530 0110 C0000000 		.4byte	0xc0
 1531 0114 01       		.uleb128 0x1
 1532 0115 0A040000 		.4byte	.LASF23
 1533 0119 0B       		.byte	0xb
ARM GAS  /tmp/ccQ7MHSf.s 			page 28


 1534 011a 4D       		.byte	0x4d
 1535 011b 1D       		.byte	0x1d
 1536 011c B4000000 		.4byte	0xb4
 1537 0120 01       		.uleb128 0x1
 1538 0121 8D030000 		.4byte	.LASF24
 1539 0125 0B       		.byte	0xb
 1540 0126 51       		.byte	0x51
 1541 0127 1D       		.byte	0x1d
 1542 0128 B4000000 		.4byte	0xb4
 1543 012c 01       		.uleb128 0x1
 1544 012d F3060000 		.4byte	.LASF25
 1545 0131 0C       		.byte	0xc
 1546 0132 33       		.byte	0x33
 1547 0133 12       		.byte	0x12
 1548 0134 C0000000 		.4byte	0xc0
 1549 0138 24       		.uleb128 0x24
 1550 0139 2C010000 		.4byte	0x12c
 1551 013d 01       		.uleb128 0x1
 1552 013e D8060000 		.4byte	.LASF26
 1553 0142 0C       		.byte	0xc
 1554 0143 3F       		.byte	0x3f
 1555 0144 1A       		.byte	0x1a
 1556 0145 49010000 		.4byte	0x149
 1557 0149 0E       		.uleb128 0xe
 1558 014a F3030000 		.4byte	.LASF41
 1559 014e 2C       		.byte	0x2c
 1560 014f 02       		.byte	0x2
 1561 0150 C2       		.byte	0xc2
 1562 0151 08       		.byte	0x8
 1563 0152 01020000 		.4byte	0x201
 1564 0156 03       		.uleb128 0x3
 1565 0157 F8050000 		.4byte	.LASF27
 1566 015b 02       		.byte	0x2
 1567 015c C3       		.byte	0xc3
 1568 015d 1A       		.byte	0x1a
 1569 015e 0D020000 		.4byte	0x20d
 1570 0162 00       		.byte	0
 1571 0163 03       		.uleb128 0x3
 1572 0164 74050000 		.4byte	.LASF28
 1573 0168 02       		.byte	0x2
 1574 0169 C5       		.byte	0xc5
 1575 016a 1A       		.byte	0x1a
 1576 016b 0D020000 		.4byte	0x20d
 1577 016f 04       		.byte	0x4
 1578 0170 03       		.uleb128 0x3
 1579 0171 16010000 		.4byte	.LASF29
 1580 0175 02       		.byte	0x2
 1581 0176 C7       		.byte	0xc7
 1582 0177 19       		.byte	0x19
 1583 0178 08010000 		.4byte	0x108
 1584 017c 08       		.byte	0x8
 1585 017d 03       		.uleb128 0x3
 1586 017e 0B080000 		.4byte	.LASF30
 1587 0182 02       		.byte	0x2
 1588 0183 C8       		.byte	0xc8
 1589 0184 19       		.byte	0x19
 1590 0185 5C040000 		.4byte	0x45c
ARM GAS  /tmp/ccQ7MHSf.s 			page 29


 1591 0189 0C       		.byte	0xc
 1592 018a 03       		.uleb128 0x3
 1593 018b 0D030000 		.4byte	.LASF31
 1594 018f 02       		.byte	0x2
 1595 0190 CA       		.byte	0xca
 1596 0191 1A       		.byte	0x1a
 1597 0192 0D020000 		.4byte	0x20d
 1598 0196 10       		.byte	0x10
 1599 0197 03       		.uleb128 0x3
 1600 0198 F7040000 		.4byte	.LASF32
 1601 019c 02       		.byte	0x2
 1602 019d CB       		.byte	0xcb
 1603 019e 1A       		.byte	0x1a
 1604 019f 0D020000 		.4byte	0x20d
 1605 01a3 14       		.byte	0x14
 1606 01a4 03       		.uleb128 0x3
 1607 01a5 AD070000 		.4byte	.LASF33
 1608 01a9 02       		.byte	0x2
 1609 01aa D2       		.byte	0xd2
 1610 01ab 1A       		.byte	0x1a
 1611 01ac B8060000 		.4byte	0x6b8
 1612 01b0 18       		.byte	0x18
 1613 01b1 03       		.uleb128 0x3
 1614 01b2 D5050000 		.4byte	.LASF34
 1615 01b6 02       		.byte	0x2
 1616 01b7 DD       		.byte	0xdd
 1617 01b8 19       		.byte	0x19
 1618 01b9 F0000000 		.4byte	0xf0
 1619 01bd 1C       		.byte	0x1c
 1620 01be 03       		.uleb128 0x3
 1621 01bf 07060000 		.4byte	.LASF35
 1622 01c3 02       		.byte	0x2
 1623 01c4 E1       		.byte	0xe1
 1624 01c5 19       		.byte	0x19
 1625 01c6 E4000000 		.4byte	0xe4
 1626 01ca 1D       		.byte	0x1d
 1627 01cb 03       		.uleb128 0x3
 1628 01cc DD050000 		.4byte	.LASF36
 1629 01d0 02       		.byte	0x2
 1630 01d1 EC       		.byte	0xec
 1631 01d2 19       		.byte	0x19
 1632 01d3 FC000000 		.4byte	0xfc
 1633 01d7 1E       		.byte	0x1e
 1634 01d8 04       		.uleb128 0x4
 1635 01d9 705F7500 		.ascii	"p_u\000"
 1636 01dd 02       		.byte	0x2
 1637 01de 3101     		.2byte	0x131
 1638 01e0 19       		.byte	0x19
 1639 01e1 FA050000 		.4byte	0x5fa
 1640 01e5 20       		.byte	0x20
 1641 01e6 02       		.uleb128 0x2
 1642 01e7 77040000 		.4byte	.LASF37
 1643 01eb 4D01     		.2byte	0x14d
 1644 01ed 1A       		.byte	0x1a
 1645 01ee B3060000 		.4byte	0x6b3
 1646 01f2 24       		.byte	0x24
 1647 01f3 02       		.uleb128 0x2
ARM GAS  /tmp/ccQ7MHSf.s 			page 30


 1648 01f4 FD060000 		.4byte	.LASF38
 1649 01f8 5101     		.2byte	0x151
 1650 01fa 19       		.byte	0x19
 1651 01fb 08010000 		.4byte	0x108
 1652 01ff 28       		.byte	0x28
 1653 0200 00       		.byte	0
 1654 0201 01       		.uleb128 0x1
 1655 0202 B5040000 		.4byte	.LASF39
 1656 0206 0C       		.byte	0xc
 1657 0207 44       		.byte	0x44
 1658 0208 14       		.byte	0x14
 1659 0209 0D020000 		.4byte	0x20d
 1660 020d 06       		.uleb128 0x6
 1661 020e 3D010000 		.4byte	0x13d
 1662 0212 01       		.uleb128 0x1
 1663 0213 97040000 		.4byte	.LASF40
 1664 0217 0C       		.byte	0xc
 1665 0218 49       		.byte	0x49
 1666 0219 20       		.byte	0x20
 1667 021a 1E020000 		.4byte	0x21e
 1668 021e 0E       		.uleb128 0xe
 1669 021f 9C060000 		.4byte	.LASF42
 1670 0223 04       		.byte	0x4
 1671 0224 02       		.byte	0x2
 1672 0225 B0       		.byte	0xb0
 1673 0226 08       		.byte	0x8
 1674 0227 39020000 		.4byte	0x239
 1675 022b 03       		.uleb128 0x3
 1676 022c F8050000 		.4byte	.LASF27
 1677 0230 02       		.byte	0x2
 1678 0231 B1       		.byte	0xb1
 1679 0232 1A       		.byte	0x1a
 1680 0233 0D020000 		.4byte	0x20d
 1681 0237 00       		.byte	0
 1682 0238 00       		.byte	0
 1683 0239 01       		.uleb128 0x1
 1684 023a 6D070000 		.4byte	.LASF43
 1685 023e 0C       		.byte	0xc
 1686 023f 50       		.byte	0x50
 1687 0240 21       		.byte	0x21
 1688 0241 45020000 		.4byte	0x245
 1689 0245 0E       		.uleb128 0xe
 1690 0246 05010000 		.4byte	.LASF44
 1691 024a 08       		.byte	0x8
 1692 024b 02       		.byte	0x2
 1693 024c B7       		.byte	0xb7
 1694 024d 08       		.byte	0x8
 1695 024e 6D020000 		.4byte	0x26d
 1696 0252 03       		.uleb128 0x3
 1697 0253 F8050000 		.4byte	.LASF27
 1698 0257 02       		.byte	0x2
 1699 0258 B8       		.byte	0xb8
 1700 0259 1A       		.byte	0x1a
 1701 025a 0D020000 		.4byte	0x20d
 1702 025e 00       		.byte	0
 1703 025f 03       		.uleb128 0x3
 1704 0260 74050000 		.4byte	.LASF28
ARM GAS  /tmp/ccQ7MHSf.s 			page 31


 1705 0264 02       		.byte	0x2
 1706 0265 B9       		.byte	0xb9
 1707 0266 1A       		.byte	0x1a
 1708 0267 0D020000 		.4byte	0x20d
 1709 026b 04       		.byte	0x4
 1710 026c 00       		.byte	0
 1711 026d 01       		.uleb128 0x1
 1712 026e 00000000 		.4byte	.LASF45
 1713 0272 0C       		.byte	0xc
 1714 0273 57       		.byte	0x57
 1715 0274 1E       		.byte	0x1e
 1716 0275 79020000 		.4byte	0x279
 1717 0279 1B       		.uleb128 0x1b
 1718 027a CC030000 		.4byte	.LASF46
 1719 027e 1C       		.byte	0x1c
 1720 027f 9001     		.2byte	0x190
 1721 0281 D4020000 		.4byte	0x2d4
 1722 0285 02       		.uleb128 0x2
 1723 0286 88060000 		.4byte	.LASF47
 1724 028a 9101     		.2byte	0x191
 1725 028c 19       		.byte	0x19
 1726 028d 39020000 		.4byte	0x239
 1727 0291 00       		.byte	0
 1728 0292 02       		.uleb128 0x2
 1729 0293 A6040000 		.4byte	.LASF48
 1730 0297 9201     		.2byte	0x192
 1731 0299 19       		.byte	0x19
 1732 029a 08010000 		.4byte	0x108
 1733 029e 08       		.byte	0x8
 1734 029f 02       		.uleb128 0x2
 1735 02a0 FF040000 		.4byte	.LASF49
 1736 02a4 9401     		.2byte	0x194
 1737 02a6 19       		.byte	0x19
 1738 02a7 5C040000 		.4byte	0x45c
 1739 02ab 0C       		.byte	0xc
 1740 02ac 02       		.uleb128 0x2
 1741 02ad 3A030000 		.4byte	.LASF50
 1742 02b1 9701     		.2byte	0x197
 1743 02b3 1A       		.byte	0x1a
 1744 02b4 0D020000 		.4byte	0x20d
 1745 02b8 10       		.byte	0x10
 1746 02b9 02       		.uleb128 0x2
 1747 02ba 38050000 		.4byte	.LASF51
 1748 02be 9801     		.2byte	0x198
 1749 02c0 1A       		.byte	0x1a
 1750 02c1 0D020000 		.4byte	0x20d
 1751 02c5 14       		.byte	0x14
 1752 02c6 02       		.uleb128 0x2
 1753 02c7 2E050000 		.4byte	.LASF52
 1754 02cb 9B01     		.2byte	0x19b
 1755 02cd 1A       		.byte	0x1a
 1756 02ce 0D020000 		.4byte	0x20d
 1757 02d2 18       		.byte	0x18
 1758 02d3 00       		.byte	0
 1759 02d4 01       		.uleb128 0x1
 1760 02d5 08070000 		.4byte	.LASF53
 1761 02d9 0C       		.byte	0xc
ARM GAS  /tmp/ccQ7MHSf.s 			page 32


 1762 02da 5C       		.byte	0x5c
 1763 02db 10       		.byte	0x10
 1764 02dc E0020000 		.4byte	0x2e0
 1765 02e0 06       		.uleb128 0x6
 1766 02e1 E5020000 		.4byte	0x2e5
 1767 02e5 33       		.uleb128 0x33
 1768 02e6 F0020000 		.4byte	0x2f0
 1769 02ea 0B       		.uleb128 0xb
 1770 02eb F0020000 		.4byte	0x2f0
 1771 02ef 00       		.byte	0
 1772 02f0 34       		.uleb128 0x34
 1773 02f1 04       		.byte	0x4
 1774 02f2 01       		.uleb128 0x1
 1775 02f3 64050000 		.4byte	.LASF54
 1776 02f7 0C       		.byte	0xc
 1777 02f8 61       		.byte	0x61
 1778 02f9 21       		.byte	0x21
 1779 02fa FE020000 		.4byte	0x2fe
 1780 02fe 1B       		.uleb128 0x1b
 1781 02ff 4C060000 		.4byte	.LASF55
 1782 0303 14       		.byte	0x14
 1783 0304 6B01     		.2byte	0x16b
 1784 0306 4C030000 		.4byte	0x34c
 1785 030a 02       		.uleb128 0x2
 1786 030b A7030000 		.4byte	.LASF56
 1787 030f 6C01     		.2byte	0x16c
 1788 0311 1A       		.byte	0x1a
 1789 0312 CE060000 		.4byte	0x6ce
 1790 0316 00       		.byte	0
 1791 0317 02       		.uleb128 0x2
 1792 0318 5D030000 		.4byte	.LASF57
 1793 031c 6D01     		.2byte	0x16d
 1794 031e 1A       		.byte	0x1a
 1795 031f CE060000 		.4byte	0x6ce
 1796 0323 04       		.byte	0x4
 1797 0324 02       		.uleb128 0x2
 1798 0325 C3030000 		.4byte	.LASF58
 1799 0329 6E01     		.2byte	0x16e
 1800 032b 19       		.byte	0x19
 1801 032c 2C010000 		.4byte	0x12c
 1802 0330 08       		.byte	0x8
 1803 0331 02       		.uleb128 0x2
 1804 0332 11080000 		.4byte	.LASF59
 1805 0336 6F01     		.2byte	0x16f
 1806 0338 19       		.byte	0x19
 1807 0339 D4020000 		.4byte	0x2d4
 1808 033d 0C       		.byte	0xc
 1809 033e 02       		.uleb128 0x2
 1810 033f 4B070000 		.4byte	.LASF60
 1811 0343 7101     		.2byte	0x171
 1812 0345 1A       		.byte	0x1a
 1813 0346 F0020000 		.4byte	0x2f0
 1814 034a 10       		.byte	0x10
 1815 034b 00       		.byte	0
 1816 034c 01       		.uleb128 0x1
 1817 034d EF000000 		.4byte	.LASF61
 1818 0351 0C       		.byte	0xc
ARM GAS  /tmp/ccQ7MHSf.s 			page 33


 1819 0352 66       		.byte	0x66
 1820 0353 28       		.byte	0x28
 1821 0354 58030000 		.4byte	0x358
 1822 0358 1B       		.uleb128 0x1b
 1823 0359 C8040000 		.4byte	.LASF62
 1824 035d 10       		.byte	0x10
 1825 035e 7B01     		.2byte	0x17b
 1826 0360 99030000 		.4byte	0x399
 1827 0364 02       		.uleb128 0x2
 1828 0365 A7030000 		.4byte	.LASF56
 1829 0369 7C01     		.2byte	0x17c
 1830 036b 1A       		.byte	0x1a
 1831 036c CE060000 		.4byte	0x6ce
 1832 0370 00       		.byte	0
 1833 0371 02       		.uleb128 0x2
 1834 0372 5D030000 		.4byte	.LASF57
 1835 0376 7E01     		.2byte	0x17e
 1836 0378 1A       		.byte	0x1a
 1837 0379 CE060000 		.4byte	0x6ce
 1838 037d 04       		.byte	0x4
 1839 037e 02       		.uleb128 0x2
 1840 037f C3030000 		.4byte	.LASF58
 1841 0383 8001     		.2byte	0x180
 1842 0385 19       		.byte	0x19
 1843 0386 2C010000 		.4byte	0x12c
 1844 038a 08       		.byte	0x8
 1845 038b 02       		.uleb128 0x2
 1846 038c B4070000 		.4byte	.LASF63
 1847 0390 8201     		.2byte	0x182
 1848 0392 19       		.byte	0x19
 1849 0393 38010000 		.4byte	0x138
 1850 0397 0C       		.byte	0xc
 1851 0398 00       		.byte	0
 1852 0399 01       		.uleb128 0x1
 1853 039a 5E000000 		.4byte	.LASF64
 1854 039e 0C       		.byte	0xc
 1855 039f 6B       		.byte	0x6b
 1856 03a0 20       		.byte	0x20
 1857 03a1 A5030000 		.4byte	0x3a5
 1858 03a5 1B       		.uleb128 0x1b
 1859 03a6 96050000 		.4byte	.LASF65
 1860 03aa 0C       		.byte	0xc
 1861 03ab A201     		.2byte	0x1a2
 1862 03ad D9030000 		.4byte	0x3d9
 1863 03b1 02       		.uleb128 0x2
 1864 03b2 1F070000 		.4byte	.LASF66
 1865 03b6 AA01     		.2byte	0x1aa
 1866 03b8 24       		.byte	0x24
 1867 03b9 BD060000 		.4byte	0x6bd
 1868 03bd 00       		.byte	0
 1869 03be 02       		.uleb128 0x2
 1870 03bf 86070000 		.4byte	.LASF67
 1871 03c3 AF01     		.2byte	0x1af
 1872 03c5 19       		.byte	0x19
 1873 03c6 20010000 		.4byte	0x120
 1874 03ca 04       		.byte	0x4
 1875 03cb 02       		.uleb128 0x2
ARM GAS  /tmp/ccQ7MHSf.s 			page 34


 1876 03cc 79030000 		.4byte	.LASF68
 1877 03d0 B301     		.2byte	0x1b3
 1878 03d2 19       		.byte	0x19
 1879 03d3 20010000 		.4byte	0x120
 1880 03d7 08       		.byte	0x8
 1881 03d8 00       		.byte	0
 1882 03d9 01       		.uleb128 0x1
 1883 03da 53040000 		.4byte	.LASF69
 1884 03de 0C       		.byte	0xc
 1885 03df 70       		.byte	0x70
 1886 03e0 1A       		.byte	0x1a
 1887 03e1 E5030000 		.4byte	0x3e5
 1888 03e5 35       		.uleb128 0x35
 1889 03e6 C9020000 		.4byte	.LASF70
 1890 03ea B001     		.2byte	0x1b0
 1891 03ec 02       		.byte	0x2
 1892 03ed C201     		.2byte	0x1c2
 1893 03ef 08       		.byte	0x8
 1894 03f0 44040000 		.4byte	0x444
 1895 03f4 02       		.uleb128 0x2
 1896 03f5 8E070000 		.4byte	.LASF71
 1897 03f9 C601     		.2byte	0x1c6
 1898 03fb 19       		.byte	0x19
 1899 03fc 6D020000 		.4byte	0x26d
 1900 0400 00       		.byte	0
 1901 0401 02       		.uleb128 0x2
 1902 0402 6A020000 		.4byte	.LASF72
 1903 0406 CA01     		.2byte	0x1ca
 1904 0408 19       		.byte	0x19
 1905 0409 4C030000 		.4byte	0x34c
 1906 040d 1C       		.byte	0x1c
 1907 040e 04       		.uleb128 0x4
 1908 040f 64626700 		.ascii	"dbg\000"
 1909 0413 02       		.byte	0x2
 1910 0414 CE01     		.2byte	0x1ce
 1911 0416 19       		.byte	0x19
 1912 0417 99030000 		.4byte	0x399
 1913 041b 2C       		.byte	0x2c
 1914 041c 02       		.uleb128 0x2
 1915 041d DA000000 		.4byte	.LASF73
 1916 0421 D201     		.2byte	0x1d2
 1917 0423 19       		.byte	0x19
 1918 0424 3D010000 		.4byte	0x13d
 1919 0428 38       		.byte	0x38
 1920 0429 04       		.uleb128 0x4
 1921 042a 746D00   		.ascii	"tm\000"
 1922 042d 02       		.byte	0x2
 1923 042e D701     		.2byte	0x1d7
 1924 0430 19       		.byte	0x19
 1925 0431 EE050000 		.4byte	0x5ee
 1926 0435 64       		.byte	0x64
 1927 0436 02       		.uleb128 0x2
 1928 0437 78000000 		.4byte	.LASF74
 1929 043b E301     		.2byte	0x1e3
 1930 043d 03       		.byte	0x3
 1931 043e D3060000 		.4byte	0x6d3
 1932 0442 68       		.byte	0x68
ARM GAS  /tmp/ccQ7MHSf.s 			page 35


 1933 0443 00       		.byte	0
 1934 0444 01       		.uleb128 0x1
 1935 0445 42030000 		.4byte	.LASF75
 1936 0449 0D       		.byte	0xd
 1937 044a 65       		.byte	0x65
 1938 044b 0F       		.byte	0xf
 1939 044c F0020000 		.4byte	0x2f0
 1940 0450 01       		.uleb128 0x1
 1941 0451 8C040000 		.4byte	.LASF76
 1942 0455 0D       		.byte	0xd
 1943 0456 6D       		.byte	0x6d
 1944 0457 12       		.byte	0x12
 1945 0458 CC000000 		.4byte	0xcc
 1946 045c 0E       		.uleb128 0xe
 1947 045d 30070000 		.4byte	.LASF77
 1948 0461 04       		.byte	0x4
 1949 0462 0D       		.byte	0xd
 1950 0463 89       		.byte	0x89
 1951 0464 08       		.byte	0x8
 1952 0465 77040000 		.4byte	0x477
 1953 0469 08       		.uleb128 0x8
 1954 046a 72313300 		.ascii	"r13\000"
 1955 046e 0D       		.byte	0xd
 1956 046f 8A       		.byte	0x8a
 1957 0470 17       		.byte	0x17
 1958 0471 D2050000 		.4byte	0x5d2
 1959 0475 00       		.byte	0
 1960 0476 00       		.byte	0
 1961 0477 0E       		.uleb128 0xe
 1962 0478 52000000 		.4byte	.LASF78
 1963 047c 64       		.byte	0x64
 1964 047d 04       		.byte	0x4
 1965 047e F4       		.byte	0xf4
 1966 047f 08       		.byte	0x8
 1967 0480 D2050000 		.4byte	0x5d2
 1968 0484 08       		.uleb128 0x8
 1969 0485 73313600 		.ascii	"s16\000"
 1970 0489 04       		.byte	0x4
 1971 048a F6       		.byte	0xf6
 1972 048b 11       		.byte	0x11
 1973 048c 44040000 		.4byte	0x444
 1974 0490 00       		.byte	0
 1975 0491 08       		.uleb128 0x8
 1976 0492 73313700 		.ascii	"s17\000"
 1977 0496 04       		.byte	0x4
 1978 0497 F7       		.byte	0xf7
 1979 0498 11       		.byte	0x11
 1980 0499 44040000 		.4byte	0x444
 1981 049d 04       		.byte	0x4
 1982 049e 08       		.uleb128 0x8
 1983 049f 73313800 		.ascii	"s18\000"
 1984 04a3 04       		.byte	0x4
 1985 04a4 F8       		.byte	0xf8
 1986 04a5 11       		.byte	0x11
 1987 04a6 44040000 		.4byte	0x444
 1988 04aa 08       		.byte	0x8
 1989 04ab 08       		.uleb128 0x8
ARM GAS  /tmp/ccQ7MHSf.s 			page 36


 1990 04ac 73313900 		.ascii	"s19\000"
 1991 04b0 04       		.byte	0x4
 1992 04b1 F9       		.byte	0xf9
 1993 04b2 11       		.byte	0x11
 1994 04b3 44040000 		.4byte	0x444
 1995 04b7 0C       		.byte	0xc
 1996 04b8 08       		.uleb128 0x8
 1997 04b9 73323000 		.ascii	"s20\000"
 1998 04bd 04       		.byte	0x4
 1999 04be FA       		.byte	0xfa
 2000 04bf 11       		.byte	0x11
 2001 04c0 44040000 		.4byte	0x444
 2002 04c4 10       		.byte	0x10
 2003 04c5 08       		.uleb128 0x8
 2004 04c6 73323100 		.ascii	"s21\000"
 2005 04ca 04       		.byte	0x4
 2006 04cb FB       		.byte	0xfb
 2007 04cc 11       		.byte	0x11
 2008 04cd 44040000 		.4byte	0x444
 2009 04d1 14       		.byte	0x14
 2010 04d2 08       		.uleb128 0x8
 2011 04d3 73323200 		.ascii	"s22\000"
 2012 04d7 04       		.byte	0x4
 2013 04d8 FC       		.byte	0xfc
 2014 04d9 11       		.byte	0x11
 2015 04da 44040000 		.4byte	0x444
 2016 04de 18       		.byte	0x18
 2017 04df 08       		.uleb128 0x8
 2018 04e0 73323300 		.ascii	"s23\000"
 2019 04e4 04       		.byte	0x4
 2020 04e5 FD       		.byte	0xfd
 2021 04e6 11       		.byte	0x11
 2022 04e7 44040000 		.4byte	0x444
 2023 04eb 1C       		.byte	0x1c
 2024 04ec 08       		.uleb128 0x8
 2025 04ed 73323400 		.ascii	"s24\000"
 2026 04f1 04       		.byte	0x4
 2027 04f2 FE       		.byte	0xfe
 2028 04f3 11       		.byte	0x11
 2029 04f4 44040000 		.4byte	0x444
 2030 04f8 20       		.byte	0x20
 2031 04f9 08       		.uleb128 0x8
 2032 04fa 73323500 		.ascii	"s25\000"
 2033 04fe 04       		.byte	0x4
 2034 04ff FF       		.byte	0xff
 2035 0500 11       		.byte	0x11
 2036 0501 44040000 		.4byte	0x444
 2037 0505 24       		.byte	0x24
 2038 0506 04       		.uleb128 0x4
 2039 0507 73323600 		.ascii	"s26\000"
 2040 050b 04       		.byte	0x4
 2041 050c 0001     		.2byte	0x100
 2042 050e 11       		.byte	0x11
 2043 050f 44040000 		.4byte	0x444
 2044 0513 28       		.byte	0x28
 2045 0514 04       		.uleb128 0x4
 2046 0515 73323700 		.ascii	"s27\000"
ARM GAS  /tmp/ccQ7MHSf.s 			page 37


 2047 0519 04       		.byte	0x4
 2048 051a 0101     		.2byte	0x101
 2049 051c 11       		.byte	0x11
 2050 051d 44040000 		.4byte	0x444
 2051 0521 2C       		.byte	0x2c
 2052 0522 04       		.uleb128 0x4
 2053 0523 73323800 		.ascii	"s28\000"
 2054 0527 04       		.byte	0x4
 2055 0528 0201     		.2byte	0x102
 2056 052a 11       		.byte	0x11
 2057 052b 44040000 		.4byte	0x444
 2058 052f 30       		.byte	0x30
 2059 0530 04       		.uleb128 0x4
 2060 0531 73323900 		.ascii	"s29\000"
 2061 0535 04       		.byte	0x4
 2062 0536 0301     		.2byte	0x103
 2063 0538 11       		.byte	0x11
 2064 0539 44040000 		.4byte	0x444
 2065 053d 34       		.byte	0x34
 2066 053e 04       		.uleb128 0x4
 2067 053f 73333000 		.ascii	"s30\000"
 2068 0543 04       		.byte	0x4
 2069 0544 0401     		.2byte	0x104
 2070 0546 11       		.byte	0x11
 2071 0547 44040000 		.4byte	0x444
 2072 054b 38       		.byte	0x38
 2073 054c 04       		.uleb128 0x4
 2074 054d 73333100 		.ascii	"s31\000"
 2075 0551 04       		.byte	0x4
 2076 0552 0501     		.2byte	0x105
 2077 0554 11       		.byte	0x11
 2078 0555 44040000 		.4byte	0x444
 2079 0559 3C       		.byte	0x3c
 2080 055a 04       		.uleb128 0x4
 2081 055b 723400   		.ascii	"r4\000"
 2082 055e 04       		.byte	0x4
 2083 055f 0701     		.2byte	0x107
 2084 0561 11       		.byte	0x11
 2085 0562 44040000 		.4byte	0x444
 2086 0566 40       		.byte	0x40
 2087 0567 04       		.uleb128 0x4
 2088 0568 723500   		.ascii	"r5\000"
 2089 056b 04       		.byte	0x4
 2090 056c 0801     		.2byte	0x108
 2091 056e 11       		.byte	0x11
 2092 056f 44040000 		.4byte	0x444
 2093 0573 44       		.byte	0x44
 2094 0574 04       		.uleb128 0x4
 2095 0575 723600   		.ascii	"r6\000"
 2096 0578 04       		.byte	0x4
 2097 0579 0901     		.2byte	0x109
 2098 057b 11       		.byte	0x11
 2099 057c 44040000 		.4byte	0x444
 2100 0580 48       		.byte	0x48
 2101 0581 04       		.uleb128 0x4
 2102 0582 723700   		.ascii	"r7\000"
 2103 0585 04       		.byte	0x4
ARM GAS  /tmp/ccQ7MHSf.s 			page 38


 2104 0586 0A01     		.2byte	0x10a
 2105 0588 11       		.byte	0x11
 2106 0589 44040000 		.4byte	0x444
 2107 058d 4C       		.byte	0x4c
 2108 058e 04       		.uleb128 0x4
 2109 058f 723800   		.ascii	"r8\000"
 2110 0592 04       		.byte	0x4
 2111 0593 0B01     		.2byte	0x10b
 2112 0595 11       		.byte	0x11
 2113 0596 44040000 		.4byte	0x444
 2114 059a 50       		.byte	0x50
 2115 059b 04       		.uleb128 0x4
 2116 059c 723900   		.ascii	"r9\000"
 2117 059f 04       		.byte	0x4
 2118 05a0 0C01     		.2byte	0x10c
 2119 05a2 11       		.byte	0x11
 2120 05a3 44040000 		.4byte	0x444
 2121 05a7 54       		.byte	0x54
 2122 05a8 04       		.uleb128 0x4
 2123 05a9 72313000 		.ascii	"r10\000"
 2124 05ad 04       		.byte	0x4
 2125 05ae 0D01     		.2byte	0x10d
 2126 05b0 11       		.byte	0x11
 2127 05b1 44040000 		.4byte	0x444
 2128 05b5 58       		.byte	0x58
 2129 05b6 04       		.uleb128 0x4
 2130 05b7 72313100 		.ascii	"r11\000"
 2131 05bb 04       		.byte	0x4
 2132 05bc 0E01     		.2byte	0x10e
 2133 05be 11       		.byte	0x11
 2134 05bf 44040000 		.4byte	0x444
 2135 05c3 5C       		.byte	0x5c
 2136 05c4 04       		.uleb128 0x4
 2137 05c5 6C7200   		.ascii	"lr\000"
 2138 05c8 04       		.byte	0x4
 2139 05c9 0F01     		.2byte	0x10f
 2140 05cb 11       		.byte	0x11
 2141 05cc 44040000 		.4byte	0x444
 2142 05d0 60       		.byte	0x60
 2143 05d1 00       		.byte	0
 2144 05d2 06       		.uleb128 0x6
 2145 05d3 77040000 		.4byte	0x477
 2146 05d7 36       		.uleb128 0x36
 2147 05d8 04       		.byte	0x4
 2148 05d9 0E       		.byte	0xe
 2149 05da 38       		.byte	0x38
 2150 05db 09       		.byte	0x9
 2151 05dc EE050000 		.4byte	0x5ee
 2152 05e0 03       		.uleb128 0x3
 2153 05e1 29070000 		.4byte	.LASF79
 2154 05e5 0E       		.byte	0xe
 2155 05e6 3C       		.byte	0x3c
 2156 05e7 19       		.byte	0x19
 2157 05e8 D8000000 		.4byte	0xd8
 2158 05ec 00       		.byte	0
 2159 05ed 00       		.byte	0
 2160 05ee 01       		.uleb128 0x1
ARM GAS  /tmp/ccQ7MHSf.s 			page 39


 2161 05ef 05050000 		.4byte	.LASF80
 2162 05f3 0E       		.byte	0xe
 2163 05f4 3D       		.byte	0x3d
 2164 05f5 03       		.byte	0x3
 2165 05f6 D7050000 		.4byte	0x5d7
 2166 05fa 37       		.uleb128 0x37
 2167 05fb 04       		.byte	0x4
 2168 05fc 02       		.byte	0x2
 2169 05fd FA       		.byte	0xfa
 2170 05fe 03       		.byte	0x3
 2171 05ff 4C060000 		.4byte	0x64c
 2172 0603 0F       		.uleb128 0xf
 2173 0604 21000000 		.4byte	.LASF81
 2174 0608 0101     		.2byte	0x101
 2175 060a 19       		.byte	0x19
 2176 060b 14010000 		.4byte	0x114
 2177 060f 0F       		.uleb128 0xf
 2178 0610 D1000000 		.4byte	.LASF82
 2179 0614 0801     		.2byte	0x108
 2180 0616 19       		.byte	0x19
 2181 0617 14010000 		.4byte	0x114
 2182 061b 0F       		.uleb128 0xf
 2183 061c 5F040000 		.4byte	.LASF83
 2184 0620 0F01     		.2byte	0x10f
 2185 0622 1A       		.byte	0x1a
 2186 0623 F0020000 		.4byte	0x2f0
 2187 0627 0F       		.uleb128 0xf
 2188 0628 C3020000 		.4byte	.LASF84
 2189 062c 1601     		.2byte	0x116
 2190 062e 1A       		.byte	0x1a
 2191 062f 4C060000 		.4byte	0x64c
 2192 0633 0F       		.uleb128 0xf
 2193 0634 AF030000 		.4byte	.LASF85
 2194 0638 1E01     		.2byte	0x11e
 2195 063a 1A       		.byte	0x1a
 2196 063b 79060000 		.4byte	0x679
 2197 063f 0F       		.uleb128 0xf
 2198 0640 81060000 		.4byte	.LASF86
 2199 0644 2701     		.2byte	0x127
 2200 0646 1A       		.byte	0x1a
 2201 0647 B3060000 		.4byte	0x6b3
 2202 064b 00       		.byte	0
 2203 064c 06       		.uleb128 0x6
 2204 064d 01020000 		.4byte	0x201
 2205 0651 0E       		.uleb128 0xe
 2206 0652 5D060000 		.4byte	.LASF87
 2207 0656 0C       		.byte	0xc
 2208 0657 06       		.byte	0x6
 2209 0658 34       		.byte	0x34
 2210 0659 10       		.byte	0x10
 2211 065a 79060000 		.4byte	0x679
 2212 065e 03       		.uleb128 0x3
 2213 065f 15030000 		.4byte	.LASF88
 2214 0663 06       		.byte	0x6
 2215 0664 35       		.byte	0x35
 2216 0665 19       		.byte	0x19
 2217 0666 39020000 		.4byte	0x239
ARM GAS  /tmp/ccQ7MHSf.s 			page 40


 2218 066a 00       		.byte	0
 2219 066b 03       		.uleb128 0x3
 2220 066c DA030000 		.4byte	.LASF89
 2221 0670 06       		.byte	0x6
 2222 0671 37       		.byte	0x37
 2223 0672 19       		.byte	0x19
 2224 0673 20010000 		.4byte	0x120
 2225 0677 08       		.byte	0x8
 2226 0678 00       		.byte	0
 2227 0679 06       		.uleb128 0x6
 2228 067a 51060000 		.4byte	0x651
 2229 067e 0E       		.uleb128 0xe
 2230 067f 7D070000 		.4byte	.LASF90
 2231 0683 10       		.byte	0x10
 2232 0684 0F       		.byte	0xf
 2233 0685 39       		.byte	0x39
 2234 0686 08       		.byte	0x8
 2235 0687 B3060000 		.4byte	0x6b3
 2236 068b 03       		.uleb128 0x3
 2237 068c 62020000 		.4byte	.LASF91
 2238 0690 0F       		.byte	0xf
 2239 0691 3A       		.byte	0x3a
 2240 0692 19       		.byte	0x19
 2241 0693 39020000 		.4byte	0x239
 2242 0697 00       		.byte	0
 2243 0698 03       		.uleb128 0x3
 2244 0699 03080000 		.4byte	.LASF92
 2245 069d 0F       		.byte	0xf
 2246 069e 3C       		.byte	0x3c
 2247 069f 1A       		.byte	0x1a
 2248 06a0 0D020000 		.4byte	0x20d
 2249 06a4 08       		.byte	0x8
 2250 06a5 03       		.uleb128 0x3
 2251 06a6 16050000 		.4byte	.LASF93
 2252 06aa 0F       		.byte	0xf
 2253 06ab 3E       		.byte	0x3e
 2254 06ac 1A       		.byte	0x1a
 2255 06ad 07070000 		.4byte	0x707
 2256 06b1 0C       		.byte	0xc
 2257 06b2 00       		.byte	0
 2258 06b3 06       		.uleb128 0x6
 2259 06b4 7E060000 		.4byte	0x67e
 2260 06b8 06       		.uleb128 0x6
 2261 06b9 C9060000 		.4byte	0x6c9
 2262 06bd 24       		.uleb128 0x24
 2263 06be B8060000 		.4byte	0x6b8
 2264 06c2 07       		.uleb128 0x7
 2265 06c3 01       		.byte	0x1
 2266 06c4 08       		.byte	0x8
 2267 06c5 BE060000 		.4byte	.LASF94
 2268 06c9 25       		.uleb128 0x25
 2269 06ca C2060000 		.4byte	0x6c2
 2270 06ce 06       		.uleb128 0x6
 2271 06cf F2020000 		.4byte	0x2f2
 2272 06d3 26       		.uleb128 0x26
 2273 06d4 50040000 		.4byte	0x450
 2274 06d8 E3060000 		.4byte	0x6e3
ARM GAS  /tmp/ccQ7MHSf.s 			page 41


 2275 06dc 27       		.uleb128 0x27
 2276 06dd 2D000000 		.4byte	0x2d
 2277 06e1 28       		.byte	0x28
 2278 06e2 00       		.byte	0
 2279 06e3 38       		.uleb128 0x38
 2280 06e4 636800   		.ascii	"ch\000"
 2281 06e7 02       		.byte	0x2
 2282 06e8 0902     		.2byte	0x209
 2283 06ea 14       		.byte	0x14
 2284 06eb D9030000 		.4byte	0x3d9
 2285 06ef 01       		.uleb128 0x1
 2286 06f0 40060000 		.4byte	.LASF95
 2287 06f4 06       		.byte	0x6
 2288 06f5 38       		.byte	0x38
 2289 06f6 03       		.byte	0x3
 2290 06f7 51060000 		.4byte	0x651
 2291 06fb 01       		.uleb128 0x1
 2292 06fc FB070000 		.4byte	.LASF96
 2293 0700 0F       		.byte	0xf
 2294 0701 34       		.byte	0x34
 2295 0702 19       		.byte	0x19
 2296 0703 7E060000 		.4byte	0x67e
 2297 0707 06       		.uleb128 0x6
 2298 0708 FB060000 		.4byte	0x6fb
 2299 070c 39       		.uleb128 0x39
 2300 070d E3060000 		.4byte	0x6e3
 2301 0711 01       		.byte	0x1
 2302 0712 2A       		.byte	0x2a
 2303 0713 0D       		.byte	0xd
 2304 0714 05       		.uleb128 0x5
 2305 0715 03       		.byte	0x3
 2306 0716 00000000 		.4byte	ch
 2307 071a 1C       		.uleb128 0x1c
 2308 071b 52070000 		.4byte	.LASF97
 2309 071f DB       		.byte	0xdb
 2310 0720 1C       		.uleb128 0x1c
 2311 0721 40050000 		.4byte	.LASF98
 2312 0725 DA       		.byte	0xda
 2313 0726 28       		.uleb128 0x28
 2314 0727 C4000000 		.4byte	.LASF99
 2315 072b BE       		.byte	0xbe
 2316 072c 36070000 		.4byte	0x736
 2317 0730 0B       		.uleb128 0xb
 2318 0731 CE060000 		.4byte	0x6ce
 2319 0735 00       		.byte	0
 2320 0736 28       		.uleb128 0x28
 2321 0737 81040000 		.4byte	.LASF100
 2322 073b BC       		.byte	0xbc
 2323 073c 55070000 		.4byte	0x755
 2324 0740 0B       		.uleb128 0xb
 2325 0741 CE060000 		.4byte	0x6ce
 2326 0745 0B       		.uleb128 0xb
 2327 0746 2C010000 		.4byte	0x12c
 2328 074a 0B       		.uleb128 0xb
 2329 074b D4020000 		.4byte	0x2d4
 2330 074f 0B       		.uleb128 0xb
 2331 0750 F0020000 		.4byte	0x2f0
ARM GAS  /tmp/ccQ7MHSf.s 			page 42


 2332 0754 00       		.byte	0
 2333 0755 29       		.uleb128 0x29
 2334 0756 B6030000 		.4byte	.LASF101
 2335 075a 04       		.byte	0x4
 2336 075b 6701     		.2byte	0x167
 2337 075d 6C070000 		.4byte	0x76c
 2338 0761 0B       		.uleb128 0xb
 2339 0762 0D020000 		.4byte	0x20d
 2340 0766 0B       		.uleb128 0xb
 2341 0767 0D020000 		.4byte	0x20d
 2342 076b 00       		.byte	0
 2343 076c 14       		.uleb128 0x14
 2344 076d 25060000 		.4byte	.LASF102
 2345 0771 3B000000 		.4byte	0x3b
 2346 0775 7B070000 		.4byte	0x77b
 2347 0779 15       		.uleb128 0x15
 2348 077a 00       		.byte	0
 2349 077b 1C       		.uleb128 0x1c
 2350 077c 66040000 		.4byte	.LASF103
 2351 0780 DF       		.byte	0xdf
 2352 0781 29       		.uleb128 0x29
 2353 0782 91000000 		.4byte	.LASF104
 2354 0786 03       		.byte	0x3
 2355 0787 1601     		.2byte	0x116
 2356 0789 93070000 		.4byte	0x793
 2357 078d 0B       		.uleb128 0xb
 2358 078e B8060000 		.4byte	0x6b8
 2359 0792 00       		.byte	0
 2360 0793 1C       		.uleb128 0x1c
 2361 0794 10040000 		.4byte	.LASF105
 2362 0798 DE       		.byte	0xde
 2363 0799 16       		.uleb128 0x16
 2364 079a 4B030000 		.4byte	.LASF106
 2365 079e 0402     		.2byte	0x204
 2366 07a0 00000000 		.4byte	.LFB203
 2367 07a4 14000000 		.4byte	.LFE203-.LFB203
 2368 07a8 01       		.uleb128 0x1
 2369 07a9 9C       		.byte	0x9c
 2370 07aa C1070000 		.4byte	0x7c1
 2371 07ae 10       		.uleb128 0x10
 2372 07af 0C000000 		.4byte	.LVL82
 2373 07b3 60080000 		.4byte	0x860
 2374 07b7 10       		.uleb128 0x10
 2375 07b8 10000000 		.4byte	.LVL83
 2376 07bc C1070000 		.4byte	0x7c1
 2377 07c0 00       		.byte	0
 2378 07c1 16       		.uleb128 0x16
 2379 07c2 31000000 		.4byte	.LASF107
 2380 07c6 DF01     		.2byte	0x1df
 2381 07c8 00000000 		.4byte	.LFB202
 2382 07cc 48000000 		.4byte	.LFE202-.LFB202
 2383 07d0 01       		.uleb128 0x1
 2384 07d1 9C       		.byte	0x9c
 2385 07d2 60080000 		.4byte	0x860
 2386 07d6 11       		.uleb128 0x11
 2387 07d7 6F747000 		.ascii	"otp\000"
 2388 07db E001     		.2byte	0x1e0
ARM GAS  /tmp/ccQ7MHSf.s 			page 43


 2389 07dd 0D       		.byte	0xd
 2390 07de 0D020000 		.4byte	0x20d
 2391 07e2 10000000 		.4byte	.LLST38
 2392 07e6 0C000000 		.4byte	.LVUS38
 2393 07ea 3A       		.uleb128 0x3a
 2394 07eb 637000   		.ascii	"cp\000"
 2395 07ee 01       		.byte	0x1
 2396 07ef E001     		.2byte	0x1e0
 2397 07f1 13       		.byte	0x13
 2398 07f2 0D020000 		.4byte	0x20d
 2399 07f6 17       		.uleb128 0x17
 2400 07f7 7B000000 		.4byte	.LLRL42
 2401 07fb 2C080000 		.4byte	0x82c
 2402 07ff 14       		.uleb128 0x14
 2403 0800 25060000 		.4byte	.LASF102
 2404 0804 3B000000 		.4byte	0x3b
 2405 0808 0E080000 		.4byte	0x80e
 2406 080c 15       		.uleb128 0x15
 2407 080d 00       		.byte	0
 2408 080e 0C       		.uleb128 0xc
 2409 080f 38000000 		.4byte	.LVL76
 2410 0813 6C070000 		.4byte	0x76c
 2411 0817 22080000 		.4byte	0x822
 2412 081b 05       		.uleb128 0x5
 2413 081c 01       		.uleb128 0x1
 2414 081d 51       		.byte	0x51
 2415 081e 02       		.uleb128 0x2
 2416 081f 75       		.byte	0x75
 2417 0820 00       		.sleb128 0
 2418 0821 00       		.byte	0
 2419 0822 10       		.uleb128 0x10
 2420 0823 44000000 		.4byte	.LVL78
 2421 0827 55070000 		.4byte	0x755
 2422 082b 00       		.byte	0
 2423 082c 3B       		.uleb128 0x3b
 2424 082d 090F0000 		.4byte	0xf09
 2425 0831 08000000 		.4byte	.LBI104
 2426 0835 01       		.byte	.LVU337
 2427 0836 6C000000 		.4byte	.LLRL39
 2428 083a 01       		.byte	0x1
 2429 083b E401     		.2byte	0x1e4
 2430 083d 03       		.byte	0x3
 2431 083e 0A       		.uleb128 0xa
 2432 083f 170F0000 		.4byte	0xf17
 2433 0843 22000000 		.4byte	.LLST40
 2434 0847 20000000 		.4byte	.LVUS40
 2435 084b 1F       		.uleb128 0x1f
 2436 084c 6C000000 		.4byte	.LLRL39
 2437 0850 1D       		.uleb128 0x1d
 2438 0851 230F0000 		.4byte	0xf23
 2439 0855 32000000 		.4byte	.LLST41
 2440 0859 30000000 		.4byte	.LVUS41
 2441 085d 00       		.byte	0
 2442 085e 00       		.byte	0
 2443 085f 00       		.byte	0
 2444 0860 16       		.uleb128 0x16
 2445 0861 DF040000 		.4byte	.LASF108
ARM GAS  /tmp/ccQ7MHSf.s 			page 44


 2446 0865 C301     		.2byte	0x1c3
 2447 0867 00000000 		.4byte	.LFB201
 2448 086b 38000000 		.4byte	.LFE201-.LFB201
 2449 086f 01       		.uleb128 0x1
 2450 0870 9C       		.byte	0x9c
 2451 0871 05090000 		.4byte	0x905
 2452 0875 11       		.uleb128 0x11
 2453 0876 6F747000 		.ascii	"otp\000"
 2454 087a C401     		.2byte	0x1c4
 2455 087c 0D       		.byte	0xd
 2456 087d 0D020000 		.4byte	0x20d
 2457 0881 3F000000 		.4byte	.LLST33
 2458 0885 3B000000 		.4byte	.LVUS33
 2459 0889 17       		.uleb128 0x17
 2460 088a 60000000 		.4byte	.LLRL37
 2461 088e BF080000 		.4byte	0x8bf
 2462 0892 14       		.uleb128 0x14
 2463 0893 25060000 		.4byte	.LASF102
 2464 0897 3B000000 		.4byte	0x3b
 2465 089b A1080000 		.4byte	0x8a1
 2466 089f 15       		.uleb128 0x15
 2467 08a0 00       		.byte	0
 2468 08a1 0C       		.uleb128 0xc
 2469 08a2 26000000 		.4byte	.LVL69
 2470 08a6 6C070000 		.4byte	0x76c
 2471 08aa B5080000 		.4byte	0x8b5
 2472 08ae 05       		.uleb128 0x5
 2473 08af 01       		.uleb128 0x1
 2474 08b0 51       		.byte	0x51
 2475 08b1 02       		.uleb128 0x2
 2476 08b2 75       		.byte	0x75
 2477 08b3 00       		.sleb128 0
 2478 08b4 00       		.byte	0
 2479 08b5 10       		.uleb128 0x10
 2480 08b6 32000000 		.4byte	.LVL71
 2481 08ba 55070000 		.4byte	0x755
 2482 08be 00       		.byte	0
 2483 08bf 2A       		.uleb128 0x2a
 2484 08c0 090F0000 		.4byte	0xf09
 2485 08c4 08000000 		.4byte	.LBI98
 2486 08c8 01       		.byte	.LVU303
 2487 08c9 54000000 		.4byte	.LLRL34
 2488 08cd C801     		.2byte	0x1c8
 2489 08cf F4080000 		.4byte	0x8f4
 2490 08d3 0A       		.uleb128 0xa
 2491 08d4 170F0000 		.4byte	0xf17
 2492 08d8 51000000 		.4byte	.LLST35
 2493 08dc 4F000000 		.4byte	.LVUS35
 2494 08e0 1F       		.uleb128 0x1f
 2495 08e1 54000000 		.4byte	.LLRL34
 2496 08e5 1D       		.uleb128 0x1d
 2497 08e6 230F0000 		.4byte	0xf23
 2498 08ea 61000000 		.4byte	.LLST36
 2499 08ee 5F000000 		.4byte	.LVUS36
 2500 08f2 00       		.byte	0
 2501 08f3 00       		.byte	0
 2502 08f4 18       		.uleb128 0x18
ARM GAS  /tmp/ccQ7MHSf.s 			page 45


 2503 08f5 1E000000 		.4byte	.LVL68
 2504 08f9 AA0D0000 		.4byte	0xdaa
 2505 08fd 05       		.uleb128 0x5
 2506 08fe 01       		.uleb128 0x1
 2507 08ff 50       		.byte	0x50
 2508 0900 02       		.uleb128 0x2
 2509 0901 75       		.byte	0x75
 2510 0902 00       		.sleb128 0
 2511 0903 00       		.byte	0
 2512 0904 00       		.byte	0
 2513 0905 2B       		.uleb128 0x2b
 2514 0906 F3020000 		.4byte	.LASF112
 2515 090a A801     		.2byte	0x1a8
 2516 090c 06       		.byte	0x6
 2517 090d 46090000 		.4byte	0x946
 2518 0911 00000000 		.4byte	.LFB200
 2519 0915 28000000 		.4byte	.LFE200-.LFB200
 2520 0919 01       		.uleb128 0x1
 2521 091a 9C       		.byte	0x9c
 2522 091b 46090000 		.4byte	0x946
 2523 091f 11       		.uleb128 0x11
 2524 0920 703100   		.ascii	"p1\000"
 2525 0923 A901     		.2byte	0x1a9
 2526 0925 0B       		.byte	0xb
 2527 0926 08010000 		.4byte	0x108
 2528 092a 72000000 		.4byte	.LLST31
 2529 092e 6A000000 		.4byte	.LVUS31
 2530 0932 11       		.uleb128 0x11
 2531 0933 703200   		.ascii	"p2\000"
 2532 0936 AA01     		.2byte	0x1aa
 2533 0938 0B       		.byte	0xb
 2534 0939 08010000 		.4byte	0x108
 2535 093d 90000000 		.4byte	.LLST32
 2536 0941 8E000000 		.4byte	.LVUS32
 2537 0945 00       		.byte	0
 2538 0946 07       		.uleb128 0x7
 2539 0947 01       		.byte	0x1
 2540 0948 02       		.byte	0x2
 2541 0949 A6050000 		.4byte	.LASF109
 2542 094d 16       		.uleb128 0x16
 2543 094e 29030000 		.4byte	.LASF110
 2544 0952 9201     		.2byte	0x192
 2545 0954 00000000 		.4byte	.LFB199
 2546 0958 28000000 		.4byte	.LFE199-.LFB199
 2547 095c 01       		.uleb128 0x1
 2548 095d 9C       		.byte	0x9c
 2549 095e 99090000 		.4byte	0x999
 2550 0962 0D       		.uleb128 0xd
 2551 0963 1E100000 		.4byte	0x101e
 2552 0967 06000000 		.4byte	.LBI115
 2553 096b 01       		.byte	.LVU382
 2554 096c 06000000 		.4byte	.LBB115
 2555 0970 0A000000 		.4byte	.LBE115-.LBB115
 2556 0974 01       		.byte	0x1
 2557 0975 9601     		.2byte	0x196
 2558 0977 07       		.byte	0x7
 2559 0978 86090000 		.4byte	0x986
ARM GAS  /tmp/ccQ7MHSf.s 			page 46


 2560 097c 09       		.uleb128 0x9
 2561 097d 0A000000 		.4byte	.LVL80
 2562 0981 93070000 		.4byte	0x793
 2563 0985 00       		.byte	0
 2564 0986 09       		.uleb128 0x9
 2565 0987 06000000 		.4byte	.LVL79
 2566 098b 7B070000 		.4byte	0x77b
 2567 098f 10       		.uleb128 0x10
 2568 0990 22000000 		.4byte	.LVL81
 2569 0994 C1070000 		.4byte	0x7c1
 2570 0998 00       		.byte	0
 2571 0999 16       		.uleb128 0x16
 2572 099a FD030000 		.4byte	.LASF111
 2573 099e 6F01     		.2byte	0x16f
 2574 09a0 00000000 		.4byte	.LFB198
 2575 09a4 48000000 		.4byte	.LFE198-.LFB198
 2576 09a8 01       		.uleb128 0x1
 2577 09a9 9C       		.byte	0x9c
 2578 09aa 680A0000 		.4byte	0xa68
 2579 09ae 20       		.uleb128 0x20
 2580 09af 6E747000 		.ascii	"ntp\000"
 2581 09b3 6F01     		.2byte	0x16f
 2582 09b5 1D       		.byte	0x1d
 2583 09b6 0D020000 		.4byte	0x20d
 2584 09ba A7000000 		.4byte	.LLST26
 2585 09be 99000000 		.4byte	.LVUS26
 2586 09c2 20       		.uleb128 0x20
 2587 09c3 6D736700 		.ascii	"msg\000"
 2588 09c7 6F01     		.2byte	0x16f
 2589 09c9 28       		.byte	0x28
 2590 09ca 14010000 		.4byte	0x114
 2591 09ce EE000000 		.4byte	.LLST27
 2592 09d2 E2000000 		.4byte	.LVUS27
 2593 09d6 17       		.uleb128 0x17
 2594 09d7 36000000 		.4byte	.LLRL28
 2595 09db 470A0000 		.4byte	0xa47
 2596 09df 11       		.uleb128 0x11
 2597 09e0 6F747000 		.ascii	"otp\000"
 2598 09e4 7F01     		.2byte	0x17f
 2599 09e6 0F       		.byte	0xf
 2600 09e7 0D020000 		.4byte	0x20d
 2601 09eb 2D010000 		.4byte	.LLST29
 2602 09ef 25010000 		.4byte	.LVUS29
 2603 09f3 17       		.uleb128 0x17
 2604 09f4 42000000 		.4byte	.LLRL30
 2605 09f8 3D0A0000 		.4byte	0xa3d
 2606 09fc 14       		.uleb128 0x14
 2607 09fd 25060000 		.4byte	.LASF102
 2608 0a01 3B000000 		.4byte	0x3b
 2609 0a05 0B0A0000 		.4byte	0xa0b
 2610 0a09 15       		.uleb128 0x15
 2611 0a0a 00       		.byte	0
 2612 0a0b 0C       		.uleb128 0xc
 2613 0a0c 36000000 		.4byte	.LVL58
 2614 0a10 6C070000 		.4byte	0x76c
 2615 0a14 250A0000 		.4byte	0xa25
 2616 0a18 05       		.uleb128 0x5
ARM GAS  /tmp/ccQ7MHSf.s 			page 47


 2617 0a19 01       		.uleb128 0x1
 2618 0a1a 50       		.byte	0x50
 2619 0a1b 02       		.uleb128 0x2
 2620 0a1c 74       		.byte	0x74
 2621 0a1d 00       		.sleb128 0
 2622 0a1e 05       		.uleb128 0x5
 2623 0a1f 01       		.uleb128 0x1
 2624 0a20 51       		.byte	0x51
 2625 0a21 02       		.uleb128 0x2
 2626 0a22 75       		.byte	0x75
 2627 0a23 00       		.sleb128 0
 2628 0a24 00       		.byte	0
 2629 0a25 2C       		.uleb128 0x2c
 2630 0a26 42000000 		.4byte	.LVL60
 2631 0a2a 55070000 		.4byte	0x755
 2632 0a2e 05       		.uleb128 0x5
 2633 0a2f 01       		.uleb128 0x1
 2634 0a30 50       		.byte	0x50
 2635 0a31 09       		.uleb128 0x9
 2636 0a32 A3       		.byte	0xa3
 2637 0a33 03       		.uleb128 0x3
 2638 0a34 A5       		.byte	0xa5
 2639 0a35 00       		.uleb128 0
 2640 0a36 26       		.uleb128 0x26
 2641 0a37 A8       		.byte	0xa8
 2642 0a38 2D       		.uleb128 0x2d
 2643 0a39 A8       		.byte	0xa8
 2644 0a3a 00       		.uleb128 0
 2645 0a3b 00       		.byte	0
 2646 0a3c 00       		.byte	0
 2647 0a3d 09       		.uleb128 0x9
 2648 0a3e 26000000 		.4byte	.LVL55
 2649 0a42 AA0D0000 		.4byte	0xdaa
 2650 0a46 00       		.byte	0
 2651 0a47 09       		.uleb128 0x9
 2652 0a48 0C000000 		.4byte	.LVL52
 2653 0a4c 7B070000 		.4byte	0x77b
 2654 0a50 2C       		.uleb128 0x2c
 2655 0a51 22000000 		.4byte	.LVL54
 2656 0a55 AA0D0000 		.4byte	0xdaa
 2657 0a59 05       		.uleb128 0x5
 2658 0a5a 01       		.uleb128 0x1
 2659 0a5b 50       		.byte	0x50
 2660 0a5c 09       		.uleb128 0x9
 2661 0a5d A3       		.byte	0xa3
 2662 0a5e 03       		.uleb128 0x3
 2663 0a5f A5       		.byte	0xa5
 2664 0a60 00       		.uleb128 0
 2665 0a61 26       		.uleb128 0x26
 2666 0a62 A8       		.byte	0xa8
 2667 0a63 2D       		.uleb128 0x2d
 2668 0a64 A8       		.byte	0xa8
 2669 0a65 00       		.uleb128 0
 2670 0a66 00       		.byte	0
 2671 0a67 00       		.byte	0
 2672 0a68 2B       		.uleb128 0x2b
 2673 0a69 BF070000 		.4byte	.LASF113
ARM GAS  /tmp/ccQ7MHSf.s 			page 48


 2674 0a6d 4A01     		.2byte	0x14a
 2675 0a6f 07       		.byte	0x7
 2676 0a70 14010000 		.4byte	0x114
 2677 0a74 00000000 		.4byte	.LFB197
 2678 0a78 54000000 		.4byte	.LFE197-.LFB197
 2679 0a7c 01       		.uleb128 0x1
 2680 0a7d 9C       		.byte	0x9c
 2681 0a7e 550B0000 		.4byte	0xb55
 2682 0a82 2D       		.uleb128 0x2d
 2683 0a83 C2050000 		.4byte	.LASF114
 2684 0a87 25       		.byte	0x25
 2685 0a88 F0000000 		.4byte	0xf0
 2686 0a8c 4D010000 		.4byte	.LLST23
 2687 0a90 47010000 		.4byte	.LVUS23
 2688 0a94 2D       		.uleb128 0x2d
 2689 0a95 1D050000 		.4byte	.LASF115
 2690 0a99 39       		.byte	0x39
 2691 0a9a 2C010000 		.4byte	0x12c
 2692 0a9e 71010000 		.4byte	.LLST24
 2693 0aa2 6B010000 		.4byte	.LVUS24
 2694 0aa6 3C       		.uleb128 0x3c
 2695 0aa7 10000000 		.4byte	.LBB89
 2696 0aab 22000000 		.4byte	.LBE89-.LBB89
 2697 0aaf 3B0B0000 		.4byte	0xb3b
 2698 0ab3 3D       		.uleb128 0x3d
 2699 0ab4 767400   		.ascii	"vt\000"
 2700 0ab7 01       		.byte	0x1
 2701 0ab8 4F01     		.2byte	0x14f
 2702 0aba 15       		.byte	0x15
 2703 0abb F2020000 		.4byte	0x2f2
 2704 0abf 02       		.uleb128 0x2
 2705 0ac0 91       		.byte	0x91
 2706 0ac1 5C       		.sleb128 -36
 2707 0ac2 0D       		.uleb128 0xd
 2708 0ac3 EE0F0000 		.4byte	0xfee
 2709 0ac7 24000000 		.4byte	.LBI90
 2710 0acb 01       		.byte	.LVU231
 2711 0acc 24000000 		.4byte	.LBB90
 2712 0ad0 04000000 		.4byte	.LBE90-.LBB90
 2713 0ad4 01       		.byte	0x1
 2714 0ad5 5301     		.2byte	0x153
 2715 0ad7 09       		.byte	0x9
 2716 0ad8 F30A0000 		.4byte	0xaf3
 2717 0adc 0A       		.uleb128 0xa
 2718 0add 00100000 		.4byte	0x1000
 2719 0ae1 91010000 		.4byte	.LLST25
 2720 0ae5 8F010000 		.4byte	.LVUS25
 2721 0ae9 09       		.uleb128 0x9
 2722 0aea 28000000 		.4byte	.LVL46
 2723 0aee 93070000 		.4byte	0x793
 2724 0af2 00       		.byte	0
 2725 0af3 0C       		.uleb128 0xc
 2726 0af4 1E000000 		.4byte	.LVL44
 2727 0af8 36070000 		.4byte	0x736
 2728 0afc 160B0000 		.4byte	0xb16
 2729 0b00 05       		.uleb128 0x5
 2730 0b01 01       		.uleb128 0x1
ARM GAS  /tmp/ccQ7MHSf.s 			page 49


 2731 0b02 50       		.byte	0x50
 2732 0b03 02       		.uleb128 0x2
 2733 0b04 91       		.byte	0x91
 2734 0b05 5C       		.sleb128 -36
 2735 0b06 05       		.uleb128 0x5
 2736 0b07 01       		.uleb128 0x1
 2737 0b08 51       		.byte	0x51
 2738 0b09 02       		.uleb128 0x2
 2739 0b0a 74       		.byte	0x74
 2740 0b0b 00       		.sleb128 0
 2741 0b0c 05       		.uleb128 0x5
 2742 0b0d 01       		.uleb128 0x1
 2743 0b0e 52       		.byte	0x52
 2744 0b0f 05       		.uleb128 0x5
 2745 0b10 03       		.byte	0x3
 2746 0b11 00000000 		.4byte	wakeup
 2747 0b15 00       		.byte	0
 2748 0b16 0C       		.uleb128 0xc
 2749 0b17 24000000 		.4byte	.LVL45
 2750 0b1b FB0C0000 		.4byte	0xcfb
 2751 0b1f 2A0B0000 		.4byte	0xb2a
 2752 0b23 05       		.uleb128 0x5
 2753 0b24 01       		.uleb128 0x1
 2754 0b25 50       		.byte	0x50
 2755 0b26 02       		.uleb128 0x2
 2756 0b27 75       		.byte	0x75
 2757 0b28 00       		.sleb128 0
 2758 0b29 00       		.byte	0
 2759 0b2a 18       		.uleb128 0x18
 2760 0b2b 32000000 		.4byte	.LVL47
 2761 0b2f 26070000 		.4byte	0x726
 2762 0b33 05       		.uleb128 0x5
 2763 0b34 01       		.uleb128 0x1
 2764 0b35 50       		.byte	0x50
 2765 0b36 02       		.uleb128 0x2
 2766 0b37 91       		.byte	0x91
 2767 0b38 5C       		.sleb128 -36
 2768 0b39 00       		.byte	0
 2769 0b3a 00       		.byte	0
 2770 0b3b 09       		.uleb128 0x9
 2771 0b3c 0C000000 		.4byte	.LVL43
 2772 0b40 7B070000 		.4byte	0x77b
 2773 0b44 18       		.uleb128 0x18
 2774 0b45 42000000 		.4byte	.LVL49
 2775 0b49 FB0C0000 		.4byte	0xcfb
 2776 0b4d 05       		.uleb128 0x5
 2777 0b4e 01       		.uleb128 0x1
 2778 0b4f 50       		.byte	0x50
 2779 0b50 02       		.uleb128 0x2
 2780 0b51 75       		.byte	0x75
 2781 0b52 00       		.sleb128 0
 2782 0b53 00       		.byte	0
 2783 0b54 00       		.byte	0
 2784 0b55 3E       		.uleb128 0x3e
 2785 0b56 A0030000 		.4byte	.LASF139
 2786 0b5a 01       		.byte	0x1
 2787 0b5b 1301     		.2byte	0x113
ARM GAS  /tmp/ccQ7MHSf.s 			page 50


 2788 0b5d 0D       		.byte	0xd
 2789 0b5e 00000000 		.4byte	.LFB196
 2790 0b62 5E000000 		.4byte	.LFE196-.LFB196
 2791 0b66 01       		.uleb128 0x1
 2792 0b67 9C       		.byte	0x9c
 2793 0b68 FB0C0000 		.4byte	0xcfb
 2794 0b6c 20       		.uleb128 0x20
 2795 0b6d 7000     		.ascii	"p\000"
 2796 0b6f 1301     		.2byte	0x113
 2797 0b71 1A       		.byte	0x1a
 2798 0b72 F0020000 		.4byte	0x2f0
 2799 0b76 A0010000 		.4byte	.LLST11
 2800 0b7a 9C010000 		.4byte	.LVUS11
 2801 0b7e 11       		.uleb128 0x11
 2802 0b7f 747000   		.ascii	"tp\000"
 2803 0b82 1401     		.2byte	0x114
 2804 0b84 0D       		.byte	0xd
 2805 0b85 0D020000 		.4byte	0x20d
 2806 0b89 B4010000 		.4byte	.LLST12
 2807 0b8d B0010000 		.4byte	.LVUS12
 2808 0b91 0D       		.uleb128 0xd
 2809 0b92 16100000 		.4byte	0x1016
 2810 0b96 04000000 		.4byte	.LBI64
 2811 0b9a 01       		.byte	.LVU127
 2812 0b9b 04000000 		.4byte	.LBB64
 2813 0b9f 0A000000 		.4byte	.LBE64-.LBB64
 2814 0ba3 01       		.byte	0x1
 2815 0ba4 1601     		.2byte	0x116
 2816 0ba6 03       		.byte	0x3
 2817 0ba7 070C0000 		.4byte	0xc07
 2818 0bab 0D       		.uleb128 0xd
 2819 0bac 4F100000 		.4byte	0x104f
 2820 0bb0 04000000 		.4byte	.LBI66
 2821 0bb4 03       		.byte	.LVU129
 2822 0bb5 04000000 		.4byte	.LBB66
 2823 0bb9 06000000 		.4byte	.LBE66-.LBB66
 2824 0bbd 03       		.byte	0x3
 2825 0bbe 8401     		.2byte	0x184
 2826 0bc0 03       		.byte	0x3
 2827 0bc1 FD0B0000 		.4byte	0xbfd
 2828 0bc5 1E       		.uleb128 0x1e
 2829 0bc6 5F100000 		.4byte	0x105f
 2830 0bca 04000000 		.4byte	.LBI67
 2831 0bce 05       		.byte	.LVU131
 2832 0bcf 04000000 		.4byte	.LBB67
 2833 0bd3 06000000 		.4byte	.LBE67-.LBB67
 2834 0bd7 DB01     		.2byte	0x1db
 2835 0bd9 1E       		.uleb128 0x1e
 2836 0bda 67100000 		.4byte	0x1067
 2837 0bde 04000000 		.4byte	.LBI68
 2838 0be2 07       		.byte	.LVU133
 2839 0be3 04000000 		.4byte	.LBB68
 2840 0be7 06000000 		.4byte	.LBE68-.LBB68
 2841 0beb BF01     		.2byte	0x1bf
 2842 0bed 0A       		.uleb128 0xa
 2843 0bee 74100000 		.4byte	0x1074
 2844 0bf2 C6010000 		.4byte	.LLST13
ARM GAS  /tmp/ccQ7MHSf.s 			page 51


 2845 0bf6 C4010000 		.4byte	.LVUS13
 2846 0bfa 00       		.byte	0
 2847 0bfb 00       		.byte	0
 2848 0bfc 00       		.byte	0
 2849 0bfd 09       		.uleb128 0x9
 2850 0bfe 0E000000 		.4byte	.LVL24
 2851 0c02 20070000 		.4byte	0x720
 2852 0c06 00       		.byte	0
 2853 0c07 0D       		.uleb128 0xd
 2854 0c08 D00F0000 		.4byte	0xfd0
 2855 0c0c 20000000 		.4byte	.LBI70
 2856 0c10 00       		.byte	.LVU142
 2857 0c11 20000000 		.4byte	.LBB70
 2858 0c15 0A000000 		.4byte	.LBE70-.LBB70
 2859 0c19 01       		.byte	0x1
 2860 0c1a 2201     		.2byte	0x122
 2861 0c1c 05       		.byte	0x5
 2862 0c1d 380C0000 		.4byte	0xc38
 2863 0c21 0A       		.uleb128 0xa
 2864 0c22 DD0F0000 		.4byte	0xfdd
 2865 0c26 D3010000 		.4byte	.LLST14
 2866 0c2a D1010000 		.4byte	.LVUS14
 2867 0c2e 09       		.uleb128 0x9
 2868 0c2f 24000000 		.4byte	.LVL26
 2869 0c33 93070000 		.4byte	0x793
 2870 0c37 00       		.byte	0
 2871 0c38 0D       		.uleb128 0xd
 2872 0c39 AD0E0000 		.4byte	0xead
 2873 0c3d 2A000000 		.4byte	.LBI72
 2874 0c41 02       		.byte	.LVU148
 2875 0c42 2A000000 		.4byte	.LBB72
 2876 0c46 08000000 		.4byte	.LBE72-.LBB72
 2877 0c4a 01       		.byte	0x1
 2878 0c4b 2A01     		.2byte	0x12a
 2879 0c4d 0C       		.byte	0xc
 2880 0c4e 600C0000 		.4byte	0xc60
 2881 0c52 0A       		.uleb128 0xa
 2882 0c53 BB0E0000 		.4byte	0xebb
 2883 0c57 DE010000 		.4byte	.LLST15
 2884 0c5b DC010000 		.4byte	.LVUS15
 2885 0c5f 00       		.byte	0
 2886 0c60 0D       		.uleb128 0xd
 2887 0c61 0E100000 		.4byte	0x100e
 2888 0c65 3E000000 		.4byte	.LBI74
 2889 0c69 01       		.byte	.LVU162
 2890 0c6a 3E000000 		.4byte	.LBB74
 2891 0c6e 0A000000 		.4byte	.LBE74-.LBB74
 2892 0c72 01       		.byte	0x1
 2893 0c73 3201     		.2byte	0x132
 2894 0c75 03       		.byte	0x3
 2895 0c76 D60C0000 		.4byte	0xcd6
 2896 0c7a 0D       		.uleb128 0xd
 2897 0c7b 47100000 		.4byte	0x1047
 2898 0c7f 42000000 		.4byte	.LBI76
 2899 0c83 02       		.byte	.LVU166
 2900 0c84 42000000 		.4byte	.LBB76
 2901 0c88 06000000 		.4byte	.LBE76-.LBB76
ARM GAS  /tmp/ccQ7MHSf.s 			page 52


 2902 0c8c 03       		.byte	0x3
 2903 0c8d 9A01     		.2byte	0x19a
 2904 0c8f 03       		.byte	0x3
 2905 0c90 CC0C0000 		.4byte	0xccc
 2906 0c94 1E       		.uleb128 0x1e
 2907 0c95 57100000 		.4byte	0x1057
 2908 0c99 42000000 		.4byte	.LBI77
 2909 0c9d 04       		.byte	.LVU168
 2910 0c9e 42000000 		.4byte	.LBB77
 2911 0ca2 06000000 		.4byte	.LBE77-.LBB77
 2912 0ca6 E601     		.2byte	0x1e6
 2913 0ca8 1E       		.uleb128 0x1e
 2914 0ca9 67100000 		.4byte	0x1067
 2915 0cad 42000000 		.4byte	.LBI78
 2916 0cb1 06       		.byte	.LVU170
 2917 0cb2 42000000 		.4byte	.LBB78
 2918 0cb6 06000000 		.4byte	.LBE78-.LBB78
 2919 0cba CD01     		.2byte	0x1cd
 2920 0cbc 0A       		.uleb128 0xa
 2921 0cbd 74100000 		.4byte	0x1074
 2922 0cc1 E9010000 		.4byte	.LLST16
 2923 0cc5 E7010000 		.4byte	.LVUS16
 2924 0cc9 00       		.byte	0
 2925 0cca 00       		.byte	0
 2926 0ccb 00       		.byte	0
 2927 0ccc 09       		.uleb128 0x9
 2928 0ccd 42000000 		.4byte	.LVL30
 2929 0cd1 1A070000 		.4byte	0x71a
 2930 0cd5 00       		.byte	0
 2931 0cd6 0C       		.uleb128 0xc
 2932 0cd7 3E000000 		.4byte	.LVL29
 2933 0cdb AA0D0000 		.4byte	0xdaa
 2934 0cdf EA0C0000 		.4byte	0xcea
 2935 0ce3 05       		.uleb128 0x5
 2936 0ce4 01       		.uleb128 0x1
 2937 0ce5 50       		.byte	0x50
 2938 0ce6 02       		.uleb128 0x2
 2939 0ce7 74       		.byte	0x74
 2940 0ce8 00       		.sleb128 0
 2941 0ce9 00       		.byte	0
 2942 0cea 18       		.uleb128 0x18
 2943 0ceb 5C000000 		.4byte	.LVL33
 2944 0cef AA0D0000 		.4byte	0xdaa
 2945 0cf3 05       		.uleb128 0x5
 2946 0cf4 01       		.uleb128 0x1
 2947 0cf5 50       		.byte	0x50
 2948 0cf6 02       		.uleb128 0x2
 2949 0cf7 74       		.byte	0x74
 2950 0cf8 00       		.sleb128 0
 2951 0cf9 00       		.byte	0
 2952 0cfa 00       		.byte	0
 2953 0cfb 19       		.uleb128 0x19
 2954 0cfc 6A060000 		.4byte	.LASF116
 2955 0d00 FA       		.byte	0xfa
 2956 0d01 00000000 		.4byte	.LFB195
 2957 0d05 38000000 		.4byte	.LFE195-.LFB195
 2958 0d09 01       		.uleb128 0x1
ARM GAS  /tmp/ccQ7MHSf.s 			page 53


 2959 0d0a 9C       		.byte	0x9c
 2960 0d0b AA0D0000 		.4byte	0xdaa
 2961 0d0f 3F       		.uleb128 0x3f
 2962 0d10 C2050000 		.4byte	.LASF114
 2963 0d14 01       		.byte	0x1
 2964 0d15 FA       		.byte	0xfa
 2965 0d16 1D       		.byte	0x1d
 2966 0d17 F0000000 		.4byte	0xf0
 2967 0d1b F9010000 		.4byte	.LLST17
 2968 0d1f F3010000 		.4byte	.LVUS17
 2969 0d23 1A       		.uleb128 0x1a
 2970 0d24 6F747000 		.ascii	"otp\000"
 2971 0d28 FB       		.byte	0xfb
 2972 0d29 0D020000 		.4byte	0x20d
 2973 0d2d 1B020000 		.4byte	.LLST18
 2974 0d31 17020000 		.4byte	.LVUS18
 2975 0d35 17       		.uleb128 0x17
 2976 0d36 27000000 		.4byte	.LLRL22
 2977 0d3a 6B0D0000 		.4byte	0xd6b
 2978 0d3e 14       		.uleb128 0x14
 2979 0d3f 25060000 		.4byte	.LASF102
 2980 0d43 3B000000 		.4byte	0x3b
 2981 0d47 4D0D0000 		.4byte	0xd4d
 2982 0d4b 15       		.uleb128 0x15
 2983 0d4c 00       		.byte	0
 2984 0d4d 0C       		.uleb128 0xc
 2985 0d4e 26000000 		.4byte	.LVL39
 2986 0d52 6C070000 		.4byte	0x76c
 2987 0d56 610D0000 		.4byte	0xd61
 2988 0d5a 05       		.uleb128 0x5
 2989 0d5b 01       		.uleb128 0x1
 2990 0d5c 51       		.byte	0x51
 2991 0d5d 02       		.uleb128 0x2
 2992 0d5e 75       		.byte	0x75
 2993 0d5f 00       		.sleb128 0
 2994 0d60 00       		.byte	0
 2995 0d61 10       		.uleb128 0x10
 2996 0d62 32000000 		.4byte	.LVL41
 2997 0d66 55070000 		.4byte	0x755
 2998 0d6a 00       		.byte	0
 2999 0d6b 2A       		.uleb128 0x2a
 3000 0d6c 090F0000 		.4byte	0xf09
 3001 0d70 14000000 		.4byte	.LBI80
 3002 0d74 01       		.byte	.LVU197
 3003 0d75 18000000 		.4byte	.LLRL19
 3004 0d79 0601     		.2byte	0x106
 3005 0d7b A00D0000 		.4byte	0xda0
 3006 0d7f 0A       		.uleb128 0xa
 3007 0d80 170F0000 		.4byte	0xf17
 3008 0d84 2D020000 		.4byte	.LLST20
 3009 0d88 2B020000 		.4byte	.LVUS20
 3010 0d8c 1F       		.uleb128 0x1f
 3011 0d8d 18000000 		.4byte	.LLRL19
 3012 0d91 1D       		.uleb128 0x1d
 3013 0d92 230F0000 		.4byte	0xf23
 3014 0d96 3D020000 		.4byte	.LLST21
 3015 0d9a 3B020000 		.4byte	.LVUS21
ARM GAS  /tmp/ccQ7MHSf.s 			page 54


 3016 0d9e 00       		.byte	0
 3017 0d9f 00       		.byte	0
 3018 0da0 09       		.uleb128 0x9
 3019 0da1 0A000000 		.4byte	.LVL35
 3020 0da5 7B070000 		.4byte	0x77b
 3021 0da9 00       		.byte	0
 3022 0daa 21       		.uleb128 0x21
 3023 0dab 90060000 		.4byte	.LASF117
 3024 0daf DA       		.byte	0xda
 3025 0db0 0D020000 		.4byte	0x20d
 3026 0db4 00000000 		.4byte	.LFB194
 3027 0db8 48000000 		.4byte	.LFE194-.LFB194
 3028 0dbc 01       		.uleb128 0x1
 3029 0dbd 9C       		.byte	0x9c
 3030 0dbe 280E0000 		.4byte	0xe28
 3031 0dc2 22       		.uleb128 0x22
 3032 0dc3 747000   		.ascii	"tp\000"
 3033 0dc6 DA       		.byte	0xda
 3034 0dc7 21       		.byte	0x21
 3035 0dc8 0D020000 		.4byte	0x20d
 3036 0dcc 4A020000 		.4byte	.LLST9
 3037 0dd0 46020000 		.4byte	.LVUS9
 3038 0dd4 1A       		.uleb128 0x1a
 3039 0dd5 637000   		.ascii	"cp\000"
 3040 0dd8 DB       		.byte	0xdb
 3041 0dd9 0D020000 		.4byte	0x20d
 3042 0ddd 5C020000 		.4byte	.LLST10
 3043 0de1 5A020000 		.4byte	.LVUS10
 3044 0de5 40       		.uleb128 0x40
 3045 0de6 0F060000 		.4byte	.LASF140
 3046 0dea 380E0000 		.4byte	0xe38
 3047 0dee 05       		.uleb128 0x5
 3048 0def 03       		.byte	0x3
 3049 0df0 00000000 		.4byte	__func__.0
 3050 0df4 09       		.uleb128 0x9
 3051 0df5 08000000 		.4byte	.LVL15
 3052 0df9 93070000 		.4byte	0x793
 3053 0dfd 0C       		.uleb128 0xc
 3054 0dfe 36000000 		.4byte	.LVL19
 3055 0e02 81070000 		.4byte	0x781
 3056 0e06 140E0000 		.4byte	0xe14
 3057 0e0a 05       		.uleb128 0x5
 3058 0e0b 01       		.uleb128 0x1
 3059 0e0c 50       		.byte	0x50
 3060 0e0d 05       		.uleb128 0x5
 3061 0e0e 03       		.byte	0x3
 3062 0e0f 00000000 		.4byte	__func__.0
 3063 0e13 00       		.byte	0
 3064 0e14 18       		.uleb128 0x18
 3065 0e15 3E000000 		.4byte	.LVL20
 3066 0e19 81070000 		.4byte	0x781
 3067 0e1d 05       		.uleb128 0x5
 3068 0e1e 01       		.uleb128 0x1
 3069 0e1f 50       		.byte	0x50
 3070 0e20 05       		.uleb128 0x5
 3071 0e21 03       		.byte	0x3
 3072 0e22 00000000 		.4byte	__func__.0
ARM GAS  /tmp/ccQ7MHSf.s 			page 55


 3073 0e26 00       		.byte	0
 3074 0e27 00       		.byte	0
 3075 0e28 26       		.uleb128 0x26
 3076 0e29 C9060000 		.4byte	0x6c9
 3077 0e2d 380E0000 		.4byte	0xe38
 3078 0e31 27       		.uleb128 0x27
 3079 0e32 2D000000 		.4byte	0x2d
 3080 0e36 0B       		.byte	0xb
 3081 0e37 00       		.byte	0
 3082 0e38 25       		.uleb128 0x25
 3083 0e39 280E0000 		.4byte	0xe28
 3084 0e3d 21       		.uleb128 0x21
 3085 0e3e 1D030000 		.4byte	.LASF118
 3086 0e42 C1       		.byte	0xc1
 3087 0e43 0D020000 		.4byte	0x20d
 3088 0e47 00000000 		.4byte	.LFB193
 3089 0e4b 0A000000 		.4byte	.LFE193-.LFB193
 3090 0e4f 01       		.uleb128 0x1
 3091 0e50 9C       		.byte	0x9c
 3092 0e51 7A0E0000 		.4byte	0xe7a
 3093 0e55 22       		.uleb128 0x22
 3094 0e56 746C7000 		.ascii	"tlp\000"
 3095 0e5a C1       		.byte	0xc1
 3096 0e5b 27       		.byte	0x27
 3097 0e5c 7A0E0000 		.4byte	0xe7a
 3098 0e60 69020000 		.4byte	.LLST7
 3099 0e64 65020000 		.4byte	.LVUS7
 3100 0e68 1A       		.uleb128 0x1a
 3101 0e69 747000   		.ascii	"tp\000"
 3102 0e6c C3       		.byte	0xc3
 3103 0e6d 0D020000 		.4byte	0x20d
 3104 0e71 7B020000 		.4byte	.LLST8
 3105 0e75 79020000 		.4byte	.LVUS8
 3106 0e79 00       		.byte	0
 3107 0e7a 06       		.uleb128 0x6
 3108 0e7b 12020000 		.4byte	0x212
 3109 0e7f 19       		.uleb128 0x19
 3110 0e80 22050000 		.4byte	.LASF119
 3111 0e84 B2       		.byte	0xb2
 3112 0e85 00000000 		.4byte	.LFB192
 3113 0e89 08000000 		.4byte	.LFE192-.LFB192
 3114 0e8d 01       		.uleb128 0x1
 3115 0e8e 9C       		.byte	0x9c
 3116 0e8f AD0E0000 		.4byte	0xead
 3117 0e93 12       		.uleb128 0x12
 3118 0e94 747000   		.ascii	"tp\000"
 3119 0e97 B2       		.byte	0xb2
 3120 0e98 1C       		.byte	0x1c
 3121 0e99 0D020000 		.4byte	0x20d
 3122 0e9d 01       		.uleb128 0x1
 3123 0e9e 50       		.byte	0x50
 3124 0e9f 12       		.uleb128 0x12
 3125 0ea0 746C7000 		.ascii	"tlp\000"
 3126 0ea4 B2       		.byte	0xb2
 3127 0ea5 30       		.byte	0x30
 3128 0ea6 7A0E0000 		.4byte	0xe7a
 3129 0eaa 01       		.uleb128 0x1
ARM GAS  /tmp/ccQ7MHSf.s 			page 56


 3130 0eab 51       		.byte	0x51
 3131 0eac 00       		.byte	0
 3132 0ead 2E       		.uleb128 0x2e
 3133 0eae DC020000 		.4byte	.LASF121
 3134 0eb2 A2       		.byte	0xa2
 3135 0eb3 0D020000 		.4byte	0x20d
 3136 0eb7 C70E0000 		.4byte	0xec7
 3137 0ebb 23       		.uleb128 0x23
 3138 0ebc 747000   		.ascii	"tp\000"
 3139 0ebf 01       		.byte	0x1
 3140 0ec0 A2       		.byte	0xa2
 3141 0ec1 23       		.byte	0x23
 3142 0ec2 0D020000 		.4byte	0x20d
 3143 0ec6 00       		.byte	0
 3144 0ec7 21       		.uleb128 0x21
 3145 0ec8 9B000000 		.4byte	.LASF120
 3146 0ecc 8F       		.byte	0x8f
 3147 0ecd 0D020000 		.4byte	0x20d
 3148 0ed1 00000000 		.4byte	.LFB190
 3149 0ed5 0C000000 		.4byte	.LFE190-.LFB190
 3150 0ed9 01       		.uleb128 0x1
 3151 0eda 9C       		.byte	0x9c
 3152 0edb 040F0000 		.4byte	0xf04
 3153 0edf 22       		.uleb128 0x22
 3154 0ee0 74717000 		.ascii	"tqp\000"
 3155 0ee4 8F       		.byte	0x8f
 3156 0ee5 2E       		.byte	0x2e
 3157 0ee6 040F0000 		.4byte	0xf04
 3158 0eea 88020000 		.4byte	.LLST5
 3159 0eee 84020000 		.4byte	.LVUS5
 3160 0ef2 1A       		.uleb128 0x1a
 3161 0ef3 747000   		.ascii	"tp\000"
 3162 0ef6 90       		.byte	0x90
 3163 0ef7 0D020000 		.4byte	0x20d
 3164 0efb 9A020000 		.4byte	.LLST6
 3165 0eff 98020000 		.4byte	.LVUS6
 3166 0f03 00       		.byte	0
 3167 0f04 06       		.uleb128 0x6
 3168 0f05 39020000 		.4byte	0x239
 3169 0f09 2E       		.uleb128 0x2e
 3170 0f0a E1060000 		.4byte	.LASF122
 3171 0f0e 7C       		.byte	0x7c
 3172 0f0f 0D020000 		.4byte	0x20d
 3173 0f13 2F0F0000 		.4byte	0xf2f
 3174 0f17 23       		.uleb128 0x23
 3175 0f18 74717000 		.ascii	"tqp\000"
 3176 0f1c 01       		.byte	0x1
 3177 0f1d 7C       		.byte	0x7c
 3178 0f1e 2E       		.byte	0x2e
 3179 0f1f 040F0000 		.4byte	0xf04
 3180 0f23 41       		.uleb128 0x41
 3181 0f24 747000   		.ascii	"tp\000"
 3182 0f27 01       		.byte	0x1
 3183 0f28 7D       		.byte	0x7d
 3184 0f29 0D       		.byte	0xd
 3185 0f2a 0D020000 		.4byte	0x20d
 3186 0f2e 00       		.byte	0
ARM GAS  /tmp/ccQ7MHSf.s 			page 57


 3187 0f2f 19       		.uleb128 0x19
 3188 0f30 0D000000 		.4byte	.LASF123
 3189 0f34 6A       		.byte	0x6a
 3190 0f35 00000000 		.4byte	.LFB188
 3191 0f39 0C000000 		.4byte	.LFE188-.LFB188
 3192 0f3d 01       		.uleb128 0x1
 3193 0f3e 9C       		.byte	0x9c
 3194 0f3f 5D0F0000 		.4byte	0xf5d
 3195 0f43 12       		.uleb128 0x12
 3196 0f44 747000   		.ascii	"tp\000"
 3197 0f47 6A       		.byte	0x6a
 3198 0f48 1D       		.byte	0x1d
 3199 0f49 0D020000 		.4byte	0x20d
 3200 0f4d 01       		.uleb128 0x1
 3201 0f4e 50       		.byte	0x50
 3202 0f4f 12       		.uleb128 0x12
 3203 0f50 74717000 		.ascii	"tqp\000"
 3204 0f54 6A       		.byte	0x6a
 3205 0f55 32       		.byte	0x32
 3206 0f56 040F0000 		.4byte	0xf04
 3207 0f5a 01       		.uleb128 0x1
 3208 0f5b 51       		.byte	0x51
 3209 0f5c 00       		.byte	0
 3210 0f5d 19       		.uleb128 0x19
 3211 0f5e E9070000 		.4byte	.LASF124
 3212 0f62 56       		.byte	0x56
 3213 0f63 00000000 		.4byte	.LFB187
 3214 0f67 24000000 		.4byte	.LFE187-.LFB187
 3215 0f6b 01       		.uleb128 0x1
 3216 0f6c 9C       		.byte	0x9c
 3217 0f6d 9C0F0000 		.4byte	0xf9c
 3218 0f71 12       		.uleb128 0x12
 3219 0f72 747000   		.ascii	"tp\000"
 3220 0f75 56       		.byte	0x56
 3221 0f76 22       		.byte	0x22
 3222 0f77 0D020000 		.4byte	0x20d
 3223 0f7b 01       		.uleb128 0x1
 3224 0f7c 50       		.byte	0x50
 3225 0f7d 12       		.uleb128 0x12
 3226 0f7e 74717000 		.ascii	"tqp\000"
 3227 0f82 56       		.byte	0x56
 3228 0f83 37       		.byte	0x37
 3229 0f84 040F0000 		.4byte	0xf04
 3230 0f88 01       		.uleb128 0x1
 3231 0f89 51       		.byte	0x51
 3232 0f8a 1A       		.uleb128 0x1a
 3233 0f8b 637000   		.ascii	"cp\000"
 3234 0f8e 58       		.byte	0x58
 3235 0f8f 0D020000 		.4byte	0x20d
 3236 0f93 A7020000 		.4byte	.LLST2
 3237 0f97 A3020000 		.4byte	.LVUS2
 3238 0f9b 00       		.byte	0
 3239 0f9c 19       		.uleb128 0x19
 3240 0f9d 1D010000 		.4byte	.LASF125
 3241 0fa1 41       		.byte	0x41
 3242 0fa2 00000000 		.4byte	.LFB186
 3243 0fa6 14000000 		.4byte	.LFE186-.LFB186
ARM GAS  /tmp/ccQ7MHSf.s 			page 58


 3244 0faa 01       		.uleb128 0x1
 3245 0fab 9C       		.byte	0x9c
 3246 0fac D00F0000 		.4byte	0xfd0
 3247 0fb0 42       		.uleb128 0x42
 3248 0fb1 2C100000 		.4byte	0x102c
 3249 0fb5 02000000 		.4byte	.LBI60
 3250 0fb9 01       		.byte	.LVU2
 3251 0fba 0C000000 		.4byte	.LLRL0
 3252 0fbe 01       		.byte	0x1
 3253 0fbf 43       		.byte	0x43
 3254 0fc0 03       		.byte	0x3
 3255 0fc1 0A       		.uleb128 0xa
 3256 0fc2 39100000 		.4byte	0x1039
 3257 0fc6 B9020000 		.4byte	.LLST1
 3258 0fca B7020000 		.4byte	.LVUS1
 3259 0fce 00       		.byte	0
 3260 0fcf 00       		.byte	0
 3261 0fd0 43       		.uleb128 0x43
 3262 0fd1 E7050000 		.4byte	.LASF128
 3263 0fd5 06       		.byte	0x6
 3264 0fd6 86       		.byte	0x86
 3265 0fd7 14       		.byte	0x14
 3266 0fd8 03       		.byte	0x3
 3267 0fd9 E90F0000 		.4byte	0xfe9
 3268 0fdd 23       		.uleb128 0x23
 3269 0fde 737000   		.ascii	"sp\000"
 3270 0fe1 06       		.byte	0x6
 3271 0fe2 86       		.byte	0x86
 3272 0fe3 32       		.byte	0x32
 3273 0fe4 E90F0000 		.4byte	0xfe9
 3274 0fe8 00       		.byte	0
 3275 0fe9 06       		.uleb128 0x6
 3276 0fea EF060000 		.4byte	0x6ef
 3277 0fee 44       		.uleb128 0x44
 3278 0fef 18060000 		.4byte	.LASF141
 3279 0ff3 07       		.byte	0x7
 3280 0ff4 5101     		.2byte	0x151
 3281 0ff6 14       		.byte	0x14
 3282 0ff7 46090000 		.4byte	0x946
 3283 0ffb 03       		.byte	0x3
 3284 0ffc 0E100000 		.4byte	0x100e
 3285 1000 2F       		.uleb128 0x2f
 3286 1001 76747000 		.ascii	"vtp\000"
 3287 1005 07       		.byte	0x7
 3288 1006 5101     		.2byte	0x151
 3289 1008 32       		.byte	0x32
 3290 1009 CE060000 		.4byte	0x6ce
 3291 100d 00       		.byte	0
 3292 100e 13       		.uleb128 0x13
 3293 100f 83050000 		.4byte	.LASF126
 3294 1013 03       		.byte	0x3
 3295 1014 9601     		.2byte	0x196
 3296 1016 13       		.uleb128 0x13
 3297 1017 9C070000 		.4byte	.LASF127
 3298 101b 03       		.byte	0x3
 3299 101c 8201     		.2byte	0x182
 3300 101e 45       		.uleb128 0x45
ARM GAS  /tmp/ccQ7MHSf.s 			page 59


 3301 101f D4070000 		.4byte	.LASF142
 3302 1023 02       		.byte	0x2
 3303 1024 C502     		.2byte	0x2c5
 3304 1026 14       		.byte	0x14
 3305 1027 46090000 		.4byte	0x946
 3306 102b 03       		.byte	0x3
 3307 102c 30       		.uleb128 0x30
 3308 102d 6D000000 		.4byte	.LASF129
 3309 1031 02       		.byte	0x2
 3310 1032 5A02     		.2byte	0x25a
 3311 1034 14       		.byte	0x14
 3312 1035 47100000 		.4byte	0x1047
 3313 1039 2F       		.uleb128 0x2f
 3314 103a 74717000 		.ascii	"tqp\000"
 3315 103e 02       		.byte	0x2
 3316 103f 5A02     		.2byte	0x25a
 3317 1041 30       		.byte	0x30
 3318 1042 040F0000 		.4byte	0xf04
 3319 1046 00       		.byte	0
 3320 1047 13       		.uleb128 0x13
 3321 1048 C3060000 		.4byte	.LASF130
 3322 104c 04       		.byte	0x4
 3323 104d E401     		.2byte	0x1e4
 3324 104f 13       		.uleb128 0x13
 3325 1050 38070000 		.4byte	.LASF131
 3326 1054 04       		.byte	0x4
 3327 1055 D901     		.2byte	0x1d9
 3328 1057 13       		.uleb128 0x13
 3329 1058 71020000 		.4byte	.LASF132
 3330 105c 04       		.byte	0x4
 3331 105d CA01     		.2byte	0x1ca
 3332 105f 13       		.uleb128 0x13
 3333 1060 87000000 		.4byte	.LASF133
 3334 1064 04       		.byte	0x4
 3335 1065 BC01     		.2byte	0x1bc
 3336 1067 30       		.uleb128 0x30
 3337 1068 11070000 		.4byte	.LASF134
 3338 106c 05       		.byte	0x5
 3339 106d 2002     		.2byte	0x220
 3340 106f 39       		.byte	0x39
 3341 1070 82100000 		.4byte	0x1082
 3342 1074 46       		.uleb128 0x46
 3343 1075 73030000 		.4byte	.LASF135
 3344 1079 05       		.byte	0x5
 3345 107a 2002     		.2byte	0x220
 3346 107c 50       		.byte	0x50
 3347 107d C0000000 		.4byte	0xc0
 3348 1081 00       		.byte	0
 3349 1082 47       		.uleb128 0x47
 3350 1083 090F0000 		.4byte	0xf09
 3351 1087 00000000 		.4byte	.LFB189
 3352 108b 0C000000 		.4byte	.LFE189-.LFB189
 3353 108f 01       		.uleb128 0x1
 3354 1090 9C       		.byte	0x9c
 3355 1091 B0100000 		.4byte	0x10b0
 3356 1095 0A       		.uleb128 0xa
 3357 1096 170F0000 		.4byte	0xf17
ARM GAS  /tmp/ccQ7MHSf.s 			page 60


 3358 109a CB020000 		.4byte	.LLST3
 3359 109e C7020000 		.4byte	.LVUS3
 3360 10a2 1D       		.uleb128 0x1d
 3361 10a3 230F0000 		.4byte	0xf23
 3362 10a7 DD020000 		.4byte	.LLST4
 3363 10ab DB020000 		.4byte	.LVUS4
 3364 10af 00       		.byte	0
 3365 10b0 48       		.uleb128 0x48
 3366 10b1 AD0E0000 		.4byte	0xead
 3367 10b5 00000000 		.4byte	.LFB191
 3368 10b9 0A000000 		.4byte	.LFE191-.LFB191
 3369 10bd 01       		.uleb128 0x1
 3370 10be 9C       		.byte	0x9c
 3371 10bf 49       		.uleb128 0x49
 3372 10c0 BB0E0000 		.4byte	0xebb
 3373 10c4 01       		.uleb128 0x1
 3374 10c5 50       		.byte	0x50
 3375 10c6 00       		.byte	0
 3376 10c7 00       		.byte	0
 3377              		.section	.debug_abbrev,"",%progbits
 3378              	.Ldebug_abbrev0:
 3379 0000 01       		.uleb128 0x1
 3380 0001 16       		.uleb128 0x16
 3381 0002 00       		.byte	0
 3382 0003 03       		.uleb128 0x3
 3383 0004 0E       		.uleb128 0xe
 3384 0005 3A       		.uleb128 0x3a
 3385 0006 0B       		.uleb128 0xb
 3386 0007 3B       		.uleb128 0x3b
 3387 0008 0B       		.uleb128 0xb
 3388 0009 39       		.uleb128 0x39
 3389 000a 0B       		.uleb128 0xb
 3390 000b 49       		.uleb128 0x49
 3391 000c 13       		.uleb128 0x13
 3392 000d 00       		.byte	0
 3393 000e 00       		.byte	0
 3394 000f 02       		.uleb128 0x2
 3395 0010 0D       		.uleb128 0xd
 3396 0011 00       		.byte	0
 3397 0012 03       		.uleb128 0x3
 3398 0013 0E       		.uleb128 0xe
 3399 0014 3A       		.uleb128 0x3a
 3400 0015 21       		.uleb128 0x21
 3401 0016 02       		.sleb128 2
 3402 0017 3B       		.uleb128 0x3b
 3403 0018 05       		.uleb128 0x5
 3404 0019 39       		.uleb128 0x39
 3405 001a 0B       		.uleb128 0xb
 3406 001b 49       		.uleb128 0x49
 3407 001c 13       		.uleb128 0x13
 3408 001d 38       		.uleb128 0x38
 3409 001e 0B       		.uleb128 0xb
 3410 001f 00       		.byte	0
 3411 0020 00       		.byte	0
 3412 0021 03       		.uleb128 0x3
 3413 0022 0D       		.uleb128 0xd
 3414 0023 00       		.byte	0
ARM GAS  /tmp/ccQ7MHSf.s 			page 61


 3415 0024 03       		.uleb128 0x3
 3416 0025 0E       		.uleb128 0xe
 3417 0026 3A       		.uleb128 0x3a
 3418 0027 0B       		.uleb128 0xb
 3419 0028 3B       		.uleb128 0x3b
 3420 0029 0B       		.uleb128 0xb
 3421 002a 39       		.uleb128 0x39
 3422 002b 0B       		.uleb128 0xb
 3423 002c 49       		.uleb128 0x49
 3424 002d 13       		.uleb128 0x13
 3425 002e 38       		.uleb128 0x38
 3426 002f 0B       		.uleb128 0xb
 3427 0030 00       		.byte	0
 3428 0031 00       		.byte	0
 3429 0032 04       		.uleb128 0x4
 3430 0033 0D       		.uleb128 0xd
 3431 0034 00       		.byte	0
 3432 0035 03       		.uleb128 0x3
 3433 0036 08       		.uleb128 0x8
 3434 0037 3A       		.uleb128 0x3a
 3435 0038 0B       		.uleb128 0xb
 3436 0039 3B       		.uleb128 0x3b
 3437 003a 05       		.uleb128 0x5
 3438 003b 39       		.uleb128 0x39
 3439 003c 0B       		.uleb128 0xb
 3440 003d 49       		.uleb128 0x49
 3441 003e 13       		.uleb128 0x13
 3442 003f 38       		.uleb128 0x38
 3443 0040 0B       		.uleb128 0xb
 3444 0041 00       		.byte	0
 3445 0042 00       		.byte	0
 3446 0043 05       		.uleb128 0x5
 3447 0044 49       		.uleb128 0x49
 3448 0045 00       		.byte	0
 3449 0046 02       		.uleb128 0x2
 3450 0047 18       		.uleb128 0x18
 3451 0048 7E       		.uleb128 0x7e
 3452 0049 18       		.uleb128 0x18
 3453 004a 00       		.byte	0
 3454 004b 00       		.byte	0
 3455 004c 06       		.uleb128 0x6
 3456 004d 0F       		.uleb128 0xf
 3457 004e 00       		.byte	0
 3458 004f 0B       		.uleb128 0xb
 3459 0050 21       		.uleb128 0x21
 3460 0051 04       		.sleb128 4
 3461 0052 49       		.uleb128 0x49
 3462 0053 13       		.uleb128 0x13
 3463 0054 00       		.byte	0
 3464 0055 00       		.byte	0
 3465 0056 07       		.uleb128 0x7
 3466 0057 24       		.uleb128 0x24
 3467 0058 00       		.byte	0
 3468 0059 0B       		.uleb128 0xb
 3469 005a 0B       		.uleb128 0xb
 3470 005b 3E       		.uleb128 0x3e
 3471 005c 0B       		.uleb128 0xb
ARM GAS  /tmp/ccQ7MHSf.s 			page 62


 3472 005d 03       		.uleb128 0x3
 3473 005e 0E       		.uleb128 0xe
 3474 005f 00       		.byte	0
 3475 0060 00       		.byte	0
 3476 0061 08       		.uleb128 0x8
 3477 0062 0D       		.uleb128 0xd
 3478 0063 00       		.byte	0
 3479 0064 03       		.uleb128 0x3
 3480 0065 08       		.uleb128 0x8
 3481 0066 3A       		.uleb128 0x3a
 3482 0067 0B       		.uleb128 0xb
 3483 0068 3B       		.uleb128 0x3b
 3484 0069 0B       		.uleb128 0xb
 3485 006a 39       		.uleb128 0x39
 3486 006b 0B       		.uleb128 0xb
 3487 006c 49       		.uleb128 0x49
 3488 006d 13       		.uleb128 0x13
 3489 006e 38       		.uleb128 0x38
 3490 006f 0B       		.uleb128 0xb
 3491 0070 00       		.byte	0
 3492 0071 00       		.byte	0
 3493 0072 09       		.uleb128 0x9
 3494 0073 48       		.uleb128 0x48
 3495 0074 00       		.byte	0
 3496 0075 7D       		.uleb128 0x7d
 3497 0076 01       		.uleb128 0x1
 3498 0077 7F       		.uleb128 0x7f
 3499 0078 13       		.uleb128 0x13
 3500 0079 00       		.byte	0
 3501 007a 00       		.byte	0
 3502 007b 0A       		.uleb128 0xa
 3503 007c 05       		.uleb128 0x5
 3504 007d 00       		.byte	0
 3505 007e 31       		.uleb128 0x31
 3506 007f 13       		.uleb128 0x13
 3507 0080 02       		.uleb128 0x2
 3508 0081 17       		.uleb128 0x17
 3509 0082 B742     		.uleb128 0x2137
 3510 0084 17       		.uleb128 0x17
 3511 0085 00       		.byte	0
 3512 0086 00       		.byte	0
 3513 0087 0B       		.uleb128 0xb
 3514 0088 05       		.uleb128 0x5
 3515 0089 00       		.byte	0
 3516 008a 49       		.uleb128 0x49
 3517 008b 13       		.uleb128 0x13
 3518 008c 00       		.byte	0
 3519 008d 00       		.byte	0
 3520 008e 0C       		.uleb128 0xc
 3521 008f 48       		.uleb128 0x48
 3522 0090 01       		.byte	0x1
 3523 0091 7D       		.uleb128 0x7d
 3524 0092 01       		.uleb128 0x1
 3525 0093 7F       		.uleb128 0x7f
 3526 0094 13       		.uleb128 0x13
 3527 0095 01       		.uleb128 0x1
 3528 0096 13       		.uleb128 0x13
ARM GAS  /tmp/ccQ7MHSf.s 			page 63


 3529 0097 00       		.byte	0
 3530 0098 00       		.byte	0
 3531 0099 0D       		.uleb128 0xd
 3532 009a 1D       		.uleb128 0x1d
 3533 009b 01       		.byte	0x1
 3534 009c 31       		.uleb128 0x31
 3535 009d 13       		.uleb128 0x13
 3536 009e 52       		.uleb128 0x52
 3537 009f 01       		.uleb128 0x1
 3538 00a0 B842     		.uleb128 0x2138
 3539 00a2 0B       		.uleb128 0xb
 3540 00a3 11       		.uleb128 0x11
 3541 00a4 01       		.uleb128 0x1
 3542 00a5 12       		.uleb128 0x12
 3543 00a6 06       		.uleb128 0x6
 3544 00a7 58       		.uleb128 0x58
 3545 00a8 0B       		.uleb128 0xb
 3546 00a9 59       		.uleb128 0x59
 3547 00aa 05       		.uleb128 0x5
 3548 00ab 57       		.uleb128 0x57
 3549 00ac 0B       		.uleb128 0xb
 3550 00ad 01       		.uleb128 0x1
 3551 00ae 13       		.uleb128 0x13
 3552 00af 00       		.byte	0
 3553 00b0 00       		.byte	0
 3554 00b1 0E       		.uleb128 0xe
 3555 00b2 13       		.uleb128 0x13
 3556 00b3 01       		.byte	0x1
 3557 00b4 03       		.uleb128 0x3
 3558 00b5 0E       		.uleb128 0xe
 3559 00b6 0B       		.uleb128 0xb
 3560 00b7 0B       		.uleb128 0xb
 3561 00b8 3A       		.uleb128 0x3a
 3562 00b9 0B       		.uleb128 0xb
 3563 00ba 3B       		.uleb128 0x3b
 3564 00bb 0B       		.uleb128 0xb
 3565 00bc 39       		.uleb128 0x39
 3566 00bd 0B       		.uleb128 0xb
 3567 00be 01       		.uleb128 0x1
 3568 00bf 13       		.uleb128 0x13
 3569 00c0 00       		.byte	0
 3570 00c1 00       		.byte	0
 3571 00c2 0F       		.uleb128 0xf
 3572 00c3 0D       		.uleb128 0xd
 3573 00c4 00       		.byte	0
 3574 00c5 03       		.uleb128 0x3
 3575 00c6 0E       		.uleb128 0xe
 3576 00c7 3A       		.uleb128 0x3a
 3577 00c8 21       		.uleb128 0x21
 3578 00c9 02       		.sleb128 2
 3579 00ca 3B       		.uleb128 0x3b
 3580 00cb 05       		.uleb128 0x5
 3581 00cc 39       		.uleb128 0x39
 3582 00cd 0B       		.uleb128 0xb
 3583 00ce 49       		.uleb128 0x49
 3584 00cf 13       		.uleb128 0x13
 3585 00d0 00       		.byte	0
ARM GAS  /tmp/ccQ7MHSf.s 			page 64


 3586 00d1 00       		.byte	0
 3587 00d2 10       		.uleb128 0x10
 3588 00d3 48       		.uleb128 0x48
 3589 00d4 00       		.byte	0
 3590 00d5 7D       		.uleb128 0x7d
 3591 00d6 01       		.uleb128 0x1
 3592 00d7 8201     		.uleb128 0x82
 3593 00d9 19       		.uleb128 0x19
 3594 00da 7F       		.uleb128 0x7f
 3595 00db 13       		.uleb128 0x13
 3596 00dc 00       		.byte	0
 3597 00dd 00       		.byte	0
 3598 00de 11       		.uleb128 0x11
 3599 00df 34       		.uleb128 0x34
 3600 00e0 00       		.byte	0
 3601 00e1 03       		.uleb128 0x3
 3602 00e2 08       		.uleb128 0x8
 3603 00e3 3A       		.uleb128 0x3a
 3604 00e4 21       		.uleb128 0x21
 3605 00e5 01       		.sleb128 1
 3606 00e6 3B       		.uleb128 0x3b
 3607 00e7 05       		.uleb128 0x5
 3608 00e8 39       		.uleb128 0x39
 3609 00e9 0B       		.uleb128 0xb
 3610 00ea 49       		.uleb128 0x49
 3611 00eb 13       		.uleb128 0x13
 3612 00ec 02       		.uleb128 0x2
 3613 00ed 17       		.uleb128 0x17
 3614 00ee B742     		.uleb128 0x2137
 3615 00f0 17       		.uleb128 0x17
 3616 00f1 00       		.byte	0
 3617 00f2 00       		.byte	0
 3618 00f3 12       		.uleb128 0x12
 3619 00f4 05       		.uleb128 0x5
 3620 00f5 00       		.byte	0
 3621 00f6 03       		.uleb128 0x3
 3622 00f7 08       		.uleb128 0x8
 3623 00f8 3A       		.uleb128 0x3a
 3624 00f9 21       		.uleb128 0x21
 3625 00fa 01       		.sleb128 1
 3626 00fb 3B       		.uleb128 0x3b
 3627 00fc 0B       		.uleb128 0xb
 3628 00fd 39       		.uleb128 0x39
 3629 00fe 0B       		.uleb128 0xb
 3630 00ff 49       		.uleb128 0x49
 3631 0100 13       		.uleb128 0x13
 3632 0101 02       		.uleb128 0x2
 3633 0102 18       		.uleb128 0x18
 3634 0103 00       		.byte	0
 3635 0104 00       		.byte	0
 3636 0105 13       		.uleb128 0x13
 3637 0106 2E       		.uleb128 0x2e
 3638 0107 00       		.byte	0
 3639 0108 03       		.uleb128 0x3
 3640 0109 0E       		.uleb128 0xe
 3641 010a 3A       		.uleb128 0x3a
 3642 010b 0B       		.uleb128 0xb
ARM GAS  /tmp/ccQ7MHSf.s 			page 65


 3643 010c 3B       		.uleb128 0x3b
 3644 010d 05       		.uleb128 0x5
 3645 010e 39       		.uleb128 0x39
 3646 010f 21       		.uleb128 0x21
 3647 0110 14       		.sleb128 20
 3648 0111 27       		.uleb128 0x27
 3649 0112 19       		.uleb128 0x19
 3650 0113 20       		.uleb128 0x20
 3651 0114 21       		.uleb128 0x21
 3652 0115 03       		.sleb128 3
 3653 0116 00       		.byte	0
 3654 0117 00       		.byte	0
 3655 0118 14       		.uleb128 0x14
 3656 0119 2E       		.uleb128 0x2e
 3657 011a 01       		.byte	0x1
 3658 011b 3F       		.uleb128 0x3f
 3659 011c 19       		.uleb128 0x19
 3660 011d 03       		.uleb128 0x3
 3661 011e 0E       		.uleb128 0xe
 3662 011f 3A       		.uleb128 0x3a
 3663 0120 21       		.uleb128 0x21
 3664 0121 01       		.sleb128 1
 3665 0122 3B       		.uleb128 0x3b
 3666 0123 21       		.uleb128 0x21
 3667 0124 8D02     		.sleb128 269
 3668 0126 39       		.uleb128 0x39
 3669 0127 21       		.uleb128 0x21
 3670 0128 03       		.sleb128 3
 3671 0129 49       		.uleb128 0x49
 3672 012a 13       		.uleb128 0x13
 3673 012b 3C       		.uleb128 0x3c
 3674 012c 19       		.uleb128 0x19
 3675 012d 01       		.uleb128 0x1
 3676 012e 13       		.uleb128 0x13
 3677 012f 00       		.byte	0
 3678 0130 00       		.byte	0
 3679 0131 15       		.uleb128 0x15
 3680 0132 18       		.uleb128 0x18
 3681 0133 00       		.byte	0
 3682 0134 00       		.byte	0
 3683 0135 00       		.byte	0
 3684 0136 16       		.uleb128 0x16
 3685 0137 2E       		.uleb128 0x2e
 3686 0138 01       		.byte	0x1
 3687 0139 3F       		.uleb128 0x3f
 3688 013a 19       		.uleb128 0x19
 3689 013b 03       		.uleb128 0x3
 3690 013c 0E       		.uleb128 0xe
 3691 013d 3A       		.uleb128 0x3a
 3692 013e 21       		.uleb128 0x21
 3693 013f 01       		.sleb128 1
 3694 0140 3B       		.uleb128 0x3b
 3695 0141 05       		.uleb128 0x5
 3696 0142 39       		.uleb128 0x39
 3697 0143 21       		.uleb128 0x21
 3698 0144 06       		.sleb128 6
 3699 0145 27       		.uleb128 0x27
ARM GAS  /tmp/ccQ7MHSf.s 			page 66


 3700 0146 19       		.uleb128 0x19
 3701 0147 11       		.uleb128 0x11
 3702 0148 01       		.uleb128 0x1
 3703 0149 12       		.uleb128 0x12
 3704 014a 06       		.uleb128 0x6
 3705 014b 40       		.uleb128 0x40
 3706 014c 18       		.uleb128 0x18
 3707 014d 7A       		.uleb128 0x7a
 3708 014e 19       		.uleb128 0x19
 3709 014f 01       		.uleb128 0x1
 3710 0150 13       		.uleb128 0x13
 3711 0151 00       		.byte	0
 3712 0152 00       		.byte	0
 3713 0153 17       		.uleb128 0x17
 3714 0154 0B       		.uleb128 0xb
 3715 0155 01       		.byte	0x1
 3716 0156 55       		.uleb128 0x55
 3717 0157 17       		.uleb128 0x17
 3718 0158 01       		.uleb128 0x1
 3719 0159 13       		.uleb128 0x13
 3720 015a 00       		.byte	0
 3721 015b 00       		.byte	0
 3722 015c 18       		.uleb128 0x18
 3723 015d 48       		.uleb128 0x48
 3724 015e 01       		.byte	0x1
 3725 015f 7D       		.uleb128 0x7d
 3726 0160 01       		.uleb128 0x1
 3727 0161 7F       		.uleb128 0x7f
 3728 0162 13       		.uleb128 0x13
 3729 0163 00       		.byte	0
 3730 0164 00       		.byte	0
 3731 0165 19       		.uleb128 0x19
 3732 0166 2E       		.uleb128 0x2e
 3733 0167 01       		.byte	0x1
 3734 0168 3F       		.uleb128 0x3f
 3735 0169 19       		.uleb128 0x19
 3736 016a 03       		.uleb128 0x3
 3737 016b 0E       		.uleb128 0xe
 3738 016c 3A       		.uleb128 0x3a
 3739 016d 21       		.uleb128 0x21
 3740 016e 01       		.sleb128 1
 3741 016f 3B       		.uleb128 0x3b
 3742 0170 0B       		.uleb128 0xb
 3743 0171 39       		.uleb128 0x39
 3744 0172 21       		.uleb128 0x21
 3745 0173 06       		.sleb128 6
 3746 0174 27       		.uleb128 0x27
 3747 0175 19       		.uleb128 0x19
 3748 0176 11       		.uleb128 0x11
 3749 0177 01       		.uleb128 0x1
 3750 0178 12       		.uleb128 0x12
 3751 0179 06       		.uleb128 0x6
 3752 017a 40       		.uleb128 0x40
 3753 017b 18       		.uleb128 0x18
 3754 017c 7A       		.uleb128 0x7a
 3755 017d 19       		.uleb128 0x19
 3756 017e 01       		.uleb128 0x1
ARM GAS  /tmp/ccQ7MHSf.s 			page 67


 3757 017f 13       		.uleb128 0x13
 3758 0180 00       		.byte	0
 3759 0181 00       		.byte	0
 3760 0182 1A       		.uleb128 0x1a
 3761 0183 34       		.uleb128 0x34
 3762 0184 00       		.byte	0
 3763 0185 03       		.uleb128 0x3
 3764 0186 08       		.uleb128 0x8
 3765 0187 3A       		.uleb128 0x3a
 3766 0188 21       		.uleb128 0x21
 3767 0189 01       		.sleb128 1
 3768 018a 3B       		.uleb128 0x3b
 3769 018b 0B       		.uleb128 0xb
 3770 018c 39       		.uleb128 0x39
 3771 018d 21       		.uleb128 0x21
 3772 018e 0D       		.sleb128 13
 3773 018f 49       		.uleb128 0x49
 3774 0190 13       		.uleb128 0x13
 3775 0191 02       		.uleb128 0x2
 3776 0192 17       		.uleb128 0x17
 3777 0193 B742     		.uleb128 0x2137
 3778 0195 17       		.uleb128 0x17
 3779 0196 00       		.byte	0
 3780 0197 00       		.byte	0
 3781 0198 1B       		.uleb128 0x1b
 3782 0199 13       		.uleb128 0x13
 3783 019a 01       		.byte	0x1
 3784 019b 03       		.uleb128 0x3
 3785 019c 0E       		.uleb128 0xe
 3786 019d 0B       		.uleb128 0xb
 3787 019e 0B       		.uleb128 0xb
 3788 019f 3A       		.uleb128 0x3a
 3789 01a0 21       		.uleb128 0x21
 3790 01a1 02       		.sleb128 2
 3791 01a2 3B       		.uleb128 0x3b
 3792 01a3 05       		.uleb128 0x5
 3793 01a4 39       		.uleb128 0x39
 3794 01a5 21       		.uleb128 0x21
 3795 01a6 08       		.sleb128 8
 3796 01a7 01       		.uleb128 0x1
 3797 01a8 13       		.uleb128 0x13
 3798 01a9 00       		.byte	0
 3799 01aa 00       		.byte	0
 3800 01ab 1C       		.uleb128 0x1c
 3801 01ac 2E       		.uleb128 0x2e
 3802 01ad 00       		.byte	0
 3803 01ae 3F       		.uleb128 0x3f
 3804 01af 19       		.uleb128 0x19
 3805 01b0 03       		.uleb128 0x3
 3806 01b1 0E       		.uleb128 0xe
 3807 01b2 3A       		.uleb128 0x3a
 3808 01b3 21       		.uleb128 0x21
 3809 01b4 10       		.sleb128 16
 3810 01b5 3B       		.uleb128 0x3b
 3811 01b6 0B       		.uleb128 0xb
 3812 01b7 39       		.uleb128 0x39
 3813 01b8 21       		.uleb128 0x21
ARM GAS  /tmp/ccQ7MHSf.s 			page 68


 3814 01b9 08       		.sleb128 8
 3815 01ba 27       		.uleb128 0x27
 3816 01bb 19       		.uleb128 0x19
 3817 01bc 3C       		.uleb128 0x3c
 3818 01bd 19       		.uleb128 0x19
 3819 01be 00       		.byte	0
 3820 01bf 00       		.byte	0
 3821 01c0 1D       		.uleb128 0x1d
 3822 01c1 34       		.uleb128 0x34
 3823 01c2 00       		.byte	0
 3824 01c3 31       		.uleb128 0x31
 3825 01c4 13       		.uleb128 0x13
 3826 01c5 02       		.uleb128 0x2
 3827 01c6 17       		.uleb128 0x17
 3828 01c7 B742     		.uleb128 0x2137
 3829 01c9 17       		.uleb128 0x17
 3830 01ca 00       		.byte	0
 3831 01cb 00       		.byte	0
 3832 01cc 1E       		.uleb128 0x1e
 3833 01cd 1D       		.uleb128 0x1d
 3834 01ce 01       		.byte	0x1
 3835 01cf 31       		.uleb128 0x31
 3836 01d0 13       		.uleb128 0x13
 3837 01d1 52       		.uleb128 0x52
 3838 01d2 01       		.uleb128 0x1
 3839 01d3 B842     		.uleb128 0x2138
 3840 01d5 0B       		.uleb128 0xb
 3841 01d6 11       		.uleb128 0x11
 3842 01d7 01       		.uleb128 0x1
 3843 01d8 12       		.uleb128 0x12
 3844 01d9 06       		.uleb128 0x6
 3845 01da 58       		.uleb128 0x58
 3846 01db 21       		.uleb128 0x21
 3847 01dc 04       		.sleb128 4
 3848 01dd 59       		.uleb128 0x59
 3849 01de 05       		.uleb128 0x5
 3850 01df 57       		.uleb128 0x57
 3851 01e0 21       		.uleb128 0x21
 3852 01e1 03       		.sleb128 3
 3853 01e2 00       		.byte	0
 3854 01e3 00       		.byte	0
 3855 01e4 1F       		.uleb128 0x1f
 3856 01e5 0B       		.uleb128 0xb
 3857 01e6 01       		.byte	0x1
 3858 01e7 55       		.uleb128 0x55
 3859 01e8 17       		.uleb128 0x17
 3860 01e9 00       		.byte	0
 3861 01ea 00       		.byte	0
 3862 01eb 20       		.uleb128 0x20
 3863 01ec 05       		.uleb128 0x5
 3864 01ed 00       		.byte	0
 3865 01ee 03       		.uleb128 0x3
 3866 01ef 08       		.uleb128 0x8
 3867 01f0 3A       		.uleb128 0x3a
 3868 01f1 21       		.uleb128 0x21
 3869 01f2 01       		.sleb128 1
 3870 01f3 3B       		.uleb128 0x3b
ARM GAS  /tmp/ccQ7MHSf.s 			page 69


 3871 01f4 05       		.uleb128 0x5
 3872 01f5 39       		.uleb128 0x39
 3873 01f6 0B       		.uleb128 0xb
 3874 01f7 49       		.uleb128 0x49
 3875 01f8 13       		.uleb128 0x13
 3876 01f9 02       		.uleb128 0x2
 3877 01fa 17       		.uleb128 0x17
 3878 01fb B742     		.uleb128 0x2137
 3879 01fd 17       		.uleb128 0x17
 3880 01fe 00       		.byte	0
 3881 01ff 00       		.byte	0
 3882 0200 21       		.uleb128 0x21
 3883 0201 2E       		.uleb128 0x2e
 3884 0202 01       		.byte	0x1
 3885 0203 3F       		.uleb128 0x3f
 3886 0204 19       		.uleb128 0x19
 3887 0205 03       		.uleb128 0x3
 3888 0206 0E       		.uleb128 0xe
 3889 0207 3A       		.uleb128 0x3a
 3890 0208 21       		.uleb128 0x21
 3891 0209 01       		.sleb128 1
 3892 020a 3B       		.uleb128 0x3b
 3893 020b 0B       		.uleb128 0xb
 3894 020c 39       		.uleb128 0x39
 3895 020d 21       		.uleb128 0x21
 3896 020e 0B       		.sleb128 11
 3897 020f 27       		.uleb128 0x27
 3898 0210 19       		.uleb128 0x19
 3899 0211 49       		.uleb128 0x49
 3900 0212 13       		.uleb128 0x13
 3901 0213 11       		.uleb128 0x11
 3902 0214 01       		.uleb128 0x1
 3903 0215 12       		.uleb128 0x12
 3904 0216 06       		.uleb128 0x6
 3905 0217 40       		.uleb128 0x40
 3906 0218 18       		.uleb128 0x18
 3907 0219 7A       		.uleb128 0x7a
 3908 021a 19       		.uleb128 0x19
 3909 021b 01       		.uleb128 0x1
 3910 021c 13       		.uleb128 0x13
 3911 021d 00       		.byte	0
 3912 021e 00       		.byte	0
 3913 021f 22       		.uleb128 0x22
 3914 0220 05       		.uleb128 0x5
 3915 0221 00       		.byte	0
 3916 0222 03       		.uleb128 0x3
 3917 0223 08       		.uleb128 0x8
 3918 0224 3A       		.uleb128 0x3a
 3919 0225 21       		.uleb128 0x21
 3920 0226 01       		.sleb128 1
 3921 0227 3B       		.uleb128 0x3b
 3922 0228 0B       		.uleb128 0xb
 3923 0229 39       		.uleb128 0x39
 3924 022a 0B       		.uleb128 0xb
 3925 022b 49       		.uleb128 0x49
 3926 022c 13       		.uleb128 0x13
 3927 022d 02       		.uleb128 0x2
ARM GAS  /tmp/ccQ7MHSf.s 			page 70


 3928 022e 17       		.uleb128 0x17
 3929 022f B742     		.uleb128 0x2137
 3930 0231 17       		.uleb128 0x17
 3931 0232 00       		.byte	0
 3932 0233 00       		.byte	0
 3933 0234 23       		.uleb128 0x23
 3934 0235 05       		.uleb128 0x5
 3935 0236 00       		.byte	0
 3936 0237 03       		.uleb128 0x3
 3937 0238 08       		.uleb128 0x8
 3938 0239 3A       		.uleb128 0x3a
 3939 023a 0B       		.uleb128 0xb
 3940 023b 3B       		.uleb128 0x3b
 3941 023c 0B       		.uleb128 0xb
 3942 023d 39       		.uleb128 0x39
 3943 023e 0B       		.uleb128 0xb
 3944 023f 49       		.uleb128 0x49
 3945 0240 13       		.uleb128 0x13
 3946 0241 00       		.byte	0
 3947 0242 00       		.byte	0
 3948 0243 24       		.uleb128 0x24
 3949 0244 35       		.uleb128 0x35
 3950 0245 00       		.byte	0
 3951 0246 49       		.uleb128 0x49
 3952 0247 13       		.uleb128 0x13
 3953 0248 00       		.byte	0
 3954 0249 00       		.byte	0
 3955 024a 25       		.uleb128 0x25
 3956 024b 26       		.uleb128 0x26
 3957 024c 00       		.byte	0
 3958 024d 49       		.uleb128 0x49
 3959 024e 13       		.uleb128 0x13
 3960 024f 00       		.byte	0
 3961 0250 00       		.byte	0
 3962 0251 26       		.uleb128 0x26
 3963 0252 01       		.uleb128 0x1
 3964 0253 01       		.byte	0x1
 3965 0254 49       		.uleb128 0x49
 3966 0255 13       		.uleb128 0x13
 3967 0256 01       		.uleb128 0x1
 3968 0257 13       		.uleb128 0x13
 3969 0258 00       		.byte	0
 3970 0259 00       		.byte	0
 3971 025a 27       		.uleb128 0x27
 3972 025b 21       		.uleb128 0x21
 3973 025c 00       		.byte	0
 3974 025d 49       		.uleb128 0x49
 3975 025e 13       		.uleb128 0x13
 3976 025f 2F       		.uleb128 0x2f
 3977 0260 0B       		.uleb128 0xb
 3978 0261 00       		.byte	0
 3979 0262 00       		.byte	0
 3980 0263 28       		.uleb128 0x28
 3981 0264 2E       		.uleb128 0x2e
 3982 0265 01       		.byte	0x1
 3983 0266 3F       		.uleb128 0x3f
 3984 0267 19       		.uleb128 0x19
ARM GAS  /tmp/ccQ7MHSf.s 			page 71


 3985 0268 03       		.uleb128 0x3
 3986 0269 0E       		.uleb128 0xe
 3987 026a 3A       		.uleb128 0x3a
 3988 026b 21       		.uleb128 0x21
 3989 026c 07       		.sleb128 7
 3990 026d 3B       		.uleb128 0x3b
 3991 026e 0B       		.uleb128 0xb
 3992 026f 39       		.uleb128 0x39
 3993 0270 21       		.uleb128 0x21
 3994 0271 08       		.sleb128 8
 3995 0272 27       		.uleb128 0x27
 3996 0273 19       		.uleb128 0x19
 3997 0274 3C       		.uleb128 0x3c
 3998 0275 19       		.uleb128 0x19
 3999 0276 01       		.uleb128 0x1
 4000 0277 13       		.uleb128 0x13
 4001 0278 00       		.byte	0
 4002 0279 00       		.byte	0
 4003 027a 29       		.uleb128 0x29
 4004 027b 2E       		.uleb128 0x2e
 4005 027c 01       		.byte	0x1
 4006 027d 3F       		.uleb128 0x3f
 4007 027e 19       		.uleb128 0x19
 4008 027f 03       		.uleb128 0x3
 4009 0280 0E       		.uleb128 0xe
 4010 0281 3A       		.uleb128 0x3a
 4011 0282 0B       		.uleb128 0xb
 4012 0283 3B       		.uleb128 0x3b
 4013 0284 05       		.uleb128 0x5
 4014 0285 39       		.uleb128 0x39
 4015 0286 21       		.uleb128 0x21
 4016 0287 08       		.sleb128 8
 4017 0288 27       		.uleb128 0x27
 4018 0289 19       		.uleb128 0x19
 4019 028a 3C       		.uleb128 0x3c
 4020 028b 19       		.uleb128 0x19
 4021 028c 01       		.uleb128 0x1
 4022 028d 13       		.uleb128 0x13
 4023 028e 00       		.byte	0
 4024 028f 00       		.byte	0
 4025 0290 2A       		.uleb128 0x2a
 4026 0291 1D       		.uleb128 0x1d
 4027 0292 01       		.byte	0x1
 4028 0293 31       		.uleb128 0x31
 4029 0294 13       		.uleb128 0x13
 4030 0295 52       		.uleb128 0x52
 4031 0296 01       		.uleb128 0x1
 4032 0297 B842     		.uleb128 0x2138
 4033 0299 0B       		.uleb128 0xb
 4034 029a 55       		.uleb128 0x55
 4035 029b 17       		.uleb128 0x17
 4036 029c 58       		.uleb128 0x58
 4037 029d 21       		.uleb128 0x21
 4038 029e 01       		.sleb128 1
 4039 029f 59       		.uleb128 0x59
 4040 02a0 05       		.uleb128 0x5
 4041 02a1 57       		.uleb128 0x57
ARM GAS  /tmp/ccQ7MHSf.s 			page 72


 4042 02a2 21       		.uleb128 0x21
 4043 02a3 03       		.sleb128 3
 4044 02a4 01       		.uleb128 0x1
 4045 02a5 13       		.uleb128 0x13
 4046 02a6 00       		.byte	0
 4047 02a7 00       		.byte	0
 4048 02a8 2B       		.uleb128 0x2b
 4049 02a9 2E       		.uleb128 0x2e
 4050 02aa 01       		.byte	0x1
 4051 02ab 3F       		.uleb128 0x3f
 4052 02ac 19       		.uleb128 0x19
 4053 02ad 03       		.uleb128 0x3
 4054 02ae 0E       		.uleb128 0xe
 4055 02af 3A       		.uleb128 0x3a
 4056 02b0 21       		.uleb128 0x21
 4057 02b1 01       		.sleb128 1
 4058 02b2 3B       		.uleb128 0x3b
 4059 02b3 05       		.uleb128 0x5
 4060 02b4 39       		.uleb128 0x39
 4061 02b5 0B       		.uleb128 0xb
 4062 02b6 27       		.uleb128 0x27
 4063 02b7 19       		.uleb128 0x19
 4064 02b8 49       		.uleb128 0x49
 4065 02b9 13       		.uleb128 0x13
 4066 02ba 11       		.uleb128 0x11
 4067 02bb 01       		.uleb128 0x1
 4068 02bc 12       		.uleb128 0x12
 4069 02bd 06       		.uleb128 0x6
 4070 02be 40       		.uleb128 0x40
 4071 02bf 18       		.uleb128 0x18
 4072 02c0 7A       		.uleb128 0x7a
 4073 02c1 19       		.uleb128 0x19
 4074 02c2 01       		.uleb128 0x1
 4075 02c3 13       		.uleb128 0x13
 4076 02c4 00       		.byte	0
 4077 02c5 00       		.byte	0
 4078 02c6 2C       		.uleb128 0x2c
 4079 02c7 48       		.uleb128 0x48
 4080 02c8 01       		.byte	0x1
 4081 02c9 7D       		.uleb128 0x7d
 4082 02ca 01       		.uleb128 0x1
 4083 02cb 8201     		.uleb128 0x82
 4084 02cd 19       		.uleb128 0x19
 4085 02ce 7F       		.uleb128 0x7f
 4086 02cf 13       		.uleb128 0x13
 4087 02d0 00       		.byte	0
 4088 02d1 00       		.byte	0
 4089 02d2 2D       		.uleb128 0x2d
 4090 02d3 05       		.uleb128 0x5
 4091 02d4 00       		.byte	0
 4092 02d5 03       		.uleb128 0x3
 4093 02d6 0E       		.uleb128 0xe
 4094 02d7 3A       		.uleb128 0x3a
 4095 02d8 21       		.uleb128 0x21
 4096 02d9 01       		.sleb128 1
 4097 02da 3B       		.uleb128 0x3b
 4098 02db 21       		.uleb128 0x21
ARM GAS  /tmp/ccQ7MHSf.s 			page 73


 4099 02dc CA02     		.sleb128 330
 4100 02de 39       		.uleb128 0x39
 4101 02df 0B       		.uleb128 0xb
 4102 02e0 49       		.uleb128 0x49
 4103 02e1 13       		.uleb128 0x13
 4104 02e2 02       		.uleb128 0x2
 4105 02e3 17       		.uleb128 0x17
 4106 02e4 B742     		.uleb128 0x2137
 4107 02e6 17       		.uleb128 0x17
 4108 02e7 00       		.byte	0
 4109 02e8 00       		.byte	0
 4110 02e9 2E       		.uleb128 0x2e
 4111 02ea 2E       		.uleb128 0x2e
 4112 02eb 01       		.byte	0x1
 4113 02ec 3F       		.uleb128 0x3f
 4114 02ed 19       		.uleb128 0x19
 4115 02ee 03       		.uleb128 0x3
 4116 02ef 0E       		.uleb128 0xe
 4117 02f0 3A       		.uleb128 0x3a
 4118 02f1 21       		.uleb128 0x21
 4119 02f2 01       		.sleb128 1
 4120 02f3 3B       		.uleb128 0x3b
 4121 02f4 0B       		.uleb128 0xb
 4122 02f5 39       		.uleb128 0x39
 4123 02f6 21       		.uleb128 0x21
 4124 02f7 0B       		.sleb128 11
 4125 02f8 27       		.uleb128 0x27
 4126 02f9 19       		.uleb128 0x19
 4127 02fa 49       		.uleb128 0x49
 4128 02fb 13       		.uleb128 0x13
 4129 02fc 20       		.uleb128 0x20
 4130 02fd 21       		.uleb128 0x21
 4131 02fe 01       		.sleb128 1
 4132 02ff 01       		.uleb128 0x1
 4133 0300 13       		.uleb128 0x13
 4134 0301 00       		.byte	0
 4135 0302 00       		.byte	0
 4136 0303 2F       		.uleb128 0x2f
 4137 0304 05       		.uleb128 0x5
 4138 0305 00       		.byte	0
 4139 0306 03       		.uleb128 0x3
 4140 0307 08       		.uleb128 0x8
 4141 0308 3A       		.uleb128 0x3a
 4142 0309 0B       		.uleb128 0xb
 4143 030a 3B       		.uleb128 0x3b
 4144 030b 05       		.uleb128 0x5
 4145 030c 39       		.uleb128 0x39
 4146 030d 0B       		.uleb128 0xb
 4147 030e 49       		.uleb128 0x49
 4148 030f 13       		.uleb128 0x13
 4149 0310 00       		.byte	0
 4150 0311 00       		.byte	0
 4151 0312 30       		.uleb128 0x30
 4152 0313 2E       		.uleb128 0x2e
 4153 0314 01       		.byte	0x1
 4154 0315 03       		.uleb128 0x3
 4155 0316 0E       		.uleb128 0xe
ARM GAS  /tmp/ccQ7MHSf.s 			page 74


 4156 0317 3A       		.uleb128 0x3a
 4157 0318 0B       		.uleb128 0xb
 4158 0319 3B       		.uleb128 0x3b
 4159 031a 05       		.uleb128 0x5
 4160 031b 39       		.uleb128 0x39
 4161 031c 0B       		.uleb128 0xb
 4162 031d 27       		.uleb128 0x27
 4163 031e 19       		.uleb128 0x19
 4164 031f 20       		.uleb128 0x20
 4165 0320 21       		.uleb128 0x21
 4166 0321 03       		.sleb128 3
 4167 0322 01       		.uleb128 0x1
 4168 0323 13       		.uleb128 0x13
 4169 0324 00       		.byte	0
 4170 0325 00       		.byte	0
 4171 0326 31       		.uleb128 0x31
 4172 0327 11       		.uleb128 0x11
 4173 0328 01       		.byte	0x1
 4174 0329 25       		.uleb128 0x25
 4175 032a 0E       		.uleb128 0xe
 4176 032b 13       		.uleb128 0x13
 4177 032c 0B       		.uleb128 0xb
 4178 032d 03       		.uleb128 0x3
 4179 032e 0E       		.uleb128 0xe
 4180 032f 1B       		.uleb128 0x1b
 4181 0330 0E       		.uleb128 0xe
 4182 0331 55       		.uleb128 0x55
 4183 0332 17       		.uleb128 0x17
 4184 0333 11       		.uleb128 0x11
 4185 0334 01       		.uleb128 0x1
 4186 0335 10       		.uleb128 0x10
 4187 0336 17       		.uleb128 0x17
 4188 0337 00       		.byte	0
 4189 0338 00       		.byte	0
 4190 0339 32       		.uleb128 0x32
 4191 033a 24       		.uleb128 0x24
 4192 033b 00       		.byte	0
 4193 033c 0B       		.uleb128 0xb
 4194 033d 0B       		.uleb128 0xb
 4195 033e 3E       		.uleb128 0x3e
 4196 033f 0B       		.uleb128 0xb
 4197 0340 03       		.uleb128 0x3
 4198 0341 08       		.uleb128 0x8
 4199 0342 00       		.byte	0
 4200 0343 00       		.byte	0
 4201 0344 33       		.uleb128 0x33
 4202 0345 15       		.uleb128 0x15
 4203 0346 01       		.byte	0x1
 4204 0347 27       		.uleb128 0x27
 4205 0348 19       		.uleb128 0x19
 4206 0349 01       		.uleb128 0x1
 4207 034a 13       		.uleb128 0x13
 4208 034b 00       		.byte	0
 4209 034c 00       		.byte	0
 4210 034d 34       		.uleb128 0x34
 4211 034e 0F       		.uleb128 0xf
 4212 034f 00       		.byte	0
ARM GAS  /tmp/ccQ7MHSf.s 			page 75


 4213 0350 0B       		.uleb128 0xb
 4214 0351 0B       		.uleb128 0xb
 4215 0352 00       		.byte	0
 4216 0353 00       		.byte	0
 4217 0354 35       		.uleb128 0x35
 4218 0355 13       		.uleb128 0x13
 4219 0356 01       		.byte	0x1
 4220 0357 03       		.uleb128 0x3
 4221 0358 0E       		.uleb128 0xe
 4222 0359 0B       		.uleb128 0xb
 4223 035a 05       		.uleb128 0x5
 4224 035b 3A       		.uleb128 0x3a
 4225 035c 0B       		.uleb128 0xb
 4226 035d 3B       		.uleb128 0x3b
 4227 035e 05       		.uleb128 0x5
 4228 035f 39       		.uleb128 0x39
 4229 0360 0B       		.uleb128 0xb
 4230 0361 01       		.uleb128 0x1
 4231 0362 13       		.uleb128 0x13
 4232 0363 00       		.byte	0
 4233 0364 00       		.byte	0
 4234 0365 36       		.uleb128 0x36
 4235 0366 13       		.uleb128 0x13
 4236 0367 01       		.byte	0x1
 4237 0368 0B       		.uleb128 0xb
 4238 0369 0B       		.uleb128 0xb
 4239 036a 3A       		.uleb128 0x3a
 4240 036b 0B       		.uleb128 0xb
 4241 036c 3B       		.uleb128 0x3b
 4242 036d 0B       		.uleb128 0xb
 4243 036e 39       		.uleb128 0x39
 4244 036f 0B       		.uleb128 0xb
 4245 0370 01       		.uleb128 0x1
 4246 0371 13       		.uleb128 0x13
 4247 0372 00       		.byte	0
 4248 0373 00       		.byte	0
 4249 0374 37       		.uleb128 0x37
 4250 0375 17       		.uleb128 0x17
 4251 0376 01       		.byte	0x1
 4252 0377 0B       		.uleb128 0xb
 4253 0378 0B       		.uleb128 0xb
 4254 0379 3A       		.uleb128 0x3a
 4255 037a 0B       		.uleb128 0xb
 4256 037b 3B       		.uleb128 0x3b
 4257 037c 0B       		.uleb128 0xb
 4258 037d 39       		.uleb128 0x39
 4259 037e 0B       		.uleb128 0xb
 4260 037f 01       		.uleb128 0x1
 4261 0380 13       		.uleb128 0x13
 4262 0381 00       		.byte	0
 4263 0382 00       		.byte	0
 4264 0383 38       		.uleb128 0x38
 4265 0384 34       		.uleb128 0x34
 4266 0385 00       		.byte	0
 4267 0386 03       		.uleb128 0x3
 4268 0387 08       		.uleb128 0x8
 4269 0388 3A       		.uleb128 0x3a
ARM GAS  /tmp/ccQ7MHSf.s 			page 76


 4270 0389 0B       		.uleb128 0xb
 4271 038a 3B       		.uleb128 0x3b
 4272 038b 05       		.uleb128 0x5
 4273 038c 39       		.uleb128 0x39
 4274 038d 0B       		.uleb128 0xb
 4275 038e 49       		.uleb128 0x49
 4276 038f 13       		.uleb128 0x13
 4277 0390 3F       		.uleb128 0x3f
 4278 0391 19       		.uleb128 0x19
 4279 0392 3C       		.uleb128 0x3c
 4280 0393 19       		.uleb128 0x19
 4281 0394 00       		.byte	0
 4282 0395 00       		.byte	0
 4283 0396 39       		.uleb128 0x39
 4284 0397 34       		.uleb128 0x34
 4285 0398 00       		.byte	0
 4286 0399 47       		.uleb128 0x47
 4287 039a 13       		.uleb128 0x13
 4288 039b 3A       		.uleb128 0x3a
 4289 039c 0B       		.uleb128 0xb
 4290 039d 3B       		.uleb128 0x3b
 4291 039e 0B       		.uleb128 0xb
 4292 039f 39       		.uleb128 0x39
 4293 03a0 0B       		.uleb128 0xb
 4294 03a1 02       		.uleb128 0x2
 4295 03a2 18       		.uleb128 0x18
 4296 03a3 00       		.byte	0
 4297 03a4 00       		.byte	0
 4298 03a5 3A       		.uleb128 0x3a
 4299 03a6 34       		.uleb128 0x34
 4300 03a7 00       		.byte	0
 4301 03a8 03       		.uleb128 0x3
 4302 03a9 08       		.uleb128 0x8
 4303 03aa 3A       		.uleb128 0x3a
 4304 03ab 0B       		.uleb128 0xb
 4305 03ac 3B       		.uleb128 0x3b
 4306 03ad 05       		.uleb128 0x5
 4307 03ae 39       		.uleb128 0x39
 4308 03af 0B       		.uleb128 0xb
 4309 03b0 49       		.uleb128 0x49
 4310 03b1 13       		.uleb128 0x13
 4311 03b2 00       		.byte	0
 4312 03b3 00       		.byte	0
 4313 03b4 3B       		.uleb128 0x3b
 4314 03b5 1D       		.uleb128 0x1d
 4315 03b6 01       		.byte	0x1
 4316 03b7 31       		.uleb128 0x31
 4317 03b8 13       		.uleb128 0x13
 4318 03b9 52       		.uleb128 0x52
 4319 03ba 01       		.uleb128 0x1
 4320 03bb B842     		.uleb128 0x2138
 4321 03bd 0B       		.uleb128 0xb
 4322 03be 55       		.uleb128 0x55
 4323 03bf 17       		.uleb128 0x17
 4324 03c0 58       		.uleb128 0x58
 4325 03c1 0B       		.uleb128 0xb
 4326 03c2 59       		.uleb128 0x59
ARM GAS  /tmp/ccQ7MHSf.s 			page 77


 4327 03c3 05       		.uleb128 0x5
 4328 03c4 57       		.uleb128 0x57
 4329 03c5 0B       		.uleb128 0xb
 4330 03c6 00       		.byte	0
 4331 03c7 00       		.byte	0
 4332 03c8 3C       		.uleb128 0x3c
 4333 03c9 0B       		.uleb128 0xb
 4334 03ca 01       		.byte	0x1
 4335 03cb 11       		.uleb128 0x11
 4336 03cc 01       		.uleb128 0x1
 4337 03cd 12       		.uleb128 0x12
 4338 03ce 06       		.uleb128 0x6
 4339 03cf 01       		.uleb128 0x1
 4340 03d0 13       		.uleb128 0x13
 4341 03d1 00       		.byte	0
 4342 03d2 00       		.byte	0
 4343 03d3 3D       		.uleb128 0x3d
 4344 03d4 34       		.uleb128 0x34
 4345 03d5 00       		.byte	0
 4346 03d6 03       		.uleb128 0x3
 4347 03d7 08       		.uleb128 0x8
 4348 03d8 3A       		.uleb128 0x3a
 4349 03d9 0B       		.uleb128 0xb
 4350 03da 3B       		.uleb128 0x3b
 4351 03db 05       		.uleb128 0x5
 4352 03dc 39       		.uleb128 0x39
 4353 03dd 0B       		.uleb128 0xb
 4354 03de 49       		.uleb128 0x49
 4355 03df 13       		.uleb128 0x13
 4356 03e0 02       		.uleb128 0x2
 4357 03e1 18       		.uleb128 0x18
 4358 03e2 00       		.byte	0
 4359 03e3 00       		.byte	0
 4360 03e4 3E       		.uleb128 0x3e
 4361 03e5 2E       		.uleb128 0x2e
 4362 03e6 01       		.byte	0x1
 4363 03e7 03       		.uleb128 0x3
 4364 03e8 0E       		.uleb128 0xe
 4365 03e9 3A       		.uleb128 0x3a
 4366 03ea 0B       		.uleb128 0xb
 4367 03eb 3B       		.uleb128 0x3b
 4368 03ec 05       		.uleb128 0x5
 4369 03ed 39       		.uleb128 0x39
 4370 03ee 0B       		.uleb128 0xb
 4371 03ef 27       		.uleb128 0x27
 4372 03f0 19       		.uleb128 0x19
 4373 03f1 11       		.uleb128 0x11
 4374 03f2 01       		.uleb128 0x1
 4375 03f3 12       		.uleb128 0x12
 4376 03f4 06       		.uleb128 0x6
 4377 03f5 40       		.uleb128 0x40
 4378 03f6 18       		.uleb128 0x18
 4379 03f7 7A       		.uleb128 0x7a
 4380 03f8 19       		.uleb128 0x19
 4381 03f9 01       		.uleb128 0x1
 4382 03fa 13       		.uleb128 0x13
 4383 03fb 00       		.byte	0
ARM GAS  /tmp/ccQ7MHSf.s 			page 78


 4384 03fc 00       		.byte	0
 4385 03fd 3F       		.uleb128 0x3f
 4386 03fe 05       		.uleb128 0x5
 4387 03ff 00       		.byte	0
 4388 0400 03       		.uleb128 0x3
 4389 0401 0E       		.uleb128 0xe
 4390 0402 3A       		.uleb128 0x3a
 4391 0403 0B       		.uleb128 0xb
 4392 0404 3B       		.uleb128 0x3b
 4393 0405 0B       		.uleb128 0xb
 4394 0406 39       		.uleb128 0x39
 4395 0407 0B       		.uleb128 0xb
 4396 0408 49       		.uleb128 0x49
 4397 0409 13       		.uleb128 0x13
 4398 040a 02       		.uleb128 0x2
 4399 040b 17       		.uleb128 0x17
 4400 040c B742     		.uleb128 0x2137
 4401 040e 17       		.uleb128 0x17
 4402 040f 00       		.byte	0
 4403 0410 00       		.byte	0
 4404 0411 40       		.uleb128 0x40
 4405 0412 34       		.uleb128 0x34
 4406 0413 00       		.byte	0
 4407 0414 03       		.uleb128 0x3
 4408 0415 0E       		.uleb128 0xe
 4409 0416 49       		.uleb128 0x49
 4410 0417 13       		.uleb128 0x13
 4411 0418 34       		.uleb128 0x34
 4412 0419 19       		.uleb128 0x19
 4413 041a 02       		.uleb128 0x2
 4414 041b 18       		.uleb128 0x18
 4415 041c 00       		.byte	0
 4416 041d 00       		.byte	0
 4417 041e 41       		.uleb128 0x41
 4418 041f 34       		.uleb128 0x34
 4419 0420 00       		.byte	0
 4420 0421 03       		.uleb128 0x3
 4421 0422 08       		.uleb128 0x8
 4422 0423 3A       		.uleb128 0x3a
 4423 0424 0B       		.uleb128 0xb
 4424 0425 3B       		.uleb128 0x3b
 4425 0426 0B       		.uleb128 0xb
 4426 0427 39       		.uleb128 0x39
 4427 0428 0B       		.uleb128 0xb
 4428 0429 49       		.uleb128 0x49
 4429 042a 13       		.uleb128 0x13
 4430 042b 00       		.byte	0
 4431 042c 00       		.byte	0
 4432 042d 42       		.uleb128 0x42
 4433 042e 1D       		.uleb128 0x1d
 4434 042f 01       		.byte	0x1
 4435 0430 31       		.uleb128 0x31
 4436 0431 13       		.uleb128 0x13
 4437 0432 52       		.uleb128 0x52
 4438 0433 01       		.uleb128 0x1
 4439 0434 B842     		.uleb128 0x2138
 4440 0436 0B       		.uleb128 0xb
ARM GAS  /tmp/ccQ7MHSf.s 			page 79


 4441 0437 55       		.uleb128 0x55
 4442 0438 17       		.uleb128 0x17
 4443 0439 58       		.uleb128 0x58
 4444 043a 0B       		.uleb128 0xb
 4445 043b 59       		.uleb128 0x59
 4446 043c 0B       		.uleb128 0xb
 4447 043d 57       		.uleb128 0x57
 4448 043e 0B       		.uleb128 0xb
 4449 043f 00       		.byte	0
 4450 0440 00       		.byte	0
 4451 0441 43       		.uleb128 0x43
 4452 0442 2E       		.uleb128 0x2e
 4453 0443 01       		.byte	0x1
 4454 0444 03       		.uleb128 0x3
 4455 0445 0E       		.uleb128 0xe
 4456 0446 3A       		.uleb128 0x3a
 4457 0447 0B       		.uleb128 0xb
 4458 0448 3B       		.uleb128 0x3b
 4459 0449 0B       		.uleb128 0xb
 4460 044a 39       		.uleb128 0x39
 4461 044b 0B       		.uleb128 0xb
 4462 044c 27       		.uleb128 0x27
 4463 044d 19       		.uleb128 0x19
 4464 044e 20       		.uleb128 0x20
 4465 044f 0B       		.uleb128 0xb
 4466 0450 01       		.uleb128 0x1
 4467 0451 13       		.uleb128 0x13
 4468 0452 00       		.byte	0
 4469 0453 00       		.byte	0
 4470 0454 44       		.uleb128 0x44
 4471 0455 2E       		.uleb128 0x2e
 4472 0456 01       		.byte	0x1
 4473 0457 03       		.uleb128 0x3
 4474 0458 0E       		.uleb128 0xe
 4475 0459 3A       		.uleb128 0x3a
 4476 045a 0B       		.uleb128 0xb
 4477 045b 3B       		.uleb128 0x3b
 4478 045c 05       		.uleb128 0x5
 4479 045d 39       		.uleb128 0x39
 4480 045e 0B       		.uleb128 0xb
 4481 045f 27       		.uleb128 0x27
 4482 0460 19       		.uleb128 0x19
 4483 0461 49       		.uleb128 0x49
 4484 0462 13       		.uleb128 0x13
 4485 0463 20       		.uleb128 0x20
 4486 0464 0B       		.uleb128 0xb
 4487 0465 01       		.uleb128 0x1
 4488 0466 13       		.uleb128 0x13
 4489 0467 00       		.byte	0
 4490 0468 00       		.byte	0
 4491 0469 45       		.uleb128 0x45
 4492 046a 2E       		.uleb128 0x2e
 4493 046b 00       		.byte	0
 4494 046c 03       		.uleb128 0x3
 4495 046d 0E       		.uleb128 0xe
 4496 046e 3A       		.uleb128 0x3a
 4497 046f 0B       		.uleb128 0xb
ARM GAS  /tmp/ccQ7MHSf.s 			page 80


 4498 0470 3B       		.uleb128 0x3b
 4499 0471 05       		.uleb128 0x5
 4500 0472 39       		.uleb128 0x39
 4501 0473 0B       		.uleb128 0xb
 4502 0474 27       		.uleb128 0x27
 4503 0475 19       		.uleb128 0x19
 4504 0476 49       		.uleb128 0x49
 4505 0477 13       		.uleb128 0x13
 4506 0478 20       		.uleb128 0x20
 4507 0479 0B       		.uleb128 0xb
 4508 047a 00       		.byte	0
 4509 047b 00       		.byte	0
 4510 047c 46       		.uleb128 0x46
 4511 047d 05       		.uleb128 0x5
 4512 047e 00       		.byte	0
 4513 047f 03       		.uleb128 0x3
 4514 0480 0E       		.uleb128 0xe
 4515 0481 3A       		.uleb128 0x3a
 4516 0482 0B       		.uleb128 0xb
 4517 0483 3B       		.uleb128 0x3b
 4518 0484 05       		.uleb128 0x5
 4519 0485 39       		.uleb128 0x39
 4520 0486 0B       		.uleb128 0xb
 4521 0487 49       		.uleb128 0x49
 4522 0488 13       		.uleb128 0x13
 4523 0489 00       		.byte	0
 4524 048a 00       		.byte	0
 4525 048b 47       		.uleb128 0x47
 4526 048c 2E       		.uleb128 0x2e
 4527 048d 01       		.byte	0x1
 4528 048e 31       		.uleb128 0x31
 4529 048f 13       		.uleb128 0x13
 4530 0490 11       		.uleb128 0x11
 4531 0491 01       		.uleb128 0x1
 4532 0492 12       		.uleb128 0x12
 4533 0493 06       		.uleb128 0x6
 4534 0494 40       		.uleb128 0x40
 4535 0495 18       		.uleb128 0x18
 4536 0496 7A       		.uleb128 0x7a
 4537 0497 19       		.uleb128 0x19
 4538 0498 01       		.uleb128 0x1
 4539 0499 13       		.uleb128 0x13
 4540 049a 00       		.byte	0
 4541 049b 00       		.byte	0
 4542 049c 48       		.uleb128 0x48
 4543 049d 2E       		.uleb128 0x2e
 4544 049e 01       		.byte	0x1
 4545 049f 31       		.uleb128 0x31
 4546 04a0 13       		.uleb128 0x13
 4547 04a1 11       		.uleb128 0x11
 4548 04a2 01       		.uleb128 0x1
 4549 04a3 12       		.uleb128 0x12
 4550 04a4 06       		.uleb128 0x6
 4551 04a5 40       		.uleb128 0x40
 4552 04a6 18       		.uleb128 0x18
 4553 04a7 7A       		.uleb128 0x7a
 4554 04a8 19       		.uleb128 0x19
ARM GAS  /tmp/ccQ7MHSf.s 			page 81


 4555 04a9 00       		.byte	0
 4556 04aa 00       		.byte	0
 4557 04ab 49       		.uleb128 0x49
 4558 04ac 05       		.uleb128 0x5
 4559 04ad 00       		.byte	0
 4560 04ae 31       		.uleb128 0x31
 4561 04af 13       		.uleb128 0x13
 4562 04b0 02       		.uleb128 0x2
 4563 04b1 18       		.uleb128 0x18
 4564 04b2 00       		.byte	0
 4565 04b3 00       		.byte	0
 4566 04b4 00       		.byte	0
 4567              		.section	.debug_loclists,"",%progbits
 4568 0000 E2020000 		.4byte	.Ldebug_loc3-.Ldebug_loc2
 4569              	.Ldebug_loc2:
 4570 0004 0500     		.2byte	0x5
 4571 0006 04       		.byte	0x4
 4572 0007 00       		.byte	0
 4573 0008 00000000 		.4byte	0
 4574              	.Ldebug_loc0:
 4575              	.LVUS38:
 4576 000c 00       		.uleb128 .LVU336
 4577 000d 00       		.uleb128 .LVU375
 4578 000e 00       		.uleb128 .LVU375
 4579 000f 00       		.uleb128 .LVU376
 4580              	.LLST38:
 4581 0010 06       		.byte	0x6
 4582 0011 08000000 		.4byte	.LVL72
 4583 0015 04       		.byte	0x4
 4584 0016 00       		.uleb128 .LVL72-.LVL72
 4585 0017 38       		.uleb128 .LVL77-.LVL72
 4586 0018 01       		.uleb128 0x1
 4587 0019 55       		.byte	0x55
 4588 001a 04       		.byte	0x4
 4589 001b 38       		.uleb128 .LVL77-.LVL72
 4590 001c 3B       		.uleb128 .LVL78-1-.LVL72
 4591 001d 01       		.uleb128 0x1
 4592 001e 51       		.byte	0x51
 4593 001f 00       		.byte	0
 4594              	.LVUS40:
 4595 0020 01       		.uleb128 .LVU337
 4596 0021 01       		.uleb128 .LVU346
 4597              	.LLST40:
 4598 0022 08       		.byte	0x8
 4599 0023 08000000 		.4byte	.LVL72
 4600 0027 08       		.uleb128 .LVL73-.LVL72
 4601 0028 06       		.uleb128 0x6
 4602 0029 03       		.byte	0x3
 4603 002a 00000000 		.4byte	ch
 4604 002e 9F       		.byte	0x9f
 4605 002f 00       		.byte	0
 4606              	.LVUS41:
 4607 0030 03       		.uleb128 .LVU339
 4608 0031 01       		.uleb128 .LVU346
 4609              	.LLST41:
 4610 0032 08       		.byte	0x8
 4611 0033 08000000 		.4byte	.LVL72
ARM GAS  /tmp/ccQ7MHSf.s 			page 82


 4612 0037 08       		.uleb128 .LVL73-.LVL72
 4613 0038 01       		.uleb128 0x1
 4614 0039 50       		.byte	0x50
 4615 003a 00       		.byte	0
 4616              	.LVUS33:
 4617 003b 00       		.uleb128 .LVU302
 4618 003c 00       		.uleb128 .LVU327
 4619 003d 00       		.uleb128 .LVU327
 4620 003e 00       		.uleb128 .LVU328
 4621              	.LLST33:
 4622 003f 06       		.byte	0x6
 4623 0040 08000000 		.4byte	.LVL66
 4624 0044 04       		.byte	0x4
 4625 0045 00       		.uleb128 .LVL66-.LVL66
 4626 0046 26       		.uleb128 .LVL70-.LVL66
 4627 0047 01       		.uleb128 0x1
 4628 0048 55       		.byte	0x55
 4629 0049 04       		.byte	0x4
 4630 004a 26       		.uleb128 .LVL70-.LVL66
 4631 004b 29       		.uleb128 .LVL71-1-.LVL66
 4632 004c 01       		.uleb128 0x1
 4633 004d 51       		.byte	0x51
 4634 004e 00       		.byte	0
 4635              	.LVUS35:
 4636 004f 01       		.uleb128 .LVU303
 4637 0050 01       		.uleb128 .LVU311
 4638              	.LLST35:
 4639 0051 08       		.byte	0x8
 4640 0052 08000000 		.4byte	.LVL66
 4641 0056 06       		.uleb128 .LVL67-.LVL66
 4642 0057 06       		.uleb128 0x6
 4643 0058 03       		.byte	0x3
 4644 0059 00000000 		.4byte	ch
 4645 005d 9F       		.byte	0x9f
 4646 005e 00       		.byte	0
 4647              	.LVUS36:
 4648 005f 03       		.uleb128 .LVU305
 4649 0060 01       		.uleb128 .LVU311
 4650              	.LLST36:
 4651 0061 08       		.byte	0x8
 4652 0062 08000000 		.4byte	.LVL66
 4653 0066 06       		.uleb128 .LVL67-.LVL66
 4654 0067 01       		.uleb128 0x1
 4655 0068 53       		.byte	0x53
 4656 0069 00       		.byte	0
 4657              	.LVUS31:
 4658 006a 00       		.uleb128 .LVU286
 4659 006b 00       		.uleb128 .LVU291
 4660 006c 00       		.uleb128 .LVU291
 4661 006d 00       		.uleb128 .LVU292
 4662 006e 00       		.uleb128 .LVU292
 4663 006f 00       		.uleb128 .LVU293
 4664 0070 00       		.uleb128 .LVU293
 4665 0071 00       		.uleb128 0
 4666              	.LLST31:
 4667 0072 06       		.byte	0x6
 4668 0073 0A000000 		.4byte	.LVL61
ARM GAS  /tmp/ccQ7MHSf.s 			page 83


 4669 0077 04       		.byte	0x4
 4670 0078 00       		.uleb128 .LVL61-.LVL61
 4671 0079 0A       		.uleb128 .LVL63-.LVL61
 4672 007a 01       		.uleb128 0x1
 4673 007b 50       		.byte	0x50
 4674 007c 04       		.byte	0x4
 4675 007d 0A       		.uleb128 .LVL63-.LVL61
 4676 007e 0E       		.uleb128 .LVL64-.LVL61
 4677 007f 02       		.uleb128 0x2
 4678 0080 71       		.byte	0x71
 4679 0081 08       		.sleb128 8
 4680 0082 04       		.byte	0x4
 4681 0083 0E       		.uleb128 .LVL64-.LVL61
 4682 0084 14       		.uleb128 .LVL65-.LVL61
 4683 0085 01       		.uleb128 0x1
 4684 0086 50       		.byte	0x50
 4685 0087 04       		.byte	0x4
 4686 0088 14       		.uleb128 .LVL65-.LVL61
 4687 0089 1E       		.uleb128 .LFE200-.LVL61
 4688 008a 02       		.uleb128 0x2
 4689 008b 71       		.byte	0x71
 4690 008c 08       		.sleb128 8
 4691 008d 00       		.byte	0
 4692              	.LVUS32:
 4693 008e 00       		.uleb128 .LVU288
 4694 008f 00       		.uleb128 0
 4695              	.LLST32:
 4696 0090 08       		.byte	0x8
 4697 0091 0C000000 		.4byte	.LVL62
 4698 0095 1C       		.uleb128 .LFE200-.LVL62
 4699 0096 01       		.uleb128 0x1
 4700 0097 53       		.byte	0x53
 4701 0098 00       		.byte	0
 4702              	.LVUS26:
 4703 0099 00       		.uleb128 0
 4704 009a 00       		.uleb128 .LVU251
 4705 009b 00       		.uleb128 .LVU251
 4706 009c 00       		.uleb128 .LVU260
 4707 009d 00       		.uleb128 .LVU260
 4708 009e 00       		.uleb128 .LVU261
 4709 009f 00       		.uleb128 .LVU261
 4710 00a0 00       		.uleb128 .LVU261
 4711 00a1 00       		.uleb128 .LVU261
 4712 00a2 00       		.uleb128 .LVU277
 4713 00a3 00       		.uleb128 .LVU277
 4714 00a4 00       		.uleb128 .LVU278
 4715 00a5 00       		.uleb128 .LVU278
 4716 00a6 00       		.uleb128 0
 4717              	.LLST26:
 4718 00a7 06       		.byte	0x6
 4719 00a8 00000000 		.4byte	.LVL51
 4720 00ac 04       		.byte	0x4
 4721 00ad 00       		.uleb128 .LVL51-.LVL51
 4722 00ae 0B       		.uleb128 .LVL52-1-.LVL51
 4723 00af 01       		.uleb128 0x1
 4724 00b0 50       		.byte	0x50
 4725 00b1 04       		.byte	0x4
ARM GAS  /tmp/ccQ7MHSf.s 			page 84


 4726 00b2 0B       		.uleb128 .LVL52-1-.LVL51
 4727 00b3 1E       		.uleb128 .LVL53-.LVL51
 4728 00b4 01       		.uleb128 0x1
 4729 00b5 54       		.byte	0x54
 4730 00b6 04       		.byte	0x4
 4731 00b7 1E       		.uleb128 .LVL53-.LVL51
 4732 00b8 21       		.uleb128 .LVL54-1-.LVL51
 4733 00b9 01       		.uleb128 0x1
 4734 00ba 50       		.byte	0x50
 4735 00bb 04       		.byte	0x4
 4736 00bc 21       		.uleb128 .LVL54-1-.LVL51
 4737 00bd 22       		.uleb128 .LVL54-.LVL51
 4738 00be 0A       		.uleb128 0xa
 4739 00bf A3       		.byte	0xa3
 4740 00c0 03       		.uleb128 0x3
 4741 00c1 A5       		.byte	0xa5
 4742 00c2 00       		.uleb128 0
 4743 00c3 26       		.uleb128 0x26
 4744 00c4 A8       		.byte	0xa8
 4745 00c5 2D       		.uleb128 0x2d
 4746 00c6 A8       		.byte	0xa8
 4747 00c7 00       		.uleb128 0
 4748 00c8 9F       		.byte	0x9f
 4749 00c9 04       		.byte	0x4
 4750 00ca 22       		.uleb128 .LVL54-.LVL51
 4751 00cb 3E       		.uleb128 .LVL59-.LVL51
 4752 00cc 01       		.uleb128 0x1
 4753 00cd 54       		.byte	0x54
 4754 00ce 04       		.byte	0x4
 4755 00cf 3E       		.uleb128 .LVL59-.LVL51
 4756 00d0 41       		.uleb128 .LVL60-1-.LVL51
 4757 00d1 01       		.uleb128 0x1
 4758 00d2 50       		.byte	0x50
 4759 00d3 04       		.byte	0x4
 4760 00d4 41       		.uleb128 .LVL60-1-.LVL51
 4761 00d5 48       		.uleb128 .LFE198-.LVL51
 4762 00d6 0A       		.uleb128 0xa
 4763 00d7 A3       		.byte	0xa3
 4764 00d8 03       		.uleb128 0x3
 4765 00d9 A5       		.byte	0xa5
 4766 00da 00       		.uleb128 0
 4767 00db 26       		.uleb128 0x26
 4768 00dc A8       		.byte	0xa8
 4769 00dd 2D       		.uleb128 0x2d
 4770 00de A8       		.byte	0xa8
 4771 00df 00       		.uleb128 0
 4772 00e0 9F       		.byte	0x9f
 4773 00e1 00       		.byte	0
 4774              	.LVUS27:
 4775 00e2 00       		.uleb128 0
 4776 00e3 00       		.uleb128 .LVU251
 4777 00e4 00       		.uleb128 .LVU251
 4778 00e5 00       		.uleb128 .LVU260
 4779 00e6 00       		.uleb128 .LVU260
 4780 00e7 00       		.uleb128 .LVU261
 4781 00e8 00       		.uleb128 .LVU261
 4782 00e9 00       		.uleb128 .LVU261
ARM GAS  /tmp/ccQ7MHSf.s 			page 85


 4783 00ea 00       		.uleb128 .LVU261
 4784 00eb 00       		.uleb128 .LVU265
 4785 00ec 00       		.uleb128 .LVU265
 4786 00ed 00       		.uleb128 0
 4787              	.LLST27:
 4788 00ee 06       		.byte	0x6
 4789 00ef 00000000 		.4byte	.LVL51
 4790 00f3 04       		.byte	0x4
 4791 00f4 00       		.uleb128 .LVL51-.LVL51
 4792 00f5 0B       		.uleb128 .LVL52-1-.LVL51
 4793 00f6 01       		.uleb128 0x1
 4794 00f7 51       		.byte	0x51
 4795 00f8 04       		.byte	0x4
 4796 00f9 0B       		.uleb128 .LVL52-1-.LVL51
 4797 00fa 1E       		.uleb128 .LVL53-.LVL51
 4798 00fb 01       		.uleb128 0x1
 4799 00fc 55       		.byte	0x55
 4800 00fd 04       		.byte	0x4
 4801 00fe 1E       		.uleb128 .LVL53-.LVL51
 4802 00ff 21       		.uleb128 .LVL54-1-.LVL51
 4803 0100 02       		.uleb128 0x2
 4804 0101 70       		.byte	0x70
 4805 0102 20       		.sleb128 32
 4806 0103 04       		.byte	0x4
 4807 0104 21       		.uleb128 .LVL54-1-.LVL51
 4808 0105 22       		.uleb128 .LVL54-.LVL51
 4809 0106 0A       		.uleb128 0xa
 4810 0107 A3       		.byte	0xa3
 4811 0108 03       		.uleb128 0x3
 4812 0109 A5       		.byte	0xa5
 4813 010a 01       		.uleb128 0x1
 4814 010b 26       		.uleb128 0x26
 4815 010c A8       		.byte	0xa8
 4816 010d 2D       		.uleb128 0x2d
 4817 010e A8       		.byte	0xa8
 4818 010f 00       		.uleb128 0
 4819 0110 9F       		.byte	0x9f
 4820 0111 04       		.byte	0x4
 4821 0112 22       		.uleb128 .LVL54-.LVL51
 4822 0113 2A       		.uleb128 .LVL56-.LVL51
 4823 0114 01       		.uleb128 0x1
 4824 0115 55       		.byte	0x55
 4825 0116 04       		.byte	0x4
 4826 0117 2A       		.uleb128 .LVL56-.LVL51
 4827 0118 48       		.uleb128 .LFE198-.LVL51
 4828 0119 0A       		.uleb128 0xa
 4829 011a A3       		.byte	0xa3
 4830 011b 03       		.uleb128 0x3
 4831 011c A5       		.byte	0xa5
 4832 011d 01       		.uleb128 0x1
 4833 011e 26       		.uleb128 0x26
 4834 011f A8       		.byte	0xa8
 4835 0120 2D       		.uleb128 0x2d
 4836 0121 A8       		.byte	0xa8
 4837 0122 00       		.uleb128 0
 4838 0123 9F       		.byte	0x9f
 4839 0124 00       		.byte	0
ARM GAS  /tmp/ccQ7MHSf.s 			page 86


 4840              	.LVUS29:
 4841 0125 00       		.uleb128 .LVU265
 4842 0126 00       		.uleb128 .LVU269
 4843 0127 00       		.uleb128 .LVU269
 4844 0128 00       		.uleb128 .LVU275
 4845 0129 00       		.uleb128 .LVU275
 4846 012a 00       		.uleb128 .LVU277
 4847 012b 00       		.uleb128 .LVU277
 4848 012c 00       		.uleb128 .LVU278
 4849              	.LLST29:
 4850 012d 06       		.byte	0x6
 4851 012e 2A000000 		.4byte	.LVL56
 4852 0132 04       		.byte	0x4
 4853 0133 00       		.uleb128 .LVL56-.LVL56
 4854 0134 06       		.uleb128 .LVL57-.LVL56
 4855 0135 01       		.uleb128 0x1
 4856 0136 50       		.byte	0x50
 4857 0137 04       		.byte	0x4
 4858 0138 06       		.uleb128 .LVL57-.LVL56
 4859 0139 0B       		.uleb128 .LVL58-1-.LVL56
 4860 013a 01       		.uleb128 0x1
 4861 013b 51       		.byte	0x51
 4862 013c 04       		.byte	0x4
 4863 013d 0B       		.uleb128 .LVL58-1-.LVL56
 4864 013e 14       		.uleb128 .LVL59-.LVL56
 4865 013f 01       		.uleb128 0x1
 4866 0140 55       		.byte	0x55
 4867 0141 04       		.byte	0x4
 4868 0142 14       		.uleb128 .LVL59-.LVL56
 4869 0143 17       		.uleb128 .LVL60-1-.LVL56
 4870 0144 01       		.uleb128 0x1
 4871 0145 51       		.byte	0x51
 4872 0146 00       		.byte	0
 4873              	.LVUS23:
 4874 0147 00       		.uleb128 0
 4875 0148 00       		.uleb128 .LVU223
 4876 0149 00       		.uleb128 .LVU223
 4877 014a 00       		.uleb128 .LVU240
 4878 014b 00       		.uleb128 .LVU240
 4879 014c 00       		.uleb128 0
 4880              	.LLST23:
 4881 014d 06       		.byte	0x6
 4882 014e 00000000 		.4byte	.LVL42
 4883 0152 04       		.byte	0x4
 4884 0153 00       		.uleb128 .LVL42-.LVL42
 4885 0154 0B       		.uleb128 .LVL43-1-.LVL42
 4886 0155 01       		.uleb128 0x1
 4887 0156 50       		.byte	0x50
 4888 0157 04       		.byte	0x4
 4889 0158 0B       		.uleb128 .LVL43-1-.LVL42
 4890 0159 3A       		.uleb128 .LVL48-.LVL42
 4891 015a 01       		.uleb128 0x1
 4892 015b 55       		.byte	0x55
 4893 015c 04       		.byte	0x4
 4894 015d 3A       		.uleb128 .LVL48-.LVL42
 4895 015e 54       		.uleb128 .LFE197-.LVL42
 4896 015f 0A       		.uleb128 0xa
ARM GAS  /tmp/ccQ7MHSf.s 			page 87


 4897 0160 A3       		.byte	0xa3
 4898 0161 03       		.uleb128 0x3
 4899 0162 A5       		.byte	0xa5
 4900 0163 00       		.uleb128 0
 4901 0164 26       		.uleb128 0x26
 4902 0165 A8       		.byte	0xa8
 4903 0166 34       		.uleb128 0x34
 4904 0167 A8       		.byte	0xa8
 4905 0168 00       		.uleb128 0
 4906 0169 9F       		.byte	0x9f
 4907 016a 00       		.byte	0
 4908              	.LVUS24:
 4909 016b 00       		.uleb128 0
 4910 016c 00       		.uleb128 .LVU223
 4911 016d 00       		.uleb128 .LVU223
 4912 016e 00       		.uleb128 .LVU244
 4913 016f 00       		.uleb128 .LVU244
 4914 0170 00       		.uleb128 0
 4915              	.LLST24:
 4916 0171 06       		.byte	0x6
 4917 0172 00000000 		.4byte	.LVL42
 4918 0176 04       		.byte	0x4
 4919 0177 00       		.uleb128 .LVL42-.LVL42
 4920 0178 0B       		.uleb128 .LVL43-1-.LVL42
 4921 0179 01       		.uleb128 0x1
 4922 017a 51       		.byte	0x51
 4923 017b 04       		.byte	0x4
 4924 017c 0B       		.uleb128 .LVL43-1-.LVL42
 4925 017d 4A       		.uleb128 .LVL50-.LVL42
 4926 017e 01       		.uleb128 0x1
 4927 017f 54       		.byte	0x54
 4928 0180 04       		.byte	0x4
 4929 0181 4A       		.uleb128 .LVL50-.LVL42
 4930 0182 54       		.uleb128 .LFE197-.LVL42
 4931 0183 0A       		.uleb128 0xa
 4932 0184 A3       		.byte	0xa3
 4933 0185 03       		.uleb128 0x3
 4934 0186 A5       		.byte	0xa5
 4935 0187 01       		.uleb128 0x1
 4936 0188 26       		.uleb128 0x26
 4937 0189 A8       		.byte	0xa8
 4938 018a 2D       		.uleb128 0x2d
 4939 018b A8       		.byte	0xa8
 4940 018c 00       		.uleb128 0
 4941 018d 9F       		.byte	0x9f
 4942 018e 00       		.byte	0
 4943              	.LVUS25:
 4944 018f 01       		.uleb128 .LVU231
 4945 0190 01       		.uleb128 .LVU234
 4946              	.LLST25:
 4947 0191 08       		.byte	0x8
 4948 0192 24000000 		.4byte	.LVL45
 4949 0196 04       		.uleb128 .LVL46-.LVL45
 4950 0197 03       		.uleb128 0x3
 4951 0198 91       		.byte	0x91
 4952 0199 5C       		.sleb128 -36
 4953 019a 9F       		.byte	0x9f
ARM GAS  /tmp/ccQ7MHSf.s 			page 88


 4954 019b 00       		.byte	0
 4955              	.LVUS11:
 4956 019c 00       		.uleb128 0
 4957 019d 00       		.uleb128 .LVU138
 4958 019e 00       		.uleb128 .LVU138
 4959 019f 00       		.uleb128 0
 4960              	.LLST11:
 4961 01a0 06       		.byte	0x6
 4962 01a1 00000000 		.4byte	.LVL21
 4963 01a5 04       		.byte	0x4
 4964 01a6 00       		.uleb128 .LVL21-.LVL21
 4965 01a7 0D       		.uleb128 .LVL24-1-.LVL21
 4966 01a8 01       		.uleb128 0x1
 4967 01a9 50       		.byte	0x50
 4968 01aa 04       		.byte	0x4
 4969 01ab 0D       		.uleb128 .LVL24-1-.LVL21
 4970 01ac 5E       		.uleb128 .LFE196-.LVL21
 4971 01ad 01       		.uleb128 0x1
 4972 01ae 54       		.byte	0x54
 4973 01af 00       		.byte	0
 4974              	.LVUS12:
 4975 01b0 00       		.uleb128 .LVU126
 4976 01b1 00       		.uleb128 .LVU138
 4977 01b2 00       		.uleb128 .LVU138
 4978 01b3 00       		.uleb128 0
 4979              	.LLST12:
 4980 01b4 06       		.byte	0x6
 4981 01b5 04000000 		.4byte	.LVL22
 4982 01b9 04       		.byte	0x4
 4983 01ba 00       		.uleb128 .LVL22-.LVL22
 4984 01bb 09       		.uleb128 .LVL24-1-.LVL22
 4985 01bc 01       		.uleb128 0x1
 4986 01bd 50       		.byte	0x50
 4987 01be 04       		.byte	0x4
 4988 01bf 09       		.uleb128 .LVL24-1-.LVL22
 4989 01c0 5A       		.uleb128 .LFE196-.LVL22
 4990 01c1 01       		.uleb128 0x1
 4991 01c2 54       		.byte	0x54
 4992 01c3 00       		.byte	0
 4993              	.LVUS13:
 4994 01c4 07       		.uleb128 .LVU133
 4995 01c5 00       		.uleb128 .LVU135
 4996              	.LLST13:
 4997 01c6 08       		.byte	0x8
 4998 01c7 04000000 		.4byte	.LVL22
 4999 01cb 06       		.uleb128 .LVL23-.LVL22
 5000 01cc 03       		.uleb128 0x3
 5001 01cd 08       		.byte	0x8
 5002 01ce 20       		.byte	0x20
 5003 01cf 9F       		.byte	0x9f
 5004 01d0 00       		.byte	0
 5005              	.LVUS14:
 5006 01d1 00       		.uleb128 .LVU142
 5007 01d2 00       		.uleb128 .LVU146
 5008              	.LLST14:
 5009 01d3 08       		.byte	0x8
 5010 01d4 20000000 		.4byte	.LVL25
ARM GAS  /tmp/ccQ7MHSf.s 			page 89


 5011 01d8 0A       		.uleb128 .LVL27-.LVL25
 5012 01d9 01       		.uleb128 0x1
 5013 01da 55       		.byte	0x55
 5014 01db 00       		.byte	0
 5015              	.LVUS15:
 5016 01dc 02       		.uleb128 .LVU148
 5017 01dd 01       		.uleb128 .LVU155
 5018              	.LLST15:
 5019 01de 08       		.byte	0x8
 5020 01df 2A000000 		.4byte	.LVL27
 5021 01e3 08       		.uleb128 .LVL28-.LVL27
 5022 01e4 01       		.uleb128 0x1
 5023 01e5 54       		.byte	0x54
 5024 01e6 00       		.byte	0
 5025              	.LVUS16:
 5026 01e7 06       		.uleb128 .LVU170
 5027 01e8 00       		.uleb128 .LVU172
 5028              	.LLST16:
 5029 01e9 08       		.byte	0x8
 5030 01ea 42000000 		.4byte	.LVL30
 5031 01ee 06       		.uleb128 .LVL31-.LVL30
 5032 01ef 02       		.uleb128 0x2
 5033 01f0 30       		.byte	0x30
 5034 01f1 9F       		.byte	0x9f
 5035 01f2 00       		.byte	0
 5036              	.LVUS17:
 5037 01f3 00       		.uleb128 0
 5038 01f4 00       		.uleb128 .LVU189
 5039 01f5 00       		.uleb128 .LVU189
 5040 01f6 00       		.uleb128 .LVU216
 5041 01f7 00       		.uleb128 .LVU216
 5042 01f8 00       		.uleb128 0
 5043              	.LLST17:
 5044 01f9 06       		.byte	0x6
 5045 01fa 00000000 		.4byte	.LVL34
 5046 01fe 04       		.byte	0x4
 5047 01ff 00       		.uleb128 .LVL34-.LVL34
 5048 0200 09       		.uleb128 .LVL35-1-.LVL34
 5049 0201 01       		.uleb128 0x1
 5050 0202 50       		.byte	0x50
 5051 0203 04       		.byte	0x4
 5052 0204 09       		.uleb128 .LVL35-1-.LVL34
 5053 0205 2E       		.uleb128 .LVL40-.LVL34
 5054 0206 01       		.uleb128 0x1
 5055 0207 56       		.byte	0x56
 5056 0208 04       		.byte	0x4
 5057 0209 2E       		.uleb128 .LVL40-.LVL34
 5058 020a 38       		.uleb128 .LFE195-.LVL34
 5059 020b 0A       		.uleb128 0xa
 5060 020c A3       		.byte	0xa3
 5061 020d 03       		.uleb128 0x3
 5062 020e A5       		.byte	0xa5
 5063 020f 00       		.uleb128 0
 5064 0210 26       		.uleb128 0x26
 5065 0211 A8       		.byte	0xa8
 5066 0212 34       		.uleb128 0x34
 5067 0213 A8       		.byte	0xa8
ARM GAS  /tmp/ccQ7MHSf.s 			page 90


 5068 0214 00       		.uleb128 0
 5069 0215 9F       		.byte	0x9f
 5070 0216 00       		.byte	0
 5071              	.LVUS18:
 5072 0217 00       		.uleb128 .LVU191
 5073 0218 00       		.uleb128 .LVU216
 5074 0219 00       		.uleb128 .LVU216
 5075 021a 00       		.uleb128 .LVU217
 5076              	.LLST18:
 5077 021b 06       		.byte	0x6
 5078 021c 0C000000 		.4byte	.LVL36
 5079 0220 04       		.byte	0x4
 5080 0221 00       		.uleb128 .LVL36-.LVL36
 5081 0222 22       		.uleb128 .LVL40-.LVL36
 5082 0223 01       		.uleb128 0x1
 5083 0224 55       		.byte	0x55
 5084 0225 04       		.byte	0x4
 5085 0226 22       		.uleb128 .LVL40-.LVL36
 5086 0227 25       		.uleb128 .LVL41-1-.LVL36
 5087 0228 01       		.uleb128 0x1
 5088 0229 51       		.byte	0x51
 5089 022a 00       		.byte	0
 5090              	.LVUS20:
 5091 022b 01       		.uleb128 .LVU197
 5092 022c 02       		.uleb128 .LVU204
 5093              	.LLST20:
 5094 022d 08       		.byte	0x8
 5095 022e 14000000 		.4byte	.LVL37
 5096 0232 04       		.uleb128 .LVL38-.LVL37
 5097 0233 06       		.uleb128 0x6
 5098 0234 03       		.byte	0x3
 5099 0235 00000000 		.4byte	ch
 5100 0239 9F       		.byte	0x9f
 5101 023a 00       		.byte	0
 5102              	.LVUS21:
 5103 023b 03       		.uleb128 .LVU199
 5104 023c 02       		.uleb128 .LVU204
 5105              	.LLST21:
 5106 023d 08       		.byte	0x8
 5107 023e 14000000 		.4byte	.LVL37
 5108 0242 04       		.uleb128 .LVL38-.LVL37
 5109 0243 01       		.uleb128 0x1
 5110 0244 50       		.byte	0x50
 5111 0245 00       		.byte	0
 5112              	.LVUS9:
 5113 0246 00       		.uleb128 0
 5114 0247 00       		.uleb128 .LVU91
 5115 0248 00       		.uleb128 .LVU91
 5116 0249 00       		.uleb128 0
 5117              	.LLST9:
 5118 024a 06       		.byte	0x6
 5119 024b 00000000 		.4byte	.LVL14
 5120 024f 04       		.byte	0x4
 5121 0250 00       		.uleb128 .LVL14-.LVL14
 5122 0251 07       		.uleb128 .LVL15-1-.LVL14
 5123 0252 01       		.uleb128 0x1
 5124 0253 50       		.byte	0x50
ARM GAS  /tmp/ccQ7MHSf.s 			page 91


 5125 0254 04       		.byte	0x4
 5126 0255 07       		.uleb128 .LVL15-1-.LVL14
 5127 0256 48       		.uleb128 .LFE194-.LVL14
 5128 0257 01       		.uleb128 0x1
 5129 0258 54       		.byte	0x54
 5130 0259 00       		.byte	0
 5131              	.LVUS10:
 5132 025a 01       		.uleb128 .LVU106
 5133 025b 00       		.uleb128 .LVU120
 5134              	.LLST10:
 5135 025c 08       		.byte	0x8
 5136 025d 1A000000 		.4byte	.LVL16
 5137 0261 16       		.uleb128 .LVL18-.LVL16
 5138 0262 01       		.uleb128 0x1
 5139 0263 53       		.byte	0x53
 5140 0264 00       		.byte	0
 5141              	.LVUS7:
 5142 0265 00       		.uleb128 0
 5143 0266 00       		.uleb128 .LVU81
 5144 0267 00       		.uleb128 .LVU81
 5145 0268 00       		.uleb128 0
 5146              	.LLST7:
 5147 0269 06       		.byte	0x6
 5148 026a 00000000 		.4byte	.LVL12
 5149 026e 04       		.byte	0x4
 5150 026f 00       		.uleb128 .LVL12-.LVL12
 5151 0270 04       		.uleb128 .LVL13-.LVL12
 5152 0271 01       		.uleb128 0x1
 5153 0272 50       		.byte	0x50
 5154 0273 04       		.byte	0x4
 5155 0274 04       		.uleb128 .LVL13-.LVL12
 5156 0275 0A       		.uleb128 .LFE193-.LVL12
 5157 0276 01       		.uleb128 0x1
 5158 0277 53       		.byte	0x53
 5159 0278 00       		.byte	0
 5160              	.LVUS8:
 5161 0279 00       		.uleb128 .LVU81
 5162 027a 00       		.uleb128 0
 5163              	.LLST8:
 5164 027b 08       		.byte	0x8
 5165 027c 04000000 		.4byte	.LVL13
 5166 0280 06       		.uleb128 .LFE193-.LVL13
 5167 0281 01       		.uleb128 0x1
 5168 0282 50       		.byte	0x50
 5169 0283 00       		.byte	0
 5170              	.LVUS5:
 5171 0284 00       		.uleb128 0
 5172 0285 00       		.uleb128 .LVU56
 5173 0286 00       		.uleb128 .LVU56
 5174 0287 00       		.uleb128 0
 5175              	.LLST5:
 5176 0288 06       		.byte	0x6
 5177 0289 00000000 		.4byte	.LVL8
 5178 028d 04       		.byte	0x4
 5179 028e 00       		.uleb128 .LVL8-.LVL8
 5180 028f 04       		.uleb128 .LVL9-.LVL8
 5181 0290 01       		.uleb128 0x1
ARM GAS  /tmp/ccQ7MHSf.s 			page 92


 5182 0291 50       		.byte	0x50
 5183 0292 04       		.byte	0x4
 5184 0293 04       		.uleb128 .LVL9-.LVL8
 5185 0294 0C       		.uleb128 .LFE190-.LVL8
 5186 0295 01       		.uleb128 0x1
 5187 0296 53       		.byte	0x53
 5188 0297 00       		.byte	0
 5189              	.LVUS6:
 5190 0298 00       		.uleb128 .LVU56
 5191 0299 00       		.uleb128 0
 5192              	.LLST6:
 5193 029a 08       		.byte	0x8
 5194 029b 04000000 		.4byte	.LVL9
 5195 029f 08       		.uleb128 .LFE190-.LVL9
 5196 02a0 01       		.uleb128 0x1
 5197 02a1 50       		.byte	0x50
 5198 02a2 00       		.byte	0
 5199              	.LVUS2:
 5200 02a3 02       		.uleb128 .LVU16
 5201 02a4 00       		.uleb128 .LVU18
 5202 02a5 00       		.uleb128 .LVU18
 5203 02a6 00       		.uleb128 0
 5204              	.LLST2:
 5205 02a7 06       		.byte	0x6
 5206 02a8 00000000 		.4byte	.LVL2
 5207 02ac 04       		.byte	0x4
 5208 02ad 00       		.uleb128 .LVL2-.LVL2
 5209 02ae 06       		.uleb128 .LVL3-.LVL2
 5210 02af 01       		.uleb128 0x1
 5211 02b0 51       		.byte	0x51
 5212 02b1 04       		.byte	0x4
 5213 02b2 06       		.uleb128 .LVL3-.LVL2
 5214 02b3 24       		.uleb128 .LFE187-.LVL2
 5215 02b4 01       		.uleb128 0x1
 5216 02b5 53       		.byte	0x53
 5217 02b6 00       		.byte	0
 5218              	.LVUS1:
 5219 02b7 01       		.uleb128 .LVU2
 5220 02b8 00       		.uleb128 .LVU7
 5221              	.LLST1:
 5222 02b9 08       		.byte	0x8
 5223 02ba 02000000 		.4byte	.LVL0
 5224 02be 06       		.uleb128 .LVL1-.LVL0
 5225 02bf 06       		.uleb128 0x6
 5226 02c0 03       		.byte	0x3
 5227 02c1 00000000 		.4byte	ch
 5228 02c5 9F       		.byte	0x9f
 5229 02c6 00       		.byte	0
 5230              	.LVUS3:
 5231 02c7 00       		.uleb128 0
 5232 02c8 00       		.uleb128 .LVU45
 5233 02c9 00       		.uleb128 .LVU45
 5234 02ca 00       		.uleb128 0
 5235              	.LLST3:
 5236 02cb 06       		.byte	0x6
 5237 02cc 00000000 		.4byte	.LVL6
 5238 02d0 04       		.byte	0x4
ARM GAS  /tmp/ccQ7MHSf.s 			page 93


 5239 02d1 00       		.uleb128 .LVL6-.LVL6
 5240 02d2 04       		.uleb128 .LVL7-.LVL6
 5241 02d3 01       		.uleb128 0x1
 5242 02d4 50       		.byte	0x50
 5243 02d5 04       		.byte	0x4
 5244 02d6 04       		.uleb128 .LVL7-.LVL6
 5245 02d7 0C       		.uleb128 .LFE189-.LVL6
 5246 02d8 01       		.uleb128 0x1
 5247 02d9 53       		.byte	0x53
 5248 02da 00       		.byte	0
 5249              	.LVUS4:
 5250 02db 00       		.uleb128 .LVU45
 5251 02dc 00       		.uleb128 0
 5252              	.LLST4:
 5253 02dd 08       		.byte	0x8
 5254 02de 04000000 		.4byte	.LVL7
 5255 02e2 08       		.uleb128 .LFE189-.LVL7
 5256 02e3 01       		.uleb128 0x1
 5257 02e4 50       		.byte	0x50
 5258 02e5 00       		.byte	0
 5259              	.Ldebug_loc3:
 5260              		.section	.debug_aranges,"",%progbits
 5261 0000 A4000000 		.4byte	0xa4
 5262 0004 0200     		.2byte	0x2
 5263 0006 00000000 		.4byte	.Ldebug_info0
 5264 000a 04       		.byte	0x4
 5265 000b 00       		.byte	0
 5266 000c 0000     		.2byte	0
 5267 000e 0000     		.2byte	0
 5268 0010 00000000 		.4byte	.LFB186
 5269 0014 14000000 		.4byte	.LFE186-.LFB186
 5270 0018 00000000 		.4byte	.LFB187
 5271 001c 24000000 		.4byte	.LFE187-.LFB187
 5272 0020 00000000 		.4byte	.LFB188
 5273 0024 0C000000 		.4byte	.LFE188-.LFB188
 5274 0028 00000000 		.4byte	.LFB189
 5275 002c 0C000000 		.4byte	.LFE189-.LFB189
 5276 0030 00000000 		.4byte	.LFB190
 5277 0034 0C000000 		.4byte	.LFE190-.LFB190
 5278 0038 00000000 		.4byte	.LFB191
 5279 003c 0A000000 		.4byte	.LFE191-.LFB191
 5280 0040 00000000 		.4byte	.LFB192
 5281 0044 08000000 		.4byte	.LFE192-.LFB192
 5282 0048 00000000 		.4byte	.LFB193
 5283 004c 0A000000 		.4byte	.LFE193-.LFB193
 5284 0050 00000000 		.4byte	.LFB194
 5285 0054 48000000 		.4byte	.LFE194-.LFB194
 5286 0058 00000000 		.4byte	.LFB196
 5287 005c 5E000000 		.4byte	.LFE196-.LFB196
 5288 0060 00000000 		.4byte	.LFB195
 5289 0064 38000000 		.4byte	.LFE195-.LFB195
 5290 0068 00000000 		.4byte	.LFB197
 5291 006c 54000000 		.4byte	.LFE197-.LFB197
 5292 0070 00000000 		.4byte	.LFB198
 5293 0074 48000000 		.4byte	.LFE198-.LFB198
 5294 0078 00000000 		.4byte	.LFB200
 5295 007c 28000000 		.4byte	.LFE200-.LFB200
ARM GAS  /tmp/ccQ7MHSf.s 			page 94


 5296 0080 00000000 		.4byte	.LFB201
 5297 0084 38000000 		.4byte	.LFE201-.LFB201
 5298 0088 00000000 		.4byte	.LFB202
 5299 008c 48000000 		.4byte	.LFE202-.LFB202
 5300 0090 00000000 		.4byte	.LFB199
 5301 0094 28000000 		.4byte	.LFE199-.LFB199
 5302 0098 00000000 		.4byte	.LFB203
 5303 009c 14000000 		.4byte	.LFE203-.LFB203
 5304 00a0 00000000 		.4byte	0
 5305 00a4 00000000 		.4byte	0
 5306              		.section	.debug_rnglists,"",%progbits
 5307              	.Ldebug_ranges0:
 5308 0000 F3000000 		.4byte	.Ldebug_ranges3-.Ldebug_ranges2
 5309              	.Ldebug_ranges2:
 5310 0004 0500     		.2byte	0x5
 5311 0006 04       		.byte	0x4
 5312 0007 00       		.byte	0
 5313 0008 00000000 		.4byte	0
 5314              	.LLRL0:
 5315 000c 05       		.byte	0x5
 5316 000d 02000000 		.4byte	.LBB60
 5317 0011 04       		.byte	0x4
 5318 0012 00       		.uleb128 .LBB60-.LBB60
 5319 0013 00       		.uleb128 .LBE60-.LBB60
 5320 0014 04       		.byte	0x4
 5321 0015 02       		.uleb128 .LBB63-.LBB60
 5322 0016 06       		.uleb128 .LBE63-.LBB60
 5323 0017 00       		.byte	0
 5324              	.LLRL19:
 5325 0018 05       		.byte	0x5
 5326 0019 0C000000 		.4byte	.LBB80
 5327 001d 04       		.byte	0x4
 5328 001e 00       		.uleb128 .LBB80-.LBB80
 5329 001f 02       		.uleb128 .LBE80-.LBB80
 5330 0020 04       		.byte	0x4
 5331 0021 08       		.uleb128 .LBB84-.LBB80
 5332 0022 0C       		.uleb128 .LBE84-.LBB80
 5333 0023 04       		.byte	0x4
 5334 0024 0E       		.uleb128 .LBB85-.LBB80
 5335 0025 10       		.uleb128 .LBE85-.LBB80
 5336 0026 00       		.byte	0
 5337              	.LLRL22:
 5338 0027 05       		.byte	0x5
 5339 0028 1C000000 		.4byte	.LBB86
 5340 002c 04       		.byte	0x4
 5341 002d 00       		.uleb128 .LBB86-.LBB86
 5342 002e 02       		.uleb128 .LBE86-.LBB86
 5343 002f 04       		.byte	0x4
 5344 0030 06       		.uleb128 .LBB87-.LBB86
 5345 0031 0E       		.uleb128 .LBE87-.LBB86
 5346 0032 04       		.byte	0x4
 5347 0033 12       		.uleb128 .LBB88-.LBB86
 5348 0034 1C       		.uleb128 .LBE88-.LBB86
 5349 0035 00       		.byte	0
 5350              	.LLRL28:
 5351 0036 05       		.byte	0x5
 5352 0037 22000000 		.4byte	.LBB92
ARM GAS  /tmp/ccQ7MHSf.s 			page 95


 5353 003b 04       		.byte	0x4
 5354 003c 00       		.uleb128 .LBB92-.LBB92
 5355 003d 18       		.uleb128 .LBE92-.LBB92
 5356 003e 04       		.byte	0x4
 5357 003f 1C       		.uleb128 .LBB97-.LBB92
 5358 0040 26       		.uleb128 .LBE97-.LBB92
 5359 0041 00       		.byte	0
 5360              	.LLRL30:
 5361 0042 05       		.byte	0x5
 5362 0043 2A000000 		.4byte	.LBB93
 5363 0047 04       		.byte	0x4
 5364 0048 00       		.uleb128 .LBB93-.LBB93
 5365 0049 02       		.uleb128 .LBE93-.LBB93
 5366 004a 04       		.byte	0x4
 5367 004b 04       		.uleb128 .LBB94-.LBB93
 5368 004c 06       		.uleb128 .LBE94-.LBB93
 5369 004d 04       		.byte	0x4
 5370 004e 08       		.uleb128 .LBB95-.LBB93
 5371 004f 10       		.uleb128 .LBE95-.LBB93
 5372 0050 04       		.byte	0x4
 5373 0051 14       		.uleb128 .LBB96-.LBB93
 5374 0052 1E       		.uleb128 .LBE96-.LBB93
 5375 0053 00       		.byte	0
 5376              	.LLRL34:
 5377 0054 05       		.byte	0x5
 5378 0055 04000000 		.4byte	.LBB98
 5379 0059 04       		.byte	0x4
 5380 005a 00       		.uleb128 .LBB98-.LBB98
 5381 005b 02       		.uleb128 .LBE98-.LBB98
 5382 005c 04       		.byte	0x4
 5383 005d 04       		.uleb128 .LBB101-.LBB98
 5384 005e 0A       		.uleb128 .LBE101-.LBB98
 5385 005f 00       		.byte	0
 5386              	.LLRL37:
 5387 0060 05       		.byte	0x5
 5388 0061 1E000000 		.4byte	.LBB102
 5389 0065 04       		.byte	0x4
 5390 0066 00       		.uleb128 .LBB102-.LBB102
 5391 0067 0C       		.uleb128 .LBE102-.LBB102
 5392 0068 04       		.byte	0x4
 5393 0069 10       		.uleb128 .LBB103-.LBB102
 5394 006a 1A       		.uleb128 .LBE103-.LBB102
 5395 006b 00       		.byte	0
 5396              	.LLRL39:
 5397 006c 05       		.byte	0x5
 5398 006d 04000000 		.4byte	.LBB104
 5399 0071 04       		.byte	0x4
 5400 0072 00       		.uleb128 .LBB104-.LBB104
 5401 0073 02       		.uleb128 .LBE104-.LBB104
 5402 0074 04       		.byte	0x4
 5403 0075 04       		.uleb128 .LBB108-.LBB104
 5404 0076 08       		.uleb128 .LBE108-.LBB104
 5405 0077 04       		.byte	0x4
 5406 0078 0A       		.uleb128 .LBB109-.LBB104
 5407 0079 0C       		.uleb128 .LBE109-.LBB104
 5408 007a 00       		.byte	0
 5409              	.LLRL42:
ARM GAS  /tmp/ccQ7MHSf.s 			page 96


 5410 007b 05       		.byte	0x5
 5411 007c 2A000000 		.4byte	.LBB110
 5412 0080 04       		.byte	0x4
 5413 0081 00       		.uleb128 .LBB110-.LBB110
 5414 0082 02       		.uleb128 .LBE110-.LBB110
 5415 0083 04       		.byte	0x4
 5416 0084 0A       		.uleb128 .LBB111-.LBB110
 5417 0085 12       		.uleb128 .LBE111-.LBB110
 5418 0086 04       		.byte	0x4
 5419 0087 16       		.uleb128 .LBB112-.LBB110
 5420 0088 1E       		.uleb128 .LBE112-.LBB110
 5421 0089 00       		.byte	0
 5422              	.LLRL43:
 5423 008a 07       		.byte	0x7
 5424 008b 00000000 		.4byte	.LFB186
 5425 008f 14       		.uleb128 .LFE186-.LFB186
 5426 0090 07       		.byte	0x7
 5427 0091 00000000 		.4byte	.LFB187
 5428 0095 24       		.uleb128 .LFE187-.LFB187
 5429 0096 07       		.byte	0x7
 5430 0097 00000000 		.4byte	.LFB188
 5431 009b 0C       		.uleb128 .LFE188-.LFB188
 5432 009c 07       		.byte	0x7
 5433 009d 00000000 		.4byte	.LFB189
 5434 00a1 0C       		.uleb128 .LFE189-.LFB189
 5435 00a2 07       		.byte	0x7
 5436 00a3 00000000 		.4byte	.LFB190
 5437 00a7 0C       		.uleb128 .LFE190-.LFB190
 5438 00a8 07       		.byte	0x7
 5439 00a9 00000000 		.4byte	.LFB191
 5440 00ad 0A       		.uleb128 .LFE191-.LFB191
 5441 00ae 07       		.byte	0x7
 5442 00af 00000000 		.4byte	.LFB192
 5443 00b3 08       		.uleb128 .LFE192-.LFB192
 5444 00b4 07       		.byte	0x7
 5445 00b5 00000000 		.4byte	.LFB193
 5446 00b9 0A       		.uleb128 .LFE193-.LFB193
 5447 00ba 07       		.byte	0x7
 5448 00bb 00000000 		.4byte	.LFB194
 5449 00bf 48       		.uleb128 .LFE194-.LFB194
 5450 00c0 07       		.byte	0x7
 5451 00c1 00000000 		.4byte	.LFB196
 5452 00c5 5E       		.uleb128 .LFE196-.LFB196
 5453 00c6 07       		.byte	0x7
 5454 00c7 00000000 		.4byte	.LFB195
 5455 00cb 38       		.uleb128 .LFE195-.LFB195
 5456 00cc 07       		.byte	0x7
 5457 00cd 00000000 		.4byte	.LFB197
 5458 00d1 54       		.uleb128 .LFE197-.LFB197
 5459 00d2 07       		.byte	0x7
 5460 00d3 00000000 		.4byte	.LFB198
 5461 00d7 48       		.uleb128 .LFE198-.LFB198
 5462 00d8 07       		.byte	0x7
 5463 00d9 00000000 		.4byte	.LFB200
 5464 00dd 28       		.uleb128 .LFE200-.LFB200
 5465 00de 07       		.byte	0x7
 5466 00df 00000000 		.4byte	.LFB201
ARM GAS  /tmp/ccQ7MHSf.s 			page 97


 5467 00e3 38       		.uleb128 .LFE201-.LFB201
 5468 00e4 07       		.byte	0x7
 5469 00e5 00000000 		.4byte	.LFB202
 5470 00e9 48       		.uleb128 .LFE202-.LFB202
 5471 00ea 07       		.byte	0x7
 5472 00eb 00000000 		.4byte	.LFB199
 5473 00ef 28       		.uleb128 .LFE199-.LFB199
 5474 00f0 07       		.byte	0x7
 5475 00f1 00000000 		.4byte	.LFB203
 5476 00f5 14       		.uleb128 .LFE203-.LFB203
 5477 00f6 00       		.byte	0
 5478              	.Ldebug_ranges3:
 5479              		.section	.debug_line,"",%progbits
 5480              	.Ldebug_line0:
 5481 0000 DD090000 		.section	.debug_str,"MS",%progbits,1
 5481      0300DF02 
 5481      00000201 
 5481      FB0E0D00 
 5481      01010101 
 5482              	.LASF45:
 5483 0000 72656164 		.ascii	"ready_list_t\000"
 5483      795F6C69 
 5483      73745F74 
 5483      00
 5484              	.LASF123:
 5485 000d 71756575 		.ascii	"queue_insert\000"
 5485      655F696E 
 5485      73657274 
 5485      00
 5486              	.LASF4:
 5487 001a 73697A65 		.ascii	"size_t\000"
 5487      5F7400
 5488              	.LASF81:
 5489 0021 7264796D 		.ascii	"rdymsg\000"
 5489      736700
 5490              	.LASF17:
 5491 0028 75696E74 		.ascii	"uint64_t\000"
 5491      36345F74 
 5491      00
 5492              	.LASF107:
 5493 0031 63685363 		.ascii	"chSchDoRescheduleAhead\000"
 5493      68446F52 
 5493      65736368 
 5493      6564756C 
 5493      65416865 
 5494              	.LASF5:
 5495 0048 5F5F7569 		.ascii	"__uint8_t\000"
 5495      6E74385F 
 5495      7400
 5496              	.LASF78:
 5497 0052 706F7274 		.ascii	"port_intctx\000"
 5497      5F696E74 
 5497      63747800 
 5498              	.LASF64:
 5499 005e 73797374 		.ascii	"system_debug_t\000"
 5499      656D5F64 
 5499      65627567 
ARM GAS  /tmp/ccQ7MHSf.s 			page 98


 5499      5F7400
 5500              	.LASF129:
 5501 006d 71756575 		.ascii	"queue_init\000"
 5501      655F696E 
 5501      697400
 5502              	.LASF74:
 5503 0078 69646C65 		.ascii	"idle_thread_wa\000"
 5503      5F746872 
 5503      6561645F 
 5503      776100
 5504              	.LASF133:
 5505 0087 706F7274 		.ascii	"port_lock\000"
 5505      5F6C6F63 
 5505      6B00
 5506              	.LASF104:
 5507 0091 63685379 		.ascii	"chSysHalt\000"
 5507      7348616C 
 5507      7400
 5508              	.LASF120:
 5509 009b 71756575 		.ascii	"queue_lifo_remove\000"
 5509      655F6C69 
 5509      666F5F72 
 5509      656D6F76 
 5509      6500
 5510              	.LASF0:
 5511 00ad 6C6F6E67 		.ascii	"long long unsigned int\000"
 5511      206C6F6E 
 5511      6720756E 
 5511      7369676E 
 5511      65642069 
 5512              	.LASF99:
 5513 00c4 63685654 		.ascii	"chVTDoResetI\000"
 5513      446F5265 
 5513      73657449 
 5513      00
 5514              	.LASF82:
 5515 00d1 65786974 		.ascii	"exitcode\000"
 5515      636F6465 
 5515      00
 5516              	.LASF73:
 5517 00da 6D61696E 		.ascii	"mainthread\000"
 5517      74687265 
 5517      616400
 5518              	.LASF8:
 5519 00e5 5F5F696E 		.ascii	"__int32_t\000"
 5519      7433325F 
 5519      7400
 5520              	.LASF61:
 5521 00ef 76697274 		.ascii	"virtual_timers_list_t\000"
 5521      75616C5F 
 5521      74696D65 
 5521      72735F6C 
 5521      6973745F 
 5522              	.LASF44:
 5523 0105 63685F74 		.ascii	"ch_threads_queue\000"
 5523      68726561 
 5523      64735F71 
ARM GAS  /tmp/ccQ7MHSf.s 			page 99


 5523      75657565 
 5523      00
 5524              	.LASF29:
 5525 0116 705F7072 		.ascii	"p_prio\000"
 5525      696F00
 5526              	.LASF125:
 5527 011d 5F736368 		.ascii	"_scheduler_init\000"
 5527      6564756C 
 5527      65725F69 
 5527      6E697400 
 5528              	.LASF136:
 5529 012d 474E5520 		.ascii	"GNU C99 13.2.1 20231009 -mcpu=cortex-m4 -mfpu=fpv4-"
 5529      43393920 
 5529      31332E32 
 5529      2E312032 
 5529      30323331 
 5530 0160 73702D64 		.ascii	"sp-d16 -mfloat-abi=hard -mfloat-abi=hard -mfpu=fpv4"
 5530      3136202D 
 5530      6D666C6F 
 5530      61742D61 
 5530      62693D68 
 5531 0193 2D73702D 		.ascii	"-sp-d16 -mno-thumb-interwork -mthumb -march=armv7e-"
 5531      64313620 
 5531      2D6D6E6F 
 5531      2D746875 
 5531      6D622D69 
 5532 01c6 6D2B6670 		.ascii	"m+fp -ggdb -O2 -std=gnu99 -fomit-frame-pointer -fal"
 5532      202D6767 
 5532      6462202D 
 5532      4F32202D 
 5532      7374643D 
 5533 01f9 69676E2D 		.ascii	"ign-functions=16 -ffunction-sections -fdata-section"
 5533      66756E63 
 5533      74696F6E 
 5533      733D3136 
 5533      202D6666 
 5534 022c 73202D66 		.ascii	"s -fno-common -fsingle-precision-constant\000"
 5534      6E6F2D63 
 5534      6F6D6D6F 
 5534      6E202D66 
 5534      73696E67 
 5535              	.LASF3:
 5536 0256 7369676E 		.ascii	"signed char\000"
 5536      65642063 
 5536      68617200 
 5537              	.LASF91:
 5538 0262 6D5F7175 		.ascii	"m_queue\000"
 5538      65756500 
 5539              	.LASF72:
 5540 026a 76746C69 		.ascii	"vtlist\000"
 5540      737400
 5541              	.LASF132:
 5542 0271 706F7274 		.ascii	"port_unlock\000"
 5542      5F756E6C 
 5542      6F636B00 
 5543              	.LASF21:
 5544 027d 74736C69 		.ascii	"tslices_t\000"
ARM GAS  /tmp/ccQ7MHSf.s 			page 100


 5544      6365735F 
 5544      7400
 5545              	.LASF138:
 5546 0287 2F686F6D 		.ascii	"/home/gunnar/code/rise_sdvp/Embedded/RTCM_Forwarder"
 5546      652F6775 
 5546      6E6E6172 
 5546      2F636F64 
 5546      652F7269 
 5547 02ba 5F50726F 		.ascii	"_Project\000"
 5547      6A656374 
 5547      00
 5548              	.LASF84:
 5549 02c3 77747472 		.ascii	"wttrp\000"
 5549      7000
 5550              	.LASF70:
 5551 02c9 63685F73 		.ascii	"ch_system\000"
 5551      79737465 
 5551      6D00
 5552              	.LASF9:
 5553 02d3 6C6F6E67 		.ascii	"long int\000"
 5553      20696E74 
 5553      00
 5554              	.LASF121:
 5555 02dc 71756575 		.ascii	"queue_dequeue\000"
 5555      655F6465 
 5555      71756575 
 5555      6500
 5556              	.LASF20:
 5557 02ea 74737461 		.ascii	"tstate_t\000"
 5557      74655F74 
 5557      00
 5558              	.LASF112:
 5559 02f3 63685363 		.ascii	"chSchIsPreemptionRequired\000"
 5559      68497350 
 5559      7265656D 
 5559      7074696F 
 5559      6E526571 
 5560              	.LASF31:
 5561 030d 705F6E65 		.ascii	"p_newer\000"
 5561      77657200 
 5562              	.LASF88:
 5563 0315 735F7175 		.ascii	"s_queue\000"
 5563      65756500 
 5564              	.LASF118:
 5565 031d 6C697374 		.ascii	"list_remove\000"
 5565      5F72656D 
 5565      6F766500 
 5566              	.LASF110:
 5567 0329 63685363 		.ascii	"chSchRescheduleS\000"
 5567      68526573 
 5567      63686564 
 5567      756C6553 
 5567      00
 5568              	.LASF50:
 5569 033a 725F6E65 		.ascii	"r_newer\000"
 5569      77657200 
 5570              	.LASF75:
ARM GAS  /tmp/ccQ7MHSf.s 			page 101


 5571 0342 72656761 		.ascii	"regarm_t\000"
 5571      726D5F74 
 5571      00
 5572              	.LASF106:
 5573 034b 63685363 		.ascii	"chSchDoReschedule\000"
 5573      68446F52 
 5573      65736368 
 5573      6564756C 
 5573      6500
 5574              	.LASF57:
 5575 035d 76745F70 		.ascii	"vt_prev\000"
 5575      72657600 
 5576              	.LASF12:
 5577 0365 6C6F6E67 		.ascii	"long long int\000"
 5577      206C6F6E 
 5577      6720696E 
 5577      7400
 5578              	.LASF135:
 5579 0373 76616C75 		.ascii	"value\000"
 5579      6500
 5580              	.LASF68:
 5581 0379 6C6F636B 		.ascii	"lock_cnt\000"
 5581      5F636E74 
 5581      00
 5582              	.LASF10:
 5583 0382 5F5F7569 		.ascii	"__uint32_t\000"
 5583      6E743332 
 5583      5F7400
 5584              	.LASF24:
 5585 038d 636E745F 		.ascii	"cnt_t\000"
 5585      7400
 5586              	.LASF1:
 5587 0393 756E7369 		.ascii	"unsigned int\000"
 5587      676E6564 
 5587      20696E74 
 5587      00
 5588              	.LASF139:
 5589 03a0 77616B65 		.ascii	"wakeup\000"
 5589      757000
 5590              	.LASF56:
 5591 03a7 76745F6E 		.ascii	"vt_next\000"
 5591      65787400 
 5592              	.LASF85:
 5593 03af 77747365 		.ascii	"wtsemp\000"
 5593      6D7000
 5594              	.LASF101:
 5595 03b6 5F706F72 		.ascii	"_port_switch\000"
 5595      745F7377 
 5595      69746368 
 5595      00
 5596              	.LASF58:
 5597 03c3 76745F64 		.ascii	"vt_delta\000"
 5597      656C7461 
 5597      00
 5598              	.LASF46:
 5599 03cc 63685F72 		.ascii	"ch_ready_list\000"
 5599      65616479 
ARM GAS  /tmp/ccQ7MHSf.s 			page 102


 5599      5F6C6973 
 5599      7400
 5600              	.LASF89:
 5601 03da 735F636E 		.ascii	"s_cnt\000"
 5601      7400
 5602              	.LASF7:
 5603 03e0 73686F72 		.ascii	"short unsigned int\000"
 5603      7420756E 
 5603      7369676E 
 5603      65642069 
 5603      6E7400
 5604              	.LASF41:
 5605 03f3 63685F74 		.ascii	"ch_thread\000"
 5605      68726561 
 5605      6400
 5606              	.LASF111:
 5607 03fd 63685363 		.ascii	"chSchWakeupS\000"
 5607      6857616B 
 5607      65757053 
 5607      00
 5608              	.LASF23:
 5609 040a 6D73675F 		.ascii	"msg_t\000"
 5609      7400
 5610              	.LASF105:
 5611 0410 63684462 		.ascii	"chDbgCheckClassI\000"
 5611      67436865 
 5611      636B436C 
 5611      61737349 
 5611      00
 5612              	.LASF137:
 5613 0421 2E2E2F52 		.ascii	"../RC_Controller/ChibiOS_3.0.5/os/rt/src/chschd.c\000"
 5613      435F436F 
 5613      6E74726F 
 5613      6C6C6572 
 5613      2F436869 
 5614              	.LASF69:
 5615 0453 63685F73 		.ascii	"ch_system_t\000"
 5615      79737465 
 5615      6D5F7400 
 5616              	.LASF83:
 5617 045f 77746F62 		.ascii	"wtobjp\000"
 5617      6A7000
 5618              	.LASF103:
 5619 0466 63684462 		.ascii	"chDbgCheckClassS\000"
 5619      67436865 
 5619      636B436C 
 5619      61737353 
 5619      00
 5620              	.LASF37:
 5621 0477 705F6D74 		.ascii	"p_mtxlist\000"
 5621      786C6973 
 5621      7400
 5622              	.LASF100:
 5623 0481 63685654 		.ascii	"chVTDoSetI\000"
 5623      446F5365 
 5623      744900
 5624              	.LASF76:
ARM GAS  /tmp/ccQ7MHSf.s 			page 103


 5625 048c 73746B61 		.ascii	"stkalign_t\000"
 5625      6C69676E 
 5625      5F7400
 5626              	.LASF40:
 5627 0497 74687265 		.ascii	"threads_list_t\000"
 5627      6164735F 
 5627      6C697374 
 5627      5F7400
 5628              	.LASF48:
 5629 04a6 725F7072 		.ascii	"r_prio\000"
 5629      696F00
 5630              	.LASF18:
 5631 04ad 7274636E 		.ascii	"rtcnt_t\000"
 5631      745F7400 
 5632              	.LASF39:
 5633 04b5 74687265 		.ascii	"thread_reference_t\000"
 5633      61645F72 
 5633      65666572 
 5633      656E6365 
 5633      5F7400
 5634              	.LASF62:
 5635 04c8 63685F76 		.ascii	"ch_virtual_timers_list\000"
 5635      69727475 
 5635      616C5F74 
 5635      696D6572 
 5635      735F6C69 
 5636              	.LASF108:
 5637 04df 63685363 		.ascii	"chSchDoRescheduleBehind\000"
 5637      68446F52 
 5637      65736368 
 5637      6564756C 
 5637      65426568 
 5638              	.LASF32:
 5639 04f7 705F6F6C 		.ascii	"p_older\000"
 5639      64657200 
 5640              	.LASF49:
 5641 04ff 725F6374 		.ascii	"r_ctx\000"
 5641      7800
 5642              	.LASF80:
 5643 0505 746D5F63 		.ascii	"tm_calibration_t\000"
 5643      616C6962 
 5643      72617469 
 5643      6F6E5F74 
 5643      00
 5644              	.LASF93:
 5645 0516 6D5F6E65 		.ascii	"m_next\000"
 5645      787400
 5646              	.LASF115:
 5647 051d 74696D65 		.ascii	"time\000"
 5647      00
 5648              	.LASF119:
 5649 0522 6C697374 		.ascii	"list_insert\000"
 5649      5F696E73 
 5649      65727400 
 5650              	.LASF52:
 5651 052e 725F6375 		.ascii	"r_current\000"
 5651      7272656E 
ARM GAS  /tmp/ccQ7MHSf.s 			page 104


 5651      7400
 5652              	.LASF51:
 5653 0538 725F6F6C 		.ascii	"r_older\000"
 5653      64657200 
 5654              	.LASF98:
 5655 0540 5F646267 		.ascii	"_dbg_check_lock_from_isr\000"
 5655      5F636865 
 5655      636B5F6C 
 5655      6F636B5F 
 5655      66726F6D 
 5656              	.LASF13:
 5657 0559 5F5F7569 		.ascii	"__uint64_t\000"
 5657      6E743634 
 5657      5F7400
 5658              	.LASF54:
 5659 0564 76697274 		.ascii	"virtual_timer_t\000"
 5659      75616C5F 
 5659      74696D65 
 5659      725F7400 
 5660              	.LASF28:
 5661 0574 705F7072 		.ascii	"p_prev\000"
 5661      657600
 5662              	.LASF22:
 5663 057b 74707269 		.ascii	"tprio_t\000"
 5663      6F5F7400 
 5664              	.LASF126:
 5665 0583 63685379 		.ascii	"chSysUnlockFromISR\000"
 5665      73556E6C 
 5665      6F636B46 
 5665      726F6D49 
 5665      535200
 5666              	.LASF65:
 5667 0596 63685F73 		.ascii	"ch_system_debug\000"
 5667      79737465 
 5667      6D5F6465 
 5667      62756700 
 5668              	.LASF109:
 5669 05a6 5F426F6F 		.ascii	"_Bool\000"
 5669      6C00
 5670              	.LASF15:
 5671 05ac 696E7433 		.ascii	"int32_t\000"
 5671      325F7400 
 5672              	.LASF2:
 5673 05b4 756E7369 		.ascii	"unsigned char\000"
 5673      676E6564 
 5673      20636861 
 5673      7200
 5674              	.LASF114:
 5675 05c2 6E657773 		.ascii	"newstate\000"
 5675      74617465 
 5675      00
 5676              	.LASF6:
 5677 05cb 73686F72 		.ascii	"short int\000"
 5677      7420696E 
 5677      7400
 5678              	.LASF34:
 5679 05d5 705F7374 		.ascii	"p_state\000"
ARM GAS  /tmp/ccQ7MHSf.s 			page 105


 5679      61746500 
 5680              	.LASF36:
 5681 05dd 705F7072 		.ascii	"p_preempt\000"
 5681      65656D70 
 5681      7400
 5682              	.LASF128:
 5683 05e7 63685365 		.ascii	"chSemFastSignalI\000"
 5683      6D466173 
 5683      74536967 
 5683      6E616C49 
 5683      00
 5684              	.LASF27:
 5685 05f8 705F6E65 		.ascii	"p_next\000"
 5685      787400
 5686              	.LASF19:
 5687 05ff 746D6F64 		.ascii	"tmode_t\000"
 5687      655F7400 
 5688              	.LASF35:
 5689 0607 705F666C 		.ascii	"p_flags\000"
 5689      61677300 
 5690              	.LASF140:
 5691 060f 5F5F6675 		.ascii	"__func__\000"
 5691      6E635F5F 
 5691      00
 5692              	.LASF141:
 5693 0618 63685654 		.ascii	"chVTIsArmedI\000"
 5693      49734172 
 5693      6D656449 
 5693      00
 5694              	.LASF102:
 5695 0625 43485F43 		.ascii	"CH_CFG_CONTEXT_SWITCH_HOOK\000"
 5695      46475F43 
 5695      4F4E5445 
 5695      58545F53 
 5695      57495443 
 5696              	.LASF95:
 5697 0640 73656D61 		.ascii	"semaphore_t\000"
 5697      70686F72 
 5697      655F7400 
 5698              	.LASF55:
 5699 064c 63685F76 		.ascii	"ch_virtual_timer\000"
 5699      69727475 
 5699      616C5F74 
 5699      696D6572 
 5699      00
 5700              	.LASF87:
 5701 065d 63685F73 		.ascii	"ch_semaphore\000"
 5701      656D6170 
 5701      686F7265 
 5701      00
 5702              	.LASF116:
 5703 066a 63685363 		.ascii	"chSchGoSleepS\000"
 5703      68476F53 
 5703      6C656570 
 5703      5300
 5704              	.LASF16:
 5705 0678 75696E74 		.ascii	"uint32_t\000"
ARM GAS  /tmp/ccQ7MHSf.s 			page 106


 5705      33325F74 
 5705      00
 5706              	.LASF86:
 5707 0681 77746D74 		.ascii	"wtmtxp\000"
 5707      787000
 5708              	.LASF47:
 5709 0688 725F7175 		.ascii	"r_queue\000"
 5709      65756500 
 5710              	.LASF117:
 5711 0690 63685363 		.ascii	"chSchReadyI\000"
 5711      68526561 
 5711      64794900 
 5712              	.LASF42:
 5713 069c 63685F74 		.ascii	"ch_threads_list\000"
 5713      68726561 
 5713      64735F6C 
 5713      69737400 
 5714              	.LASF11:
 5715 06ac 6C6F6E67 		.ascii	"long unsigned int\000"
 5715      20756E73 
 5715      69676E65 
 5715      6420696E 
 5715      7400
 5716              	.LASF94:
 5717 06be 63686172 		.ascii	"char\000"
 5717      00
 5718              	.LASF130:
 5719 06c3 706F7274 		.ascii	"port_unlock_from_isr\000"
 5719      5F756E6C 
 5719      6F636B5F 
 5719      66726F6D 
 5719      5F697372 
 5720              	.LASF26:
 5721 06d8 74687265 		.ascii	"thread_t\000"
 5721      61645F74 
 5721      00
 5722              	.LASF122:
 5723 06e1 71756575 		.ascii	"queue_fifo_remove\000"
 5723      655F6669 
 5723      666F5F72 
 5723      656D6F76 
 5723      6500
 5724              	.LASF25:
 5725 06f3 73797374 		.ascii	"systime_t\000"
 5725      696D655F 
 5725      7400
 5726              	.LASF38:
 5727 06fd 705F7265 		.ascii	"p_realprio\000"
 5727      616C7072 
 5727      696F00
 5728              	.LASF53:
 5729 0708 76746675 		.ascii	"vtfunc_t\000"
 5729      6E635F74 
 5729      00
 5730              	.LASF134:
 5731 0711 5F5F7365 		.ascii	"__set_BASEPRI\000"
 5731      745F4241 
ARM GAS  /tmp/ccQ7MHSf.s 			page 107


 5731      53455052 
 5731      4900
 5732              	.LASF66:
 5733 071f 70616E69 		.ascii	"panic_msg\000"
 5733      635F6D73 
 5733      6700
 5734              	.LASF79:
 5735 0729 6F666673 		.ascii	"offset\000"
 5735      657400
 5736              	.LASF77:
 5737 0730 636F6E74 		.ascii	"context\000"
 5737      65787400 
 5738              	.LASF131:
 5739 0738 706F7274 		.ascii	"port_lock_from_isr\000"
 5739      5F6C6F63 
 5739      6B5F6672 
 5739      6F6D5F69 
 5739      737200
 5740              	.LASF60:
 5741 074b 76745F70 		.ascii	"vt_par\000"
 5741      617200
 5742              	.LASF97:
 5743 0752 5F646267 		.ascii	"_dbg_check_unlock_from_isr\000"
 5743      5F636865 
 5743      636B5F75 
 5743      6E6C6F63 
 5743      6B5F6672 
 5744              	.LASF43:
 5745 076d 74687265 		.ascii	"threads_queue_t\000"
 5745      6164735F 
 5745      71756575 
 5745      655F7400 
 5746              	.LASF90:
 5747 077d 63685F6D 		.ascii	"ch_mutex\000"
 5747      75746578 
 5747      00
 5748              	.LASF67:
 5749 0786 6973725F 		.ascii	"isr_cnt\000"
 5749      636E7400 
 5750              	.LASF71:
 5751 078e 726C6973 		.ascii	"rlist\000"
 5751      7400
 5752              	.LASF14:
 5753 0794 75696E74 		.ascii	"uint8_t\000"
 5753      385F7400 
 5754              	.LASF127:
 5755 079c 63685379 		.ascii	"chSysLockFromISR\000"
 5755      734C6F63 
 5755      6B46726F 
 5755      6D495352 
 5755      00
 5756              	.LASF33:
 5757 07ad 705F6E61 		.ascii	"p_name\000"
 5757      6D6500
 5758              	.LASF63:
 5759 07b4 76745F73 		.ascii	"vt_systime\000"
 5759      79737469 
ARM GAS  /tmp/ccQ7MHSf.s 			page 108


 5759      6D6500
 5760              	.LASF113:
 5761 07bf 63685363 		.ascii	"chSchGoSleepTimeoutS\000"
 5761      68476F53 
 5761      6C656570 
 5761      54696D65 
 5761      6F757453 
 5762              	.LASF142:
 5763 07d4 63685363 		.ascii	"chSchIsRescRequiredI\000"
 5763      68497352 
 5763      65736352 
 5763      65717569 
 5763      72656449 
 5764              	.LASF124:
 5765 07e9 71756575 		.ascii	"queue_prio_insert\000"
 5765      655F7072 
 5765      696F5F69 
 5765      6E736572 
 5765      7400
 5766              	.LASF96:
 5767 07fb 6D757465 		.ascii	"mutex_t\000"
 5767      785F7400 
 5768              	.LASF92:
 5769 0803 6D5F6F77 		.ascii	"m_owner\000"
 5769      6E657200 
 5770              	.LASF30:
 5771 080b 705F6374 		.ascii	"p_ctx\000"
 5771      7800
 5772              	.LASF59:
 5773 0811 76745F66 		.ascii	"vt_func\000"
 5773      756E6300 
 5774              		.ident	"GCC: (Arm GNU Toolchain 13.2.rel1 (Build arm-13.7)) 13.2.1 20231009"
ARM GAS  /tmp/ccQ7MHSf.s 			page 109


DEFINED SYMBOLS
                            *ABS*:00000000 chschd.c
     /tmp/ccQ7MHSf.s:21     .text._scheduler_init:00000000 $t
     /tmp/ccQ7MHSf.s:28     .text._scheduler_init:00000000 _scheduler_init
     /tmp/ccQ7MHSf.s:69     .text._scheduler_init:00000010 $d
     /tmp/ccQ7MHSf.s:1379   .bss.ch:00000000 ch
     /tmp/ccQ7MHSf.s:74     .text.queue_prio_insert:00000000 $t
     /tmp/ccQ7MHSf.s:81     .text.queue_prio_insert:00000000 queue_prio_insert
     /tmp/ccQ7MHSf.s:135    .text.queue_insert:00000000 $t
     /tmp/ccQ7MHSf.s:142    .text.queue_insert:00000000 queue_insert
     /tmp/ccQ7MHSf.s:167    .text.queue_fifo_remove:00000000 $t
     /tmp/ccQ7MHSf.s:174    .text.queue_fifo_remove:00000000 queue_fifo_remove
     /tmp/ccQ7MHSf.s:203    .text.queue_lifo_remove:00000000 $t
     /tmp/ccQ7MHSf.s:210    .text.queue_lifo_remove:00000000 queue_lifo_remove
     /tmp/ccQ7MHSf.s:239    .text.queue_dequeue:00000000 $t
     /tmp/ccQ7MHSf.s:246    .text.queue_dequeue:00000000 queue_dequeue
     /tmp/ccQ7MHSf.s:269    .text.list_insert:00000000 $t
     /tmp/ccQ7MHSf.s:276    .text.list_insert:00000000 list_insert
     /tmp/ccQ7MHSf.s:297    .text.list_remove:00000000 $t
     /tmp/ccQ7MHSf.s:304    .text.list_remove:00000000 list_remove
     /tmp/ccQ7MHSf.s:329    .text.chSchReadyI:00000000 $t
     /tmp/ccQ7MHSf.s:336    .text.chSchReadyI:00000000 chSchReadyI
     /tmp/ccQ7MHSf.s:424    .text.chSchReadyI:00000040 $d
     /tmp/ccQ7MHSf.s:1372   .rodata.__func__.0:00000000 __func__.0
     /tmp/ccQ7MHSf.s:430    .text.wakeup:00000000 $t
     /tmp/ccQ7MHSf.s:436    .text.wakeup:00000000 wakeup
     /tmp/ccQ7MHSf.s:502    .text.wakeup:00000018 $d
     /tmp/ccQ7MHSf.s:508    .text.wakeup:0000001e $t
     /tmp/ccQ7MHSf.s:625    .text.chSchGoSleepS:00000000 $t
     /tmp/ccQ7MHSf.s:632    .text.chSchGoSleepS:00000000 chSchGoSleepS
     /tmp/ccQ7MHSf.s:733    .text.chSchGoSleepS:00000034 $d
     /tmp/ccQ7MHSf.s:739    .text.chSchGoSleepTimeoutS:00000000 $t
     /tmp/ccQ7MHSf.s:746    .text.chSchGoSleepTimeoutS:00000000 chSchGoSleepTimeoutS
     /tmp/ccQ7MHSf.s:843    .text.chSchGoSleepTimeoutS:0000004c $d
     /tmp/ccQ7MHSf.s:849    .text.chSchWakeupS:00000000 $t
     /tmp/ccQ7MHSf.s:856    .text.chSchWakeupS:00000000 chSchWakeupS
     /tmp/ccQ7MHSf.s:962    .text.chSchWakeupS:00000044 $d
     /tmp/ccQ7MHSf.s:969    .text.chSchIsPreemptionRequired:00000000 $t
     /tmp/ccQ7MHSf.s:976    .text.chSchIsPreemptionRequired:00000000 chSchIsPreemptionRequired
     /tmp/ccQ7MHSf.s:1024   .text.chSchIsPreemptionRequired:00000024 $d
     /tmp/ccQ7MHSf.s:1029   .text.chSchDoRescheduleBehind:00000000 $t
     /tmp/ccQ7MHSf.s:1036   .text.chSchDoRescheduleBehind:00000000 chSchDoRescheduleBehind
     /tmp/ccQ7MHSf.s:1127   .text.chSchDoRescheduleBehind:00000034 $d
     /tmp/ccQ7MHSf.s:1133   .text.chSchDoRescheduleAhead:00000000 $t
     /tmp/ccQ7MHSf.s:1140   .text.chSchDoRescheduleAhead:00000000 chSchDoRescheduleAhead
     /tmp/ccQ7MHSf.s:1263   .text.chSchDoRescheduleAhead:00000044 $d
     /tmp/ccQ7MHSf.s:1269   .text.chSchRescheduleS:00000000 $t
     /tmp/ccQ7MHSf.s:1276   .text.chSchRescheduleS:00000000 chSchRescheduleS
     /tmp/ccQ7MHSf.s:1327   .text.chSchRescheduleS:00000024 $d
     /tmp/ccQ7MHSf.s:1332   .text.chSchDoReschedule:00000000 $t
     /tmp/ccQ7MHSf.s:1339   .text.chSchDoReschedule:00000000 chSchDoReschedule
     /tmp/ccQ7MHSf.s:1364   .text.chSchDoReschedule:00000010 $d
     /tmp/ccQ7MHSf.s:1369   .rodata.__func__.0:00000000 $d
     /tmp/ccQ7MHSf.s:1376   .bss.ch:00000000 $d

UNDEFINED SYMBOLS
chDbgCheckClassI
ARM GAS  /tmp/ccQ7MHSf.s 			page 110


chSysHalt
_dbg_check_lock_from_isr
_dbg_check_unlock_from_isr
chDbgCheckClassS
CH_CFG_CONTEXT_SWITCH_HOOK
_port_switch
chVTDoSetI
chVTDoResetI
