ARM GAS  /tmp/ccplaV3T.s 			page 1


   1              		.cpu cortex-m4
   2              		.arch armv7e-m
   3              		.fpu fpv4-sp-d16
   4              		.eabi_attribute 27, 1
   5              		.eabi_attribute 28, 1
   6              		.eabi_attribute 20, 1
   7              		.eabi_attribute 21, 1
   8              		.eabi_attribute 23, 3
   9              		.eabi_attribute 24, 1
  10              		.eabi_attribute 25, 1
  11              		.eabi_attribute 26, 1
  12              		.eabi_attribute 30, 2
  13              		.eabi_attribute 34, 1
  14              		.eabi_attribute 18, 4
  15              		.file	"chsem.c"
  16              		.text
  17              	.Ltext0:
  18              		.cfi_sections	.debug_frame
  19              		.file 1 "../RC_Controller/ChibiOS_3.0.5/os/rt/src/chsem.c"
  20              		.section	.text.chSemObjectInit,"ax",%progbits
  21              		.align	1
  22              		.p2align 4,,15
  23              		.global	chSemObjectInit
  24              		.syntax unified
  25              		.thumb
  26              		.thumb_func
  27              		.type	chSemObjectInit, %function
  28              	chSemObjectInit:
  29              	.LVL0:
  30              	.LFB186:
  31              		.loc 1 97 48 view -0
  32              		.cfi_startproc
  33              		@ args = 0, pretend = 0, frame = 0
  34              		@ frame_needed = 0, uses_anonymous_args = 0
  35              		.loc 1 99 3 view .LVU1
  36              		.loc 1 99 3 view .LVU2
  37              		.loc 1 99 3 discriminator 1 view .LVU3
  38              		.loc 1 97 48 is_stmt 0 view .LVU4
  39 0000 38B5     		push	{r3, r4, r5, lr}
  40              		.cfi_def_cfa_offset 16
  41              		.cfi_offset 3, -16
  42              		.cfi_offset 4, -12
  43              		.cfi_offset 5, -8
  44              		.cfi_offset 14, -4
  45              		.loc 1 97 48 view .LVU5
  46 0002 0D46     		mov	r5, r1
  47              		.loc 1 99 3 discriminator 1 view .LVU6
  48 0004 0446     		mov	r4, r0
  49 0006 28B1     		cbz	r0, .L2
  50              		.loc 1 99 3 discriminator 4 view .LVU7
  51 0008 0029     		cmp	r1, #0
  52 000a 03DB     		blt	.L2
  53              		.loc 1 99 3 is_stmt 1 discriminator 7 view .LVU8
  54              		.loc 1 101 3 view .LVU9
  55              	.LVL1:
  56              	.LBB75:
  57              	.LBI75:
ARM GAS  /tmp/ccplaV3T.s 			page 2


  58              		.file 2 "../RC_Controller/ChibiOS_3.0.5/os/rt/include/chschd.h"
  59              		.loc 2 602 20 view .LVU10
  60              	.LBB76:
  61              		.loc 2 604 3 view .LVU11
  62              		.loc 2 605 3 view .LVU12
  63              		.loc 2 604 15 is_stmt 0 view .LVU13
  64 000c C4E90044 		strd	r4, r4, [r4]
  65              	.LVL2:
  66              		.loc 2 604 15 view .LVU14
  67              	.LBE76:
  68              	.LBE75:
  69              		.loc 1 102 3 is_stmt 1 view .LVU15
  70              		.loc 1 102 13 is_stmt 0 view .LVU16
  71 0010 A560     		str	r5, [r4, #8]
  72              		.loc 1 103 1 view .LVU17
  73 0012 38BD     		pop	{r3, r4, r5, pc}
  74              	.L2:
  75              		.loc 1 99 3 is_stmt 1 discriminator 5 view .LVU18
  76 0014 0348     		ldr	r0, .L9
  77              	.LVL3:
  78              		.loc 1 99 3 is_stmt 0 discriminator 5 view .LVU19
  79 0016 FFF7FEFF 		bl	chSysHalt
  80              	.LVL4:
  81              		.loc 1 99 3 is_stmt 1 discriminator 7 view .LVU20
  82              		.loc 1 101 3 view .LVU21
  83              	.LBB78:
  84              		.loc 2 602 20 view .LVU22
  85              	.LBB77:
  86              		.loc 2 604 3 view .LVU23
  87              		.loc 2 605 3 view .LVU24
  88              		.loc 2 604 15 is_stmt 0 view .LVU25
  89 001a C4E90044 		strd	r4, r4, [r4]
  90              	.LVL5:
  91              		.loc 2 604 15 view .LVU26
  92              	.LBE77:
  93              	.LBE78:
  94              		.loc 1 102 3 is_stmt 1 view .LVU27
  95              		.loc 1 102 13 is_stmt 0 view .LVU28
  96 001e A560     		str	r5, [r4, #8]
  97              		.loc 1 103 1 view .LVU29
  98 0020 38BD     		pop	{r3, r4, r5, pc}
  99              	.LVL6:
 100              	.L10:
 101              		.loc 1 103 1 view .LVU30
 102 0022 00BF     		.align	2
 103              	.L9:
 104 0024 00000000 		.word	__func__.8
 105              		.cfi_endproc
 106              	.LFE186:
 107              		.size	chSemObjectInit, .-chSemObjectInit
 108              		.section	.text.chSemResetI,"ax",%progbits
 109              		.align	1
 110              		.p2align 4,,15
 111              		.global	chSemResetI
 112              		.syntax unified
 113              		.thumb
 114              		.thumb_func
ARM GAS  /tmp/ccplaV3T.s 			page 3


 115              		.type	chSemResetI, %function
 116              	chSemResetI:
 117              	.LVL7:
 118              	.LFB188:
 119              		.loc 1 147 44 is_stmt 1 view -0
 120              		.cfi_startproc
 121              		@ args = 0, pretend = 0, frame = 0
 122              		@ frame_needed = 0, uses_anonymous_args = 0
 123              		.loc 1 148 3 view .LVU32
 124              		.loc 1 150 3 view .LVU33
 125              		.loc 1 147 44 is_stmt 0 view .LVU34
 126 0000 70B5     		push	{r4, r5, r6, lr}
 127              		.cfi_def_cfa_offset 16
 128              		.cfi_offset 4, -16
 129              		.cfi_offset 5, -12
 130              		.cfi_offset 6, -8
 131              		.cfi_offset 14, -4
 132              		.loc 1 147 44 view .LVU35
 133 0002 0546     		mov	r5, r0
 134 0004 0E46     		mov	r6, r1
 135              		.loc 1 150 3 view .LVU36
 136 0006 FFF7FEFF 		bl	chDbgCheckClassI
 137              	.LVL8:
 138              		.loc 1 151 3 is_stmt 1 view .LVU37
 139              		.loc 1 151 3 view .LVU38
 140              		.loc 1 151 3 discriminator 1 view .LVU39
 141 000a DDB1     		cbz	r5, .L12
 142              		.loc 1 151 3 is_stmt 0 discriminator 4 view .LVU40
 143 000c 002E     		cmp	r6, #0
 144 000e 19DB     		blt	.L12
 145              		.loc 1 151 3 is_stmt 1 discriminator 7 view .LVU41
 146              		.loc 1 152 3 view .LVU42
 147              		.loc 1 152 3 view .LVU43
 148              		.loc 1 152 3 discriminator 1 view .LVU44
 149 0010 AC68     		ldr	r4, [r5, #8]
 150              	.LBB79:
 151              	.LBB80:
 152              		.loc 2 618 20 is_stmt 0 view .LVU45
 153 0012 2B68     		ldr	r3, [r5]
 154              	.LBE80:
 155              	.LBE79:
 156              		.loc 1 152 3 discriminator 1 view .LVU46
 157 0014 002C     		cmp	r4, #0
 158 0016 1CDB     		blt	.L14
 159              	.L25:
 160              	.LVL9:
 161              	.LBB83:
 162              	.LBI79:
 163              		.loc 2 616 20 is_stmt 1 view .LVU47
 164              	.LBB81:
 165              		.loc 2 618 3 view .LVU48
 166              		.loc 2 618 3 is_stmt 0 view .LVU49
 167              	.LBE81:
 168              	.LBE83:
 169              		.loc 1 152 3 discriminator 1 view .LVU50
 170 0018 AB42     		cmp	r3, r5
 171 001a 1FD0     		beq	.L24
ARM GAS  /tmp/ccplaV3T.s 			page 4


 172              	.L15:
 173              		.loc 1 152 3 is_stmt 1 discriminator 9 view .LVU51
 174 001c 1048     		ldr	r0, .L26
 175 001e FFF7FEFF 		bl	chSysHalt
 176              	.LVL10:
 177              		.loc 1 156 7 is_stmt 0 view .LVU52
 178 0022 AC68     		ldr	r4, [r5, #8]
 179              		.loc 1 152 3 is_stmt 1 discriminator 11 view .LVU53
 180              		.loc 1 156 3 view .LVU54
 181              	.LVL11:
 182              		.loc 1 157 3 view .LVU55
 183              		.loc 1 157 13 is_stmt 0 view .LVU56
 184 0024 AE60     		str	r6, [r5, #8]
 185              		.loc 1 158 3 is_stmt 1 view .LVU57
 186              		.loc 1 158 16 view .LVU58
 187 0026 0134     		adds	r4, r4, #1
 188              	.LVL12:
 189              		.loc 1 158 16 is_stmt 0 view .LVU59
 190 0028 002C     		cmp	r4, #0
 191 002a 0ADC     		bgt	.L11
 192              	.L17:
 193              		.loc 1 159 62 discriminator 2 view .LVU60
 194 002c 6FF00106 		mvn	r6, #1
 195              	.LVL13:
 196              	.L18:
 197              		.loc 1 159 5 is_stmt 1 view .LVU61
 198 0030 2846     		mov	r0, r5
 199 0032 FFF7FEFF 		bl	queue_lifo_remove
 200              	.LVL14:
 201              		.loc 1 159 5 is_stmt 0 discriminator 1 view .LVU62
 202 0036 FFF7FEFF 		bl	chSchReadyI
 203              	.LVL15:
 204              		.loc 1 158 16 view .LVU63
 205 003a 0134     		adds	r4, r4, #1
 206              	.LVL16:
 207              		.loc 1 158 16 view .LVU64
 208 003c 012C     		cmp	r4, #1
 209              		.loc 1 159 62 discriminator 2 view .LVU65
 210 003e 0662     		str	r6, [r0, #32]
 211              	.LVL17:
 212              		.loc 1 158 16 is_stmt 1 view .LVU66
 213              		.loc 1 158 16 is_stmt 0 view .LVU67
 214 0040 F6D1     		bne	.L18
 215              	.L11:
 216              		.loc 1 161 1 view .LVU68
 217 0042 70BD     		pop	{r4, r5, r6, pc}
 218              	.LVL18:
 219              	.L12:
 220              		.loc 1 151 3 is_stmt 1 discriminator 5 view .LVU69
 221 0044 0648     		ldr	r0, .L26
 222 0046 FFF7FEFF 		bl	chSysHalt
 223              	.LVL19:
 224              		.loc 1 151 3 discriminator 7 view .LVU70
 225              		.loc 1 152 3 view .LVU71
 226              		.loc 1 152 3 view .LVU72
 227              		.loc 1 152 3 discriminator 1 view .LVU73
 228 004a AC68     		ldr	r4, [r5, #8]
ARM GAS  /tmp/ccplaV3T.s 			page 5


 229              	.LBB84:
 230              	.LBB82:
 231              		.loc 2 618 20 is_stmt 0 view .LVU74
 232 004c 2B68     		ldr	r3, [r5]
 233              	.LBE82:
 234              	.LBE84:
 235              		.loc 1 152 3 discriminator 1 view .LVU75
 236 004e 002C     		cmp	r4, #0
 237 0050 E2DA     		bge	.L25
 238              	.L14:
 239              		.loc 1 152 3 discriminator 1 view .LVU76
 240 0052 AB42     		cmp	r3, r5
 241 0054 E2D0     		beq	.L15
 242              		.loc 1 152 3 is_stmt 1 discriminator 11 view .LVU77
 243              		.loc 1 156 3 view .LVU78
 244              	.LVL20:
 245              		.loc 1 157 3 view .LVU79
 246              		.loc 1 157 13 is_stmt 0 view .LVU80
 247 0056 AE60     		str	r6, [r5, #8]
 248              	.LVL21:
 249              		.loc 1 158 3 is_stmt 1 view .LVU81
 250              		.loc 1 158 16 view .LVU82
 251 0058 0134     		adds	r4, r4, #1
 252              	.LVL22:
 253              		.loc 1 158 16 is_stmt 0 view .LVU83
 254 005a E7E7     		b	.L17
 255              	.LVL23:
 256              	.L24:
 257              		.loc 1 152 3 is_stmt 1 discriminator 11 view .LVU84
 258              		.loc 1 156 3 view .LVU85
 259              		.loc 1 157 3 view .LVU86
 260              		.loc 1 157 13 is_stmt 0 view .LVU87
 261 005c AE60     		str	r6, [r5, #8]
 262              	.LVL24:
 263              		.loc 1 158 3 is_stmt 1 view .LVU88
 264              		.loc 1 158 16 view .LVU89
 265              		.loc 1 161 1 is_stmt 0 view .LVU90
 266 005e 70BD     		pop	{r4, r5, r6, pc}
 267              	.LVL25:
 268              	.L27:
 269              		.loc 1 161 1 view .LVU91
 270              		.align	2
 271              	.L26:
 272 0060 00000000 		.word	__func__.6
 273              		.cfi_endproc
 274              	.LFE188:
 275              		.size	chSemResetI, .-chSemResetI
 276              		.section	.text.chSemReset,"ax",%progbits
 277              		.align	1
 278              		.p2align 4,,15
 279              		.global	chSemReset
 280              		.syntax unified
 281              		.thumb
 282              		.thumb_func
 283              		.type	chSemReset, %function
 284              	chSemReset:
 285              	.LVL26:
ARM GAS  /tmp/ccplaV3T.s 			page 6


 286              	.LFB187:
 287              		.loc 1 120 43 is_stmt 1 view -0
 288              		.cfi_startproc
 289              		@ args = 0, pretend = 0, frame = 0
 290              		@ frame_needed = 0, uses_anonymous_args = 0
 291              		.loc 1 122 3 view .LVU93
 292              	.LBB95:
 293              	.LBI95:
 294              		.file 3 "../RC_Controller/ChibiOS_3.0.5/os/rt/include/chsys.h"
 295              		.loc 3 346 20 view .LVU94
 296              	.LBB96:
 297              		.loc 3 348 3 view .LVU95
 298              	.LBB97:
 299              	.LBI97:
 300              		.file 4 "../RC_Controller/ChibiOS_3.0.5/os/rt/ports/ARMCMx/chcore_v7m.h"
 301              		.loc 4 444 20 view .LVU96
 302              		.loc 4 447 3 view .LVU97
 303              	.LBB98:
 304              	.LBI98:
 305              		.file 5 "../RC_Controller/ChibiOS_3.0.5/os/ext/CMSIS/include/core_cmFunc.h"
 306              		.loc 5 544 57 view .LVU98
 307              	.LBB99:
 308              		.loc 5 546 3 view .LVU99
 309              	.LBE99:
 310              	.LBE98:
 311              	.LBE97:
 312              	.LBE96:
 313              	.LBE95:
 314              		.loc 1 120 43 is_stmt 0 view .LVU100
 315 0000 38B5     		push	{r3, r4, r5, lr}
 316              		.cfi_def_cfa_offset 16
 317              		.cfi_offset 3, -16
 318              		.cfi_offset 4, -12
 319              		.cfi_offset 5, -8
 320              		.cfi_offset 14, -4
 321              		.loc 1 120 43 view .LVU101
 322 0002 0446     		mov	r4, r0
 323 0004 0D46     		mov	r5, r1
 324              	.LBB104:
 325              	.LBB103:
 326              	.LBB102:
 327              	.LBB101:
 328              	.LBB100:
 329              		.loc 5 546 3 view .LVU102
 330 0006 2023     		movs	r3, #32
 331              		.syntax unified
 332              	@ 546 "../RC_Controller/ChibiOS_3.0.5/os/ext/CMSIS/include/core_cmFunc.h" 1
 333 0008 83F31188 		MSR basepri, r3
 334              	@ 0 "" 2
 335              	.LVL27:
 336              		.loc 5 546 3 view .LVU103
 337              		.thumb
 338              		.syntax unified
 339              	.LBE100:
 340              	.LBE101:
 341              	.LBE102:
 342              		.loc 3 349 34 is_stmt 1 view .LVU104
ARM GAS  /tmp/ccplaV3T.s 			page 7


 343              		.loc 3 350 3 view .LVU105
 344 000c FFF7FEFF 		bl	_dbg_check_lock
 345              	.LVL28:
 346              		.loc 3 350 3 is_stmt 0 view .LVU106
 347              	.LBE103:
 348              	.LBE104:
 349              		.loc 1 123 3 is_stmt 1 view .LVU107
 350 0010 2946     		mov	r1, r5
 351 0012 2046     		mov	r0, r4
 352 0014 FFF7FEFF 		bl	chSemResetI
 353              	.LVL29:
 354              		.loc 1 124 3 view .LVU108
 355 0018 FFF7FEFF 		bl	chSchRescheduleS
 356              	.LVL30:
 357              		.loc 1 125 3 view .LVU109
 358              	.LBB105:
 359              	.LBI105:
 360              		.loc 3 358 20 view .LVU110
 361              	.LBB106:
 362              		.loc 3 360 3 view .LVU111
 363 001c FFF7FEFF 		bl	_dbg_check_unlock
 364              	.LVL31:
 365              		.loc 3 361 33 view .LVU112
 366              		.loc 3 367 3 view .LVU113
 367              		.loc 3 367 3 view .LVU114
 368              		.loc 3 367 3 discriminator 1 view .LVU115
 369 0020 094B     		ldr	r3, .L32
 370 0022 1A68     		ldr	r2, [r3]
 371 0024 9A42     		cmp	r2, r3
 372 0026 04D0     		beq	.L29
 373              		.loc 3 367 3 is_stmt 0 discriminator 3 view .LVU116
 374 0028 9969     		ldr	r1, [r3, #24]
 375 002a 9368     		ldr	r3, [r2, #8]
 376 002c 8A68     		ldr	r2, [r1, #8]
 377 002e 9A42     		cmp	r2, r3
 378 0030 03D3     		bcc	.L31
 379              	.L29:
 380              		.loc 3 367 3 is_stmt 1 discriminator 7 view .LVU117
 381              		.loc 3 371 3 view .LVU118
 382              	.LBB107:
 383              	.LBI107:
 384              		.loc 4 458 20 view .LVU119
 385              		.loc 4 461 3 view .LVU120
 386              	.LVL32:
 387              	.LBB108:
 388              	.LBI108:
 389              		.loc 5 544 57 view .LVU121
 390              	.LBB109:
 391              		.loc 5 546 3 view .LVU122
 392 0032 0023     		movs	r3, #0
 393              		.syntax unified
 394              	@ 546 "../RC_Controller/ChibiOS_3.0.5/os/ext/CMSIS/include/core_cmFunc.h" 1
 395 0034 83F31188 		MSR basepri, r3
 396              	@ 0 "" 2
 397              	.LVL33:
 398              		.loc 5 546 3 is_stmt 0 view .LVU123
 399              		.thumb
ARM GAS  /tmp/ccplaV3T.s 			page 8


 400              		.syntax unified
 401              	.LBE109:
 402              	.LBE108:
 403              	.LBE107:
 404              	.LBE106:
 405              	.LBE105:
 406              		.loc 1 126 1 view .LVU124
 407 0038 38BD     		pop	{r3, r4, r5, pc}
 408              	.LVL34:
 409              	.L31:
 410              	.LBB114:
 411              	.LBB113:
 412              		.loc 3 367 3 is_stmt 1 discriminator 5 view .LVU125
 413 003a 0448     		ldr	r0, .L32+4
 414 003c FFF7FEFF 		bl	chSysHalt
 415              	.LVL35:
 416              		.loc 3 367 3 discriminator 7 view .LVU126
 417              		.loc 3 371 3 view .LVU127
 418              	.LBB112:
 419              		.loc 4 458 20 view .LVU128
 420              		.loc 4 461 3 view .LVU129
 421              	.LBB111:
 422              		.loc 5 544 57 view .LVU130
 423              	.LBB110:
 424              		.loc 5 546 3 view .LVU131
 425 0040 0023     		movs	r3, #0
 426              		.syntax unified
 427              	@ 546 "../RC_Controller/ChibiOS_3.0.5/os/ext/CMSIS/include/core_cmFunc.h" 1
 428 0042 83F31188 		MSR basepri, r3
 429              	@ 0 "" 2
 430              	.LVL36:
 431              		.loc 5 546 3 is_stmt 0 view .LVU132
 432              		.thumb
 433              		.syntax unified
 434              	.LBE110:
 435              	.LBE111:
 436              	.LBE112:
 437              	.LBE113:
 438              	.LBE114:
 439              		.loc 1 126 1 view .LVU133
 440 0046 38BD     		pop	{r3, r4, r5, pc}
 441              	.LVL37:
 442              	.L33:
 443              		.loc 1 126 1 view .LVU134
 444              		.align	2
 445              	.L32:
 446 0048 00000000 		.word	ch
 447 004c 00000000 		.word	__func__.7
 448              		.cfi_endproc
 449              	.LFE187:
 450              		.size	chSemReset, .-chSemReset
 451              		.section	.text.chSemWaitS,"ax",%progbits
 452              		.align	1
 453              		.p2align 4,,15
 454              		.global	chSemWaitS
 455              		.syntax unified
 456              		.thumb
ARM GAS  /tmp/ccplaV3T.s 			page 9


 457              		.thumb_func
 458              		.type	chSemWaitS, %function
 459              	chSemWaitS:
 460              	.LVL38:
 461              	.LFB190:
 462              		.loc 1 197 35 is_stmt 1 view -0
 463              		.cfi_startproc
 464              		@ args = 0, pretend = 0, frame = 0
 465              		@ frame_needed = 0, uses_anonymous_args = 0
 466              		.loc 1 199 3 view .LVU136
 467              		.loc 1 197 35 is_stmt 0 view .LVU137
 468 0000 38B5     		push	{r3, r4, r5, lr}
 469              		.cfi_def_cfa_offset 16
 470              		.cfi_offset 3, -16
 471              		.cfi_offset 4, -12
 472              		.cfi_offset 5, -8
 473              		.cfi_offset 14, -4
 474              		.loc 1 197 35 view .LVU138
 475 0002 0446     		mov	r4, r0
 476              		.loc 1 199 3 view .LVU139
 477 0004 FFF7FEFF 		bl	chDbgCheckClassS
 478              	.LVL39:
 479              		.loc 1 200 3 is_stmt 1 view .LVU140
 480              		.loc 1 200 3 view .LVU141
 481              		.loc 1 200 3 discriminator 1 view .LVU142
 482 0008 04B3     		cbz	r4, .L43
 483              	.L35:
 484              		.loc 1 200 3 discriminator 5 view .LVU143
 485              		.loc 1 201 3 view .LVU144
 486              		.loc 1 201 3 view .LVU145
 487              		.loc 1 201 3 discriminator 1 view .LVU146
 488 000a A368     		ldr	r3, [r4, #8]
 489              	.LBB115:
 490              	.LBB116:
 491              		.loc 2 618 20 is_stmt 0 view .LVU147
 492 000c 2268     		ldr	r2, [r4]
 493              	.LBE116:
 494              	.LBE115:
 495              		.loc 1 201 3 discriminator 1 view .LVU148
 496 000e 002B     		cmp	r3, #0
 497 0010 0CDB     		blt	.L36
 498              	.LVL40:
 499              	.LBB118:
 500              	.LBI115:
 501              		.loc 2 616 20 is_stmt 1 view .LVU149
 502              	.LBB117:
 503              		.loc 2 618 3 view .LVU150
 504              		.loc 2 618 3 is_stmt 0 view .LVU151
 505              	.LBE117:
 506              	.LBE118:
 507              		.loc 1 201 3 discriminator 1 view .LVU152
 508 0012 9442     		cmp	r4, r2
 509 0014 03D0     		beq	.L38
 510              	.L37:
 511              		.loc 1 201 3 is_stmt 1 discriminator 9 view .LVU153
 512 0016 0F48     		ldr	r0, .L44
 513 0018 FFF7FEFF 		bl	chSysHalt
ARM GAS  /tmp/ccplaV3T.s 			page 10


 514              	.LVL41:
 515              		.loc 1 205 11 is_stmt 0 view .LVU154
 516 001c A368     		ldr	r3, [r4, #8]
 517              	.L38:
 518              		.loc 1 201 3 is_stmt 1 discriminator 11 view .LVU155
 519              		.loc 1 205 3 view .LVU156
 520              		.loc 1 205 7 is_stmt 0 view .LVU157
 521 001e 013B     		subs	r3, r3, #1
 522              		.loc 1 205 6 view .LVU158
 523 0020 002B     		cmp	r3, #0
 524 0022 A360     		str	r3, [r4, #8]
 525              		.loc 1 213 10 view .LVU159
 526 0024 A8BF     		it	ge
 527 0026 0020     		movge	r0, #0
 528              		.loc 1 205 6 view .LVU160
 529 0028 04DB     		blt	.L39
 530              		.loc 1 214 1 view .LVU161
 531 002a 38BD     		pop	{r3, r4, r5, pc}
 532              	.LVL42:
 533              	.L36:
 534              		.loc 1 201 3 discriminator 1 view .LVU162
 535 002c 9442     		cmp	r4, r2
 536 002e F2D0     		beq	.L37
 537              		.loc 1 201 3 is_stmt 1 discriminator 11 view .LVU163
 538              		.loc 1 205 3 view .LVU164
 539              		.loc 1 205 7 is_stmt 0 view .LVU165
 540 0030 013B     		subs	r3, r3, #1
 541              		.loc 1 205 6 view .LVU166
 542 0032 A360     		str	r3, [r4, #8]
 543              	.L39:
 544              		.loc 1 206 5 is_stmt 1 view .LVU167
 545 0034 084D     		ldr	r5, .L44+4
 546 0036 A869     		ldr	r0, [r5, #24]
 547              		.loc 1 207 5 is_stmt 0 view .LVU168
 548 0038 2146     		mov	r1, r4
 549              		.loc 1 206 23 view .LVU169
 550 003a 0462     		str	r4, [r0, #32]
 551              		.loc 1 207 5 is_stmt 1 view .LVU170
 552 003c FFF7FEFF 		bl	queue_insert
 553              	.LVL43:
 554              		.loc 1 208 5 view .LVU171
 555 0040 0520     		movs	r0, #5
 556 0042 FFF7FEFF 		bl	chSchGoSleepS
 557              	.LVL44:
 558              		.loc 1 210 5 view .LVU172
 559              		.loc 1 210 22 is_stmt 0 view .LVU173
 560 0046 AB69     		ldr	r3, [r5, #24]
 561 0048 186A     		ldr	r0, [r3, #32]
 562              		.loc 1 214 1 view .LVU174
 563 004a 38BD     		pop	{r3, r4, r5, pc}
 564              	.LVL45:
 565              	.L43:
 566              		.loc 1 200 3 is_stmt 1 discriminator 3 view .LVU175
 567 004c 0148     		ldr	r0, .L44
 568 004e FFF7FEFF 		bl	chSysHalt
 569              	.LVL46:
 570 0052 DAE7     		b	.L35
ARM GAS  /tmp/ccplaV3T.s 			page 11


 571              	.L45:
 572              		.align	2
 573              	.L44:
 574 0054 00000000 		.word	__func__.5
 575 0058 00000000 		.word	ch
 576              		.cfi_endproc
 577              	.LFE190:
 578              		.size	chSemWaitS, .-chSemWaitS
 579              		.section	.text.chSemWait,"ax",%progbits
 580              		.align	1
 581              		.p2align 4,,15
 582              		.global	chSemWait
 583              		.syntax unified
 584              		.thumb
 585              		.thumb_func
 586              		.type	chSemWait, %function
 587              	chSemWait:
 588              	.LVL47:
 589              	.LFB189:
 590              		.loc 1 175 34 view -0
 591              		.cfi_startproc
 592              		@ args = 0, pretend = 0, frame = 0
 593              		@ frame_needed = 0, uses_anonymous_args = 0
 594              		.loc 1 176 3 view .LVU177
 595              		.loc 1 178 3 view .LVU178
 596              	.LBB129:
 597              	.LBI129:
 598              		.loc 3 346 20 view .LVU179
 599              	.LBB130:
 600              		.loc 3 348 3 view .LVU180
 601              	.LBB131:
 602              	.LBI131:
 603              		.loc 4 444 20 view .LVU181
 604              		.loc 4 447 3 view .LVU182
 605              	.LBB132:
 606              	.LBI132:
 607              		.loc 5 544 57 view .LVU183
 608              	.LBB133:
 609              		.loc 5 546 3 view .LVU184
 610              	.LBE133:
 611              	.LBE132:
 612              	.LBE131:
 613              	.LBE130:
 614              	.LBE129:
 615              		.loc 1 175 34 is_stmt 0 view .LVU185
 616 0000 10B5     		push	{r4, lr}
 617              		.cfi_def_cfa_offset 8
 618              		.cfi_offset 4, -8
 619              		.cfi_offset 14, -4
 620              	.LBB142:
 621              	.LBB140:
 622              	.LBB138:
 623              	.LBB136:
 624              	.LBB134:
 625              		.loc 5 546 3 view .LVU186
 626 0002 2023     		movs	r3, #32
 627              	.LBE134:
ARM GAS  /tmp/ccplaV3T.s 			page 12


 628              	.LBE136:
 629              	.LBE138:
 630              	.LBE140:
 631              	.LBE142:
 632              		.loc 1 175 34 view .LVU187
 633 0004 0446     		mov	r4, r0
 634              	.LBB143:
 635              	.LBB141:
 636              	.LBB139:
 637              	.LBB137:
 638              	.LBB135:
 639              		.loc 5 546 3 view .LVU188
 640              		.syntax unified
 641              	@ 546 "../RC_Controller/ChibiOS_3.0.5/os/ext/CMSIS/include/core_cmFunc.h" 1
 642 0006 83F31188 		MSR basepri, r3
 643              	@ 0 "" 2
 644              	.LVL48:
 645              		.loc 5 546 3 view .LVU189
 646              		.thumb
 647              		.syntax unified
 648              	.LBE135:
 649              	.LBE137:
 650              	.LBE139:
 651              		.loc 3 349 34 is_stmt 1 view .LVU190
 652              		.loc 3 350 3 view .LVU191
 653 000a FFF7FEFF 		bl	_dbg_check_lock
 654              	.LVL49:
 655              		.loc 3 350 3 is_stmt 0 view .LVU192
 656              	.LBE141:
 657              	.LBE143:
 658              		.loc 1 179 3 is_stmt 1 view .LVU193
 659              		.loc 1 179 9 is_stmt 0 view .LVU194
 660 000e 2046     		mov	r0, r4
 661 0010 FFF7FEFF 		bl	chSemWaitS
 662              	.LVL50:
 663 0014 0446     		mov	r4, r0
 664              	.LVL51:
 665              		.loc 1 180 3 is_stmt 1 view .LVU195
 666              	.LBB144:
 667              	.LBI144:
 668              		.loc 3 358 20 view .LVU196
 669              	.LBB145:
 670              		.loc 3 360 3 view .LVU197
 671 0016 FFF7FEFF 		bl	_dbg_check_unlock
 672              	.LVL52:
 673              		.loc 3 361 33 view .LVU198
 674              		.loc 3 367 3 view .LVU199
 675              		.loc 3 367 3 view .LVU200
 676              		.loc 3 367 3 discriminator 1 view .LVU201
 677 001a 0B4B     		ldr	r3, .L50
 678 001c 1A68     		ldr	r2, [r3]
 679 001e 9A42     		cmp	r2, r3
 680 0020 04D0     		beq	.L47
 681              		.loc 3 367 3 is_stmt 0 discriminator 3 view .LVU202
 682 0022 9969     		ldr	r1, [r3, #24]
 683 0024 9368     		ldr	r3, [r2, #8]
 684 0026 8A68     		ldr	r2, [r1, #8]
ARM GAS  /tmp/ccplaV3T.s 			page 13


 685 0028 9A42     		cmp	r2, r3
 686 002a 04D3     		bcc	.L49
 687              	.L47:
 688              		.loc 3 367 3 is_stmt 1 discriminator 7 view .LVU203
 689              		.loc 3 371 3 view .LVU204
 690              	.LBB146:
 691              	.LBI146:
 692              		.loc 4 458 20 view .LVU205
 693              		.loc 4 461 3 view .LVU206
 694              	.LVL53:
 695              	.LBB147:
 696              	.LBI147:
 697              		.loc 5 544 57 view .LVU207
 698              	.LBB148:
 699              		.loc 5 546 3 view .LVU208
 700 002c 0023     		movs	r3, #0
 701              		.syntax unified
 702              	@ 546 "../RC_Controller/ChibiOS_3.0.5/os/ext/CMSIS/include/core_cmFunc.h" 1
 703 002e 83F31188 		MSR basepri, r3
 704              	@ 0 "" 2
 705              	.LVL54:
 706              		.loc 5 546 3 is_stmt 0 view .LVU209
 707              		.thumb
 708              		.syntax unified
 709              	.LBE148:
 710              	.LBE147:
 711              	.LBE146:
 712              	.LBE145:
 713              	.LBE144:
 714              		.loc 1 182 3 is_stmt 1 view .LVU210
 715              		.loc 1 183 1 is_stmt 0 view .LVU211
 716 0032 2046     		mov	r0, r4
 717 0034 10BD     		pop	{r4, pc}
 718              	.LVL55:
 719              	.L49:
 720              	.LBB153:
 721              	.LBB152:
 722              		.loc 3 367 3 is_stmt 1 discriminator 5 view .LVU212
 723 0036 0548     		ldr	r0, .L50+4
 724 0038 FFF7FEFF 		bl	chSysHalt
 725              	.LVL56:
 726              		.loc 3 367 3 discriminator 7 view .LVU213
 727              		.loc 3 371 3 view .LVU214
 728              	.LBB151:
 729              		.loc 4 458 20 view .LVU215
 730              		.loc 4 461 3 view .LVU216
 731              	.LBB150:
 732              		.loc 5 544 57 view .LVU217
 733              	.LBB149:
 734              		.loc 5 546 3 view .LVU218
 735 003c 0023     		movs	r3, #0
 736              		.syntax unified
 737              	@ 546 "../RC_Controller/ChibiOS_3.0.5/os/ext/CMSIS/include/core_cmFunc.h" 1
 738 003e 83F31188 		MSR basepri, r3
 739              	@ 0 "" 2
 740              	.LVL57:
 741              		.loc 5 546 3 is_stmt 0 view .LVU219
ARM GAS  /tmp/ccplaV3T.s 			page 14


 742              		.thumb
 743              		.syntax unified
 744              	.LBE149:
 745              	.LBE150:
 746              	.LBE151:
 747              	.LBE152:
 748              	.LBE153:
 749              		.loc 1 182 3 is_stmt 1 view .LVU220
 750              		.loc 1 183 1 is_stmt 0 view .LVU221
 751 0042 2046     		mov	r0, r4
 752 0044 10BD     		pop	{r4, pc}
 753              	.LVL58:
 754              	.L51:
 755              		.loc 1 183 1 view .LVU222
 756 0046 00BF     		.align	2
 757              	.L50:
 758 0048 00000000 		.word	ch
 759 004c 00000000 		.word	__func__.7
 760              		.cfi_endproc
 761              	.LFE189:
 762              		.size	chSemWait, .-chSemWait
 763              		.section	.text.chSemWaitTimeoutS,"ax",%progbits
 764              		.align	1
 765              		.p2align 4,,15
 766              		.global	chSemWaitTimeoutS
 767              		.syntax unified
 768              		.thumb
 769              		.thumb_func
 770              		.type	chSemWaitTimeoutS, %function
 771              	chSemWaitTimeoutS:
 772              	.LVL59:
 773              	.LFB192:
 774              		.loc 1 264 58 is_stmt 1 view -0
 775              		.cfi_startproc
 776              		@ args = 0, pretend = 0, frame = 0
 777              		@ frame_needed = 0, uses_anonymous_args = 0
 778              		.loc 1 266 3 view .LVU224
 779              		.loc 1 264 58 is_stmt 0 view .LVU225
 780 0000 38B5     		push	{r3, r4, r5, lr}
 781              		.cfi_def_cfa_offset 16
 782              		.cfi_offset 3, -16
 783              		.cfi_offset 4, -12
 784              		.cfi_offset 5, -8
 785              		.cfi_offset 14, -4
 786              		.loc 1 264 58 view .LVU226
 787 0002 0446     		mov	r4, r0
 788 0004 0D46     		mov	r5, r1
 789              		.loc 1 266 3 view .LVU227
 790 0006 FFF7FEFF 		bl	chDbgCheckClassS
 791              	.LVL60:
 792              		.loc 1 267 3 is_stmt 1 view .LVU228
 793              		.loc 1 267 3 view .LVU229
 794              		.loc 1 267 3 discriminator 1 view .LVU230
 795 000a 0CB3     		cbz	r4, .L62
 796              	.L53:
 797              		.loc 1 267 3 discriminator 5 view .LVU231
 798              		.loc 1 268 3 view .LVU232
ARM GAS  /tmp/ccplaV3T.s 			page 15


 799              		.loc 1 268 3 view .LVU233
 800              		.loc 1 268 3 discriminator 1 view .LVU234
 801 000c A368     		ldr	r3, [r4, #8]
 802              	.LBB154:
 803              	.LBB155:
 804              		.loc 2 618 20 is_stmt 0 view .LVU235
 805 000e 2268     		ldr	r2, [r4]
 806              	.LBE155:
 807              	.LBE154:
 808              		.loc 1 268 3 discriminator 1 view .LVU236
 809 0010 002B     		cmp	r3, #0
 810 0012 0CDB     		blt	.L54
 811              	.LVL61:
 812              	.LBB157:
 813              	.LBI154:
 814              		.loc 2 616 20 is_stmt 1 view .LVU237
 815              	.LBB156:
 816              		.loc 2 618 3 view .LVU238
 817              		.loc 2 618 3 is_stmt 0 view .LVU239
 818              	.LBE156:
 819              	.LBE157:
 820              		.loc 1 268 3 discriminator 1 view .LVU240
 821 0014 9442     		cmp	r4, r2
 822 0016 03D0     		beq	.L56
 823              	.L55:
 824              		.loc 1 268 3 is_stmt 1 discriminator 9 view .LVU241
 825 0018 1148     		ldr	r0, .L64
 826 001a FFF7FEFF 		bl	chSysHalt
 827              	.LVL62:
 828              		.loc 1 272 11 is_stmt 0 view .LVU242
 829 001e A368     		ldr	r3, [r4, #8]
 830              	.L56:
 831              		.loc 1 268 3 is_stmt 1 discriminator 11 view .LVU243
 832              		.loc 1 272 3 view .LVU244
 833              		.loc 1 272 7 is_stmt 0 view .LVU245
 834 0020 5A1E     		subs	r2, r3, #1
 835              		.loc 1 272 6 view .LVU246
 836 0022 002A     		cmp	r2, #0
 837 0024 A260     		str	r2, [r4, #8]
 838              		.loc 1 284 10 view .LVU247
 839 0026 A8BF     		it	ge
 840 0028 0020     		movge	r0, #0
 841              		.loc 1 272 6 view .LVU248
 842 002a 04DB     		blt	.L57
 843              		.loc 1 285 1 view .LVU249
 844 002c 38BD     		pop	{r3, r4, r5, pc}
 845              	.LVL63:
 846              	.L54:
 847              		.loc 1 268 3 discriminator 1 view .LVU250
 848 002e 9442     		cmp	r4, r2
 849 0030 F2D0     		beq	.L55
 850              		.loc 1 268 3 is_stmt 1 discriminator 11 view .LVU251
 851              		.loc 1 272 3 view .LVU252
 852              		.loc 1 272 7 is_stmt 0 view .LVU253
 853 0032 5A1E     		subs	r2, r3, #1
 854              		.loc 1 272 6 view .LVU254
 855 0034 A260     		str	r2, [r4, #8]
ARM GAS  /tmp/ccplaV3T.s 			page 16


 856              	.L57:
 857              		.loc 1 273 5 is_stmt 1 view .LVU255
 858              		.loc 1 273 8 is_stmt 0 view .LVU256
 859 0036 7DB1     		cbz	r5, .L63
 860              		.loc 1 278 5 is_stmt 1 view .LVU257
 861 0038 0A4B     		ldr	r3, .L64+4
 862 003a 9869     		ldr	r0, [r3, #24]
 863              		.loc 1 279 5 is_stmt 0 view .LVU258
 864 003c 2146     		mov	r1, r4
 865              		.loc 1 278 23 view .LVU259
 866 003e 0462     		str	r4, [r0, #32]
 867              		.loc 1 279 5 is_stmt 1 view .LVU260
 868 0040 FFF7FEFF 		bl	queue_insert
 869              	.LVL64:
 870              		.loc 1 281 5 view .LVU261
 871              		.loc 1 281 12 is_stmt 0 view .LVU262
 872 0044 2946     		mov	r1, r5
 873 0046 0520     		movs	r0, #5
 874              		.loc 1 285 1 view .LVU263
 875 0048 BDE83840 		pop	{r3, r4, r5, lr}
 876              		.cfi_remember_state
 877              		.cfi_restore 14
 878              		.cfi_restore 5
 879              		.cfi_restore 4
 880              		.cfi_restore 3
 881              		.cfi_def_cfa_offset 0
 882              	.LVL65:
 883              		.loc 1 281 12 view .LVU264
 884 004c FFF7FEBF 		b	chSchGoSleepTimeoutS
 885              	.LVL66:
 886              	.L62:
 887              		.cfi_restore_state
 888              		.loc 1 267 3 is_stmt 1 discriminator 3 view .LVU265
 889 0050 0348     		ldr	r0, .L64
 890 0052 FFF7FEFF 		bl	chSysHalt
 891              	.LVL67:
 892 0056 D9E7     		b	.L53
 893              	.L63:
 894              		.loc 1 274 7 view .LVU266
 895              		.loc 1 274 16 is_stmt 0 view .LVU267
 896 0058 A360     		str	r3, [r4, #8]
 897              		.loc 1 276 7 is_stmt 1 view .LVU268
 898              		.loc 1 276 14 is_stmt 0 view .LVU269
 899 005a 4FF0FF30 		mov	r0, #-1
 900              		.loc 1 285 1 view .LVU270
 901 005e 38BD     		pop	{r3, r4, r5, pc}
 902              	.LVL68:
 903              	.L65:
 904              		.loc 1 285 1 view .LVU271
 905              		.align	2
 906              	.L64:
 907 0060 00000000 		.word	__func__.4
 908 0064 00000000 		.word	ch
 909              		.cfi_endproc
 910              	.LFE192:
 911              		.size	chSemWaitTimeoutS, .-chSemWaitTimeoutS
 912              		.section	.text.chSemWaitTimeout,"ax",%progbits
ARM GAS  /tmp/ccplaV3T.s 			page 17


 913              		.align	1
 914              		.p2align 4,,15
 915              		.global	chSemWaitTimeout
 916              		.syntax unified
 917              		.thumb
 918              		.thumb_func
 919              		.type	chSemWaitTimeout, %function
 920              	chSemWaitTimeout:
 921              	.LVL69:
 922              	.LFB191:
 923              		.loc 1 235 57 is_stmt 1 view -0
 924              		.cfi_startproc
 925              		@ args = 0, pretend = 0, frame = 0
 926              		@ frame_needed = 0, uses_anonymous_args = 0
 927              		.loc 1 236 3 view .LVU273
 928              		.loc 1 238 3 view .LVU274
 929              	.LBB168:
 930              	.LBI168:
 931              		.loc 3 346 20 view .LVU275
 932              	.LBB169:
 933              		.loc 3 348 3 view .LVU276
 934              	.LBB170:
 935              	.LBI170:
 936              		.loc 4 444 20 view .LVU277
 937              		.loc 4 447 3 view .LVU278
 938              	.LBB171:
 939              	.LBI171:
 940              		.loc 5 544 57 view .LVU279
 941              	.LBB172:
 942              		.loc 5 546 3 view .LVU280
 943              	.LBE172:
 944              	.LBE171:
 945              	.LBE170:
 946              	.LBE169:
 947              	.LBE168:
 948              		.loc 1 235 57 is_stmt 0 view .LVU281
 949 0000 38B5     		push	{r3, r4, r5, lr}
 950              		.cfi_def_cfa_offset 16
 951              		.cfi_offset 3, -16
 952              		.cfi_offset 4, -12
 953              		.cfi_offset 5, -8
 954              		.cfi_offset 14, -4
 955              		.loc 1 235 57 view .LVU282
 956 0002 0446     		mov	r4, r0
 957 0004 0D46     		mov	r5, r1
 958              	.LBB177:
 959              	.LBB176:
 960              	.LBB175:
 961              	.LBB174:
 962              	.LBB173:
 963              		.loc 5 546 3 view .LVU283
 964 0006 2023     		movs	r3, #32
 965              		.syntax unified
 966              	@ 546 "../RC_Controller/ChibiOS_3.0.5/os/ext/CMSIS/include/core_cmFunc.h" 1
 967 0008 83F31188 		MSR basepri, r3
 968              	@ 0 "" 2
 969              	.LVL70:
ARM GAS  /tmp/ccplaV3T.s 			page 18


 970              		.loc 5 546 3 view .LVU284
 971              		.thumb
 972              		.syntax unified
 973              	.LBE173:
 974              	.LBE174:
 975              	.LBE175:
 976              		.loc 3 349 34 is_stmt 1 view .LVU285
 977              		.loc 3 350 3 view .LVU286
 978 000c FFF7FEFF 		bl	_dbg_check_lock
 979              	.LVL71:
 980              		.loc 3 350 3 is_stmt 0 view .LVU287
 981              	.LBE176:
 982              	.LBE177:
 983              		.loc 1 239 3 is_stmt 1 view .LVU288
 984              		.loc 1 239 9 is_stmt 0 view .LVU289
 985 0010 2946     		mov	r1, r5
 986 0012 2046     		mov	r0, r4
 987 0014 FFF7FEFF 		bl	chSemWaitTimeoutS
 988              	.LVL72:
 989 0018 0446     		mov	r4, r0
 990              	.LVL73:
 991              		.loc 1 240 3 is_stmt 1 view .LVU290
 992              	.LBB178:
 993              	.LBI178:
 994              		.loc 3 358 20 view .LVU291
 995              	.LBB179:
 996              		.loc 3 360 3 view .LVU292
 997 001a FFF7FEFF 		bl	_dbg_check_unlock
 998              	.LVL74:
 999              		.loc 3 361 33 view .LVU293
 1000              		.loc 3 367 3 view .LVU294
 1001              		.loc 3 367 3 view .LVU295
 1002              		.loc 3 367 3 discriminator 1 view .LVU296
 1003 001e 0B4B     		ldr	r3, .L70
 1004 0020 1A68     		ldr	r2, [r3]
 1005 0022 9A42     		cmp	r2, r3
 1006 0024 04D0     		beq	.L67
 1007              		.loc 3 367 3 is_stmt 0 discriminator 3 view .LVU297
 1008 0026 9969     		ldr	r1, [r3, #24]
 1009 0028 9368     		ldr	r3, [r2, #8]
 1010 002a 8A68     		ldr	r2, [r1, #8]
 1011 002c 9A42     		cmp	r2, r3
 1012 002e 04D3     		bcc	.L69
 1013              	.L67:
 1014              		.loc 3 367 3 is_stmt 1 discriminator 7 view .LVU298
 1015              		.loc 3 371 3 view .LVU299
 1016              	.LBB180:
 1017              	.LBI180:
 1018              		.loc 4 458 20 view .LVU300
 1019              		.loc 4 461 3 view .LVU301
 1020              	.LVL75:
 1021              	.LBB181:
 1022              	.LBI181:
 1023              		.loc 5 544 57 view .LVU302
 1024              	.LBB182:
 1025              		.loc 5 546 3 view .LVU303
 1026 0030 0023     		movs	r3, #0
ARM GAS  /tmp/ccplaV3T.s 			page 19


 1027              		.syntax unified
 1028              	@ 546 "../RC_Controller/ChibiOS_3.0.5/os/ext/CMSIS/include/core_cmFunc.h" 1
 1029 0032 83F31188 		MSR basepri, r3
 1030              	@ 0 "" 2
 1031              	.LVL76:
 1032              		.loc 5 546 3 is_stmt 0 view .LVU304
 1033              		.thumb
 1034              		.syntax unified
 1035              	.LBE182:
 1036              	.LBE181:
 1037              	.LBE180:
 1038              	.LBE179:
 1039              	.LBE178:
 1040              		.loc 1 242 3 is_stmt 1 view .LVU305
 1041              		.loc 1 243 1 is_stmt 0 view .LVU306
 1042 0036 2046     		mov	r0, r4
 1043 0038 38BD     		pop	{r3, r4, r5, pc}
 1044              	.LVL77:
 1045              	.L69:
 1046              	.LBB187:
 1047              	.LBB186:
 1048              		.loc 3 367 3 is_stmt 1 discriminator 5 view .LVU307
 1049 003a 0548     		ldr	r0, .L70+4
 1050 003c FFF7FEFF 		bl	chSysHalt
 1051              	.LVL78:
 1052              		.loc 3 367 3 discriminator 7 view .LVU308
 1053              		.loc 3 371 3 view .LVU309
 1054              	.LBB185:
 1055              		.loc 4 458 20 view .LVU310
 1056              		.loc 4 461 3 view .LVU311
 1057              	.LBB184:
 1058              		.loc 5 544 57 view .LVU312
 1059              	.LBB183:
 1060              		.loc 5 546 3 view .LVU313
 1061 0040 0023     		movs	r3, #0
 1062              		.syntax unified
 1063              	@ 546 "../RC_Controller/ChibiOS_3.0.5/os/ext/CMSIS/include/core_cmFunc.h" 1
 1064 0042 83F31188 		MSR basepri, r3
 1065              	@ 0 "" 2
 1066              	.LVL79:
 1067              		.loc 5 546 3 is_stmt 0 view .LVU314
 1068              		.thumb
 1069              		.syntax unified
 1070              	.LBE183:
 1071              	.LBE184:
 1072              	.LBE185:
 1073              	.LBE186:
 1074              	.LBE187:
 1075              		.loc 1 242 3 is_stmt 1 view .LVU315
 1076              		.loc 1 243 1 is_stmt 0 view .LVU316
 1077 0046 2046     		mov	r0, r4
 1078 0048 38BD     		pop	{r3, r4, r5, pc}
 1079              	.LVL80:
 1080              	.L71:
 1081              		.loc 1 243 1 view .LVU317
 1082 004a 00BF     		.align	2
 1083              	.L70:
ARM GAS  /tmp/ccplaV3T.s 			page 20


 1084 004c 00000000 		.word	ch
 1085 0050 00000000 		.word	__func__.7
 1086              		.cfi_endproc
 1087              	.LFE191:
 1088              		.size	chSemWaitTimeout, .-chSemWaitTimeout
 1089              		.section	.text.chSemSignal,"ax",%progbits
 1090              		.align	1
 1091              		.p2align 4,,15
 1092              		.global	chSemSignal
 1093              		.syntax unified
 1094              		.thumb
 1095              		.thumb_func
 1096              		.type	chSemSignal, %function
 1097              	chSemSignal:
 1098              	.LVL81:
 1099              	.LFB193:
 1100              		.loc 1 294 35 is_stmt 1 view -0
 1101              		.cfi_startproc
 1102              		@ args = 0, pretend = 0, frame = 0
 1103              		@ frame_needed = 0, uses_anonymous_args = 0
 1104              		.loc 1 296 3 view .LVU319
 1105              		.loc 1 296 3 view .LVU320
 1106              		.loc 1 296 3 discriminator 1 view .LVU321
 1107              		.loc 1 294 35 is_stmt 0 view .LVU322
 1108 0000 10B5     		push	{r4, lr}
 1109              		.cfi_def_cfa_offset 8
 1110              		.cfi_offset 4, -8
 1111              		.cfi_offset 14, -4
 1112              		.loc 1 296 3 discriminator 1 view .LVU323
 1113 0002 0446     		mov	r4, r0
 1114 0004 90B3     		cbz	r0, .L80
 1115              	.LVL82:
 1116              	.L73:
 1117              		.loc 1 296 3 is_stmt 1 discriminator 5 view .LVU324
 1118              		.loc 1 297 3 view .LVU325
 1119              		.loc 1 297 3 view .LVU326
 1120              		.loc 1 297 3 discriminator 1 view .LVU327
 1121 0006 A268     		ldr	r2, [r4, #8]
 1122              	.LBB202:
 1123              	.LBB203:
 1124              		.loc 2 618 20 is_stmt 0 view .LVU328
 1125 0008 2368     		ldr	r3, [r4]
 1126              	.LBE203:
 1127              	.LBE202:
 1128              		.loc 1 297 3 discriminator 1 view .LVU329
 1129 000a 002A     		cmp	r2, #0
 1130 000c 24DB     		blt	.L74
 1131              	.LVL83:
 1132              	.LBB205:
 1133              	.LBI202:
 1134              		.loc 2 616 20 is_stmt 1 view .LVU330
 1135              	.LBB204:
 1136              		.loc 2 618 3 view .LVU331
 1137              		.loc 2 618 3 is_stmt 0 view .LVU332
 1138              	.LBE204:
 1139              	.LBE205:
 1140              		.loc 1 297 3 discriminator 1 view .LVU333
ARM GAS  /tmp/ccplaV3T.s 			page 21


 1141 000e 9C42     		cmp	r4, r3
 1142 0010 02D0     		beq	.L76
 1143              	.L75:
 1144              		.loc 1 297 3 is_stmt 1 discriminator 9 view .LVU334
 1145 0012 1848     		ldr	r0, .L83
 1146 0014 FFF7FEFF 		bl	chSysHalt
 1147              	.LVL84:
 1148              	.L76:
 1149              		.loc 1 297 3 discriminator 11 view .LVU335
 1150              		.loc 1 301 3 view .LVU336
 1151              	.LBB206:
 1152              	.LBI206:
 1153              		.loc 3 346 20 view .LVU337
 1154              	.LBB207:
 1155              		.loc 3 348 3 view .LVU338
 1156              	.LBB208:
 1157              	.LBI208:
 1158              		.loc 4 444 20 view .LVU339
 1159              		.loc 4 447 3 view .LVU340
 1160              	.LBB209:
 1161              	.LBI209:
 1162              		.loc 5 544 57 view .LVU341
 1163              	.LBB210:
 1164              		.loc 5 546 3 view .LVU342
 1165 0018 2023     		movs	r3, #32
 1166              		.syntax unified
 1167              	@ 546 "../RC_Controller/ChibiOS_3.0.5/os/ext/CMSIS/include/core_cmFunc.h" 1
 1168 001a 83F31188 		MSR basepri, r3
 1169              	@ 0 "" 2
 1170              	.LVL85:
 1171              		.loc 5 546 3 is_stmt 0 view .LVU343
 1172              		.thumb
 1173              		.syntax unified
 1174              	.LBE210:
 1175              	.LBE209:
 1176              	.LBE208:
 1177              		.loc 3 349 34 is_stmt 1 view .LVU344
 1178              		.loc 3 350 3 view .LVU345
 1179 001e FFF7FEFF 		bl	_dbg_check_lock
 1180              	.LVL86:
 1181              	.LBE207:
 1182              	.LBE206:
 1183              		.loc 1 302 3 view .LVU346
 1184              		.loc 1 302 7 is_stmt 0 view .LVU347
 1185 0022 A368     		ldr	r3, [r4, #8]
 1186 0024 0133     		adds	r3, r3, #1
 1187              		.loc 1 302 6 view .LVU348
 1188 0026 002B     		cmp	r3, #0
 1189 0028 A360     		str	r3, [r4, #8]
 1190 002a 18DD     		ble	.L81
 1191              	.L77:
 1192              		.loc 1 305 3 is_stmt 1 view .LVU349
 1193              	.LBB211:
 1194              	.LBI211:
 1195              		.loc 3 358 20 view .LVU350
 1196              	.LBB212:
 1197              		.loc 3 360 3 view .LVU351
ARM GAS  /tmp/ccplaV3T.s 			page 22


 1198 002c FFF7FEFF 		bl	_dbg_check_unlock
 1199              	.LVL87:
 1200              		.loc 3 361 33 view .LVU352
 1201              		.loc 3 367 3 view .LVU353
 1202              		.loc 3 367 3 view .LVU354
 1203              		.loc 3 367 3 discriminator 1 view .LVU355
 1204 0030 114B     		ldr	r3, .L83+4
 1205 0032 1A68     		ldr	r2, [r3]
 1206 0034 9A42     		cmp	r2, r3
 1207 0036 04D0     		beq	.L78
 1208              		.loc 3 367 3 is_stmt 0 discriminator 3 view .LVU356
 1209 0038 9969     		ldr	r1, [r3, #24]
 1210 003a 9368     		ldr	r3, [r2, #8]
 1211 003c 8A68     		ldr	r2, [r1, #8]
 1212 003e 9A42     		cmp	r2, r3
 1213 0040 03D3     		bcc	.L82
 1214              	.L78:
 1215              		.loc 3 367 3 is_stmt 1 discriminator 7 view .LVU357
 1216              		.loc 3 371 3 view .LVU358
 1217              	.LBB213:
 1218              	.LBI213:
 1219              		.loc 4 458 20 view .LVU359
 1220              		.loc 4 461 3 view .LVU360
 1221              	.LVL88:
 1222              	.LBB214:
 1223              	.LBI214:
 1224              		.loc 5 544 57 view .LVU361
 1225              	.LBB215:
 1226              		.loc 5 546 3 view .LVU362
 1227 0042 0023     		movs	r3, #0
 1228              		.syntax unified
 1229              	@ 546 "../RC_Controller/ChibiOS_3.0.5/os/ext/CMSIS/include/core_cmFunc.h" 1
 1230 0044 83F31188 		MSR basepri, r3
 1231              	@ 0 "" 2
 1232              	.LVL89:
 1233              		.loc 5 546 3 is_stmt 0 view .LVU363
 1234              		.thumb
 1235              		.syntax unified
 1236              	.LBE215:
 1237              	.LBE214:
 1238              	.LBE213:
 1239              	.LBE212:
 1240              	.LBE211:
 1241              		.loc 1 306 1 view .LVU364
 1242 0048 10BD     		pop	{r4, pc}
 1243              	.LVL90:
 1244              	.L82:
 1245              	.LBB220:
 1246              	.LBB219:
 1247              		.loc 3 367 3 is_stmt 1 discriminator 5 view .LVU365
 1248 004a 0C48     		ldr	r0, .L83+8
 1249 004c FFF7FEFF 		bl	chSysHalt
 1250              	.LVL91:
 1251              		.loc 3 367 3 discriminator 7 view .LVU366
 1252              		.loc 3 371 3 view .LVU367
 1253              	.LBB218:
 1254              		.loc 4 458 20 view .LVU368
ARM GAS  /tmp/ccplaV3T.s 			page 23


 1255              		.loc 4 461 3 view .LVU369
 1256              	.LBB217:
 1257              		.loc 5 544 57 view .LVU370
 1258              	.LBB216:
 1259              		.loc 5 546 3 view .LVU371
 1260 0050 0023     		movs	r3, #0
 1261              		.syntax unified
 1262              	@ 546 "../RC_Controller/ChibiOS_3.0.5/os/ext/CMSIS/include/core_cmFunc.h" 1
 1263 0052 83F31188 		MSR basepri, r3
 1264              	@ 0 "" 2
 1265              	.LVL92:
 1266              		.loc 5 546 3 is_stmt 0 view .LVU372
 1267              		.thumb
 1268              		.syntax unified
 1269              	.LBE216:
 1270              	.LBE217:
 1271              	.LBE218:
 1272              	.LBE219:
 1273              	.LBE220:
 1274              		.loc 1 306 1 view .LVU373
 1275 0056 10BD     		pop	{r4, pc}
 1276              	.LVL93:
 1277              	.L74:
 1278              		.loc 1 297 3 discriminator 1 view .LVU374
 1279 0058 9C42     		cmp	r4, r3
 1280 005a DDD1     		bne	.L76
 1281 005c D9E7     		b	.L75
 1282              	.L81:
 1283              		.loc 1 303 5 is_stmt 1 view .LVU375
 1284 005e 2046     		mov	r0, r4
 1285 0060 FFF7FEFF 		bl	queue_fifo_remove
 1286              	.LVL94:
 1287              		.loc 1 303 5 is_stmt 0 discriminator 1 view .LVU376
 1288 0064 0021     		movs	r1, #0
 1289 0066 FFF7FEFF 		bl	chSchWakeupS
 1290              	.LVL95:
 1291 006a DFE7     		b	.L77
 1292              	.LVL96:
 1293              	.L80:
 1294              		.loc 1 296 3 is_stmt 1 discriminator 3 view .LVU377
 1295 006c 0148     		ldr	r0, .L83
 1296              	.LVL97:
 1297              		.loc 1 296 3 is_stmt 0 discriminator 3 view .LVU378
 1298 006e FFF7FEFF 		bl	chSysHalt
 1299              	.LVL98:
 1300 0072 C8E7     		b	.L73
 1301              	.L84:
 1302              		.align	2
 1303              	.L83:
 1304 0074 00000000 		.word	__func__.3
 1305 0078 00000000 		.word	ch
 1306 007c 00000000 		.word	__func__.7
 1307              		.cfi_endproc
 1308              	.LFE193:
 1309              		.size	chSemSignal, .-chSemSignal
 1310              		.section	.text.chSemSignalI,"ax",%progbits
 1311              		.align	1
ARM GAS  /tmp/ccplaV3T.s 			page 24


 1312              		.p2align 4,,15
 1313              		.global	chSemSignalI
 1314              		.syntax unified
 1315              		.thumb
 1316              		.thumb_func
 1317              		.type	chSemSignalI, %function
 1318              	chSemSignalI:
 1319              	.LVL99:
 1320              	.LFB194:
 1321              		.loc 1 319 36 is_stmt 1 view -0
 1322              		.cfi_startproc
 1323              		@ args = 0, pretend = 0, frame = 0
 1324              		@ frame_needed = 0, uses_anonymous_args = 0
 1325              		.loc 1 321 3 view .LVU380
 1326              		.loc 1 319 36 is_stmt 0 view .LVU381
 1327 0000 10B5     		push	{r4, lr}
 1328              		.cfi_def_cfa_offset 8
 1329              		.cfi_offset 4, -8
 1330              		.cfi_offset 14, -4
 1331              		.loc 1 319 36 view .LVU382
 1332 0002 0446     		mov	r4, r0
 1333              		.loc 1 321 3 view .LVU383
 1334 0004 FFF7FEFF 		bl	chDbgCheckClassI
 1335              	.LVL100:
 1336              		.loc 1 322 3 is_stmt 1 view .LVU384
 1337              		.loc 1 322 3 view .LVU385
 1338              		.loc 1 322 3 discriminator 1 view .LVU386
 1339 0008 F4B1     		cbz	r4, .L92
 1340              	.L86:
 1341              		.loc 1 322 3 discriminator 5 view .LVU387
 1342              		.loc 1 323 3 view .LVU388
 1343              		.loc 1 323 3 view .LVU389
 1344              		.loc 1 323 3 discriminator 1 view .LVU390
 1345 000a A368     		ldr	r3, [r4, #8]
 1346              	.LBB221:
 1347              	.LBB222:
 1348              		.loc 2 618 20 is_stmt 0 view .LVU391
 1349 000c 2268     		ldr	r2, [r4]
 1350              	.LBE222:
 1351              	.LBE221:
 1352              		.loc 1 323 3 discriminator 1 view .LVU392
 1353 000e 002B     		cmp	r3, #0
 1354 0010 0ADB     		blt	.L87
 1355              	.LVL101:
 1356              	.LBB224:
 1357              	.LBI221:
 1358              		.loc 2 616 20 is_stmt 1 view .LVU393
 1359              	.LBB223:
 1360              		.loc 2 618 3 view .LVU394
 1361              		.loc 2 618 3 is_stmt 0 view .LVU395
 1362              	.LBE223:
 1363              	.LBE224:
 1364              		.loc 1 323 3 discriminator 1 view .LVU396
 1365 0012 9442     		cmp	r4, r2
 1366 0014 15D0     		beq	.L93
 1367              	.L88:
 1368              		.loc 1 323 3 is_stmt 1 discriminator 9 view .LVU397
ARM GAS  /tmp/ccplaV3T.s 			page 25


 1369 0016 0E48     		ldr	r0, .L94
 1370 0018 FFF7FEFF 		bl	chSysHalt
 1371              	.LVL102:
 1372              		.loc 1 323 3 discriminator 11 view .LVU398
 1373              		.loc 1 327 3 view .LVU399
 1374              		.loc 1 327 7 is_stmt 0 view .LVU400
 1375 001c A368     		ldr	r3, [r4, #8]
 1376 001e 0133     		adds	r3, r3, #1
 1377              		.loc 1 327 6 view .LVU401
 1378 0020 002B     		cmp	r3, #0
 1379 0022 A360     		str	r3, [r4, #8]
 1380 0024 04DD     		ble	.L90
 1381              		.loc 1 334 1 view .LVU402
 1382 0026 10BD     		pop	{r4, pc}
 1383              	.LVL103:
 1384              	.L87:
 1385              		.loc 1 323 3 discriminator 1 view .LVU403
 1386 0028 A242     		cmp	r2, r4
 1387 002a F4D0     		beq	.L88
 1388              		.loc 1 323 3 is_stmt 1 discriminator 11 view .LVU404
 1389              		.loc 1 327 3 view .LVU405
 1390              		.loc 1 327 7 is_stmt 0 view .LVU406
 1391 002c 0133     		adds	r3, r3, #1
 1392              		.loc 1 327 6 view .LVU407
 1393 002e A360     		str	r3, [r4, #8]
 1394              	.L90:
 1395              	.LBB225:
 1396              		.loc 1 330 5 is_stmt 1 view .LVU408
 1397              		.loc 1 330 20 is_stmt 0 view .LVU409
 1398 0030 2046     		mov	r0, r4
 1399 0032 FFF7FEFF 		bl	queue_fifo_remove
 1400              	.LVL104:
 1401              		.loc 1 331 5 is_stmt 1 view .LVU410
 1402              		.loc 1 331 20 is_stmt 0 view .LVU411
 1403 0036 0022     		movs	r2, #0
 1404              	.LBE225:
 1405              		.loc 1 334 1 view .LVU412
 1406 0038 BDE81040 		pop	{r4, lr}
 1407              		.cfi_remember_state
 1408              		.cfi_restore 14
 1409              		.cfi_restore 4
 1410              		.cfi_def_cfa_offset 0
 1411              	.LVL105:
 1412              	.LBB226:
 1413              		.loc 1 331 20 view .LVU413
 1414 003c 0262     		str	r2, [r0, #32]
 1415              		.loc 1 332 5 is_stmt 1 view .LVU414
 1416              		.loc 1 332 12 is_stmt 0 view .LVU415
 1417 003e FFF7FEBF 		b	chSchReadyI
 1418              	.LVL106:
 1419              	.L93:
 1420              		.cfi_restore_state
 1421              		.loc 1 332 12 view .LVU416
 1422              	.LBE226:
 1423              		.loc 1 323 3 is_stmt 1 discriminator 11 view .LVU417
 1424              		.loc 1 327 3 view .LVU418
 1425              		.loc 1 327 7 is_stmt 0 view .LVU419
ARM GAS  /tmp/ccplaV3T.s 			page 26


 1426 0042 0133     		adds	r3, r3, #1
 1427              		.loc 1 327 6 view .LVU420
 1428 0044 A360     		str	r3, [r4, #8]
 1429              		.loc 1 334 1 view .LVU421
 1430 0046 10BD     		pop	{r4, pc}
 1431              	.LVL107:
 1432              	.L92:
 1433              		.loc 1 322 3 is_stmt 1 discriminator 3 view .LVU422
 1434 0048 0148     		ldr	r0, .L94
 1435 004a FFF7FEFF 		bl	chSysHalt
 1436              	.LVL108:
 1437 004e DCE7     		b	.L86
 1438              	.L95:
 1439              		.align	2
 1440              	.L94:
 1441 0050 00000000 		.word	__func__.2
 1442              		.cfi_endproc
 1443              	.LFE194:
 1444              		.size	chSemSignalI, .-chSemSignalI
 1445              		.section	.text.chSemAddCounterI,"ax",%progbits
 1446              		.align	1
 1447              		.p2align 4,,15
 1448              		.global	chSemAddCounterI
 1449              		.syntax unified
 1450              		.thumb
 1451              		.thumb_func
 1452              		.type	chSemAddCounterI, %function
 1453              	chSemAddCounterI:
 1454              	.LVL109:
 1455              	.LFB195:
 1456              		.loc 1 349 49 view -0
 1457              		.cfi_startproc
 1458              		@ args = 0, pretend = 0, frame = 0
 1459              		@ frame_needed = 0, uses_anonymous_args = 0
 1460              		.loc 1 351 3 view .LVU424
 1461              		.loc 1 349 49 is_stmt 0 view .LVU425
 1462 0000 70B5     		push	{r4, r5, r6, lr}
 1463              		.cfi_def_cfa_offset 16
 1464              		.cfi_offset 4, -16
 1465              		.cfi_offset 5, -12
 1466              		.cfi_offset 6, -8
 1467              		.cfi_offset 14, -4
 1468              		.loc 1 349 49 view .LVU426
 1469 0002 0546     		mov	r5, r0
 1470 0004 0C46     		mov	r4, r1
 1471              		.loc 1 351 3 view .LVU427
 1472 0006 FFF7FEFF 		bl	chDbgCheckClassI
 1473              	.LVL110:
 1474              		.loc 1 352 3 is_stmt 1 view .LVU428
 1475              		.loc 1 352 3 view .LVU429
 1476              		.loc 1 352 3 discriminator 1 view .LVU430
 1477 000a EDB1     		cbz	r5, .L97
 1478              		.loc 1 352 3 is_stmt 0 discriminator 4 view .LVU431
 1479 000c 002C     		cmp	r4, #0
 1480 000e 1BDD     		ble	.L97
 1481              		.loc 1 352 3 is_stmt 1 discriminator 7 view .LVU432
 1482              		.loc 1 353 3 view .LVU433
ARM GAS  /tmp/ccplaV3T.s 			page 27


 1483              		.loc 1 353 3 view .LVU434
 1484              		.loc 1 353 3 discriminator 1 view .LVU435
 1485 0010 AB68     		ldr	r3, [r5, #8]
 1486              	.LBB227:
 1487              	.LBB228:
 1488              		.loc 2 618 20 is_stmt 0 view .LVU436
 1489 0012 2A68     		ldr	r2, [r5]
 1490              	.LBE228:
 1491              	.LBE227:
 1492              		.loc 1 353 3 discriminator 1 view .LVU437
 1493 0014 002B     		cmp	r3, #0
 1494 0016 29DB     		blt	.L98
 1495              	.LVL111:
 1496              	.LBB231:
 1497              	.LBI227:
 1498              		.loc 2 616 20 is_stmt 1 view .LVU438
 1499              	.LBB229:
 1500              		.loc 2 618 3 view .LVU439
 1501              		.loc 2 618 3 is_stmt 0 view .LVU440
 1502              	.LBE229:
 1503              	.LBE231:
 1504              		.loc 1 353 3 discriminator 1 view .LVU441
 1505 0018 AA42     		cmp	r2, r5
 1506 001a 03D0     		beq	.L99
 1507              	.L104:
 1508              		.loc 1 353 3 is_stmt 1 discriminator 9 view .LVU442
 1509 001c 1548     		ldr	r0, .L117
 1510 001e FFF7FEFF 		bl	chSysHalt
 1511              	.LVL112:
 1512              		.loc 1 357 12 view .LVU443
 1513              	.L100:
 1514              		.loc 1 358 13 is_stmt 0 view .LVU444
 1515 0022 AB68     		ldr	r3, [r5, #8]
 1516              	.L99:
 1517              	.LVL113:
 1518              		.loc 1 359 64 discriminator 2 view .LVU445
 1519 0024 0026     		movs	r6, #0
 1520 0026 02E0     		b	.L107
 1521              	.LVL114:
 1522              	.L106:
 1523              		.loc 1 361 5 is_stmt 1 view .LVU446
 1524              		.loc 1 357 12 view .LVU447
 1525 0028 013C     		subs	r4, r4, #1
 1526              	.LVL115:
 1527              		.loc 1 357 12 is_stmt 0 view .LVU448
 1528 002a 0CD0     		beq	.L96
 1529              	.LVL116:
 1530              	.L116:
 1531              		.loc 1 358 13 view .LVU449
 1532 002c AB68     		ldr	r3, [r5, #8]
 1533              	.L107:
 1534              	.LVL117:
 1535              		.loc 1 358 5 is_stmt 1 view .LVU450
 1536              		.loc 1 358 9 is_stmt 0 view .LVU451
 1537 002e 0133     		adds	r3, r3, #1
 1538              		.loc 1 358 8 view .LVU452
 1539 0030 002B     		cmp	r3, #0
ARM GAS  /tmp/ccplaV3T.s 			page 28


 1540 0032 AB60     		str	r3, [r5, #8]
 1541 0034 F8DC     		bgt	.L106
 1542              		.loc 1 359 7 is_stmt 1 view .LVU453
 1543 0036 2846     		mov	r0, r5
 1544 0038 FFF7FEFF 		bl	queue_fifo_remove
 1545              	.LVL118:
 1546              		.loc 1 359 7 is_stmt 0 discriminator 1 view .LVU454
 1547 003c FFF7FEFF 		bl	chSchReadyI
 1548              	.LVL119:
 1549              		.loc 1 357 12 view .LVU455
 1550 0040 013C     		subs	r4, r4, #1
 1551              	.LVL120:
 1552              		.loc 1 359 64 discriminator 2 view .LVU456
 1553 0042 0662     		str	r6, [r0, #32]
 1554              		.loc 1 361 5 is_stmt 1 view .LVU457
 1555              	.LVL121:
 1556              		.loc 1 357 12 view .LVU458
 1557 0044 F2D1     		bne	.L116
 1558              	.L96:
 1559              		.loc 1 363 1 is_stmt 0 view .LVU459
 1560 0046 70BD     		pop	{r4, r5, r6, pc}
 1561              	.LVL122:
 1562              	.L97:
 1563              		.loc 1 352 3 is_stmt 1 discriminator 5 view .LVU460
 1564 0048 0A48     		ldr	r0, .L117
 1565 004a FFF7FEFF 		bl	chSysHalt
 1566              	.LVL123:
 1567              		.loc 1 352 3 discriminator 7 view .LVU461
 1568              		.loc 1 353 3 view .LVU462
 1569              		.loc 1 353 3 view .LVU463
 1570              		.loc 1 353 3 discriminator 1 view .LVU464
 1571 004e AB68     		ldr	r3, [r5, #8]
 1572 0050 002B     		cmp	r3, #0
 1573 0052 2B68     		ldr	r3, [r5]
 1574 0054 07DB     		blt	.L102
 1575              	.LVL124:
 1576              	.LBB232:
 1577              		.loc 2 616 20 view .LVU465
 1578              	.LBB230:
 1579              		.loc 2 618 3 view .LVU466
 1580              		.loc 2 618 3 is_stmt 0 view .LVU467
 1581              	.LBE230:
 1582              	.LBE232:
 1583              		.loc 1 353 3 discriminator 1 view .LVU468
 1584 0056 9D42     		cmp	r5, r3
 1585 0058 02D0     		beq	.L101
 1586              	.L103:
 1587              		.loc 1 353 3 is_stmt 1 discriminator 9 view .LVU469
 1588 005a 0648     		ldr	r0, .L117
 1589 005c FFF7FEFF 		bl	chSysHalt
 1590              	.LVL125:
 1591              	.L101:
 1592              		.loc 1 357 12 view .LVU470
 1593 0060 002C     		cmp	r4, #0
 1594 0062 DEDC     		bgt	.L100
 1595              		.loc 1 363 1 is_stmt 0 view .LVU471
 1596 0064 70BD     		pop	{r4, r5, r6, pc}
ARM GAS  /tmp/ccplaV3T.s 			page 29


 1597              	.LVL126:
 1598              	.L102:
 1599              	.LBB233:
 1600              	.LBI233:
 1601              		.loc 2 629 20 is_stmt 1 view .LVU472
 1602              	.LBB234:
 1603              		.loc 2 631 3 view .LVU473
 1604              		.loc 2 631 3 is_stmt 0 view .LVU474
 1605              	.LBE234:
 1606              	.LBE233:
 1607              		.loc 1 353 3 discriminator 1 view .LVU475
 1608 0066 9D42     		cmp	r5, r3
 1609 0068 FAD1     		bne	.L101
 1610 006a F6E7     		b	.L103
 1611              	.L98:
 1612              	.LVL127:
 1613              	.LBB236:
 1614              		.loc 2 629 20 is_stmt 1 view .LVU476
 1615              	.LBB235:
 1616              		.loc 2 631 3 view .LVU477
 1617              		.loc 2 631 3 is_stmt 0 view .LVU478
 1618              	.LBE235:
 1619              	.LBE236:
 1620              		.loc 1 353 3 discriminator 1 view .LVU479
 1621 006c AA42     		cmp	r2, r5
 1622 006e D9D1     		bne	.L99
 1623 0070 D4E7     		b	.L104
 1624              	.L118:
 1625 0072 00BF     		.align	2
 1626              	.L117:
 1627 0074 00000000 		.word	__func__.1
 1628              		.cfi_endproc
 1629              	.LFE195:
 1630              		.size	chSemAddCounterI, .-chSemAddCounterI
 1631              		.section	.text.chSemSignalWait,"ax",%progbits
 1632              		.align	1
 1633              		.p2align 4,,15
 1634              		.global	chSemSignalWait
 1635              		.syntax unified
 1636              		.thumb
 1637              		.thumb_func
 1638              		.type	chSemSignalWait, %function
 1639              	chSemSignalWait:
 1640              	.LVL128:
 1641              	.LFB196:
 1642              		.loc 1 378 59 is_stmt 1 view -0
 1643              		.cfi_startproc
 1644              		@ args = 0, pretend = 0, frame = 0
 1645              		@ frame_needed = 0, uses_anonymous_args = 0
 1646              		.loc 1 379 3 view .LVU481
 1647              		.loc 1 381 3 view .LVU482
 1648              		.loc 1 381 3 view .LVU483
 1649              		.loc 1 381 3 discriminator 1 view .LVU484
 1650              		.loc 1 378 59 is_stmt 0 view .LVU485
 1651 0000 70B5     		push	{r4, r5, r6, lr}
 1652              		.cfi_def_cfa_offset 16
 1653              		.cfi_offset 4, -16
ARM GAS  /tmp/ccplaV3T.s 			page 30


 1654              		.cfi_offset 5, -12
 1655              		.cfi_offset 6, -8
 1656              		.cfi_offset 14, -4
 1657              		.loc 1 378 59 view .LVU486
 1658 0002 0C46     		mov	r4, r1
 1659              		.loc 1 381 3 discriminator 1 view .LVU487
 1660 0004 0546     		mov	r5, r0
 1661 0006 0028     		cmp	r0, #0
 1662 0008 46D0     		beq	.L120
 1663              		.loc 1 381 3 discriminator 4 view .LVU488
 1664 000a 0029     		cmp	r1, #0
 1665 000c 44D0     		beq	.L120
 1666              	.LVL129:
 1667              	.L121:
 1668              		.loc 1 381 3 is_stmt 1 discriminator 7 view .LVU489
 1669              		.loc 1 382 3 view .LVU490
 1670              		.loc 1 382 3 view .LVU491
 1671              		.loc 1 382 3 discriminator 1 view .LVU492
 1672 000e AA68     		ldr	r2, [r5, #8]
 1673              	.LBB256:
 1674              	.LBB257:
 1675              		.loc 2 618 20 is_stmt 0 view .LVU493
 1676 0010 2B68     		ldr	r3, [r5]
 1677              	.LBE257:
 1678              	.LBE256:
 1679              		.loc 1 382 3 discriminator 1 view .LVU494
 1680 0012 002A     		cmp	r2, #0
 1681 0014 3ADB     		blt	.L122
 1682              	.LVL130:
 1683              	.LBB259:
 1684              	.LBI256:
 1685              		.loc 2 616 20 is_stmt 1 view .LVU495
 1686              	.LBB258:
 1687              		.loc 2 618 3 view .LVU496
 1688              		.loc 2 618 3 is_stmt 0 view .LVU497
 1689              	.LBE258:
 1690              	.LBE259:
 1691              		.loc 1 382 3 discriminator 1 view .LVU498
 1692 0016 9D42     		cmp	r5, r3
 1693 0018 02D0     		beq	.L124
 1694              		.loc 1 382 3 is_stmt 1 discriminator 9 view .LVU499
 1695 001a 2B48     		ldr	r0, .L139
 1696 001c FFF7FEFF 		bl	chSysHalt
 1697              	.LVL131:
 1698              	.L124:
 1699              		.loc 1 382 3 discriminator 11 view .LVU500
 1700              		.loc 1 385 3 view .LVU501
 1701              		.loc 1 385 3 view .LVU502
 1702              		.loc 1 385 3 discriminator 1 view .LVU503
 1703 0020 A268     		ldr	r2, [r4, #8]
 1704              	.LBB260:
 1705              	.LBB261:
 1706              		.loc 2 618 20 is_stmt 0 view .LVU504
 1707 0022 2368     		ldr	r3, [r4]
 1708              	.LBE261:
 1709              	.LBE260:
 1710              		.loc 1 385 3 discriminator 1 view .LVU505
ARM GAS  /tmp/ccplaV3T.s 			page 31


 1711 0024 002A     		cmp	r2, #0
 1712 0026 2EDB     		blt	.L125
 1713              	.LVL132:
 1714              	.LBB263:
 1715              	.LBI260:
 1716              		.loc 2 616 20 is_stmt 1 view .LVU506
 1717              	.LBB262:
 1718              		.loc 2 618 3 view .LVU507
 1719              		.loc 2 618 3 is_stmt 0 view .LVU508
 1720              	.LBE262:
 1721              	.LBE263:
 1722              		.loc 1 385 3 discriminator 1 view .LVU509
 1723 0028 9C42     		cmp	r4, r3
 1724 002a 02D0     		beq	.L127
 1725              	.L126:
 1726              		.loc 1 385 3 is_stmt 1 discriminator 9 view .LVU510
 1727 002c 2648     		ldr	r0, .L139
 1728 002e FFF7FEFF 		bl	chSysHalt
 1729              	.LVL133:
 1730              	.L127:
 1731              		.loc 1 385 3 discriminator 11 view .LVU511
 1732              		.loc 1 389 3 view .LVU512
 1733              	.LBB264:
 1734              	.LBI264:
 1735              		.loc 3 346 20 view .LVU513
 1736              	.LBB265:
 1737              		.loc 3 348 3 view .LVU514
 1738              	.LBB266:
 1739              	.LBI266:
 1740              		.loc 4 444 20 view .LVU515
 1741              		.loc 4 447 3 view .LVU516
 1742              	.LBB267:
 1743              	.LBI267:
 1744              		.loc 5 544 57 view .LVU517
 1745              	.LBB268:
 1746              		.loc 5 546 3 view .LVU518
 1747 0032 2023     		movs	r3, #32
 1748              		.syntax unified
 1749              	@ 546 "../RC_Controller/ChibiOS_3.0.5/os/ext/CMSIS/include/core_cmFunc.h" 1
 1750 0034 83F31188 		MSR basepri, r3
 1751              	@ 0 "" 2
 1752              	.LVL134:
 1753              		.loc 5 546 3 is_stmt 0 view .LVU519
 1754              		.thumb
 1755              		.syntax unified
 1756              	.LBE268:
 1757              	.LBE267:
 1758              	.LBE266:
 1759              		.loc 3 349 34 is_stmt 1 view .LVU520
 1760              		.loc 3 350 3 view .LVU521
 1761 0038 FFF7FEFF 		bl	_dbg_check_lock
 1762              	.LVL135:
 1763              	.LBE265:
 1764              	.LBE264:
 1765              		.loc 1 390 3 view .LVU522
 1766              		.loc 1 390 7 is_stmt 0 view .LVU523
 1767 003c AB68     		ldr	r3, [r5, #8]
ARM GAS  /tmp/ccplaV3T.s 			page 32


 1768 003e 0133     		adds	r3, r3, #1
 1769              		.loc 1 390 6 view .LVU524
 1770 0040 002B     		cmp	r3, #0
 1771 0042 AB60     		str	r3, [r5, #8]
 1772 0044 38DD     		ble	.L136
 1773              	.L128:
 1774              		.loc 1 393 3 is_stmt 1 view .LVU525
 1775              		.loc 1 393 7 is_stmt 0 view .LVU526
 1776 0046 A368     		ldr	r3, [r4, #8]
 1777 0048 013B     		subs	r3, r3, #1
 1778              		.loc 1 393 6 view .LVU527
 1779 004a 002B     		cmp	r3, #0
 1780 004c A360     		str	r3, [r4, #8]
 1781 004e 27DB     		blt	.L137
 1782              		.loc 1 401 5 is_stmt 1 view .LVU528
 1783 0050 FFF7FEFF 		bl	chSchRescheduleS
 1784              	.LVL136:
 1785              		.loc 1 402 5 view .LVU529
 1786              		.loc 1 402 5 is_stmt 0 view .LVU530
 1787 0054 1D4D     		ldr	r5, .L139+4
 1788              	.LVL137:
 1789              		.loc 1 402 9 view .LVU531
 1790 0056 0024     		movs	r4, #0
 1791              	.LVL138:
 1792              	.L130:
 1793              		.loc 1 404 3 is_stmt 1 view .LVU532
 1794              	.LBB269:
 1795              	.LBI269:
 1796              		.loc 3 358 20 view .LVU533
 1797              	.LBB270:
 1798              		.loc 3 360 3 view .LVU534
 1799 0058 FFF7FEFF 		bl	_dbg_check_unlock
 1800              	.LVL139:
 1801              		.loc 3 361 33 view .LVU535
 1802              		.loc 3 367 3 view .LVU536
 1803              		.loc 3 367 3 view .LVU537
 1804              		.loc 3 367 3 discriminator 1 view .LVU538
 1805 005c 2B68     		ldr	r3, [r5]
 1806 005e AB42     		cmp	r3, r5
 1807 0060 04D0     		beq	.L131
 1808              		.loc 3 367 3 is_stmt 0 discriminator 3 view .LVU539
 1809 0062 AA69     		ldr	r2, [r5, #24]
 1810 0064 9B68     		ldr	r3, [r3, #8]
 1811 0066 9268     		ldr	r2, [r2, #8]
 1812 0068 9A42     		cmp	r2, r3
 1813 006a 04D3     		bcc	.L138
 1814              	.L131:
 1815              		.loc 3 367 3 is_stmt 1 discriminator 7 view .LVU540
 1816              		.loc 3 371 3 view .LVU541
 1817              	.LBB271:
 1818              	.LBI271:
 1819              		.loc 4 458 20 view .LVU542
 1820              		.loc 4 461 3 view .LVU543
 1821              	.LVL140:
 1822              	.LBB272:
 1823              	.LBI272:
 1824              		.loc 5 544 57 view .LVU544
ARM GAS  /tmp/ccplaV3T.s 			page 33


 1825              	.LBB273:
 1826              		.loc 5 546 3 view .LVU545
 1827 006c 0023     		movs	r3, #0
 1828              		.syntax unified
 1829              	@ 546 "../RC_Controller/ChibiOS_3.0.5/os/ext/CMSIS/include/core_cmFunc.h" 1
 1830 006e 83F31188 		MSR basepri, r3
 1831              	@ 0 "" 2
 1832              	.LVL141:
 1833              		.loc 5 546 3 is_stmt 0 view .LVU546
 1834              		.thumb
 1835              		.syntax unified
 1836              	.LBE273:
 1837              	.LBE272:
 1838              	.LBE271:
 1839              	.LBE270:
 1840              	.LBE269:
 1841              		.loc 1 406 3 is_stmt 1 view .LVU547
 1842              		.loc 1 407 1 is_stmt 0 view .LVU548
 1843 0072 2046     		mov	r0, r4
 1844 0074 70BD     		pop	{r4, r5, r6, pc}
 1845              	.LVL142:
 1846              	.L138:
 1847              	.LBB278:
 1848              	.LBB277:
 1849              		.loc 3 367 3 is_stmt 1 discriminator 5 view .LVU549
 1850 0076 1648     		ldr	r0, .L139+8
 1851 0078 FFF7FEFF 		bl	chSysHalt
 1852              	.LVL143:
 1853              		.loc 3 367 3 discriminator 7 view .LVU550
 1854              		.loc 3 371 3 view .LVU551
 1855              	.LBB276:
 1856              		.loc 4 458 20 view .LVU552
 1857              		.loc 4 461 3 view .LVU553
 1858              	.LBB275:
 1859              		.loc 5 544 57 view .LVU554
 1860              	.LBB274:
 1861              		.loc 5 546 3 view .LVU555
 1862 007c 0023     		movs	r3, #0
 1863              		.syntax unified
 1864              	@ 546 "../RC_Controller/ChibiOS_3.0.5/os/ext/CMSIS/include/core_cmFunc.h" 1
 1865 007e 83F31188 		MSR basepri, r3
 1866              	@ 0 "" 2
 1867              	.LVL144:
 1868              		.loc 5 546 3 is_stmt 0 view .LVU556
 1869              		.thumb
 1870              		.syntax unified
 1871              	.LBE274:
 1872              	.LBE275:
 1873              	.LBE276:
 1874              	.LBE277:
 1875              	.LBE278:
 1876              		.loc 1 406 3 is_stmt 1 view .LVU557
 1877              		.loc 1 407 1 is_stmt 0 view .LVU558
 1878 0082 2046     		mov	r0, r4
 1879 0084 70BD     		pop	{r4, r5, r6, pc}
 1880              	.LVL145:
 1881              	.L125:
ARM GAS  /tmp/ccplaV3T.s 			page 34


 1882              		.loc 1 385 3 discriminator 1 view .LVU559
 1883 0086 9C42     		cmp	r4, r3
 1884 0088 D3D1     		bne	.L127
 1885 008a CFE7     		b	.L126
 1886              	.L122:
 1887              		.loc 1 382 3 discriminator 1 view .LVU560
 1888 008c 9D42     		cmp	r5, r3
 1889 008e C7D1     		bne	.L124
 1890              		.loc 1 382 3 is_stmt 1 discriminator 9 view .LVU561
 1891 0090 0D48     		ldr	r0, .L139
 1892 0092 FFF7FEFF 		bl	chSysHalt
 1893              	.LVL146:
 1894 0096 C3E7     		b	.L124
 1895              	.LVL147:
 1896              	.L120:
 1897              		.loc 1 381 3 discriminator 5 view .LVU562
 1898 0098 0B48     		ldr	r0, .L139
 1899              	.LVL148:
 1900              		.loc 1 381 3 is_stmt 0 discriminator 5 view .LVU563
 1901 009a FFF7FEFF 		bl	chSysHalt
 1902              	.LVL149:
 1903              		.loc 1 381 3 discriminator 5 view .LVU564
 1904 009e B6E7     		b	.L121
 1905              	.L137:
 1906              	.LBB279:
 1907              		.loc 1 394 5 is_stmt 1 view .LVU565
 1908              		.loc 1 394 15 is_stmt 0 view .LVU566
 1909 00a0 0A4D     		ldr	r5, .L139+4
 1910              	.LVL150:
 1911              		.loc 1 394 15 view .LVU567
 1912 00a2 AE69     		ldr	r6, [r5, #24]
 1913              	.LVL151:
 1914              		.loc 1 395 5 is_stmt 1 view .LVU568
 1915 00a4 2146     		mov	r1, r4
 1916 00a6 3046     		mov	r0, r6
 1917 00a8 FFF7FEFF 		bl	queue_insert
 1918              	.LVL152:
 1919              		.loc 1 396 5 view .LVU569
 1920              		.loc 1 396 21 is_stmt 0 view .LVU570
 1921 00ac 3462     		str	r4, [r6, #32]
 1922              		.loc 1 397 5 is_stmt 1 view .LVU571
 1923 00ae 0520     		movs	r0, #5
 1924 00b0 FFF7FEFF 		bl	chSchGoSleepS
 1925              	.LVL153:
 1926              		.loc 1 398 5 view .LVU572
 1927              		.loc 1 398 9 is_stmt 0 view .LVU573
 1928 00b4 346A     		ldr	r4, [r6, #32]
 1929              	.LVL154:
 1930              		.loc 1 398 9 view .LVU574
 1931              	.LBE279:
 1932 00b6 CFE7     		b	.L130
 1933              	.LVL155:
 1934              	.L136:
 1935              		.loc 1 391 5 is_stmt 1 view .LVU575
 1936 00b8 2846     		mov	r0, r5
 1937 00ba FFF7FEFF 		bl	queue_fifo_remove
 1938              	.LVL156:
ARM GAS  /tmp/ccplaV3T.s 			page 35


 1939              		.loc 1 391 5 is_stmt 0 discriminator 1 view .LVU576
 1940 00be FFF7FEFF 		bl	chSchReadyI
 1941              	.LVL157:
 1942              		.loc 1 391 63 discriminator 2 view .LVU577
 1943 00c2 0023     		movs	r3, #0
 1944 00c4 0362     		str	r3, [r0, #32]
 1945 00c6 BEE7     		b	.L128
 1946              	.L140:
 1947              		.align	2
 1948              	.L139:
 1949 00c8 00000000 		.word	__func__.0
 1950 00cc 00000000 		.word	ch
 1951 00d0 00000000 		.word	__func__.7
 1952              		.cfi_endproc
 1953              	.LFE196:
 1954              		.size	chSemSignalWait, .-chSemSignalWait
 1955              		.section	.rodata.__func__.0,"a"
 1956              		.align	2
 1957              		.type	__func__.0, %object
 1958              		.size	__func__.0, 16
 1959              	__func__.0:
 1960 0000 63685365 		.ascii	"chSemSignalWait\000"
 1960      6D536967 
 1960      6E616C57 
 1960      61697400 
 1961              		.section	.rodata.__func__.1,"a"
 1962              		.align	2
 1963              		.type	__func__.1, %object
 1964              		.size	__func__.1, 17
 1965              	__func__.1:
 1966 0000 63685365 		.ascii	"chSemAddCounterI\000"
 1966      6D416464 
 1966      436F756E 
 1966      74657249 
 1966      00
 1967              		.section	.rodata.__func__.2,"a"
 1968              		.align	2
 1969              		.type	__func__.2, %object
 1970              		.size	__func__.2, 13
 1971              	__func__.2:
 1972 0000 63685365 		.ascii	"chSemSignalI\000"
 1972      6D536967 
 1972      6E616C49 
 1972      00
 1973              		.section	.rodata.__func__.3,"a"
 1974              		.align	2
 1975              		.type	__func__.3, %object
 1976              		.size	__func__.3, 12
 1977              	__func__.3:
 1978 0000 63685365 		.ascii	"chSemSignal\000"
 1978      6D536967 
 1978      6E616C00 
 1979              		.section	.rodata.__func__.4,"a"
 1980              		.align	2
 1981              		.type	__func__.4, %object
 1982              		.size	__func__.4, 18
 1983              	__func__.4:
ARM GAS  /tmp/ccplaV3T.s 			page 36


 1984 0000 63685365 		.ascii	"chSemWaitTimeoutS\000"
 1984      6D576169 
 1984      7454696D 
 1984      656F7574 
 1984      5300
 1985              		.section	.rodata.__func__.5,"a"
 1986              		.align	2
 1987              		.type	__func__.5, %object
 1988              		.size	__func__.5, 11
 1989              	__func__.5:
 1990 0000 63685365 		.ascii	"chSemWaitS\000"
 1990      6D576169 
 1990      745300
 1991              		.section	.rodata.__func__.6,"a"
 1992              		.align	2
 1993              		.type	__func__.6, %object
 1994              		.size	__func__.6, 12
 1995              	__func__.6:
 1996 0000 63685365 		.ascii	"chSemResetI\000"
 1996      6D526573 
 1996      65744900 
 1997              		.section	.rodata.__func__.7,"a"
 1998              		.align	2
 1999              		.type	__func__.7, %object
 2000              		.size	__func__.7, 12
 2001              	__func__.7:
 2002 0000 63685379 		.ascii	"chSysUnlock\000"
 2002      73556E6C 
 2002      6F636B00 
 2003              		.section	.rodata.__func__.8,"a"
 2004              		.align	2
 2005              		.type	__func__.8, %object
 2006              		.size	__func__.8, 16
 2007              	__func__.8:
 2008 0000 63685365 		.ascii	"chSemObjectInit\000"
 2008      6D4F626A 
 2008      65637449 
 2008      6E697400 
 2009              		.text
 2010              	.Letext0:
 2011              		.file 6 "/opt/arm-gnu-toolchain-13.2.Rel1-x86_64-arm-none-eabi/arm-none-eabi/include/machine/_defa
 2012              		.file 7 "/opt/arm-gnu-toolchain-13.2.Rel1-x86_64-arm-none-eabi/arm-none-eabi/include/sys/_stdint.h
 2013              		.file 8 "../RC_Controller/ChibiOS_3.0.5/os/rt/ports/ARMCMx/compilers/GCC/chtypes.h"
 2014              		.file 9 "../RC_Controller/ChibiOS_3.0.5/os/rt/include/chsystypes.h"
 2015              		.file 10 "../RC_Controller/ChibiOS_3.0.5/os/rt/ports/ARMCMx/chcore.h"
 2016              		.file 11 "../RC_Controller/ChibiOS_3.0.5/os/rt/include/chtm.h"
 2017              		.file 12 "../RC_Controller/ChibiOS_3.0.5/os/rt/include/chsem.h"
 2018              		.file 13 "../RC_Controller/ChibiOS_3.0.5/os/rt/include/chmtx.h"
 2019              		.file 14 "../RC_Controller/ChibiOS_3.0.5/os/rt/include/chdebug.h"
 2020              		.section	.debug_info,"",%progbits
 2021              	.Ldebug_info0:
 2022 0000 66140000 		.4byte	0x1466
 2023 0004 0500     		.2byte	0x5
 2024 0006 01       		.byte	0x1
 2025 0007 04       		.byte	0x4
 2026 0008 00000000 		.4byte	.Ldebug_abbrev0
 2027 000c 2B       		.uleb128 0x2b
ARM GAS  /tmp/ccplaV3T.s 			page 37


 2028 000d E4000000 		.4byte	.LASF129
 2029 0011 0C       		.byte	0xc
 2030 0012 C7060000 		.4byte	.LASF130
 2031 0016 65020000 		.4byte	.LASF131
 2032 001a 5C010000 		.4byte	.LLRL71
 2033 001e 00000000 		.4byte	0
 2034 0022 00000000 		.4byte	.Ldebug_line0
 2035 0026 0D       		.uleb128 0xd
 2036 0027 08       		.byte	0x8
 2037 0028 07       		.byte	0x7
 2038 0029 29020000 		.4byte	.LASF0
 2039 002d 0D       		.uleb128 0xd
 2040 002e 04       		.byte	0x4
 2041 002f 07       		.byte	0x7
 2042 0030 56030000 		.4byte	.LASF1
 2043 0034 2C       		.uleb128 0x2c
 2044 0035 04       		.byte	0x4
 2045 0036 05       		.byte	0x5
 2046 0037 696E7400 		.ascii	"int\000"
 2047 003b 0D       		.uleb128 0xd
 2048 003c 01       		.byte	0x1
 2049 003d 06       		.byte	0x6
 2050 003e 0D020000 		.4byte	.LASF2
 2051 0042 02       		.uleb128 0x2
 2052 0043 3D000000 		.4byte	.LASF6
 2053 0047 06       		.byte	0x6
 2054 0048 2B       		.byte	0x2b
 2055 0049 18       		.byte	0x18
 2056 004a 4E000000 		.4byte	0x4e
 2057 004e 0D       		.uleb128 0xd
 2058 004f 01       		.byte	0x1
 2059 0050 08       		.byte	0x8
 2060 0051 0D050000 		.4byte	.LASF3
 2061 0055 0D       		.uleb128 0xd
 2062 0056 02       		.byte	0x2
 2063 0057 05       		.byte	0x5
 2064 0058 25050000 		.4byte	.LASF4
 2065 005c 0D       		.uleb128 0xd
 2066 005d 02       		.byte	0x2
 2067 005e 07       		.byte	0x7
 2068 005f 9D030000 		.4byte	.LASF5
 2069 0063 02       		.uleb128 0x2
 2070 0064 11040000 		.4byte	.LASF7
 2071 0068 06       		.byte	0x6
 2072 0069 4D       		.byte	0x4d
 2073 006a 18       		.byte	0x18
 2074 006b 6F000000 		.4byte	0x6f
 2075 006f 0D       		.uleb128 0xd
 2076 0070 04       		.byte	0x4
 2077 0071 05       		.byte	0x5
 2078 0072 AB020000 		.4byte	.LASF8
 2079 0076 02       		.uleb128 0x2
 2080 0077 29060000 		.4byte	.LASF9
 2081 007b 06       		.byte	0x6
 2082 007c 4F       		.byte	0x4f
 2083 007d 19       		.byte	0x19
 2084 007e 82000000 		.4byte	0x82
ARM GAS  /tmp/ccplaV3T.s 			page 38


 2085 0082 0D       		.uleb128 0xd
 2086 0083 04       		.byte	0x4
 2087 0084 07       		.byte	0x7
 2088 0085 C7050000 		.4byte	.LASF10
 2089 0089 0D       		.uleb128 0xd
 2090 008a 08       		.byte	0x8
 2091 008b 05       		.byte	0x5
 2092 008c 14030000 		.4byte	.LASF11
 2093 0090 02       		.uleb128 0x2
 2094 0091 C5040000 		.4byte	.LASF12
 2095 0095 06       		.byte	0x6
 2096 0096 69       		.byte	0x69
 2097 0097 19       		.byte	0x19
 2098 0098 26000000 		.4byte	0x26
 2099 009c 02       		.uleb128 0x2
 2100 009d 9F060000 		.4byte	.LASF13
 2101 00a1 07       		.byte	0x7
 2102 00a2 18       		.byte	0x18
 2103 00a3 13       		.byte	0x13
 2104 00a4 42000000 		.4byte	0x42
 2105 00a8 02       		.uleb128 0x2
 2106 00a9 05050000 		.4byte	.LASF14
 2107 00ad 07       		.byte	0x7
 2108 00ae 2C       		.byte	0x2c
 2109 00af 13       		.byte	0x13
 2110 00b0 63000000 		.4byte	0x63
 2111 00b4 02       		.uleb128 0x2
 2112 00b5 A3050000 		.4byte	.LASF15
 2113 00b9 07       		.byte	0x7
 2114 00ba 30       		.byte	0x30
 2115 00bb 14       		.byte	0x14
 2116 00bc 76000000 		.4byte	0x76
 2117 00c0 02       		.uleb128 0x2
 2118 00c1 34000000 		.4byte	.LASF16
 2119 00c5 07       		.byte	0x7
 2120 00c6 3C       		.byte	0x3c
 2121 00c7 14       		.byte	0x14
 2122 00c8 90000000 		.4byte	0x90
 2123 00cc 02       		.uleb128 0x2
 2124 00cd 3C040000 		.4byte	.LASF17
 2125 00d1 08       		.byte	0x8
 2126 00d2 45       		.byte	0x45
 2127 00d3 1D       		.byte	0x1d
 2128 00d4 B4000000 		.4byte	0xb4
 2129 00d8 02       		.uleb128 0x2
 2130 00d9 EA030000 		.4byte	.LASF18
 2131 00dd 08       		.byte	0x8
 2132 00de 48       		.byte	0x48
 2133 00df 1D       		.byte	0x1d
 2134 00e0 9C000000 		.4byte	0x9c
 2135 00e4 02       		.uleb128 0x2
 2136 00e5 B4020000 		.4byte	.LASF19
 2137 00e9 08       		.byte	0x8
 2138 00ea 49       		.byte	0x49
 2139 00eb 1D       		.byte	0x1d
 2140 00ec 9C000000 		.4byte	0x9c
 2141 00f0 02       		.uleb128 0x2
ARM GAS  /tmp/ccplaV3T.s 			page 39


 2142 00f1 5B020000 		.4byte	.LASF20
 2143 00f5 08       		.byte	0x8
 2144 00f6 4B       		.byte	0x4b
 2145 00f7 1D       		.byte	0x1d
 2146 00f8 9C000000 		.4byte	0x9c
 2147 00fc 02       		.uleb128 0x2
 2148 00fd E7040000 		.4byte	.LASF21
 2149 0101 08       		.byte	0x8
 2150 0102 4C       		.byte	0x4c
 2151 0103 1D       		.byte	0x1d
 2152 0104 B4000000 		.4byte	0xb4
 2153 0108 02       		.uleb128 0x2
 2154 0109 C7030000 		.4byte	.LASF22
 2155 010d 08       		.byte	0x8
 2156 010e 4D       		.byte	0x4d
 2157 010f 1D       		.byte	0x1d
 2158 0110 A8000000 		.4byte	0xa8
 2159 0114 02       		.uleb128 0x2
 2160 0115 50030000 		.4byte	.LASF23
 2161 0119 08       		.byte	0x8
 2162 011a 51       		.byte	0x51
 2163 011b 1D       		.byte	0x1d
 2164 011c A8000000 		.4byte	0xa8
 2165 0120 02       		.uleb128 0x2
 2166 0121 0B060000 		.4byte	.LASF24
 2167 0125 09       		.byte	0x9
 2168 0126 33       		.byte	0x33
 2169 0127 12       		.byte	0x12
 2170 0128 B4000000 		.4byte	0xb4
 2171 012c 26       		.uleb128 0x26
 2172 012d 20010000 		.4byte	0x120
 2173 0131 02       		.uleb128 0x2
 2174 0132 F0050000 		.4byte	.LASF25
 2175 0136 09       		.byte	0x9
 2176 0137 3F       		.byte	0x3f
 2177 0138 1A       		.byte	0x1a
 2178 0139 3D010000 		.4byte	0x13d
 2179 013d 17       		.uleb128 0x17
 2180 013e B0030000 		.4byte	.LASF40
 2181 0142 2C       		.byte	0x2c
 2182 0143 02       		.byte	0x2
 2183 0144 C2       		.byte	0xc2
 2184 0145 08       		.byte	0x8
 2185 0146 F5010000 		.4byte	0x1f5
 2186 014a 07       		.uleb128 0x7
 2187 014b 48050000 		.4byte	.LASF26
 2188 014f 02       		.byte	0x2
 2189 0150 C3       		.byte	0xc3
 2190 0151 1A       		.byte	0x1a
 2191 0152 01020000 		.4byte	0x201
 2192 0156 00       		.byte	0
 2193 0157 07       		.uleb128 0x7
 2194 0158 E0040000 		.4byte	.LASF27
 2195 015c 02       		.byte	0x2
 2196 015d C5       		.byte	0xc5
 2197 015e 1A       		.byte	0x1a
 2198 015f 01020000 		.4byte	0x201
ARM GAS  /tmp/ccplaV3T.s 			page 40


 2199 0163 04       		.byte	0x4
 2200 0164 07       		.uleb128 0x7
 2201 0165 D5000000 		.4byte	.LASF28
 2202 0169 02       		.byte	0x2
 2203 016a C7       		.byte	0xc7
 2204 016b 19       		.byte	0x19
 2205 016c FC000000 		.4byte	0xfc
 2206 0170 08       		.byte	0x8
 2207 0171 07       		.uleb128 0x7
 2208 0172 2C070000 		.4byte	.LASF29
 2209 0176 02       		.byte	0x2
 2210 0177 C8       		.byte	0xc8
 2211 0178 19       		.byte	0x19
 2212 0179 2E040000 		.4byte	0x42e
 2213 017d 0C       		.byte	0xc
 2214 017e 07       		.uleb128 0x7
 2215 017f CC020000 		.4byte	.LASF30
 2216 0183 02       		.byte	0x2
 2217 0184 CA       		.byte	0xca
 2218 0185 1A       		.byte	0x1a
 2219 0186 01020000 		.4byte	0x201
 2220 018a 10       		.byte	0x10
 2221 018b 07       		.uleb128 0x7
 2222 018c 88040000 		.4byte	.LASF31
 2223 0190 02       		.byte	0x2
 2224 0191 CB       		.byte	0xcb
 2225 0192 1A       		.byte	0x1a
 2226 0193 01020000 		.4byte	0x201
 2227 0197 14       		.byte	0x14
 2228 0198 07       		.uleb128 0x7
 2229 0199 C0060000 		.4byte	.LASF32
 2230 019d 02       		.byte	0x2
 2231 019e D2       		.byte	0xd2
 2232 019f 1A       		.byte	0x1a
 2233 01a0 8A060000 		.4byte	0x68a
 2234 01a4 18       		.byte	0x18
 2235 01a5 07       		.uleb128 0x7
 2236 01a6 2F050000 		.4byte	.LASF33
 2237 01aa 02       		.byte	0x2
 2238 01ab DD       		.byte	0xdd
 2239 01ac 19       		.byte	0x19
 2240 01ad E4000000 		.4byte	0xe4
 2241 01b1 1C       		.byte	0x1c
 2242 01b2 07       		.uleb128 0x7
 2243 01b3 4F050000 		.4byte	.LASF34
 2244 01b7 02       		.byte	0x2
 2245 01b8 E1       		.byte	0xe1
 2246 01b9 19       		.byte	0x19
 2247 01ba D8000000 		.4byte	0xd8
 2248 01be 1D       		.byte	0x1d
 2249 01bf 07       		.uleb128 0x7
 2250 01c0 37050000 		.4byte	.LASF35
 2251 01c4 02       		.byte	0x2
 2252 01c5 EC       		.byte	0xec
 2253 01c6 19       		.byte	0x19
 2254 01c7 F0000000 		.4byte	0xf0
 2255 01cb 1E       		.byte	0x1e
ARM GAS  /tmp/ccplaV3T.s 			page 41


 2256 01cc 08       		.uleb128 0x8
 2257 01cd 705F7500 		.ascii	"p_u\000"
 2258 01d1 02       		.byte	0x2
 2259 01d2 3101     		.2byte	0x131
 2260 01d4 19       		.byte	0x19
 2261 01d5 CC050000 		.4byte	0x5cc
 2262 01d9 20       		.byte	0x20
 2263 01da 03       		.uleb128 0x3
 2264 01db 1B050000 		.4byte	.LASF36
 2265 01df 4D01     		.2byte	0x14d
 2266 01e1 1A       		.byte	0x1a
 2267 01e2 85060000 		.4byte	0x685
 2268 01e6 24       		.byte	0x24
 2269 01e7 03       		.uleb128 0x3
 2270 01e8 15060000 		.4byte	.LASF37
 2271 01ec 5101     		.2byte	0x151
 2272 01ee 19       		.byte	0x19
 2273 01ef FC000000 		.4byte	0xfc
 2274 01f3 28       		.byte	0x28
 2275 01f4 00       		.byte	0
 2276 01f5 02       		.uleb128 0x2
 2277 01f6 44040000 		.4byte	.LASF38
 2278 01fa 09       		.byte	0x9
 2279 01fb 44       		.byte	0x44
 2280 01fc 14       		.byte	0x14
 2281 01fd 01020000 		.4byte	0x201
 2282 0201 0B       		.uleb128 0xb
 2283 0202 31010000 		.4byte	0x131
 2284 0206 02       		.uleb128 0x2
 2285 0207 6C060000 		.4byte	.LASF39
 2286 020b 09       		.byte	0x9
 2287 020c 50       		.byte	0x50
 2288 020d 21       		.byte	0x21
 2289 020e 17020000 		.4byte	0x217
 2290 0212 12       		.uleb128 0x12
 2291 0213 06020000 		.4byte	0x206
 2292 0217 17       		.uleb128 0x17
 2293 0218 C4000000 		.4byte	.LASF41
 2294 021c 08       		.byte	0x8
 2295 021d 02       		.byte	0x2
 2296 021e B7       		.byte	0xb7
 2297 021f 08       		.byte	0x8
 2298 0220 3F020000 		.4byte	0x23f
 2299 0224 07       		.uleb128 0x7
 2300 0225 48050000 		.4byte	.LASF26
 2301 0229 02       		.byte	0x2
 2302 022a B8       		.byte	0xb8
 2303 022b 1A       		.byte	0x1a
 2304 022c 01020000 		.4byte	0x201
 2305 0230 00       		.byte	0
 2306 0231 07       		.uleb128 0x7
 2307 0232 E0040000 		.4byte	.LASF27
 2308 0236 02       		.byte	0x2
 2309 0237 B9       		.byte	0xb9
 2310 0238 1A       		.byte	0x1a
 2311 0239 01020000 		.4byte	0x201
 2312 023d 04       		.byte	0x4
ARM GAS  /tmp/ccplaV3T.s 			page 42


 2313 023e 00       		.byte	0
 2314 023f 02       		.uleb128 0x2
 2315 0240 00000000 		.4byte	.LASF42
 2316 0244 09       		.byte	0x9
 2317 0245 57       		.byte	0x57
 2318 0246 1E       		.byte	0x1e
 2319 0247 4B020000 		.4byte	0x24b
 2320 024b 1A       		.uleb128 0x1a
 2321 024c 03040000 		.4byte	.LASF43
 2322 0250 1C       		.byte	0x1c
 2323 0251 9001     		.2byte	0x190
 2324 0253 A6020000 		.4byte	0x2a6
 2325 0257 03       		.uleb128 0x3
 2326 0258 B3050000 		.4byte	.LASF44
 2327 025c 9101     		.2byte	0x191
 2328 025e 19       		.byte	0x19
 2329 025f 06020000 		.4byte	0x206
 2330 0263 00       		.byte	0
 2331 0264 03       		.uleb128 0x3
 2332 0265 41050000 		.4byte	.LASF45
 2333 0269 9201     		.2byte	0x192
 2334 026b 19       		.byte	0x19
 2335 026c FC000000 		.4byte	0xfc
 2336 0270 08       		.byte	0x8
 2337 0271 03       		.uleb128 0x3
 2338 0272 90040000 		.4byte	.LASF46
 2339 0276 9401     		.2byte	0x194
 2340 0278 19       		.byte	0x19
 2341 0279 2E040000 		.4byte	0x42e
 2342 027d 0C       		.byte	0xc
 2343 027e 03       		.uleb128 0x3
 2344 027f FB020000 		.4byte	.LASF47
 2345 0283 9701     		.2byte	0x197
 2346 0285 1A       		.byte	0x1a
 2347 0286 01020000 		.4byte	0x201
 2348 028a 10       		.byte	0x10
 2349 028b 03       		.uleb128 0x3
 2350 028c BD040000 		.4byte	.LASF48
 2351 0290 9801     		.2byte	0x198
 2352 0292 1A       		.byte	0x1a
 2353 0293 01020000 		.4byte	0x201
 2354 0297 14       		.byte	0x14
 2355 0298 03       		.uleb128 0x3
 2356 0299 B3040000 		.4byte	.LASF49
 2357 029d 9B01     		.2byte	0x19b
 2358 029f 1A       		.byte	0x1a
 2359 02a0 01020000 		.4byte	0x201
 2360 02a4 18       		.byte	0x18
 2361 02a5 00       		.byte	0
 2362 02a6 02       		.uleb128 0x2
 2363 02a7 20060000 		.4byte	.LASF50
 2364 02ab 09       		.byte	0x9
 2365 02ac 5C       		.byte	0x5c
 2366 02ad 10       		.byte	0x10
 2367 02ae B2020000 		.4byte	0x2b2
 2368 02b2 0B       		.uleb128 0xb
 2369 02b3 B7020000 		.4byte	0x2b7
ARM GAS  /tmp/ccplaV3T.s 			page 43


 2370 02b7 2D       		.uleb128 0x2d
 2371 02b8 C2020000 		.4byte	0x2c2
 2372 02bc 0C       		.uleb128 0xc
 2373 02bd C2020000 		.4byte	0x2c2
 2374 02c1 00       		.byte	0
 2375 02c2 2E       		.uleb128 0x2e
 2376 02c3 04       		.byte	0x4
 2377 02c4 02       		.uleb128 0x2
 2378 02c5 D0040000 		.4byte	.LASF51
 2379 02c9 09       		.byte	0x9
 2380 02ca 61       		.byte	0x61
 2381 02cb 21       		.byte	0x21
 2382 02cc D0020000 		.4byte	0x2d0
 2383 02d0 1A       		.uleb128 0x1a
 2384 02d1 77050000 		.4byte	.LASF52
 2385 02d5 14       		.byte	0x14
 2386 02d6 6B01     		.2byte	0x16b
 2387 02d8 1E030000 		.4byte	0x31e
 2388 02dc 03       		.uleb128 0x3
 2389 02dd 74030000 		.4byte	.LASF53
 2390 02e1 6C01     		.2byte	0x16c
 2391 02e3 1A       		.byte	0x1a
 2392 02e4 A0060000 		.4byte	0x6a0
 2393 02e8 00       		.byte	0
 2394 02e9 03       		.uleb128 0x3
 2395 02ea 0C030000 		.4byte	.LASF54
 2396 02ee 6D01     		.2byte	0x16d
 2397 02f0 1A       		.byte	0x1a
 2398 02f1 A0060000 		.4byte	0x6a0
 2399 02f5 04       		.byte	0x4
 2400 02f6 03       		.uleb128 0x3
 2401 02f7 83030000 		.4byte	.LASF55
 2402 02fb 6E01     		.2byte	0x16e
 2403 02fd 19       		.byte	0x19
 2404 02fe 20010000 		.4byte	0x120
 2405 0302 08       		.byte	0x8
 2406 0303 03       		.uleb128 0x3
 2407 0304 32070000 		.4byte	.LASF56
 2408 0308 6F01     		.2byte	0x16f
 2409 030a 19       		.byte	0x19
 2410 030b A6020000 		.4byte	0x2a6
 2411 030f 0C       		.byte	0xc
 2412 0310 03       		.uleb128 0x3
 2413 0311 65060000 		.4byte	.LASF57
 2414 0315 7101     		.2byte	0x171
 2415 0317 1A       		.byte	0x1a
 2416 0318 C2020000 		.4byte	0x2c2
 2417 031c 10       		.byte	0x10
 2418 031d 00       		.byte	0
 2419 031e 02       		.uleb128 0x2
 2420 031f 1B040000 		.4byte	.LASF58
 2421 0323 09       		.byte	0x9
 2422 0324 66       		.byte	0x66
 2423 0325 28       		.byte	0x28
 2424 0326 2A030000 		.4byte	0x32a
 2425 032a 1A       		.uleb128 0x1a
 2426 032b 67040000 		.4byte	.LASF59
ARM GAS  /tmp/ccplaV3T.s 			page 44


 2427 032f 10       		.byte	0x10
 2428 0330 7B01     		.2byte	0x17b
 2429 0332 6B030000 		.4byte	0x36b
 2430 0336 03       		.uleb128 0x3
 2431 0337 74030000 		.4byte	.LASF53
 2432 033b 7C01     		.2byte	0x17c
 2433 033d 1A       		.byte	0x1a
 2434 033e A0060000 		.4byte	0x6a0
 2435 0342 00       		.byte	0
 2436 0343 03       		.uleb128 0x3
 2437 0344 0C030000 		.4byte	.LASF54
 2438 0348 7E01     		.2byte	0x17e
 2439 034a 1A       		.byte	0x1a
 2440 034b A0060000 		.4byte	0x6a0
 2441 034f 04       		.byte	0x4
 2442 0350 03       		.uleb128 0x3
 2443 0351 83030000 		.4byte	.LASF55
 2444 0355 8001     		.2byte	0x180
 2445 0357 19       		.byte	0x19
 2446 0358 20010000 		.4byte	0x120
 2447 035c 08       		.byte	0x8
 2448 035d 03       		.uleb128 0x3
 2449 035e F8060000 		.4byte	.LASF60
 2450 0362 8201     		.2byte	0x182
 2451 0364 19       		.byte	0x19
 2452 0365 2C010000 		.4byte	0x12c
 2453 0369 0C       		.byte	0xc
 2454 036a 00       		.byte	0
 2455 036b 02       		.uleb128 0x2
 2456 036c 53000000 		.4byte	.LASF61
 2457 0370 09       		.byte	0x9
 2458 0371 6B       		.byte	0x6b
 2459 0372 20       		.byte	0x20
 2460 0373 77030000 		.4byte	0x377
 2461 0377 1A       		.uleb128 0x1a
 2462 0378 EF040000 		.4byte	.LASF62
 2463 037c 0C       		.byte	0xc
 2464 037d A201     		.2byte	0x1a2
 2465 037f AB030000 		.4byte	0x3ab
 2466 0383 03       		.uleb128 0x3
 2467 0384 4C060000 		.4byte	.LASF63
 2468 0388 AA01     		.2byte	0x1aa
 2469 038a 24       		.byte	0x24
 2470 038b 8F060000 		.4byte	0x68f
 2471 038f 00       		.byte	0
 2472 0390 03       		.uleb128 0x3
 2473 0391 85060000 		.4byte	.LASF64
 2474 0395 AF01     		.2byte	0x1af
 2475 0397 19       		.byte	0x19
 2476 0398 14010000 		.4byte	0x114
 2477 039c 04       		.byte	0x4
 2478 039d 03       		.uleb128 0x3
 2479 039e 28030000 		.4byte	.LASF65
 2480 03a2 B301     		.2byte	0x1b3
 2481 03a4 19       		.byte	0x19
 2482 03a5 14010000 		.4byte	0x114
 2483 03a9 08       		.byte	0x8
ARM GAS  /tmp/ccplaV3T.s 			page 45


 2484 03aa 00       		.byte	0
 2485 03ab 02       		.uleb128 0x2
 2486 03ac DE030000 		.4byte	.LASF66
 2487 03b0 09       		.byte	0x9
 2488 03b1 70       		.byte	0x70
 2489 03b2 1A       		.byte	0x1a
 2490 03b3 B7030000 		.4byte	0x3b7
 2491 03b7 2F       		.uleb128 0x2f
 2492 03b8 A1020000 		.4byte	.LASF67
 2493 03bc B001     		.2byte	0x1b0
 2494 03be 02       		.byte	0x2
 2495 03bf C201     		.2byte	0x1c2
 2496 03c1 08       		.byte	0x8
 2497 03c2 16040000 		.4byte	0x416
 2498 03c6 03       		.uleb128 0x3
 2499 03c7 99060000 		.4byte	.LASF68
 2500 03cb C601     		.2byte	0x1c6
 2501 03cd 19       		.byte	0x19
 2502 03ce 3F020000 		.4byte	0x23f
 2503 03d2 00       		.byte	0
 2504 03d3 03       		.uleb128 0x3
 2505 03d4 48020000 		.4byte	.LASF69
 2506 03d8 CA01     		.2byte	0x1ca
 2507 03da 19       		.byte	0x19
 2508 03db 1E030000 		.4byte	0x31e
 2509 03df 1C       		.byte	0x1c
 2510 03e0 08       		.uleb128 0x8
 2511 03e1 64626700 		.ascii	"dbg\000"
 2512 03e5 02       		.byte	0x2
 2513 03e6 CE01     		.2byte	0x1ce
 2514 03e8 19       		.byte	0x19
 2515 03e9 6B030000 		.4byte	0x36b
 2516 03ed 2C       		.byte	0x2c
 2517 03ee 03       		.uleb128 0x3
 2518 03ef A8000000 		.4byte	.LASF70
 2519 03f3 D201     		.2byte	0x1d2
 2520 03f5 19       		.byte	0x19
 2521 03f6 31010000 		.4byte	0x131
 2522 03fa 38       		.byte	0x38
 2523 03fb 08       		.uleb128 0x8
 2524 03fc 746D00   		.ascii	"tm\000"
 2525 03ff 02       		.byte	0x2
 2526 0400 D701     		.2byte	0x1d7
 2527 0402 19       		.byte	0x19
 2528 0403 C0050000 		.4byte	0x5c0
 2529 0407 64       		.byte	0x64
 2530 0408 03       		.uleb128 0x3
 2531 0409 31030000 		.4byte	.LASF71
 2532 040d E301     		.2byte	0x1e3
 2533 040f 03       		.byte	0x3
 2534 0410 A5060000 		.4byte	0x6a5
 2535 0414 68       		.byte	0x68
 2536 0415 00       		.byte	0
 2537 0416 02       		.uleb128 0x2
 2538 0417 03030000 		.4byte	.LASF72
 2539 041b 0A       		.byte	0xa
 2540 041c 65       		.byte	0x65
ARM GAS  /tmp/ccplaV3T.s 			page 46


 2541 041d 0F       		.byte	0xf
 2542 041e C2020000 		.4byte	0x2c2
 2543 0422 02       		.uleb128 0x2
 2544 0423 31040000 		.4byte	.LASF73
 2545 0427 0A       		.byte	0xa
 2546 0428 6D       		.byte	0x6d
 2547 0429 12       		.byte	0x12
 2548 042a C0000000 		.4byte	0xc0
 2549 042e 17       		.uleb128 0x17
 2550 042f 5D060000 		.4byte	.LASF74
 2551 0433 04       		.byte	0x4
 2552 0434 0A       		.byte	0xa
 2553 0435 89       		.byte	0x89
 2554 0436 08       		.byte	0x8
 2555 0437 49040000 		.4byte	0x449
 2556 043b 0E       		.uleb128 0xe
 2557 043c 72313300 		.ascii	"r13\000"
 2558 0440 0A       		.byte	0xa
 2559 0441 8A       		.byte	0x8a
 2560 0442 17       		.byte	0x17
 2561 0443 A4050000 		.4byte	0x5a4
 2562 0447 00       		.byte	0
 2563 0448 00       		.byte	0
 2564 0449 17       		.uleb128 0x17
 2565 044a 47000000 		.4byte	.LASF75
 2566 044e 64       		.byte	0x64
 2567 044f 04       		.byte	0x4
 2568 0450 F4       		.byte	0xf4
 2569 0451 08       		.byte	0x8
 2570 0452 A4050000 		.4byte	0x5a4
 2571 0456 0E       		.uleb128 0xe
 2572 0457 73313600 		.ascii	"s16\000"
 2573 045b 04       		.byte	0x4
 2574 045c F6       		.byte	0xf6
 2575 045d 11       		.byte	0x11
 2576 045e 16040000 		.4byte	0x416
 2577 0462 00       		.byte	0
 2578 0463 0E       		.uleb128 0xe
 2579 0464 73313700 		.ascii	"s17\000"
 2580 0468 04       		.byte	0x4
 2581 0469 F7       		.byte	0xf7
 2582 046a 11       		.byte	0x11
 2583 046b 16040000 		.4byte	0x416
 2584 046f 04       		.byte	0x4
 2585 0470 0E       		.uleb128 0xe
 2586 0471 73313800 		.ascii	"s18\000"
 2587 0475 04       		.byte	0x4
 2588 0476 F8       		.byte	0xf8
 2589 0477 11       		.byte	0x11
 2590 0478 16040000 		.4byte	0x416
 2591 047c 08       		.byte	0x8
 2592 047d 0E       		.uleb128 0xe
 2593 047e 73313900 		.ascii	"s19\000"
 2594 0482 04       		.byte	0x4
 2595 0483 F9       		.byte	0xf9
 2596 0484 11       		.byte	0x11
 2597 0485 16040000 		.4byte	0x416
ARM GAS  /tmp/ccplaV3T.s 			page 47


 2598 0489 0C       		.byte	0xc
 2599 048a 0E       		.uleb128 0xe
 2600 048b 73323000 		.ascii	"s20\000"
 2601 048f 04       		.byte	0x4
 2602 0490 FA       		.byte	0xfa
 2603 0491 11       		.byte	0x11
 2604 0492 16040000 		.4byte	0x416
 2605 0496 10       		.byte	0x10
 2606 0497 0E       		.uleb128 0xe
 2607 0498 73323100 		.ascii	"s21\000"
 2608 049c 04       		.byte	0x4
 2609 049d FB       		.byte	0xfb
 2610 049e 11       		.byte	0x11
 2611 049f 16040000 		.4byte	0x416
 2612 04a3 14       		.byte	0x14
 2613 04a4 0E       		.uleb128 0xe
 2614 04a5 73323200 		.ascii	"s22\000"
 2615 04a9 04       		.byte	0x4
 2616 04aa FC       		.byte	0xfc
 2617 04ab 11       		.byte	0x11
 2618 04ac 16040000 		.4byte	0x416
 2619 04b0 18       		.byte	0x18
 2620 04b1 0E       		.uleb128 0xe
 2621 04b2 73323300 		.ascii	"s23\000"
 2622 04b6 04       		.byte	0x4
 2623 04b7 FD       		.byte	0xfd
 2624 04b8 11       		.byte	0x11
 2625 04b9 16040000 		.4byte	0x416
 2626 04bd 1C       		.byte	0x1c
 2627 04be 0E       		.uleb128 0xe
 2628 04bf 73323400 		.ascii	"s24\000"
 2629 04c3 04       		.byte	0x4
 2630 04c4 FE       		.byte	0xfe
 2631 04c5 11       		.byte	0x11
 2632 04c6 16040000 		.4byte	0x416
 2633 04ca 20       		.byte	0x20
 2634 04cb 0E       		.uleb128 0xe
 2635 04cc 73323500 		.ascii	"s25\000"
 2636 04d0 04       		.byte	0x4
 2637 04d1 FF       		.byte	0xff
 2638 04d2 11       		.byte	0x11
 2639 04d3 16040000 		.4byte	0x416
 2640 04d7 24       		.byte	0x24
 2641 04d8 08       		.uleb128 0x8
 2642 04d9 73323600 		.ascii	"s26\000"
 2643 04dd 04       		.byte	0x4
 2644 04de 0001     		.2byte	0x100
 2645 04e0 11       		.byte	0x11
 2646 04e1 16040000 		.4byte	0x416
 2647 04e5 28       		.byte	0x28
 2648 04e6 08       		.uleb128 0x8
 2649 04e7 73323700 		.ascii	"s27\000"
 2650 04eb 04       		.byte	0x4
 2651 04ec 0101     		.2byte	0x101
 2652 04ee 11       		.byte	0x11
 2653 04ef 16040000 		.4byte	0x416
 2654 04f3 2C       		.byte	0x2c
ARM GAS  /tmp/ccplaV3T.s 			page 48


 2655 04f4 08       		.uleb128 0x8
 2656 04f5 73323800 		.ascii	"s28\000"
 2657 04f9 04       		.byte	0x4
 2658 04fa 0201     		.2byte	0x102
 2659 04fc 11       		.byte	0x11
 2660 04fd 16040000 		.4byte	0x416
 2661 0501 30       		.byte	0x30
 2662 0502 08       		.uleb128 0x8
 2663 0503 73323900 		.ascii	"s29\000"
 2664 0507 04       		.byte	0x4
 2665 0508 0301     		.2byte	0x103
 2666 050a 11       		.byte	0x11
 2667 050b 16040000 		.4byte	0x416
 2668 050f 34       		.byte	0x34
 2669 0510 08       		.uleb128 0x8
 2670 0511 73333000 		.ascii	"s30\000"
 2671 0515 04       		.byte	0x4
 2672 0516 0401     		.2byte	0x104
 2673 0518 11       		.byte	0x11
 2674 0519 16040000 		.4byte	0x416
 2675 051d 38       		.byte	0x38
 2676 051e 08       		.uleb128 0x8
 2677 051f 73333100 		.ascii	"s31\000"
 2678 0523 04       		.byte	0x4
 2679 0524 0501     		.2byte	0x105
 2680 0526 11       		.byte	0x11
 2681 0527 16040000 		.4byte	0x416
 2682 052b 3C       		.byte	0x3c
 2683 052c 08       		.uleb128 0x8
 2684 052d 723400   		.ascii	"r4\000"
 2685 0530 04       		.byte	0x4
 2686 0531 0701     		.2byte	0x107
 2687 0533 11       		.byte	0x11
 2688 0534 16040000 		.4byte	0x416
 2689 0538 40       		.byte	0x40
 2690 0539 08       		.uleb128 0x8
 2691 053a 723500   		.ascii	"r5\000"
 2692 053d 04       		.byte	0x4
 2693 053e 0801     		.2byte	0x108
 2694 0540 11       		.byte	0x11
 2695 0541 16040000 		.4byte	0x416
 2696 0545 44       		.byte	0x44
 2697 0546 08       		.uleb128 0x8
 2698 0547 723600   		.ascii	"r6\000"
 2699 054a 04       		.byte	0x4
 2700 054b 0901     		.2byte	0x109
 2701 054d 11       		.byte	0x11
 2702 054e 16040000 		.4byte	0x416
 2703 0552 48       		.byte	0x48
 2704 0553 08       		.uleb128 0x8
 2705 0554 723700   		.ascii	"r7\000"
 2706 0557 04       		.byte	0x4
 2707 0558 0A01     		.2byte	0x10a
 2708 055a 11       		.byte	0x11
 2709 055b 16040000 		.4byte	0x416
 2710 055f 4C       		.byte	0x4c
 2711 0560 08       		.uleb128 0x8
ARM GAS  /tmp/ccplaV3T.s 			page 49


 2712 0561 723800   		.ascii	"r8\000"
 2713 0564 04       		.byte	0x4
 2714 0565 0B01     		.2byte	0x10b
 2715 0567 11       		.byte	0x11
 2716 0568 16040000 		.4byte	0x416
 2717 056c 50       		.byte	0x50
 2718 056d 08       		.uleb128 0x8
 2719 056e 723900   		.ascii	"r9\000"
 2720 0571 04       		.byte	0x4
 2721 0572 0C01     		.2byte	0x10c
 2722 0574 11       		.byte	0x11
 2723 0575 16040000 		.4byte	0x416
 2724 0579 54       		.byte	0x54
 2725 057a 08       		.uleb128 0x8
 2726 057b 72313000 		.ascii	"r10\000"
 2727 057f 04       		.byte	0x4
 2728 0580 0D01     		.2byte	0x10d
 2729 0582 11       		.byte	0x11
 2730 0583 16040000 		.4byte	0x416
 2731 0587 58       		.byte	0x58
 2732 0588 08       		.uleb128 0x8
 2733 0589 72313100 		.ascii	"r11\000"
 2734 058d 04       		.byte	0x4
 2735 058e 0E01     		.2byte	0x10e
 2736 0590 11       		.byte	0x11
 2737 0591 16040000 		.4byte	0x416
 2738 0595 5C       		.byte	0x5c
 2739 0596 08       		.uleb128 0x8
 2740 0597 6C7200   		.ascii	"lr\000"
 2741 059a 04       		.byte	0x4
 2742 059b 0F01     		.2byte	0x10f
 2743 059d 11       		.byte	0x11
 2744 059e 16040000 		.4byte	0x416
 2745 05a2 60       		.byte	0x60
 2746 05a3 00       		.byte	0
 2747 05a4 0B       		.uleb128 0xb
 2748 05a5 49040000 		.4byte	0x449
 2749 05a9 30       		.uleb128 0x30
 2750 05aa 04       		.byte	0x4
 2751 05ab 0B       		.byte	0xb
 2752 05ac 38       		.byte	0x38
 2753 05ad 09       		.byte	0x9
 2754 05ae C0050000 		.4byte	0x5c0
 2755 05b2 07       		.uleb128 0x7
 2756 05b3 56060000 		.4byte	.LASF76
 2757 05b7 0B       		.byte	0xb
 2758 05b8 3C       		.byte	0x3c
 2759 05b9 19       		.byte	0x19
 2760 05ba CC000000 		.4byte	0xcc
 2761 05be 00       		.byte	0
 2762 05bf 00       		.byte	0
 2763 05c0 02       		.uleb128 0x2
 2764 05c1 96040000 		.4byte	.LASF77
 2765 05c5 0B       		.byte	0xb
 2766 05c6 3D       		.byte	0x3d
 2767 05c7 03       		.byte	0x3
 2768 05c8 A9050000 		.4byte	0x5a9
ARM GAS  /tmp/ccplaV3T.s 			page 50


 2769 05cc 31       		.uleb128 0x31
 2770 05cd 04       		.byte	0x4
 2771 05ce 02       		.byte	0x2
 2772 05cf FA       		.byte	0xfa
 2773 05d0 03       		.byte	0x3
 2774 05d1 1E060000 		.4byte	0x61e
 2775 05d5 18       		.uleb128 0x18
 2776 05d6 2D000000 		.4byte	.LASF78
 2777 05da 0101     		.2byte	0x101
 2778 05dc 19       		.byte	0x19
 2779 05dd 08010000 		.4byte	0x108
 2780 05e1 18       		.uleb128 0x18
 2781 05e2 9F000000 		.4byte	.LASF79
 2782 05e6 0801     		.2byte	0x108
 2783 05e8 19       		.byte	0x19
 2784 05e9 08010000 		.4byte	0x108
 2785 05ed 18       		.uleb128 0x18
 2786 05ee B9060000 		.4byte	.LASF80
 2787 05f2 0F01     		.2byte	0x10f
 2788 05f4 1A       		.byte	0x1a
 2789 05f5 C2020000 		.4byte	0x2c2
 2790 05f9 18       		.uleb128 0x18
 2791 05fa 27000000 		.4byte	.LASF81
 2792 05fe 1601     		.2byte	0x116
 2793 0600 1A       		.byte	0x1a
 2794 0601 1E060000 		.4byte	0x61e
 2795 0605 18       		.uleb128 0x18
 2796 0606 7C030000 		.4byte	.LASF82
 2797 060a 1E01     		.2byte	0x11e
 2798 060c 1A       		.byte	0x1a
 2799 060d 4B060000 		.4byte	0x64b
 2800 0611 18       		.uleb128 0x18
 2801 0612 AC050000 		.4byte	.LASF83
 2802 0616 2701     		.2byte	0x127
 2803 0618 1A       		.byte	0x1a
 2804 0619 85060000 		.4byte	0x685
 2805 061d 00       		.byte	0
 2806 061e 0B       		.uleb128 0xb
 2807 061f F5010000 		.4byte	0x1f5
 2808 0623 17       		.uleb128 0x17
 2809 0624 88050000 		.4byte	.LASF84
 2810 0628 0C       		.byte	0xc
 2811 0629 0C       		.byte	0xc
 2812 062a 34       		.byte	0x34
 2813 062b 10       		.byte	0x10
 2814 062c 4B060000 		.4byte	0x64b
 2815 0630 07       		.uleb128 0x7
 2816 0631 E2020000 		.4byte	.LASF85
 2817 0635 0C       		.byte	0xc
 2818 0636 35       		.byte	0x35
 2819 0637 19       		.byte	0x19
 2820 0638 06020000 		.4byte	0x206
 2821 063c 00       		.byte	0
 2822 063d 07       		.uleb128 0x7
 2823 063e 97030000 		.4byte	.LASF86
 2824 0642 0C       		.byte	0xc
 2825 0643 37       		.byte	0x37
ARM GAS  /tmp/ccplaV3T.s 			page 51


 2826 0644 19       		.byte	0x19
 2827 0645 14010000 		.4byte	0x114
 2828 0649 08       		.byte	0x8
 2829 064a 00       		.byte	0
 2830 064b 0B       		.uleb128 0xb
 2831 064c 23060000 		.4byte	0x623
 2832 0650 17       		.uleb128 0x17
 2833 0651 7C060000 		.4byte	.LASF87
 2834 0655 10       		.byte	0x10
 2835 0656 0D       		.byte	0xd
 2836 0657 39       		.byte	0x39
 2837 0658 08       		.byte	0x8
 2838 0659 85060000 		.4byte	0x685
 2839 065d 07       		.uleb128 0x7
 2840 065e 40020000 		.4byte	.LASF88
 2841 0662 0D       		.byte	0xd
 2842 0663 3A       		.byte	0x3a
 2843 0664 19       		.byte	0x19
 2844 0665 06020000 		.4byte	0x206
 2845 0669 00       		.byte	0
 2846 066a 07       		.uleb128 0x7
 2847 066b 24070000 		.4byte	.LASF89
 2848 066f 0D       		.byte	0xd
 2849 0670 3C       		.byte	0x3c
 2850 0671 1A       		.byte	0x1a
 2851 0672 01020000 		.4byte	0x201
 2852 0676 08       		.byte	0x8
 2853 0677 07       		.uleb128 0x7
 2854 0678 A7040000 		.4byte	.LASF90
 2855 067c 0D       		.byte	0xd
 2856 067d 3E       		.byte	0x3e
 2857 067e 1A       		.byte	0x1a
 2858 067f D9060000 		.4byte	0x6d9
 2859 0683 0C       		.byte	0xc
 2860 0684 00       		.byte	0
 2861 0685 0B       		.uleb128 0xb
 2862 0686 50060000 		.4byte	0x650
 2863 068a 0B       		.uleb128 0xb
 2864 068b 9B060000 		.4byte	0x69b
 2865 068f 26       		.uleb128 0x26
 2866 0690 8A060000 		.4byte	0x68a
 2867 0694 0D       		.uleb128 0xd
 2868 0695 01       		.byte	0x1
 2869 0696 08       		.byte	0x8
 2870 0697 D9050000 		.4byte	.LASF91
 2871 069b 12       		.uleb128 0x12
 2872 069c 94060000 		.4byte	0x694
 2873 06a0 0B       		.uleb128 0xb
 2874 06a1 C4020000 		.4byte	0x2c4
 2875 06a5 14       		.uleb128 0x14
 2876 06a6 22040000 		.4byte	0x422
 2877 06aa B5060000 		.4byte	0x6b5
 2878 06ae 15       		.uleb128 0x15
 2879 06af 2D000000 		.4byte	0x2d
 2880 06b3 28       		.byte	0x28
 2881 06b4 00       		.byte	0
 2882 06b5 32       		.uleb128 0x32
ARM GAS  /tmp/ccplaV3T.s 			page 52


 2883 06b6 636800   		.ascii	"ch\000"
 2884 06b9 02       		.byte	0x2
 2885 06ba 0902     		.2byte	0x209
 2886 06bc 14       		.byte	0x14
 2887 06bd AB030000 		.4byte	0x3ab
 2888 06c1 02       		.uleb128 0x2
 2889 06c2 6B050000 		.4byte	.LASF92
 2890 06c6 0C       		.byte	0xc
 2891 06c7 38       		.byte	0x38
 2892 06c8 03       		.byte	0x3
 2893 06c9 23060000 		.4byte	0x623
 2894 06cd 02       		.uleb128 0x2
 2895 06ce DC000000 		.4byte	.LASF93
 2896 06d2 0D       		.byte	0xd
 2897 06d3 34       		.byte	0x34
 2898 06d4 19       		.byte	0x19
 2899 06d5 50060000 		.4byte	0x650
 2900 06d9 0B       		.uleb128 0xb
 2901 06da CD060000 		.4byte	0x6cd
 2902 06de 1B       		.uleb128 0x1b
 2903 06df BA030000 		.4byte	.LASF96
 2904 06e3 02       		.byte	0x2
 2905 06e4 1602     		.2byte	0x216
 2906 06e6 F5060000 		.4byte	0x6f5
 2907 06ea 0C       		.uleb128 0xc
 2908 06eb 01020000 		.4byte	0x201
 2909 06ef 0C       		.uleb128 0xc
 2910 06f0 08010000 		.4byte	0x108
 2911 06f4 00       		.byte	0
 2912 06f5 1C       		.uleb128 0x1c
 2913 06f6 F9050000 		.4byte	.LASF94
 2914 06fa 1F02     		.2byte	0x21f
 2915 06fc 0D       		.byte	0xd
 2916 06fd 01020000 		.4byte	0x201
 2917 0701 0B070000 		.4byte	0x70b
 2918 0705 0C       		.uleb128 0xc
 2919 0706 0B070000 		.4byte	0x70b
 2920 070a 00       		.byte	0
 2921 070b 0B       		.uleb128 0xb
 2922 070c 06020000 		.4byte	0x206
 2923 0710 1C       		.uleb128 0x1c
 2924 0711 03070000 		.4byte	.LASF95
 2925 0715 1502     		.2byte	0x215
 2926 0717 09       		.byte	0x9
 2927 0718 08010000 		.4byte	0x108
 2928 071c 2B070000 		.4byte	0x72b
 2929 0720 0C       		.uleb128 0xc
 2930 0721 E4000000 		.4byte	0xe4
 2931 0725 0C       		.uleb128 0xc
 2932 0726 20010000 		.4byte	0x120
 2933 072a 00       		.byte	0
 2934 072b 1B       		.uleb128 0x1b
 2935 072c 95050000 		.4byte	.LASF97
 2936 0730 02       		.byte	0x2
 2937 0731 1402     		.2byte	0x214
 2938 0733 3D070000 		.4byte	0x73d
 2939 0737 0C       		.uleb128 0xc
ARM GAS  /tmp/ccplaV3T.s 			page 53


 2940 0738 E4000000 		.4byte	0xe4
 2941 073c 00       		.byte	0
 2942 073d 1B       		.uleb128 0x1b
 2943 073e 0D000000 		.4byte	.LASF98
 2944 0742 02       		.byte	0x2
 2945 0743 1E02     		.2byte	0x21e
 2946 0745 54070000 		.4byte	0x754
 2947 0749 0C       		.uleb128 0xc
 2948 074a 01020000 		.4byte	0x201
 2949 074e 0C       		.uleb128 0xc
 2950 074f 0B070000 		.4byte	0x70b
 2951 0753 00       		.byte	0
 2952 0754 1D       		.uleb128 0x1d
 2953 0755 F2030000 		.4byte	.LASF101
 2954 0759 DF       		.byte	0xdf
 2955 075a 1C       		.uleb128 0x1c
 2956 075b BB050000 		.4byte	.LASF99
 2957 075f 1302     		.2byte	0x213
 2958 0761 0D       		.byte	0xd
 2959 0762 01020000 		.4byte	0x201
 2960 0766 70070000 		.4byte	0x770
 2961 076a 0C       		.uleb128 0xc
 2962 076b 01020000 		.4byte	0x201
 2963 076f 00       		.byte	0
 2964 0770 1C       		.uleb128 0x1c
 2965 0771 81000000 		.4byte	.LASF100
 2966 0775 2002     		.2byte	0x220
 2967 0777 0D       		.byte	0xd
 2968 0778 01020000 		.4byte	0x201
 2969 077c 86070000 		.4byte	0x786
 2970 0780 0C       		.uleb128 0xc
 2971 0781 0B070000 		.4byte	0x70b
 2972 0785 00       		.byte	0
 2973 0786 1D       		.uleb128 0x1d
 2974 0787 CD030000 		.4byte	.LASF102
 2975 078b DE       		.byte	0xde
 2976 078c 1D       		.uleb128 0x1d
 2977 078d A7060000 		.4byte	.LASF103
 2978 0791 D9       		.byte	0xd9
 2979 0792 1D       		.uleb128 0x1d
 2980 0793 57040000 		.4byte	.LASF104
 2981 0797 D8       		.byte	0xd8
 2982 0798 33       		.uleb128 0x33
 2983 0799 EA020000 		.4byte	.LASF105
 2984 079d 02       		.byte	0x2
 2985 079e 1702     		.2byte	0x217
 2986 07a0 08       		.byte	0x8
 2987 07a1 1B       		.uleb128 0x1b
 2988 07a2 77000000 		.4byte	.LASF106
 2989 07a6 03       		.byte	0x3
 2990 07a7 1601     		.2byte	0x116
 2991 07a9 B3070000 		.4byte	0x7b3
 2992 07ad 0C       		.uleb128 0xc
 2993 07ae 8A060000 		.4byte	0x68a
 2994 07b2 00       		.byte	0
 2995 07b3 27       		.uleb128 0x27
 2996 07b4 19020000 		.4byte	.LASF111
ARM GAS  /tmp/ccplaV3T.s 			page 54


 2997 07b8 7A01     		.2byte	0x17a
 2998 07ba 08010000 		.4byte	0x108
 2999 07be 00000000 		.4byte	.LFB196
 3000 07c2 D4000000 		.4byte	.LFE196-.LFB196
 3001 07c6 01       		.uleb128 0x1
 3002 07c7 9C       		.byte	0x9c
 3003 07c8 F4090000 		.4byte	0x9f4
 3004 07cc 16       		.uleb128 0x16
 3005 07cd 73707300 		.ascii	"sps\000"
 3006 07d1 7A01     		.2byte	0x17a
 3007 07d3 24       		.byte	0x24
 3008 07d4 F4090000 		.4byte	0x9f4
 3009 07d8 1C000000 		.4byte	.LLST59
 3010 07dc 0C000000 		.4byte	.LVUS59
 3011 07e0 16       		.uleb128 0x16
 3012 07e1 73707700 		.ascii	"spw\000"
 3013 07e5 7A01     		.2byte	0x17a
 3014 07e7 36       		.byte	0x36
 3015 07e8 F4090000 		.4byte	0x9f4
 3016 07ec 77000000 		.4byte	.LLST60
 3017 07f0 67000000 		.4byte	.LVUS60
 3018 07f4 1F       		.uleb128 0x1f
 3019 07f5 6D736700 		.ascii	"msg\000"
 3020 07f9 7B01     		.2byte	0x17b
 3021 07fb 09       		.byte	0x9
 3022 07fc 08010000 		.4byte	0x108
 3023 0800 C8000000 		.4byte	.LLST61
 3024 0804 C2000000 		.4byte	.LVUS61
 3025 0808 0F       		.uleb128 0xf
 3026 0809 57050000 		.4byte	.LASF107
 3027 080d 090A0000 		.4byte	0xa09
 3028 0811 05       		.uleb128 0x5
 3029 0812 03       		.byte	0x3
 3030 0813 00000000 		.4byte	__func__.0
 3031 0817 34       		.uleb128 0x34
 3032 0818 A0000000 		.4byte	.LBB279
 3033 081c 16000000 		.4byte	.LBE279-.LBB279
 3034 0820 62080000 		.4byte	0x862
 3035 0824 1F       		.uleb128 0x1f
 3036 0825 63747000 		.ascii	"ctp\000"
 3037 0829 8A01     		.2byte	0x18a
 3038 082b 0F       		.byte	0xf
 3039 082c 01020000 		.4byte	0x201
 3040 0830 E0000000 		.4byte	.LLST70
 3041 0834 DE000000 		.4byte	.LVUS70
 3042 0838 04       		.uleb128 0x4
 3043 0839 AC000000 		.4byte	.LVL152
 3044 083d 3D070000 		.4byte	0x73d
 3045 0841 52080000 		.4byte	0x852
 3046 0845 01       		.uleb128 0x1
 3047 0846 01       		.uleb128 0x1
 3048 0847 50       		.byte	0x50
 3049 0848 02       		.uleb128 0x2
 3050 0849 76       		.byte	0x76
 3051 084a 00       		.sleb128 0
 3052 084b 01       		.uleb128 0x1
 3053 084c 01       		.uleb128 0x1
ARM GAS  /tmp/ccplaV3T.s 			page 55


 3054 084d 51       		.byte	0x51
 3055 084e 02       		.uleb128 0x2
 3056 084f 74       		.byte	0x74
 3057 0850 00       		.sleb128 0
 3058 0851 00       		.byte	0
 3059 0852 0A       		.uleb128 0xa
 3060 0853 B4000000 		.4byte	.LVL153
 3061 0857 2B070000 		.4byte	0x72b
 3062 085b 01       		.uleb128 0x1
 3063 085c 01       		.uleb128 0x1
 3064 085d 50       		.byte	0x50
 3065 085e 01       		.uleb128 0x1
 3066 085f 35       		.byte	0x35
 3067 0860 00       		.byte	0
 3068 0861 00       		.byte	0
 3069 0862 09       		.uleb128 0x9
 3070 0863 0C140000 		.4byte	0x140c
 3071 0867 16000000 		.4byte	.LBI256
 3072 086b 00       		.byte	.LVU495
 3073 086c 2C010000 		.4byte	.LLRL62
 3074 0870 01       		.byte	0x1
 3075 0871 7E01     		.2byte	0x17e
 3076 0873 85080000 		.4byte	0x885
 3077 0877 05       		.uleb128 0x5
 3078 0878 1B140000 		.4byte	0x141b
 3079 087c EB000000 		.4byte	.LLST63
 3080 0880 E9000000 		.4byte	.LVUS63
 3081 0884 00       		.byte	0
 3082 0885 09       		.uleb128 0x9
 3083 0886 0C140000 		.4byte	0x140c
 3084 088a 28000000 		.4byte	.LBI260
 3085 088e 00       		.byte	.LVU506
 3086 088f 38010000 		.4byte	.LLRL64
 3087 0893 01       		.byte	0x1
 3088 0894 8101     		.2byte	0x181
 3089 0896 A8080000 		.4byte	0x8a8
 3090 089a 05       		.uleb128 0x5
 3091 089b 1B140000 		.4byte	0x141b
 3092 089f F6000000 		.4byte	.LLST65
 3093 08a3 F4000000 		.4byte	.LVUS65
 3094 08a7 00       		.byte	0
 3095 08a8 1E       		.uleb128 0x1e
 3096 08a9 DC130000 		.4byte	0x13dc
 3097 08ad 32000000 		.4byte	.LBI264
 3098 08b1 02       		.byte	.LVU513
 3099 08b2 32000000 		.4byte	.LBB264
 3100 08b6 0A000000 		.4byte	.LBE264-.LBB264
 3101 08ba 01       		.byte	0x1
 3102 08bb 8501     		.2byte	0x185
 3103 08bd 05090000 		.4byte	0x905
 3104 08c1 1E       		.uleb128 0x1e
 3105 08c2 49140000 		.4byte	0x1449
 3106 08c6 32000000 		.4byte	.LBI266
 3107 08ca 04       		.byte	.LVU515
 3108 08cb 32000000 		.4byte	.LBB266
 3109 08cf 06000000 		.4byte	.LBE266-.LBB266
 3110 08d3 03       		.byte	0x3
ARM GAS  /tmp/ccplaV3T.s 			page 56


 3111 08d4 5C01     		.2byte	0x15c
 3112 08d6 FB080000 		.4byte	0x8fb
 3113 08da 28       		.uleb128 0x28
 3114 08db 51140000 		.4byte	0x1451
 3115 08df 32000000 		.4byte	.LBI267
 3116 08e3 06       		.byte	.LVU517
 3117 08e4 32000000 		.4byte	.LBB267
 3118 08e8 06000000 		.4byte	.LBE267-.LBB267
 3119 08ec 05       		.uleb128 0x5
 3120 08ed 5B140000 		.4byte	0x145b
 3121 08f1 01010000 		.4byte	.LLST66
 3122 08f5 FF000000 		.4byte	.LVUS66
 3123 08f9 00       		.byte	0
 3124 08fa 00       		.byte	0
 3125 08fb 06       		.uleb128 0x6
 3126 08fc 3C000000 		.4byte	.LVL135
 3127 0900 92070000 		.4byte	0x792
 3128 0904 00       		.byte	0
 3129 0905 09       		.uleb128 0x9
 3130 0906 C0130000 		.4byte	0x13c0
 3131 090a 58000000 		.4byte	.LBI269
 3132 090e 01       		.byte	.LVU533
 3133 090f 44010000 		.4byte	.LLRL67
 3134 0913 01       		.byte	0x1
 3135 0914 9401     		.2byte	0x194
 3136 0916 71090000 		.4byte	0x971
 3137 091a 19       		.uleb128 0x19
 3138 091b 44010000 		.4byte	.LLRL67
 3139 091f 09       		.uleb128 0x9
 3140 0920 41140000 		.4byte	0x1441
 3141 0924 6C000000 		.4byte	.LBI271
 3142 0928 02       		.byte	.LVU542
 3143 0929 50010000 		.4byte	.LLRL68
 3144 092d 03       		.byte	0x3
 3145 092e 7301     		.2byte	0x173
 3146 0930 53090000 		.4byte	0x953
 3147 0934 13       		.uleb128 0x13
 3148 0935 51140000 		.4byte	0x1451
 3149 0939 6C000000 		.4byte	.LBI272
 3150 093d 04       		.byte	.LVU544
 3151 093e 50010000 		.4byte	.LLRL68
 3152 0942 CD01     		.2byte	0x1cd
 3153 0944 05       		.uleb128 0x5
 3154 0945 5B140000 		.4byte	0x145b
 3155 0949 10010000 		.4byte	.LLST69
 3156 094d 0C010000 		.4byte	.LVUS69
 3157 0951 00       		.byte	0
 3158 0952 00       		.byte	0
 3159 0953 06       		.uleb128 0x6
 3160 0954 5C000000 		.4byte	.LVL139
 3161 0958 8C070000 		.4byte	0x78c
 3162 095c 0A       		.uleb128 0xa
 3163 095d 7C000000 		.4byte	.LVL143
 3164 0961 A1070000 		.4byte	0x7a1
 3165 0965 01       		.uleb128 0x1
 3166 0966 01       		.uleb128 0x1
 3167 0967 50       		.byte	0x50
ARM GAS  /tmp/ccplaV3T.s 			page 57


 3168 0968 05       		.uleb128 0x5
 3169 0969 03       		.byte	0x3
 3170 096a 00000000 		.4byte	__func__.7
 3171 096e 00       		.byte	0
 3172 096f 00       		.byte	0
 3173 0970 00       		.byte	0
 3174 0971 04       		.uleb128 0x4
 3175 0972 20000000 		.4byte	.LVL131
 3176 0976 A1070000 		.4byte	0x7a1
 3177 097a 88090000 		.4byte	0x988
 3178 097e 01       		.uleb128 0x1
 3179 097f 01       		.uleb128 0x1
 3180 0980 50       		.byte	0x50
 3181 0981 05       		.uleb128 0x5
 3182 0982 03       		.byte	0x3
 3183 0983 00000000 		.4byte	__func__.0
 3184 0987 00       		.byte	0
 3185 0988 04       		.uleb128 0x4
 3186 0989 32000000 		.4byte	.LVL133
 3187 098d A1070000 		.4byte	0x7a1
 3188 0991 9F090000 		.4byte	0x99f
 3189 0995 01       		.uleb128 0x1
 3190 0996 01       		.uleb128 0x1
 3191 0997 50       		.byte	0x50
 3192 0998 05       		.uleb128 0x5
 3193 0999 03       		.byte	0x3
 3194 099a 00000000 		.4byte	__func__.0
 3195 099e 00       		.byte	0
 3196 099f 06       		.uleb128 0x6
 3197 09a0 54000000 		.4byte	.LVL136
 3198 09a4 98070000 		.4byte	0x798
 3199 09a8 04       		.uleb128 0x4
 3200 09a9 96000000 		.4byte	.LVL146
 3201 09ad A1070000 		.4byte	0x7a1
 3202 09b1 BF090000 		.4byte	0x9bf
 3203 09b5 01       		.uleb128 0x1
 3204 09b6 01       		.uleb128 0x1
 3205 09b7 50       		.byte	0x50
 3206 09b8 05       		.uleb128 0x5
 3207 09b9 03       		.byte	0x3
 3208 09ba 00000000 		.4byte	__func__.0
 3209 09be 00       		.byte	0
 3210 09bf 04       		.uleb128 0x4
 3211 09c0 9E000000 		.4byte	.LVL149
 3212 09c4 A1070000 		.4byte	0x7a1
 3213 09c8 D6090000 		.4byte	0x9d6
 3214 09cc 01       		.uleb128 0x1
 3215 09cd 01       		.uleb128 0x1
 3216 09ce 50       		.byte	0x50
 3217 09cf 05       		.uleb128 0x5
 3218 09d0 03       		.byte	0x3
 3219 09d1 00000000 		.4byte	__func__.0
 3220 09d5 00       		.byte	0
 3221 09d6 04       		.uleb128 0x4
 3222 09d7 BE000000 		.4byte	.LVL156
 3223 09db F5060000 		.4byte	0x6f5
 3224 09df EA090000 		.4byte	0x9ea
ARM GAS  /tmp/ccplaV3T.s 			page 58


 3225 09e3 01       		.uleb128 0x1
 3226 09e4 01       		.uleb128 0x1
 3227 09e5 50       		.byte	0x50
 3228 09e6 02       		.uleb128 0x2
 3229 09e7 75       		.byte	0x75
 3230 09e8 00       		.sleb128 0
 3231 09e9 00       		.byte	0
 3232 09ea 06       		.uleb128 0x6
 3233 09eb C2000000 		.4byte	.LVL157
 3234 09ef 5A070000 		.4byte	0x75a
 3235 09f3 00       		.byte	0
 3236 09f4 0B       		.uleb128 0xb
 3237 09f5 C1060000 		.4byte	0x6c1
 3238 09f9 14       		.uleb128 0x14
 3239 09fa 9B060000 		.4byte	0x69b
 3240 09fe 090A0000 		.4byte	0xa09
 3241 0a02 15       		.uleb128 0x15
 3242 0a03 2D000000 		.4byte	0x2d
 3243 0a07 0F       		.byte	0xf
 3244 0a08 00       		.byte	0
 3245 0a09 12       		.uleb128 0x12
 3246 0a0a F9090000 		.4byte	0x9f9
 3247 0a0e 20       		.uleb128 0x20
 3248 0a0f B3000000 		.4byte	.LASF108
 3249 0a13 5D01     		.2byte	0x15d
 3250 0a15 00000000 		.4byte	.LFB195
 3251 0a19 78000000 		.4byte	.LFE195-.LFB195
 3252 0a1d 01       		.uleb128 0x1
 3253 0a1e 9C       		.byte	0x9c
 3254 0a1f 050B0000 		.4byte	0xb05
 3255 0a23 16       		.uleb128 0x16
 3256 0a24 737000   		.ascii	"sp\000"
 3257 0a27 5D01     		.2byte	0x15d
 3258 0a29 24       		.byte	0x24
 3259 0a2a F4090000 		.4byte	0x9f4
 3260 0a2e 26010000 		.4byte	.LLST53
 3261 0a32 22010000 		.4byte	.LVUS53
 3262 0a36 16       		.uleb128 0x16
 3263 0a37 6E00     		.ascii	"n\000"
 3264 0a39 5D01     		.2byte	0x15d
 3265 0a3b 2E       		.byte	0x2e
 3266 0a3c 14010000 		.4byte	0x114
 3267 0a40 46010000 		.4byte	.LLST54
 3268 0a44 36010000 		.4byte	.LVUS54
 3269 0a48 0F       		.uleb128 0xf
 3270 0a49 57050000 		.4byte	.LASF107
 3271 0a4d 150B0000 		.4byte	0xb15
 3272 0a51 05       		.uleb128 0x5
 3273 0a52 03       		.byte	0x3
 3274 0a53 00000000 		.4byte	__func__.1
 3275 0a57 09       		.uleb128 0x9
 3276 0a58 0C140000 		.4byte	0x140c
 3277 0a5c 18000000 		.4byte	.LBI227
 3278 0a60 00       		.byte	.LVU438
 3279 0a61 11010000 		.4byte	.LLRL55
 3280 0a65 01       		.byte	0x1
 3281 0a66 6101     		.2byte	0x161
ARM GAS  /tmp/ccplaV3T.s 			page 59


 3282 0a68 7A0A0000 		.4byte	0xa7a
 3283 0a6c 05       		.uleb128 0x5
 3284 0a6d 1B140000 		.4byte	0x141b
 3285 0a71 7C010000 		.4byte	.LLST56
 3286 0a75 78010000 		.4byte	.LVUS56
 3287 0a79 00       		.byte	0
 3288 0a7a 09       		.uleb128 0x9
 3289 0a7b E4130000 		.4byte	0x13e4
 3290 0a7f 66000000 		.4byte	.LBI233
 3291 0a83 00       		.byte	.LVU472
 3292 0a84 20010000 		.4byte	.LLRL57
 3293 0a88 01       		.byte	0x1
 3294 0a89 6101     		.2byte	0x161
 3295 0a8b 9D0A0000 		.4byte	0xa9d
 3296 0a8f 05       		.uleb128 0x5
 3297 0a90 F3130000 		.4byte	0x13f3
 3298 0a94 91010000 		.4byte	.LLST58
 3299 0a98 8D010000 		.4byte	.LVUS58
 3300 0a9c 00       		.byte	0
 3301 0a9d 06       		.uleb128 0x6
 3302 0a9e 0A000000 		.4byte	.LVL110
 3303 0aa2 86070000 		.4byte	0x786
 3304 0aa6 04       		.uleb128 0x4
 3305 0aa7 22000000 		.4byte	.LVL112
 3306 0aab A1070000 		.4byte	0x7a1
 3307 0aaf BD0A0000 		.4byte	0xabd
 3308 0ab3 01       		.uleb128 0x1
 3309 0ab4 01       		.uleb128 0x1
 3310 0ab5 50       		.byte	0x50
 3311 0ab6 05       		.uleb128 0x5
 3312 0ab7 03       		.byte	0x3
 3313 0ab8 00000000 		.4byte	__func__.1
 3314 0abc 00       		.byte	0
 3315 0abd 04       		.uleb128 0x4
 3316 0abe 3C000000 		.4byte	.LVL118
 3317 0ac2 F5060000 		.4byte	0x6f5
 3318 0ac6 D10A0000 		.4byte	0xad1
 3319 0aca 01       		.uleb128 0x1
 3320 0acb 01       		.uleb128 0x1
 3321 0acc 50       		.byte	0x50
 3322 0acd 02       		.uleb128 0x2
 3323 0ace 75       		.byte	0x75
 3324 0acf 00       		.sleb128 0
 3325 0ad0 00       		.byte	0
 3326 0ad1 06       		.uleb128 0x6
 3327 0ad2 40000000 		.4byte	.LVL119
 3328 0ad6 5A070000 		.4byte	0x75a
 3329 0ada 04       		.uleb128 0x4
 3330 0adb 4E000000 		.4byte	.LVL123
 3331 0adf A1070000 		.4byte	0x7a1
 3332 0ae3 F10A0000 		.4byte	0xaf1
 3333 0ae7 01       		.uleb128 0x1
 3334 0ae8 01       		.uleb128 0x1
 3335 0ae9 50       		.byte	0x50
 3336 0aea 05       		.uleb128 0x5
 3337 0aeb 03       		.byte	0x3
 3338 0aec 00000000 		.4byte	__func__.1
ARM GAS  /tmp/ccplaV3T.s 			page 60


 3339 0af0 00       		.byte	0
 3340 0af1 0A       		.uleb128 0xa
 3341 0af2 60000000 		.4byte	.LVL125
 3342 0af6 A1070000 		.4byte	0x7a1
 3343 0afa 01       		.uleb128 0x1
 3344 0afb 01       		.uleb128 0x1
 3345 0afc 50       		.byte	0x50
 3346 0afd 05       		.uleb128 0x5
 3347 0afe 03       		.byte	0x3
 3348 0aff 00000000 		.4byte	__func__.1
 3349 0b03 00       		.byte	0
 3350 0b04 00       		.byte	0
 3351 0b05 14       		.uleb128 0x14
 3352 0b06 9B060000 		.4byte	0x69b
 3353 0b0a 150B0000 		.4byte	0xb15
 3354 0b0e 15       		.uleb128 0x15
 3355 0b0f 2D000000 		.4byte	0x2d
 3356 0b13 10       		.byte	0x10
 3357 0b14 00       		.byte	0
 3358 0b15 12       		.uleb128 0x12
 3359 0b16 050B0000 		.4byte	0xb05
 3360 0b1a 20       		.uleb128 0x20
 3361 0b1b 1A000000 		.4byte	.LASF109
 3362 0b1f 3F01     		.2byte	0x13f
 3363 0b21 00000000 		.4byte	.LFB194
 3364 0b25 54000000 		.4byte	.LFE194-.LFB194
 3365 0b29 01       		.uleb128 0x1
 3366 0b2a 9C       		.byte	0x9c
 3367 0b2b E20B0000 		.4byte	0xbe2
 3368 0b2f 16       		.uleb128 0x16
 3369 0b30 737000   		.ascii	"sp\000"
 3370 0b33 3F01     		.2byte	0x13f
 3371 0b35 20       		.byte	0x20
 3372 0b36 F4090000 		.4byte	0x9f4
 3373 0b3a AA010000 		.4byte	.LLST48
 3374 0b3e A2010000 		.4byte	.LVUS48
 3375 0b42 0F       		.uleb128 0xf
 3376 0b43 57050000 		.4byte	.LASF107
 3377 0b47 F20B0000 		.4byte	0xbf2
 3378 0b4b 05       		.uleb128 0x5
 3379 0b4c 03       		.byte	0x3
 3380 0b4d 00000000 		.4byte	__func__.2
 3381 0b51 35       		.uleb128 0x35
 3382 0b52 05010000 		.4byte	.LLRL51
 3383 0b56 8B0B0000 		.4byte	0xb8b
 3384 0b5a 1F       		.uleb128 0x1f
 3385 0b5b 747000   		.ascii	"tp\000"
 3386 0b5e 4A01     		.2byte	0x14a
 3387 0b60 0F       		.byte	0xf
 3388 0b61 01020000 		.4byte	0x201
 3389 0b65 CF010000 		.4byte	.LLST52
 3390 0b69 CD010000 		.4byte	.LVUS52
 3391 0b6d 04       		.uleb128 0x4
 3392 0b6e 36000000 		.4byte	.LVL104
 3393 0b72 F5060000 		.4byte	0x6f5
 3394 0b76 810B0000 		.4byte	0xb81
 3395 0b7a 01       		.uleb128 0x1
ARM GAS  /tmp/ccplaV3T.s 			page 61


 3396 0b7b 01       		.uleb128 0x1
 3397 0b7c 50       		.byte	0x50
 3398 0b7d 02       		.uleb128 0x2
 3399 0b7e 74       		.byte	0x74
 3400 0b7f 00       		.sleb128 0
 3401 0b80 00       		.byte	0
 3402 0b81 36       		.uleb128 0x36
 3403 0b82 42000000 		.4byte	.LVL106
 3404 0b86 5A070000 		.4byte	0x75a
 3405 0b8a 00       		.byte	0
 3406 0b8b 09       		.uleb128 0x9
 3407 0b8c 0C140000 		.4byte	0x140c
 3408 0b90 12000000 		.4byte	.LBI221
 3409 0b94 00       		.byte	.LVU393
 3410 0b95 F9000000 		.4byte	.LLRL49
 3411 0b99 01       		.byte	0x1
 3412 0b9a 4301     		.2byte	0x143
 3413 0b9c AE0B0000 		.4byte	0xbae
 3414 0ba0 05       		.uleb128 0x5
 3415 0ba1 1B140000 		.4byte	0x141b
 3416 0ba5 DA010000 		.4byte	.LLST50
 3417 0ba9 D8010000 		.4byte	.LVUS50
 3418 0bad 00       		.byte	0
 3419 0bae 06       		.uleb128 0x6
 3420 0baf 08000000 		.4byte	.LVL100
 3421 0bb3 86070000 		.4byte	0x786
 3422 0bb7 04       		.uleb128 0x4
 3423 0bb8 1C000000 		.4byte	.LVL102
 3424 0bbc A1070000 		.4byte	0x7a1
 3425 0bc0 CE0B0000 		.4byte	0xbce
 3426 0bc4 01       		.uleb128 0x1
 3427 0bc5 01       		.uleb128 0x1
 3428 0bc6 50       		.byte	0x50
 3429 0bc7 05       		.uleb128 0x5
 3430 0bc8 03       		.byte	0x3
 3431 0bc9 00000000 		.4byte	__func__.2
 3432 0bcd 00       		.byte	0
 3433 0bce 0A       		.uleb128 0xa
 3434 0bcf 4E000000 		.4byte	.LVL108
 3435 0bd3 A1070000 		.4byte	0x7a1
 3436 0bd7 01       		.uleb128 0x1
 3437 0bd8 01       		.uleb128 0x1
 3438 0bd9 50       		.byte	0x50
 3439 0bda 05       		.uleb128 0x5
 3440 0bdb 03       		.byte	0x3
 3441 0bdc 00000000 		.4byte	__func__.2
 3442 0be0 00       		.byte	0
 3443 0be1 00       		.byte	0
 3444 0be2 14       		.uleb128 0x14
 3445 0be3 9B060000 		.4byte	0x69b
 3446 0be7 F20B0000 		.4byte	0xbf2
 3447 0beb 15       		.uleb128 0x15
 3448 0bec 2D000000 		.4byte	0x2d
 3449 0bf0 0C       		.byte	0xc
 3450 0bf1 00       		.byte	0
 3451 0bf2 12       		.uleb128 0x12
 3452 0bf3 E20B0000 		.4byte	0xbe2
ARM GAS  /tmp/ccplaV3T.s 			page 62


 3453 0bf7 20       		.uleb128 0x20
 3454 0bf8 93000000 		.4byte	.LASF110
 3455 0bfc 2601     		.2byte	0x126
 3456 0bfe 00000000 		.4byte	.LFB193
 3457 0c02 80000000 		.4byte	.LFE193-.LFB193
 3458 0c06 01       		.uleb128 0x1
 3459 0c07 9C       		.byte	0x9c
 3460 0c08 6C0D0000 		.4byte	0xd6c
 3461 0c0c 16       		.uleb128 0x16
 3462 0c0d 737000   		.ascii	"sp\000"
 3463 0c10 2601     		.2byte	0x126
 3464 0c12 1F       		.byte	0x1f
 3465 0c13 F4090000 		.4byte	0x9f4
 3466 0c17 EB010000 		.4byte	.LLST41
 3467 0c1b E3010000 		.4byte	.LVUS41
 3468 0c1f 0F       		.uleb128 0xf
 3469 0c20 57050000 		.4byte	.LASF107
 3470 0c24 7C0D0000 		.4byte	0xd7c
 3471 0c28 05       		.uleb128 0x5
 3472 0c29 03       		.byte	0x3
 3473 0c2a 00000000 		.4byte	__func__.3
 3474 0c2e 09       		.uleb128 0x9
 3475 0c2f 0C140000 		.4byte	0x140c
 3476 0c33 0E000000 		.4byte	.LBI202
 3477 0c37 00       		.byte	.LVU330
 3478 0c38 D5000000 		.4byte	.LLRL42
 3479 0c3c 01       		.byte	0x1
 3480 0c3d 2901     		.2byte	0x129
 3481 0c3f 510C0000 		.4byte	0xc51
 3482 0c43 05       		.uleb128 0x5
 3483 0c44 1B140000 		.4byte	0x141b
 3484 0c48 08020000 		.4byte	.LLST43
 3485 0c4c 06020000 		.4byte	.LVUS43
 3486 0c50 00       		.byte	0
 3487 0c51 1E       		.uleb128 0x1e
 3488 0c52 DC130000 		.4byte	0x13dc
 3489 0c56 18000000 		.4byte	.LBI206
 3490 0c5a 02       		.byte	.LVU337
 3491 0c5b 18000000 		.4byte	.LBB206
 3492 0c5f 0A000000 		.4byte	.LBE206-.LBB206
 3493 0c63 01       		.byte	0x1
 3494 0c64 2D01     		.2byte	0x12d
 3495 0c66 AE0C0000 		.4byte	0xcae
 3496 0c6a 1E       		.uleb128 0x1e
 3497 0c6b 49140000 		.4byte	0x1449
 3498 0c6f 18000000 		.4byte	.LBI208
 3499 0c73 04       		.byte	.LVU339
 3500 0c74 18000000 		.4byte	.LBB208
 3501 0c78 06000000 		.4byte	.LBE208-.LBB208
 3502 0c7c 03       		.byte	0x3
 3503 0c7d 5C01     		.2byte	0x15c
 3504 0c7f A40C0000 		.4byte	0xca4
 3505 0c83 28       		.uleb128 0x28
 3506 0c84 51140000 		.4byte	0x1451
 3507 0c88 18000000 		.4byte	.LBI209
 3508 0c8c 06       		.byte	.LVU341
 3509 0c8d 18000000 		.4byte	.LBB209
ARM GAS  /tmp/ccplaV3T.s 			page 63


 3510 0c91 06000000 		.4byte	.LBE209-.LBB209
 3511 0c95 05       		.uleb128 0x5
 3512 0c96 5B140000 		.4byte	0x145b
 3513 0c9a 13020000 		.4byte	.LLST44
 3514 0c9e 11020000 		.4byte	.LVUS44
 3515 0ca2 00       		.byte	0
 3516 0ca3 00       		.byte	0
 3517 0ca4 06       		.uleb128 0x6
 3518 0ca5 22000000 		.4byte	.LVL86
 3519 0ca9 92070000 		.4byte	0x792
 3520 0cad 00       		.byte	0
 3521 0cae 09       		.uleb128 0x9
 3522 0caf C0130000 		.4byte	0x13c0
 3523 0cb3 2C000000 		.4byte	.LBI211
 3524 0cb7 01       		.byte	.LVU350
 3525 0cb8 E1000000 		.4byte	.LLRL45
 3526 0cbc 01       		.byte	0x1
 3527 0cbd 3101     		.2byte	0x131
 3528 0cbf 1A0D0000 		.4byte	0xd1a
 3529 0cc3 19       		.uleb128 0x19
 3530 0cc4 E1000000 		.4byte	.LLRL45
 3531 0cc8 09       		.uleb128 0x9
 3532 0cc9 41140000 		.4byte	0x1441
 3533 0ccd 42000000 		.4byte	.LBI213
 3534 0cd1 02       		.byte	.LVU359
 3535 0cd2 ED000000 		.4byte	.LLRL46
 3536 0cd6 03       		.byte	0x3
 3537 0cd7 7301     		.2byte	0x173
 3538 0cd9 FC0C0000 		.4byte	0xcfc
 3539 0cdd 13       		.uleb128 0x13
 3540 0cde 51140000 		.4byte	0x1451
 3541 0ce2 42000000 		.4byte	.LBI214
 3542 0ce6 04       		.byte	.LVU361
 3543 0ce7 ED000000 		.4byte	.LLRL46
 3544 0ceb CD01     		.2byte	0x1cd
 3545 0ced 05       		.uleb128 0x5
 3546 0cee 5B140000 		.4byte	0x145b
 3547 0cf2 22020000 		.4byte	.LLST47
 3548 0cf6 1E020000 		.4byte	.LVUS47
 3549 0cfa 00       		.byte	0
 3550 0cfb 00       		.byte	0
 3551 0cfc 06       		.uleb128 0x6
 3552 0cfd 30000000 		.4byte	.LVL87
 3553 0d01 8C070000 		.4byte	0x78c
 3554 0d05 0A       		.uleb128 0xa
 3555 0d06 50000000 		.4byte	.LVL91
 3556 0d0a A1070000 		.4byte	0x7a1
 3557 0d0e 01       		.uleb128 0x1
 3558 0d0f 01       		.uleb128 0x1
 3559 0d10 50       		.byte	0x50
 3560 0d11 05       		.uleb128 0x5
 3561 0d12 03       		.byte	0x3
 3562 0d13 00000000 		.4byte	__func__.7
 3563 0d17 00       		.byte	0
 3564 0d18 00       		.byte	0
 3565 0d19 00       		.byte	0
 3566 0d1a 04       		.uleb128 0x4
ARM GAS  /tmp/ccplaV3T.s 			page 64


 3567 0d1b 18000000 		.4byte	.LVL84
 3568 0d1f A1070000 		.4byte	0x7a1
 3569 0d23 310D0000 		.4byte	0xd31
 3570 0d27 01       		.uleb128 0x1
 3571 0d28 01       		.uleb128 0x1
 3572 0d29 50       		.byte	0x50
 3573 0d2a 05       		.uleb128 0x5
 3574 0d2b 03       		.byte	0x3
 3575 0d2c 00000000 		.4byte	__func__.3
 3576 0d30 00       		.byte	0
 3577 0d31 04       		.uleb128 0x4
 3578 0d32 64000000 		.4byte	.LVL94
 3579 0d36 F5060000 		.4byte	0x6f5
 3580 0d3a 450D0000 		.4byte	0xd45
 3581 0d3e 01       		.uleb128 0x1
 3582 0d3f 01       		.uleb128 0x1
 3583 0d40 50       		.byte	0x50
 3584 0d41 02       		.uleb128 0x2
 3585 0d42 74       		.byte	0x74
 3586 0d43 00       		.sleb128 0
 3587 0d44 00       		.byte	0
 3588 0d45 04       		.uleb128 0x4
 3589 0d46 6A000000 		.4byte	.LVL95
 3590 0d4a DE060000 		.4byte	0x6de
 3591 0d4e 580D0000 		.4byte	0xd58
 3592 0d52 01       		.uleb128 0x1
 3593 0d53 01       		.uleb128 0x1
 3594 0d54 51       		.byte	0x51
 3595 0d55 01       		.uleb128 0x1
 3596 0d56 30       		.byte	0x30
 3597 0d57 00       		.byte	0
 3598 0d58 0A       		.uleb128 0xa
 3599 0d59 72000000 		.4byte	.LVL98
 3600 0d5d A1070000 		.4byte	0x7a1
 3601 0d61 01       		.uleb128 0x1
 3602 0d62 01       		.uleb128 0x1
 3603 0d63 50       		.byte	0x50
 3604 0d64 05       		.uleb128 0x5
 3605 0d65 03       		.byte	0x3
 3606 0d66 00000000 		.4byte	__func__.3
 3607 0d6a 00       		.byte	0
 3608 0d6b 00       		.byte	0
 3609 0d6c 14       		.uleb128 0x14
 3610 0d6d 9B060000 		.4byte	0x69b
 3611 0d71 7C0D0000 		.4byte	0xd7c
 3612 0d75 15       		.uleb128 0x15
 3613 0d76 2D000000 		.4byte	0x2d
 3614 0d7a 0B       		.byte	0xb
 3615 0d7b 00       		.byte	0
 3616 0d7c 12       		.uleb128 0x12
 3617 0d7d 6C0D0000 		.4byte	0xd6c
 3618 0d81 27       		.uleb128 0x27
 3619 0d82 DE050000 		.4byte	.LASF112
 3620 0d86 0801     		.2byte	0x108
 3621 0d88 08010000 		.4byte	0x108
 3622 0d8c 00000000 		.4byte	.LFB192
 3623 0d90 68000000 		.4byte	.LFE192-.LFB192
ARM GAS  /tmp/ccplaV3T.s 			page 65


 3624 0d94 01       		.uleb128 0x1
 3625 0d95 9C       		.byte	0x9c
 3626 0d96 5C0E0000 		.4byte	0xe5c
 3627 0d9a 16       		.uleb128 0x16
 3628 0d9b 737000   		.ascii	"sp\000"
 3629 0d9e 0801     		.2byte	0x108
 3630 0da0 26       		.byte	0x26
 3631 0da1 F4090000 		.4byte	0x9f4
 3632 0da5 3E020000 		.4byte	.LLST28
 3633 0da9 34020000 		.4byte	.LVUS28
 3634 0dad 37       		.uleb128 0x37
 3635 0dae AE040000 		.4byte	.LASF113
 3636 0db2 01       		.byte	0x1
 3637 0db3 0801     		.2byte	0x108
 3638 0db5 34       		.byte	0x34
 3639 0db6 20010000 		.4byte	0x120
 3640 0dba 7B020000 		.4byte	.LLST29
 3641 0dbe 6F020000 		.4byte	.LVUS29
 3642 0dc2 0F       		.uleb128 0xf
 3643 0dc3 57050000 		.4byte	.LASF107
 3644 0dc7 6C0E0000 		.4byte	0xe6c
 3645 0dcb 05       		.uleb128 0x5
 3646 0dcc 03       		.byte	0x3
 3647 0dcd 00000000 		.4byte	__func__.4
 3648 0dd1 09       		.uleb128 0x9
 3649 0dd2 0C140000 		.4byte	0x140c
 3650 0dd6 14000000 		.4byte	.LBI154
 3651 0dda 00       		.byte	.LVU237
 3652 0ddb 99000000 		.4byte	.LLRL30
 3653 0ddf 01       		.byte	0x1
 3654 0de0 0C01     		.2byte	0x10c
 3655 0de2 F40D0000 		.4byte	0xdf4
 3656 0de6 05       		.uleb128 0x5
 3657 0de7 1B140000 		.4byte	0x141b
 3658 0deb B3020000 		.4byte	.LLST31
 3659 0def B1020000 		.4byte	.LVUS31
 3660 0df3 00       		.byte	0
 3661 0df4 06       		.uleb128 0x6
 3662 0df5 0A000000 		.4byte	.LVL60
 3663 0df9 54070000 		.4byte	0x754
 3664 0dfd 04       		.uleb128 0x4
 3665 0dfe 1E000000 		.4byte	.LVL62
 3666 0e02 A1070000 		.4byte	0x7a1
 3667 0e06 140E0000 		.4byte	0xe14
 3668 0e0a 01       		.uleb128 0x1
 3669 0e0b 01       		.uleb128 0x1
 3670 0e0c 50       		.byte	0x50
 3671 0e0d 05       		.uleb128 0x5
 3672 0e0e 03       		.byte	0x3
 3673 0e0f 00000000 		.4byte	__func__.4
 3674 0e13 00       		.byte	0
 3675 0e14 04       		.uleb128 0x4
 3676 0e15 44000000 		.4byte	.LVL64
 3677 0e19 3D070000 		.4byte	0x73d
 3678 0e1d 280E0000 		.4byte	0xe28
 3679 0e21 01       		.uleb128 0x1
 3680 0e22 01       		.uleb128 0x1
ARM GAS  /tmp/ccplaV3T.s 			page 66


 3681 0e23 51       		.byte	0x51
 3682 0e24 02       		.uleb128 0x2
 3683 0e25 74       		.byte	0x74
 3684 0e26 00       		.sleb128 0
 3685 0e27 00       		.byte	0
 3686 0e28 38       		.uleb128 0x38
 3687 0e29 50000000 		.4byte	.LVL66
 3688 0e2d 10070000 		.4byte	0x710
 3689 0e31 480E0000 		.4byte	0xe48
 3690 0e35 01       		.uleb128 0x1
 3691 0e36 01       		.uleb128 0x1
 3692 0e37 50       		.byte	0x50
 3693 0e38 01       		.uleb128 0x1
 3694 0e39 35       		.byte	0x35
 3695 0e3a 01       		.uleb128 0x1
 3696 0e3b 01       		.uleb128 0x1
 3697 0e3c 51       		.byte	0x51
 3698 0e3d 09       		.uleb128 0x9
 3699 0e3e A3       		.byte	0xa3
 3700 0e3f 03       		.uleb128 0x3
 3701 0e40 A5       		.byte	0xa5
 3702 0e41 01       		.uleb128 0x1
 3703 0e42 26       		.uleb128 0x26
 3704 0e43 A8       		.byte	0xa8
 3705 0e44 2D       		.uleb128 0x2d
 3706 0e45 A8       		.byte	0xa8
 3707 0e46 00       		.uleb128 0
 3708 0e47 00       		.byte	0
 3709 0e48 0A       		.uleb128 0xa
 3710 0e49 56000000 		.4byte	.LVL67
 3711 0e4d A1070000 		.4byte	0x7a1
 3712 0e51 01       		.uleb128 0x1
 3713 0e52 01       		.uleb128 0x1
 3714 0e53 50       		.byte	0x50
 3715 0e54 05       		.uleb128 0x5
 3716 0e55 03       		.byte	0x3
 3717 0e56 00000000 		.4byte	__func__.4
 3718 0e5a 00       		.byte	0
 3719 0e5b 00       		.byte	0
 3720 0e5c 14       		.uleb128 0x14
 3721 0e5d 9B060000 		.4byte	0x69b
 3722 0e61 6C0E0000 		.4byte	0xe6c
 3723 0e65 15       		.uleb128 0x15
 3724 0e66 2D000000 		.4byte	0x2d
 3725 0e6a 11       		.byte	0x11
 3726 0e6b 00       		.byte	0
 3727 0e6c 12       		.uleb128 0x12
 3728 0e6d 5C0E0000 		.4byte	0xe5c
 3729 0e71 21       		.uleb128 0x21
 3730 0e72 63030000 		.4byte	.LASF114
 3731 0e76 EB       		.byte	0xeb
 3732 0e77 08010000 		.4byte	0x108
 3733 0e7b 00000000 		.4byte	.LFB191
 3734 0e7f 54000000 		.4byte	.LFE191-.LFB191
 3735 0e83 01       		.uleb128 0x1
 3736 0e84 9C       		.byte	0x9c
 3737 0e85 930F0000 		.4byte	0xf93
ARM GAS  /tmp/ccplaV3T.s 			page 67


 3738 0e89 10       		.uleb128 0x10
 3739 0e8a 737000   		.ascii	"sp\000"
 3740 0e8d EB       		.byte	0xeb
 3741 0e8e 25       		.byte	0x25
 3742 0e8f F4090000 		.4byte	0x9f4
 3743 0e93 C2020000 		.4byte	.LLST32
 3744 0e97 BC020000 		.4byte	.LVUS32
 3745 0e9b 39       		.uleb128 0x39
 3746 0e9c AE040000 		.4byte	.LASF113
 3747 0ea0 01       		.byte	0x1
 3748 0ea1 EB       		.byte	0xeb
 3749 0ea2 33       		.byte	0x33
 3750 0ea3 20010000 		.4byte	0x120
 3751 0ea7 E6020000 		.4byte	.LLST33
 3752 0eab E0020000 		.4byte	.LVUS33
 3753 0eaf 22       		.uleb128 0x22
 3754 0eb0 6D736700 		.ascii	"msg\000"
 3755 0eb4 EC       		.byte	0xec
 3756 0eb5 08010000 		.4byte	0x108
 3757 0eb9 0A030000 		.4byte	.LLST34
 3758 0ebd 04030000 		.4byte	.LVUS34
 3759 0ec1 11       		.uleb128 0x11
 3760 0ec2 DC130000 		.4byte	0x13dc
 3761 0ec6 00000000 		.4byte	.LBI168
 3762 0eca 03       		.byte	.LVU275
 3763 0ecb A5000000 		.4byte	.LLRL35
 3764 0ecf EE       		.byte	0xee
 3765 0ed0 120F0000 		.4byte	0xf12
 3766 0ed4 09       		.uleb128 0x9
 3767 0ed5 49140000 		.4byte	0x1449
 3768 0ed9 00000000 		.4byte	.LBI170
 3769 0edd 05       		.byte	.LVU277
 3770 0ede B1000000 		.4byte	.LLRL36
 3771 0ee2 03       		.byte	0x3
 3772 0ee3 5C01     		.2byte	0x15c
 3773 0ee5 080F0000 		.4byte	0xf08
 3774 0ee9 13       		.uleb128 0x13
 3775 0eea 51140000 		.4byte	0x1451
 3776 0eee 00000000 		.4byte	.LBI171
 3777 0ef2 07       		.byte	.LVU279
 3778 0ef3 B1000000 		.4byte	.LLRL36
 3779 0ef7 BF01     		.2byte	0x1bf
 3780 0ef9 05       		.uleb128 0x5
 3781 0efa 5B140000 		.4byte	0x145b
 3782 0efe 21030000 		.4byte	.LLST37
 3783 0f02 1F030000 		.4byte	.LVUS37
 3784 0f06 00       		.byte	0
 3785 0f07 00       		.byte	0
 3786 0f08 06       		.uleb128 0x6
 3787 0f09 10000000 		.4byte	.LVL71
 3788 0f0d 92070000 		.4byte	0x792
 3789 0f11 00       		.byte	0
 3790 0f12 11       		.uleb128 0x11
 3791 0f13 C0130000 		.4byte	0x13c0
 3792 0f17 1A000000 		.4byte	.LBI178
 3793 0f1b 01       		.byte	.LVU291
 3794 0f1c BD000000 		.4byte	.LLRL38
ARM GAS  /tmp/ccplaV3T.s 			page 68


 3795 0f20 F0       		.byte	0xf0
 3796 0f21 7C0F0000 		.4byte	0xf7c
 3797 0f25 19       		.uleb128 0x19
 3798 0f26 BD000000 		.4byte	.LLRL38
 3799 0f2a 09       		.uleb128 0x9
 3800 0f2b 41140000 		.4byte	0x1441
 3801 0f2f 30000000 		.4byte	.LBI180
 3802 0f33 02       		.byte	.LVU300
 3803 0f34 C9000000 		.4byte	.LLRL39
 3804 0f38 03       		.byte	0x3
 3805 0f39 7301     		.2byte	0x173
 3806 0f3b 5E0F0000 		.4byte	0xf5e
 3807 0f3f 13       		.uleb128 0x13
 3808 0f40 51140000 		.4byte	0x1451
 3809 0f44 30000000 		.4byte	.LBI181
 3810 0f48 04       		.byte	.LVU302
 3811 0f49 C9000000 		.4byte	.LLRL39
 3812 0f4d CD01     		.2byte	0x1cd
 3813 0f4f 05       		.uleb128 0x5
 3814 0f50 5B140000 		.4byte	0x145b
 3815 0f54 30030000 		.4byte	.LLST40
 3816 0f58 2C030000 		.4byte	.LVUS40
 3817 0f5c 00       		.byte	0
 3818 0f5d 00       		.byte	0
 3819 0f5e 06       		.uleb128 0x6
 3820 0f5f 1E000000 		.4byte	.LVL74
 3821 0f63 8C070000 		.4byte	0x78c
 3822 0f67 0A       		.uleb128 0xa
 3823 0f68 40000000 		.4byte	.LVL78
 3824 0f6c A1070000 		.4byte	0x7a1
 3825 0f70 01       		.uleb128 0x1
 3826 0f71 01       		.uleb128 0x1
 3827 0f72 50       		.byte	0x50
 3828 0f73 05       		.uleb128 0x5
 3829 0f74 03       		.byte	0x3
 3830 0f75 00000000 		.4byte	__func__.7
 3831 0f79 00       		.byte	0
 3832 0f7a 00       		.byte	0
 3833 0f7b 00       		.byte	0
 3834 0f7c 0A       		.uleb128 0xa
 3835 0f7d 18000000 		.4byte	.LVL72
 3836 0f81 810D0000 		.4byte	0xd81
 3837 0f85 01       		.uleb128 0x1
 3838 0f86 01       		.uleb128 0x1
 3839 0f87 50       		.byte	0x50
 3840 0f88 02       		.uleb128 0x2
 3841 0f89 74       		.byte	0x74
 3842 0f8a 00       		.sleb128 0
 3843 0f8b 01       		.uleb128 0x1
 3844 0f8c 01       		.uleb128 0x1
 3845 0f8d 51       		.byte	0x51
 3846 0f8e 02       		.uleb128 0x2
 3847 0f8f 75       		.byte	0x75
 3848 0f90 00       		.sleb128 0
 3849 0f91 00       		.byte	0
 3850 0f92 00       		.byte	0
 3851 0f93 21       		.uleb128 0x21
ARM GAS  /tmp/ccplaV3T.s 			page 69


 3852 0f94 60050000 		.4byte	.LASF115
 3853 0f98 C5       		.byte	0xc5
 3854 0f99 08010000 		.4byte	0x108
 3855 0f9d 00000000 		.4byte	.LFB190
 3856 0fa1 5C000000 		.4byte	.LFE190-.LFB190
 3857 0fa5 01       		.uleb128 0x1
 3858 0fa6 9C       		.byte	0x9c
 3859 0fa7 48100000 		.4byte	0x1048
 3860 0fab 10       		.uleb128 0x10
 3861 0fac 737000   		.ascii	"sp\000"
 3862 0faf C5       		.byte	0xc5
 3863 0fb0 1F       		.byte	0x1f
 3864 0fb1 F4090000 		.4byte	0x9f4
 3865 0fb5 46030000 		.4byte	.LLST17
 3866 0fb9 42030000 		.4byte	.LVUS17
 3867 0fbd 0F       		.uleb128 0xf
 3868 0fbe 57050000 		.4byte	.LASF107
 3869 0fc2 58100000 		.4byte	0x1058
 3870 0fc6 05       		.uleb128 0x5
 3871 0fc7 03       		.byte	0x3
 3872 0fc8 00000000 		.4byte	__func__.5
 3873 0fcc 11       		.uleb128 0x11
 3874 0fcd 0C140000 		.4byte	0x140c
 3875 0fd1 12000000 		.4byte	.LBI115
 3876 0fd5 00       		.byte	.LVU149
 3877 0fd6 57000000 		.4byte	.LLRL18
 3878 0fda C9       		.byte	0xc9
 3879 0fdb ED0F0000 		.4byte	0xfed
 3880 0fdf 05       		.uleb128 0x5
 3881 0fe0 1B140000 		.4byte	0x141b
 3882 0fe4 58030000 		.4byte	.LLST19
 3883 0fe8 56030000 		.4byte	.LVUS19
 3884 0fec 00       		.byte	0
 3885 0fed 06       		.uleb128 0x6
 3886 0fee 08000000 		.4byte	.LVL39
 3887 0ff2 54070000 		.4byte	0x754
 3888 0ff6 04       		.uleb128 0x4
 3889 0ff7 1C000000 		.4byte	.LVL41
 3890 0ffb A1070000 		.4byte	0x7a1
 3891 0fff 0D100000 		.4byte	0x100d
 3892 1003 01       		.uleb128 0x1
 3893 1004 01       		.uleb128 0x1
 3894 1005 50       		.byte	0x50
 3895 1006 05       		.uleb128 0x5
 3896 1007 03       		.byte	0x3
 3897 1008 00000000 		.4byte	__func__.5
 3898 100c 00       		.byte	0
 3899 100d 04       		.uleb128 0x4
 3900 100e 40000000 		.4byte	.LVL43
 3901 1012 3D070000 		.4byte	0x73d
 3902 1016 21100000 		.4byte	0x1021
 3903 101a 01       		.uleb128 0x1
 3904 101b 01       		.uleb128 0x1
 3905 101c 51       		.byte	0x51
 3906 101d 02       		.uleb128 0x2
 3907 101e 74       		.byte	0x74
 3908 101f 00       		.sleb128 0
ARM GAS  /tmp/ccplaV3T.s 			page 70


 3909 1020 00       		.byte	0
 3910 1021 04       		.uleb128 0x4
 3911 1022 46000000 		.4byte	.LVL44
 3912 1026 2B070000 		.4byte	0x72b
 3913 102a 34100000 		.4byte	0x1034
 3914 102e 01       		.uleb128 0x1
 3915 102f 01       		.uleb128 0x1
 3916 1030 50       		.byte	0x50
 3917 1031 01       		.uleb128 0x1
 3918 1032 35       		.byte	0x35
 3919 1033 00       		.byte	0
 3920 1034 0A       		.uleb128 0xa
 3921 1035 52000000 		.4byte	.LVL46
 3922 1039 A1070000 		.4byte	0x7a1
 3923 103d 01       		.uleb128 0x1
 3924 103e 01       		.uleb128 0x1
 3925 103f 50       		.byte	0x50
 3926 1040 05       		.uleb128 0x5
 3927 1041 03       		.byte	0x3
 3928 1042 00000000 		.4byte	__func__.5
 3929 1046 00       		.byte	0
 3930 1047 00       		.byte	0
 3931 1048 14       		.uleb128 0x14
 3932 1049 9B060000 		.4byte	0x69b
 3933 104d 58100000 		.4byte	0x1058
 3934 1051 15       		.uleb128 0x15
 3935 1052 2D000000 		.4byte	0x2d
 3936 1056 0A       		.byte	0xa
 3937 1057 00       		.byte	0
 3938 1058 12       		.uleb128 0x12
 3939 1059 48100000 		.4byte	0x1048
 3940 105d 21       		.uleb128 0x21
 3941 105e 42060000 		.4byte	.LASF116
 3942 1062 AF       		.byte	0xaf
 3943 1063 08010000 		.4byte	0x108
 3944 1067 00000000 		.4byte	.LFB189
 3945 106b 50000000 		.4byte	.LFE189-.LFB189
 3946 106f 01       		.uleb128 0x1
 3947 1070 9C       		.byte	0x9c
 3948 1071 65110000 		.4byte	0x1165
 3949 1075 10       		.uleb128 0x10
 3950 1076 737000   		.ascii	"sp\000"
 3951 1079 AF       		.byte	0xaf
 3952 107a 1E       		.byte	0x1e
 3953 107b F4090000 		.4byte	0x9f4
 3954 107f 67030000 		.4byte	.LLST20
 3955 1083 61030000 		.4byte	.LVUS20
 3956 1087 22       		.uleb128 0x22
 3957 1088 6D736700 		.ascii	"msg\000"
 3958 108c B0       		.byte	0xb0
 3959 108d 08010000 		.4byte	0x108
 3960 1091 8B030000 		.4byte	.LLST21
 3961 1095 85030000 		.4byte	.LVUS21
 3962 1099 11       		.uleb128 0x11
 3963 109a DC130000 		.4byte	0x13dc
 3964 109e 00000000 		.4byte	.LBI129
 3965 10a2 03       		.byte	.LVU179
ARM GAS  /tmp/ccplaV3T.s 			page 71


 3966 10a3 63000000 		.4byte	.LLRL22
 3967 10a7 B2       		.byte	0xb2
 3968 10a8 EA100000 		.4byte	0x10ea
 3969 10ac 09       		.uleb128 0x9
 3970 10ad 49140000 		.4byte	0x1449
 3971 10b1 00000000 		.4byte	.LBI131
 3972 10b5 05       		.byte	.LVU181
 3973 10b6 72000000 		.4byte	.LLRL23
 3974 10ba 03       		.byte	0x3
 3975 10bb 5C01     		.2byte	0x15c
 3976 10bd E0100000 		.4byte	0x10e0
 3977 10c1 13       		.uleb128 0x13
 3978 10c2 51140000 		.4byte	0x1451
 3979 10c6 00000000 		.4byte	.LBI132
 3980 10ca 07       		.byte	.LVU183
 3981 10cb 72000000 		.4byte	.LLRL23
 3982 10cf BF01     		.2byte	0x1bf
 3983 10d1 05       		.uleb128 0x5
 3984 10d2 5B140000 		.4byte	0x145b
 3985 10d6 A2030000 		.4byte	.LLST24
 3986 10da A0030000 		.4byte	.LVUS24
 3987 10de 00       		.byte	0
 3988 10df 00       		.byte	0
 3989 10e0 06       		.uleb128 0x6
 3990 10e1 0E000000 		.4byte	.LVL49
 3991 10e5 92070000 		.4byte	0x792
 3992 10e9 00       		.byte	0
 3993 10ea 11       		.uleb128 0x11
 3994 10eb C0130000 		.4byte	0x13c0
 3995 10ef 16000000 		.4byte	.LBI144
 3996 10f3 01       		.byte	.LVU196
 3997 10f4 81000000 		.4byte	.LLRL25
 3998 10f8 B4       		.byte	0xb4
 3999 10f9 54110000 		.4byte	0x1154
 4000 10fd 19       		.uleb128 0x19
 4001 10fe 81000000 		.4byte	.LLRL25
 4002 1102 09       		.uleb128 0x9
 4003 1103 41140000 		.4byte	0x1441
 4004 1107 2C000000 		.4byte	.LBI146
 4005 110b 02       		.byte	.LVU205
 4006 110c 8D000000 		.4byte	.LLRL26
 4007 1110 03       		.byte	0x3
 4008 1111 7301     		.2byte	0x173
 4009 1113 36110000 		.4byte	0x1136
 4010 1117 13       		.uleb128 0x13
 4011 1118 51140000 		.4byte	0x1451
 4012 111c 2C000000 		.4byte	.LBI147
 4013 1120 04       		.byte	.LVU207
 4014 1121 8D000000 		.4byte	.LLRL26
 4015 1125 CD01     		.2byte	0x1cd
 4016 1127 05       		.uleb128 0x5
 4017 1128 5B140000 		.4byte	0x145b
 4018 112c B1030000 		.4byte	.LLST27
 4019 1130 AD030000 		.4byte	.LVUS27
 4020 1134 00       		.byte	0
 4021 1135 00       		.byte	0
 4022 1136 06       		.uleb128 0x6
ARM GAS  /tmp/ccplaV3T.s 			page 72


 4023 1137 1A000000 		.4byte	.LVL52
 4024 113b 8C070000 		.4byte	0x78c
 4025 113f 0A       		.uleb128 0xa
 4026 1140 3C000000 		.4byte	.LVL56
 4027 1144 A1070000 		.4byte	0x7a1
 4028 1148 01       		.uleb128 0x1
 4029 1149 01       		.uleb128 0x1
 4030 114a 50       		.byte	0x50
 4031 114b 05       		.uleb128 0x5
 4032 114c 03       		.byte	0x3
 4033 114d 00000000 		.4byte	__func__.7
 4034 1151 00       		.byte	0
 4035 1152 00       		.byte	0
 4036 1153 00       		.byte	0
 4037 1154 0A       		.uleb128 0xa
 4038 1155 14000000 		.4byte	.LVL50
 4039 1159 930F0000 		.4byte	0xf93
 4040 115d 01       		.uleb128 0x1
 4041 115e 01       		.uleb128 0x1
 4042 115f 50       		.byte	0x50
 4043 1160 02       		.uleb128 0x2
 4044 1161 74       		.byte	0x74
 4045 1162 00       		.sleb128 0
 4046 1163 00       		.byte	0
 4047 1164 00       		.byte	0
 4048 1165 23       		.uleb128 0x23
 4049 1166 8D060000 		.4byte	.LASF117
 4050 116a 93       		.byte	0x93
 4051 116b 00000000 		.4byte	.LFB188
 4052 116f 64000000 		.4byte	.LFE188-.LFB188
 4053 1173 01       		.uleb128 0x1
 4054 1174 9C       		.byte	0x9c
 4055 1175 2F120000 		.4byte	0x122f
 4056 1179 10       		.uleb128 0x10
 4057 117a 737000   		.ascii	"sp\000"
 4058 117d 93       		.byte	0x93
 4059 117e 1F       		.byte	0x1f
 4060 117f F4090000 		.4byte	0x9f4
 4061 1183 C9030000 		.4byte	.LLST4
 4062 1187 C3030000 		.4byte	.LVUS4
 4063 118b 10       		.uleb128 0x10
 4064 118c 6E00     		.ascii	"n\000"
 4065 118e 93       		.byte	0x93
 4066 118f 29       		.byte	0x29
 4067 1190 14010000 		.4byte	0x114
 4068 1194 F1030000 		.4byte	.LLST5
 4069 1198 E7030000 		.4byte	.LVUS5
 4070 119c 22       		.uleb128 0x22
 4071 119d 636E7400 		.ascii	"cnt\000"
 4072 11a1 94       		.byte	0x94
 4073 11a2 14010000 		.4byte	0x114
 4074 11a6 31040000 		.4byte	.LLST6
 4075 11aa 23040000 		.4byte	.LVUS6
 4076 11ae 0F       		.uleb128 0xf
 4077 11af 57050000 		.4byte	.LASF107
 4078 11b3 7C0D0000 		.4byte	0xd7c
 4079 11b7 05       		.uleb128 0x5
ARM GAS  /tmp/ccplaV3T.s 			page 73


 4080 11b8 03       		.byte	0x3
 4081 11b9 00000000 		.4byte	__func__.6
 4082 11bd 11       		.uleb128 0x11
 4083 11be 0C140000 		.4byte	0x140c
 4084 11c2 18000000 		.4byte	.LBI79
 4085 11c6 00       		.byte	.LVU47
 4086 11c7 18000000 		.4byte	.LLRL7
 4087 11cb 98       		.byte	0x98
 4088 11cc DE110000 		.4byte	0x11de
 4089 11d0 05       		.uleb128 0x5
 4090 11d1 1B140000 		.4byte	0x141b
 4091 11d5 62040000 		.4byte	.LLST8
 4092 11d9 60040000 		.4byte	.LVUS8
 4093 11dd 00       		.byte	0
 4094 11de 06       		.uleb128 0x6
 4095 11df 0A000000 		.4byte	.LVL8
 4096 11e3 86070000 		.4byte	0x786
 4097 11e7 04       		.uleb128 0x4
 4098 11e8 22000000 		.4byte	.LVL10
 4099 11ec A1070000 		.4byte	0x7a1
 4100 11f0 FE110000 		.4byte	0x11fe
 4101 11f4 01       		.uleb128 0x1
 4102 11f5 01       		.uleb128 0x1
 4103 11f6 50       		.byte	0x50
 4104 11f7 05       		.uleb128 0x5
 4105 11f8 03       		.byte	0x3
 4106 11f9 00000000 		.4byte	__func__.6
 4107 11fd 00       		.byte	0
 4108 11fe 04       		.uleb128 0x4
 4109 11ff 36000000 		.4byte	.LVL14
 4110 1203 70070000 		.4byte	0x770
 4111 1207 12120000 		.4byte	0x1212
 4112 120b 01       		.uleb128 0x1
 4113 120c 01       		.uleb128 0x1
 4114 120d 50       		.byte	0x50
 4115 120e 02       		.uleb128 0x2
 4116 120f 75       		.byte	0x75
 4117 1210 00       		.sleb128 0
 4118 1211 00       		.byte	0
 4119 1212 06       		.uleb128 0x6
 4120 1213 3A000000 		.4byte	.LVL15
 4121 1217 5A070000 		.4byte	0x75a
 4122 121b 0A       		.uleb128 0xa
 4123 121c 4A000000 		.4byte	.LVL19
 4124 1220 A1070000 		.4byte	0x7a1
 4125 1224 01       		.uleb128 0x1
 4126 1225 01       		.uleb128 0x1
 4127 1226 50       		.byte	0x50
 4128 1227 05       		.uleb128 0x5
 4129 1228 03       		.byte	0x3
 4130 1229 00000000 		.4byte	__func__.6
 4131 122d 00       		.byte	0
 4132 122e 00       		.byte	0
 4133 122f 23       		.uleb128 0x23
 4134 1230 8C030000 		.4byte	.LASF118
 4135 1234 78       		.byte	0x78
 4136 1235 00000000 		.4byte	.LFB187
ARM GAS  /tmp/ccplaV3T.s 			page 74


 4137 1239 50000000 		.4byte	.LFE187-.LFB187
 4138 123d 01       		.uleb128 0x1
 4139 123e 9C       		.byte	0x9c
 4140 123f 45130000 		.4byte	0x1345
 4141 1243 10       		.uleb128 0x10
 4142 1244 737000   		.ascii	"sp\000"
 4143 1247 78       		.byte	0x78
 4144 1248 1E       		.byte	0x1e
 4145 1249 F4090000 		.4byte	0x9f4
 4146 124d 71040000 		.4byte	.LLST9
 4147 1251 6B040000 		.4byte	.LVUS9
 4148 1255 10       		.uleb128 0x10
 4149 1256 6E00     		.ascii	"n\000"
 4150 1258 78       		.byte	0x78
 4151 1259 28       		.byte	0x28
 4152 125a 14010000 		.4byte	0x114
 4153 125e 95040000 		.4byte	.LLST10
 4154 1262 8F040000 		.4byte	.LVUS10
 4155 1266 11       		.uleb128 0x11
 4156 1267 DC130000 		.4byte	0x13dc
 4157 126b 00000000 		.4byte	.LBI95
 4158 126f 02       		.byte	.LVU94
 4159 1270 27000000 		.4byte	.LLRL11
 4160 1274 7A       		.byte	0x7a
 4161 1275 B7120000 		.4byte	0x12b7
 4162 1279 09       		.uleb128 0x9
 4163 127a 49140000 		.4byte	0x1449
 4164 127e 00000000 		.4byte	.LBI97
 4165 1282 04       		.byte	.LVU96
 4166 1283 33000000 		.4byte	.LLRL12
 4167 1287 03       		.byte	0x3
 4168 1288 5C01     		.2byte	0x15c
 4169 128a AD120000 		.4byte	0x12ad
 4170 128e 13       		.uleb128 0x13
 4171 128f 51140000 		.4byte	0x1451
 4172 1293 00000000 		.4byte	.LBI98
 4173 1297 06       		.byte	.LVU98
 4174 1298 33000000 		.4byte	.LLRL12
 4175 129c BF01     		.2byte	0x1bf
 4176 129e 05       		.uleb128 0x5
 4177 129f 5B140000 		.4byte	0x145b
 4178 12a3 B5040000 		.4byte	.LLST13
 4179 12a7 B3040000 		.4byte	.LVUS13
 4180 12ab 00       		.byte	0
 4181 12ac 00       		.byte	0
 4182 12ad 06       		.uleb128 0x6
 4183 12ae 10000000 		.4byte	.LVL28
 4184 12b2 92070000 		.4byte	0x792
 4185 12b6 00       		.byte	0
 4186 12b7 11       		.uleb128 0x11
 4187 12b8 C0130000 		.4byte	0x13c0
 4188 12bc 1C000000 		.4byte	.LBI105
 4189 12c0 01       		.byte	.LVU110
 4190 12c1 3F000000 		.4byte	.LLRL14
 4191 12c5 7D       		.byte	0x7d
 4192 12c6 21130000 		.4byte	0x1321
 4193 12ca 19       		.uleb128 0x19
ARM GAS  /tmp/ccplaV3T.s 			page 75


 4194 12cb 3F000000 		.4byte	.LLRL14
 4195 12cf 09       		.uleb128 0x9
 4196 12d0 41140000 		.4byte	0x1441
 4197 12d4 32000000 		.4byte	.LBI107
 4198 12d8 02       		.byte	.LVU119
 4199 12d9 4B000000 		.4byte	.LLRL15
 4200 12dd 03       		.byte	0x3
 4201 12de 7301     		.2byte	0x173
 4202 12e0 03130000 		.4byte	0x1303
 4203 12e4 13       		.uleb128 0x13
 4204 12e5 51140000 		.4byte	0x1451
 4205 12e9 32000000 		.4byte	.LBI108
 4206 12ed 04       		.byte	.LVU121
 4207 12ee 4B000000 		.4byte	.LLRL15
 4208 12f2 CD01     		.2byte	0x1cd
 4209 12f4 05       		.uleb128 0x5
 4210 12f5 5B140000 		.4byte	0x145b
 4211 12f9 C4040000 		.4byte	.LLST16
 4212 12fd C0040000 		.4byte	.LVUS16
 4213 1301 00       		.byte	0
 4214 1302 00       		.byte	0
 4215 1303 06       		.uleb128 0x6
 4216 1304 20000000 		.4byte	.LVL31
 4217 1308 8C070000 		.4byte	0x78c
 4218 130c 0A       		.uleb128 0xa
 4219 130d 40000000 		.4byte	.LVL35
 4220 1311 A1070000 		.4byte	0x7a1
 4221 1315 01       		.uleb128 0x1
 4222 1316 01       		.uleb128 0x1
 4223 1317 50       		.byte	0x50
 4224 1318 05       		.uleb128 0x5
 4225 1319 03       		.byte	0x3
 4226 131a 00000000 		.4byte	__func__.7
 4227 131e 00       		.byte	0
 4228 131f 00       		.byte	0
 4229 1320 00       		.byte	0
 4230 1321 04       		.uleb128 0x4
 4231 1322 18000000 		.4byte	.LVL29
 4232 1326 65110000 		.4byte	0x1165
 4233 132a 3B130000 		.4byte	0x133b
 4234 132e 01       		.uleb128 0x1
 4235 132f 01       		.uleb128 0x1
 4236 1330 50       		.byte	0x50
 4237 1331 02       		.uleb128 0x2
 4238 1332 74       		.byte	0x74
 4239 1333 00       		.sleb128 0
 4240 1334 01       		.uleb128 0x1
 4241 1335 01       		.uleb128 0x1
 4242 1336 51       		.byte	0x51
 4243 1337 02       		.uleb128 0x2
 4244 1338 75       		.byte	0x75
 4245 1339 00       		.sleb128 0
 4246 133a 00       		.byte	0
 4247 133b 06       		.uleb128 0x6
 4248 133c 1C000000 		.4byte	.LVL30
 4249 1340 98070000 		.4byte	0x798
 4250 1344 00       		.byte	0
ARM GAS  /tmp/ccplaV3T.s 			page 76


 4251 1345 23       		.uleb128 0x23
 4252 1346 40030000 		.4byte	.LASF119
 4253 134a 61       		.byte	0x61
 4254 134b 00000000 		.4byte	.LFB186
 4255 134f 28000000 		.4byte	.LFE186-.LFB186
 4256 1353 01       		.uleb128 0x1
 4257 1354 9C       		.byte	0x9c
 4258 1355 C0130000 		.4byte	0x13c0
 4259 1359 10       		.uleb128 0x10
 4260 135a 737000   		.ascii	"sp\000"
 4261 135d 61       		.byte	0x61
 4262 135e 23       		.byte	0x23
 4263 135f F4090000 		.4byte	0x9f4
 4264 1363 DC040000 		.4byte	.LLST0
 4265 1367 D6040000 		.4byte	.LVUS0
 4266 136b 10       		.uleb128 0x10
 4267 136c 6E00     		.ascii	"n\000"
 4268 136e 61       		.byte	0x61
 4269 136f 2D       		.byte	0x2d
 4270 1370 14010000 		.4byte	0x114
 4271 1374 00050000 		.4byte	.LLST1
 4272 1378 FA040000 		.4byte	.LVUS1
 4273 137c 0F       		.uleb128 0xf
 4274 137d 57050000 		.4byte	.LASF107
 4275 1381 090A0000 		.4byte	0xa09
 4276 1385 05       		.uleb128 0x5
 4277 1386 03       		.byte	0x3
 4278 1387 00000000 		.4byte	__func__.8
 4279 138b 11       		.uleb128 0x11
 4280 138c 28140000 		.4byte	0x1428
 4281 1390 0C000000 		.4byte	.LBI75
 4282 1394 02       		.byte	.LVU10
 4283 1395 0C000000 		.4byte	.LLRL2
 4284 1399 65       		.byte	0x65
 4285 139a AC130000 		.4byte	0x13ac
 4286 139e 05       		.uleb128 0x5
 4287 139f 34140000 		.4byte	0x1434
 4288 13a3 23050000 		.4byte	.LLST3
 4289 13a7 1F050000 		.4byte	.LVUS3
 4290 13ab 00       		.byte	0
 4291 13ac 0A       		.uleb128 0xa
 4292 13ad 1A000000 		.4byte	.LVL4
 4293 13b1 A1070000 		.4byte	0x7a1
 4294 13b5 01       		.uleb128 0x1
 4295 13b6 01       		.uleb128 0x1
 4296 13b7 50       		.byte	0x50
 4297 13b8 05       		.uleb128 0x5
 4298 13b9 03       		.byte	0x3
 4299 13ba 00000000 		.4byte	__func__.8
 4300 13be 00       		.byte	0
 4301 13bf 00       		.byte	0
 4302 13c0 29       		.uleb128 0x29
 4303 13c1 18070000 		.4byte	.LASF123
 4304 13c5 03       		.byte	0x3
 4305 13c6 6601     		.2byte	0x166
 4306 13c8 DC130000 		.4byte	0x13dc
 4307 13cc 0F       		.uleb128 0xf
ARM GAS  /tmp/ccplaV3T.s 			page 77


 4308 13cd 57050000 		.4byte	.LASF107
 4309 13d1 7C0D0000 		.4byte	0xd7c
 4310 13d5 05       		.uleb128 0x5
 4311 13d6 03       		.byte	0x3
 4312 13d7 00000000 		.4byte	__func__.7
 4313 13db 00       		.byte	0
 4314 13dc 24       		.uleb128 0x24
 4315 13dd 7E040000 		.4byte	.LASF125
 4316 13e1 03       		.byte	0x3
 4317 13e2 5A01     		.2byte	0x15a
 4318 13e4 2A       		.uleb128 0x2a
 4319 13e5 BD020000 		.4byte	.LASF121
 4320 13e9 7502     		.2byte	0x275
 4321 13eb 00140000 		.4byte	0x1400
 4322 13ef 00140000 		.4byte	0x1400
 4323 13f3 25       		.uleb128 0x25
 4324 13f4 74717000 		.ascii	"tqp\000"
 4325 13f8 7502     		.2byte	0x275
 4326 13fa 3A       		.byte	0x3a
 4327 13fb 07140000 		.4byte	0x1407
 4328 13ff 00       		.byte	0
 4329 1400 0D       		.uleb128 0xd
 4330 1401 01       		.byte	0x1
 4331 1402 02       		.byte	0x2
 4332 1403 FF040000 		.4byte	.LASF120
 4333 1407 0B       		.uleb128 0xb
 4334 1408 12020000 		.4byte	0x212
 4335 140c 2A       		.uleb128 0x2a
 4336 140d D4020000 		.4byte	.LASF122
 4337 1411 6802     		.2byte	0x268
 4338 1413 00140000 		.4byte	0x1400
 4339 1417 28140000 		.4byte	0x1428
 4340 141b 25       		.uleb128 0x25
 4341 141c 74717000 		.ascii	"tqp\000"
 4342 1420 6802     		.2byte	0x268
 4343 1422 39       		.byte	0x39
 4344 1423 07140000 		.4byte	0x1407
 4345 1427 00       		.byte	0
 4346 1428 29       		.uleb128 0x29
 4347 1429 62000000 		.4byte	.LASF124
 4348 142d 02       		.byte	0x2
 4349 142e 5A02     		.2byte	0x25a
 4350 1430 41140000 		.4byte	0x1441
 4351 1434 25       		.uleb128 0x25
 4352 1435 74717000 		.ascii	"tqp\000"
 4353 1439 5A02     		.2byte	0x25a
 4354 143b 30       		.byte	0x30
 4355 143c 0B070000 		.4byte	0x70b
 4356 1440 00       		.byte	0
 4357 1441 24       		.uleb128 0x24
 4358 1442 4F020000 		.4byte	.LASF126
 4359 1446 04       		.byte	0x4
 4360 1447 CA01     		.2byte	0x1ca
 4361 1449 24       		.uleb128 0x24
 4362 144a 6D000000 		.4byte	.LASF127
 4363 144e 04       		.byte	0x4
 4364 144f BC01     		.2byte	0x1bc
ARM GAS  /tmp/ccplaV3T.s 			page 78


 4365 1451 3A       		.uleb128 0x3a
 4366 1452 34060000 		.4byte	.LASF132
 4367 1456 05       		.byte	0x5
 4368 1457 2002     		.2byte	0x220
 4369 1459 39       		.byte	0x39
 4370 145a 03       		.byte	0x3
 4371 145b 3B       		.uleb128 0x3b
 4372 145c 22030000 		.4byte	.LASF128
 4373 1460 05       		.byte	0x5
 4374 1461 2002     		.2byte	0x220
 4375 1463 50       		.byte	0x50
 4376 1464 B4000000 		.4byte	0xb4
 4377 1468 00       		.byte	0
 4378 1469 00       		.byte	0
 4379              		.section	.debug_abbrev,"",%progbits
 4380              	.Ldebug_abbrev0:
 4381 0000 01       		.uleb128 0x1
 4382 0001 49       		.uleb128 0x49
 4383 0002 00       		.byte	0
 4384 0003 02       		.uleb128 0x2
 4385 0004 18       		.uleb128 0x18
 4386 0005 7E       		.uleb128 0x7e
 4387 0006 18       		.uleb128 0x18
 4388 0007 00       		.byte	0
 4389 0008 00       		.byte	0
 4390 0009 02       		.uleb128 0x2
 4391 000a 16       		.uleb128 0x16
 4392 000b 00       		.byte	0
 4393 000c 03       		.uleb128 0x3
 4394 000d 0E       		.uleb128 0xe
 4395 000e 3A       		.uleb128 0x3a
 4396 000f 0B       		.uleb128 0xb
 4397 0010 3B       		.uleb128 0x3b
 4398 0011 0B       		.uleb128 0xb
 4399 0012 39       		.uleb128 0x39
 4400 0013 0B       		.uleb128 0xb
 4401 0014 49       		.uleb128 0x49
 4402 0015 13       		.uleb128 0x13
 4403 0016 00       		.byte	0
 4404 0017 00       		.byte	0
 4405 0018 03       		.uleb128 0x3
 4406 0019 0D       		.uleb128 0xd
 4407 001a 00       		.byte	0
 4408 001b 03       		.uleb128 0x3
 4409 001c 0E       		.uleb128 0xe
 4410 001d 3A       		.uleb128 0x3a
 4411 001e 21       		.uleb128 0x21
 4412 001f 02       		.sleb128 2
 4413 0020 3B       		.uleb128 0x3b
 4414 0021 05       		.uleb128 0x5
 4415 0022 39       		.uleb128 0x39
 4416 0023 0B       		.uleb128 0xb
 4417 0024 49       		.uleb128 0x49
 4418 0025 13       		.uleb128 0x13
 4419 0026 38       		.uleb128 0x38
 4420 0027 0B       		.uleb128 0xb
 4421 0028 00       		.byte	0
ARM GAS  /tmp/ccplaV3T.s 			page 79


 4422 0029 00       		.byte	0
 4423 002a 04       		.uleb128 0x4
 4424 002b 48       		.uleb128 0x48
 4425 002c 01       		.byte	0x1
 4426 002d 7D       		.uleb128 0x7d
 4427 002e 01       		.uleb128 0x1
 4428 002f 7F       		.uleb128 0x7f
 4429 0030 13       		.uleb128 0x13
 4430 0031 01       		.uleb128 0x1
 4431 0032 13       		.uleb128 0x13
 4432 0033 00       		.byte	0
 4433 0034 00       		.byte	0
 4434 0035 05       		.uleb128 0x5
 4435 0036 05       		.uleb128 0x5
 4436 0037 00       		.byte	0
 4437 0038 31       		.uleb128 0x31
 4438 0039 13       		.uleb128 0x13
 4439 003a 02       		.uleb128 0x2
 4440 003b 17       		.uleb128 0x17
 4441 003c B742     		.uleb128 0x2137
 4442 003e 17       		.uleb128 0x17
 4443 003f 00       		.byte	0
 4444 0040 00       		.byte	0
 4445 0041 06       		.uleb128 0x6
 4446 0042 48       		.uleb128 0x48
 4447 0043 00       		.byte	0
 4448 0044 7D       		.uleb128 0x7d
 4449 0045 01       		.uleb128 0x1
 4450 0046 7F       		.uleb128 0x7f
 4451 0047 13       		.uleb128 0x13
 4452 0048 00       		.byte	0
 4453 0049 00       		.byte	0
 4454 004a 07       		.uleb128 0x7
 4455 004b 0D       		.uleb128 0xd
 4456 004c 00       		.byte	0
 4457 004d 03       		.uleb128 0x3
 4458 004e 0E       		.uleb128 0xe
 4459 004f 3A       		.uleb128 0x3a
 4460 0050 0B       		.uleb128 0xb
 4461 0051 3B       		.uleb128 0x3b
 4462 0052 0B       		.uleb128 0xb
 4463 0053 39       		.uleb128 0x39
 4464 0054 0B       		.uleb128 0xb
 4465 0055 49       		.uleb128 0x49
 4466 0056 13       		.uleb128 0x13
 4467 0057 38       		.uleb128 0x38
 4468 0058 0B       		.uleb128 0xb
 4469 0059 00       		.byte	0
 4470 005a 00       		.byte	0
 4471 005b 08       		.uleb128 0x8
 4472 005c 0D       		.uleb128 0xd
 4473 005d 00       		.byte	0
 4474 005e 03       		.uleb128 0x3
 4475 005f 08       		.uleb128 0x8
 4476 0060 3A       		.uleb128 0x3a
 4477 0061 0B       		.uleb128 0xb
 4478 0062 3B       		.uleb128 0x3b
ARM GAS  /tmp/ccplaV3T.s 			page 80


 4479 0063 05       		.uleb128 0x5
 4480 0064 39       		.uleb128 0x39
 4481 0065 0B       		.uleb128 0xb
 4482 0066 49       		.uleb128 0x49
 4483 0067 13       		.uleb128 0x13
 4484 0068 38       		.uleb128 0x38
 4485 0069 0B       		.uleb128 0xb
 4486 006a 00       		.byte	0
 4487 006b 00       		.byte	0
 4488 006c 09       		.uleb128 0x9
 4489 006d 1D       		.uleb128 0x1d
 4490 006e 01       		.byte	0x1
 4491 006f 31       		.uleb128 0x31
 4492 0070 13       		.uleb128 0x13
 4493 0071 52       		.uleb128 0x52
 4494 0072 01       		.uleb128 0x1
 4495 0073 B842     		.uleb128 0x2138
 4496 0075 0B       		.uleb128 0xb
 4497 0076 55       		.uleb128 0x55
 4498 0077 17       		.uleb128 0x17
 4499 0078 58       		.uleb128 0x58
 4500 0079 0B       		.uleb128 0xb
 4501 007a 59       		.uleb128 0x59
 4502 007b 05       		.uleb128 0x5
 4503 007c 57       		.uleb128 0x57
 4504 007d 21       		.uleb128 0x21
 4505 007e 03       		.sleb128 3
 4506 007f 01       		.uleb128 0x1
 4507 0080 13       		.uleb128 0x13
 4508 0081 00       		.byte	0
 4509 0082 00       		.byte	0
 4510 0083 0A       		.uleb128 0xa
 4511 0084 48       		.uleb128 0x48
 4512 0085 01       		.byte	0x1
 4513 0086 7D       		.uleb128 0x7d
 4514 0087 01       		.uleb128 0x1
 4515 0088 7F       		.uleb128 0x7f
 4516 0089 13       		.uleb128 0x13
 4517 008a 00       		.byte	0
 4518 008b 00       		.byte	0
 4519 008c 0B       		.uleb128 0xb
 4520 008d 0F       		.uleb128 0xf
 4521 008e 00       		.byte	0
 4522 008f 0B       		.uleb128 0xb
 4523 0090 21       		.uleb128 0x21
 4524 0091 04       		.sleb128 4
 4525 0092 49       		.uleb128 0x49
 4526 0093 13       		.uleb128 0x13
 4527 0094 00       		.byte	0
 4528 0095 00       		.byte	0
 4529 0096 0C       		.uleb128 0xc
 4530 0097 05       		.uleb128 0x5
 4531 0098 00       		.byte	0
 4532 0099 49       		.uleb128 0x49
 4533 009a 13       		.uleb128 0x13
 4534 009b 00       		.byte	0
 4535 009c 00       		.byte	0
ARM GAS  /tmp/ccplaV3T.s 			page 81


 4536 009d 0D       		.uleb128 0xd
 4537 009e 24       		.uleb128 0x24
 4538 009f 00       		.byte	0
 4539 00a0 0B       		.uleb128 0xb
 4540 00a1 0B       		.uleb128 0xb
 4541 00a2 3E       		.uleb128 0x3e
 4542 00a3 0B       		.uleb128 0xb
 4543 00a4 03       		.uleb128 0x3
 4544 00a5 0E       		.uleb128 0xe
 4545 00a6 00       		.byte	0
 4546 00a7 00       		.byte	0
 4547 00a8 0E       		.uleb128 0xe
 4548 00a9 0D       		.uleb128 0xd
 4549 00aa 00       		.byte	0
 4550 00ab 03       		.uleb128 0x3
 4551 00ac 08       		.uleb128 0x8
 4552 00ad 3A       		.uleb128 0x3a
 4553 00ae 0B       		.uleb128 0xb
 4554 00af 3B       		.uleb128 0x3b
 4555 00b0 0B       		.uleb128 0xb
 4556 00b1 39       		.uleb128 0x39
 4557 00b2 0B       		.uleb128 0xb
 4558 00b3 49       		.uleb128 0x49
 4559 00b4 13       		.uleb128 0x13
 4560 00b5 38       		.uleb128 0x38
 4561 00b6 0B       		.uleb128 0xb
 4562 00b7 00       		.byte	0
 4563 00b8 00       		.byte	0
 4564 00b9 0F       		.uleb128 0xf
 4565 00ba 34       		.uleb128 0x34
 4566 00bb 00       		.byte	0
 4567 00bc 03       		.uleb128 0x3
 4568 00bd 0E       		.uleb128 0xe
 4569 00be 49       		.uleb128 0x49
 4570 00bf 13       		.uleb128 0x13
 4571 00c0 34       		.uleb128 0x34
 4572 00c1 19       		.uleb128 0x19
 4573 00c2 02       		.uleb128 0x2
 4574 00c3 18       		.uleb128 0x18
 4575 00c4 00       		.byte	0
 4576 00c5 00       		.byte	0
 4577 00c6 10       		.uleb128 0x10
 4578 00c7 05       		.uleb128 0x5
 4579 00c8 00       		.byte	0
 4580 00c9 03       		.uleb128 0x3
 4581 00ca 08       		.uleb128 0x8
 4582 00cb 3A       		.uleb128 0x3a
 4583 00cc 21       		.uleb128 0x21
 4584 00cd 01       		.sleb128 1
 4585 00ce 3B       		.uleb128 0x3b
 4586 00cf 0B       		.uleb128 0xb
 4587 00d0 39       		.uleb128 0x39
 4588 00d1 0B       		.uleb128 0xb
 4589 00d2 49       		.uleb128 0x49
 4590 00d3 13       		.uleb128 0x13
 4591 00d4 02       		.uleb128 0x2
 4592 00d5 17       		.uleb128 0x17
ARM GAS  /tmp/ccplaV3T.s 			page 82


 4593 00d6 B742     		.uleb128 0x2137
 4594 00d8 17       		.uleb128 0x17
 4595 00d9 00       		.byte	0
 4596 00da 00       		.byte	0
 4597 00db 11       		.uleb128 0x11
 4598 00dc 1D       		.uleb128 0x1d
 4599 00dd 01       		.byte	0x1
 4600 00de 31       		.uleb128 0x31
 4601 00df 13       		.uleb128 0x13
 4602 00e0 52       		.uleb128 0x52
 4603 00e1 01       		.uleb128 0x1
 4604 00e2 B842     		.uleb128 0x2138
 4605 00e4 0B       		.uleb128 0xb
 4606 00e5 55       		.uleb128 0x55
 4607 00e6 17       		.uleb128 0x17
 4608 00e7 58       		.uleb128 0x58
 4609 00e8 21       		.uleb128 0x21
 4610 00e9 01       		.sleb128 1
 4611 00ea 59       		.uleb128 0x59
 4612 00eb 0B       		.uleb128 0xb
 4613 00ec 57       		.uleb128 0x57
 4614 00ed 21       		.uleb128 0x21
 4615 00ee 03       		.sleb128 3
 4616 00ef 01       		.uleb128 0x1
 4617 00f0 13       		.uleb128 0x13
 4618 00f1 00       		.byte	0
 4619 00f2 00       		.byte	0
 4620 00f3 12       		.uleb128 0x12
 4621 00f4 26       		.uleb128 0x26
 4622 00f5 00       		.byte	0
 4623 00f6 49       		.uleb128 0x49
 4624 00f7 13       		.uleb128 0x13
 4625 00f8 00       		.byte	0
 4626 00f9 00       		.byte	0
 4627 00fa 13       		.uleb128 0x13
 4628 00fb 1D       		.uleb128 0x1d
 4629 00fc 01       		.byte	0x1
 4630 00fd 31       		.uleb128 0x31
 4631 00fe 13       		.uleb128 0x13
 4632 00ff 52       		.uleb128 0x52
 4633 0100 01       		.uleb128 0x1
 4634 0101 B842     		.uleb128 0x2138
 4635 0103 0B       		.uleb128 0xb
 4636 0104 55       		.uleb128 0x55
 4637 0105 17       		.uleb128 0x17
 4638 0106 58       		.uleb128 0x58
 4639 0107 21       		.uleb128 0x21
 4640 0108 04       		.sleb128 4
 4641 0109 59       		.uleb128 0x59
 4642 010a 05       		.uleb128 0x5
 4643 010b 57       		.uleb128 0x57
 4644 010c 21       		.uleb128 0x21
 4645 010d 03       		.sleb128 3
 4646 010e 00       		.byte	0
 4647 010f 00       		.byte	0
 4648 0110 14       		.uleb128 0x14
 4649 0111 01       		.uleb128 0x1
ARM GAS  /tmp/ccplaV3T.s 			page 83


 4650 0112 01       		.byte	0x1
 4651 0113 49       		.uleb128 0x49
 4652 0114 13       		.uleb128 0x13
 4653 0115 01       		.uleb128 0x1
 4654 0116 13       		.uleb128 0x13
 4655 0117 00       		.byte	0
 4656 0118 00       		.byte	0
 4657 0119 15       		.uleb128 0x15
 4658 011a 21       		.uleb128 0x21
 4659 011b 00       		.byte	0
 4660 011c 49       		.uleb128 0x49
 4661 011d 13       		.uleb128 0x13
 4662 011e 2F       		.uleb128 0x2f
 4663 011f 0B       		.uleb128 0xb
 4664 0120 00       		.byte	0
 4665 0121 00       		.byte	0
 4666 0122 16       		.uleb128 0x16
 4667 0123 05       		.uleb128 0x5
 4668 0124 00       		.byte	0
 4669 0125 03       		.uleb128 0x3
 4670 0126 08       		.uleb128 0x8
 4671 0127 3A       		.uleb128 0x3a
 4672 0128 21       		.uleb128 0x21
 4673 0129 01       		.sleb128 1
 4674 012a 3B       		.uleb128 0x3b
 4675 012b 05       		.uleb128 0x5
 4676 012c 39       		.uleb128 0x39
 4677 012d 0B       		.uleb128 0xb
 4678 012e 49       		.uleb128 0x49
 4679 012f 13       		.uleb128 0x13
 4680 0130 02       		.uleb128 0x2
 4681 0131 17       		.uleb128 0x17
 4682 0132 B742     		.uleb128 0x2137
 4683 0134 17       		.uleb128 0x17
 4684 0135 00       		.byte	0
 4685 0136 00       		.byte	0
 4686 0137 17       		.uleb128 0x17
 4687 0138 13       		.uleb128 0x13
 4688 0139 01       		.byte	0x1
 4689 013a 03       		.uleb128 0x3
 4690 013b 0E       		.uleb128 0xe
 4691 013c 0B       		.uleb128 0xb
 4692 013d 0B       		.uleb128 0xb
 4693 013e 3A       		.uleb128 0x3a
 4694 013f 0B       		.uleb128 0xb
 4695 0140 3B       		.uleb128 0x3b
 4696 0141 0B       		.uleb128 0xb
 4697 0142 39       		.uleb128 0x39
 4698 0143 0B       		.uleb128 0xb
 4699 0144 01       		.uleb128 0x1
 4700 0145 13       		.uleb128 0x13
 4701 0146 00       		.byte	0
 4702 0147 00       		.byte	0
 4703 0148 18       		.uleb128 0x18
 4704 0149 0D       		.uleb128 0xd
 4705 014a 00       		.byte	0
 4706 014b 03       		.uleb128 0x3
ARM GAS  /tmp/ccplaV3T.s 			page 84


 4707 014c 0E       		.uleb128 0xe
 4708 014d 3A       		.uleb128 0x3a
 4709 014e 21       		.uleb128 0x21
 4710 014f 02       		.sleb128 2
 4711 0150 3B       		.uleb128 0x3b
 4712 0151 05       		.uleb128 0x5
 4713 0152 39       		.uleb128 0x39
 4714 0153 0B       		.uleb128 0xb
 4715 0154 49       		.uleb128 0x49
 4716 0155 13       		.uleb128 0x13
 4717 0156 00       		.byte	0
 4718 0157 00       		.byte	0
 4719 0158 19       		.uleb128 0x19
 4720 0159 0B       		.uleb128 0xb
 4721 015a 01       		.byte	0x1
 4722 015b 55       		.uleb128 0x55
 4723 015c 17       		.uleb128 0x17
 4724 015d 00       		.byte	0
 4725 015e 00       		.byte	0
 4726 015f 1A       		.uleb128 0x1a
 4727 0160 13       		.uleb128 0x13
 4728 0161 01       		.byte	0x1
 4729 0162 03       		.uleb128 0x3
 4730 0163 0E       		.uleb128 0xe
 4731 0164 0B       		.uleb128 0xb
 4732 0165 0B       		.uleb128 0xb
 4733 0166 3A       		.uleb128 0x3a
 4734 0167 21       		.uleb128 0x21
 4735 0168 02       		.sleb128 2
 4736 0169 3B       		.uleb128 0x3b
 4737 016a 05       		.uleb128 0x5
 4738 016b 39       		.uleb128 0x39
 4739 016c 21       		.uleb128 0x21
 4740 016d 08       		.sleb128 8
 4741 016e 01       		.uleb128 0x1
 4742 016f 13       		.uleb128 0x13
 4743 0170 00       		.byte	0
 4744 0171 00       		.byte	0
 4745 0172 1B       		.uleb128 0x1b
 4746 0173 2E       		.uleb128 0x2e
 4747 0174 01       		.byte	0x1
 4748 0175 3F       		.uleb128 0x3f
 4749 0176 19       		.uleb128 0x19
 4750 0177 03       		.uleb128 0x3
 4751 0178 0E       		.uleb128 0xe
 4752 0179 3A       		.uleb128 0x3a
 4753 017a 0B       		.uleb128 0xb
 4754 017b 3B       		.uleb128 0x3b
 4755 017c 05       		.uleb128 0x5
 4756 017d 39       		.uleb128 0x39
 4757 017e 21       		.uleb128 0x21
 4758 017f 08       		.sleb128 8
 4759 0180 27       		.uleb128 0x27
 4760 0181 19       		.uleb128 0x19
 4761 0182 3C       		.uleb128 0x3c
 4762 0183 19       		.uleb128 0x19
 4763 0184 01       		.uleb128 0x1
ARM GAS  /tmp/ccplaV3T.s 			page 85


 4764 0185 13       		.uleb128 0x13
 4765 0186 00       		.byte	0
 4766 0187 00       		.byte	0
 4767 0188 1C       		.uleb128 0x1c
 4768 0189 2E       		.uleb128 0x2e
 4769 018a 01       		.byte	0x1
 4770 018b 3F       		.uleb128 0x3f
 4771 018c 19       		.uleb128 0x19
 4772 018d 03       		.uleb128 0x3
 4773 018e 0E       		.uleb128 0xe
 4774 018f 3A       		.uleb128 0x3a
 4775 0190 21       		.uleb128 0x21
 4776 0191 02       		.sleb128 2
 4777 0192 3B       		.uleb128 0x3b
 4778 0193 05       		.uleb128 0x5
 4779 0194 39       		.uleb128 0x39
 4780 0195 0B       		.uleb128 0xb
 4781 0196 27       		.uleb128 0x27
 4782 0197 19       		.uleb128 0x19
 4783 0198 49       		.uleb128 0x49
 4784 0199 13       		.uleb128 0x13
 4785 019a 3C       		.uleb128 0x3c
 4786 019b 19       		.uleb128 0x19
 4787 019c 01       		.uleb128 0x1
 4788 019d 13       		.uleb128 0x13
 4789 019e 00       		.byte	0
 4790 019f 00       		.byte	0
 4791 01a0 1D       		.uleb128 0x1d
 4792 01a1 2E       		.uleb128 0x2e
 4793 01a2 00       		.byte	0
 4794 01a3 3F       		.uleb128 0x3f
 4795 01a4 19       		.uleb128 0x19
 4796 01a5 03       		.uleb128 0x3
 4797 01a6 0E       		.uleb128 0xe
 4798 01a7 3A       		.uleb128 0x3a
 4799 01a8 21       		.uleb128 0x21
 4800 01a9 0E       		.sleb128 14
 4801 01aa 3B       		.uleb128 0x3b
 4802 01ab 0B       		.uleb128 0xb
 4803 01ac 39       		.uleb128 0x39
 4804 01ad 21       		.uleb128 0x21
 4805 01ae 08       		.sleb128 8
 4806 01af 27       		.uleb128 0x27
 4807 01b0 19       		.uleb128 0x19
 4808 01b1 3C       		.uleb128 0x3c
 4809 01b2 19       		.uleb128 0x19
 4810 01b3 00       		.byte	0
 4811 01b4 00       		.byte	0
 4812 01b5 1E       		.uleb128 0x1e
 4813 01b6 1D       		.uleb128 0x1d
 4814 01b7 01       		.byte	0x1
 4815 01b8 31       		.uleb128 0x31
 4816 01b9 13       		.uleb128 0x13
 4817 01ba 52       		.uleb128 0x52
 4818 01bb 01       		.uleb128 0x1
 4819 01bc B842     		.uleb128 0x2138
 4820 01be 0B       		.uleb128 0xb
ARM GAS  /tmp/ccplaV3T.s 			page 86


 4821 01bf 11       		.uleb128 0x11
 4822 01c0 01       		.uleb128 0x1
 4823 01c1 12       		.uleb128 0x12
 4824 01c2 06       		.uleb128 0x6
 4825 01c3 58       		.uleb128 0x58
 4826 01c4 0B       		.uleb128 0xb
 4827 01c5 59       		.uleb128 0x59
 4828 01c6 05       		.uleb128 0x5
 4829 01c7 57       		.uleb128 0x57
 4830 01c8 21       		.uleb128 0x21
 4831 01c9 03       		.sleb128 3
 4832 01ca 01       		.uleb128 0x1
 4833 01cb 13       		.uleb128 0x13
 4834 01cc 00       		.byte	0
 4835 01cd 00       		.byte	0
 4836 01ce 1F       		.uleb128 0x1f
 4837 01cf 34       		.uleb128 0x34
 4838 01d0 00       		.byte	0
 4839 01d1 03       		.uleb128 0x3
 4840 01d2 08       		.uleb128 0x8
 4841 01d3 3A       		.uleb128 0x3a
 4842 01d4 21       		.uleb128 0x21
 4843 01d5 01       		.sleb128 1
 4844 01d6 3B       		.uleb128 0x3b
 4845 01d7 05       		.uleb128 0x5
 4846 01d8 39       		.uleb128 0x39
 4847 01d9 0B       		.uleb128 0xb
 4848 01da 49       		.uleb128 0x49
 4849 01db 13       		.uleb128 0x13
 4850 01dc 02       		.uleb128 0x2
 4851 01dd 17       		.uleb128 0x17
 4852 01de B742     		.uleb128 0x2137
 4853 01e0 17       		.uleb128 0x17
 4854 01e1 00       		.byte	0
 4855 01e2 00       		.byte	0
 4856 01e3 20       		.uleb128 0x20
 4857 01e4 2E       		.uleb128 0x2e
 4858 01e5 01       		.byte	0x1
 4859 01e6 3F       		.uleb128 0x3f
 4860 01e7 19       		.uleb128 0x19
 4861 01e8 03       		.uleb128 0x3
 4862 01e9 0E       		.uleb128 0xe
 4863 01ea 3A       		.uleb128 0x3a
 4864 01eb 21       		.uleb128 0x21
 4865 01ec 01       		.sleb128 1
 4866 01ed 3B       		.uleb128 0x3b
 4867 01ee 05       		.uleb128 0x5
 4868 01ef 39       		.uleb128 0x39
 4869 01f0 21       		.uleb128 0x21
 4870 01f1 06       		.sleb128 6
 4871 01f2 27       		.uleb128 0x27
 4872 01f3 19       		.uleb128 0x19
 4873 01f4 11       		.uleb128 0x11
 4874 01f5 01       		.uleb128 0x1
 4875 01f6 12       		.uleb128 0x12
 4876 01f7 06       		.uleb128 0x6
 4877 01f8 40       		.uleb128 0x40
ARM GAS  /tmp/ccplaV3T.s 			page 87


 4878 01f9 18       		.uleb128 0x18
 4879 01fa 7A       		.uleb128 0x7a
 4880 01fb 19       		.uleb128 0x19
 4881 01fc 01       		.uleb128 0x1
 4882 01fd 13       		.uleb128 0x13
 4883 01fe 00       		.byte	0
 4884 01ff 00       		.byte	0
 4885 0200 21       		.uleb128 0x21
 4886 0201 2E       		.uleb128 0x2e
 4887 0202 01       		.byte	0x1
 4888 0203 3F       		.uleb128 0x3f
 4889 0204 19       		.uleb128 0x19
 4890 0205 03       		.uleb128 0x3
 4891 0206 0E       		.uleb128 0xe
 4892 0207 3A       		.uleb128 0x3a
 4893 0208 21       		.uleb128 0x21
 4894 0209 01       		.sleb128 1
 4895 020a 3B       		.uleb128 0x3b
 4896 020b 0B       		.uleb128 0xb
 4897 020c 39       		.uleb128 0x39
 4898 020d 21       		.uleb128 0x21
 4899 020e 07       		.sleb128 7
 4900 020f 27       		.uleb128 0x27
 4901 0210 19       		.uleb128 0x19
 4902 0211 49       		.uleb128 0x49
 4903 0212 13       		.uleb128 0x13
 4904 0213 11       		.uleb128 0x11
 4905 0214 01       		.uleb128 0x1
 4906 0215 12       		.uleb128 0x12
 4907 0216 06       		.uleb128 0x6
 4908 0217 40       		.uleb128 0x40
 4909 0218 18       		.uleb128 0x18
 4910 0219 7A       		.uleb128 0x7a
 4911 021a 19       		.uleb128 0x19
 4912 021b 01       		.uleb128 0x1
 4913 021c 13       		.uleb128 0x13
 4914 021d 00       		.byte	0
 4915 021e 00       		.byte	0
 4916 021f 22       		.uleb128 0x22
 4917 0220 34       		.uleb128 0x34
 4918 0221 00       		.byte	0
 4919 0222 03       		.uleb128 0x3
 4920 0223 08       		.uleb128 0x8
 4921 0224 3A       		.uleb128 0x3a
 4922 0225 21       		.uleb128 0x21
 4923 0226 01       		.sleb128 1
 4924 0227 3B       		.uleb128 0x3b
 4925 0228 0B       		.uleb128 0xb
 4926 0229 39       		.uleb128 0x39
 4927 022a 21       		.uleb128 0x21
 4928 022b 09       		.sleb128 9
 4929 022c 49       		.uleb128 0x49
 4930 022d 13       		.uleb128 0x13
 4931 022e 02       		.uleb128 0x2
 4932 022f 17       		.uleb128 0x17
 4933 0230 B742     		.uleb128 0x2137
 4934 0232 17       		.uleb128 0x17
ARM GAS  /tmp/ccplaV3T.s 			page 88


 4935 0233 00       		.byte	0
 4936 0234 00       		.byte	0
 4937 0235 23       		.uleb128 0x23
 4938 0236 2E       		.uleb128 0x2e
 4939 0237 01       		.byte	0x1
 4940 0238 3F       		.uleb128 0x3f
 4941 0239 19       		.uleb128 0x19
 4942 023a 03       		.uleb128 0x3
 4943 023b 0E       		.uleb128 0xe
 4944 023c 3A       		.uleb128 0x3a
 4945 023d 21       		.uleb128 0x21
 4946 023e 01       		.sleb128 1
 4947 023f 3B       		.uleb128 0x3b
 4948 0240 0B       		.uleb128 0xb
 4949 0241 39       		.uleb128 0x39
 4950 0242 21       		.uleb128 0x21
 4951 0243 06       		.sleb128 6
 4952 0244 27       		.uleb128 0x27
 4953 0245 19       		.uleb128 0x19
 4954 0246 11       		.uleb128 0x11
 4955 0247 01       		.uleb128 0x1
 4956 0248 12       		.uleb128 0x12
 4957 0249 06       		.uleb128 0x6
 4958 024a 40       		.uleb128 0x40
 4959 024b 18       		.uleb128 0x18
 4960 024c 7A       		.uleb128 0x7a
 4961 024d 19       		.uleb128 0x19
 4962 024e 01       		.uleb128 0x1
 4963 024f 13       		.uleb128 0x13
 4964 0250 00       		.byte	0
 4965 0251 00       		.byte	0
 4966 0252 24       		.uleb128 0x24
 4967 0253 2E       		.uleb128 0x2e
 4968 0254 00       		.byte	0
 4969 0255 03       		.uleb128 0x3
 4970 0256 0E       		.uleb128 0xe
 4971 0257 3A       		.uleb128 0x3a
 4972 0258 0B       		.uleb128 0xb
 4973 0259 3B       		.uleb128 0x3b
 4974 025a 05       		.uleb128 0x5
 4975 025b 39       		.uleb128 0x39
 4976 025c 21       		.uleb128 0x21
 4977 025d 14       		.sleb128 20
 4978 025e 27       		.uleb128 0x27
 4979 025f 19       		.uleb128 0x19
 4980 0260 20       		.uleb128 0x20
 4981 0261 21       		.uleb128 0x21
 4982 0262 03       		.sleb128 3
 4983 0263 00       		.byte	0
 4984 0264 00       		.byte	0
 4985 0265 25       		.uleb128 0x25
 4986 0266 05       		.uleb128 0x5
 4987 0267 00       		.byte	0
 4988 0268 03       		.uleb128 0x3
 4989 0269 08       		.uleb128 0x8
 4990 026a 3A       		.uleb128 0x3a
 4991 026b 21       		.uleb128 0x21
ARM GAS  /tmp/ccplaV3T.s 			page 89


 4992 026c 02       		.sleb128 2
 4993 026d 3B       		.uleb128 0x3b
 4994 026e 05       		.uleb128 0x5
 4995 026f 39       		.uleb128 0x39
 4996 0270 0B       		.uleb128 0xb
 4997 0271 49       		.uleb128 0x49
 4998 0272 13       		.uleb128 0x13
 4999 0273 00       		.byte	0
 5000 0274 00       		.byte	0
 5001 0275 26       		.uleb128 0x26
 5002 0276 35       		.uleb128 0x35
 5003 0277 00       		.byte	0
 5004 0278 49       		.uleb128 0x49
 5005 0279 13       		.uleb128 0x13
 5006 027a 00       		.byte	0
 5007 027b 00       		.byte	0
 5008 027c 27       		.uleb128 0x27
 5009 027d 2E       		.uleb128 0x2e
 5010 027e 01       		.byte	0x1
 5011 027f 3F       		.uleb128 0x3f
 5012 0280 19       		.uleb128 0x19
 5013 0281 03       		.uleb128 0x3
 5014 0282 0E       		.uleb128 0xe
 5015 0283 3A       		.uleb128 0x3a
 5016 0284 21       		.uleb128 0x21
 5017 0285 01       		.sleb128 1
 5018 0286 3B       		.uleb128 0x3b
 5019 0287 05       		.uleb128 0x5
 5020 0288 39       		.uleb128 0x39
 5021 0289 21       		.uleb128 0x21
 5022 028a 07       		.sleb128 7
 5023 028b 27       		.uleb128 0x27
 5024 028c 19       		.uleb128 0x19
 5025 028d 49       		.uleb128 0x49
 5026 028e 13       		.uleb128 0x13
 5027 028f 11       		.uleb128 0x11
 5028 0290 01       		.uleb128 0x1
 5029 0291 12       		.uleb128 0x12
 5030 0292 06       		.uleb128 0x6
 5031 0293 40       		.uleb128 0x40
 5032 0294 18       		.uleb128 0x18
 5033 0295 7A       		.uleb128 0x7a
 5034 0296 19       		.uleb128 0x19
 5035 0297 01       		.uleb128 0x1
 5036 0298 13       		.uleb128 0x13
 5037 0299 00       		.byte	0
 5038 029a 00       		.byte	0
 5039 029b 28       		.uleb128 0x28
 5040 029c 1D       		.uleb128 0x1d
 5041 029d 01       		.byte	0x1
 5042 029e 31       		.uleb128 0x31
 5043 029f 13       		.uleb128 0x13
 5044 02a0 52       		.uleb128 0x52
 5045 02a1 01       		.uleb128 0x1
 5046 02a2 B842     		.uleb128 0x2138
 5047 02a4 0B       		.uleb128 0xb
 5048 02a5 11       		.uleb128 0x11
ARM GAS  /tmp/ccplaV3T.s 			page 90


 5049 02a6 01       		.uleb128 0x1
 5050 02a7 12       		.uleb128 0x12
 5051 02a8 06       		.uleb128 0x6
 5052 02a9 58       		.uleb128 0x58
 5053 02aa 21       		.uleb128 0x21
 5054 02ab 04       		.sleb128 4
 5055 02ac 59       		.uleb128 0x59
 5056 02ad 21       		.uleb128 0x21
 5057 02ae BF03     		.sleb128 447
 5058 02b0 57       		.uleb128 0x57
 5059 02b1 21       		.uleb128 0x21
 5060 02b2 03       		.sleb128 3
 5061 02b3 00       		.byte	0
 5062 02b4 00       		.byte	0
 5063 02b5 29       		.uleb128 0x29
 5064 02b6 2E       		.uleb128 0x2e
 5065 02b7 01       		.byte	0x1
 5066 02b8 03       		.uleb128 0x3
 5067 02b9 0E       		.uleb128 0xe
 5068 02ba 3A       		.uleb128 0x3a
 5069 02bb 0B       		.uleb128 0xb
 5070 02bc 3B       		.uleb128 0x3b
 5071 02bd 05       		.uleb128 0x5
 5072 02be 39       		.uleb128 0x39
 5073 02bf 21       		.uleb128 0x21
 5074 02c0 14       		.sleb128 20
 5075 02c1 27       		.uleb128 0x27
 5076 02c2 19       		.uleb128 0x19
 5077 02c3 20       		.uleb128 0x20
 5078 02c4 21       		.uleb128 0x21
 5079 02c5 03       		.sleb128 3
 5080 02c6 01       		.uleb128 0x1
 5081 02c7 13       		.uleb128 0x13
 5082 02c8 00       		.byte	0
 5083 02c9 00       		.byte	0
 5084 02ca 2A       		.uleb128 0x2a
 5085 02cb 2E       		.uleb128 0x2e
 5086 02cc 01       		.byte	0x1
 5087 02cd 03       		.uleb128 0x3
 5088 02ce 0E       		.uleb128 0xe
 5089 02cf 3A       		.uleb128 0x3a
 5090 02d0 21       		.uleb128 0x21
 5091 02d1 02       		.sleb128 2
 5092 02d2 3B       		.uleb128 0x3b
 5093 02d3 05       		.uleb128 0x5
 5094 02d4 39       		.uleb128 0x39
 5095 02d5 21       		.uleb128 0x21
 5096 02d6 14       		.sleb128 20
 5097 02d7 27       		.uleb128 0x27
 5098 02d8 19       		.uleb128 0x19
 5099 02d9 49       		.uleb128 0x49
 5100 02da 13       		.uleb128 0x13
 5101 02db 20       		.uleb128 0x20
 5102 02dc 21       		.uleb128 0x21
 5103 02dd 03       		.sleb128 3
 5104 02de 01       		.uleb128 0x1
 5105 02df 13       		.uleb128 0x13
ARM GAS  /tmp/ccplaV3T.s 			page 91


 5106 02e0 00       		.byte	0
 5107 02e1 00       		.byte	0
 5108 02e2 2B       		.uleb128 0x2b
 5109 02e3 11       		.uleb128 0x11
 5110 02e4 01       		.byte	0x1
 5111 02e5 25       		.uleb128 0x25
 5112 02e6 0E       		.uleb128 0xe
 5113 02e7 13       		.uleb128 0x13
 5114 02e8 0B       		.uleb128 0xb
 5115 02e9 03       		.uleb128 0x3
 5116 02ea 0E       		.uleb128 0xe
 5117 02eb 1B       		.uleb128 0x1b
 5118 02ec 0E       		.uleb128 0xe
 5119 02ed 55       		.uleb128 0x55
 5120 02ee 17       		.uleb128 0x17
 5121 02ef 11       		.uleb128 0x11
 5122 02f0 01       		.uleb128 0x1
 5123 02f1 10       		.uleb128 0x10
 5124 02f2 17       		.uleb128 0x17
 5125 02f3 00       		.byte	0
 5126 02f4 00       		.byte	0
 5127 02f5 2C       		.uleb128 0x2c
 5128 02f6 24       		.uleb128 0x24
 5129 02f7 00       		.byte	0
 5130 02f8 0B       		.uleb128 0xb
 5131 02f9 0B       		.uleb128 0xb
 5132 02fa 3E       		.uleb128 0x3e
 5133 02fb 0B       		.uleb128 0xb
 5134 02fc 03       		.uleb128 0x3
 5135 02fd 08       		.uleb128 0x8
 5136 02fe 00       		.byte	0
 5137 02ff 00       		.byte	0
 5138 0300 2D       		.uleb128 0x2d
 5139 0301 15       		.uleb128 0x15
 5140 0302 01       		.byte	0x1
 5141 0303 27       		.uleb128 0x27
 5142 0304 19       		.uleb128 0x19
 5143 0305 01       		.uleb128 0x1
 5144 0306 13       		.uleb128 0x13
 5145 0307 00       		.byte	0
 5146 0308 00       		.byte	0
 5147 0309 2E       		.uleb128 0x2e
 5148 030a 0F       		.uleb128 0xf
 5149 030b 00       		.byte	0
 5150 030c 0B       		.uleb128 0xb
 5151 030d 0B       		.uleb128 0xb
 5152 030e 00       		.byte	0
 5153 030f 00       		.byte	0
 5154 0310 2F       		.uleb128 0x2f
 5155 0311 13       		.uleb128 0x13
 5156 0312 01       		.byte	0x1
 5157 0313 03       		.uleb128 0x3
 5158 0314 0E       		.uleb128 0xe
 5159 0315 0B       		.uleb128 0xb
 5160 0316 05       		.uleb128 0x5
 5161 0317 3A       		.uleb128 0x3a
 5162 0318 0B       		.uleb128 0xb
ARM GAS  /tmp/ccplaV3T.s 			page 92


 5163 0319 3B       		.uleb128 0x3b
 5164 031a 05       		.uleb128 0x5
 5165 031b 39       		.uleb128 0x39
 5166 031c 0B       		.uleb128 0xb
 5167 031d 01       		.uleb128 0x1
 5168 031e 13       		.uleb128 0x13
 5169 031f 00       		.byte	0
 5170 0320 00       		.byte	0
 5171 0321 30       		.uleb128 0x30
 5172 0322 13       		.uleb128 0x13
 5173 0323 01       		.byte	0x1
 5174 0324 0B       		.uleb128 0xb
 5175 0325 0B       		.uleb128 0xb
 5176 0326 3A       		.uleb128 0x3a
 5177 0327 0B       		.uleb128 0xb
 5178 0328 3B       		.uleb128 0x3b
 5179 0329 0B       		.uleb128 0xb
 5180 032a 39       		.uleb128 0x39
 5181 032b 0B       		.uleb128 0xb
 5182 032c 01       		.uleb128 0x1
 5183 032d 13       		.uleb128 0x13
 5184 032e 00       		.byte	0
 5185 032f 00       		.byte	0
 5186 0330 31       		.uleb128 0x31
 5187 0331 17       		.uleb128 0x17
 5188 0332 01       		.byte	0x1
 5189 0333 0B       		.uleb128 0xb
 5190 0334 0B       		.uleb128 0xb
 5191 0335 3A       		.uleb128 0x3a
 5192 0336 0B       		.uleb128 0xb
 5193 0337 3B       		.uleb128 0x3b
 5194 0338 0B       		.uleb128 0xb
 5195 0339 39       		.uleb128 0x39
 5196 033a 0B       		.uleb128 0xb
 5197 033b 01       		.uleb128 0x1
 5198 033c 13       		.uleb128 0x13
 5199 033d 00       		.byte	0
 5200 033e 00       		.byte	0
 5201 033f 32       		.uleb128 0x32
 5202 0340 34       		.uleb128 0x34
 5203 0341 00       		.byte	0
 5204 0342 03       		.uleb128 0x3
 5205 0343 08       		.uleb128 0x8
 5206 0344 3A       		.uleb128 0x3a
 5207 0345 0B       		.uleb128 0xb
 5208 0346 3B       		.uleb128 0x3b
 5209 0347 05       		.uleb128 0x5
 5210 0348 39       		.uleb128 0x39
 5211 0349 0B       		.uleb128 0xb
 5212 034a 49       		.uleb128 0x49
 5213 034b 13       		.uleb128 0x13
 5214 034c 3F       		.uleb128 0x3f
 5215 034d 19       		.uleb128 0x19
 5216 034e 3C       		.uleb128 0x3c
 5217 034f 19       		.uleb128 0x19
 5218 0350 00       		.byte	0
 5219 0351 00       		.byte	0
ARM GAS  /tmp/ccplaV3T.s 			page 93


 5220 0352 33       		.uleb128 0x33
 5221 0353 2E       		.uleb128 0x2e
 5222 0354 00       		.byte	0
 5223 0355 3F       		.uleb128 0x3f
 5224 0356 19       		.uleb128 0x19
 5225 0357 03       		.uleb128 0x3
 5226 0358 0E       		.uleb128 0xe
 5227 0359 3A       		.uleb128 0x3a
 5228 035a 0B       		.uleb128 0xb
 5229 035b 3B       		.uleb128 0x3b
 5230 035c 05       		.uleb128 0x5
 5231 035d 39       		.uleb128 0x39
 5232 035e 0B       		.uleb128 0xb
 5233 035f 27       		.uleb128 0x27
 5234 0360 19       		.uleb128 0x19
 5235 0361 3C       		.uleb128 0x3c
 5236 0362 19       		.uleb128 0x19
 5237 0363 00       		.byte	0
 5238 0364 00       		.byte	0
 5239 0365 34       		.uleb128 0x34
 5240 0366 0B       		.uleb128 0xb
 5241 0367 01       		.byte	0x1
 5242 0368 11       		.uleb128 0x11
 5243 0369 01       		.uleb128 0x1
 5244 036a 12       		.uleb128 0x12
 5245 036b 06       		.uleb128 0x6
 5246 036c 01       		.uleb128 0x1
 5247 036d 13       		.uleb128 0x13
 5248 036e 00       		.byte	0
 5249 036f 00       		.byte	0
 5250 0370 35       		.uleb128 0x35
 5251 0371 0B       		.uleb128 0xb
 5252 0372 01       		.byte	0x1
 5253 0373 55       		.uleb128 0x55
 5254 0374 17       		.uleb128 0x17
 5255 0375 01       		.uleb128 0x1
 5256 0376 13       		.uleb128 0x13
 5257 0377 00       		.byte	0
 5258 0378 00       		.byte	0
 5259 0379 36       		.uleb128 0x36
 5260 037a 48       		.uleb128 0x48
 5261 037b 00       		.byte	0
 5262 037c 7D       		.uleb128 0x7d
 5263 037d 01       		.uleb128 0x1
 5264 037e 8201     		.uleb128 0x82
 5265 0380 19       		.uleb128 0x19
 5266 0381 7F       		.uleb128 0x7f
 5267 0382 13       		.uleb128 0x13
 5268 0383 00       		.byte	0
 5269 0384 00       		.byte	0
 5270 0385 37       		.uleb128 0x37
 5271 0386 05       		.uleb128 0x5
 5272 0387 00       		.byte	0
 5273 0388 03       		.uleb128 0x3
 5274 0389 0E       		.uleb128 0xe
 5275 038a 3A       		.uleb128 0x3a
 5276 038b 0B       		.uleb128 0xb
ARM GAS  /tmp/ccplaV3T.s 			page 94


 5277 038c 3B       		.uleb128 0x3b
 5278 038d 05       		.uleb128 0x5
 5279 038e 39       		.uleb128 0x39
 5280 038f 0B       		.uleb128 0xb
 5281 0390 49       		.uleb128 0x49
 5282 0391 13       		.uleb128 0x13
 5283 0392 02       		.uleb128 0x2
 5284 0393 17       		.uleb128 0x17
 5285 0394 B742     		.uleb128 0x2137
 5286 0396 17       		.uleb128 0x17
 5287 0397 00       		.byte	0
 5288 0398 00       		.byte	0
 5289 0399 38       		.uleb128 0x38
 5290 039a 48       		.uleb128 0x48
 5291 039b 01       		.byte	0x1
 5292 039c 7D       		.uleb128 0x7d
 5293 039d 01       		.uleb128 0x1
 5294 039e 8201     		.uleb128 0x82
 5295 03a0 19       		.uleb128 0x19
 5296 03a1 7F       		.uleb128 0x7f
 5297 03a2 13       		.uleb128 0x13
 5298 03a3 01       		.uleb128 0x1
 5299 03a4 13       		.uleb128 0x13
 5300 03a5 00       		.byte	0
 5301 03a6 00       		.byte	0
 5302 03a7 39       		.uleb128 0x39
 5303 03a8 05       		.uleb128 0x5
 5304 03a9 00       		.byte	0
 5305 03aa 03       		.uleb128 0x3
 5306 03ab 0E       		.uleb128 0xe
 5307 03ac 3A       		.uleb128 0x3a
 5308 03ad 0B       		.uleb128 0xb
 5309 03ae 3B       		.uleb128 0x3b
 5310 03af 0B       		.uleb128 0xb
 5311 03b0 39       		.uleb128 0x39
 5312 03b1 0B       		.uleb128 0xb
 5313 03b2 49       		.uleb128 0x49
 5314 03b3 13       		.uleb128 0x13
 5315 03b4 02       		.uleb128 0x2
 5316 03b5 17       		.uleb128 0x17
 5317 03b6 B742     		.uleb128 0x2137
 5318 03b8 17       		.uleb128 0x17
 5319 03b9 00       		.byte	0
 5320 03ba 00       		.byte	0
 5321 03bb 3A       		.uleb128 0x3a
 5322 03bc 2E       		.uleb128 0x2e
 5323 03bd 01       		.byte	0x1
 5324 03be 03       		.uleb128 0x3
 5325 03bf 0E       		.uleb128 0xe
 5326 03c0 3A       		.uleb128 0x3a
 5327 03c1 0B       		.uleb128 0xb
 5328 03c2 3B       		.uleb128 0x3b
 5329 03c3 05       		.uleb128 0x5
 5330 03c4 39       		.uleb128 0x39
 5331 03c5 0B       		.uleb128 0xb
 5332 03c6 27       		.uleb128 0x27
 5333 03c7 19       		.uleb128 0x19
ARM GAS  /tmp/ccplaV3T.s 			page 95


 5334 03c8 20       		.uleb128 0x20
 5335 03c9 0B       		.uleb128 0xb
 5336 03ca 00       		.byte	0
 5337 03cb 00       		.byte	0
 5338 03cc 3B       		.uleb128 0x3b
 5339 03cd 05       		.uleb128 0x5
 5340 03ce 00       		.byte	0
 5341 03cf 03       		.uleb128 0x3
 5342 03d0 0E       		.uleb128 0xe
 5343 03d1 3A       		.uleb128 0x3a
 5344 03d2 0B       		.uleb128 0xb
 5345 03d3 3B       		.uleb128 0x3b
 5346 03d4 05       		.uleb128 0x5
 5347 03d5 39       		.uleb128 0x39
 5348 03d6 0B       		.uleb128 0xb
 5349 03d7 49       		.uleb128 0x49
 5350 03d8 13       		.uleb128 0x13
 5351 03d9 00       		.byte	0
 5352 03da 00       		.byte	0
 5353 03db 00       		.byte	0
 5354              		.section	.debug_loclists,"",%progbits
 5355 0000 2F050000 		.4byte	.Ldebug_loc3-.Ldebug_loc2
 5356              	.Ldebug_loc2:
 5357 0004 0500     		.2byte	0x5
 5358 0006 04       		.byte	0x4
 5359 0007 00       		.byte	0
 5360 0008 00000000 		.4byte	0
 5361              	.Ldebug_loc0:
 5362              	.LVUS59:
 5363 000c 00       		.uleb128 0
 5364 000d 00       		.uleb128 .LVU489
 5365 000e 00       		.uleb128 .LVU489
 5366 000f 00       		.uleb128 .LVU531
 5367 0010 00       		.uleb128 .LVU531
 5368 0011 00       		.uleb128 .LVU559
 5369 0012 00       		.uleb128 .LVU559
 5370 0013 00       		.uleb128 .LVU562
 5371 0014 00       		.uleb128 .LVU562
 5372 0015 00       		.uleb128 .LVU563
 5373 0016 00       		.uleb128 .LVU563
 5374 0017 00       		.uleb128 .LVU567
 5375 0018 00       		.uleb128 .LVU567
 5376 0019 00       		.uleb128 .LVU575
 5377 001a 00       		.uleb128 .LVU575
 5378 001b 00       		.uleb128 0
 5379              	.LLST59:
 5380 001c 06       		.byte	0x6
 5381 001d 00000000 		.4byte	.LVL128
 5382 0021 04       		.byte	0x4
 5383 0022 00       		.uleb128 .LVL128-.LVL128
 5384 0023 0E       		.uleb128 .LVL129-.LVL128
 5385 0024 01       		.uleb128 0x1
 5386 0025 50       		.byte	0x50
 5387 0026 04       		.byte	0x4
 5388 0027 0E       		.uleb128 .LVL129-.LVL128
 5389 0028 56       		.uleb128 .LVL137-.LVL128
 5390 0029 01       		.uleb128 0x1
ARM GAS  /tmp/ccplaV3T.s 			page 96


 5391 002a 55       		.byte	0x55
 5392 002b 04       		.byte	0x4
 5393 002c 56       		.uleb128 .LVL137-.LVL128
 5394 002d 8601     		.uleb128 .LVL145-.LVL128
 5395 002f 0A       		.uleb128 0xa
 5396 0030 A3       		.byte	0xa3
 5397 0031 03       		.uleb128 0x3
 5398 0032 A5       		.byte	0xa5
 5399 0033 00       		.uleb128 0
 5400 0034 26       		.uleb128 0x26
 5401 0035 A8       		.byte	0xa8
 5402 0036 2D       		.uleb128 0x2d
 5403 0037 A8       		.byte	0xa8
 5404 0038 00       		.uleb128 0
 5405 0039 9F       		.byte	0x9f
 5406 003a 04       		.byte	0x4
 5407 003b 8601     		.uleb128 .LVL145-.LVL128
 5408 003d 9801     		.uleb128 .LVL147-.LVL128
 5409 003f 01       		.uleb128 0x1
 5410 0040 55       		.byte	0x55
 5411 0041 04       		.byte	0x4
 5412 0042 9801     		.uleb128 .LVL147-.LVL128
 5413 0044 9A01     		.uleb128 .LVL148-.LVL128
 5414 0046 01       		.uleb128 0x1
 5415 0047 50       		.byte	0x50
 5416 0048 04       		.byte	0x4
 5417 0049 9A01     		.uleb128 .LVL148-.LVL128
 5418 004b A201     		.uleb128 .LVL150-.LVL128
 5419 004d 01       		.uleb128 0x1
 5420 004e 55       		.byte	0x55
 5421 004f 04       		.byte	0x4
 5422 0050 A201     		.uleb128 .LVL150-.LVL128
 5423 0052 B801     		.uleb128 .LVL155-.LVL128
 5424 0054 0A       		.uleb128 0xa
 5425 0055 A3       		.byte	0xa3
 5426 0056 03       		.uleb128 0x3
 5427 0057 A5       		.byte	0xa5
 5428 0058 00       		.uleb128 0
 5429 0059 26       		.uleb128 0x26
 5430 005a A8       		.byte	0xa8
 5431 005b 2D       		.uleb128 0x2d
 5432 005c A8       		.byte	0xa8
 5433 005d 00       		.uleb128 0
 5434 005e 9F       		.byte	0x9f
 5435 005f 04       		.byte	0x4
 5436 0060 B801     		.uleb128 .LVL155-.LVL128
 5437 0062 D401     		.uleb128 .LFE196-.LVL128
 5438 0064 01       		.uleb128 0x1
 5439 0065 55       		.byte	0x55
 5440 0066 00       		.byte	0
 5441              	.LVUS60:
 5442 0067 00       		.uleb128 0
 5443 0068 00       		.uleb128 .LVU489
 5444 0069 00       		.uleb128 .LVU489
 5445 006a 00       		.uleb128 .LVU532
 5446 006b 00       		.uleb128 .LVU532
 5447 006c 00       		.uleb128 .LVU559
ARM GAS  /tmp/ccplaV3T.s 			page 97


 5448 006d 00       		.uleb128 .LVU559
 5449 006e 00       		.uleb128 .LVU562
 5450 006f 00       		.uleb128 .LVU562
 5451 0070 00       		.uleb128 .LVU564
 5452 0071 00       		.uleb128 .LVU564
 5453 0072 00       		.uleb128 .LVU574
 5454 0073 00       		.uleb128 .LVU574
 5455 0074 00       		.uleb128 .LVU575
 5456 0075 00       		.uleb128 .LVU575
 5457 0076 00       		.uleb128 0
 5458              	.LLST60:
 5459 0077 06       		.byte	0x6
 5460 0078 00000000 		.4byte	.LVL128
 5461 007c 04       		.byte	0x4
 5462 007d 00       		.uleb128 .LVL128-.LVL128
 5463 007e 0E       		.uleb128 .LVL129-.LVL128
 5464 007f 01       		.uleb128 0x1
 5465 0080 51       		.byte	0x51
 5466 0081 04       		.byte	0x4
 5467 0082 0E       		.uleb128 .LVL129-.LVL128
 5468 0083 58       		.uleb128 .LVL138-.LVL128
 5469 0084 01       		.uleb128 0x1
 5470 0085 54       		.byte	0x54
 5471 0086 04       		.byte	0x4
 5472 0087 58       		.uleb128 .LVL138-.LVL128
 5473 0088 8601     		.uleb128 .LVL145-.LVL128
 5474 008a 0A       		.uleb128 0xa
 5475 008b A3       		.byte	0xa3
 5476 008c 03       		.uleb128 0x3
 5477 008d A5       		.byte	0xa5
 5478 008e 01       		.uleb128 0x1
 5479 008f 26       		.uleb128 0x26
 5480 0090 A8       		.byte	0xa8
 5481 0091 2D       		.uleb128 0x2d
 5482 0092 A8       		.byte	0xa8
 5483 0093 00       		.uleb128 0
 5484 0094 9F       		.byte	0x9f
 5485 0095 04       		.byte	0x4
 5486 0096 8601     		.uleb128 .LVL145-.LVL128
 5487 0098 9801     		.uleb128 .LVL147-.LVL128
 5488 009a 01       		.uleb128 0x1
 5489 009b 54       		.byte	0x54
 5490 009c 04       		.byte	0x4
 5491 009d 9801     		.uleb128 .LVL147-.LVL128
 5492 009f 9D01     		.uleb128 .LVL149-1-.LVL128
 5493 00a1 01       		.uleb128 0x1
 5494 00a2 51       		.byte	0x51
 5495 00a3 04       		.byte	0x4
 5496 00a4 9D01     		.uleb128 .LVL149-1-.LVL128
 5497 00a6 B601     		.uleb128 .LVL154-.LVL128
 5498 00a8 01       		.uleb128 0x1
 5499 00a9 54       		.byte	0x54
 5500 00aa 04       		.byte	0x4
 5501 00ab B601     		.uleb128 .LVL154-.LVL128
 5502 00ad B801     		.uleb128 .LVL155-.LVL128
 5503 00af 0A       		.uleb128 0xa
 5504 00b0 A3       		.byte	0xa3
ARM GAS  /tmp/ccplaV3T.s 			page 98


 5505 00b1 03       		.uleb128 0x3
 5506 00b2 A5       		.byte	0xa5
 5507 00b3 01       		.uleb128 0x1
 5508 00b4 26       		.uleb128 0x26
 5509 00b5 A8       		.byte	0xa8
 5510 00b6 2D       		.uleb128 0x2d
 5511 00b7 A8       		.byte	0xa8
 5512 00b8 00       		.uleb128 0
 5513 00b9 9F       		.byte	0x9f
 5514 00ba 04       		.byte	0x4
 5515 00bb B801     		.uleb128 .LVL155-.LVL128
 5516 00bd D401     		.uleb128 .LFE196-.LVL128
 5517 00bf 01       		.uleb128 0x1
 5518 00c0 54       		.byte	0x54
 5519 00c1 00       		.byte	0
 5520              	.LVUS61:
 5521 00c2 01       		.uleb128 .LVU530
 5522 00c3 00       		.uleb128 .LVU532
 5523 00c4 00       		.uleb128 .LVU532
 5524 00c5 00       		.uleb128 .LVU559
 5525 00c6 00       		.uleb128 .LVU574
 5526 00c7 00       		.uleb128 .LVU575
 5527              	.LLST61:
 5528 00c8 06       		.byte	0x6
 5529 00c9 54000000 		.4byte	.LVL136
 5530 00cd 04       		.byte	0x4
 5531 00ce 00       		.uleb128 .LVL136-.LVL136
 5532 00cf 04       		.uleb128 .LVL138-.LVL136
 5533 00d0 02       		.uleb128 0x2
 5534 00d1 30       		.byte	0x30
 5535 00d2 9F       		.byte	0x9f
 5536 00d3 04       		.byte	0x4
 5537 00d4 04       		.uleb128 .LVL138-.LVL136
 5538 00d5 32       		.uleb128 .LVL145-.LVL136
 5539 00d6 01       		.uleb128 0x1
 5540 00d7 54       		.byte	0x54
 5541 00d8 04       		.byte	0x4
 5542 00d9 62       		.uleb128 .LVL154-.LVL136
 5543 00da 64       		.uleb128 .LVL155-.LVL136
 5544 00db 01       		.uleb128 0x1
 5545 00dc 54       		.byte	0x54
 5546 00dd 00       		.byte	0
 5547              	.LVUS70:
 5548 00de 00       		.uleb128 .LVU568
 5549 00df 00       		.uleb128 .LVU575
 5550              	.LLST70:
 5551 00e0 08       		.byte	0x8
 5552 00e1 A4000000 		.4byte	.LVL151
 5553 00e5 14       		.uleb128 .LVL155-.LVL151
 5554 00e6 01       		.uleb128 0x1
 5555 00e7 56       		.byte	0x56
 5556 00e8 00       		.byte	0
 5557              	.LVUS63:
 5558 00e9 00       		.uleb128 .LVU495
 5559 00ea 02       		.uleb128 .LVU497
 5560              	.LLST63:
 5561 00eb 08       		.byte	0x8
ARM GAS  /tmp/ccplaV3T.s 			page 99


 5562 00ec 16000000 		.4byte	.LVL130
 5563 00f0 00       		.uleb128 .LVL130-.LVL130
 5564 00f1 01       		.uleb128 0x1
 5565 00f2 55       		.byte	0x55
 5566 00f3 00       		.byte	0
 5567              	.LVUS65:
 5568 00f4 00       		.uleb128 .LVU506
 5569 00f5 02       		.uleb128 .LVU508
 5570              	.LLST65:
 5571 00f6 08       		.byte	0x8
 5572 00f7 28000000 		.4byte	.LVL132
 5573 00fb 00       		.uleb128 .LVL132-.LVL132
 5574 00fc 01       		.uleb128 0x1
 5575 00fd 54       		.byte	0x54
 5576 00fe 00       		.byte	0
 5577              	.LVUS66:
 5578 00ff 06       		.uleb128 .LVU517
 5579 0100 00       		.uleb128 .LVU519
 5580              	.LLST66:
 5581 0101 08       		.byte	0x8
 5582 0102 32000000 		.4byte	.LVL133
 5583 0106 06       		.uleb128 .LVL134-.LVL133
 5584 0107 03       		.uleb128 0x3
 5585 0108 08       		.byte	0x8
 5586 0109 20       		.byte	0x20
 5587 010a 9F       		.byte	0x9f
 5588 010b 00       		.byte	0
 5589              	.LVUS69:
 5590 010c 04       		.uleb128 .LVU544
 5591 010d 00       		.uleb128 .LVU546
 5592 010e 04       		.uleb128 .LVU554
 5593 010f 00       		.uleb128 .LVU556
 5594              	.LLST69:
 5595 0110 06       		.byte	0x6
 5596 0111 6C000000 		.4byte	.LVL140
 5597 0115 04       		.byte	0x4
 5598 0116 00       		.uleb128 .LVL140-.LVL140
 5599 0117 06       		.uleb128 .LVL141-.LVL140
 5600 0118 02       		.uleb128 0x2
 5601 0119 30       		.byte	0x30
 5602 011a 9F       		.byte	0x9f
 5603 011b 04       		.byte	0x4
 5604 011c 10       		.uleb128 .LVL143-.LVL140
 5605 011d 16       		.uleb128 .LVL144-.LVL140
 5606 011e 02       		.uleb128 0x2
 5607 011f 30       		.byte	0x30
 5608 0120 9F       		.byte	0x9f
 5609 0121 00       		.byte	0
 5610              	.LVUS53:
 5611 0122 00       		.uleb128 0
 5612 0123 00       		.uleb128 .LVU428
 5613 0124 00       		.uleb128 .LVU428
 5614 0125 00       		.uleb128 0
 5615              	.LLST53:
 5616 0126 06       		.byte	0x6
 5617 0127 00000000 		.4byte	.LVL109
 5618 012b 04       		.byte	0x4
ARM GAS  /tmp/ccplaV3T.s 			page 100


 5619 012c 00       		.uleb128 .LVL109-.LVL109
 5620 012d 09       		.uleb128 .LVL110-1-.LVL109
 5621 012e 01       		.uleb128 0x1
 5622 012f 50       		.byte	0x50
 5623 0130 04       		.byte	0x4
 5624 0131 09       		.uleb128 .LVL110-1-.LVL109
 5625 0132 78       		.uleb128 .LFE195-.LVL109
 5626 0133 01       		.uleb128 0x1
 5627 0134 55       		.byte	0x55
 5628 0135 00       		.byte	0
 5629              	.LVUS54:
 5630 0136 00       		.uleb128 0
 5631 0137 00       		.uleb128 .LVU428
 5632 0138 00       		.uleb128 .LVU428
 5633 0139 00       		.uleb128 .LVU445
 5634 013a 00       		.uleb128 .LVU446
 5635 013b 01       		.uleb128 .LVU447
 5636 013c 01       		.uleb128 .LVU447
 5637 013d 00       		.uleb128 .LVU448
 5638 013e 00       		.uleb128 .LVU448
 5639 013f 00       		.uleb128 .LVU449
 5640 0140 00       		.uleb128 .LVU450
 5641 0141 00       		.uleb128 .LVU456
 5642 0142 00       		.uleb128 .LVU456
 5643 0143 01       		.uleb128 .LVU458
 5644 0144 00       		.uleb128 .LVU460
 5645 0145 00       		.uleb128 0
 5646              	.LLST54:
 5647 0146 06       		.byte	0x6
 5648 0147 00000000 		.4byte	.LVL109
 5649 014b 04       		.byte	0x4
 5650 014c 00       		.uleb128 .LVL109-.LVL109
 5651 014d 09       		.uleb128 .LVL110-1-.LVL109
 5652 014e 01       		.uleb128 0x1
 5653 014f 51       		.byte	0x51
 5654 0150 04       		.byte	0x4
 5655 0151 09       		.uleb128 .LVL110-1-.LVL109
 5656 0152 24       		.uleb128 .LVL113-.LVL109
 5657 0153 01       		.uleb128 0x1
 5658 0154 54       		.byte	0x54
 5659 0155 04       		.byte	0x4
 5660 0156 28       		.uleb128 .LVL114-.LVL109
 5661 0157 28       		.uleb128 .LVL114-.LVL109
 5662 0158 01       		.uleb128 0x1
 5663 0159 54       		.byte	0x54
 5664 015a 04       		.byte	0x4
 5665 015b 28       		.uleb128 .LVL114-.LVL109
 5666 015c 2A       		.uleb128 .LVL115-.LVL109
 5667 015d 03       		.uleb128 0x3
 5668 015e 74       		.byte	0x74
 5669 015f 7F       		.sleb128 -1
 5670 0160 9F       		.byte	0x9f
 5671 0161 04       		.byte	0x4
 5672 0162 2A       		.uleb128 .LVL115-.LVL109
 5673 0163 2C       		.uleb128 .LVL116-.LVL109
 5674 0164 01       		.uleb128 0x1
 5675 0165 54       		.byte	0x54
ARM GAS  /tmp/ccplaV3T.s 			page 101


 5676 0166 04       		.byte	0x4
 5677 0167 2E       		.uleb128 .LVL117-.LVL109
 5678 0168 42       		.uleb128 .LVL120-.LVL109
 5679 0169 01       		.uleb128 0x1
 5680 016a 54       		.byte	0x54
 5681 016b 04       		.byte	0x4
 5682 016c 42       		.uleb128 .LVL120-.LVL109
 5683 016d 44       		.uleb128 .LVL121-.LVL109
 5684 016e 03       		.uleb128 0x3
 5685 016f 74       		.byte	0x74
 5686 0170 01       		.sleb128 1
 5687 0171 9F       		.byte	0x9f
 5688 0172 04       		.byte	0x4
 5689 0173 48       		.uleb128 .LVL122-.LVL109
 5690 0174 78       		.uleb128 .LFE195-.LVL109
 5691 0175 01       		.uleb128 0x1
 5692 0176 54       		.byte	0x54
 5693 0177 00       		.byte	0
 5694              	.LVUS56:
 5695 0178 00       		.uleb128 .LVU438
 5696 0179 02       		.uleb128 .LVU440
 5697 017a 00       		.uleb128 .LVU465
 5698 017b 02       		.uleb128 .LVU467
 5699              	.LLST56:
 5700 017c 08       		.byte	0x8
 5701 017d 18000000 		.4byte	.LVL111
 5702 0181 00       		.uleb128 .LVL111-.LVL111
 5703 0182 01       		.uleb128 0x1
 5704 0183 55       		.byte	0x55
 5705 0184 08       		.byte	0x8
 5706 0185 56000000 		.4byte	.LVL124
 5707 0189 00       		.uleb128 .LVL124-.LVL124
 5708 018a 01       		.uleb128 0x1
 5709 018b 55       		.byte	0x55
 5710 018c 00       		.byte	0
 5711              	.LVUS58:
 5712 018d 00       		.uleb128 .LVU472
 5713 018e 02       		.uleb128 .LVU474
 5714 018f 00       		.uleb128 .LVU476
 5715 0190 02       		.uleb128 .LVU478
 5716              	.LLST58:
 5717 0191 08       		.byte	0x8
 5718 0192 66000000 		.4byte	.LVL126
 5719 0196 00       		.uleb128 .LVL126-.LVL126
 5720 0197 01       		.uleb128 0x1
 5721 0198 55       		.byte	0x55
 5722 0199 08       		.byte	0x8
 5723 019a 6C000000 		.4byte	.LVL127
 5724 019e 00       		.uleb128 .LVL127-.LVL127
 5725 019f 01       		.uleb128 0x1
 5726 01a0 55       		.byte	0x55
 5727 01a1 00       		.byte	0
 5728              	.LVUS48:
 5729 01a2 00       		.uleb128 0
 5730 01a3 00       		.uleb128 .LVU384
 5731 01a4 00       		.uleb128 .LVU384
 5732 01a5 00       		.uleb128 .LVU413
ARM GAS  /tmp/ccplaV3T.s 			page 102


 5733 01a6 00       		.uleb128 .LVU413
 5734 01a7 00       		.uleb128 .LVU416
 5735 01a8 00       		.uleb128 .LVU416
 5736 01a9 00       		.uleb128 0
 5737              	.LLST48:
 5738 01aa 06       		.byte	0x6
 5739 01ab 00000000 		.4byte	.LVL99
 5740 01af 04       		.byte	0x4
 5741 01b0 00       		.uleb128 .LVL99-.LVL99
 5742 01b1 07       		.uleb128 .LVL100-1-.LVL99
 5743 01b2 01       		.uleb128 0x1
 5744 01b3 50       		.byte	0x50
 5745 01b4 04       		.byte	0x4
 5746 01b5 07       		.uleb128 .LVL100-1-.LVL99
 5747 01b6 3C       		.uleb128 .LVL105-.LVL99
 5748 01b7 01       		.uleb128 0x1
 5749 01b8 54       		.byte	0x54
 5750 01b9 04       		.byte	0x4
 5751 01ba 3C       		.uleb128 .LVL105-.LVL99
 5752 01bb 42       		.uleb128 .LVL106-.LVL99
 5753 01bc 0A       		.uleb128 0xa
 5754 01bd A3       		.byte	0xa3
 5755 01be 03       		.uleb128 0x3
 5756 01bf A5       		.byte	0xa5
 5757 01c0 00       		.uleb128 0
 5758 01c1 26       		.uleb128 0x26
 5759 01c2 A8       		.byte	0xa8
 5760 01c3 2D       		.uleb128 0x2d
 5761 01c4 A8       		.byte	0xa8
 5762 01c5 00       		.uleb128 0
 5763 01c6 9F       		.byte	0x9f
 5764 01c7 04       		.byte	0x4
 5765 01c8 42       		.uleb128 .LVL106-.LVL99
 5766 01c9 54       		.uleb128 .LFE194-.LVL99
 5767 01ca 01       		.uleb128 0x1
 5768 01cb 54       		.byte	0x54
 5769 01cc 00       		.byte	0
 5770              	.LVUS52:
 5771 01cd 00       		.uleb128 .LVU410
 5772 01ce 00       		.uleb128 .LVU416
 5773              	.LLST52:
 5774 01cf 08       		.byte	0x8
 5775 01d0 36000000 		.4byte	.LVL104
 5776 01d4 0B       		.uleb128 .LVL106-1-.LVL104
 5777 01d5 01       		.uleb128 0x1
 5778 01d6 50       		.byte	0x50
 5779 01d7 00       		.byte	0
 5780              	.LVUS50:
 5781 01d8 00       		.uleb128 .LVU393
 5782 01d9 02       		.uleb128 .LVU395
 5783              	.LLST50:
 5784 01da 08       		.byte	0x8
 5785 01db 12000000 		.4byte	.LVL101
 5786 01df 00       		.uleb128 .LVL101-.LVL101
 5787 01e0 01       		.uleb128 0x1
 5788 01e1 54       		.byte	0x54
 5789 01e2 00       		.byte	0
ARM GAS  /tmp/ccplaV3T.s 			page 103


 5790              	.LVUS41:
 5791 01e3 00       		.uleb128 0
 5792 01e4 00       		.uleb128 .LVU324
 5793 01e5 00       		.uleb128 .LVU324
 5794 01e6 00       		.uleb128 .LVU377
 5795 01e7 00       		.uleb128 .LVU377
 5796 01e8 00       		.uleb128 .LVU378
 5797 01e9 00       		.uleb128 .LVU378
 5798 01ea 00       		.uleb128 0
 5799              	.LLST41:
 5800 01eb 06       		.byte	0x6
 5801 01ec 00000000 		.4byte	.LVL81
 5802 01f0 04       		.byte	0x4
 5803 01f1 00       		.uleb128 .LVL81-.LVL81
 5804 01f2 06       		.uleb128 .LVL82-.LVL81
 5805 01f3 01       		.uleb128 0x1
 5806 01f4 50       		.byte	0x50
 5807 01f5 04       		.byte	0x4
 5808 01f6 06       		.uleb128 .LVL82-.LVL81
 5809 01f7 6C       		.uleb128 .LVL96-.LVL81
 5810 01f8 01       		.uleb128 0x1
 5811 01f9 54       		.byte	0x54
 5812 01fa 04       		.byte	0x4
 5813 01fb 6C       		.uleb128 .LVL96-.LVL81
 5814 01fc 6E       		.uleb128 .LVL97-.LVL81
 5815 01fd 01       		.uleb128 0x1
 5816 01fe 50       		.byte	0x50
 5817 01ff 04       		.byte	0x4
 5818 0200 6E       		.uleb128 .LVL97-.LVL81
 5819 0201 8001     		.uleb128 .LFE193-.LVL81
 5820 0203 01       		.uleb128 0x1
 5821 0204 54       		.byte	0x54
 5822 0205 00       		.byte	0
 5823              	.LVUS43:
 5824 0206 00       		.uleb128 .LVU330
 5825 0207 02       		.uleb128 .LVU332
 5826              	.LLST43:
 5827 0208 08       		.byte	0x8
 5828 0209 0E000000 		.4byte	.LVL83
 5829 020d 00       		.uleb128 .LVL83-.LVL83
 5830 020e 01       		.uleb128 0x1
 5831 020f 54       		.byte	0x54
 5832 0210 00       		.byte	0
 5833              	.LVUS44:
 5834 0211 06       		.uleb128 .LVU341
 5835 0212 00       		.uleb128 .LVU343
 5836              	.LLST44:
 5837 0213 08       		.byte	0x8
 5838 0214 18000000 		.4byte	.LVL84
 5839 0218 06       		.uleb128 .LVL85-.LVL84
 5840 0219 03       		.uleb128 0x3
 5841 021a 08       		.byte	0x8
 5842 021b 20       		.byte	0x20
 5843 021c 9F       		.byte	0x9f
 5844 021d 00       		.byte	0
 5845              	.LVUS47:
 5846 021e 04       		.uleb128 .LVU361
ARM GAS  /tmp/ccplaV3T.s 			page 104


 5847 021f 00       		.uleb128 .LVU363
 5848 0220 04       		.uleb128 .LVU370
 5849 0221 00       		.uleb128 .LVU372
 5850              	.LLST47:
 5851 0222 06       		.byte	0x6
 5852 0223 42000000 		.4byte	.LVL88
 5853 0227 04       		.byte	0x4
 5854 0228 00       		.uleb128 .LVL88-.LVL88
 5855 0229 06       		.uleb128 .LVL89-.LVL88
 5856 022a 02       		.uleb128 0x2
 5857 022b 30       		.byte	0x30
 5858 022c 9F       		.byte	0x9f
 5859 022d 04       		.byte	0x4
 5860 022e 0E       		.uleb128 .LVL91-.LVL88
 5861 022f 14       		.uleb128 .LVL92-.LVL88
 5862 0230 02       		.uleb128 0x2
 5863 0231 30       		.byte	0x30
 5864 0232 9F       		.byte	0x9f
 5865 0233 00       		.byte	0
 5866              	.LVUS28:
 5867 0234 00       		.uleb128 0
 5868 0235 00       		.uleb128 .LVU228
 5869 0236 00       		.uleb128 .LVU228
 5870 0237 00       		.uleb128 .LVU264
 5871 0238 00       		.uleb128 .LVU264
 5872 0239 00       		.uleb128 .LVU265
 5873 023a 00       		.uleb128 .LVU265
 5874 023b 00       		.uleb128 .LVU271
 5875 023c 00       		.uleb128 .LVU271
 5876 023d 00       		.uleb128 0
 5877              	.LLST28:
 5878 023e 06       		.byte	0x6
 5879 023f 00000000 		.4byte	.LVL59
 5880 0243 04       		.byte	0x4
 5881 0244 00       		.uleb128 .LVL59-.LVL59
 5882 0245 09       		.uleb128 .LVL60-1-.LVL59
 5883 0246 01       		.uleb128 0x1
 5884 0247 50       		.byte	0x50
 5885 0248 04       		.byte	0x4
 5886 0249 09       		.uleb128 .LVL60-1-.LVL59
 5887 024a 4C       		.uleb128 .LVL65-.LVL59
 5888 024b 01       		.uleb128 0x1
 5889 024c 54       		.byte	0x54
 5890 024d 04       		.byte	0x4
 5891 024e 4C       		.uleb128 .LVL65-.LVL59
 5892 024f 50       		.uleb128 .LVL66-.LVL59
 5893 0250 0A       		.uleb128 0xa
 5894 0251 A3       		.byte	0xa3
 5895 0252 03       		.uleb128 0x3
 5896 0253 A5       		.byte	0xa5
 5897 0254 00       		.uleb128 0
 5898 0255 26       		.uleb128 0x26
 5899 0256 A8       		.byte	0xa8
 5900 0257 2D       		.uleb128 0x2d
 5901 0258 A8       		.byte	0xa8
 5902 0259 00       		.uleb128 0
 5903 025a 9F       		.byte	0x9f
ARM GAS  /tmp/ccplaV3T.s 			page 105


 5904 025b 04       		.byte	0x4
 5905 025c 50       		.uleb128 .LVL66-.LVL59
 5906 025d 60       		.uleb128 .LVL68-.LVL59
 5907 025e 01       		.uleb128 0x1
 5908 025f 54       		.byte	0x54
 5909 0260 04       		.byte	0x4
 5910 0261 60       		.uleb128 .LVL68-.LVL59
 5911 0262 68       		.uleb128 .LFE192-.LVL59
 5912 0263 0A       		.uleb128 0xa
 5913 0264 A3       		.byte	0xa3
 5914 0265 03       		.uleb128 0x3
 5915 0266 A5       		.byte	0xa5
 5916 0267 00       		.uleb128 0
 5917 0268 26       		.uleb128 0x26
 5918 0269 A8       		.byte	0xa8
 5919 026a 2D       		.uleb128 0x2d
 5920 026b A8       		.byte	0xa8
 5921 026c 00       		.uleb128 0
 5922 026d 9F       		.byte	0x9f
 5923 026e 00       		.byte	0
 5924              	.LVUS29:
 5925 026f 00       		.uleb128 0
 5926 0270 00       		.uleb128 .LVU228
 5927 0271 00       		.uleb128 .LVU228
 5928 0272 00       		.uleb128 .LVU264
 5929 0273 00       		.uleb128 .LVU264
 5930 0274 00       		.uleb128 .LVU265
 5931 0275 00       		.uleb128 .LVU265
 5932 0276 00       		.uleb128 .LVU265
 5933 0277 00       		.uleb128 .LVU265
 5934 0278 00       		.uleb128 .LVU271
 5935 0279 00       		.uleb128 .LVU271
 5936 027a 00       		.uleb128 0
 5937              	.LLST29:
 5938 027b 06       		.byte	0x6
 5939 027c 00000000 		.4byte	.LVL59
 5940 0280 04       		.byte	0x4
 5941 0281 00       		.uleb128 .LVL59-.LVL59
 5942 0282 09       		.uleb128 .LVL60-1-.LVL59
 5943 0283 01       		.uleb128 0x1
 5944 0284 51       		.byte	0x51
 5945 0285 04       		.byte	0x4
 5946 0286 09       		.uleb128 .LVL60-1-.LVL59
 5947 0287 4C       		.uleb128 .LVL65-.LVL59
 5948 0288 01       		.uleb128 0x1
 5949 0289 55       		.byte	0x55
 5950 028a 04       		.byte	0x4
 5951 028b 4C       		.uleb128 .LVL65-.LVL59
 5952 028c 4F       		.uleb128 .LVL66-1-.LVL59
 5953 028d 01       		.uleb128 0x1
 5954 028e 51       		.byte	0x51
 5955 028f 04       		.byte	0x4
 5956 0290 4F       		.uleb128 .LVL66-1-.LVL59
 5957 0291 50       		.uleb128 .LVL66-.LVL59
 5958 0292 0A       		.uleb128 0xa
 5959 0293 A3       		.byte	0xa3
 5960 0294 03       		.uleb128 0x3
ARM GAS  /tmp/ccplaV3T.s 			page 106


 5961 0295 A5       		.byte	0xa5
 5962 0296 01       		.uleb128 0x1
 5963 0297 26       		.uleb128 0x26
 5964 0298 A8       		.byte	0xa8
 5965 0299 2D       		.uleb128 0x2d
 5966 029a A8       		.byte	0xa8
 5967 029b 00       		.uleb128 0
 5968 029c 9F       		.byte	0x9f
 5969 029d 04       		.byte	0x4
 5970 029e 50       		.uleb128 .LVL66-.LVL59
 5971 029f 60       		.uleb128 .LVL68-.LVL59
 5972 02a0 01       		.uleb128 0x1
 5973 02a1 55       		.byte	0x55
 5974 02a2 04       		.byte	0x4
 5975 02a3 60       		.uleb128 .LVL68-.LVL59
 5976 02a4 68       		.uleb128 .LFE192-.LVL59
 5977 02a5 0A       		.uleb128 0xa
 5978 02a6 A3       		.byte	0xa3
 5979 02a7 03       		.uleb128 0x3
 5980 02a8 A5       		.byte	0xa5
 5981 02a9 01       		.uleb128 0x1
 5982 02aa 26       		.uleb128 0x26
 5983 02ab A8       		.byte	0xa8
 5984 02ac 2D       		.uleb128 0x2d
 5985 02ad A8       		.byte	0xa8
 5986 02ae 00       		.uleb128 0
 5987 02af 9F       		.byte	0x9f
 5988 02b0 00       		.byte	0
 5989              	.LVUS31:
 5990 02b1 00       		.uleb128 .LVU237
 5991 02b2 02       		.uleb128 .LVU239
 5992              	.LLST31:
 5993 02b3 08       		.byte	0x8
 5994 02b4 14000000 		.4byte	.LVL61
 5995 02b8 00       		.uleb128 .LVL61-.LVL61
 5996 02b9 01       		.uleb128 0x1
 5997 02ba 54       		.byte	0x54
 5998 02bb 00       		.byte	0
 5999              	.LVUS32:
 6000 02bc 00       		.uleb128 0
 6001 02bd 00       		.uleb128 .LVU287
 6002 02be 00       		.uleb128 .LVU287
 6003 02bf 00       		.uleb128 .LVU290
 6004 02c0 00       		.uleb128 .LVU290
 6005 02c1 00       		.uleb128 0
 6006              	.LLST32:
 6007 02c2 06       		.byte	0x6
 6008 02c3 00000000 		.4byte	.LVL69
 6009 02c7 04       		.byte	0x4
 6010 02c8 00       		.uleb128 .LVL69-.LVL69
 6011 02c9 0F       		.uleb128 .LVL71-1-.LVL69
 6012 02ca 01       		.uleb128 0x1
 6013 02cb 50       		.byte	0x50
 6014 02cc 04       		.byte	0x4
 6015 02cd 0F       		.uleb128 .LVL71-1-.LVL69
 6016 02ce 1A       		.uleb128 .LVL73-.LVL69
 6017 02cf 01       		.uleb128 0x1
ARM GAS  /tmp/ccplaV3T.s 			page 107


 6018 02d0 54       		.byte	0x54
 6019 02d1 04       		.byte	0x4
 6020 02d2 1A       		.uleb128 .LVL73-.LVL69
 6021 02d3 54       		.uleb128 .LFE191-.LVL69
 6022 02d4 0A       		.uleb128 0xa
 6023 02d5 A3       		.byte	0xa3
 6024 02d6 03       		.uleb128 0x3
 6025 02d7 A5       		.byte	0xa5
 6026 02d8 00       		.uleb128 0
 6027 02d9 26       		.uleb128 0x26
 6028 02da A8       		.byte	0xa8
 6029 02db 2D       		.uleb128 0x2d
 6030 02dc A8       		.byte	0xa8
 6031 02dd 00       		.uleb128 0
 6032 02de 9F       		.byte	0x9f
 6033 02df 00       		.byte	0
 6034              	.LVUS33:
 6035 02e0 00       		.uleb128 0
 6036 02e1 00       		.uleb128 .LVU287
 6037 02e2 00       		.uleb128 .LVU287
 6038 02e3 00       		.uleb128 .LVU317
 6039 02e4 00       		.uleb128 .LVU317
 6040 02e5 00       		.uleb128 0
 6041              	.LLST33:
 6042 02e6 06       		.byte	0x6
 6043 02e7 00000000 		.4byte	.LVL69
 6044 02eb 04       		.byte	0x4
 6045 02ec 00       		.uleb128 .LVL69-.LVL69
 6046 02ed 0F       		.uleb128 .LVL71-1-.LVL69
 6047 02ee 01       		.uleb128 0x1
 6048 02ef 51       		.byte	0x51
 6049 02f0 04       		.byte	0x4
 6050 02f1 0F       		.uleb128 .LVL71-1-.LVL69
 6051 02f2 4A       		.uleb128 .LVL80-.LVL69
 6052 02f3 01       		.uleb128 0x1
 6053 02f4 55       		.byte	0x55
 6054 02f5 04       		.byte	0x4
 6055 02f6 4A       		.uleb128 .LVL80-.LVL69
 6056 02f7 54       		.uleb128 .LFE191-.LVL69
 6057 02f8 0A       		.uleb128 0xa
 6058 02f9 A3       		.byte	0xa3
 6059 02fa 03       		.uleb128 0x3
 6060 02fb A5       		.byte	0xa5
 6061 02fc 01       		.uleb128 0x1
 6062 02fd 26       		.uleb128 0x26
 6063 02fe A8       		.byte	0xa8
 6064 02ff 2D       		.uleb128 0x2d
 6065 0300 A8       		.byte	0xa8
 6066 0301 00       		.uleb128 0
 6067 0302 9F       		.byte	0x9f
 6068 0303 00       		.byte	0
 6069              	.LVUS34:
 6070 0304 00       		.uleb128 .LVU290
 6071 0305 00       		.uleb128 .LVU293
 6072 0306 00       		.uleb128 .LVU293
 6073 0307 00       		.uleb128 .LVU317
 6074 0308 00       		.uleb128 .LVU317
ARM GAS  /tmp/ccplaV3T.s 			page 108


 6075 0309 00       		.uleb128 0
 6076              	.LLST34:
 6077 030a 06       		.byte	0x6
 6078 030b 1A000000 		.4byte	.LVL73
 6079 030f 04       		.byte	0x4
 6080 0310 00       		.uleb128 .LVL73-.LVL73
 6081 0311 03       		.uleb128 .LVL74-1-.LVL73
 6082 0312 01       		.uleb128 0x1
 6083 0313 50       		.byte	0x50
 6084 0314 04       		.byte	0x4
 6085 0315 03       		.uleb128 .LVL74-1-.LVL73
 6086 0316 30       		.uleb128 .LVL80-.LVL73
 6087 0317 01       		.uleb128 0x1
 6088 0318 54       		.byte	0x54
 6089 0319 04       		.byte	0x4
 6090 031a 30       		.uleb128 .LVL80-.LVL73
 6091 031b 3A       		.uleb128 .LFE191-.LVL73
 6092 031c 01       		.uleb128 0x1
 6093 031d 50       		.byte	0x50
 6094 031e 00       		.byte	0
 6095              	.LVUS37:
 6096 031f 07       		.uleb128 .LVU279
 6097 0320 00       		.uleb128 .LVU284
 6098              	.LLST37:
 6099 0321 08       		.byte	0x8
 6100 0322 00000000 		.4byte	.LVL69
 6101 0326 0C       		.uleb128 .LVL70-.LVL69
 6102 0327 03       		.uleb128 0x3
 6103 0328 08       		.byte	0x8
 6104 0329 20       		.byte	0x20
 6105 032a 9F       		.byte	0x9f
 6106 032b 00       		.byte	0
 6107              	.LVUS40:
 6108 032c 04       		.uleb128 .LVU302
 6109 032d 00       		.uleb128 .LVU304
 6110 032e 04       		.uleb128 .LVU312
 6111 032f 00       		.uleb128 .LVU314
 6112              	.LLST40:
 6113 0330 06       		.byte	0x6
 6114 0331 30000000 		.4byte	.LVL75
 6115 0335 04       		.byte	0x4
 6116 0336 00       		.uleb128 .LVL75-.LVL75
 6117 0337 06       		.uleb128 .LVL76-.LVL75
 6118 0338 02       		.uleb128 0x2
 6119 0339 30       		.byte	0x30
 6120 033a 9F       		.byte	0x9f
 6121 033b 04       		.byte	0x4
 6122 033c 10       		.uleb128 .LVL78-.LVL75
 6123 033d 16       		.uleb128 .LVL79-.LVL75
 6124 033e 02       		.uleb128 0x2
 6125 033f 30       		.byte	0x30
 6126 0340 9F       		.byte	0x9f
 6127 0341 00       		.byte	0
 6128              	.LVUS17:
 6129 0342 00       		.uleb128 0
 6130 0343 00       		.uleb128 .LVU140
 6131 0344 00       		.uleb128 .LVU140
ARM GAS  /tmp/ccplaV3T.s 			page 109


 6132 0345 00       		.uleb128 0
 6133              	.LLST17:
 6134 0346 06       		.byte	0x6
 6135 0347 00000000 		.4byte	.LVL38
 6136 034b 04       		.byte	0x4
 6137 034c 00       		.uleb128 .LVL38-.LVL38
 6138 034d 07       		.uleb128 .LVL39-1-.LVL38
 6139 034e 01       		.uleb128 0x1
 6140 034f 50       		.byte	0x50
 6141 0350 04       		.byte	0x4
 6142 0351 07       		.uleb128 .LVL39-1-.LVL38
 6143 0352 5C       		.uleb128 .LFE190-.LVL38
 6144 0353 01       		.uleb128 0x1
 6145 0354 54       		.byte	0x54
 6146 0355 00       		.byte	0
 6147              	.LVUS19:
 6148 0356 00       		.uleb128 .LVU149
 6149 0357 02       		.uleb128 .LVU151
 6150              	.LLST19:
 6151 0358 08       		.byte	0x8
 6152 0359 12000000 		.4byte	.LVL40
 6153 035d 00       		.uleb128 .LVL40-.LVL40
 6154 035e 01       		.uleb128 0x1
 6155 035f 54       		.byte	0x54
 6156 0360 00       		.byte	0
 6157              	.LVUS20:
 6158 0361 00       		.uleb128 0
 6159 0362 00       		.uleb128 .LVU192
 6160 0363 00       		.uleb128 .LVU192
 6161 0364 00       		.uleb128 .LVU195
 6162 0365 00       		.uleb128 .LVU195
 6163 0366 00       		.uleb128 0
 6164              	.LLST20:
 6165 0367 06       		.byte	0x6
 6166 0368 00000000 		.4byte	.LVL47
 6167 036c 04       		.byte	0x4
 6168 036d 00       		.uleb128 .LVL47-.LVL47
 6169 036e 0D       		.uleb128 .LVL49-1-.LVL47
 6170 036f 01       		.uleb128 0x1
 6171 0370 50       		.byte	0x50
 6172 0371 04       		.byte	0x4
 6173 0372 0D       		.uleb128 .LVL49-1-.LVL47
 6174 0373 16       		.uleb128 .LVL51-.LVL47
 6175 0374 01       		.uleb128 0x1
 6176 0375 54       		.byte	0x54
 6177 0376 04       		.byte	0x4
 6178 0377 16       		.uleb128 .LVL51-.LVL47
 6179 0378 50       		.uleb128 .LFE189-.LVL47
 6180 0379 0A       		.uleb128 0xa
 6181 037a A3       		.byte	0xa3
 6182 037b 03       		.uleb128 0x3
 6183 037c A5       		.byte	0xa5
 6184 037d 00       		.uleb128 0
 6185 037e 26       		.uleb128 0x26
 6186 037f A8       		.byte	0xa8
 6187 0380 2D       		.uleb128 0x2d
 6188 0381 A8       		.byte	0xa8
ARM GAS  /tmp/ccplaV3T.s 			page 110


 6189 0382 00       		.uleb128 0
 6190 0383 9F       		.byte	0x9f
 6191 0384 00       		.byte	0
 6192              	.LVUS21:
 6193 0385 00       		.uleb128 .LVU195
 6194 0386 00       		.uleb128 .LVU198
 6195 0387 00       		.uleb128 .LVU198
 6196 0388 00       		.uleb128 .LVU222
 6197 0389 00       		.uleb128 .LVU222
 6198 038a 00       		.uleb128 0
 6199              	.LLST21:
 6200 038b 06       		.byte	0x6
 6201 038c 16000000 		.4byte	.LVL51
 6202 0390 04       		.byte	0x4
 6203 0391 00       		.uleb128 .LVL51-.LVL51
 6204 0392 03       		.uleb128 .LVL52-1-.LVL51
 6205 0393 01       		.uleb128 0x1
 6206 0394 50       		.byte	0x50
 6207 0395 04       		.byte	0x4
 6208 0396 03       		.uleb128 .LVL52-1-.LVL51
 6209 0397 30       		.uleb128 .LVL58-.LVL51
 6210 0398 01       		.uleb128 0x1
 6211 0399 54       		.byte	0x54
 6212 039a 04       		.byte	0x4
 6213 039b 30       		.uleb128 .LVL58-.LVL51
 6214 039c 3A       		.uleb128 .LFE189-.LVL51
 6215 039d 01       		.uleb128 0x1
 6216 039e 50       		.byte	0x50
 6217 039f 00       		.byte	0
 6218              	.LVUS24:
 6219 03a0 07       		.uleb128 .LVU183
 6220 03a1 00       		.uleb128 .LVU189
 6221              	.LLST24:
 6222 03a2 08       		.byte	0x8
 6223 03a3 00000000 		.4byte	.LVL47
 6224 03a7 0A       		.uleb128 .LVL48-.LVL47
 6225 03a8 03       		.uleb128 0x3
 6226 03a9 08       		.byte	0x8
 6227 03aa 20       		.byte	0x20
 6228 03ab 9F       		.byte	0x9f
 6229 03ac 00       		.byte	0
 6230              	.LVUS27:
 6231 03ad 04       		.uleb128 .LVU207
 6232 03ae 00       		.uleb128 .LVU209
 6233 03af 04       		.uleb128 .LVU217
 6234 03b0 00       		.uleb128 .LVU219
 6235              	.LLST27:
 6236 03b1 06       		.byte	0x6
 6237 03b2 2C000000 		.4byte	.LVL53
 6238 03b6 04       		.byte	0x4
 6239 03b7 00       		.uleb128 .LVL53-.LVL53
 6240 03b8 06       		.uleb128 .LVL54-.LVL53
 6241 03b9 02       		.uleb128 0x2
 6242 03ba 30       		.byte	0x30
 6243 03bb 9F       		.byte	0x9f
 6244 03bc 04       		.byte	0x4
 6245 03bd 10       		.uleb128 .LVL56-.LVL53
ARM GAS  /tmp/ccplaV3T.s 			page 111


 6246 03be 16       		.uleb128 .LVL57-.LVL53
 6247 03bf 02       		.uleb128 0x2
 6248 03c0 30       		.byte	0x30
 6249 03c1 9F       		.byte	0x9f
 6250 03c2 00       		.byte	0
 6251              	.LVUS4:
 6252 03c3 00       		.uleb128 0
 6253 03c4 00       		.uleb128 .LVU37
 6254 03c5 00       		.uleb128 .LVU37
 6255 03c6 00       		.uleb128 .LVU91
 6256 03c7 00       		.uleb128 .LVU91
 6257 03c8 00       		.uleb128 0
 6258              	.LLST4:
 6259 03c9 06       		.byte	0x6
 6260 03ca 00000000 		.4byte	.LVL7
 6261 03ce 04       		.byte	0x4
 6262 03cf 00       		.uleb128 .LVL7-.LVL7
 6263 03d0 09       		.uleb128 .LVL8-1-.LVL7
 6264 03d1 01       		.uleb128 0x1
 6265 03d2 50       		.byte	0x50
 6266 03d3 04       		.byte	0x4
 6267 03d4 09       		.uleb128 .LVL8-1-.LVL7
 6268 03d5 60       		.uleb128 .LVL25-.LVL7
 6269 03d6 01       		.uleb128 0x1
 6270 03d7 55       		.byte	0x55
 6271 03d8 04       		.byte	0x4
 6272 03d9 60       		.uleb128 .LVL25-.LVL7
 6273 03da 64       		.uleb128 .LFE188-.LVL7
 6274 03db 0A       		.uleb128 0xa
 6275 03dc A3       		.byte	0xa3
 6276 03dd 03       		.uleb128 0x3
 6277 03de A5       		.byte	0xa5
 6278 03df 00       		.uleb128 0
 6279 03e0 26       		.uleb128 0x26
 6280 03e1 A8       		.byte	0xa8
 6281 03e2 2D       		.uleb128 0x2d
 6282 03e3 A8       		.byte	0xa8
 6283 03e4 00       		.uleb128 0
 6284 03e5 9F       		.byte	0x9f
 6285 03e6 00       		.byte	0
 6286              	.LVUS5:
 6287 03e7 00       		.uleb128 0
 6288 03e8 00       		.uleb128 .LVU37
 6289 03e9 00       		.uleb128 .LVU37
 6290 03ea 00       		.uleb128 .LVU61
 6291 03eb 00       		.uleb128 .LVU61
 6292 03ec 00       		.uleb128 .LVU69
 6293 03ed 00       		.uleb128 .LVU69
 6294 03ee 00       		.uleb128 .LVU91
 6295 03ef 00       		.uleb128 .LVU91
 6296 03f0 00       		.uleb128 0
 6297              	.LLST5:
 6298 03f1 06       		.byte	0x6
 6299 03f2 00000000 		.4byte	.LVL7
 6300 03f6 04       		.byte	0x4
 6301 03f7 00       		.uleb128 .LVL7-.LVL7
 6302 03f8 09       		.uleb128 .LVL8-1-.LVL7
ARM GAS  /tmp/ccplaV3T.s 			page 112


 6303 03f9 01       		.uleb128 0x1
 6304 03fa 51       		.byte	0x51
 6305 03fb 04       		.byte	0x4
 6306 03fc 09       		.uleb128 .LVL8-1-.LVL7
 6307 03fd 30       		.uleb128 .LVL13-.LVL7
 6308 03fe 01       		.uleb128 0x1
 6309 03ff 56       		.byte	0x56
 6310 0400 04       		.byte	0x4
 6311 0401 30       		.uleb128 .LVL13-.LVL7
 6312 0402 44       		.uleb128 .LVL18-.LVL7
 6313 0403 0A       		.uleb128 0xa
 6314 0404 A3       		.byte	0xa3
 6315 0405 03       		.uleb128 0x3
 6316 0406 A5       		.byte	0xa5
 6317 0407 01       		.uleb128 0x1
 6318 0408 26       		.uleb128 0x26
 6319 0409 A8       		.byte	0xa8
 6320 040a 2D       		.uleb128 0x2d
 6321 040b A8       		.byte	0xa8
 6322 040c 00       		.uleb128 0
 6323 040d 9F       		.byte	0x9f
 6324 040e 04       		.byte	0x4
 6325 040f 44       		.uleb128 .LVL18-.LVL7
 6326 0410 60       		.uleb128 .LVL25-.LVL7
 6327 0411 01       		.uleb128 0x1
 6328 0412 56       		.byte	0x56
 6329 0413 04       		.byte	0x4
 6330 0414 60       		.uleb128 .LVL25-.LVL7
 6331 0415 64       		.uleb128 .LFE188-.LVL7
 6332 0416 0B       		.uleb128 0xb
 6333 0417 A3       		.byte	0xa3
 6334 0418 03       		.uleb128 0x3
 6335 0419 A5       		.byte	0xa5
 6336 041a 00       		.uleb128 0
 6337 041b 26       		.uleb128 0x26
 6338 041c A8       		.byte	0xa8
 6339 041d 2D       		.uleb128 0x2d
 6340 041e A8       		.byte	0xa8
 6341 041f 00       		.uleb128 0
 6342 0420 23       		.byte	0x23
 6343 0421 08       		.uleb128 0x8
 6344 0422 00       		.byte	0
 6345              	.LVUS6:
 6346 0423 02       		.uleb128 .LVU55
 6347 0424 00       		.uleb128 .LVU64
 6348 0425 00       		.uleb128 .LVU64
 6349 0426 00       		.uleb128 .LVU66
 6350 0427 01       		.uleb128 .LVU67
 6351 0428 00       		.uleb128 .LVU69
 6352 0429 02       		.uleb128 .LVU79
 6353 042a 00       		.uleb128 .LVU81
 6354 042b 00       		.uleb128 .LVU83
 6355 042c 00       		.uleb128 .LVU84
 6356 042d 02       		.uleb128 .LVU86
 6357 042e 00       		.uleb128 .LVU88
 6358 042f 02       		.uleb128 .LVU90
 6359 0430 00       		.uleb128 .LVU91
ARM GAS  /tmp/ccplaV3T.s 			page 113


 6360              	.LLST6:
 6361 0431 06       		.byte	0x6
 6362 0432 24000000 		.4byte	.LVL11
 6363 0436 04       		.byte	0x4
 6364 0437 00       		.uleb128 .LVL11-.LVL11
 6365 0438 18       		.uleb128 .LVL16-.LVL11
 6366 0439 01       		.uleb128 0x1
 6367 043a 54       		.byte	0x54
 6368 043b 04       		.byte	0x4
 6369 043c 18       		.uleb128 .LVL16-.LVL11
 6370 043d 1C       		.uleb128 .LVL17-.LVL11
 6371 043e 03       		.uleb128 0x3
 6372 043f 74       		.byte	0x74
 6373 0440 7F       		.sleb128 -1
 6374 0441 9F       		.byte	0x9f
 6375 0442 04       		.byte	0x4
 6376 0443 1C       		.uleb128 .LVL17-.LVL11
 6377 0444 20       		.uleb128 .LVL18-.LVL11
 6378 0445 01       		.uleb128 0x1
 6379 0446 54       		.byte	0x54
 6380 0447 04       		.byte	0x4
 6381 0448 32       		.uleb128 .LVL20-.LVL11
 6382 0449 34       		.uleb128 .LVL21-.LVL11
 6383 044a 02       		.uleb128 0x2
 6384 044b 75       		.byte	0x75
 6385 044c 08       		.sleb128 8
 6386 044d 04       		.byte	0x4
 6387 044e 36       		.uleb128 .LVL22-.LVL11
 6388 044f 38       		.uleb128 .LVL23-.LVL11
 6389 0450 01       		.uleb128 0x1
 6390 0451 54       		.byte	0x54
 6391 0452 04       		.byte	0x4
 6392 0453 38       		.uleb128 .LVL23-.LVL11
 6393 0454 3A       		.uleb128 .LVL24-.LVL11
 6394 0455 02       		.uleb128 0x2
 6395 0456 75       		.byte	0x75
 6396 0457 08       		.sleb128 8
 6397 0458 04       		.byte	0x4
 6398 0459 3A       		.uleb128 .LVL24-.LVL11
 6399 045a 3C       		.uleb128 .LVL25-.LVL11
 6400 045b 03       		.uleb128 0x3
 6401 045c 74       		.byte	0x74
 6402 045d 01       		.sleb128 1
 6403 045e 9F       		.byte	0x9f
 6404 045f 00       		.byte	0
 6405              	.LVUS8:
 6406 0460 00       		.uleb128 .LVU47
 6407 0461 02       		.uleb128 .LVU49
 6408              	.LLST8:
 6409 0462 08       		.byte	0x8
 6410 0463 18000000 		.4byte	.LVL9
 6411 0467 00       		.uleb128 .LVL9-.LVL9
 6412 0468 01       		.uleb128 0x1
 6413 0469 55       		.byte	0x55
 6414 046a 00       		.byte	0
 6415              	.LVUS9:
 6416 046b 00       		.uleb128 0
ARM GAS  /tmp/ccplaV3T.s 			page 114


 6417 046c 00       		.uleb128 .LVU106
 6418 046d 00       		.uleb128 .LVU106
 6419 046e 00       		.uleb128 .LVU134
 6420 046f 00       		.uleb128 .LVU134
 6421 0470 00       		.uleb128 0
 6422              	.LLST9:
 6423 0471 06       		.byte	0x6
 6424 0472 00000000 		.4byte	.LVL26
 6425 0476 04       		.byte	0x4
 6426 0477 00       		.uleb128 .LVL26-.LVL26
 6427 0478 0F       		.uleb128 .LVL28-1-.LVL26
 6428 0479 01       		.uleb128 0x1
 6429 047a 50       		.byte	0x50
 6430 047b 04       		.byte	0x4
 6431 047c 0F       		.uleb128 .LVL28-1-.LVL26
 6432 047d 48       		.uleb128 .LVL37-.LVL26
 6433 047e 01       		.uleb128 0x1
 6434 047f 54       		.byte	0x54
 6435 0480 04       		.byte	0x4
 6436 0481 48       		.uleb128 .LVL37-.LVL26
 6437 0482 50       		.uleb128 .LFE187-.LVL26
 6438 0483 0A       		.uleb128 0xa
 6439 0484 A3       		.byte	0xa3
 6440 0485 03       		.uleb128 0x3
 6441 0486 A5       		.byte	0xa5
 6442 0487 00       		.uleb128 0
 6443 0488 26       		.uleb128 0x26
 6444 0489 A8       		.byte	0xa8
 6445 048a 2D       		.uleb128 0x2d
 6446 048b A8       		.byte	0xa8
 6447 048c 00       		.uleb128 0
 6448 048d 9F       		.byte	0x9f
 6449 048e 00       		.byte	0
 6450              	.LVUS10:
 6451 048f 00       		.uleb128 0
 6452 0490 00       		.uleb128 .LVU106
 6453 0491 00       		.uleb128 .LVU106
 6454 0492 00       		.uleb128 .LVU134
 6455 0493 00       		.uleb128 .LVU134
 6456 0494 00       		.uleb128 0
 6457              	.LLST10:
 6458 0495 06       		.byte	0x6
 6459 0496 00000000 		.4byte	.LVL26
 6460 049a 04       		.byte	0x4
 6461 049b 00       		.uleb128 .LVL26-.LVL26
 6462 049c 0F       		.uleb128 .LVL28-1-.LVL26
 6463 049d 01       		.uleb128 0x1
 6464 049e 51       		.byte	0x51
 6465 049f 04       		.byte	0x4
 6466 04a0 0F       		.uleb128 .LVL28-1-.LVL26
 6467 04a1 48       		.uleb128 .LVL37-.LVL26
 6468 04a2 01       		.uleb128 0x1
 6469 04a3 55       		.byte	0x55
 6470 04a4 04       		.byte	0x4
 6471 04a5 48       		.uleb128 .LVL37-.LVL26
 6472 04a6 50       		.uleb128 .LFE187-.LVL26
 6473 04a7 0A       		.uleb128 0xa
ARM GAS  /tmp/ccplaV3T.s 			page 115


 6474 04a8 A3       		.byte	0xa3
 6475 04a9 03       		.uleb128 0x3
 6476 04aa A5       		.byte	0xa5
 6477 04ab 01       		.uleb128 0x1
 6478 04ac 26       		.uleb128 0x26
 6479 04ad A8       		.byte	0xa8
 6480 04ae 2D       		.uleb128 0x2d
 6481 04af A8       		.byte	0xa8
 6482 04b0 00       		.uleb128 0
 6483 04b1 9F       		.byte	0x9f
 6484 04b2 00       		.byte	0
 6485              	.LVUS13:
 6486 04b3 06       		.uleb128 .LVU98
 6487 04b4 00       		.uleb128 .LVU103
 6488              	.LLST13:
 6489 04b5 08       		.byte	0x8
 6490 04b6 00000000 		.4byte	.LVL26
 6491 04ba 0C       		.uleb128 .LVL27-.LVL26
 6492 04bb 03       		.uleb128 0x3
 6493 04bc 08       		.byte	0x8
 6494 04bd 20       		.byte	0x20
 6495 04be 9F       		.byte	0x9f
 6496 04bf 00       		.byte	0
 6497              	.LVUS16:
 6498 04c0 04       		.uleb128 .LVU121
 6499 04c1 00       		.uleb128 .LVU123
 6500 04c2 04       		.uleb128 .LVU130
 6501 04c3 00       		.uleb128 .LVU132
 6502              	.LLST16:
 6503 04c4 06       		.byte	0x6
 6504 04c5 32000000 		.4byte	.LVL32
 6505 04c9 04       		.byte	0x4
 6506 04ca 00       		.uleb128 .LVL32-.LVL32
 6507 04cb 06       		.uleb128 .LVL33-.LVL32
 6508 04cc 02       		.uleb128 0x2
 6509 04cd 30       		.byte	0x30
 6510 04ce 9F       		.byte	0x9f
 6511 04cf 04       		.byte	0x4
 6512 04d0 0E       		.uleb128 .LVL35-.LVL32
 6513 04d1 14       		.uleb128 .LVL36-.LVL32
 6514 04d2 02       		.uleb128 0x2
 6515 04d3 30       		.byte	0x30
 6516 04d4 9F       		.byte	0x9f
 6517 04d5 00       		.byte	0
 6518              	.LVUS0:
 6519 04d6 00       		.uleb128 0
 6520 04d7 00       		.uleb128 .LVU19
 6521 04d8 00       		.uleb128 .LVU19
 6522 04d9 00       		.uleb128 .LVU30
 6523 04da 00       		.uleb128 .LVU30
 6524 04db 00       		.uleb128 0
 6525              	.LLST0:
 6526 04dc 06       		.byte	0x6
 6527 04dd 00000000 		.4byte	.LVL0
 6528 04e1 04       		.byte	0x4
 6529 04e2 00       		.uleb128 .LVL0-.LVL0
 6530 04e3 16       		.uleb128 .LVL3-.LVL0
ARM GAS  /tmp/ccplaV3T.s 			page 116


 6531 04e4 01       		.uleb128 0x1
 6532 04e5 50       		.byte	0x50
 6533 04e6 04       		.byte	0x4
 6534 04e7 16       		.uleb128 .LVL3-.LVL0
 6535 04e8 22       		.uleb128 .LVL6-.LVL0
 6536 04e9 01       		.uleb128 0x1
 6537 04ea 54       		.byte	0x54
 6538 04eb 04       		.byte	0x4
 6539 04ec 22       		.uleb128 .LVL6-.LVL0
 6540 04ed 28       		.uleb128 .LFE186-.LVL0
 6541 04ee 0A       		.uleb128 0xa
 6542 04ef A3       		.byte	0xa3
 6543 04f0 03       		.uleb128 0x3
 6544 04f1 A5       		.byte	0xa5
 6545 04f2 00       		.uleb128 0
 6546 04f3 26       		.uleb128 0x26
 6547 04f4 A8       		.byte	0xa8
 6548 04f5 2D       		.uleb128 0x2d
 6549 04f6 A8       		.byte	0xa8
 6550 04f7 00       		.uleb128 0
 6551 04f8 9F       		.byte	0x9f
 6552 04f9 00       		.byte	0
 6553              	.LVUS1:
 6554 04fa 00       		.uleb128 0
 6555 04fb 00       		.uleb128 .LVU20
 6556 04fc 00       		.uleb128 .LVU20
 6557 04fd 00       		.uleb128 .LVU30
 6558 04fe 00       		.uleb128 .LVU30
 6559 04ff 00       		.uleb128 0
 6560              	.LLST1:
 6561 0500 06       		.byte	0x6
 6562 0501 00000000 		.4byte	.LVL0
 6563 0505 04       		.byte	0x4
 6564 0506 00       		.uleb128 .LVL0-.LVL0
 6565 0507 19       		.uleb128 .LVL4-1-.LVL0
 6566 0508 01       		.uleb128 0x1
 6567 0509 51       		.byte	0x51
 6568 050a 04       		.byte	0x4
 6569 050b 19       		.uleb128 .LVL4-1-.LVL0
 6570 050c 22       		.uleb128 .LVL6-.LVL0
 6571 050d 01       		.uleb128 0x1
 6572 050e 55       		.byte	0x55
 6573 050f 04       		.byte	0x4
 6574 0510 22       		.uleb128 .LVL6-.LVL0
 6575 0511 28       		.uleb128 .LFE186-.LVL0
 6576 0512 0B       		.uleb128 0xb
 6577 0513 A3       		.byte	0xa3
 6578 0514 03       		.uleb128 0x3
 6579 0515 A5       		.byte	0xa5
 6580 0516 00       		.uleb128 0
 6581 0517 26       		.uleb128 0x26
 6582 0518 A8       		.byte	0xa8
 6583 0519 2D       		.uleb128 0x2d
 6584 051a A8       		.byte	0xa8
 6585 051b 00       		.uleb128 0
 6586 051c 23       		.byte	0x23
 6587 051d 08       		.uleb128 0x8
ARM GAS  /tmp/ccplaV3T.s 			page 117


 6588 051e 00       		.byte	0
 6589              	.LVUS3:
 6590 051f 02       		.uleb128 .LVU10
 6591 0520 00       		.uleb128 .LVU14
 6592 0521 02       		.uleb128 .LVU22
 6593 0522 00       		.uleb128 .LVU26
 6594              	.LLST3:
 6595 0523 06       		.byte	0x6
 6596 0524 0C000000 		.4byte	.LVL1
 6597 0528 04       		.byte	0x4
 6598 0529 00       		.uleb128 .LVL1-.LVL1
 6599 052a 04       		.uleb128 .LVL2-.LVL1
 6600 052b 01       		.uleb128 0x1
 6601 052c 50       		.byte	0x50
 6602 052d 04       		.byte	0x4
 6603 052e 0E       		.uleb128 .LVL4-.LVL1
 6604 052f 12       		.uleb128 .LVL5-.LVL1
 6605 0530 01       		.uleb128 0x1
 6606 0531 54       		.byte	0x54
 6607 0532 00       		.byte	0
 6608              	.Ldebug_loc3:
 6609              		.section	.debug_aranges,"",%progbits
 6610 0000 6C000000 		.4byte	0x6c
 6611 0004 0200     		.2byte	0x2
 6612 0006 00000000 		.4byte	.Ldebug_info0
 6613 000a 04       		.byte	0x4
 6614 000b 00       		.byte	0
 6615 000c 0000     		.2byte	0
 6616 000e 0000     		.2byte	0
 6617 0010 00000000 		.4byte	.LFB186
 6618 0014 28000000 		.4byte	.LFE186-.LFB186
 6619 0018 00000000 		.4byte	.LFB188
 6620 001c 64000000 		.4byte	.LFE188-.LFB188
 6621 0020 00000000 		.4byte	.LFB187
 6622 0024 50000000 		.4byte	.LFE187-.LFB187
 6623 0028 00000000 		.4byte	.LFB190
 6624 002c 5C000000 		.4byte	.LFE190-.LFB190
 6625 0030 00000000 		.4byte	.LFB189
 6626 0034 50000000 		.4byte	.LFE189-.LFB189
 6627 0038 00000000 		.4byte	.LFB192
 6628 003c 68000000 		.4byte	.LFE192-.LFB192
 6629 0040 00000000 		.4byte	.LFB191
 6630 0044 54000000 		.4byte	.LFE191-.LFB191
 6631 0048 00000000 		.4byte	.LFB193
 6632 004c 80000000 		.4byte	.LFE193-.LFB193
 6633 0050 00000000 		.4byte	.LFB194
 6634 0054 54000000 		.4byte	.LFE194-.LFB194
 6635 0058 00000000 		.4byte	.LFB195
 6636 005c 78000000 		.4byte	.LFE195-.LFB195
 6637 0060 00000000 		.4byte	.LFB196
 6638 0064 D4000000 		.4byte	.LFE196-.LFB196
 6639 0068 00000000 		.4byte	0
 6640 006c 00000000 		.4byte	0
 6641              		.section	.debug_rnglists,"",%progbits
 6642              	.Ldebug_ranges0:
 6643 0000 9D010000 		.4byte	.Ldebug_ranges3-.Ldebug_ranges2
 6644              	.Ldebug_ranges2:
ARM GAS  /tmp/ccplaV3T.s 			page 118


 6645 0004 0500     		.2byte	0x5
 6646 0006 04       		.byte	0x4
 6647 0007 00       		.byte	0
 6648 0008 00000000 		.4byte	0
 6649              	.LLRL2:
 6650 000c 05       		.byte	0x5
 6651 000d 0C000000 		.4byte	.LBB75
 6652 0011 04       		.byte	0x4
 6653 0012 00       		.uleb128 .LBB75-.LBB75
 6654 0013 04       		.uleb128 .LBE75-.LBB75
 6655 0014 04       		.byte	0x4
 6656 0015 0E       		.uleb128 .LBB78-.LBB75
 6657 0016 12       		.uleb128 .LBE78-.LBB75
 6658 0017 00       		.byte	0
 6659              	.LLRL7:
 6660 0018 05       		.byte	0x5
 6661 0019 12000000 		.4byte	.LBB79
 6662 001d 04       		.byte	0x4
 6663 001e 00       		.uleb128 .LBB79-.LBB79
 6664 001f 02       		.uleb128 .LBE79-.LBB79
 6665 0020 04       		.byte	0x4
 6666 0021 06       		.uleb128 .LBB83-.LBB79
 6667 0022 06       		.uleb128 .LBE83-.LBB79
 6668 0023 04       		.byte	0x4
 6669 0024 3A       		.uleb128 .LBB84-.LBB79
 6670 0025 3C       		.uleb128 .LBE84-.LBB79
 6671 0026 00       		.byte	0
 6672              	.LLRL11:
 6673 0027 05       		.byte	0x5
 6674 0028 00000000 		.4byte	.LBB95
 6675 002c 04       		.byte	0x4
 6676 002d 00       		.uleb128 .LBB95-.LBB95
 6677 002e 00       		.uleb128 .LBE95-.LBB95
 6678 002f 04       		.byte	0x4
 6679 0030 06       		.uleb128 .LBB104-.LBB95
 6680 0031 10       		.uleb128 .LBE104-.LBB95
 6681 0032 00       		.byte	0
 6682              	.LLRL12:
 6683 0033 05       		.byte	0x5
 6684 0034 00000000 		.4byte	.LBB97
 6685 0038 04       		.byte	0x4
 6686 0039 00       		.uleb128 .LBB97-.LBB97
 6687 003a 00       		.uleb128 .LBE97-.LBB97
 6688 003b 04       		.byte	0x4
 6689 003c 06       		.uleb128 .LBB102-.LBB97
 6690 003d 0C       		.uleb128 .LBE102-.LBB97
 6691 003e 00       		.byte	0
 6692              	.LLRL14:
 6693 003f 05       		.byte	0x5
 6694 0040 1C000000 		.4byte	.LBB105
 6695 0044 04       		.byte	0x4
 6696 0045 00       		.uleb128 .LBB105-.LBB105
 6697 0046 1C       		.uleb128 .LBE105-.LBB105
 6698 0047 04       		.byte	0x4
 6699 0048 1E       		.uleb128 .LBB114-.LBB105
 6700 0049 2A       		.uleb128 .LBE114-.LBB105
 6701 004a 00       		.byte	0
ARM GAS  /tmp/ccplaV3T.s 			page 119


 6702              	.LLRL15:
 6703 004b 05       		.byte	0x5
 6704 004c 32000000 		.4byte	.LBB107
 6705 0050 04       		.byte	0x4
 6706 0051 00       		.uleb128 .LBB107-.LBB107
 6707 0052 06       		.uleb128 .LBE107-.LBB107
 6708 0053 04       		.byte	0x4
 6709 0054 0E       		.uleb128 .LBB112-.LBB107
 6710 0055 14       		.uleb128 .LBE112-.LBB107
 6711 0056 00       		.byte	0
 6712              	.LLRL18:
 6713 0057 05       		.byte	0x5
 6714 0058 0C000000 		.4byte	.LBB115
 6715 005c 04       		.byte	0x4
 6716 005d 00       		.uleb128 .LBB115-.LBB115
 6717 005e 02       		.uleb128 .LBE115-.LBB115
 6718 005f 04       		.byte	0x4
 6719 0060 06       		.uleb128 .LBB118-.LBB115
 6720 0061 06       		.uleb128 .LBE118-.LBB115
 6721 0062 00       		.byte	0
 6722              	.LLRL22:
 6723 0063 05       		.byte	0x5
 6724 0064 00000000 		.4byte	.LBB129
 6725 0068 04       		.byte	0x4
 6726 0069 00       		.uleb128 .LBB129-.LBB129
 6727 006a 00       		.uleb128 .LBE129-.LBB129
 6728 006b 04       		.byte	0x4
 6729 006c 02       		.uleb128 .LBB142-.LBB129
 6730 006d 04       		.uleb128 .LBE142-.LBB129
 6731 006e 04       		.byte	0x4
 6732 006f 06       		.uleb128 .LBB143-.LBB129
 6733 0070 0E       		.uleb128 .LBE143-.LBB129
 6734 0071 00       		.byte	0
 6735              	.LLRL23:
 6736 0072 05       		.byte	0x5
 6737 0073 00000000 		.4byte	.LBB131
 6738 0077 04       		.byte	0x4
 6739 0078 00       		.uleb128 .LBB131-.LBB131
 6740 0079 00       		.uleb128 .LBE131-.LBB131
 6741 007a 04       		.byte	0x4
 6742 007b 02       		.uleb128 .LBB138-.LBB131
 6743 007c 04       		.uleb128 .LBE138-.LBB131
 6744 007d 04       		.byte	0x4
 6745 007e 06       		.uleb128 .LBB139-.LBB131
 6746 007f 0A       		.uleb128 .LBE139-.LBB131
 6747 0080 00       		.byte	0
 6748              	.LLRL25:
 6749 0081 05       		.byte	0x5
 6750 0082 16000000 		.4byte	.LBB144
 6751 0086 04       		.byte	0x4
 6752 0087 00       		.uleb128 .LBB144-.LBB144
 6753 0088 1C       		.uleb128 .LBE144-.LBB144
 6754 0089 04       		.byte	0x4
 6755 008a 20       		.uleb128 .LBB153-.LBB144
 6756 008b 2C       		.uleb128 .LBE153-.LBB144
 6757 008c 00       		.byte	0
 6758              	.LLRL26:
ARM GAS  /tmp/ccplaV3T.s 			page 120


 6759 008d 05       		.byte	0x5
 6760 008e 2C000000 		.4byte	.LBB146
 6761 0092 04       		.byte	0x4
 6762 0093 00       		.uleb128 .LBB146-.LBB146
 6763 0094 06       		.uleb128 .LBE146-.LBB146
 6764 0095 04       		.byte	0x4
 6765 0096 10       		.uleb128 .LBB151-.LBB146
 6766 0097 16       		.uleb128 .LBE151-.LBB146
 6767 0098 00       		.byte	0
 6768              	.LLRL30:
 6769 0099 05       		.byte	0x5
 6770 009a 0E000000 		.4byte	.LBB154
 6771 009e 04       		.byte	0x4
 6772 009f 00       		.uleb128 .LBB154-.LBB154
 6773 00a0 02       		.uleb128 .LBE154-.LBB154
 6774 00a1 04       		.byte	0x4
 6775 00a2 06       		.uleb128 .LBB157-.LBB154
 6776 00a3 06       		.uleb128 .LBE157-.LBB154
 6777 00a4 00       		.byte	0
 6778              	.LLRL35:
 6779 00a5 05       		.byte	0x5
 6780 00a6 00000000 		.4byte	.LBB168
 6781 00aa 04       		.byte	0x4
 6782 00ab 00       		.uleb128 .LBB168-.LBB168
 6783 00ac 00       		.uleb128 .LBE168-.LBB168
 6784 00ad 04       		.byte	0x4
 6785 00ae 06       		.uleb128 .LBB177-.LBB168
 6786 00af 10       		.uleb128 .LBE177-.LBB168
 6787 00b0 00       		.byte	0
 6788              	.LLRL36:
 6789 00b1 05       		.byte	0x5
 6790 00b2 00000000 		.4byte	.LBB170
 6791 00b6 04       		.byte	0x4
 6792 00b7 00       		.uleb128 .LBB170-.LBB170
 6793 00b8 00       		.uleb128 .LBE170-.LBB170
 6794 00b9 04       		.byte	0x4
 6795 00ba 06       		.uleb128 .LBB175-.LBB170
 6796 00bb 0C       		.uleb128 .LBE175-.LBB170
 6797 00bc 00       		.byte	0
 6798              	.LLRL38:
 6799 00bd 05       		.byte	0x5
 6800 00be 1A000000 		.4byte	.LBB178
 6801 00c2 04       		.byte	0x4
 6802 00c3 00       		.uleb128 .LBB178-.LBB178
 6803 00c4 1C       		.uleb128 .LBE178-.LBB178
 6804 00c5 04       		.byte	0x4
 6805 00c6 20       		.uleb128 .LBB187-.LBB178
 6806 00c7 2C       		.uleb128 .LBE187-.LBB178
 6807 00c8 00       		.byte	0
 6808              	.LLRL39:
 6809 00c9 05       		.byte	0x5
 6810 00ca 30000000 		.4byte	.LBB180
 6811 00ce 04       		.byte	0x4
 6812 00cf 00       		.uleb128 .LBB180-.LBB180
 6813 00d0 06       		.uleb128 .LBE180-.LBB180
 6814 00d1 04       		.byte	0x4
 6815 00d2 10       		.uleb128 .LBB185-.LBB180
ARM GAS  /tmp/ccplaV3T.s 			page 121


 6816 00d3 16       		.uleb128 .LBE185-.LBB180
 6817 00d4 00       		.byte	0
 6818              	.LLRL42:
 6819 00d5 05       		.byte	0x5
 6820 00d6 08000000 		.4byte	.LBB202
 6821 00da 04       		.byte	0x4
 6822 00db 00       		.uleb128 .LBB202-.LBB202
 6823 00dc 02       		.uleb128 .LBE202-.LBB202
 6824 00dd 04       		.byte	0x4
 6825 00de 06       		.uleb128 .LBB205-.LBB202
 6826 00df 06       		.uleb128 .LBE205-.LBB202
 6827 00e0 00       		.byte	0
 6828              	.LLRL45:
 6829 00e1 05       		.byte	0x5
 6830 00e2 2C000000 		.4byte	.LBB211
 6831 00e6 04       		.byte	0x4
 6832 00e7 00       		.uleb128 .LBB211-.LBB211
 6833 00e8 1C       		.uleb128 .LBE211-.LBB211
 6834 00e9 04       		.byte	0x4
 6835 00ea 1E       		.uleb128 .LBB220-.LBB211
 6836 00eb 2A       		.uleb128 .LBE220-.LBB211
 6837 00ec 00       		.byte	0
 6838              	.LLRL46:
 6839 00ed 05       		.byte	0x5
 6840 00ee 42000000 		.4byte	.LBB213
 6841 00f2 04       		.byte	0x4
 6842 00f3 00       		.uleb128 .LBB213-.LBB213
 6843 00f4 06       		.uleb128 .LBE213-.LBB213
 6844 00f5 04       		.byte	0x4
 6845 00f6 0E       		.uleb128 .LBB218-.LBB213
 6846 00f7 14       		.uleb128 .LBE218-.LBB213
 6847 00f8 00       		.byte	0
 6848              	.LLRL49:
 6849 00f9 05       		.byte	0x5
 6850 00fa 0C000000 		.4byte	.LBB221
 6851 00fe 04       		.byte	0x4
 6852 00ff 00       		.uleb128 .LBB221-.LBB221
 6853 0100 02       		.uleb128 .LBE221-.LBB221
 6854 0101 04       		.byte	0x4
 6855 0102 06       		.uleb128 .LBB224-.LBB221
 6856 0103 06       		.uleb128 .LBE224-.LBB221
 6857 0104 00       		.byte	0
 6858              	.LLRL51:
 6859 0105 05       		.byte	0x5
 6860 0106 30000000 		.4byte	.LBB225
 6861 010a 04       		.byte	0x4
 6862 010b 00       		.uleb128 .LBB225-.LBB225
 6863 010c 08       		.uleb128 .LBE225-.LBB225
 6864 010d 04       		.byte	0x4
 6865 010e 0C       		.uleb128 .LBB226-.LBB225
 6866 010f 12       		.uleb128 .LBE226-.LBB225
 6867 0110 00       		.byte	0
 6868              	.LLRL55:
 6869 0111 05       		.byte	0x5
 6870 0112 12000000 		.4byte	.LBB227
 6871 0116 04       		.byte	0x4
 6872 0117 00       		.uleb128 .LBB227-.LBB227
ARM GAS  /tmp/ccplaV3T.s 			page 122


 6873 0118 02       		.uleb128 .LBE227-.LBB227
 6874 0119 04       		.byte	0x4
 6875 011a 06       		.uleb128 .LBB231-.LBB227
 6876 011b 06       		.uleb128 .LBE231-.LBB227
 6877 011c 04       		.byte	0x4
 6878 011d 44       		.uleb128 .LBB232-.LBB227
 6879 011e 44       		.uleb128 .LBE232-.LBB227
 6880 011f 00       		.byte	0
 6881              	.LLRL57:
 6882 0120 05       		.byte	0x5
 6883 0121 66000000 		.4byte	.LBB233
 6884 0125 04       		.byte	0x4
 6885 0126 00       		.uleb128 .LBB233-.LBB233
 6886 0127 00       		.uleb128 .LBE233-.LBB233
 6887 0128 04       		.byte	0x4
 6888 0129 06       		.uleb128 .LBB236-.LBB233
 6889 012a 06       		.uleb128 .LBE236-.LBB233
 6890 012b 00       		.byte	0
 6891              	.LLRL62:
 6892 012c 05       		.byte	0x5
 6893 012d 10000000 		.4byte	.LBB256
 6894 0131 04       		.byte	0x4
 6895 0132 00       		.uleb128 .LBB256-.LBB256
 6896 0133 02       		.uleb128 .LBE256-.LBB256
 6897 0134 04       		.byte	0x4
 6898 0135 06       		.uleb128 .LBB259-.LBB256
 6899 0136 06       		.uleb128 .LBE259-.LBB256
 6900 0137 00       		.byte	0
 6901              	.LLRL64:
 6902 0138 05       		.byte	0x5
 6903 0139 22000000 		.4byte	.LBB260
 6904 013d 04       		.byte	0x4
 6905 013e 00       		.uleb128 .LBB260-.LBB260
 6906 013f 02       		.uleb128 .LBE260-.LBB260
 6907 0140 04       		.byte	0x4
 6908 0141 06       		.uleb128 .LBB263-.LBB260
 6909 0142 06       		.uleb128 .LBE263-.LBB260
 6910 0143 00       		.byte	0
 6911              	.LLRL67:
 6912 0144 05       		.byte	0x5
 6913 0145 58000000 		.4byte	.LBB269
 6914 0149 04       		.byte	0x4
 6915 014a 00       		.uleb128 .LBB269-.LBB269
 6916 014b 1A       		.uleb128 .LBE269-.LBB269
 6917 014c 04       		.byte	0x4
 6918 014d 1E       		.uleb128 .LBB278-.LBB269
 6919 014e 2A       		.uleb128 .LBE278-.LBB269
 6920 014f 00       		.byte	0
 6921              	.LLRL68:
 6922 0150 05       		.byte	0x5
 6923 0151 6C000000 		.4byte	.LBB271
 6924 0155 04       		.byte	0x4
 6925 0156 00       		.uleb128 .LBB271-.LBB271
 6926 0157 06       		.uleb128 .LBE271-.LBB271
 6927 0158 04       		.byte	0x4
 6928 0159 10       		.uleb128 .LBB276-.LBB271
 6929 015a 16       		.uleb128 .LBE276-.LBB271
ARM GAS  /tmp/ccplaV3T.s 			page 123


 6930 015b 00       		.byte	0
 6931              	.LLRL71:
 6932 015c 07       		.byte	0x7
 6933 015d 00000000 		.4byte	.LFB186
 6934 0161 28       		.uleb128 .LFE186-.LFB186
 6935 0162 07       		.byte	0x7
 6936 0163 00000000 		.4byte	.LFB188
 6937 0167 64       		.uleb128 .LFE188-.LFB188
 6938 0168 07       		.byte	0x7
 6939 0169 00000000 		.4byte	.LFB187
 6940 016d 50       		.uleb128 .LFE187-.LFB187
 6941 016e 07       		.byte	0x7
 6942 016f 00000000 		.4byte	.LFB190
 6943 0173 5C       		.uleb128 .LFE190-.LFB190
 6944 0174 07       		.byte	0x7
 6945 0175 00000000 		.4byte	.LFB189
 6946 0179 50       		.uleb128 .LFE189-.LFB189
 6947 017a 07       		.byte	0x7
 6948 017b 00000000 		.4byte	.LFB192
 6949 017f 68       		.uleb128 .LFE192-.LFB192
 6950 0180 07       		.byte	0x7
 6951 0181 00000000 		.4byte	.LFB191
 6952 0185 54       		.uleb128 .LFE191-.LFB191
 6953 0186 07       		.byte	0x7
 6954 0187 00000000 		.4byte	.LFB193
 6955 018b 8001     		.uleb128 .LFE193-.LFB193
 6956 018d 07       		.byte	0x7
 6957 018e 00000000 		.4byte	.LFB194
 6958 0192 54       		.uleb128 .LFE194-.LFB194
 6959 0193 07       		.byte	0x7
 6960 0194 00000000 		.4byte	.LFB195
 6961 0198 78       		.uleb128 .LFE195-.LFB195
 6962 0199 07       		.byte	0x7
 6963 019a 00000000 		.4byte	.LFB196
 6964 019e D401     		.uleb128 .LFE196-.LFB196
 6965 01a0 00       		.byte	0
 6966              	.Ldebug_ranges3:
 6967              		.section	.debug_line,"",%progbits
 6968              	.Ldebug_line0:
 6969 0000 4E0D0000 		.section	.debug_str,"MS",%progbits,1
 6969      03006D02 
 6969      00000201 
 6969      FB0E0D00 
 6969      01010101 
 6970              	.LASF42:
 6971 0000 72656164 		.ascii	"ready_list_t\000"
 6971      795F6C69 
 6971      73745F74 
 6971      00
 6972              	.LASF98:
 6973 000d 71756575 		.ascii	"queue_insert\000"
 6973      655F696E 
 6973      73657274 
 6973      00
 6974              	.LASF109:
 6975 001a 63685365 		.ascii	"chSemSignalI\000"
 6975      6D536967 
ARM GAS  /tmp/ccplaV3T.s 			page 124


 6975      6E616C49 
 6975      00
 6976              	.LASF81:
 6977 0027 77747472 		.ascii	"wttrp\000"
 6977      7000
 6978              	.LASF78:
 6979 002d 7264796D 		.ascii	"rdymsg\000"
 6979      736700
 6980              	.LASF16:
 6981 0034 75696E74 		.ascii	"uint64_t\000"
 6981      36345F74 
 6981      00
 6982              	.LASF6:
 6983 003d 5F5F7569 		.ascii	"__uint8_t\000"
 6983      6E74385F 
 6983      7400
 6984              	.LASF75:
 6985 0047 706F7274 		.ascii	"port_intctx\000"
 6985      5F696E74 
 6985      63747800 
 6986              	.LASF61:
 6987 0053 73797374 		.ascii	"system_debug_t\000"
 6987      656D5F64 
 6987      65627567 
 6987      5F7400
 6988              	.LASF124:
 6989 0062 71756575 		.ascii	"queue_init\000"
 6989      655F696E 
 6989      697400
 6990              	.LASF127:
 6991 006d 706F7274 		.ascii	"port_lock\000"
 6991      5F6C6F63 
 6991      6B00
 6992              	.LASF106:
 6993 0077 63685379 		.ascii	"chSysHalt\000"
 6993      7348616C 
 6993      7400
 6994              	.LASF100:
 6995 0081 71756575 		.ascii	"queue_lifo_remove\000"
 6995      655F6C69 
 6995      666F5F72 
 6995      656D6F76 
 6995      6500
 6996              	.LASF110:
 6997 0093 63685365 		.ascii	"chSemSignal\000"
 6997      6D536967 
 6997      6E616C00 
 6998              	.LASF79:
 6999 009f 65786974 		.ascii	"exitcode\000"
 6999      636F6465 
 6999      00
 7000              	.LASF70:
 7001 00a8 6D61696E 		.ascii	"mainthread\000"
 7001      74687265 
 7001      616400
 7002              	.LASF108:
 7003 00b3 63685365 		.ascii	"chSemAddCounterI\000"
ARM GAS  /tmp/ccplaV3T.s 			page 125


 7003      6D416464 
 7003      436F756E 
 7003      74657249 
 7003      00
 7004              	.LASF41:
 7005 00c4 63685F74 		.ascii	"ch_threads_queue\000"
 7005      68726561 
 7005      64735F71 
 7005      75657565 
 7005      00
 7006              	.LASF28:
 7007 00d5 705F7072 		.ascii	"p_prio\000"
 7007      696F00
 7008              	.LASF93:
 7009 00dc 6D757465 		.ascii	"mutex_t\000"
 7009      785F7400 
 7010              	.LASF129:
 7011 00e4 474E5520 		.ascii	"GNU C99 13.2.1 20231009 -mcpu=cortex-m4 -mfpu=fpv4-"
 7011      43393920 
 7011      31332E32 
 7011      2E312032 
 7011      30323331 
 7012 0117 73702D64 		.ascii	"sp-d16 -mfloat-abi=hard -mfloat-abi=hard -mfpu=fpv4"
 7012      3136202D 
 7012      6D666C6F 
 7012      61742D61 
 7012      62693D68 
 7013 014a 2D73702D 		.ascii	"-sp-d16 -mno-thumb-interwork -mthumb -march=armv7e-"
 7013      64313620 
 7013      2D6D6E6F 
 7013      2D746875 
 7013      6D622D69 
 7014 017d 6D2B6670 		.ascii	"m+fp -ggdb -O2 -std=gnu99 -fomit-frame-pointer -fal"
 7014      202D6767 
 7014      6462202D 
 7014      4F32202D 
 7014      7374643D 
 7015 01b0 69676E2D 		.ascii	"ign-functions=16 -ffunction-sections -fdata-section"
 7015      66756E63 
 7015      74696F6E 
 7015      733D3136 
 7015      202D6666 
 7016 01e3 73202D66 		.ascii	"s -fno-common -fsingle-precision-constant\000"
 7016      6E6F2D63 
 7016      6F6D6D6F 
 7016      6E202D66 
 7016      73696E67 
 7017              	.LASF2:
 7018 020d 7369676E 		.ascii	"signed char\000"
 7018      65642063 
 7018      68617200 
 7019              	.LASF111:
 7020 0219 63685365 		.ascii	"chSemSignalWait\000"
 7020      6D536967 
 7020      6E616C57 
 7020      61697400 
 7021              	.LASF0:
ARM GAS  /tmp/ccplaV3T.s 			page 126


 7022 0229 6C6F6E67 		.ascii	"long long unsigned int\000"
 7022      206C6F6E 
 7022      6720756E 
 7022      7369676E 
 7022      65642069 
 7023              	.LASF88:
 7024 0240 6D5F7175 		.ascii	"m_queue\000"
 7024      65756500 
 7025              	.LASF69:
 7026 0248 76746C69 		.ascii	"vtlist\000"
 7026      737400
 7027              	.LASF126:
 7028 024f 706F7274 		.ascii	"port_unlock\000"
 7028      5F756E6C 
 7028      6F636B00 
 7029              	.LASF20:
 7030 025b 74736C69 		.ascii	"tslices_t\000"
 7030      6365735F 
 7030      7400
 7031              	.LASF131:
 7032 0265 2F686F6D 		.ascii	"/home/gunnar/code/rise_sdvp/Embedded/RTCM_Forwarder"
 7032      652F6775 
 7032      6E6E6172 
 7032      2F636F64 
 7032      652F7269 
 7033 0298 5F50726F 		.ascii	"_Project\000"
 7033      6A656374 
 7033      00
 7034              	.LASF67:
 7035 02a1 63685F73 		.ascii	"ch_system\000"
 7035      79737465 
 7035      6D00
 7036              	.LASF8:
 7037 02ab 6C6F6E67 		.ascii	"long int\000"
 7037      20696E74 
 7037      00
 7038              	.LASF19:
 7039 02b4 74737461 		.ascii	"tstate_t\000"
 7039      74655F74 
 7039      00
 7040              	.LASF121:
 7041 02bd 71756575 		.ascii	"queue_notempty\000"
 7041      655F6E6F 
 7041      74656D70 
 7041      747900
 7042              	.LASF30:
 7043 02cc 705F6E65 		.ascii	"p_newer\000"
 7043      77657200 
 7044              	.LASF122:
 7045 02d4 71756575 		.ascii	"queue_isempty\000"
 7045      655F6973 
 7045      656D7074 
 7045      7900
 7046              	.LASF85:
 7047 02e2 735F7175 		.ascii	"s_queue\000"
 7047      65756500 
 7048              	.LASF105:
ARM GAS  /tmp/ccplaV3T.s 			page 127


 7049 02ea 63685363 		.ascii	"chSchRescheduleS\000"
 7049      68526573 
 7049      63686564 
 7049      756C6553 
 7049      00
 7050              	.LASF47:
 7051 02fb 725F6E65 		.ascii	"r_newer\000"
 7051      77657200 
 7052              	.LASF72:
 7053 0303 72656761 		.ascii	"regarm_t\000"
 7053      726D5F74 
 7053      00
 7054              	.LASF54:
 7055 030c 76745F70 		.ascii	"vt_prev\000"
 7055      72657600 
 7056              	.LASF11:
 7057 0314 6C6F6E67 		.ascii	"long long int\000"
 7057      206C6F6E 
 7057      6720696E 
 7057      7400
 7058              	.LASF128:
 7059 0322 76616C75 		.ascii	"value\000"
 7059      6500
 7060              	.LASF65:
 7061 0328 6C6F636B 		.ascii	"lock_cnt\000"
 7061      5F636E74 
 7061      00
 7062              	.LASF71:
 7063 0331 69646C65 		.ascii	"idle_thread_wa\000"
 7063      5F746872 
 7063      6561645F 
 7063      776100
 7064              	.LASF119:
 7065 0340 63685365 		.ascii	"chSemObjectInit\000"
 7065      6D4F626A 
 7065      65637449 
 7065      6E697400 
 7066              	.LASF23:
 7067 0350 636E745F 		.ascii	"cnt_t\000"
 7067      7400
 7068              	.LASF1:
 7069 0356 756E7369 		.ascii	"unsigned int\000"
 7069      676E6564 
 7069      20696E74 
 7069      00
 7070              	.LASF114:
 7071 0363 63685365 		.ascii	"chSemWaitTimeout\000"
 7071      6D576169 
 7071      7454696D 
 7071      656F7574 
 7071      00
 7072              	.LASF53:
 7073 0374 76745F6E 		.ascii	"vt_next\000"
 7073      65787400 
 7074              	.LASF82:
 7075 037c 77747365 		.ascii	"wtsemp\000"
 7075      6D7000
ARM GAS  /tmp/ccplaV3T.s 			page 128


 7076              	.LASF55:
 7077 0383 76745F64 		.ascii	"vt_delta\000"
 7077      656C7461 
 7077      00
 7078              	.LASF118:
 7079 038c 63685365 		.ascii	"chSemReset\000"
 7079      6D526573 
 7079      657400
 7080              	.LASF86:
 7081 0397 735F636E 		.ascii	"s_cnt\000"
 7081      7400
 7082              	.LASF5:
 7083 039d 73686F72 		.ascii	"short unsigned int\000"
 7083      7420756E 
 7083      7369676E 
 7083      65642069 
 7083      6E7400
 7084              	.LASF40:
 7085 03b0 63685F74 		.ascii	"ch_thread\000"
 7085      68726561 
 7085      6400
 7086              	.LASF96:
 7087 03ba 63685363 		.ascii	"chSchWakeupS\000"
 7087      6857616B 
 7087      65757053 
 7087      00
 7088              	.LASF22:
 7089 03c7 6D73675F 		.ascii	"msg_t\000"
 7089      7400
 7090              	.LASF102:
 7091 03cd 63684462 		.ascii	"chDbgCheckClassI\000"
 7091      67436865 
 7091      636B436C 
 7091      61737349 
 7091      00
 7092              	.LASF66:
 7093 03de 63685F73 		.ascii	"ch_system_t\000"
 7093      79737465 
 7093      6D5F7400 
 7094              	.LASF18:
 7095 03ea 746D6F64 		.ascii	"tmode_t\000"
 7095      655F7400 
 7096              	.LASF101:
 7097 03f2 63684462 		.ascii	"chDbgCheckClassS\000"
 7097      67436865 
 7097      636B436C 
 7097      61737353 
 7097      00
 7098              	.LASF43:
 7099 0403 63685F72 		.ascii	"ch_ready_list\000"
 7099      65616479 
 7099      5F6C6973 
 7099      7400
 7100              	.LASF7:
 7101 0411 5F5F696E 		.ascii	"__int32_t\000"
 7101      7433325F 
 7101      7400
ARM GAS  /tmp/ccplaV3T.s 			page 129


 7102              	.LASF58:
 7103 041b 76697274 		.ascii	"virtual_timers_list_t\000"
 7103      75616C5F 
 7103      74696D65 
 7103      72735F6C 
 7103      6973745F 
 7104              	.LASF73:
 7105 0431 73746B61 		.ascii	"stkalign_t\000"
 7105      6C69676E 
 7105      5F7400
 7106              	.LASF17:
 7107 043c 7274636E 		.ascii	"rtcnt_t\000"
 7107      745F7400 
 7108              	.LASF38:
 7109 0444 74687265 		.ascii	"thread_reference_t\000"
 7109      61645F72 
 7109      65666572 
 7109      656E6365 
 7109      5F7400
 7110              	.LASF104:
 7111 0457 5F646267 		.ascii	"_dbg_check_lock\000"
 7111      5F636865 
 7111      636B5F6C 
 7111      6F636B00 
 7112              	.LASF59:
 7113 0467 63685F76 		.ascii	"ch_virtual_timers_list\000"
 7113      69727475 
 7113      616C5F74 
 7113      696D6572 
 7113      735F6C69 
 7114              	.LASF125:
 7115 047e 63685379 		.ascii	"chSysLock\000"
 7115      734C6F63 
 7115      6B00
 7116              	.LASF31:
 7117 0488 705F6F6C 		.ascii	"p_older\000"
 7117      64657200 
 7118              	.LASF46:
 7119 0490 725F6374 		.ascii	"r_ctx\000"
 7119      7800
 7120              	.LASF77:
 7121 0496 746D5F63 		.ascii	"tm_calibration_t\000"
 7121      616C6962 
 7121      72617469 
 7121      6F6E5F74 
 7121      00
 7122              	.LASF90:
 7123 04a7 6D5F6E65 		.ascii	"m_next\000"
 7123      787400
 7124              	.LASF113:
 7125 04ae 74696D65 		.ascii	"time\000"
 7125      00
 7126              	.LASF49:
 7127 04b3 725F6375 		.ascii	"r_current\000"
 7127      7272656E 
 7127      7400
 7128              	.LASF48:
ARM GAS  /tmp/ccplaV3T.s 			page 130


 7129 04bd 725F6F6C 		.ascii	"r_older\000"
 7129      64657200 
 7130              	.LASF12:
 7131 04c5 5F5F7569 		.ascii	"__uint64_t\000"
 7131      6E743634 
 7131      5F7400
 7132              	.LASF51:
 7133 04d0 76697274 		.ascii	"virtual_timer_t\000"
 7133      75616C5F 
 7133      74696D65 
 7133      725F7400 
 7134              	.LASF27:
 7135 04e0 705F7072 		.ascii	"p_prev\000"
 7135      657600
 7136              	.LASF21:
 7137 04e7 74707269 		.ascii	"tprio_t\000"
 7137      6F5F7400 
 7138              	.LASF62:
 7139 04ef 63685F73 		.ascii	"ch_system_debug\000"
 7139      79737465 
 7139      6D5F6465 
 7139      62756700 
 7140              	.LASF120:
 7141 04ff 5F426F6F 		.ascii	"_Bool\000"
 7141      6C00
 7142              	.LASF14:
 7143 0505 696E7433 		.ascii	"int32_t\000"
 7143      325F7400 
 7144              	.LASF3:
 7145 050d 756E7369 		.ascii	"unsigned char\000"
 7145      676E6564 
 7145      20636861 
 7145      7200
 7146              	.LASF36:
 7147 051b 705F6D74 		.ascii	"p_mtxlist\000"
 7147      786C6973 
 7147      7400
 7148              	.LASF4:
 7149 0525 73686F72 		.ascii	"short int\000"
 7149      7420696E 
 7149      7400
 7150              	.LASF33:
 7151 052f 705F7374 		.ascii	"p_state\000"
 7151      61746500 
 7152              	.LASF35:
 7153 0537 705F7072 		.ascii	"p_preempt\000"
 7153      65656D70 
 7153      7400
 7154              	.LASF45:
 7155 0541 725F7072 		.ascii	"r_prio\000"
 7155      696F00
 7156              	.LASF26:
 7157 0548 705F6E65 		.ascii	"p_next\000"
 7157      787400
 7158              	.LASF34:
 7159 054f 705F666C 		.ascii	"p_flags\000"
 7159      61677300 
ARM GAS  /tmp/ccplaV3T.s 			page 131


 7160              	.LASF107:
 7161 0557 5F5F6675 		.ascii	"__func__\000"
 7161      6E635F5F 
 7161      00
 7162              	.LASF115:
 7163 0560 63685365 		.ascii	"chSemWaitS\000"
 7163      6D576169 
 7163      745300
 7164              	.LASF92:
 7165 056b 73656D61 		.ascii	"semaphore_t\000"
 7165      70686F72 
 7165      655F7400 
 7166              	.LASF52:
 7167 0577 63685F76 		.ascii	"ch_virtual_timer\000"
 7167      69727475 
 7167      616C5F74 
 7167      696D6572 
 7167      00
 7168              	.LASF84:
 7169 0588 63685F73 		.ascii	"ch_semaphore\000"
 7169      656D6170 
 7169      686F7265 
 7169      00
 7170              	.LASF97:
 7171 0595 63685363 		.ascii	"chSchGoSleepS\000"
 7171      68476F53 
 7171      6C656570 
 7171      5300
 7172              	.LASF15:
 7173 05a3 75696E74 		.ascii	"uint32_t\000"
 7173      33325F74 
 7173      00
 7174              	.LASF83:
 7175 05ac 77746D74 		.ascii	"wtmtxp\000"
 7175      787000
 7176              	.LASF44:
 7177 05b3 725F7175 		.ascii	"r_queue\000"
 7177      65756500 
 7178              	.LASF99:
 7179 05bb 63685363 		.ascii	"chSchReadyI\000"
 7179      68526561 
 7179      64794900 
 7180              	.LASF10:
 7181 05c7 6C6F6E67 		.ascii	"long unsigned int\000"
 7181      20756E73 
 7181      69676E65 
 7181      6420696E 
 7181      7400
 7182              	.LASF91:
 7183 05d9 63686172 		.ascii	"char\000"
 7183      00
 7184              	.LASF112:
 7185 05de 63685365 		.ascii	"chSemWaitTimeoutS\000"
 7185      6D576169 
 7185      7454696D 
 7185      656F7574 
 7185      5300
ARM GAS  /tmp/ccplaV3T.s 			page 132


 7186              	.LASF25:
 7187 05f0 74687265 		.ascii	"thread_t\000"
 7187      61645F74 
 7187      00
 7188              	.LASF94:
 7189 05f9 71756575 		.ascii	"queue_fifo_remove\000"
 7189      655F6669 
 7189      666F5F72 
 7189      656D6F76 
 7189      6500
 7190              	.LASF24:
 7191 060b 73797374 		.ascii	"systime_t\000"
 7191      696D655F 
 7191      7400
 7192              	.LASF37:
 7193 0615 705F7265 		.ascii	"p_realprio\000"
 7193      616C7072 
 7193      696F00
 7194              	.LASF50:
 7195 0620 76746675 		.ascii	"vtfunc_t\000"
 7195      6E635F74 
 7195      00
 7196              	.LASF9:
 7197 0629 5F5F7569 		.ascii	"__uint32_t\000"
 7197      6E743332 
 7197      5F7400
 7198              	.LASF132:
 7199 0634 5F5F7365 		.ascii	"__set_BASEPRI\000"
 7199      745F4241 
 7199      53455052 
 7199      4900
 7200              	.LASF116:
 7201 0642 63685365 		.ascii	"chSemWait\000"
 7201      6D576169 
 7201      7400
 7202              	.LASF63:
 7203 064c 70616E69 		.ascii	"panic_msg\000"
 7203      635F6D73 
 7203      6700
 7204              	.LASF76:
 7205 0656 6F666673 		.ascii	"offset\000"
 7205      657400
 7206              	.LASF74:
 7207 065d 636F6E74 		.ascii	"context\000"
 7207      65787400 
 7208              	.LASF57:
 7209 0665 76745F70 		.ascii	"vt_par\000"
 7209      617200
 7210              	.LASF39:
 7211 066c 74687265 		.ascii	"threads_queue_t\000"
 7211      6164735F 
 7211      71756575 
 7211      655F7400 
 7212              	.LASF87:
 7213 067c 63685F6D 		.ascii	"ch_mutex\000"
 7213      75746578 
 7213      00
ARM GAS  /tmp/ccplaV3T.s 			page 133


 7214              	.LASF64:
 7215 0685 6973725F 		.ascii	"isr_cnt\000"
 7215      636E7400 
 7216              	.LASF117:
 7217 068d 63685365 		.ascii	"chSemResetI\000"
 7217      6D526573 
 7217      65744900 
 7218              	.LASF68:
 7219 0699 726C6973 		.ascii	"rlist\000"
 7219      7400
 7220              	.LASF13:
 7221 069f 75696E74 		.ascii	"uint8_t\000"
 7221      385F7400 
 7222              	.LASF103:
 7223 06a7 5F646267 		.ascii	"_dbg_check_unlock\000"
 7223      5F636865 
 7223      636B5F75 
 7223      6E6C6F63 
 7223      6B00
 7224              	.LASF80:
 7225 06b9 77746F62 		.ascii	"wtobjp\000"
 7225      6A7000
 7226              	.LASF32:
 7227 06c0 705F6E61 		.ascii	"p_name\000"
 7227      6D6500
 7228              	.LASF130:
 7229 06c7 2E2E2F52 		.ascii	"../RC_Controller/ChibiOS_3.0.5/os/rt/src/chsem.c\000"
 7229      435F436F 
 7229      6E74726F 
 7229      6C6C6572 
 7229      2F436869 
 7230              	.LASF60:
 7231 06f8 76745F73 		.ascii	"vt_systime\000"
 7231      79737469 
 7231      6D6500
 7232              	.LASF95:
 7233 0703 63685363 		.ascii	"chSchGoSleepTimeoutS\000"
 7233      68476F53 
 7233      6C656570 
 7233      54696D65 
 7233      6F757453 
 7234              	.LASF123:
 7235 0718 63685379 		.ascii	"chSysUnlock\000"
 7235      73556E6C 
 7235      6F636B00 
 7236              	.LASF89:
 7237 0724 6D5F6F77 		.ascii	"m_owner\000"
 7237      6E657200 
 7238              	.LASF29:
 7239 072c 705F6374 		.ascii	"p_ctx\000"
 7239      7800
 7240              	.LASF56:
 7241 0732 76745F66 		.ascii	"vt_func\000"
 7241      756E6300 
 7242              		.ident	"GCC: (Arm GNU Toolchain 13.2.rel1 (Build arm-13.7)) 13.2.1 20231009"
ARM GAS  /tmp/ccplaV3T.s 			page 134


DEFINED SYMBOLS
                            *ABS*:00000000 chsem.c
     /tmp/ccplaV3T.s:21     .text.chSemObjectInit:00000000 $t
     /tmp/ccplaV3T.s:28     .text.chSemObjectInit:00000000 chSemObjectInit
     /tmp/ccplaV3T.s:104    .text.chSemObjectInit:00000024 $d
     /tmp/ccplaV3T.s:2007   .rodata.__func__.8:00000000 __func__.8
     /tmp/ccplaV3T.s:109    .text.chSemResetI:00000000 $t
     /tmp/ccplaV3T.s:116    .text.chSemResetI:00000000 chSemResetI
     /tmp/ccplaV3T.s:272    .text.chSemResetI:00000060 $d
     /tmp/ccplaV3T.s:1995   .rodata.__func__.6:00000000 __func__.6
     /tmp/ccplaV3T.s:277    .text.chSemReset:00000000 $t
     /tmp/ccplaV3T.s:284    .text.chSemReset:00000000 chSemReset
     /tmp/ccplaV3T.s:446    .text.chSemReset:00000048 $d
     /tmp/ccplaV3T.s:2001   .rodata.__func__.7:00000000 __func__.7
     /tmp/ccplaV3T.s:452    .text.chSemWaitS:00000000 $t
     /tmp/ccplaV3T.s:459    .text.chSemWaitS:00000000 chSemWaitS
     /tmp/ccplaV3T.s:574    .text.chSemWaitS:00000054 $d
     /tmp/ccplaV3T.s:1989   .rodata.__func__.5:00000000 __func__.5
     /tmp/ccplaV3T.s:580    .text.chSemWait:00000000 $t
     /tmp/ccplaV3T.s:587    .text.chSemWait:00000000 chSemWait
     /tmp/ccplaV3T.s:758    .text.chSemWait:00000048 $d
     /tmp/ccplaV3T.s:764    .text.chSemWaitTimeoutS:00000000 $t
     /tmp/ccplaV3T.s:771    .text.chSemWaitTimeoutS:00000000 chSemWaitTimeoutS
     /tmp/ccplaV3T.s:907    .text.chSemWaitTimeoutS:00000060 $d
     /tmp/ccplaV3T.s:1983   .rodata.__func__.4:00000000 __func__.4
     /tmp/ccplaV3T.s:913    .text.chSemWaitTimeout:00000000 $t
     /tmp/ccplaV3T.s:920    .text.chSemWaitTimeout:00000000 chSemWaitTimeout
     /tmp/ccplaV3T.s:1084   .text.chSemWaitTimeout:0000004c $d
     /tmp/ccplaV3T.s:1090   .text.chSemSignal:00000000 $t
     /tmp/ccplaV3T.s:1097   .text.chSemSignal:00000000 chSemSignal
     /tmp/ccplaV3T.s:1304   .text.chSemSignal:00000074 $d
     /tmp/ccplaV3T.s:1977   .rodata.__func__.3:00000000 __func__.3
     /tmp/ccplaV3T.s:1311   .text.chSemSignalI:00000000 $t
     /tmp/ccplaV3T.s:1318   .text.chSemSignalI:00000000 chSemSignalI
     /tmp/ccplaV3T.s:1441   .text.chSemSignalI:00000050 $d
     /tmp/ccplaV3T.s:1971   .rodata.__func__.2:00000000 __func__.2
     /tmp/ccplaV3T.s:1446   .text.chSemAddCounterI:00000000 $t
     /tmp/ccplaV3T.s:1453   .text.chSemAddCounterI:00000000 chSemAddCounterI
     /tmp/ccplaV3T.s:1627   .text.chSemAddCounterI:00000074 $d
     /tmp/ccplaV3T.s:1965   .rodata.__func__.1:00000000 __func__.1
     /tmp/ccplaV3T.s:1632   .text.chSemSignalWait:00000000 $t
     /tmp/ccplaV3T.s:1639   .text.chSemSignalWait:00000000 chSemSignalWait
     /tmp/ccplaV3T.s:1949   .text.chSemSignalWait:000000c8 $d
     /tmp/ccplaV3T.s:1959   .rodata.__func__.0:00000000 __func__.0
     /tmp/ccplaV3T.s:1956   .rodata.__func__.0:00000000 $d
     /tmp/ccplaV3T.s:1962   .rodata.__func__.1:00000000 $d
     /tmp/ccplaV3T.s:1968   .rodata.__func__.2:00000000 $d
     /tmp/ccplaV3T.s:1974   .rodata.__func__.3:00000000 $d
     /tmp/ccplaV3T.s:1980   .rodata.__func__.4:00000000 $d
     /tmp/ccplaV3T.s:1986   .rodata.__func__.5:00000000 $d
     /tmp/ccplaV3T.s:1992   .rodata.__func__.6:00000000 $d
     /tmp/ccplaV3T.s:1998   .rodata.__func__.7:00000000 $d
     /tmp/ccplaV3T.s:2004   .rodata.__func__.8:00000000 $d

UNDEFINED SYMBOLS
chSysHalt
chDbgCheckClassI
ARM GAS  /tmp/ccplaV3T.s 			page 135


queue_lifo_remove
chSchReadyI
_dbg_check_lock
chSchRescheduleS
_dbg_check_unlock
ch
chDbgCheckClassS
queue_insert
chSchGoSleepS
chSchGoSleepTimeoutS
queue_fifo_remove
chSchWakeupS
