ARM GAS  /tmp/cctmACj5.s 			page 1


   1              		.cpu cortex-m4
   2              		.arch armv7e-m
   3              		.fpu fpv4-sp-d16
   4              		.eabi_attribute 27, 1
   5              		.eabi_attribute 28, 1
   6              		.eabi_attribute 20, 1
   7              		.eabi_attribute 21, 1
   8              		.eabi_attribute 23, 3
   9              		.eabi_attribute 24, 1
  10              		.eabi_attribute 25, 1
  11              		.eabi_attribute 26, 1
  12              		.eabi_attribute 30, 2
  13              		.eabi_attribute 34, 1
  14              		.eabi_attribute 18, 4
  15              		.file	"chthreads.c"
  16              		.text
  17              	.Ltext0:
  18              		.cfi_sections	.debug_frame
  19              		.file 1 "../RC_Controller/ChibiOS_3.0.5/os/rt/src/chthreads.c"
  20              		.section	.text._thread_init,"ax",%progbits
  21              		.align	1
  22              		.p2align 4,,15
  23              		.global	_thread_init
  24              		.syntax unified
  25              		.thumb
  26              		.thumb_func
  27              		.type	_thread_init, %function
  28              	_thread_init:
  29              	.LVL0:
  30              	.LFB186:
  31              		.loc 1 91 52 view -0
  32              		.cfi_startproc
  33              		@ args = 0, pretend = 0, frame = 0
  34              		@ frame_needed = 0, uses_anonymous_args = 0
  35              		@ link register save eliminated.
  36              		.loc 1 93 3 view .LVU1
  37              		.loc 1 91 52 is_stmt 0 view .LVU2
  38 0000 30B4     		push	{r4, r5}
  39              		.cfi_def_cfa_offset 8
  40              		.cfi_offset 4, -8
  41              		.cfi_offset 5, -4
  42              		.loc 1 114 3 view .LVU3
  43 0002 084A     		ldr	r2, .L4
  44              		.loc 1 93 14 view .LVU4
  45 0004 8160     		str	r1, [r0, #8]
  46              		.loc 1 94 3 is_stmt 1 view .LVU5
  47              		.loc 1 95 3 view .LVU6
  48              		.loc 1 94 15 is_stmt 0 view .LVU7
  49 0006 0224     		movs	r4, #2
  50 0008 8483     		strh	r4, [r0, #28]	@ movhi
  51              		.loc 1 97 3 is_stmt 1 view .LVU8
  52              		.loc 1 97 17 is_stmt 0 view .LVU9
  53 000a 0A24     		movs	r4, #10
  54 000c 8477     		strb	r4, [r0, #30]
  55              		.loc 1 100 3 is_stmt 1 view .LVU10
  56              		.loc 1 114 3 is_stmt 0 view .LVU11
  57 000e 5469     		ldr	r4, [r2, #20]
ARM GAS  /tmp/cctmACj5.s 			page 2


  58 0010 4461     		str	r4, [r0, #20]
  59              		.loc 1 101 17 view .LVU12
  60 0012 0025     		movs	r5, #0
  61 0014 C0E90951 		strd	r5, r1, [r0, #36]
  62              		.loc 1 113 3 is_stmt 1 view .LVU13
  63              		.loc 1 114 3 is_stmt 0 view .LVU14
  64 0018 0261     		str	r2, [r0, #16]
  65              		.loc 1 113 14 view .LVU15
  66 001a 8561     		str	r5, [r0, #24]
  67              		.loc 1 114 3 is_stmt 1 view .LVU16
  68              		.loc 1 114 3 view .LVU17
  69              		.loc 1 114 3 view .LVU18
  70 001c 2061     		str	r0, [r4, #16]
  71              		.loc 1 114 3 view .LVU19
  72              		.loc 1 133 1 is_stmt 0 view .LVU20
  73 001e 30BC     		pop	{r4, r5}
  74              		.cfi_restore 5
  75              		.cfi_restore 4
  76              		.cfi_def_cfa_offset 0
  77              		.loc 1 114 3 view .LVU21
  78 0020 5061     		str	r0, [r2, #20]
  79              		.loc 1 114 17 is_stmt 1 view .LVU22
  80              		.loc 1 132 3 view .LVU23
  81              		.loc 1 133 1 is_stmt 0 view .LVU24
  82 0022 7047     		bx	lr
  83              	.L5:
  84              		.align	2
  85              	.L4:
  86 0024 00000000 		.word	ch
  87              		.cfi_endproc
  88              	.LFE186:
  89              		.size	_thread_init, .-_thread_init
  90              		.section	.text.chThdCreateI,"ax",%progbits
  91              		.align	1
  92              		.p2align 4,,15
  93              		.global	chThdCreateI
  94              		.syntax unified
  95              		.thumb
  96              		.thumb_func
  97              		.type	chThdCreateI, %function
  98              	chThdCreateI:
  99              	.LVL1:
 100              	.LFB187:
 101              		.loc 1 178 61 is_stmt 1 view -0
 102              		.cfi_startproc
 103              		@ args = 4, pretend = 0, frame = 0
 104              		@ frame_needed = 0, uses_anonymous_args = 0
 105              		.loc 1 181 3 view .LVU26
 106              		.loc 1 178 61 is_stmt 0 view .LVU27
 107 0000 F8B5     		push	{r3, r4, r5, r6, r7, lr}
 108              		.cfi_def_cfa_offset 24
 109              		.cfi_offset 3, -24
 110              		.cfi_offset 4, -20
 111              		.cfi_offset 5, -16
 112              		.cfi_offset 6, -12
 113              		.cfi_offset 7, -8
 114              		.cfi_offset 14, -4
ARM GAS  /tmp/cctmACj5.s 			page 3


 115              		.loc 1 178 61 view .LVU28
 116 0002 0446     		mov	r4, r0
 117              	.LVL2:
 118              		.loc 1 183 3 is_stmt 1 view .LVU29
 119              		.loc 1 178 61 is_stmt 0 view .LVU30
 120 0004 0D46     		mov	r5, r1
 121 0006 1646     		mov	r6, r2
 122 0008 1F46     		mov	r7, r3
 123              		.loc 1 183 3 view .LVU31
 124 000a FFF7FEFF 		bl	chDbgCheckClassI
 125              	.LVL3:
 126              		.loc 1 184 3 is_stmt 1 view .LVU32
 127              		.loc 1 184 3 view .LVU33
 128              		.loc 1 184 3 discriminator 1 view .LVU34
 129 000e 14B1     		cbz	r4, .L7
 130              		.loc 1 184 3 is_stmt 0 discriminator 4 view .LVU35
 131 0010 B5F59C7F 		cmp	r5, #312
 132 0014 1CD2     		bcs	.L13
 133              	.L7:
 134              		.loc 1 184 3 is_stmt 1 discriminator 9 view .LVU36
 135 0016 1148     		ldr	r0, .L14
 136 0018 FFF7FEFF 		bl	chSysHalt
 137              	.LVL4:
 138              	.L8:
 139              		.loc 1 184 3 discriminator 11 view .LVU37
 140              		.loc 1 187 3 view .LVU38
 141 001c A5F16401 		sub	r1, r5, #100
 142 0020 2144     		add	r1, r1, r4
 143 0022 0F4A     		ldr	r2, .L14+4
 144 0024 E160     		str	r1, [r4, #12]
 145              		.loc 1 187 3 view .LVU39
 146              	.LBB84:
 147              	.LBB85:
 148              		.loc 1 114 3 is_stmt 0 view .LVU40
 149 0026 0F4B     		ldr	r3, .L14+8
 150              	.LBE85:
 151              	.LBE84:
 152              		.loc 1 187 3 view .LVU41
 153 0028 0A66     		str	r2, [r1, #96]
 154 002a 069A     		ldr	r2, [sp, #24]
 155 002c 4A64     		str	r2, [r1, #68]
 156 002e 0F64     		str	r7, [r1, #64]
 157              		.loc 1 187 3 is_stmt 1 view .LVU42
 158              		.loc 1 187 3 view .LVU43
 159              		.loc 1 187 45 view .LVU44
 160              		.loc 1 189 3 view .LVU45
 161              	.LVL5:
 162              	.LBB88:
 163              	.LBI84:
 164              		.loc 1 91 11 view .LVU46
 165              	.LBB86:
 166              		.loc 1 93 3 view .LVU47
 167              		.loc 1 94 15 is_stmt 0 view .LVU48
 168 0030 0221     		movs	r1, #2
 169              		.loc 1 114 3 view .LVU49
 170 0032 5A69     		ldr	r2, [r3, #20]
 171              		.loc 1 94 15 view .LVU50
ARM GAS  /tmp/cctmACj5.s 			page 4


 172 0034 A183     		strh	r1, [r4, #28]	@ movhi
 173              		.loc 1 97 17 view .LVU51
 174 0036 0A21     		movs	r1, #10
 175              		.loc 1 101 17 view .LVU52
 176 0038 0020     		movs	r0, #0
 177              		.loc 1 97 17 view .LVU53
 178 003a A177     		strb	r1, [r4, #30]
 179              		.loc 1 114 3 view .LVU54
 180 003c C4E90432 		strd	r3, r2, [r4, #16]
 181              		.loc 1 93 14 view .LVU55
 182 0040 A660     		str	r6, [r4, #8]
 183              		.loc 1 94 3 is_stmt 1 view .LVU56
 184              		.loc 1 95 3 view .LVU57
 185              		.loc 1 97 3 view .LVU58
 186              		.loc 1 100 3 view .LVU59
 187              		.loc 1 101 3 view .LVU60
 188              		.loc 1 113 3 view .LVU61
 189              		.loc 1 114 3 view .LVU62
 190              		.loc 1 114 3 view .LVU63
 191              		.loc 1 114 3 view .LVU64
 192              		.loc 1 101 17 is_stmt 0 view .LVU65
 193 0042 6062     		str	r0, [r4, #36]
 194              		.loc 1 113 14 view .LVU66
 195 0044 A061     		str	r0, [r4, #24]
 196              		.loc 1 100 18 view .LVU67
 197 0046 A662     		str	r6, [r4, #40]
 198              	.LBE86:
 199              	.LBE88:
 200              		.loc 1 190 1 view .LVU68
 201 0048 2046     		mov	r0, r4
 202              	.LBB89:
 203              	.LBB87:
 204              		.loc 1 114 3 view .LVU69
 205 004a 1461     		str	r4, [r2, #16]
 206              		.loc 1 114 3 is_stmt 1 view .LVU70
 207 004c 5C61     		str	r4, [r3, #20]
 208              		.loc 1 114 17 view .LVU71
 209              		.loc 1 132 3 view .LVU72
 210              	.LVL6:
 211              		.loc 1 132 3 is_stmt 0 view .LVU73
 212              	.LBE87:
 213              	.LBE89:
 214              		.loc 1 190 1 view .LVU74
 215 004e F8BD     		pop	{r3, r4, r5, r6, r7, pc}
 216              	.LVL7:
 217              	.L13:
 218              		.loc 1 184 3 discriminator 6 view .LVU75
 219 0050 7F2E     		cmp	r6, #127
 220 0052 E0D8     		bhi	.L7
 221              		.loc 1 184 3 discriminator 8 view .LVU76
 222 0054 002F     		cmp	r7, #0
 223 0056 E1D1     		bne	.L8
 224 0058 DDE7     		b	.L7
 225              	.L15:
 226 005a 00BF     		.align	2
 227              	.L14:
 228 005c 00000000 		.word	__func__.10
ARM GAS  /tmp/cctmACj5.s 			page 5


 229 0060 00000000 		.word	_port_thread_start
 230 0064 00000000 		.word	ch
 231              		.cfi_endproc
 232              	.LFE187:
 233              		.size	chThdCreateI, .-chThdCreateI
 234              		.section	.text.chThdCreateStatic,"ax",%progbits
 235              		.align	1
 236              		.p2align 4,,15
 237              		.global	chThdCreateStatic
 238              		.syntax unified
 239              		.thumb
 240              		.thumb_func
 241              		.type	chThdCreateStatic, %function
 242              	chThdCreateStatic:
 243              	.LVL8:
 244              	.LFB188:
 245              		.loc 1 209 66 is_stmt 1 view -0
 246              		.cfi_startproc
 247              		@ args = 4, pretend = 0, frame = 0
 248              		@ frame_needed = 0, uses_anonymous_args = 0
 249              		.loc 1 210 3 view .LVU78
 250              		.loc 1 221 3 view .LVU79
 251              	.LBB100:
 252              	.LBI100:
 253              		.file 2 "../RC_Controller/ChibiOS_3.0.5/os/rt/include/chsys.h"
 254              		.loc 2 346 20 view .LVU80
 255              	.LBB101:
 256              		.loc 2 348 3 view .LVU81
 257              	.LBB102:
 258              	.LBI102:
 259              		.file 3 "../RC_Controller/ChibiOS_3.0.5/os/rt/ports/ARMCMx/chcore_v7m.h"
 260              		.loc 3 444 20 view .LVU82
 261              		.loc 3 447 3 view .LVU83
 262              	.LBB103:
 263              	.LBI103:
 264              		.file 4 "../RC_Controller/ChibiOS_3.0.5/os/ext/CMSIS/include/core_cmFunc.h"
 265              		.loc 4 544 57 view .LVU84
 266              	.LBB104:
 267              		.loc 4 546 3 view .LVU85
 268              	.LBE104:
 269              	.LBE103:
 270              	.LBE102:
 271              	.LBE101:
 272              	.LBE100:
 273              		.loc 1 209 66 is_stmt 0 view .LVU86
 274 0000 F0B5     		push	{r4, r5, r6, r7, lr}
 275              		.cfi_def_cfa_offset 20
 276              		.cfi_offset 4, -20
 277              		.cfi_offset 5, -16
 278              		.cfi_offset 6, -12
 279              		.cfi_offset 7, -8
 280              		.cfi_offset 14, -4
 281 0002 1F46     		mov	r7, r3
 282 0004 83B0     		sub	sp, sp, #12
 283              		.cfi_def_cfa_offset 32
 284              		.loc 1 209 66 view .LVU87
 285 0006 0446     		mov	r4, r0
ARM GAS  /tmp/cctmACj5.s 			page 6


 286 0008 0D46     		mov	r5, r1
 287 000a 1646     		mov	r6, r2
 288              	.LBB109:
 289              	.LBB108:
 290              	.LBB107:
 291              	.LBB106:
 292              	.LBB105:
 293              		.loc 4 546 3 view .LVU88
 294 000c 2023     		movs	r3, #32
 295              	.LVL9:
 296              		.loc 4 546 3 view .LVU89
 297              		.syntax unified
 298              	@ 546 "../RC_Controller/ChibiOS_3.0.5/os/ext/CMSIS/include/core_cmFunc.h" 1
 299 000e 83F31188 		MSR basepri, r3
 300              	@ 0 "" 2
 301              	.LVL10:
 302              		.loc 4 546 3 view .LVU90
 303              		.thumb
 304              		.syntax unified
 305              	.LBE105:
 306              	.LBE106:
 307              	.LBE107:
 308              		.loc 2 349 34 is_stmt 1 view .LVU91
 309              		.loc 2 350 3 view .LVU92
 310 0012 FFF7FEFF 		bl	_dbg_check_lock
 311              	.LVL11:
 312              		.loc 2 350 3 is_stmt 0 view .LVU93
 313              	.LBE108:
 314              	.LBE109:
 315              		.loc 1 222 3 is_stmt 1 view .LVU94
 316              		.loc 1 222 8 is_stmt 0 view .LVU95
 317 0016 089B     		ldr	r3, [sp, #32]
 318 0018 0093     		str	r3, [sp]
 319 001a 3246     		mov	r2, r6
 320 001c 3B46     		mov	r3, r7
 321 001e 2946     		mov	r1, r5
 322 0020 2046     		mov	r0, r4
 323 0022 FFF7FEFF 		bl	chThdCreateI
 324              	.LVL12:
 325              		.loc 1 223 3 view .LVU96
 326 0026 0021     		movs	r1, #0
 327              		.loc 1 222 8 view .LVU97
 328 0028 0446     		mov	r4, r0
 329              	.LVL13:
 330              		.loc 1 223 3 is_stmt 1 view .LVU98
 331 002a FFF7FEFF 		bl	chSchWakeupS
 332              	.LVL14:
 333              		.loc 1 224 3 view .LVU99
 334              	.LBB110:
 335              	.LBI110:
 336              		.loc 2 358 20 view .LVU100
 337              	.LBB111:
 338              		.loc 2 360 3 view .LVU101
 339 002e FFF7FEFF 		bl	_dbg_check_unlock
 340              	.LVL15:
 341              		.loc 2 361 33 view .LVU102
 342              		.loc 2 367 3 view .LVU103
ARM GAS  /tmp/cctmACj5.s 			page 7


 343              		.loc 2 367 3 view .LVU104
 344              		.loc 2 367 3 discriminator 1 view .LVU105
 345 0032 0C4B     		ldr	r3, .L20
 346 0034 1A68     		ldr	r2, [r3]
 347 0036 9A42     		cmp	r2, r3
 348 0038 04D0     		beq	.L17
 349              		.loc 2 367 3 is_stmt 0 discriminator 3 view .LVU106
 350 003a 9969     		ldr	r1, [r3, #24]
 351 003c 9368     		ldr	r3, [r2, #8]
 352 003e 8A68     		ldr	r2, [r1, #8]
 353 0040 9A42     		cmp	r2, r3
 354 0042 05D3     		bcc	.L19
 355              	.L17:
 356              		.loc 2 367 3 is_stmt 1 discriminator 7 view .LVU107
 357              		.loc 2 371 3 view .LVU108
 358              	.LBB112:
 359              	.LBI112:
 360              		.loc 3 458 20 view .LVU109
 361              		.loc 3 461 3 view .LVU110
 362              	.LVL16:
 363              	.LBB113:
 364              	.LBI113:
 365              		.loc 4 544 57 view .LVU111
 366              	.LBB114:
 367              		.loc 4 546 3 view .LVU112
 368 0044 0023     		movs	r3, #0
 369              		.syntax unified
 370              	@ 546 "../RC_Controller/ChibiOS_3.0.5/os/ext/CMSIS/include/core_cmFunc.h" 1
 371 0046 83F31188 		MSR basepri, r3
 372              	@ 0 "" 2
 373              	.LVL17:
 374              		.loc 4 546 3 is_stmt 0 view .LVU113
 375              		.thumb
 376              		.syntax unified
 377              	.LBE114:
 378              	.LBE113:
 379              	.LBE112:
 380              	.LBE111:
 381              	.LBE110:
 382              		.loc 1 226 3 is_stmt 1 view .LVU114
 383              		.loc 1 227 1 is_stmt 0 view .LVU115
 384 004a 2046     		mov	r0, r4
 385 004c 03B0     		add	sp, sp, #12
 386              		.cfi_remember_state
 387              		.cfi_def_cfa_offset 20
 388              		@ sp needed
 389 004e F0BD     		pop	{r4, r5, r6, r7, pc}
 390              	.LVL18:
 391              	.L19:
 392              		.cfi_restore_state
 393              	.LBB119:
 394              	.LBB118:
 395              		.loc 2 367 3 is_stmt 1 discriminator 5 view .LVU116
 396 0050 0548     		ldr	r0, .L20+4
 397 0052 FFF7FEFF 		bl	chSysHalt
 398              	.LVL19:
 399              		.loc 2 367 3 discriminator 7 view .LVU117
ARM GAS  /tmp/cctmACj5.s 			page 8


 400              		.loc 2 371 3 view .LVU118
 401              	.LBB117:
 402              		.loc 3 458 20 view .LVU119
 403              		.loc 3 461 3 view .LVU120
 404              	.LBB116:
 405              		.loc 4 544 57 view .LVU121
 406              	.LBB115:
 407              		.loc 4 546 3 view .LVU122
 408 0056 0023     		movs	r3, #0
 409              		.syntax unified
 410              	@ 546 "../RC_Controller/ChibiOS_3.0.5/os/ext/CMSIS/include/core_cmFunc.h" 1
 411 0058 83F31188 		MSR basepri, r3
 412              	@ 0 "" 2
 413              	.LVL20:
 414              		.loc 4 546 3 is_stmt 0 view .LVU123
 415              		.thumb
 416              		.syntax unified
 417              	.LBE115:
 418              	.LBE116:
 419              	.LBE117:
 420              	.LBE118:
 421              	.LBE119:
 422              		.loc 1 226 3 is_stmt 1 view .LVU124
 423              		.loc 1 227 1 is_stmt 0 view .LVU125
 424 005c 2046     		mov	r0, r4
 425 005e 03B0     		add	sp, sp, #12
 426              		.cfi_def_cfa_offset 20
 427              		@ sp needed
 428 0060 F0BD     		pop	{r4, r5, r6, r7, pc}
 429              	.LVL21:
 430              	.L21:
 431              		.loc 1 227 1 view .LVU126
 432 0062 00BF     		.align	2
 433              	.L20:
 434 0064 00000000 		.word	ch
 435 0068 00000000 		.word	__func__.9
 436              		.cfi_endproc
 437              	.LFE188:
 438              		.size	chThdCreateStatic, .-chThdCreateStatic
 439              		.section	.text.chThdStart,"ax",%progbits
 440              		.align	1
 441              		.p2align 4,,15
 442              		.global	chThdStart
 443              		.syntax unified
 444              		.thumb
 445              		.thumb_func
 446              		.type	chThdStart, %function
 447              	chThdStart:
 448              	.LVL22:
 449              	.LFB189:
 450              		.loc 1 238 36 is_stmt 1 view -0
 451              		.cfi_startproc
 452              		@ args = 0, pretend = 0, frame = 0
 453              		@ frame_needed = 0, uses_anonymous_args = 0
 454              		.loc 1 240 3 view .LVU128
 455              	.LBB132:
 456              	.LBI132:
ARM GAS  /tmp/cctmACj5.s 			page 9


 457              		.loc 2 346 20 view .LVU129
 458              	.LBB133:
 459              		.loc 2 348 3 view .LVU130
 460              	.LBB134:
 461              	.LBI134:
 462              		.loc 3 444 20 view .LVU131
 463              		.loc 3 447 3 view .LVU132
 464              	.LBB135:
 465              	.LBI135:
 466              		.loc 4 544 57 view .LVU133
 467              	.LBB136:
 468              		.loc 4 546 3 view .LVU134
 469              	.LBE136:
 470              	.LBE135:
 471              	.LBE134:
 472              	.LBE133:
 473              	.LBE132:
 474              		.loc 1 238 36 is_stmt 0 view .LVU135
 475 0000 10B5     		push	{r4, lr}
 476              		.cfi_def_cfa_offset 8
 477              		.cfi_offset 4, -8
 478              		.cfi_offset 14, -4
 479              	.LBB145:
 480              	.LBB143:
 481              	.LBB141:
 482              	.LBB139:
 483              	.LBB137:
 484              		.loc 4 546 3 view .LVU136
 485 0002 2023     		movs	r3, #32
 486              	.LBE137:
 487              	.LBE139:
 488              	.LBE141:
 489              	.LBE143:
 490              	.LBE145:
 491              		.loc 1 238 36 view .LVU137
 492 0004 0446     		mov	r4, r0
 493              	.LBB146:
 494              	.LBB144:
 495              	.LBB142:
 496              	.LBB140:
 497              	.LBB138:
 498              		.loc 4 546 3 view .LVU138
 499              		.syntax unified
 500              	@ 546 "../RC_Controller/ChibiOS_3.0.5/os/ext/CMSIS/include/core_cmFunc.h" 1
 501 0006 83F31188 		MSR basepri, r3
 502              	@ 0 "" 2
 503              	.LVL23:
 504              		.loc 4 546 3 view .LVU139
 505              		.thumb
 506              		.syntax unified
 507              	.LBE138:
 508              	.LBE140:
 509              	.LBE142:
 510              		.loc 2 349 34 is_stmt 1 view .LVU140
 511              		.loc 2 350 3 view .LVU141
 512 000a FFF7FEFF 		bl	_dbg_check_lock
 513              	.LVL24:
ARM GAS  /tmp/cctmACj5.s 			page 10


 514              		.loc 2 350 3 is_stmt 0 view .LVU142
 515              	.LBE144:
 516              	.LBE146:
 517              		.loc 1 241 3 is_stmt 1 view .LVU143
 518              	.LBB147:
 519              	.LBI147:
 520              		.file 5 "../RC_Controller/ChibiOS_3.0.5/os/rt/include/chthreads.h"
 521              		.loc 5 245 25 view .LVU144
 522              	.LBB148:
 523              		.loc 5 247 3 view .LVU145
 524              		.loc 5 247 3 view .LVU146
 525              		.loc 5 247 3 discriminator 1 view .LVU147
 526 000e 237F     		ldrb	r3, [r4, #28]	@ zero_extendqisi2
 527 0010 022B     		cmp	r3, #2
 528 0012 02D0     		beq	.L23
 529              		.loc 5 247 3 discriminator 3 view .LVU148
 530 0014 0F48     		ldr	r0, .L30
 531 0016 FFF7FEFF 		bl	chSysHalt
 532              	.LVL25:
 533              	.L23:
 534              		.loc 5 247 3 discriminator 5 view .LVU149
 535              		.loc 5 249 3 view .LVU150
 536              		.loc 5 249 10 is_stmt 0 view .LVU151
 537 001a 2046     		mov	r0, r4
 538 001c FFF7FEFF 		bl	chSchReadyI
 539              	.LVL26:
 540 0020 0446     		mov	r4, r0
 541              	.LVL27:
 542              		.loc 5 249 10 view .LVU152
 543              	.LBE148:
 544              	.LBE147:
 545              		.loc 1 242 3 is_stmt 1 view .LVU153
 546              	.LBB149:
 547              	.LBI149:
 548              		.loc 2 358 20 view .LVU154
 549              	.LBB150:
 550              		.loc 2 360 3 view .LVU155
 551 0022 FFF7FEFF 		bl	_dbg_check_unlock
 552              	.LVL28:
 553              		.loc 2 361 33 view .LVU156
 554              		.loc 2 367 3 view .LVU157
 555              		.loc 2 367 3 view .LVU158
 556              		.loc 2 367 3 discriminator 1 view .LVU159
 557 0026 0C4B     		ldr	r3, .L30+4
 558 0028 1A68     		ldr	r2, [r3]
 559 002a 9A42     		cmp	r2, r3
 560 002c 04D0     		beq	.L24
 561              		.loc 2 367 3 is_stmt 0 discriminator 3 view .LVU160
 562 002e 9969     		ldr	r1, [r3, #24]
 563 0030 9368     		ldr	r3, [r2, #8]
 564 0032 8A68     		ldr	r2, [r1, #8]
 565 0034 9A42     		cmp	r2, r3
 566 0036 04D3     		bcc	.L29
 567              	.L24:
 568              		.loc 2 367 3 is_stmt 1 discriminator 7 view .LVU161
 569              		.loc 2 371 3 view .LVU162
 570              	.LBB151:
ARM GAS  /tmp/cctmACj5.s 			page 11


 571              	.LBI151:
 572              		.loc 3 458 20 view .LVU163
 573              		.loc 3 461 3 view .LVU164
 574              	.LVL29:
 575              	.LBB152:
 576              	.LBI152:
 577              		.loc 4 544 57 view .LVU165
 578              	.LBB153:
 579              		.loc 4 546 3 view .LVU166
 580 0038 0023     		movs	r3, #0
 581              		.syntax unified
 582              	@ 546 "../RC_Controller/ChibiOS_3.0.5/os/ext/CMSIS/include/core_cmFunc.h" 1
 583 003a 83F31188 		MSR basepri, r3
 584              	@ 0 "" 2
 585              	.LVL30:
 586              		.loc 4 546 3 is_stmt 0 view .LVU167
 587              		.thumb
 588              		.syntax unified
 589              	.LBE153:
 590              	.LBE152:
 591              	.LBE151:
 592              	.LBE150:
 593              	.LBE149:
 594              		.loc 1 244 3 is_stmt 1 view .LVU168
 595              		.loc 1 245 1 is_stmt 0 view .LVU169
 596 003e 2046     		mov	r0, r4
 597 0040 10BD     		pop	{r4, pc}
 598              	.LVL31:
 599              	.L29:
 600              	.LBB158:
 601              	.LBB157:
 602              		.loc 2 367 3 is_stmt 1 discriminator 5 view .LVU170
 603 0042 0648     		ldr	r0, .L30+8
 604 0044 FFF7FEFF 		bl	chSysHalt
 605              	.LVL32:
 606              		.loc 2 367 3 discriminator 7 view .LVU171
 607              		.loc 2 371 3 view .LVU172
 608              	.LBB156:
 609              		.loc 3 458 20 view .LVU173
 610              		.loc 3 461 3 view .LVU174
 611              	.LBB155:
 612              		.loc 4 544 57 view .LVU175
 613              	.LBB154:
 614              		.loc 4 546 3 view .LVU176
 615 0048 0023     		movs	r3, #0
 616              		.syntax unified
 617              	@ 546 "../RC_Controller/ChibiOS_3.0.5/os/ext/CMSIS/include/core_cmFunc.h" 1
 618 004a 83F31188 		MSR basepri, r3
 619              	@ 0 "" 2
 620              	.LVL33:
 621              		.loc 4 546 3 is_stmt 0 view .LVU177
 622              		.thumb
 623              		.syntax unified
 624              	.LBE154:
 625              	.LBE155:
 626              	.LBE156:
 627              	.LBE157:
ARM GAS  /tmp/cctmACj5.s 			page 12


 628              	.LBE158:
 629              		.loc 1 244 3 is_stmt 1 view .LVU178
 630              		.loc 1 245 1 is_stmt 0 view .LVU179
 631 004e 2046     		mov	r0, r4
 632 0050 10BD     		pop	{r4, pc}
 633              	.LVL34:
 634              	.L31:
 635              		.loc 1 245 1 view .LVU180
 636 0052 00BF     		.align	2
 637              	.L30:
 638 0054 00000000 		.word	__func__.8
 639 0058 00000000 		.word	ch
 640 005c 00000000 		.word	__func__.9
 641              		.cfi_endproc
 642              	.LFE189:
 643              		.size	chThdStart, .-chThdStart
 644              		.section	.text.chThdSetPriority,"ax",%progbits
 645              		.align	1
 646              		.p2align 4,,15
 647              		.global	chThdSetPriority
 648              		.syntax unified
 649              		.thumb
 650              		.thumb_func
 651              		.type	chThdSetPriority, %function
 652              	chThdSetPriority:
 653              	.LVL35:
 654              	.LFB190:
 655              		.loc 1 259 43 is_stmt 1 view -0
 656              		.cfi_startproc
 657              		@ args = 0, pretend = 0, frame = 0
 658              		@ frame_needed = 0, uses_anonymous_args = 0
 659              		.loc 1 260 3 view .LVU182
 660              		.loc 1 262 3 view .LVU183
 661              		.loc 1 262 3 view .LVU184
 662              		.loc 1 262 3 discriminator 1 view .LVU185
 663 0000 7F28     		cmp	r0, #127
 664              		.loc 1 259 43 is_stmt 0 view .LVU186
 665 0002 70B5     		push	{r4, r5, r6, lr}
 666              		.cfi_def_cfa_offset 16
 667              		.cfi_offset 4, -16
 668              		.cfi_offset 5, -12
 669              		.cfi_offset 6, -8
 670              		.cfi_offset 14, -4
 671              		.loc 1 259 43 view .LVU187
 672 0004 0446     		mov	r4, r0
 673              		.loc 1 262 3 discriminator 1 view .LVU188
 674 0006 28D8     		bhi	.L38
 675              	.LVL36:
 676              	.L33:
 677              		.loc 1 262 3 is_stmt 1 discriminator 5 view .LVU189
 678              		.loc 1 264 3 view .LVU190
 679              	.LBB169:
 680              	.LBI169:
 681              		.loc 2 346 20 view .LVU191
 682              	.LBB170:
 683              		.loc 2 348 3 view .LVU192
 684              	.LBB171:
ARM GAS  /tmp/cctmACj5.s 			page 13


 685              	.LBI171:
 686              		.loc 3 444 20 view .LVU193
 687              		.loc 3 447 3 view .LVU194
 688              	.LBB172:
 689              	.LBI172:
 690              		.loc 4 544 57 view .LVU195
 691              	.LBB173:
 692              		.loc 4 546 3 view .LVU196
 693 0008 2023     		movs	r3, #32
 694              		.syntax unified
 695              	@ 546 "../RC_Controller/ChibiOS_3.0.5/os/ext/CMSIS/include/core_cmFunc.h" 1
 696 000a 83F31188 		MSR basepri, r3
 697              	@ 0 "" 2
 698              	.LVL37:
 699              		.loc 4 546 3 is_stmt 0 view .LVU197
 700              		.thumb
 701              		.syntax unified
 702              	.LBE173:
 703              	.LBE172:
 704              	.LBE171:
 705              		.loc 2 349 34 is_stmt 1 view .LVU198
 706              		.loc 2 350 3 view .LVU199
 707              	.LBE170:
 708              	.LBE169:
 709              		.loc 1 266 13 is_stmt 0 view .LVU200
 710 000e 154D     		ldr	r5, .L40
 711              	.LBB175:
 712              	.LBB174:
 713              		.loc 2 350 3 view .LVU201
 714 0010 FFF7FEFF 		bl	_dbg_check_lock
 715              	.LVL38:
 716              	.LBE174:
 717              	.LBE175:
 718              		.loc 1 266 3 is_stmt 1 view .LVU202
 719              		.loc 1 266 13 is_stmt 0 view .LVU203
 720 0014 AB69     		ldr	r3, [r5, #24]
 721              		.loc 1 266 11 view .LVU204
 722 0016 9E6A     		ldr	r6, [r3, #40]
 723              	.LVL39:
 724              		.loc 1 267 3 is_stmt 1 view .LVU205
 725              		.loc 1 267 13 is_stmt 0 view .LVU206
 726 0018 9A68     		ldr	r2, [r3, #8]
 727              		.loc 1 267 6 view .LVU207
 728 001a B242     		cmp	r2, r6
 729 001c 13D0     		beq	.L34
 730              		.loc 1 267 44 discriminator 1 view .LVU208
 731 001e A242     		cmp	r2, r4
 732 0020 11D3     		bcc	.L34
 733              	.L35:
 734              		.loc 1 270 3 is_stmt 1 view .LVU209
 735              		.loc 1 270 21 is_stmt 0 view .LVU210
 736 0022 9C62     		str	r4, [r3, #40]
 737              		.loc 1 275 3 is_stmt 1 view .LVU211
 738 0024 FFF7FEFF 		bl	chSchRescheduleS
 739              	.LVL40:
 740              		.loc 1 276 3 view .LVU212
 741              	.LBB176:
ARM GAS  /tmp/cctmACj5.s 			page 14


 742              	.LBI176:
 743              		.loc 2 358 20 view .LVU213
 744              	.LBB177:
 745              		.loc 2 360 3 view .LVU214
 746 0028 FFF7FEFF 		bl	_dbg_check_unlock
 747              	.LVL41:
 748              		.loc 2 361 33 view .LVU215
 749              		.loc 2 367 3 view .LVU216
 750              		.loc 2 367 3 view .LVU217
 751              		.loc 2 367 3 discriminator 1 view .LVU218
 752 002c 2B68     		ldr	r3, [r5]
 753 002e AB42     		cmp	r3, r5
 754 0030 04D0     		beq	.L36
 755              		.loc 2 367 3 is_stmt 0 discriminator 3 view .LVU219
 756 0032 AA69     		ldr	r2, [r5, #24]
 757 0034 9B68     		ldr	r3, [r3, #8]
 758 0036 9268     		ldr	r2, [r2, #8]
 759 0038 9A42     		cmp	r2, r3
 760 003a 06D3     		bcc	.L39
 761              	.L36:
 762              		.loc 2 367 3 is_stmt 1 discriminator 7 view .LVU220
 763              		.loc 2 371 3 view .LVU221
 764              	.LBB178:
 765              	.LBI178:
 766              		.loc 3 458 20 view .LVU222
 767              		.loc 3 461 3 view .LVU223
 768              	.LVL42:
 769              	.LBB179:
 770              	.LBI179:
 771              		.loc 4 544 57 view .LVU224
 772              	.LBB180:
 773              		.loc 4 546 3 view .LVU225
 774 003c 0023     		movs	r3, #0
 775              		.syntax unified
 776              	@ 546 "../RC_Controller/ChibiOS_3.0.5/os/ext/CMSIS/include/core_cmFunc.h" 1
 777 003e 83F31188 		MSR basepri, r3
 778              	@ 0 "" 2
 779              	.LVL43:
 780              		.loc 4 546 3 is_stmt 0 view .LVU226
 781              		.thumb
 782              		.syntax unified
 783              	.LBE180:
 784              	.LBE179:
 785              	.LBE178:
 786              	.LBE177:
 787              	.LBE176:
 788              		.loc 1 278 3 is_stmt 1 view .LVU227
 789              		.loc 1 279 1 is_stmt 0 view .LVU228
 790 0042 3046     		mov	r0, r6
 791 0044 70BD     		pop	{r4, r5, r6, pc}
 792              	.LVL44:
 793              	.L34:
 794              		.loc 1 268 5 is_stmt 1 view .LVU229
 795              		.loc 1 268 19 is_stmt 0 view .LVU230
 796 0046 9C60     		str	r4, [r3, #8]
 797 0048 EBE7     		b	.L35
 798              	.L39:
ARM GAS  /tmp/cctmACj5.s 			page 15


 799              	.LBB185:
 800              	.LBB184:
 801              		.loc 2 367 3 is_stmt 1 discriminator 5 view .LVU231
 802 004a 0748     		ldr	r0, .L40+4
 803 004c FFF7FEFF 		bl	chSysHalt
 804              	.LVL45:
 805              		.loc 2 367 3 discriminator 7 view .LVU232
 806              		.loc 2 371 3 view .LVU233
 807              	.LBB183:
 808              		.loc 3 458 20 view .LVU234
 809              		.loc 3 461 3 view .LVU235
 810              	.LBB182:
 811              		.loc 4 544 57 view .LVU236
 812              	.LBB181:
 813              		.loc 4 546 3 view .LVU237
 814 0050 0023     		movs	r3, #0
 815              		.syntax unified
 816              	@ 546 "../RC_Controller/ChibiOS_3.0.5/os/ext/CMSIS/include/core_cmFunc.h" 1
 817 0052 83F31188 		MSR basepri, r3
 818              	@ 0 "" 2
 819              	.LVL46:
 820              		.loc 4 546 3 is_stmt 0 view .LVU238
 821              		.thumb
 822              		.syntax unified
 823              	.LBE181:
 824              	.LBE182:
 825              	.LBE183:
 826              	.LBE184:
 827              	.LBE185:
 828              		.loc 1 278 3 is_stmt 1 view .LVU239
 829              		.loc 1 279 1 is_stmt 0 view .LVU240
 830 0056 3046     		mov	r0, r6
 831 0058 70BD     		pop	{r4, r5, r6, pc}
 832              	.LVL47:
 833              	.L38:
 834              		.loc 1 262 3 is_stmt 1 discriminator 3 view .LVU241
 835 005a 0448     		ldr	r0, .L40+8
 836              	.LVL48:
 837              		.loc 1 262 3 is_stmt 0 discriminator 3 view .LVU242
 838 005c FFF7FEFF 		bl	chSysHalt
 839              	.LVL49:
 840 0060 D2E7     		b	.L33
 841              	.L41:
 842 0062 00BF     		.align	2
 843              	.L40:
 844 0064 00000000 		.word	ch
 845 0068 00000000 		.word	__func__.9
 846 006c 00000000 		.word	__func__.7
 847              		.cfi_endproc
 848              	.LFE190:
 849              		.size	chThdSetPriority, .-chThdSetPriority
 850              		.section	.text.chThdTerminate,"ax",%progbits
 851              		.align	1
 852              		.p2align 4,,15
 853              		.global	chThdTerminate
 854              		.syntax unified
 855              		.thumb
ARM GAS  /tmp/cctmACj5.s 			page 16


 856              		.thumb_func
 857              		.type	chThdTerminate, %function
 858              	chThdTerminate:
 859              	.LVL50:
 860              	.LFB191:
 861              		.loc 1 293 35 is_stmt 1 view -0
 862              		.cfi_startproc
 863              		@ args = 0, pretend = 0, frame = 0
 864              		@ frame_needed = 0, uses_anonymous_args = 0
 865              		.loc 1 295 3 view .LVU244
 866              	.LBB196:
 867              	.LBI196:
 868              		.loc 2 346 20 view .LVU245
 869              	.LBB197:
 870              		.loc 2 348 3 view .LVU246
 871              	.LBB198:
 872              	.LBI198:
 873              		.loc 3 444 20 view .LVU247
 874              		.loc 3 447 3 view .LVU248
 875              	.LBB199:
 876              	.LBI199:
 877              		.loc 4 544 57 view .LVU249
 878              	.LBB200:
 879              		.loc 4 546 3 view .LVU250
 880              	.LBE200:
 881              	.LBE199:
 882              	.LBE198:
 883              	.LBE197:
 884              	.LBE196:
 885              		.loc 1 293 35 is_stmt 0 view .LVU251
 886 0000 10B5     		push	{r4, lr}
 887              		.cfi_def_cfa_offset 8
 888              		.cfi_offset 4, -8
 889              		.cfi_offset 14, -4
 890              	.LBB209:
 891              	.LBB207:
 892              	.LBB205:
 893              	.LBB203:
 894              	.LBB201:
 895              		.loc 4 546 3 view .LVU252
 896 0002 2023     		movs	r3, #32
 897              	.LBE201:
 898              	.LBE203:
 899              	.LBE205:
 900              	.LBE207:
 901              	.LBE209:
 902              		.loc 1 293 35 view .LVU253
 903 0004 0446     		mov	r4, r0
 904              	.LBB210:
 905              	.LBB208:
 906              	.LBB206:
 907              	.LBB204:
 908              	.LBB202:
 909              		.loc 4 546 3 view .LVU254
 910              		.syntax unified
 911              	@ 546 "../RC_Controller/ChibiOS_3.0.5/os/ext/CMSIS/include/core_cmFunc.h" 1
 912 0006 83F31188 		MSR basepri, r3
ARM GAS  /tmp/cctmACj5.s 			page 17


 913              	@ 0 "" 2
 914              	.LVL51:
 915              		.loc 4 546 3 view .LVU255
 916              		.thumb
 917              		.syntax unified
 918              	.LBE202:
 919              	.LBE204:
 920              	.LBE206:
 921              		.loc 2 349 34 is_stmt 1 view .LVU256
 922              		.loc 2 350 3 view .LVU257
 923 000a FFF7FEFF 		bl	_dbg_check_lock
 924              	.LVL52:
 925              		.loc 2 350 3 is_stmt 0 view .LVU258
 926              	.LBE208:
 927              	.LBE210:
 928              		.loc 1 296 3 is_stmt 1 view .LVU259
 929              		.loc 1 296 15 is_stmt 0 view .LVU260
 930 000e 637F     		ldrb	r3, [r4, #29]	@ zero_extendqisi2
 931 0010 43F00403 		orr	r3, r3, #4
 932 0014 6377     		strb	r3, [r4, #29]
 933              		.loc 1 297 3 is_stmt 1 view .LVU261
 934              	.LBB211:
 935              	.LBI211:
 936              		.loc 2 358 20 view .LVU262
 937              	.LBB212:
 938              		.loc 2 360 3 view .LVU263
 939 0016 FFF7FEFF 		bl	_dbg_check_unlock
 940              	.LVL53:
 941              		.loc 2 361 33 view .LVU264
 942              		.loc 2 367 3 view .LVU265
 943              		.loc 2 367 3 view .LVU266
 944              		.loc 2 367 3 discriminator 1 view .LVU267
 945 001a 0A4B     		ldr	r3, .L46
 946 001c 1A68     		ldr	r2, [r3]
 947 001e 9A42     		cmp	r2, r3
 948 0020 04D0     		beq	.L43
 949              		.loc 2 367 3 is_stmt 0 discriminator 3 view .LVU268
 950 0022 9969     		ldr	r1, [r3, #24]
 951 0024 9368     		ldr	r3, [r2, #8]
 952 0026 8A68     		ldr	r2, [r1, #8]
 953 0028 9A42     		cmp	r2, r3
 954 002a 03D3     		bcc	.L45
 955              	.L43:
 956              		.loc 2 367 3 is_stmt 1 discriminator 7 view .LVU269
 957              		.loc 2 371 3 view .LVU270
 958              	.LBB213:
 959              	.LBI213:
 960              		.loc 3 458 20 view .LVU271
 961              		.loc 3 461 3 view .LVU272
 962              	.LVL54:
 963              	.LBB214:
 964              	.LBI214:
 965              		.loc 4 544 57 view .LVU273
 966              	.LBB215:
 967              		.loc 4 546 3 view .LVU274
 968 002c 0023     		movs	r3, #0
 969              		.syntax unified
ARM GAS  /tmp/cctmACj5.s 			page 18


 970              	@ 546 "../RC_Controller/ChibiOS_3.0.5/os/ext/CMSIS/include/core_cmFunc.h" 1
 971 002e 83F31188 		MSR basepri, r3
 972              	@ 0 "" 2
 973              	.LVL55:
 974              		.loc 4 546 3 is_stmt 0 view .LVU275
 975              		.thumb
 976              		.syntax unified
 977              	.LBE215:
 978              	.LBE214:
 979              	.LBE213:
 980              	.LBE212:
 981              	.LBE211:
 982              		.loc 1 298 1 view .LVU276
 983 0032 10BD     		pop	{r4, pc}
 984              	.LVL56:
 985              	.L45:
 986              	.LBB220:
 987              	.LBB219:
 988              		.loc 2 367 3 is_stmt 1 discriminator 5 view .LVU277
 989 0034 0448     		ldr	r0, .L46+4
 990 0036 FFF7FEFF 		bl	chSysHalt
 991              	.LVL57:
 992              		.loc 2 367 3 discriminator 7 view .LVU278
 993              		.loc 2 371 3 view .LVU279
 994              	.LBB218:
 995              		.loc 3 458 20 view .LVU280
 996              		.loc 3 461 3 view .LVU281
 997              	.LBB217:
 998              		.loc 4 544 57 view .LVU282
 999              	.LBB216:
 1000              		.loc 4 546 3 view .LVU283
 1001 003a 0023     		movs	r3, #0
 1002              		.syntax unified
 1003              	@ 546 "../RC_Controller/ChibiOS_3.0.5/os/ext/CMSIS/include/core_cmFunc.h" 1
 1004 003c 83F31188 		MSR basepri, r3
 1005              	@ 0 "" 2
 1006              	.LVL58:
 1007              		.loc 4 546 3 is_stmt 0 view .LVU284
 1008              		.thumb
 1009              		.syntax unified
 1010              	.LBE216:
 1011              	.LBE217:
 1012              	.LBE218:
 1013              	.LBE219:
 1014              	.LBE220:
 1015              		.loc 1 298 1 view .LVU285
 1016 0040 10BD     		pop	{r4, pc}
 1017              	.LVL59:
 1018              	.L47:
 1019              		.loc 1 298 1 view .LVU286
 1020 0042 00BF     		.align	2
 1021              	.L46:
 1022 0044 00000000 		.word	ch
 1023 0048 00000000 		.word	__func__.9
 1024              		.cfi_endproc
 1025              	.LFE191:
 1026              		.size	chThdTerminate, .-chThdTerminate
ARM GAS  /tmp/cctmACj5.s 			page 19


 1027              		.section	.text.chThdSleep,"ax",%progbits
 1028              		.align	1
 1029              		.p2align 4,,15
 1030              		.global	chThdSleep
 1031              		.syntax unified
 1032              		.thumb
 1033              		.thumb_func
 1034              		.type	chThdSleep, %function
 1035              	chThdSleep:
 1036              	.LVL60:
 1037              	.LFB192:
 1038              		.loc 1 312 33 is_stmt 1 view -0
 1039              		.cfi_startproc
 1040              		@ args = 0, pretend = 0, frame = 0
 1041              		@ frame_needed = 0, uses_anonymous_args = 0
 1042              		.loc 1 314 3 view .LVU288
 1043              	.LBB233:
 1044              	.LBI233:
 1045              		.loc 2 346 20 view .LVU289
 1046              	.LBB234:
 1047              		.loc 2 348 3 view .LVU290
 1048              	.LBB235:
 1049              	.LBI235:
 1050              		.loc 3 444 20 view .LVU291
 1051              		.loc 3 447 3 view .LVU292
 1052              	.LBB236:
 1053              	.LBI236:
 1054              		.loc 4 544 57 view .LVU293
 1055              	.LBB237:
 1056              		.loc 4 546 3 view .LVU294
 1057              	.LBE237:
 1058              	.LBE236:
 1059              	.LBE235:
 1060              	.LBE234:
 1061              	.LBE233:
 1062              		.loc 1 312 33 is_stmt 0 view .LVU295
 1063 0000 10B5     		push	{r4, lr}
 1064              		.cfi_def_cfa_offset 8
 1065              		.cfi_offset 4, -8
 1066              		.cfi_offset 14, -4
 1067              	.LBB246:
 1068              	.LBB244:
 1069              	.LBB242:
 1070              	.LBB240:
 1071              	.LBB238:
 1072              		.loc 4 546 3 view .LVU296
 1073 0002 2023     		movs	r3, #32
 1074              	.LBE238:
 1075              	.LBE240:
 1076              	.LBE242:
 1077              	.LBE244:
 1078              	.LBE246:
 1079              		.loc 1 312 33 view .LVU297
 1080 0004 0446     		mov	r4, r0
 1081              	.LBB247:
 1082              	.LBB245:
 1083              	.LBB243:
ARM GAS  /tmp/cctmACj5.s 			page 20


 1084              	.LBB241:
 1085              	.LBB239:
 1086              		.loc 4 546 3 view .LVU298
 1087              		.syntax unified
 1088              	@ 546 "../RC_Controller/ChibiOS_3.0.5/os/ext/CMSIS/include/core_cmFunc.h" 1
 1089 0006 83F31188 		MSR basepri, r3
 1090              	@ 0 "" 2
 1091              	.LVL61:
 1092              		.loc 4 546 3 view .LVU299
 1093              		.thumb
 1094              		.syntax unified
 1095              	.LBE239:
 1096              	.LBE241:
 1097              	.LBE243:
 1098              		.loc 2 349 34 is_stmt 1 view .LVU300
 1099              		.loc 2 350 3 view .LVU301
 1100 000a FFF7FEFF 		bl	_dbg_check_lock
 1101              	.LVL62:
 1102              		.loc 2 350 3 is_stmt 0 view .LVU302
 1103              	.LBE245:
 1104              	.LBE247:
 1105              		.loc 1 315 3 is_stmt 1 view .LVU303
 1106              	.LBB248:
 1107              	.LBI248:
 1108              		.loc 5 264 20 view .LVU304
 1109              	.LBB249:
 1110              		.loc 5 266 3 view .LVU305
 1111              		.loc 5 266 3 view .LVU306
 1112              		.loc 5 266 3 discriminator 1 view .LVU307
 1113 000e CCB1     		cbz	r4, .L52
 1114              	.L49:
 1115              		.loc 5 266 3 discriminator 5 view .LVU308
 1116              		.loc 5 268 3 view .LVU309
 1117              		.loc 5 268 10 is_stmt 0 view .LVU310
 1118 0010 2146     		mov	r1, r4
 1119 0012 0820     		movs	r0, #8
 1120 0014 FFF7FEFF 		bl	chSchGoSleepTimeoutS
 1121              	.LVL63:
 1122              		.loc 5 268 10 view .LVU311
 1123              	.LBE249:
 1124              	.LBE248:
 1125              		.loc 1 316 3 is_stmt 1 view .LVU312
 1126              	.LBB251:
 1127              	.LBI251:
 1128              		.loc 2 358 20 view .LVU313
 1129              	.LBB252:
 1130              		.loc 2 360 3 view .LVU314
 1131 0018 FFF7FEFF 		bl	_dbg_check_unlock
 1132              	.LVL64:
 1133              		.loc 2 361 33 view .LVU315
 1134              		.loc 2 367 3 view .LVU316
 1135              		.loc 2 367 3 view .LVU317
 1136              		.loc 2 367 3 discriminator 1 view .LVU318
 1137 001c 0B4B     		ldr	r3, .L54
 1138 001e 1A68     		ldr	r2, [r3]
 1139 0020 9A42     		cmp	r2, r3
 1140 0022 04D0     		beq	.L50
ARM GAS  /tmp/cctmACj5.s 			page 21


 1141              		.loc 2 367 3 is_stmt 0 discriminator 3 view .LVU319
 1142 0024 9969     		ldr	r1, [r3, #24]
 1143 0026 9368     		ldr	r3, [r2, #8]
 1144 0028 8A68     		ldr	r2, [r1, #8]
 1145 002a 9A42     		cmp	r2, r3
 1146 002c 03D3     		bcc	.L53
 1147              	.L50:
 1148              		.loc 2 367 3 is_stmt 1 discriminator 7 view .LVU320
 1149              		.loc 2 371 3 view .LVU321
 1150              	.LBB253:
 1151              	.LBI253:
 1152              		.loc 3 458 20 view .LVU322
 1153              		.loc 3 461 3 view .LVU323
 1154              	.LVL65:
 1155              	.LBB254:
 1156              	.LBI254:
 1157              		.loc 4 544 57 view .LVU324
 1158              	.LBB255:
 1159              		.loc 4 546 3 view .LVU325
 1160 002e 0023     		movs	r3, #0
 1161              		.syntax unified
 1162              	@ 546 "../RC_Controller/ChibiOS_3.0.5/os/ext/CMSIS/include/core_cmFunc.h" 1
 1163 0030 83F31188 		MSR basepri, r3
 1164              	@ 0 "" 2
 1165              	.LVL66:
 1166              		.loc 4 546 3 is_stmt 0 view .LVU326
 1167              		.thumb
 1168              		.syntax unified
 1169              	.LBE255:
 1170              	.LBE254:
 1171              	.LBE253:
 1172              	.LBE252:
 1173              	.LBE251:
 1174              		.loc 1 317 1 view .LVU327
 1175 0034 10BD     		pop	{r4, pc}
 1176              	.LVL67:
 1177              	.L53:
 1178              	.LBB260:
 1179              	.LBB259:
 1180              		.loc 2 367 3 is_stmt 1 discriminator 5 view .LVU328
 1181 0036 0648     		ldr	r0, .L54+4
 1182 0038 FFF7FEFF 		bl	chSysHalt
 1183              	.LVL68:
 1184              		.loc 2 367 3 discriminator 7 view .LVU329
 1185              		.loc 2 371 3 view .LVU330
 1186              	.LBB258:
 1187              		.loc 3 458 20 view .LVU331
 1188              		.loc 3 461 3 view .LVU332
 1189              	.LBB257:
 1190              		.loc 4 544 57 view .LVU333
 1191              	.LBB256:
 1192              		.loc 4 546 3 view .LVU334
 1193 003c 0023     		movs	r3, #0
 1194              		.syntax unified
 1195              	@ 546 "../RC_Controller/ChibiOS_3.0.5/os/ext/CMSIS/include/core_cmFunc.h" 1
 1196 003e 83F31188 		MSR basepri, r3
 1197              	@ 0 "" 2
ARM GAS  /tmp/cctmACj5.s 			page 22


 1198              	.LVL69:
 1199              		.loc 4 546 3 is_stmt 0 view .LVU335
 1200              		.thumb
 1201              		.syntax unified
 1202              	.LBE256:
 1203              	.LBE257:
 1204              	.LBE258:
 1205              	.LBE259:
 1206              	.LBE260:
 1207              		.loc 1 317 1 view .LVU336
 1208 0042 10BD     		pop	{r4, pc}
 1209              	.LVL70:
 1210              	.L52:
 1211              	.LBB261:
 1212              	.LBB250:
 1213              		.loc 5 266 3 is_stmt 1 discriminator 3 view .LVU337
 1214 0044 0348     		ldr	r0, .L54+8
 1215 0046 FFF7FEFF 		bl	chSysHalt
 1216              	.LVL71:
 1217 004a E1E7     		b	.L49
 1218              	.L55:
 1219              		.align	2
 1220              	.L54:
 1221 004c 00000000 		.word	ch
 1222 0050 00000000 		.word	__func__.9
 1223 0054 00000000 		.word	__func__.6
 1224              	.LBE250:
 1225              	.LBE261:
 1226              		.cfi_endproc
 1227              	.LFE192:
 1228              		.size	chThdSleep, .-chThdSleep
 1229              		.section	.text.chThdSleepUntil,"ax",%progbits
 1230              		.align	1
 1231              		.p2align 4,,15
 1232              		.global	chThdSleepUntil
 1233              		.syntax unified
 1234              		.thumb
 1235              		.thumb_func
 1236              		.type	chThdSleepUntil, %function
 1237              	chThdSleepUntil:
 1238              	.LVL72:
 1239              	.LFB193:
 1240              		.loc 1 332 38 view -0
 1241              		.cfi_startproc
 1242              		@ args = 0, pretend = 0, frame = 0
 1243              		@ frame_needed = 0, uses_anonymous_args = 0
 1244              		.loc 1 334 3 view .LVU339
 1245              	.LBB276:
 1246              	.LBI276:
 1247              		.loc 2 346 20 view .LVU340
 1248              	.LBB277:
 1249              		.loc 2 348 3 view .LVU341
 1250              	.LBB278:
 1251              	.LBI278:
 1252              		.loc 3 444 20 view .LVU342
 1253              		.loc 3 447 3 view .LVU343
 1254              	.LBB279:
ARM GAS  /tmp/cctmACj5.s 			page 23


 1255              	.LBI279:
 1256              		.loc 4 544 57 view .LVU344
 1257              	.LBB280:
 1258              		.loc 4 546 3 view .LVU345
 1259              	.LBE280:
 1260              	.LBE279:
 1261              	.LBE278:
 1262              	.LBE277:
 1263              	.LBE276:
 1264              		.loc 1 332 38 is_stmt 0 view .LVU346
 1265 0000 38B5     		push	{r3, r4, r5, lr}
 1266              		.cfi_def_cfa_offset 16
 1267              		.cfi_offset 3, -16
 1268              		.cfi_offset 4, -12
 1269              		.cfi_offset 5, -8
 1270              		.cfi_offset 14, -4
 1271              		.loc 1 332 38 view .LVU347
 1272 0002 0446     		mov	r4, r0
 1273              	.LBB286:
 1274              	.LBB284:
 1275              	.LBB283:
 1276              	.LBB282:
 1277              	.LBB281:
 1278              		.loc 4 546 3 view .LVU348
 1279 0004 2023     		movs	r3, #32
 1280              		.syntax unified
 1281              	@ 546 "../RC_Controller/ChibiOS_3.0.5/os/ext/CMSIS/include/core_cmFunc.h" 1
 1282 0006 83F31188 		MSR basepri, r3
 1283              	@ 0 "" 2
 1284              	.LVL73:
 1285              		.loc 4 546 3 view .LVU349
 1286              		.thumb
 1287              		.syntax unified
 1288              	.LBE281:
 1289              	.LBE282:
 1290              	.LBE283:
 1291              		.loc 2 349 34 is_stmt 1 view .LVU350
 1292              		.loc 2 350 3 view .LVU351
 1293              	.LBE284:
 1294              	.LBE286:
 1295              	.LBB287:
 1296              	.LBB288:
 1297              		.file 6 "../RC_Controller/ChibiOS_3.0.5/os/rt/include/chvt.h"
 1298              		.loc 6 231 19 is_stmt 0 view .LVU352
 1299 000a 0F4D     		ldr	r5, .L65
 1300              	.LBE288:
 1301              	.LBE287:
 1302              	.LBB290:
 1303              	.LBB285:
 1304              		.loc 2 350 3 view .LVU353
 1305 000c FFF7FEFF 		bl	_dbg_check_lock
 1306              	.LVL74:
 1307              		.loc 2 350 3 view .LVU354
 1308              	.LBE285:
 1309              	.LBE290:
 1310              		.loc 1 335 3 is_stmt 1 view .LVU355
 1311              	.LBB291:
ARM GAS  /tmp/cctmACj5.s 			page 24


 1312              	.LBI287:
 1313              		.loc 6 228 25 view .LVU356
 1314              	.LBB289:
 1315              		.loc 6 231 3 view .LVU357
 1316              		.loc 6 231 19 is_stmt 0 view .LVU358
 1317 0010 A96A     		ldr	r1, [r5, #40]
 1318              	.LVL75:
 1319              		.loc 6 231 19 view .LVU359
 1320              	.LBE289:
 1321              	.LBE291:
 1322              		.loc 1 336 3 is_stmt 1 view .LVU360
 1323              		.loc 1 336 6 is_stmt 0 view .LVU361
 1324 0012 611A     		subs	r1, r4, r1
 1325              	.LVL76:
 1326              		.loc 1 336 6 view .LVU362
 1327 0014 14D1     		bne	.L63
 1328              	.LVL77:
 1329              	.L57:
 1330              		.loc 1 339 3 is_stmt 1 view .LVU363
 1331              	.LBB292:
 1332              	.LBI292:
 1333              		.loc 2 358 20 view .LVU364
 1334              	.LBB293:
 1335              		.loc 2 360 3 view .LVU365
 1336 0016 FFF7FEFF 		bl	_dbg_check_unlock
 1337              	.LVL78:
 1338              		.loc 2 361 33 view .LVU366
 1339              		.loc 2 367 3 view .LVU367
 1340              		.loc 2 367 3 view .LVU368
 1341              		.loc 2 367 3 discriminator 1 view .LVU369
 1342 001a 2B68     		ldr	r3, [r5]
 1343 001c AB42     		cmp	r3, r5
 1344 001e 04D0     		beq	.L58
 1345              		.loc 2 367 3 is_stmt 0 discriminator 3 view .LVU370
 1346 0020 AA69     		ldr	r2, [r5, #24]
 1347 0022 9B68     		ldr	r3, [r3, #8]
 1348 0024 9268     		ldr	r2, [r2, #8]
 1349 0026 9A42     		cmp	r2, r3
 1350 0028 03D3     		bcc	.L64
 1351              	.L58:
 1352              		.loc 2 367 3 is_stmt 1 discriminator 7 view .LVU371
 1353              		.loc 2 371 3 view .LVU372
 1354              	.LBB294:
 1355              	.LBI294:
 1356              		.loc 3 458 20 view .LVU373
 1357              		.loc 3 461 3 view .LVU374
 1358              	.LVL79:
 1359              	.LBB295:
 1360              	.LBI295:
 1361              		.loc 4 544 57 view .LVU375
 1362              	.LBB296:
 1363              		.loc 4 546 3 view .LVU376
 1364 002a 0023     		movs	r3, #0
 1365              		.syntax unified
 1366              	@ 546 "../RC_Controller/ChibiOS_3.0.5/os/ext/CMSIS/include/core_cmFunc.h" 1
 1367 002c 83F31188 		MSR basepri, r3
 1368              	@ 0 "" 2
ARM GAS  /tmp/cctmACj5.s 			page 25


 1369              	.LVL80:
 1370              		.loc 4 546 3 is_stmt 0 view .LVU377
 1371              		.thumb
 1372              		.syntax unified
 1373              	.LBE296:
 1374              	.LBE295:
 1375              	.LBE294:
 1376              	.LBE293:
 1377              	.LBE292:
 1378              		.loc 1 340 1 view .LVU378
 1379 0030 38BD     		pop	{r3, r4, r5, pc}
 1380              	.L64:
 1381              	.LBB301:
 1382              	.LBB300:
 1383              		.loc 2 367 3 is_stmt 1 discriminator 5 view .LVU379
 1384 0032 0648     		ldr	r0, .L65+4
 1385 0034 FFF7FEFF 		bl	chSysHalt
 1386              	.LVL81:
 1387              		.loc 2 367 3 discriminator 7 view .LVU380
 1388              		.loc 2 371 3 view .LVU381
 1389              	.LBB299:
 1390              		.loc 3 458 20 view .LVU382
 1391              		.loc 3 461 3 view .LVU383
 1392              	.LBB298:
 1393              		.loc 4 544 57 view .LVU384
 1394              	.LBB297:
 1395              		.loc 4 546 3 view .LVU385
 1396 0038 0023     		movs	r3, #0
 1397              		.syntax unified
 1398              	@ 546 "../RC_Controller/ChibiOS_3.0.5/os/ext/CMSIS/include/core_cmFunc.h" 1
 1399 003a 83F31188 		MSR basepri, r3
 1400              	@ 0 "" 2
 1401              	.LVL82:
 1402              		.loc 4 546 3 is_stmt 0 view .LVU386
 1403              		.thumb
 1404              		.syntax unified
 1405              	.LBE297:
 1406              	.LBE298:
 1407              	.LBE299:
 1408              	.LBE300:
 1409              	.LBE301:
 1410              		.loc 1 340 1 view .LVU387
 1411 003e 38BD     		pop	{r3, r4, r5, pc}
 1412              	.LVL83:
 1413              	.L63:
 1414              		.loc 1 337 5 is_stmt 1 view .LVU388
 1415              	.LBB302:
 1416              	.LBI302:
 1417              		.loc 5 264 20 view .LVU389
 1418              	.LBB303:
 1419              		.loc 5 266 3 view .LVU390
 1420              		.loc 5 266 3 view .LVU391
 1421              		.loc 5 266 3 discriminator 1 view .LVU392
 1422              		.loc 5 266 3 discriminator 5 view .LVU393
 1423              		.loc 5 268 3 view .LVU394
 1424              		.loc 5 268 10 is_stmt 0 view .LVU395
 1425 0040 0820     		movs	r0, #8
ARM GAS  /tmp/cctmACj5.s 			page 26


 1426 0042 FFF7FEFF 		bl	chSchGoSleepTimeoutS
 1427              	.LVL84:
 1428              		.loc 5 269 1 view .LVU396
 1429 0046 E6E7     		b	.L57
 1430              	.L66:
 1431              		.align	2
 1432              	.L65:
 1433 0048 00000000 		.word	ch
 1434 004c 00000000 		.word	__func__.9
 1435              	.LBE303:
 1436              	.LBE302:
 1437              		.cfi_endproc
 1438              	.LFE193:
 1439              		.size	chThdSleepUntil, .-chThdSleepUntil
 1440              		.section	.text.chThdSleepUntilWindowed,"ax",%progbits
 1441              		.align	1
 1442              		.p2align 4,,15
 1443              		.global	chThdSleepUntilWindowed
 1444              		.syntax unified
 1445              		.thumb
 1446              		.thumb_func
 1447              		.type	chThdSleepUntilWindowed, %function
 1448              	chThdSleepUntilWindowed:
 1449              	.LVL85:
 1450              	.LFB194:
 1451              		.loc 1 356 67 is_stmt 1 view -0
 1452              		.cfi_startproc
 1453              		@ args = 0, pretend = 0, frame = 0
 1454              		@ frame_needed = 0, uses_anonymous_args = 0
 1455              		.loc 1 357 3 view .LVU398
 1456              		.loc 1 359 3 view .LVU399
 1457              	.LBB320:
 1458              	.LBI320:
 1459              		.loc 2 346 20 view .LVU400
 1460              	.LBB321:
 1461              		.loc 2 348 3 view .LVU401
 1462              	.LBB322:
 1463              	.LBI322:
 1464              		.loc 3 444 20 view .LVU402
 1465              		.loc 3 447 3 view .LVU403
 1466              	.LBB323:
 1467              	.LBI323:
 1468              		.loc 4 544 57 view .LVU404
 1469              	.LBB324:
 1470              		.loc 4 546 3 view .LVU405
 1471              	.LBE324:
 1472              	.LBE323:
 1473              	.LBE322:
 1474              	.LBE321:
 1475              	.LBE320:
 1476              		.loc 1 356 67 is_stmt 0 view .LVU406
 1477 0000 70B5     		push	{r4, r5, r6, lr}
 1478              		.cfi_def_cfa_offset 16
 1479              		.cfi_offset 4, -16
 1480              		.cfi_offset 5, -12
 1481              		.cfi_offset 6, -8
 1482              		.cfi_offset 14, -4
ARM GAS  /tmp/cctmACj5.s 			page 27


 1483              	.LBB334:
 1484              	.LBB331:
 1485              	.LBB329:
 1486              	.LBB327:
 1487              	.LBB325:
 1488              		.loc 4 546 3 view .LVU407
 1489 0002 2023     		movs	r3, #32
 1490              	.LBE325:
 1491              	.LBE327:
 1492              	.LBE329:
 1493              	.LBE331:
 1494              	.LBE334:
 1495              		.loc 1 356 67 view .LVU408
 1496 0004 0446     		mov	r4, r0
 1497 0006 0D46     		mov	r5, r1
 1498              	.LBB335:
 1499              	.LBB332:
 1500              	.LBB330:
 1501              	.LBB328:
 1502              	.LBB326:
 1503              		.loc 4 546 3 view .LVU409
 1504              		.syntax unified
 1505              	@ 546 "../RC_Controller/ChibiOS_3.0.5/os/ext/CMSIS/include/core_cmFunc.h" 1
 1506 0008 83F31188 		MSR basepri, r3
 1507              	@ 0 "" 2
 1508              	.LVL86:
 1509              		.loc 4 546 3 view .LVU410
 1510              		.thumb
 1511              		.syntax unified
 1512              	.LBE326:
 1513              	.LBE328:
 1514              	.LBE330:
 1515              		.loc 2 349 34 is_stmt 1 view .LVU411
 1516              		.loc 2 350 3 view .LVU412
 1517              	.LBE332:
 1518              	.LBE335:
 1519              	.LBB336:
 1520              	.LBB337:
 1521              		.loc 6 231 19 is_stmt 0 view .LVU413
 1522 000c 144E     		ldr	r6, .L75
 1523              	.LBE337:
 1524              	.LBE336:
 1525              	.LBB339:
 1526              	.LBB333:
 1527              		.loc 2 350 3 view .LVU414
 1528 000e FFF7FEFF 		bl	_dbg_check_lock
 1529              	.LVL87:
 1530              		.loc 2 350 3 view .LVU415
 1531              	.LBE333:
 1532              	.LBE339:
 1533              		.loc 1 360 3 is_stmt 1 view .LVU416
 1534              	.LBB340:
 1535              	.LBI336:
 1536              		.loc 6 228 25 view .LVU417
 1537              	.LBB338:
 1538              		.loc 6 231 3 view .LVU418
 1539              		.loc 6 231 19 is_stmt 0 view .LVU419
ARM GAS  /tmp/cctmACj5.s 			page 28


 1540 0012 B16A     		ldr	r1, [r6, #40]
 1541              	.LVL88:
 1542              		.loc 6 231 19 view .LVU420
 1543              	.LBE338:
 1544              	.LBE340:
 1545              		.loc 1 361 3 is_stmt 1 view .LVU421
 1546              	.LBB341:
 1547              	.LBI341:
 1548              		.loc 6 284 20 view .LVU422
 1549              	.LBB342:
 1550              		.loc 6 288 3 view .LVU423
 1551              		.loc 6 288 34 is_stmt 0 view .LVU424
 1552 0014 0B1B     		subs	r3, r1, r4
 1553              		.loc 6 288 61 view .LVU425
 1554 0016 2C1B     		subs	r4, r5, r4
 1555              	.LVL89:
 1556              		.loc 6 288 61 view .LVU426
 1557              	.LBE342:
 1558              	.LBE341:
 1559              		.loc 1 361 6 discriminator 1 view .LVU427
 1560 0018 A342     		cmp	r3, r4
 1561 001a 16D3     		bcc	.L72
 1562              	.LVL90:
 1563              	.L68:
 1564              		.loc 1 364 3 is_stmt 1 view .LVU428
 1565              	.LBB343:
 1566              	.LBI343:
 1567              		.loc 2 358 20 view .LVU429
 1568              	.LBB344:
 1569              		.loc 2 360 3 view .LVU430
 1570 001c FFF7FEFF 		bl	_dbg_check_unlock
 1571              	.LVL91:
 1572              		.loc 2 361 33 view .LVU431
 1573              		.loc 2 367 3 view .LVU432
 1574              		.loc 2 367 3 view .LVU433
 1575              		.loc 2 367 3 discriminator 1 view .LVU434
 1576 0020 3368     		ldr	r3, [r6]
 1577 0022 B342     		cmp	r3, r6
 1578 0024 04D0     		beq	.L70
 1579              		.loc 2 367 3 is_stmt 0 discriminator 3 view .LVU435
 1580 0026 B269     		ldr	r2, [r6, #24]
 1581 0028 9B68     		ldr	r3, [r3, #8]
 1582 002a 9268     		ldr	r2, [r2, #8]
 1583 002c 9A42     		cmp	r2, r3
 1584 002e 04D3     		bcc	.L73
 1585              	.L70:
 1586              		.loc 2 367 3 is_stmt 1 discriminator 7 view .LVU436
 1587              		.loc 2 371 3 view .LVU437
 1588              	.LBB345:
 1589              	.LBI345:
 1590              		.loc 3 458 20 view .LVU438
 1591              		.loc 3 461 3 view .LVU439
 1592              	.LVL92:
 1593              	.LBB346:
 1594              	.LBI346:
 1595              		.loc 4 544 57 view .LVU440
 1596              	.LBB347:
ARM GAS  /tmp/cctmACj5.s 			page 29


 1597              		.loc 4 546 3 view .LVU441
 1598 0030 0023     		movs	r3, #0
 1599              		.syntax unified
 1600              	@ 546 "../RC_Controller/ChibiOS_3.0.5/os/ext/CMSIS/include/core_cmFunc.h" 1
 1601 0032 83F31188 		MSR basepri, r3
 1602              	@ 0 "" 2
 1603              	.LVL93:
 1604              		.loc 4 546 3 is_stmt 0 view .LVU442
 1605              		.thumb
 1606              		.syntax unified
 1607              	.LBE347:
 1608              	.LBE346:
 1609              	.LBE345:
 1610              	.LBE344:
 1611              	.LBE343:
 1612              		.loc 1 366 3 is_stmt 1 view .LVU443
 1613              		.loc 1 367 1 is_stmt 0 view .LVU444
 1614 0036 2846     		mov	r0, r5
 1615 0038 70BD     		pop	{r4, r5, r6, pc}
 1616              	.LVL94:
 1617              	.L73:
 1618              	.LBB352:
 1619              	.LBB351:
 1620              		.loc 2 367 3 is_stmt 1 discriminator 5 view .LVU445
 1621 003a 0A48     		ldr	r0, .L75+4
 1622 003c FFF7FEFF 		bl	chSysHalt
 1623              	.LVL95:
 1624              		.loc 2 367 3 discriminator 7 view .LVU446
 1625              		.loc 2 371 3 view .LVU447
 1626              	.LBB350:
 1627              		.loc 3 458 20 view .LVU448
 1628              		.loc 3 461 3 view .LVU449
 1629              	.LBB349:
 1630              		.loc 4 544 57 view .LVU450
 1631              	.LBB348:
 1632              		.loc 4 546 3 view .LVU451
 1633 0040 0023     		movs	r3, #0
 1634              		.syntax unified
 1635              	@ 546 "../RC_Controller/ChibiOS_3.0.5/os/ext/CMSIS/include/core_cmFunc.h" 1
 1636 0042 83F31188 		MSR basepri, r3
 1637              	@ 0 "" 2
 1638              	.LVL96:
 1639              		.loc 4 546 3 is_stmt 0 view .LVU452
 1640              		.thumb
 1641              		.syntax unified
 1642              	.LBE348:
 1643              	.LBE349:
 1644              	.LBE350:
 1645              	.LBE351:
 1646              	.LBE352:
 1647              		.loc 1 366 3 is_stmt 1 view .LVU453
 1648              		.loc 1 367 1 is_stmt 0 view .LVU454
 1649 0046 2846     		mov	r0, r5
 1650 0048 70BD     		pop	{r4, r5, r6, pc}
 1651              	.LVL97:
 1652              	.L72:
 1653              		.loc 1 362 2 is_stmt 1 view .LVU455
ARM GAS  /tmp/cctmACj5.s 			page 30


 1654              	.LBB353:
 1655              	.LBI353:
 1656              		.loc 5 264 20 view .LVU456
 1657              	.LBB354:
 1658              		.loc 5 266 3 view .LVU457
 1659              		.loc 5 266 3 view .LVU458
 1660              		.loc 5 266 3 discriminator 1 view .LVU459
 1661 004a 6C1A     		subs	r4, r5, r1
 1662              	.LVL98:
 1663              		.loc 5 266 3 is_stmt 0 discriminator 1 view .LVU460
 1664 004c 04D0     		beq	.L74
 1665              	.LVL99:
 1666              	.L69:
 1667              		.loc 5 266 3 is_stmt 1 discriminator 5 view .LVU461
 1668              		.loc 5 268 3 view .LVU462
 1669              		.loc 5 268 10 is_stmt 0 view .LVU463
 1670 004e 2146     		mov	r1, r4
 1671 0050 0820     		movs	r0, #8
 1672 0052 FFF7FEFF 		bl	chSchGoSleepTimeoutS
 1673              	.LVL100:
 1674              		.loc 5 269 1 view .LVU464
 1675 0056 E1E7     		b	.L68
 1676              	.LVL101:
 1677              	.L74:
 1678              		.loc 5 266 3 is_stmt 1 discriminator 3 view .LVU465
 1679 0058 0348     		ldr	r0, .L75+8
 1680 005a FFF7FEFF 		bl	chSysHalt
 1681              	.LVL102:
 1682              		.loc 5 266 3 is_stmt 0 discriminator 3 view .LVU466
 1683 005e F6E7     		b	.L69
 1684              	.L76:
 1685              		.align	2
 1686              	.L75:
 1687 0060 00000000 		.word	ch
 1688 0064 00000000 		.word	__func__.9
 1689 0068 00000000 		.word	__func__.6
 1690              	.LBE354:
 1691              	.LBE353:
 1692              		.cfi_endproc
 1693              	.LFE194:
 1694              		.size	chThdSleepUntilWindowed, .-chThdSleepUntilWindowed
 1695              		.section	.text.chThdYield,"ax",%progbits
 1696              		.align	1
 1697              		.p2align 4,,15
 1698              		.global	chThdYield
 1699              		.syntax unified
 1700              		.thumb
 1701              		.thumb_func
 1702              		.type	chThdYield, %function
 1703              	chThdYield:
 1704              	.LFB195:
 1705              		.loc 1 376 23 is_stmt 1 view -0
 1706              		.cfi_startproc
 1707              		@ args = 0, pretend = 0, frame = 0
 1708              		@ frame_needed = 0, uses_anonymous_args = 0
 1709              		.loc 1 378 3 view .LVU468
 1710              	.LBB369:
ARM GAS  /tmp/cctmACj5.s 			page 31


 1711              	.LBI369:
 1712              		.loc 2 346 20 view .LVU469
 1713              	.LBB370:
 1714              		.loc 2 348 3 view .LVU470
 1715              	.LBB371:
 1716              	.LBI371:
 1717              		.loc 3 444 20 view .LVU471
 1718              		.loc 3 447 3 view .LVU472
 1719              	.LVL103:
 1720              	.LBB372:
 1721              	.LBI372:
 1722              		.loc 4 544 57 view .LVU473
 1723              	.LBB373:
 1724              		.loc 4 546 3 view .LVU474
 1725              	.LBE373:
 1726              	.LBE372:
 1727              	.LBE371:
 1728              	.LBE370:
 1729              	.LBE369:
 1730              		.loc 1 376 23 is_stmt 0 view .LVU475
 1731 0000 10B5     		push	{r4, lr}
 1732              		.cfi_def_cfa_offset 8
 1733              		.cfi_offset 4, -8
 1734              		.cfi_offset 14, -4
 1735              	.LBB379:
 1736              	.LBB377:
 1737              	.LBB376:
 1738              	.LBB375:
 1739              	.LBB374:
 1740              		.loc 4 546 3 view .LVU476
 1741 0002 2023     		movs	r3, #32
 1742              		.syntax unified
 1743              	@ 546 "../RC_Controller/ChibiOS_3.0.5/os/ext/CMSIS/include/core_cmFunc.h" 1
 1744 0004 83F31188 		MSR basepri, r3
 1745              	@ 0 "" 2
 1746              	.LVL104:
 1747              		.loc 4 546 3 view .LVU477
 1748              		.thumb
 1749              		.syntax unified
 1750              	.LBE374:
 1751              	.LBE375:
 1752              	.LBE376:
 1753              		.loc 2 349 34 is_stmt 1 view .LVU478
 1754              		.loc 2 350 3 view .LVU479
 1755              	.LBE377:
 1756              	.LBE379:
 1757              	.LBB380:
 1758              	.LBB381:
 1759              	.LBB382:
 1760              	.LBB383:
 1761              		.file 7 "../RC_Controller/ChibiOS_3.0.5/os/rt/include/chschd.h"
 1762              		.loc 7 731 10 is_stmt 0 view .LVU480
 1763 0008 124C     		ldr	r4, .L83
 1764              	.LBE383:
 1765              	.LBE382:
 1766              	.LBE381:
 1767              	.LBE380:
ARM GAS  /tmp/cctmACj5.s 			page 32


 1768              	.LBB388:
 1769              	.LBB378:
 1770              		.loc 2 350 3 view .LVU481
 1771 000a FFF7FEFF 		bl	_dbg_check_lock
 1772              	.LVL105:
 1773              	.LBE378:
 1774              	.LBE388:
 1775              		.loc 1 379 3 is_stmt 1 view .LVU482
 1776              	.LBB389:
 1777              	.LBI380:
 1778              		.loc 7 741 20 view .LVU483
 1779              	.LBB386:
 1780              		.loc 7 743 3 view .LVU484
 1781 000e FFF7FEFF 		bl	chDbgCheckClassS
 1782              	.LVL106:
 1783              		.loc 7 745 3 view .LVU485
 1784              	.LBB385:
 1785              	.LBI382:
 1786              		.loc 7 727 20 view .LVU486
 1787              	.LBB384:
 1788              		.loc 7 729 3 view .LVU487
 1789 0012 FFF7FEFF 		bl	chDbgCheckClassS
 1790              	.LVL107:
 1791              		.loc 7 731 3 view .LVU488
 1792              		.loc 7 731 10 is_stmt 0 view .LVU489
 1793 0016 2268     		ldr	r2, [r4]
 1794              		.loc 7 731 47 view .LVU490
 1795 0018 A369     		ldr	r3, [r4, #24]
 1796              	.LBE384:
 1797              	.LBE385:
 1798              		.loc 7 745 6 discriminator 1 view .LVU491
 1799 001a 9268     		ldr	r2, [r2, #8]
 1800 001c 9B68     		ldr	r3, [r3, #8]
 1801 001e 9A42     		cmp	r2, r3
 1802 0020 14D2     		bcs	.L81
 1803              	.L78:
 1804              	.LBE386:
 1805              	.LBE389:
 1806              		.loc 1 380 3 is_stmt 1 view .LVU492
 1807              	.LBB390:
 1808              	.LBI390:
 1809              		.loc 2 358 20 view .LVU493
 1810              	.LBB391:
 1811              		.loc 2 360 3 view .LVU494
 1812 0022 FFF7FEFF 		bl	_dbg_check_unlock
 1813              	.LVL108:
 1814              		.loc 2 361 33 view .LVU495
 1815              		.loc 2 367 3 view .LVU496
 1816              		.loc 2 367 3 view .LVU497
 1817              		.loc 2 367 3 discriminator 1 view .LVU498
 1818 0026 2368     		ldr	r3, [r4]
 1819 0028 A342     		cmp	r3, r4
 1820 002a 04D0     		beq	.L79
 1821              		.loc 2 367 3 is_stmt 0 discriminator 3 view .LVU499
 1822 002c A269     		ldr	r2, [r4, #24]
 1823 002e 9B68     		ldr	r3, [r3, #8]
 1824 0030 9268     		ldr	r2, [r2, #8]
ARM GAS  /tmp/cctmACj5.s 			page 33


 1825 0032 9A42     		cmp	r2, r3
 1826 0034 03D3     		bcc	.L82
 1827              	.L79:
 1828              		.loc 2 367 3 is_stmt 1 discriminator 7 view .LVU500
 1829              		.loc 2 371 3 view .LVU501
 1830              	.LBB392:
 1831              	.LBI392:
 1832              		.loc 3 458 20 view .LVU502
 1833              		.loc 3 461 3 view .LVU503
 1834              	.LVL109:
 1835              	.LBB393:
 1836              	.LBI393:
 1837              		.loc 4 544 57 view .LVU504
 1838              	.LBB394:
 1839              		.loc 4 546 3 view .LVU505
 1840 0036 0023     		movs	r3, #0
 1841              		.syntax unified
 1842              	@ 546 "../RC_Controller/ChibiOS_3.0.5/os/ext/CMSIS/include/core_cmFunc.h" 1
 1843 0038 83F31188 		MSR basepri, r3
 1844              	@ 0 "" 2
 1845              	.LVL110:
 1846              		.loc 4 546 3 is_stmt 0 view .LVU506
 1847              		.thumb
 1848              		.syntax unified
 1849              	.LBE394:
 1850              	.LBE393:
 1851              	.LBE392:
 1852              	.LBE391:
 1853              	.LBE390:
 1854              		.loc 1 381 1 view .LVU507
 1855 003c 10BD     		pop	{r4, pc}
 1856              	.L82:
 1857              	.LBB399:
 1858              	.LBB398:
 1859              		.loc 2 367 3 is_stmt 1 discriminator 5 view .LVU508
 1860 003e 0648     		ldr	r0, .L83+4
 1861 0040 FFF7FEFF 		bl	chSysHalt
 1862              	.LVL111:
 1863              		.loc 2 367 3 discriminator 7 view .LVU509
 1864              		.loc 2 371 3 view .LVU510
 1865              	.LBB397:
 1866              		.loc 3 458 20 view .LVU511
 1867              		.loc 3 461 3 view .LVU512
 1868              	.LBB396:
 1869              		.loc 4 544 57 view .LVU513
 1870              	.LBB395:
 1871              		.loc 4 546 3 view .LVU514
 1872 0044 0023     		movs	r3, #0
 1873              		.syntax unified
 1874              	@ 546 "../RC_Controller/ChibiOS_3.0.5/os/ext/CMSIS/include/core_cmFunc.h" 1
 1875 0046 83F31188 		MSR basepri, r3
 1876              	@ 0 "" 2
 1877              	.LVL112:
 1878              		.loc 4 546 3 is_stmt 0 view .LVU515
 1879              		.thumb
 1880              		.syntax unified
 1881              	.LBE395:
ARM GAS  /tmp/cctmACj5.s 			page 34


 1882              	.LBE396:
 1883              	.LBE397:
 1884              	.LBE398:
 1885              	.LBE399:
 1886              		.loc 1 381 1 view .LVU516
 1887 004a 10BD     		pop	{r4, pc}
 1888              	.L81:
 1889              	.LBB400:
 1890              	.LBB387:
 1891              		.loc 7 746 5 is_stmt 1 view .LVU517
 1892 004c FFF7FEFF 		bl	chSchDoRescheduleBehind
 1893              	.LVL113:
 1894 0050 E7E7     		b	.L78
 1895              	.L84:
 1896 0052 00BF     		.align	2
 1897              	.L83:
 1898 0054 00000000 		.word	ch
 1899 0058 00000000 		.word	__func__.9
 1900              	.LBE387:
 1901              	.LBE400:
 1902              		.cfi_endproc
 1903              	.LFE195:
 1904              		.size	chThdYield, .-chThdYield
 1905              		.section	.text.chThdExit,"ax",%progbits
 1906              		.align	1
 1907              		.p2align 4,,15
 1908              		.global	chThdExit
 1909              		.syntax unified
 1910              		.thumb
 1911              		.thumb_func
 1912              		.type	chThdExit, %function
 1913              	chThdExit:
 1914              	.LVL114:
 1915              	.LFB196:
 1916              		.loc 1 397 27 view -0
 1917              		.cfi_startproc
 1918              		@ args = 0, pretend = 0, frame = 0
 1919              		@ frame_needed = 0, uses_anonymous_args = 0
 1920              		.loc 1 399 3 view .LVU519
 1921              	.LBB408:
 1922              	.LBI408:
 1923              		.loc 2 346 20 view .LVU520
 1924              	.LBB409:
 1925              		.loc 2 348 3 view .LVU521
 1926              	.LBB410:
 1927              	.LBI410:
 1928              		.loc 3 444 20 view .LVU522
 1929              		.loc 3 447 3 view .LVU523
 1930              	.LBB411:
 1931              	.LBI411:
 1932              		.loc 4 544 57 view .LVU524
 1933              	.LBB412:
 1934              		.loc 4 546 3 view .LVU525
 1935              	.LBE412:
 1936              	.LBE411:
 1937              	.LBE410:
 1938              	.LBE409:
ARM GAS  /tmp/cctmACj5.s 			page 35


 1939              	.LBE408:
 1940              		.loc 1 397 27 is_stmt 0 view .LVU526
 1941 0000 10B5     		push	{r4, lr}
 1942              		.cfi_def_cfa_offset 8
 1943              		.cfi_offset 4, -8
 1944              		.cfi_offset 14, -4
 1945              	.LBB421:
 1946              	.LBB419:
 1947              	.LBB417:
 1948              	.LBB415:
 1949              	.LBB413:
 1950              		.loc 4 546 3 view .LVU527
 1951 0002 2023     		movs	r3, #32
 1952              	.LBE413:
 1953              	.LBE415:
 1954              	.LBE417:
 1955              	.LBE419:
 1956              	.LBE421:
 1957              		.loc 1 397 27 view .LVU528
 1958 0004 0446     		mov	r4, r0
 1959              	.LBB422:
 1960              	.LBB420:
 1961              	.LBB418:
 1962              	.LBB416:
 1963              	.LBB414:
 1964              		.loc 4 546 3 view .LVU529
 1965              		.syntax unified
 1966              	@ 546 "../RC_Controller/ChibiOS_3.0.5/os/ext/CMSIS/include/core_cmFunc.h" 1
 1967 0006 83F31188 		MSR basepri, r3
 1968              	@ 0 "" 2
 1969              	.LVL115:
 1970              		.loc 4 546 3 view .LVU530
 1971              		.thumb
 1972              		.syntax unified
 1973              	.LBE414:
 1974              	.LBE416:
 1975              	.LBE418:
 1976              		.loc 2 349 34 is_stmt 1 view .LVU531
 1977              		.loc 2 350 3 view .LVU532
 1978 000a FFF7FEFF 		bl	_dbg_check_lock
 1979              	.LVL116:
 1980              		.loc 2 350 3 is_stmt 0 view .LVU533
 1981              	.LBE420:
 1982              	.LBE422:
 1983              		.loc 1 400 3 is_stmt 1 view .LVU534
 1984              	.LBB423:
 1985              	.LBI423:
 1986              		.loc 1 418 6 view .LVU535
 1987              	.LBB424:
 1988              		.loc 1 419 3 view .LVU536
 1989              		.loc 1 419 13 is_stmt 0 view .LVU537
 1990 000e 094B     		ldr	r3, .L88
 1991 0010 9B69     		ldr	r3, [r3, #24]
 1992              	.LVL117:
 1993              		.loc 1 421 3 is_stmt 1 view .LVU538
 1994              		.loc 1 433 6 is_stmt 0 view .LVU539
 1995 0012 5A7F     		ldrb	r2, [r3, #29]	@ zero_extendqisi2
ARM GAS  /tmp/cctmACj5.s 			page 36


 1996              		.loc 1 421 20 view .LVU540
 1997 0014 1C62     		str	r4, [r3, #32]
 1998              		.loc 1 433 3 is_stmt 1 view .LVU541
 1999              		.loc 1 433 6 is_stmt 0 view .LVU542
 2000 0016 9207     		lsls	r2, r2, #30
 2001 0018 03D1     		bne	.L86
 2002              		.loc 1 434 5 is_stmt 1 view .LVU543
 2003 001a D3E90432 		ldrd	r3, r2, [r3, #16]
 2004              	.LVL118:
 2005              		.loc 1 434 5 is_stmt 0 view .LVU544
 2006 001e 1361     		str	r3, [r2, #16]
 2007              		.loc 1 434 5 is_stmt 1 view .LVU545
 2008 0020 5A61     		str	r2, [r3, #20]
 2009              	.L86:
 2010              		.loc 1 434 19 discriminator 1 view .LVU546
 2011              		.loc 1 437 3 view .LVU547
 2012 0022 0F20     		movs	r0, #15
 2013 0024 FFF7FEFF 		bl	chSchGoSleepS
 2014              	.LVL119:
 2015              		.loc 1 440 3 view .LVU548
 2016              		.loc 1 440 3 view .LVU549
 2017              		.loc 1 440 3 discriminator 1 view .LVU550
 2018              		.loc 1 440 3 discriminator 3 view .LVU551
 2019              	.LBE424:
 2020              	.LBE423:
 2021              		.loc 1 402 1 is_stmt 0 view .LVU552
 2022 0028 BDE81040 		pop	{r4, lr}
 2023              		.cfi_restore 14
 2024              		.cfi_restore 4
 2025              		.cfi_def_cfa_offset 0
 2026              	.LVL120:
 2027              	.LBB426:
 2028              	.LBB425:
 2029              		.loc 1 440 3 discriminator 3 view .LVU553
 2030 002c 0248     		ldr	r0, .L88+4
 2031 002e FFF7FEBF 		b	chSysHalt
 2032              	.LVL121:
 2033              	.L89:
 2034 0032 00BF     		.align	2
 2035              	.L88:
 2036 0034 00000000 		.word	ch
 2037 0038 00000000 		.word	__func__.5
 2038              	.LBE425:
 2039              	.LBE426:
 2040              		.cfi_endproc
 2041              	.LFE196:
 2042              		.size	chThdExit, .-chThdExit
 2043              		.section	.text.chThdExitS,"ax",%progbits
 2044              		.align	1
 2045              		.p2align 4,,15
 2046              		.global	chThdExitS
 2047              		.syntax unified
 2048              		.thumb
 2049              		.thumb_func
 2050              		.type	chThdExitS, %function
 2051              	chThdExitS:
 2052              	.LVL122:
ARM GAS  /tmp/cctmACj5.s 			page 37


 2053              	.LFB197:
 2054              		.loc 1 418 28 is_stmt 1 view -0
 2055              		.cfi_startproc
 2056              		@ args = 0, pretend = 0, frame = 0
 2057              		@ frame_needed = 0, uses_anonymous_args = 0
 2058              		.loc 1 419 3 view .LVU555
 2059              		.loc 1 418 28 is_stmt 0 view .LVU556
 2060 0000 08B5     		push	{r3, lr}
 2061              		.cfi_def_cfa_offset 8
 2062              		.cfi_offset 3, -8
 2063              		.cfi_offset 14, -4
 2064              		.loc 1 419 13 view .LVU557
 2065 0002 094B     		ldr	r3, .L93
 2066 0004 9B69     		ldr	r3, [r3, #24]
 2067              	.LVL123:
 2068              		.loc 1 421 3 is_stmt 1 view .LVU558
 2069              		.loc 1 433 6 is_stmt 0 view .LVU559
 2070 0006 5A7F     		ldrb	r2, [r3, #29]	@ zero_extendqisi2
 2071              		.loc 1 421 20 view .LVU560
 2072 0008 1862     		str	r0, [r3, #32]
 2073              		.loc 1 433 3 is_stmt 1 view .LVU561
 2074              		.loc 1 433 6 is_stmt 0 view .LVU562
 2075 000a 9207     		lsls	r2, r2, #30
 2076 000c 03D1     		bne	.L91
 2077              		.loc 1 434 5 is_stmt 1 view .LVU563
 2078 000e D3E90432 		ldrd	r3, r2, [r3, #16]
 2079              	.LVL124:
 2080              		.loc 1 434 5 is_stmt 0 view .LVU564
 2081 0012 1361     		str	r3, [r2, #16]
 2082              		.loc 1 434 5 is_stmt 1 view .LVU565
 2083 0014 5A61     		str	r2, [r3, #20]
 2084              	.L91:
 2085              		.loc 1 434 19 discriminator 1 view .LVU566
 2086              		.loc 1 437 3 view .LVU567
 2087 0016 0F20     		movs	r0, #15
 2088              	.LVL125:
 2089              		.loc 1 437 3 is_stmt 0 view .LVU568
 2090 0018 FFF7FEFF 		bl	chSchGoSleepS
 2091              	.LVL126:
 2092              		.loc 1 440 3 is_stmt 1 view .LVU569
 2093              		.loc 1 440 3 view .LVU570
 2094              		.loc 1 440 3 discriminator 1 view .LVU571
 2095              		.loc 1 440 3 discriminator 3 view .LVU572
 2096              		.loc 1 441 1 is_stmt 0 view .LVU573
 2097 001c BDE80840 		pop	{r3, lr}
 2098              		.cfi_restore 14
 2099              		.cfi_restore 3
 2100              		.cfi_def_cfa_offset 0
 2101              		.loc 1 440 3 discriminator 3 view .LVU574
 2102 0020 0248     		ldr	r0, .L93+4
 2103 0022 FFF7FEBF 		b	chSysHalt
 2104              	.LVL127:
 2105              	.L94:
 2106 0026 00BF     		.align	2
 2107              	.L93:
 2108 0028 00000000 		.word	ch
 2109 002c 00000000 		.word	__func__.5
ARM GAS  /tmp/cctmACj5.s 			page 38


 2110              		.cfi_endproc
 2111              	.LFE197:
 2112              		.size	chThdExitS, .-chThdExitS
 2113              		.section	.text.chThdSuspendS,"ax",%progbits
 2114              		.align	1
 2115              		.p2align 4,,15
 2116              		.global	chThdSuspendS
 2117              		.syntax unified
 2118              		.thumb
 2119              		.thumb_func
 2120              		.type	chThdSuspendS, %function
 2121              	chThdSuspendS:
 2122              	.LVL128:
 2123              	.LFB198:
 2124              		.loc 1 511 46 is_stmt 1 view -0
 2125              		.cfi_startproc
 2126              		@ args = 0, pretend = 0, frame = 0
 2127              		@ frame_needed = 0, uses_anonymous_args = 0
 2128              		.loc 1 512 3 view .LVU576
 2129              	.LBB427:
 2130              	.LBI427:
 2131              		.loc 5 174 25 view .LVU577
 2132              	.LBB428:
 2133              		.loc 5 176 3 view .LVU578
 2134              	.LBE428:
 2135              	.LBE427:
 2136              		.loc 1 511 46 is_stmt 0 view .LVU579
 2137 0000 70B5     		push	{r4, r5, r6, lr}
 2138              		.cfi_def_cfa_offset 16
 2139              		.cfi_offset 4, -16
 2140              		.cfi_offset 5, -12
 2141              		.cfi_offset 6, -8
 2142              		.cfi_offset 14, -4
 2143              		.loc 1 514 3 discriminator 1 view .LVU580
 2144 0002 0368     		ldr	r3, [r0]
 2145              	.LBB431:
 2146              	.LBB429:
 2147              		.loc 5 176 18 view .LVU581
 2148 0004 074D     		ldr	r5, .L101
 2149              	.LBE429:
 2150              	.LBE431:
 2151              		.loc 1 511 46 view .LVU582
 2152 0006 0446     		mov	r4, r0
 2153              	.LBB432:
 2154              	.LBB430:
 2155              		.loc 5 176 18 view .LVU583
 2156 0008 AE69     		ldr	r6, [r5, #24]
 2157              	.LVL129:
 2158              		.loc 5 176 18 view .LVU584
 2159              	.LBE430:
 2160              	.LBE432:
 2161              		.loc 1 514 3 is_stmt 1 view .LVU585
 2162              		.loc 1 514 3 view .LVU586
 2163              		.loc 1 514 3 discriminator 1 view .LVU587
 2164 000a 13B1     		cbz	r3, .L96
 2165              		.loc 1 514 3 discriminator 3 view .LVU588
 2166 000c 0648     		ldr	r0, .L101+4
ARM GAS  /tmp/cctmACj5.s 			page 39


 2167              	.LVL130:
 2168              		.loc 1 514 3 is_stmt 0 discriminator 3 view .LVU589
 2169 000e FFF7FEFF 		bl	chSysHalt
 2170              	.LVL131:
 2171              	.L96:
 2172              		.loc 1 514 3 is_stmt 1 discriminator 5 view .LVU590
 2173              		.loc 1 516 3 view .LVU591
 2174              		.loc 1 516 8 is_stmt 0 view .LVU592
 2175 0012 2660     		str	r6, [r4]
 2176              		.loc 1 517 3 is_stmt 1 view .LVU593
 2177              		.loc 1 518 3 is_stmt 0 view .LVU594
 2178 0014 0320     		movs	r0, #3
 2179              		.loc 1 517 17 view .LVU595
 2180 0016 3462     		str	r4, [r6, #32]
 2181              		.loc 1 518 3 is_stmt 1 view .LVU596
 2182 0018 FFF7FEFF 		bl	chSchGoSleepS
 2183              	.LVL132:
 2184              		.loc 1 520 3 view .LVU597
 2185              	.LBB433:
 2186              	.LBI433:
 2187              		.loc 5 174 25 view .LVU598
 2188              	.LBB434:
 2189              		.loc 5 176 3 view .LVU599
 2190              	.LBE434:
 2191              	.LBE433:
 2192              		.loc 1 520 30 is_stmt 0 discriminator 1 view .LVU600
 2193 001c AB69     		ldr	r3, [r5, #24]
 2194              		.loc 1 521 1 view .LVU601
 2195 001e 186A     		ldr	r0, [r3, #32]
 2196 0020 70BD     		pop	{r4, r5, r6, pc}
 2197              	.LVL133:
 2198              	.L102:
 2199              		.loc 1 521 1 view .LVU602
 2200 0022 00BF     		.align	2
 2201              	.L101:
 2202 0024 00000000 		.word	ch
 2203 0028 00000000 		.word	__func__.4
 2204              		.cfi_endproc
 2205              	.LFE198:
 2206              		.size	chThdSuspendS, .-chThdSuspendS
 2207              		.section	.text.chThdSuspendTimeoutS,"ax",%progbits
 2208              		.align	1
 2209              		.p2align 4,,15
 2210              		.global	chThdSuspendTimeoutS
 2211              		.syntax unified
 2212              		.thumb
 2213              		.thumb_func
 2214              		.type	chThdSuspendTimeoutS, %function
 2215              	chThdSuspendTimeoutS:
 2216              	.LVL134:
 2217              	.LFB199:
 2218              		.loc 1 542 72 is_stmt 1 view -0
 2219              		.cfi_startproc
 2220              		@ args = 0, pretend = 0, frame = 0
 2221              		@ frame_needed = 0, uses_anonymous_args = 0
 2222              		.loc 1 543 3 view .LVU604
 2223              	.LBB435:
ARM GAS  /tmp/cctmACj5.s 			page 40


 2224              	.LBI435:
 2225              		.loc 5 174 25 view .LVU605
 2226              	.LBB436:
 2227              		.loc 5 176 3 view .LVU606
 2228              		.loc 5 176 18 is_stmt 0 view .LVU607
 2229 0000 0A4A     		ldr	r2, .L110
 2230              	.LBE436:
 2231              	.LBE435:
 2232              		.loc 1 545 3 discriminator 1 view .LVU608
 2233 0002 0368     		ldr	r3, [r0]
 2234              		.loc 1 542 72 view .LVU609
 2235 0004 70B5     		push	{r4, r5, r6, lr}
 2236              		.cfi_def_cfa_offset 16
 2237              		.cfi_offset 4, -16
 2238              		.cfi_offset 5, -12
 2239              		.cfi_offset 6, -8
 2240              		.cfi_offset 14, -4
 2241              	.LBB438:
 2242              	.LBB437:
 2243              		.loc 5 176 18 view .LVU610
 2244 0006 9669     		ldr	r6, [r2, #24]
 2245              	.LVL135:
 2246              		.loc 5 176 18 view .LVU611
 2247              	.LBE437:
 2248              	.LBE438:
 2249              		.loc 1 545 3 is_stmt 1 view .LVU612
 2250              		.loc 1 545 3 view .LVU613
 2251              		.loc 1 545 3 discriminator 1 view .LVU614
 2252              		.loc 1 542 72 is_stmt 0 view .LVU615
 2253 0008 0446     		mov	r4, r0
 2254 000a 0D46     		mov	r5, r1
 2255              		.loc 1 545 3 discriminator 1 view .LVU616
 2256 000c 13B1     		cbz	r3, .L104
 2257              		.loc 1 545 3 is_stmt 1 discriminator 3 view .LVU617
 2258 000e 0848     		ldr	r0, .L110+4
 2259              	.LVL136:
 2260              		.loc 1 545 3 is_stmt 0 discriminator 3 view .LVU618
 2261 0010 FFF7FEFF 		bl	chSysHalt
 2262              	.LVL137:
 2263              	.L104:
 2264              		.loc 1 545 3 is_stmt 1 discriminator 5 view .LVU619
 2265              		.loc 1 547 3 view .LVU620
 2266              		.loc 1 547 6 is_stmt 0 view .LVU621
 2267 0014 3DB1     		cbz	r5, .L105
 2268              		.loc 1 551 3 is_stmt 1 view .LVU622
 2269              		.loc 1 551 8 is_stmt 0 view .LVU623
 2270 0016 2660     		str	r6, [r4]
 2271              		.loc 1 552 3 is_stmt 1 view .LVU624
 2272              		.loc 1 554 10 is_stmt 0 view .LVU625
 2273 0018 2946     		mov	r1, r5
 2274              		.loc 1 552 17 view .LVU626
 2275 001a 3462     		str	r4, [r6, #32]
 2276              		.loc 1 554 3 is_stmt 1 view .LVU627
 2277              		.loc 1 554 10 is_stmt 0 view .LVU628
 2278 001c 0320     		movs	r0, #3
 2279              		.loc 1 555 1 view .LVU629
 2280 001e BDE87040 		pop	{r4, r5, r6, lr}
ARM GAS  /tmp/cctmACj5.s 			page 41


 2281              		.cfi_remember_state
 2282              		.cfi_restore 14
 2283              		.cfi_restore 6
 2284              		.cfi_restore 5
 2285              		.cfi_restore 4
 2286              		.cfi_def_cfa_offset 0
 2287              	.LVL138:
 2288              		.loc 1 554 10 view .LVU630
 2289 0022 FFF7FEBF 		b	chSchGoSleepTimeoutS
 2290              	.LVL139:
 2291              	.L105:
 2292              		.cfi_restore_state
 2293              		.loc 1 555 1 view .LVU631
 2294 0026 4FF0FF30 		mov	r0, #-1
 2295 002a 70BD     		pop	{r4, r5, r6, pc}
 2296              	.LVL140:
 2297              	.L111:
 2298              		.loc 1 555 1 view .LVU632
 2299              		.align	2
 2300              	.L110:
 2301 002c 00000000 		.word	ch
 2302 0030 00000000 		.word	__func__.3
 2303              		.cfi_endproc
 2304              	.LFE199:
 2305              		.size	chThdSuspendTimeoutS, .-chThdSuspendTimeoutS
 2306              		.section	.text.chThdResumeI,"ax",%progbits
 2307              		.align	1
 2308              		.p2align 4,,15
 2309              		.global	chThdResumeI
 2310              		.syntax unified
 2311              		.thumb
 2312              		.thumb_func
 2313              		.type	chThdResumeI, %function
 2314              	chThdResumeI:
 2315              	.LVL141:
 2316              	.LFB200:
 2317              		.loc 1 567 55 is_stmt 1 view -0
 2318              		.cfi_startproc
 2319              		@ args = 0, pretend = 0, frame = 0
 2320              		@ frame_needed = 0, uses_anonymous_args = 0
 2321              		.loc 1 569 3 view .LVU634
 2322              		.loc 1 567 55 is_stmt 0 view .LVU635
 2323 0000 70B5     		push	{r4, r5, r6, lr}
 2324              		.cfi_def_cfa_offset 16
 2325              		.cfi_offset 4, -16
 2326              		.cfi_offset 5, -12
 2327              		.cfi_offset 6, -8
 2328              		.cfi_offset 14, -4
 2329              		.loc 1 569 7 view .LVU636
 2330 0002 0568     		ldr	r5, [r0]
 2331              		.loc 1 569 6 view .LVU637
 2332 0004 85B1     		cbz	r5, .L112
 2333              	.LBB439:
 2334              		.loc 1 572 5 discriminator 1 view .LVU638
 2335 0006 2B7F     		ldrb	r3, [r5, #28]	@ zero_extendqisi2
 2336 0008 032B     		cmp	r3, #3
 2337 000a 0446     		mov	r4, r0
ARM GAS  /tmp/cctmACj5.s 			page 42


 2338 000c 0E46     		mov	r6, r1
 2339              		.loc 1 570 5 is_stmt 1 view .LVU639
 2340              	.LVL142:
 2341              		.loc 1 572 5 view .LVU640
 2342              		.loc 1 572 5 view .LVU641
 2343              		.loc 1 572 5 discriminator 1 view .LVU642
 2344 000e 07D1     		bne	.L119
 2345              	.LVL143:
 2346              	.L114:
 2347              		.loc 1 572 5 discriminator 5 view .LVU643
 2348              		.loc 1 575 5 view .LVU644
 2349              		.loc 1 575 10 is_stmt 0 view .LVU645
 2350 0010 0023     		movs	r3, #0
 2351 0012 2360     		str	r3, [r4]
 2352              		.loc 1 576 5 is_stmt 1 view .LVU646
 2353              		.loc 1 577 12 is_stmt 0 view .LVU647
 2354 0014 2846     		mov	r0, r5
 2355              		.loc 1 576 20 view .LVU648
 2356 0016 2E62     		str	r6, [r5, #32]
 2357              		.loc 1 577 5 is_stmt 1 view .LVU649
 2358              	.LBE439:
 2359              		.loc 1 579 1 is_stmt 0 view .LVU650
 2360 0018 BDE87040 		pop	{r4, r5, r6, lr}
 2361              		.cfi_remember_state
 2362              		.cfi_restore 14
 2363              		.cfi_restore 6
 2364              		.cfi_restore 5
 2365              		.cfi_restore 4
 2366              		.cfi_def_cfa_offset 0
 2367              	.LVL144:
 2368              	.LBB440:
 2369              		.loc 1 577 12 view .LVU651
 2370 001c FFF7FEBF 		b	chSchReadyI
 2371              	.LVL145:
 2372              	.L119:
 2373              		.cfi_restore_state
 2374              		.loc 1 572 5 is_stmt 1 discriminator 3 view .LVU652
 2375 0020 0248     		ldr	r0, .L120
 2376              	.LVL146:
 2377              		.loc 1 572 5 is_stmt 0 discriminator 3 view .LVU653
 2378 0022 FFF7FEFF 		bl	chSysHalt
 2379              	.LVL147:
 2380              		.loc 1 572 5 discriminator 3 view .LVU654
 2381 0026 F3E7     		b	.L114
 2382              	.LVL148:
 2383              	.L112:
 2384              		.loc 1 572 5 discriminator 3 view .LVU655
 2385              	.LBE440:
 2386              		.loc 1 579 1 view .LVU656
 2387 0028 70BD     		pop	{r4, r5, r6, pc}
 2388              	.L121:
 2389 002a 00BF     		.align	2
 2390              	.L120:
 2391 002c 00000000 		.word	__func__.2
 2392              		.cfi_endproc
 2393              	.LFE200:
 2394              		.size	chThdResumeI, .-chThdResumeI
ARM GAS  /tmp/cctmACj5.s 			page 43


 2395              		.section	.text.chThdResumeS,"ax",%progbits
 2396              		.align	1
 2397              		.p2align 4,,15
 2398              		.global	chThdResumeS
 2399              		.syntax unified
 2400              		.thumb
 2401              		.thumb_func
 2402              		.type	chThdResumeS, %function
 2403              	chThdResumeS:
 2404              	.LVL149:
 2405              	.LFB201:
 2406              		.loc 1 591 55 is_stmt 1 view -0
 2407              		.cfi_startproc
 2408              		@ args = 0, pretend = 0, frame = 0
 2409              		@ frame_needed = 0, uses_anonymous_args = 0
 2410              		.loc 1 593 3 view .LVU658
 2411              		.loc 1 591 55 is_stmt 0 view .LVU659
 2412 0000 70B5     		push	{r4, r5, r6, lr}
 2413              		.cfi_def_cfa_offset 16
 2414              		.cfi_offset 4, -16
 2415              		.cfi_offset 5, -12
 2416              		.cfi_offset 6, -8
 2417              		.cfi_offset 14, -4
 2418              		.loc 1 593 7 view .LVU660
 2419 0002 0668     		ldr	r6, [r0]
 2420              		.loc 1 593 6 view .LVU661
 2421 0004 86B1     		cbz	r6, .L122
 2422              	.LBB442:
 2423              		.loc 1 596 5 discriminator 1 view .LVU662
 2424 0006 337F     		ldrb	r3, [r6, #28]	@ zero_extendqisi2
 2425 0008 032B     		cmp	r3, #3
 2426 000a 0446     		mov	r4, r0
 2427 000c 0D46     		mov	r5, r1
 2428              		.loc 1 594 5 is_stmt 1 view .LVU663
 2429              	.LVL150:
 2430              		.loc 1 596 5 view .LVU664
 2431              		.loc 1 596 5 view .LVU665
 2432              		.loc 1 596 5 discriminator 1 view .LVU666
 2433 000e 07D1     		bne	.L129
 2434              	.LVL151:
 2435              	.L124:
 2436              		.loc 1 596 5 discriminator 5 view .LVU667
 2437              		.loc 1 599 5 view .LVU668
 2438              		.loc 1 599 10 is_stmt 0 view .LVU669
 2439 0010 0023     		movs	r3, #0
 2440 0012 2360     		str	r3, [r4]
 2441              		.loc 1 600 5 is_stmt 1 view .LVU670
 2442 0014 2946     		mov	r1, r5
 2443 0016 3046     		mov	r0, r6
 2444              	.LBE442:
 2445              		.loc 1 602 1 is_stmt 0 view .LVU671
 2446 0018 BDE87040 		pop	{r4, r5, r6, lr}
 2447              		.cfi_remember_state
 2448              		.cfi_restore 14
 2449              		.cfi_restore 6
 2450              		.cfi_restore 5
 2451              		.cfi_restore 4
ARM GAS  /tmp/cctmACj5.s 			page 44


 2452              		.cfi_def_cfa_offset 0
 2453              	.LVL152:
 2454              	.LBB443:
 2455              		.loc 1 600 5 view .LVU672
 2456 001c FFF7FEBF 		b	chSchWakeupS
 2457              	.LVL153:
 2458              	.L129:
 2459              		.cfi_restore_state
 2460              		.loc 1 596 5 is_stmt 1 discriminator 3 view .LVU673
 2461 0020 0248     		ldr	r0, .L130
 2462              	.LVL154:
 2463              		.loc 1 596 5 is_stmt 0 discriminator 3 view .LVU674
 2464 0022 FFF7FEFF 		bl	chSysHalt
 2465              	.LVL155:
 2466              		.loc 1 596 5 discriminator 3 view .LVU675
 2467 0026 F3E7     		b	.L124
 2468              	.LVL156:
 2469              	.L122:
 2470              		.loc 1 596 5 discriminator 3 view .LVU676
 2471              	.LBE443:
 2472              		.loc 1 602 1 view .LVU677
 2473 0028 70BD     		pop	{r4, r5, r6, pc}
 2474              	.L131:
 2475 002a 00BF     		.align	2
 2476              	.L130:
 2477 002c 00000000 		.word	__func__.1
 2478              		.cfi_endproc
 2479              	.LFE201:
 2480              		.size	chThdResumeS, .-chThdResumeS
 2481              		.section	.text.chThdResume,"ax",%progbits
 2482              		.align	1
 2483              		.p2align 4,,15
 2484              		.global	chThdResume
 2485              		.syntax unified
 2486              		.thumb
 2487              		.thumb_func
 2488              		.type	chThdResume, %function
 2489              	chThdResume:
 2490              	.LVL157:
 2491              	.LFB202:
 2492              		.loc 1 614 54 is_stmt 1 view -0
 2493              		.cfi_startproc
 2494              		@ args = 0, pretend = 0, frame = 0
 2495              		@ frame_needed = 0, uses_anonymous_args = 0
 2496              		.loc 1 616 3 view .LVU679
 2497              	.LBB457:
 2498              	.LBI457:
 2499              		.loc 2 346 20 view .LVU680
 2500              	.LBB458:
 2501              		.loc 2 348 3 view .LVU681
 2502              	.LBB459:
 2503              	.LBI459:
 2504              		.loc 3 444 20 view .LVU682
 2505              		.loc 3 447 3 view .LVU683
 2506              	.LBB460:
 2507              	.LBI460:
 2508              		.loc 4 544 57 view .LVU684
ARM GAS  /tmp/cctmACj5.s 			page 45


 2509              	.LBB461:
 2510              		.loc 4 546 3 view .LVU685
 2511              	.LBE461:
 2512              	.LBE460:
 2513              	.LBE459:
 2514              	.LBE458:
 2515              	.LBE457:
 2516              		.loc 1 614 54 is_stmt 0 view .LVU686
 2517 0000 70B5     		push	{r4, r5, r6, lr}
 2518              		.cfi_def_cfa_offset 16
 2519              		.cfi_offset 4, -16
 2520              		.cfi_offset 5, -12
 2521              		.cfi_offset 6, -8
 2522              		.cfi_offset 14, -4
 2523              	.LBB470:
 2524              	.LBB468:
 2525              	.LBB466:
 2526              	.LBB464:
 2527              	.LBB462:
 2528              		.loc 4 546 3 view .LVU687
 2529 0002 2023     		movs	r3, #32
 2530              	.LBE462:
 2531              	.LBE464:
 2532              	.LBE466:
 2533              	.LBE468:
 2534              	.LBE470:
 2535              		.loc 1 614 54 view .LVU688
 2536 0004 0446     		mov	r4, r0
 2537 0006 0D46     		mov	r5, r1
 2538              	.LBB471:
 2539              	.LBB469:
 2540              	.LBB467:
 2541              	.LBB465:
 2542              	.LBB463:
 2543              		.loc 4 546 3 view .LVU689
 2544              		.syntax unified
 2545              	@ 546 "../RC_Controller/ChibiOS_3.0.5/os/ext/CMSIS/include/core_cmFunc.h" 1
 2546 0008 83F31188 		MSR basepri, r3
 2547              	@ 0 "" 2
 2548              	.LVL158:
 2549              		.loc 4 546 3 view .LVU690
 2550              		.thumb
 2551              		.syntax unified
 2552              	.LBE463:
 2553              	.LBE465:
 2554              	.LBE467:
 2555              		.loc 2 349 34 is_stmt 1 view .LVU691
 2556              		.loc 2 350 3 view .LVU692
 2557 000c FFF7FEFF 		bl	_dbg_check_lock
 2558              	.LVL159:
 2559              		.loc 2 350 3 is_stmt 0 view .LVU693
 2560              	.LBE469:
 2561              	.LBE471:
 2562              		.loc 1 617 3 is_stmt 1 view .LVU694
 2563              	.LBB472:
 2564              	.LBI472:
 2565              		.loc 1 591 6 view .LVU695
ARM GAS  /tmp/cctmACj5.s 			page 46


 2566              	.LBB473:
 2567              		.loc 1 593 3 view .LVU696
 2568              		.loc 1 593 7 is_stmt 0 view .LVU697
 2569 0010 2668     		ldr	r6, [r4]
 2570              		.loc 1 593 6 view .LVU698
 2571 0012 46B1     		cbz	r6, .L133
 2572              	.LBB474:
 2573              		.loc 1 594 5 is_stmt 1 view .LVU699
 2574              	.LVL160:
 2575              		.loc 1 596 5 view .LVU700
 2576              		.loc 1 596 5 view .LVU701
 2577              		.loc 1 596 5 discriminator 1 view .LVU702
 2578 0014 337F     		ldrb	r3, [r6, #28]	@ zero_extendqisi2
 2579 0016 032B     		cmp	r3, #3
 2580 0018 14D1     		bne	.L143
 2581              	.L134:
 2582              		.loc 1 596 5 discriminator 5 view .LVU703
 2583              		.loc 1 599 5 view .LVU704
 2584              		.loc 1 599 10 is_stmt 0 view .LVU705
 2585 001a 0023     		movs	r3, #0
 2586 001c 2360     		str	r3, [r4]
 2587              		.loc 1 600 5 is_stmt 1 view .LVU706
 2588 001e 2946     		mov	r1, r5
 2589 0020 3046     		mov	r0, r6
 2590 0022 FFF7FEFF 		bl	chSchWakeupS
 2591              	.LVL161:
 2592              	.L133:
 2593              		.loc 1 600 5 is_stmt 0 view .LVU707
 2594              	.LBE474:
 2595              	.LBE473:
 2596              	.LBE472:
 2597              		.loc 1 618 3 is_stmt 1 view .LVU708
 2598              	.LBB477:
 2599              	.LBI477:
 2600              		.loc 2 358 20 view .LVU709
 2601              	.LBB478:
 2602              		.loc 2 360 3 view .LVU710
 2603 0026 FFF7FEFF 		bl	_dbg_check_unlock
 2604              	.LVL162:
 2605              		.loc 2 361 33 view .LVU711
 2606              		.loc 2 367 3 view .LVU712
 2607              		.loc 2 367 3 view .LVU713
 2608              		.loc 2 367 3 discriminator 1 view .LVU714
 2609 002a 0C4B     		ldr	r3, .L145
 2610 002c 1A68     		ldr	r2, [r3]
 2611 002e 9A42     		cmp	r2, r3
 2612 0030 04D0     		beq	.L135
 2613              		.loc 2 367 3 is_stmt 0 discriminator 3 view .LVU715
 2614 0032 9969     		ldr	r1, [r3, #24]
 2615 0034 9368     		ldr	r3, [r2, #8]
 2616 0036 8A68     		ldr	r2, [r1, #8]
 2617 0038 9A42     		cmp	r2, r3
 2618 003a 07D3     		bcc	.L144
 2619              	.L135:
 2620              		.loc 2 367 3 is_stmt 1 discriminator 7 view .LVU716
 2621              		.loc 2 371 3 view .LVU717
 2622              	.LBB479:
ARM GAS  /tmp/cctmACj5.s 			page 47


 2623              	.LBI479:
 2624              		.loc 3 458 20 view .LVU718
 2625              		.loc 3 461 3 view .LVU719
 2626              	.LVL163:
 2627              	.LBB480:
 2628              	.LBI480:
 2629              		.loc 4 544 57 view .LVU720
 2630              	.LBB481:
 2631              		.loc 4 546 3 view .LVU721
 2632 003c 0023     		movs	r3, #0
 2633              		.syntax unified
 2634              	@ 546 "../RC_Controller/ChibiOS_3.0.5/os/ext/CMSIS/include/core_cmFunc.h" 1
 2635 003e 83F31188 		MSR basepri, r3
 2636              	@ 0 "" 2
 2637              	.LVL164:
 2638              		.loc 4 546 3 is_stmt 0 view .LVU722
 2639              		.thumb
 2640              		.syntax unified
 2641              	.LBE481:
 2642              	.LBE480:
 2643              	.LBE479:
 2644              	.LBE478:
 2645              	.LBE477:
 2646              		.loc 1 619 1 view .LVU723
 2647 0042 70BD     		pop	{r4, r5, r6, pc}
 2648              	.LVL165:
 2649              	.L143:
 2650              	.LBB486:
 2651              	.LBB476:
 2652              	.LBB475:
 2653              		.loc 1 596 5 is_stmt 1 discriminator 3 view .LVU724
 2654 0044 0648     		ldr	r0, .L145+4
 2655 0046 FFF7FEFF 		bl	chSysHalt
 2656              	.LVL166:
 2657 004a E6E7     		b	.L134
 2658              	.LVL167:
 2659              	.L144:
 2660              		.loc 1 596 5 is_stmt 0 discriminator 3 view .LVU725
 2661              	.LBE475:
 2662              	.LBE476:
 2663              	.LBE486:
 2664              	.LBB487:
 2665              	.LBB485:
 2666              		.loc 2 367 3 is_stmt 1 discriminator 5 view .LVU726
 2667 004c 0548     		ldr	r0, .L145+8
 2668 004e FFF7FEFF 		bl	chSysHalt
 2669              	.LVL168:
 2670              		.loc 2 367 3 discriminator 7 view .LVU727
 2671              		.loc 2 371 3 view .LVU728
 2672              	.LBB484:
 2673              		.loc 3 458 20 view .LVU729
 2674              		.loc 3 461 3 view .LVU730
 2675              	.LBB483:
 2676              		.loc 4 544 57 view .LVU731
 2677              	.LBB482:
 2678              		.loc 4 546 3 view .LVU732
 2679 0052 0023     		movs	r3, #0
ARM GAS  /tmp/cctmACj5.s 			page 48


 2680              		.syntax unified
 2681              	@ 546 "../RC_Controller/ChibiOS_3.0.5/os/ext/CMSIS/include/core_cmFunc.h" 1
 2682 0054 83F31188 		MSR basepri, r3
 2683              	@ 0 "" 2
 2684              	.LVL169:
 2685              		.loc 4 546 3 is_stmt 0 view .LVU733
 2686              		.thumb
 2687              		.syntax unified
 2688              	.LBE482:
 2689              	.LBE483:
 2690              	.LBE484:
 2691              	.LBE485:
 2692              	.LBE487:
 2693              		.loc 1 619 1 view .LVU734
 2694 0058 70BD     		pop	{r4, r5, r6, pc}
 2695              	.LVL170:
 2696              	.L146:
 2697              		.loc 1 619 1 view .LVU735
 2698 005a 00BF     		.align	2
 2699              	.L145:
 2700 005c 00000000 		.word	ch
 2701 0060 00000000 		.word	__func__.1
 2702 0064 00000000 		.word	__func__.9
 2703              		.cfi_endproc
 2704              	.LFE202:
 2705              		.size	chThdResume, .-chThdResume
 2706              		.section	.text.chThdEnqueueTimeoutS,"ax",%progbits
 2707              		.align	1
 2708              		.p2align 4,,15
 2709              		.global	chThdEnqueueTimeoutS
 2710              		.syntax unified
 2711              		.thumb
 2712              		.thumb_func
 2713              		.type	chThdEnqueueTimeoutS, %function
 2714              	chThdEnqueueTimeoutS:
 2715              	.LVL171:
 2716              	.LFB203:
 2717              		.loc 1 644 69 is_stmt 1 view -0
 2718              		.cfi_startproc
 2719              		@ args = 0, pretend = 0, frame = 0
 2720              		@ frame_needed = 0, uses_anonymous_args = 0
 2721              		.loc 1 646 3 view .LVU737
 2722              		.loc 1 644 69 is_stmt 0 view .LVU738
 2723 0000 10B5     		push	{r4, lr}
 2724              		.cfi_def_cfa_offset 8
 2725              		.cfi_offset 4, -8
 2726              		.cfi_offset 14, -4
 2727              		.loc 1 644 69 view .LVU739
 2728 0002 0C46     		mov	r4, r1
 2729              		.loc 1 646 6 view .LVU740
 2730 0004 51B1     		cbz	r1, .L148
 2731              		.loc 1 650 3 is_stmt 1 view .LVU741
 2732 0006 074B     		ldr	r3, .L150
 2733 0008 0146     		mov	r1, r0
 2734              	.LVL172:
 2735              		.loc 1 650 3 is_stmt 0 view .LVU742
 2736 000a 9869     		ldr	r0, [r3, #24]
ARM GAS  /tmp/cctmACj5.s 			page 49


 2737              	.LVL173:
 2738              		.loc 1 650 3 view .LVU743
 2739 000c FFF7FEFF 		bl	queue_insert
 2740              	.LVL174:
 2741              		.loc 1 652 3 is_stmt 1 view .LVU744
 2742              		.loc 1 652 10 is_stmt 0 view .LVU745
 2743 0010 2146     		mov	r1, r4
 2744 0012 0420     		movs	r0, #4
 2745              		.loc 1 653 1 view .LVU746
 2746 0014 BDE81040 		pop	{r4, lr}
 2747              		.cfi_remember_state
 2748              		.cfi_restore 14
 2749              		.cfi_restore 4
 2750              		.cfi_def_cfa_offset 0
 2751              	.LVL175:
 2752              		.loc 1 652 10 view .LVU747
 2753 0018 FFF7FEBF 		b	chSchGoSleepTimeoutS
 2754              	.LVL176:
 2755              	.L148:
 2756              		.cfi_restore_state
 2757              		.loc 1 653 1 view .LVU748
 2758 001c 4FF0FF30 		mov	r0, #-1
 2759              	.LVL177:
 2760              		.loc 1 653 1 view .LVU749
 2761 0020 10BD     		pop	{r4, pc}
 2762              	.L151:
 2763 0022 00BF     		.align	2
 2764              	.L150:
 2765 0024 00000000 		.word	ch
 2766              		.cfi_endproc
 2767              	.LFE203:
 2768              		.size	chThdEnqueueTimeoutS, .-chThdEnqueueTimeoutS
 2769              		.section	.text.chThdDequeueNextI,"ax",%progbits
 2770              		.align	1
 2771              		.p2align 4,,15
 2772              		.global	chThdDequeueNextI
 2773              		.syntax unified
 2774              		.thumb
 2775              		.thumb_func
 2776              		.type	chThdDequeueNextI, %function
 2777              	chThdDequeueNextI:
 2778              	.LVL178:
 2779              	.LFB204:
 2780              		.loc 1 664 57 is_stmt 1 view -0
 2781              		.cfi_startproc
 2782              		@ args = 0, pretend = 0, frame = 0
 2783              		@ frame_needed = 0, uses_anonymous_args = 0
 2784              		.loc 1 666 3 view .LVU751
 2785              	.LBB494:
 2786              	.LBI494:
 2787              		.loc 7 629 20 view .LVU752
 2788              	.LBB495:
 2789              		.loc 7 631 3 view .LVU753
 2790              		.loc 7 631 3 is_stmt 0 view .LVU754
 2791              	.LBE495:
 2792              	.LBE494:
 2793              		.loc 1 664 57 view .LVU755
ARM GAS  /tmp/cctmACj5.s 			page 50


 2794 0000 38B5     		push	{r3, r4, r5, lr}
 2795              		.cfi_def_cfa_offset 16
 2796              		.cfi_offset 3, -16
 2797              		.cfi_offset 4, -12
 2798              		.cfi_offset 5, -8
 2799              		.cfi_offset 14, -4
 2800              		.loc 1 666 6 discriminator 1 view .LVU756
 2801 0002 0368     		ldr	r3, [r0]
 2802 0004 8342     		cmp	r3, r0
 2803 0006 15D0     		beq	.L152
 2804 0008 0C46     		mov	r4, r1
 2805              		.loc 1 667 5 is_stmt 1 view .LVU757
 2806              	.LVL179:
 2807              	.LBB496:
 2808              	.LBI496:
 2809              		.loc 5 312 20 view .LVU758
 2810              	.LBB497:
 2811              		.loc 5 313 3 view .LVU759
 2812              		.loc 5 315 3 view .LVU760
 2813              		.loc 5 315 3 view .LVU761
 2814              		.loc 5 315 3 discriminator 1 view .LVU762
 2815              		.loc 5 315 3 discriminator 5 view .LVU763
 2816              		.loc 5 317 3 view .LVU764
 2817              		.loc 5 317 8 is_stmt 0 view .LVU765
 2818 000a FFF7FEFF 		bl	queue_fifo_remove
 2819              	.LVL180:
 2820              		.loc 5 319 3 discriminator 1 view .LVU766
 2821 000e 037F     		ldrb	r3, [r0, #28]	@ zero_extendqisi2
 2822 0010 042B     		cmp	r3, #4
 2823              		.loc 5 317 8 view .LVU767
 2824 0012 0546     		mov	r5, r0
 2825              	.LVL181:
 2826              		.loc 5 319 3 is_stmt 1 view .LVU768
 2827              		.loc 5 319 3 view .LVU769
 2828              		.loc 5 319 3 discriminator 1 view .LVU770
 2829 0014 05D1     		bne	.L159
 2830              		.loc 5 319 3 discriminator 5 view .LVU771
 2831              		.loc 5 321 3 view .LVU772
 2832              		.loc 5 321 18 is_stmt 0 view .LVU773
 2833 0016 2C62     		str	r4, [r5, #32]
 2834              		.loc 5 322 3 is_stmt 1 view .LVU774
 2835              		.loc 5 322 10 is_stmt 0 view .LVU775
 2836 0018 2846     		mov	r0, r5
 2837              		.loc 5 322 10 view .LVU776
 2838              	.LBE497:
 2839              	.LBE496:
 2840              		.loc 1 669 1 view .LVU777
 2841 001a BDE83840 		pop	{r3, r4, r5, lr}
 2842              		.cfi_remember_state
 2843              		.cfi_restore 14
 2844              		.cfi_restore 5
 2845              		.cfi_restore 4
 2846              		.cfi_restore 3
 2847              		.cfi_def_cfa_offset 0
 2848              	.LVL182:
 2849              	.LBB500:
 2850              	.LBB498:
ARM GAS  /tmp/cctmACj5.s 			page 51


 2851              		.loc 5 322 10 view .LVU778
 2852 001e FFF7FEBF 		b	chSchReadyI
 2853              	.LVL183:
 2854              	.L159:
 2855              		.cfi_restore_state
 2856              		.loc 5 319 3 is_stmt 1 discriminator 3 view .LVU779
 2857 0022 0548     		ldr	r0, .L160
 2858              	.LVL184:
 2859              		.loc 5 319 3 is_stmt 0 discriminator 3 view .LVU780
 2860 0024 FFF7FEFF 		bl	chSysHalt
 2861              	.LVL185:
 2862              		.loc 5 319 3 is_stmt 1 discriminator 5 view .LVU781
 2863              		.loc 5 321 3 view .LVU782
 2864              		.loc 5 321 18 is_stmt 0 view .LVU783
 2865 0028 2C62     		str	r4, [r5, #32]
 2866              		.loc 5 322 3 is_stmt 1 view .LVU784
 2867              		.loc 5 322 10 is_stmt 0 view .LVU785
 2868 002a 2846     		mov	r0, r5
 2869              	.LBE498:
 2870              	.LBE500:
 2871              		.loc 1 669 1 view .LVU786
 2872 002c BDE83840 		pop	{r3, r4, r5, lr}
 2873              		.cfi_remember_state
 2874              		.cfi_restore 14
 2875              		.cfi_restore 5
 2876              		.cfi_restore 4
 2877              		.cfi_restore 3
 2878              		.cfi_def_cfa_offset 0
 2879              	.LVL186:
 2880              	.LBB501:
 2881              	.LBB499:
 2882              		.loc 5 322 10 view .LVU787
 2883 0030 FFF7FEBF 		b	chSchReadyI
 2884              	.LVL187:
 2885              	.L152:
 2886              		.cfi_restore_state
 2887              		.loc 5 322 10 view .LVU788
 2888              	.LBE499:
 2889              	.LBE501:
 2890              		.loc 1 669 1 view .LVU789
 2891 0034 38BD     		pop	{r3, r4, r5, pc}
 2892              	.L161:
 2893 0036 00BF     		.align	2
 2894              	.L160:
 2895 0038 00000000 		.word	__func__.0
 2896              		.cfi_endproc
 2897              	.LFE204:
 2898              		.size	chThdDequeueNextI, .-chThdDequeueNextI
 2899              		.section	.text.chThdDequeueAllI,"ax",%progbits
 2900              		.align	1
 2901              		.p2align 4,,15
 2902              		.global	chThdDequeueAllI
 2903              		.syntax unified
 2904              		.thumb
 2905              		.thumb_func
 2906              		.type	chThdDequeueAllI, %function
 2907              	chThdDequeueAllI:
ARM GAS  /tmp/cctmACj5.s 			page 52


 2908              	.LVL188:
 2909              	.LFB205:
 2910              		.loc 1 679 56 is_stmt 1 view -0
 2911              		.cfi_startproc
 2912              		@ args = 0, pretend = 0, frame = 0
 2913              		@ frame_needed = 0, uses_anonymous_args = 0
 2914              		.loc 1 681 3 view .LVU791
 2915              		.loc 1 681 10 view .LVU792
 2916              	.LBB508:
 2917              	.LBI508:
 2918              		.loc 7 629 20 view .LVU793
 2919              	.LBB509:
 2920              		.loc 7 631 3 view .LVU794
 2921              		.loc 7 631 3 is_stmt 0 view .LVU795
 2922              	.LBE509:
 2923              	.LBE508:
 2924              		.loc 1 679 56 view .LVU796
 2925 0000 F8B5     		push	{r3, r4, r5, r6, r7, lr}
 2926              		.cfi_def_cfa_offset 24
 2927              		.cfi_offset 3, -24
 2928              		.cfi_offset 4, -20
 2929              		.cfi_offset 5, -16
 2930              		.cfi_offset 6, -12
 2931              		.cfi_offset 7, -8
 2932              		.cfi_offset 14, -4
 2933              		.loc 1 681 10 discriminator 1 view .LVU797
 2934 0002 0368     		ldr	r3, [r0]
 2935 0004 9842     		cmp	r0, r3
 2936 0006 13D0     		beq	.L162
 2937              	.LBB511:
 2938              	.LBB512:
 2939              		.loc 5 319 3 discriminator 3 view .LVU798
 2940 0008 0A4F     		ldr	r7, .L171
 2941 000a 0546     		mov	r5, r0
 2942 000c 0E46     		mov	r6, r1
 2943              	.LVL189:
 2944              	.L165:
 2945              		.loc 5 319 3 discriminator 3 view .LVU799
 2946              	.LBE512:
 2947              	.LBE511:
 2948              		.loc 1 682 5 is_stmt 1 view .LVU800
 2949              	.LBB514:
 2950              	.LBI511:
 2951              		.loc 5 312 20 view .LVU801
 2952              	.LBB513:
 2953              		.loc 5 313 3 view .LVU802
 2954              		.loc 5 315 3 view .LVU803
 2955              		.loc 5 315 3 view .LVU804
 2956              		.loc 5 315 3 discriminator 1 view .LVU805
 2957              		.loc 5 315 3 discriminator 5 view .LVU806
 2958              		.loc 5 317 3 view .LVU807
 2959              		.loc 5 317 8 is_stmt 0 view .LVU808
 2960 000e 2846     		mov	r0, r5
 2961 0010 FFF7FEFF 		bl	queue_fifo_remove
 2962              	.LVL190:
 2963              		.loc 5 319 3 is_stmt 1 discriminator 3 view .LVU809
 2964              		.loc 5 317 8 is_stmt 0 view .LVU810
ARM GAS  /tmp/cctmACj5.s 			page 53


 2965 0014 0446     		mov	r4, r0
 2966              	.LVL191:
 2967              		.loc 5 319 3 is_stmt 1 view .LVU811
 2968              		.loc 5 319 3 view .LVU812
 2969              		.loc 5 319 3 discriminator 1 view .LVU813
 2970              		.loc 5 319 3 is_stmt 0 discriminator 3 view .LVU814
 2971 0016 3846     		mov	r0, r7
 2972              	.LVL192:
 2973              		.loc 5 319 3 discriminator 1 view .LVU815
 2974 0018 237F     		ldrb	r3, [r4, #28]	@ zero_extendqisi2
 2975 001a 042B     		cmp	r3, #4
 2976 001c 01D0     		beq	.L164
 2977              		.loc 5 319 3 discriminator 3 view .LVU816
 2978 001e FFF7FEFF 		bl	chSysHalt
 2979              	.LVL193:
 2980              	.L164:
 2981              		.loc 5 319 3 is_stmt 1 discriminator 5 view .LVU817
 2982              		.loc 5 321 3 view .LVU818
 2983              		.loc 5 321 18 is_stmt 0 view .LVU819
 2984 0022 2662     		str	r6, [r4, #32]
 2985              		.loc 5 322 3 is_stmt 1 view .LVU820
 2986              		.loc 5 322 10 is_stmt 0 view .LVU821
 2987 0024 2046     		mov	r0, r4
 2988 0026 FFF7FEFF 		bl	chSchReadyI
 2989              	.LVL194:
 2990              		.loc 5 322 10 view .LVU822
 2991              	.LBE513:
 2992              	.LBE514:
 2993              		.loc 1 681 10 is_stmt 1 view .LVU823
 2994              	.LBB515:
 2995              		.loc 7 629 20 view .LVU824
 2996              	.LBB510:
 2997              		.loc 7 631 3 view .LVU825
 2998              		.loc 7 631 3 is_stmt 0 view .LVU826
 2999              	.LBE510:
 3000              	.LBE515:
 3001              		.loc 1 681 10 discriminator 1 view .LVU827
 3002 002a 2B68     		ldr	r3, [r5]
 3003 002c 9D42     		cmp	r5, r3
 3004 002e EED1     		bne	.L165
 3005              	.LVL195:
 3006              	.L162:
 3007              		.loc 1 684 1 view .LVU828
 3008 0030 F8BD     		pop	{r3, r4, r5, r6, r7, pc}
 3009              	.L172:
 3010 0032 00BF     		.align	2
 3011              	.L171:
 3012 0034 00000000 		.word	__func__.0
 3013              		.cfi_endproc
 3014              	.LFE205:
 3015              		.size	chThdDequeueAllI, .-chThdDequeueAllI
 3016              		.section	.rodata.__func__.0,"a"
 3017              		.align	2
 3018              		.type	__func__.0, %object
 3019              		.size	__func__.0, 20
 3020              	__func__.0:
 3021 0000 63685468 		.ascii	"chThdDoDequeueNextI\000"
ARM GAS  /tmp/cctmACj5.s 			page 54


 3021      64446F44 
 3021      65717565 
 3021      75654E65 
 3021      78744900 
 3022              		.section	.rodata.__func__.1,"a"
 3023              		.align	2
 3024              		.type	__func__.1, %object
 3025              		.size	__func__.1, 13
 3026              	__func__.1:
 3027 0000 63685468 		.ascii	"chThdResumeS\000"
 3027      64526573 
 3027      756D6553 
 3027      00
 3028              		.section	.rodata.__func__.2,"a"
 3029              		.align	2
 3030              		.type	__func__.2, %object
 3031              		.size	__func__.2, 13
 3032              	__func__.2:
 3033 0000 63685468 		.ascii	"chThdResumeI\000"
 3033      64526573 
 3033      756D6549 
 3033      00
 3034              		.section	.rodata.__func__.3,"a"
 3035              		.align	2
 3036              		.type	__func__.3, %object
 3037              		.size	__func__.3, 21
 3038              	__func__.3:
 3039 0000 63685468 		.ascii	"chThdSuspendTimeoutS\000"
 3039      64537573 
 3039      70656E64 
 3039      54696D65 
 3039      6F757453 
 3040              		.section	.rodata.__func__.4,"a"
 3041              		.align	2
 3042              		.type	__func__.4, %object
 3043              		.size	__func__.4, 14
 3044              	__func__.4:
 3045 0000 63685468 		.ascii	"chThdSuspendS\000"
 3045      64537573 
 3045      70656E64 
 3045      5300
 3046              		.section	.rodata.__func__.5,"a"
 3047              		.align	2
 3048              		.type	__func__.5, %object
 3049              		.size	__func__.5, 11
 3050              	__func__.5:
 3051 0000 63685468 		.ascii	"chThdExitS\000"
 3051      64457869 
 3051      745300
 3052              		.section	.rodata.__func__.6,"a"
 3053              		.align	2
 3054              		.type	__func__.6, %object
 3055              		.size	__func__.6, 12
 3056              	__func__.6:
 3057 0000 63685468 		.ascii	"chThdSleepS\000"
 3057      64536C65 
 3057      65705300 
ARM GAS  /tmp/cctmACj5.s 			page 55


 3058              		.section	.rodata.__func__.7,"a"
 3059              		.align	2
 3060              		.type	__func__.7, %object
 3061              		.size	__func__.7, 17
 3062              	__func__.7:
 3063 0000 63685468 		.ascii	"chThdSetPriority\000"
 3063      64536574 
 3063      5072696F 
 3063      72697479 
 3063      00
 3064              		.section	.rodata.__func__.8,"a"
 3065              		.align	2
 3066              		.type	__func__.8, %object
 3067              		.size	__func__.8, 12
 3068              	__func__.8:
 3069 0000 63685468 		.ascii	"chThdStartI\000"
 3069      64537461 
 3069      72744900 
 3070              		.section	.rodata.__func__.9,"a"
 3071              		.align	2
 3072              		.type	__func__.9, %object
 3073              		.size	__func__.9, 12
 3074              	__func__.9:
 3075 0000 63685379 		.ascii	"chSysUnlock\000"
 3075      73556E6C 
 3075      6F636B00 
 3076              		.section	.rodata.__func__.10,"a"
 3077              		.align	2
 3078              		.type	__func__.10, %object
 3079              		.size	__func__.10, 13
 3080              	__func__.10:
 3081 0000 63685468 		.ascii	"chThdCreateI\000"
 3081      64437265 
 3081      61746549 
 3081      00
 3082              		.text
 3083              	.Letext0:
 3084              		.file 8 "/opt/arm-gnu-toolchain-13.2.Rel1-x86_64-arm-none-eabi/lib/gcc/arm-none-eabi/13.2.1/includ
 3085              		.file 9 "/opt/arm-gnu-toolchain-13.2.Rel1-x86_64-arm-none-eabi/arm-none-eabi/include/machine/_defa
 3086              		.file 10 "/opt/arm-gnu-toolchain-13.2.Rel1-x86_64-arm-none-eabi/arm-none-eabi/include/sys/_stdint.
 3087              		.file 11 "../RC_Controller/ChibiOS_3.0.5/os/rt/ports/ARMCMx/compilers/GCC/chtypes.h"
 3088              		.file 12 "../RC_Controller/ChibiOS_3.0.5/os/rt/include/chsystypes.h"
 3089              		.file 13 "../RC_Controller/ChibiOS_3.0.5/os/rt/ports/ARMCMx/chcore.h"
 3090              		.file 14 "../RC_Controller/ChibiOS_3.0.5/os/rt/include/chtm.h"
 3091              		.file 15 "../RC_Controller/ChibiOS_3.0.5/os/rt/include/chsem.h"
 3092              		.file 16 "../RC_Controller/ChibiOS_3.0.5/os/rt/include/chmtx.h"
 3093              		.file 17 "../RC_Controller/ChibiOS_3.0.5/os/rt/include/chdebug.h"
 3094              		.section	.debug_info,"",%progbits
 3095              	.Ldebug_info0:
 3096 0000 C61C0000 		.4byte	0x1cc6
 3097 0004 0500     		.2byte	0x5
 3098 0006 01       		.byte	0x1
 3099 0007 04       		.byte	0x4
 3100 0008 00000000 		.4byte	.Ldebug_abbrev0
 3101 000c 3A       		.uleb128 0x3a
 3102 000d 19010000 		.4byte	.LASF155
 3103 0011 0C       		.byte	0xc
ARM GAS  /tmp/cctmACj5.s 			page 56


 3104 0012 0E050000 		.4byte	.LASF156
 3105 0016 A1050000 		.4byte	.LASF157
 3106 001a C1020000 		.4byte	.LLRL136
 3107 001e 00000000 		.4byte	0
 3108 0022 00000000 		.4byte	.Ldebug_line0
 3109 0026 0E       		.uleb128 0xe
 3110 0027 08       		.byte	0x8
 3111 0028 07       		.byte	0x7
 3112 0029 B3000000 		.4byte	.LASF0
 3113 002d 0E       		.uleb128 0xe
 3114 002e 04       		.byte	0x4
 3115 002f 07       		.byte	0x7
 3116 0030 75030000 		.4byte	.LASF1
 3117 0034 3B       		.uleb128 0x3b
 3118 0035 04       		.byte	0x4
 3119 0036 05       		.byte	0x5
 3120 0037 696E7400 		.ascii	"int\000"
 3121 003b 04       		.uleb128 0x4
 3122 003c 2A000000 		.4byte	.LASF3
 3123 0040 08       		.byte	0x8
 3124 0041 D6       		.byte	0xd6
 3125 0042 17       		.byte	0x17
 3126 0043 2D000000 		.4byte	0x2d
 3127 0047 0E       		.uleb128 0xe
 3128 0048 01       		.byte	0x1
 3129 0049 06       		.byte	0x6
 3130 004a 42020000 		.4byte	.LASF2
 3131 004e 04       		.uleb128 0x4
 3132 004f 52000000 		.4byte	.LASF4
 3133 0053 09       		.byte	0x9
 3134 0054 2B       		.byte	0x2b
 3135 0055 18       		.byte	0x18
 3136 0056 5A000000 		.4byte	0x5a
 3137 005a 0E       		.uleb128 0xe
 3138 005b 01       		.byte	0x1
 3139 005c 08       		.byte	0x8
 3140 005d 21060000 		.4byte	.LASF5
 3141 0061 0E       		.uleb128 0xe
 3142 0062 02       		.byte	0x2
 3143 0063 05       		.byte	0x5
 3144 0064 39060000 		.4byte	.LASF6
 3145 0068 0E       		.uleb128 0xe
 3146 0069 02       		.byte	0x2
 3147 006a 07       		.byte	0x7
 3148 006b C1030000 		.4byte	.LASF7
 3149 006f 04       		.uleb128 0x4
 3150 0070 5E040000 		.4byte	.LASF8
 3151 0074 09       		.byte	0x9
 3152 0075 4D       		.byte	0x4d
 3153 0076 18       		.byte	0x18
 3154 0077 7B000000 		.4byte	0x7b
 3155 007b 0E       		.uleb128 0xe
 3156 007c 04       		.byte	0x4
 3157 007d 05       		.byte	0x5
 3158 007e AE020000 		.4byte	.LASF9
 3159 0082 04       		.uleb128 0x4
 3160 0083 5E070000 		.4byte	.LASF10
ARM GAS  /tmp/cctmACj5.s 			page 57


 3161 0087 09       		.byte	0x9
 3162 0088 4F       		.byte	0x4f
 3163 0089 19       		.byte	0x19
 3164 008a 8E000000 		.4byte	0x8e
 3165 008e 0E       		.uleb128 0xe
 3166 008f 04       		.byte	0x4
 3167 0090 07       		.byte	0x7
 3168 0091 F0060000 		.4byte	.LASF11
 3169 0095 0E       		.uleb128 0xe
 3170 0096 08       		.byte	0x8
 3171 0097 05       		.byte	0x5
 3172 0098 2E030000 		.4byte	.LASF12
 3173 009c 04       		.uleb128 0x4
 3174 009d 96050000 		.4byte	.LASF13
 3175 00a1 09       		.byte	0x9
 3176 00a2 69       		.byte	0x69
 3177 00a3 19       		.byte	0x19
 3178 00a4 26000000 		.4byte	0x26
 3179 00a8 04       		.uleb128 0x4
 3180 00a9 CC070000 		.4byte	.LASF14
 3181 00ad 0A       		.byte	0xa
 3182 00ae 18       		.byte	0x18
 3183 00af 13       		.byte	0x13
 3184 00b0 4E000000 		.4byte	0x4e
 3185 00b4 04       		.uleb128 0x4
 3186 00b5 19060000 		.4byte	.LASF15
 3187 00b9 0A       		.byte	0xa
 3188 00ba 2C       		.byte	0x2c
 3189 00bb 13       		.byte	0x13
 3190 00bc 6F000000 		.4byte	0x6f
 3191 00c0 04       		.uleb128 0x4
 3192 00c1 CC060000 		.4byte	.LASF16
 3193 00c5 0A       		.byte	0xa
 3194 00c6 30       		.byte	0x30
 3195 00c7 14       		.byte	0x14
 3196 00c8 82000000 		.4byte	0x82
 3197 00cc 04       		.uleb128 0x4
 3198 00cd 38000000 		.4byte	.LASF17
 3199 00d1 0A       		.byte	0xa
 3200 00d2 3C       		.byte	0x3c
 3201 00d3 14       		.byte	0x14
 3202 00d4 9C000000 		.4byte	0x9c
 3203 00d8 04       		.uleb128 0x4
 3204 00d9 9A040000 		.4byte	.LASF18
 3205 00dd 0B       		.byte	0xb
 3206 00de 45       		.byte	0x45
 3207 00df 1D       		.byte	0x1d
 3208 00e0 C0000000 		.4byte	0xc0
 3209 00e4 04       		.uleb128 0x4
 3210 00e5 63060000 		.4byte	.LASF19
 3211 00e9 0B       		.byte	0xb
 3212 00ea 48       		.byte	0x48
 3213 00eb 1D       		.byte	0x1d
 3214 00ec A8000000 		.4byte	0xa8
 3215 00f0 04       		.uleb128 0x4
 3216 00f1 B7020000 		.4byte	.LASF20
 3217 00f5 0B       		.byte	0xb
ARM GAS  /tmp/cctmACj5.s 			page 58


 3218 00f6 49       		.byte	0x49
 3219 00f7 1D       		.byte	0x1d
 3220 00f8 A8000000 		.4byte	0xa8
 3221 00fc 04       		.uleb128 0x4
 3222 00fd 87020000 		.4byte	.LASF21
 3223 0101 0B       		.byte	0xb
 3224 0102 4B       		.byte	0x4b
 3225 0103 1D       		.byte	0x1d
 3226 0104 A8000000 		.4byte	0xa8
 3227 0108 04       		.uleb128 0x4
 3228 0109 F4050000 		.4byte	.LASF22
 3229 010d 0B       		.byte	0xb
 3230 010e 4C       		.byte	0x4c
 3231 010f 1D       		.byte	0x1d
 3232 0110 C0000000 		.4byte	0xc0
 3233 0114 04       		.uleb128 0x4
 3234 0115 EB030000 		.4byte	.LASF23
 3235 0119 0B       		.byte	0xb
 3236 011a 4D       		.byte	0x4d
 3237 011b 1D       		.byte	0x1d
 3238 011c B4000000 		.4byte	0xb4
 3239 0120 04       		.uleb128 0x4
 3240 0121 5C030000 		.4byte	.LASF24
 3241 0125 0B       		.byte	0xb
 3242 0126 51       		.byte	0x51
 3243 0127 1D       		.byte	0x1d
 3244 0128 B4000000 		.4byte	0xb4
 3245 012c 04       		.uleb128 0x4
 3246 012d 40070000 		.4byte	.LASF25
 3247 0131 0C       		.byte	0xc
 3248 0132 33       		.byte	0x33
 3249 0133 12       		.byte	0x12
 3250 0134 C0000000 		.4byte	0xc0
 3251 0138 30       		.uleb128 0x30
 3252 0139 2C010000 		.4byte	0x12c
 3253 013d 04       		.uleb128 0x4
 3254 013e 11070000 		.4byte	.LASF26
 3255 0142 0C       		.byte	0xc
 3256 0143 3F       		.byte	0x3f
 3257 0144 1A       		.byte	0x1a
 3258 0145 49010000 		.4byte	0x149
 3259 0149 1A       		.uleb128 0x1a
 3260 014a D4030000 		.4byte	.LASF41
 3261 014e 2C       		.byte	0x2c
 3262 014f 07       		.byte	0x7
 3263 0150 C2       		.byte	0xc2
 3264 0151 08       		.byte	0x8
 3265 0152 01020000 		.4byte	0x201
 3266 0156 09       		.uleb128 0x9
 3267 0157 5C060000 		.4byte	.LASF27
 3268 015b 07       		.byte	0x7
 3269 015c C3       		.byte	0xc3
 3270 015d 1A       		.byte	0x1a
 3271 015e 0D020000 		.4byte	0x20d
 3272 0162 00       		.byte	0
 3273 0163 09       		.uleb128 0x9
 3274 0164 ED050000 		.4byte	.LASF28
ARM GAS  /tmp/cctmACj5.s 			page 59


 3275 0168 07       		.byte	0x7
 3276 0169 C5       		.byte	0xc5
 3277 016a 1A       		.byte	0x1a
 3278 016b 0D020000 		.4byte	0x20d
 3279 016f 04       		.byte	0x4
 3280 0170 09       		.uleb128 0x9
 3281 0171 0A010000 		.4byte	.LASF29
 3282 0175 07       		.byte	0x7
 3283 0176 C7       		.byte	0xc7
 3284 0177 19       		.byte	0x19
 3285 0178 08010000 		.4byte	0x108
 3286 017c 08       		.byte	0x8
 3287 017d 09       		.uleb128 0x9
 3288 017e 5E080000 		.4byte	.LASF30
 3289 0182 07       		.byte	0x7
 3290 0183 C8       		.byte	0xc8
 3291 0184 19       		.byte	0x19
 3292 0185 3A040000 		.4byte	0x43a
 3293 0189 0C       		.byte	0xc
 3294 018a 09       		.uleb128 0x9
 3295 018b E2020000 		.4byte	.LASF31
 3296 018f 07       		.byte	0x7
 3297 0190 CA       		.byte	0xca
 3298 0191 1A       		.byte	0x1a
 3299 0192 0D020000 		.4byte	0x20d
 3300 0196 10       		.byte	0x10
 3301 0197 09       		.uleb128 0x9
 3302 0198 00050000 		.4byte	.LASF32
 3303 019c 07       		.byte	0x7
 3304 019d CB       		.byte	0xcb
 3305 019e 1A       		.byte	0x1a
 3306 019f 0D020000 		.4byte	0x20d
 3307 01a3 14       		.byte	0x14
 3308 01a4 09       		.uleb128 0x9
 3309 01a5 FC050000 		.4byte	.LASF33
 3310 01a9 07       		.byte	0x7
 3311 01aa D2       		.byte	0xd2
 3312 01ab 1A       		.byte	0x1a
 3313 01ac 96060000 		.4byte	0x696
 3314 01b0 18       		.byte	0x18
 3315 01b1 09       		.uleb128 0x9
 3316 01b2 43060000 		.4byte	.LASF34
 3317 01b6 07       		.byte	0x7
 3318 01b7 DD       		.byte	0xdd
 3319 01b8 19       		.byte	0x19
 3320 01b9 F0000000 		.4byte	0xf0
 3321 01bd 1C       		.byte	0x1c
 3322 01be 09       		.uleb128 0x9
 3323 01bf 6B060000 		.4byte	.LASF35
 3324 01c3 07       		.byte	0x7
 3325 01c4 E1       		.byte	0xe1
 3326 01c5 19       		.byte	0x19
 3327 01c6 E4000000 		.4byte	0xe4
 3328 01ca 1D       		.byte	0x1d
 3329 01cb 09       		.uleb128 0x9
 3330 01cc 4B060000 		.4byte	.LASF36
 3331 01d0 07       		.byte	0x7
ARM GAS  /tmp/cctmACj5.s 			page 60


 3332 01d1 EC       		.byte	0xec
 3333 01d2 19       		.byte	0x19
 3334 01d3 FC000000 		.4byte	0xfc
 3335 01d7 1E       		.byte	0x1e
 3336 01d8 0A       		.uleb128 0xa
 3337 01d9 705F7500 		.ascii	"p_u\000"
 3338 01dd 07       		.byte	0x7
 3339 01de 3101     		.2byte	0x131
 3340 01e0 19       		.byte	0x19
 3341 01e1 D8050000 		.4byte	0x5d8
 3342 01e5 20       		.byte	0x20
 3343 01e6 06       		.uleb128 0x6
 3344 01e7 2F060000 		.4byte	.LASF37
 3345 01eb 4D01     		.2byte	0x14d
 3346 01ed 1A       		.byte	0x1a
 3347 01ee 91060000 		.4byte	0x691
 3348 01f2 24       		.byte	0x24
 3349 01f3 06       		.uleb128 0x6
 3350 01f4 4A070000 		.4byte	.LASF38
 3351 01f8 5101     		.2byte	0x151
 3352 01fa 19       		.byte	0x19
 3353 01fb 08010000 		.4byte	0x108
 3354 01ff 28       		.byte	0x28
 3355 0200 00       		.byte	0
 3356 0201 04       		.uleb128 0x4
 3357 0202 A2040000 		.4byte	.LASF39
 3358 0206 0C       		.byte	0xc
 3359 0207 44       		.byte	0x44
 3360 0208 14       		.byte	0x14
 3361 0209 0D020000 		.4byte	0x20d
 3362 020d 0F       		.uleb128 0xf
 3363 020e 3D010000 		.4byte	0x13d
 3364 0212 04       		.uleb128 0x4
 3365 0213 97070000 		.4byte	.LASF40
 3366 0217 0C       		.byte	0xc
 3367 0218 50       		.byte	0x50
 3368 0219 21       		.byte	0x21
 3369 021a 23020000 		.4byte	0x223
 3370 021e 13       		.uleb128 0x13
 3371 021f 12020000 		.4byte	0x212
 3372 0223 1A       		.uleb128 0x1a
 3373 0224 F9000000 		.4byte	.LASF42
 3374 0228 08       		.byte	0x8
 3375 0229 07       		.byte	0x7
 3376 022a B7       		.byte	0xb7
 3377 022b 08       		.byte	0x8
 3378 022c 4B020000 		.4byte	0x24b
 3379 0230 09       		.uleb128 0x9
 3380 0231 5C060000 		.4byte	.LASF27
 3381 0235 07       		.byte	0x7
 3382 0236 B8       		.byte	0xb8
 3383 0237 1A       		.byte	0x1a
 3384 0238 0D020000 		.4byte	0x20d
 3385 023c 00       		.byte	0
 3386 023d 09       		.uleb128 0x9
 3387 023e ED050000 		.4byte	.LASF28
 3388 0242 07       		.byte	0x7
ARM GAS  /tmp/cctmACj5.s 			page 61


 3389 0243 B9       		.byte	0xb9
 3390 0244 1A       		.byte	0x1a
 3391 0245 0D020000 		.4byte	0x20d
 3392 0249 04       		.byte	0x4
 3393 024a 00       		.byte	0
 3394 024b 04       		.uleb128 0x4
 3395 024c 10000000 		.4byte	.LASF43
 3396 0250 0C       		.byte	0xc
 3397 0251 57       		.byte	0x57
 3398 0252 1E       		.byte	0x1e
 3399 0253 57020000 		.4byte	0x257
 3400 0257 1E       		.uleb128 0x1e
 3401 0258 50040000 		.4byte	.LASF44
 3402 025c 1C       		.byte	0x1c
 3403 025d 9001     		.2byte	0x190
 3404 025f B2020000 		.4byte	0x2b2
 3405 0263 06       		.uleb128 0x6
 3406 0264 DC060000 		.4byte	.LASF45
 3407 0268 9101     		.2byte	0x191
 3408 026a 19       		.byte	0x19
 3409 026b 12020000 		.4byte	0x212
 3410 026f 00       		.byte	0
 3411 0270 06       		.uleb128 0x6
 3412 0271 55060000 		.4byte	.LASF46
 3413 0275 9201     		.2byte	0x192
 3414 0277 19       		.byte	0x19
 3415 0278 08010000 		.4byte	0x108
 3416 027c 08       		.byte	0x8
 3417 027d 06       		.uleb128 0x6
 3418 027e 08050000 		.4byte	.LASF47
 3419 0282 9401     		.2byte	0x194
 3420 0284 19       		.byte	0x19
 3421 0285 3A040000 		.4byte	0x43a
 3422 0289 0C       		.byte	0xc
 3423 028a 06       		.uleb128 0x6
 3424 028b F1030000 		.4byte	.LASF48
 3425 028f 9701     		.2byte	0x197
 3426 0291 1A       		.byte	0x1a
 3427 0292 0D020000 		.4byte	0x20d
 3428 0296 10       		.byte	0x10
 3429 0297 06       		.uleb128 0x6
 3430 0298 65050000 		.4byte	.LASF49
 3431 029c 9801     		.2byte	0x198
 3432 029e 1A       		.byte	0x1a
 3433 029f 0D020000 		.4byte	0x20d
 3434 02a3 14       		.byte	0x14
 3435 02a4 06       		.uleb128 0x6
 3436 02a5 02070000 		.4byte	.LASF50
 3437 02a9 9B01     		.2byte	0x19b
 3438 02ab 1A       		.byte	0x1a
 3439 02ac 0D020000 		.4byte	0x20d
 3440 02b0 18       		.byte	0x18
 3441 02b1 00       		.byte	0
 3442 02b2 04       		.uleb128 0x4
 3443 02b3 55070000 		.4byte	.LASF51
 3444 02b7 0C       		.byte	0xc
 3445 02b8 5C       		.byte	0x5c
ARM GAS  /tmp/cctmACj5.s 			page 62


 3446 02b9 10       		.byte	0x10
 3447 02ba BE020000 		.4byte	0x2be
 3448 02be 0F       		.uleb128 0xf
 3449 02bf C3020000 		.4byte	0x2c3
 3450 02c3 3C       		.uleb128 0x3c
 3451 02c4 CE020000 		.4byte	0x2ce
 3452 02c8 10       		.uleb128 0x10
 3453 02c9 CE020000 		.4byte	0x2ce
 3454 02cd 00       		.byte	0
 3455 02ce 3D       		.uleb128 0x3d
 3456 02cf 04       		.byte	0x4
 3457 02d0 04       		.uleb128 0x4
 3458 02d1 DD050000 		.4byte	.LASF52
 3459 02d5 0C       		.byte	0xc
 3460 02d6 61       		.byte	0x61
 3461 02d7 21       		.byte	0x21
 3462 02d8 DC020000 		.4byte	0x2dc
 3463 02dc 1E       		.uleb128 0x1e
 3464 02dd 95060000 		.4byte	.LASF53
 3465 02e1 14       		.byte	0x14
 3466 02e2 6B01     		.2byte	0x16b
 3467 02e4 2A030000 		.4byte	0x32a
 3468 02e8 06       		.uleb128 0x6
 3469 02e9 8F030000 		.4byte	.LASF54
 3470 02ed 6C01     		.2byte	0x16c
 3471 02ef 1A       		.byte	0x1a
 3472 02f0 AC060000 		.4byte	0x6ac
 3473 02f4 00       		.byte	0
 3474 02f5 06       		.uleb128 0x6
 3475 02f6 19030000 		.4byte	.LASF55
 3476 02fa 6D01     		.2byte	0x16d
 3477 02fc 1A       		.byte	0x1a
 3478 02fd AC060000 		.4byte	0x6ac
 3479 0301 04       		.byte	0x4
 3480 0302 06       		.uleb128 0x6
 3481 0303 9E030000 		.4byte	.LASF56
 3482 0307 6E01     		.2byte	0x16e
 3483 0309 19       		.byte	0x19
 3484 030a 2C010000 		.4byte	0x12c
 3485 030e 08       		.byte	0x8
 3486 030f 06       		.uleb128 0x6
 3487 0310 64080000 		.4byte	.LASF57
 3488 0314 6F01     		.2byte	0x16f
 3489 0316 19       		.byte	0x19
 3490 0317 B2020000 		.4byte	0x2b2
 3491 031b 0C       		.byte	0xc
 3492 031c 06       		.uleb128 0x6
 3493 031d 90070000 		.4byte	.LASF58
 3494 0321 7101     		.2byte	0x171
 3495 0323 1A       		.byte	0x1a
 3496 0324 CE020000 		.4byte	0x2ce
 3497 0328 10       		.byte	0x10
 3498 0329 00       		.byte	0
 3499 032a 04       		.uleb128 0x4
 3500 032b DE000000 		.4byte	.LASF59
 3501 032f 0C       		.byte	0xc
 3502 0330 66       		.byte	0x66
ARM GAS  /tmp/cctmACj5.s 			page 63


 3503 0331 28       		.byte	0x28
 3504 0332 36030000 		.4byte	0x336
 3505 0336 1E       		.uleb128 0x1e
 3506 0337 C5040000 		.4byte	.LASF60
 3507 033b 10       		.byte	0x10
 3508 033c 7B01     		.2byte	0x17b
 3509 033e 77030000 		.4byte	0x377
 3510 0342 06       		.uleb128 0x6
 3511 0343 8F030000 		.4byte	.LASF54
 3512 0347 7C01     		.2byte	0x17c
 3513 0349 1A       		.byte	0x1a
 3514 034a AC060000 		.4byte	0x6ac
 3515 034e 00       		.byte	0
 3516 034f 06       		.uleb128 0x6
 3517 0350 19030000 		.4byte	.LASF55
 3518 0354 7E01     		.2byte	0x17e
 3519 0356 1A       		.byte	0x1a
 3520 0357 AC060000 		.4byte	0x6ac
 3521 035b 04       		.byte	0x4
 3522 035c 06       		.uleb128 0x6
 3523 035d 9E030000 		.4byte	.LASF56
 3524 0361 8001     		.2byte	0x180
 3525 0363 19       		.byte	0x19
 3526 0364 2C010000 		.4byte	0x12c
 3527 0368 08       		.byte	0x8
 3528 0369 06       		.uleb128 0x6
 3529 036a 06080000 		.4byte	.LASF61
 3530 036e 8201     		.2byte	0x182
 3531 0370 19       		.byte	0x19
 3532 0371 38010000 		.4byte	0x138
 3533 0375 0C       		.byte	0xc
 3534 0376 00       		.byte	0
 3535 0377 04       		.uleb128 0x4
 3536 0378 6D000000 		.4byte	.LASF62
 3537 037c 0C       		.byte	0xc
 3538 037d 6B       		.byte	0x6b
 3539 037e 20       		.byte	0x20
 3540 037f 83030000 		.4byte	0x383
 3541 0383 1E       		.uleb128 0x1e
 3542 0384 03060000 		.4byte	.LASF63
 3543 0388 0C       		.byte	0xc
 3544 0389 A201     		.2byte	0x1a2
 3545 038b B7030000 		.4byte	0x3b7
 3546 038f 06       		.uleb128 0x6
 3547 0390 77070000 		.4byte	.LASF64
 3548 0394 AA01     		.2byte	0x1aa
 3549 0396 24       		.byte	0x24
 3550 0397 9B060000 		.4byte	0x69b
 3551 039b 00       		.byte	0
 3552 039c 06       		.uleb128 0x6
 3553 039d B0070000 		.4byte	.LASF65
 3554 03a1 AF01     		.2byte	0x1af
 3555 03a3 19       		.byte	0x19
 3556 03a4 20010000 		.4byte	0x120
 3557 03a8 04       		.byte	0x4
 3558 03a9 06       		.uleb128 0x6
 3559 03aa 42030000 		.4byte	.LASF66
ARM GAS  /tmp/cctmACj5.s 			page 64


 3560 03ae B301     		.2byte	0x1b3
 3561 03b0 19       		.byte	0x19
 3562 03b1 20010000 		.4byte	0x120
 3563 03b5 08       		.byte	0x8
 3564 03b6 00       		.byte	0
 3565 03b7 04       		.uleb128 0x4
 3566 03b8 0A040000 		.4byte	.LASF67
 3567 03bc 0C       		.byte	0xc
 3568 03bd 70       		.byte	0x70
 3569 03be 1A       		.byte	0x1a
 3570 03bf C3030000 		.4byte	0x3c3
 3571 03c3 3E       		.uleb128 0x3e
 3572 03c4 A4020000 		.4byte	.LASF68
 3573 03c8 B001     		.2byte	0x1b0
 3574 03ca 07       		.byte	0x7
 3575 03cb C201     		.2byte	0x1c2
 3576 03cd 08       		.byte	0x8
 3577 03ce 22040000 		.4byte	0x422
 3578 03d2 06       		.uleb128 0x6
 3579 03d3 B8070000 		.4byte	.LASF69
 3580 03d7 C601     		.2byte	0x1c6
 3581 03d9 19       		.byte	0x19
 3582 03da 4B020000 		.4byte	0x24b
 3583 03de 00       		.byte	0
 3584 03df 06       		.uleb128 0x6
 3585 03e0 74020000 		.4byte	.LASF70
 3586 03e4 CA01     		.2byte	0x1ca
 3587 03e6 19       		.byte	0x19
 3588 03e7 2A030000 		.4byte	0x32a
 3589 03eb 1C       		.byte	0x1c
 3590 03ec 0A       		.uleb128 0xa
 3591 03ed 64626700 		.ascii	"dbg\000"
 3592 03f1 07       		.byte	0x7
 3593 03f2 CE01     		.2byte	0x1ce
 3594 03f4 19       		.byte	0x19
 3595 03f5 77030000 		.4byte	0x377
 3596 03f9 2C       		.byte	0x2c
 3597 03fa 06       		.uleb128 0x6
 3598 03fb D3000000 		.4byte	.LASF71
 3599 03ff D201     		.2byte	0x1d2
 3600 0401 19       		.byte	0x19
 3601 0402 3D010000 		.4byte	0x13d
 3602 0406 38       		.byte	0x38
 3603 0407 0A       		.uleb128 0xa
 3604 0408 746D00   		.ascii	"tm\000"
 3605 040b 07       		.byte	0x7
 3606 040c D701     		.2byte	0x1d7
 3607 040e 19       		.byte	0x19
 3608 040f CC050000 		.4byte	0x5cc
 3609 0413 64       		.byte	0x64
 3610 0414 06       		.uleb128 0x6
 3611 0415 7C060000 		.4byte	.LASF72
 3612 0419 E301     		.2byte	0x1e3
 3613 041b 03       		.byte	0x3
 3614 041c B1060000 		.4byte	0x6b1
 3615 0420 68       		.byte	0x68
 3616 0421 00       		.byte	0
ARM GAS  /tmp/cctmACj5.s 			page 65


 3617 0422 04       		.uleb128 0x4
 3618 0423 10030000 		.4byte	.LASF73
 3619 0427 0D       		.byte	0xd
 3620 0428 65       		.byte	0x65
 3621 0429 0F       		.byte	0xf
 3622 042a CE020000 		.4byte	0x2ce
 3623 042e 04       		.uleb128 0x4
 3624 042f 68040000 		.4byte	.LASF74
 3625 0433 0D       		.byte	0xd
 3626 0434 6D       		.byte	0x6d
 3627 0435 12       		.byte	0x12
 3628 0436 CC000000 		.4byte	0xcc
 3629 043a 1A       		.uleb128 0x1a
 3630 043b 88070000 		.4byte	.LASF75
 3631 043f 04       		.byte	0x4
 3632 0440 0D       		.byte	0xd
 3633 0441 89       		.byte	0x89
 3634 0442 08       		.byte	0x8
 3635 0443 55040000 		.4byte	0x455
 3636 0447 11       		.uleb128 0x11
 3637 0448 72313300 		.ascii	"r13\000"
 3638 044c 0D       		.byte	0xd
 3639 044d 8A       		.byte	0x8a
 3640 044e 17       		.byte	0x17
 3641 044f B0050000 		.4byte	0x5b0
 3642 0453 00       		.byte	0
 3643 0454 00       		.byte	0
 3644 0455 1A       		.uleb128 0x1a
 3645 0456 61000000 		.4byte	.LASF76
 3646 045a 64       		.byte	0x64
 3647 045b 03       		.byte	0x3
 3648 045c F4       		.byte	0xf4
 3649 045d 08       		.byte	0x8
 3650 045e B0050000 		.4byte	0x5b0
 3651 0462 11       		.uleb128 0x11
 3652 0463 73313600 		.ascii	"s16\000"
 3653 0467 03       		.byte	0x3
 3654 0468 F6       		.byte	0xf6
 3655 0469 11       		.byte	0x11
 3656 046a 22040000 		.4byte	0x422
 3657 046e 00       		.byte	0
 3658 046f 11       		.uleb128 0x11
 3659 0470 73313700 		.ascii	"s17\000"
 3660 0474 03       		.byte	0x3
 3661 0475 F7       		.byte	0xf7
 3662 0476 11       		.byte	0x11
 3663 0477 22040000 		.4byte	0x422
 3664 047b 04       		.byte	0x4
 3665 047c 11       		.uleb128 0x11
 3666 047d 73313800 		.ascii	"s18\000"
 3667 0481 03       		.byte	0x3
 3668 0482 F8       		.byte	0xf8
 3669 0483 11       		.byte	0x11
 3670 0484 22040000 		.4byte	0x422
 3671 0488 08       		.byte	0x8
 3672 0489 11       		.uleb128 0x11
 3673 048a 73313900 		.ascii	"s19\000"
ARM GAS  /tmp/cctmACj5.s 			page 66


 3674 048e 03       		.byte	0x3
 3675 048f F9       		.byte	0xf9
 3676 0490 11       		.byte	0x11
 3677 0491 22040000 		.4byte	0x422
 3678 0495 0C       		.byte	0xc
 3679 0496 11       		.uleb128 0x11
 3680 0497 73323000 		.ascii	"s20\000"
 3681 049b 03       		.byte	0x3
 3682 049c FA       		.byte	0xfa
 3683 049d 11       		.byte	0x11
 3684 049e 22040000 		.4byte	0x422
 3685 04a2 10       		.byte	0x10
 3686 04a3 11       		.uleb128 0x11
 3687 04a4 73323100 		.ascii	"s21\000"
 3688 04a8 03       		.byte	0x3
 3689 04a9 FB       		.byte	0xfb
 3690 04aa 11       		.byte	0x11
 3691 04ab 22040000 		.4byte	0x422
 3692 04af 14       		.byte	0x14
 3693 04b0 11       		.uleb128 0x11
 3694 04b1 73323200 		.ascii	"s22\000"
 3695 04b5 03       		.byte	0x3
 3696 04b6 FC       		.byte	0xfc
 3697 04b7 11       		.byte	0x11
 3698 04b8 22040000 		.4byte	0x422
 3699 04bc 18       		.byte	0x18
 3700 04bd 11       		.uleb128 0x11
 3701 04be 73323300 		.ascii	"s23\000"
 3702 04c2 03       		.byte	0x3
 3703 04c3 FD       		.byte	0xfd
 3704 04c4 11       		.byte	0x11
 3705 04c5 22040000 		.4byte	0x422
 3706 04c9 1C       		.byte	0x1c
 3707 04ca 11       		.uleb128 0x11
 3708 04cb 73323400 		.ascii	"s24\000"
 3709 04cf 03       		.byte	0x3
 3710 04d0 FE       		.byte	0xfe
 3711 04d1 11       		.byte	0x11
 3712 04d2 22040000 		.4byte	0x422
 3713 04d6 20       		.byte	0x20
 3714 04d7 11       		.uleb128 0x11
 3715 04d8 73323500 		.ascii	"s25\000"
 3716 04dc 03       		.byte	0x3
 3717 04dd FF       		.byte	0xff
 3718 04de 11       		.byte	0x11
 3719 04df 22040000 		.4byte	0x422
 3720 04e3 24       		.byte	0x24
 3721 04e4 0A       		.uleb128 0xa
 3722 04e5 73323600 		.ascii	"s26\000"
 3723 04e9 03       		.byte	0x3
 3724 04ea 0001     		.2byte	0x100
 3725 04ec 11       		.byte	0x11
 3726 04ed 22040000 		.4byte	0x422
 3727 04f1 28       		.byte	0x28
 3728 04f2 0A       		.uleb128 0xa
 3729 04f3 73323700 		.ascii	"s27\000"
 3730 04f7 03       		.byte	0x3
ARM GAS  /tmp/cctmACj5.s 			page 67


 3731 04f8 0101     		.2byte	0x101
 3732 04fa 11       		.byte	0x11
 3733 04fb 22040000 		.4byte	0x422
 3734 04ff 2C       		.byte	0x2c
 3735 0500 0A       		.uleb128 0xa
 3736 0501 73323800 		.ascii	"s28\000"
 3737 0505 03       		.byte	0x3
 3738 0506 0201     		.2byte	0x102
 3739 0508 11       		.byte	0x11
 3740 0509 22040000 		.4byte	0x422
 3741 050d 30       		.byte	0x30
 3742 050e 0A       		.uleb128 0xa
 3743 050f 73323900 		.ascii	"s29\000"
 3744 0513 03       		.byte	0x3
 3745 0514 0301     		.2byte	0x103
 3746 0516 11       		.byte	0x11
 3747 0517 22040000 		.4byte	0x422
 3748 051b 34       		.byte	0x34
 3749 051c 0A       		.uleb128 0xa
 3750 051d 73333000 		.ascii	"s30\000"
 3751 0521 03       		.byte	0x3
 3752 0522 0401     		.2byte	0x104
 3753 0524 11       		.byte	0x11
 3754 0525 22040000 		.4byte	0x422
 3755 0529 38       		.byte	0x38
 3756 052a 0A       		.uleb128 0xa
 3757 052b 73333100 		.ascii	"s31\000"
 3758 052f 03       		.byte	0x3
 3759 0530 0501     		.2byte	0x105
 3760 0532 11       		.byte	0x11
 3761 0533 22040000 		.4byte	0x422
 3762 0537 3C       		.byte	0x3c
 3763 0538 0A       		.uleb128 0xa
 3764 0539 723400   		.ascii	"r4\000"
 3765 053c 03       		.byte	0x3
 3766 053d 0701     		.2byte	0x107
 3767 053f 11       		.byte	0x11
 3768 0540 22040000 		.4byte	0x422
 3769 0544 40       		.byte	0x40
 3770 0545 0A       		.uleb128 0xa
 3771 0546 723500   		.ascii	"r5\000"
 3772 0549 03       		.byte	0x3
 3773 054a 0801     		.2byte	0x108
 3774 054c 11       		.byte	0x11
 3775 054d 22040000 		.4byte	0x422
 3776 0551 44       		.byte	0x44
 3777 0552 0A       		.uleb128 0xa
 3778 0553 723600   		.ascii	"r6\000"
 3779 0556 03       		.byte	0x3
 3780 0557 0901     		.2byte	0x109
 3781 0559 11       		.byte	0x11
 3782 055a 22040000 		.4byte	0x422
 3783 055e 48       		.byte	0x48
 3784 055f 0A       		.uleb128 0xa
 3785 0560 723700   		.ascii	"r7\000"
 3786 0563 03       		.byte	0x3
 3787 0564 0A01     		.2byte	0x10a
ARM GAS  /tmp/cctmACj5.s 			page 68


 3788 0566 11       		.byte	0x11
 3789 0567 22040000 		.4byte	0x422
 3790 056b 4C       		.byte	0x4c
 3791 056c 0A       		.uleb128 0xa
 3792 056d 723800   		.ascii	"r8\000"
 3793 0570 03       		.byte	0x3
 3794 0571 0B01     		.2byte	0x10b
 3795 0573 11       		.byte	0x11
 3796 0574 22040000 		.4byte	0x422
 3797 0578 50       		.byte	0x50
 3798 0579 0A       		.uleb128 0xa
 3799 057a 723900   		.ascii	"r9\000"
 3800 057d 03       		.byte	0x3
 3801 057e 0C01     		.2byte	0x10c
 3802 0580 11       		.byte	0x11
 3803 0581 22040000 		.4byte	0x422
 3804 0585 54       		.byte	0x54
 3805 0586 0A       		.uleb128 0xa
 3806 0587 72313000 		.ascii	"r10\000"
 3807 058b 03       		.byte	0x3
 3808 058c 0D01     		.2byte	0x10d
 3809 058e 11       		.byte	0x11
 3810 058f 22040000 		.4byte	0x422
 3811 0593 58       		.byte	0x58
 3812 0594 0A       		.uleb128 0xa
 3813 0595 72313100 		.ascii	"r11\000"
 3814 0599 03       		.byte	0x3
 3815 059a 0E01     		.2byte	0x10e
 3816 059c 11       		.byte	0x11
 3817 059d 22040000 		.4byte	0x422
 3818 05a1 5C       		.byte	0x5c
 3819 05a2 0A       		.uleb128 0xa
 3820 05a3 6C7200   		.ascii	"lr\000"
 3821 05a6 03       		.byte	0x3
 3822 05a7 0F01     		.2byte	0x10f
 3823 05a9 11       		.byte	0x11
 3824 05aa 22040000 		.4byte	0x422
 3825 05ae 60       		.byte	0x60
 3826 05af 00       		.byte	0
 3827 05b0 0F       		.uleb128 0xf
 3828 05b1 55040000 		.4byte	0x455
 3829 05b5 3F       		.uleb128 0x3f
 3830 05b6 04       		.byte	0x4
 3831 05b7 0E       		.byte	0xe
 3832 05b8 38       		.byte	0x38
 3833 05b9 09       		.byte	0x9
 3834 05ba CC050000 		.4byte	0x5cc
 3835 05be 09       		.uleb128 0x9
 3836 05bf 81070000 		.4byte	.LASF77
 3837 05c3 0E       		.byte	0xe
 3838 05c4 3C       		.byte	0x3c
 3839 05c5 19       		.byte	0x19
 3840 05c6 D8000000 		.4byte	0xd8
 3841 05ca 00       		.byte	0
 3842 05cb 00       		.byte	0
 3843 05cc 04       		.uleb128 0x4
 3844 05cd 43050000 		.4byte	.LASF78
ARM GAS  /tmp/cctmACj5.s 			page 69


 3845 05d1 0E       		.byte	0xe
 3846 05d2 3D       		.byte	0x3d
 3847 05d3 03       		.byte	0x3
 3848 05d4 B5050000 		.4byte	0x5b5
 3849 05d8 40       		.uleb128 0x40
 3850 05d9 04       		.byte	0x4
 3851 05da 07       		.byte	0x7
 3852 05db FA       		.byte	0xfa
 3853 05dc 03       		.byte	0x3
 3854 05dd 2A060000 		.4byte	0x62a
 3855 05e1 1B       		.uleb128 0x1b
 3856 05e2 31000000 		.4byte	.LASF79
 3857 05e6 0101     		.2byte	0x101
 3858 05e8 19       		.byte	0x19
 3859 05e9 14010000 		.4byte	0x114
 3860 05ed 1B       		.uleb128 0x1b
 3861 05ee CA000000 		.4byte	.LASF80
 3862 05f2 0801     		.2byte	0x108
 3863 05f4 19       		.byte	0x19
 3864 05f5 14010000 		.4byte	0x114
 3865 05f9 1B       		.uleb128 0x1b
 3866 05fa F1070000 		.4byte	.LASF81
 3867 05fe 0F01     		.2byte	0x10f
 3868 0600 1A       		.byte	0x1a
 3869 0601 CE020000 		.4byte	0x2ce
 3870 0605 1B       		.uleb128 0x1b
 3871 0606 9E020000 		.4byte	.LASF82
 3872 060a 1601     		.2byte	0x116
 3873 060c 1A       		.byte	0x1a
 3874 060d 2A060000 		.4byte	0x62a
 3875 0611 1B       		.uleb128 0x1b
 3876 0612 97030000 		.4byte	.LASF83
 3877 0616 1E01     		.2byte	0x11e
 3878 0618 1A       		.byte	0x1a
 3879 0619 57060000 		.4byte	0x657
 3880 061d 1B       		.uleb128 0x1b
 3881 061e D5060000 		.4byte	.LASF84
 3882 0622 2701     		.2byte	0x127
 3883 0624 1A       		.byte	0x1a
 3884 0625 91060000 		.4byte	0x691
 3885 0629 00       		.byte	0
 3886 062a 0F       		.uleb128 0xf
 3887 062b 01020000 		.4byte	0x201
 3888 062f 1A       		.uleb128 0x1a
 3889 0630 A6060000 		.4byte	.LASF85
 3890 0634 0C       		.byte	0xc
 3891 0635 0F       		.byte	0xf
 3892 0636 34       		.byte	0x34
 3893 0637 10       		.byte	0x10
 3894 0638 57060000 		.4byte	0x657
 3895 063c 09       		.uleb128 0x9
 3896 063d EA020000 		.4byte	.LASF86
 3897 0641 0F       		.byte	0xf
 3898 0642 35       		.byte	0x35
 3899 0643 19       		.byte	0x19
 3900 0644 12020000 		.4byte	0x212
 3901 0648 00       		.byte	0
ARM GAS  /tmp/cctmACj5.s 			page 70


 3902 0649 09       		.uleb128 0x9
 3903 064a BB030000 		.4byte	.LASF87
 3904 064e 0F       		.byte	0xf
 3905 064f 37       		.byte	0x37
 3906 0650 19       		.byte	0x19
 3907 0651 20010000 		.4byte	0x120
 3908 0655 08       		.byte	0x8
 3909 0656 00       		.byte	0
 3910 0657 0F       		.uleb128 0xf
 3911 0658 2F060000 		.4byte	0x62f
 3912 065c 1A       		.uleb128 0x1a
 3913 065d A7070000 		.4byte	.LASF88
 3914 0661 10       		.byte	0x10
 3915 0662 10       		.byte	0x10
 3916 0663 39       		.byte	0x39
 3917 0664 08       		.byte	0x8
 3918 0665 91060000 		.4byte	0x691
 3919 0669 09       		.uleb128 0x9
 3920 066a 6C020000 		.4byte	.LASF89
 3921 066e 10       		.byte	0x10
 3922 066f 3A       		.byte	0x3a
 3923 0670 19       		.byte	0x19
 3924 0671 12020000 		.4byte	0x212
 3925 0675 00       		.byte	0
 3926 0676 09       		.uleb128 0x9
 3927 0677 4A080000 		.4byte	.LASF90
 3928 067b 10       		.byte	0x10
 3929 067c 3C       		.byte	0x3c
 3930 067d 1A       		.byte	0x1a
 3931 067e 0D020000 		.4byte	0x20d
 3932 0682 08       		.byte	0x8
 3933 0683 09       		.uleb128 0x9
 3934 0684 54050000 		.4byte	.LASF91
 3935 0688 10       		.byte	0x10
 3936 0689 3E       		.byte	0x3e
 3937 068a 1A       		.byte	0x1a
 3938 068b E5060000 		.4byte	0x6e5
 3939 068f 0C       		.byte	0xc
 3940 0690 00       		.byte	0
 3941 0691 0F       		.uleb128 0xf
 3942 0692 5C060000 		.4byte	0x65c
 3943 0696 0F       		.uleb128 0xf
 3944 0697 A7060000 		.4byte	0x6a7
 3945 069b 30       		.uleb128 0x30
 3946 069c 96060000 		.4byte	0x696
 3947 06a0 0E       		.uleb128 0xe
 3948 06a1 01       		.byte	0x1
 3949 06a2 08       		.byte	0x8
 3950 06a3 0C070000 		.4byte	.LASF92
 3951 06a7 13       		.uleb128 0x13
 3952 06a8 A0060000 		.4byte	0x6a0
 3953 06ac 0F       		.uleb128 0xf
 3954 06ad D0020000 		.4byte	0x2d0
 3955 06b1 15       		.uleb128 0x15
 3956 06b2 2E040000 		.4byte	0x42e
 3957 06b6 C1060000 		.4byte	0x6c1
 3958 06ba 16       		.uleb128 0x16
ARM GAS  /tmp/cctmACj5.s 			page 71


 3959 06bb 2D000000 		.4byte	0x2d
 3960 06bf 28       		.byte	0x28
 3961 06c0 00       		.byte	0
 3962 06c1 41       		.uleb128 0x41
 3963 06c2 636800   		.ascii	"ch\000"
 3964 06c5 07       		.byte	0x7
 3965 06c6 0902     		.2byte	0x209
 3966 06c8 14       		.byte	0x14
 3967 06c9 B7030000 		.4byte	0x3b7
 3968 06cd 04       		.uleb128 0x4
 3969 06ce 00000000 		.4byte	.LASF93
 3970 06d2 05       		.byte	0x5
 3971 06d3 34       		.byte	0x34
 3972 06d4 10       		.byte	0x10
 3973 06d5 BE020000 		.4byte	0x2be
 3974 06d9 04       		.uleb128 0x4
 3975 06da 11010000 		.4byte	.LASF94
 3976 06de 10       		.byte	0x10
 3977 06df 34       		.byte	0x34
 3978 06e0 19       		.byte	0x19
 3979 06e1 5C060000 		.4byte	0x65c
 3980 06e5 0F       		.uleb128 0xf
 3981 06e6 D9060000 		.4byte	0x6d9
 3982 06ea 28       		.uleb128 0x28
 3983 06eb 2E070000 		.4byte	.LASF99
 3984 06ef 1F02     		.2byte	0x21f
 3985 06f1 0D       		.byte	0xd
 3986 06f2 0D020000 		.4byte	0x20d
 3987 06f6 00070000 		.4byte	0x700
 3988 06fa 10       		.uleb128 0x10
 3989 06fb 00070000 		.4byte	0x700
 3990 06ff 00       		.byte	0
 3991 0700 0F       		.uleb128 0xf
 3992 0701 12020000 		.4byte	0x212
 3993 0705 1F       		.uleb128 0x1f
 3994 0706 1D000000 		.4byte	.LASF95
 3995 070a 07       		.byte	0x7
 3996 070b 1E02     		.2byte	0x21e
 3997 070d 1C070000 		.4byte	0x71c
 3998 0711 10       		.uleb128 0x10
 3999 0712 0D020000 		.4byte	0x20d
 4000 0716 10       		.uleb128 0x10
 4001 0717 00070000 		.4byte	0x700
 4002 071b 00       		.byte	0
 4003 071c 1F       		.uleb128 0x1f
 4004 071d B3060000 		.4byte	.LASF96
 4005 0721 07       		.byte	0x7
 4006 0722 1402     		.2byte	0x214
 4007 0724 2E070000 		.4byte	0x72e
 4008 0728 10       		.uleb128 0x10
 4009 0729 F0000000 		.4byte	0xf0
 4010 072d 00       		.byte	0
 4011 072e 29       		.uleb128 0x29
 4012 072f E8040000 		.4byte	.LASF97
 4013 0733 07       		.byte	0x7
 4014 0734 1902     		.2byte	0x219
 4015 0736 20       		.uleb128 0x20
ARM GAS  /tmp/cctmACj5.s 			page 72


 4016 0737 3F040000 		.4byte	.LASF98
 4017 073b DF       		.byte	0xdf
 4018 073c 28       		.uleb128 0x28
 4019 073d 23080000 		.4byte	.LASF100
 4020 0741 1502     		.2byte	0x215
 4021 0743 09       		.byte	0x9
 4022 0744 14010000 		.4byte	0x114
 4023 0748 57070000 		.4byte	0x757
 4024 074c 10       		.uleb128 0x10
 4025 074d F0000000 		.4byte	0xf0
 4026 0751 10       		.uleb128 0x10
 4027 0752 2C010000 		.4byte	0x12c
 4028 0756 00       		.byte	0
 4029 0757 29       		.uleb128 0x29
 4030 0758 F2020000 		.4byte	.LASF101
 4031 075c 07       		.byte	0x7
 4032 075d 1702     		.2byte	0x217
 4033 075f 28       		.uleb128 0x28
 4034 0760 E4060000 		.4byte	.LASF102
 4035 0764 1302     		.2byte	0x213
 4036 0766 0D       		.byte	0xd
 4037 0767 0D020000 		.4byte	0x20d
 4038 076b 75070000 		.4byte	0x775
 4039 076f 10       		.uleb128 0x10
 4040 0770 0D020000 		.4byte	0x20d
 4041 0774 00       		.byte	0
 4042 0775 20       		.uleb128 0x20
 4043 0776 DF070000 		.4byte	.LASF103
 4044 077a D9       		.byte	0xd9
 4045 077b 20       		.uleb128 0x20
 4046 077c B5040000 		.4byte	.LASF104
 4047 0780 D8       		.byte	0xd8
 4048 0781 1F       		.uleb128 0x1f
 4049 0782 DE030000 		.4byte	.LASF105
 4050 0786 07       		.byte	0x7
 4051 0787 1602     		.2byte	0x216
 4052 0789 98070000 		.4byte	0x798
 4053 078d 10       		.uleb128 0x10
 4054 078e 0D020000 		.4byte	0x20d
 4055 0792 10       		.uleb128 0x10
 4056 0793 14010000 		.4byte	0x114
 4057 0797 00       		.byte	0
 4058 0798 29       		.uleb128 0x29
 4059 0799 CF020000 		.4byte	.LASF106
 4060 079d 03       		.byte	0x3
 4061 079e 6801     		.2byte	0x168
 4062 07a0 1F       		.uleb128 0x1f
 4063 07a1 9E000000 		.4byte	.LASF107
 4064 07a5 02       		.byte	0x2
 4065 07a6 1601     		.2byte	0x116
 4066 07a8 B2070000 		.4byte	0x7b2
 4067 07ac 10       		.uleb128 0x10
 4068 07ad 96060000 		.4byte	0x696
 4069 07b1 00       		.byte	0
 4070 07b2 20       		.uleb128 0x20
 4071 07b3 F9030000 		.4byte	.LASF108
 4072 07b7 DE       		.byte	0xde
ARM GAS  /tmp/cctmACj5.s 			page 73


 4073 07b8 14       		.uleb128 0x14
 4074 07b9 41000000 		.4byte	.LASF109
 4075 07bd A702     		.2byte	0x2a7
 4076 07bf 00000000 		.4byte	.LFB205
 4077 07c3 38000000 		.4byte	.LFE205-.LFB205
 4078 07c7 01       		.uleb128 0x1
 4079 07c8 9C       		.byte	0x9c
 4080 07c9 8A080000 		.4byte	0x88a
 4081 07cd 0D       		.uleb128 0xd
 4082 07ce 74717000 		.ascii	"tqp\000"
 4083 07d2 A702     		.2byte	0x2a7
 4084 07d4 28       		.byte	0x28
 4085 07d5 00070000 		.4byte	0x700
 4086 07d9 12000000 		.4byte	.LLST129
 4087 07dd 0C000000 		.4byte	.LVUS129
 4088 07e1 0D       		.uleb128 0xd
 4089 07e2 6D736700 		.ascii	"msg\000"
 4090 07e6 A702     		.2byte	0x2a7
 4091 07e8 33       		.byte	0x33
 4092 07e9 14010000 		.4byte	0x114
 4093 07ed 36000000 		.4byte	.LLST130
 4094 07f1 30000000 		.4byte	.LVUS130
 4095 07f5 03       		.uleb128 0x3
 4096 07f6 C41B0000 		.4byte	0x1bc4
 4097 07fa 00000000 		.4byte	.LBI508
 4098 07fe 03       		.byte	.LVU793
 4099 07ff A9020000 		.4byte	.LLRL131
 4100 0803 01       		.byte	0x1
 4101 0804 A902     		.2byte	0x2a9
 4102 0806 0A       		.byte	0xa
 4103 0807 19080000 		.4byte	0x819
 4104 080b 02       		.uleb128 0x2
 4105 080c D41B0000 		.4byte	0x1bd4
 4106 0810 58000000 		.4byte	.LLST132
 4107 0814 54000000 		.4byte	.LVUS132
 4108 0818 00       		.byte	0
 4109 0819 05       		.uleb128 0x5
 4110 081a 711A0000 		.4byte	0x1a71
 4111 081e 0E000000 		.4byte	.LBI511
 4112 0822 02       		.byte	.LVU801
 4113 0823 B5020000 		.4byte	.LLRL133
 4114 0827 01       		.byte	0x1
 4115 0828 AA02     		.2byte	0x2aa
 4116 082a 05       		.byte	0x5
 4117 082b 42       		.uleb128 0x42
 4118 082c 8B1A0000 		.4byte	0x1a8b
 4119 0830 02       		.uleb128 0x2
 4120 0831 7E1A0000 		.4byte	0x1a7e
 4121 0835 6B000000 		.4byte	.LLST134
 4122 0839 69000000 		.4byte	.LVUS134
 4123 083d 0B       		.uleb128 0xb
 4124 083e B5020000 		.4byte	.LLRL133
 4125 0842 1C       		.uleb128 0x1c
 4126 0843 981A0000 		.4byte	0x1a98
 4127 0847 78000000 		.4byte	.LLST135
 4128 084b 74000000 		.4byte	.LVUS135
 4129 084f 0C       		.uleb128 0xc
ARM GAS  /tmp/cctmACj5.s 			page 74


 4130 0850 14000000 		.4byte	.LVL190
 4131 0854 EA060000 		.4byte	0x6ea
 4132 0858 63080000 		.4byte	0x863
 4133 085c 01       		.uleb128 0x1
 4134 085d 01       		.uleb128 0x1
 4135 085e 50       		.byte	0x50
 4136 085f 02       		.uleb128 0x2
 4137 0860 75       		.byte	0x75
 4138 0861 00       		.sleb128 0
 4139 0862 00       		.byte	0
 4140 0863 0C       		.uleb128 0xc
 4141 0864 22000000 		.4byte	.LVL193
 4142 0868 A0070000 		.4byte	0x7a0
 4143 086c 77080000 		.4byte	0x877
 4144 0870 01       		.uleb128 0x1
 4145 0871 01       		.uleb128 0x1
 4146 0872 50       		.byte	0x50
 4147 0873 02       		.uleb128 0x2
 4148 0874 77       		.byte	0x77
 4149 0875 00       		.sleb128 0
 4150 0876 00       		.byte	0
 4151 0877 08       		.uleb128 0x8
 4152 0878 2A000000 		.4byte	.LVL194
 4153 087c 5F070000 		.4byte	0x75f
 4154 0880 01       		.uleb128 0x1
 4155 0881 01       		.uleb128 0x1
 4156 0882 50       		.byte	0x50
 4157 0883 02       		.uleb128 0x2
 4158 0884 74       		.byte	0x74
 4159 0885 00       		.sleb128 0
 4160 0886 00       		.byte	0
 4161 0887 00       		.byte	0
 4162 0888 00       		.byte	0
 4163 0889 00       		.byte	0
 4164 088a 14       		.uleb128 0x14
 4165 088b 1E040000 		.4byte	.LASF110
 4166 088f 9802     		.2byte	0x298
 4167 0891 00000000 		.4byte	.LFB204
 4168 0895 3C000000 		.4byte	.LFE204-.LFB204
 4169 0899 01       		.uleb128 0x1
 4170 089a 9C       		.byte	0x9c
 4171 089b 74090000 		.4byte	0x974
 4172 089f 0D       		.uleb128 0xd
 4173 08a0 74717000 		.ascii	"tqp\000"
 4174 08a4 9802     		.2byte	0x298
 4175 08a6 29       		.byte	0x29
 4176 08a7 00070000 		.4byte	0x700
 4177 08ab 8E000000 		.4byte	.LLST122
 4178 08af 88000000 		.4byte	.LVUS122
 4179 08b3 0D       		.uleb128 0xd
 4180 08b4 6D736700 		.ascii	"msg\000"
 4181 08b8 9802     		.2byte	0x298
 4182 08ba 34       		.byte	0x34
 4183 08bb 14010000 		.4byte	0x114
 4184 08bf BC000000 		.4byte	.LLST123
 4185 08c3 AC000000 		.4byte	.LVUS123
 4186 08c7 2A       		.uleb128 0x2a
ARM GAS  /tmp/cctmACj5.s 			page 75


 4187 08c8 C41B0000 		.4byte	0x1bc4
 4188 08cc 00000000 		.4byte	.LBI494
 4189 08d0 02       		.byte	.LVU752
 4190 08d1 00000000 		.4byte	.LBB494
 4191 08d5 00000000 		.4byte	.LBE494-.LBB494
 4192 08d9 01       		.byte	0x1
 4193 08da 9A02     		.2byte	0x29a
 4194 08dc 07       		.byte	0x7
 4195 08dd EF080000 		.4byte	0x8ef
 4196 08e1 02       		.uleb128 0x2
 4197 08e2 D41B0000 		.4byte	0x1bd4
 4198 08e6 00010000 		.4byte	.LLST124
 4199 08ea FE000000 		.4byte	.LVUS124
 4200 08ee 00       		.byte	0
 4201 08ef 05       		.uleb128 0x5
 4202 08f0 711A0000 		.4byte	0x1a71
 4203 08f4 0A000000 		.4byte	.LBI496
 4204 08f8 01       		.byte	.LVU758
 4205 08f9 9A020000 		.4byte	.LLRL125
 4206 08fd 01       		.byte	0x1
 4207 08fe 9B02     		.2byte	0x29b
 4208 0900 05       		.byte	0x5
 4209 0901 02       		.uleb128 0x2
 4210 0902 8B1A0000 		.4byte	0x1a8b
 4211 0906 17010000 		.4byte	.LLST126
 4212 090a 09010000 		.4byte	.LVUS126
 4213 090e 02       		.uleb128 0x2
 4214 090f 7E1A0000 		.4byte	0x1a7e
 4215 0913 58010000 		.4byte	.LLST127
 4216 0917 54010000 		.4byte	.LVUS127
 4217 091b 0B       		.uleb128 0xb
 4218 091c 9A020000 		.4byte	.LLRL125
 4219 0920 1C       		.uleb128 0x1c
 4220 0921 981A0000 		.4byte	0x1a98
 4221 0925 79010000 		.4byte	.LLST128
 4222 0929 71010000 		.4byte	.LVUS128
 4223 092d 0C       		.uleb128 0xc
 4224 092e 0E000000 		.4byte	.LVL180
 4225 0932 EA060000 		.4byte	0x6ea
 4226 0936 48090000 		.4byte	0x948
 4227 093a 01       		.uleb128 0x1
 4228 093b 01       		.uleb128 0x1
 4229 093c 50       		.byte	0x50
 4230 093d 09       		.uleb128 0x9
 4231 093e A3       		.byte	0xa3
 4232 093f 03       		.uleb128 0x3
 4233 0940 A5       		.byte	0xa5
 4234 0941 00       		.uleb128 0
 4235 0942 26       		.uleb128 0x26
 4236 0943 A8       		.byte	0xa8
 4237 0944 2D       		.uleb128 0x2d
 4238 0945 A8       		.byte	0xa8
 4239 0946 00       		.uleb128 0
 4240 0947 00       		.byte	0
 4241 0948 2B       		.uleb128 0x2b
 4242 0949 22000000 		.4byte	.LVL183
 4243 094d 5F070000 		.4byte	0x75f
ARM GAS  /tmp/cctmACj5.s 			page 76


 4244 0951 0C       		.uleb128 0xc
 4245 0952 28000000 		.4byte	.LVL185
 4246 0956 A0070000 		.4byte	0x7a0
 4247 095a 68090000 		.4byte	0x968
 4248 095e 01       		.uleb128 0x1
 4249 095f 01       		.uleb128 0x1
 4250 0960 50       		.byte	0x50
 4251 0961 05       		.uleb128 0x5
 4252 0962 03       		.byte	0x3
 4253 0963 00000000 		.4byte	__func__.0
 4254 0967 00       		.byte	0
 4255 0968 2B       		.uleb128 0x2b
 4256 0969 34000000 		.4byte	.LVL187
 4257 096d 5F070000 		.4byte	0x75f
 4258 0971 00       		.byte	0
 4259 0972 00       		.byte	0
 4260 0973 00       		.byte	0
 4261 0974 1D       		.uleb128 0x1d
 4262 0975 6C080000 		.4byte	.LASF116
 4263 0979 8402     		.2byte	0x284
 4264 097b 07       		.byte	0x7
 4265 097c 14010000 		.4byte	0x114
 4266 0980 00000000 		.4byte	.LFB203
 4267 0984 28000000 		.4byte	.LFE203-.LFB203
 4268 0988 01       		.uleb128 0x1
 4269 0989 9C       		.byte	0x9c
 4270 098a EE090000 		.4byte	0x9ee
 4271 098e 0D       		.uleb128 0xd
 4272 098f 74717000 		.ascii	"tqp\000"
 4273 0993 8402     		.2byte	0x284
 4274 0995 2D       		.byte	0x2d
 4275 0996 00070000 		.4byte	0x700
 4276 099a 9D010000 		.4byte	.LLST120
 4277 099e 93010000 		.4byte	.LVUS120
 4278 09a2 17       		.uleb128 0x17
 4279 09a3 B3030000 		.4byte	.LASF111
 4280 09a7 8402     		.2byte	0x284
 4281 09a9 3C       		.byte	0x3c
 4282 09aa 2C010000 		.4byte	0x12c
 4283 09ae D8010000 		.4byte	.LLST121
 4284 09b2 CE010000 		.4byte	.LVUS121
 4285 09b6 0C       		.uleb128 0xc
 4286 09b7 10000000 		.4byte	.LVL174
 4287 09bb 05070000 		.4byte	0x705
 4288 09bf D1090000 		.4byte	0x9d1
 4289 09c3 01       		.uleb128 0x1
 4290 09c4 01       		.uleb128 0x1
 4291 09c5 51       		.byte	0x51
 4292 09c6 09       		.uleb128 0x9
 4293 09c7 A3       		.byte	0xa3
 4294 09c8 03       		.uleb128 0x3
 4295 09c9 A5       		.byte	0xa5
 4296 09ca 00       		.uleb128 0
 4297 09cb 26       		.uleb128 0x26
 4298 09cc A8       		.byte	0xa8
 4299 09cd 2D       		.uleb128 0x2d
 4300 09ce A8       		.byte	0xa8
ARM GAS  /tmp/cctmACj5.s 			page 77


 4301 09cf 00       		.uleb128 0
 4302 09d0 00       		.byte	0
 4303 09d1 21       		.uleb128 0x21
 4304 09d2 1C000000 		.4byte	.LVL176
 4305 09d6 3C070000 		.4byte	0x73c
 4306 09da 01       		.uleb128 0x1
 4307 09db 01       		.uleb128 0x1
 4308 09dc 50       		.byte	0x50
 4309 09dd 01       		.uleb128 0x1
 4310 09de 34       		.byte	0x34
 4311 09df 01       		.uleb128 0x1
 4312 09e0 01       		.uleb128 0x1
 4313 09e1 51       		.byte	0x51
 4314 09e2 09       		.uleb128 0x9
 4315 09e3 A3       		.byte	0xa3
 4316 09e4 03       		.uleb128 0x3
 4317 09e5 A5       		.byte	0xa5
 4318 09e6 01       		.uleb128 0x1
 4319 09e7 26       		.uleb128 0x26
 4320 09e8 A8       		.byte	0xa8
 4321 09e9 2D       		.uleb128 0x2d
 4322 09ea A8       		.byte	0xa8
 4323 09eb 00       		.uleb128 0
 4324 09ec 00       		.byte	0
 4325 09ed 00       		.byte	0
 4326 09ee 14       		.uleb128 0x14
 4327 09ef DC040000 		.4byte	.LASF112
 4328 09f3 6602     		.2byte	0x266
 4329 09f5 00000000 		.4byte	.LFB202
 4330 09f9 68000000 		.4byte	.LFE202-.LFB202
 4331 09fd 01       		.uleb128 0x1
 4332 09fe 9C       		.byte	0x9c
 4333 09ff 6A0B0000 		.4byte	0xb6a
 4334 0a03 0D       		.uleb128 0xd
 4335 0a04 74727000 		.ascii	"trp\000"
 4336 0a08 6602     		.2byte	0x266
 4337 0a0a 26       		.byte	0x26
 4338 0a0b 2A060000 		.4byte	0x62a
 4339 0a0f 06020000 		.4byte	.LLST107
 4340 0a13 00020000 		.4byte	.LVUS107
 4341 0a17 0D       		.uleb128 0xd
 4342 0a18 6D736700 		.ascii	"msg\000"
 4343 0a1c 6602     		.2byte	0x266
 4344 0a1e 31       		.byte	0x31
 4345 0a1f 14010000 		.4byte	0x114
 4346 0a23 2A020000 		.4byte	.LLST108
 4347 0a27 24020000 		.4byte	.LVUS108
 4348 0a2b 03       		.uleb128 0x3
 4349 0a2c A61B0000 		.4byte	0x1ba6
 4350 0a30 00000000 		.4byte	.LBI457
 4351 0a34 02       		.byte	.LVU680
 4352 0a35 4C020000 		.4byte	.LLRL109
 4353 0a39 01       		.byte	0x1
 4354 0a3a 6802     		.2byte	0x268
 4355 0a3c 03       		.byte	0x3
 4356 0a3d 820A0000 		.4byte	0xa82
 4357 0a41 03       		.uleb128 0x3
ARM GAS  /tmp/cctmACj5.s 			page 78


 4358 0a42 EF1B0000 		.4byte	0x1bef
 4359 0a46 00000000 		.4byte	.LBI459
 4360 0a4a 04       		.byte	.LVU682
 4361 0a4b 5B020000 		.4byte	.LLRL110
 4362 0a4f 02       		.byte	0x2
 4363 0a50 5C01     		.2byte	0x15c
 4364 0a52 03       		.byte	0x3
 4365 0a53 780A0000 		.4byte	0xa78
 4366 0a57 05       		.uleb128 0x5
 4367 0a58 F71B0000 		.4byte	0x1bf7
 4368 0a5c 00000000 		.4byte	.LBI460
 4369 0a60 06       		.byte	.LVU684
 4370 0a61 5B020000 		.4byte	.LLRL110
 4371 0a65 03       		.byte	0x3
 4372 0a66 BF01     		.2byte	0x1bf
 4373 0a68 03       		.byte	0x3
 4374 0a69 02       		.uleb128 0x2
 4375 0a6a 041C0000 		.4byte	0x1c04
 4376 0a6e 4A020000 		.4byte	.LLST111
 4377 0a72 48020000 		.4byte	.LVUS111
 4378 0a76 00       		.byte	0
 4379 0a77 00       		.byte	0
 4380 0a78 07       		.uleb128 0x7
 4381 0a79 10000000 		.4byte	.LVL159
 4382 0a7d 7B070000 		.4byte	0x77b
 4383 0a81 00       		.byte	0
 4384 0a82 03       		.uleb128 0x3
 4385 0a83 6A0B0000 		.4byte	0xb6a
 4386 0a87 10000000 		.4byte	.LBI472
 4387 0a8b 02       		.byte	.LVU695
 4388 0a8c 6A020000 		.4byte	.LLRL112
 4389 0a90 01       		.byte	0x1
 4390 0a91 6902     		.2byte	0x269
 4391 0a93 03       		.byte	0x3
 4392 0a94 FD0A0000 		.4byte	0xafd
 4393 0a98 02       		.uleb128 0x2
 4394 0a99 820B0000 		.4byte	0xb82
 4395 0a9d 59020000 		.4byte	.LLST113
 4396 0aa1 55020000 		.4byte	.LVUS113
 4397 0aa5 02       		.uleb128 0x2
 4398 0aa6 750B0000 		.4byte	0xb75
 4399 0aaa 6D020000 		.4byte	.LLST114
 4400 0aae 69020000 		.4byte	.LVUS114
 4401 0ab2 0B       		.uleb128 0xb
 4402 0ab3 6A020000 		.4byte	.LLRL112
 4403 0ab7 31       		.uleb128 0x31
 4404 0ab8 9E0B0000 		.4byte	0xb9e
 4405 0abc 76020000 		.4byte	.LLRL115
 4406 0ac0 1C       		.uleb128 0x1c
 4407 0ac1 9F0B0000 		.4byte	0xb9f
 4408 0ac5 81020000 		.4byte	.LLST116
 4409 0ac9 7D020000 		.4byte	.LVUS116
 4410 0acd 0C       		.uleb128 0xc
 4411 0ace 26000000 		.4byte	.LVL161
 4412 0ad2 81070000 		.4byte	0x781
 4413 0ad6 E70A0000 		.4byte	0xae7
 4414 0ada 01       		.uleb128 0x1
ARM GAS  /tmp/cctmACj5.s 			page 79


 4415 0adb 01       		.uleb128 0x1
 4416 0adc 50       		.byte	0x50
 4417 0add 02       		.uleb128 0x2
 4418 0ade 76       		.byte	0x76
 4419 0adf 00       		.sleb128 0
 4420 0ae0 01       		.uleb128 0x1
 4421 0ae1 01       		.uleb128 0x1
 4422 0ae2 51       		.byte	0x51
 4423 0ae3 02       		.uleb128 0x2
 4424 0ae4 75       		.byte	0x75
 4425 0ae5 00       		.sleb128 0
 4426 0ae6 00       		.byte	0
 4427 0ae7 08       		.uleb128 0x8
 4428 0ae8 4A000000 		.4byte	.LVL166
 4429 0aec A0070000 		.4byte	0x7a0
 4430 0af0 01       		.uleb128 0x1
 4431 0af1 01       		.uleb128 0x1
 4432 0af2 50       		.byte	0x50
 4433 0af3 05       		.uleb128 0x5
 4434 0af4 03       		.byte	0x3
 4435 0af5 00000000 		.4byte	__func__.1
 4436 0af9 00       		.byte	0
 4437 0afa 00       		.byte	0
 4438 0afb 00       		.byte	0
 4439 0afc 00       		.byte	0
 4440 0afd 05       		.uleb128 0x5
 4441 0afe 891B0000 		.4byte	0x1b89
 4442 0b02 26000000 		.4byte	.LBI477
 4443 0b06 02       		.byte	.LVU709
 4444 0b07 82020000 		.4byte	.LLRL117
 4445 0b0b 01       		.byte	0x1
 4446 0b0c 6A02     		.2byte	0x26a
 4447 0b0e 03       		.byte	0x3
 4448 0b0f 0B       		.uleb128 0xb
 4449 0b10 82020000 		.4byte	.LLRL117
 4450 0b14 03       		.uleb128 0x3
 4451 0b15 E71B0000 		.4byte	0x1be7
 4452 0b19 3C000000 		.4byte	.LBI479
 4453 0b1d 02       		.byte	.LVU718
 4454 0b1e 8E020000 		.4byte	.LLRL118
 4455 0b22 02       		.byte	0x2
 4456 0b23 7301     		.2byte	0x173
 4457 0b25 03       		.byte	0x3
 4458 0b26 4B0B0000 		.4byte	0xb4b
 4459 0b2a 05       		.uleb128 0x5
 4460 0b2b F71B0000 		.4byte	0x1bf7
 4461 0b2f 3C000000 		.4byte	.LBI480
 4462 0b33 04       		.byte	.LVU720
 4463 0b34 8E020000 		.4byte	.LLRL118
 4464 0b38 03       		.byte	0x3
 4465 0b39 CD01     		.2byte	0x1cd
 4466 0b3b 03       		.byte	0x3
 4467 0b3c 02       		.uleb128 0x2
 4468 0b3d 041C0000 		.4byte	0x1c04
 4469 0b41 95020000 		.4byte	.LLST119
 4470 0b45 91020000 		.4byte	.LVUS119
 4471 0b49 00       		.byte	0
ARM GAS  /tmp/cctmACj5.s 			page 80


 4472 0b4a 00       		.byte	0
 4473 0b4b 07       		.uleb128 0x7
 4474 0b4c 2A000000 		.4byte	.LVL162
 4475 0b50 75070000 		.4byte	0x775
 4476 0b54 08       		.uleb128 0x8
 4477 0b55 52000000 		.4byte	.LVL168
 4478 0b59 A0070000 		.4byte	0x7a0
 4479 0b5d 01       		.uleb128 0x1
 4480 0b5e 01       		.uleb128 0x1
 4481 0b5f 50       		.byte	0x50
 4482 0b60 05       		.uleb128 0x5
 4483 0b61 03       		.byte	0x3
 4484 0b62 00000000 		.4byte	__func__.9
 4485 0b66 00       		.byte	0
 4486 0b67 00       		.byte	0
 4487 0b68 00       		.byte	0
 4488 0b69 00       		.byte	0
 4489 0b6a 32       		.uleb128 0x32
 4490 0b6b 21030000 		.4byte	.LASF113
 4491 0b6f 4F02     		.2byte	0x24f
 4492 0b71 DB0B0000 		.4byte	0xbdb
 4493 0b75 18       		.uleb128 0x18
 4494 0b76 74727000 		.ascii	"trp\000"
 4495 0b7a 01       		.byte	0x1
 4496 0b7b 4F02     		.2byte	0x24f
 4497 0b7d 27       		.byte	0x27
 4498 0b7e 2A060000 		.4byte	0x62a
 4499 0b82 18       		.uleb128 0x18
 4500 0b83 6D736700 		.ascii	"msg\000"
 4501 0b87 01       		.byte	0x1
 4502 0b88 4F02     		.2byte	0x24f
 4503 0b8a 32       		.byte	0x32
 4504 0b8b 14010000 		.4byte	0x114
 4505 0b8f 12       		.uleb128 0x12
 4506 0b90 73060000 		.4byte	.LASF115
 4507 0b94 EB0B0000 		.4byte	0xbeb
 4508 0b98 05       		.uleb128 0x5
 4509 0b99 03       		.byte	0x3
 4510 0b9a 00000000 		.4byte	__func__.1
 4511 0b9e 43       		.uleb128 0x43
 4512 0b9f 2C       		.uleb128 0x2c
 4513 0ba0 747000   		.ascii	"tp\000"
 4514 0ba3 01       		.byte	0x1
 4515 0ba4 5202     		.2byte	0x252
 4516 0ba6 0F       		.byte	0xf
 4517 0ba7 0D020000 		.4byte	0x20d
 4518 0bab 44       		.uleb128 0x44
 4519 0bac 20000000 		.4byte	.LVL153
 4520 0bb0 81070000 		.4byte	0x781
 4521 0bb4 C60B0000 		.4byte	0xbc6
 4522 0bb8 01       		.uleb128 0x1
 4523 0bb9 01       		.uleb128 0x1
 4524 0bba 51       		.byte	0x51
 4525 0bbb 09       		.uleb128 0x9
 4526 0bbc A3       		.byte	0xa3
 4527 0bbd 03       		.uleb128 0x3
 4528 0bbe A5       		.byte	0xa5
ARM GAS  /tmp/cctmACj5.s 			page 81


 4529 0bbf 01       		.uleb128 0x1
 4530 0bc0 26       		.uleb128 0x26
 4531 0bc1 A8       		.byte	0xa8
 4532 0bc2 2D       		.uleb128 0x2d
 4533 0bc3 A8       		.byte	0xa8
 4534 0bc4 00       		.uleb128 0
 4535 0bc5 00       		.byte	0
 4536 0bc6 08       		.uleb128 0x8
 4537 0bc7 26000000 		.4byte	.LVL155
 4538 0bcb A0070000 		.4byte	0x7a0
 4539 0bcf 01       		.uleb128 0x1
 4540 0bd0 01       		.uleb128 0x1
 4541 0bd1 50       		.byte	0x50
 4542 0bd2 05       		.uleb128 0x5
 4543 0bd3 03       		.byte	0x3
 4544 0bd4 00000000 		.4byte	__func__.1
 4545 0bd8 00       		.byte	0
 4546 0bd9 00       		.byte	0
 4547 0bda 00       		.byte	0
 4548 0bdb 15       		.uleb128 0x15
 4549 0bdc A7060000 		.4byte	0x6a7
 4550 0be0 EB0B0000 		.4byte	0xbeb
 4551 0be4 16       		.uleb128 0x16
 4552 0be5 2D000000 		.4byte	0x2d
 4553 0be9 0C       		.byte	0xc
 4554 0bea 00       		.byte	0
 4555 0beb 13       		.uleb128 0x13
 4556 0bec DB0B0000 		.4byte	0xbdb
 4557 0bf0 14       		.uleb128 0x14
 4558 0bf1 03030000 		.4byte	.LASF114
 4559 0bf5 3702     		.2byte	0x237
 4560 0bf7 00000000 		.4byte	.LFB200
 4561 0bfb 30000000 		.4byte	.LFE200-.LFB200
 4562 0bff 01       		.uleb128 0x1
 4563 0c00 9C       		.byte	0x9c
 4564 0c01 720C0000 		.4byte	0xc72
 4565 0c05 0D       		.uleb128 0xd
 4566 0c06 74727000 		.ascii	"trp\000"
 4567 0c0a 3702     		.2byte	0x237
 4568 0c0c 27       		.byte	0x27
 4569 0c0d 2A060000 		.4byte	0x62a
 4570 0c11 B3020000 		.4byte	.LLST99
 4571 0c15 A7020000 		.4byte	.LVUS99
 4572 0c19 0D       		.uleb128 0xd
 4573 0c1a 6D736700 		.ascii	"msg\000"
 4574 0c1e 3702     		.2byte	0x237
 4575 0c20 32       		.byte	0x32
 4576 0c21 14010000 		.4byte	0x114
 4577 0c25 EE020000 		.4byte	.LLST100
 4578 0c29 E0020000 		.4byte	.LVUS100
 4579 0c2d 12       		.uleb128 0x12
 4580 0c2e 73060000 		.4byte	.LASF115
 4581 0c32 EB0B0000 		.4byte	0xbeb
 4582 0c36 05       		.uleb128 0x5
 4583 0c37 03       		.byte	0x3
 4584 0c38 00000000 		.4byte	__func__.2
 4585 0c3c 0B       		.uleb128 0xb
ARM GAS  /tmp/cctmACj5.s 			page 82


 4586 0c3d 34020000 		.4byte	.LLRL101
 4587 0c41 2D       		.uleb128 0x2d
 4588 0c42 747000   		.ascii	"tp\000"
 4589 0c45 3A02     		.2byte	0x23a
 4590 0c47 0F       		.byte	0xf
 4591 0c48 0D020000 		.4byte	0x20d
 4592 0c4c 27030000 		.4byte	.LLST102
 4593 0c50 21030000 		.4byte	.LVUS102
 4594 0c54 2B       		.uleb128 0x2b
 4595 0c55 20000000 		.4byte	.LVL145
 4596 0c59 5F070000 		.4byte	0x75f
 4597 0c5d 08       		.uleb128 0x8
 4598 0c5e 26000000 		.4byte	.LVL147
 4599 0c62 A0070000 		.4byte	0x7a0
 4600 0c66 01       		.uleb128 0x1
 4601 0c67 01       		.uleb128 0x1
 4602 0c68 50       		.byte	0x50
 4603 0c69 05       		.uleb128 0x5
 4604 0c6a 03       		.byte	0x3
 4605 0c6b 00000000 		.4byte	__func__.2
 4606 0c6f 00       		.byte	0
 4607 0c70 00       		.byte	0
 4608 0c71 00       		.byte	0
 4609 0c72 1D       		.uleb128 0x1d
 4610 0c73 85040000 		.4byte	.LASF117
 4611 0c77 1E02     		.2byte	0x21e
 4612 0c79 07       		.byte	0x7
 4613 0c7a 14010000 		.4byte	0x114
 4614 0c7e 00000000 		.4byte	.LFB199
 4615 0c82 34000000 		.4byte	.LFE199-.LFB199
 4616 0c86 01       		.uleb128 0x1
 4617 0c87 9C       		.byte	0x9c
 4618 0c88 1B0D0000 		.4byte	0xd1b
 4619 0c8c 0D       		.uleb128 0xd
 4620 0c8d 74727000 		.ascii	"trp\000"
 4621 0c91 1E02     		.2byte	0x21e
 4622 0c93 30       		.byte	0x30
 4623 0c94 2A060000 		.4byte	0x62a
 4624 0c98 46030000 		.4byte	.LLST95
 4625 0c9c 3C030000 		.4byte	.LVUS95
 4626 0ca0 17       		.uleb128 0x17
 4627 0ca1 B3030000 		.4byte	.LASF111
 4628 0ca5 1E02     		.2byte	0x21e
 4629 0ca7 3F       		.byte	0x3f
 4630 0ca8 2C010000 		.4byte	0x12c
 4631 0cac 83030000 		.4byte	.LLST96
 4632 0cb0 77030000 		.4byte	.LVUS96
 4633 0cb4 2D       		.uleb128 0x2d
 4634 0cb5 747000   		.ascii	"tp\000"
 4635 0cb8 1F02     		.2byte	0x21f
 4636 0cba 0D       		.byte	0xd
 4637 0cbb 0D020000 		.4byte	0x20d
 4638 0cbf BD030000 		.4byte	.LLST97
 4639 0cc3 B9030000 		.4byte	.LVUS97
 4640 0cc7 12       		.uleb128 0x12
 4641 0cc8 73060000 		.4byte	.LASF115
 4642 0ccc 2B0D0000 		.4byte	0xd2b
ARM GAS  /tmp/cctmACj5.s 			page 83


 4643 0cd0 05       		.uleb128 0x5
 4644 0cd1 03       		.byte	0x3
 4645 0cd2 00000000 		.4byte	__func__.3
 4646 0cd6 22       		.uleb128 0x22
 4647 0cd7 341B0000 		.4byte	0x1b34
 4648 0cdb 00000000 		.4byte	.LBI435
 4649 0cdf 02       		.byte	.LVU605
 4650 0ce0 28020000 		.4byte	.LLRL98
 4651 0ce4 1F02     		.2byte	0x21f
 4652 0ce6 12       		.byte	0x12
 4653 0ce7 0C       		.uleb128 0xc
 4654 0ce8 14000000 		.4byte	.LVL137
 4655 0cec A0070000 		.4byte	0x7a0
 4656 0cf0 FE0C0000 		.4byte	0xcfe
 4657 0cf4 01       		.uleb128 0x1
 4658 0cf5 01       		.uleb128 0x1
 4659 0cf6 50       		.byte	0x50
 4660 0cf7 05       		.uleb128 0x5
 4661 0cf8 03       		.byte	0x3
 4662 0cf9 00000000 		.4byte	__func__.3
 4663 0cfd 00       		.byte	0
 4664 0cfe 21       		.uleb128 0x21
 4665 0cff 26000000 		.4byte	.LVL139
 4666 0d03 3C070000 		.4byte	0x73c
 4667 0d07 01       		.uleb128 0x1
 4668 0d08 01       		.uleb128 0x1
 4669 0d09 50       		.byte	0x50
 4670 0d0a 01       		.uleb128 0x1
 4671 0d0b 33       		.byte	0x33
 4672 0d0c 01       		.uleb128 0x1
 4673 0d0d 01       		.uleb128 0x1
 4674 0d0e 51       		.byte	0x51
 4675 0d0f 09       		.uleb128 0x9
 4676 0d10 A3       		.byte	0xa3
 4677 0d11 03       		.uleb128 0x3
 4678 0d12 A5       		.byte	0xa5
 4679 0d13 01       		.uleb128 0x1
 4680 0d14 26       		.uleb128 0x26
 4681 0d15 A8       		.byte	0xa8
 4682 0d16 2D       		.uleb128 0x2d
 4683 0d17 A8       		.byte	0xa8
 4684 0d18 00       		.uleb128 0
 4685 0d19 00       		.byte	0
 4686 0d1a 00       		.byte	0
 4687 0d1b 15       		.uleb128 0x15
 4688 0d1c A7060000 		.4byte	0x6a7
 4689 0d20 2B0D0000 		.4byte	0xd2b
 4690 0d24 16       		.uleb128 0x16
 4691 0d25 2D000000 		.4byte	0x2d
 4692 0d29 14       		.byte	0x14
 4693 0d2a 00       		.byte	0
 4694 0d2b 13       		.uleb128 0x13
 4695 0d2c 1B0D0000 		.4byte	0xd1b
 4696 0d30 1D       		.uleb128 0x1d
 4697 0d31 88050000 		.4byte	.LASF118
 4698 0d35 FF01     		.2byte	0x1ff
 4699 0d37 07       		.byte	0x7
ARM GAS  /tmp/cctmACj5.s 			page 84


 4700 0d38 14010000 		.4byte	0x114
 4701 0d3c 00000000 		.4byte	.LFB198
 4702 0d40 2C000000 		.4byte	.LFE198-.LFB198
 4703 0d44 01       		.uleb128 0x1
 4704 0d45 9C       		.byte	0x9c
 4705 0d46 CE0D0000 		.4byte	0xdce
 4706 0d4a 0D       		.uleb128 0xd
 4707 0d4b 74727000 		.ascii	"trp\000"
 4708 0d4f FF01     		.2byte	0x1ff
 4709 0d51 29       		.byte	0x29
 4710 0d52 2A060000 		.4byte	0x62a
 4711 0d56 D3030000 		.4byte	.LLST92
 4712 0d5a CD030000 		.4byte	.LVUS92
 4713 0d5e 2D       		.uleb128 0x2d
 4714 0d5f 747000   		.ascii	"tp\000"
 4715 0d62 0002     		.2byte	0x200
 4716 0d64 0D       		.byte	0xd
 4717 0d65 0D020000 		.4byte	0x20d
 4718 0d69 F3030000 		.4byte	.LLST93
 4719 0d6d F1030000 		.4byte	.LVUS93
 4720 0d71 12       		.uleb128 0x12
 4721 0d72 73060000 		.4byte	.LASF115
 4722 0d76 DE0D0000 		.4byte	0xdde
 4723 0d7a 05       		.uleb128 0x5
 4724 0d7b 03       		.byte	0x3
 4725 0d7c 00000000 		.4byte	__func__.4
 4726 0d80 22       		.uleb128 0x22
 4727 0d81 341B0000 		.4byte	0x1b34
 4728 0d85 00000000 		.4byte	.LBI427
 4729 0d89 02       		.byte	.LVU577
 4730 0d8a 19020000 		.4byte	.LLRL94
 4731 0d8e 0002     		.2byte	0x200
 4732 0d90 12       		.byte	0x12
 4733 0d91 45       		.uleb128 0x45
 4734 0d92 341B0000 		.4byte	0x1b34
 4735 0d96 1C000000 		.4byte	.LBI433
 4736 0d9a 01       		.byte	.LVU598
 4737 0d9b 1C000000 		.4byte	.LBB433
 4738 0d9f 00000000 		.4byte	.LBE433-.LBB433
 4739 0da3 01       		.byte	0x1
 4740 0da4 0802     		.2byte	0x208
 4741 0da6 0A       		.byte	0xa
 4742 0da7 0C       		.uleb128 0xc
 4743 0da8 12000000 		.4byte	.LVL131
 4744 0dac A0070000 		.4byte	0x7a0
 4745 0db0 BE0D0000 		.4byte	0xdbe
 4746 0db4 01       		.uleb128 0x1
 4747 0db5 01       		.uleb128 0x1
 4748 0db6 50       		.byte	0x50
 4749 0db7 05       		.uleb128 0x5
 4750 0db8 03       		.byte	0x3
 4751 0db9 00000000 		.4byte	__func__.4
 4752 0dbd 00       		.byte	0
 4753 0dbe 08       		.uleb128 0x8
 4754 0dbf 1C000000 		.4byte	.LVL132
 4755 0dc3 1C070000 		.4byte	0x71c
 4756 0dc7 01       		.uleb128 0x1
ARM GAS  /tmp/cctmACj5.s 			page 85


 4757 0dc8 01       		.uleb128 0x1
 4758 0dc9 50       		.byte	0x50
 4759 0dca 01       		.uleb128 0x1
 4760 0dcb 33       		.byte	0x33
 4761 0dcc 00       		.byte	0
 4762 0dcd 00       		.byte	0
 4763 0dce 15       		.uleb128 0x15
 4764 0dcf A7060000 		.4byte	0x6a7
 4765 0dd3 DE0D0000 		.4byte	0xdde
 4766 0dd7 16       		.uleb128 0x16
 4767 0dd8 2D000000 		.4byte	0x2d
 4768 0ddc 0D       		.byte	0xd
 4769 0ddd 00       		.byte	0
 4770 0dde 13       		.uleb128 0x13
 4771 0ddf CE0D0000 		.4byte	0xdce
 4772 0de3 32       		.uleb128 0x32
 4773 0de4 A8000000 		.4byte	.LASF119
 4774 0de8 A201     		.2byte	0x1a2
 4775 0dea 170E0000 		.4byte	0xe17
 4776 0dee 18       		.uleb128 0x18
 4777 0def 6D736700 		.ascii	"msg\000"
 4778 0df3 01       		.byte	0x1
 4779 0df4 A201     		.2byte	0x1a2
 4780 0df6 17       		.byte	0x17
 4781 0df7 14010000 		.4byte	0x114
 4782 0dfb 2C       		.uleb128 0x2c
 4783 0dfc 747000   		.ascii	"tp\000"
 4784 0dff 01       		.byte	0x1
 4785 0e00 A301     		.2byte	0x1a3
 4786 0e02 0D       		.byte	0xd
 4787 0e03 0D020000 		.4byte	0x20d
 4788 0e07 12       		.uleb128 0x12
 4789 0e08 73060000 		.4byte	.LASF115
 4790 0e0c 270E0000 		.4byte	0xe27
 4791 0e10 05       		.uleb128 0x5
 4792 0e11 03       		.byte	0x3
 4793 0e12 00000000 		.4byte	__func__.5
 4794 0e16 00       		.byte	0
 4795 0e17 15       		.uleb128 0x15
 4796 0e18 A7060000 		.4byte	0x6a7
 4797 0e1c 270E0000 		.4byte	0xe27
 4798 0e20 16       		.uleb128 0x16
 4799 0e21 2D000000 		.4byte	0x2d
 4800 0e25 0A       		.byte	0xa
 4801 0e26 00       		.byte	0
 4802 0e27 13       		.uleb128 0x13
 4803 0e28 170E0000 		.4byte	0xe17
 4804 0e2c 14       		.uleb128 0x14
 4805 0e2d 4E020000 		.4byte	.LASF120
 4806 0e31 8D01     		.2byte	0x18d
 4807 0e33 00000000 		.4byte	.LFB196
 4808 0e37 3C000000 		.4byte	.LFE196-.LFB196
 4809 0e3b 01       		.uleb128 0x1
 4810 0e3c 9C       		.byte	0x9c
 4811 0e3d 060F0000 		.4byte	0xf06
 4812 0e41 0D       		.uleb128 0xd
 4813 0e42 6D736700 		.ascii	"msg\000"
ARM GAS  /tmp/cctmACj5.s 			page 86


 4814 0e46 8D01     		.2byte	0x18d
 4815 0e48 16       		.byte	0x16
 4816 0e49 14010000 		.4byte	0x114
 4817 0e4d 02040000 		.4byte	.LLST83
 4818 0e51 FC030000 		.4byte	.LVUS83
 4819 0e55 03       		.uleb128 0x3
 4820 0e56 A61B0000 		.4byte	0x1ba6
 4821 0e5a 00000000 		.4byte	.LBI408
 4822 0e5e 02       		.byte	.LVU520
 4823 0e5f EF010000 		.4byte	.LLRL84
 4824 0e63 01       		.byte	0x1
 4825 0e64 8F01     		.2byte	0x18f
 4826 0e66 03       		.byte	0x3
 4827 0e67 AC0E0000 		.4byte	0xeac
 4828 0e6b 03       		.uleb128 0x3
 4829 0e6c EF1B0000 		.4byte	0x1bef
 4830 0e70 00000000 		.4byte	.LBI410
 4831 0e74 04       		.byte	.LVU522
 4832 0e75 FE010000 		.4byte	.LLRL85
 4833 0e79 02       		.byte	0x2
 4834 0e7a 5C01     		.2byte	0x15c
 4835 0e7c 03       		.byte	0x3
 4836 0e7d A20E0000 		.4byte	0xea2
 4837 0e81 05       		.uleb128 0x5
 4838 0e82 F71B0000 		.4byte	0x1bf7
 4839 0e86 00000000 		.4byte	.LBI411
 4840 0e8a 06       		.byte	.LVU524
 4841 0e8b FE010000 		.4byte	.LLRL85
 4842 0e8f 03       		.byte	0x3
 4843 0e90 BF01     		.2byte	0x1bf
 4844 0e92 03       		.byte	0x3
 4845 0e93 02       		.uleb128 0x2
 4846 0e94 041C0000 		.4byte	0x1c04
 4847 0e98 22040000 		.4byte	.LLST86
 4848 0e9c 20040000 		.4byte	.LVUS86
 4849 0ea0 00       		.byte	0
 4850 0ea1 00       		.byte	0
 4851 0ea2 07       		.uleb128 0x7
 4852 0ea3 0E000000 		.4byte	.LVL116
 4853 0ea7 7B070000 		.4byte	0x77b
 4854 0eab 00       		.byte	0
 4855 0eac 05       		.uleb128 0x5
 4856 0ead E30D0000 		.4byte	0xde3
 4857 0eb1 0E000000 		.4byte	.LBI423
 4858 0eb5 02       		.byte	.LVU535
 4859 0eb6 0D020000 		.4byte	.LLRL87
 4860 0eba 01       		.byte	0x1
 4861 0ebb 9001     		.2byte	0x190
 4862 0ebd 03       		.byte	0x3
 4863 0ebe 02       		.uleb128 0x2
 4864 0ebf EE0D0000 		.4byte	0xdee
 4865 0ec3 31040000 		.4byte	.LLST88
 4866 0ec7 2D040000 		.4byte	.LVUS88
 4867 0ecb 0B       		.uleb128 0xb
 4868 0ecc 0D020000 		.4byte	.LLRL87
 4869 0ed0 1C       		.uleb128 0x1c
 4870 0ed1 FB0D0000 		.4byte	0xdfb
ARM GAS  /tmp/cctmACj5.s 			page 87


 4871 0ed5 4C040000 		.4byte	.LLST89
 4872 0ed9 4A040000 		.4byte	.LVUS89
 4873 0edd 0C       		.uleb128 0xc
 4874 0ede 28000000 		.4byte	.LVL119
 4875 0ee2 1C070000 		.4byte	0x71c
 4876 0ee6 F00E0000 		.4byte	0xef0
 4877 0eea 01       		.uleb128 0x1
 4878 0eeb 01       		.uleb128 0x1
 4879 0eec 50       		.byte	0x50
 4880 0eed 01       		.uleb128 0x1
 4881 0eee 3F       		.byte	0x3f
 4882 0eef 00       		.byte	0
 4883 0ef0 21       		.uleb128 0x21
 4884 0ef1 32000000 		.4byte	.LVL121
 4885 0ef5 A0070000 		.4byte	0x7a0
 4886 0ef9 01       		.uleb128 0x1
 4887 0efa 01       		.uleb128 0x1
 4888 0efb 50       		.byte	0x50
 4889 0efc 05       		.uleb128 0x5
 4890 0efd 03       		.byte	0x3
 4891 0efe 00000000 		.4byte	__func__.5
 4892 0f02 00       		.byte	0
 4893 0f03 00       		.byte	0
 4894 0f04 00       		.byte	0
 4895 0f05 00       		.byte	0
 4896 0f06 14       		.uleb128 0x14
 4897 0f07 D4070000 		.4byte	.LASF121
 4898 0f0b 7801     		.2byte	0x178
 4899 0f0d 00000000 		.4byte	.LFB195
 4900 0f11 5C000000 		.4byte	.LFE195-.LFB195
 4901 0f15 01       		.uleb128 0x1
 4902 0f16 9C       		.byte	0x9c
 4903 0f17 28100000 		.4byte	0x1028
 4904 0f1b 03       		.uleb128 0x3
 4905 0f1c A61B0000 		.4byte	0x1ba6
 4906 0f20 00000000 		.4byte	.LBI369
 4907 0f24 02       		.byte	.LVU469
 4908 0f25 A1010000 		.4byte	.LLRL75
 4909 0f29 01       		.byte	0x1
 4910 0f2a 7A01     		.2byte	0x17a
 4911 0f2c 03       		.byte	0x3
 4912 0f2d 720F0000 		.4byte	0xf72
 4913 0f31 03       		.uleb128 0x3
 4914 0f32 EF1B0000 		.4byte	0x1bef
 4915 0f36 00000000 		.4byte	.LBI371
 4916 0f3a 04       		.byte	.LVU471
 4917 0f3b B0010000 		.4byte	.LLRL76
 4918 0f3f 02       		.byte	0x2
 4919 0f40 5C01     		.2byte	0x15c
 4920 0f42 03       		.byte	0x3
 4921 0f43 680F0000 		.4byte	0xf68
 4922 0f47 05       		.uleb128 0x5
 4923 0f48 F71B0000 		.4byte	0x1bf7
 4924 0f4c 00000000 		.4byte	.LBI372
 4925 0f50 06       		.byte	.LVU473
 4926 0f51 B0010000 		.4byte	.LLRL76
 4927 0f55 03       		.byte	0x3
ARM GAS  /tmp/cctmACj5.s 			page 88


 4928 0f56 BF01     		.2byte	0x1bf
 4929 0f58 03       		.byte	0x3
 4930 0f59 02       		.uleb128 0x2
 4931 0f5a 041C0000 		.4byte	0x1c04
 4932 0f5e 57040000 		.4byte	.LLST77
 4933 0f62 55040000 		.4byte	.LVUS77
 4934 0f66 00       		.byte	0
 4935 0f67 00       		.byte	0
 4936 0f68 07       		.uleb128 0x7
 4937 0f69 0E000000 		.4byte	.LVL105
 4938 0f6d 7B070000 		.4byte	0x77b
 4939 0f71 00       		.byte	0
 4940 0f72 03       		.uleb128 0x3
 4941 0f73 AE1B0000 		.4byte	0x1bae
 4942 0f77 0E000000 		.4byte	.LBI380
 4943 0f7b 01       		.byte	.LVU483
 4944 0f7c BC010000 		.4byte	.LLRL78
 4945 0f80 01       		.byte	0x1
 4946 0f81 7B01     		.2byte	0x17b
 4947 0f83 03       		.byte	0x3
 4948 0f84 BB0F0000 		.4byte	0xfbb
 4949 0f88 03       		.uleb128 0x3
 4950 0f89 B61B0000 		.4byte	0x1bb6
 4951 0f8d 12000000 		.4byte	.LBI382
 4952 0f91 01       		.byte	.LVU486
 4953 0f92 CB010000 		.4byte	.LLRL79
 4954 0f96 07       		.byte	0x7
 4955 0f97 E902     		.2byte	0x2e9
 4956 0f99 07       		.byte	0x7
 4957 0f9a A80F0000 		.4byte	0xfa8
 4958 0f9e 07       		.uleb128 0x7
 4959 0f9f 16000000 		.4byte	.LVL107
 4960 0fa3 36070000 		.4byte	0x736
 4961 0fa7 00       		.byte	0
 4962 0fa8 07       		.uleb128 0x7
 4963 0fa9 12000000 		.4byte	.LVL106
 4964 0fad 36070000 		.4byte	0x736
 4965 0fb1 07       		.uleb128 0x7
 4966 0fb2 50000000 		.4byte	.LVL113
 4967 0fb6 2E070000 		.4byte	0x72e
 4968 0fba 00       		.byte	0
 4969 0fbb 05       		.uleb128 0x5
 4970 0fbc 891B0000 		.4byte	0x1b89
 4971 0fc0 22000000 		.4byte	.LBI390
 4972 0fc4 01       		.byte	.LVU493
 4973 0fc5 D7010000 		.4byte	.LLRL80
 4974 0fc9 01       		.byte	0x1
 4975 0fca 7C01     		.2byte	0x17c
 4976 0fcc 03       		.byte	0x3
 4977 0fcd 0B       		.uleb128 0xb
 4978 0fce D7010000 		.4byte	.LLRL80
 4979 0fd2 03       		.uleb128 0x3
 4980 0fd3 E71B0000 		.4byte	0x1be7
 4981 0fd7 36000000 		.4byte	.LBI392
 4982 0fdb 02       		.byte	.LVU502
 4983 0fdc E3010000 		.4byte	.LLRL81
 4984 0fe0 02       		.byte	0x2
ARM GAS  /tmp/cctmACj5.s 			page 89


 4985 0fe1 7301     		.2byte	0x173
 4986 0fe3 03       		.byte	0x3
 4987 0fe4 09100000 		.4byte	0x1009
 4988 0fe8 05       		.uleb128 0x5
 4989 0fe9 F71B0000 		.4byte	0x1bf7
 4990 0fed 36000000 		.4byte	.LBI393
 4991 0ff1 04       		.byte	.LVU504
 4992 0ff2 E3010000 		.4byte	.LLRL81
 4993 0ff6 03       		.byte	0x3
 4994 0ff7 CD01     		.2byte	0x1cd
 4995 0ff9 03       		.byte	0x3
 4996 0ffa 02       		.uleb128 0x2
 4997 0ffb 041C0000 		.4byte	0x1c04
 4998 0fff 66040000 		.4byte	.LLST82
 4999 1003 62040000 		.4byte	.LVUS82
 5000 1007 00       		.byte	0
 5001 1008 00       		.byte	0
 5002 1009 07       		.uleb128 0x7
 5003 100a 26000000 		.4byte	.LVL108
 5004 100e 75070000 		.4byte	0x775
 5005 1012 08       		.uleb128 0x8
 5006 1013 44000000 		.4byte	.LVL111
 5007 1017 A0070000 		.4byte	0x7a0
 5008 101b 01       		.uleb128 0x1
 5009 101c 01       		.uleb128 0x1
 5010 101d 50       		.byte	0x50
 5011 101e 05       		.uleb128 0x5
 5012 101f 03       		.byte	0x3
 5013 1020 00000000 		.4byte	__func__.9
 5014 1024 00       		.byte	0
 5015 1025 00       		.byte	0
 5016 1026 00       		.byte	0
 5017 1027 00       		.byte	0
 5018 1028 1D       		.uleb128 0x1d
 5019 1029 7C000000 		.4byte	.LASF122
 5020 102d 6401     		.2byte	0x164
 5021 102f 0B       		.byte	0xb
 5022 1030 2C010000 		.4byte	0x12c
 5023 1034 00000000 		.4byte	.LFB194
 5024 1038 6C000000 		.4byte	.LFE194-.LFB194
 5025 103c 01       		.uleb128 0x1
 5026 103d 9C       		.byte	0x9c
 5027 103e E9110000 		.4byte	0x11e9
 5028 1042 17       		.uleb128 0x17
 5029 1043 5C000000 		.4byte	.LASF123
 5030 1047 6401     		.2byte	0x164
 5031 1049 2D       		.byte	0x2d
 5032 104a 2C010000 		.4byte	0x12c
 5033 104e 7E040000 		.4byte	.LLST61
 5034 1052 78040000 		.4byte	.LVUS61
 5035 1056 17       		.uleb128 0x17
 5036 1057 F4000000 		.4byte	.LASF124
 5037 105b 6401     		.2byte	0x164
 5038 105d 3D       		.byte	0x3d
 5039 105e 2C010000 		.4byte	0x12c
 5040 1062 A0040000 		.4byte	.LLST62
 5041 1066 9C040000 		.4byte	.LVUS62
ARM GAS  /tmp/cctmACj5.s 			page 90


 5042 106a 33       		.uleb128 0x33
 5043 106b 5B050000 		.4byte	.LASF125
 5044 106f 6501     		.2byte	0x165
 5045 1071 0D       		.byte	0xd
 5046 1072 2C010000 		.4byte	0x12c
 5047 1076 B6040000 		.4byte	.LLST63
 5048 107a B0040000 		.4byte	.LVUS63
 5049 107e 03       		.uleb128 0x3
 5050 107f A61B0000 		.4byte	0x1ba6
 5051 1083 00000000 		.4byte	.LBI320
 5052 1087 03       		.byte	.LVU400
 5053 1088 5C010000 		.4byte	.LLRL64
 5054 108c 01       		.byte	0x1
 5055 108d 6701     		.2byte	0x167
 5056 108f 03       		.byte	0x3
 5057 1090 D5100000 		.4byte	0x10d5
 5058 1094 03       		.uleb128 0x3
 5059 1095 EF1B0000 		.4byte	0x1bef
 5060 1099 00000000 		.4byte	.LBI322
 5061 109d 05       		.byte	.LVU402
 5062 109e 6E010000 		.4byte	.LLRL65
 5063 10a2 02       		.byte	0x2
 5064 10a3 5C01     		.2byte	0x15c
 5065 10a5 03       		.byte	0x3
 5066 10a6 CB100000 		.4byte	0x10cb
 5067 10aa 05       		.uleb128 0x5
 5068 10ab F71B0000 		.4byte	0x1bf7
 5069 10af 00000000 		.4byte	.LBI323
 5070 10b3 07       		.byte	.LVU404
 5071 10b4 6E010000 		.4byte	.LLRL65
 5072 10b8 03       		.byte	0x3
 5073 10b9 BF01     		.2byte	0x1bf
 5074 10bb 03       		.byte	0x3
 5075 10bc 02       		.uleb128 0x2
 5076 10bd 041C0000 		.4byte	0x1c04
 5077 10c1 CD040000 		.4byte	.LLST66
 5078 10c5 CB040000 		.4byte	.LVUS66
 5079 10c9 00       		.byte	0
 5080 10ca 00       		.byte	0
 5081 10cb 07       		.uleb128 0x7
 5082 10cc 12000000 		.4byte	.LVL87
 5083 10d0 7B070000 		.4byte	0x77b
 5084 10d4 00       		.byte	0
 5085 10d5 22       		.uleb128 0x22
 5086 10d6 7E1B0000 		.4byte	0x1b7e
 5087 10da 12000000 		.4byte	.LBI336
 5088 10de 02       		.byte	.LVU417
 5089 10df 7D010000 		.4byte	.LLRL67
 5090 10e3 6801     		.2byte	0x168
 5091 10e5 0A       		.byte	0xa
 5092 10e6 2A       		.uleb128 0x2a
 5093 10e7 3F1B0000 		.4byte	0x1b3f
 5094 10eb 14000000 		.4byte	.LBI341
 5095 10ef 02       		.byte	.LVU422
 5096 10f0 14000000 		.4byte	.LBB341
 5097 10f4 04000000 		.4byte	.LBE341-.LBB341
 5098 10f8 01       		.byte	0x1
ARM GAS  /tmp/cctmACj5.s 			page 91


 5099 10f9 6901     		.2byte	0x169
 5100 10fb 07       		.byte	0x7
 5101 10fc 28110000 		.4byte	0x1128
 5102 1100 02       		.uleb128 0x2
 5103 1101 691B0000 		.4byte	0x1b69
 5104 1105 DA040000 		.4byte	.LLST68
 5105 1109 D8040000 		.4byte	.LVUS68
 5106 110d 02       		.uleb128 0x2
 5107 110e 5C1B0000 		.4byte	0x1b5c
 5108 1112 E5040000 		.4byte	.LLST69
 5109 1116 E3040000 		.4byte	.LVUS69
 5110 111a 02       		.uleb128 0x2
 5111 111b 4F1B0000 		.4byte	0x1b4f
 5112 111f F0040000 		.4byte	.LLST70
 5113 1123 EE040000 		.4byte	.LVUS70
 5114 1127 00       		.byte	0
 5115 1128 03       		.uleb128 0x3
 5116 1129 891B0000 		.4byte	0x1b89
 5117 112d 1C000000 		.4byte	.LBI343
 5118 1131 01       		.byte	.LVU429
 5119 1132 89010000 		.4byte	.LLRL71
 5120 1136 01       		.byte	0x1
 5121 1137 6C01     		.2byte	0x16c
 5122 1139 03       		.byte	0x3
 5123 113a 98110000 		.4byte	0x1198
 5124 113e 0B       		.uleb128 0xb
 5125 113f 89010000 		.4byte	.LLRL71
 5126 1143 03       		.uleb128 0x3
 5127 1144 E71B0000 		.4byte	0x1be7
 5128 1148 30000000 		.4byte	.LBI345
 5129 114c 02       		.byte	.LVU438
 5130 114d 95010000 		.4byte	.LLRL72
 5131 1151 02       		.byte	0x2
 5132 1152 7301     		.2byte	0x173
 5133 1154 03       		.byte	0x3
 5134 1155 7A110000 		.4byte	0x117a
 5135 1159 05       		.uleb128 0x5
 5136 115a F71B0000 		.4byte	0x1bf7
 5137 115e 30000000 		.4byte	.LBI346
 5138 1162 04       		.byte	.LVU440
 5139 1163 95010000 		.4byte	.LLRL72
 5140 1167 03       		.byte	0x3
 5141 1168 CD01     		.2byte	0x1cd
 5142 116a 03       		.byte	0x3
 5143 116b 02       		.uleb128 0x2
 5144 116c 041C0000 		.4byte	0x1c04
 5145 1170 FD040000 		.4byte	.LLST73
 5146 1174 F9040000 		.4byte	.LVUS73
 5147 1178 00       		.byte	0
 5148 1179 00       		.byte	0
 5149 117a 07       		.uleb128 0x7
 5150 117b 20000000 		.4byte	.LVL91
 5151 117f 75070000 		.4byte	0x775
 5152 1183 08       		.uleb128 0x8
 5153 1184 40000000 		.4byte	.LVL95
 5154 1188 A0070000 		.4byte	0x7a0
 5155 118c 01       		.uleb128 0x1
ARM GAS  /tmp/cctmACj5.s 			page 92


 5156 118d 01       		.uleb128 0x1
 5157 118e 50       		.byte	0x50
 5158 118f 05       		.uleb128 0x5
 5159 1190 03       		.byte	0x3
 5160 1191 00000000 		.4byte	__func__.9
 5161 1195 00       		.byte	0
 5162 1196 00       		.byte	0
 5163 1197 00       		.byte	0
 5164 1198 2E       		.uleb128 0x2e
 5165 1199 C91A0000 		.4byte	0x1ac9
 5166 119d 4A000000 		.4byte	.LBI353
 5167 11a1 01       		.byte	.LVU456
 5168 11a2 4A000000 		.4byte	.LBB353
 5169 11a6 22000000 		.4byte	.LBE353-.LBB353
 5170 11aa 01       		.byte	0x1
 5171 11ab 6A01     		.2byte	0x16a
 5172 11ad 02       		.byte	0x2
 5173 11ae 02       		.uleb128 0x2
 5174 11af D61A0000 		.4byte	0x1ad6
 5175 11b3 15050000 		.4byte	.LLST74
 5176 11b7 0F050000 		.4byte	.LVUS74
 5177 11bb 0C       		.uleb128 0xc
 5178 11bc 56000000 		.4byte	.LVL100
 5179 11c0 3C070000 		.4byte	0x73c
 5180 11c4 D4110000 		.4byte	0x11d4
 5181 11c8 01       		.uleb128 0x1
 5182 11c9 01       		.uleb128 0x1
 5183 11ca 50       		.byte	0x50
 5184 11cb 01       		.uleb128 0x1
 5185 11cc 38       		.byte	0x38
 5186 11cd 01       		.uleb128 0x1
 5187 11ce 01       		.uleb128 0x1
 5188 11cf 51       		.byte	0x51
 5189 11d0 02       		.uleb128 0x2
 5190 11d1 74       		.byte	0x74
 5191 11d2 00       		.sleb128 0
 5192 11d3 00       		.byte	0
 5193 11d4 08       		.uleb128 0x8
 5194 11d5 5E000000 		.4byte	.LVL102
 5195 11d9 A0070000 		.4byte	0x7a0
 5196 11dd 01       		.uleb128 0x1
 5197 11de 01       		.uleb128 0x1
 5198 11df 50       		.byte	0x50
 5199 11e0 05       		.uleb128 0x5
 5200 11e1 03       		.byte	0x3
 5201 11e2 00000000 		.4byte	__func__.6
 5202 11e6 00       		.byte	0
 5203 11e7 00       		.byte	0
 5204 11e8 00       		.byte	0
 5205 11e9 14       		.uleb128 0x14
 5206 11ea 6D050000 		.4byte	.LASF126
 5207 11ee 4C01     		.2byte	0x14c
 5208 11f0 00000000 		.4byte	.LFB193
 5209 11f4 50000000 		.4byte	.LFE193-.LFB193
 5210 11f8 01       		.uleb128 0x1
 5211 11f9 9C       		.byte	0x9c
 5212 11fa 1E130000 		.4byte	0x131e
ARM GAS  /tmp/cctmACj5.s 			page 93


 5213 11fe 17       		.uleb128 0x17
 5214 11ff 5B050000 		.4byte	.LASF125
 5215 1203 4C01     		.2byte	0x14c
 5216 1205 20       		.byte	0x20
 5217 1206 2C010000 		.4byte	0x12c
 5218 120a 39050000 		.4byte	.LLST52
 5219 120e 2F050000 		.4byte	.LVUS52
 5220 1212 03       		.uleb128 0x3
 5221 1213 A61B0000 		.4byte	0x1ba6
 5222 1217 00000000 		.4byte	.LBI276
 5223 121b 02       		.byte	.LVU340
 5224 121c 1D010000 		.4byte	.LLRL53
 5225 1220 01       		.byte	0x1
 5226 1221 4E01     		.2byte	0x14e
 5227 1223 03       		.byte	0x3
 5228 1224 69120000 		.4byte	0x1269
 5229 1228 03       		.uleb128 0x3
 5230 1229 EF1B0000 		.4byte	0x1bef
 5231 122d 00000000 		.4byte	.LBI278
 5232 1231 04       		.byte	.LVU342
 5233 1232 2C010000 		.4byte	.LLRL54
 5234 1236 02       		.byte	0x2
 5235 1237 5C01     		.2byte	0x15c
 5236 1239 03       		.byte	0x3
 5237 123a 5F120000 		.4byte	0x125f
 5238 123e 05       		.uleb128 0x5
 5239 123f F71B0000 		.4byte	0x1bf7
 5240 1243 00000000 		.4byte	.LBI279
 5241 1247 06       		.byte	.LVU344
 5242 1248 2C010000 		.4byte	.LLRL54
 5243 124c 03       		.byte	0x3
 5244 124d BF01     		.2byte	0x1bf
 5245 124f 03       		.byte	0x3
 5246 1250 02       		.uleb128 0x2
 5247 1251 041C0000 		.4byte	0x1c04
 5248 1255 5F050000 		.4byte	.LLST55
 5249 1259 5D050000 		.4byte	.LVUS55
 5250 125d 00       		.byte	0
 5251 125e 00       		.byte	0
 5252 125f 07       		.uleb128 0x7
 5253 1260 10000000 		.4byte	.LVL74
 5254 1264 7B070000 		.4byte	0x77b
 5255 1268 00       		.byte	0
 5256 1269 22       		.uleb128 0x22
 5257 126a 7E1B0000 		.4byte	0x1b7e
 5258 126e 10000000 		.4byte	.LBI287
 5259 1272 02       		.byte	.LVU356
 5260 1273 38010000 		.4byte	.LLRL56
 5261 1277 4F01     		.2byte	0x14f
 5262 1279 0B       		.byte	0xb
 5263 127a 03       		.uleb128 0x3
 5264 127b 891B0000 		.4byte	0x1b89
 5265 127f 16000000 		.4byte	.LBI292
 5266 1283 01       		.byte	.LVU364
 5267 1284 44010000 		.4byte	.LLRL57
 5268 1288 01       		.byte	0x1
 5269 1289 5301     		.2byte	0x153
ARM GAS  /tmp/cctmACj5.s 			page 94


 5270 128b 03       		.byte	0x3
 5271 128c EA120000 		.4byte	0x12ea
 5272 1290 0B       		.uleb128 0xb
 5273 1291 44010000 		.4byte	.LLRL57
 5274 1295 03       		.uleb128 0x3
 5275 1296 E71B0000 		.4byte	0x1be7
 5276 129a 2A000000 		.4byte	.LBI294
 5277 129e 02       		.byte	.LVU373
 5278 129f 50010000 		.4byte	.LLRL58
 5279 12a3 02       		.byte	0x2
 5280 12a4 7301     		.2byte	0x173
 5281 12a6 03       		.byte	0x3
 5282 12a7 CC120000 		.4byte	0x12cc
 5283 12ab 05       		.uleb128 0x5
 5284 12ac F71B0000 		.4byte	0x1bf7
 5285 12b0 2A000000 		.4byte	.LBI295
 5286 12b4 04       		.byte	.LVU375
 5287 12b5 50010000 		.4byte	.LLRL58
 5288 12b9 03       		.byte	0x3
 5289 12ba CD01     		.2byte	0x1cd
 5290 12bc 03       		.byte	0x3
 5291 12bd 02       		.uleb128 0x2
 5292 12be 041C0000 		.4byte	0x1c04
 5293 12c2 6E050000 		.4byte	.LLST59
 5294 12c6 6A050000 		.4byte	.LVUS59
 5295 12ca 00       		.byte	0
 5296 12cb 00       		.byte	0
 5297 12cc 07       		.uleb128 0x7
 5298 12cd 1A000000 		.4byte	.LVL78
 5299 12d1 75070000 		.4byte	0x775
 5300 12d5 08       		.uleb128 0x8
 5301 12d6 38000000 		.4byte	.LVL81
 5302 12da A0070000 		.4byte	0x7a0
 5303 12de 01       		.uleb128 0x1
 5304 12df 01       		.uleb128 0x1
 5305 12e0 50       		.byte	0x50
 5306 12e1 05       		.uleb128 0x5
 5307 12e2 03       		.byte	0x3
 5308 12e3 00000000 		.4byte	__func__.9
 5309 12e7 00       		.byte	0
 5310 12e8 00       		.byte	0
 5311 12e9 00       		.byte	0
 5312 12ea 2E       		.uleb128 0x2e
 5313 12eb C91A0000 		.4byte	0x1ac9
 5314 12ef 40000000 		.4byte	.LBI302
 5315 12f3 01       		.byte	.LVU389
 5316 12f4 40000000 		.4byte	.LBB302
 5317 12f8 10000000 		.4byte	.LBE302-.LBB302
 5318 12fc 01       		.byte	0x1
 5319 12fd 5101     		.2byte	0x151
 5320 12ff 05       		.byte	0x5
 5321 1300 02       		.uleb128 0x2
 5322 1301 D61A0000 		.4byte	0x1ad6
 5323 1305 82050000 		.4byte	.LLST60
 5324 1309 80050000 		.4byte	.LVUS60
 5325 130d 08       		.uleb128 0x8
 5326 130e 46000000 		.4byte	.LVL84
ARM GAS  /tmp/cctmACj5.s 			page 95


 5327 1312 3C070000 		.4byte	0x73c
 5328 1316 01       		.uleb128 0x1
 5329 1317 01       		.uleb128 0x1
 5330 1318 50       		.byte	0x50
 5331 1319 01       		.uleb128 0x1
 5332 131a 38       		.byte	0x38
 5333 131b 00       		.byte	0
 5334 131c 00       		.byte	0
 5335 131d 00       		.byte	0
 5336 131e 14       		.uleb128 0x14
 5337 131f C1060000 		.4byte	.LASF127
 5338 1323 3801     		.2byte	0x138
 5339 1325 00000000 		.4byte	.LFB192
 5340 1329 58000000 		.4byte	.LFE192-.LFB192
 5341 132d 01       		.uleb128 0x1
 5342 132e 9C       		.byte	0x9c
 5343 132f 61140000 		.4byte	0x1461
 5344 1333 17       		.uleb128 0x17
 5345 1334 5B050000 		.4byte	.LASF125
 5346 1338 3801     		.2byte	0x138
 5347 133a 1B       		.byte	0x1b
 5348 133b 2C010000 		.4byte	0x12c
 5349 133f 8F050000 		.4byte	.LLST43
 5350 1343 8B050000 		.4byte	.LVUS43
 5351 1347 03       		.uleb128 0x3
 5352 1348 A61B0000 		.4byte	0x1ba6
 5353 134c 00000000 		.4byte	.LBI233
 5354 1350 02       		.byte	.LVU289
 5355 1351 DB000000 		.4byte	.LLRL44
 5356 1355 01       		.byte	0x1
 5357 1356 3A01     		.2byte	0x13a
 5358 1358 03       		.byte	0x3
 5359 1359 9E130000 		.4byte	0x139e
 5360 135d 03       		.uleb128 0x3
 5361 135e EF1B0000 		.4byte	0x1bef
 5362 1362 00000000 		.4byte	.LBI235
 5363 1366 04       		.byte	.LVU291
 5364 1367 EA000000 		.4byte	.LLRL45
 5365 136b 02       		.byte	0x2
 5366 136c 5C01     		.2byte	0x15c
 5367 136e 03       		.byte	0x3
 5368 136f 94130000 		.4byte	0x1394
 5369 1373 05       		.uleb128 0x5
 5370 1374 F71B0000 		.4byte	0x1bf7
 5371 1378 00000000 		.4byte	.LBI236
 5372 137c 06       		.byte	.LVU293
 5373 137d EA000000 		.4byte	.LLRL45
 5374 1381 03       		.byte	0x3
 5375 1382 BF01     		.2byte	0x1bf
 5376 1384 03       		.byte	0x3
 5377 1385 02       		.uleb128 0x2
 5378 1386 041C0000 		.4byte	0x1c04
 5379 138a A1050000 		.4byte	.LLST46
 5380 138e 9F050000 		.4byte	.LVUS46
 5381 1392 00       		.byte	0
 5382 1393 00       		.byte	0
 5383 1394 07       		.uleb128 0x7
ARM GAS  /tmp/cctmACj5.s 			page 96


 5384 1395 0E000000 		.4byte	.LVL62
 5385 1399 7B070000 		.4byte	0x77b
 5386 139d 00       		.byte	0
 5387 139e 03       		.uleb128 0x3
 5388 139f C91A0000 		.4byte	0x1ac9
 5389 13a3 0E000000 		.4byte	.LBI248
 5390 13a7 02       		.byte	.LVU304
 5391 13a8 F9000000 		.4byte	.LLRL47
 5392 13ac 01       		.byte	0x1
 5393 13ad 3B01     		.2byte	0x13b
 5394 13af 03       		.byte	0x3
 5395 13b0 F4130000 		.4byte	0x13f4
 5396 13b4 02       		.uleb128 0x2
 5397 13b5 D61A0000 		.4byte	0x1ad6
 5398 13b9 B0050000 		.4byte	.LLST48
 5399 13bd AC050000 		.4byte	.LVUS48
 5400 13c1 0B       		.uleb128 0xb
 5401 13c2 F9000000 		.4byte	.LLRL47
 5402 13c6 0C       		.uleb128 0xc
 5403 13c7 18000000 		.4byte	.LVL63
 5404 13cb 3C070000 		.4byte	0x73c
 5405 13cf DF130000 		.4byte	0x13df
 5406 13d3 01       		.uleb128 0x1
 5407 13d4 01       		.uleb128 0x1
 5408 13d5 50       		.byte	0x50
 5409 13d6 01       		.uleb128 0x1
 5410 13d7 38       		.byte	0x38
 5411 13d8 01       		.uleb128 0x1
 5412 13d9 01       		.uleb128 0x1
 5413 13da 51       		.byte	0x51
 5414 13db 02       		.uleb128 0x2
 5415 13dc 74       		.byte	0x74
 5416 13dd 00       		.sleb128 0
 5417 13de 00       		.byte	0
 5418 13df 08       		.uleb128 0x8
 5419 13e0 4A000000 		.4byte	.LVL71
 5420 13e4 A0070000 		.4byte	0x7a0
 5421 13e8 01       		.uleb128 0x1
 5422 13e9 01       		.uleb128 0x1
 5423 13ea 50       		.byte	0x50
 5424 13eb 05       		.uleb128 0x5
 5425 13ec 03       		.byte	0x3
 5426 13ed 00000000 		.4byte	__func__.6
 5427 13f1 00       		.byte	0
 5428 13f2 00       		.byte	0
 5429 13f3 00       		.byte	0
 5430 13f4 05       		.uleb128 0x5
 5431 13f5 891B0000 		.4byte	0x1b89
 5432 13f9 18000000 		.4byte	.LBI251
 5433 13fd 02       		.byte	.LVU313
 5434 13fe 05010000 		.4byte	.LLRL49
 5435 1402 01       		.byte	0x1
 5436 1403 3C01     		.2byte	0x13c
 5437 1405 03       		.byte	0x3
 5438 1406 0B       		.uleb128 0xb
 5439 1407 05010000 		.4byte	.LLRL49
 5440 140b 03       		.uleb128 0x3
ARM GAS  /tmp/cctmACj5.s 			page 97


 5441 140c E71B0000 		.4byte	0x1be7
 5442 1410 2E000000 		.4byte	.LBI253
 5443 1414 02       		.byte	.LVU322
 5444 1415 11010000 		.4byte	.LLRL50
 5445 1419 02       		.byte	0x2
 5446 141a 7301     		.2byte	0x173
 5447 141c 03       		.byte	0x3
 5448 141d 42140000 		.4byte	0x1442
 5449 1421 05       		.uleb128 0x5
 5450 1422 F71B0000 		.4byte	0x1bf7
 5451 1426 2E000000 		.4byte	.LBI254
 5452 142a 04       		.byte	.LVU324
 5453 142b 11010000 		.4byte	.LLRL50
 5454 142f 03       		.byte	0x3
 5455 1430 CD01     		.2byte	0x1cd
 5456 1432 03       		.byte	0x3
 5457 1433 02       		.uleb128 0x2
 5458 1434 041C0000 		.4byte	0x1c04
 5459 1438 C4050000 		.4byte	.LLST51
 5460 143c C0050000 		.4byte	.LVUS51
 5461 1440 00       		.byte	0
 5462 1441 00       		.byte	0
 5463 1442 07       		.uleb128 0x7
 5464 1443 1C000000 		.4byte	.LVL64
 5465 1447 75070000 		.4byte	0x775
 5466 144b 08       		.uleb128 0x8
 5467 144c 3C000000 		.4byte	.LVL68
 5468 1450 A0070000 		.4byte	0x7a0
 5469 1454 01       		.uleb128 0x1
 5470 1455 01       		.uleb128 0x1
 5471 1456 50       		.byte	0x50
 5472 1457 05       		.uleb128 0x5
 5473 1458 03       		.byte	0x3
 5474 1459 00000000 		.4byte	__func__.9
 5475 145d 00       		.byte	0
 5476 145e 00       		.byte	0
 5477 145f 00       		.byte	0
 5478 1460 00       		.byte	0
 5479 1461 14       		.uleb128 0x14
 5480 1462 30040000 		.4byte	.LASF128
 5481 1466 2501     		.2byte	0x125
 5482 1468 00000000 		.4byte	.LFB191
 5483 146c 4C000000 		.4byte	.LFE191-.LFB191
 5484 1470 01       		.uleb128 0x1
 5485 1471 9C       		.byte	0x9c
 5486 1472 4D150000 		.4byte	0x154d
 5487 1476 0D       		.uleb128 0xd
 5488 1477 747000   		.ascii	"tp\000"
 5489 147a 2501     		.2byte	0x125
 5490 147c 1F       		.byte	0x1f
 5491 147d 0D020000 		.4byte	0x20d
 5492 1481 DC050000 		.4byte	.LLST36
 5493 1485 D6050000 		.4byte	.LVUS36
 5494 1489 03       		.uleb128 0x3
 5495 148a A61B0000 		.4byte	0x1ba6
 5496 148e 00000000 		.4byte	.LBI196
 5497 1492 02       		.byte	.LVU245
ARM GAS  /tmp/cctmACj5.s 			page 98


 5498 1493 A5000000 		.4byte	.LLRL37
 5499 1497 01       		.byte	0x1
 5500 1498 2701     		.2byte	0x127
 5501 149a 03       		.byte	0x3
 5502 149b E0140000 		.4byte	0x14e0
 5503 149f 03       		.uleb128 0x3
 5504 14a0 EF1B0000 		.4byte	0x1bef
 5505 14a4 00000000 		.4byte	.LBI198
 5506 14a8 04       		.byte	.LVU247
 5507 14a9 B4000000 		.4byte	.LLRL38
 5508 14ad 02       		.byte	0x2
 5509 14ae 5C01     		.2byte	0x15c
 5510 14b0 03       		.byte	0x3
 5511 14b1 D6140000 		.4byte	0x14d6
 5512 14b5 05       		.uleb128 0x5
 5513 14b6 F71B0000 		.4byte	0x1bf7
 5514 14ba 00000000 		.4byte	.LBI199
 5515 14be 06       		.byte	.LVU249
 5516 14bf B4000000 		.4byte	.LLRL38
 5517 14c3 03       		.byte	0x3
 5518 14c4 BF01     		.2byte	0x1bf
 5519 14c6 03       		.byte	0x3
 5520 14c7 02       		.uleb128 0x2
 5521 14c8 041C0000 		.4byte	0x1c04
 5522 14cc FC050000 		.4byte	.LLST39
 5523 14d0 FA050000 		.4byte	.LVUS39
 5524 14d4 00       		.byte	0
 5525 14d5 00       		.byte	0
 5526 14d6 07       		.uleb128 0x7
 5527 14d7 0E000000 		.4byte	.LVL52
 5528 14db 7B070000 		.4byte	0x77b
 5529 14df 00       		.byte	0
 5530 14e0 05       		.uleb128 0x5
 5531 14e1 891B0000 		.4byte	0x1b89
 5532 14e5 16000000 		.4byte	.LBI211
 5533 14e9 01       		.byte	.LVU262
 5534 14ea C3000000 		.4byte	.LLRL40
 5535 14ee 01       		.byte	0x1
 5536 14ef 2901     		.2byte	0x129
 5537 14f1 03       		.byte	0x3
 5538 14f2 0B       		.uleb128 0xb
 5539 14f3 C3000000 		.4byte	.LLRL40
 5540 14f7 03       		.uleb128 0x3
 5541 14f8 E71B0000 		.4byte	0x1be7
 5542 14fc 2C000000 		.4byte	.LBI213
 5543 1500 02       		.byte	.LVU271
 5544 1501 CF000000 		.4byte	.LLRL41
 5545 1505 02       		.byte	0x2
 5546 1506 7301     		.2byte	0x173
 5547 1508 03       		.byte	0x3
 5548 1509 2E150000 		.4byte	0x152e
 5549 150d 05       		.uleb128 0x5
 5550 150e F71B0000 		.4byte	0x1bf7
 5551 1512 2C000000 		.4byte	.LBI214
 5552 1516 04       		.byte	.LVU273
 5553 1517 CF000000 		.4byte	.LLRL41
 5554 151b 03       		.byte	0x3
ARM GAS  /tmp/cctmACj5.s 			page 99


 5555 151c CD01     		.2byte	0x1cd
 5556 151e 03       		.byte	0x3
 5557 151f 02       		.uleb128 0x2
 5558 1520 041C0000 		.4byte	0x1c04
 5559 1524 0B060000 		.4byte	.LLST42
 5560 1528 07060000 		.4byte	.LVUS42
 5561 152c 00       		.byte	0
 5562 152d 00       		.byte	0
 5563 152e 07       		.uleb128 0x7
 5564 152f 1A000000 		.4byte	.LVL53
 5565 1533 75070000 		.4byte	0x775
 5566 1537 08       		.uleb128 0x8
 5567 1538 3A000000 		.4byte	.LVL57
 5568 153c A0070000 		.4byte	0x7a0
 5569 1540 01       		.uleb128 0x1
 5570 1541 01       		.uleb128 0x1
 5571 1542 50       		.byte	0x50
 5572 1543 05       		.uleb128 0x5
 5573 1544 03       		.byte	0x3
 5574 1545 00000000 		.4byte	__func__.9
 5575 1549 00       		.byte	0
 5576 154a 00       		.byte	0
 5577 154b 00       		.byte	0
 5578 154c 00       		.byte	0
 5579 154d 1D       		.uleb128 0x1d
 5580 154e 4B030000 		.4byte	.LASF129
 5581 1552 0301     		.2byte	0x103
 5582 1554 09       		.byte	0x9
 5583 1555 08010000 		.4byte	0x108
 5584 1559 00000000 		.4byte	.LFB190
 5585 155d 70000000 		.4byte	.LFE190-.LFB190
 5586 1561 01       		.uleb128 0x1
 5587 1562 9C       		.byte	0x9c
 5588 1563 8A160000 		.4byte	0x168a
 5589 1567 17       		.uleb128 0x17
 5590 1568 16040000 		.4byte	.LASF130
 5591 156c 0301     		.2byte	0x103
 5592 156e 22       		.byte	0x22
 5593 156f 08010000 		.4byte	0x108
 5594 1573 25060000 		.4byte	.LLST29
 5595 1577 1D060000 		.4byte	.LVUS29
 5596 157b 33       		.uleb128 0x33
 5597 157c 08000000 		.4byte	.LASF131
 5598 1580 0401     		.2byte	0x104
 5599 1582 0B       		.byte	0xb
 5600 1583 08010000 		.4byte	0x108
 5601 1587 41060000 		.4byte	.LLST30
 5602 158b 3F060000 		.4byte	.LVUS30
 5603 158f 12       		.uleb128 0x12
 5604 1590 73060000 		.4byte	.LASF115
 5605 1594 9A160000 		.4byte	0x169a
 5606 1598 05       		.uleb128 0x5
 5607 1599 03       		.byte	0x3
 5608 159a 00000000 		.4byte	__func__.7
 5609 159e 03       		.uleb128 0x3
 5610 159f A61B0000 		.4byte	0x1ba6
 5611 15a3 08000000 		.4byte	.LBI169
ARM GAS  /tmp/cctmACj5.s 			page 100


 5612 15a7 02       		.byte	.LVU191
 5613 15a8 81000000 		.4byte	.LLRL31
 5614 15ac 01       		.byte	0x1
 5615 15ad 0801     		.2byte	0x108
 5616 15af 03       		.byte	0x3
 5617 15b0 FD150000 		.4byte	0x15fd
 5618 15b4 2A       		.uleb128 0x2a
 5619 15b5 EF1B0000 		.4byte	0x1bef
 5620 15b9 08000000 		.4byte	.LBI171
 5621 15bd 04       		.byte	.LVU193
 5622 15be 08000000 		.4byte	.LBB171
 5623 15c2 06000000 		.4byte	.LBE171-.LBB171
 5624 15c6 02       		.byte	0x2
 5625 15c7 5C01     		.2byte	0x15c
 5626 15c9 03       		.byte	0x3
 5627 15ca F3150000 		.4byte	0x15f3
 5628 15ce 2E       		.uleb128 0x2e
 5629 15cf F71B0000 		.4byte	0x1bf7
 5630 15d3 08000000 		.4byte	.LBI172
 5631 15d7 06       		.byte	.LVU195
 5632 15d8 08000000 		.4byte	.LBB172
 5633 15dc 06000000 		.4byte	.LBE172-.LBB172
 5634 15e0 03       		.byte	0x3
 5635 15e1 BF01     		.2byte	0x1bf
 5636 15e3 03       		.byte	0x3
 5637 15e4 02       		.uleb128 0x2
 5638 15e5 041C0000 		.4byte	0x1c04
 5639 15e9 4C060000 		.4byte	.LLST32
 5640 15ed 4A060000 		.4byte	.LVUS32
 5641 15f1 00       		.byte	0
 5642 15f2 00       		.byte	0
 5643 15f3 07       		.uleb128 0x7
 5644 15f4 14000000 		.4byte	.LVL38
 5645 15f8 7B070000 		.4byte	0x77b
 5646 15fc 00       		.byte	0
 5647 15fd 03       		.uleb128 0x3
 5648 15fe 891B0000 		.4byte	0x1b89
 5649 1602 28000000 		.4byte	.LBI176
 5650 1606 01       		.byte	.LVU213
 5651 1607 8D000000 		.4byte	.LLRL33
 5652 160b 01       		.byte	0x1
 5653 160c 1401     		.2byte	0x114
 5654 160e 03       		.byte	0x3
 5655 160f 6D160000 		.4byte	0x166d
 5656 1613 0B       		.uleb128 0xb
 5657 1614 8D000000 		.4byte	.LLRL33
 5658 1618 03       		.uleb128 0x3
 5659 1619 E71B0000 		.4byte	0x1be7
 5660 161d 3C000000 		.4byte	.LBI178
 5661 1621 02       		.byte	.LVU222
 5662 1622 99000000 		.4byte	.LLRL34
 5663 1626 02       		.byte	0x2
 5664 1627 7301     		.2byte	0x173
 5665 1629 03       		.byte	0x3
 5666 162a 4F160000 		.4byte	0x164f
 5667 162e 05       		.uleb128 0x5
 5668 162f F71B0000 		.4byte	0x1bf7
ARM GAS  /tmp/cctmACj5.s 			page 101


 5669 1633 3C000000 		.4byte	.LBI179
 5670 1637 04       		.byte	.LVU224
 5671 1638 99000000 		.4byte	.LLRL34
 5672 163c 03       		.byte	0x3
 5673 163d CD01     		.2byte	0x1cd
 5674 163f 03       		.byte	0x3
 5675 1640 02       		.uleb128 0x2
 5676 1641 041C0000 		.4byte	0x1c04
 5677 1645 5B060000 		.4byte	.LLST35
 5678 1649 57060000 		.4byte	.LVUS35
 5679 164d 00       		.byte	0
 5680 164e 00       		.byte	0
 5681 164f 07       		.uleb128 0x7
 5682 1650 2C000000 		.4byte	.LVL41
 5683 1654 75070000 		.4byte	0x775
 5684 1658 08       		.uleb128 0x8
 5685 1659 50000000 		.4byte	.LVL45
 5686 165d A0070000 		.4byte	0x7a0
 5687 1661 01       		.uleb128 0x1
 5688 1662 01       		.uleb128 0x1
 5689 1663 50       		.byte	0x50
 5690 1664 05       		.uleb128 0x5
 5691 1665 03       		.byte	0x3
 5692 1666 00000000 		.4byte	__func__.9
 5693 166a 00       		.byte	0
 5694 166b 00       		.byte	0
 5695 166c 00       		.byte	0
 5696 166d 07       		.uleb128 0x7
 5697 166e 28000000 		.4byte	.LVL40
 5698 1672 57070000 		.4byte	0x757
 5699 1676 08       		.uleb128 0x8
 5700 1677 60000000 		.4byte	.LVL49
 5701 167b A0070000 		.4byte	0x7a0
 5702 167f 01       		.uleb128 0x1
 5703 1680 01       		.uleb128 0x1
 5704 1681 50       		.byte	0x50
 5705 1682 05       		.uleb128 0x5
 5706 1683 03       		.byte	0x3
 5707 1684 00000000 		.4byte	__func__.7
 5708 1688 00       		.byte	0
 5709 1689 00       		.byte	0
 5710 168a 15       		.uleb128 0x15
 5711 168b A7060000 		.4byte	0x6a7
 5712 168f 9A160000 		.4byte	0x169a
 5713 1693 16       		.uleb128 0x16
 5714 1694 2D000000 		.4byte	0x2d
 5715 1698 10       		.byte	0x10
 5716 1699 00       		.byte	0
 5717 169a 13       		.uleb128 0x13
 5718 169b 8A160000 		.4byte	0x168a
 5719 169f 2F       		.uleb128 0x2f
 5720 16a0 7D050000 		.4byte	.LASF132
 5721 16a4 EE       		.byte	0xee
 5722 16a5 0D020000 		.4byte	0x20d
 5723 16a9 00000000 		.4byte	.LFB189
 5724 16ad 60000000 		.4byte	.LFE189-.LFB189
 5725 16b1 01       		.uleb128 0x1
ARM GAS  /tmp/cctmACj5.s 			page 102


 5726 16b2 9C       		.byte	0x9c
 5727 16b3 D8170000 		.4byte	0x17d8
 5728 16b7 19       		.uleb128 0x19
 5729 16b8 747000   		.ascii	"tp\000"
 5730 16bb EE       		.byte	0xee
 5731 16bc 20       		.byte	0x20
 5732 16bd 0D020000 		.4byte	0x20d
 5733 16c1 77060000 		.4byte	.LLST21
 5734 16c5 6D060000 		.4byte	.LVUS21
 5735 16c9 23       		.uleb128 0x23
 5736 16ca A61B0000 		.4byte	0x1ba6
 5737 16ce 00000000 		.4byte	.LBI132
 5738 16d2 02       		.byte	.LVU129
 5739 16d3 4B000000 		.4byte	.LLRL22
 5740 16d7 F0       		.byte	0xf0
 5741 16d8 03       		.byte	0x3
 5742 16d9 1E170000 		.4byte	0x171e
 5743 16dd 03       		.uleb128 0x3
 5744 16de EF1B0000 		.4byte	0x1bef
 5745 16e2 00000000 		.4byte	.LBI134
 5746 16e6 04       		.byte	.LVU131
 5747 16e7 5A000000 		.4byte	.LLRL23
 5748 16eb 02       		.byte	0x2
 5749 16ec 5C01     		.2byte	0x15c
 5750 16ee 03       		.byte	0x3
 5751 16ef 14170000 		.4byte	0x1714
 5752 16f3 05       		.uleb128 0x5
 5753 16f4 F71B0000 		.4byte	0x1bf7
 5754 16f8 00000000 		.4byte	.LBI135
 5755 16fc 06       		.byte	.LVU133
 5756 16fd 5A000000 		.4byte	.LLRL23
 5757 1701 03       		.byte	0x3
 5758 1702 BF01     		.2byte	0x1bf
 5759 1704 03       		.byte	0x3
 5760 1705 02       		.uleb128 0x2
 5761 1706 041C0000 		.4byte	0x1c04
 5762 170a 98060000 		.4byte	.LLST24
 5763 170e 96060000 		.4byte	.LVUS24
 5764 1712 00       		.byte	0
 5765 1713 00       		.byte	0
 5766 1714 07       		.uleb128 0x7
 5767 1715 0E000000 		.4byte	.LVL24
 5768 1719 7B070000 		.4byte	0x77b
 5769 171d 00       		.byte	0
 5770 171e 46       		.uleb128 0x46
 5771 171f 081B0000 		.4byte	0x1b08
 5772 1723 0E000000 		.4byte	.LBI147
 5773 1727 02       		.byte	.LVU144
 5774 1728 0E000000 		.4byte	.LBB147
 5775 172c 14000000 		.4byte	.LBE147-.LBB147
 5776 1730 01       		.byte	0x1
 5777 1731 F1       		.byte	0xf1
 5778 1732 08       		.byte	0x8
 5779 1733 6C170000 		.4byte	0x176c
 5780 1737 02       		.uleb128 0x2
 5781 1738 191B0000 		.4byte	0x1b19
 5782 173c A5060000 		.4byte	.LLST25
ARM GAS  /tmp/cctmACj5.s 			page 103


 5783 1740 A3060000 		.4byte	.LVUS25
 5784 1744 0C       		.uleb128 0xc
 5785 1745 1A000000 		.4byte	.LVL25
 5786 1749 A0070000 		.4byte	0x7a0
 5787 174d 5B170000 		.4byte	0x175b
 5788 1751 01       		.uleb128 0x1
 5789 1752 01       		.uleb128 0x1
 5790 1753 50       		.byte	0x50
 5791 1754 05       		.uleb128 0x5
 5792 1755 03       		.byte	0x3
 5793 1756 00000000 		.4byte	__func__.8
 5794 175a 00       		.byte	0
 5795 175b 08       		.uleb128 0x8
 5796 175c 20000000 		.4byte	.LVL26
 5797 1760 5F070000 		.4byte	0x75f
 5798 1764 01       		.uleb128 0x1
 5799 1765 01       		.uleb128 0x1
 5800 1766 50       		.byte	0x50
 5801 1767 02       		.uleb128 0x2
 5802 1768 74       		.byte	0x74
 5803 1769 00       		.sleb128 0
 5804 176a 00       		.byte	0
 5805 176b 00       		.byte	0
 5806 176c 47       		.uleb128 0x47
 5807 176d 891B0000 		.4byte	0x1b89
 5808 1771 22000000 		.4byte	.LBI149
 5809 1775 02       		.byte	.LVU154
 5810 1776 69000000 		.4byte	.LLRL26
 5811 177a 01       		.byte	0x1
 5812 177b F2       		.byte	0xf2
 5813 177c 03       		.byte	0x3
 5814 177d 0B       		.uleb128 0xb
 5815 177e 69000000 		.4byte	.LLRL26
 5816 1782 03       		.uleb128 0x3
 5817 1783 E71B0000 		.4byte	0x1be7
 5818 1787 38000000 		.4byte	.LBI151
 5819 178b 02       		.byte	.LVU163
 5820 178c 75000000 		.4byte	.LLRL27
 5821 1790 02       		.byte	0x2
 5822 1791 7301     		.2byte	0x173
 5823 1793 03       		.byte	0x3
 5824 1794 B9170000 		.4byte	0x17b9
 5825 1798 05       		.uleb128 0x5
 5826 1799 F71B0000 		.4byte	0x1bf7
 5827 179d 38000000 		.4byte	.LBI152
 5828 17a1 04       		.byte	.LVU165
 5829 17a2 75000000 		.4byte	.LLRL27
 5830 17a6 03       		.byte	0x3
 5831 17a7 CD01     		.2byte	0x1cd
 5832 17a9 03       		.byte	0x3
 5833 17aa 02       		.uleb128 0x2
 5834 17ab 041C0000 		.4byte	0x1c04
 5835 17af B2060000 		.4byte	.LLST28
 5836 17b3 AE060000 		.4byte	.LVUS28
 5837 17b7 00       		.byte	0
 5838 17b8 00       		.byte	0
 5839 17b9 07       		.uleb128 0x7
ARM GAS  /tmp/cctmACj5.s 			page 104


 5840 17ba 26000000 		.4byte	.LVL28
 5841 17be 75070000 		.4byte	0x775
 5842 17c2 08       		.uleb128 0x8
 5843 17c3 48000000 		.4byte	.LVL32
 5844 17c7 A0070000 		.4byte	0x7a0
 5845 17cb 01       		.uleb128 0x1
 5846 17cc 01       		.uleb128 0x1
 5847 17cd 50       		.byte	0x50
 5848 17ce 05       		.uleb128 0x5
 5849 17cf 03       		.byte	0x3
 5850 17d0 00000000 		.4byte	__func__.9
 5851 17d4 00       		.byte	0
 5852 17d5 00       		.byte	0
 5853 17d6 00       		.byte	0
 5854 17d7 00       		.byte	0
 5855 17d8 2F       		.uleb128 0x2f
 5856 17d9 73040000 		.4byte	.LASF133
 5857 17dd D0       		.byte	0xd0
 5858 17de 0D020000 		.4byte	0x20d
 5859 17e2 00000000 		.4byte	.LFB188
 5860 17e6 6C000000 		.4byte	.LFE188-.LFB188
 5861 17ea 01       		.uleb128 0x1
 5862 17eb 9C       		.byte	0x9c
 5863 17ec 66190000 		.4byte	0x1966
 5864 17f0 19       		.uleb128 0x19
 5865 17f1 77737000 		.ascii	"wsp\000"
 5866 17f5 D0       		.byte	0xd0
 5867 17f6 23       		.byte	0x23
 5868 17f7 CE020000 		.4byte	0x2ce
 5869 17fb CA060000 		.4byte	.LLST9
 5870 17ff C4060000 		.4byte	.LVUS9
 5871 1803 24       		.uleb128 0x24
 5872 1804 67020000 		.4byte	.LASF134
 5873 1808 D0       		.byte	0xd0
 5874 1809 2F       		.byte	0x2f
 5875 180a 3B000000 		.4byte	0x3b
 5876 180e EE060000 		.4byte	.LLST10
 5877 1812 E8060000 		.4byte	.LVUS10
 5878 1816 24       		.uleb128 0x24
 5879 1817 60050000 		.4byte	.LASF135
 5880 181b D1       		.byte	0xd1
 5881 181c 25       		.byte	0x25
 5882 181d 08010000 		.4byte	0x108
 5883 1821 12070000 		.4byte	.LLST11
 5884 1825 0C070000 		.4byte	.LVUS11
 5885 1829 19       		.uleb128 0x19
 5886 182a 706600   		.ascii	"pf\000"
 5887 182d D1       		.byte	0xd1
 5888 182e 33       		.byte	0x33
 5889 182f CD060000 		.4byte	0x6cd
 5890 1833 36070000 		.4byte	.LLST12
 5891 1837 30070000 		.4byte	.LVUS12
 5892 183b 19       		.uleb128 0x19
 5893 183c 61726700 		.ascii	"arg\000"
 5894 1840 D1       		.byte	0xd1
 5895 1841 3D       		.byte	0x3d
 5896 1842 CE020000 		.4byte	0x2ce
ARM GAS  /tmp/cctmACj5.s 			page 105


 5897 1846 5A070000 		.4byte	.LLST13
 5898 184a 54070000 		.4byte	.LVUS13
 5899 184e 34       		.uleb128 0x34
 5900 184f 747000   		.ascii	"tp\000"
 5901 1852 D2       		.byte	0xd2
 5902 1853 0D020000 		.4byte	0x20d
 5903 1857 78070000 		.4byte	.LLST14
 5904 185b 72070000 		.4byte	.LVUS14
 5905 185f 23       		.uleb128 0x23
 5906 1860 A61B0000 		.4byte	0x1ba6
 5907 1864 00000000 		.4byte	.LBI100
 5908 1868 03       		.byte	.LVU80
 5909 1869 1B000000 		.4byte	.LLRL15
 5910 186d DD       		.byte	0xdd
 5911 186e 03       		.byte	0x3
 5912 186f B4180000 		.4byte	0x18b4
 5913 1873 03       		.uleb128 0x3
 5914 1874 EF1B0000 		.4byte	0x1bef
 5915 1878 00000000 		.4byte	.LBI102
 5916 187c 05       		.byte	.LVU82
 5917 187d 27000000 		.4byte	.LLRL16
 5918 1881 02       		.byte	0x2
 5919 1882 5C01     		.2byte	0x15c
 5920 1884 03       		.byte	0x3
 5921 1885 AA180000 		.4byte	0x18aa
 5922 1889 05       		.uleb128 0x5
 5923 188a F71B0000 		.4byte	0x1bf7
 5924 188e 00000000 		.4byte	.LBI103
 5925 1892 07       		.byte	.LVU84
 5926 1893 27000000 		.4byte	.LLRL16
 5927 1897 03       		.byte	0x3
 5928 1898 BF01     		.2byte	0x1bf
 5929 189a 03       		.byte	0x3
 5930 189b 02       		.uleb128 0x2
 5931 189c 041C0000 		.4byte	0x1c04
 5932 18a0 8F070000 		.4byte	.LLST17
 5933 18a4 8D070000 		.4byte	.LVUS17
 5934 18a8 00       		.byte	0
 5935 18a9 00       		.byte	0
 5936 18aa 07       		.uleb128 0x7
 5937 18ab 16000000 		.4byte	.LVL11
 5938 18af 7B070000 		.4byte	0x77b
 5939 18b3 00       		.byte	0
 5940 18b4 23       		.uleb128 0x23
 5941 18b5 891B0000 		.4byte	0x1b89
 5942 18b9 2E000000 		.4byte	.LBI110
 5943 18bd 01       		.byte	.LVU100
 5944 18be 33000000 		.4byte	.LLRL18
 5945 18c2 E0       		.byte	0xe0
 5946 18c3 03       		.byte	0x3
 5947 18c4 22190000 		.4byte	0x1922
 5948 18c8 0B       		.uleb128 0xb
 5949 18c9 33000000 		.4byte	.LLRL18
 5950 18cd 03       		.uleb128 0x3
 5951 18ce E71B0000 		.4byte	0x1be7
 5952 18d2 44000000 		.4byte	.LBI112
 5953 18d6 02       		.byte	.LVU109
ARM GAS  /tmp/cctmACj5.s 			page 106


 5954 18d7 3F000000 		.4byte	.LLRL19
 5955 18db 02       		.byte	0x2
 5956 18dc 7301     		.2byte	0x173
 5957 18de 03       		.byte	0x3
 5958 18df 04190000 		.4byte	0x1904
 5959 18e3 05       		.uleb128 0x5
 5960 18e4 F71B0000 		.4byte	0x1bf7
 5961 18e8 44000000 		.4byte	.LBI113
 5962 18ec 04       		.byte	.LVU111
 5963 18ed 3F000000 		.4byte	.LLRL19
 5964 18f1 03       		.byte	0x3
 5965 18f2 CD01     		.2byte	0x1cd
 5966 18f4 03       		.byte	0x3
 5967 18f5 02       		.uleb128 0x2
 5968 18f6 041C0000 		.4byte	0x1c04
 5969 18fa 9E070000 		.4byte	.LLST20
 5970 18fe 9A070000 		.4byte	.LVUS20
 5971 1902 00       		.byte	0
 5972 1903 00       		.byte	0
 5973 1904 07       		.uleb128 0x7
 5974 1905 32000000 		.4byte	.LVL15
 5975 1909 75070000 		.4byte	0x775
 5976 190d 08       		.uleb128 0x8
 5977 190e 56000000 		.4byte	.LVL19
 5978 1912 A0070000 		.4byte	0x7a0
 5979 1916 01       		.uleb128 0x1
 5980 1917 01       		.uleb128 0x1
 5981 1918 50       		.byte	0x50
 5982 1919 05       		.uleb128 0x5
 5983 191a 03       		.byte	0x3
 5984 191b 00000000 		.4byte	__func__.9
 5985 191f 00       		.byte	0
 5986 1920 00       		.byte	0
 5987 1921 00       		.byte	0
 5988 1922 0C       		.uleb128 0xc
 5989 1923 26000000 		.4byte	.LVL12
 5990 1927 66190000 		.4byte	0x1966
 5991 192b 50190000 		.4byte	0x1950
 5992 192f 01       		.uleb128 0x1
 5993 1930 01       		.uleb128 0x1
 5994 1931 50       		.byte	0x50
 5995 1932 02       		.uleb128 0x2
 5996 1933 74       		.byte	0x74
 5997 1934 00       		.sleb128 0
 5998 1935 01       		.uleb128 0x1
 5999 1936 01       		.uleb128 0x1
 6000 1937 51       		.byte	0x51
 6001 1938 02       		.uleb128 0x2
 6002 1939 75       		.byte	0x75
 6003 193a 00       		.sleb128 0
 6004 193b 01       		.uleb128 0x1
 6005 193c 01       		.uleb128 0x1
 6006 193d 52       		.byte	0x52
 6007 193e 02       		.uleb128 0x2
 6008 193f 76       		.byte	0x76
 6009 1940 00       		.sleb128 0
 6010 1941 01       		.uleb128 0x1
ARM GAS  /tmp/cctmACj5.s 			page 107


 6011 1942 01       		.uleb128 0x1
 6012 1943 53       		.byte	0x53
 6013 1944 02       		.uleb128 0x2
 6014 1945 77       		.byte	0x77
 6015 1946 00       		.sleb128 0
 6016 1947 01       		.uleb128 0x1
 6017 1948 02       		.uleb128 0x2
 6018 1949 7D       		.byte	0x7d
 6019 194a 00       		.sleb128 0
 6020 194b 03       		.uleb128 0x3
 6021 194c 91       		.byte	0x91
 6022 194d 00       		.sleb128 0
 6023 194e 06       		.byte	0x6
 6024 194f 00       		.byte	0
 6025 1950 08       		.uleb128 0x8
 6026 1951 2E000000 		.4byte	.LVL14
 6027 1955 81070000 		.4byte	0x781
 6028 1959 01       		.uleb128 0x1
 6029 195a 01       		.uleb128 0x1
 6030 195b 50       		.byte	0x50
 6031 195c 02       		.uleb128 0x2
 6032 195d 74       		.byte	0x74
 6033 195e 00       		.sleb128 0
 6034 195f 01       		.uleb128 0x1
 6035 1960 01       		.uleb128 0x1
 6036 1961 51       		.byte	0x51
 6037 1962 01       		.uleb128 0x1
 6038 1963 30       		.byte	0x30
 6039 1964 00       		.byte	0
 6040 1965 00       		.byte	0
 6041 1966 2F       		.uleb128 0x2f
 6042 1967 91020000 		.4byte	.LASF136
 6043 196b B1       		.byte	0xb1
 6044 196c 0D020000 		.4byte	0x20d
 6045 1970 00000000 		.4byte	.LFB187
 6046 1974 68000000 		.4byte	.LFE187-.LFB187
 6047 1978 01       		.uleb128 0x1
 6048 1979 9C       		.byte	0x9c
 6049 197a 481A0000 		.4byte	0x1a48
 6050 197e 19       		.uleb128 0x19
 6051 197f 77737000 		.ascii	"wsp\000"
 6052 1983 B1       		.byte	0xb1
 6053 1984 1E       		.byte	0x1e
 6054 1985 CE020000 		.4byte	0x2ce
 6055 1989 B4070000 		.4byte	.LLST0
 6056 198d B0070000 		.4byte	.LVUS0
 6057 1991 24       		.uleb128 0x24
 6058 1992 67020000 		.4byte	.LASF134
 6059 1996 B1       		.byte	0xb1
 6060 1997 2A       		.byte	0x2a
 6061 1998 3B000000 		.4byte	0x3b
 6062 199c C8070000 		.4byte	.LLST1
 6063 19a0 C4070000 		.4byte	.LVUS1
 6064 19a4 24       		.uleb128 0x24
 6065 19a5 60050000 		.4byte	.LASF135
 6066 19a9 B2       		.byte	0xb2
 6067 19aa 20       		.byte	0x20
ARM GAS  /tmp/cctmACj5.s 			page 108


 6068 19ab 08010000 		.4byte	0x108
 6069 19af DC070000 		.4byte	.LLST2
 6070 19b3 D8070000 		.4byte	.LVUS2
 6071 19b7 19       		.uleb128 0x19
 6072 19b8 706600   		.ascii	"pf\000"
 6073 19bb B2       		.byte	0xb2
 6074 19bc 2E       		.byte	0x2e
 6075 19bd CD060000 		.4byte	0x6cd
 6076 19c1 F0070000 		.4byte	.LLST3
 6077 19c5 EC070000 		.4byte	.LVUS3
 6078 19c9 19       		.uleb128 0x19
 6079 19ca 61726700 		.ascii	"arg\000"
 6080 19ce B2       		.byte	0xb2
 6081 19cf 38       		.byte	0x38
 6082 19d0 CE020000 		.4byte	0x2ce
 6083 19d4 04080000 		.4byte	.LLST4
 6084 19d8 00080000 		.4byte	.LVUS4
 6085 19dc 34       		.uleb128 0x34
 6086 19dd 747000   		.ascii	"tp\000"
 6087 19e0 B5       		.byte	0xb5
 6088 19e1 0D020000 		.4byte	0x20d
 6089 19e5 1A080000 		.4byte	.LLST5
 6090 19e9 16080000 		.4byte	.LVUS5
 6091 19ed 12       		.uleb128 0x12
 6092 19ee 73060000 		.4byte	.LASF115
 6093 19f2 EB0B0000 		.4byte	0xbeb
 6094 19f6 05       		.uleb128 0x5
 6095 19f7 03       		.byte	0x3
 6096 19f8 00000000 		.4byte	__func__.10
 6097 19fc 23       		.uleb128 0x23
 6098 19fd 481A0000 		.4byte	0x1a48
 6099 1a01 30000000 		.4byte	.LBI84
 6100 1a05 04       		.byte	.LVU46
 6101 1a06 0C000000 		.4byte	.LLRL6
 6102 1a0a BD       		.byte	0xbd
 6103 1a0b 0A       		.byte	0xa
 6104 1a0c 2B1A0000 		.4byte	0x1a2b
 6105 1a10 02       		.uleb128 0x2
 6106 1a11 641A0000 		.4byte	0x1a64
 6107 1a15 2C080000 		.4byte	.LLST7
 6108 1a19 2A080000 		.4byte	.LVUS7
 6109 1a1d 02       		.uleb128 0x2
 6110 1a1e 591A0000 		.4byte	0x1a59
 6111 1a22 37080000 		.4byte	.LLST8
 6112 1a26 35080000 		.4byte	.LVUS8
 6113 1a2a 00       		.byte	0
 6114 1a2b 07       		.uleb128 0x7
 6115 1a2c 0E000000 		.4byte	.LVL3
 6116 1a30 B2070000 		.4byte	0x7b2
 6117 1a34 08       		.uleb128 0x8
 6118 1a35 1C000000 		.4byte	.LVL4
 6119 1a39 A0070000 		.4byte	0x7a0
 6120 1a3d 01       		.uleb128 0x1
 6121 1a3e 01       		.uleb128 0x1
 6122 1a3f 50       		.byte	0x50
 6123 1a40 05       		.uleb128 0x5
 6124 1a41 03       		.byte	0x3
ARM GAS  /tmp/cctmACj5.s 			page 109


 6125 1a42 00000000 		.4byte	__func__.10
 6126 1a46 00       		.byte	0
 6127 1a47 00       		.byte	0
 6128 1a48 48       		.uleb128 0x48
 6129 1a49 82030000 		.4byte	.LASF137
 6130 1a4d 01       		.byte	0x1
 6131 1a4e 5B       		.byte	0x5b
 6132 1a4f 0B       		.byte	0xb
 6133 1a50 0D020000 		.4byte	0x20d
 6134 1a54 01       		.byte	0x1
 6135 1a55 711A0000 		.4byte	0x1a71
 6136 1a59 35       		.uleb128 0x35
 6137 1a5a 747000   		.ascii	"tp\000"
 6138 1a5d 01       		.byte	0x1
 6139 1a5e 5B       		.byte	0x5b
 6140 1a5f 22       		.byte	0x22
 6141 1a60 0D020000 		.4byte	0x20d
 6142 1a64 49       		.uleb128 0x49
 6143 1a65 60050000 		.4byte	.LASF135
 6144 1a69 01       		.byte	0x1
 6145 1a6a 5B       		.byte	0x5b
 6146 1a6b 2E       		.byte	0x2e
 6147 1a6c 08010000 		.4byte	0x108
 6148 1a70 00       		.byte	0
 6149 1a71 25       		.uleb128 0x25
 6150 1a72 1A070000 		.4byte	.LASF138
 6151 1a76 05       		.byte	0x5
 6152 1a77 3801     		.2byte	0x138
 6153 1a79 14       		.byte	0x14
 6154 1a7a B41A0000 		.4byte	0x1ab4
 6155 1a7e 18       		.uleb128 0x18
 6156 1a7f 74717000 		.ascii	"tqp\000"
 6157 1a83 05       		.byte	0x5
 6158 1a84 3801     		.2byte	0x138
 6159 1a86 39       		.byte	0x39
 6160 1a87 00070000 		.4byte	0x700
 6161 1a8b 18       		.uleb128 0x18
 6162 1a8c 6D736700 		.ascii	"msg\000"
 6163 1a90 05       		.byte	0x5
 6164 1a91 3801     		.2byte	0x138
 6165 1a93 44       		.byte	0x44
 6166 1a94 14010000 		.4byte	0x114
 6167 1a98 2C       		.uleb128 0x2c
 6168 1a99 747000   		.ascii	"tp\000"
 6169 1a9c 05       		.byte	0x5
 6170 1a9d 3901     		.2byte	0x139
 6171 1a9f 0D       		.byte	0xd
 6172 1aa0 0D020000 		.4byte	0x20d
 6173 1aa4 12       		.uleb128 0x12
 6174 1aa5 73060000 		.4byte	.LASF115
 6175 1aa9 C41A0000 		.4byte	0x1ac4
 6176 1aad 05       		.uleb128 0x5
 6177 1aae 03       		.byte	0x3
 6178 1aaf 00000000 		.4byte	__func__.0
 6179 1ab3 00       		.byte	0
 6180 1ab4 15       		.uleb128 0x15
 6181 1ab5 A7060000 		.4byte	0x6a7
ARM GAS  /tmp/cctmACj5.s 			page 110


 6182 1ab9 C41A0000 		.4byte	0x1ac4
 6183 1abd 16       		.uleb128 0x16
 6184 1abe 2D000000 		.4byte	0x2d
 6185 1ac2 13       		.byte	0x13
 6186 1ac3 00       		.byte	0
 6187 1ac4 13       		.uleb128 0x13
 6188 1ac5 B41A0000 		.4byte	0x1ab4
 6189 1ac9 25       		.uleb128 0x25
 6190 1aca A7030000 		.4byte	.LASF139
 6191 1ace 05       		.byte	0x5
 6192 1acf 0801     		.2byte	0x108
 6193 1ad1 14       		.byte	0x14
 6194 1ad2 F31A0000 		.4byte	0x1af3
 6195 1ad6 26       		.uleb128 0x26
 6196 1ad7 5B050000 		.4byte	.LASF125
 6197 1adb 05       		.byte	0x5
 6198 1adc 0801     		.2byte	0x108
 6199 1ade 2A       		.byte	0x2a
 6200 1adf 2C010000 		.4byte	0x12c
 6201 1ae3 12       		.uleb128 0x12
 6202 1ae4 73060000 		.4byte	.LASF115
 6203 1ae8 031B0000 		.4byte	0x1b03
 6204 1aec 05       		.uleb128 0x5
 6205 1aed 03       		.byte	0x3
 6206 1aee 00000000 		.4byte	__func__.6
 6207 1af2 00       		.byte	0
 6208 1af3 15       		.uleb128 0x15
 6209 1af4 A7060000 		.4byte	0x6a7
 6210 1af8 031B0000 		.4byte	0x1b03
 6211 1afc 16       		.uleb128 0x16
 6212 1afd 2D000000 		.4byte	0x2d
 6213 1b01 0B       		.byte	0xb
 6214 1b02 00       		.byte	0
 6215 1b03 13       		.uleb128 0x13
 6216 1b04 F31A0000 		.4byte	0x1af3
 6217 1b08 4A       		.uleb128 0x4a
 6218 1b09 52080000 		.4byte	.LASF140
 6219 1b0d 05       		.byte	0x5
 6220 1b0e F5       		.byte	0xf5
 6221 1b0f 19       		.byte	0x19
 6222 1b10 0D020000 		.4byte	0x20d
 6223 1b14 03       		.byte	0x3
 6224 1b15 341B0000 		.4byte	0x1b34
 6225 1b19 35       		.uleb128 0x35
 6226 1b1a 747000   		.ascii	"tp\000"
 6227 1b1d 05       		.byte	0x5
 6228 1b1e F5       		.byte	0xf5
 6229 1b1f 2F       		.byte	0x2f
 6230 1b20 0D020000 		.4byte	0x20d
 6231 1b24 12       		.uleb128 0x12
 6232 1b25 73060000 		.4byte	.LASF115
 6233 1b29 031B0000 		.4byte	0x1b03
 6234 1b2d 05       		.uleb128 0x5
 6235 1b2e 03       		.byte	0x3
 6236 1b2f 00000000 		.4byte	__func__.8
 6237 1b33 00       		.byte	0
 6238 1b34 36       		.uleb128 0x36
ARM GAS  /tmp/cctmACj5.s 			page 111


 6239 1b35 BE070000 		.4byte	.LASF144
 6240 1b39 05       		.byte	0x5
 6241 1b3a AE       		.byte	0xae
 6242 1b3b 0D020000 		.4byte	0x20d
 6243 1b3f 37       		.uleb128 0x37
 6244 1b40 11080000 		.4byte	.LASF141
 6245 1b44 06       		.byte	0x6
 6246 1b45 1C01     		.2byte	0x11c
 6247 1b47 771B0000 		.4byte	0x1b77
 6248 1b4b 771B0000 		.4byte	0x1b77
 6249 1b4f 26       		.uleb128 0x26
 6250 1b50 5B050000 		.4byte	.LASF125
 6251 1b54 06       		.byte	0x6
 6252 1b55 1C01     		.2byte	0x11c
 6253 1b57 30       		.byte	0x30
 6254 1b58 2C010000 		.4byte	0x12c
 6255 1b5c 26       		.uleb128 0x26
 6256 1b5d 44080000 		.4byte	.LASF142
 6257 1b61 06       		.byte	0x6
 6258 1b62 1D01     		.2byte	0x11d
 6259 1b64 30       		.byte	0x30
 6260 1b65 2C010000 		.4byte	0x12c
 6261 1b69 18       		.uleb128 0x18
 6262 1b6a 656E6400 		.ascii	"end\000"
 6263 1b6e 06       		.byte	0x6
 6264 1b6f 1E01     		.2byte	0x11e
 6265 1b71 30       		.byte	0x30
 6266 1b72 2C010000 		.4byte	0x12c
 6267 1b76 00       		.byte	0
 6268 1b77 0E       		.uleb128 0xe
 6269 1b78 01       		.byte	0x1
 6270 1b79 02       		.byte	0x2
 6271 1b7a 13060000 		.4byte	.LASF143
 6272 1b7e 36       		.uleb128 0x36
 6273 1b7f 62030000 		.4byte	.LASF145
 6274 1b83 06       		.byte	0x6
 6275 1b84 E4       		.byte	0xe4
 6276 1b85 2C010000 		.4byte	0x12c
 6277 1b89 25       		.uleb128 0x25
 6278 1b8a 38080000 		.4byte	.LASF146
 6279 1b8e 02       		.byte	0x2
 6280 1b8f 6601     		.2byte	0x166
 6281 1b91 14       		.byte	0x14
 6282 1b92 A61B0000 		.4byte	0x1ba6
 6283 1b96 12       		.uleb128 0x12
 6284 1b97 73060000 		.4byte	.LASF115
 6285 1b9b 031B0000 		.4byte	0x1b03
 6286 1b9f 05       		.uleb128 0x5
 6287 1ba0 03       		.byte	0x3
 6288 1ba1 00000000 		.4byte	__func__.9
 6289 1ba5 00       		.byte	0
 6290 1ba6 27       		.uleb128 0x27
 6291 1ba7 8B060000 		.4byte	.LASF147
 6292 1bab 02       		.byte	0x2
 6293 1bac 5A01     		.2byte	0x15a
 6294 1bae 27       		.uleb128 0x27
 6295 1baf F8070000 		.4byte	.LASF148
ARM GAS  /tmp/cctmACj5.s 			page 112


 6296 1bb3 07       		.byte	0x7
 6297 1bb4 E502     		.2byte	0x2e5
 6298 1bb6 4B       		.uleb128 0x4b
 6299 1bb7 58020000 		.4byte	.LASF149
 6300 1bbb 07       		.byte	0x7
 6301 1bbc D702     		.2byte	0x2d7
 6302 1bbe 14       		.byte	0x14
 6303 1bbf 771B0000 		.4byte	0x1b77
 6304 1bc3 03       		.byte	0x3
 6305 1bc4 37       		.uleb128 0x37
 6306 1bc5 C0020000 		.4byte	.LASF150
 6307 1bc9 07       		.byte	0x7
 6308 1bca 7502     		.2byte	0x275
 6309 1bcc 771B0000 		.4byte	0x1b77
 6310 1bd0 E21B0000 		.4byte	0x1be2
 6311 1bd4 18       		.uleb128 0x18
 6312 1bd5 74717000 		.ascii	"tqp\000"
 6313 1bd9 07       		.byte	0x7
 6314 1bda 7502     		.2byte	0x275
 6315 1bdc 3A       		.byte	0x3a
 6316 1bdd E21B0000 		.4byte	0x1be2
 6317 1be1 00       		.byte	0
 6318 1be2 0F       		.uleb128 0xf
 6319 1be3 1E020000 		.4byte	0x21e
 6320 1be7 27       		.uleb128 0x27
 6321 1be8 7B020000 		.4byte	.LASF151
 6322 1bec 03       		.byte	0x3
 6323 1bed CA01     		.2byte	0x1ca
 6324 1bef 27       		.uleb128 0x27
 6325 1bf0 94000000 		.4byte	.LASF152
 6326 1bf4 03       		.byte	0x3
 6327 1bf5 BC01     		.2byte	0x1bc
 6328 1bf7 25       		.uleb128 0x25
 6329 1bf8 69070000 		.4byte	.LASF153
 6330 1bfc 04       		.byte	0x4
 6331 1bfd 2002     		.2byte	0x220
 6332 1bff 39       		.byte	0x39
 6333 1c00 121C0000 		.4byte	0x1c12
 6334 1c04 26       		.uleb128 0x26
 6335 1c05 3C030000 		.4byte	.LASF154
 6336 1c09 04       		.byte	0x4
 6337 1c0a 2002     		.2byte	0x220
 6338 1c0c 50       		.byte	0x50
 6339 1c0d C0000000 		.4byte	0xc0
 6340 1c11 00       		.byte	0
 6341 1c12 38       		.uleb128 0x38
 6342 1c13 481A0000 		.4byte	0x1a48
 6343 1c17 00000000 		.4byte	.LFB186
 6344 1c1b 28000000 		.4byte	.LFE186-.LFB186
 6345 1c1f 01       		.uleb128 0x1
 6346 1c20 9C       		.byte	0x9c
 6347 1c21 341C0000 		.4byte	0x1c34
 6348 1c25 39       		.uleb128 0x39
 6349 1c26 591A0000 		.4byte	0x1a59
 6350 1c2a 01       		.uleb128 0x1
 6351 1c2b 50       		.byte	0x50
 6352 1c2c 39       		.uleb128 0x39
ARM GAS  /tmp/cctmACj5.s 			page 113


 6353 1c2d 641A0000 		.4byte	0x1a64
 6354 1c31 01       		.uleb128 0x1
 6355 1c32 51       		.byte	0x51
 6356 1c33 00       		.byte	0
 6357 1c34 38       		.uleb128 0x38
 6358 1c35 E30D0000 		.4byte	0xde3
 6359 1c39 00000000 		.4byte	.LFB197
 6360 1c3d 30000000 		.4byte	.LFE197-.LFB197
 6361 1c41 01       		.uleb128 0x1
 6362 1c42 9C       		.byte	0x9c
 6363 1c43 881C0000 		.4byte	0x1c88
 6364 1c47 02       		.uleb128 0x2
 6365 1c48 EE0D0000 		.4byte	0xdee
 6366 1c4c 44080000 		.4byte	.LLST90
 6367 1c50 40080000 		.4byte	.LVUS90
 6368 1c54 1C       		.uleb128 0x1c
 6369 1c55 FB0D0000 		.4byte	0xdfb
 6370 1c59 5F080000 		.4byte	.LLST91
 6371 1c5d 5D080000 		.4byte	.LVUS91
 6372 1c61 0C       		.uleb128 0xc
 6373 1c62 1C000000 		.4byte	.LVL126
 6374 1c66 1C070000 		.4byte	0x71c
 6375 1c6a 741C0000 		.4byte	0x1c74
 6376 1c6e 01       		.uleb128 0x1
 6377 1c6f 01       		.uleb128 0x1
 6378 1c70 50       		.byte	0x50
 6379 1c71 01       		.uleb128 0x1
 6380 1c72 3F       		.byte	0x3f
 6381 1c73 00       		.byte	0
 6382 1c74 21       		.uleb128 0x21
 6383 1c75 26000000 		.4byte	.LVL127
 6384 1c79 A0070000 		.4byte	0x7a0
 6385 1c7d 01       		.uleb128 0x1
 6386 1c7e 01       		.uleb128 0x1
 6387 1c7f 50       		.byte	0x50
 6388 1c80 05       		.uleb128 0x5
 6389 1c81 03       		.byte	0x3
 6390 1c82 00000000 		.4byte	__func__.5
 6391 1c86 00       		.byte	0
 6392 1c87 00       		.byte	0
 6393 1c88 4C       		.uleb128 0x4c
 6394 1c89 6A0B0000 		.4byte	0xb6a
 6395 1c8d 00000000 		.4byte	.LFB201
 6396 1c91 30000000 		.4byte	.LFE201-.LFB201
 6397 1c95 01       		.uleb128 0x1
 6398 1c96 9C       		.byte	0x9c
 6399 1c97 02       		.uleb128 0x2
 6400 1c98 750B0000 		.4byte	0xb75
 6401 1c9c 74080000 		.4byte	.LLST103
 6402 1ca0 68080000 		.4byte	.LVUS103
 6403 1ca4 02       		.uleb128 0x2
 6404 1ca5 820B0000 		.4byte	0xb82
 6405 1ca9 AF080000 		.4byte	.LLST104
 6406 1cad A1080000 		.4byte	.LVUS104
 6407 1cb1 31       		.uleb128 0x31
 6408 1cb2 9E0B0000 		.4byte	0xb9e
 6409 1cb6 40020000 		.4byte	.LLRL105
ARM GAS  /tmp/cctmACj5.s 			page 114


 6410 1cba 1C       		.uleb128 0x1c
 6411 1cbb 9F0B0000 		.4byte	0xb9f
 6412 1cbf E7080000 		.4byte	.LLST106
 6413 1cc3 E1080000 		.4byte	.LVUS106
 6414 1cc7 00       		.byte	0
 6415 1cc8 00       		.byte	0
 6416 1cc9 00       		.byte	0
 6417              		.section	.debug_abbrev,"",%progbits
 6418              	.Ldebug_abbrev0:
 6419 0000 01       		.uleb128 0x1
 6420 0001 49       		.uleb128 0x49
 6421 0002 00       		.byte	0
 6422 0003 02       		.uleb128 0x2
 6423 0004 18       		.uleb128 0x18
 6424 0005 7E       		.uleb128 0x7e
 6425 0006 18       		.uleb128 0x18
 6426 0007 00       		.byte	0
 6427 0008 00       		.byte	0
 6428 0009 02       		.uleb128 0x2
 6429 000a 05       		.uleb128 0x5
 6430 000b 00       		.byte	0
 6431 000c 31       		.uleb128 0x31
 6432 000d 13       		.uleb128 0x13
 6433 000e 02       		.uleb128 0x2
 6434 000f 17       		.uleb128 0x17
 6435 0010 B742     		.uleb128 0x2137
 6436 0012 17       		.uleb128 0x17
 6437 0013 00       		.byte	0
 6438 0014 00       		.byte	0
 6439 0015 03       		.uleb128 0x3
 6440 0016 1D       		.uleb128 0x1d
 6441 0017 01       		.byte	0x1
 6442 0018 31       		.uleb128 0x31
 6443 0019 13       		.uleb128 0x13
 6444 001a 52       		.uleb128 0x52
 6445 001b 01       		.uleb128 0x1
 6446 001c B842     		.uleb128 0x2138
 6447 001e 0B       		.uleb128 0xb
 6448 001f 55       		.uleb128 0x55
 6449 0020 17       		.uleb128 0x17
 6450 0021 58       		.uleb128 0x58
 6451 0022 0B       		.uleb128 0xb
 6452 0023 59       		.uleb128 0x59
 6453 0024 05       		.uleb128 0x5
 6454 0025 57       		.uleb128 0x57
 6455 0026 0B       		.uleb128 0xb
 6456 0027 01       		.uleb128 0x1
 6457 0028 13       		.uleb128 0x13
 6458 0029 00       		.byte	0
 6459 002a 00       		.byte	0
 6460 002b 04       		.uleb128 0x4
 6461 002c 16       		.uleb128 0x16
 6462 002d 00       		.byte	0
 6463 002e 03       		.uleb128 0x3
 6464 002f 0E       		.uleb128 0xe
 6465 0030 3A       		.uleb128 0x3a
 6466 0031 0B       		.uleb128 0xb
ARM GAS  /tmp/cctmACj5.s 			page 115


 6467 0032 3B       		.uleb128 0x3b
 6468 0033 0B       		.uleb128 0xb
 6469 0034 39       		.uleb128 0x39
 6470 0035 0B       		.uleb128 0xb
 6471 0036 49       		.uleb128 0x49
 6472 0037 13       		.uleb128 0x13
 6473 0038 00       		.byte	0
 6474 0039 00       		.byte	0
 6475 003a 05       		.uleb128 0x5
 6476 003b 1D       		.uleb128 0x1d
 6477 003c 01       		.byte	0x1
 6478 003d 31       		.uleb128 0x31
 6479 003e 13       		.uleb128 0x13
 6480 003f 52       		.uleb128 0x52
 6481 0040 01       		.uleb128 0x1
 6482 0041 B842     		.uleb128 0x2138
 6483 0043 0B       		.uleb128 0xb
 6484 0044 55       		.uleb128 0x55
 6485 0045 17       		.uleb128 0x17
 6486 0046 58       		.uleb128 0x58
 6487 0047 0B       		.uleb128 0xb
 6488 0048 59       		.uleb128 0x59
 6489 0049 05       		.uleb128 0x5
 6490 004a 57       		.uleb128 0x57
 6491 004b 0B       		.uleb128 0xb
 6492 004c 00       		.byte	0
 6493 004d 00       		.byte	0
 6494 004e 06       		.uleb128 0x6
 6495 004f 0D       		.uleb128 0xd
 6496 0050 00       		.byte	0
 6497 0051 03       		.uleb128 0x3
 6498 0052 0E       		.uleb128 0xe
 6499 0053 3A       		.uleb128 0x3a
 6500 0054 21       		.uleb128 0x21
 6501 0055 07       		.sleb128 7
 6502 0056 3B       		.uleb128 0x3b
 6503 0057 05       		.uleb128 0x5
 6504 0058 39       		.uleb128 0x39
 6505 0059 0B       		.uleb128 0xb
 6506 005a 49       		.uleb128 0x49
 6507 005b 13       		.uleb128 0x13
 6508 005c 38       		.uleb128 0x38
 6509 005d 0B       		.uleb128 0xb
 6510 005e 00       		.byte	0
 6511 005f 00       		.byte	0
 6512 0060 07       		.uleb128 0x7
 6513 0061 48       		.uleb128 0x48
 6514 0062 00       		.byte	0
 6515 0063 7D       		.uleb128 0x7d
 6516 0064 01       		.uleb128 0x1
 6517 0065 7F       		.uleb128 0x7f
 6518 0066 13       		.uleb128 0x13
 6519 0067 00       		.byte	0
 6520 0068 00       		.byte	0
 6521 0069 08       		.uleb128 0x8
 6522 006a 48       		.uleb128 0x48
 6523 006b 01       		.byte	0x1
ARM GAS  /tmp/cctmACj5.s 			page 116


 6524 006c 7D       		.uleb128 0x7d
 6525 006d 01       		.uleb128 0x1
 6526 006e 7F       		.uleb128 0x7f
 6527 006f 13       		.uleb128 0x13
 6528 0070 00       		.byte	0
 6529 0071 00       		.byte	0
 6530 0072 09       		.uleb128 0x9
 6531 0073 0D       		.uleb128 0xd
 6532 0074 00       		.byte	0
 6533 0075 03       		.uleb128 0x3
 6534 0076 0E       		.uleb128 0xe
 6535 0077 3A       		.uleb128 0x3a
 6536 0078 0B       		.uleb128 0xb
 6537 0079 3B       		.uleb128 0x3b
 6538 007a 0B       		.uleb128 0xb
 6539 007b 39       		.uleb128 0x39
 6540 007c 0B       		.uleb128 0xb
 6541 007d 49       		.uleb128 0x49
 6542 007e 13       		.uleb128 0x13
 6543 007f 38       		.uleb128 0x38
 6544 0080 0B       		.uleb128 0xb
 6545 0081 00       		.byte	0
 6546 0082 00       		.byte	0
 6547 0083 0A       		.uleb128 0xa
 6548 0084 0D       		.uleb128 0xd
 6549 0085 00       		.byte	0
 6550 0086 03       		.uleb128 0x3
 6551 0087 08       		.uleb128 0x8
 6552 0088 3A       		.uleb128 0x3a
 6553 0089 0B       		.uleb128 0xb
 6554 008a 3B       		.uleb128 0x3b
 6555 008b 05       		.uleb128 0x5
 6556 008c 39       		.uleb128 0x39
 6557 008d 0B       		.uleb128 0xb
 6558 008e 49       		.uleb128 0x49
 6559 008f 13       		.uleb128 0x13
 6560 0090 38       		.uleb128 0x38
 6561 0091 0B       		.uleb128 0xb
 6562 0092 00       		.byte	0
 6563 0093 00       		.byte	0
 6564 0094 0B       		.uleb128 0xb
 6565 0095 0B       		.uleb128 0xb
 6566 0096 01       		.byte	0x1
 6567 0097 55       		.uleb128 0x55
 6568 0098 17       		.uleb128 0x17
 6569 0099 00       		.byte	0
 6570 009a 00       		.byte	0
 6571 009b 0C       		.uleb128 0xc
 6572 009c 48       		.uleb128 0x48
 6573 009d 01       		.byte	0x1
 6574 009e 7D       		.uleb128 0x7d
 6575 009f 01       		.uleb128 0x1
 6576 00a0 7F       		.uleb128 0x7f
 6577 00a1 13       		.uleb128 0x13
 6578 00a2 01       		.uleb128 0x1
 6579 00a3 13       		.uleb128 0x13
 6580 00a4 00       		.byte	0
ARM GAS  /tmp/cctmACj5.s 			page 117


 6581 00a5 00       		.byte	0
 6582 00a6 0D       		.uleb128 0xd
 6583 00a7 05       		.uleb128 0x5
 6584 00a8 00       		.byte	0
 6585 00a9 03       		.uleb128 0x3
 6586 00aa 08       		.uleb128 0x8
 6587 00ab 3A       		.uleb128 0x3a
 6588 00ac 21       		.uleb128 0x21
 6589 00ad 01       		.sleb128 1
 6590 00ae 3B       		.uleb128 0x3b
 6591 00af 05       		.uleb128 0x5
 6592 00b0 39       		.uleb128 0x39
 6593 00b1 0B       		.uleb128 0xb
 6594 00b2 49       		.uleb128 0x49
 6595 00b3 13       		.uleb128 0x13
 6596 00b4 02       		.uleb128 0x2
 6597 00b5 17       		.uleb128 0x17
 6598 00b6 B742     		.uleb128 0x2137
 6599 00b8 17       		.uleb128 0x17
 6600 00b9 00       		.byte	0
 6601 00ba 00       		.byte	0
 6602 00bb 0E       		.uleb128 0xe
 6603 00bc 24       		.uleb128 0x24
 6604 00bd 00       		.byte	0
 6605 00be 0B       		.uleb128 0xb
 6606 00bf 0B       		.uleb128 0xb
 6607 00c0 3E       		.uleb128 0x3e
 6608 00c1 0B       		.uleb128 0xb
 6609 00c2 03       		.uleb128 0x3
 6610 00c3 0E       		.uleb128 0xe
 6611 00c4 00       		.byte	0
 6612 00c5 00       		.byte	0
 6613 00c6 0F       		.uleb128 0xf
 6614 00c7 0F       		.uleb128 0xf
 6615 00c8 00       		.byte	0
 6616 00c9 0B       		.uleb128 0xb
 6617 00ca 21       		.uleb128 0x21
 6618 00cb 04       		.sleb128 4
 6619 00cc 49       		.uleb128 0x49
 6620 00cd 13       		.uleb128 0x13
 6621 00ce 00       		.byte	0
 6622 00cf 00       		.byte	0
 6623 00d0 10       		.uleb128 0x10
 6624 00d1 05       		.uleb128 0x5
 6625 00d2 00       		.byte	0
 6626 00d3 49       		.uleb128 0x49
 6627 00d4 13       		.uleb128 0x13
 6628 00d5 00       		.byte	0
 6629 00d6 00       		.byte	0
 6630 00d7 11       		.uleb128 0x11
 6631 00d8 0D       		.uleb128 0xd
 6632 00d9 00       		.byte	0
 6633 00da 03       		.uleb128 0x3
 6634 00db 08       		.uleb128 0x8
 6635 00dc 3A       		.uleb128 0x3a
 6636 00dd 0B       		.uleb128 0xb
 6637 00de 3B       		.uleb128 0x3b
ARM GAS  /tmp/cctmACj5.s 			page 118


 6638 00df 0B       		.uleb128 0xb
 6639 00e0 39       		.uleb128 0x39
 6640 00e1 0B       		.uleb128 0xb
 6641 00e2 49       		.uleb128 0x49
 6642 00e3 13       		.uleb128 0x13
 6643 00e4 38       		.uleb128 0x38
 6644 00e5 0B       		.uleb128 0xb
 6645 00e6 00       		.byte	0
 6646 00e7 00       		.byte	0
 6647 00e8 12       		.uleb128 0x12
 6648 00e9 34       		.uleb128 0x34
 6649 00ea 00       		.byte	0
 6650 00eb 03       		.uleb128 0x3
 6651 00ec 0E       		.uleb128 0xe
 6652 00ed 49       		.uleb128 0x49
 6653 00ee 13       		.uleb128 0x13
 6654 00ef 34       		.uleb128 0x34
 6655 00f0 19       		.uleb128 0x19
 6656 00f1 02       		.uleb128 0x2
 6657 00f2 18       		.uleb128 0x18
 6658 00f3 00       		.byte	0
 6659 00f4 00       		.byte	0
 6660 00f5 13       		.uleb128 0x13
 6661 00f6 26       		.uleb128 0x26
 6662 00f7 00       		.byte	0
 6663 00f8 49       		.uleb128 0x49
 6664 00f9 13       		.uleb128 0x13
 6665 00fa 00       		.byte	0
 6666 00fb 00       		.byte	0
 6667 00fc 14       		.uleb128 0x14
 6668 00fd 2E       		.uleb128 0x2e
 6669 00fe 01       		.byte	0x1
 6670 00ff 3F       		.uleb128 0x3f
 6671 0100 19       		.uleb128 0x19
 6672 0101 03       		.uleb128 0x3
 6673 0102 0E       		.uleb128 0xe
 6674 0103 3A       		.uleb128 0x3a
 6675 0104 21       		.uleb128 0x21
 6676 0105 01       		.sleb128 1
 6677 0106 3B       		.uleb128 0x3b
 6678 0107 05       		.uleb128 0x5
 6679 0108 39       		.uleb128 0x39
 6680 0109 21       		.uleb128 0x21
 6681 010a 06       		.sleb128 6
 6682 010b 27       		.uleb128 0x27
 6683 010c 19       		.uleb128 0x19
 6684 010d 11       		.uleb128 0x11
 6685 010e 01       		.uleb128 0x1
 6686 010f 12       		.uleb128 0x12
 6687 0110 06       		.uleb128 0x6
 6688 0111 40       		.uleb128 0x40
 6689 0112 18       		.uleb128 0x18
 6690 0113 7A       		.uleb128 0x7a
 6691 0114 19       		.uleb128 0x19
 6692 0115 01       		.uleb128 0x1
 6693 0116 13       		.uleb128 0x13
 6694 0117 00       		.byte	0
ARM GAS  /tmp/cctmACj5.s 			page 119


 6695 0118 00       		.byte	0
 6696 0119 15       		.uleb128 0x15
 6697 011a 01       		.uleb128 0x1
 6698 011b 01       		.byte	0x1
 6699 011c 49       		.uleb128 0x49
 6700 011d 13       		.uleb128 0x13
 6701 011e 01       		.uleb128 0x1
 6702 011f 13       		.uleb128 0x13
 6703 0120 00       		.byte	0
 6704 0121 00       		.byte	0
 6705 0122 16       		.uleb128 0x16
 6706 0123 21       		.uleb128 0x21
 6707 0124 00       		.byte	0
 6708 0125 49       		.uleb128 0x49
 6709 0126 13       		.uleb128 0x13
 6710 0127 2F       		.uleb128 0x2f
 6711 0128 0B       		.uleb128 0xb
 6712 0129 00       		.byte	0
 6713 012a 00       		.byte	0
 6714 012b 17       		.uleb128 0x17
 6715 012c 05       		.uleb128 0x5
 6716 012d 00       		.byte	0
 6717 012e 03       		.uleb128 0x3
 6718 012f 0E       		.uleb128 0xe
 6719 0130 3A       		.uleb128 0x3a
 6720 0131 21       		.uleb128 0x21
 6721 0132 01       		.sleb128 1
 6722 0133 3B       		.uleb128 0x3b
 6723 0134 05       		.uleb128 0x5
 6724 0135 39       		.uleb128 0x39
 6725 0136 0B       		.uleb128 0xb
 6726 0137 49       		.uleb128 0x49
 6727 0138 13       		.uleb128 0x13
 6728 0139 02       		.uleb128 0x2
 6729 013a 17       		.uleb128 0x17
 6730 013b B742     		.uleb128 0x2137
 6731 013d 17       		.uleb128 0x17
 6732 013e 00       		.byte	0
 6733 013f 00       		.byte	0
 6734 0140 18       		.uleb128 0x18
 6735 0141 05       		.uleb128 0x5
 6736 0142 00       		.byte	0
 6737 0143 03       		.uleb128 0x3
 6738 0144 08       		.uleb128 0x8
 6739 0145 3A       		.uleb128 0x3a
 6740 0146 0B       		.uleb128 0xb
 6741 0147 3B       		.uleb128 0x3b
 6742 0148 05       		.uleb128 0x5
 6743 0149 39       		.uleb128 0x39
 6744 014a 0B       		.uleb128 0xb
 6745 014b 49       		.uleb128 0x49
 6746 014c 13       		.uleb128 0x13
 6747 014d 00       		.byte	0
 6748 014e 00       		.byte	0
 6749 014f 19       		.uleb128 0x19
 6750 0150 05       		.uleb128 0x5
 6751 0151 00       		.byte	0
ARM GAS  /tmp/cctmACj5.s 			page 120


 6752 0152 03       		.uleb128 0x3
 6753 0153 08       		.uleb128 0x8
 6754 0154 3A       		.uleb128 0x3a
 6755 0155 21       		.uleb128 0x21
 6756 0156 01       		.sleb128 1
 6757 0157 3B       		.uleb128 0x3b
 6758 0158 0B       		.uleb128 0xb
 6759 0159 39       		.uleb128 0x39
 6760 015a 0B       		.uleb128 0xb
 6761 015b 49       		.uleb128 0x49
 6762 015c 13       		.uleb128 0x13
 6763 015d 02       		.uleb128 0x2
 6764 015e 17       		.uleb128 0x17
 6765 015f B742     		.uleb128 0x2137
 6766 0161 17       		.uleb128 0x17
 6767 0162 00       		.byte	0
 6768 0163 00       		.byte	0
 6769 0164 1A       		.uleb128 0x1a
 6770 0165 13       		.uleb128 0x13
 6771 0166 01       		.byte	0x1
 6772 0167 03       		.uleb128 0x3
 6773 0168 0E       		.uleb128 0xe
 6774 0169 0B       		.uleb128 0xb
 6775 016a 0B       		.uleb128 0xb
 6776 016b 3A       		.uleb128 0x3a
 6777 016c 0B       		.uleb128 0xb
 6778 016d 3B       		.uleb128 0x3b
 6779 016e 0B       		.uleb128 0xb
 6780 016f 39       		.uleb128 0x39
 6781 0170 0B       		.uleb128 0xb
 6782 0171 01       		.uleb128 0x1
 6783 0172 13       		.uleb128 0x13
 6784 0173 00       		.byte	0
 6785 0174 00       		.byte	0
 6786 0175 1B       		.uleb128 0x1b
 6787 0176 0D       		.uleb128 0xd
 6788 0177 00       		.byte	0
 6789 0178 03       		.uleb128 0x3
 6790 0179 0E       		.uleb128 0xe
 6791 017a 3A       		.uleb128 0x3a
 6792 017b 21       		.uleb128 0x21
 6793 017c 07       		.sleb128 7
 6794 017d 3B       		.uleb128 0x3b
 6795 017e 05       		.uleb128 0x5
 6796 017f 39       		.uleb128 0x39
 6797 0180 0B       		.uleb128 0xb
 6798 0181 49       		.uleb128 0x49
 6799 0182 13       		.uleb128 0x13
 6800 0183 00       		.byte	0
 6801 0184 00       		.byte	0
 6802 0185 1C       		.uleb128 0x1c
 6803 0186 34       		.uleb128 0x34
 6804 0187 00       		.byte	0
 6805 0188 31       		.uleb128 0x31
 6806 0189 13       		.uleb128 0x13
 6807 018a 02       		.uleb128 0x2
 6808 018b 17       		.uleb128 0x17
ARM GAS  /tmp/cctmACj5.s 			page 121


 6809 018c B742     		.uleb128 0x2137
 6810 018e 17       		.uleb128 0x17
 6811 018f 00       		.byte	0
 6812 0190 00       		.byte	0
 6813 0191 1D       		.uleb128 0x1d
 6814 0192 2E       		.uleb128 0x2e
 6815 0193 01       		.byte	0x1
 6816 0194 3F       		.uleb128 0x3f
 6817 0195 19       		.uleb128 0x19
 6818 0196 03       		.uleb128 0x3
 6819 0197 0E       		.uleb128 0xe
 6820 0198 3A       		.uleb128 0x3a
 6821 0199 21       		.uleb128 0x21
 6822 019a 01       		.sleb128 1
 6823 019b 3B       		.uleb128 0x3b
 6824 019c 05       		.uleb128 0x5
 6825 019d 39       		.uleb128 0x39
 6826 019e 0B       		.uleb128 0xb
 6827 019f 27       		.uleb128 0x27
 6828 01a0 19       		.uleb128 0x19
 6829 01a1 49       		.uleb128 0x49
 6830 01a2 13       		.uleb128 0x13
 6831 01a3 11       		.uleb128 0x11
 6832 01a4 01       		.uleb128 0x1
 6833 01a5 12       		.uleb128 0x12
 6834 01a6 06       		.uleb128 0x6
 6835 01a7 40       		.uleb128 0x40
 6836 01a8 18       		.uleb128 0x18
 6837 01a9 7A       		.uleb128 0x7a
 6838 01aa 19       		.uleb128 0x19
 6839 01ab 01       		.uleb128 0x1
 6840 01ac 13       		.uleb128 0x13
 6841 01ad 00       		.byte	0
 6842 01ae 00       		.byte	0
 6843 01af 1E       		.uleb128 0x1e
 6844 01b0 13       		.uleb128 0x13
 6845 01b1 01       		.byte	0x1
 6846 01b2 03       		.uleb128 0x3
 6847 01b3 0E       		.uleb128 0xe
 6848 01b4 0B       		.uleb128 0xb
 6849 01b5 0B       		.uleb128 0xb
 6850 01b6 3A       		.uleb128 0x3a
 6851 01b7 21       		.uleb128 0x21
 6852 01b8 07       		.sleb128 7
 6853 01b9 3B       		.uleb128 0x3b
 6854 01ba 05       		.uleb128 0x5
 6855 01bb 39       		.uleb128 0x39
 6856 01bc 21       		.uleb128 0x21
 6857 01bd 08       		.sleb128 8
 6858 01be 01       		.uleb128 0x1
 6859 01bf 13       		.uleb128 0x13
 6860 01c0 00       		.byte	0
 6861 01c1 00       		.byte	0
 6862 01c2 1F       		.uleb128 0x1f
 6863 01c3 2E       		.uleb128 0x2e
 6864 01c4 01       		.byte	0x1
 6865 01c5 3F       		.uleb128 0x3f
ARM GAS  /tmp/cctmACj5.s 			page 122


 6866 01c6 19       		.uleb128 0x19
 6867 01c7 03       		.uleb128 0x3
 6868 01c8 0E       		.uleb128 0xe
 6869 01c9 3A       		.uleb128 0x3a
 6870 01ca 0B       		.uleb128 0xb
 6871 01cb 3B       		.uleb128 0x3b
 6872 01cc 05       		.uleb128 0x5
 6873 01cd 39       		.uleb128 0x39
 6874 01ce 21       		.uleb128 0x21
 6875 01cf 08       		.sleb128 8
 6876 01d0 27       		.uleb128 0x27
 6877 01d1 19       		.uleb128 0x19
 6878 01d2 3C       		.uleb128 0x3c
 6879 01d3 19       		.uleb128 0x19
 6880 01d4 01       		.uleb128 0x1
 6881 01d5 13       		.uleb128 0x13
 6882 01d6 00       		.byte	0
 6883 01d7 00       		.byte	0
 6884 01d8 20       		.uleb128 0x20
 6885 01d9 2E       		.uleb128 0x2e
 6886 01da 00       		.byte	0
 6887 01db 3F       		.uleb128 0x3f
 6888 01dc 19       		.uleb128 0x19
 6889 01dd 03       		.uleb128 0x3
 6890 01de 0E       		.uleb128 0xe
 6891 01df 3A       		.uleb128 0x3a
 6892 01e0 21       		.uleb128 0x21
 6893 01e1 11       		.sleb128 17
 6894 01e2 3B       		.uleb128 0x3b
 6895 01e3 0B       		.uleb128 0xb
 6896 01e4 39       		.uleb128 0x39
 6897 01e5 21       		.uleb128 0x21
 6898 01e6 08       		.sleb128 8
 6899 01e7 27       		.uleb128 0x27
 6900 01e8 19       		.uleb128 0x19
 6901 01e9 3C       		.uleb128 0x3c
 6902 01ea 19       		.uleb128 0x19
 6903 01eb 00       		.byte	0
 6904 01ec 00       		.byte	0
 6905 01ed 21       		.uleb128 0x21
 6906 01ee 48       		.uleb128 0x48
 6907 01ef 01       		.byte	0x1
 6908 01f0 7D       		.uleb128 0x7d
 6909 01f1 01       		.uleb128 0x1
 6910 01f2 8201     		.uleb128 0x82
 6911 01f4 19       		.uleb128 0x19
 6912 01f5 7F       		.uleb128 0x7f
 6913 01f6 13       		.uleb128 0x13
 6914 01f7 00       		.byte	0
 6915 01f8 00       		.byte	0
 6916 01f9 22       		.uleb128 0x22
 6917 01fa 1D       		.uleb128 0x1d
 6918 01fb 00       		.byte	0
 6919 01fc 31       		.uleb128 0x31
 6920 01fd 13       		.uleb128 0x13
 6921 01fe 52       		.uleb128 0x52
 6922 01ff 01       		.uleb128 0x1
ARM GAS  /tmp/cctmACj5.s 			page 123


 6923 0200 B842     		.uleb128 0x2138
 6924 0202 0B       		.uleb128 0xb
 6925 0203 55       		.uleb128 0x55
 6926 0204 17       		.uleb128 0x17
 6927 0205 58       		.uleb128 0x58
 6928 0206 21       		.uleb128 0x21
 6929 0207 01       		.sleb128 1
 6930 0208 59       		.uleb128 0x59
 6931 0209 05       		.uleb128 0x5
 6932 020a 57       		.uleb128 0x57
 6933 020b 0B       		.uleb128 0xb
 6934 020c 00       		.byte	0
 6935 020d 00       		.byte	0
 6936 020e 23       		.uleb128 0x23
 6937 020f 1D       		.uleb128 0x1d
 6938 0210 01       		.byte	0x1
 6939 0211 31       		.uleb128 0x31
 6940 0212 13       		.uleb128 0x13
 6941 0213 52       		.uleb128 0x52
 6942 0214 01       		.uleb128 0x1
 6943 0215 B842     		.uleb128 0x2138
 6944 0217 0B       		.uleb128 0xb
 6945 0218 55       		.uleb128 0x55
 6946 0219 17       		.uleb128 0x17
 6947 021a 58       		.uleb128 0x58
 6948 021b 21       		.uleb128 0x21
 6949 021c 01       		.sleb128 1
 6950 021d 59       		.uleb128 0x59
 6951 021e 0B       		.uleb128 0xb
 6952 021f 57       		.uleb128 0x57
 6953 0220 0B       		.uleb128 0xb
 6954 0221 01       		.uleb128 0x1
 6955 0222 13       		.uleb128 0x13
 6956 0223 00       		.byte	0
 6957 0224 00       		.byte	0
 6958 0225 24       		.uleb128 0x24
 6959 0226 05       		.uleb128 0x5
 6960 0227 00       		.byte	0
 6961 0228 03       		.uleb128 0x3
 6962 0229 0E       		.uleb128 0xe
 6963 022a 3A       		.uleb128 0x3a
 6964 022b 21       		.uleb128 0x21
 6965 022c 01       		.sleb128 1
 6966 022d 3B       		.uleb128 0x3b
 6967 022e 0B       		.uleb128 0xb
 6968 022f 39       		.uleb128 0x39
 6969 0230 0B       		.uleb128 0xb
 6970 0231 49       		.uleb128 0x49
 6971 0232 13       		.uleb128 0x13
 6972 0233 02       		.uleb128 0x2
 6973 0234 17       		.uleb128 0x17
 6974 0235 B742     		.uleb128 0x2137
 6975 0237 17       		.uleb128 0x17
 6976 0238 00       		.byte	0
 6977 0239 00       		.byte	0
 6978 023a 25       		.uleb128 0x25
 6979 023b 2E       		.uleb128 0x2e
ARM GAS  /tmp/cctmACj5.s 			page 124


 6980 023c 01       		.byte	0x1
 6981 023d 03       		.uleb128 0x3
 6982 023e 0E       		.uleb128 0xe
 6983 023f 3A       		.uleb128 0x3a
 6984 0240 0B       		.uleb128 0xb
 6985 0241 3B       		.uleb128 0x3b
 6986 0242 05       		.uleb128 0x5
 6987 0243 39       		.uleb128 0x39
 6988 0244 0B       		.uleb128 0xb
 6989 0245 27       		.uleb128 0x27
 6990 0246 19       		.uleb128 0x19
 6991 0247 20       		.uleb128 0x20
 6992 0248 21       		.uleb128 0x21
 6993 0249 03       		.sleb128 3
 6994 024a 01       		.uleb128 0x1
 6995 024b 13       		.uleb128 0x13
 6996 024c 00       		.byte	0
 6997 024d 00       		.byte	0
 6998 024e 26       		.uleb128 0x26
 6999 024f 05       		.uleb128 0x5
 7000 0250 00       		.byte	0
 7001 0251 03       		.uleb128 0x3
 7002 0252 0E       		.uleb128 0xe
 7003 0253 3A       		.uleb128 0x3a
 7004 0254 0B       		.uleb128 0xb
 7005 0255 3B       		.uleb128 0x3b
 7006 0256 05       		.uleb128 0x5
 7007 0257 39       		.uleb128 0x39
 7008 0258 0B       		.uleb128 0xb
 7009 0259 49       		.uleb128 0x49
 7010 025a 13       		.uleb128 0x13
 7011 025b 00       		.byte	0
 7012 025c 00       		.byte	0
 7013 025d 27       		.uleb128 0x27
 7014 025e 2E       		.uleb128 0x2e
 7015 025f 00       		.byte	0
 7016 0260 03       		.uleb128 0x3
 7017 0261 0E       		.uleb128 0xe
 7018 0262 3A       		.uleb128 0x3a
 7019 0263 0B       		.uleb128 0xb
 7020 0264 3B       		.uleb128 0x3b
 7021 0265 05       		.uleb128 0x5
 7022 0266 39       		.uleb128 0x39
 7023 0267 21       		.uleb128 0x21
 7024 0268 14       		.sleb128 20
 7025 0269 27       		.uleb128 0x27
 7026 026a 19       		.uleb128 0x19
 7027 026b 20       		.uleb128 0x20
 7028 026c 21       		.uleb128 0x21
 7029 026d 03       		.sleb128 3
 7030 026e 00       		.byte	0
 7031 026f 00       		.byte	0
 7032 0270 28       		.uleb128 0x28
 7033 0271 2E       		.uleb128 0x2e
 7034 0272 01       		.byte	0x1
 7035 0273 3F       		.uleb128 0x3f
 7036 0274 19       		.uleb128 0x19
ARM GAS  /tmp/cctmACj5.s 			page 125


 7037 0275 03       		.uleb128 0x3
 7038 0276 0E       		.uleb128 0xe
 7039 0277 3A       		.uleb128 0x3a
 7040 0278 21       		.uleb128 0x21
 7041 0279 07       		.sleb128 7
 7042 027a 3B       		.uleb128 0x3b
 7043 027b 05       		.uleb128 0x5
 7044 027c 39       		.uleb128 0x39
 7045 027d 0B       		.uleb128 0xb
 7046 027e 27       		.uleb128 0x27
 7047 027f 19       		.uleb128 0x19
 7048 0280 49       		.uleb128 0x49
 7049 0281 13       		.uleb128 0x13
 7050 0282 3C       		.uleb128 0x3c
 7051 0283 19       		.uleb128 0x19
 7052 0284 01       		.uleb128 0x1
 7053 0285 13       		.uleb128 0x13
 7054 0286 00       		.byte	0
 7055 0287 00       		.byte	0
 7056 0288 29       		.uleb128 0x29
 7057 0289 2E       		.uleb128 0x2e
 7058 028a 00       		.byte	0
 7059 028b 3F       		.uleb128 0x3f
 7060 028c 19       		.uleb128 0x19
 7061 028d 03       		.uleb128 0x3
 7062 028e 0E       		.uleb128 0xe
 7063 028f 3A       		.uleb128 0x3a
 7064 0290 0B       		.uleb128 0xb
 7065 0291 3B       		.uleb128 0x3b
 7066 0292 05       		.uleb128 0x5
 7067 0293 39       		.uleb128 0x39
 7068 0294 21       		.uleb128 0x21
 7069 0295 08       		.sleb128 8
 7070 0296 27       		.uleb128 0x27
 7071 0297 19       		.uleb128 0x19
 7072 0298 3C       		.uleb128 0x3c
 7073 0299 19       		.uleb128 0x19
 7074 029a 00       		.byte	0
 7075 029b 00       		.byte	0
 7076 029c 2A       		.uleb128 0x2a
 7077 029d 1D       		.uleb128 0x1d
 7078 029e 01       		.byte	0x1
 7079 029f 31       		.uleb128 0x31
 7080 02a0 13       		.uleb128 0x13
 7081 02a1 52       		.uleb128 0x52
 7082 02a2 01       		.uleb128 0x1
 7083 02a3 B842     		.uleb128 0x2138
 7084 02a5 0B       		.uleb128 0xb
 7085 02a6 11       		.uleb128 0x11
 7086 02a7 01       		.uleb128 0x1
 7087 02a8 12       		.uleb128 0x12
 7088 02a9 06       		.uleb128 0x6
 7089 02aa 58       		.uleb128 0x58
 7090 02ab 0B       		.uleb128 0xb
 7091 02ac 59       		.uleb128 0x59
 7092 02ad 05       		.uleb128 0x5
 7093 02ae 57       		.uleb128 0x57
ARM GAS  /tmp/cctmACj5.s 			page 126


 7094 02af 0B       		.uleb128 0xb
 7095 02b0 01       		.uleb128 0x1
 7096 02b1 13       		.uleb128 0x13
 7097 02b2 00       		.byte	0
 7098 02b3 00       		.byte	0
 7099 02b4 2B       		.uleb128 0x2b
 7100 02b5 48       		.uleb128 0x48
 7101 02b6 00       		.byte	0
 7102 02b7 7D       		.uleb128 0x7d
 7103 02b8 01       		.uleb128 0x1
 7104 02b9 8201     		.uleb128 0x82
 7105 02bb 19       		.uleb128 0x19
 7106 02bc 7F       		.uleb128 0x7f
 7107 02bd 13       		.uleb128 0x13
 7108 02be 00       		.byte	0
 7109 02bf 00       		.byte	0
 7110 02c0 2C       		.uleb128 0x2c
 7111 02c1 34       		.uleb128 0x34
 7112 02c2 00       		.byte	0
 7113 02c3 03       		.uleb128 0x3
 7114 02c4 08       		.uleb128 0x8
 7115 02c5 3A       		.uleb128 0x3a
 7116 02c6 0B       		.uleb128 0xb
 7117 02c7 3B       		.uleb128 0x3b
 7118 02c8 05       		.uleb128 0x5
 7119 02c9 39       		.uleb128 0x39
 7120 02ca 0B       		.uleb128 0xb
 7121 02cb 49       		.uleb128 0x49
 7122 02cc 13       		.uleb128 0x13
 7123 02cd 00       		.byte	0
 7124 02ce 00       		.byte	0
 7125 02cf 2D       		.uleb128 0x2d
 7126 02d0 34       		.uleb128 0x34
 7127 02d1 00       		.byte	0
 7128 02d2 03       		.uleb128 0x3
 7129 02d3 08       		.uleb128 0x8
 7130 02d4 3A       		.uleb128 0x3a
 7131 02d5 21       		.uleb128 0x21
 7132 02d6 01       		.sleb128 1
 7133 02d7 3B       		.uleb128 0x3b
 7134 02d8 05       		.uleb128 0x5
 7135 02d9 39       		.uleb128 0x39
 7136 02da 0B       		.uleb128 0xb
 7137 02db 49       		.uleb128 0x49
 7138 02dc 13       		.uleb128 0x13
 7139 02dd 02       		.uleb128 0x2
 7140 02de 17       		.uleb128 0x17
 7141 02df B742     		.uleb128 0x2137
 7142 02e1 17       		.uleb128 0x17
 7143 02e2 00       		.byte	0
 7144 02e3 00       		.byte	0
 7145 02e4 2E       		.uleb128 0x2e
 7146 02e5 1D       		.uleb128 0x1d
 7147 02e6 01       		.byte	0x1
 7148 02e7 31       		.uleb128 0x31
 7149 02e8 13       		.uleb128 0x13
 7150 02e9 52       		.uleb128 0x52
ARM GAS  /tmp/cctmACj5.s 			page 127


 7151 02ea 01       		.uleb128 0x1
 7152 02eb B842     		.uleb128 0x2138
 7153 02ed 0B       		.uleb128 0xb
 7154 02ee 11       		.uleb128 0x11
 7155 02ef 01       		.uleb128 0x1
 7156 02f0 12       		.uleb128 0x12
 7157 02f1 06       		.uleb128 0x6
 7158 02f2 58       		.uleb128 0x58
 7159 02f3 0B       		.uleb128 0xb
 7160 02f4 59       		.uleb128 0x59
 7161 02f5 05       		.uleb128 0x5
 7162 02f6 57       		.uleb128 0x57
 7163 02f7 0B       		.uleb128 0xb
 7164 02f8 00       		.byte	0
 7165 02f9 00       		.byte	0
 7166 02fa 2F       		.uleb128 0x2f
 7167 02fb 2E       		.uleb128 0x2e
 7168 02fc 01       		.byte	0x1
 7169 02fd 3F       		.uleb128 0x3f
 7170 02fe 19       		.uleb128 0x19
 7171 02ff 03       		.uleb128 0x3
 7172 0300 0E       		.uleb128 0xe
 7173 0301 3A       		.uleb128 0x3a
 7174 0302 21       		.uleb128 0x21
 7175 0303 01       		.sleb128 1
 7176 0304 3B       		.uleb128 0x3b
 7177 0305 0B       		.uleb128 0xb
 7178 0306 39       		.uleb128 0x39
 7179 0307 21       		.uleb128 0x21
 7180 0308 0B       		.sleb128 11
 7181 0309 27       		.uleb128 0x27
 7182 030a 19       		.uleb128 0x19
 7183 030b 49       		.uleb128 0x49
 7184 030c 13       		.uleb128 0x13
 7185 030d 11       		.uleb128 0x11
 7186 030e 01       		.uleb128 0x1
 7187 030f 12       		.uleb128 0x12
 7188 0310 06       		.uleb128 0x6
 7189 0311 40       		.uleb128 0x40
 7190 0312 18       		.uleb128 0x18
 7191 0313 7A       		.uleb128 0x7a
 7192 0314 19       		.uleb128 0x19
 7193 0315 01       		.uleb128 0x1
 7194 0316 13       		.uleb128 0x13
 7195 0317 00       		.byte	0
 7196 0318 00       		.byte	0
 7197 0319 30       		.uleb128 0x30
 7198 031a 35       		.uleb128 0x35
 7199 031b 00       		.byte	0
 7200 031c 49       		.uleb128 0x49
 7201 031d 13       		.uleb128 0x13
 7202 031e 00       		.byte	0
 7203 031f 00       		.byte	0
 7204 0320 31       		.uleb128 0x31
 7205 0321 0B       		.uleb128 0xb
 7206 0322 01       		.byte	0x1
 7207 0323 31       		.uleb128 0x31
ARM GAS  /tmp/cctmACj5.s 			page 128


 7208 0324 13       		.uleb128 0x13
 7209 0325 55       		.uleb128 0x55
 7210 0326 17       		.uleb128 0x17
 7211 0327 00       		.byte	0
 7212 0328 00       		.byte	0
 7213 0329 32       		.uleb128 0x32
 7214 032a 2E       		.uleb128 0x2e
 7215 032b 01       		.byte	0x1
 7216 032c 3F       		.uleb128 0x3f
 7217 032d 19       		.uleb128 0x19
 7218 032e 03       		.uleb128 0x3
 7219 032f 0E       		.uleb128 0xe
 7220 0330 3A       		.uleb128 0x3a
 7221 0331 21       		.uleb128 0x21
 7222 0332 01       		.sleb128 1
 7223 0333 3B       		.uleb128 0x3b
 7224 0334 05       		.uleb128 0x5
 7225 0335 39       		.uleb128 0x39
 7226 0336 21       		.uleb128 0x21
 7227 0337 06       		.sleb128 6
 7228 0338 27       		.uleb128 0x27
 7229 0339 19       		.uleb128 0x19
 7230 033a 20       		.uleb128 0x20
 7231 033b 21       		.uleb128 0x21
 7232 033c 01       		.sleb128 1
 7233 033d 01       		.uleb128 0x1
 7234 033e 13       		.uleb128 0x13
 7235 033f 00       		.byte	0
 7236 0340 00       		.byte	0
 7237 0341 33       		.uleb128 0x33
 7238 0342 34       		.uleb128 0x34
 7239 0343 00       		.byte	0
 7240 0344 03       		.uleb128 0x3
 7241 0345 0E       		.uleb128 0xe
 7242 0346 3A       		.uleb128 0x3a
 7243 0347 21       		.uleb128 0x21
 7244 0348 01       		.sleb128 1
 7245 0349 3B       		.uleb128 0x3b
 7246 034a 05       		.uleb128 0x5
 7247 034b 39       		.uleb128 0x39
 7248 034c 0B       		.uleb128 0xb
 7249 034d 49       		.uleb128 0x49
 7250 034e 13       		.uleb128 0x13
 7251 034f 02       		.uleb128 0x2
 7252 0350 17       		.uleb128 0x17
 7253 0351 B742     		.uleb128 0x2137
 7254 0353 17       		.uleb128 0x17
 7255 0354 00       		.byte	0
 7256 0355 00       		.byte	0
 7257 0356 34       		.uleb128 0x34
 7258 0357 34       		.uleb128 0x34
 7259 0358 00       		.byte	0
 7260 0359 03       		.uleb128 0x3
 7261 035a 08       		.uleb128 0x8
 7262 035b 3A       		.uleb128 0x3a
 7263 035c 21       		.uleb128 0x21
 7264 035d 01       		.sleb128 1
ARM GAS  /tmp/cctmACj5.s 			page 129


 7265 035e 3B       		.uleb128 0x3b
 7266 035f 0B       		.uleb128 0xb
 7267 0360 39       		.uleb128 0x39
 7268 0361 21       		.uleb128 0x21
 7269 0362 0D       		.sleb128 13
 7270 0363 49       		.uleb128 0x49
 7271 0364 13       		.uleb128 0x13
 7272 0365 02       		.uleb128 0x2
 7273 0366 17       		.uleb128 0x17
 7274 0367 B742     		.uleb128 0x2137
 7275 0369 17       		.uleb128 0x17
 7276 036a 00       		.byte	0
 7277 036b 00       		.byte	0
 7278 036c 35       		.uleb128 0x35
 7279 036d 05       		.uleb128 0x5
 7280 036e 00       		.byte	0
 7281 036f 03       		.uleb128 0x3
 7282 0370 08       		.uleb128 0x8
 7283 0371 3A       		.uleb128 0x3a
 7284 0372 0B       		.uleb128 0xb
 7285 0373 3B       		.uleb128 0x3b
 7286 0374 0B       		.uleb128 0xb
 7287 0375 39       		.uleb128 0x39
 7288 0376 0B       		.uleb128 0xb
 7289 0377 49       		.uleb128 0x49
 7290 0378 13       		.uleb128 0x13
 7291 0379 00       		.byte	0
 7292 037a 00       		.byte	0
 7293 037b 36       		.uleb128 0x36
 7294 037c 2E       		.uleb128 0x2e
 7295 037d 00       		.byte	0
 7296 037e 03       		.uleb128 0x3
 7297 037f 0E       		.uleb128 0xe
 7298 0380 3A       		.uleb128 0x3a
 7299 0381 0B       		.uleb128 0xb
 7300 0382 3B       		.uleb128 0x3b
 7301 0383 0B       		.uleb128 0xb
 7302 0384 39       		.uleb128 0x39
 7303 0385 21       		.uleb128 0x21
 7304 0386 19       		.sleb128 25
 7305 0387 27       		.uleb128 0x27
 7306 0388 19       		.uleb128 0x19
 7307 0389 49       		.uleb128 0x49
 7308 038a 13       		.uleb128 0x13
 7309 038b 20       		.uleb128 0x20
 7310 038c 21       		.uleb128 0x21
 7311 038d 03       		.sleb128 3
 7312 038e 00       		.byte	0
 7313 038f 00       		.byte	0
 7314 0390 37       		.uleb128 0x37
 7315 0391 2E       		.uleb128 0x2e
 7316 0392 01       		.byte	0x1
 7317 0393 03       		.uleb128 0x3
 7318 0394 0E       		.uleb128 0xe
 7319 0395 3A       		.uleb128 0x3a
 7320 0396 0B       		.uleb128 0xb
 7321 0397 3B       		.uleb128 0x3b
ARM GAS  /tmp/cctmACj5.s 			page 130


 7322 0398 05       		.uleb128 0x5
 7323 0399 39       		.uleb128 0x39
 7324 039a 21       		.uleb128 0x21
 7325 039b 14       		.sleb128 20
 7326 039c 27       		.uleb128 0x27
 7327 039d 19       		.uleb128 0x19
 7328 039e 49       		.uleb128 0x49
 7329 039f 13       		.uleb128 0x13
 7330 03a0 20       		.uleb128 0x20
 7331 03a1 21       		.uleb128 0x21
 7332 03a2 03       		.sleb128 3
 7333 03a3 01       		.uleb128 0x1
 7334 03a4 13       		.uleb128 0x13
 7335 03a5 00       		.byte	0
 7336 03a6 00       		.byte	0
 7337 03a7 38       		.uleb128 0x38
 7338 03a8 2E       		.uleb128 0x2e
 7339 03a9 01       		.byte	0x1
 7340 03aa 31       		.uleb128 0x31
 7341 03ab 13       		.uleb128 0x13
 7342 03ac 11       		.uleb128 0x11
 7343 03ad 01       		.uleb128 0x1
 7344 03ae 12       		.uleb128 0x12
 7345 03af 06       		.uleb128 0x6
 7346 03b0 40       		.uleb128 0x40
 7347 03b1 18       		.uleb128 0x18
 7348 03b2 7A       		.uleb128 0x7a
 7349 03b3 19       		.uleb128 0x19
 7350 03b4 01       		.uleb128 0x1
 7351 03b5 13       		.uleb128 0x13
 7352 03b6 00       		.byte	0
 7353 03b7 00       		.byte	0
 7354 03b8 39       		.uleb128 0x39
 7355 03b9 05       		.uleb128 0x5
 7356 03ba 00       		.byte	0
 7357 03bb 31       		.uleb128 0x31
 7358 03bc 13       		.uleb128 0x13
 7359 03bd 02       		.uleb128 0x2
 7360 03be 18       		.uleb128 0x18
 7361 03bf 00       		.byte	0
 7362 03c0 00       		.byte	0
 7363 03c1 3A       		.uleb128 0x3a
 7364 03c2 11       		.uleb128 0x11
 7365 03c3 01       		.byte	0x1
 7366 03c4 25       		.uleb128 0x25
 7367 03c5 0E       		.uleb128 0xe
 7368 03c6 13       		.uleb128 0x13
 7369 03c7 0B       		.uleb128 0xb
 7370 03c8 03       		.uleb128 0x3
 7371 03c9 0E       		.uleb128 0xe
 7372 03ca 1B       		.uleb128 0x1b
 7373 03cb 0E       		.uleb128 0xe
 7374 03cc 55       		.uleb128 0x55
 7375 03cd 17       		.uleb128 0x17
 7376 03ce 11       		.uleb128 0x11
 7377 03cf 01       		.uleb128 0x1
 7378 03d0 10       		.uleb128 0x10
ARM GAS  /tmp/cctmACj5.s 			page 131


 7379 03d1 17       		.uleb128 0x17
 7380 03d2 00       		.byte	0
 7381 03d3 00       		.byte	0
 7382 03d4 3B       		.uleb128 0x3b
 7383 03d5 24       		.uleb128 0x24
 7384 03d6 00       		.byte	0
 7385 03d7 0B       		.uleb128 0xb
 7386 03d8 0B       		.uleb128 0xb
 7387 03d9 3E       		.uleb128 0x3e
 7388 03da 0B       		.uleb128 0xb
 7389 03db 03       		.uleb128 0x3
 7390 03dc 08       		.uleb128 0x8
 7391 03dd 00       		.byte	0
 7392 03de 00       		.byte	0
 7393 03df 3C       		.uleb128 0x3c
 7394 03e0 15       		.uleb128 0x15
 7395 03e1 01       		.byte	0x1
 7396 03e2 27       		.uleb128 0x27
 7397 03e3 19       		.uleb128 0x19
 7398 03e4 01       		.uleb128 0x1
 7399 03e5 13       		.uleb128 0x13
 7400 03e6 00       		.byte	0
 7401 03e7 00       		.byte	0
 7402 03e8 3D       		.uleb128 0x3d
 7403 03e9 0F       		.uleb128 0xf
 7404 03ea 00       		.byte	0
 7405 03eb 0B       		.uleb128 0xb
 7406 03ec 0B       		.uleb128 0xb
 7407 03ed 00       		.byte	0
 7408 03ee 00       		.byte	0
 7409 03ef 3E       		.uleb128 0x3e
 7410 03f0 13       		.uleb128 0x13
 7411 03f1 01       		.byte	0x1
 7412 03f2 03       		.uleb128 0x3
 7413 03f3 0E       		.uleb128 0xe
 7414 03f4 0B       		.uleb128 0xb
 7415 03f5 05       		.uleb128 0x5
 7416 03f6 3A       		.uleb128 0x3a
 7417 03f7 0B       		.uleb128 0xb
 7418 03f8 3B       		.uleb128 0x3b
 7419 03f9 05       		.uleb128 0x5
 7420 03fa 39       		.uleb128 0x39
 7421 03fb 0B       		.uleb128 0xb
 7422 03fc 01       		.uleb128 0x1
 7423 03fd 13       		.uleb128 0x13
 7424 03fe 00       		.byte	0
 7425 03ff 00       		.byte	0
 7426 0400 3F       		.uleb128 0x3f
 7427 0401 13       		.uleb128 0x13
 7428 0402 01       		.byte	0x1
 7429 0403 0B       		.uleb128 0xb
 7430 0404 0B       		.uleb128 0xb
 7431 0405 3A       		.uleb128 0x3a
 7432 0406 0B       		.uleb128 0xb
 7433 0407 3B       		.uleb128 0x3b
 7434 0408 0B       		.uleb128 0xb
 7435 0409 39       		.uleb128 0x39
ARM GAS  /tmp/cctmACj5.s 			page 132


 7436 040a 0B       		.uleb128 0xb
 7437 040b 01       		.uleb128 0x1
 7438 040c 13       		.uleb128 0x13
 7439 040d 00       		.byte	0
 7440 040e 00       		.byte	0
 7441 040f 40       		.uleb128 0x40
 7442 0410 17       		.uleb128 0x17
 7443 0411 01       		.byte	0x1
 7444 0412 0B       		.uleb128 0xb
 7445 0413 0B       		.uleb128 0xb
 7446 0414 3A       		.uleb128 0x3a
 7447 0415 0B       		.uleb128 0xb
 7448 0416 3B       		.uleb128 0x3b
 7449 0417 0B       		.uleb128 0xb
 7450 0418 39       		.uleb128 0x39
 7451 0419 0B       		.uleb128 0xb
 7452 041a 01       		.uleb128 0x1
 7453 041b 13       		.uleb128 0x13
 7454 041c 00       		.byte	0
 7455 041d 00       		.byte	0
 7456 041e 41       		.uleb128 0x41
 7457 041f 34       		.uleb128 0x34
 7458 0420 00       		.byte	0
 7459 0421 03       		.uleb128 0x3
 7460 0422 08       		.uleb128 0x8
 7461 0423 3A       		.uleb128 0x3a
 7462 0424 0B       		.uleb128 0xb
 7463 0425 3B       		.uleb128 0x3b
 7464 0426 05       		.uleb128 0x5
 7465 0427 39       		.uleb128 0x39
 7466 0428 0B       		.uleb128 0xb
 7467 0429 49       		.uleb128 0x49
 7468 042a 13       		.uleb128 0x13
 7469 042b 3F       		.uleb128 0x3f
 7470 042c 19       		.uleb128 0x19
 7471 042d 3C       		.uleb128 0x3c
 7472 042e 19       		.uleb128 0x19
 7473 042f 00       		.byte	0
 7474 0430 00       		.byte	0
 7475 0431 42       		.uleb128 0x42
 7476 0432 05       		.uleb128 0x5
 7477 0433 00       		.byte	0
 7478 0434 31       		.uleb128 0x31
 7479 0435 13       		.uleb128 0x13
 7480 0436 00       		.byte	0
 7481 0437 00       		.byte	0
 7482 0438 43       		.uleb128 0x43
 7483 0439 0B       		.uleb128 0xb
 7484 043a 01       		.byte	0x1
 7485 043b 00       		.byte	0
 7486 043c 00       		.byte	0
 7487 043d 44       		.uleb128 0x44
 7488 043e 48       		.uleb128 0x48
 7489 043f 01       		.byte	0x1
 7490 0440 7D       		.uleb128 0x7d
 7491 0441 01       		.uleb128 0x1
 7492 0442 8201     		.uleb128 0x82
ARM GAS  /tmp/cctmACj5.s 			page 133


 7493 0444 19       		.uleb128 0x19
 7494 0445 7F       		.uleb128 0x7f
 7495 0446 13       		.uleb128 0x13
 7496 0447 01       		.uleb128 0x1
 7497 0448 13       		.uleb128 0x13
 7498 0449 00       		.byte	0
 7499 044a 00       		.byte	0
 7500 044b 45       		.uleb128 0x45
 7501 044c 1D       		.uleb128 0x1d
 7502 044d 00       		.byte	0
 7503 044e 31       		.uleb128 0x31
 7504 044f 13       		.uleb128 0x13
 7505 0450 52       		.uleb128 0x52
 7506 0451 01       		.uleb128 0x1
 7507 0452 B842     		.uleb128 0x2138
 7508 0454 0B       		.uleb128 0xb
 7509 0455 11       		.uleb128 0x11
 7510 0456 01       		.uleb128 0x1
 7511 0457 12       		.uleb128 0x12
 7512 0458 06       		.uleb128 0x6
 7513 0459 58       		.uleb128 0x58
 7514 045a 0B       		.uleb128 0xb
 7515 045b 59       		.uleb128 0x59
 7516 045c 05       		.uleb128 0x5
 7517 045d 57       		.uleb128 0x57
 7518 045e 0B       		.uleb128 0xb
 7519 045f 00       		.byte	0
 7520 0460 00       		.byte	0
 7521 0461 46       		.uleb128 0x46
 7522 0462 1D       		.uleb128 0x1d
 7523 0463 01       		.byte	0x1
 7524 0464 31       		.uleb128 0x31
 7525 0465 13       		.uleb128 0x13
 7526 0466 52       		.uleb128 0x52
 7527 0467 01       		.uleb128 0x1
 7528 0468 B842     		.uleb128 0x2138
 7529 046a 0B       		.uleb128 0xb
 7530 046b 11       		.uleb128 0x11
 7531 046c 01       		.uleb128 0x1
 7532 046d 12       		.uleb128 0x12
 7533 046e 06       		.uleb128 0x6
 7534 046f 58       		.uleb128 0x58
 7535 0470 0B       		.uleb128 0xb
 7536 0471 59       		.uleb128 0x59
 7537 0472 0B       		.uleb128 0xb
 7538 0473 57       		.uleb128 0x57
 7539 0474 0B       		.uleb128 0xb
 7540 0475 01       		.uleb128 0x1
 7541 0476 13       		.uleb128 0x13
 7542 0477 00       		.byte	0
 7543 0478 00       		.byte	0
 7544 0479 47       		.uleb128 0x47
 7545 047a 1D       		.uleb128 0x1d
 7546 047b 01       		.byte	0x1
 7547 047c 31       		.uleb128 0x31
 7548 047d 13       		.uleb128 0x13
 7549 047e 52       		.uleb128 0x52
ARM GAS  /tmp/cctmACj5.s 			page 134


 7550 047f 01       		.uleb128 0x1
 7551 0480 B842     		.uleb128 0x2138
 7552 0482 0B       		.uleb128 0xb
 7553 0483 55       		.uleb128 0x55
 7554 0484 17       		.uleb128 0x17
 7555 0485 58       		.uleb128 0x58
 7556 0486 0B       		.uleb128 0xb
 7557 0487 59       		.uleb128 0x59
 7558 0488 0B       		.uleb128 0xb
 7559 0489 57       		.uleb128 0x57
 7560 048a 0B       		.uleb128 0xb
 7561 048b 00       		.byte	0
 7562 048c 00       		.byte	0
 7563 048d 48       		.uleb128 0x48
 7564 048e 2E       		.uleb128 0x2e
 7565 048f 01       		.byte	0x1
 7566 0490 3F       		.uleb128 0x3f
 7567 0491 19       		.uleb128 0x19
 7568 0492 03       		.uleb128 0x3
 7569 0493 0E       		.uleb128 0xe
 7570 0494 3A       		.uleb128 0x3a
 7571 0495 0B       		.uleb128 0xb
 7572 0496 3B       		.uleb128 0x3b
 7573 0497 0B       		.uleb128 0xb
 7574 0498 39       		.uleb128 0x39
 7575 0499 0B       		.uleb128 0xb
 7576 049a 27       		.uleb128 0x27
 7577 049b 19       		.uleb128 0x19
 7578 049c 49       		.uleb128 0x49
 7579 049d 13       		.uleb128 0x13
 7580 049e 20       		.uleb128 0x20
 7581 049f 0B       		.uleb128 0xb
 7582 04a0 01       		.uleb128 0x1
 7583 04a1 13       		.uleb128 0x13
 7584 04a2 00       		.byte	0
 7585 04a3 00       		.byte	0
 7586 04a4 49       		.uleb128 0x49
 7587 04a5 05       		.uleb128 0x5
 7588 04a6 00       		.byte	0
 7589 04a7 03       		.uleb128 0x3
 7590 04a8 0E       		.uleb128 0xe
 7591 04a9 3A       		.uleb128 0x3a
 7592 04aa 0B       		.uleb128 0xb
 7593 04ab 3B       		.uleb128 0x3b
 7594 04ac 0B       		.uleb128 0xb
 7595 04ad 39       		.uleb128 0x39
 7596 04ae 0B       		.uleb128 0xb
 7597 04af 49       		.uleb128 0x49
 7598 04b0 13       		.uleb128 0x13
 7599 04b1 00       		.byte	0
 7600 04b2 00       		.byte	0
 7601 04b3 4A       		.uleb128 0x4a
 7602 04b4 2E       		.uleb128 0x2e
 7603 04b5 01       		.byte	0x1
 7604 04b6 03       		.uleb128 0x3
 7605 04b7 0E       		.uleb128 0xe
 7606 04b8 3A       		.uleb128 0x3a
ARM GAS  /tmp/cctmACj5.s 			page 135


 7607 04b9 0B       		.uleb128 0xb
 7608 04ba 3B       		.uleb128 0x3b
 7609 04bb 0B       		.uleb128 0xb
 7610 04bc 39       		.uleb128 0x39
 7611 04bd 0B       		.uleb128 0xb
 7612 04be 27       		.uleb128 0x27
 7613 04bf 19       		.uleb128 0x19
 7614 04c0 49       		.uleb128 0x49
 7615 04c1 13       		.uleb128 0x13
 7616 04c2 20       		.uleb128 0x20
 7617 04c3 0B       		.uleb128 0xb
 7618 04c4 01       		.uleb128 0x1
 7619 04c5 13       		.uleb128 0x13
 7620 04c6 00       		.byte	0
 7621 04c7 00       		.byte	0
 7622 04c8 4B       		.uleb128 0x4b
 7623 04c9 2E       		.uleb128 0x2e
 7624 04ca 00       		.byte	0
 7625 04cb 03       		.uleb128 0x3
 7626 04cc 0E       		.uleb128 0xe
 7627 04cd 3A       		.uleb128 0x3a
 7628 04ce 0B       		.uleb128 0xb
 7629 04cf 3B       		.uleb128 0x3b
 7630 04d0 05       		.uleb128 0x5
 7631 04d1 39       		.uleb128 0x39
 7632 04d2 0B       		.uleb128 0xb
 7633 04d3 27       		.uleb128 0x27
 7634 04d4 19       		.uleb128 0x19
 7635 04d5 49       		.uleb128 0x49
 7636 04d6 13       		.uleb128 0x13
 7637 04d7 20       		.uleb128 0x20
 7638 04d8 0B       		.uleb128 0xb
 7639 04d9 00       		.byte	0
 7640 04da 00       		.byte	0
 7641 04db 4C       		.uleb128 0x4c
 7642 04dc 2E       		.uleb128 0x2e
 7643 04dd 01       		.byte	0x1
 7644 04de 31       		.uleb128 0x31
 7645 04df 13       		.uleb128 0x13
 7646 04e0 11       		.uleb128 0x11
 7647 04e1 01       		.uleb128 0x1
 7648 04e2 12       		.uleb128 0x12
 7649 04e3 06       		.uleb128 0x6
 7650 04e4 40       		.uleb128 0x40
 7651 04e5 18       		.uleb128 0x18
 7652 04e6 7A       		.uleb128 0x7a
 7653 04e7 19       		.uleb128 0x19
 7654 04e8 00       		.byte	0
 7655 04e9 00       		.byte	0
 7656 04ea 00       		.byte	0
 7657              		.section	.debug_loclists,"",%progbits
 7658 0000 F8080000 		.4byte	.Ldebug_loc3-.Ldebug_loc2
 7659              	.Ldebug_loc2:
 7660 0004 0500     		.2byte	0x5
 7661 0006 04       		.byte	0x4
 7662 0007 00       		.byte	0
 7663 0008 00000000 		.4byte	0
ARM GAS  /tmp/cctmACj5.s 			page 136


 7664              	.Ldebug_loc0:
 7665              	.LVUS129:
 7666 000c 00       		.uleb128 0
 7667 000d 00       		.uleb128 .LVU799
 7668 000e 00       		.uleb128 .LVU799
 7669 000f 00       		.uleb128 .LVU828
 7670 0010 00       		.uleb128 .LVU828
 7671 0011 00       		.uleb128 0
 7672              	.LLST129:
 7673 0012 06       		.byte	0x6
 7674 0013 00000000 		.4byte	.LVL188
 7675 0017 04       		.byte	0x4
 7676 0018 00       		.uleb128 .LVL188-.LVL188
 7677 0019 0E       		.uleb128 .LVL189-.LVL188
 7678 001a 01       		.uleb128 0x1
 7679 001b 50       		.byte	0x50
 7680 001c 04       		.byte	0x4
 7681 001d 0E       		.uleb128 .LVL189-.LVL188
 7682 001e 30       		.uleb128 .LVL195-.LVL188
 7683 001f 01       		.uleb128 0x1
 7684 0020 55       		.byte	0x55
 7685 0021 04       		.byte	0x4
 7686 0022 30       		.uleb128 .LVL195-.LVL188
 7687 0023 38       		.uleb128 .LFE205-.LVL188
 7688 0024 0A       		.uleb128 0xa
 7689 0025 A3       		.byte	0xa3
 7690 0026 03       		.uleb128 0x3
 7691 0027 A5       		.byte	0xa5
 7692 0028 00       		.uleb128 0
 7693 0029 26       		.uleb128 0x26
 7694 002a A8       		.byte	0xa8
 7695 002b 2D       		.uleb128 0x2d
 7696 002c A8       		.byte	0xa8
 7697 002d 00       		.uleb128 0
 7698 002e 9F       		.byte	0x9f
 7699 002f 00       		.byte	0
 7700              	.LVUS130:
 7701 0030 00       		.uleb128 0
 7702 0031 00       		.uleb128 .LVU799
 7703 0032 00       		.uleb128 .LVU799
 7704 0033 00       		.uleb128 .LVU828
 7705 0034 00       		.uleb128 .LVU828
 7706 0035 00       		.uleb128 0
 7707              	.LLST130:
 7708 0036 06       		.byte	0x6
 7709 0037 00000000 		.4byte	.LVL188
 7710 003b 04       		.byte	0x4
 7711 003c 00       		.uleb128 .LVL188-.LVL188
 7712 003d 0E       		.uleb128 .LVL189-.LVL188
 7713 003e 01       		.uleb128 0x1
 7714 003f 51       		.byte	0x51
 7715 0040 04       		.byte	0x4
 7716 0041 0E       		.uleb128 .LVL189-.LVL188
 7717 0042 30       		.uleb128 .LVL195-.LVL188
 7718 0043 01       		.uleb128 0x1
 7719 0044 56       		.byte	0x56
 7720 0045 04       		.byte	0x4
ARM GAS  /tmp/cctmACj5.s 			page 137


 7721 0046 30       		.uleb128 .LVL195-.LVL188
 7722 0047 38       		.uleb128 .LFE205-.LVL188
 7723 0048 0A       		.uleb128 0xa
 7724 0049 A3       		.byte	0xa3
 7725 004a 03       		.uleb128 0x3
 7726 004b A5       		.byte	0xa5
 7727 004c 01       		.uleb128 0x1
 7728 004d 26       		.uleb128 0x26
 7729 004e A8       		.byte	0xa8
 7730 004f 2D       		.uleb128 0x2d
 7731 0050 A8       		.byte	0xa8
 7732 0051 00       		.uleb128 0
 7733 0052 9F       		.byte	0x9f
 7734 0053 00       		.byte	0
 7735              	.LVUS132:
 7736 0054 03       		.uleb128 .LVU793
 7737 0055 05       		.uleb128 .LVU795
 7738 0056 02       		.uleb128 .LVU824
 7739 0057 04       		.uleb128 .LVU826
 7740              	.LLST132:
 7741 0058 08       		.byte	0x8
 7742 0059 00000000 		.4byte	.LVL188
 7743 005d 00       		.uleb128 .LVL188-.LVL188
 7744 005e 01       		.uleb128 0x1
 7745 005f 50       		.byte	0x50
 7746 0060 08       		.byte	0x8
 7747 0061 2A000000 		.4byte	.LVL194
 7748 0065 00       		.uleb128 .LVL194-.LVL194
 7749 0066 01       		.uleb128 0x1
 7750 0067 55       		.byte	0x55
 7751 0068 00       		.byte	0
 7752              	.LVUS134:
 7753 0069 02       		.uleb128 .LVU801
 7754 006a 00       		.uleb128 .LVU822
 7755              	.LLST134:
 7756 006b 08       		.byte	0x8
 7757 006c 0E000000 		.4byte	.LVL189
 7758 0070 1C       		.uleb128 .LVL194-.LVL189
 7759 0071 01       		.uleb128 0x1
 7760 0072 55       		.byte	0x55
 7761 0073 00       		.byte	0
 7762              	.LVUS135:
 7763 0074 00       		.uleb128 .LVU811
 7764 0075 00       		.uleb128 .LVU815
 7765 0076 00       		.uleb128 .LVU815
 7766 0077 00       		.uleb128 .LVU822
 7767              	.LLST135:
 7768 0078 06       		.byte	0x6
 7769 0079 16000000 		.4byte	.LVL191
 7770 007d 04       		.byte	0x4
 7771 007e 00       		.uleb128 .LVL191-.LVL191
 7772 007f 02       		.uleb128 .LVL192-.LVL191
 7773 0080 01       		.uleb128 0x1
 7774 0081 50       		.byte	0x50
 7775 0082 04       		.byte	0x4
 7776 0083 02       		.uleb128 .LVL192-.LVL191
 7777 0084 14       		.uleb128 .LVL194-.LVL191
ARM GAS  /tmp/cctmACj5.s 			page 138


 7778 0085 01       		.uleb128 0x1
 7779 0086 54       		.byte	0x54
 7780 0087 00       		.byte	0
 7781              	.LVUS122:
 7782 0088 00       		.uleb128 0
 7783 0089 00       		.uleb128 .LVU766
 7784 008a 00       		.uleb128 .LVU766
 7785 008b 00       		.uleb128 .LVU788
 7786 008c 00       		.uleb128 .LVU788
 7787 008d 00       		.uleb128 0
 7788              	.LLST122:
 7789 008e 06       		.byte	0x6
 7790 008f 00000000 		.4byte	.LVL178
 7791 0093 04       		.byte	0x4
 7792 0094 00       		.uleb128 .LVL178-.LVL178
 7793 0095 0D       		.uleb128 .LVL180-1-.LVL178
 7794 0096 01       		.uleb128 0x1
 7795 0097 50       		.byte	0x50
 7796 0098 04       		.byte	0x4
 7797 0099 0D       		.uleb128 .LVL180-1-.LVL178
 7798 009a 34       		.uleb128 .LVL187-.LVL178
 7799 009b 0A       		.uleb128 0xa
 7800 009c A3       		.byte	0xa3
 7801 009d 03       		.uleb128 0x3
 7802 009e A5       		.byte	0xa5
 7803 009f 00       		.uleb128 0
 7804 00a0 26       		.uleb128 0x26
 7805 00a1 A8       		.byte	0xa8
 7806 00a2 2D       		.uleb128 0x2d
 7807 00a3 A8       		.byte	0xa8
 7808 00a4 00       		.uleb128 0
 7809 00a5 9F       		.byte	0x9f
 7810 00a6 04       		.byte	0x4
 7811 00a7 34       		.uleb128 .LVL187-.LVL178
 7812 00a8 3C       		.uleb128 .LFE204-.LVL178
 7813 00a9 01       		.uleb128 0x1
 7814 00aa 50       		.byte	0x50
 7815 00ab 00       		.byte	0
 7816              	.LVUS123:
 7817 00ac 00       		.uleb128 0
 7818 00ad 00       		.uleb128 .LVU766
 7819 00ae 00       		.uleb128 .LVU766
 7820 00af 00       		.uleb128 .LVU778
 7821 00b0 00       		.uleb128 .LVU778
 7822 00b1 00       		.uleb128 .LVU779
 7823 00b2 00       		.uleb128 .LVU779
 7824 00b3 00       		.uleb128 .LVU779
 7825 00b4 00       		.uleb128 .LVU779
 7826 00b5 00       		.uleb128 .LVU787
 7827 00b6 00       		.uleb128 .LVU787
 7828 00b7 00       		.uleb128 .LVU788
 7829 00b8 00       		.uleb128 .LVU788
 7830 00b9 00       		.uleb128 .LVU788
 7831 00ba 00       		.uleb128 .LVU788
 7832 00bb 00       		.uleb128 0
 7833              	.LLST123:
 7834 00bc 06       		.byte	0x6
ARM GAS  /tmp/cctmACj5.s 			page 139


 7835 00bd 00000000 		.4byte	.LVL178
 7836 00c1 04       		.byte	0x4
 7837 00c2 00       		.uleb128 .LVL178-.LVL178
 7838 00c3 0D       		.uleb128 .LVL180-1-.LVL178
 7839 00c4 01       		.uleb128 0x1
 7840 00c5 51       		.byte	0x51
 7841 00c6 04       		.byte	0x4
 7842 00c7 0D       		.uleb128 .LVL180-1-.LVL178
 7843 00c8 1E       		.uleb128 .LVL182-.LVL178
 7844 00c9 01       		.uleb128 0x1
 7845 00ca 54       		.byte	0x54
 7846 00cb 04       		.byte	0x4
 7847 00cc 1E       		.uleb128 .LVL182-.LVL178
 7848 00cd 21       		.uleb128 .LVL183-1-.LVL178
 7849 00ce 02       		.uleb128 0x2
 7850 00cf 70       		.byte	0x70
 7851 00d0 20       		.sleb128 32
 7852 00d1 04       		.byte	0x4
 7853 00d2 21       		.uleb128 .LVL183-1-.LVL178
 7854 00d3 22       		.uleb128 .LVL183-.LVL178
 7855 00d4 0A       		.uleb128 0xa
 7856 00d5 A3       		.byte	0xa3
 7857 00d6 03       		.uleb128 0x3
 7858 00d7 A5       		.byte	0xa5
 7859 00d8 01       		.uleb128 0x1
 7860 00d9 26       		.uleb128 0x26
 7861 00da A8       		.byte	0xa8
 7862 00db 2D       		.uleb128 0x2d
 7863 00dc A8       		.byte	0xa8
 7864 00dd 00       		.uleb128 0
 7865 00de 9F       		.byte	0x9f
 7866 00df 04       		.byte	0x4
 7867 00e0 22       		.uleb128 .LVL183-.LVL178
 7868 00e1 30       		.uleb128 .LVL186-.LVL178
 7869 00e2 01       		.uleb128 0x1
 7870 00e3 54       		.byte	0x54
 7871 00e4 04       		.byte	0x4
 7872 00e5 30       		.uleb128 .LVL186-.LVL178
 7873 00e6 33       		.uleb128 .LVL187-1-.LVL178
 7874 00e7 02       		.uleb128 0x2
 7875 00e8 70       		.byte	0x70
 7876 00e9 20       		.sleb128 32
 7877 00ea 04       		.byte	0x4
 7878 00eb 33       		.uleb128 .LVL187-1-.LVL178
 7879 00ec 34       		.uleb128 .LVL187-.LVL178
 7880 00ed 0A       		.uleb128 0xa
 7881 00ee A3       		.byte	0xa3
 7882 00ef 03       		.uleb128 0x3
 7883 00f0 A5       		.byte	0xa5
 7884 00f1 01       		.uleb128 0x1
 7885 00f2 26       		.uleb128 0x26
 7886 00f3 A8       		.byte	0xa8
 7887 00f4 2D       		.uleb128 0x2d
 7888 00f5 A8       		.byte	0xa8
 7889 00f6 00       		.uleb128 0
 7890 00f7 9F       		.byte	0x9f
 7891 00f8 04       		.byte	0x4
ARM GAS  /tmp/cctmACj5.s 			page 140


 7892 00f9 34       		.uleb128 .LVL187-.LVL178
 7893 00fa 3C       		.uleb128 .LFE204-.LVL178
 7894 00fb 01       		.uleb128 0x1
 7895 00fc 51       		.byte	0x51
 7896 00fd 00       		.byte	0
 7897              	.LVUS124:
 7898 00fe 02       		.uleb128 .LVU752
 7899 00ff 04       		.uleb128 .LVU754
 7900              	.LLST124:
 7901 0100 08       		.byte	0x8
 7902 0101 00000000 		.4byte	.LVL178
 7903 0105 00       		.uleb128 .LVL178-.LVL178
 7904 0106 01       		.uleb128 0x1
 7905 0107 50       		.byte	0x50
 7906 0108 00       		.byte	0
 7907              	.LVUS126:
 7908 0109 01       		.uleb128 .LVU758
 7909 010a 00       		.uleb128 .LVU766
 7910 010b 00       		.uleb128 .LVU766
 7911 010c 00       		.uleb128 .LVU778
 7912 010d 00       		.uleb128 .LVU778
 7913 010e 00       		.uleb128 .LVU779
 7914 010f 00       		.uleb128 .LVU779
 7915 0110 00       		.uleb128 .LVU779
 7916 0111 00       		.uleb128 .LVU779
 7917 0112 00       		.uleb128 .LVU787
 7918 0113 00       		.uleb128 .LVU787
 7919 0114 00       		.uleb128 .LVU788
 7920 0115 00       		.uleb128 .LVU788
 7921 0116 00       		.uleb128 .LVU788
 7922              	.LLST126:
 7923 0117 06       		.byte	0x6
 7924 0118 0A000000 		.4byte	.LVL179
 7925 011c 04       		.byte	0x4
 7926 011d 00       		.uleb128 .LVL179-.LVL179
 7927 011e 03       		.uleb128 .LVL180-1-.LVL179
 7928 011f 01       		.uleb128 0x1
 7929 0120 51       		.byte	0x51
 7930 0121 04       		.byte	0x4
 7931 0122 03       		.uleb128 .LVL180-1-.LVL179
 7932 0123 14       		.uleb128 .LVL182-.LVL179
 7933 0124 01       		.uleb128 0x1
 7934 0125 54       		.byte	0x54
 7935 0126 04       		.byte	0x4
 7936 0127 14       		.uleb128 .LVL182-.LVL179
 7937 0128 17       		.uleb128 .LVL183-1-.LVL179
 7938 0129 02       		.uleb128 0x2
 7939 012a 70       		.byte	0x70
 7940 012b 20       		.sleb128 32
 7941 012c 04       		.byte	0x4
 7942 012d 17       		.uleb128 .LVL183-1-.LVL179
 7943 012e 18       		.uleb128 .LVL183-.LVL179
 7944 012f 0A       		.uleb128 0xa
 7945 0130 A3       		.byte	0xa3
 7946 0131 03       		.uleb128 0x3
 7947 0132 A5       		.byte	0xa5
 7948 0133 01       		.uleb128 0x1
ARM GAS  /tmp/cctmACj5.s 			page 141


 7949 0134 26       		.uleb128 0x26
 7950 0135 A8       		.byte	0xa8
 7951 0136 2D       		.uleb128 0x2d
 7952 0137 A8       		.byte	0xa8
 7953 0138 00       		.uleb128 0
 7954 0139 9F       		.byte	0x9f
 7955 013a 04       		.byte	0x4
 7956 013b 18       		.uleb128 .LVL183-.LVL179
 7957 013c 26       		.uleb128 .LVL186-.LVL179
 7958 013d 01       		.uleb128 0x1
 7959 013e 54       		.byte	0x54
 7960 013f 04       		.byte	0x4
 7961 0140 26       		.uleb128 .LVL186-.LVL179
 7962 0141 29       		.uleb128 .LVL187-1-.LVL179
 7963 0142 02       		.uleb128 0x2
 7964 0143 70       		.byte	0x70
 7965 0144 20       		.sleb128 32
 7966 0145 04       		.byte	0x4
 7967 0146 29       		.uleb128 .LVL187-1-.LVL179
 7968 0147 2A       		.uleb128 .LVL187-.LVL179
 7969 0148 0A       		.uleb128 0xa
 7970 0149 A3       		.byte	0xa3
 7971 014a 03       		.uleb128 0x3
 7972 014b A5       		.byte	0xa5
 7973 014c 01       		.uleb128 0x1
 7974 014d 26       		.uleb128 0x26
 7975 014e A8       		.byte	0xa8
 7976 014f 2D       		.uleb128 0x2d
 7977 0150 A8       		.byte	0xa8
 7978 0151 00       		.uleb128 0
 7979 0152 9F       		.byte	0x9f
 7980 0153 00       		.byte	0
 7981              	.LVUS127:
 7982 0154 01       		.uleb128 .LVU758
 7983 0155 00       		.uleb128 .LVU766
 7984 0156 00       		.uleb128 .LVU766
 7985 0157 00       		.uleb128 .LVU788
 7986              	.LLST127:
 7987 0158 06       		.byte	0x6
 7988 0159 0A000000 		.4byte	.LVL179
 7989 015d 04       		.byte	0x4
 7990 015e 00       		.uleb128 .LVL179-.LVL179
 7991 015f 03       		.uleb128 .LVL180-1-.LVL179
 7992 0160 01       		.uleb128 0x1
 7993 0161 50       		.byte	0x50
 7994 0162 04       		.byte	0x4
 7995 0163 03       		.uleb128 .LVL180-1-.LVL179
 7996 0164 2A       		.uleb128 .LVL187-.LVL179
 7997 0165 0A       		.uleb128 0xa
 7998 0166 A3       		.byte	0xa3
 7999 0167 03       		.uleb128 0x3
 8000 0168 A5       		.byte	0xa5
 8001 0169 00       		.uleb128 0
 8002 016a 26       		.uleb128 0x26
 8003 016b A8       		.byte	0xa8
 8004 016c 2D       		.uleb128 0x2d
 8005 016d A8       		.byte	0xa8
ARM GAS  /tmp/cctmACj5.s 			page 142


 8006 016e 00       		.uleb128 0
 8007 016f 9F       		.byte	0x9f
 8008 0170 00       		.byte	0
 8009              	.LVUS128:
 8010 0171 00       		.uleb128 .LVU768
 8011 0172 00       		.uleb128 .LVU779
 8012 0173 00       		.uleb128 .LVU779
 8013 0174 00       		.uleb128 .LVU780
 8014 0175 00       		.uleb128 .LVU780
 8015 0176 00       		.uleb128 .LVU787
 8016 0177 00       		.uleb128 .LVU787
 8017 0178 00       		.uleb128 .LVU788
 8018              	.LLST128:
 8019 0179 06       		.byte	0x6
 8020 017a 14000000 		.4byte	.LVL181
 8021 017e 04       		.byte	0x4
 8022 017f 00       		.uleb128 .LVL181-.LVL181
 8023 0180 0D       		.uleb128 .LVL183-1-.LVL181
 8024 0181 01       		.uleb128 0x1
 8025 0182 50       		.byte	0x50
 8026 0183 04       		.byte	0x4
 8027 0184 0E       		.uleb128 .LVL183-.LVL181
 8028 0185 10       		.uleb128 .LVL184-.LVL181
 8029 0186 01       		.uleb128 0x1
 8030 0187 50       		.byte	0x50
 8031 0188 04       		.byte	0x4
 8032 0189 10       		.uleb128 .LVL184-.LVL181
 8033 018a 1C       		.uleb128 .LVL186-.LVL181
 8034 018b 01       		.uleb128 0x1
 8035 018c 55       		.byte	0x55
 8036 018d 04       		.byte	0x4
 8037 018e 1C       		.uleb128 .LVL186-.LVL181
 8038 018f 1F       		.uleb128 .LVL187-1-.LVL181
 8039 0190 01       		.uleb128 0x1
 8040 0191 50       		.byte	0x50
 8041 0192 00       		.byte	0
 8042              	.LVUS120:
 8043 0193 00       		.uleb128 0
 8044 0194 00       		.uleb128 .LVU743
 8045 0195 00       		.uleb128 .LVU743
 8046 0196 00       		.uleb128 .LVU744
 8047 0197 00       		.uleb128 .LVU744
 8048 0198 00       		.uleb128 .LVU748
 8049 0199 00       		.uleb128 .LVU748
 8050 019a 00       		.uleb128 .LVU749
 8051 019b 00       		.uleb128 .LVU749
 8052 019c 00       		.uleb128 0
 8053              	.LLST120:
 8054 019d 06       		.byte	0x6
 8055 019e 00000000 		.4byte	.LVL171
 8056 01a2 04       		.byte	0x4
 8057 01a3 00       		.uleb128 .LVL171-.LVL171
 8058 01a4 0C       		.uleb128 .LVL173-.LVL171
 8059 01a5 01       		.uleb128 0x1
 8060 01a6 50       		.byte	0x50
 8061 01a7 04       		.byte	0x4
 8062 01a8 0C       		.uleb128 .LVL173-.LVL171
ARM GAS  /tmp/cctmACj5.s 			page 143


 8063 01a9 0F       		.uleb128 .LVL174-1-.LVL171
 8064 01aa 01       		.uleb128 0x1
 8065 01ab 51       		.byte	0x51
 8066 01ac 04       		.byte	0x4
 8067 01ad 0F       		.uleb128 .LVL174-1-.LVL171
 8068 01ae 1C       		.uleb128 .LVL176-.LVL171
 8069 01af 0A       		.uleb128 0xa
 8070 01b0 A3       		.byte	0xa3
 8071 01b1 03       		.uleb128 0x3
 8072 01b2 A5       		.byte	0xa5
 8073 01b3 00       		.uleb128 0
 8074 01b4 26       		.uleb128 0x26
 8075 01b5 A8       		.byte	0xa8
 8076 01b6 2D       		.uleb128 0x2d
 8077 01b7 A8       		.byte	0xa8
 8078 01b8 00       		.uleb128 0
 8079 01b9 9F       		.byte	0x9f
 8080 01ba 04       		.byte	0x4
 8081 01bb 1C       		.uleb128 .LVL176-.LVL171
 8082 01bc 20       		.uleb128 .LVL177-.LVL171
 8083 01bd 01       		.uleb128 0x1
 8084 01be 50       		.byte	0x50
 8085 01bf 04       		.byte	0x4
 8086 01c0 20       		.uleb128 .LVL177-.LVL171
 8087 01c1 28       		.uleb128 .LFE203-.LVL171
 8088 01c2 0A       		.uleb128 0xa
 8089 01c3 A3       		.byte	0xa3
 8090 01c4 03       		.uleb128 0x3
 8091 01c5 A5       		.byte	0xa5
 8092 01c6 00       		.uleb128 0
 8093 01c7 26       		.uleb128 0x26
 8094 01c8 A8       		.byte	0xa8
 8095 01c9 2D       		.uleb128 0x2d
 8096 01ca A8       		.byte	0xa8
 8097 01cb 00       		.uleb128 0
 8098 01cc 9F       		.byte	0x9f
 8099 01cd 00       		.byte	0
 8100              	.LVUS121:
 8101 01ce 00       		.uleb128 0
 8102 01cf 00       		.uleb128 .LVU742
 8103 01d0 00       		.uleb128 .LVU742
 8104 01d1 00       		.uleb128 .LVU747
 8105 01d2 00       		.uleb128 .LVU747
 8106 01d3 00       		.uleb128 .LVU748
 8107 01d4 00       		.uleb128 .LVU748
 8108 01d5 00       		.uleb128 .LVU748
 8109 01d6 00       		.uleb128 .LVU748
 8110 01d7 00       		.uleb128 0
 8111              	.LLST121:
 8112 01d8 06       		.byte	0x6
 8113 01d9 00000000 		.4byte	.LVL171
 8114 01dd 04       		.byte	0x4
 8115 01de 00       		.uleb128 .LVL171-.LVL171
 8116 01df 0A       		.uleb128 .LVL172-.LVL171
 8117 01e0 01       		.uleb128 0x1
 8118 01e1 51       		.byte	0x51
 8119 01e2 04       		.byte	0x4
ARM GAS  /tmp/cctmACj5.s 			page 144


 8120 01e3 0A       		.uleb128 .LVL172-.LVL171
 8121 01e4 18       		.uleb128 .LVL175-.LVL171
 8122 01e5 01       		.uleb128 0x1
 8123 01e6 54       		.byte	0x54
 8124 01e7 04       		.byte	0x4
 8125 01e8 18       		.uleb128 .LVL175-.LVL171
 8126 01e9 1B       		.uleb128 .LVL176-1-.LVL171
 8127 01ea 01       		.uleb128 0x1
 8128 01eb 51       		.byte	0x51
 8129 01ec 04       		.byte	0x4
 8130 01ed 1B       		.uleb128 .LVL176-1-.LVL171
 8131 01ee 1C       		.uleb128 .LVL176-.LVL171
 8132 01ef 0A       		.uleb128 0xa
 8133 01f0 A3       		.byte	0xa3
 8134 01f1 03       		.uleb128 0x3
 8135 01f2 A5       		.byte	0xa5
 8136 01f3 01       		.uleb128 0x1
 8137 01f4 26       		.uleb128 0x26
 8138 01f5 A8       		.byte	0xa8
 8139 01f6 2D       		.uleb128 0x2d
 8140 01f7 A8       		.byte	0xa8
 8141 01f8 00       		.uleb128 0
 8142 01f9 9F       		.byte	0x9f
 8143 01fa 04       		.byte	0x4
 8144 01fb 1C       		.uleb128 .LVL176-.LVL171
 8145 01fc 28       		.uleb128 .LFE203-.LVL171
 8146 01fd 01       		.uleb128 0x1
 8147 01fe 51       		.byte	0x51
 8148 01ff 00       		.byte	0
 8149              	.LVUS107:
 8150 0200 00       		.uleb128 0
 8151 0201 00       		.uleb128 .LVU693
 8152 0202 00       		.uleb128 .LVU693
 8153 0203 00       		.uleb128 .LVU735
 8154 0204 00       		.uleb128 .LVU735
 8155 0205 00       		.uleb128 0
 8156              	.LLST107:
 8157 0206 06       		.byte	0x6
 8158 0207 00000000 		.4byte	.LVL157
 8159 020b 04       		.byte	0x4
 8160 020c 00       		.uleb128 .LVL157-.LVL157
 8161 020d 0F       		.uleb128 .LVL159-1-.LVL157
 8162 020e 01       		.uleb128 0x1
 8163 020f 50       		.byte	0x50
 8164 0210 04       		.byte	0x4
 8165 0211 0F       		.uleb128 .LVL159-1-.LVL157
 8166 0212 5A       		.uleb128 .LVL170-.LVL157
 8167 0213 01       		.uleb128 0x1
 8168 0214 54       		.byte	0x54
 8169 0215 04       		.byte	0x4
 8170 0216 5A       		.uleb128 .LVL170-.LVL157
 8171 0217 68       		.uleb128 .LFE202-.LVL157
 8172 0218 0A       		.uleb128 0xa
 8173 0219 A3       		.byte	0xa3
 8174 021a 03       		.uleb128 0x3
 8175 021b A5       		.byte	0xa5
 8176 021c 00       		.uleb128 0
ARM GAS  /tmp/cctmACj5.s 			page 145


 8177 021d 26       		.uleb128 0x26
 8178 021e A8       		.byte	0xa8
 8179 021f 2D       		.uleb128 0x2d
 8180 0220 A8       		.byte	0xa8
 8181 0221 00       		.uleb128 0
 8182 0222 9F       		.byte	0x9f
 8183 0223 00       		.byte	0
 8184              	.LVUS108:
 8185 0224 00       		.uleb128 0
 8186 0225 00       		.uleb128 .LVU693
 8187 0226 00       		.uleb128 .LVU693
 8188 0227 00       		.uleb128 .LVU735
 8189 0228 00       		.uleb128 .LVU735
 8190 0229 00       		.uleb128 0
 8191              	.LLST108:
 8192 022a 06       		.byte	0x6
 8193 022b 00000000 		.4byte	.LVL157
 8194 022f 04       		.byte	0x4
 8195 0230 00       		.uleb128 .LVL157-.LVL157
 8196 0231 0F       		.uleb128 .LVL159-1-.LVL157
 8197 0232 01       		.uleb128 0x1
 8198 0233 51       		.byte	0x51
 8199 0234 04       		.byte	0x4
 8200 0235 0F       		.uleb128 .LVL159-1-.LVL157
 8201 0236 5A       		.uleb128 .LVL170-.LVL157
 8202 0237 01       		.uleb128 0x1
 8203 0238 55       		.byte	0x55
 8204 0239 04       		.byte	0x4
 8205 023a 5A       		.uleb128 .LVL170-.LVL157
 8206 023b 68       		.uleb128 .LFE202-.LVL157
 8207 023c 0A       		.uleb128 0xa
 8208 023d A3       		.byte	0xa3
 8209 023e 03       		.uleb128 0x3
 8210 023f A5       		.byte	0xa5
 8211 0240 01       		.uleb128 0x1
 8212 0241 26       		.uleb128 0x26
 8213 0242 A8       		.byte	0xa8
 8214 0243 2D       		.uleb128 0x2d
 8215 0244 A8       		.byte	0xa8
 8216 0245 00       		.uleb128 0
 8217 0246 9F       		.byte	0x9f
 8218 0247 00       		.byte	0
 8219              	.LVUS111:
 8220 0248 06       		.uleb128 .LVU684
 8221 0249 00       		.uleb128 .LVU690
 8222              	.LLST111:
 8223 024a 08       		.byte	0x8
 8224 024b 00000000 		.4byte	.LVL157
 8225 024f 0C       		.uleb128 .LVL158-.LVL157
 8226 0250 03       		.uleb128 0x3
 8227 0251 08       		.byte	0x8
 8228 0252 20       		.byte	0x20
 8229 0253 9F       		.byte	0x9f
 8230 0254 00       		.byte	0
 8231              	.LVUS113:
 8232 0255 02       		.uleb128 .LVU695
 8233 0256 00       		.uleb128 .LVU707
ARM GAS  /tmp/cctmACj5.s 			page 146


 8234 0257 00       		.uleb128 .LVU724
 8235 0258 00       		.uleb128 .LVU725
 8236              	.LLST113:
 8237 0259 06       		.byte	0x6
 8238 025a 10000000 		.4byte	.LVL159
 8239 025e 04       		.byte	0x4
 8240 025f 00       		.uleb128 .LVL159-.LVL159
 8241 0260 16       		.uleb128 .LVL161-.LVL159
 8242 0261 01       		.uleb128 0x1
 8243 0262 55       		.byte	0x55
 8244 0263 04       		.byte	0x4
 8245 0264 34       		.uleb128 .LVL165-.LVL159
 8246 0265 3C       		.uleb128 .LVL167-.LVL159
 8247 0266 01       		.uleb128 0x1
 8248 0267 55       		.byte	0x55
 8249 0268 00       		.byte	0
 8250              	.LVUS114:
 8251 0269 02       		.uleb128 .LVU695
 8252 026a 00       		.uleb128 .LVU707
 8253 026b 00       		.uleb128 .LVU724
 8254 026c 00       		.uleb128 .LVU725
 8255              	.LLST114:
 8256 026d 06       		.byte	0x6
 8257 026e 10000000 		.4byte	.LVL159
 8258 0272 04       		.byte	0x4
 8259 0273 00       		.uleb128 .LVL159-.LVL159
 8260 0274 16       		.uleb128 .LVL161-.LVL159
 8261 0275 01       		.uleb128 0x1
 8262 0276 54       		.byte	0x54
 8263 0277 04       		.byte	0x4
 8264 0278 34       		.uleb128 .LVL165-.LVL159
 8265 0279 3C       		.uleb128 .LVL167-.LVL159
 8266 027a 01       		.uleb128 0x1
 8267 027b 54       		.byte	0x54
 8268 027c 00       		.byte	0
 8269              	.LVUS116:
 8270 027d 01       		.uleb128 .LVU700
 8271 027e 00       		.uleb128 .LVU707
 8272 027f 00       		.uleb128 .LVU724
 8273 0280 00       		.uleb128 .LVU725
 8274              	.LLST116:
 8275 0281 06       		.byte	0x6
 8276 0282 14000000 		.4byte	.LVL160
 8277 0286 04       		.byte	0x4
 8278 0287 00       		.uleb128 .LVL160-.LVL160
 8279 0288 12       		.uleb128 .LVL161-.LVL160
 8280 0289 01       		.uleb128 0x1
 8281 028a 56       		.byte	0x56
 8282 028b 04       		.byte	0x4
 8283 028c 30       		.uleb128 .LVL165-.LVL160
 8284 028d 38       		.uleb128 .LVL167-.LVL160
 8285 028e 01       		.uleb128 0x1
 8286 028f 56       		.byte	0x56
 8287 0290 00       		.byte	0
 8288              	.LVUS119:
 8289 0291 04       		.uleb128 .LVU720
 8290 0292 00       		.uleb128 .LVU722
ARM GAS  /tmp/cctmACj5.s 			page 147


 8291 0293 04       		.uleb128 .LVU731
 8292 0294 00       		.uleb128 .LVU733
 8293              	.LLST119:
 8294 0295 06       		.byte	0x6
 8295 0296 3C000000 		.4byte	.LVL163
 8296 029a 04       		.byte	0x4
 8297 029b 00       		.uleb128 .LVL163-.LVL163
 8298 029c 06       		.uleb128 .LVL164-.LVL163
 8299 029d 02       		.uleb128 0x2
 8300 029e 30       		.byte	0x30
 8301 029f 9F       		.byte	0x9f
 8302 02a0 04       		.byte	0x4
 8303 02a1 16       		.uleb128 .LVL168-.LVL163
 8304 02a2 1C       		.uleb128 .LVL169-.LVL163
 8305 02a3 02       		.uleb128 0x2
 8306 02a4 30       		.byte	0x30
 8307 02a5 9F       		.byte	0x9f
 8308 02a6 00       		.byte	0
 8309              	.LVUS99:
 8310 02a7 00       		.uleb128 0
 8311 02a8 00       		.uleb128 .LVU643
 8312 02a9 00       		.uleb128 .LVU643
 8313 02aa 00       		.uleb128 .LVU651
 8314 02ab 00       		.uleb128 .LVU651
 8315 02ac 00       		.uleb128 .LVU652
 8316 02ad 00       		.uleb128 .LVU652
 8317 02ae 00       		.uleb128 .LVU653
 8318 02af 00       		.uleb128 .LVU653
 8319 02b0 00       		.uleb128 .LVU655
 8320 02b1 00       		.uleb128 .LVU655
 8321 02b2 00       		.uleb128 0
 8322              	.LLST99:
 8323 02b3 06       		.byte	0x6
 8324 02b4 00000000 		.4byte	.LVL141
 8325 02b8 04       		.byte	0x4
 8326 02b9 00       		.uleb128 .LVL141-.LVL141
 8327 02ba 10       		.uleb128 .LVL143-.LVL141
 8328 02bb 01       		.uleb128 0x1
 8329 02bc 50       		.byte	0x50
 8330 02bd 04       		.byte	0x4
 8331 02be 10       		.uleb128 .LVL143-.LVL141
 8332 02bf 1C       		.uleb128 .LVL144-.LVL141
 8333 02c0 01       		.uleb128 0x1
 8334 02c1 54       		.byte	0x54
 8335 02c2 04       		.byte	0x4
 8336 02c3 1C       		.uleb128 .LVL144-.LVL141
 8337 02c4 20       		.uleb128 .LVL145-.LVL141
 8338 02c5 0A       		.uleb128 0xa
 8339 02c6 A3       		.byte	0xa3
 8340 02c7 03       		.uleb128 0x3
 8341 02c8 A5       		.byte	0xa5
 8342 02c9 00       		.uleb128 0
 8343 02ca 26       		.uleb128 0x26
 8344 02cb A8       		.byte	0xa8
 8345 02cc 2D       		.uleb128 0x2d
 8346 02cd A8       		.byte	0xa8
 8347 02ce 00       		.uleb128 0
ARM GAS  /tmp/cctmACj5.s 			page 148


 8348 02cf 9F       		.byte	0x9f
 8349 02d0 04       		.byte	0x4
 8350 02d1 20       		.uleb128 .LVL145-.LVL141
 8351 02d2 22       		.uleb128 .LVL146-.LVL141
 8352 02d3 01       		.uleb128 0x1
 8353 02d4 50       		.byte	0x50
 8354 02d5 04       		.byte	0x4
 8355 02d6 22       		.uleb128 .LVL146-.LVL141
 8356 02d7 28       		.uleb128 .LVL148-.LVL141
 8357 02d8 01       		.uleb128 0x1
 8358 02d9 54       		.byte	0x54
 8359 02da 04       		.byte	0x4
 8360 02db 28       		.uleb128 .LVL148-.LVL141
 8361 02dc 30       		.uleb128 .LFE200-.LVL141
 8362 02dd 01       		.uleb128 0x1
 8363 02de 50       		.byte	0x50
 8364 02df 00       		.byte	0
 8365              	.LVUS100:
 8366 02e0 00       		.uleb128 0
 8367 02e1 00       		.uleb128 .LVU643
 8368 02e2 00       		.uleb128 .LVU643
 8369 02e3 00       		.uleb128 .LVU651
 8370 02e4 00       		.uleb128 .LVU651
 8371 02e5 00       		.uleb128 .LVU652
 8372 02e6 00       		.uleb128 .LVU652
 8373 02e7 00       		.uleb128 .LVU652
 8374 02e8 00       		.uleb128 .LVU652
 8375 02e9 00       		.uleb128 .LVU654
 8376 02ea 00       		.uleb128 .LVU654
 8377 02eb 00       		.uleb128 .LVU655
 8378 02ec 00       		.uleb128 .LVU655
 8379 02ed 00       		.uleb128 0
 8380              	.LLST100:
 8381 02ee 06       		.byte	0x6
 8382 02ef 00000000 		.4byte	.LVL141
 8383 02f3 04       		.byte	0x4
 8384 02f4 00       		.uleb128 .LVL141-.LVL141
 8385 02f5 10       		.uleb128 .LVL143-.LVL141
 8386 02f6 01       		.uleb128 0x1
 8387 02f7 51       		.byte	0x51
 8388 02f8 04       		.byte	0x4
 8389 02f9 10       		.uleb128 .LVL143-.LVL141
 8390 02fa 1C       		.uleb128 .LVL144-.LVL141
 8391 02fb 01       		.uleb128 0x1
 8392 02fc 56       		.byte	0x56
 8393 02fd 04       		.byte	0x4
 8394 02fe 1C       		.uleb128 .LVL144-.LVL141
 8395 02ff 1F       		.uleb128 .LVL145-1-.LVL141
 8396 0300 02       		.uleb128 0x2
 8397 0301 70       		.byte	0x70
 8398 0302 20       		.sleb128 32
 8399 0303 04       		.byte	0x4
 8400 0304 1F       		.uleb128 .LVL145-1-.LVL141
 8401 0305 20       		.uleb128 .LVL145-.LVL141
 8402 0306 0A       		.uleb128 0xa
 8403 0307 A3       		.byte	0xa3
 8404 0308 03       		.uleb128 0x3
ARM GAS  /tmp/cctmACj5.s 			page 149


 8405 0309 A5       		.byte	0xa5
 8406 030a 01       		.uleb128 0x1
 8407 030b 26       		.uleb128 0x26
 8408 030c A8       		.byte	0xa8
 8409 030d 2D       		.uleb128 0x2d
 8410 030e A8       		.byte	0xa8
 8411 030f 00       		.uleb128 0
 8412 0310 9F       		.byte	0x9f
 8413 0311 04       		.byte	0x4
 8414 0312 20       		.uleb128 .LVL145-.LVL141
 8415 0313 25       		.uleb128 .LVL147-1-.LVL141
 8416 0314 01       		.uleb128 0x1
 8417 0315 51       		.byte	0x51
 8418 0316 04       		.byte	0x4
 8419 0317 25       		.uleb128 .LVL147-1-.LVL141
 8420 0318 28       		.uleb128 .LVL148-.LVL141
 8421 0319 01       		.uleb128 0x1
 8422 031a 56       		.byte	0x56
 8423 031b 04       		.byte	0x4
 8424 031c 28       		.uleb128 .LVL148-.LVL141
 8425 031d 30       		.uleb128 .LFE200-.LVL141
 8426 031e 01       		.uleb128 0x1
 8427 031f 51       		.byte	0x51
 8428 0320 00       		.byte	0
 8429              	.LVUS102:
 8430 0321 01       		.uleb128 .LVU640
 8431 0322 00       		.uleb128 .LVU651
 8432 0323 00       		.uleb128 .LVU651
 8433 0324 00       		.uleb128 .LVU652
 8434 0325 00       		.uleb128 .LVU652
 8435 0326 00       		.uleb128 .LVU655
 8436              	.LLST102:
 8437 0327 06       		.byte	0x6
 8438 0328 0E000000 		.4byte	.LVL142
 8439 032c 04       		.byte	0x4
 8440 032d 00       		.uleb128 .LVL142-.LVL142
 8441 032e 0E       		.uleb128 .LVL144-.LVL142
 8442 032f 01       		.uleb128 0x1
 8443 0330 55       		.byte	0x55
 8444 0331 04       		.byte	0x4
 8445 0332 0E       		.uleb128 .LVL144-.LVL142
 8446 0333 11       		.uleb128 .LVL145-1-.LVL142
 8447 0334 01       		.uleb128 0x1
 8448 0335 50       		.byte	0x50
 8449 0336 04       		.byte	0x4
 8450 0337 12       		.uleb128 .LVL145-.LVL142
 8451 0338 1A       		.uleb128 .LVL148-.LVL142
 8452 0339 01       		.uleb128 0x1
 8453 033a 55       		.byte	0x55
 8454 033b 00       		.byte	0
 8455              	.LVUS95:
 8456 033c 00       		.uleb128 0
 8457 033d 00       		.uleb128 .LVU618
 8458 033e 00       		.uleb128 .LVU618
 8459 033f 00       		.uleb128 .LVU630
 8460 0340 00       		.uleb128 .LVU630
 8461 0341 00       		.uleb128 .LVU631
ARM GAS  /tmp/cctmACj5.s 			page 150


 8462 0342 00       		.uleb128 .LVU631
 8463 0343 00       		.uleb128 .LVU632
 8464 0344 00       		.uleb128 .LVU632
 8465 0345 00       		.uleb128 0
 8466              	.LLST95:
 8467 0346 06       		.byte	0x6
 8468 0347 00000000 		.4byte	.LVL134
 8469 034b 04       		.byte	0x4
 8470 034c 00       		.uleb128 .LVL134-.LVL134
 8471 034d 10       		.uleb128 .LVL136-.LVL134
 8472 034e 01       		.uleb128 0x1
 8473 034f 50       		.byte	0x50
 8474 0350 04       		.byte	0x4
 8475 0351 10       		.uleb128 .LVL136-.LVL134
 8476 0352 22       		.uleb128 .LVL138-.LVL134
 8477 0353 01       		.uleb128 0x1
 8478 0354 54       		.byte	0x54
 8479 0355 04       		.byte	0x4
 8480 0356 22       		.uleb128 .LVL138-.LVL134
 8481 0357 26       		.uleb128 .LVL139-.LVL134
 8482 0358 0A       		.uleb128 0xa
 8483 0359 A3       		.byte	0xa3
 8484 035a 03       		.uleb128 0x3
 8485 035b A5       		.byte	0xa5
 8486 035c 00       		.uleb128 0
 8487 035d 26       		.uleb128 0x26
 8488 035e A8       		.byte	0xa8
 8489 035f 2D       		.uleb128 0x2d
 8490 0360 A8       		.byte	0xa8
 8491 0361 00       		.uleb128 0
 8492 0362 9F       		.byte	0x9f
 8493 0363 04       		.byte	0x4
 8494 0364 26       		.uleb128 .LVL139-.LVL134
 8495 0365 2C       		.uleb128 .LVL140-.LVL134
 8496 0366 01       		.uleb128 0x1
 8497 0367 54       		.byte	0x54
 8498 0368 04       		.byte	0x4
 8499 0369 2C       		.uleb128 .LVL140-.LVL134
 8500 036a 34       		.uleb128 .LFE199-.LVL134
 8501 036b 0A       		.uleb128 0xa
 8502 036c A3       		.byte	0xa3
 8503 036d 03       		.uleb128 0x3
 8504 036e A5       		.byte	0xa5
 8505 036f 00       		.uleb128 0
 8506 0370 26       		.uleb128 0x26
 8507 0371 A8       		.byte	0xa8
 8508 0372 2D       		.uleb128 0x2d
 8509 0373 A8       		.byte	0xa8
 8510 0374 00       		.uleb128 0
 8511 0375 9F       		.byte	0x9f
 8512 0376 00       		.byte	0
 8513              	.LVUS96:
 8514 0377 00       		.uleb128 0
 8515 0378 00       		.uleb128 .LVU619
 8516 0379 00       		.uleb128 .LVU619
 8517 037a 00       		.uleb128 .LVU630
 8518 037b 00       		.uleb128 .LVU630
ARM GAS  /tmp/cctmACj5.s 			page 151


 8519 037c 00       		.uleb128 .LVU631
 8520 037d 00       		.uleb128 .LVU631
 8521 037e 00       		.uleb128 .LVU631
 8522 037f 00       		.uleb128 .LVU631
 8523 0380 00       		.uleb128 .LVU632
 8524 0381 00       		.uleb128 .LVU632
 8525 0382 00       		.uleb128 0
 8526              	.LLST96:
 8527 0383 06       		.byte	0x6
 8528 0384 00000000 		.4byte	.LVL134
 8529 0388 04       		.byte	0x4
 8530 0389 00       		.uleb128 .LVL134-.LVL134
 8531 038a 13       		.uleb128 .LVL137-1-.LVL134
 8532 038b 01       		.uleb128 0x1
 8533 038c 51       		.byte	0x51
 8534 038d 04       		.byte	0x4
 8535 038e 13       		.uleb128 .LVL137-1-.LVL134
 8536 038f 22       		.uleb128 .LVL138-.LVL134
 8537 0390 01       		.uleb128 0x1
 8538 0391 55       		.byte	0x55
 8539 0392 04       		.byte	0x4
 8540 0393 22       		.uleb128 .LVL138-.LVL134
 8541 0394 25       		.uleb128 .LVL139-1-.LVL134
 8542 0395 01       		.uleb128 0x1
 8543 0396 51       		.byte	0x51
 8544 0397 04       		.byte	0x4
 8545 0398 25       		.uleb128 .LVL139-1-.LVL134
 8546 0399 26       		.uleb128 .LVL139-.LVL134
 8547 039a 0A       		.uleb128 0xa
 8548 039b A3       		.byte	0xa3
 8549 039c 03       		.uleb128 0x3
 8550 039d A5       		.byte	0xa5
 8551 039e 01       		.uleb128 0x1
 8552 039f 26       		.uleb128 0x26
 8553 03a0 A8       		.byte	0xa8
 8554 03a1 2D       		.uleb128 0x2d
 8555 03a2 A8       		.byte	0xa8
 8556 03a3 00       		.uleb128 0
 8557 03a4 9F       		.byte	0x9f
 8558 03a5 04       		.byte	0x4
 8559 03a6 26       		.uleb128 .LVL139-.LVL134
 8560 03a7 2C       		.uleb128 .LVL140-.LVL134
 8561 03a8 01       		.uleb128 0x1
 8562 03a9 55       		.byte	0x55
 8563 03aa 04       		.byte	0x4
 8564 03ab 2C       		.uleb128 .LVL140-.LVL134
 8565 03ac 34       		.uleb128 .LFE199-.LVL134
 8566 03ad 0A       		.uleb128 0xa
 8567 03ae A3       		.byte	0xa3
 8568 03af 03       		.uleb128 0x3
 8569 03b0 A5       		.byte	0xa5
 8570 03b1 01       		.uleb128 0x1
 8571 03b2 26       		.uleb128 0x26
 8572 03b3 A8       		.byte	0xa8
 8573 03b4 2D       		.uleb128 0x2d
 8574 03b5 A8       		.byte	0xa8
 8575 03b6 00       		.uleb128 0
ARM GAS  /tmp/cctmACj5.s 			page 152


 8576 03b7 9F       		.byte	0x9f
 8577 03b8 00       		.byte	0
 8578              	.LVUS97:
 8579 03b9 00       		.uleb128 .LVU611
 8580 03ba 00       		.uleb128 .LVU630
 8581 03bb 00       		.uleb128 .LVU631
 8582 03bc 00       		.uleb128 .LVU632
 8583              	.LLST97:
 8584 03bd 06       		.byte	0x6
 8585 03be 08000000 		.4byte	.LVL135
 8586 03c2 04       		.byte	0x4
 8587 03c3 00       		.uleb128 .LVL135-.LVL135
 8588 03c4 1A       		.uleb128 .LVL138-.LVL135
 8589 03c5 01       		.uleb128 0x1
 8590 03c6 56       		.byte	0x56
 8591 03c7 04       		.byte	0x4
 8592 03c8 1E       		.uleb128 .LVL139-.LVL135
 8593 03c9 24       		.uleb128 .LVL140-.LVL135
 8594 03ca 01       		.uleb128 0x1
 8595 03cb 56       		.byte	0x56
 8596 03cc 00       		.byte	0
 8597              	.LVUS92:
 8598 03cd 00       		.uleb128 0
 8599 03ce 00       		.uleb128 .LVU589
 8600 03cf 00       		.uleb128 .LVU589
 8601 03d0 00       		.uleb128 .LVU602
 8602 03d1 00       		.uleb128 .LVU602
 8603 03d2 00       		.uleb128 0
 8604              	.LLST92:
 8605 03d3 06       		.byte	0x6
 8606 03d4 00000000 		.4byte	.LVL128
 8607 03d8 04       		.byte	0x4
 8608 03d9 00       		.uleb128 .LVL128-.LVL128
 8609 03da 0E       		.uleb128 .LVL130-.LVL128
 8610 03db 01       		.uleb128 0x1
 8611 03dc 50       		.byte	0x50
 8612 03dd 04       		.byte	0x4
 8613 03de 0E       		.uleb128 .LVL130-.LVL128
 8614 03df 22       		.uleb128 .LVL133-.LVL128
 8615 03e0 01       		.uleb128 0x1
 8616 03e1 54       		.byte	0x54
 8617 03e2 04       		.byte	0x4
 8618 03e3 22       		.uleb128 .LVL133-.LVL128
 8619 03e4 2C       		.uleb128 .LFE198-.LVL128
 8620 03e5 0A       		.uleb128 0xa
 8621 03e6 A3       		.byte	0xa3
 8622 03e7 03       		.uleb128 0x3
 8623 03e8 A5       		.byte	0xa5
 8624 03e9 00       		.uleb128 0
 8625 03ea 26       		.uleb128 0x26
 8626 03eb A8       		.byte	0xa8
 8627 03ec 2D       		.uleb128 0x2d
 8628 03ed A8       		.byte	0xa8
 8629 03ee 00       		.uleb128 0
 8630 03ef 9F       		.byte	0x9f
 8631 03f0 00       		.byte	0
 8632              	.LVUS93:
ARM GAS  /tmp/cctmACj5.s 			page 153


 8633 03f1 00       		.uleb128 .LVU584
 8634 03f2 00       		.uleb128 .LVU602
 8635              	.LLST93:
 8636 03f3 08       		.byte	0x8
 8637 03f4 0A000000 		.4byte	.LVL129
 8638 03f8 18       		.uleb128 .LVL133-.LVL129
 8639 03f9 01       		.uleb128 0x1
 8640 03fa 56       		.byte	0x56
 8641 03fb 00       		.byte	0
 8642              	.LVUS83:
 8643 03fc 00       		.uleb128 0
 8644 03fd 00       		.uleb128 .LVU533
 8645 03fe 00       		.uleb128 .LVU533
 8646 03ff 00       		.uleb128 .LVU553
 8647 0400 00       		.uleb128 .LVU553
 8648 0401 00       		.uleb128 0
 8649              	.LLST83:
 8650 0402 06       		.byte	0x6
 8651 0403 00000000 		.4byte	.LVL114
 8652 0407 04       		.byte	0x4
 8653 0408 00       		.uleb128 .LVL114-.LVL114
 8654 0409 0D       		.uleb128 .LVL116-1-.LVL114
 8655 040a 01       		.uleb128 0x1
 8656 040b 50       		.byte	0x50
 8657 040c 04       		.byte	0x4
 8658 040d 0D       		.uleb128 .LVL116-1-.LVL114
 8659 040e 2C       		.uleb128 .LVL120-.LVL114
 8660 040f 01       		.uleb128 0x1
 8661 0410 54       		.byte	0x54
 8662 0411 04       		.byte	0x4
 8663 0412 2C       		.uleb128 .LVL120-.LVL114
 8664 0413 3C       		.uleb128 .LFE196-.LVL114
 8665 0414 0A       		.uleb128 0xa
 8666 0415 A3       		.byte	0xa3
 8667 0416 03       		.uleb128 0x3
 8668 0417 A5       		.byte	0xa5
 8669 0418 00       		.uleb128 0
 8670 0419 26       		.uleb128 0x26
 8671 041a A8       		.byte	0xa8
 8672 041b 2D       		.uleb128 0x2d
 8673 041c A8       		.byte	0xa8
 8674 041d 00       		.uleb128 0
 8675 041e 9F       		.byte	0x9f
 8676 041f 00       		.byte	0
 8677              	.LVUS86:
 8678 0420 06       		.uleb128 .LVU524
 8679 0421 00       		.uleb128 .LVU530
 8680              	.LLST86:
 8681 0422 08       		.byte	0x8
 8682 0423 00000000 		.4byte	.LVL114
 8683 0427 0A       		.uleb128 .LVL115-.LVL114
 8684 0428 03       		.uleb128 0x3
 8685 0429 08       		.byte	0x8
 8686 042a 20       		.byte	0x20
 8687 042b 9F       		.byte	0x9f
 8688 042c 00       		.byte	0
 8689              	.LVUS88:
ARM GAS  /tmp/cctmACj5.s 			page 154


 8690 042d 02       		.uleb128 .LVU535
 8691 042e 00       		.uleb128 .LVU553
 8692 042f 00       		.uleb128 .LVU553
 8693 0430 00       		.uleb128 0
 8694              	.LLST88:
 8695 0431 06       		.byte	0x6
 8696 0432 0E000000 		.4byte	.LVL116
 8697 0436 04       		.byte	0x4
 8698 0437 00       		.uleb128 .LVL116-.LVL116
 8699 0438 1E       		.uleb128 .LVL120-.LVL116
 8700 0439 01       		.uleb128 0x1
 8701 043a 54       		.byte	0x54
 8702 043b 04       		.byte	0x4
 8703 043c 1E       		.uleb128 .LVL120-.LVL116
 8704 043d 2E       		.uleb128 .LFE196-.LVL116
 8705 043e 0A       		.uleb128 0xa
 8706 043f A3       		.byte	0xa3
 8707 0440 03       		.uleb128 0x3
 8708 0441 A5       		.byte	0xa5
 8709 0442 00       		.uleb128 0
 8710 0443 26       		.uleb128 0x26
 8711 0444 A8       		.byte	0xa8
 8712 0445 2D       		.uleb128 0x2d
 8713 0446 A8       		.byte	0xa8
 8714 0447 00       		.uleb128 0
 8715 0448 9F       		.byte	0x9f
 8716 0449 00       		.byte	0
 8717              	.LVUS89:
 8718 044a 00       		.uleb128 .LVU538
 8719 044b 00       		.uleb128 .LVU544
 8720              	.LLST89:
 8721 044c 08       		.byte	0x8
 8722 044d 12000000 		.4byte	.LVL117
 8723 0451 0C       		.uleb128 .LVL118-.LVL117
 8724 0452 01       		.uleb128 0x1
 8725 0453 53       		.byte	0x53
 8726 0454 00       		.byte	0
 8727              	.LVUS77:
 8728 0455 06       		.uleb128 .LVU473
 8729 0456 00       		.uleb128 .LVU477
 8730              	.LLST77:
 8731 0457 08       		.byte	0x8
 8732 0458 00000000 		.4byte	.LVL103
 8733 045c 08       		.uleb128 .LVL104-.LVL103
 8734 045d 03       		.uleb128 0x3
 8735 045e 08       		.byte	0x8
 8736 045f 20       		.byte	0x20
 8737 0460 9F       		.byte	0x9f
 8738 0461 00       		.byte	0
 8739              	.LVUS82:
 8740 0462 04       		.uleb128 .LVU504
 8741 0463 00       		.uleb128 .LVU506
 8742 0464 04       		.uleb128 .LVU513
 8743 0465 00       		.uleb128 .LVU515
 8744              	.LLST82:
 8745 0466 06       		.byte	0x6
 8746 0467 36000000 		.4byte	.LVL109
ARM GAS  /tmp/cctmACj5.s 			page 155


 8747 046b 04       		.byte	0x4
 8748 046c 00       		.uleb128 .LVL109-.LVL109
 8749 046d 06       		.uleb128 .LVL110-.LVL109
 8750 046e 02       		.uleb128 0x2
 8751 046f 30       		.byte	0x30
 8752 0470 9F       		.byte	0x9f
 8753 0471 04       		.byte	0x4
 8754 0472 0E       		.uleb128 .LVL111-.LVL109
 8755 0473 14       		.uleb128 .LVL112-.LVL109
 8756 0474 02       		.uleb128 0x2
 8757 0475 30       		.byte	0x30
 8758 0476 9F       		.byte	0x9f
 8759 0477 00       		.byte	0
 8760              	.LVUS61:
 8761 0478 00       		.uleb128 0
 8762 0479 00       		.uleb128 .LVU415
 8763 047a 00       		.uleb128 .LVU415
 8764 047b 00       		.uleb128 .LVU426
 8765 047c 00       		.uleb128 .LVU426
 8766 047d 00       		.uleb128 0
 8767              	.LLST61:
 8768 047e 06       		.byte	0x6
 8769 047f 00000000 		.4byte	.LVL85
 8770 0483 04       		.byte	0x4
 8771 0484 00       		.uleb128 .LVL85-.LVL85
 8772 0485 11       		.uleb128 .LVL87-1-.LVL85
 8773 0486 01       		.uleb128 0x1
 8774 0487 50       		.byte	0x50
 8775 0488 04       		.byte	0x4
 8776 0489 11       		.uleb128 .LVL87-1-.LVL85
 8777 048a 18       		.uleb128 .LVL89-.LVL85
 8778 048b 01       		.uleb128 0x1
 8779 048c 54       		.byte	0x54
 8780 048d 04       		.byte	0x4
 8781 048e 18       		.uleb128 .LVL89-.LVL85
 8782 048f 6C       		.uleb128 .LFE194-.LVL85
 8783 0490 0A       		.uleb128 0xa
 8784 0491 A3       		.byte	0xa3
 8785 0492 03       		.uleb128 0x3
 8786 0493 A5       		.byte	0xa5
 8787 0494 00       		.uleb128 0
 8788 0495 26       		.uleb128 0x26
 8789 0496 A8       		.byte	0xa8
 8790 0497 2D       		.uleb128 0x2d
 8791 0498 A8       		.byte	0xa8
 8792 0499 00       		.uleb128 0
 8793 049a 9F       		.byte	0x9f
 8794 049b 00       		.byte	0
 8795              	.LVUS62:
 8796 049c 00       		.uleb128 0
 8797 049d 00       		.uleb128 .LVU415
 8798 049e 00       		.uleb128 .LVU415
 8799 049f 00       		.uleb128 0
 8800              	.LLST62:
 8801 04a0 06       		.byte	0x6
 8802 04a1 00000000 		.4byte	.LVL85
 8803 04a5 04       		.byte	0x4
ARM GAS  /tmp/cctmACj5.s 			page 156


 8804 04a6 00       		.uleb128 .LVL85-.LVL85
 8805 04a7 11       		.uleb128 .LVL87-1-.LVL85
 8806 04a8 01       		.uleb128 0x1
 8807 04a9 51       		.byte	0x51
 8808 04aa 04       		.byte	0x4
 8809 04ab 11       		.uleb128 .LVL87-1-.LVL85
 8810 04ac 6C       		.uleb128 .LFE194-.LVL85
 8811 04ad 01       		.uleb128 0x1
 8812 04ae 55       		.byte	0x55
 8813 04af 00       		.byte	0
 8814              	.LVUS63:
 8815 04b0 00       		.uleb128 .LVU420
 8816 04b1 00       		.uleb128 .LVU428
 8817 04b2 00       		.uleb128 .LVU455
 8818 04b3 00       		.uleb128 .LVU461
 8819 04b4 00       		.uleb128 .LVU465
 8820 04b5 00       		.uleb128 .LVU466
 8821              	.LLST63:
 8822 04b6 06       		.byte	0x6
 8823 04b7 14000000 		.4byte	.LVL88
 8824 04bb 04       		.byte	0x4
 8825 04bc 00       		.uleb128 .LVL88-.LVL88
 8826 04bd 08       		.uleb128 .LVL90-.LVL88
 8827 04be 01       		.uleb128 0x1
 8828 04bf 51       		.byte	0x51
 8829 04c0 04       		.byte	0x4
 8830 04c1 36       		.uleb128 .LVL97-.LVL88
 8831 04c2 3A       		.uleb128 .LVL99-.LVL88
 8832 04c3 01       		.uleb128 0x1
 8833 04c4 51       		.byte	0x51
 8834 04c5 04       		.byte	0x4
 8835 04c6 44       		.uleb128 .LVL101-.LVL88
 8836 04c7 49       		.uleb128 .LVL102-1-.LVL88
 8837 04c8 01       		.uleb128 0x1
 8838 04c9 51       		.byte	0x51
 8839 04ca 00       		.byte	0
 8840              	.LVUS66:
 8841 04cb 07       		.uleb128 .LVU404
 8842 04cc 00       		.uleb128 .LVU410
 8843              	.LLST66:
 8844 04cd 08       		.byte	0x8
 8845 04ce 00000000 		.4byte	.LVL85
 8846 04d2 0C       		.uleb128 .LVL86-.LVL85
 8847 04d3 03       		.uleb128 0x3
 8848 04d4 08       		.byte	0x8
 8849 04d5 20       		.byte	0x20
 8850 04d6 9F       		.byte	0x9f
 8851 04d7 00       		.byte	0
 8852              	.LVUS68:
 8853 04d8 02       		.uleb128 .LVU422
 8854 04d9 04       		.uleb128 .LVU424
 8855              	.LLST68:
 8856 04da 08       		.byte	0x8
 8857 04db 14000000 		.4byte	.LVL88
 8858 04df 00       		.uleb128 .LVL88-.LVL88
 8859 04e0 01       		.uleb128 0x1
 8860 04e1 55       		.byte	0x55
ARM GAS  /tmp/cctmACj5.s 			page 157


 8861 04e2 00       		.byte	0
 8862              	.LVUS69:
 8863 04e3 02       		.uleb128 .LVU422
 8864 04e4 04       		.uleb128 .LVU424
 8865              	.LLST69:
 8866 04e5 08       		.byte	0x8
 8867 04e6 14000000 		.4byte	.LVL88
 8868 04ea 00       		.uleb128 .LVL88-.LVL88
 8869 04eb 01       		.uleb128 0x1
 8870 04ec 54       		.byte	0x54
 8871 04ed 00       		.byte	0
 8872              	.LVUS70:
 8873 04ee 02       		.uleb128 .LVU422
 8874 04ef 04       		.uleb128 .LVU424
 8875              	.LLST70:
 8876 04f0 08       		.byte	0x8
 8877 04f1 14000000 		.4byte	.LVL88
 8878 04f5 00       		.uleb128 .LVL88-.LVL88
 8879 04f6 01       		.uleb128 0x1
 8880 04f7 51       		.byte	0x51
 8881 04f8 00       		.byte	0
 8882              	.LVUS73:
 8883 04f9 04       		.uleb128 .LVU440
 8884 04fa 00       		.uleb128 .LVU442
 8885 04fb 04       		.uleb128 .LVU450
 8886 04fc 00       		.uleb128 .LVU452
 8887              	.LLST73:
 8888 04fd 06       		.byte	0x6
 8889 04fe 30000000 		.4byte	.LVL92
 8890 0502 04       		.byte	0x4
 8891 0503 00       		.uleb128 .LVL92-.LVL92
 8892 0504 06       		.uleb128 .LVL93-.LVL92
 8893 0505 02       		.uleb128 0x2
 8894 0506 30       		.byte	0x30
 8895 0507 9F       		.byte	0x9f
 8896 0508 04       		.byte	0x4
 8897 0509 10       		.uleb128 .LVL95-.LVL92
 8898 050a 16       		.uleb128 .LVL96-.LVL92
 8899 050b 02       		.uleb128 0x2
 8900 050c 30       		.byte	0x30
 8901 050d 9F       		.byte	0x9f
 8902 050e 00       		.byte	0
 8903              	.LVUS74:
 8904 050f 01       		.uleb128 .LVU456
 8905 0510 00       		.uleb128 .LVU460
 8906 0511 00       		.uleb128 .LVU460
 8907 0512 00       		.uleb128 .LVU464
 8908 0513 00       		.uleb128 .LVU465
 8909 0514 00       		.uleb128 0
 8910              	.LLST74:
 8911 0515 06       		.byte	0x6
 8912 0516 4A000000 		.4byte	.LVL97
 8913 051a 04       		.byte	0x4
 8914 051b 00       		.uleb128 .LVL97-.LVL97
 8915 051c 02       		.uleb128 .LVL98-.LVL97
 8916 051d 06       		.uleb128 0x6
 8917 051e 75       		.byte	0x75
ARM GAS  /tmp/cctmACj5.s 			page 158


 8918 051f 00       		.sleb128 0
 8919 0520 71       		.byte	0x71
 8920 0521 00       		.sleb128 0
 8921 0522 1C       		.byte	0x1c
 8922 0523 9F       		.byte	0x9f
 8923 0524 04       		.byte	0x4
 8924 0525 02       		.uleb128 .LVL98-.LVL97
 8925 0526 0C       		.uleb128 .LVL100-.LVL97
 8926 0527 01       		.uleb128 0x1
 8927 0528 54       		.byte	0x54
 8928 0529 04       		.byte	0x4
 8929 052a 0E       		.uleb128 .LVL101-.LVL97
 8930 052b 22       		.uleb128 .LFE194-.LVL97
 8931 052c 01       		.uleb128 0x1
 8932 052d 54       		.byte	0x54
 8933 052e 00       		.byte	0
 8934              	.LVUS52:
 8935 052f 00       		.uleb128 0
 8936 0530 00       		.uleb128 .LVU354
 8937 0531 00       		.uleb128 .LVU354
 8938 0532 00       		.uleb128 .LVU359
 8939 0533 00       		.uleb128 .LVU359
 8940 0534 00       		.uleb128 .LVU362
 8941 0535 00       		.uleb128 .LVU362
 8942 0536 00       		.uleb128 .LVU363
 8943 0537 00       		.uleb128 .LVU388
 8944 0538 00       		.uleb128 .LVU396
 8945              	.LLST52:
 8946 0539 06       		.byte	0x6
 8947 053a 00000000 		.4byte	.LVL72
 8948 053e 04       		.byte	0x4
 8949 053f 00       		.uleb128 .LVL72-.LVL72
 8950 0540 0F       		.uleb128 .LVL74-1-.LVL72
 8951 0541 01       		.uleb128 0x1
 8952 0542 50       		.byte	0x50
 8953 0543 04       		.byte	0x4
 8954 0544 0F       		.uleb128 .LVL74-1-.LVL72
 8955 0545 12       		.uleb128 .LVL75-.LVL72
 8956 0546 01       		.uleb128 0x1
 8957 0547 54       		.byte	0x54
 8958 0548 04       		.byte	0x4
 8959 0549 12       		.uleb128 .LVL75-.LVL72
 8960 054a 14       		.uleb128 .LVL76-.LVL72
 8961 054b 06       		.uleb128 0x6
 8962 054c 74       		.byte	0x74
 8963 054d 00       		.sleb128 0
 8964 054e 71       		.byte	0x71
 8965 054f 00       		.sleb128 0
 8966 0550 1C       		.byte	0x1c
 8967 0551 9F       		.byte	0x9f
 8968 0552 04       		.byte	0x4
 8969 0553 14       		.uleb128 .LVL76-.LVL72
 8970 0554 16       		.uleb128 .LVL77-.LVL72
 8971 0555 01       		.uleb128 0x1
 8972 0556 51       		.byte	0x51
 8973 0557 04       		.byte	0x4
 8974 0558 40       		.uleb128 .LVL83-.LVL72
ARM GAS  /tmp/cctmACj5.s 			page 159


 8975 0559 45       		.uleb128 .LVL84-1-.LVL72
 8976 055a 01       		.uleb128 0x1
 8977 055b 51       		.byte	0x51
 8978 055c 00       		.byte	0
 8979              	.LVUS55:
 8980 055d 06       		.uleb128 .LVU344
 8981 055e 00       		.uleb128 .LVU349
 8982              	.LLST55:
 8983 055f 08       		.byte	0x8
 8984 0560 00000000 		.4byte	.LVL72
 8985 0564 0A       		.uleb128 .LVL73-.LVL72
 8986 0565 03       		.uleb128 0x3
 8987 0566 08       		.byte	0x8
 8988 0567 20       		.byte	0x20
 8989 0568 9F       		.byte	0x9f
 8990 0569 00       		.byte	0
 8991              	.LVUS59:
 8992 056a 04       		.uleb128 .LVU375
 8993 056b 00       		.uleb128 .LVU377
 8994 056c 04       		.uleb128 .LVU384
 8995 056d 00       		.uleb128 .LVU386
 8996              	.LLST59:
 8997 056e 06       		.byte	0x6
 8998 056f 2A000000 		.4byte	.LVL79
 8999 0573 04       		.byte	0x4
 9000 0574 00       		.uleb128 .LVL79-.LVL79
 9001 0575 06       		.uleb128 .LVL80-.LVL79
 9002 0576 02       		.uleb128 0x2
 9003 0577 30       		.byte	0x30
 9004 0578 9F       		.byte	0x9f
 9005 0579 04       		.byte	0x4
 9006 057a 0E       		.uleb128 .LVL81-.LVL79
 9007 057b 14       		.uleb128 .LVL82-.LVL79
 9008 057c 02       		.uleb128 0x2
 9009 057d 30       		.byte	0x30
 9010 057e 9F       		.byte	0x9f
 9011 057f 00       		.byte	0
 9012              	.LVUS60:
 9013 0580 01       		.uleb128 .LVU389
 9014 0581 00       		.uleb128 .LVU396
 9015              	.LLST60:
 9016 0582 08       		.byte	0x8
 9017 0583 40000000 		.4byte	.LVL83
 9018 0587 05       		.uleb128 .LVL84-1-.LVL83
 9019 0588 01       		.uleb128 0x1
 9020 0589 51       		.byte	0x51
 9021 058a 00       		.byte	0
 9022              	.LVUS43:
 9023 058b 00       		.uleb128 0
 9024 058c 00       		.uleb128 .LVU302
 9025 058d 00       		.uleb128 .LVU302
 9026 058e 00       		.uleb128 0
 9027              	.LLST43:
 9028 058f 06       		.byte	0x6
 9029 0590 00000000 		.4byte	.LVL60
 9030 0594 04       		.byte	0x4
 9031 0595 00       		.uleb128 .LVL60-.LVL60
ARM GAS  /tmp/cctmACj5.s 			page 160


 9032 0596 0D       		.uleb128 .LVL62-1-.LVL60
 9033 0597 01       		.uleb128 0x1
 9034 0598 50       		.byte	0x50
 9035 0599 04       		.byte	0x4
 9036 059a 0D       		.uleb128 .LVL62-1-.LVL60
 9037 059b 58       		.uleb128 .LFE192-.LVL60
 9038 059c 01       		.uleb128 0x1
 9039 059d 54       		.byte	0x54
 9040 059e 00       		.byte	0
 9041              	.LVUS46:
 9042 059f 06       		.uleb128 .LVU293
 9043 05a0 00       		.uleb128 .LVU299
 9044              	.LLST46:
 9045 05a1 08       		.byte	0x8
 9046 05a2 00000000 		.4byte	.LVL60
 9047 05a6 0A       		.uleb128 .LVL61-.LVL60
 9048 05a7 03       		.uleb128 0x3
 9049 05a8 08       		.byte	0x8
 9050 05a9 20       		.byte	0x20
 9051 05aa 9F       		.byte	0x9f
 9052 05ab 00       		.byte	0
 9053              	.LVUS48:
 9054 05ac 02       		.uleb128 .LVU304
 9055 05ad 00       		.uleb128 .LVU311
 9056 05ae 00       		.uleb128 .LVU337
 9057 05af 00       		.uleb128 0
 9058              	.LLST48:
 9059 05b0 06       		.byte	0x6
 9060 05b1 0E000000 		.4byte	.LVL62
 9061 05b5 04       		.byte	0x4
 9062 05b6 00       		.uleb128 .LVL62-.LVL62
 9063 05b7 0A       		.uleb128 .LVL63-.LVL62
 9064 05b8 01       		.uleb128 0x1
 9065 05b9 54       		.byte	0x54
 9066 05ba 04       		.byte	0x4
 9067 05bb 36       		.uleb128 .LVL70-.LVL62
 9068 05bc 4A       		.uleb128 .LFE192-.LVL62
 9069 05bd 01       		.uleb128 0x1
 9070 05be 54       		.byte	0x54
 9071 05bf 00       		.byte	0
 9072              	.LVUS51:
 9073 05c0 04       		.uleb128 .LVU324
 9074 05c1 00       		.uleb128 .LVU326
 9075 05c2 04       		.uleb128 .LVU333
 9076 05c3 00       		.uleb128 .LVU335
 9077              	.LLST51:
 9078 05c4 06       		.byte	0x6
 9079 05c5 2E000000 		.4byte	.LVL65
 9080 05c9 04       		.byte	0x4
 9081 05ca 00       		.uleb128 .LVL65-.LVL65
 9082 05cb 06       		.uleb128 .LVL66-.LVL65
 9083 05cc 02       		.uleb128 0x2
 9084 05cd 30       		.byte	0x30
 9085 05ce 9F       		.byte	0x9f
 9086 05cf 04       		.byte	0x4
 9087 05d0 0E       		.uleb128 .LVL68-.LVL65
 9088 05d1 14       		.uleb128 .LVL69-.LVL65
ARM GAS  /tmp/cctmACj5.s 			page 161


 9089 05d2 02       		.uleb128 0x2
 9090 05d3 30       		.byte	0x30
 9091 05d4 9F       		.byte	0x9f
 9092 05d5 00       		.byte	0
 9093              	.LVUS36:
 9094 05d6 00       		.uleb128 0
 9095 05d7 00       		.uleb128 .LVU258
 9096 05d8 00       		.uleb128 .LVU258
 9097 05d9 00       		.uleb128 .LVU286
 9098 05da 00       		.uleb128 .LVU286
 9099 05db 00       		.uleb128 0
 9100              	.LLST36:
 9101 05dc 06       		.byte	0x6
 9102 05dd 00000000 		.4byte	.LVL50
 9103 05e1 04       		.byte	0x4
 9104 05e2 00       		.uleb128 .LVL50-.LVL50
 9105 05e3 0D       		.uleb128 .LVL52-1-.LVL50
 9106 05e4 01       		.uleb128 0x1
 9107 05e5 50       		.byte	0x50
 9108 05e6 04       		.byte	0x4
 9109 05e7 0D       		.uleb128 .LVL52-1-.LVL50
 9110 05e8 42       		.uleb128 .LVL59-.LVL50
 9111 05e9 01       		.uleb128 0x1
 9112 05ea 54       		.byte	0x54
 9113 05eb 04       		.byte	0x4
 9114 05ec 42       		.uleb128 .LVL59-.LVL50
 9115 05ed 4C       		.uleb128 .LFE191-.LVL50
 9116 05ee 0A       		.uleb128 0xa
 9117 05ef A3       		.byte	0xa3
 9118 05f0 03       		.uleb128 0x3
 9119 05f1 A5       		.byte	0xa5
 9120 05f2 00       		.uleb128 0
 9121 05f3 26       		.uleb128 0x26
 9122 05f4 A8       		.byte	0xa8
 9123 05f5 2D       		.uleb128 0x2d
 9124 05f6 A8       		.byte	0xa8
 9125 05f7 00       		.uleb128 0
 9126 05f8 9F       		.byte	0x9f
 9127 05f9 00       		.byte	0
 9128              	.LVUS39:
 9129 05fa 06       		.uleb128 .LVU249
 9130 05fb 00       		.uleb128 .LVU255
 9131              	.LLST39:
 9132 05fc 08       		.byte	0x8
 9133 05fd 00000000 		.4byte	.LVL50
 9134 0601 0A       		.uleb128 .LVL51-.LVL50
 9135 0602 03       		.uleb128 0x3
 9136 0603 08       		.byte	0x8
 9137 0604 20       		.byte	0x20
 9138 0605 9F       		.byte	0x9f
 9139 0606 00       		.byte	0
 9140              	.LVUS42:
 9141 0607 04       		.uleb128 .LVU273
 9142 0608 00       		.uleb128 .LVU275
 9143 0609 04       		.uleb128 .LVU282
 9144 060a 00       		.uleb128 .LVU284
 9145              	.LLST42:
ARM GAS  /tmp/cctmACj5.s 			page 162


 9146 060b 06       		.byte	0x6
 9147 060c 2C000000 		.4byte	.LVL54
 9148 0610 04       		.byte	0x4
 9149 0611 00       		.uleb128 .LVL54-.LVL54
 9150 0612 06       		.uleb128 .LVL55-.LVL54
 9151 0613 02       		.uleb128 0x2
 9152 0614 30       		.byte	0x30
 9153 0615 9F       		.byte	0x9f
 9154 0616 04       		.byte	0x4
 9155 0617 0E       		.uleb128 .LVL57-.LVL54
 9156 0618 14       		.uleb128 .LVL58-.LVL54
 9157 0619 02       		.uleb128 0x2
 9158 061a 30       		.byte	0x30
 9159 061b 9F       		.byte	0x9f
 9160 061c 00       		.byte	0
 9161              	.LVUS29:
 9162 061d 00       		.uleb128 0
 9163 061e 00       		.uleb128 .LVU189
 9164 061f 00       		.uleb128 .LVU189
 9165 0620 00       		.uleb128 .LVU241
 9166 0621 00       		.uleb128 .LVU241
 9167 0622 00       		.uleb128 .LVU242
 9168 0623 00       		.uleb128 .LVU242
 9169 0624 00       		.uleb128 0
 9170              	.LLST29:
 9171 0625 06       		.byte	0x6
 9172 0626 00000000 		.4byte	.LVL35
 9173 062a 04       		.byte	0x4
 9174 062b 00       		.uleb128 .LVL35-.LVL35
 9175 062c 08       		.uleb128 .LVL36-.LVL35
 9176 062d 01       		.uleb128 0x1
 9177 062e 50       		.byte	0x50
 9178 062f 04       		.byte	0x4
 9179 0630 08       		.uleb128 .LVL36-.LVL35
 9180 0631 5A       		.uleb128 .LVL47-.LVL35
 9181 0632 01       		.uleb128 0x1
 9182 0633 54       		.byte	0x54
 9183 0634 04       		.byte	0x4
 9184 0635 5A       		.uleb128 .LVL47-.LVL35
 9185 0636 5C       		.uleb128 .LVL48-.LVL35
 9186 0637 01       		.uleb128 0x1
 9187 0638 50       		.byte	0x50
 9188 0639 04       		.byte	0x4
 9189 063a 5C       		.uleb128 .LVL48-.LVL35
 9190 063b 70       		.uleb128 .LFE190-.LVL35
 9191 063c 01       		.uleb128 0x1
 9192 063d 54       		.byte	0x54
 9193 063e 00       		.byte	0
 9194              	.LVUS30:
 9195 063f 00       		.uleb128 .LVU205
 9196 0640 00       		.uleb128 .LVU241
 9197              	.LLST30:
 9198 0641 08       		.byte	0x8
 9199 0642 18000000 		.4byte	.LVL39
 9200 0646 42       		.uleb128 .LVL47-.LVL39
 9201 0647 01       		.uleb128 0x1
 9202 0648 56       		.byte	0x56
ARM GAS  /tmp/cctmACj5.s 			page 163


 9203 0649 00       		.byte	0
 9204              	.LVUS32:
 9205 064a 06       		.uleb128 .LVU195
 9206 064b 00       		.uleb128 .LVU197
 9207              	.LLST32:
 9208 064c 08       		.byte	0x8
 9209 064d 08000000 		.4byte	.LVL36
 9210 0651 06       		.uleb128 .LVL37-.LVL36
 9211 0652 03       		.uleb128 0x3
 9212 0653 08       		.byte	0x8
 9213 0654 20       		.byte	0x20
 9214 0655 9F       		.byte	0x9f
 9215 0656 00       		.byte	0
 9216              	.LVUS35:
 9217 0657 04       		.uleb128 .LVU224
 9218 0658 00       		.uleb128 .LVU226
 9219 0659 04       		.uleb128 .LVU236
 9220 065a 00       		.uleb128 .LVU238
 9221              	.LLST35:
 9222 065b 06       		.byte	0x6
 9223 065c 3C000000 		.4byte	.LVL42
 9224 0660 04       		.byte	0x4
 9225 0661 00       		.uleb128 .LVL42-.LVL42
 9226 0662 06       		.uleb128 .LVL43-.LVL42
 9227 0663 02       		.uleb128 0x2
 9228 0664 30       		.byte	0x30
 9229 0665 9F       		.byte	0x9f
 9230 0666 04       		.byte	0x4
 9231 0667 14       		.uleb128 .LVL45-.LVL42
 9232 0668 1A       		.uleb128 .LVL46-.LVL42
 9233 0669 02       		.uleb128 0x2
 9234 066a 30       		.byte	0x30
 9235 066b 9F       		.byte	0x9f
 9236 066c 00       		.byte	0
 9237              	.LVUS21:
 9238 066d 00       		.uleb128 0
 9239 066e 00       		.uleb128 .LVU142
 9240 066f 00       		.uleb128 .LVU142
 9241 0670 00       		.uleb128 .LVU152
 9242 0671 00       		.uleb128 .LVU152
 9243 0672 00       		.uleb128 .LVU156
 9244 0673 00       		.uleb128 .LVU156
 9245 0674 00       		.uleb128 .LVU180
 9246 0675 00       		.uleb128 .LVU180
 9247 0676 00       		.uleb128 0
 9248              	.LLST21:
 9249 0677 06       		.byte	0x6
 9250 0678 00000000 		.4byte	.LVL22
 9251 067c 04       		.byte	0x4
 9252 067d 00       		.uleb128 .LVL22-.LVL22
 9253 067e 0D       		.uleb128 .LVL24-1-.LVL22
 9254 067f 01       		.uleb128 0x1
 9255 0680 50       		.byte	0x50
 9256 0681 04       		.byte	0x4
 9257 0682 0D       		.uleb128 .LVL24-1-.LVL22
 9258 0683 22       		.uleb128 .LVL27-.LVL22
 9259 0684 01       		.uleb128 0x1
ARM GAS  /tmp/cctmACj5.s 			page 164


 9260 0685 54       		.byte	0x54
 9261 0686 04       		.byte	0x4
 9262 0687 22       		.uleb128 .LVL27-.LVL22
 9263 0688 25       		.uleb128 .LVL28-1-.LVL22
 9264 0689 01       		.uleb128 0x1
 9265 068a 50       		.byte	0x50
 9266 068b 04       		.byte	0x4
 9267 068c 25       		.uleb128 .LVL28-1-.LVL22
 9268 068d 52       		.uleb128 .LVL34-.LVL22
 9269 068e 01       		.uleb128 0x1
 9270 068f 54       		.byte	0x54
 9271 0690 04       		.byte	0x4
 9272 0691 52       		.uleb128 .LVL34-.LVL22
 9273 0692 60       		.uleb128 .LFE189-.LVL22
 9274 0693 01       		.uleb128 0x1
 9275 0694 50       		.byte	0x50
 9276 0695 00       		.byte	0
 9277              	.LVUS24:
 9278 0696 06       		.uleb128 .LVU133
 9279 0697 00       		.uleb128 .LVU139
 9280              	.LLST24:
 9281 0698 08       		.byte	0x8
 9282 0699 00000000 		.4byte	.LVL22
 9283 069d 0A       		.uleb128 .LVL23-.LVL22
 9284 069e 03       		.uleb128 0x3
 9285 069f 08       		.byte	0x8
 9286 06a0 20       		.byte	0x20
 9287 06a1 9F       		.byte	0x9f
 9288 06a2 00       		.byte	0
 9289              	.LVUS25:
 9290 06a3 02       		.uleb128 .LVU144
 9291 06a4 00       		.uleb128 .LVU152
 9292              	.LLST25:
 9293 06a5 08       		.byte	0x8
 9294 06a6 0E000000 		.4byte	.LVL24
 9295 06aa 14       		.uleb128 .LVL27-.LVL24
 9296 06ab 01       		.uleb128 0x1
 9297 06ac 54       		.byte	0x54
 9298 06ad 00       		.byte	0
 9299              	.LVUS28:
 9300 06ae 04       		.uleb128 .LVU165
 9301 06af 00       		.uleb128 .LVU167
 9302 06b0 04       		.uleb128 .LVU175
 9303 06b1 00       		.uleb128 .LVU177
 9304              	.LLST28:
 9305 06b2 06       		.byte	0x6
 9306 06b3 38000000 		.4byte	.LVL29
 9307 06b7 04       		.byte	0x4
 9308 06b8 00       		.uleb128 .LVL29-.LVL29
 9309 06b9 06       		.uleb128 .LVL30-.LVL29
 9310 06ba 02       		.uleb128 0x2
 9311 06bb 30       		.byte	0x30
 9312 06bc 9F       		.byte	0x9f
 9313 06bd 04       		.byte	0x4
 9314 06be 10       		.uleb128 .LVL32-.LVL29
 9315 06bf 16       		.uleb128 .LVL33-.LVL29
 9316 06c0 02       		.uleb128 0x2
ARM GAS  /tmp/cctmACj5.s 			page 165


 9317 06c1 30       		.byte	0x30
 9318 06c2 9F       		.byte	0x9f
 9319 06c3 00       		.byte	0
 9320              	.LVUS9:
 9321 06c4 00       		.uleb128 0
 9322 06c5 00       		.uleb128 .LVU93
 9323 06c6 00       		.uleb128 .LVU93
 9324 06c7 00       		.uleb128 .LVU98
 9325 06c8 00       		.uleb128 .LVU98
 9326 06c9 00       		.uleb128 0
 9327              	.LLST9:
 9328 06ca 06       		.byte	0x6
 9329 06cb 00000000 		.4byte	.LVL8
 9330 06cf 04       		.byte	0x4
 9331 06d0 00       		.uleb128 .LVL8-.LVL8
 9332 06d1 15       		.uleb128 .LVL11-1-.LVL8
 9333 06d2 01       		.uleb128 0x1
 9334 06d3 50       		.byte	0x50
 9335 06d4 04       		.byte	0x4
 9336 06d5 15       		.uleb128 .LVL11-1-.LVL8
 9337 06d6 2A       		.uleb128 .LVL13-.LVL8
 9338 06d7 01       		.uleb128 0x1
 9339 06d8 54       		.byte	0x54
 9340 06d9 04       		.byte	0x4
 9341 06da 2A       		.uleb128 .LVL13-.LVL8
 9342 06db 6C       		.uleb128 .LFE188-.LVL8
 9343 06dc 0A       		.uleb128 0xa
 9344 06dd A3       		.byte	0xa3
 9345 06de 03       		.uleb128 0x3
 9346 06df A5       		.byte	0xa5
 9347 06e0 00       		.uleb128 0
 9348 06e1 26       		.uleb128 0x26
 9349 06e2 A8       		.byte	0xa8
 9350 06e3 2D       		.uleb128 0x2d
 9351 06e4 A8       		.byte	0xa8
 9352 06e5 00       		.uleb128 0
 9353 06e6 9F       		.byte	0x9f
 9354 06e7 00       		.byte	0
 9355              	.LVUS10:
 9356 06e8 00       		.uleb128 0
 9357 06e9 00       		.uleb128 .LVU93
 9358 06ea 00       		.uleb128 .LVU93
 9359 06eb 00       		.uleb128 .LVU126
 9360 06ec 00       		.uleb128 .LVU126
 9361 06ed 00       		.uleb128 0
 9362              	.LLST10:
 9363 06ee 06       		.byte	0x6
 9364 06ef 00000000 		.4byte	.LVL8
 9365 06f3 04       		.byte	0x4
 9366 06f4 00       		.uleb128 .LVL8-.LVL8
 9367 06f5 15       		.uleb128 .LVL11-1-.LVL8
 9368 06f6 01       		.uleb128 0x1
 9369 06f7 51       		.byte	0x51
 9370 06f8 04       		.byte	0x4
 9371 06f9 15       		.uleb128 .LVL11-1-.LVL8
 9372 06fa 62       		.uleb128 .LVL21-.LVL8
 9373 06fb 01       		.uleb128 0x1
ARM GAS  /tmp/cctmACj5.s 			page 166


 9374 06fc 55       		.byte	0x55
 9375 06fd 04       		.byte	0x4
 9376 06fe 62       		.uleb128 .LVL21-.LVL8
 9377 06ff 6C       		.uleb128 .LFE188-.LVL8
 9378 0700 0A       		.uleb128 0xa
 9379 0701 A3       		.byte	0xa3
 9380 0702 03       		.uleb128 0x3
 9381 0703 A5       		.byte	0xa5
 9382 0704 01       		.uleb128 0x1
 9383 0705 26       		.uleb128 0x26
 9384 0706 A8       		.byte	0xa8
 9385 0707 2D       		.uleb128 0x2d
 9386 0708 A8       		.byte	0xa8
 9387 0709 00       		.uleb128 0
 9388 070a 9F       		.byte	0x9f
 9389 070b 00       		.byte	0
 9390              	.LVUS11:
 9391 070c 00       		.uleb128 0
 9392 070d 00       		.uleb128 .LVU93
 9393 070e 00       		.uleb128 .LVU93
 9394 070f 00       		.uleb128 .LVU126
 9395 0710 00       		.uleb128 .LVU126
 9396 0711 00       		.uleb128 0
 9397              	.LLST11:
 9398 0712 06       		.byte	0x6
 9399 0713 00000000 		.4byte	.LVL8
 9400 0717 04       		.byte	0x4
 9401 0718 00       		.uleb128 .LVL8-.LVL8
 9402 0719 15       		.uleb128 .LVL11-1-.LVL8
 9403 071a 01       		.uleb128 0x1
 9404 071b 52       		.byte	0x52
 9405 071c 04       		.byte	0x4
 9406 071d 15       		.uleb128 .LVL11-1-.LVL8
 9407 071e 62       		.uleb128 .LVL21-.LVL8
 9408 071f 01       		.uleb128 0x1
 9409 0720 56       		.byte	0x56
 9410 0721 04       		.byte	0x4
 9411 0722 62       		.uleb128 .LVL21-.LVL8
 9412 0723 6C       		.uleb128 .LFE188-.LVL8
 9413 0724 0A       		.uleb128 0xa
 9414 0725 A3       		.byte	0xa3
 9415 0726 03       		.uleb128 0x3
 9416 0727 A5       		.byte	0xa5
 9417 0728 02       		.uleb128 0x2
 9418 0729 26       		.uleb128 0x26
 9419 072a A8       		.byte	0xa8
 9420 072b 2D       		.uleb128 0x2d
 9421 072c A8       		.byte	0xa8
 9422 072d 00       		.uleb128 0
 9423 072e 9F       		.byte	0x9f
 9424 072f 00       		.byte	0
 9425              	.LVUS12:
 9426 0730 00       		.uleb128 0
 9427 0731 00       		.uleb128 .LVU89
 9428 0732 00       		.uleb128 .LVU89
 9429 0733 00       		.uleb128 .LVU126
 9430 0734 00       		.uleb128 .LVU126
ARM GAS  /tmp/cctmACj5.s 			page 167


 9431 0735 00       		.uleb128 0
 9432              	.LLST12:
 9433 0736 06       		.byte	0x6
 9434 0737 00000000 		.4byte	.LVL8
 9435 073b 04       		.byte	0x4
 9436 073c 00       		.uleb128 .LVL8-.LVL8
 9437 073d 0E       		.uleb128 .LVL9-.LVL8
 9438 073e 01       		.uleb128 0x1
 9439 073f 53       		.byte	0x53
 9440 0740 04       		.byte	0x4
 9441 0741 0E       		.uleb128 .LVL9-.LVL8
 9442 0742 62       		.uleb128 .LVL21-.LVL8
 9443 0743 01       		.uleb128 0x1
 9444 0744 57       		.byte	0x57
 9445 0745 04       		.byte	0x4
 9446 0746 62       		.uleb128 .LVL21-.LVL8
 9447 0747 6C       		.uleb128 .LFE188-.LVL8
 9448 0748 0A       		.uleb128 0xa
 9449 0749 A3       		.byte	0xa3
 9450 074a 03       		.uleb128 0x3
 9451 074b A5       		.byte	0xa5
 9452 074c 03       		.uleb128 0x3
 9453 074d 26       		.uleb128 0x26
 9454 074e A8       		.byte	0xa8
 9455 074f 2D       		.uleb128 0x2d
 9456 0750 A8       		.byte	0xa8
 9457 0751 00       		.uleb128 0
 9458 0752 9F       		.byte	0x9f
 9459 0753 00       		.byte	0
 9460              	.LVUS13:
 9461 0754 00       		.uleb128 0
 9462 0755 00       		.uleb128 .LVU116
 9463 0756 00       		.uleb128 .LVU116
 9464 0757 00       		.uleb128 .LVU126
 9465 0758 00       		.uleb128 .LVU126
 9466 0759 00       		.uleb128 0
 9467              	.LLST13:
 9468 075a 06       		.byte	0x6
 9469 075b 00000000 		.4byte	.LVL8
 9470 075f 04       		.byte	0x4
 9471 0760 00       		.uleb128 .LVL8-.LVL8
 9472 0761 50       		.uleb128 .LVL18-.LVL8
 9473 0762 02       		.uleb128 0x2
 9474 0763 91       		.byte	0x91
 9475 0764 00       		.sleb128 0
 9476 0765 04       		.byte	0x4
 9477 0766 50       		.uleb128 .LVL18-.LVL8
 9478 0767 62       		.uleb128 .LVL21-.LVL8
 9479 0768 02       		.uleb128 0x2
 9480 0769 91       		.byte	0x91
 9481 076a 00       		.sleb128 0
 9482 076b 04       		.byte	0x4
 9483 076c 62       		.uleb128 .LVL21-.LVL8
 9484 076d 6C       		.uleb128 .LFE188-.LVL8
 9485 076e 02       		.uleb128 0x2
 9486 076f 7D       		.byte	0x7d
 9487 0770 00       		.sleb128 0
ARM GAS  /tmp/cctmACj5.s 			page 168


 9488 0771 00       		.byte	0
 9489              	.LVUS14:
 9490 0772 00       		.uleb128 .LVU98
 9491 0773 00       		.uleb128 .LVU99
 9492 0774 00       		.uleb128 .LVU99
 9493 0775 00       		.uleb128 .LVU126
 9494 0776 00       		.uleb128 .LVU126
 9495 0777 00       		.uleb128 0
 9496              	.LLST14:
 9497 0778 06       		.byte	0x6
 9498 0779 2A000000 		.4byte	.LVL13
 9499 077d 04       		.byte	0x4
 9500 077e 00       		.uleb128 .LVL13-.LVL13
 9501 077f 03       		.uleb128 .LVL14-1-.LVL13
 9502 0780 01       		.uleb128 0x1
 9503 0781 50       		.byte	0x50
 9504 0782 04       		.byte	0x4
 9505 0783 03       		.uleb128 .LVL14-1-.LVL13
 9506 0784 38       		.uleb128 .LVL21-.LVL13
 9507 0785 01       		.uleb128 0x1
 9508 0786 54       		.byte	0x54
 9509 0787 04       		.byte	0x4
 9510 0788 38       		.uleb128 .LVL21-.LVL13
 9511 0789 42       		.uleb128 .LFE188-.LVL13
 9512 078a 01       		.uleb128 0x1
 9513 078b 50       		.byte	0x50
 9514 078c 00       		.byte	0
 9515              	.LVUS17:
 9516 078d 07       		.uleb128 .LVU84
 9517 078e 00       		.uleb128 .LVU90
 9518              	.LLST17:
 9519 078f 08       		.byte	0x8
 9520 0790 00000000 		.4byte	.LVL8
 9521 0794 12       		.uleb128 .LVL10-.LVL8
 9522 0795 03       		.uleb128 0x3
 9523 0796 08       		.byte	0x8
 9524 0797 20       		.byte	0x20
 9525 0798 9F       		.byte	0x9f
 9526 0799 00       		.byte	0
 9527              	.LVUS20:
 9528 079a 04       		.uleb128 .LVU111
 9529 079b 00       		.uleb128 .LVU113
 9530 079c 04       		.uleb128 .LVU121
 9531 079d 00       		.uleb128 .LVU123
 9532              	.LLST20:
 9533 079e 06       		.byte	0x6
 9534 079f 44000000 		.4byte	.LVL16
 9535 07a3 04       		.byte	0x4
 9536 07a4 00       		.uleb128 .LVL16-.LVL16
 9537 07a5 06       		.uleb128 .LVL17-.LVL16
 9538 07a6 02       		.uleb128 0x2
 9539 07a7 30       		.byte	0x30
 9540 07a8 9F       		.byte	0x9f
 9541 07a9 04       		.byte	0x4
 9542 07aa 12       		.uleb128 .LVL19-.LVL16
 9543 07ab 18       		.uleb128 .LVL20-.LVL16
 9544 07ac 02       		.uleb128 0x2
ARM GAS  /tmp/cctmACj5.s 			page 169


 9545 07ad 30       		.byte	0x30
 9546 07ae 9F       		.byte	0x9f
 9547 07af 00       		.byte	0
 9548              	.LVUS0:
 9549 07b0 00       		.uleb128 0
 9550 07b1 00       		.uleb128 .LVU32
 9551 07b2 00       		.uleb128 .LVU32
 9552 07b3 00       		.uleb128 0
 9553              	.LLST0:
 9554 07b4 06       		.byte	0x6
 9555 07b5 00000000 		.4byte	.LVL1
 9556 07b9 04       		.byte	0x4
 9557 07ba 00       		.uleb128 .LVL1-.LVL1
 9558 07bb 0D       		.uleb128 .LVL3-1-.LVL1
 9559 07bc 01       		.uleb128 0x1
 9560 07bd 50       		.byte	0x50
 9561 07be 04       		.byte	0x4
 9562 07bf 0D       		.uleb128 .LVL3-1-.LVL1
 9563 07c0 68       		.uleb128 .LFE187-.LVL1
 9564 07c1 01       		.uleb128 0x1
 9565 07c2 54       		.byte	0x54
 9566 07c3 00       		.byte	0
 9567              	.LVUS1:
 9568 07c4 00       		.uleb128 0
 9569 07c5 00       		.uleb128 .LVU32
 9570 07c6 00       		.uleb128 .LVU32
 9571 07c7 00       		.uleb128 0
 9572              	.LLST1:
 9573 07c8 06       		.byte	0x6
 9574 07c9 00000000 		.4byte	.LVL1
 9575 07cd 04       		.byte	0x4
 9576 07ce 00       		.uleb128 .LVL1-.LVL1
 9577 07cf 0D       		.uleb128 .LVL3-1-.LVL1
 9578 07d0 01       		.uleb128 0x1
 9579 07d1 51       		.byte	0x51
 9580 07d2 04       		.byte	0x4
 9581 07d3 0D       		.uleb128 .LVL3-1-.LVL1
 9582 07d4 68       		.uleb128 .LFE187-.LVL1
 9583 07d5 01       		.uleb128 0x1
 9584 07d6 55       		.byte	0x55
 9585 07d7 00       		.byte	0
 9586              	.LVUS2:
 9587 07d8 00       		.uleb128 0
 9588 07d9 00       		.uleb128 .LVU32
 9589 07da 00       		.uleb128 .LVU32
 9590 07db 00       		.uleb128 0
 9591              	.LLST2:
 9592 07dc 06       		.byte	0x6
 9593 07dd 00000000 		.4byte	.LVL1
 9594 07e1 04       		.byte	0x4
 9595 07e2 00       		.uleb128 .LVL1-.LVL1
 9596 07e3 0D       		.uleb128 .LVL3-1-.LVL1
 9597 07e4 01       		.uleb128 0x1
 9598 07e5 52       		.byte	0x52
 9599 07e6 04       		.byte	0x4
 9600 07e7 0D       		.uleb128 .LVL3-1-.LVL1
 9601 07e8 68       		.uleb128 .LFE187-.LVL1
ARM GAS  /tmp/cctmACj5.s 			page 170


 9602 07e9 01       		.uleb128 0x1
 9603 07ea 56       		.byte	0x56
 9604 07eb 00       		.byte	0
 9605              	.LVUS3:
 9606 07ec 00       		.uleb128 0
 9607 07ed 00       		.uleb128 .LVU32
 9608 07ee 00       		.uleb128 .LVU32
 9609 07ef 00       		.uleb128 0
 9610              	.LLST3:
 9611 07f0 06       		.byte	0x6
 9612 07f1 00000000 		.4byte	.LVL1
 9613 07f5 04       		.byte	0x4
 9614 07f6 00       		.uleb128 .LVL1-.LVL1
 9615 07f7 0D       		.uleb128 .LVL3-1-.LVL1
 9616 07f8 01       		.uleb128 0x1
 9617 07f9 53       		.byte	0x53
 9618 07fa 04       		.byte	0x4
 9619 07fb 0D       		.uleb128 .LVL3-1-.LVL1
 9620 07fc 68       		.uleb128 .LFE187-.LVL1
 9621 07fd 01       		.uleb128 0x1
 9622 07fe 57       		.byte	0x57
 9623 07ff 00       		.byte	0
 9624              	.LVUS4:
 9625 0800 00       		.uleb128 0
 9626 0801 00       		.uleb128 .LVU75
 9627 0802 00       		.uleb128 .LVU75
 9628 0803 00       		.uleb128 0
 9629              	.LLST4:
 9630 0804 06       		.byte	0x6
 9631 0805 00000000 		.4byte	.LVL1
 9632 0809 04       		.byte	0x4
 9633 080a 00       		.uleb128 .LVL1-.LVL1
 9634 080b 50       		.uleb128 .LVL7-.LVL1
 9635 080c 02       		.uleb128 0x2
 9636 080d 91       		.byte	0x91
 9637 080e 00       		.sleb128 0
 9638 080f 04       		.byte	0x4
 9639 0810 50       		.uleb128 .LVL7-.LVL1
 9640 0811 68       		.uleb128 .LFE187-.LVL1
 9641 0812 02       		.uleb128 0x2
 9642 0813 91       		.byte	0x91
 9643 0814 00       		.sleb128 0
 9644 0815 00       		.byte	0
 9645              	.LVUS5:
 9646 0816 00       		.uleb128 .LVU29
 9647 0817 00       		.uleb128 .LVU32
 9648 0818 00       		.uleb128 .LVU32
 9649 0819 00       		.uleb128 0
 9650              	.LLST5:
 9651 081a 06       		.byte	0x6
 9652 081b 04000000 		.4byte	.LVL2
 9653 081f 04       		.byte	0x4
 9654 0820 00       		.uleb128 .LVL2-.LVL2
 9655 0821 09       		.uleb128 .LVL3-1-.LVL2
 9656 0822 01       		.uleb128 0x1
 9657 0823 50       		.byte	0x50
 9658 0824 04       		.byte	0x4
ARM GAS  /tmp/cctmACj5.s 			page 171


 9659 0825 09       		.uleb128 .LVL3-1-.LVL2
 9660 0826 64       		.uleb128 .LFE187-.LVL2
 9661 0827 01       		.uleb128 0x1
 9662 0828 54       		.byte	0x54
 9663 0829 00       		.byte	0
 9664              	.LVUS7:
 9665 082a 04       		.uleb128 .LVU46
 9666 082b 02       		.uleb128 .LVU73
 9667              	.LLST7:
 9668 082c 08       		.byte	0x8
 9669 082d 30000000 		.4byte	.LVL5
 9670 0831 1E       		.uleb128 .LVL6-.LVL5
 9671 0832 01       		.uleb128 0x1
 9672 0833 56       		.byte	0x56
 9673 0834 00       		.byte	0
 9674              	.LVUS8:
 9675 0835 04       		.uleb128 .LVU46
 9676 0836 02       		.uleb128 .LVU73
 9677              	.LLST8:
 9678 0837 08       		.byte	0x8
 9679 0838 30000000 		.4byte	.LVL5
 9680 083c 1E       		.uleb128 .LVL6-.LVL5
 9681 083d 01       		.uleb128 0x1
 9682 083e 54       		.byte	0x54
 9683 083f 00       		.byte	0
 9684              	.LVUS90:
 9685 0840 00       		.uleb128 0
 9686 0841 00       		.uleb128 .LVU568
 9687 0842 00       		.uleb128 .LVU569
 9688 0843 00       		.uleb128 0
 9689              	.LLST90:
 9690 0844 06       		.byte	0x6
 9691 0845 00000000 		.4byte	.LVL122
 9692 0849 04       		.byte	0x4
 9693 084a 00       		.uleb128 .LVL122-.LVL122
 9694 084b 18       		.uleb128 .LVL125-.LVL122
 9695 084c 01       		.uleb128 0x1
 9696 084d 50       		.byte	0x50
 9697 084e 04       		.byte	0x4
 9698 084f 1B       		.uleb128 .LVL126-1-.LVL122
 9699 0850 30       		.uleb128 .LFE197-.LVL122
 9700 0851 0A       		.uleb128 0xa
 9701 0852 A3       		.byte	0xa3
 9702 0853 03       		.uleb128 0x3
 9703 0854 A5       		.byte	0xa5
 9704 0855 00       		.uleb128 0
 9705 0856 26       		.uleb128 0x26
 9706 0857 A8       		.byte	0xa8
 9707 0858 2D       		.uleb128 0x2d
 9708 0859 A8       		.byte	0xa8
 9709 085a 00       		.uleb128 0
 9710 085b 9F       		.byte	0x9f
 9711 085c 00       		.byte	0
 9712              	.LVUS91:
 9713 085d 00       		.uleb128 .LVU558
 9714 085e 00       		.uleb128 .LVU564
 9715              	.LLST91:
ARM GAS  /tmp/cctmACj5.s 			page 172


 9716 085f 08       		.byte	0x8
 9717 0860 06000000 		.4byte	.LVL123
 9718 0864 0C       		.uleb128 .LVL124-.LVL123
 9719 0865 01       		.uleb128 0x1
 9720 0866 53       		.byte	0x53
 9721 0867 00       		.byte	0
 9722              	.LVUS103:
 9723 0868 00       		.uleb128 0
 9724 0869 00       		.uleb128 .LVU667
 9725 086a 00       		.uleb128 .LVU667
 9726 086b 00       		.uleb128 .LVU672
 9727 086c 00       		.uleb128 .LVU672
 9728 086d 00       		.uleb128 .LVU673
 9729 086e 00       		.uleb128 .LVU673
 9730 086f 00       		.uleb128 .LVU674
 9731 0870 00       		.uleb128 .LVU674
 9732 0871 00       		.uleb128 .LVU676
 9733 0872 00       		.uleb128 .LVU676
 9734 0873 00       		.uleb128 0
 9735              	.LLST103:
 9736 0874 06       		.byte	0x6
 9737 0875 00000000 		.4byte	.LVL149
 9738 0879 04       		.byte	0x4
 9739 087a 00       		.uleb128 .LVL149-.LVL149
 9740 087b 10       		.uleb128 .LVL151-.LVL149
 9741 087c 01       		.uleb128 0x1
 9742 087d 50       		.byte	0x50
 9743 087e 04       		.byte	0x4
 9744 087f 10       		.uleb128 .LVL151-.LVL149
 9745 0880 1C       		.uleb128 .LVL152-.LVL149
 9746 0881 01       		.uleb128 0x1
 9747 0882 54       		.byte	0x54
 9748 0883 04       		.byte	0x4
 9749 0884 1C       		.uleb128 .LVL152-.LVL149
 9750 0885 20       		.uleb128 .LVL153-.LVL149
 9751 0886 0A       		.uleb128 0xa
 9752 0887 A3       		.byte	0xa3
 9753 0888 03       		.uleb128 0x3
 9754 0889 A5       		.byte	0xa5
 9755 088a 00       		.uleb128 0
 9756 088b 26       		.uleb128 0x26
 9757 088c A8       		.byte	0xa8
 9758 088d 2D       		.uleb128 0x2d
 9759 088e A8       		.byte	0xa8
 9760 088f 00       		.uleb128 0
 9761 0890 9F       		.byte	0x9f
 9762 0891 04       		.byte	0x4
 9763 0892 20       		.uleb128 .LVL153-.LVL149
 9764 0893 22       		.uleb128 .LVL154-.LVL149
 9765 0894 01       		.uleb128 0x1
 9766 0895 50       		.byte	0x50
 9767 0896 04       		.byte	0x4
 9768 0897 22       		.uleb128 .LVL154-.LVL149
 9769 0898 28       		.uleb128 .LVL156-.LVL149
 9770 0899 01       		.uleb128 0x1
 9771 089a 54       		.byte	0x54
 9772 089b 04       		.byte	0x4
ARM GAS  /tmp/cctmACj5.s 			page 173


 9773 089c 28       		.uleb128 .LVL156-.LVL149
 9774 089d 30       		.uleb128 .LFE201-.LVL149
 9775 089e 01       		.uleb128 0x1
 9776 089f 50       		.byte	0x50
 9777 08a0 00       		.byte	0
 9778              	.LVUS104:
 9779 08a1 00       		.uleb128 0
 9780 08a2 00       		.uleb128 .LVU667
 9781 08a3 00       		.uleb128 .LVU667
 9782 08a4 00       		.uleb128 .LVU672
 9783 08a5 00       		.uleb128 .LVU672
 9784 08a6 00       		.uleb128 .LVU673
 9785 08a7 00       		.uleb128 .LVU673
 9786 08a8 00       		.uleb128 .LVU673
 9787 08a9 00       		.uleb128 .LVU673
 9788 08aa 00       		.uleb128 .LVU675
 9789 08ab 00       		.uleb128 .LVU675
 9790 08ac 00       		.uleb128 .LVU676
 9791 08ad 00       		.uleb128 .LVU676
 9792 08ae 00       		.uleb128 0
 9793              	.LLST104:
 9794 08af 06       		.byte	0x6
 9795 08b0 00000000 		.4byte	.LVL149
 9796 08b4 04       		.byte	0x4
 9797 08b5 00       		.uleb128 .LVL149-.LVL149
 9798 08b6 10       		.uleb128 .LVL151-.LVL149
 9799 08b7 01       		.uleb128 0x1
 9800 08b8 51       		.byte	0x51
 9801 08b9 04       		.byte	0x4
 9802 08ba 10       		.uleb128 .LVL151-.LVL149
 9803 08bb 1C       		.uleb128 .LVL152-.LVL149
 9804 08bc 01       		.uleb128 0x1
 9805 08bd 55       		.byte	0x55
 9806 08be 04       		.byte	0x4
 9807 08bf 1C       		.uleb128 .LVL152-.LVL149
 9808 08c0 1F       		.uleb128 .LVL153-1-.LVL149
 9809 08c1 01       		.uleb128 0x1
 9810 08c2 51       		.byte	0x51
 9811 08c3 04       		.byte	0x4
 9812 08c4 1F       		.uleb128 .LVL153-1-.LVL149
 9813 08c5 20       		.uleb128 .LVL153-.LVL149
 9814 08c6 0A       		.uleb128 0xa
 9815 08c7 A3       		.byte	0xa3
 9816 08c8 03       		.uleb128 0x3
 9817 08c9 A5       		.byte	0xa5
 9818 08ca 01       		.uleb128 0x1
 9819 08cb 26       		.uleb128 0x26
 9820 08cc A8       		.byte	0xa8
 9821 08cd 2D       		.uleb128 0x2d
 9822 08ce A8       		.byte	0xa8
 9823 08cf 00       		.uleb128 0
 9824 08d0 9F       		.byte	0x9f
 9825 08d1 04       		.byte	0x4
 9826 08d2 20       		.uleb128 .LVL153-.LVL149
 9827 08d3 25       		.uleb128 .LVL155-1-.LVL149
 9828 08d4 01       		.uleb128 0x1
 9829 08d5 51       		.byte	0x51
ARM GAS  /tmp/cctmACj5.s 			page 174


 9830 08d6 04       		.byte	0x4
 9831 08d7 25       		.uleb128 .LVL155-1-.LVL149
 9832 08d8 28       		.uleb128 .LVL156-.LVL149
 9833 08d9 01       		.uleb128 0x1
 9834 08da 55       		.byte	0x55
 9835 08db 04       		.byte	0x4
 9836 08dc 28       		.uleb128 .LVL156-.LVL149
 9837 08dd 30       		.uleb128 .LFE201-.LVL149
 9838 08de 01       		.uleb128 0x1
 9839 08df 51       		.byte	0x51
 9840 08e0 00       		.byte	0
 9841              	.LVUS106:
 9842 08e1 01       		.uleb128 .LVU664
 9843 08e2 00       		.uleb128 .LVU672
 9844 08e3 00       		.uleb128 .LVU672
 9845 08e4 00       		.uleb128 .LVU673
 9846 08e5 00       		.uleb128 .LVU673
 9847 08e6 00       		.uleb128 .LVU676
 9848              	.LLST106:
 9849 08e7 06       		.byte	0x6
 9850 08e8 0E000000 		.4byte	.LVL150
 9851 08ec 04       		.byte	0x4
 9852 08ed 00       		.uleb128 .LVL150-.LVL150
 9853 08ee 0E       		.uleb128 .LVL152-.LVL150
 9854 08ef 01       		.uleb128 0x1
 9855 08f0 56       		.byte	0x56
 9856 08f1 04       		.byte	0x4
 9857 08f2 0E       		.uleb128 .LVL152-.LVL150
 9858 08f3 11       		.uleb128 .LVL153-1-.LVL150
 9859 08f4 01       		.uleb128 0x1
 9860 08f5 50       		.byte	0x50
 9861 08f6 04       		.byte	0x4
 9862 08f7 12       		.uleb128 .LVL153-.LVL150
 9863 08f8 1A       		.uleb128 .LVL156-.LVL150
 9864 08f9 01       		.uleb128 0x1
 9865 08fa 56       		.byte	0x56
 9866 08fb 00       		.byte	0
 9867              	.Ldebug_loc3:
 9868              		.section	.debug_aranges,"",%progbits
 9869 0000 B4000000 		.4byte	0xb4
 9870 0004 0200     		.2byte	0x2
 9871 0006 00000000 		.4byte	.Ldebug_info0
 9872 000a 04       		.byte	0x4
 9873 000b 00       		.byte	0
 9874 000c 0000     		.2byte	0
 9875 000e 0000     		.2byte	0
 9876 0010 00000000 		.4byte	.LFB186
 9877 0014 28000000 		.4byte	.LFE186-.LFB186
 9878 0018 00000000 		.4byte	.LFB187
 9879 001c 68000000 		.4byte	.LFE187-.LFB187
 9880 0020 00000000 		.4byte	.LFB188
 9881 0024 6C000000 		.4byte	.LFE188-.LFB188
 9882 0028 00000000 		.4byte	.LFB189
 9883 002c 60000000 		.4byte	.LFE189-.LFB189
 9884 0030 00000000 		.4byte	.LFB190
 9885 0034 70000000 		.4byte	.LFE190-.LFB190
 9886 0038 00000000 		.4byte	.LFB191
ARM GAS  /tmp/cctmACj5.s 			page 175


 9887 003c 4C000000 		.4byte	.LFE191-.LFB191
 9888 0040 00000000 		.4byte	.LFB192
 9889 0044 58000000 		.4byte	.LFE192-.LFB192
 9890 0048 00000000 		.4byte	.LFB193
 9891 004c 50000000 		.4byte	.LFE193-.LFB193
 9892 0050 00000000 		.4byte	.LFB194
 9893 0054 6C000000 		.4byte	.LFE194-.LFB194
 9894 0058 00000000 		.4byte	.LFB195
 9895 005c 5C000000 		.4byte	.LFE195-.LFB195
 9896 0060 00000000 		.4byte	.LFB196
 9897 0064 3C000000 		.4byte	.LFE196-.LFB196
 9898 0068 00000000 		.4byte	.LFB197
 9899 006c 30000000 		.4byte	.LFE197-.LFB197
 9900 0070 00000000 		.4byte	.LFB198
 9901 0074 2C000000 		.4byte	.LFE198-.LFB198
 9902 0078 00000000 		.4byte	.LFB199
 9903 007c 34000000 		.4byte	.LFE199-.LFB199
 9904 0080 00000000 		.4byte	.LFB200
 9905 0084 30000000 		.4byte	.LFE200-.LFB200
 9906 0088 00000000 		.4byte	.LFB201
 9907 008c 30000000 		.4byte	.LFE201-.LFB201
 9908 0090 00000000 		.4byte	.LFB202
 9909 0094 68000000 		.4byte	.LFE202-.LFB202
 9910 0098 00000000 		.4byte	.LFB203
 9911 009c 28000000 		.4byte	.LFE203-.LFB203
 9912 00a0 00000000 		.4byte	.LFB204
 9913 00a4 3C000000 		.4byte	.LFE204-.LFB204
 9914 00a8 00000000 		.4byte	.LFB205
 9915 00ac 38000000 		.4byte	.LFE205-.LFB205
 9916 00b0 00000000 		.4byte	0
 9917 00b4 00000000 		.4byte	0
 9918              		.section	.debug_rnglists,"",%progbits
 9919              	.Ldebug_ranges0:
 9920 0000 36030000 		.4byte	.Ldebug_ranges3-.Ldebug_ranges2
 9921              	.Ldebug_ranges2:
 9922 0004 0500     		.2byte	0x5
 9923 0006 04       		.byte	0x4
 9924 0007 00       		.byte	0
 9925 0008 00000000 		.4byte	0
 9926              	.LLRL6:
 9927 000c 05       		.byte	0x5
 9928 000d 26000000 		.4byte	.LBB84
 9929 0011 04       		.byte	0x4
 9930 0012 00       		.uleb128 .LBB84-.LBB84
 9931 0013 02       		.uleb128 .LBE84-.LBB84
 9932 0014 04       		.byte	0x4
 9933 0015 0A       		.uleb128 .LBB88-.LBB84
 9934 0016 22       		.uleb128 .LBE88-.LBB84
 9935 0017 04       		.byte	0x4
 9936 0018 24       		.uleb128 .LBB89-.LBB84
 9937 0019 28       		.uleb128 .LBE89-.LBB84
 9938 001a 00       		.byte	0
 9939              	.LLRL15:
 9940 001b 05       		.byte	0x5
 9941 001c 00000000 		.4byte	.LBB100
 9942 0020 04       		.byte	0x4
 9943 0021 00       		.uleb128 .LBB100-.LBB100
ARM GAS  /tmp/cctmACj5.s 			page 176


 9944 0022 00       		.uleb128 .LBE100-.LBB100
 9945 0023 04       		.byte	0x4
 9946 0024 0C       		.uleb128 .LBB109-.LBB100
 9947 0025 16       		.uleb128 .LBE109-.LBB100
 9948 0026 00       		.byte	0
 9949              	.LLRL16:
 9950 0027 05       		.byte	0x5
 9951 0028 00000000 		.4byte	.LBB102
 9952 002c 04       		.byte	0x4
 9953 002d 00       		.uleb128 .LBB102-.LBB102
 9954 002e 00       		.uleb128 .LBE102-.LBB102
 9955 002f 04       		.byte	0x4
 9956 0030 0C       		.uleb128 .LBB107-.LBB102
 9957 0031 12       		.uleb128 .LBE107-.LBB102
 9958 0032 00       		.byte	0
 9959              	.LLRL18:
 9960 0033 05       		.byte	0x5
 9961 0034 2E000000 		.4byte	.LBB110
 9962 0038 04       		.byte	0x4
 9963 0039 00       		.uleb128 .LBB110-.LBB110
 9964 003a 1C       		.uleb128 .LBE110-.LBB110
 9965 003b 04       		.byte	0x4
 9966 003c 22       		.uleb128 .LBB119-.LBB110
 9967 003d 2E       		.uleb128 .LBE119-.LBB110
 9968 003e 00       		.byte	0
 9969              	.LLRL19:
 9970 003f 05       		.byte	0x5
 9971 0040 44000000 		.4byte	.LBB112
 9972 0044 04       		.byte	0x4
 9973 0045 00       		.uleb128 .LBB112-.LBB112
 9974 0046 06       		.uleb128 .LBE112-.LBB112
 9975 0047 04       		.byte	0x4
 9976 0048 12       		.uleb128 .LBB117-.LBB112
 9977 0049 18       		.uleb128 .LBE117-.LBB112
 9978 004a 00       		.byte	0
 9979              	.LLRL22:
 9980 004b 05       		.byte	0x5
 9981 004c 00000000 		.4byte	.LBB132
 9982 0050 04       		.byte	0x4
 9983 0051 00       		.uleb128 .LBB132-.LBB132
 9984 0052 00       		.uleb128 .LBE132-.LBB132
 9985 0053 04       		.byte	0x4
 9986 0054 02       		.uleb128 .LBB145-.LBB132
 9987 0055 04       		.uleb128 .LBE145-.LBB132
 9988 0056 04       		.byte	0x4
 9989 0057 06       		.uleb128 .LBB146-.LBB132
 9990 0058 0E       		.uleb128 .LBE146-.LBB132
 9991 0059 00       		.byte	0
 9992              	.LLRL23:
 9993 005a 05       		.byte	0x5
 9994 005b 00000000 		.4byte	.LBB134
 9995 005f 04       		.byte	0x4
 9996 0060 00       		.uleb128 .LBB134-.LBB134
 9997 0061 00       		.uleb128 .LBE134-.LBB134
 9998 0062 04       		.byte	0x4
 9999 0063 02       		.uleb128 .LBB141-.LBB134
 10000 0064 04       		.uleb128 .LBE141-.LBB134
ARM GAS  /tmp/cctmACj5.s 			page 177


 10001 0065 04       		.byte	0x4
 10002 0066 06       		.uleb128 .LBB142-.LBB134
 10003 0067 0A       		.uleb128 .LBE142-.LBB134
 10004 0068 00       		.byte	0
 10005              	.LLRL26:
 10006 0069 05       		.byte	0x5
 10007 006a 22000000 		.4byte	.LBB149
 10008 006e 04       		.byte	0x4
 10009 006f 00       		.uleb128 .LBB149-.LBB149
 10010 0070 1C       		.uleb128 .LBE149-.LBB149
 10011 0071 04       		.byte	0x4
 10012 0072 20       		.uleb128 .LBB158-.LBB149
 10013 0073 2C       		.uleb128 .LBE158-.LBB149
 10014 0074 00       		.byte	0
 10015              	.LLRL27:
 10016 0075 05       		.byte	0x5
 10017 0076 38000000 		.4byte	.LBB151
 10018 007a 04       		.byte	0x4
 10019 007b 00       		.uleb128 .LBB151-.LBB151
 10020 007c 06       		.uleb128 .LBE151-.LBB151
 10021 007d 04       		.byte	0x4
 10022 007e 10       		.uleb128 .LBB156-.LBB151
 10023 007f 16       		.uleb128 .LBE156-.LBB151
 10024 0080 00       		.byte	0
 10025              	.LLRL31:
 10026 0081 05       		.byte	0x5
 10027 0082 08000000 		.4byte	.LBB169
 10028 0086 04       		.byte	0x4
 10029 0087 00       		.uleb128 .LBB169-.LBB169
 10030 0088 06       		.uleb128 .LBE169-.LBB169
 10031 0089 04       		.byte	0x4
 10032 008a 08       		.uleb128 .LBB175-.LBB169
 10033 008b 0C       		.uleb128 .LBE175-.LBB169
 10034 008c 00       		.byte	0
 10035              	.LLRL33:
 10036 008d 05       		.byte	0x5
 10037 008e 28000000 		.4byte	.LBB176
 10038 0092 04       		.byte	0x4
 10039 0093 00       		.uleb128 .LBB176-.LBB176
 10040 0094 1A       		.uleb128 .LBE176-.LBB176
 10041 0095 04       		.byte	0x4
 10042 0096 22       		.uleb128 .LBB185-.LBB176
 10043 0097 2E       		.uleb128 .LBE185-.LBB176
 10044 0098 00       		.byte	0
 10045              	.LLRL34:
 10046 0099 05       		.byte	0x5
 10047 009a 3C000000 		.4byte	.LBB178
 10048 009e 04       		.byte	0x4
 10049 009f 00       		.uleb128 .LBB178-.LBB178
 10050 00a0 06       		.uleb128 .LBE178-.LBB178
 10051 00a1 04       		.byte	0x4
 10052 00a2 14       		.uleb128 .LBB183-.LBB178
 10053 00a3 1A       		.uleb128 .LBE183-.LBB178
 10054 00a4 00       		.byte	0
 10055              	.LLRL37:
 10056 00a5 05       		.byte	0x5
 10057 00a6 00000000 		.4byte	.LBB196
ARM GAS  /tmp/cctmACj5.s 			page 178


 10058 00aa 04       		.byte	0x4
 10059 00ab 00       		.uleb128 .LBB196-.LBB196
 10060 00ac 00       		.uleb128 .LBE196-.LBB196
 10061 00ad 04       		.byte	0x4
 10062 00ae 02       		.uleb128 .LBB209-.LBB196
 10063 00af 04       		.uleb128 .LBE209-.LBB196
 10064 00b0 04       		.byte	0x4
 10065 00b1 06       		.uleb128 .LBB210-.LBB196
 10066 00b2 0E       		.uleb128 .LBE210-.LBB196
 10067 00b3 00       		.byte	0
 10068              	.LLRL38:
 10069 00b4 05       		.byte	0x5
 10070 00b5 00000000 		.4byte	.LBB198
 10071 00b9 04       		.byte	0x4
 10072 00ba 00       		.uleb128 .LBB198-.LBB198
 10073 00bb 00       		.uleb128 .LBE198-.LBB198
 10074 00bc 04       		.byte	0x4
 10075 00bd 02       		.uleb128 .LBB205-.LBB198
 10076 00be 04       		.uleb128 .LBE205-.LBB198
 10077 00bf 04       		.byte	0x4
 10078 00c0 06       		.uleb128 .LBB206-.LBB198
 10079 00c1 0A       		.uleb128 .LBE206-.LBB198
 10080 00c2 00       		.byte	0
 10081              	.LLRL40:
 10082 00c3 05       		.byte	0x5
 10083 00c4 16000000 		.4byte	.LBB211
 10084 00c8 04       		.byte	0x4
 10085 00c9 00       		.uleb128 .LBB211-.LBB211
 10086 00ca 1C       		.uleb128 .LBE211-.LBB211
 10087 00cb 04       		.byte	0x4
 10088 00cc 1E       		.uleb128 .LBB220-.LBB211
 10089 00cd 2A       		.uleb128 .LBE220-.LBB211
 10090 00ce 00       		.byte	0
 10091              	.LLRL41:
 10092 00cf 05       		.byte	0x5
 10093 00d0 2C000000 		.4byte	.LBB213
 10094 00d4 04       		.byte	0x4
 10095 00d5 00       		.uleb128 .LBB213-.LBB213
 10096 00d6 06       		.uleb128 .LBE213-.LBB213
 10097 00d7 04       		.byte	0x4
 10098 00d8 0E       		.uleb128 .LBB218-.LBB213
 10099 00d9 14       		.uleb128 .LBE218-.LBB213
 10100 00da 00       		.byte	0
 10101              	.LLRL44:
 10102 00db 05       		.byte	0x5
 10103 00dc 00000000 		.4byte	.LBB233
 10104 00e0 04       		.byte	0x4
 10105 00e1 00       		.uleb128 .LBB233-.LBB233
 10106 00e2 00       		.uleb128 .LBE233-.LBB233
 10107 00e3 04       		.byte	0x4
 10108 00e4 02       		.uleb128 .LBB246-.LBB233
 10109 00e5 04       		.uleb128 .LBE246-.LBB233
 10110 00e6 04       		.byte	0x4
 10111 00e7 06       		.uleb128 .LBB247-.LBB233
 10112 00e8 0E       		.uleb128 .LBE247-.LBB233
 10113 00e9 00       		.byte	0
 10114              	.LLRL45:
ARM GAS  /tmp/cctmACj5.s 			page 179


 10115 00ea 05       		.byte	0x5
 10116 00eb 00000000 		.4byte	.LBB235
 10117 00ef 04       		.byte	0x4
 10118 00f0 00       		.uleb128 .LBB235-.LBB235
 10119 00f1 00       		.uleb128 .LBE235-.LBB235
 10120 00f2 04       		.byte	0x4
 10121 00f3 02       		.uleb128 .LBB242-.LBB235
 10122 00f4 04       		.uleb128 .LBE242-.LBB235
 10123 00f5 04       		.byte	0x4
 10124 00f6 06       		.uleb128 .LBB243-.LBB235
 10125 00f7 0A       		.uleb128 .LBE243-.LBB235
 10126 00f8 00       		.byte	0
 10127              	.LLRL47:
 10128 00f9 05       		.byte	0x5
 10129 00fa 0E000000 		.4byte	.LBB248
 10130 00fe 04       		.byte	0x4
 10131 00ff 00       		.uleb128 .LBB248-.LBB248
 10132 0100 0A       		.uleb128 .LBE248-.LBB248
 10133 0101 04       		.byte	0x4
 10134 0102 36       		.uleb128 .LBB261-.LBB248
 10135 0103 4A       		.uleb128 .LBE261-.LBB248
 10136 0104 00       		.byte	0
 10137              	.LLRL49:
 10138 0105 05       		.byte	0x5
 10139 0106 18000000 		.4byte	.LBB251
 10140 010a 04       		.byte	0x4
 10141 010b 00       		.uleb128 .LBB251-.LBB251
 10142 010c 1C       		.uleb128 .LBE251-.LBB251
 10143 010d 04       		.byte	0x4
 10144 010e 1E       		.uleb128 .LBB260-.LBB251
 10145 010f 2A       		.uleb128 .LBE260-.LBB251
 10146 0110 00       		.byte	0
 10147              	.LLRL50:
 10148 0111 05       		.byte	0x5
 10149 0112 2E000000 		.4byte	.LBB253
 10150 0116 04       		.byte	0x4
 10151 0117 00       		.uleb128 .LBB253-.LBB253
 10152 0118 06       		.uleb128 .LBE253-.LBB253
 10153 0119 04       		.byte	0x4
 10154 011a 0E       		.uleb128 .LBB258-.LBB253
 10155 011b 14       		.uleb128 .LBE258-.LBB253
 10156 011c 00       		.byte	0
 10157              	.LLRL53:
 10158 011d 05       		.byte	0x5
 10159 011e 00000000 		.4byte	.LBB276
 10160 0122 04       		.byte	0x4
 10161 0123 00       		.uleb128 .LBB276-.LBB276
 10162 0124 00       		.uleb128 .LBE276-.LBB276
 10163 0125 04       		.byte	0x4
 10164 0126 04       		.uleb128 .LBB286-.LBB276
 10165 0127 0A       		.uleb128 .LBE286-.LBB276
 10166 0128 04       		.byte	0x4
 10167 0129 0C       		.uleb128 .LBB290-.LBB276
 10168 012a 10       		.uleb128 .LBE290-.LBB276
 10169 012b 00       		.byte	0
 10170              	.LLRL54:
 10171 012c 05       		.byte	0x5
ARM GAS  /tmp/cctmACj5.s 			page 180


 10172 012d 00000000 		.4byte	.LBB278
 10173 0131 04       		.byte	0x4
 10174 0132 00       		.uleb128 .LBB278-.LBB278
 10175 0133 00       		.uleb128 .LBE278-.LBB278
 10176 0134 04       		.byte	0x4
 10177 0135 04       		.uleb128 .LBB283-.LBB278
 10178 0136 0A       		.uleb128 .LBE283-.LBB278
 10179 0137 00       		.byte	0
 10180              	.LLRL56:
 10181 0138 05       		.byte	0x5
 10182 0139 0A000000 		.4byte	.LBB287
 10183 013d 04       		.byte	0x4
 10184 013e 00       		.uleb128 .LBB287-.LBB287
 10185 013f 02       		.uleb128 .LBE287-.LBB287
 10186 0140 04       		.byte	0x4
 10187 0141 06       		.uleb128 .LBB291-.LBB287
 10188 0142 08       		.uleb128 .LBE291-.LBB287
 10189 0143 00       		.byte	0
 10190              	.LLRL57:
 10191 0144 05       		.byte	0x5
 10192 0145 16000000 		.4byte	.LBB292
 10193 0149 04       		.byte	0x4
 10194 014a 00       		.uleb128 .LBB292-.LBB292
 10195 014b 1A       		.uleb128 .LBE292-.LBB292
 10196 014c 04       		.byte	0x4
 10197 014d 1C       		.uleb128 .LBB301-.LBB292
 10198 014e 28       		.uleb128 .LBE301-.LBB292
 10199 014f 00       		.byte	0
 10200              	.LLRL58:
 10201 0150 05       		.byte	0x5
 10202 0151 2A000000 		.4byte	.LBB294
 10203 0155 04       		.byte	0x4
 10204 0156 00       		.uleb128 .LBB294-.LBB294
 10205 0157 06       		.uleb128 .LBE294-.LBB294
 10206 0158 04       		.byte	0x4
 10207 0159 0E       		.uleb128 .LBB299-.LBB294
 10208 015a 14       		.uleb128 .LBE299-.LBB294
 10209 015b 00       		.byte	0
 10210              	.LLRL64:
 10211 015c 05       		.byte	0x5
 10212 015d 00000000 		.4byte	.LBB320
 10213 0161 04       		.byte	0x4
 10214 0162 00       		.uleb128 .LBB320-.LBB320
 10215 0163 00       		.uleb128 .LBE320-.LBB320
 10216 0164 04       		.byte	0x4
 10217 0165 02       		.uleb128 .LBB334-.LBB320
 10218 0166 04       		.uleb128 .LBE334-.LBB320
 10219 0167 04       		.byte	0x4
 10220 0168 08       		.uleb128 .LBB335-.LBB320
 10221 0169 0C       		.uleb128 .LBE335-.LBB320
 10222 016a 04       		.byte	0x4
 10223 016b 0E       		.uleb128 .LBB339-.LBB320
 10224 016c 12       		.uleb128 .LBE339-.LBB320
 10225 016d 00       		.byte	0
 10226              	.LLRL65:
 10227 016e 05       		.byte	0x5
 10228 016f 00000000 		.4byte	.LBB322
ARM GAS  /tmp/cctmACj5.s 			page 181


 10229 0173 04       		.byte	0x4
 10230 0174 00       		.uleb128 .LBB322-.LBB322
 10231 0175 00       		.uleb128 .LBE322-.LBB322
 10232 0176 04       		.byte	0x4
 10233 0177 02       		.uleb128 .LBB329-.LBB322
 10234 0178 04       		.uleb128 .LBE329-.LBB322
 10235 0179 04       		.byte	0x4
 10236 017a 08       		.uleb128 .LBB330-.LBB322
 10237 017b 0C       		.uleb128 .LBE330-.LBB322
 10238 017c 00       		.byte	0
 10239              	.LLRL67:
 10240 017d 05       		.byte	0x5
 10241 017e 0C000000 		.4byte	.LBB336
 10242 0182 04       		.byte	0x4
 10243 0183 00       		.uleb128 .LBB336-.LBB336
 10244 0184 02       		.uleb128 .LBE336-.LBB336
 10245 0185 04       		.byte	0x4
 10246 0186 06       		.uleb128 .LBB340-.LBB336
 10247 0187 08       		.uleb128 .LBE340-.LBB336
 10248 0188 00       		.byte	0
 10249              	.LLRL71:
 10250 0189 05       		.byte	0x5
 10251 018a 1C000000 		.4byte	.LBB343
 10252 018e 04       		.byte	0x4
 10253 018f 00       		.uleb128 .LBB343-.LBB343
 10254 0190 1A       		.uleb128 .LBE343-.LBB343
 10255 0191 04       		.byte	0x4
 10256 0192 1E       		.uleb128 .LBB352-.LBB343
 10257 0193 2A       		.uleb128 .LBE352-.LBB343
 10258 0194 00       		.byte	0
 10259              	.LLRL72:
 10260 0195 05       		.byte	0x5
 10261 0196 30000000 		.4byte	.LBB345
 10262 019a 04       		.byte	0x4
 10263 019b 00       		.uleb128 .LBB345-.LBB345
 10264 019c 06       		.uleb128 .LBE345-.LBB345
 10265 019d 04       		.byte	0x4
 10266 019e 10       		.uleb128 .LBB350-.LBB345
 10267 019f 16       		.uleb128 .LBE350-.LBB345
 10268 01a0 00       		.byte	0
 10269              	.LLRL75:
 10270 01a1 05       		.byte	0x5
 10271 01a2 00000000 		.4byte	.LBB369
 10272 01a6 04       		.byte	0x4
 10273 01a7 00       		.uleb128 .LBB369-.LBB369
 10274 01a8 00       		.uleb128 .LBE369-.LBB369
 10275 01a9 04       		.byte	0x4
 10276 01aa 02       		.uleb128 .LBB379-.LBB369
 10277 01ab 08       		.uleb128 .LBE379-.LBB369
 10278 01ac 04       		.byte	0x4
 10279 01ad 0A       		.uleb128 .LBB388-.LBB369
 10280 01ae 0E       		.uleb128 .LBE388-.LBB369
 10281 01af 00       		.byte	0
 10282              	.LLRL76:
 10283 01b0 05       		.byte	0x5
 10284 01b1 00000000 		.4byte	.LBB371
 10285 01b5 04       		.byte	0x4
ARM GAS  /tmp/cctmACj5.s 			page 182


 10286 01b6 00       		.uleb128 .LBB371-.LBB371
 10287 01b7 00       		.uleb128 .LBE371-.LBB371
 10288 01b8 04       		.byte	0x4
 10289 01b9 02       		.uleb128 .LBB376-.LBB371
 10290 01ba 08       		.uleb128 .LBE376-.LBB371
 10291 01bb 00       		.byte	0
 10292              	.LLRL78:
 10293 01bc 05       		.byte	0x5
 10294 01bd 08000000 		.4byte	.LBB380
 10295 01c1 04       		.byte	0x4
 10296 01c2 00       		.uleb128 .LBB380-.LBB380
 10297 01c3 02       		.uleb128 .LBE380-.LBB380
 10298 01c4 04       		.byte	0x4
 10299 01c5 06       		.uleb128 .LBB389-.LBB380
 10300 01c6 1A       		.uleb128 .LBE389-.LBB380
 10301 01c7 04       		.byte	0x4
 10302 01c8 44       		.uleb128 .LBB400-.LBB380
 10303 01c9 54       		.uleb128 .LBE400-.LBB380
 10304 01ca 00       		.byte	0
 10305              	.LLRL79:
 10306 01cb 05       		.byte	0x5
 10307 01cc 08000000 		.4byte	.LBB382
 10308 01d0 04       		.byte	0x4
 10309 01d1 00       		.uleb128 .LBB382-.LBB382
 10310 01d2 02       		.uleb128 .LBE382-.LBB382
 10311 01d3 04       		.byte	0x4
 10312 01d4 0A       		.uleb128 .LBB385-.LBB382
 10313 01d5 12       		.uleb128 .LBE385-.LBB382
 10314 01d6 00       		.byte	0
 10315              	.LLRL80:
 10316 01d7 05       		.byte	0x5
 10317 01d8 22000000 		.4byte	.LBB390
 10318 01dc 04       		.byte	0x4
 10319 01dd 00       		.uleb128 .LBB390-.LBB390
 10320 01de 1A       		.uleb128 .LBE390-.LBB390
 10321 01df 04       		.byte	0x4
 10322 01e0 1C       		.uleb128 .LBB399-.LBB390
 10323 01e1 28       		.uleb128 .LBE399-.LBB390
 10324 01e2 00       		.byte	0
 10325              	.LLRL81:
 10326 01e3 05       		.byte	0x5
 10327 01e4 36000000 		.4byte	.LBB392
 10328 01e8 04       		.byte	0x4
 10329 01e9 00       		.uleb128 .LBB392-.LBB392
 10330 01ea 06       		.uleb128 .LBE392-.LBB392
 10331 01eb 04       		.byte	0x4
 10332 01ec 0E       		.uleb128 .LBB397-.LBB392
 10333 01ed 14       		.uleb128 .LBE397-.LBB392
 10334 01ee 00       		.byte	0
 10335              	.LLRL84:
 10336 01ef 05       		.byte	0x5
 10337 01f0 00000000 		.4byte	.LBB408
 10338 01f4 04       		.byte	0x4
 10339 01f5 00       		.uleb128 .LBB408-.LBB408
 10340 01f6 00       		.uleb128 .LBE408-.LBB408
 10341 01f7 04       		.byte	0x4
 10342 01f8 02       		.uleb128 .LBB421-.LBB408
ARM GAS  /tmp/cctmACj5.s 			page 183


 10343 01f9 04       		.uleb128 .LBE421-.LBB408
 10344 01fa 04       		.byte	0x4
 10345 01fb 06       		.uleb128 .LBB422-.LBB408
 10346 01fc 0E       		.uleb128 .LBE422-.LBB408
 10347 01fd 00       		.byte	0
 10348              	.LLRL85:
 10349 01fe 05       		.byte	0x5
 10350 01ff 00000000 		.4byte	.LBB410
 10351 0203 04       		.byte	0x4
 10352 0204 00       		.uleb128 .LBB410-.LBB410
 10353 0205 00       		.uleb128 .LBE410-.LBB410
 10354 0206 04       		.byte	0x4
 10355 0207 02       		.uleb128 .LBB417-.LBB410
 10356 0208 04       		.uleb128 .LBE417-.LBB410
 10357 0209 04       		.byte	0x4
 10358 020a 06       		.uleb128 .LBB418-.LBB410
 10359 020b 0A       		.uleb128 .LBE418-.LBB410
 10360 020c 00       		.byte	0
 10361              	.LLRL87:
 10362 020d 05       		.byte	0x5
 10363 020e 0E000000 		.4byte	.LBB423
 10364 0212 04       		.byte	0x4
 10365 0213 00       		.uleb128 .LBB423-.LBB423
 10366 0214 1A       		.uleb128 .LBE423-.LBB423
 10367 0215 04       		.byte	0x4
 10368 0216 1E       		.uleb128 .LBB426-.LBB423
 10369 0217 2E       		.uleb128 .LBE426-.LBB423
 10370 0218 00       		.byte	0
 10371              	.LLRL94:
 10372 0219 05       		.byte	0x5
 10373 021a 00000000 		.4byte	.LBB427
 10374 021e 04       		.byte	0x4
 10375 021f 00       		.uleb128 .LBB427-.LBB427
 10376 0220 00       		.uleb128 .LBE427-.LBB427
 10377 0221 04       		.byte	0x4
 10378 0222 04       		.uleb128 .LBB431-.LBB427
 10379 0223 06       		.uleb128 .LBE431-.LBB427
 10380 0224 04       		.byte	0x4
 10381 0225 08       		.uleb128 .LBB432-.LBB427
 10382 0226 0A       		.uleb128 .LBE432-.LBB427
 10383 0227 00       		.byte	0
 10384              	.LLRL98:
 10385 0228 05       		.byte	0x5
 10386 0229 00000000 		.4byte	.LBB435
 10387 022d 04       		.byte	0x4
 10388 022e 00       		.uleb128 .LBB435-.LBB435
 10389 022f 02       		.uleb128 .LBE435-.LBB435
 10390 0230 04       		.byte	0x4
 10391 0231 06       		.uleb128 .LBB438-.LBB435
 10392 0232 08       		.uleb128 .LBE438-.LBB435
 10393 0233 00       		.byte	0
 10394              	.LLRL101:
 10395 0234 05       		.byte	0x5
 10396 0235 06000000 		.4byte	.LBB439
 10397 0239 04       		.byte	0x4
 10398 023a 00       		.uleb128 .LBB439-.LBB439
 10399 023b 12       		.uleb128 .LBE439-.LBB439
ARM GAS  /tmp/cctmACj5.s 			page 184


 10400 023c 04       		.byte	0x4
 10401 023d 16       		.uleb128 .LBB440-.LBB439
 10402 023e 22       		.uleb128 .LBE440-.LBB439
 10403 023f 00       		.byte	0
 10404              	.LLRL105:
 10405 0240 05       		.byte	0x5
 10406 0241 06000000 		.4byte	.LBB442
 10407 0245 04       		.byte	0x4
 10408 0246 00       		.uleb128 .LBB442-.LBB442
 10409 0247 12       		.uleb128 .LBE442-.LBB442
 10410 0248 04       		.byte	0x4
 10411 0249 16       		.uleb128 .LBB443-.LBB442
 10412 024a 22       		.uleb128 .LBE443-.LBB442
 10413 024b 00       		.byte	0
 10414              	.LLRL109:
 10415 024c 05       		.byte	0x5
 10416 024d 00000000 		.4byte	.LBB457
 10417 0251 04       		.byte	0x4
 10418 0252 00       		.uleb128 .LBB457-.LBB457
 10419 0253 00       		.uleb128 .LBE457-.LBB457
 10420 0254 04       		.byte	0x4
 10421 0255 02       		.uleb128 .LBB470-.LBB457
 10422 0256 04       		.uleb128 .LBE470-.LBB457
 10423 0257 04       		.byte	0x4
 10424 0258 08       		.uleb128 .LBB471-.LBB457
 10425 0259 10       		.uleb128 .LBE471-.LBB457
 10426 025a 00       		.byte	0
 10427              	.LLRL110:
 10428 025b 05       		.byte	0x5
 10429 025c 00000000 		.4byte	.LBB459
 10430 0260 04       		.byte	0x4
 10431 0261 00       		.uleb128 .LBB459-.LBB459
 10432 0262 00       		.uleb128 .LBE459-.LBB459
 10433 0263 04       		.byte	0x4
 10434 0264 02       		.uleb128 .LBB466-.LBB459
 10435 0265 04       		.uleb128 .LBE466-.LBB459
 10436 0266 04       		.byte	0x4
 10437 0267 08       		.uleb128 .LBB467-.LBB459
 10438 0268 0C       		.uleb128 .LBE467-.LBB459
 10439 0269 00       		.byte	0
 10440              	.LLRL112:
 10441 026a 05       		.byte	0x5
 10442 026b 10000000 		.4byte	.LBB472
 10443 026f 04       		.byte	0x4
 10444 0270 00       		.uleb128 .LBB472-.LBB472
 10445 0271 16       		.uleb128 .LBE472-.LBB472
 10446 0272 04       		.byte	0x4
 10447 0273 34       		.uleb128 .LBB486-.LBB472
 10448 0274 3C       		.uleb128 .LBE486-.LBB472
 10449 0275 00       		.byte	0
 10450              	.LLRL115:
 10451 0276 05       		.byte	0x5
 10452 0277 14000000 		.4byte	.LBB474
 10453 027b 04       		.byte	0x4
 10454 027c 00       		.uleb128 .LBB474-.LBB474
 10455 027d 12       		.uleb128 .LBE474-.LBB474
 10456 027e 04       		.byte	0x4
ARM GAS  /tmp/cctmACj5.s 			page 185


 10457 027f 30       		.uleb128 .LBB475-.LBB474
 10458 0280 38       		.uleb128 .LBE475-.LBB474
 10459 0281 00       		.byte	0
 10460              	.LLRL117:
 10461 0282 05       		.byte	0x5
 10462 0283 26000000 		.4byte	.LBB477
 10463 0287 04       		.byte	0x4
 10464 0288 00       		.uleb128 .LBB477-.LBB477
 10465 0289 1C       		.uleb128 .LBE477-.LBB477
 10466 028a 04       		.byte	0x4
 10467 028b 26       		.uleb128 .LBB487-.LBB477
 10468 028c 32       		.uleb128 .LBE487-.LBB477
 10469 028d 00       		.byte	0
 10470              	.LLRL118:
 10471 028e 05       		.byte	0x5
 10472 028f 3C000000 		.4byte	.LBB479
 10473 0293 04       		.byte	0x4
 10474 0294 00       		.uleb128 .LBB479-.LBB479
 10475 0295 06       		.uleb128 .LBE479-.LBB479
 10476 0296 04       		.byte	0x4
 10477 0297 16       		.uleb128 .LBB484-.LBB479
 10478 0298 1C       		.uleb128 .LBE484-.LBB479
 10479 0299 00       		.byte	0
 10480              	.LLRL125:
 10481 029a 05       		.byte	0x5
 10482 029b 0A000000 		.4byte	.LBB496
 10483 029f 04       		.byte	0x4
 10484 02a0 00       		.uleb128 .LBB496-.LBB496
 10485 02a1 10       		.uleb128 .LBE496-.LBB496
 10486 02a2 04       		.byte	0x4
 10487 02a3 14       		.uleb128 .LBB500-.LBB496
 10488 02a4 22       		.uleb128 .LBE500-.LBB496
 10489 02a5 04       		.byte	0x4
 10490 02a6 26       		.uleb128 .LBB501-.LBB496
 10491 02a7 2A       		.uleb128 .LBE501-.LBB496
 10492 02a8 00       		.byte	0
 10493              	.LLRL131:
 10494 02a9 05       		.byte	0x5
 10495 02aa 00000000 		.4byte	.LBB508
 10496 02ae 04       		.byte	0x4
 10497 02af 00       		.uleb128 .LBB508-.LBB508
 10498 02b0 00       		.uleb128 .LBE508-.LBB508
 10499 02b1 04       		.byte	0x4
 10500 02b2 2A       		.uleb128 .LBB515-.LBB508
 10501 02b3 2A       		.uleb128 .LBE515-.LBB508
 10502 02b4 00       		.byte	0
 10503              	.LLRL133:
 10504 02b5 05       		.byte	0x5
 10505 02b6 08000000 		.4byte	.LBB511
 10506 02ba 04       		.byte	0x4
 10507 02bb 00       		.uleb128 .LBB511-.LBB511
 10508 02bc 06       		.uleb128 .LBE511-.LBB511
 10509 02bd 04       		.byte	0x4
 10510 02be 06       		.uleb128 .LBB514-.LBB511
 10511 02bf 22       		.uleb128 .LBE514-.LBB511
 10512 02c0 00       		.byte	0
 10513              	.LLRL136:
ARM GAS  /tmp/cctmACj5.s 			page 186


 10514 02c1 07       		.byte	0x7
 10515 02c2 00000000 		.4byte	.LFB186
 10516 02c6 28       		.uleb128 .LFE186-.LFB186
 10517 02c7 07       		.byte	0x7
 10518 02c8 00000000 		.4byte	.LFB187
 10519 02cc 68       		.uleb128 .LFE187-.LFB187
 10520 02cd 07       		.byte	0x7
 10521 02ce 00000000 		.4byte	.LFB188
 10522 02d2 6C       		.uleb128 .LFE188-.LFB188
 10523 02d3 07       		.byte	0x7
 10524 02d4 00000000 		.4byte	.LFB189
 10525 02d8 60       		.uleb128 .LFE189-.LFB189
 10526 02d9 07       		.byte	0x7
 10527 02da 00000000 		.4byte	.LFB190
 10528 02de 70       		.uleb128 .LFE190-.LFB190
 10529 02df 07       		.byte	0x7
 10530 02e0 00000000 		.4byte	.LFB191
 10531 02e4 4C       		.uleb128 .LFE191-.LFB191
 10532 02e5 07       		.byte	0x7
 10533 02e6 00000000 		.4byte	.LFB192
 10534 02ea 58       		.uleb128 .LFE192-.LFB192
 10535 02eb 07       		.byte	0x7
 10536 02ec 00000000 		.4byte	.LFB193
 10537 02f0 50       		.uleb128 .LFE193-.LFB193
 10538 02f1 07       		.byte	0x7
 10539 02f2 00000000 		.4byte	.LFB194
 10540 02f6 6C       		.uleb128 .LFE194-.LFB194
 10541 02f7 07       		.byte	0x7
 10542 02f8 00000000 		.4byte	.LFB195
 10543 02fc 5C       		.uleb128 .LFE195-.LFB195
 10544 02fd 07       		.byte	0x7
 10545 02fe 00000000 		.4byte	.LFB196
 10546 0302 3C       		.uleb128 .LFE196-.LFB196
 10547 0303 07       		.byte	0x7
 10548 0304 00000000 		.4byte	.LFB197
 10549 0308 30       		.uleb128 .LFE197-.LFB197
 10550 0309 07       		.byte	0x7
 10551 030a 00000000 		.4byte	.LFB198
 10552 030e 2C       		.uleb128 .LFE198-.LFB198
 10553 030f 07       		.byte	0x7
 10554 0310 00000000 		.4byte	.LFB199
 10555 0314 34       		.uleb128 .LFE199-.LFB199
 10556 0315 07       		.byte	0x7
 10557 0316 00000000 		.4byte	.LFB200
 10558 031a 30       		.uleb128 .LFE200-.LFB200
 10559 031b 07       		.byte	0x7
 10560 031c 00000000 		.4byte	.LFB201
 10561 0320 30       		.uleb128 .LFE201-.LFB201
 10562 0321 07       		.byte	0x7
 10563 0322 00000000 		.4byte	.LFB202
 10564 0326 68       		.uleb128 .LFE202-.LFB202
 10565 0327 07       		.byte	0x7
 10566 0328 00000000 		.4byte	.LFB203
 10567 032c 28       		.uleb128 .LFE203-.LFB203
 10568 032d 07       		.byte	0x7
 10569 032e 00000000 		.4byte	.LFB204
 10570 0332 3C       		.uleb128 .LFE204-.LFB204
ARM GAS  /tmp/cctmACj5.s 			page 187


 10571 0333 07       		.byte	0x7
 10572 0334 00000000 		.4byte	.LFB205
 10573 0338 38       		.uleb128 .LFE205-.LFB205
 10574 0339 00       		.byte	0
 10575              	.Ldebug_ranges3:
 10576              		.section	.debug_line,"",%progbits
 10577              	.Ldebug_line0:
 10578 0000 DD120000 		.section	.debug_str,"MS",%progbits,1
 10578      0300F102 
 10578      00000201 
 10578      FB0E0D00 
 10578      01010101 
 10579              	.LASF93:
 10580 0000 7466756E 		.ascii	"tfunc_t\000"
 10580      635F7400 
 10581              	.LASF131:
 10582 0008 6F6C6470 		.ascii	"oldprio\000"
 10582      72696F00 
 10583              	.LASF43:
 10584 0010 72656164 		.ascii	"ready_list_t\000"
 10584      795F6C69 
 10584      73745F74 
 10584      00
 10585              	.LASF95:
 10586 001d 71756575 		.ascii	"queue_insert\000"
 10586      655F696E 
 10586      73657274 
 10586      00
 10587              	.LASF3:
 10588 002a 73697A65 		.ascii	"size_t\000"
 10588      5F7400
 10589              	.LASF79:
 10590 0031 7264796D 		.ascii	"rdymsg\000"
 10590      736700
 10591              	.LASF17:
 10592 0038 75696E74 		.ascii	"uint64_t\000"
 10592      36345F74 
 10592      00
 10593              	.LASF109:
 10594 0041 63685468 		.ascii	"chThdDequeueAllI\000"
 10594      64446571 
 10594      75657565 
 10594      416C6C49 
 10594      00
 10595              	.LASF4:
 10596 0052 5F5F7569 		.ascii	"__uint8_t\000"
 10596      6E74385F 
 10596      7400
 10597              	.LASF123:
 10598 005c 70726576 		.ascii	"prev\000"
 10598      00
 10599              	.LASF76:
 10600 0061 706F7274 		.ascii	"port_intctx\000"
 10600      5F696E74 
 10600      63747800 
 10601              	.LASF62:
 10602 006d 73797374 		.ascii	"system_debug_t\000"
ARM GAS  /tmp/cctmACj5.s 			page 188


 10602      656D5F64 
 10602      65627567 
 10602      5F7400
 10603              	.LASF122:
 10604 007c 63685468 		.ascii	"chThdSleepUntilWindowed\000"
 10604      64536C65 
 10604      6570556E 
 10604      74696C57 
 10604      696E646F 
 10605              	.LASF152:
 10606 0094 706F7274 		.ascii	"port_lock\000"
 10606      5F6C6F63 
 10606      6B00
 10607              	.LASF107:
 10608 009e 63685379 		.ascii	"chSysHalt\000"
 10608      7348616C 
 10608      7400
 10609              	.LASF119:
 10610 00a8 63685468 		.ascii	"chThdExitS\000"
 10610      64457869 
 10610      745300
 10611              	.LASF0:
 10612 00b3 6C6F6E67 		.ascii	"long long unsigned int\000"
 10612      206C6F6E 
 10612      6720756E 
 10612      7369676E 
 10612      65642069 
 10613              	.LASF80:
 10614 00ca 65786974 		.ascii	"exitcode\000"
 10614      636F6465 
 10614      00
 10615              	.LASF71:
 10616 00d3 6D61696E 		.ascii	"mainthread\000"
 10616      74687265 
 10616      616400
 10617              	.LASF59:
 10618 00de 76697274 		.ascii	"virtual_timers_list_t\000"
 10618      75616C5F 
 10618      74696D65 
 10618      72735F6C 
 10618      6973745F 
 10619              	.LASF124:
 10620 00f4 6E657874 		.ascii	"next\000"
 10620      00
 10621              	.LASF42:
 10622 00f9 63685F74 		.ascii	"ch_threads_queue\000"
 10622      68726561 
 10622      64735F71 
 10622      75657565 
 10622      00
 10623              	.LASF29:
 10624 010a 705F7072 		.ascii	"p_prio\000"
 10624      696F00
 10625              	.LASF94:
 10626 0111 6D757465 		.ascii	"mutex_t\000"
 10626      785F7400 
 10627              	.LASF155:
ARM GAS  /tmp/cctmACj5.s 			page 189


 10628 0119 474E5520 		.ascii	"GNU C99 13.2.1 20231009 -mcpu=cortex-m4 -mfpu=fpv4-"
 10628      43393920 
 10628      31332E32 
 10628      2E312032 
 10628      30323331 
 10629 014c 73702D64 		.ascii	"sp-d16 -mfloat-abi=hard -mfloat-abi=hard -mfpu=fpv4"
 10629      3136202D 
 10629      6D666C6F 
 10629      61742D61 
 10629      62693D68 
 10630 017f 2D73702D 		.ascii	"-sp-d16 -mno-thumb-interwork -mthumb -march=armv7e-"
 10630      64313620 
 10630      2D6D6E6F 
 10630      2D746875 
 10630      6D622D69 
 10631 01b2 6D2B6670 		.ascii	"m+fp -ggdb -O2 -std=gnu99 -fomit-frame-pointer -fal"
 10631      202D6767 
 10631      6462202D 
 10631      4F32202D 
 10631      7374643D 
 10632 01e5 69676E2D 		.ascii	"ign-functions=16 -ffunction-sections -fdata-section"
 10632      66756E63 
 10632      74696F6E 
 10632      733D3136 
 10632      202D6666 
 10633 0218 73202D66 		.ascii	"s -fno-common -fsingle-precision-constant\000"
 10633      6E6F2D63 
 10633      6F6D6D6F 
 10633      6E202D66 
 10633      73696E67 
 10634              	.LASF2:
 10635 0242 7369676E 		.ascii	"signed char\000"
 10635      65642063 
 10635      68617200 
 10636              	.LASF120:
 10637 024e 63685468 		.ascii	"chThdExit\000"
 10637      64457869 
 10637      7400
 10638              	.LASF149:
 10639 0258 63685363 		.ascii	"chSchCanYieldS\000"
 10639      6843616E 
 10639      5969656C 
 10639      645300
 10640              	.LASF134:
 10641 0267 73697A65 		.ascii	"size\000"
 10641      00
 10642              	.LASF89:
 10643 026c 6D5F7175 		.ascii	"m_queue\000"
 10643      65756500 
 10644              	.LASF70:
 10645 0274 76746C69 		.ascii	"vtlist\000"
 10645      737400
 10646              	.LASF151:
 10647 027b 706F7274 		.ascii	"port_unlock\000"
 10647      5F756E6C 
 10647      6F636B00 
 10648              	.LASF21:
ARM GAS  /tmp/cctmACj5.s 			page 190


 10649 0287 74736C69 		.ascii	"tslices_t\000"
 10649      6365735F 
 10649      7400
 10650              	.LASF136:
 10651 0291 63685468 		.ascii	"chThdCreateI\000"
 10651      64437265 
 10651      61746549 
 10651      00
 10652              	.LASF82:
 10653 029e 77747472 		.ascii	"wttrp\000"
 10653      7000
 10654              	.LASF68:
 10655 02a4 63685F73 		.ascii	"ch_system\000"
 10655      79737465 
 10655      6D00
 10656              	.LASF9:
 10657 02ae 6C6F6E67 		.ascii	"long int\000"
 10657      20696E74 
 10657      00
 10658              	.LASF20:
 10659 02b7 74737461 		.ascii	"tstate_t\000"
 10659      74655F74 
 10659      00
 10660              	.LASF150:
 10661 02c0 71756575 		.ascii	"queue_notempty\000"
 10661      655F6E6F 
 10661      74656D70 
 10661      747900
 10662              	.LASF106:
 10663 02cf 5F706F72 		.ascii	"_port_thread_start\000"
 10663      745F7468 
 10663      72656164 
 10663      5F737461 
 10663      727400
 10664              	.LASF31:
 10665 02e2 705F6E65 		.ascii	"p_newer\000"
 10665      77657200 
 10666              	.LASF86:
 10667 02ea 735F7175 		.ascii	"s_queue\000"
 10667      65756500 
 10668              	.LASF101:
 10669 02f2 63685363 		.ascii	"chSchRescheduleS\000"
 10669      68526573 
 10669      63686564 
 10669      756C6553 
 10669      00
 10670              	.LASF114:
 10671 0303 63685468 		.ascii	"chThdResumeI\000"
 10671      64526573 
 10671      756D6549 
 10671      00
 10672              	.LASF73:
 10673 0310 72656761 		.ascii	"regarm_t\000"
 10673      726D5F74 
 10673      00
 10674              	.LASF55:
 10675 0319 76745F70 		.ascii	"vt_prev\000"
ARM GAS  /tmp/cctmACj5.s 			page 191


 10675      72657600 
 10676              	.LASF113:
 10677 0321 63685468 		.ascii	"chThdResumeS\000"
 10677      64526573 
 10677      756D6553 
 10677      00
 10678              	.LASF12:
 10679 032e 6C6F6E67 		.ascii	"long long int\000"
 10679      206C6F6E 
 10679      6720696E 
 10679      7400
 10680              	.LASF154:
 10681 033c 76616C75 		.ascii	"value\000"
 10681      6500
 10682              	.LASF66:
 10683 0342 6C6F636B 		.ascii	"lock_cnt\000"
 10683      5F636E74 
 10683      00
 10684              	.LASF129:
 10685 034b 63685468 		.ascii	"chThdSetPriority\000"
 10685      64536574 
 10685      5072696F 
 10685      72697479 
 10685      00
 10686              	.LASF24:
 10687 035c 636E745F 		.ascii	"cnt_t\000"
 10687      7400
 10688              	.LASF145:
 10689 0362 63685654 		.ascii	"chVTGetSystemTimeX\000"
 10689      47657453 
 10689      79737465 
 10689      6D54696D 
 10689      655800
 10690              	.LASF1:
 10691 0375 756E7369 		.ascii	"unsigned int\000"
 10691      676E6564 
 10691      20696E74 
 10691      00
 10692              	.LASF137:
 10693 0382 5F746872 		.ascii	"_thread_init\000"
 10693      6561645F 
 10693      696E6974 
 10693      00
 10694              	.LASF54:
 10695 038f 76745F6E 		.ascii	"vt_next\000"
 10695      65787400 
 10696              	.LASF83:
 10697 0397 77747365 		.ascii	"wtsemp\000"
 10697      6D7000
 10698              	.LASF56:
 10699 039e 76745F64 		.ascii	"vt_delta\000"
 10699      656C7461 
 10699      00
 10700              	.LASF139:
 10701 03a7 63685468 		.ascii	"chThdSleepS\000"
 10701      64536C65 
 10701      65705300 
ARM GAS  /tmp/cctmACj5.s 			page 192


 10702              	.LASF111:
 10703 03b3 74696D65 		.ascii	"timeout\000"
 10703      6F757400 
 10704              	.LASF87:
 10705 03bb 735F636E 		.ascii	"s_cnt\000"
 10705      7400
 10706              	.LASF7:
 10707 03c1 73686F72 		.ascii	"short unsigned int\000"
 10707      7420756E 
 10707      7369676E 
 10707      65642069 
 10707      6E7400
 10708              	.LASF41:
 10709 03d4 63685F74 		.ascii	"ch_thread\000"
 10709      68726561 
 10709      6400
 10710              	.LASF105:
 10711 03de 63685363 		.ascii	"chSchWakeupS\000"
 10711      6857616B 
 10711      65757053 
 10711      00
 10712              	.LASF23:
 10713 03eb 6D73675F 		.ascii	"msg_t\000"
 10713      7400
 10714              	.LASF48:
 10715 03f1 725F6E65 		.ascii	"r_newer\000"
 10715      77657200 
 10716              	.LASF108:
 10717 03f9 63684462 		.ascii	"chDbgCheckClassI\000"
 10717      67436865 
 10717      636B436C 
 10717      61737349 
 10717      00
 10718              	.LASF67:
 10719 040a 63685F73 		.ascii	"ch_system_t\000"
 10719      79737465 
 10719      6D5F7400 
 10720              	.LASF130:
 10721 0416 6E657770 		.ascii	"newprio\000"
 10721      72696F00 
 10722              	.LASF110:
 10723 041e 63685468 		.ascii	"chThdDequeueNextI\000"
 10723      64446571 
 10723      75657565 
 10723      4E657874 
 10723      4900
 10724              	.LASF128:
 10725 0430 63685468 		.ascii	"chThdTerminate\000"
 10725      64546572 
 10725      6D696E61 
 10725      746500
 10726              	.LASF98:
 10727 043f 63684462 		.ascii	"chDbgCheckClassS\000"
 10727      67436865 
 10727      636B436C 
 10727      61737353 
 10727      00
ARM GAS  /tmp/cctmACj5.s 			page 193


 10728              	.LASF44:
 10729 0450 63685F72 		.ascii	"ch_ready_list\000"
 10729      65616479 
 10729      5F6C6973 
 10729      7400
 10730              	.LASF8:
 10731 045e 5F5F696E 		.ascii	"__int32_t\000"
 10731      7433325F 
 10731      7400
 10732              	.LASF74:
 10733 0468 73746B61 		.ascii	"stkalign_t\000"
 10733      6C69676E 
 10733      5F7400
 10734              	.LASF133:
 10735 0473 63685468 		.ascii	"chThdCreateStatic\000"
 10735      64437265 
 10735      61746553 
 10735      74617469 
 10735      6300
 10736              	.LASF117:
 10737 0485 63685468 		.ascii	"chThdSuspendTimeoutS\000"
 10737      64537573 
 10737      70656E64 
 10737      54696D65 
 10737      6F757453 
 10738              	.LASF18:
 10739 049a 7274636E 		.ascii	"rtcnt_t\000"
 10739      745F7400 
 10740              	.LASF39:
 10741 04a2 74687265 		.ascii	"thread_reference_t\000"
 10741      61645F72 
 10741      65666572 
 10741      656E6365 
 10741      5F7400
 10742              	.LASF104:
 10743 04b5 5F646267 		.ascii	"_dbg_check_lock\000"
 10743      5F636865 
 10743      636B5F6C 
 10743      6F636B00 
 10744              	.LASF60:
 10745 04c5 63685F76 		.ascii	"ch_virtual_timers_list\000"
 10745      69727475 
 10745      616C5F74 
 10745      696D6572 
 10745      735F6C69 
 10746              	.LASF112:
 10747 04dc 63685468 		.ascii	"chThdResume\000"
 10747      64526573 
 10747      756D6500 
 10748              	.LASF97:
 10749 04e8 63685363 		.ascii	"chSchDoRescheduleBehind\000"
 10749      68446F52 
 10749      65736368 
 10749      6564756C 
 10749      65426568 
 10750              	.LASF32:
 10751 0500 705F6F6C 		.ascii	"p_older\000"
ARM GAS  /tmp/cctmACj5.s 			page 194


 10751      64657200 
 10752              	.LASF47:
 10753 0508 725F6374 		.ascii	"r_ctx\000"
 10753      7800
 10754              	.LASF156:
 10755 050e 2E2E2F52 		.ascii	"../RC_Controller/ChibiOS_3.0.5/os/rt/src/chthreads."
 10755      435F436F 
 10755      6E74726F 
 10755      6C6C6572 
 10755      2F436869 
 10756 0541 6300     		.ascii	"c\000"
 10757              	.LASF78:
 10758 0543 746D5F63 		.ascii	"tm_calibration_t\000"
 10758      616C6962 
 10758      72617469 
 10758      6F6E5F74 
 10758      00
 10759              	.LASF91:
 10760 0554 6D5F6E65 		.ascii	"m_next\000"
 10760      787400
 10761              	.LASF125:
 10762 055b 74696D65 		.ascii	"time\000"
 10762      00
 10763              	.LASF135:
 10764 0560 7072696F 		.ascii	"prio\000"
 10764      00
 10765              	.LASF49:
 10766 0565 725F6F6C 		.ascii	"r_older\000"
 10766      64657200 
 10767              	.LASF126:
 10768 056d 63685468 		.ascii	"chThdSleepUntil\000"
 10768      64536C65 
 10768      6570556E 
 10768      74696C00 
 10769              	.LASF132:
 10770 057d 63685468 		.ascii	"chThdStart\000"
 10770      64537461 
 10770      727400
 10771              	.LASF118:
 10772 0588 63685468 		.ascii	"chThdSuspendS\000"
 10772      64537573 
 10772      70656E64 
 10772      5300
 10773              	.LASF13:
 10774 0596 5F5F7569 		.ascii	"__uint64_t\000"
 10774      6E743634 
 10774      5F7400
 10775              	.LASF157:
 10776 05a1 2F686F6D 		.ascii	"/home/gunnar/code/rise_sdvp/Embedded/RTCM_Forwarder"
 10776      652F6775 
 10776      6E6E6172 
 10776      2F636F64 
 10776      652F7269 
 10777 05d4 5F50726F 		.ascii	"_Project\000"
 10777      6A656374 
 10777      00
 10778              	.LASF52:
ARM GAS  /tmp/cctmACj5.s 			page 195


 10779 05dd 76697274 		.ascii	"virtual_timer_t\000"
 10779      75616C5F 
 10779      74696D65 
 10779      725F7400 
 10780              	.LASF28:
 10781 05ed 705F7072 		.ascii	"p_prev\000"
 10781      657600
 10782              	.LASF22:
 10783 05f4 74707269 		.ascii	"tprio_t\000"
 10783      6F5F7400 
 10784              	.LASF33:
 10785 05fc 705F6E61 		.ascii	"p_name\000"
 10785      6D6500
 10786              	.LASF63:
 10787 0603 63685F73 		.ascii	"ch_system_debug\000"
 10787      79737465 
 10787      6D5F6465 
 10787      62756700 
 10788              	.LASF143:
 10789 0613 5F426F6F 		.ascii	"_Bool\000"
 10789      6C00
 10790              	.LASF15:
 10791 0619 696E7433 		.ascii	"int32_t\000"
 10791      325F7400 
 10792              	.LASF5:
 10793 0621 756E7369 		.ascii	"unsigned char\000"
 10793      676E6564 
 10793      20636861 
 10793      7200
 10794              	.LASF37:
 10795 062f 705F6D74 		.ascii	"p_mtxlist\000"
 10795      786C6973 
 10795      7400
 10796              	.LASF6:
 10797 0639 73686F72 		.ascii	"short int\000"
 10797      7420696E 
 10797      7400
 10798              	.LASF34:
 10799 0643 705F7374 		.ascii	"p_state\000"
 10799      61746500 
 10800              	.LASF36:
 10801 064b 705F7072 		.ascii	"p_preempt\000"
 10801      65656D70 
 10801      7400
 10802              	.LASF46:
 10803 0655 725F7072 		.ascii	"r_prio\000"
 10803      696F00
 10804              	.LASF27:
 10805 065c 705F6E65 		.ascii	"p_next\000"
 10805      787400
 10806              	.LASF19:
 10807 0663 746D6F64 		.ascii	"tmode_t\000"
 10807      655F7400 
 10808              	.LASF35:
 10809 066b 705F666C 		.ascii	"p_flags\000"
 10809      61677300 
 10810              	.LASF115:
ARM GAS  /tmp/cctmACj5.s 			page 196


 10811 0673 5F5F6675 		.ascii	"__func__\000"
 10811      6E635F5F 
 10811      00
 10812              	.LASF72:
 10813 067c 69646C65 		.ascii	"idle_thread_wa\000"
 10813      5F746872 
 10813      6561645F 
 10813      776100
 10814              	.LASF147:
 10815 068b 63685379 		.ascii	"chSysLock\000"
 10815      734C6F63 
 10815      6B00
 10816              	.LASF53:
 10817 0695 63685F76 		.ascii	"ch_virtual_timer\000"
 10817      69727475 
 10817      616C5F74 
 10817      696D6572 
 10817      00
 10818              	.LASF85:
 10819 06a6 63685F73 		.ascii	"ch_semaphore\000"
 10819      656D6170 
 10819      686F7265 
 10819      00
 10820              	.LASF96:
 10821 06b3 63685363 		.ascii	"chSchGoSleepS\000"
 10821      68476F53 
 10821      6C656570 
 10821      5300
 10822              	.LASF127:
 10823 06c1 63685468 		.ascii	"chThdSleep\000"
 10823      64536C65 
 10823      657000
 10824              	.LASF16:
 10825 06cc 75696E74 		.ascii	"uint32_t\000"
 10825      33325F74 
 10825      00
 10826              	.LASF84:
 10827 06d5 77746D74 		.ascii	"wtmtxp\000"
 10827      787000
 10828              	.LASF45:
 10829 06dc 725F7175 		.ascii	"r_queue\000"
 10829      65756500 
 10830              	.LASF102:
 10831 06e4 63685363 		.ascii	"chSchReadyI\000"
 10831      68526561 
 10831      64794900 
 10832              	.LASF11:
 10833 06f0 6C6F6E67 		.ascii	"long unsigned int\000"
 10833      20756E73 
 10833      69676E65 
 10833      6420696E 
 10833      7400
 10834              	.LASF50:
 10835 0702 725F6375 		.ascii	"r_current\000"
 10835      7272656E 
 10835      7400
 10836              	.LASF92:
ARM GAS  /tmp/cctmACj5.s 			page 197


 10837 070c 63686172 		.ascii	"char\000"
 10837      00
 10838              	.LASF26:
 10839 0711 74687265 		.ascii	"thread_t\000"
 10839      61645F74 
 10839      00
 10840              	.LASF138:
 10841 071a 63685468 		.ascii	"chThdDoDequeueNextI\000"
 10841      64446F44 
 10841      65717565 
 10841      75654E65 
 10841      78744900 
 10842              	.LASF99:
 10843 072e 71756575 		.ascii	"queue_fifo_remove\000"
 10843      655F6669 
 10843      666F5F72 
 10843      656D6F76 
 10843      6500
 10844              	.LASF25:
 10845 0740 73797374 		.ascii	"systime_t\000"
 10845      696D655F 
 10845      7400
 10846              	.LASF38:
 10847 074a 705F7265 		.ascii	"p_realprio\000"
 10847      616C7072 
 10847      696F00
 10848              	.LASF51:
 10849 0755 76746675 		.ascii	"vtfunc_t\000"
 10849      6E635F74 
 10849      00
 10850              	.LASF10:
 10851 075e 5F5F7569 		.ascii	"__uint32_t\000"
 10851      6E743332 
 10851      5F7400
 10852              	.LASF153:
 10853 0769 5F5F7365 		.ascii	"__set_BASEPRI\000"
 10853      745F4241 
 10853      53455052 
 10853      4900
 10854              	.LASF64:
 10855 0777 70616E69 		.ascii	"panic_msg\000"
 10855      635F6D73 
 10855      6700
 10856              	.LASF77:
 10857 0781 6F666673 		.ascii	"offset\000"
 10857      657400
 10858              	.LASF75:
 10859 0788 636F6E74 		.ascii	"context\000"
 10859      65787400 
 10860              	.LASF58:
 10861 0790 76745F70 		.ascii	"vt_par\000"
 10861      617200
 10862              	.LASF40:
 10863 0797 74687265 		.ascii	"threads_queue_t\000"
 10863      6164735F 
 10863      71756575 
 10863      655F7400 
ARM GAS  /tmp/cctmACj5.s 			page 198


 10864              	.LASF88:
 10865 07a7 63685F6D 		.ascii	"ch_mutex\000"
 10865      75746578 
 10865      00
 10866              	.LASF65:
 10867 07b0 6973725F 		.ascii	"isr_cnt\000"
 10867      636E7400 
 10868              	.LASF69:
 10869 07b8 726C6973 		.ascii	"rlist\000"
 10869      7400
 10870              	.LASF144:
 10871 07be 63685468 		.ascii	"chThdGetSelfX\000"
 10871      64476574 
 10871      53656C66 
 10871      5800
 10872              	.LASF14:
 10873 07cc 75696E74 		.ascii	"uint8_t\000"
 10873      385F7400 
 10874              	.LASF121:
 10875 07d4 63685468 		.ascii	"chThdYield\000"
 10875      64596965 
 10875      6C6400
 10876              	.LASF103:
 10877 07df 5F646267 		.ascii	"_dbg_check_unlock\000"
 10877      5F636865 
 10877      636B5F75 
 10877      6E6C6F63 
 10877      6B00
 10878              	.LASF81:
 10879 07f1 77746F62 		.ascii	"wtobjp\000"
 10879      6A7000
 10880              	.LASF148:
 10881 07f8 63685363 		.ascii	"chSchDoYieldS\000"
 10881      68446F59 
 10881      69656C64 
 10881      5300
 10882              	.LASF61:
 10883 0806 76745F73 		.ascii	"vt_systime\000"
 10883      79737469 
 10883      6D6500
 10884              	.LASF141:
 10885 0811 63685654 		.ascii	"chVTIsTimeWithinX\000"
 10885      49735469 
 10885      6D655769 
 10885      7468696E 
 10885      5800
 10886              	.LASF100:
 10887 0823 63685363 		.ascii	"chSchGoSleepTimeoutS\000"
 10887      68476F53 
 10887      6C656570 
 10887      54696D65 
 10887      6F757453 
 10888              	.LASF146:
 10889 0838 63685379 		.ascii	"chSysUnlock\000"
 10889      73556E6C 
 10889      6F636B00 
 10890              	.LASF142:
ARM GAS  /tmp/cctmACj5.s 			page 199


 10891 0844 73746172 		.ascii	"start\000"
 10891      7400
 10892              	.LASF90:
 10893 084a 6D5F6F77 		.ascii	"m_owner\000"
 10893      6E657200 
 10894              	.LASF140:
 10895 0852 63685468 		.ascii	"chThdStartI\000"
 10895      64537461 
 10895      72744900 
 10896              	.LASF30:
 10897 085e 705F6374 		.ascii	"p_ctx\000"
 10897      7800
 10898              	.LASF57:
 10899 0864 76745F66 		.ascii	"vt_func\000"
 10899      756E6300 
 10900              	.LASF116:
 10901 086c 63685468 		.ascii	"chThdEnqueueTimeoutS\000"
 10901      64456E71 
 10901      75657565 
 10901      54696D65 
 10901      6F757453 
 10902              		.ident	"GCC: (Arm GNU Toolchain 13.2.rel1 (Build arm-13.7)) 13.2.1 20231009"
ARM GAS  /tmp/cctmACj5.s 			page 200


DEFINED SYMBOLS
                            *ABS*:00000000 chthreads.c
     /tmp/cctmACj5.s:21     .text._thread_init:00000000 $t
     /tmp/cctmACj5.s:28     .text._thread_init:00000000 _thread_init
     /tmp/cctmACj5.s:86     .text._thread_init:00000024 $d
     /tmp/cctmACj5.s:91     .text.chThdCreateI:00000000 $t
     /tmp/cctmACj5.s:98     .text.chThdCreateI:00000000 chThdCreateI
     /tmp/cctmACj5.s:228    .text.chThdCreateI:0000005c $d
     /tmp/cctmACj5.s:3080   .rodata.__func__.10:00000000 __func__.10
     /tmp/cctmACj5.s:235    .text.chThdCreateStatic:00000000 $t
     /tmp/cctmACj5.s:242    .text.chThdCreateStatic:00000000 chThdCreateStatic
     /tmp/cctmACj5.s:434    .text.chThdCreateStatic:00000064 $d
     /tmp/cctmACj5.s:3074   .rodata.__func__.9:00000000 __func__.9
     /tmp/cctmACj5.s:440    .text.chThdStart:00000000 $t
     /tmp/cctmACj5.s:447    .text.chThdStart:00000000 chThdStart
     /tmp/cctmACj5.s:638    .text.chThdStart:00000054 $d
     /tmp/cctmACj5.s:3068   .rodata.__func__.8:00000000 __func__.8
     /tmp/cctmACj5.s:645    .text.chThdSetPriority:00000000 $t
     /tmp/cctmACj5.s:652    .text.chThdSetPriority:00000000 chThdSetPriority
     /tmp/cctmACj5.s:844    .text.chThdSetPriority:00000064 $d
     /tmp/cctmACj5.s:3062   .rodata.__func__.7:00000000 __func__.7
     /tmp/cctmACj5.s:851    .text.chThdTerminate:00000000 $t
     /tmp/cctmACj5.s:858    .text.chThdTerminate:00000000 chThdTerminate
     /tmp/cctmACj5.s:1022   .text.chThdTerminate:00000044 $d
     /tmp/cctmACj5.s:1028   .text.chThdSleep:00000000 $t
     /tmp/cctmACj5.s:1035   .text.chThdSleep:00000000 chThdSleep
     /tmp/cctmACj5.s:1221   .text.chThdSleep:0000004c $d
     /tmp/cctmACj5.s:3056   .rodata.__func__.6:00000000 __func__.6
     /tmp/cctmACj5.s:1230   .text.chThdSleepUntil:00000000 $t
     /tmp/cctmACj5.s:1237   .text.chThdSleepUntil:00000000 chThdSleepUntil
     /tmp/cctmACj5.s:1433   .text.chThdSleepUntil:00000048 $d
     /tmp/cctmACj5.s:1441   .text.chThdSleepUntilWindowed:00000000 $t
     /tmp/cctmACj5.s:1448   .text.chThdSleepUntilWindowed:00000000 chThdSleepUntilWindowed
     /tmp/cctmACj5.s:1687   .text.chThdSleepUntilWindowed:00000060 $d
     /tmp/cctmACj5.s:1696   .text.chThdYield:00000000 $t
     /tmp/cctmACj5.s:1703   .text.chThdYield:00000000 chThdYield
     /tmp/cctmACj5.s:1898   .text.chThdYield:00000054 $d
     /tmp/cctmACj5.s:1906   .text.chThdExit:00000000 $t
     /tmp/cctmACj5.s:1913   .text.chThdExit:00000000 chThdExit
     /tmp/cctmACj5.s:2036   .text.chThdExit:00000034 $d
     /tmp/cctmACj5.s:3050   .rodata.__func__.5:00000000 __func__.5
     /tmp/cctmACj5.s:2044   .text.chThdExitS:00000000 $t
     /tmp/cctmACj5.s:2051   .text.chThdExitS:00000000 chThdExitS
     /tmp/cctmACj5.s:2108   .text.chThdExitS:00000028 $d
     /tmp/cctmACj5.s:2114   .text.chThdSuspendS:00000000 $t
     /tmp/cctmACj5.s:2121   .text.chThdSuspendS:00000000 chThdSuspendS
     /tmp/cctmACj5.s:2202   .text.chThdSuspendS:00000024 $d
     /tmp/cctmACj5.s:3044   .rodata.__func__.4:00000000 __func__.4
     /tmp/cctmACj5.s:2208   .text.chThdSuspendTimeoutS:00000000 $t
     /tmp/cctmACj5.s:2215   .text.chThdSuspendTimeoutS:00000000 chThdSuspendTimeoutS
     /tmp/cctmACj5.s:2301   .text.chThdSuspendTimeoutS:0000002c $d
     /tmp/cctmACj5.s:3038   .rodata.__func__.3:00000000 __func__.3
     /tmp/cctmACj5.s:2307   .text.chThdResumeI:00000000 $t
     /tmp/cctmACj5.s:2314   .text.chThdResumeI:00000000 chThdResumeI
     /tmp/cctmACj5.s:2391   .text.chThdResumeI:0000002c $d
     /tmp/cctmACj5.s:3032   .rodata.__func__.2:00000000 __func__.2
     /tmp/cctmACj5.s:2396   .text.chThdResumeS:00000000 $t
ARM GAS  /tmp/cctmACj5.s 			page 201


     /tmp/cctmACj5.s:2403   .text.chThdResumeS:00000000 chThdResumeS
     /tmp/cctmACj5.s:2477   .text.chThdResumeS:0000002c $d
     /tmp/cctmACj5.s:3026   .rodata.__func__.1:00000000 __func__.1
     /tmp/cctmACj5.s:2482   .text.chThdResume:00000000 $t
     /tmp/cctmACj5.s:2489   .text.chThdResume:00000000 chThdResume
     /tmp/cctmACj5.s:2700   .text.chThdResume:0000005c $d
     /tmp/cctmACj5.s:2707   .text.chThdEnqueueTimeoutS:00000000 $t
     /tmp/cctmACj5.s:2714   .text.chThdEnqueueTimeoutS:00000000 chThdEnqueueTimeoutS
     /tmp/cctmACj5.s:2765   .text.chThdEnqueueTimeoutS:00000024 $d
     /tmp/cctmACj5.s:2770   .text.chThdDequeueNextI:00000000 $t
     /tmp/cctmACj5.s:2777   .text.chThdDequeueNextI:00000000 chThdDequeueNextI
     /tmp/cctmACj5.s:2895   .text.chThdDequeueNextI:00000038 $d
     /tmp/cctmACj5.s:3020   .rodata.__func__.0:00000000 __func__.0
     /tmp/cctmACj5.s:2900   .text.chThdDequeueAllI:00000000 $t
     /tmp/cctmACj5.s:2907   .text.chThdDequeueAllI:00000000 chThdDequeueAllI
     /tmp/cctmACj5.s:3012   .text.chThdDequeueAllI:00000034 $d
     /tmp/cctmACj5.s:3017   .rodata.__func__.0:00000000 $d
     /tmp/cctmACj5.s:3023   .rodata.__func__.1:00000000 $d
     /tmp/cctmACj5.s:3029   .rodata.__func__.2:00000000 $d
     /tmp/cctmACj5.s:3035   .rodata.__func__.3:00000000 $d
     /tmp/cctmACj5.s:3041   .rodata.__func__.4:00000000 $d
     /tmp/cctmACj5.s:3047   .rodata.__func__.5:00000000 $d
     /tmp/cctmACj5.s:3053   .rodata.__func__.6:00000000 $d
     /tmp/cctmACj5.s:3059   .rodata.__func__.7:00000000 $d
     /tmp/cctmACj5.s:3065   .rodata.__func__.8:00000000 $d
     /tmp/cctmACj5.s:3071   .rodata.__func__.9:00000000 $d
     /tmp/cctmACj5.s:3077   .rodata.__func__.10:00000000 $d

UNDEFINED SYMBOLS
ch
chDbgCheckClassI
chSysHalt
_port_thread_start
_dbg_check_lock
chSchWakeupS
_dbg_check_unlock
chSchReadyI
chSchRescheduleS
chSchGoSleepTimeoutS
chDbgCheckClassS
chSchDoRescheduleBehind
chSchGoSleepS
queue_insert
queue_fifo_remove
