ARM GAS  /tmp/ccYMGSy6.s 			page 1


   1              		.cpu cortex-m4
   2              		.arch armv7e-m
   3              		.fpu fpv4-sp-d16
   4              		.eabi_attribute 27, 1
   5              		.eabi_attribute 28, 1
   6              		.eabi_attribute 20, 1
   7              		.eabi_attribute 21, 1
   8              		.eabi_attribute 23, 3
   9              		.eabi_attribute 24, 1
  10              		.eabi_attribute 25, 1
  11              		.eabi_attribute 26, 1
  12              		.eabi_attribute 30, 2
  13              		.eabi_attribute 34, 1
  14              		.eabi_attribute 18, 4
  15              		.file	"chtm.c"
  16              		.text
  17              	.Ltext0:
  18              		.cfi_sections	.debug_frame
  19              		.file 1 "../RC_Controller/ChibiOS_3.0.5/os/rt/src/chtm.c"
  20              		.section	.text.chTMObjectInit,"ax",%progbits
  21              		.align	1
  22              		.p2align 4,,15
  23              		.global	chTMObjectInit
  24              		.syntax unified
  25              		.thumb
  26              		.thumb_func
  27              		.type	chTMObjectInit, %function
  28              	chTMObjectInit:
  29              	.LVL0:
  30              	.LFB188:
  31              		.loc 1 97 46 view -0
  32              		.cfi_startproc
  33              		@ args = 0, pretend = 0, frame = 0
  34              		@ frame_needed = 0, uses_anonymous_args = 0
  35              		@ link register save eliminated.
  36              		.loc 1 99 3 view .LVU1
  37              		.loc 1 100 3 view .LVU2
  38              		.loc 1 101 3 view .LVU3
  39              		.loc 1 102 3 view .LVU4
  40              		.loc 1 99 19 is_stmt 0 view .LVU5
  41 0000 9FED057B 		vldr.64	d7, .L3	@ int
  42 0004 0022     		movs	r2, #0
  43 0006 0023     		movs	r3, #0
  44 0008 80ED007B 		vstr.64	d7, [r0]	@ int
  45 000c C0E90223 		strd	r2, [r0, #8]
  46              		.loc 1 103 3 is_stmt 1 view .LVU6
  47              		.loc 1 103 19 is_stmt 0 view .LVU7
  48 0010 C0E90423 		strd	r2, [r0, #16]
  49              		.loc 1 104 1 view .LVU8
  50 0014 7047     		bx	lr
  51              	.L4:
  52 0016 00BF     		.align	3
  53              	.L3:
  54 0018 FFFFFFFF 		.word	-1
  55 001c 00000000 		.word	0
  56              		.cfi_endproc
  57              	.LFE188:
ARM GAS  /tmp/ccYMGSy6.s 			page 2


  58              		.size	chTMObjectInit, .-chTMObjectInit
  59              		.section	.text.chTMStartMeasurementX,"ax",%progbits
  60              		.align	1
  61              		.p2align 4,,15
  62              		.global	chTMStartMeasurementX
  63              		.syntax unified
  64              		.thumb
  65              		.thumb_func
  66              		.type	chTMStartMeasurementX, %function
  67              	chTMStartMeasurementX:
  68              	.LVL1:
  69              	.LFB189:
  70              		.loc 1 114 62 is_stmt 1 view -0
  71              		.cfi_startproc
  72              		@ args = 0, pretend = 0, frame = 0
  73              		@ frame_needed = 0, uses_anonymous_args = 0
  74              		@ link register save eliminated.
  75              		.loc 1 116 3 view .LVU10
  76              	.LBB10:
  77              	.LBI10:
  78              		.file 2 "../RC_Controller/ChibiOS_3.0.5/os/rt/ports/ARMCMx/chcore_v7m.h"
  79              		.loc 2 546 23 view .LVU11
  80              	.LBB11:
  81              		.loc 2 548 3 view .LVU12
  82              		.loc 2 548 13 is_stmt 0 view .LVU13
  83 0000 014B     		ldr	r3, .L6
  84 0002 5B68     		ldr	r3, [r3, #4]
  85              	.LBE11:
  86              	.LBE10:
  87              		.loc 1 116 13 discriminator 1 view .LVU14
  88 0004 8360     		str	r3, [r0, #8]
  89              		.loc 1 117 1 view .LVU15
  90 0006 7047     		bx	lr
  91              	.L7:
  92              		.align	2
  93              	.L6:
  94 0008 001000E0 		.word	-536866816
  95              		.cfi_endproc
  96              	.LFE189:
  97              		.size	chTMStartMeasurementX, .-chTMStartMeasurementX
  98              		.section	.text.chTMStopMeasurementX,"ax",%progbits
  99              		.align	1
 100              		.p2align 4,,15
 101              		.global	chTMStopMeasurementX
 102              		.syntax unified
 103              		.thumb
 104              		.thumb_func
 105              		.type	chTMStopMeasurementX, %function
 106              	chTMStopMeasurementX:
 107              	.LVL2:
 108              	.LFB190:
 109              		.loc 1 127 61 is_stmt 1 view -0
 110              		.cfi_startproc
 111              		@ args = 0, pretend = 0, frame = 0
 112              		@ frame_needed = 0, uses_anonymous_args = 0
 113              		@ link register save eliminated.
 114              		.loc 1 129 3 view .LVU17
ARM GAS  /tmp/ccYMGSy6.s 			page 3


 115              	.LBB16:
 116              	.LBI16:
 117              		.loc 2 546 23 view .LVU18
 118              	.LBB17:
 119              		.loc 2 548 3 view .LVU19
 120              	.LBE17:
 121              	.LBE16:
 122              		.loc 1 129 3 is_stmt 0 discriminator 1 view .LVU20
 123 0000 0E4A     		ldr	r2, .L12
 124              	.LBB20:
 125              	.LBB18:
 126              		.loc 2 548 13 view .LVU21
 127 0002 0F4B     		ldr	r3, .L12+4
 128              	.LBE18:
 129              	.LBE20:
 130              	.LBB21:
 131              	.LBB22:
 132              		.loc 1 58 33 view .LVU22
 133 0004 8168     		ldr	r1, [r0, #8]
 134              	.LBE22:
 135              	.LBE21:
 136              	.LBB25:
 137              	.LBB19:
 138              		.loc 2 548 13 view .LVU23
 139 0006 5B68     		ldr	r3, [r3, #4]
 140              	.LBE19:
 141              	.LBE25:
 142              		.loc 1 127 61 view .LVU24
 143 0008 10B4     		push	{r4}
 144              		.cfi_def_cfa_offset 4
 145              		.cfi_offset 4, -4
 146              		.loc 1 129 3 discriminator 1 view .LVU25
 147 000a 546E     		ldr	r4, [r2, #100]
 148              	.LVL3:
 149              	.LBB26:
 150              	.LBI21:
 151              		.loc 1 53 20 is_stmt 1 view .LVU26
 152              	.LBB23:
 153              		.loc 1 57 3 view .LVU27
 154              		.loc 1 59 19 is_stmt 0 view .LVU28
 155 000c 0269     		ldr	r2, [r0, #16]
 156              		.loc 1 58 33 view .LVU29
 157 000e 1B1B     		subs	r3, r3, r4
 158              	.LVL4:
 159              		.loc 1 58 33 view .LVU30
 160 0010 5B1A     		subs	r3, r3, r1
 161              		.loc 1 59 19 view .LVU31
 162 0012 D218     		adds	r2, r2, r3
 163 0014 4169     		ldr	r1, [r0, #20]
 164 0016 0261     		str	r2, [r0, #16]
 165              		.loc 1 60 6 view .LVU32
 166 0018 4268     		ldr	r2, [r0, #4]
 167              		.loc 1 57 9 view .LVU33
 168 001a C468     		ldr	r4, [r0, #12]
 169              	.LVL5:
 170              		.loc 1 59 19 view .LVU34
 171 001c 41F10001 		adc	r1, r1, #0
ARM GAS  /tmp/ccYMGSy6.s 			page 4


 172              		.loc 1 60 6 view .LVU35
 173 0020 9342     		cmp	r3, r2
 174              		.loc 1 63 6 view .LVU36
 175 0022 0268     		ldr	r2, [r0]
 176              		.loc 1 61 16 view .LVU37
 177 0024 88BF     		it	hi
 178 0026 4360     		strhi	r3, [r0, #4]
 179              		.loc 1 57 9 view .LVU38
 180 0028 0134     		adds	r4, r4, #1
 181              		.loc 1 63 6 view .LVU39
 182 002a 9342     		cmp	r3, r2
 183              		.loc 1 58 13 view .LVU40
 184 002c C0E90234 		strd	r3, r4, [r0, #8]
 185              		.loc 1 59 3 is_stmt 1 view .LVU41
 186              		.loc 1 59 19 is_stmt 0 view .LVU42
 187 0030 4161     		str	r1, [r0, #20]
 188              		.loc 1 60 3 is_stmt 1 view .LVU43
 189              		.loc 1 61 5 view .LVU44
 190              		.loc 1 63 3 view .LVU45
 191              		.loc 1 64 5 view .LVU46
 192              	.LBE23:
 193              	.LBE26:
 194              		.loc 1 130 1 is_stmt 0 view .LVU47
 195 0032 5DF8044B 		ldr	r4, [sp], #4
 196              		.cfi_restore 4
 197              		.cfi_def_cfa_offset 0
 198              	.LBB27:
 199              	.LBB24:
 200              		.loc 1 64 15 view .LVU48
 201 0036 38BF     		it	cc
 202 0038 0360     		strcc	r3, [r0]
 203              	.LVL6:
 204              		.loc 1 64 15 view .LVU49
 205              	.LBE24:
 206              	.LBE27:
 207              		.loc 1 130 1 view .LVU50
 208 003a 7047     		bx	lr
 209              	.L13:
 210              		.align	2
 211              	.L12:
 212 003c 00000000 		.word	ch
 213 0040 001000E0 		.word	-536866816
 214              		.cfi_endproc
 215              	.LFE190:
 216              		.size	chTMStopMeasurementX, .-chTMStopMeasurementX
 217              		.section	.text._tm_init,"ax",%progbits
 218              		.align	1
 219              		.p2align 4,,15
 220              		.global	_tm_init
 221              		.syntax unified
 222              		.thumb
 223              		.thumb_func
 224              		.type	_tm_init, %function
 225              	_tm_init:
 226              	.LFB187:
 227              		.loc 1 77 21 is_stmt 1 view -0
 228              		.cfi_startproc
ARM GAS  /tmp/ccYMGSy6.s 			page 5


 229              		@ args = 0, pretend = 0, frame = 24
 230              		@ frame_needed = 0, uses_anonymous_args = 0
 231              		.loc 1 78 3 view .LVU52
 232              		.loc 1 83 3 view .LVU53
 233              		.loc 1 77 21 is_stmt 0 view .LVU54
 234 0000 10B5     		push	{r4, lr}
 235              		.cfi_def_cfa_offset 8
 236              		.cfi_offset 4, -8
 237              		.cfi_offset 14, -4
 238              	.LBB28:
 239              	.LBB29:
 240              		.loc 1 99 19 view .LVU55
 241 0002 9FED0B7B 		vldr.64	d7, .L16	@ int
 242              	.LBE29:
 243              	.LBE28:
 244              		.loc 1 77 21 view .LVU56
 245 0006 86B0     		sub	sp, sp, #24
 246              		.cfi_def_cfa_offset 32
 247              	.LBB33:
 248              	.LBB30:
 249              		.loc 1 99 19 view .LVU57
 250 0008 8DED007B 		vstr.64	d7, [sp]	@ int
 251              		.loc 1 103 19 view .LVU58
 252 000c 9FED0A7B 		vldr.64	d7, .L16+8	@ int
 253              	.LBE30:
 254              	.LBE33:
 255              		.loc 1 83 16 view .LVU59
 256 0010 0B4C     		ldr	r4, .L16+16
 257 0012 0023     		movs	r3, #0
 258              		.loc 1 85 3 view .LVU60
 259 0014 6846     		mov	r0, sp
 260              		.loc 1 83 16 view .LVU61
 261 0016 6366     		str	r3, [r4, #100]
 262              		.loc 1 84 3 is_stmt 1 view .LVU62
 263              	.LVL7:
 264              	.LBB34:
 265              	.LBI28:
 266              		.loc 1 97 6 view .LVU63
 267              	.LBB31:
 268              		.loc 1 99 3 view .LVU64
 269              		.loc 1 100 3 view .LVU65
 270              		.loc 1 101 3 view .LVU66
 271              		.loc 1 102 3 view .LVU67
 272              		.loc 1 102 19 is_stmt 0 view .LVU68
 273 0018 0393     		str	r3, [sp, #12]
 274              		.loc 1 103 3 is_stmt 1 view .LVU69
 275              	.LVL8:
 276              		.loc 1 103 3 is_stmt 0 view .LVU70
 277              	.LBE31:
 278              	.LBE34:
 279              		.loc 1 85 3 is_stmt 1 view .LVU71
 280              	.LBB35:
 281              	.LBB32:
 282              		.loc 1 103 19 is_stmt 0 view .LVU72
 283 001a 8DED047B 		vstr.64	d7, [sp, #16]	@ int
 284              	.LBE32:
 285              	.LBE35:
ARM GAS  /tmp/ccYMGSy6.s 			page 6


 286              		.loc 1 85 3 view .LVU73
 287 001e FFF7FEFF 		bl	chTMStartMeasurementX
 288              	.LVL9:
 289              		.loc 1 86 3 is_stmt 1 view .LVU74
 290 0022 FFF7FEFF 		bl	chTMStopMeasurementX
 291              	.LVL10:
 292              		.loc 1 87 3 view .LVU75
 293              		.loc 1 87 16 is_stmt 0 view .LVU76
 294 0026 029B     		ldr	r3, [sp, #8]
 295 0028 6366     		str	r3, [r4, #100]
 296              		.loc 1 88 1 view .LVU77
 297 002a 06B0     		add	sp, sp, #24
 298              		.cfi_def_cfa_offset 8
 299              		@ sp needed
 300 002c 10BD     		pop	{r4, pc}
 301              	.L17:
 302 002e 00BF     		.align	3
 303              	.L16:
 304 0030 FFFFFFFF 		.word	-1
 305 0034 00000000 		.word	0
 306 0038 00000000 		.word	0
 307 003c 00000000 		.word	0
 308 0040 00000000 		.word	ch
 309              		.cfi_endproc
 310              	.LFE187:
 311              		.size	_tm_init, .-_tm_init
 312              		.section	.text.chTMChainMeasurementToX,"ax",%progbits
 313              		.align	1
 314              		.p2align 4,,15
 315              		.global	chTMChainMeasurementToX
 316              		.syntax unified
 317              		.thumb
 318              		.thumb_func
 319              		.type	chTMChainMeasurementToX, %function
 320              	chTMChainMeasurementToX:
 321              	.LVL11:
 322              	.LFB191:
 323              		.loc 1 145 65 is_stmt 1 view -0
 324              		.cfi_startproc
 325              		@ args = 0, pretend = 0, frame = 0
 326              		@ frame_needed = 0, uses_anonymous_args = 0
 327              		@ link register save eliminated.
 328              		.loc 1 148 3 view .LVU79
 329              	.LBB40:
 330              	.LBI40:
 331              		.loc 2 546 23 view .LVU80
 332              	.LBB41:
 333              		.loc 2 548 3 view .LVU81
 334              		.loc 2 548 13 is_stmt 0 view .LVU82
 335 0000 0D4B     		ldr	r3, .L22
 336 0002 5B68     		ldr	r3, [r3, #4]
 337              	.LBE41:
 338              	.LBE40:
 339              		.loc 1 145 65 view .LVU83
 340 0004 10B4     		push	{r4}
 341              		.cfi_def_cfa_offset 4
 342              		.cfi_offset 4, -4
ARM GAS  /tmp/ccYMGSy6.s 			page 7


 343              		.loc 1 148 14 discriminator 1 view .LVU84
 344 0006 8B60     		str	r3, [r1, #8]
 345              		.loc 1 151 3 is_stmt 1 view .LVU85
 346              	.LVL12:
 347              	.LBB42:
 348              	.LBI42:
 349              		.loc 1 53 20 view .LVU86
 350              	.LBB43:
 351              		.loc 1 57 3 view .LVU87
 352              		.loc 1 57 9 is_stmt 0 view .LVU88
 353 0008 D0E90342 		ldrd	r4, r2, [r0, #12]
 354              		.loc 1 58 20 view .LVU89
 355 000c 8168     		ldr	r1, [r0, #8]
 356              	.LVL13:
 357              		.loc 1 58 20 view .LVU90
 358 000e 5B1A     		subs	r3, r3, r1
 359              	.LVL14:
 360              		.loc 1 59 19 view .LVU91
 361 0010 D218     		adds	r2, r2, r3
 362 0012 4169     		ldr	r1, [r0, #20]
 363 0014 0261     		str	r2, [r0, #16]
 364              		.loc 1 60 6 view .LVU92
 365 0016 4268     		ldr	r2, [r0, #4]
 366              		.loc 1 59 19 view .LVU93
 367 0018 41F10001 		adc	r1, r1, #0
 368              		.loc 1 60 6 view .LVU94
 369 001c 9342     		cmp	r3, r2
 370              		.loc 1 63 6 view .LVU95
 371 001e 0268     		ldr	r2, [r0]
 372              		.loc 1 61 16 view .LVU96
 373 0020 88BF     		it	hi
 374 0022 4360     		strhi	r3, [r0, #4]
 375              		.loc 1 57 9 view .LVU97
 376 0024 0134     		adds	r4, r4, #1
 377              		.loc 1 63 6 view .LVU98
 378 0026 9342     		cmp	r3, r2
 379              		.loc 1 58 13 view .LVU99
 380 0028 C0E90234 		strd	r3, r4, [r0, #8]
 381              	.LVL15:
 382              		.loc 1 59 3 is_stmt 1 view .LVU100
 383              		.loc 1 59 19 is_stmt 0 view .LVU101
 384 002c 4161     		str	r1, [r0, #20]
 385              		.loc 1 60 3 is_stmt 1 view .LVU102
 386              		.loc 1 61 5 view .LVU103
 387              		.loc 1 63 3 view .LVU104
 388              		.loc 1 64 5 view .LVU105
 389              	.LBE43:
 390              	.LBE42:
 391              		.loc 1 152 1 is_stmt 0 view .LVU106
 392 002e 5DF8044B 		ldr	r4, [sp], #4
 393              		.cfi_restore 4
 394              		.cfi_def_cfa_offset 0
 395              	.LBB45:
 396              	.LBB44:
 397              		.loc 1 64 15 view .LVU107
 398 0032 38BF     		it	cc
 399 0034 0360     		strcc	r3, [r0]
ARM GAS  /tmp/ccYMGSy6.s 			page 8


 400              	.LVL16:
 401              		.loc 1 64 15 view .LVU108
 402              	.LBE44:
 403              	.LBE45:
 404              		.loc 1 152 1 view .LVU109
 405 0036 7047     		bx	lr
 406              	.L23:
 407              		.align	2
 408              	.L22:
 409 0038 001000E0 		.word	-536866816
 410              		.cfi_endproc
 411              	.LFE191:
 412              		.size	chTMChainMeasurementToX, .-chTMChainMeasurementToX
 413              		.text
 414              	.Letext0:
 415              		.file 3 "/opt/arm-gnu-toolchain-13.2.Rel1-x86_64-arm-none-eabi/arm-none-eabi/include/machine/_defa
 416              		.file 4 "/opt/arm-gnu-toolchain-13.2.Rel1-x86_64-arm-none-eabi/arm-none-eabi/include/sys/_stdint.h
 417              		.file 5 "../RC_Controller/ChibiOS_3.0.5/os/rt/ports/ARMCMx/compilers/GCC/chtypes.h"
 418              		.file 6 "../RC_Controller/ChibiOS_3.0.5/os/rt/include/chsystypes.h"
 419              		.file 7 "../RC_Controller/ChibiOS_3.0.5/os/rt/include/chschd.h"
 420              		.file 8 "../RC_Controller/ChibiOS_3.0.5/os/ext/CMSIS/include/core_cm4.h"
 421              		.file 9 "../RC_Controller/ChibiOS_3.0.5/os/rt/ports/ARMCMx/chcore.h"
 422              		.file 10 "../RC_Controller/ChibiOS_3.0.5/os/rt/include/chtm.h"
 423              		.file 11 "../RC_Controller/ChibiOS_3.0.5/os/rt/include/chsem.h"
 424              		.file 12 "../RC_Controller/ChibiOS_3.0.5/os/rt/include/chmtx.h"
 425              		.section	.debug_info,"",%progbits
 426              	.Ldebug_info0:
 427 0000 C20A0000 		.4byte	0xac2
 428 0004 0500     		.2byte	0x5
 429 0006 01       		.byte	0x1
 430 0007 04       		.byte	0x4
 431 0008 00000000 		.4byte	.Ldebug_abbrev0
 432 000c 17       		.uleb128 0x17
 433 000d EC000000 		.4byte	.LASF129
 434 0011 0C       		.byte	0xc
 435 0012 5D060000 		.4byte	.LASF130
 436 0016 40030000 		.4byte	.LASF131
 437 001a 48000000 		.4byte	.LLRL12
 438 001e 00000000 		.4byte	0
 439 0022 00000000 		.4byte	.Ldebug_line0
 440 0026 06       		.uleb128 0x6
 441 0027 08       		.byte	0x8
 442 0028 07       		.byte	0x7
 443 0029 72000000 		.4byte	.LASF0
 444 002d 06       		.uleb128 0x6
 445 002e 04       		.byte	0x4
 446 002f 07       		.byte	0x7
 447 0030 EC020000 		.4byte	.LASF1
 448 0034 18       		.uleb128 0x18
 449 0035 04       		.byte	0x4
 450 0036 05       		.byte	0x5
 451 0037 696E7400 		.ascii	"int\000"
 452 003b 06       		.uleb128 0x6
 453 003c 01       		.byte	0x1
 454 003d 06       		.byte	0x6
 455 003e 15020000 		.4byte	.LASF2
 456 0042 02       		.uleb128 0x2
ARM GAS  /tmp/ccYMGSy6.s 			page 9


 457 0043 23000000 		.4byte	.LASF6
 458 0047 03       		.byte	0x3
 459 0048 2B       		.byte	0x2b
 460 0049 18       		.byte	0x18
 461 004a 4E000000 		.4byte	0x4e
 462 004e 06       		.uleb128 0x6
 463 004f 01       		.byte	0x1
 464 0050 08       		.byte	0x8
 465 0051 D8040000 		.4byte	.LASF3
 466 0055 06       		.uleb128 0x6
 467 0056 02       		.byte	0x2
 468 0057 05       		.byte	0x5
 469 0058 0E050000 		.4byte	.LASF4
 470 005c 06       		.uleb128 0x6
 471 005d 02       		.byte	0x2
 472 005e 07       		.byte	0x7
 473 005f 2D030000 		.4byte	.LASF5
 474 0063 02       		.uleb128 0x2
 475 0064 BD030000 		.4byte	.LASF7
 476 0068 03       		.byte	0x3
 477 0069 4D       		.byte	0x4d
 478 006a 18       		.byte	0x18
 479 006b 6F000000 		.4byte	0x6f
 480 006f 06       		.uleb128 0x6
 481 0070 04       		.byte	0x4
 482 0071 05       		.byte	0x5
 483 0072 6C020000 		.4byte	.LASF8
 484 0076 02       		.uleb128 0x2
 485 0077 EF050000 		.4byte	.LASF9
 486 007b 03       		.byte	0x3
 487 007c 4F       		.byte	0x4f
 488 007d 19       		.byte	0x19
 489 007e 82000000 		.4byte	0x82
 490 0082 06       		.uleb128 0x6
 491 0083 04       		.byte	0x4
 492 0084 07       		.byte	0x7
 493 0085 90050000 		.4byte	.LASF10
 494 0089 06       		.uleb128 0x6
 495 008a 08       		.byte	0x8
 496 008b 05       		.byte	0x5
 497 008c C0020000 		.4byte	.LASF11
 498 0090 02       		.uleb128 0x2
 499 0091 6C040000 		.4byte	.LASF12
 500 0095 03       		.byte	0x3
 501 0096 69       		.byte	0x69
 502 0097 19       		.byte	0x19
 503 0098 26000000 		.4byte	0x26
 504 009c 02       		.uleb128 0x2
 505 009d 55060000 		.4byte	.LASF13
 506 00a1 04       		.byte	0x4
 507 00a2 18       		.byte	0x18
 508 00a3 13       		.byte	0x13
 509 00a4 42000000 		.4byte	0x42
 510 00a8 02       		.uleb128 0x2
 511 00a9 D0040000 		.4byte	.LASF14
 512 00ad 04       		.byte	0x4
 513 00ae 2C       		.byte	0x2c
ARM GAS  /tmp/ccYMGSy6.s 			page 10


 514 00af 13       		.byte	0x13
 515 00b0 63000000 		.4byte	0x63
 516 00b4 02       		.uleb128 0x2
 517 00b5 6F050000 		.4byte	.LASF15
 518 00b9 04       		.byte	0x4
 519 00ba 30       		.byte	0x30
 520 00bb 14       		.byte	0x14
 521 00bc 76000000 		.4byte	0x76
 522 00c0 0D       		.uleb128 0xd
 523 00c1 B4000000 		.4byte	0xb4
 524 00c5 0F       		.uleb128 0xf
 525 00c6 C0000000 		.4byte	0xc0
 526 00ca 02       		.uleb128 0x2
 527 00cb 1A000000 		.4byte	.LASF16
 528 00cf 04       		.byte	0x4
 529 00d0 3C       		.byte	0x3c
 530 00d1 14       		.byte	0x14
 531 00d2 90000000 		.4byte	0x90
 532 00d6 02       		.uleb128 0x2
 533 00d7 F1030000 		.4byte	.LASF17
 534 00db 05       		.byte	0x5
 535 00dc 45       		.byte	0x45
 536 00dd 1D       		.byte	0x1d
 537 00de B4000000 		.4byte	0xb4
 538 00e2 02       		.uleb128 0x2
 539 00e3 CA000000 		.4byte	.LASF18
 540 00e7 05       		.byte	0x5
 541 00e8 46       		.byte	0x46
 542 00e9 1D       		.byte	0x1d
 543 00ea CA000000 		.4byte	0xca
 544 00ee 02       		.uleb128 0x2
 545 00ef AB030000 		.4byte	.LASF19
 546 00f3 05       		.byte	0x5
 547 00f4 48       		.byte	0x48
 548 00f5 1D       		.byte	0x1d
 549 00f6 9C000000 		.4byte	0x9c
 550 00fa 02       		.uleb128 0x2
 551 00fb 75020000 		.4byte	.LASF20
 552 00ff 05       		.byte	0x5
 553 0100 49       		.byte	0x49
 554 0101 1D       		.byte	0x1d
 555 0102 9C000000 		.4byte	0x9c
 556 0106 02       		.uleb128 0x2
 557 0107 37020000 		.4byte	.LASF21
 558 010b 05       		.byte	0x5
 559 010c 4B       		.byte	0x4b
 560 010d 1D       		.byte	0x1d
 561 010e 9C000000 		.4byte	0x9c
 562 0112 02       		.uleb128 0x2
 563 0113 B7040000 		.4byte	.LASF22
 564 0117 05       		.byte	0x5
 565 0118 4C       		.byte	0x4c
 566 0119 1D       		.byte	0x1d
 567 011a B4000000 		.4byte	0xb4
 568 011e 02       		.uleb128 0x2
 569 011f 8D030000 		.4byte	.LASF23
 570 0123 05       		.byte	0x5
ARM GAS  /tmp/ccYMGSy6.s 			page 11


 571 0124 4D       		.byte	0x4d
 572 0125 1D       		.byte	0x1d
 573 0126 A8000000 		.4byte	0xa8
 574 012a 02       		.uleb128 0x2
 575 012b E6020000 		.4byte	.LASF24
 576 012f 05       		.byte	0x5
 577 0130 51       		.byte	0x51
 578 0131 1D       		.byte	0x1d
 579 0132 A8000000 		.4byte	0xa8
 580 0136 02       		.uleb128 0x2
 581 0137 98030000 		.4byte	.LASF25
 582 013b 05       		.byte	0x5
 583 013c 52       		.byte	0x52
 584 013d 1D       		.byte	0x1d
 585 013e B4000000 		.4byte	0xb4
 586 0142 02       		.uleb128 0x2
 587 0143 D1050000 		.4byte	.LASF26
 588 0147 06       		.byte	0x6
 589 0148 33       		.byte	0x33
 590 0149 12       		.byte	0x12
 591 014a B4000000 		.4byte	0xb4
 592 014e 0D       		.uleb128 0xd
 593 014f 42010000 		.4byte	0x142
 594 0153 02       		.uleb128 0x2
 595 0154 A7050000 		.4byte	.LASF27
 596 0158 06       		.byte	0x6
 597 0159 3F       		.byte	0x3f
 598 015a 1A       		.byte	0x1a
 599 015b 5F010000 		.4byte	0x15f
 600 015f 09       		.uleb128 0x9
 601 0160 7C030000 		.4byte	.LASF42
 602 0164 2C       		.byte	0x2c
 603 0165 07       		.byte	0x7
 604 0166 C2       		.byte	0xc2
 605 0167 08       		.byte	0x8
 606 0168 19020000 		.4byte	0x219
 607 016c 03       		.uleb128 0x3
 608 016d 31050000 		.4byte	.LASF28
 609 0171 07       		.byte	0x7
 610 0172 C3       		.byte	0xc3
 611 0173 1A       		.byte	0x1a
 612 0174 25020000 		.4byte	0x225
 613 0178 00       		.byte	0
 614 0179 03       		.uleb128 0x3
 615 017a B0040000 		.4byte	.LASF29
 616 017e 07       		.byte	0x7
 617 017f C5       		.byte	0xc5
 618 0180 1A       		.byte	0x1a
 619 0181 25020000 		.4byte	0x225
 620 0185 04       		.byte	0x4
 621 0186 03       		.uleb128 0x3
 622 0187 D3000000 		.4byte	.LASF30
 623 018b 07       		.byte	0x7
 624 018c C7       		.byte	0xc7
 625 018d 19       		.byte	0x19
 626 018e 12010000 		.4byte	0x112
 627 0192 08       		.byte	0x8
ARM GAS  /tmp/ccYMGSy6.s 			page 12


 628 0193 03       		.uleb128 0x3
 629 0194 42040000 		.4byte	.LASF31
 630 0198 07       		.byte	0x7
 631 0199 C8       		.byte	0xc8
 632 019a 19       		.byte	0x19
 633 019b CD050000 		.4byte	0x5cd
 634 019f 0C       		.byte	0xc
 635 01a0 03       		.uleb128 0x3
 636 01a1 87020000 		.4byte	.LASF32
 637 01a5 07       		.byte	0x7
 638 01a6 CA       		.byte	0xca
 639 01a7 1A       		.byte	0x1a
 640 01a8 25020000 		.4byte	0x225
 641 01ac 10       		.byte	0x10
 642 01ad 03       		.uleb128 0x3
 643 01ae 34040000 		.4byte	.LASF33
 644 01b2 07       		.byte	0x7
 645 01b3 CB       		.byte	0xcb
 646 01b4 1A       		.byte	0x1a
 647 01b5 25020000 		.4byte	0x225
 648 01b9 14       		.byte	0x14
 649 01ba 03       		.uleb128 0x3
 650 01bb 9C060000 		.4byte	.LASF34
 651 01bf 07       		.byte	0x7
 652 01c0 D2       		.byte	0xd2
 653 01c1 1A       		.byte	0x1a
 654 01c2 7A080000 		.4byte	0x87a
 655 01c6 18       		.byte	0x18
 656 01c7 03       		.uleb128 0x3
 657 01c8 18050000 		.4byte	.LASF35
 658 01cc 07       		.byte	0x7
 659 01cd DD       		.byte	0xdd
 660 01ce 19       		.byte	0x19
 661 01cf FA000000 		.4byte	0xfa
 662 01d3 1C       		.byte	0x1c
 663 01d4 03       		.uleb128 0x3
 664 01d5 38050000 		.4byte	.LASF36
 665 01d9 07       		.byte	0x7
 666 01da E1       		.byte	0xe1
 667 01db 19       		.byte	0x19
 668 01dc EE000000 		.4byte	0xee
 669 01e0 1D       		.byte	0x1d
 670 01e1 03       		.uleb128 0x3
 671 01e2 20050000 		.4byte	.LASF37
 672 01e6 07       		.byte	0x7
 673 01e7 EC       		.byte	0xec
 674 01e8 19       		.byte	0x19
 675 01e9 06010000 		.4byte	0x106
 676 01ed 1E       		.byte	0x1e
 677 01ee 04       		.uleb128 0x4
 678 01ef 705F7500 		.ascii	"p_u\000"
 679 01f3 07       		.byte	0x7
 680 01f4 3101     		.2byte	0x131
 681 01f6 19       		.byte	0x19
 682 01f7 BC070000 		.4byte	0x7bc
 683 01fb 20       		.byte	0x20
 684 01fc 01       		.uleb128 0x1
ARM GAS  /tmp/ccYMGSy6.s 			page 13


 685 01fd B3030000 		.4byte	.LASF38
 686 0201 07       		.byte	0x7
 687 0202 4D01     		.2byte	0x14d
 688 0204 1A       		.byte	0x1a
 689 0205 75080000 		.4byte	0x875
 690 0209 24       		.byte	0x24
 691 020a 01       		.uleb128 0x1
 692 020b DB050000 		.4byte	.LASF39
 693 020f 07       		.byte	0x7
 694 0210 5101     		.2byte	0x151
 695 0212 19       		.byte	0x19
 696 0213 12010000 		.4byte	0x112
 697 0217 28       		.byte	0x28
 698 0218 00       		.byte	0
 699 0219 02       		.uleb128 0x2
 700 021a F9030000 		.4byte	.LASF40
 701 021e 06       		.byte	0x6
 702 021f 44       		.byte	0x44
 703 0220 14       		.byte	0x14
 704 0221 25020000 		.4byte	0x225
 705 0225 07       		.uleb128 0x7
 706 0226 53010000 		.4byte	0x153
 707 022a 02       		.uleb128 0x2
 708 022b 2E060000 		.4byte	.LASF41
 709 022f 06       		.byte	0x6
 710 0230 50       		.byte	0x50
 711 0231 21       		.byte	0x21
 712 0232 36020000 		.4byte	0x236
 713 0236 09       		.uleb128 0x9
 714 0237 39000000 		.4byte	.LASF43
 715 023b 08       		.byte	0x8
 716 023c 07       		.byte	0x7
 717 023d B7       		.byte	0xb7
 718 023e 08       		.byte	0x8
 719 023f 5E020000 		.4byte	0x25e
 720 0243 03       		.uleb128 0x3
 721 0244 31050000 		.4byte	.LASF28
 722 0248 07       		.byte	0x7
 723 0249 B8       		.byte	0xb8
 724 024a 1A       		.byte	0x1a
 725 024b 25020000 		.4byte	0x225
 726 024f 00       		.byte	0
 727 0250 03       		.uleb128 0x3
 728 0251 B0040000 		.4byte	.LASF29
 729 0255 07       		.byte	0x7
 730 0256 B9       		.byte	0xb9
 731 0257 1A       		.byte	0x1a
 732 0258 25020000 		.4byte	0x225
 733 025c 04       		.byte	0x4
 734 025d 00       		.byte	0
 735 025e 02       		.uleb128 0x2
 736 025f 00000000 		.4byte	.LASF44
 737 0263 06       		.byte	0x6
 738 0264 57       		.byte	0x57
 739 0265 1E       		.byte	0x1e
 740 0266 6A020000 		.4byte	0x26a
 741 026a 0B       		.uleb128 0xb
ARM GAS  /tmp/ccYMGSy6.s 			page 14


 742 026b 14030000 		.4byte	.LASF45
 743 026f 1C       		.byte	0x1c
 744 0270 9001     		.2byte	0x190
 745 0272 CB020000 		.4byte	0x2cb
 746 0276 01       		.uleb128 0x1
 747 0277 7F050000 		.4byte	.LASF46
 748 027b 07       		.byte	0x7
 749 027c 9101     		.2byte	0x191
 750 027e 19       		.byte	0x19
 751 027f 2A020000 		.4byte	0x22a
 752 0283 00       		.byte	0
 753 0284 01       		.uleb128 0x1
 754 0285 2A050000 		.4byte	.LASF47
 755 0289 07       		.byte	0x7
 756 028a 9201     		.2byte	0x192
 757 028c 19       		.byte	0x19
 758 028d 12010000 		.4byte	0x112
 759 0291 08       		.byte	0x8
 760 0292 01       		.uleb128 0x1
 761 0293 3C040000 		.4byte	.LASF48
 762 0297 07       		.byte	0x7
 763 0298 9401     		.2byte	0x194
 764 029a 19       		.byte	0x19
 765 029b CD050000 		.4byte	0x5cd
 766 029f 0C       		.byte	0xc
 767 02a0 01       		.uleb128 0x1
 768 02a1 97020000 		.4byte	.LASF49
 769 02a5 07       		.byte	0x7
 770 02a6 9701     		.2byte	0x197
 771 02a8 1A       		.byte	0x1a
 772 02a9 25020000 		.4byte	0x225
 773 02ad 10       		.byte	0x10
 774 02ae 01       		.uleb128 0x1
 775 02af 64040000 		.4byte	.LASF50
 776 02b3 07       		.byte	0x7
 777 02b4 9801     		.2byte	0x198
 778 02b6 1A       		.byte	0x1a
 779 02b7 25020000 		.4byte	0x225
 780 02bb 14       		.byte	0x14
 781 02bc 01       		.uleb128 0x1
 782 02bd 5A040000 		.4byte	.LASF51
 783 02c1 07       		.byte	0x7
 784 02c2 9B01     		.2byte	0x19b
 785 02c4 1A       		.byte	0x1a
 786 02c5 25020000 		.4byte	0x225
 787 02c9 18       		.byte	0x18
 788 02ca 00       		.byte	0
 789 02cb 02       		.uleb128 0x2
 790 02cc E6050000 		.4byte	.LASF52
 791 02d0 06       		.byte	0x6
 792 02d1 5C       		.byte	0x5c
 793 02d2 10       		.byte	0x10
 794 02d3 D7020000 		.4byte	0x2d7
 795 02d7 07       		.uleb128 0x7
 796 02d8 DC020000 		.4byte	0x2dc
 797 02dc 19       		.uleb128 0x19
 798 02dd E7020000 		.4byte	0x2e7
ARM GAS  /tmp/ccYMGSy6.s 			page 15


 799 02e1 1A       		.uleb128 0x1a
 800 02e2 E7020000 		.4byte	0x2e7
 801 02e6 00       		.byte	0
 802 02e7 1B       		.uleb128 0x1b
 803 02e8 04       		.byte	0x4
 804 02e9 02       		.uleb128 0x2
 805 02ea A0040000 		.4byte	.LASF53
 806 02ee 06       		.byte	0x6
 807 02ef 61       		.byte	0x61
 808 02f0 21       		.byte	0x21
 809 02f1 F5020000 		.4byte	0x2f5
 810 02f5 0B       		.uleb128 0xb
 811 02f6 4A050000 		.4byte	.LASF54
 812 02fa 14       		.byte	0x14
 813 02fb 6B01     		.2byte	0x16b
 814 02fd 48030000 		.4byte	0x348
 815 0301 01       		.uleb128 0x1
 816 0302 F9020000 		.4byte	.LASF55
 817 0306 07       		.byte	0x7
 818 0307 6C01     		.2byte	0x16c
 819 0309 1A       		.byte	0x1a
 820 030a 90080000 		.4byte	0x890
 821 030e 00       		.byte	0
 822 030f 01       		.uleb128 0x1
 823 0310 A8020000 		.4byte	.LASF56
 824 0314 07       		.byte	0x7
 825 0315 6D01     		.2byte	0x16d
 826 0317 1A       		.byte	0x1a
 827 0318 90080000 		.4byte	0x890
 828 031c 04       		.byte	0x4
 829 031d 01       		.uleb128 0x1
 830 031e 87050000 		.4byte	.LASF57
 831 0322 07       		.byte	0x7
 832 0323 6E01     		.2byte	0x16e
 833 0325 19       		.byte	0x19
 834 0326 42010000 		.4byte	0x142
 835 032a 08       		.byte	0x8
 836 032b 01       		.uleb128 0x1
 837 032c B6060000 		.4byte	.LASF58
 838 0330 07       		.byte	0x7
 839 0331 6F01     		.2byte	0x16f
 840 0333 19       		.byte	0x19
 841 0334 CB020000 		.4byte	0x2cb
 842 0338 0C       		.byte	0xc
 843 0339 01       		.uleb128 0x1
 844 033a 21060000 		.4byte	.LASF59
 845 033e 07       		.byte	0x7
 846 033f 7101     		.2byte	0x171
 847 0341 1A       		.byte	0x1a
 848 0342 E7020000 		.4byte	0x2e7
 849 0346 10       		.byte	0x10
 850 0347 00       		.byte	0
 851 0348 02       		.uleb128 0x2
 852 0349 A5000000 		.4byte	.LASF60
 853 034d 06       		.byte	0x6
 854 034e 66       		.byte	0x66
 855 034f 28       		.byte	0x28
ARM GAS  /tmp/ccYMGSy6.s 			page 16


 856 0350 54030000 		.4byte	0x354
 857 0354 0B       		.uleb128 0xb
 858 0355 0C040000 		.4byte	.LASF61
 859 0359 10       		.byte	0x10
 860 035a 7B01     		.2byte	0x17b
 861 035c 99030000 		.4byte	0x399
 862 0360 01       		.uleb128 0x1
 863 0361 F9020000 		.4byte	.LASF55
 864 0365 07       		.byte	0x7
 865 0366 7C01     		.2byte	0x17c
 866 0368 1A       		.byte	0x1a
 867 0369 90080000 		.4byte	0x890
 868 036d 00       		.byte	0
 869 036e 01       		.uleb128 0x1
 870 036f A8020000 		.4byte	.LASF56
 871 0373 07       		.byte	0x7
 872 0374 7E01     		.2byte	0x17e
 873 0376 1A       		.byte	0x1a
 874 0377 90080000 		.4byte	0x890
 875 037b 04       		.byte	0x4
 876 037c 01       		.uleb128 0x1
 877 037d 87050000 		.4byte	.LASF57
 878 0381 07       		.byte	0x7
 879 0382 8001     		.2byte	0x180
 880 0384 19       		.byte	0x19
 881 0385 42010000 		.4byte	0x142
 882 0389 08       		.byte	0x8
 883 038a 01       		.uleb128 0x1
 884 038b A3060000 		.4byte	.LASF62
 885 038f 07       		.byte	0x7
 886 0390 8201     		.2byte	0x182
 887 0392 19       		.byte	0x19
 888 0393 4E010000 		.4byte	0x14e
 889 0397 0C       		.byte	0xc
 890 0398 00       		.byte	0
 891 0399 02       		.uleb128 0x2
 892 039a 4A000000 		.4byte	.LASF63
 893 039e 06       		.byte	0x6
 894 039f 6B       		.byte	0x6b
 895 03a0 20       		.byte	0x20
 896 03a1 A5030000 		.4byte	0x3a5
 897 03a5 0B       		.uleb128 0xb
 898 03a6 B0020000 		.4byte	.LASF64
 899 03aa 0C       		.byte	0xc
 900 03ab A201     		.2byte	0x1a2
 901 03ad DC030000 		.4byte	0x3dc
 902 03b1 01       		.uleb128 0x1
 903 03b2 FA050000 		.4byte	.LASF65
 904 03b6 07       		.byte	0x7
 905 03b7 AA01     		.2byte	0x1aa
 906 03b9 24       		.byte	0x24
 907 03ba 7F080000 		.4byte	0x87f
 908 03be 00       		.byte	0
 909 03bf 01       		.uleb128 0x1
 910 03c0 47060000 		.4byte	.LASF66
 911 03c4 07       		.byte	0x7
 912 03c5 AF01     		.2byte	0x1af
ARM GAS  /tmp/ccYMGSy6.s 			page 17


 913 03c7 19       		.byte	0x19
 914 03c8 2A010000 		.4byte	0x12a
 915 03cc 04       		.byte	0x4
 916 03cd 01       		.uleb128 0x1
 917 03ce CE020000 		.4byte	.LASF67
 918 03d2 07       		.byte	0x7
 919 03d3 B301     		.2byte	0x1b3
 920 03d5 19       		.byte	0x19
 921 03d6 2A010000 		.4byte	0x12a
 922 03da 08       		.byte	0x8
 923 03db 00       		.byte	0
 924 03dc 02       		.uleb128 0x2
 925 03dd 9F030000 		.4byte	.LASF68
 926 03e1 06       		.byte	0x6
 927 03e2 70       		.byte	0x70
 928 03e3 1A       		.byte	0x1a
 929 03e4 E8030000 		.4byte	0x3e8
 930 03e8 1C       		.uleb128 0x1c
 931 03e9 40050000 		.4byte	.LASF69
 932 03ed B001     		.2byte	0x1b0
 933 03ef 07       		.byte	0x7
 934 03f0 C201     		.2byte	0x1c2
 935 03f2 08       		.byte	0x8
 936 03f3 4B040000 		.4byte	0x44b
 937 03f7 01       		.uleb128 0x1
 938 03f8 4F060000 		.4byte	.LASF70
 939 03fc 07       		.byte	0x7
 940 03fd C601     		.2byte	0x1c6
 941 03ff 19       		.byte	0x19
 942 0400 5E020000 		.4byte	0x25e
 943 0404 00       		.byte	0
 944 0405 01       		.uleb128 0x1
 945 0406 30020000 		.4byte	.LASF71
 946 040a 07       		.byte	0x7
 947 040b CA01     		.2byte	0x1ca
 948 040d 19       		.byte	0x19
 949 040e 48030000 		.4byte	0x348
 950 0412 1C       		.byte	0x1c
 951 0413 04       		.uleb128 0x4
 952 0414 64626700 		.ascii	"dbg\000"
 953 0418 07       		.byte	0x7
 954 0419 CE01     		.2byte	0x1ce
 955 041b 19       		.byte	0x19
 956 041c 99030000 		.4byte	0x399
 957 0420 2C       		.byte	0x2c
 958 0421 01       		.uleb128 0x1
 959 0422 92000000 		.4byte	.LASF72
 960 0426 07       		.byte	0x7
 961 0427 D201     		.2byte	0x1d2
 962 0429 19       		.byte	0x19
 963 042a 53010000 		.4byte	0x153
 964 042e 38       		.byte	0x38
 965 042f 04       		.uleb128 0x4
 966 0430 746D00   		.ascii	"tm\000"
 967 0433 07       		.byte	0x7
 968 0434 D701     		.2byte	0x1d7
 969 0436 19       		.byte	0x19
ARM GAS  /tmp/ccYMGSy6.s 			page 18


 970 0437 5D070000 		.4byte	0x75d
 971 043b 64       		.byte	0x64
 972 043c 01       		.uleb128 0x1
 973 043d D7020000 		.4byte	.LASF73
 974 0441 07       		.byte	0x7
 975 0442 E301     		.2byte	0x1e3
 976 0444 03       		.byte	0x3
 977 0445 95080000 		.4byte	0x895
 978 0449 68       		.byte	0x68
 979 044a 00       		.byte	0
 980 044b 10       		.uleb128 0x10
 981 044c B4000000 		.4byte	0xb4
 982 0450 5B040000 		.4byte	0x45b
 983 0454 11       		.uleb128 0x11
 984 0455 2D000000 		.4byte	0x2d
 985 0459 00       		.byte	0
 986 045a 00       		.byte	0
 987 045b 1D       		.uleb128 0x1d
 988 045c 5C       		.byte	0x5c
 989 045d 08       		.byte	0x8
 990 045e 0603     		.2byte	0x306
 991 0460 09       		.byte	0x9
 992 0461 A8050000 		.4byte	0x5a8
 993 0465 01       		.uleb128 0x1
 994 0466 1C060000 		.4byte	.LASF74
 995 046a 08       		.byte	0x8
 996 046b 0803     		.2byte	0x308
 997 046d 11       		.byte	0x11
 998 046e C0000000 		.4byte	0xc0
 999 0472 00       		.byte	0
 1000 0473 01       		.uleb128 0x1
 1001 0474 EA030000 		.4byte	.LASF75
 1002 0478 08       		.byte	0x8
 1003 0479 0903     		.2byte	0x309
 1004 047b 11       		.byte	0x11
 1005 047c C0000000 		.4byte	0xc0
 1006 0480 04       		.byte	0x4
 1007 0481 01       		.uleb128 0x1
 1008 0482 21020000 		.4byte	.LASF76
 1009 0486 08       		.byte	0x8
 1010 0487 0A03     		.2byte	0x30a
 1011 0489 11       		.byte	0x11
 1012 048a C0000000 		.4byte	0xc0
 1013 048e 08       		.byte	0x8
 1014 048f 01       		.uleb128 0x1
 1015 0490 86030000 		.4byte	.LASF77
 1016 0494 08       		.byte	0x8
 1017 0495 0B03     		.2byte	0x30b
 1018 0497 11       		.byte	0x11
 1019 0498 C0000000 		.4byte	0xc0
 1020 049c 0C       		.byte	0xc
 1021 049d 01       		.uleb128 0x1
 1022 049e 7E020000 		.4byte	.LASF78
 1023 04a2 08       		.byte	0x8
 1024 04a3 0C03     		.2byte	0x30c
 1025 04a5 11       		.byte	0x11
 1026 04a6 C0000000 		.4byte	0xc0
ARM GAS  /tmp/ccYMGSy6.s 			page 19


 1027 04aa 10       		.byte	0x10
 1028 04ab 01       		.uleb128 0x1
 1029 04ac 68050000 		.4byte	.LASF79
 1030 04b0 08       		.byte	0x8
 1031 04b1 0D03     		.2byte	0x30d
 1032 04b3 11       		.byte	0x11
 1033 04b4 C0000000 		.4byte	0xc0
 1034 04b8 14       		.byte	0x14
 1035 04b9 01       		.uleb128 0x1
 1036 04ba 8D060000 		.4byte	.LASF80
 1037 04be 08       		.byte	0x8
 1038 04bf 0E03     		.2byte	0x30e
 1039 04c1 11       		.byte	0x11
 1040 04c2 C0000000 		.4byte	0xc0
 1041 04c6 18       		.byte	0x18
 1042 04c7 01       		.uleb128 0x1
 1043 04c8 BF040000 		.4byte	.LASF81
 1044 04cc 08       		.byte	0x8
 1045 04cd 0F03     		.2byte	0x30f
 1046 04cf 11       		.byte	0x11
 1047 04d0 C5000000 		.4byte	0xc5
 1048 04d4 1C       		.byte	0x1c
 1049 04d5 01       		.uleb128 0x1
 1050 04d6 28060000 		.4byte	.LASF82
 1051 04da 08       		.byte	0x8
 1052 04db 1003     		.2byte	0x310
 1053 04dd 11       		.byte	0x11
 1054 04de C0000000 		.4byte	0xc0
 1055 04e2 20       		.byte	0x20
 1056 04e3 01       		.uleb128 0x1
 1057 04e4 C4040000 		.4byte	.LASF83
 1058 04e8 08       		.byte	0x8
 1059 04e9 1103     		.2byte	0x311
 1060 04eb 11       		.byte	0x11
 1061 04ec C0000000 		.4byte	0xc0
 1062 04f0 24       		.byte	0x24
 1063 04f1 01       		.uleb128 0x1
 1064 04f2 E6040000 		.4byte	.LASF84
 1065 04f6 08       		.byte	0x8
 1066 04f7 1203     		.2byte	0x312
 1067 04f9 11       		.byte	0x11
 1068 04fa C0000000 		.4byte	0xc0
 1069 04fe 28       		.byte	0x28
 1070 04ff 01       		.uleb128 0x1
 1071 0500 82040000 		.4byte	.LASF85
 1072 0504 08       		.byte	0x8
 1073 0505 1303     		.2byte	0x313
 1074 0507 11       		.byte	0x11
 1075 0508 4B040000 		.4byte	0x44b
 1076 050c 2C       		.byte	0x2c
 1077 050d 01       		.uleb128 0x1
 1078 050e 48040000 		.4byte	.LASF86
 1079 0512 08       		.byte	0x8
 1080 0513 1403     		.2byte	0x314
 1081 0515 11       		.byte	0x11
 1082 0516 C0000000 		.4byte	0xc0
 1083 051a 30       		.byte	0x30
ARM GAS  /tmp/ccYMGSy6.s 			page 20


 1084 051b 01       		.uleb128 0x1
 1085 051c CA040000 		.4byte	.LASF87
 1086 0520 08       		.byte	0x8
 1087 0521 1503     		.2byte	0x315
 1088 0523 11       		.byte	0x11
 1089 0524 C0000000 		.4byte	0xc0
 1090 0528 34       		.byte	0x34
 1091 0529 01       		.uleb128 0x1
 1092 052a F0040000 		.4byte	.LASF88
 1093 052e 08       		.byte	0x8
 1094 052f 1603     		.2byte	0x316
 1095 0531 11       		.byte	0x11
 1096 0532 C0000000 		.4byte	0xc0
 1097 0536 38       		.byte	0x38
 1098 0537 01       		.uleb128 0x1
 1099 0538 8C040000 		.4byte	.LASF89
 1100 053c 08       		.byte	0x8
 1101 053d 1703     		.2byte	0x317
 1102 053f 11       		.byte	0x11
 1103 0540 4B040000 		.4byte	0x44b
 1104 0544 3C       		.byte	0x3c
 1105 0545 01       		.uleb128 0x1
 1106 0546 4E040000 		.4byte	.LASF90
 1107 054a 08       		.byte	0x8
 1108 054b 1803     		.2byte	0x318
 1109 054d 11       		.byte	0x11
 1110 054e C0000000 		.4byte	0xc0
 1111 0552 40       		.byte	0x40
 1112 0553 01       		.uleb128 0x1
 1113 0554 01030000 		.4byte	.LASF91
 1114 0558 08       		.byte	0x8
 1115 0559 1903     		.2byte	0x319
 1116 055b 11       		.byte	0x11
 1117 055c C0000000 		.4byte	0xc0
 1118 0560 44       		.byte	0x44
 1119 0561 01       		.uleb128 0x1
 1120 0562 FA040000 		.4byte	.LASF92
 1121 0566 08       		.byte	0x8
 1122 0567 1A03     		.2byte	0x31a
 1123 0569 11       		.byte	0x11
 1124 056a C0000000 		.4byte	0xc0
 1125 056e 48       		.byte	0x48
 1126 056f 01       		.uleb128 0x1
 1127 0570 96040000 		.4byte	.LASF93
 1128 0574 08       		.byte	0x8
 1129 0575 1B03     		.2byte	0x31b
 1130 0577 11       		.byte	0x11
 1131 0578 4B040000 		.4byte	0x44b
 1132 057c 4C       		.byte	0x4c
 1133 057d 01       		.uleb128 0x1
 1134 057e 54040000 		.4byte	.LASF94
 1135 0582 08       		.byte	0x8
 1136 0583 1C03     		.2byte	0x31c
 1137 0585 11       		.byte	0x11
 1138 0586 C0000000 		.4byte	0xc0
 1139 058a 50       		.byte	0x50
 1140 058b 01       		.uleb128 0x1
ARM GAS  /tmp/ccYMGSy6.s 			page 21


 1141 058c 07030000 		.4byte	.LASF95
 1142 0590 08       		.byte	0x8
 1143 0591 1D03     		.2byte	0x31d
 1144 0593 11       		.byte	0x11
 1145 0594 C0000000 		.4byte	0xc0
 1146 0598 54       		.byte	0x54
 1147 0599 01       		.uleb128 0x1
 1148 059a 04050000 		.4byte	.LASF96
 1149 059e 08       		.byte	0x8
 1150 059f 1E03     		.2byte	0x31e
 1151 05a1 11       		.byte	0x11
 1152 05a2 C0000000 		.4byte	0xc0
 1153 05a6 58       		.byte	0x58
 1154 05a7 00       		.byte	0
 1155 05a8 1E       		.uleb128 0x1e
 1156 05a9 13060000 		.4byte	.LASF97
 1157 05ad 08       		.byte	0x8
 1158 05ae 1F03     		.2byte	0x31f
 1159 05b0 03       		.byte	0x3
 1160 05b1 5B040000 		.4byte	0x45b
 1161 05b5 02       		.uleb128 0x2
 1162 05b6 9F020000 		.4byte	.LASF98
 1163 05ba 09       		.byte	0x9
 1164 05bb 65       		.byte	0x65
 1165 05bc 0F       		.byte	0xf
 1166 05bd E7020000 		.4byte	0x2e7
 1167 05c1 02       		.uleb128 0x2
 1168 05c2 DF030000 		.4byte	.LASF99
 1169 05c6 09       		.byte	0x9
 1170 05c7 6D       		.byte	0x6d
 1171 05c8 12       		.byte	0x12
 1172 05c9 CA000000 		.4byte	0xca
 1173 05cd 09       		.uleb128 0x9
 1174 05ce 0B060000 		.4byte	.LASF100
 1175 05d2 04       		.byte	0x4
 1176 05d3 09       		.byte	0x9
 1177 05d4 89       		.byte	0x89
 1178 05d5 08       		.byte	0x8
 1179 05d6 E8050000 		.4byte	0x5e8
 1180 05da 05       		.uleb128 0x5
 1181 05db 72313300 		.ascii	"r13\000"
 1182 05df 09       		.byte	0x9
 1183 05e0 8A       		.byte	0x8a
 1184 05e1 17       		.byte	0x17
 1185 05e2 43070000 		.4byte	0x743
 1186 05e6 00       		.byte	0
 1187 05e7 00       		.byte	0
 1188 05e8 09       		.uleb128 0x9
 1189 05e9 2D000000 		.4byte	.LASF101
 1190 05ed 64       		.byte	0x64
 1191 05ee 02       		.byte	0x2
 1192 05ef F4       		.byte	0xf4
 1193 05f0 08       		.byte	0x8
 1194 05f1 43070000 		.4byte	0x743
 1195 05f5 05       		.uleb128 0x5
 1196 05f6 73313600 		.ascii	"s16\000"
 1197 05fa 02       		.byte	0x2
ARM GAS  /tmp/ccYMGSy6.s 			page 22


 1198 05fb F6       		.byte	0xf6
 1199 05fc 11       		.byte	0x11
 1200 05fd B5050000 		.4byte	0x5b5
 1201 0601 00       		.byte	0
 1202 0602 05       		.uleb128 0x5
 1203 0603 73313700 		.ascii	"s17\000"
 1204 0607 02       		.byte	0x2
 1205 0608 F7       		.byte	0xf7
 1206 0609 11       		.byte	0x11
 1207 060a B5050000 		.4byte	0x5b5
 1208 060e 04       		.byte	0x4
 1209 060f 05       		.uleb128 0x5
 1210 0610 73313800 		.ascii	"s18\000"
 1211 0614 02       		.byte	0x2
 1212 0615 F8       		.byte	0xf8
 1213 0616 11       		.byte	0x11
 1214 0617 B5050000 		.4byte	0x5b5
 1215 061b 08       		.byte	0x8
 1216 061c 05       		.uleb128 0x5
 1217 061d 73313900 		.ascii	"s19\000"
 1218 0621 02       		.byte	0x2
 1219 0622 F9       		.byte	0xf9
 1220 0623 11       		.byte	0x11
 1221 0624 B5050000 		.4byte	0x5b5
 1222 0628 0C       		.byte	0xc
 1223 0629 05       		.uleb128 0x5
 1224 062a 73323000 		.ascii	"s20\000"
 1225 062e 02       		.byte	0x2
 1226 062f FA       		.byte	0xfa
 1227 0630 11       		.byte	0x11
 1228 0631 B5050000 		.4byte	0x5b5
 1229 0635 10       		.byte	0x10
 1230 0636 05       		.uleb128 0x5
 1231 0637 73323100 		.ascii	"s21\000"
 1232 063b 02       		.byte	0x2
 1233 063c FB       		.byte	0xfb
 1234 063d 11       		.byte	0x11
 1235 063e B5050000 		.4byte	0x5b5
 1236 0642 14       		.byte	0x14
 1237 0643 05       		.uleb128 0x5
 1238 0644 73323200 		.ascii	"s22\000"
 1239 0648 02       		.byte	0x2
 1240 0649 FC       		.byte	0xfc
 1241 064a 11       		.byte	0x11
 1242 064b B5050000 		.4byte	0x5b5
 1243 064f 18       		.byte	0x18
 1244 0650 05       		.uleb128 0x5
 1245 0651 73323300 		.ascii	"s23\000"
 1246 0655 02       		.byte	0x2
 1247 0656 FD       		.byte	0xfd
 1248 0657 11       		.byte	0x11
 1249 0658 B5050000 		.4byte	0x5b5
 1250 065c 1C       		.byte	0x1c
 1251 065d 05       		.uleb128 0x5
 1252 065e 73323400 		.ascii	"s24\000"
 1253 0662 02       		.byte	0x2
 1254 0663 FE       		.byte	0xfe
ARM GAS  /tmp/ccYMGSy6.s 			page 23


 1255 0664 11       		.byte	0x11
 1256 0665 B5050000 		.4byte	0x5b5
 1257 0669 20       		.byte	0x20
 1258 066a 05       		.uleb128 0x5
 1259 066b 73323500 		.ascii	"s25\000"
 1260 066f 02       		.byte	0x2
 1261 0670 FF       		.byte	0xff
 1262 0671 11       		.byte	0x11
 1263 0672 B5050000 		.4byte	0x5b5
 1264 0676 24       		.byte	0x24
 1265 0677 04       		.uleb128 0x4
 1266 0678 73323600 		.ascii	"s26\000"
 1267 067c 02       		.byte	0x2
 1268 067d 0001     		.2byte	0x100
 1269 067f 11       		.byte	0x11
 1270 0680 B5050000 		.4byte	0x5b5
 1271 0684 28       		.byte	0x28
 1272 0685 04       		.uleb128 0x4
 1273 0686 73323700 		.ascii	"s27\000"
 1274 068a 02       		.byte	0x2
 1275 068b 0101     		.2byte	0x101
 1276 068d 11       		.byte	0x11
 1277 068e B5050000 		.4byte	0x5b5
 1278 0692 2C       		.byte	0x2c
 1279 0693 04       		.uleb128 0x4
 1280 0694 73323800 		.ascii	"s28\000"
 1281 0698 02       		.byte	0x2
 1282 0699 0201     		.2byte	0x102
 1283 069b 11       		.byte	0x11
 1284 069c B5050000 		.4byte	0x5b5
 1285 06a0 30       		.byte	0x30
 1286 06a1 04       		.uleb128 0x4
 1287 06a2 73323900 		.ascii	"s29\000"
 1288 06a6 02       		.byte	0x2
 1289 06a7 0301     		.2byte	0x103
 1290 06a9 11       		.byte	0x11
 1291 06aa B5050000 		.4byte	0x5b5
 1292 06ae 34       		.byte	0x34
 1293 06af 04       		.uleb128 0x4
 1294 06b0 73333000 		.ascii	"s30\000"
 1295 06b4 02       		.byte	0x2
 1296 06b5 0401     		.2byte	0x104
 1297 06b7 11       		.byte	0x11
 1298 06b8 B5050000 		.4byte	0x5b5
 1299 06bc 38       		.byte	0x38
 1300 06bd 04       		.uleb128 0x4
 1301 06be 73333100 		.ascii	"s31\000"
 1302 06c2 02       		.byte	0x2
 1303 06c3 0501     		.2byte	0x105
 1304 06c5 11       		.byte	0x11
 1305 06c6 B5050000 		.4byte	0x5b5
 1306 06ca 3C       		.byte	0x3c
 1307 06cb 04       		.uleb128 0x4
 1308 06cc 723400   		.ascii	"r4\000"
 1309 06cf 02       		.byte	0x2
 1310 06d0 0701     		.2byte	0x107
 1311 06d2 11       		.byte	0x11
ARM GAS  /tmp/ccYMGSy6.s 			page 24


 1312 06d3 B5050000 		.4byte	0x5b5
 1313 06d7 40       		.byte	0x40
 1314 06d8 04       		.uleb128 0x4
 1315 06d9 723500   		.ascii	"r5\000"
 1316 06dc 02       		.byte	0x2
 1317 06dd 0801     		.2byte	0x108
 1318 06df 11       		.byte	0x11
 1319 06e0 B5050000 		.4byte	0x5b5
 1320 06e4 44       		.byte	0x44
 1321 06e5 04       		.uleb128 0x4
 1322 06e6 723600   		.ascii	"r6\000"
 1323 06e9 02       		.byte	0x2
 1324 06ea 0901     		.2byte	0x109
 1325 06ec 11       		.byte	0x11
 1326 06ed B5050000 		.4byte	0x5b5
 1327 06f1 48       		.byte	0x48
 1328 06f2 04       		.uleb128 0x4
 1329 06f3 723700   		.ascii	"r7\000"
 1330 06f6 02       		.byte	0x2
 1331 06f7 0A01     		.2byte	0x10a
 1332 06f9 11       		.byte	0x11
 1333 06fa B5050000 		.4byte	0x5b5
 1334 06fe 4C       		.byte	0x4c
 1335 06ff 04       		.uleb128 0x4
 1336 0700 723800   		.ascii	"r8\000"
 1337 0703 02       		.byte	0x2
 1338 0704 0B01     		.2byte	0x10b
 1339 0706 11       		.byte	0x11
 1340 0707 B5050000 		.4byte	0x5b5
 1341 070b 50       		.byte	0x50
 1342 070c 04       		.uleb128 0x4
 1343 070d 723900   		.ascii	"r9\000"
 1344 0710 02       		.byte	0x2
 1345 0711 0C01     		.2byte	0x10c
 1346 0713 11       		.byte	0x11
 1347 0714 B5050000 		.4byte	0x5b5
 1348 0718 54       		.byte	0x54
 1349 0719 04       		.uleb128 0x4
 1350 071a 72313000 		.ascii	"r10\000"
 1351 071e 02       		.byte	0x2
 1352 071f 0D01     		.2byte	0x10d
 1353 0721 11       		.byte	0x11
 1354 0722 B5050000 		.4byte	0x5b5
 1355 0726 58       		.byte	0x58
 1356 0727 04       		.uleb128 0x4
 1357 0728 72313100 		.ascii	"r11\000"
 1358 072c 02       		.byte	0x2
 1359 072d 0E01     		.2byte	0x10e
 1360 072f 11       		.byte	0x11
 1361 0730 B5050000 		.4byte	0x5b5
 1362 0734 5C       		.byte	0x5c
 1363 0735 04       		.uleb128 0x4
 1364 0736 6C7200   		.ascii	"lr\000"
 1365 0739 02       		.byte	0x2
 1366 073a 0F01     		.2byte	0x10f
 1367 073c 11       		.byte	0x11
 1368 073d B5050000 		.4byte	0x5b5
ARM GAS  /tmp/ccYMGSy6.s 			page 25


 1369 0741 60       		.byte	0x60
 1370 0742 00       		.byte	0
 1371 0743 07       		.uleb128 0x7
 1372 0744 E8050000 		.4byte	0x5e8
 1373 0748 12       		.uleb128 0x12
 1374 0749 04       		.byte	0x4
 1375 074a 38       		.byte	0x38
 1376 074b 5D070000 		.4byte	0x75d
 1377 074f 03       		.uleb128 0x3
 1378 0750 04060000 		.4byte	.LASF102
 1379 0754 0A       		.byte	0xa
 1380 0755 3C       		.byte	0x3c
 1381 0756 19       		.byte	0x19
 1382 0757 D6000000 		.4byte	0xd6
 1383 075b 00       		.byte	0
 1384 075c 00       		.byte	0
 1385 075d 02       		.uleb128 0x2
 1386 075e 23040000 		.4byte	.LASF103
 1387 0762 0A       		.byte	0xa
 1388 0763 3D       		.byte	0x3d
 1389 0764 03       		.byte	0x3
 1390 0765 48070000 		.4byte	0x748
 1391 0769 12       		.uleb128 0x12
 1392 076a 18       		.byte	0x18
 1393 076b 48       		.byte	0x48
 1394 076c B0070000 		.4byte	0x7b0
 1395 0770 03       		.uleb128 0x3
 1396 0771 28030000 		.4byte	.LASF104
 1397 0775 0A       		.byte	0xa
 1398 0776 49       		.byte	0x49
 1399 0777 19       		.byte	0x19
 1400 0778 D6000000 		.4byte	0xd6
 1401 077c 00       		.byte	0
 1402 077d 03       		.uleb128 0x3
 1403 077e 59000000 		.4byte	.LASF105
 1404 0782 0A       		.byte	0xa
 1405 0783 4A       		.byte	0x4a
 1406 0784 19       		.byte	0x19
 1407 0785 D6000000 		.4byte	0xd6
 1408 0789 04       		.byte	0x4
 1409 078a 03       		.uleb128 0x3
 1410 078b 93030000 		.4byte	.LASF106
 1411 078f 0A       		.byte	0xa
 1412 0790 4B       		.byte	0x4b
 1413 0791 19       		.byte	0x19
 1414 0792 D6000000 		.4byte	0xd6
 1415 0796 08       		.byte	0x8
 1416 0797 05       		.uleb128 0x5
 1417 0798 6E00     		.ascii	"n\000"
 1418 079a 0A       		.byte	0xa
 1419 079b 4C       		.byte	0x4c
 1420 079c 19       		.byte	0x19
 1421 079d 36010000 		.4byte	0x136
 1422 07a1 0C       		.byte	0xc
 1423 07a2 03       		.uleb128 0x3
 1424 07a3 77040000 		.4byte	.LASF107
 1425 07a7 0A       		.byte	0xa
ARM GAS  /tmp/ccYMGSy6.s 			page 26


 1426 07a8 4D       		.byte	0x4d
 1427 07a9 19       		.byte	0x19
 1428 07aa E2000000 		.4byte	0xe2
 1429 07ae 10       		.byte	0x10
 1430 07af 00       		.byte	0
 1431 07b0 02       		.uleb128 0x2
 1432 07b1 5F000000 		.4byte	.LASF108
 1433 07b5 0A       		.byte	0xa
 1434 07b6 4E       		.byte	0x4e
 1435 07b7 03       		.byte	0x3
 1436 07b8 69070000 		.4byte	0x769
 1437 07bc 1F       		.uleb128 0x1f
 1438 07bd 04       		.byte	0x4
 1439 07be 07       		.byte	0x7
 1440 07bf FA       		.byte	0xfa
 1441 07c0 03       		.byte	0x3
 1442 07c1 0E080000 		.4byte	0x80e
 1443 07c5 0A       		.uleb128 0xa
 1444 07c6 13000000 		.4byte	.LASF109
 1445 07ca 0101     		.2byte	0x101
 1446 07cc 19       		.byte	0x19
 1447 07cd 1E010000 		.4byte	0x11e
 1448 07d1 0A       		.uleb128 0xa
 1449 07d2 89000000 		.4byte	.LASF110
 1450 07d6 0801     		.2byte	0x108
 1451 07d8 19       		.byte	0x19
 1452 07d9 1E010000 		.4byte	0x11e
 1453 07dd 0A       		.uleb128 0xa
 1454 07de 95060000 		.4byte	.LASF111
 1455 07e2 0F01     		.2byte	0x10f
 1456 07e4 1A       		.byte	0x1a
 1457 07e5 E7020000 		.4byte	0x2e7
 1458 07e9 0A       		.uleb128 0xa
 1459 07ea 0D000000 		.4byte	.LASF112
 1460 07ee 1601     		.2byte	0x116
 1461 07f0 1A       		.byte	0x1a
 1462 07f1 0E080000 		.4byte	0x80e
 1463 07f5 0A       		.uleb128 0xa
 1464 07f6 0D030000 		.4byte	.LASF113
 1465 07fa 1E01     		.2byte	0x11e
 1466 07fc 1A       		.byte	0x1a
 1467 07fd 3B080000 		.4byte	0x83b
 1468 0801 0A       		.uleb128 0xa
 1469 0802 78050000 		.4byte	.LASF114
 1470 0806 2701     		.2byte	0x127
 1471 0808 1A       		.byte	0x1a
 1472 0809 75080000 		.4byte	0x875
 1473 080d 00       		.byte	0
 1474 080e 07       		.uleb128 0x7
 1475 080f 19020000 		.4byte	0x219
 1476 0813 09       		.uleb128 0x9
 1477 0814 5B050000 		.4byte	.LASF115
 1478 0818 0C       		.byte	0xc
 1479 0819 0B       		.byte	0xb
 1480 081a 34       		.byte	0x34
 1481 081b 10       		.byte	0x10
 1482 081c 3B080000 		.4byte	0x83b
ARM GAS  /tmp/ccYMGSy6.s 			page 27


 1483 0820 03       		.uleb128 0x3
 1484 0821 8F020000 		.4byte	.LASF116
 1485 0825 0B       		.byte	0xb
 1486 0826 35       		.byte	0x35
 1487 0827 19       		.byte	0x19
 1488 0828 2A020000 		.4byte	0x22a
 1489 082c 00       		.byte	0
 1490 082d 03       		.uleb128 0x3
 1491 082e 22030000 		.4byte	.LASF117
 1492 0832 0B       		.byte	0xb
 1493 0833 37       		.byte	0x37
 1494 0834 19       		.byte	0x19
 1495 0835 2A010000 		.4byte	0x12a
 1496 0839 08       		.byte	0x8
 1497 083a 00       		.byte	0
 1498 083b 07       		.uleb128 0x7
 1499 083c 13080000 		.4byte	0x813
 1500 0840 09       		.uleb128 0x9
 1501 0841 3E060000 		.4byte	.LASF118
 1502 0845 10       		.byte	0x10
 1503 0846 0C       		.byte	0xc
 1504 0847 39       		.byte	0x39
 1505 0848 08       		.byte	0x8
 1506 0849 75080000 		.4byte	0x875
 1507 084d 03       		.uleb128 0x3
 1508 084e 28020000 		.4byte	.LASF119
 1509 0852 0C       		.byte	0xc
 1510 0853 3A       		.byte	0x3a
 1511 0854 19       		.byte	0x19
 1512 0855 2A020000 		.4byte	0x22a
 1513 0859 00       		.byte	0
 1514 085a 03       		.uleb128 0x3
 1515 085b AE060000 		.4byte	.LASF120
 1516 085f 0C       		.byte	0xc
 1517 0860 3C       		.byte	0x3c
 1518 0861 1A       		.byte	0x1a
 1519 0862 25020000 		.4byte	0x225
 1520 0866 08       		.byte	0x8
 1521 0867 03       		.uleb128 0x3
 1522 0868 CA050000 		.4byte	.LASF121
 1523 086c 0C       		.byte	0xc
 1524 086d 3E       		.byte	0x3e
 1525 086e 1A       		.byte	0x1a
 1526 086f BD080000 		.4byte	0x8bd
 1527 0873 0C       		.byte	0xc
 1528 0874 00       		.byte	0
 1529 0875 07       		.uleb128 0x7
 1530 0876 40080000 		.4byte	0x840
 1531 087a 07       		.uleb128 0x7
 1532 087b 8B080000 		.4byte	0x88b
 1533 087f 0D       		.uleb128 0xd
 1534 0880 7A080000 		.4byte	0x87a
 1535 0884 06       		.uleb128 0x6
 1536 0885 01       		.byte	0x1
 1537 0886 08       		.byte	0x8
 1538 0887 A2050000 		.4byte	.LASF122
 1539 088b 0F       		.uleb128 0xf
ARM GAS  /tmp/ccYMGSy6.s 			page 28


 1540 088c 84080000 		.4byte	0x884
 1541 0890 07       		.uleb128 0x7
 1542 0891 E9020000 		.4byte	0x2e9
 1543 0895 10       		.uleb128 0x10
 1544 0896 C1050000 		.4byte	0x5c1
 1545 089a A5080000 		.4byte	0x8a5
 1546 089e 11       		.uleb128 0x11
 1547 089f 2D000000 		.4byte	0x2d
 1548 08a3 28       		.byte	0x28
 1549 08a4 00       		.byte	0
 1550 08a5 20       		.uleb128 0x20
 1551 08a6 636800   		.ascii	"ch\000"
 1552 08a9 07       		.byte	0x7
 1553 08aa 0902     		.2byte	0x209
 1554 08ac 14       		.byte	0x14
 1555 08ad DC030000 		.4byte	0x3dc
 1556 08b1 02       		.uleb128 0x2
 1557 08b2 E4000000 		.4byte	.LASF123
 1558 08b6 0C       		.byte	0xc
 1559 08b7 34       		.byte	0x34
 1560 08b8 19       		.byte	0x19
 1561 08b9 40080000 		.4byte	0x840
 1562 08bd 07       		.uleb128 0x7
 1563 08be B1080000 		.4byte	0x8b1
 1564 08c2 0C       		.uleb128 0xc
 1565 08c3 C7030000 		.4byte	.LASF124
 1566 08c7 90       		.byte	0x90
 1567 08c8 0F       		.byte	0xf
 1568 08c9 00000000 		.4byte	.LFB191
 1569 08cd 3C000000 		.4byte	.LFE191-.LFB191
 1570 08d1 01       		.uleb128 0x1
 1571 08d2 9C       		.byte	0x9c
 1572 08d3 45090000 		.4byte	0x945
 1573 08d7 21       		.uleb128 0x21
 1574 08d8 DA000000 		.4byte	.LASF126
 1575 08dc 01       		.byte	0x1
 1576 08dd 90       		.byte	0x90
 1577 08de 3B       		.byte	0x3b
 1578 08df 45090000 		.4byte	0x945
 1579 08e3 01       		.uleb128 0x1
 1580 08e4 50       		.byte	0x50
 1581 08e5 22       		.uleb128 0x22
 1582 08e6 DF000000 		.4byte	.LASF132
 1583 08ea 01       		.byte	0x1
 1584 08eb 91       		.byte	0x91
 1585 08ec 3B       		.byte	0x3b
 1586 08ed 45090000 		.4byte	0x945
 1587 08f1 10000000 		.4byte	.LLST7
 1588 08f5 0C000000 		.4byte	.LVUS7
 1589 08f9 13       		.uleb128 0x13
 1590 08fa A00A0000 		.4byte	0xaa0
 1591 08fe 00000000 		.4byte	.LBI40
 1592 0902 02       		.byte	.LVU80
 1593 0903 00000000 		.4byte	.LBB40
 1594 0907 04000000 		.4byte	.LBE40-.LBB40
 1595 090b 94       		.byte	0x94
 1596 090c 10       		.byte	0x10
ARM GAS  /tmp/ccYMGSy6.s 			page 29


 1597 090d 14       		.uleb128 0x14
 1598 090e 700A0000 		.4byte	0xa70
 1599 0912 08000000 		.4byte	.LBI42
 1600 0916 01       		.byte	.LVU86
 1601 0917 3C000000 		.4byte	.LLRL8
 1602 091b 97       		.byte	0x97
 1603 091c 08       		.uleb128 0x8
 1604 091d 930A0000 		.4byte	0xa93
 1605 0921 2B000000 		.4byte	.LLST9
 1606 0925 29000000 		.4byte	.LVUS9
 1607 0929 08       		.uleb128 0x8
 1608 092a 880A0000 		.4byte	0xa88
 1609 092e 39000000 		.4byte	.LLST10
 1610 0932 35000000 		.4byte	.LVUS10
 1611 0936 08       		.uleb128 0x8
 1612 0937 7D0A0000 		.4byte	0xa7d
 1613 093b 55000000 		.4byte	.LLST11
 1614 093f 53000000 		.4byte	.LVUS11
 1615 0943 00       		.byte	0
 1616 0944 00       		.byte	0
 1617 0945 07       		.uleb128 0x7
 1618 0946 B0070000 		.4byte	0x7b0
 1619 094a 0C       		.uleb128 0xc
 1620 094b 57020000 		.4byte	.LASF125
 1621 094f 7F       		.byte	0x7f
 1622 0950 0F       		.byte	0xf
 1623 0951 00000000 		.4byte	.LFB190
 1624 0955 44000000 		.4byte	.LFE190-.LFB190
 1625 0959 01       		.uleb128 0x1
 1626 095a 9C       		.byte	0x9c
 1627 095b B5090000 		.4byte	0x9b5
 1628 095f 15       		.uleb128 0x15
 1629 0960 746D7000 		.ascii	"tmp\000"
 1630 0964 7F       		.byte	0x7f
 1631 0965 38       		.byte	0x38
 1632 0966 45090000 		.4byte	0x945
 1633 096a 01       		.uleb128 0x1
 1634 096b 50       		.byte	0x50
 1635 096c 23       		.uleb128 0x23
 1636 096d A00A0000 		.4byte	0xaa0
 1637 0971 00000000 		.4byte	.LBI16
 1638 0975 02       		.byte	.LVU18
 1639 0976 0C000000 		.4byte	.LLRL0
 1640 097a 01       		.byte	0x1
 1641 097b 81       		.byte	0x81
 1642 097c 10       		.byte	0x10
 1643 097d 14       		.uleb128 0x14
 1644 097e 700A0000 		.4byte	0xa70
 1645 0982 0C000000 		.4byte	.LBI21
 1646 0986 00       		.byte	.LVU26
 1647 0987 1B000000 		.4byte	.LLRL1
 1648 098b 81       		.byte	0x81
 1649 098c 08       		.uleb128 0x8
 1650 098d 930A0000 		.4byte	0xa93
 1651 0991 60000000 		.4byte	.LLST2
 1652 0995 5E000000 		.4byte	.LVUS2
 1653 0999 08       		.uleb128 0x8
ARM GAS  /tmp/ccYMGSy6.s 			page 30


 1654 099a 880A0000 		.4byte	0xa88
 1655 099e 6B000000 		.4byte	.LLST3
 1656 09a2 69000000 		.4byte	.LVUS3
 1657 09a6 08       		.uleb128 0x8
 1658 09a7 7D0A0000 		.4byte	0xa7d
 1659 09ab 76000000 		.4byte	.LLST4
 1660 09af 74000000 		.4byte	.LVUS4
 1661 09b3 00       		.byte	0
 1662 09b4 00       		.byte	0
 1663 09b5 0C       		.uleb128 0xc
 1664 09b6 41020000 		.4byte	.LASF127
 1665 09ba 72       		.byte	0x72
 1666 09bb 0F       		.byte	0xf
 1667 09bc 00000000 		.4byte	.LFB189
 1668 09c0 0C000000 		.4byte	.LFE189-.LFB189
 1669 09c4 01       		.uleb128 0x1
 1670 09c5 9C       		.byte	0x9c
 1671 09c6 EC090000 		.4byte	0x9ec
 1672 09ca 15       		.uleb128 0x15
 1673 09cb 746D7000 		.ascii	"tmp\000"
 1674 09cf 72       		.byte	0x72
 1675 09d0 39       		.byte	0x39
 1676 09d1 45090000 		.4byte	0x945
 1677 09d5 01       		.uleb128 0x1
 1678 09d6 50       		.byte	0x50
 1679 09d7 13       		.uleb128 0x13
 1680 09d8 A00A0000 		.4byte	0xaa0
 1681 09dc 00000000 		.4byte	.LBI10
 1682 09e0 02       		.byte	.LVU11
 1683 09e1 00000000 		.4byte	.LBB10
 1684 09e5 04000000 		.4byte	.LBE10-.LBB10
 1685 09e9 74       		.byte	0x74
 1686 09ea 0F       		.byte	0xf
 1687 09eb 00       		.byte	0
 1688 09ec 24       		.uleb128 0x24
 1689 09ed BB000000 		.4byte	.LASF133
 1690 09f1 01       		.byte	0x1
 1691 09f2 61       		.byte	0x61
 1692 09f3 06       		.byte	0x6
 1693 09f4 01       		.byte	0x1
 1694 09f5 050A0000 		.4byte	0xa05
 1695 09f9 0E       		.uleb128 0xe
 1696 09fa 746D7000 		.ascii	"tmp\000"
 1697 09fe 61       		.byte	0x61
 1698 09ff 29       		.byte	0x29
 1699 0a00 45090000 		.4byte	0x945
 1700 0a04 00       		.byte	0
 1701 0a05 0C       		.uleb128 0xc
 1702 0a06 BE060000 		.4byte	.LASF128
 1703 0a0a 4D       		.byte	0x4d
 1704 0a0b 06       		.byte	0x6
 1705 0a0c 00000000 		.4byte	.LFB187
 1706 0a10 44000000 		.4byte	.LFE187-.LFB187
 1707 0a14 01       		.uleb128 0x1
 1708 0a15 9C       		.byte	0x9c
 1709 0a16 700A0000 		.4byte	0xa70
 1710 0a1a 25       		.uleb128 0x25
ARM GAS  /tmp/ccYMGSy6.s 			page 31


 1711 0a1b 746D00   		.ascii	"tm\000"
 1712 0a1e 01       		.byte	0x1
 1713 0a1f 4E       		.byte	0x4e
 1714 0a20 16       		.byte	0x16
 1715 0a21 B0070000 		.4byte	0x7b0
 1716 0a25 02       		.uleb128 0x2
 1717 0a26 91       		.byte	0x91
 1718 0a27 60       		.sleb128 -32
 1719 0a28 26       		.uleb128 0x26
 1720 0a29 EC090000 		.4byte	0x9ec
 1721 0a2d 18000000 		.4byte	.LBI28
 1722 0a31 01       		.byte	.LVU63
 1723 0a32 2A000000 		.4byte	.LLRL5
 1724 0a36 01       		.byte	0x1
 1725 0a37 54       		.byte	0x54
 1726 0a38 03       		.byte	0x3
 1727 0a39 4B0A0000 		.4byte	0xa4b
 1728 0a3d 08       		.uleb128 0x8
 1729 0a3e F9090000 		.4byte	0x9f9
 1730 0a42 81000000 		.4byte	.LLST6
 1731 0a46 7F000000 		.4byte	.LVUS6
 1732 0a4a 00       		.byte	0
 1733 0a4b 27       		.uleb128 0x27
 1734 0a4c 22000000 		.4byte	.LVL9
 1735 0a50 B5090000 		.4byte	0x9b5
 1736 0a54 5F0A0000 		.4byte	0xa5f
 1737 0a58 16       		.uleb128 0x16
 1738 0a59 01       		.uleb128 0x1
 1739 0a5a 50       		.byte	0x50
 1740 0a5b 02       		.uleb128 0x2
 1741 0a5c 70       		.byte	0x70
 1742 0a5d 00       		.sleb128 0
 1743 0a5e 00       		.byte	0
 1744 0a5f 28       		.uleb128 0x28
 1745 0a60 26000000 		.4byte	.LVL10
 1746 0a64 4A090000 		.4byte	0x94a
 1747 0a68 16       		.uleb128 0x16
 1748 0a69 01       		.uleb128 0x1
 1749 0a6a 50       		.byte	0x50
 1750 0a6b 02       		.uleb128 0x2
 1751 0a6c 70       		.byte	0x70
 1752 0a6d 00       		.sleb128 0
 1753 0a6e 00       		.byte	0
 1754 0a6f 00       		.byte	0
 1755 0a70 29       		.uleb128 0x29
 1756 0a71 9D000000 		.4byte	.LASF134
 1757 0a75 01       		.byte	0x1
 1758 0a76 35       		.byte	0x35
 1759 0a77 14       		.byte	0x14
 1760 0a78 03       		.byte	0x3
 1761 0a79 A00A0000 		.4byte	0xaa0
 1762 0a7d 0E       		.uleb128 0xe
 1763 0a7e 746D7000 		.ascii	"tmp\000"
 1764 0a82 35       		.byte	0x35
 1765 0a83 30       		.byte	0x30
 1766 0a84 45090000 		.4byte	0x945
 1767 0a88 0E       		.uleb128 0xe
ARM GAS  /tmp/ccYMGSy6.s 			page 32


 1768 0a89 6E6F7700 		.ascii	"now\000"
 1769 0a8d 36       		.byte	0x36
 1770 0a8e 24       		.byte	0x24
 1771 0a8f D6000000 		.4byte	0xd6
 1772 0a93 2A       		.uleb128 0x2a
 1773 0a94 04060000 		.4byte	.LASF102
 1774 0a98 01       		.byte	0x1
 1775 0a99 37       		.byte	0x37
 1776 0a9a 24       		.byte	0x24
 1777 0a9b D6000000 		.4byte	0xd6
 1778 0a9f 00       		.byte	0
 1779 0aa0 2B       		.uleb128 0x2b
 1780 0aa1 B0050000 		.4byte	.LASF135
 1781 0aa5 02       		.byte	0x2
 1782 0aa6 2202     		.2byte	0x222
 1783 0aa8 17       		.byte	0x17
 1784 0aa9 D6000000 		.4byte	0xd6
 1785 0aad 03       		.byte	0x3
 1786 0aae 2C       		.uleb128 0x2c
 1787 0aaf EC090000 		.4byte	0x9ec
 1788 0ab3 00000000 		.4byte	.LFB188
 1789 0ab7 20000000 		.4byte	.LFE188-.LFB188
 1790 0abb 01       		.uleb128 0x1
 1791 0abc 9C       		.byte	0x9c
 1792 0abd 2D       		.uleb128 0x2d
 1793 0abe F9090000 		.4byte	0x9f9
 1794 0ac2 01       		.uleb128 0x1
 1795 0ac3 50       		.byte	0x50
 1796 0ac4 00       		.byte	0
 1797 0ac5 00       		.byte	0
 1798              		.section	.debug_abbrev,"",%progbits
 1799              	.Ldebug_abbrev0:
 1800 0000 01       		.uleb128 0x1
 1801 0001 0D       		.uleb128 0xd
 1802 0002 00       		.byte	0
 1803 0003 03       		.uleb128 0x3
 1804 0004 0E       		.uleb128 0xe
 1805 0005 3A       		.uleb128 0x3a
 1806 0006 0B       		.uleb128 0xb
 1807 0007 3B       		.uleb128 0x3b
 1808 0008 05       		.uleb128 0x5
 1809 0009 39       		.uleb128 0x39
 1810 000a 0B       		.uleb128 0xb
 1811 000b 49       		.uleb128 0x49
 1812 000c 13       		.uleb128 0x13
 1813 000d 38       		.uleb128 0x38
 1814 000e 0B       		.uleb128 0xb
 1815 000f 00       		.byte	0
 1816 0010 00       		.byte	0
 1817 0011 02       		.uleb128 0x2
 1818 0012 16       		.uleb128 0x16
 1819 0013 00       		.byte	0
 1820 0014 03       		.uleb128 0x3
 1821 0015 0E       		.uleb128 0xe
 1822 0016 3A       		.uleb128 0x3a
 1823 0017 0B       		.uleb128 0xb
 1824 0018 3B       		.uleb128 0x3b
ARM GAS  /tmp/ccYMGSy6.s 			page 33


 1825 0019 0B       		.uleb128 0xb
 1826 001a 39       		.uleb128 0x39
 1827 001b 0B       		.uleb128 0xb
 1828 001c 49       		.uleb128 0x49
 1829 001d 13       		.uleb128 0x13
 1830 001e 00       		.byte	0
 1831 001f 00       		.byte	0
 1832 0020 03       		.uleb128 0x3
 1833 0021 0D       		.uleb128 0xd
 1834 0022 00       		.byte	0
 1835 0023 03       		.uleb128 0x3
 1836 0024 0E       		.uleb128 0xe
 1837 0025 3A       		.uleb128 0x3a
 1838 0026 0B       		.uleb128 0xb
 1839 0027 3B       		.uleb128 0x3b
 1840 0028 0B       		.uleb128 0xb
 1841 0029 39       		.uleb128 0x39
 1842 002a 0B       		.uleb128 0xb
 1843 002b 49       		.uleb128 0x49
 1844 002c 13       		.uleb128 0x13
 1845 002d 38       		.uleb128 0x38
 1846 002e 0B       		.uleb128 0xb
 1847 002f 00       		.byte	0
 1848 0030 00       		.byte	0
 1849 0031 04       		.uleb128 0x4
 1850 0032 0D       		.uleb128 0xd
 1851 0033 00       		.byte	0
 1852 0034 03       		.uleb128 0x3
 1853 0035 08       		.uleb128 0x8
 1854 0036 3A       		.uleb128 0x3a
 1855 0037 0B       		.uleb128 0xb
 1856 0038 3B       		.uleb128 0x3b
 1857 0039 05       		.uleb128 0x5
 1858 003a 39       		.uleb128 0x39
 1859 003b 0B       		.uleb128 0xb
 1860 003c 49       		.uleb128 0x49
 1861 003d 13       		.uleb128 0x13
 1862 003e 38       		.uleb128 0x38
 1863 003f 0B       		.uleb128 0xb
 1864 0040 00       		.byte	0
 1865 0041 00       		.byte	0
 1866 0042 05       		.uleb128 0x5
 1867 0043 0D       		.uleb128 0xd
 1868 0044 00       		.byte	0
 1869 0045 03       		.uleb128 0x3
 1870 0046 08       		.uleb128 0x8
 1871 0047 3A       		.uleb128 0x3a
 1872 0048 0B       		.uleb128 0xb
 1873 0049 3B       		.uleb128 0x3b
 1874 004a 0B       		.uleb128 0xb
 1875 004b 39       		.uleb128 0x39
 1876 004c 0B       		.uleb128 0xb
 1877 004d 49       		.uleb128 0x49
 1878 004e 13       		.uleb128 0x13
 1879 004f 38       		.uleb128 0x38
 1880 0050 0B       		.uleb128 0xb
 1881 0051 00       		.byte	0
ARM GAS  /tmp/ccYMGSy6.s 			page 34


 1882 0052 00       		.byte	0
 1883 0053 06       		.uleb128 0x6
 1884 0054 24       		.uleb128 0x24
 1885 0055 00       		.byte	0
 1886 0056 0B       		.uleb128 0xb
 1887 0057 0B       		.uleb128 0xb
 1888 0058 3E       		.uleb128 0x3e
 1889 0059 0B       		.uleb128 0xb
 1890 005a 03       		.uleb128 0x3
 1891 005b 0E       		.uleb128 0xe
 1892 005c 00       		.byte	0
 1893 005d 00       		.byte	0
 1894 005e 07       		.uleb128 0x7
 1895 005f 0F       		.uleb128 0xf
 1896 0060 00       		.byte	0
 1897 0061 0B       		.uleb128 0xb
 1898 0062 21       		.uleb128 0x21
 1899 0063 04       		.sleb128 4
 1900 0064 49       		.uleb128 0x49
 1901 0065 13       		.uleb128 0x13
 1902 0066 00       		.byte	0
 1903 0067 00       		.byte	0
 1904 0068 08       		.uleb128 0x8
 1905 0069 05       		.uleb128 0x5
 1906 006a 00       		.byte	0
 1907 006b 31       		.uleb128 0x31
 1908 006c 13       		.uleb128 0x13
 1909 006d 02       		.uleb128 0x2
 1910 006e 17       		.uleb128 0x17
 1911 006f B742     		.uleb128 0x2137
 1912 0071 17       		.uleb128 0x17
 1913 0072 00       		.byte	0
 1914 0073 00       		.byte	0
 1915 0074 09       		.uleb128 0x9
 1916 0075 13       		.uleb128 0x13
 1917 0076 01       		.byte	0x1
 1918 0077 03       		.uleb128 0x3
 1919 0078 0E       		.uleb128 0xe
 1920 0079 0B       		.uleb128 0xb
 1921 007a 0B       		.uleb128 0xb
 1922 007b 3A       		.uleb128 0x3a
 1923 007c 0B       		.uleb128 0xb
 1924 007d 3B       		.uleb128 0x3b
 1925 007e 0B       		.uleb128 0xb
 1926 007f 39       		.uleb128 0x39
 1927 0080 0B       		.uleb128 0xb
 1928 0081 01       		.uleb128 0x1
 1929 0082 13       		.uleb128 0x13
 1930 0083 00       		.byte	0
 1931 0084 00       		.byte	0
 1932 0085 0A       		.uleb128 0xa
 1933 0086 0D       		.uleb128 0xd
 1934 0087 00       		.byte	0
 1935 0088 03       		.uleb128 0x3
 1936 0089 0E       		.uleb128 0xe
 1937 008a 3A       		.uleb128 0x3a
 1938 008b 21       		.uleb128 0x21
ARM GAS  /tmp/ccYMGSy6.s 			page 35


 1939 008c 07       		.sleb128 7
 1940 008d 3B       		.uleb128 0x3b
 1941 008e 05       		.uleb128 0x5
 1942 008f 39       		.uleb128 0x39
 1943 0090 0B       		.uleb128 0xb
 1944 0091 49       		.uleb128 0x49
 1945 0092 13       		.uleb128 0x13
 1946 0093 00       		.byte	0
 1947 0094 00       		.byte	0
 1948 0095 0B       		.uleb128 0xb
 1949 0096 13       		.uleb128 0x13
 1950 0097 01       		.byte	0x1
 1951 0098 03       		.uleb128 0x3
 1952 0099 0E       		.uleb128 0xe
 1953 009a 0B       		.uleb128 0xb
 1954 009b 0B       		.uleb128 0xb
 1955 009c 3A       		.uleb128 0x3a
 1956 009d 21       		.uleb128 0x21
 1957 009e 07       		.sleb128 7
 1958 009f 3B       		.uleb128 0x3b
 1959 00a0 05       		.uleb128 0x5
 1960 00a1 39       		.uleb128 0x39
 1961 00a2 21       		.uleb128 0x21
 1962 00a3 08       		.sleb128 8
 1963 00a4 01       		.uleb128 0x1
 1964 00a5 13       		.uleb128 0x13
 1965 00a6 00       		.byte	0
 1966 00a7 00       		.byte	0
 1967 00a8 0C       		.uleb128 0xc
 1968 00a9 2E       		.uleb128 0x2e
 1969 00aa 01       		.byte	0x1
 1970 00ab 3F       		.uleb128 0x3f
 1971 00ac 19       		.uleb128 0x19
 1972 00ad 03       		.uleb128 0x3
 1973 00ae 0E       		.uleb128 0xe
 1974 00af 3A       		.uleb128 0x3a
 1975 00b0 21       		.uleb128 0x21
 1976 00b1 01       		.sleb128 1
 1977 00b2 3B       		.uleb128 0x3b
 1978 00b3 0B       		.uleb128 0xb
 1979 00b4 39       		.uleb128 0x39
 1980 00b5 0B       		.uleb128 0xb
 1981 00b6 27       		.uleb128 0x27
 1982 00b7 19       		.uleb128 0x19
 1983 00b8 11       		.uleb128 0x11
 1984 00b9 01       		.uleb128 0x1
 1985 00ba 12       		.uleb128 0x12
 1986 00bb 06       		.uleb128 0x6
 1987 00bc 40       		.uleb128 0x40
 1988 00bd 18       		.uleb128 0x18
 1989 00be 7A       		.uleb128 0x7a
 1990 00bf 19       		.uleb128 0x19
 1991 00c0 01       		.uleb128 0x1
 1992 00c1 13       		.uleb128 0x13
 1993 00c2 00       		.byte	0
 1994 00c3 00       		.byte	0
 1995 00c4 0D       		.uleb128 0xd
ARM GAS  /tmp/ccYMGSy6.s 			page 36


 1996 00c5 35       		.uleb128 0x35
 1997 00c6 00       		.byte	0
 1998 00c7 49       		.uleb128 0x49
 1999 00c8 13       		.uleb128 0x13
 2000 00c9 00       		.byte	0
 2001 00ca 00       		.byte	0
 2002 00cb 0E       		.uleb128 0xe
 2003 00cc 05       		.uleb128 0x5
 2004 00cd 00       		.byte	0
 2005 00ce 03       		.uleb128 0x3
 2006 00cf 08       		.uleb128 0x8
 2007 00d0 3A       		.uleb128 0x3a
 2008 00d1 21       		.uleb128 0x21
 2009 00d2 01       		.sleb128 1
 2010 00d3 3B       		.uleb128 0x3b
 2011 00d4 0B       		.uleb128 0xb
 2012 00d5 39       		.uleb128 0x39
 2013 00d6 0B       		.uleb128 0xb
 2014 00d7 49       		.uleb128 0x49
 2015 00d8 13       		.uleb128 0x13
 2016 00d9 00       		.byte	0
 2017 00da 00       		.byte	0
 2018 00db 0F       		.uleb128 0xf
 2019 00dc 26       		.uleb128 0x26
 2020 00dd 00       		.byte	0
 2021 00de 49       		.uleb128 0x49
 2022 00df 13       		.uleb128 0x13
 2023 00e0 00       		.byte	0
 2024 00e1 00       		.byte	0
 2025 00e2 10       		.uleb128 0x10
 2026 00e3 01       		.uleb128 0x1
 2027 00e4 01       		.byte	0x1
 2028 00e5 49       		.uleb128 0x49
 2029 00e6 13       		.uleb128 0x13
 2030 00e7 01       		.uleb128 0x1
 2031 00e8 13       		.uleb128 0x13
 2032 00e9 00       		.byte	0
 2033 00ea 00       		.byte	0
 2034 00eb 11       		.uleb128 0x11
 2035 00ec 21       		.uleb128 0x21
 2036 00ed 00       		.byte	0
 2037 00ee 49       		.uleb128 0x49
 2038 00ef 13       		.uleb128 0x13
 2039 00f0 2F       		.uleb128 0x2f
 2040 00f1 0B       		.uleb128 0xb
 2041 00f2 00       		.byte	0
 2042 00f3 00       		.byte	0
 2043 00f4 12       		.uleb128 0x12
 2044 00f5 13       		.uleb128 0x13
 2045 00f6 01       		.byte	0x1
 2046 00f7 0B       		.uleb128 0xb
 2047 00f8 0B       		.uleb128 0xb
 2048 00f9 3A       		.uleb128 0x3a
 2049 00fa 21       		.uleb128 0x21
 2050 00fb 0A       		.sleb128 10
 2051 00fc 3B       		.uleb128 0x3b
 2052 00fd 0B       		.uleb128 0xb
ARM GAS  /tmp/ccYMGSy6.s 			page 37


 2053 00fe 39       		.uleb128 0x39
 2054 00ff 21       		.uleb128 0x21
 2055 0100 09       		.sleb128 9
 2056 0101 01       		.uleb128 0x1
 2057 0102 13       		.uleb128 0x13
 2058 0103 00       		.byte	0
 2059 0104 00       		.byte	0
 2060 0105 13       		.uleb128 0x13
 2061 0106 1D       		.uleb128 0x1d
 2062 0107 00       		.byte	0
 2063 0108 31       		.uleb128 0x31
 2064 0109 13       		.uleb128 0x13
 2065 010a 52       		.uleb128 0x52
 2066 010b 01       		.uleb128 0x1
 2067 010c B842     		.uleb128 0x2138
 2068 010e 0B       		.uleb128 0xb
 2069 010f 11       		.uleb128 0x11
 2070 0110 01       		.uleb128 0x1
 2071 0111 12       		.uleb128 0x12
 2072 0112 06       		.uleb128 0x6
 2073 0113 58       		.uleb128 0x58
 2074 0114 21       		.uleb128 0x21
 2075 0115 01       		.sleb128 1
 2076 0116 59       		.uleb128 0x59
 2077 0117 0B       		.uleb128 0xb
 2078 0118 57       		.uleb128 0x57
 2079 0119 0B       		.uleb128 0xb
 2080 011a 00       		.byte	0
 2081 011b 00       		.byte	0
 2082 011c 14       		.uleb128 0x14
 2083 011d 1D       		.uleb128 0x1d
 2084 011e 01       		.byte	0x1
 2085 011f 31       		.uleb128 0x31
 2086 0120 13       		.uleb128 0x13
 2087 0121 52       		.uleb128 0x52
 2088 0122 01       		.uleb128 0x1
 2089 0123 B842     		.uleb128 0x2138
 2090 0125 0B       		.uleb128 0xb
 2091 0126 55       		.uleb128 0x55
 2092 0127 17       		.uleb128 0x17
 2093 0128 58       		.uleb128 0x58
 2094 0129 21       		.uleb128 0x21
 2095 012a 01       		.sleb128 1
 2096 012b 59       		.uleb128 0x59
 2097 012c 0B       		.uleb128 0xb
 2098 012d 57       		.uleb128 0x57
 2099 012e 21       		.uleb128 0x21
 2100 012f 03       		.sleb128 3
 2101 0130 00       		.byte	0
 2102 0131 00       		.byte	0
 2103 0132 15       		.uleb128 0x15
 2104 0133 05       		.uleb128 0x5
 2105 0134 00       		.byte	0
 2106 0135 03       		.uleb128 0x3
 2107 0136 08       		.uleb128 0x8
 2108 0137 3A       		.uleb128 0x3a
 2109 0138 21       		.uleb128 0x21
ARM GAS  /tmp/ccYMGSy6.s 			page 38


 2110 0139 01       		.sleb128 1
 2111 013a 3B       		.uleb128 0x3b
 2112 013b 0B       		.uleb128 0xb
 2113 013c 39       		.uleb128 0x39
 2114 013d 0B       		.uleb128 0xb
 2115 013e 49       		.uleb128 0x49
 2116 013f 13       		.uleb128 0x13
 2117 0140 02       		.uleb128 0x2
 2118 0141 18       		.uleb128 0x18
 2119 0142 00       		.byte	0
 2120 0143 00       		.byte	0
 2121 0144 16       		.uleb128 0x16
 2122 0145 49       		.uleb128 0x49
 2123 0146 00       		.byte	0
 2124 0147 02       		.uleb128 0x2
 2125 0148 18       		.uleb128 0x18
 2126 0149 7E       		.uleb128 0x7e
 2127 014a 18       		.uleb128 0x18
 2128 014b 00       		.byte	0
 2129 014c 00       		.byte	0
 2130 014d 17       		.uleb128 0x17
 2131 014e 11       		.uleb128 0x11
 2132 014f 01       		.byte	0x1
 2133 0150 25       		.uleb128 0x25
 2134 0151 0E       		.uleb128 0xe
 2135 0152 13       		.uleb128 0x13
 2136 0153 0B       		.uleb128 0xb
 2137 0154 03       		.uleb128 0x3
 2138 0155 0E       		.uleb128 0xe
 2139 0156 1B       		.uleb128 0x1b
 2140 0157 0E       		.uleb128 0xe
 2141 0158 55       		.uleb128 0x55
 2142 0159 17       		.uleb128 0x17
 2143 015a 11       		.uleb128 0x11
 2144 015b 01       		.uleb128 0x1
 2145 015c 10       		.uleb128 0x10
 2146 015d 17       		.uleb128 0x17
 2147 015e 00       		.byte	0
 2148 015f 00       		.byte	0
 2149 0160 18       		.uleb128 0x18
 2150 0161 24       		.uleb128 0x24
 2151 0162 00       		.byte	0
 2152 0163 0B       		.uleb128 0xb
 2153 0164 0B       		.uleb128 0xb
 2154 0165 3E       		.uleb128 0x3e
 2155 0166 0B       		.uleb128 0xb
 2156 0167 03       		.uleb128 0x3
 2157 0168 08       		.uleb128 0x8
 2158 0169 00       		.byte	0
 2159 016a 00       		.byte	0
 2160 016b 19       		.uleb128 0x19
 2161 016c 15       		.uleb128 0x15
 2162 016d 01       		.byte	0x1
 2163 016e 27       		.uleb128 0x27
 2164 016f 19       		.uleb128 0x19
 2165 0170 01       		.uleb128 0x1
 2166 0171 13       		.uleb128 0x13
ARM GAS  /tmp/ccYMGSy6.s 			page 39


 2167 0172 00       		.byte	0
 2168 0173 00       		.byte	0
 2169 0174 1A       		.uleb128 0x1a
 2170 0175 05       		.uleb128 0x5
 2171 0176 00       		.byte	0
 2172 0177 49       		.uleb128 0x49
 2173 0178 13       		.uleb128 0x13
 2174 0179 00       		.byte	0
 2175 017a 00       		.byte	0
 2176 017b 1B       		.uleb128 0x1b
 2177 017c 0F       		.uleb128 0xf
 2178 017d 00       		.byte	0
 2179 017e 0B       		.uleb128 0xb
 2180 017f 0B       		.uleb128 0xb
 2181 0180 00       		.byte	0
 2182 0181 00       		.byte	0
 2183 0182 1C       		.uleb128 0x1c
 2184 0183 13       		.uleb128 0x13
 2185 0184 01       		.byte	0x1
 2186 0185 03       		.uleb128 0x3
 2187 0186 0E       		.uleb128 0xe
 2188 0187 0B       		.uleb128 0xb
 2189 0188 05       		.uleb128 0x5
 2190 0189 3A       		.uleb128 0x3a
 2191 018a 0B       		.uleb128 0xb
 2192 018b 3B       		.uleb128 0x3b
 2193 018c 05       		.uleb128 0x5
 2194 018d 39       		.uleb128 0x39
 2195 018e 0B       		.uleb128 0xb
 2196 018f 01       		.uleb128 0x1
 2197 0190 13       		.uleb128 0x13
 2198 0191 00       		.byte	0
 2199 0192 00       		.byte	0
 2200 0193 1D       		.uleb128 0x1d
 2201 0194 13       		.uleb128 0x13
 2202 0195 01       		.byte	0x1
 2203 0196 0B       		.uleb128 0xb
 2204 0197 0B       		.uleb128 0xb
 2205 0198 3A       		.uleb128 0x3a
 2206 0199 0B       		.uleb128 0xb
 2207 019a 3B       		.uleb128 0x3b
 2208 019b 05       		.uleb128 0x5
 2209 019c 39       		.uleb128 0x39
 2210 019d 0B       		.uleb128 0xb
 2211 019e 01       		.uleb128 0x1
 2212 019f 13       		.uleb128 0x13
 2213 01a0 00       		.byte	0
 2214 01a1 00       		.byte	0
 2215 01a2 1E       		.uleb128 0x1e
 2216 01a3 16       		.uleb128 0x16
 2217 01a4 00       		.byte	0
 2218 01a5 03       		.uleb128 0x3
 2219 01a6 0E       		.uleb128 0xe
 2220 01a7 3A       		.uleb128 0x3a
 2221 01a8 0B       		.uleb128 0xb
 2222 01a9 3B       		.uleb128 0x3b
 2223 01aa 05       		.uleb128 0x5
ARM GAS  /tmp/ccYMGSy6.s 			page 40


 2224 01ab 39       		.uleb128 0x39
 2225 01ac 0B       		.uleb128 0xb
 2226 01ad 49       		.uleb128 0x49
 2227 01ae 13       		.uleb128 0x13
 2228 01af 00       		.byte	0
 2229 01b0 00       		.byte	0
 2230 01b1 1F       		.uleb128 0x1f
 2231 01b2 17       		.uleb128 0x17
 2232 01b3 01       		.byte	0x1
 2233 01b4 0B       		.uleb128 0xb
 2234 01b5 0B       		.uleb128 0xb
 2235 01b6 3A       		.uleb128 0x3a
 2236 01b7 0B       		.uleb128 0xb
 2237 01b8 3B       		.uleb128 0x3b
 2238 01b9 0B       		.uleb128 0xb
 2239 01ba 39       		.uleb128 0x39
 2240 01bb 0B       		.uleb128 0xb
 2241 01bc 01       		.uleb128 0x1
 2242 01bd 13       		.uleb128 0x13
 2243 01be 00       		.byte	0
 2244 01bf 00       		.byte	0
 2245 01c0 20       		.uleb128 0x20
 2246 01c1 34       		.uleb128 0x34
 2247 01c2 00       		.byte	0
 2248 01c3 03       		.uleb128 0x3
 2249 01c4 08       		.uleb128 0x8
 2250 01c5 3A       		.uleb128 0x3a
 2251 01c6 0B       		.uleb128 0xb
 2252 01c7 3B       		.uleb128 0x3b
 2253 01c8 05       		.uleb128 0x5
 2254 01c9 39       		.uleb128 0x39
 2255 01ca 0B       		.uleb128 0xb
 2256 01cb 49       		.uleb128 0x49
 2257 01cc 13       		.uleb128 0x13
 2258 01cd 3F       		.uleb128 0x3f
 2259 01ce 19       		.uleb128 0x19
 2260 01cf 3C       		.uleb128 0x3c
 2261 01d0 19       		.uleb128 0x19
 2262 01d1 00       		.byte	0
 2263 01d2 00       		.byte	0
 2264 01d3 21       		.uleb128 0x21
 2265 01d4 05       		.uleb128 0x5
 2266 01d5 00       		.byte	0
 2267 01d6 03       		.uleb128 0x3
 2268 01d7 0E       		.uleb128 0xe
 2269 01d8 3A       		.uleb128 0x3a
 2270 01d9 0B       		.uleb128 0xb
 2271 01da 3B       		.uleb128 0x3b
 2272 01db 0B       		.uleb128 0xb
 2273 01dc 39       		.uleb128 0x39
 2274 01dd 0B       		.uleb128 0xb
 2275 01de 49       		.uleb128 0x49
 2276 01df 13       		.uleb128 0x13
 2277 01e0 02       		.uleb128 0x2
 2278 01e1 18       		.uleb128 0x18
 2279 01e2 00       		.byte	0
 2280 01e3 00       		.byte	0
ARM GAS  /tmp/ccYMGSy6.s 			page 41


 2281 01e4 22       		.uleb128 0x22
 2282 01e5 05       		.uleb128 0x5
 2283 01e6 00       		.byte	0
 2284 01e7 03       		.uleb128 0x3
 2285 01e8 0E       		.uleb128 0xe
 2286 01e9 3A       		.uleb128 0x3a
 2287 01ea 0B       		.uleb128 0xb
 2288 01eb 3B       		.uleb128 0x3b
 2289 01ec 0B       		.uleb128 0xb
 2290 01ed 39       		.uleb128 0x39
 2291 01ee 0B       		.uleb128 0xb
 2292 01ef 49       		.uleb128 0x49
 2293 01f0 13       		.uleb128 0x13
 2294 01f1 02       		.uleb128 0x2
 2295 01f2 17       		.uleb128 0x17
 2296 01f3 B742     		.uleb128 0x2137
 2297 01f5 17       		.uleb128 0x17
 2298 01f6 00       		.byte	0
 2299 01f7 00       		.byte	0
 2300 01f8 23       		.uleb128 0x23
 2301 01f9 1D       		.uleb128 0x1d
 2302 01fa 00       		.byte	0
 2303 01fb 31       		.uleb128 0x31
 2304 01fc 13       		.uleb128 0x13
 2305 01fd 52       		.uleb128 0x52
 2306 01fe 01       		.uleb128 0x1
 2307 01ff B842     		.uleb128 0x2138
 2308 0201 0B       		.uleb128 0xb
 2309 0202 55       		.uleb128 0x55
 2310 0203 17       		.uleb128 0x17
 2311 0204 58       		.uleb128 0x58
 2312 0205 0B       		.uleb128 0xb
 2313 0206 59       		.uleb128 0x59
 2314 0207 0B       		.uleb128 0xb
 2315 0208 57       		.uleb128 0x57
 2316 0209 0B       		.uleb128 0xb
 2317 020a 00       		.byte	0
 2318 020b 00       		.byte	0
 2319 020c 24       		.uleb128 0x24
 2320 020d 2E       		.uleb128 0x2e
 2321 020e 01       		.byte	0x1
 2322 020f 3F       		.uleb128 0x3f
 2323 0210 19       		.uleb128 0x19
 2324 0211 03       		.uleb128 0x3
 2325 0212 0E       		.uleb128 0xe
 2326 0213 3A       		.uleb128 0x3a
 2327 0214 0B       		.uleb128 0xb
 2328 0215 3B       		.uleb128 0x3b
 2329 0216 0B       		.uleb128 0xb
 2330 0217 39       		.uleb128 0x39
 2331 0218 0B       		.uleb128 0xb
 2332 0219 27       		.uleb128 0x27
 2333 021a 19       		.uleb128 0x19
 2334 021b 20       		.uleb128 0x20
 2335 021c 0B       		.uleb128 0xb
 2336 021d 01       		.uleb128 0x1
 2337 021e 13       		.uleb128 0x13
ARM GAS  /tmp/ccYMGSy6.s 			page 42


 2338 021f 00       		.byte	0
 2339 0220 00       		.byte	0
 2340 0221 25       		.uleb128 0x25
 2341 0222 34       		.uleb128 0x34
 2342 0223 00       		.byte	0
 2343 0224 03       		.uleb128 0x3
 2344 0225 08       		.uleb128 0x8
 2345 0226 3A       		.uleb128 0x3a
 2346 0227 0B       		.uleb128 0xb
 2347 0228 3B       		.uleb128 0x3b
 2348 0229 0B       		.uleb128 0xb
 2349 022a 39       		.uleb128 0x39
 2350 022b 0B       		.uleb128 0xb
 2351 022c 49       		.uleb128 0x49
 2352 022d 13       		.uleb128 0x13
 2353 022e 02       		.uleb128 0x2
 2354 022f 18       		.uleb128 0x18
 2355 0230 00       		.byte	0
 2356 0231 00       		.byte	0
 2357 0232 26       		.uleb128 0x26
 2358 0233 1D       		.uleb128 0x1d
 2359 0234 01       		.byte	0x1
 2360 0235 31       		.uleb128 0x31
 2361 0236 13       		.uleb128 0x13
 2362 0237 52       		.uleb128 0x52
 2363 0238 01       		.uleb128 0x1
 2364 0239 B842     		.uleb128 0x2138
 2365 023b 0B       		.uleb128 0xb
 2366 023c 55       		.uleb128 0x55
 2367 023d 17       		.uleb128 0x17
 2368 023e 58       		.uleb128 0x58
 2369 023f 0B       		.uleb128 0xb
 2370 0240 59       		.uleb128 0x59
 2371 0241 0B       		.uleb128 0xb
 2372 0242 57       		.uleb128 0x57
 2373 0243 0B       		.uleb128 0xb
 2374 0244 01       		.uleb128 0x1
 2375 0245 13       		.uleb128 0x13
 2376 0246 00       		.byte	0
 2377 0247 00       		.byte	0
 2378 0248 27       		.uleb128 0x27
 2379 0249 48       		.uleb128 0x48
 2380 024a 01       		.byte	0x1
 2381 024b 7D       		.uleb128 0x7d
 2382 024c 01       		.uleb128 0x1
 2383 024d 7F       		.uleb128 0x7f
 2384 024e 13       		.uleb128 0x13
 2385 024f 01       		.uleb128 0x1
 2386 0250 13       		.uleb128 0x13
 2387 0251 00       		.byte	0
 2388 0252 00       		.byte	0
 2389 0253 28       		.uleb128 0x28
 2390 0254 48       		.uleb128 0x48
 2391 0255 01       		.byte	0x1
 2392 0256 7D       		.uleb128 0x7d
 2393 0257 01       		.uleb128 0x1
 2394 0258 7F       		.uleb128 0x7f
ARM GAS  /tmp/ccYMGSy6.s 			page 43


 2395 0259 13       		.uleb128 0x13
 2396 025a 00       		.byte	0
 2397 025b 00       		.byte	0
 2398 025c 29       		.uleb128 0x29
 2399 025d 2E       		.uleb128 0x2e
 2400 025e 01       		.byte	0x1
 2401 025f 03       		.uleb128 0x3
 2402 0260 0E       		.uleb128 0xe
 2403 0261 3A       		.uleb128 0x3a
 2404 0262 0B       		.uleb128 0xb
 2405 0263 3B       		.uleb128 0x3b
 2406 0264 0B       		.uleb128 0xb
 2407 0265 39       		.uleb128 0x39
 2408 0266 0B       		.uleb128 0xb
 2409 0267 27       		.uleb128 0x27
 2410 0268 19       		.uleb128 0x19
 2411 0269 20       		.uleb128 0x20
 2412 026a 0B       		.uleb128 0xb
 2413 026b 01       		.uleb128 0x1
 2414 026c 13       		.uleb128 0x13
 2415 026d 00       		.byte	0
 2416 026e 00       		.byte	0
 2417 026f 2A       		.uleb128 0x2a
 2418 0270 05       		.uleb128 0x5
 2419 0271 00       		.byte	0
 2420 0272 03       		.uleb128 0x3
 2421 0273 0E       		.uleb128 0xe
 2422 0274 3A       		.uleb128 0x3a
 2423 0275 0B       		.uleb128 0xb
 2424 0276 3B       		.uleb128 0x3b
 2425 0277 0B       		.uleb128 0xb
 2426 0278 39       		.uleb128 0x39
 2427 0279 0B       		.uleb128 0xb
 2428 027a 49       		.uleb128 0x49
 2429 027b 13       		.uleb128 0x13
 2430 027c 00       		.byte	0
 2431 027d 00       		.byte	0
 2432 027e 2B       		.uleb128 0x2b
 2433 027f 2E       		.uleb128 0x2e
 2434 0280 00       		.byte	0
 2435 0281 03       		.uleb128 0x3
 2436 0282 0E       		.uleb128 0xe
 2437 0283 3A       		.uleb128 0x3a
 2438 0284 0B       		.uleb128 0xb
 2439 0285 3B       		.uleb128 0x3b
 2440 0286 05       		.uleb128 0x5
 2441 0287 39       		.uleb128 0x39
 2442 0288 0B       		.uleb128 0xb
 2443 0289 27       		.uleb128 0x27
 2444 028a 19       		.uleb128 0x19
 2445 028b 49       		.uleb128 0x49
 2446 028c 13       		.uleb128 0x13
 2447 028d 20       		.uleb128 0x20
 2448 028e 0B       		.uleb128 0xb
 2449 028f 00       		.byte	0
 2450 0290 00       		.byte	0
 2451 0291 2C       		.uleb128 0x2c
ARM GAS  /tmp/ccYMGSy6.s 			page 44


 2452 0292 2E       		.uleb128 0x2e
 2453 0293 01       		.byte	0x1
 2454 0294 31       		.uleb128 0x31
 2455 0295 13       		.uleb128 0x13
 2456 0296 11       		.uleb128 0x11
 2457 0297 01       		.uleb128 0x1
 2458 0298 12       		.uleb128 0x12
 2459 0299 06       		.uleb128 0x6
 2460 029a 40       		.uleb128 0x40
 2461 029b 18       		.uleb128 0x18
 2462 029c 7A       		.uleb128 0x7a
 2463 029d 19       		.uleb128 0x19
 2464 029e 00       		.byte	0
 2465 029f 00       		.byte	0
 2466 02a0 2D       		.uleb128 0x2d
 2467 02a1 05       		.uleb128 0x5
 2468 02a2 00       		.byte	0
 2469 02a3 31       		.uleb128 0x31
 2470 02a4 13       		.uleb128 0x13
 2471 02a5 02       		.uleb128 0x2
 2472 02a6 18       		.uleb128 0x18
 2473 02a7 00       		.byte	0
 2474 02a8 00       		.byte	0
 2475 02a9 00       		.byte	0
 2476              		.section	.debug_loclists,"",%progbits
 2477 0000 86000000 		.4byte	.Ldebug_loc3-.Ldebug_loc2
 2478              	.Ldebug_loc2:
 2479 0004 0500     		.2byte	0x5
 2480 0006 04       		.byte	0x4
 2481 0007 00       		.byte	0
 2482 0008 00000000 		.4byte	0
 2483              	.Ldebug_loc0:
 2484              	.LVUS7:
 2485 000c 00       		.uleb128 0
 2486 000d 00       		.uleb128 .LVU90
 2487 000e 00       		.uleb128 .LVU90
 2488 000f 00       		.uleb128 0
 2489              	.LLST7:
 2490 0010 06       		.byte	0x6
 2491 0011 00000000 		.4byte	.LVL11
 2492 0015 04       		.byte	0x4
 2493 0016 00       		.uleb128 .LVL11-.LVL11
 2494 0017 0E       		.uleb128 .LVL13-.LVL11
 2495 0018 01       		.uleb128 0x1
 2496 0019 51       		.byte	0x51
 2497 001a 04       		.byte	0x4
 2498 001b 0E       		.uleb128 .LVL13-.LVL11
 2499 001c 3C       		.uleb128 .LFE191-.LVL11
 2500 001d 0A       		.uleb128 0xa
 2501 001e A3       		.byte	0xa3
 2502 001f 03       		.uleb128 0x3
 2503 0020 A5       		.byte	0xa5
 2504 0021 01       		.uleb128 0x1
 2505 0022 26       		.uleb128 0x26
 2506 0023 A8       		.byte	0xa8
 2507 0024 2D       		.uleb128 0x2d
 2508 0025 A8       		.byte	0xa8
ARM GAS  /tmp/ccYMGSy6.s 			page 45


 2509 0026 00       		.uleb128 0
 2510 0027 9F       		.byte	0x9f
 2511 0028 00       		.byte	0
 2512              	.LVUS9:
 2513 0029 01       		.uleb128 .LVU86
 2514 002a 00       		.uleb128 .LVU108
 2515              	.LLST9:
 2516 002b 08       		.byte	0x8
 2517 002c 08000000 		.4byte	.LVL12
 2518 0030 2E       		.uleb128 .LVL16-.LVL12
 2519 0031 02       		.uleb128 0x2
 2520 0032 30       		.byte	0x30
 2521 0033 9F       		.byte	0x9f
 2522 0034 00       		.byte	0
 2523              	.LVUS10:
 2524 0035 01       		.uleb128 .LVU86
 2525 0036 00       		.uleb128 .LVU91
 2526 0037 00       		.uleb128 .LVU91
 2527 0038 00       		.uleb128 .LVU100
 2528              	.LLST10:
 2529 0039 06       		.byte	0x6
 2530 003a 08000000 		.4byte	.LVL12
 2531 003e 04       		.byte	0x4
 2532 003f 00       		.uleb128 .LVL12-.LVL12
 2533 0040 08       		.uleb128 .LVL14-.LVL12
 2534 0041 01       		.uleb128 0x1
 2535 0042 53       		.byte	0x53
 2536 0043 04       		.byte	0x4
 2537 0044 08       		.uleb128 .LVL14-.LVL12
 2538 0045 24       		.uleb128 .LVL15-.LVL12
 2539 0046 0B       		.uleb128 0xb
 2540 0047 A3       		.byte	0xa3
 2541 0048 03       		.uleb128 0x3
 2542 0049 A5       		.byte	0xa5
 2543 004a 01       		.uleb128 0x1
 2544 004b 26       		.uleb128 0x26
 2545 004c A8       		.byte	0xa8
 2546 004d 2D       		.uleb128 0x2d
 2547 004e A8       		.byte	0xa8
 2548 004f 00       		.uleb128 0
 2549 0050 23       		.byte	0x23
 2550 0051 08       		.uleb128 0x8
 2551 0052 00       		.byte	0
 2552              	.LVUS11:
 2553 0053 01       		.uleb128 .LVU86
 2554 0054 00       		.uleb128 .LVU108
 2555              	.LLST11:
 2556 0055 08       		.byte	0x8
 2557 0056 08000000 		.4byte	.LVL12
 2558 005a 2E       		.uleb128 .LVL16-.LVL12
 2559 005b 01       		.uleb128 0x1
 2560 005c 50       		.byte	0x50
 2561 005d 00       		.byte	0
 2562              	.LVUS2:
 2563 005e 00       		.uleb128 .LVU26
 2564 005f 00       		.uleb128 .LVU34
 2565              	.LLST2:
ARM GAS  /tmp/ccYMGSy6.s 			page 46


 2566 0060 08       		.byte	0x8
 2567 0061 0C000000 		.4byte	.LVL3
 2568 0065 10       		.uleb128 .LVL5-.LVL3
 2569 0066 01       		.uleb128 0x1
 2570 0067 54       		.byte	0x54
 2571 0068 00       		.byte	0
 2572              	.LVUS3:
 2573 0069 00       		.uleb128 .LVU26
 2574 006a 00       		.uleb128 .LVU30
 2575              	.LLST3:
 2576 006b 08       		.byte	0x8
 2577 006c 0C000000 		.4byte	.LVL3
 2578 0070 04       		.uleb128 .LVL4-.LVL3
 2579 0071 01       		.uleb128 0x1
 2580 0072 53       		.byte	0x53
 2581 0073 00       		.byte	0
 2582              	.LVUS4:
 2583 0074 00       		.uleb128 .LVU26
 2584 0075 00       		.uleb128 .LVU49
 2585              	.LLST4:
 2586 0076 08       		.byte	0x8
 2587 0077 0C000000 		.4byte	.LVL3
 2588 007b 2E       		.uleb128 .LVL6-.LVL3
 2589 007c 01       		.uleb128 0x1
 2590 007d 50       		.byte	0x50
 2591 007e 00       		.byte	0
 2592              	.LVUS6:
 2593 007f 01       		.uleb128 .LVU63
 2594 0080 01       		.uleb128 .LVU70
 2595              	.LLST6:
 2596 0081 08       		.byte	0x8
 2597 0082 18000000 		.4byte	.LVL7
 2598 0086 02       		.uleb128 .LVL8-.LVL7
 2599 0087 01       		.uleb128 0x1
 2600 0088 50       		.byte	0x50
 2601 0089 00       		.byte	0
 2602              	.Ldebug_loc3:
 2603              		.section	.debug_aranges,"",%progbits
 2604 0000 3C000000 		.4byte	0x3c
 2605 0004 0200     		.2byte	0x2
 2606 0006 00000000 		.4byte	.Ldebug_info0
 2607 000a 04       		.byte	0x4
 2608 000b 00       		.byte	0
 2609 000c 0000     		.2byte	0
 2610 000e 0000     		.2byte	0
 2611 0010 00000000 		.4byte	.LFB188
 2612 0014 20000000 		.4byte	.LFE188-.LFB188
 2613 0018 00000000 		.4byte	.LFB189
 2614 001c 0C000000 		.4byte	.LFE189-.LFB189
 2615 0020 00000000 		.4byte	.LFB190
 2616 0024 44000000 		.4byte	.LFE190-.LFB190
 2617 0028 00000000 		.4byte	.LFB187
 2618 002c 44000000 		.4byte	.LFE187-.LFB187
 2619 0030 00000000 		.4byte	.LFB191
 2620 0034 3C000000 		.4byte	.LFE191-.LFB191
 2621 0038 00000000 		.4byte	0
 2622 003c 00000000 		.4byte	0
ARM GAS  /tmp/ccYMGSy6.s 			page 47


 2623              		.section	.debug_rnglists,"",%progbits
 2624              	.Ldebug_ranges0:
 2625 0000 63000000 		.4byte	.Ldebug_ranges3-.Ldebug_ranges2
 2626              	.Ldebug_ranges2:
 2627 0004 0500     		.2byte	0x5
 2628 0006 04       		.byte	0x4
 2629 0007 00       		.byte	0
 2630 0008 00000000 		.4byte	0
 2631              	.LLRL0:
 2632 000c 05       		.byte	0x5
 2633 000d 00000000 		.4byte	.LBB16
 2634 0011 04       		.byte	0x4
 2635 0012 00       		.uleb128 .LBB16-.LBB16
 2636 0013 00       		.uleb128 .LBE16-.LBB16
 2637 0014 04       		.byte	0x4
 2638 0015 02       		.uleb128 .LBB20-.LBB16
 2639 0016 04       		.uleb128 .LBE20-.LBB16
 2640 0017 04       		.byte	0x4
 2641 0018 06       		.uleb128 .LBB25-.LBB16
 2642 0019 08       		.uleb128 .LBE25-.LBB16
 2643 001a 00       		.byte	0
 2644              	.LLRL1:
 2645 001b 05       		.byte	0x5
 2646 001c 04000000 		.4byte	.LBB21
 2647 0020 04       		.byte	0x4
 2648 0021 00       		.uleb128 .LBB21-.LBB21
 2649 0022 02       		.uleb128 .LBE21-.LBB21
 2650 0023 04       		.byte	0x4
 2651 0024 08       		.uleb128 .LBB26-.LBB21
 2652 0025 2E       		.uleb128 .LBE26-.LBB21
 2653 0026 04       		.byte	0x4
 2654 0027 32       		.uleb128 .LBB27-.LBB21
 2655 0028 36       		.uleb128 .LBE27-.LBB21
 2656 0029 00       		.byte	0
 2657              	.LLRL5:
 2658 002a 05       		.byte	0x5
 2659 002b 02000000 		.4byte	.LBB28
 2660 002f 04       		.byte	0x4
 2661 0030 00       		.uleb128 .LBB28-.LBB28
 2662 0031 04       		.uleb128 .LBE28-.LBB28
 2663 0032 04       		.byte	0x4
 2664 0033 06       		.uleb128 .LBB33-.LBB28
 2665 0034 0E       		.uleb128 .LBE33-.LBB28
 2666 0035 04       		.byte	0x4
 2667 0036 16       		.uleb128 .LBB34-.LBB28
 2668 0037 18       		.uleb128 .LBE34-.LBB28
 2669 0038 04       		.byte	0x4
 2670 0039 18       		.uleb128 .LBB35-.LBB28
 2671 003a 1C       		.uleb128 .LBE35-.LBB28
 2672 003b 00       		.byte	0
 2673              	.LLRL8:
 2674 003c 05       		.byte	0x5
 2675 003d 08000000 		.4byte	.LBB42
 2676 0041 04       		.byte	0x4
 2677 0042 00       		.uleb128 .LBB42-.LBB42
 2678 0043 26       		.uleb128 .LBE42-.LBB42
 2679 0044 04       		.byte	0x4
ARM GAS  /tmp/ccYMGSy6.s 			page 48


 2680 0045 2A       		.uleb128 .LBB45-.LBB42
 2681 0046 2E       		.uleb128 .LBE45-.LBB42
 2682 0047 00       		.byte	0
 2683              	.LLRL12:
 2684 0048 07       		.byte	0x7
 2685 0049 00000000 		.4byte	.LFB188
 2686 004d 20       		.uleb128 .LFE188-.LFB188
 2687 004e 07       		.byte	0x7
 2688 004f 00000000 		.4byte	.LFB189
 2689 0053 0C       		.uleb128 .LFE189-.LFB189
 2690 0054 07       		.byte	0x7
 2691 0055 00000000 		.4byte	.LFB190
 2692 0059 44       		.uleb128 .LFE190-.LFB190
 2693 005a 07       		.byte	0x7
 2694 005b 00000000 		.4byte	.LFB187
 2695 005f 44       		.uleb128 .LFE187-.LFB187
 2696 0060 07       		.byte	0x7
 2697 0061 00000000 		.4byte	.LFB191
 2698 0065 3C       		.uleb128 .LFE191-.LFB191
 2699 0066 00       		.byte	0
 2700              	.Ldebug_ranges3:
 2701              		.section	.debug_line,"",%progbits
 2702              	.Ldebug_line0:
 2703 0000 4B040000 		.section	.debug_str,"MS",%progbits,1
 2703      03005102 
 2703      00000201 
 2703      FB0E0D00 
 2703      01010101 
 2704              	.LASF44:
 2705 0000 72656164 		.ascii	"ready_list_t\000"
 2705      795F6C69 
 2705      73745F74 
 2705      00
 2706              	.LASF112:
 2707 000d 77747472 		.ascii	"wttrp\000"
 2707      7000
 2708              	.LASF109:
 2709 0013 7264796D 		.ascii	"rdymsg\000"
 2709      736700
 2710              	.LASF16:
 2711 001a 75696E74 		.ascii	"uint64_t\000"
 2711      36345F74 
 2711      00
 2712              	.LASF6:
 2713 0023 5F5F7569 		.ascii	"__uint8_t\000"
 2713      6E74385F 
 2713      7400
 2714              	.LASF101:
 2715 002d 706F7274 		.ascii	"port_intctx\000"
 2715      5F696E74 
 2715      63747800 
 2716              	.LASF43:
 2717 0039 63685F74 		.ascii	"ch_threads_queue\000"
 2717      68726561 
 2717      64735F71 
 2717      75657565 
 2717      00
ARM GAS  /tmp/ccYMGSy6.s 			page 49


 2718              	.LASF63:
 2719 004a 73797374 		.ascii	"system_debug_t\000"
 2719      656D5F64 
 2719      65627567 
 2719      5F7400
 2720              	.LASF105:
 2721 0059 776F7273 		.ascii	"worst\000"
 2721      7400
 2722              	.LASF108:
 2723 005f 74696D65 		.ascii	"time_measurement_t\000"
 2723      5F6D6561 
 2723      73757265 
 2723      6D656E74 
 2723      5F7400
 2724              	.LASF0:
 2725 0072 6C6F6E67 		.ascii	"long long unsigned int\000"
 2725      206C6F6E 
 2725      6720756E 
 2725      7369676E 
 2725      65642069 
 2726              	.LASF110:
 2727 0089 65786974 		.ascii	"exitcode\000"
 2727      636F6465 
 2727      00
 2728              	.LASF72:
 2729 0092 6D61696E 		.ascii	"mainthread\000"
 2729      74687265 
 2729      616400
 2730              	.LASF134:
 2731 009d 746D5F73 		.ascii	"tm_stop\000"
 2731      746F7000 
 2732              	.LASF60:
 2733 00a5 76697274 		.ascii	"virtual_timers_list_t\000"
 2733      75616C5F 
 2733      74696D65 
 2733      72735F6C 
 2733      6973745F 
 2734              	.LASF133:
 2735 00bb 6368544D 		.ascii	"chTMObjectInit\000"
 2735      4F626A65 
 2735      6374496E 
 2735      697400
 2736              	.LASF18:
 2737 00ca 72747469 		.ascii	"rttime_t\000"
 2737      6D655F74 
 2737      00
 2738              	.LASF30:
 2739 00d3 705F7072 		.ascii	"p_prio\000"
 2739      696F00
 2740              	.LASF126:
 2741 00da 746D7031 		.ascii	"tmp1\000"
 2741      00
 2742              	.LASF132:
 2743 00df 746D7032 		.ascii	"tmp2\000"
 2743      00
 2744              	.LASF123:
 2745 00e4 6D757465 		.ascii	"mutex_t\000"
ARM GAS  /tmp/ccYMGSy6.s 			page 50


 2745      785F7400 
 2746              	.LASF129:
 2747 00ec 474E5520 		.ascii	"GNU C99 13.2.1 20231009 -mcpu=cortex-m4 -mfpu=fpv4-"
 2747      43393920 
 2747      31332E32 
 2747      2E312032 
 2747      30323331 
 2748 011f 73702D64 		.ascii	"sp-d16 -mfloat-abi=hard -mfloat-abi=hard -mfpu=fpv4"
 2748      3136202D 
 2748      6D666C6F 
 2748      61742D61 
 2748      62693D68 
 2749 0152 2D73702D 		.ascii	"-sp-d16 -mno-thumb-interwork -mthumb -march=armv7e-"
 2749      64313620 
 2749      2D6D6E6F 
 2749      2D746875 
 2749      6D622D69 
 2750 0185 6D2B6670 		.ascii	"m+fp -ggdb -O2 -std=gnu99 -fomit-frame-pointer -fal"
 2750      202D6767 
 2750      6462202D 
 2750      4F32202D 
 2750      7374643D 
 2751 01b8 69676E2D 		.ascii	"ign-functions=16 -ffunction-sections -fdata-section"
 2751      66756E63 
 2751      74696F6E 
 2751      733D3136 
 2751      202D6666 
 2752 01eb 73202D66 		.ascii	"s -fno-common -fsingle-precision-constant\000"
 2752      6E6F2D63 
 2752      6F6D6D6F 
 2752      6E202D66 
 2752      73696E67 
 2753              	.LASF2:
 2754 0215 7369676E 		.ascii	"signed char\000"
 2754      65642063 
 2754      68617200 
 2755              	.LASF76:
 2756 0221 43504943 		.ascii	"CPICNT\000"
 2756      4E5400
 2757              	.LASF119:
 2758 0228 6D5F7175 		.ascii	"m_queue\000"
 2758      65756500 
 2759              	.LASF71:
 2760 0230 76746C69 		.ascii	"vtlist\000"
 2760      737400
 2761              	.LASF21:
 2762 0237 74736C69 		.ascii	"tslices_t\000"
 2762      6365735F 
 2762      7400
 2763              	.LASF127:
 2764 0241 6368544D 		.ascii	"chTMStartMeasurementX\000"
 2764      53746172 
 2764      744D6561 
 2764      73757265 
 2764      6D656E74 
 2765              	.LASF125:
 2766 0257 6368544D 		.ascii	"chTMStopMeasurementX\000"
ARM GAS  /tmp/ccYMGSy6.s 			page 51


 2766      53746F70 
 2766      4D656173 
 2766      7572656D 
 2766      656E7458 
 2767              	.LASF8:
 2768 026c 6C6F6E67 		.ascii	"long int\000"
 2768      20696E74 
 2768      00
 2769              	.LASF20:
 2770 0275 74737461 		.ascii	"tstate_t\000"
 2770      74655F74 
 2770      00
 2771              	.LASF78:
 2772 027e 534C4545 		.ascii	"SLEEPCNT\000"
 2772      50434E54 
 2772      00
 2773              	.LASF32:
 2774 0287 705F6E65 		.ascii	"p_newer\000"
 2774      77657200 
 2775              	.LASF116:
 2776 028f 735F7175 		.ascii	"s_queue\000"
 2776      65756500 
 2777              	.LASF49:
 2778 0297 725F6E65 		.ascii	"r_newer\000"
 2778      77657200 
 2779              	.LASF98:
 2780 029f 72656761 		.ascii	"regarm_t\000"
 2780      726D5F74 
 2780      00
 2781              	.LASF56:
 2782 02a8 76745F70 		.ascii	"vt_prev\000"
 2782      72657600 
 2783              	.LASF64:
 2784 02b0 63685F73 		.ascii	"ch_system_debug\000"
 2784      79737465 
 2784      6D5F6465 
 2784      62756700 
 2785              	.LASF11:
 2786 02c0 6C6F6E67 		.ascii	"long long int\000"
 2786      206C6F6E 
 2786      6720696E 
 2786      7400
 2787              	.LASF67:
 2788 02ce 6C6F636B 		.ascii	"lock_cnt\000"
 2788      5F636E74 
 2788      00
 2789              	.LASF73:
 2790 02d7 69646C65 		.ascii	"idle_thread_wa\000"
 2790      5F746872 
 2790      6561645F 
 2790      776100
 2791              	.LASF24:
 2792 02e6 636E745F 		.ascii	"cnt_t\000"
 2792      7400
 2793              	.LASF1:
 2794 02ec 756E7369 		.ascii	"unsigned int\000"
 2794      676E6564 
ARM GAS  /tmp/ccYMGSy6.s 			page 52


 2794      20696E74 
 2794      00
 2795              	.LASF55:
 2796 02f9 76745F6E 		.ascii	"vt_next\000"
 2796      65787400 
 2797              	.LASF91:
 2798 0301 4D41534B 		.ascii	"MASK2\000"
 2798      3200
 2799              	.LASF95:
 2800 0307 4D41534B 		.ascii	"MASK3\000"
 2800      3300
 2801              	.LASF113:
 2802 030d 77747365 		.ascii	"wtsemp\000"
 2802      6D7000
 2803              	.LASF45:
 2804 0314 63685F72 		.ascii	"ch_ready_list\000"
 2804      65616479 
 2804      5F6C6973 
 2804      7400
 2805              	.LASF117:
 2806 0322 735F636E 		.ascii	"s_cnt\000"
 2806      7400
 2807              	.LASF104:
 2808 0328 62657374 		.ascii	"best\000"
 2808      00
 2809              	.LASF5:
 2810 032d 73686F72 		.ascii	"short unsigned int\000"
 2810      7420756E 
 2810      7369676E 
 2810      65642069 
 2810      6E7400
 2811              	.LASF131:
 2812 0340 2F686F6D 		.ascii	"/home/gunnar/code/rise_sdvp/Embedded/RTCM_Forwarder"
 2812      652F6775 
 2812      6E6E6172 
 2812      2F636F64 
 2812      652F7269 
 2813 0373 5F50726F 		.ascii	"_Project\000"
 2813      6A656374 
 2813      00
 2814              	.LASF42:
 2815 037c 63685F74 		.ascii	"ch_thread\000"
 2815      68726561 
 2815      6400
 2816              	.LASF77:
 2817 0386 45584343 		.ascii	"EXCCNT\000"
 2817      4E5400
 2818              	.LASF23:
 2819 038d 6D73675F 		.ascii	"msg_t\000"
 2819      7400
 2820              	.LASF106:
 2821 0393 6C617374 		.ascii	"last\000"
 2821      00
 2822              	.LASF25:
 2823 0398 75636E74 		.ascii	"ucnt_t\000"
 2823      5F7400
 2824              	.LASF68:
ARM GAS  /tmp/ccYMGSy6.s 			page 53


 2825 039f 63685F73 		.ascii	"ch_system_t\000"
 2825      79737465 
 2825      6D5F7400 
 2826              	.LASF19:
 2827 03ab 746D6F64 		.ascii	"tmode_t\000"
 2827      655F7400 
 2828              	.LASF38:
 2829 03b3 705F6D74 		.ascii	"p_mtxlist\000"
 2829      786C6973 
 2829      7400
 2830              	.LASF7:
 2831 03bd 5F5F696E 		.ascii	"__int32_t\000"
 2831      7433325F 
 2831      7400
 2832              	.LASF124:
 2833 03c7 6368544D 		.ascii	"chTMChainMeasurementToX\000"
 2833      43686169 
 2833      6E4D6561 
 2833      73757265 
 2833      6D656E74 
 2834              	.LASF99:
 2835 03df 73746B61 		.ascii	"stkalign_t\000"
 2835      6C69676E 
 2835      5F7400
 2836              	.LASF75:
 2837 03ea 43594343 		.ascii	"CYCCNT\000"
 2837      4E5400
 2838              	.LASF17:
 2839 03f1 7274636E 		.ascii	"rtcnt_t\000"
 2839      745F7400 
 2840              	.LASF40:
 2841 03f9 74687265 		.ascii	"thread_reference_t\000"
 2841      61645F72 
 2841      65666572 
 2841      656E6365 
 2841      5F7400
 2842              	.LASF61:
 2843 040c 63685F76 		.ascii	"ch_virtual_timers_list\000"
 2843      69727475 
 2843      616C5F74 
 2843      696D6572 
 2843      735F6C69 
 2844              	.LASF103:
 2845 0423 746D5F63 		.ascii	"tm_calibration_t\000"
 2845      616C6962 
 2845      72617469 
 2845      6F6E5F74 
 2845      00
 2846              	.LASF33:
 2847 0434 705F6F6C 		.ascii	"p_older\000"
 2847      64657200 
 2848              	.LASF48:
 2849 043c 725F6374 		.ascii	"r_ctx\000"
 2849      7800
 2850              	.LASF31:
 2851 0442 705F6374 		.ascii	"p_ctx\000"
 2851      7800
ARM GAS  /tmp/ccYMGSy6.s 			page 54


 2852              	.LASF86:
 2853 0448 434F4D50 		.ascii	"COMP1\000"
 2853      3100
 2854              	.LASF90:
 2855 044e 434F4D50 		.ascii	"COMP2\000"
 2855      3200
 2856              	.LASF94:
 2857 0454 434F4D50 		.ascii	"COMP3\000"
 2857      3300
 2858              	.LASF51:
 2859 045a 725F6375 		.ascii	"r_current\000"
 2859      7272656E 
 2859      7400
 2860              	.LASF50:
 2861 0464 725F6F6C 		.ascii	"r_older\000"
 2861      64657200 
 2862              	.LASF12:
 2863 046c 5F5F7569 		.ascii	"__uint64_t\000"
 2863      6E743634 
 2863      5F7400
 2864              	.LASF107:
 2865 0477 63756D75 		.ascii	"cumulative\000"
 2865      6C617469 
 2865      766500
 2866              	.LASF85:
 2867 0482 52455345 		.ascii	"RESERVED0\000"
 2867      52564544 
 2867      3000
 2868              	.LASF89:
 2869 048c 52455345 		.ascii	"RESERVED1\000"
 2869      52564544 
 2869      3100
 2870              	.LASF93:
 2871 0496 52455345 		.ascii	"RESERVED2\000"
 2871      52564544 
 2871      3200
 2872              	.LASF53:
 2873 04a0 76697274 		.ascii	"virtual_timer_t\000"
 2873      75616C5F 
 2873      74696D65 
 2873      725F7400 
 2874              	.LASF29:
 2875 04b0 705F7072 		.ascii	"p_prev\000"
 2875      657600
 2876              	.LASF22:
 2877 04b7 74707269 		.ascii	"tprio_t\000"
 2877      6F5F7400 
 2878              	.LASF81:
 2879 04bf 50435352 		.ascii	"PCSR\000"
 2879      00
 2880              	.LASF83:
 2881 04c4 4D41534B 		.ascii	"MASK0\000"
 2881      3000
 2882              	.LASF87:
 2883 04ca 4D41534B 		.ascii	"MASK1\000"
 2883      3100
 2884              	.LASF14:
ARM GAS  /tmp/ccYMGSy6.s 			page 55


 2885 04d0 696E7433 		.ascii	"int32_t\000"
 2885      325F7400 
 2886              	.LASF3:
 2887 04d8 756E7369 		.ascii	"unsigned char\000"
 2887      676E6564 
 2887      20636861 
 2887      7200
 2888              	.LASF84:
 2889 04e6 46554E43 		.ascii	"FUNCTION0\000"
 2889      54494F4E 
 2889      3000
 2890              	.LASF88:
 2891 04f0 46554E43 		.ascii	"FUNCTION1\000"
 2891      54494F4E 
 2891      3100
 2892              	.LASF92:
 2893 04fa 46554E43 		.ascii	"FUNCTION2\000"
 2893      54494F4E 
 2893      3200
 2894              	.LASF96:
 2895 0504 46554E43 		.ascii	"FUNCTION3\000"
 2895      54494F4E 
 2895      3300
 2896              	.LASF4:
 2897 050e 73686F72 		.ascii	"short int\000"
 2897      7420696E 
 2897      7400
 2898              	.LASF35:
 2899 0518 705F7374 		.ascii	"p_state\000"
 2899      61746500 
 2900              	.LASF37:
 2901 0520 705F7072 		.ascii	"p_preempt\000"
 2901      65656D70 
 2901      7400
 2902              	.LASF47:
 2903 052a 725F7072 		.ascii	"r_prio\000"
 2903      696F00
 2904              	.LASF28:
 2905 0531 705F6E65 		.ascii	"p_next\000"
 2905      787400
 2906              	.LASF36:
 2907 0538 705F666C 		.ascii	"p_flags\000"
 2907      61677300 
 2908              	.LASF69:
 2909 0540 63685F73 		.ascii	"ch_system\000"
 2909      79737465 
 2909      6D00
 2910              	.LASF54:
 2911 054a 63685F76 		.ascii	"ch_virtual_timer\000"
 2911      69727475 
 2911      616C5F74 
 2911      696D6572 
 2911      00
 2912              	.LASF115:
 2913 055b 63685F73 		.ascii	"ch_semaphore\000"
 2913      656D6170 
 2913      686F7265 
ARM GAS  /tmp/ccYMGSy6.s 			page 56


 2913      00
 2914              	.LASF79:
 2915 0568 4C535543 		.ascii	"LSUCNT\000"
 2915      4E5400
 2916              	.LASF15:
 2917 056f 75696E74 		.ascii	"uint32_t\000"
 2917      33325F74 
 2917      00
 2918              	.LASF114:
 2919 0578 77746D74 		.ascii	"wtmtxp\000"
 2919      787000
 2920              	.LASF46:
 2921 057f 725F7175 		.ascii	"r_queue\000"
 2921      65756500 
 2922              	.LASF57:
 2923 0587 76745F64 		.ascii	"vt_delta\000"
 2923      656C7461 
 2923      00
 2924              	.LASF10:
 2925 0590 6C6F6E67 		.ascii	"long unsigned int\000"
 2925      20756E73 
 2925      69676E65 
 2925      6420696E 
 2925      7400
 2926              	.LASF122:
 2927 05a2 63686172 		.ascii	"char\000"
 2927      00
 2928              	.LASF27:
 2929 05a7 74687265 		.ascii	"thread_t\000"
 2929      61645F74 
 2929      00
 2930              	.LASF135:
 2931 05b0 706F7274 		.ascii	"port_rt_get_counter_value\000"
 2931      5F72745F 
 2931      6765745F 
 2931      636F756E 
 2931      7465725F 
 2932              	.LASF121:
 2933 05ca 6D5F6E65 		.ascii	"m_next\000"
 2933      787400
 2934              	.LASF26:
 2935 05d1 73797374 		.ascii	"systime_t\000"
 2935      696D655F 
 2935      7400
 2936              	.LASF39:
 2937 05db 705F7265 		.ascii	"p_realprio\000"
 2937      616C7072 
 2937      696F00
 2938              	.LASF52:
 2939 05e6 76746675 		.ascii	"vtfunc_t\000"
 2939      6E635F74 
 2939      00
 2940              	.LASF9:
 2941 05ef 5F5F7569 		.ascii	"__uint32_t\000"
 2941      6E743332 
 2941      5F7400
 2942              	.LASF65:
ARM GAS  /tmp/ccYMGSy6.s 			page 57


 2943 05fa 70616E69 		.ascii	"panic_msg\000"
 2943      635F6D73 
 2943      6700
 2944              	.LASF102:
 2945 0604 6F666673 		.ascii	"offset\000"
 2945      657400
 2946              	.LASF100:
 2947 060b 636F6E74 		.ascii	"context\000"
 2947      65787400 
 2948              	.LASF97:
 2949 0613 4457545F 		.ascii	"DWT_Type\000"
 2949      54797065 
 2949      00
 2950              	.LASF74:
 2951 061c 4354524C 		.ascii	"CTRL\000"
 2951      00
 2952              	.LASF59:
 2953 0621 76745F70 		.ascii	"vt_par\000"
 2953      617200
 2954              	.LASF82:
 2955 0628 434F4D50 		.ascii	"COMP0\000"
 2955      3000
 2956              	.LASF41:
 2957 062e 74687265 		.ascii	"threads_queue_t\000"
 2957      6164735F 
 2957      71756575 
 2957      655F7400 
 2958              	.LASF118:
 2959 063e 63685F6D 		.ascii	"ch_mutex\000"
 2959      75746578 
 2959      00
 2960              	.LASF66:
 2961 0647 6973725F 		.ascii	"isr_cnt\000"
 2961      636E7400 
 2962              	.LASF70:
 2963 064f 726C6973 		.ascii	"rlist\000"
 2963      7400
 2964              	.LASF13:
 2965 0655 75696E74 		.ascii	"uint8_t\000"
 2965      385F7400 
 2966              	.LASF130:
 2967 065d 2E2E2F52 		.ascii	"../RC_Controller/ChibiOS_3.0.5/os/rt/src/chtm.c\000"
 2967      435F436F 
 2967      6E74726F 
 2967      6C6C6572 
 2967      2F436869 
 2968              	.LASF80:
 2969 068d 464F4C44 		.ascii	"FOLDCNT\000"
 2969      434E5400 
 2970              	.LASF111:
 2971 0695 77746F62 		.ascii	"wtobjp\000"
 2971      6A7000
 2972              	.LASF34:
 2973 069c 705F6E61 		.ascii	"p_name\000"
 2973      6D6500
 2974              	.LASF62:
 2975 06a3 76745F73 		.ascii	"vt_systime\000"
ARM GAS  /tmp/ccYMGSy6.s 			page 58


 2975      79737469 
 2975      6D6500
 2976              	.LASF120:
 2977 06ae 6D5F6F77 		.ascii	"m_owner\000"
 2977      6E657200 
 2978              	.LASF58:
 2979 06b6 76745F66 		.ascii	"vt_func\000"
 2979      756E6300 
 2980              	.LASF128:
 2981 06be 5F746D5F 		.ascii	"_tm_init\000"
 2981      696E6974 
 2981      00
 2982              		.ident	"GCC: (Arm GNU Toolchain 13.2.rel1 (Build arm-13.7)) 13.2.1 20231009"
ARM GAS  /tmp/ccYMGSy6.s 			page 59


DEFINED SYMBOLS
                            *ABS*:00000000 chtm.c
     /tmp/ccYMGSy6.s:21     .text.chTMObjectInit:00000000 $t
     /tmp/ccYMGSy6.s:28     .text.chTMObjectInit:00000000 chTMObjectInit
     /tmp/ccYMGSy6.s:54     .text.chTMObjectInit:00000018 $d
     /tmp/ccYMGSy6.s:60     .text.chTMStartMeasurementX:00000000 $t
     /tmp/ccYMGSy6.s:67     .text.chTMStartMeasurementX:00000000 chTMStartMeasurementX
     /tmp/ccYMGSy6.s:94     .text.chTMStartMeasurementX:00000008 $d
     /tmp/ccYMGSy6.s:99     .text.chTMStopMeasurementX:00000000 $t
     /tmp/ccYMGSy6.s:106    .text.chTMStopMeasurementX:00000000 chTMStopMeasurementX
     /tmp/ccYMGSy6.s:212    .text.chTMStopMeasurementX:0000003c $d
     /tmp/ccYMGSy6.s:218    .text._tm_init:00000000 $t
     /tmp/ccYMGSy6.s:225    .text._tm_init:00000000 _tm_init
     /tmp/ccYMGSy6.s:304    .text._tm_init:00000030 $d
     /tmp/ccYMGSy6.s:313    .text.chTMChainMeasurementToX:00000000 $t
     /tmp/ccYMGSy6.s:320    .text.chTMChainMeasurementToX:00000000 chTMChainMeasurementToX
     /tmp/ccYMGSy6.s:409    .text.chTMChainMeasurementToX:00000038 $d

UNDEFINED SYMBOLS
ch
