ARM GAS  /tmp/ccuBf7um.s 			page 1


   1              		.cpu cortex-m4
   2              		.arch armv7e-m
   3              		.fpu fpv4-sp-d16
   4              		.eabi_attribute 27, 1
   5              		.eabi_attribute 28, 1
   6              		.eabi_attribute 20, 1
   7              		.eabi_attribute 21, 1
   8              		.eabi_attribute 23, 3
   9              		.eabi_attribute 24, 1
  10              		.eabi_attribute 25, 1
  11              		.eabi_attribute 26, 1
  12              		.eabi_attribute 30, 2
  13              		.eabi_attribute 34, 1
  14              		.eabi_attribute 18, 4
  15              		.file	"hal_queues.c"
  16              		.text
  17              	.Ltext0:
  18              		.cfi_sections	.debug_frame
  19              		.file 1 "../RC_Controller/ChibiOS_3.0.5/os/hal/src/hal_queues.c"
  20              		.section	.text.iqObjectInit,"ax",%progbits
  21              		.align	1
  22              		.p2align 4,,15
  23              		.global	iqObjectInit
  24              		.syntax unified
  25              		.thumb
  26              		.thumb_func
  27              		.type	iqObjectInit, %function
  28              	iqObjectInit:
  29              	.LVL0:
  30              	.LFB223:
  31              		.loc 1 59 47 view -0
  32              		.cfi_startproc
  33              		@ args = 4, pretend = 0, frame = 0
  34              		@ frame_needed = 0, uses_anonymous_args = 0
  35              		@ link register save eliminated.
  36              		.loc 1 61 3 view .LVU1
  37              	.LBB111:
  38              	.LBI111:
  39              		.file 2 "../RC_Controller/ChibiOS_3.0.5/os/hal/osal/rt/osal.h"
  40              		.loc 2 753 20 view .LVU2
  41              		.loc 2 755 3 view .LVU3
  42              	.LBB112:
  43              	.LBI112:
  44              		.file 3 "../RC_Controller/ChibiOS_3.0.5/os/rt/include/chthreads.h"
  45              		.loc 3 278 20 view .LVU4
  46              		.loc 3 280 3 view .LVU5
  47              	.LBB113:
  48              	.LBI113:
  49              		.file 4 "../RC_Controller/ChibiOS_3.0.5/os/rt/include/chschd.h"
  50              		.loc 4 602 20 view .LVU6
  51              	.LBB114:
  52              		.loc 4 604 3 view .LVU7
  53              		.loc 4 605 3 view .LVU8
  54              	.LBE114:
  55              	.LBE113:
  56              	.LBE112:
  57              	.LBE111:
ARM GAS  /tmp/ccuBf7um.s 			page 2


  58              		.loc 1 59 47 is_stmt 0 view .LVU9
  59 0000 10B4     		push	{r4}
  60              		.cfi_def_cfa_offset 4
  61              		.cfi_offset 4, -4
  62              		.loc 1 68 18 view .LVU10
  63 0002 019C     		ldr	r4, [sp, #4]
  64              		.loc 1 63 18 view .LVU11
  65 0004 C160     		str	r1, [r0, #12]
  66              		.loc 1 67 18 view .LVU12
  67 0006 C0E90734 		strd	r3, r4, [r0, #28]
  68              		.loc 1 66 23 view .LVU13
  69 000a 0A44     		add	r2, r2, r1
  70              	.LVL1:
  71              		.loc 1 62 18 view .LVU14
  72 000c 0023     		movs	r3, #0
  73              	.LVL2:
  74              	.LBB118:
  75              	.LBB117:
  76              	.LBB116:
  77              	.LBB115:
  78              		.loc 4 604 15 view .LVU15
  79 000e C0E90000 		strd	r0, r0, [r0]
  80              	.LVL3:
  81              		.loc 4 604 15 view .LVU16
  82              	.LBE115:
  83              	.LBE116:
  84              	.LBE117:
  85              	.LBE118:
  86              		.loc 1 62 3 is_stmt 1 view .LVU17
  87              		.loc 1 65 18 is_stmt 0 view .LVU18
  88 0012 C0E90511 		strd	r1, r1, [r0, #20]
  89              		.loc 1 69 1 view .LVU19
  90 0016 5DF8044B 		ldr	r4, [sp], #4
  91              		.cfi_restore 4
  92              		.cfi_def_cfa_offset 0
  93              	.LVL4:
  94              		.loc 1 66 18 view .LVU20
  95 001a 0261     		str	r2, [r0, #16]
  96              		.loc 1 62 18 view .LVU21
  97 001c 8360     		str	r3, [r0, #8]
  98              		.loc 1 63 3 is_stmt 1 view .LVU22
  99              		.loc 1 64 3 view .LVU23
 100              		.loc 1 65 3 view .LVU24
 101              		.loc 1 66 3 view .LVU25
 102              		.loc 1 67 3 view .LVU26
 103              		.loc 1 68 3 view .LVU27
 104              		.loc 1 69 1 is_stmt 0 view .LVU28
 105 001e 7047     		bx	lr
 106              		.cfi_endproc
 107              	.LFE223:
 108              		.size	iqObjectInit, .-iqObjectInit
 109              		.section	.text.iqResetI,"ax",%progbits
 110              		.align	1
 111              		.p2align 4,,15
 112              		.global	iqResetI
 113              		.syntax unified
 114              		.thumb
ARM GAS  /tmp/ccuBf7um.s 			page 3


 115              		.thumb_func
 116              		.type	iqResetI, %function
 117              	iqResetI:
 118              	.LVL5:
 119              	.LFB224:
 120              		.loc 1 82 35 is_stmt 1 view -0
 121              		.cfi_startproc
 122              		@ args = 0, pretend = 0, frame = 0
 123              		@ frame_needed = 0, uses_anonymous_args = 0
 124              		.loc 1 84 3 view .LVU30
 125              		.loc 1 82 35 is_stmt 0 view .LVU31
 126 0000 10B5     		push	{r4, lr}
 127              		.cfi_def_cfa_offset 8
 128              		.cfi_offset 4, -8
 129              		.cfi_offset 14, -4
 130              		.loc 1 82 35 view .LVU32
 131 0002 0446     		mov	r4, r0
 132              		.loc 1 84 3 view .LVU33
 133 0004 FFF7FEFF 		bl	chDbgCheckClassI
 134              	.LVL6:
 135              		.loc 1 86 3 is_stmt 1 view .LVU34
 136 0008 E368     		ldr	r3, [r4, #12]
 137              		.loc 1 87 3 view .LVU35
 138              		.loc 1 88 18 is_stmt 0 view .LVU36
 139 000a 0022     		movs	r2, #0
 140              		.loc 1 87 16 view .LVU37
 141 000c C4E90533 		strd	r3, r3, [r4, #20]
 142              		.loc 1 88 3 is_stmt 1 view .LVU38
 143              		.loc 1 88 18 is_stmt 0 view .LVU39
 144 0010 A260     		str	r2, [r4, #8]
 145              		.loc 1 89 3 is_stmt 1 view .LVU40
 146              	.LVL7:
 147              	.LBB119:
 148              	.LBI119:
 149              		.loc 2 808 20 view .LVU41
 150              	.LBB120:
 151              		.loc 2 810 3 view .LVU42
 152 0012 2046     		mov	r0, r4
 153 0014 6FF00101 		mvn	r1, #1
 154              	.LBE120:
 155              	.LBE119:
 156              		.loc 1 90 1 is_stmt 0 view .LVU43
 157 0018 BDE81040 		pop	{r4, lr}
 158              		.cfi_restore 14
 159              		.cfi_restore 4
 160              		.cfi_def_cfa_offset 0
 161              	.LVL8:
 162              	.LBB122:
 163              	.LBB121:
 164              		.loc 2 810 3 view .LVU44
 165 001c FFF7FEBF 		b	chThdDequeueAllI
 166              	.LVL9:
 167              		.loc 2 810 3 view .LVU45
 168              	.LBE121:
 169              	.LBE122:
 170              		.cfi_endproc
 171              	.LFE224:
ARM GAS  /tmp/ccuBf7um.s 			page 4


 172              		.size	iqResetI, .-iqResetI
 173              		.section	.text.iqPutI,"ax",%progbits
 174              		.align	1
 175              		.p2align 4,,15
 176              		.global	iqPutI
 177              		.syntax unified
 178              		.thumb
 179              		.thumb_func
 180              		.type	iqPutI, %function
 181              	iqPutI:
 182              	.LVL10:
 183              	.LFB225:
 184              		.loc 1 105 45 is_stmt 1 view -0
 185              		.cfi_startproc
 186              		@ args = 0, pretend = 0, frame = 0
 187              		@ frame_needed = 0, uses_anonymous_args = 0
 188              		.loc 1 107 3 view .LVU47
 189              		.loc 1 105 45 is_stmt 0 view .LVU48
 190 0000 38B5     		push	{r3, r4, r5, lr}
 191              		.cfi_def_cfa_offset 16
 192              		.cfi_offset 3, -16
 193              		.cfi_offset 4, -12
 194              		.cfi_offset 5, -8
 195              		.cfi_offset 14, -4
 196              		.loc 1 105 45 view .LVU49
 197 0002 0446     		mov	r4, r0
 198 0004 0D46     		mov	r5, r1
 199              		.loc 1 107 3 view .LVU50
 200 0006 FFF7FEFF 		bl	chDbgCheckClassI
 201              	.LVL11:
 202              		.loc 1 109 3 is_stmt 1 view .LVU51
 203              		.loc 1 109 7 is_stmt 0 view .LVU52
 204 000a D4E90532 		ldrd	r3, r2, [r4, #20]
 205 000e 9342     		cmp	r3, r2
 206 0010 11D0     		beq	.L12
 207              	.L7:
 208              		.loc 1 113 3 is_stmt 1 view .LVU53
 209              		.loc 1 113 6 is_stmt 0 view .LVU54
 210 0012 A268     		ldr	r2, [r4, #8]
 211              		.loc 1 114 16 view .LVU55
 212 0014 591C     		adds	r1, r3, #1
 213              		.loc 1 113 17 view .LVU56
 214 0016 0132     		adds	r2, r2, #1
 215              		.loc 1 114 16 view .LVU57
 216 0018 6161     		str	r1, [r4, #20]
 217              		.loc 1 113 17 view .LVU58
 218 001a A260     		str	r2, [r4, #8]
 219              		.loc 1 114 3 is_stmt 1 view .LVU59
 220              		.loc 1 114 19 is_stmt 0 view .LVU60
 221 001c 1D70     		strb	r5, [r3]
 222              		.loc 1 115 3 is_stmt 1 view .LVU61
 223              		.loc 1 115 6 is_stmt 0 view .LVU62
 224 001e D4E90432 		ldrd	r3, r2, [r4, #16]
 225 0022 9A42     		cmp	r2, r3
 226              		.loc 1 116 5 is_stmt 1 view .LVU63
 227              		.loc 1 116 18 is_stmt 0 view .LVU64
 228 0024 24BF     		itt	cs
ARM GAS  /tmp/ccuBf7um.s 			page 5


 229 0026 E368     		ldrcs	r3, [r4, #12]
 230 0028 6361     		strcs	r3, [r4, #20]
 231              		.loc 1 119 3 is_stmt 1 view .LVU65
 232              	.LVL12:
 233              	.LBB123:
 234              	.LBI123:
 235              		.loc 2 795 20 view .LVU66
 236              	.LBB124:
 237              		.loc 2 797 3 view .LVU67
 238 002a 2046     		mov	r0, r4
 239 002c 0021     		movs	r1, #0
 240 002e FFF7FEFF 		bl	chThdDequeueNextI
 241              	.LVL13:
 242              		.loc 2 797 3 is_stmt 0 view .LVU68
 243              	.LBE124:
 244              	.LBE123:
 245              		.loc 1 121 3 is_stmt 1 view .LVU69
 246              		.loc 1 121 10 is_stmt 0 view .LVU70
 247 0032 0020     		movs	r0, #0
 248              		.loc 1 122 1 view .LVU71
 249 0034 38BD     		pop	{r3, r4, r5, pc}
 250              	.LVL14:
 251              	.L12:
 252              		.loc 1 109 7 discriminator 1 view .LVU72
 253 0036 A268     		ldr	r2, [r4, #8]
 254 0038 002A     		cmp	r2, #0
 255 003a EAD0     		beq	.L7
 256              		.loc 1 110 12 view .LVU73
 257 003c 6FF00300 		mvn	r0, #3
 258              		.loc 1 122 1 view .LVU74
 259 0040 38BD     		pop	{r3, r4, r5, pc}
 260              		.loc 1 122 1 view .LVU75
 261              		.cfi_endproc
 262              	.LFE225:
 263              		.size	iqPutI, .-iqPutI
 264 0042 00BF     		.section	.text.iqGetTimeout,"ax",%progbits
 265              		.align	1
 266              		.p2align 4,,15
 267              		.global	iqGetTimeout
 268              		.syntax unified
 269              		.thumb
 270              		.thumb_func
 271              		.type	iqGetTimeout, %function
 272              	iqGetTimeout:
 273              	.LVL15:
 274              	.LFB226:
 275              		.loc 1 144 59 is_stmt 1 view -0
 276              		.cfi_startproc
 277              		@ args = 0, pretend = 0, frame = 0
 278              		@ frame_needed = 0, uses_anonymous_args = 0
 279              		.loc 1 145 3 view .LVU77
 280              		.loc 1 147 3 view .LVU78
 281              	.LBB148:
 282              	.LBI148:
 283              		.loc 2 491 20 view .LVU79
 284              		.loc 2 493 3 view .LVU80
 285              	.LBB149:
ARM GAS  /tmp/ccuBf7um.s 			page 6


 286              	.LBI149:
 287              		.file 5 "../RC_Controller/ChibiOS_3.0.5/os/rt/include/chsys.h"
 288              		.loc 5 346 20 view .LVU81
 289              	.LBB150:
 290              		.loc 5 348 3 view .LVU82
 291              	.LBB151:
 292              	.LBI151:
 293              		.file 6 "../RC_Controller/ChibiOS_3.0.5/os/rt/ports/ARMCMx/chcore_v7m.h"
 294              		.loc 6 444 20 view .LVU83
 295              		.loc 6 447 3 view .LVU84
 296              	.LBB152:
 297              	.LBI152:
 298              		.file 7 "../RC_Controller/ChibiOS_3.0.5/os/ext/CMSIS/include/core_cmFunc.h"
 299              		.loc 7 544 57 view .LVU85
 300              	.LBB153:
 301              		.loc 7 546 3 view .LVU86
 302              	.LBE153:
 303              	.LBE152:
 304              	.LBE151:
 305              	.LBE150:
 306              	.LBE149:
 307              	.LBE148:
 308              		.loc 1 144 59 is_stmt 0 view .LVU87
 309 0000 70B5     		push	{r4, r5, r6, lr}
 310              		.cfi_def_cfa_offset 16
 311              		.cfi_offset 4, -16
 312              		.cfi_offset 5, -12
 313              		.cfi_offset 6, -8
 314              		.cfi_offset 14, -4
 315              	.LBB164:
 316              	.LBB162:
 317              	.LBB160:
 318              	.LBB158:
 319              	.LBB156:
 320              	.LBB154:
 321              		.loc 7 546 3 view .LVU88
 322 0002 2023     		movs	r3, #32
 323              	.LBE154:
 324              	.LBE156:
 325              	.LBE158:
 326              	.LBE160:
 327              	.LBE162:
 328              	.LBE164:
 329              		.loc 1 144 59 view .LVU89
 330 0004 0546     		mov	r5, r0
 331 0006 0E46     		mov	r6, r1
 332              	.LBB165:
 333              	.LBB163:
 334              	.LBB161:
 335              	.LBB159:
 336              	.LBB157:
 337              	.LBB155:
 338              		.loc 7 546 3 view .LVU90
 339              		.syntax unified
 340              	@ 546 "../RC_Controller/ChibiOS_3.0.5/os/ext/CMSIS/include/core_cmFunc.h" 1
 341 0008 83F31188 		MSR basepri, r3
 342              	@ 0 "" 2
ARM GAS  /tmp/ccuBf7um.s 			page 7


 343              	.LVL16:
 344              		.loc 7 546 3 view .LVU91
 345              		.thumb
 346              		.syntax unified
 347              	.LBE155:
 348              	.LBE157:
 349              	.LBE159:
 350              		.loc 5 349 34 is_stmt 1 view .LVU92
 351              		.loc 5 350 3 view .LVU93
 352 000c FFF7FEFF 		bl	_dbg_check_lock
 353              	.LVL17:
 354              		.loc 5 350 3 is_stmt 0 view .LVU94
 355              	.LBE161:
 356              	.LBE163:
 357              	.LBE165:
 358              		.loc 1 148 3 is_stmt 1 view .LVU95
 359              		.loc 1 148 10 is_stmt 0 view .LVU96
 360 0010 EB69     		ldr	r3, [r5, #28]
 361              		.loc 1 148 6 view .LVU97
 362 0012 33B1     		cbz	r3, .L15
 363              		.loc 1 149 5 is_stmt 1 view .LVU98
 364 0014 2846     		mov	r0, r5
 365 0016 9847     		blx	r3
 366              	.LVL18:
 367 0018 03E0     		b	.L15
 368              	.LVL19:
 369              	.L18:
 370              	.LBB166:
 371              	.LBB167:
 372              	.LBB168:
 373              		.loc 2 784 10 is_stmt 0 view .LVU99
 374 001a FFF7FEFF 		bl	chThdEnqueueTimeoutS
 375              	.LVL20:
 376              		.loc 2 784 10 view .LVU100
 377              	.LBE168:
 378              	.LBE167:
 379              		.loc 1 154 5 is_stmt 1 view .LVU101
 380              		.loc 1 154 8 is_stmt 0 view .LVU102
 381 001e 041E     		subs	r4, r0, #0
 382 0020 11DB     		blt	.L19
 383              	.LVL21:
 384              	.L15:
 385              		.loc 1 153 5 is_stmt 1 view .LVU103
 386              	.LBB171:
 387              	.LBI167:
 388              		.loc 2 781 21 view .LVU104
 389              	.LBB169:
 390              		.loc 2 784 3 view .LVU105
 391              	.LBE169:
 392              	.LBE171:
 393              	.LBE166:
 394              		.loc 1 152 10 view .LVU106
 395 0022 AB68     		ldr	r3, [r5, #8]
 396              	.LBB173:
 397              	.LBB172:
 398              	.LBB170:
 399              		.loc 2 784 10 is_stmt 0 view .LVU107
ARM GAS  /tmp/ccuBf7um.s 			page 8


 400 0024 3146     		mov	r1, r6
 401 0026 2846     		mov	r0, r5
 402              	.LBE170:
 403              	.LBE172:
 404              	.LBE173:
 405              		.loc 1 152 10 view .LVU108
 406 0028 002B     		cmp	r3, #0
 407 002a F6D0     		beq	.L18
 408              	.LVL22:
 409              		.loc 1 160 3 is_stmt 1 view .LVU109
 410              		.loc 1 160 6 is_stmt 0 view .LVU110
 411 002c AB68     		ldr	r3, [r5, #8]
 412              		.loc 1 161 11 view .LVU111
 413 002e A969     		ldr	r1, [r5, #24]
 414              	.LVL23:
 415              		.loc 1 160 17 view .LVU112
 416 0030 013B     		subs	r3, r3, #1
 417 0032 AB60     		str	r3, [r5, #8]
 418              		.loc 1 161 3 is_stmt 1 view .LVU113
 419              		.loc 1 162 6 is_stmt 0 view .LVU114
 420 0034 2B69     		ldr	r3, [r5, #16]
 421              		.loc 1 161 20 view .LVU115
 422 0036 4A1C     		adds	r2, r1, #1
 423              		.loc 1 162 6 view .LVU116
 424 0038 9A42     		cmp	r2, r3
 425              		.loc 1 161 20 view .LVU117
 426 003a AA61     		str	r2, [r5, #24]
 427              		.loc 1 163 18 view .LVU118
 428 003c 28BF     		it	cs
 429 003e EB68     		ldrcs	r3, [r5, #12]
 430              		.loc 1 161 5 view .LVU119
 431 0040 0C78     		ldrb	r4, [r1]	@ zero_extendqisi2
 432              	.LVL24:
 433              		.loc 1 162 3 is_stmt 1 view .LVU120
 434              		.loc 1 163 5 view .LVU121
 435              		.loc 1 163 18 is_stmt 0 view .LVU122
 436 0042 28BF     		it	cs
 437 0044 AB61     		strcs	r3, [r5, #24]
 438              	.LVL25:
 439              	.L19:
 440              		.loc 1 165 3 is_stmt 1 view .LVU123
 441              	.LBB174:
 442              	.LBI174:
 443              		.loc 2 502 20 view .LVU124
 444              		.loc 2 504 3 view .LVU125
 445              	.LBB175:
 446              	.LBI175:
 447              		.loc 5 358 20 view .LVU126
 448              	.LBB176:
 449              		.loc 5 360 3 view .LVU127
 450 0046 FFF7FEFF 		bl	_dbg_check_unlock
 451              	.LVL26:
 452              		.loc 5 361 33 view .LVU128
 453              		.loc 5 367 3 view .LVU129
 454              		.loc 5 367 3 view .LVU130
 455              		.loc 5 367 3 discriminator 1 view .LVU131
 456 004a 0B4B     		ldr	r3, .L31
ARM GAS  /tmp/ccuBf7um.s 			page 9


 457 004c 1A68     		ldr	r2, [r3]
 458 004e 9A42     		cmp	r2, r3
 459 0050 04D0     		beq	.L20
 460              		.loc 5 367 3 is_stmt 0 discriminator 3 view .LVU132
 461 0052 9969     		ldr	r1, [r3, #24]
 462 0054 9368     		ldr	r3, [r2, #8]
 463 0056 8A68     		ldr	r2, [r1, #8]
 464 0058 9A42     		cmp	r2, r3
 465 005a 04D3     		bcc	.L30
 466              	.L20:
 467              		.loc 5 367 3 is_stmt 1 discriminator 7 view .LVU133
 468              		.loc 5 371 3 view .LVU134
 469              	.LBB177:
 470              	.LBI177:
 471              		.loc 6 458 20 view .LVU135
 472              		.loc 6 461 3 view .LVU136
 473              	.LVL27:
 474              	.LBB178:
 475              	.LBI178:
 476              		.loc 7 544 57 view .LVU137
 477              	.LBB179:
 478              		.loc 7 546 3 view .LVU138
 479 005c 0023     		movs	r3, #0
 480              		.syntax unified
 481              	@ 546 "../RC_Controller/ChibiOS_3.0.5/os/ext/CMSIS/include/core_cmFunc.h" 1
 482 005e 83F31188 		MSR basepri, r3
 483              	@ 0 "" 2
 484              	.LVL28:
 485              		.loc 7 546 3 is_stmt 0 view .LVU139
 486              		.thumb
 487              		.syntax unified
 488              	.LBE179:
 489              	.LBE178:
 490              	.LBE177:
 491              	.LBE176:
 492              	.LBE175:
 493              	.LBE174:
 494              		.loc 1 167 3 is_stmt 1 view .LVU140
 495              		.loc 1 168 1 is_stmt 0 view .LVU141
 496 0062 2046     		mov	r0, r4
 497 0064 70BD     		pop	{r4, r5, r6, pc}
 498              	.LVL29:
 499              	.L30:
 500              	.LBB185:
 501              	.LBB184:
 502              	.LBB183:
 503              		.loc 5 367 3 is_stmt 1 discriminator 5 view .LVU142
 504 0066 0548     		ldr	r0, .L31+4
 505 0068 FFF7FEFF 		bl	chSysHalt
 506              	.LVL30:
 507              		.loc 5 367 3 discriminator 7 view .LVU143
 508              		.loc 5 371 3 view .LVU144
 509              	.LBB182:
 510              		.loc 6 458 20 view .LVU145
 511              		.loc 6 461 3 view .LVU146
 512              	.LBB181:
 513              		.loc 7 544 57 view .LVU147
ARM GAS  /tmp/ccuBf7um.s 			page 10


 514              	.LBB180:
 515              		.loc 7 546 3 view .LVU148
 516 006c 0023     		movs	r3, #0
 517              		.syntax unified
 518              	@ 546 "../RC_Controller/ChibiOS_3.0.5/os/ext/CMSIS/include/core_cmFunc.h" 1
 519 006e 83F31188 		MSR basepri, r3
 520              	@ 0 "" 2
 521              	.LVL31:
 522              		.loc 7 546 3 is_stmt 0 view .LVU149
 523              		.thumb
 524              		.syntax unified
 525              	.LBE180:
 526              	.LBE181:
 527              	.LBE182:
 528              	.LBE183:
 529              	.LBE184:
 530              	.LBE185:
 531              		.loc 1 167 3 is_stmt 1 view .LVU150
 532              		.loc 1 168 1 is_stmt 0 view .LVU151
 533 0072 2046     		mov	r0, r4
 534 0074 70BD     		pop	{r4, r5, r6, pc}
 535              	.LVL32:
 536              	.L32:
 537              		.loc 1 168 1 view .LVU152
 538 0076 00BF     		.align	2
 539              	.L31:
 540 0078 00000000 		.word	ch
 541 007c 00000000 		.word	__func__.2
 542              		.cfi_endproc
 543              	.LFE226:
 544              		.size	iqGetTimeout, .-iqGetTimeout
 545              		.section	.text.iqReadTimeout,"ax",%progbits
 546              		.align	1
 547              		.p2align 4,,15
 548              		.global	iqReadTimeout
 549              		.syntax unified
 550              		.thumb
 551              		.thumb_func
 552              		.type	iqReadTimeout, %function
 553              	iqReadTimeout:
 554              	.LVL33:
 555              	.LFB227:
 556              		.loc 1 195 51 is_stmt 1 view -0
 557              		.cfi_startproc
 558              		@ args = 0, pretend = 0, frame = 0
 559              		@ frame_needed = 0, uses_anonymous_args = 0
 560              		.loc 1 196 3 view .LVU154
 561              		.loc 1 195 51 is_stmt 0 view .LVU155
 562 0000 2DE9F84F 		push	{r3, r4, r5, r6, r7, r8, r9, r10, fp, lr}
 563              		.cfi_def_cfa_offset 40
 564              		.cfi_offset 3, -40
 565              		.cfi_offset 4, -36
 566              		.cfi_offset 5, -32
 567              		.cfi_offset 6, -28
 568              		.cfi_offset 7, -24
 569              		.cfi_offset 8, -20
 570              		.cfi_offset 9, -16
ARM GAS  /tmp/ccuBf7um.s 			page 11


 571              		.cfi_offset 10, -12
 572              		.cfi_offset 11, -8
 573              		.cfi_offset 14, -4
 574              		.loc 1 196 13 view .LVU156
 575 0004 D0F81CA0 		ldr	r10, [r0, #28]
 576              	.LVL34:
 577              		.loc 1 197 3 is_stmt 1 view .LVU157
 578              		.loc 1 199 3 view .LVU158
 579              		.loc 1 199 3 view .LVU159
 580              		.loc 1 199 3 discriminator 1 view .LVU160
 581              		.loc 1 195 51 is_stmt 0 view .LVU161
 582 0008 0446     		mov	r4, r0
 583 000a 8846     		mov	r8, r1
 584 000c 1D46     		mov	r5, r3
 585              		.loc 1 199 3 discriminator 1 view .LVU162
 586 000e 9146     		mov	r9, r2
 587 0010 002A     		cmp	r2, #0
 588 0012 54D0     		beq	.L49
 589              	.LVL35:
 590              	.L34:
 591              		.loc 1 199 3 is_stmt 1 discriminator 5 view .LVU163
 592              		.loc 1 201 3 view .LVU164
 593              	.LBB216:
 594              	.LBI216:
 595              		.loc 2 491 20 view .LVU165
 596              	.LBB217:
 597              		.loc 2 493 3 view .LVU166
 598              	.LBB218:
 599              	.LBI218:
 600              		.loc 5 346 20 view .LVU167
 601              	.LBB219:
 602              		.loc 5 348 3 view .LVU168
 603              	.LBB220:
 604              	.LBI220:
 605              		.loc 6 444 20 view .LVU169
 606              		.loc 6 447 3 view .LVU170
 607              	.LBB221:
 608              	.LBI221:
 609              		.loc 7 544 57 view .LVU171
 610              	.LBB222:
 611              		.loc 7 546 3 view .LVU172
 612 0014 2023     		movs	r3, #32
 613              		.syntax unified
 614              	@ 546 "../RC_Controller/ChibiOS_3.0.5/os/ext/CMSIS/include/core_cmFunc.h" 1
 615 0016 83F31188 		MSR basepri, r3
 616              	@ 0 "" 2
 617              	.LVL36:
 618              		.loc 7 546 3 is_stmt 0 view .LVU173
 619              		.thumb
 620              		.syntax unified
 621              	.LBE222:
 622              	.LBE221:
 623              	.LBE220:
 624              		.loc 5 349 34 is_stmt 1 view .LVU174
 625              		.loc 5 350 3 view .LVU175
 626 001a FFF7FEFF 		bl	_dbg_check_lock
 627              	.LVL37:
ARM GAS  /tmp/ccuBf7um.s 			page 12


 628              	.LBE219:
 629              	.LBE218:
 630              	.LBE217:
 631              	.LBE216:
 632              		.loc 1 197 10 is_stmt 0 view .LVU176
 633 001e 0027     		movs	r7, #0
 634 0020 294E     		ldr	r6, .L53
 635              	.LBB223:
 636              	.LBB224:
 637              	.LBB225:
 638              	.LBB226:
 639              	.LBB227:
 640              	.LBB228:
 641              		.loc 7 546 3 view .LVU177
 642 0022 BB46     		mov	fp, r7
 643              	.LVL38:
 644              	.L42:
 645              		.loc 7 546 3 view .LVU178
 646              	.LBE228:
 647              	.LBE227:
 648              	.LBE226:
 649              	.LBE225:
 650              	.LBE224:
 651              	.LBE223:
 652              		.loc 1 202 3 is_stmt 1 view .LVU179
 653              		.loc 1 203 5 view .LVU180
 654              		.loc 1 203 8 is_stmt 0 view .LVU181
 655 0024 BAF1000F 		cmp	r10, #0
 656 0028 05D0     		beq	.L36
 657              		.loc 1 204 7 is_stmt 1 view .LVU182
 658 002a 2046     		mov	r0, r4
 659 002c D047     		blx	r10
 660              	.LVL39:
 661 002e 02E0     		b	.L36
 662              	.LVL40:
 663              	.L39:
 664              	.LBB236:
 665              	.LBB237:
 666              		.loc 2 784 10 is_stmt 0 view .LVU183
 667 0030 FFF7FEFF 		bl	chThdEnqueueTimeoutS
 668              	.LVL41:
 669              		.loc 2 784 10 view .LVU184
 670              	.LBE237:
 671              	.LBE236:
 672              		.loc 1 208 10 discriminator 1 view .LVU185
 673 0034 40BB     		cbnz	r0, .L50
 674              	.L36:
 675              		.loc 1 208 7 is_stmt 1 view .LVU186
 676              	.LVL42:
 677              	.LBB240:
 678              	.LBI236:
 679              		.loc 2 781 21 view .LVU187
 680              	.LBB238:
 681              		.loc 2 784 3 view .LVU188
 682              	.LBE238:
 683              	.LBE240:
 684              		.loc 1 207 12 view .LVU189
ARM GAS  /tmp/ccuBf7um.s 			page 13


 685 0036 A368     		ldr	r3, [r4, #8]
 686              	.LBB241:
 687              	.LBB239:
 688              		.loc 2 784 10 is_stmt 0 view .LVU190
 689 0038 2946     		mov	r1, r5
 690 003a 2046     		mov	r0, r4
 691              	.LBE239:
 692              	.LBE241:
 693              		.loc 1 207 12 view .LVU191
 694 003c 002B     		cmp	r3, #0
 695 003e F7D0     		beq	.L39
 696              	.LVL43:
 697              		.loc 1 214 5 is_stmt 1 view .LVU192
 698              		.loc 1 214 8 is_stmt 0 view .LVU193
 699 0040 A368     		ldr	r3, [r4, #8]
 700              		.loc 1 214 19 view .LVU194
 701 0042 013B     		subs	r3, r3, #1
 702 0044 A360     		str	r3, [r4, #8]
 703              		.loc 1 215 5 is_stmt 1 view .LVU195
 704              		.loc 1 215 17 is_stmt 0 view .LVU196
 705 0046 A369     		ldr	r3, [r4, #24]
 706              		.loc 1 215 26 view .LVU197
 707 0048 5A1C     		adds	r2, r3, #1
 708 004a A261     		str	r2, [r4, #24]
 709              	.LVL44:
 710              		.loc 1 215 13 view .LVU198
 711 004c 1B78     		ldrb	r3, [r3]	@ zero_extendqisi2
 712              		.loc 1 215 11 view .LVU199
 713 004e 08F8013B 		strb	r3, [r8], #1
 714              	.LVL45:
 715              		.loc 1 216 5 is_stmt 1 view .LVU200
 716              		.loc 1 216 8 is_stmt 0 view .LVU201
 717 0052 2369     		ldr	r3, [r4, #16]
 718 0054 A269     		ldr	r2, [r4, #24]
 719 0056 9A42     		cmp	r2, r3
 720              		.loc 1 217 7 is_stmt 1 view .LVU202
 721              		.loc 1 217 20 is_stmt 0 view .LVU203
 722 0058 24BF     		itt	cs
 723 005a E368     		ldrcs	r3, [r4, #12]
 724 005c A361     		strcs	r3, [r4, #24]
 725              		.loc 1 219 5 is_stmt 1 view .LVU204
 726              	.LBB242:
 727              	.LBI223:
 728              		.loc 2 502 20 view .LVU205
 729              		.loc 2 504 3 view .LVU206
 730              	.LBB234:
 731              	.LBI224:
 732              		.loc 5 358 20 view .LVU207
 733              	.LBB232:
 734              		.loc 5 360 3 view .LVU208
 735 005e FFF7FEFF 		bl	_dbg_check_unlock
 736              	.LVL46:
 737              		.loc 5 361 33 view .LVU209
 738              		.loc 5 367 3 view .LVU210
 739              		.loc 5 367 3 view .LVU211
 740              		.loc 5 367 3 discriminator 1 view .LVU212
 741 0062 3368     		ldr	r3, [r6]
ARM GAS  /tmp/ccuBf7um.s 			page 14


 742 0064 B342     		cmp	r3, r6
 743 0066 04D0     		beq	.L41
 744              		.loc 5 367 3 is_stmt 0 discriminator 3 view .LVU213
 745 0068 B269     		ldr	r2, [r6, #24]
 746 006a 9B68     		ldr	r3, [r3, #8]
 747 006c 9268     		ldr	r2, [r2, #8]
 748 006e 9A42     		cmp	r2, r3
 749 0070 1AD3     		bcc	.L51
 750              	.L41:
 751              		.loc 5 367 3 is_stmt 1 discriminator 7 view .LVU214
 752              		.loc 5 371 3 view .LVU215
 753              	.LBB231:
 754              	.LBI226:
 755              		.loc 6 458 20 view .LVU216
 756              		.loc 6 461 3 view .LVU217
 757              	.LVL47:
 758              	.LBB230:
 759              	.LBI227:
 760              		.loc 7 544 57 view .LVU218
 761              	.LBB229:
 762              		.loc 7 546 3 view .LVU219
 763              		.syntax unified
 764              	@ 546 "../RC_Controller/ChibiOS_3.0.5/os/ext/CMSIS/include/core_cmFunc.h" 1
 765 0072 8BF31188 		MSR basepri, fp
 766              	@ 0 "" 2
 767              	.LVL48:
 768              		.loc 7 546 3 is_stmt 0 view .LVU220
 769              		.thumb
 770              		.syntax unified
 771              	.LBE229:
 772              	.LBE230:
 773              	.LBE231:
 774              	.LBE232:
 775              	.LBE234:
 776              	.LBE242:
 777              		.loc 1 221 5 is_stmt 1 view .LVU221
 778              		.loc 1 221 6 is_stmt 0 view .LVU222
 779 0076 0137     		adds	r7, r7, #1
 780              	.LVL49:
 781              		.loc 1 222 5 is_stmt 1 view .LVU223
 782              		.loc 1 222 8 is_stmt 0 view .LVU224
 783 0078 B945     		cmp	r9, r7
 784 007a 12D0     		beq	.L33
 785              		.loc 1 226 5 is_stmt 1 view .LVU225
 786              	.LBB243:
 787              	.LBI243:
 788              		.loc 2 491 20 view .LVU226
 789              	.LBB244:
 790              		.loc 2 493 3 view .LVU227
 791              	.LBB245:
 792              	.LBI245:
 793              		.loc 5 346 20 view .LVU228
 794              	.LBB246:
 795              		.loc 5 348 3 view .LVU229
 796              	.LBB247:
 797              	.LBI247:
 798              		.loc 6 444 20 view .LVU230
ARM GAS  /tmp/ccuBf7um.s 			page 15


 799              		.loc 6 447 3 view .LVU231
 800              	.LVL50:
 801              	.LBB248:
 802              	.LBI248:
 803              		.loc 7 544 57 view .LVU232
 804              	.LBB249:
 805              		.loc 7 546 3 view .LVU233
 806 007c 2023     		movs	r3, #32
 807              		.syntax unified
 808              	@ 546 "../RC_Controller/ChibiOS_3.0.5/os/ext/CMSIS/include/core_cmFunc.h" 1
 809 007e 83F31188 		MSR basepri, r3
 810              	@ 0 "" 2
 811              	.LVL51:
 812              		.loc 7 546 3 is_stmt 0 view .LVU234
 813              		.thumb
 814              		.syntax unified
 815              	.LBE249:
 816              	.LBE248:
 817              	.LBE247:
 818              		.loc 5 349 34 is_stmt 1 view .LVU235
 819              		.loc 5 350 3 view .LVU236
 820 0082 FFF7FEFF 		bl	_dbg_check_lock
 821              	.LVL52:
 822              	.LBE246:
 823              	.LBE245:
 824              	.LBE244:
 825              	.LBE243:
 826              		.loc 1 202 9 view .LVU237
 827              	.LBB251:
 828              	.LBB250:
 829              		.loc 2 494 1 is_stmt 0 view .LVU238
 830 0086 CDE7     		b	.L42
 831              	.LVL53:
 832              	.L50:
 833              		.loc 2 494 1 view .LVU239
 834              	.LBE250:
 835              	.LBE251:
 836              		.loc 1 209 9 is_stmt 1 view .LVU240
 837              	.LBB252:
 838              	.LBI252:
 839              		.loc 2 502 20 view .LVU241
 840              		.loc 2 504 3 view .LVU242
 841              	.LBB253:
 842              	.LBI253:
 843              		.loc 5 358 20 view .LVU243
 844              	.LBB254:
 845              		.loc 5 360 3 view .LVU244
 846 0088 FFF7FEFF 		bl	_dbg_check_unlock
 847              	.LVL54:
 848              		.loc 5 361 33 view .LVU245
 849              		.loc 5 367 3 view .LVU246
 850              		.loc 5 367 3 view .LVU247
 851              		.loc 5 367 3 discriminator 1 view .LVU248
 852 008c 3368     		ldr	r3, [r6]
 853 008e B342     		cmp	r3, r6
 854 0090 04D0     		beq	.L37
 855              		.loc 5 367 3 is_stmt 0 discriminator 3 view .LVU249
ARM GAS  /tmp/ccuBf7um.s 			page 16


 856 0092 B269     		ldr	r2, [r6, #24]
 857 0094 9B68     		ldr	r3, [r3, #8]
 858 0096 9268     		ldr	r2, [r2, #8]
 859 0098 9A42     		cmp	r2, r3
 860 009a 09D3     		bcc	.L52
 861              	.L37:
 862              		.loc 5 367 3 is_stmt 1 discriminator 7 view .LVU250
 863              		.loc 5 371 3 view .LVU251
 864              	.LBB255:
 865              	.LBI255:
 866              		.loc 6 458 20 view .LVU252
 867              		.loc 6 461 3 view .LVU253
 868              	.LVL55:
 869              	.LBB256:
 870              	.LBI256:
 871              		.loc 7 544 57 view .LVU254
 872              	.LBB257:
 873              		.loc 7 546 3 view .LVU255
 874 009c 0023     		movs	r3, #0
 875              		.syntax unified
 876              	@ 546 "../RC_Controller/ChibiOS_3.0.5/os/ext/CMSIS/include/core_cmFunc.h" 1
 877 009e 83F31188 		MSR basepri, r3
 878              	@ 0 "" 2
 879              	.LVL56:
 880              		.loc 7 546 3 is_stmt 0 view .LVU256
 881              		.thumb
 882              		.syntax unified
 883              	.LBE257:
 884              	.LBE256:
 885              	.LBE255:
 886              	.LBE254:
 887              	.LBE253:
 888              	.LBE252:
 889              		.loc 1 210 9 is_stmt 1 view .LVU257
 890              	.L33:
 891              		.loc 1 228 1 is_stmt 0 view .LVU258
 892 00a2 3846     		mov	r0, r7
 893 00a4 BDE8F88F 		pop	{r3, r4, r5, r6, r7, r8, r9, r10, fp, pc}
 894              	.LVL57:
 895              	.L51:
 896              	.LBB263:
 897              	.LBB235:
 898              	.LBB233:
 899              		.loc 5 367 3 is_stmt 1 discriminator 5 view .LVU259
 900 00a8 0848     		ldr	r0, .L53+4
 901 00aa FFF7FEFF 		bl	chSysHalt
 902              	.LVL58:
 903 00ae E0E7     		b	.L41
 904              	.LVL59:
 905              	.L52:
 906              		.loc 5 367 3 is_stmt 0 discriminator 5 view .LVU260
 907              	.LBE233:
 908              	.LBE235:
 909              	.LBE263:
 910              	.LBB264:
 911              	.LBB262:
 912              	.LBB261:
ARM GAS  /tmp/ccuBf7um.s 			page 17


 913              		.loc 5 367 3 is_stmt 1 discriminator 5 view .LVU261
 914 00b0 0648     		ldr	r0, .L53+4
 915 00b2 FFF7FEFF 		bl	chSysHalt
 916              	.LVL60:
 917              		.loc 5 367 3 discriminator 7 view .LVU262
 918              		.loc 5 371 3 view .LVU263
 919              	.LBB260:
 920              		.loc 6 458 20 view .LVU264
 921              		.loc 6 461 3 view .LVU265
 922              	.LBB259:
 923              		.loc 7 544 57 view .LVU266
 924              	.LBB258:
 925              		.loc 7 546 3 view .LVU267
 926 00b6 0023     		movs	r3, #0
 927              		.syntax unified
 928              	@ 546 "../RC_Controller/ChibiOS_3.0.5/os/ext/CMSIS/include/core_cmFunc.h" 1
 929 00b8 83F31188 		MSR basepri, r3
 930              	@ 0 "" 2
 931              	.LVL61:
 932              		.loc 7 546 3 is_stmt 0 view .LVU268
 933              		.thumb
 934              		.syntax unified
 935              	.LBE258:
 936              	.LBE259:
 937              	.LBE260:
 938              	.LBE261:
 939              	.LBE262:
 940              	.LBE264:
 941              		.loc 1 210 9 is_stmt 1 view .LVU269
 942 00bc F1E7     		b	.L33
 943              	.LVL62:
 944              	.L49:
 945              		.loc 1 199 3 discriminator 3 view .LVU270
 946 00be 0448     		ldr	r0, .L53+8
 947              	.LVL63:
 948              		.loc 1 199 3 is_stmt 0 discriminator 3 view .LVU271
 949 00c0 FFF7FEFF 		bl	chSysHalt
 950              	.LVL64:
 951              		.loc 1 199 3 discriminator 3 view .LVU272
 952 00c4 A6E7     		b	.L34
 953              	.L54:
 954 00c6 00BF     		.align	2
 955              	.L53:
 956 00c8 00000000 		.word	ch
 957 00cc 00000000 		.word	__func__.2
 958 00d0 00000000 		.word	__func__.1
 959              		.cfi_endproc
 960              	.LFE227:
 961              		.size	iqReadTimeout, .-iqReadTimeout
 962              		.section	.text.oqObjectInit,"ax",%progbits
 963              		.align	1
 964              		.p2align 4,,15
 965              		.global	oqObjectInit
 966              		.syntax unified
 967              		.thumb
 968              		.thumb_func
 969              		.type	oqObjectInit, %function
ARM GAS  /tmp/ccuBf7um.s 			page 18


 970              	oqObjectInit:
 971              	.LVL65:
 972              	.LFB228:
 973              		.loc 1 246 47 is_stmt 1 view -0
 974              		.cfi_startproc
 975              		@ args = 4, pretend = 0, frame = 0
 976              		@ frame_needed = 0, uses_anonymous_args = 0
 977              		@ link register save eliminated.
 978              		.loc 1 248 3 view .LVU274
 979              	.LBB265:
 980              	.LBI265:
 981              		.loc 2 753 20 view .LVU275
 982              		.loc 2 755 3 view .LVU276
 983              	.LBB266:
 984              	.LBI266:
 985              		.loc 3 278 20 view .LVU277
 986              		.loc 3 280 3 view .LVU278
 987              	.LBB267:
 988              	.LBI267:
 989              		.loc 4 602 20 view .LVU279
 990              	.LBB268:
 991              		.loc 4 604 3 view .LVU280
 992              		.loc 4 605 3 view .LVU281
 993              	.LBE268:
 994              	.LBE267:
 995              	.LBE266:
 996              	.LBE265:
 997              		.loc 1 246 47 is_stmt 0 view .LVU282
 998 0000 10B4     		push	{r4}
 999              		.cfi_def_cfa_offset 4
 1000              		.cfi_offset 4, -4
 1001              		.loc 1 255 18 view .LVU283
 1002 0002 019C     		ldr	r4, [sp, #4]
 1003              		.loc 1 249 18 view .LVU284
 1004 0004 8260     		str	r2, [r0, #8]
 1005              		.loc 1 253 23 view .LVU285
 1006 0006 0A44     		add	r2, r2, r1
 1007              	.LVL66:
 1008              		.loc 1 254 18 view .LVU286
 1009 0008 C0E90734 		strd	r3, r4, [r0, #28]
 1010              	.LBB272:
 1011              	.LBB271:
 1012              	.LBB270:
 1013              	.LBB269:
 1014              		.loc 4 604 15 view .LVU287
 1015 000c C0E90000 		strd	r0, r0, [r0]
 1016              	.LVL67:
 1017              		.loc 4 604 15 view .LVU288
 1018              	.LBE269:
 1019              	.LBE270:
 1020              	.LBE271:
 1021              	.LBE272:
 1022              		.loc 1 249 3 is_stmt 1 view .LVU289
 1023              		.loc 1 250 3 view .LVU290
 1024              		.loc 1 250 18 is_stmt 0 view .LVU291
 1025 0010 C0E90312 		strd	r1, r2, [r0, #12]
 1026              		.loc 1 251 3 is_stmt 1 view .LVU292
ARM GAS  /tmp/ccuBf7um.s 			page 19


 1027              		.loc 1 252 18 is_stmt 0 view .LVU293
 1028 0014 C0E90511 		strd	r1, r1, [r0, #20]
 1029              		.loc 1 253 3 is_stmt 1 view .LVU294
 1030              		.loc 1 254 3 view .LVU295
 1031              		.loc 1 255 3 view .LVU296
 1032              		.loc 1 256 1 is_stmt 0 view .LVU297
 1033 0018 5DF8044B 		ldr	r4, [sp], #4
 1034              		.cfi_restore 4
 1035              		.cfi_def_cfa_offset 0
 1036              	.LVL68:
 1037              		.loc 1 256 1 view .LVU298
 1038 001c 7047     		bx	lr
 1039              		.cfi_endproc
 1040              	.LFE228:
 1041              		.size	oqObjectInit, .-oqObjectInit
 1042 001e 00BF     		.section	.text.oqResetI,"ax",%progbits
 1043              		.align	1
 1044              		.p2align 4,,15
 1045              		.global	oqResetI
 1046              		.syntax unified
 1047              		.thumb
 1048              		.thumb_func
 1049              		.type	oqResetI, %function
 1050              	oqResetI:
 1051              	.LVL69:
 1052              	.LFB229:
 1053              		.loc 1 269 36 is_stmt 1 view -0
 1054              		.cfi_startproc
 1055              		@ args = 0, pretend = 0, frame = 0
 1056              		@ frame_needed = 0, uses_anonymous_args = 0
 1057              		.loc 1 271 3 view .LVU300
 1058              		.loc 1 269 36 is_stmt 0 view .LVU301
 1059 0000 10B5     		push	{r4, lr}
 1060              		.cfi_def_cfa_offset 8
 1061              		.cfi_offset 4, -8
 1062              		.cfi_offset 14, -4
 1063              		.loc 1 269 36 view .LVU302
 1064 0002 0446     		mov	r4, r0
 1065              		.loc 1 271 3 view .LVU303
 1066 0004 FFF7FEFF 		bl	chDbgCheckClassI
 1067              	.LVL70:
 1068              		.loc 1 273 3 is_stmt 1 view .LVU304
 1069              		.loc 1 275 20 is_stmt 0 view .LVU305
 1070 0008 D4E90323 		ldrd	r2, r3, [r4, #12]
 1071 000c 9B1A     		subs	r3, r3, r2
 1072              		.loc 1 274 16 view .LVU306
 1073 000e 6261     		str	r2, [r4, #20]
 1074 0010 A261     		str	r2, [r4, #24]
 1075              		.loc 1 275 3 is_stmt 1 view .LVU307
 1076              		.loc 1 275 18 is_stmt 0 view .LVU308
 1077 0012 A360     		str	r3, [r4, #8]
 1078              		.loc 1 276 3 is_stmt 1 view .LVU309
 1079              	.LVL71:
 1080              	.LBB273:
 1081              	.LBI273:
 1082              		.loc 2 808 20 view .LVU310
 1083              	.LBB274:
ARM GAS  /tmp/ccuBf7um.s 			page 20


 1084              		.loc 2 810 3 view .LVU311
 1085 0014 2046     		mov	r0, r4
 1086 0016 6FF00101 		mvn	r1, #1
 1087              	.LBE274:
 1088              	.LBE273:
 1089              		.loc 1 277 1 is_stmt 0 view .LVU312
 1090 001a BDE81040 		pop	{r4, lr}
 1091              		.cfi_restore 14
 1092              		.cfi_restore 4
 1093              		.cfi_def_cfa_offset 0
 1094              	.LVL72:
 1095              	.LBB276:
 1096              	.LBB275:
 1097              		.loc 2 810 3 view .LVU313
 1098 001e FFF7FEBF 		b	chThdDequeueAllI
 1099              	.LVL73:
 1100              		.loc 2 810 3 view .LVU314
 1101              	.LBE275:
 1102              	.LBE276:
 1103              		.cfi_endproc
 1104              	.LFE229:
 1105              		.size	oqResetI, .-oqResetI
 1106 0022 00BF     		.section	.text.oqPutTimeout,"ax",%progbits
 1107              		.align	1
 1108              		.p2align 4,,15
 1109              		.global	oqPutTimeout
 1110              		.syntax unified
 1111              		.thumb
 1112              		.thumb_func
 1113              		.type	oqPutTimeout, %function
 1114              	oqPutTimeout:
 1115              	.LVL74:
 1116              	.LFB230:
 1117              		.loc 1 301 71 is_stmt 1 view -0
 1118              		.cfi_startproc
 1119              		@ args = 0, pretend = 0, frame = 0
 1120              		@ frame_needed = 0, uses_anonymous_args = 0
 1121              		.loc 1 303 3 view .LVU316
 1122              	.LBB301:
 1123              	.LBI301:
 1124              		.loc 2 491 20 view .LVU317
 1125              	.LBB302:
 1126              		.loc 2 493 3 view .LVU318
 1127              	.LBB303:
 1128              	.LBI303:
 1129              		.loc 5 346 20 view .LVU319
 1130              	.LBB304:
 1131              		.loc 5 348 3 view .LVU320
 1132              	.LBB305:
 1133              	.LBI305:
 1134              		.loc 6 444 20 view .LVU321
 1135              		.loc 6 447 3 view .LVU322
 1136              	.LBB306:
 1137              	.LBI306:
 1138              		.loc 7 544 57 view .LVU323
 1139              	.LBB307:
 1140              		.loc 7 546 3 view .LVU324
ARM GAS  /tmp/ccuBf7um.s 			page 21


 1141              	.LBE307:
 1142              	.LBE306:
 1143              	.LBE305:
 1144              	.LBE304:
 1145              	.LBE303:
 1146              	.LBE302:
 1147              	.LBE301:
 1148              		.loc 1 301 71 is_stmt 0 view .LVU325
 1149 0000 F8B5     		push	{r3, r4, r5, r6, r7, lr}
 1150              		.cfi_def_cfa_offset 24
 1151              		.cfi_offset 3, -24
 1152              		.cfi_offset 4, -20
 1153              		.cfi_offset 5, -16
 1154              		.cfi_offset 6, -12
 1155              		.cfi_offset 7, -8
 1156              		.cfi_offset 14, -4
 1157              		.loc 1 301 71 view .LVU326
 1158 0002 0546     		mov	r5, r0
 1159 0004 0F46     		mov	r7, r1
 1160 0006 1646     		mov	r6, r2
 1161              	.LBB315:
 1162              	.LBB313:
 1163              	.LBB312:
 1164              	.LBB311:
 1165              	.LBB310:
 1166              	.LBB309:
 1167              	.LBB308:
 1168              		.loc 7 546 3 view .LVU327
 1169 0008 2023     		movs	r3, #32
 1170              		.syntax unified
 1171              	@ 546 "../RC_Controller/ChibiOS_3.0.5/os/ext/CMSIS/include/core_cmFunc.h" 1
 1172 000a 83F31188 		MSR basepri, r3
 1173              	@ 0 "" 2
 1174              	.LVL75:
 1175              		.loc 7 546 3 view .LVU328
 1176              		.thumb
 1177              		.syntax unified
 1178              	.LBE308:
 1179              	.LBE309:
 1180              	.LBE310:
 1181              		.loc 5 349 34 is_stmt 1 view .LVU329
 1182              		.loc 5 350 3 view .LVU330
 1183 000e FFF7FEFF 		bl	_dbg_check_lock
 1184              	.LVL76:
 1185              		.loc 5 350 3 is_stmt 0 view .LVU331
 1186              	.LBE311:
 1187              	.LBE312:
 1188              	.LBE313:
 1189              	.LBE315:
 1190              		.loc 1 304 3 is_stmt 1 view .LVU332
 1191              	.LBB316:
 1192              	.LBB314:
 1193              		.loc 2 494 1 is_stmt 0 view .LVU333
 1194 0012 03E0     		b	.L60
 1195              	.LVL77:
 1196              	.L63:
 1197              		.loc 2 494 1 view .LVU334
ARM GAS  /tmp/ccuBf7um.s 			page 22


 1198              	.LBE314:
 1199              	.LBE316:
 1200              	.LBB317:
 1201              	.LBB318:
 1202              	.LBB319:
 1203              		.loc 2 784 10 view .LVU335
 1204 0014 FFF7FEFF 		bl	chThdEnqueueTimeoutS
 1205              	.LVL78:
 1206              		.loc 2 784 10 view .LVU336
 1207              	.LBE319:
 1208              	.LBE318:
 1209              		.loc 1 306 5 is_stmt 1 view .LVU337
 1210              		.loc 1 306 8 is_stmt 0 view .LVU338
 1211 0018 041E     		subs	r4, r0, #0
 1212 001a 25DB     		blt	.L72
 1213              	.LVL79:
 1214              	.L60:
 1215              		.loc 1 305 5 is_stmt 1 view .LVU339
 1216              	.LBB322:
 1217              	.LBI318:
 1218              		.loc 2 781 21 view .LVU340
 1219              	.LBB320:
 1220              		.loc 2 784 3 view .LVU341
 1221              	.LBE320:
 1222              	.LBE322:
 1223              	.LBE317:
 1224              		.loc 1 304 10 view .LVU342
 1225 001c AB68     		ldr	r3, [r5, #8]
 1226              	.LBB333:
 1227              	.LBB323:
 1228              	.LBB321:
 1229              		.loc 2 784 10 is_stmt 0 view .LVU343
 1230 001e 3146     		mov	r1, r6
 1231 0020 2846     		mov	r0, r5
 1232              	.LBE321:
 1233              	.LBE323:
 1234              	.LBE333:
 1235              		.loc 1 304 10 view .LVU344
 1236 0022 002B     		cmp	r3, #0
 1237 0024 F6D0     		beq	.L63
 1238              	.LVL80:
 1239              		.loc 1 312 3 is_stmt 1 view .LVU345
 1240              		.loc 1 313 7 is_stmt 0 view .LVU346
 1241 0026 6A69     		ldr	r2, [r5, #20]
 1242              		.loc 1 312 6 view .LVU347
 1243 0028 AB68     		ldr	r3, [r5, #8]
 1244              		.loc 1 313 16 view .LVU348
 1245 002a 511C     		adds	r1, r2, #1
 1246              	.LVL81:
 1247              		.loc 1 312 17 view .LVU349
 1248 002c 013B     		subs	r3, r3, #1
 1249              		.loc 1 313 16 view .LVU350
 1250 002e 6961     		str	r1, [r5, #20]
 1251              		.loc 1 312 17 view .LVU351
 1252 0030 AB60     		str	r3, [r5, #8]
 1253              		.loc 1 313 3 is_stmt 1 view .LVU352
 1254              		.loc 1 313 19 is_stmt 0 view .LVU353
ARM GAS  /tmp/ccuBf7um.s 			page 23


 1255 0032 1770     		strb	r7, [r2]
 1256              		.loc 1 314 3 is_stmt 1 view .LVU354
 1257              		.loc 1 314 6 is_stmt 0 view .LVU355
 1258 0034 D5E90432 		ldrd	r3, r2, [r5, #16]
 1259 0038 9A42     		cmp	r2, r3
 1260              		.loc 1 315 5 is_stmt 1 view .LVU356
 1261              		.loc 1 318 3 view .LVU357
 1262              		.loc 1 315 18 is_stmt 0 view .LVU358
 1263 003a 24BF     		itt	cs
 1264 003c EB68     		ldrcs	r3, [r5, #12]
 1265 003e 6B61     		strcs	r3, [r5, #20]
 1266              		.loc 1 318 10 view .LVU359
 1267 0040 EB69     		ldr	r3, [r5, #28]
 1268              		.loc 1 318 6 view .LVU360
 1269 0042 03B1     		cbz	r3, .L65
 1270              		.loc 1 319 5 is_stmt 1 view .LVU361
 1271 0044 9847     		blx	r3
 1272              	.LVL82:
 1273              	.L65:
 1274              		.loc 1 321 3 view .LVU362
 1275              	.LBB334:
 1276              	.LBI334:
 1277              		.loc 2 502 20 view .LVU363
 1278              		.loc 2 504 3 view .LVU364
 1279              	.LBB335:
 1280              	.LBI335:
 1281              		.loc 5 358 20 view .LVU365
 1282              	.LBB336:
 1283              		.loc 5 360 3 view .LVU366
 1284 0046 FFF7FEFF 		bl	_dbg_check_unlock
 1285              	.LVL83:
 1286              		.loc 5 361 33 view .LVU367
 1287              		.loc 5 367 3 view .LVU368
 1288              		.loc 5 367 3 view .LVU369
 1289              		.loc 5 367 3 discriminator 1 view .LVU370
 1290 004a 134B     		ldr	r3, .L75
 1291 004c 1A68     		ldr	r2, [r3]
 1292 004e 9A42     		cmp	r2, r3
 1293 0050 04D0     		beq	.L66
 1294              		.loc 5 367 3 is_stmt 0 discriminator 3 view .LVU371
 1295 0052 9969     		ldr	r1, [r3, #24]
 1296 0054 9368     		ldr	r3, [r2, #8]
 1297 0056 8A68     		ldr	r2, [r1, #8]
 1298 0058 9A42     		cmp	r2, r3
 1299 005a 15D3     		bcc	.L73
 1300              	.L66:
 1301              		.loc 5 367 3 is_stmt 1 discriminator 7 view .LVU372
 1302              		.loc 5 371 3 view .LVU373
 1303              	.LBB337:
 1304              	.LBI337:
 1305              		.loc 6 458 20 view .LVU374
 1306              		.loc 6 461 3 view .LVU375
 1307              	.LVL84:
 1308              	.LBB338:
 1309              	.LBI338:
 1310              		.loc 7 544 57 view .LVU376
 1311              	.LBB339:
ARM GAS  /tmp/ccuBf7um.s 			page 24


 1312              		.loc 7 546 3 view .LVU377
 1313 005c 0020     		movs	r0, #0
 1314              		.syntax unified
 1315              	@ 546 "../RC_Controller/ChibiOS_3.0.5/os/ext/CMSIS/include/core_cmFunc.h" 1
 1316 005e 80F31188 		MSR basepri, r0
 1317              	@ 0 "" 2
 1318              	.LVL85:
 1319              		.loc 7 546 3 is_stmt 0 view .LVU378
 1320              		.thumb
 1321              		.syntax unified
 1322              	.LBE339:
 1323              	.LBE338:
 1324              	.LBE337:
 1325              	.LBE336:
 1326              	.LBE335:
 1327              	.LBE334:
 1328              		.loc 1 323 3 is_stmt 1 view .LVU379
 1329              		.loc 1 323 10 is_stmt 0 view .LVU380
 1330 0062 0446     		mov	r4, r0
 1331              		.loc 1 324 1 view .LVU381
 1332 0064 2046     		mov	r0, r4
 1333 0066 F8BD     		pop	{r3, r4, r5, r6, r7, pc}
 1334              	.LVL86:
 1335              	.L72:
 1336              	.LBB342:
 1337              		.loc 1 307 7 is_stmt 1 view .LVU382
 1338              	.LBB324:
 1339              	.LBI324:
 1340              		.loc 2 502 20 view .LVU383
 1341              		.loc 2 504 3 view .LVU384
 1342              	.LBB325:
 1343              	.LBI325:
 1344              		.loc 5 358 20 view .LVU385
 1345              	.LBB326:
 1346              		.loc 5 360 3 view .LVU386
 1347 0068 FFF7FEFF 		bl	_dbg_check_unlock
 1348              	.LVL87:
 1349              		.loc 5 361 33 view .LVU387
 1350              		.loc 5 367 3 view .LVU388
 1351              		.loc 5 367 3 view .LVU389
 1352              		.loc 5 367 3 discriminator 1 view .LVU390
 1353 006c 0A4B     		ldr	r3, .L75
 1354 006e 1A68     		ldr	r2, [r3]
 1355 0070 9A42     		cmp	r2, r3
 1356 0072 04D0     		beq	.L61
 1357              		.loc 5 367 3 is_stmt 0 discriminator 3 view .LVU391
 1358 0074 9969     		ldr	r1, [r3, #24]
 1359 0076 9368     		ldr	r3, [r2, #8]
 1360 0078 8A68     		ldr	r2, [r1, #8]
 1361 007a 9A42     		cmp	r2, r3
 1362 007c 08D3     		bcc	.L74
 1363              	.L61:
 1364              		.loc 5 367 3 is_stmt 1 discriminator 7 view .LVU392
 1365              		.loc 5 371 3 view .LVU393
 1366              	.LBB327:
 1367              	.LBI327:
 1368              		.loc 6 458 20 view .LVU394
ARM GAS  /tmp/ccuBf7um.s 			page 25


 1369              		.loc 6 461 3 view .LVU395
 1370              	.LVL88:
 1371              	.LBB328:
 1372              	.LBI328:
 1373              		.loc 7 544 57 view .LVU396
 1374              	.LBB329:
 1375              		.loc 7 546 3 view .LVU397
 1376 007e 0023     		movs	r3, #0
 1377              		.syntax unified
 1378              	@ 546 "../RC_Controller/ChibiOS_3.0.5/os/ext/CMSIS/include/core_cmFunc.h" 1
 1379 0080 83F31188 		MSR basepri, r3
 1380              	@ 0 "" 2
 1381              	.LVL89:
 1382              		.loc 7 546 3 is_stmt 0 view .LVU398
 1383              		.thumb
 1384              		.syntax unified
 1385              	.LBE329:
 1386              	.LBE328:
 1387              	.LBE327:
 1388              	.LBE326:
 1389              	.LBE325:
 1390              	.LBE324:
 1391              		.loc 1 308 7 is_stmt 1 view .LVU399
 1392              	.LBE342:
 1393              		.loc 1 324 1 is_stmt 0 view .LVU400
 1394 0084 2046     		mov	r0, r4
 1395 0086 F8BD     		pop	{r3, r4, r5, r6, r7, pc}
 1396              	.LVL90:
 1397              	.L73:
 1398              	.LBB343:
 1399              	.LBB341:
 1400              	.LBB340:
 1401              		.loc 5 367 3 is_stmt 1 discriminator 5 view .LVU401
 1402 0088 0448     		ldr	r0, .L75+4
 1403 008a FFF7FEFF 		bl	chSysHalt
 1404              	.LVL91:
 1405 008e E5E7     		b	.L66
 1406              	.LVL92:
 1407              	.L74:
 1408              		.loc 5 367 3 is_stmt 0 discriminator 5 view .LVU402
 1409              	.LBE340:
 1410              	.LBE341:
 1411              	.LBE343:
 1412              	.LBB344:
 1413              	.LBB332:
 1414              	.LBB331:
 1415              	.LBB330:
 1416              		.loc 5 367 3 is_stmt 1 discriminator 5 view .LVU403
 1417 0090 0248     		ldr	r0, .L75+4
 1418 0092 FFF7FEFF 		bl	chSysHalt
 1419              	.LVL93:
 1420 0096 F2E7     		b	.L61
 1421              	.L76:
 1422              		.align	2
 1423              	.L75:
 1424 0098 00000000 		.word	ch
 1425 009c 00000000 		.word	__func__.2
ARM GAS  /tmp/ccuBf7um.s 			page 26


 1426              	.LBE330:
 1427              	.LBE331:
 1428              	.LBE332:
 1429              	.LBE344:
 1430              		.cfi_endproc
 1431              	.LFE230:
 1432              		.size	oqPutTimeout, .-oqPutTimeout
 1433              		.section	.text.oqGetI,"ax",%progbits
 1434              		.align	1
 1435              		.p2align 4,,15
 1436              		.global	oqGetI
 1437              		.syntax unified
 1438              		.thumb
 1439              		.thumb_func
 1440              		.type	oqGetI, %function
 1441              	oqGetI:
 1442              	.LVL94:
 1443              	.LFB231:
 1444              		.loc 1 336 35 view -0
 1445              		.cfi_startproc
 1446              		@ args = 0, pretend = 0, frame = 0
 1447              		@ frame_needed = 0, uses_anonymous_args = 0
 1448              		.loc 1 337 3 view .LVU405
 1449              		.loc 1 339 3 view .LVU406
 1450              		.loc 1 336 35 is_stmt 0 view .LVU407
 1451 0000 38B5     		push	{r3, r4, r5, lr}
 1452              		.cfi_def_cfa_offset 16
 1453              		.cfi_offset 3, -16
 1454              		.cfi_offset 4, -12
 1455              		.cfi_offset 5, -8
 1456              		.cfi_offset 14, -4
 1457              		.loc 1 336 35 view .LVU408
 1458 0002 0446     		mov	r4, r0
 1459              		.loc 1 339 3 view .LVU409
 1460 0004 FFF7FEFF 		bl	chDbgCheckClassI
 1461              	.LVL95:
 1462              		.loc 1 341 3 is_stmt 1 view .LVU410
 1463              		.loc 1 341 7 is_stmt 0 view .LVU411
 1464 0008 D4E90523 		ldrd	r2, r3, [r4, #20]
 1465 000c 9A42     		cmp	r2, r3
 1466 000e 10D0     		beq	.L83
 1467              	.L78:
 1468              		.loc 1 345 3 is_stmt 1 view .LVU412
 1469              		.loc 1 345 6 is_stmt 0 view .LVU413
 1470 0010 A268     		ldr	r2, [r4, #8]
 1471              		.loc 1 346 20 view .LVU414
 1472 0012 591C     		adds	r1, r3, #1
 1473              		.loc 1 345 17 view .LVU415
 1474 0014 0132     		adds	r2, r2, #1
 1475              		.loc 1 346 20 view .LVU416
 1476 0016 A161     		str	r1, [r4, #24]
 1477              		.loc 1 345 17 view .LVU417
 1478 0018 A260     		str	r2, [r4, #8]
 1479              		.loc 1 346 3 is_stmt 1 view .LVU418
 1480              		.loc 1 346 5 is_stmt 0 view .LVU419
 1481 001a 1D78     		ldrb	r5, [r3]	@ zero_extendqisi2
 1482              	.LVL96:
ARM GAS  /tmp/ccuBf7um.s 			page 27


 1483              		.loc 1 347 3 is_stmt 1 view .LVU420
 1484              		.loc 1 347 6 is_stmt 0 view .LVU421
 1485 001c 2369     		ldr	r3, [r4, #16]
 1486 001e 9942     		cmp	r1, r3
 1487              		.loc 1 348 5 is_stmt 1 view .LVU422
 1488              		.loc 1 348 18 is_stmt 0 view .LVU423
 1489 0020 24BF     		itt	cs
 1490 0022 E368     		ldrcs	r3, [r4, #12]
 1491 0024 A361     		strcs	r3, [r4, #24]
 1492              		.loc 1 351 3 is_stmt 1 view .LVU424
 1493              	.LVL97:
 1494              	.LBB345:
 1495              	.LBI345:
 1496              		.loc 2 795 20 view .LVU425
 1497              	.LBB346:
 1498              		.loc 2 797 3 view .LVU426
 1499 0026 2046     		mov	r0, r4
 1500 0028 0021     		movs	r1, #0
 1501 002a FFF7FEFF 		bl	chThdDequeueNextI
 1502              	.LVL98:
 1503              		.loc 2 797 3 is_stmt 0 view .LVU427
 1504              	.LBE346:
 1505              	.LBE345:
 1506              		.loc 1 353 3 is_stmt 1 view .LVU428
 1507              		.loc 1 353 10 is_stmt 0 view .LVU429
 1508 002e 2846     		mov	r0, r5
 1509              		.loc 1 354 1 view .LVU430
 1510 0030 38BD     		pop	{r3, r4, r5, pc}
 1511              	.LVL99:
 1512              	.L83:
 1513              		.loc 1 341 7 discriminator 1 view .LVU431
 1514 0032 A268     		ldr	r2, [r4, #8]
 1515 0034 002A     		cmp	r2, #0
 1516 0036 EBD0     		beq	.L78
 1517              		.loc 1 342 12 view .LVU432
 1518 0038 6FF00200 		mvn	r0, #2
 1519              		.loc 1 354 1 view .LVU433
 1520 003c 38BD     		pop	{r3, r4, r5, pc}
 1521              		.loc 1 354 1 view .LVU434
 1522              		.cfi_endproc
 1523              	.LFE231:
 1524              		.size	oqGetI, .-oqGetI
 1525 003e 00BF     		.section	.text.oqWriteTimeout,"ax",%progbits
 1526              		.align	1
 1527              		.p2align 4,,15
 1528              		.global	oqWriteTimeout
 1529              		.syntax unified
 1530              		.thumb
 1531              		.thumb_func
 1532              		.type	oqWriteTimeout, %function
 1533              	oqWriteTimeout:
 1534              	.LVL100:
 1535              	.LFB232:
 1536              		.loc 1 381 52 is_stmt 1 view -0
 1537              		.cfi_startproc
 1538              		@ args = 0, pretend = 0, frame = 8
 1539              		@ frame_needed = 0, uses_anonymous_args = 0
ARM GAS  /tmp/ccuBf7um.s 			page 28


 1540              		.loc 1 382 3 view .LVU436
 1541              		.loc 1 381 52 is_stmt 0 view .LVU437
 1542 0000 2DE9F04F 		push	{r4, r5, r6, r7, r8, r9, r10, fp, lr}
 1543              		.cfi_def_cfa_offset 36
 1544              		.cfi_offset 4, -36
 1545              		.cfi_offset 5, -32
 1546              		.cfi_offset 6, -28
 1547              		.cfi_offset 7, -24
 1548              		.cfi_offset 8, -20
 1549              		.cfi_offset 9, -16
 1550              		.cfi_offset 10, -12
 1551              		.cfi_offset 11, -8
 1552              		.cfi_offset 14, -4
 1553 0004 83B0     		sub	sp, sp, #12
 1554              		.cfi_def_cfa_offset 48
 1555              		.loc 1 382 13 view .LVU438
 1556 0006 D0F81C90 		ldr	r9, [r0, #28]
 1557              	.LVL101:
 1558              		.loc 1 383 3 is_stmt 1 view .LVU439
 1559              		.loc 1 385 3 view .LVU440
 1560              		.loc 1 385 3 view .LVU441
 1561              		.loc 1 385 3 discriminator 1 view .LVU442
 1562              		.loc 1 381 52 is_stmt 0 view .LVU443
 1563 000a 0193     		str	r3, [sp, #4]
 1564 000c 0446     		mov	r4, r0
 1565 000e 0D46     		mov	r5, r1
 1566              		.loc 1 385 3 discriminator 1 view .LVU444
 1567 0010 1646     		mov	r6, r2
 1568 0012 002A     		cmp	r2, #0
 1569 0014 51D0     		beq	.L104
 1570              	.LVL102:
 1571              	.L85:
 1572              		.loc 1 385 3 is_stmt 1 discriminator 5 view .LVU445
 1573              		.loc 1 387 3 view .LVU446
 1574              	.LBB377:
 1575              	.LBI377:
 1576              		.loc 2 491 20 view .LVU447
 1577              	.LBB378:
 1578              		.loc 2 493 3 view .LVU448
 1579              	.LBB379:
 1580              	.LBI379:
 1581              		.loc 5 346 20 view .LVU449
 1582              	.LBB380:
 1583              		.loc 5 348 3 view .LVU450
 1584              	.LBB381:
 1585              	.LBI381:
 1586              		.loc 6 444 20 view .LVU451
 1587              		.loc 6 447 3 view .LVU452
 1588              	.LBB382:
 1589              	.LBI382:
 1590              		.loc 7 544 57 view .LVU453
 1591              	.LBB383:
 1592              		.loc 7 546 3 view .LVU454
 1593 0016 4FF0200A 		mov	r10, #32
 1594              		.syntax unified
 1595              	@ 546 "../RC_Controller/ChibiOS_3.0.5/os/ext/CMSIS/include/core_cmFunc.h" 1
 1596 001a 8AF31188 		MSR basepri, r10
ARM GAS  /tmp/ccuBf7um.s 			page 29


 1597              	@ 0 "" 2
 1598              	.LVL103:
 1599              		.loc 7 546 3 is_stmt 0 view .LVU455
 1600              		.thumb
 1601              		.syntax unified
 1602              	.LBE383:
 1603              	.LBE382:
 1604              	.LBE381:
 1605              		.loc 5 349 34 is_stmt 1 view .LVU456
 1606              		.loc 5 350 3 view .LVU457
 1607 001e FFF7FEFF 		bl	_dbg_check_lock
 1608              	.LVL104:
 1609              	.LBE380:
 1610              	.LBE379:
 1611              	.LBE378:
 1612              	.LBE377:
 1613              		.loc 1 383 10 is_stmt 0 view .LVU458
 1614 0022 4FF00008 		mov	r8, #0
 1615 0026 294F     		ldr	r7, .L108
 1616              	.LBB384:
 1617              	.LBB385:
 1618              	.LBB386:
 1619              	.LBB387:
 1620              	.LBB388:
 1621              	.LBB389:
 1622              		.loc 7 546 3 view .LVU459
 1623 0028 C346     		mov	fp, r8
 1624              	.LVL105:
 1625              	.L86:
 1626              		.loc 7 546 3 view .LVU460
 1627              	.LBE389:
 1628              	.LBE388:
 1629              	.LBE387:
 1630              	.LBE386:
 1631              	.LBE385:
 1632              	.LBE384:
 1633              		.loc 1 389 12 is_stmt 1 view .LVU461
 1634 002a A368     		ldr	r3, [r4, #8]
 1635 002c 53B3     		cbz	r3, .L90
 1636              	.L106:
 1637              		.loc 1 395 5 view .LVU462
 1638              		.loc 1 396 9 is_stmt 0 view .LVU463
 1639 002e 6269     		ldr	r2, [r4, #20]
 1640              		.loc 1 395 8 view .LVU464
 1641 0030 A368     		ldr	r3, [r4, #8]
 1642              		.loc 1 396 18 view .LVU465
 1643 0032 511C     		adds	r1, r2, #1
 1644              		.loc 1 395 19 view .LVU466
 1645 0034 013B     		subs	r3, r3, #1
 1646              		.loc 1 396 18 view .LVU467
 1647 0036 6161     		str	r1, [r4, #20]
 1648              		.loc 1 395 19 view .LVU468
 1649 0038 A360     		str	r3, [r4, #8]
 1650              		.loc 1 396 5 is_stmt 1 view .LVU469
 1651              	.LVL106:
 1652              		.loc 1 396 23 is_stmt 0 view .LVU470
 1653 003a 15F8013B 		ldrb	r3, [r5], #1	@ zero_extendqisi2
ARM GAS  /tmp/ccuBf7um.s 			page 30


 1654              	.LVL107:
 1655              		.loc 1 396 21 view .LVU471
 1656 003e 1370     		strb	r3, [r2]
 1657              		.loc 1 397 5 is_stmt 1 view .LVU472
 1658              		.loc 1 397 8 is_stmt 0 view .LVU473
 1659 0040 D4E90432 		ldrd	r3, r2, [r4, #16]
 1660 0044 9A42     		cmp	r2, r3
 1661              		.loc 1 398 7 is_stmt 1 view .LVU474
 1662              		.loc 1 401 5 view .LVU475
 1663              		.loc 1 398 20 is_stmt 0 view .LVU476
 1664 0046 24BF     		itt	cs
 1665 0048 E368     		ldrcs	r3, [r4, #12]
 1666 004a 6361     		strcs	r3, [r4, #20]
 1667              		.loc 1 401 8 view .LVU477
 1668 004c B9F1000F 		cmp	r9, #0
 1669 0050 01D0     		beq	.L92
 1670              		.loc 1 402 7 is_stmt 1 view .LVU478
 1671 0052 2046     		mov	r0, r4
 1672 0054 C847     		blx	r9
 1673              	.LVL108:
 1674              	.L92:
 1675              		.loc 1 404 5 view .LVU479
 1676              	.LBB397:
 1677              	.LBI384:
 1678              		.loc 2 502 20 view .LVU480
 1679              		.loc 2 504 3 view .LVU481
 1680              	.LBB395:
 1681              	.LBI385:
 1682              		.loc 5 358 20 view .LVU482
 1683              	.LBB393:
 1684              		.loc 5 360 3 view .LVU483
 1685 0056 FFF7FEFF 		bl	_dbg_check_unlock
 1686              	.LVL109:
 1687              		.loc 5 361 33 view .LVU484
 1688              		.loc 5 367 3 view .LVU485
 1689              		.loc 5 367 3 view .LVU486
 1690              		.loc 5 367 3 discriminator 1 view .LVU487
 1691 005a 3B68     		ldr	r3, [r7]
 1692 005c BB42     		cmp	r3, r7
 1693 005e 04D0     		beq	.L93
 1694              		.loc 5 367 3 is_stmt 0 discriminator 3 view .LVU488
 1695 0060 BA69     		ldr	r2, [r7, #24]
 1696 0062 9B68     		ldr	r3, [r3, #8]
 1697 0064 9268     		ldr	r2, [r2, #8]
 1698 0066 9A42     		cmp	r2, r3
 1699 0068 23D3     		bcc	.L105
 1700              	.L93:
 1701              		.loc 5 367 3 is_stmt 1 discriminator 7 view .LVU489
 1702              		.loc 5 371 3 view .LVU490
 1703              	.LBB392:
 1704              	.LBI387:
 1705              		.loc 6 458 20 view .LVU491
 1706              		.loc 6 461 3 view .LVU492
 1707              	.LVL110:
 1708              	.LBB391:
 1709              	.LBI388:
 1710              		.loc 7 544 57 view .LVU493
ARM GAS  /tmp/ccuBf7um.s 			page 31


 1711              	.LBB390:
 1712              		.loc 7 546 3 view .LVU494
 1713              		.syntax unified
 1714              	@ 546 "../RC_Controller/ChibiOS_3.0.5/os/ext/CMSIS/include/core_cmFunc.h" 1
 1715 006a 8BF31188 		MSR basepri, fp
 1716              	@ 0 "" 2
 1717              	.LVL111:
 1718              		.loc 7 546 3 is_stmt 0 view .LVU495
 1719              		.thumb
 1720              		.syntax unified
 1721              	.LBE390:
 1722              	.LBE391:
 1723              	.LBE392:
 1724              	.LBE393:
 1725              	.LBE395:
 1726              	.LBE397:
 1727              		.loc 1 406 5 is_stmt 1 view .LVU496
 1728              		.loc 1 407 8 is_stmt 0 view .LVU497
 1729 006e 013E     		subs	r6, r6, #1
 1730              	.LVL112:
 1731              		.loc 1 406 6 view .LVU498
 1732 0070 08F10108 		add	r8, r8, #1
 1733              	.LVL113:
 1734              		.loc 1 407 5 is_stmt 1 view .LVU499
 1735              		.loc 1 407 8 is_stmt 0 view .LVU500
 1736 0074 19D0     		beq	.L84
 1737              		.loc 1 411 5 is_stmt 1 view .LVU501
 1738              	.LBB398:
 1739              	.LBI398:
 1740              		.loc 2 491 20 view .LVU502
 1741              	.LBB399:
 1742              		.loc 2 493 3 view .LVU503
 1743              	.LBB400:
 1744              	.LBI400:
 1745              		.loc 5 346 20 view .LVU504
 1746              	.LBB401:
 1747              		.loc 5 348 3 view .LVU505
 1748              	.LBB402:
 1749              	.LBI402:
 1750              		.loc 6 444 20 view .LVU506
 1751              		.loc 6 447 3 view .LVU507
 1752              	.LVL114:
 1753              	.LBB403:
 1754              	.LBI403:
 1755              		.loc 7 544 57 view .LVU508
 1756              	.LBB404:
 1757              		.loc 7 546 3 view .LVU509
 1758              		.syntax unified
 1759              	@ 546 "../RC_Controller/ChibiOS_3.0.5/os/ext/CMSIS/include/core_cmFunc.h" 1
 1760 0076 8AF31188 		MSR basepri, r10
 1761              	@ 0 "" 2
 1762              	.LVL115:
 1763              		.loc 7 546 3 is_stmt 0 view .LVU510
 1764              		.thumb
 1765              		.syntax unified
 1766              	.LBE404:
 1767              	.LBE403:
ARM GAS  /tmp/ccuBf7um.s 			page 32


 1768              	.LBE402:
 1769              		.loc 5 349 34 is_stmt 1 view .LVU511
 1770              		.loc 5 350 3 view .LVU512
 1771 007a FFF7FEFF 		bl	_dbg_check_lock
 1772              	.LVL116:
 1773              	.LBE401:
 1774              	.LBE400:
 1775              	.LBE399:
 1776              	.LBE398:
 1777              		.loc 1 388 9 view .LVU513
 1778              		.loc 1 389 12 view .LVU514
 1779 007e A368     		ldr	r3, [r4, #8]
 1780 0080 002B     		cmp	r3, #0
 1781 0082 D4D1     		bne	.L106
 1782              	.L90:
 1783              		.loc 1 390 7 view .LVU515
 1784              	.LVL117:
 1785              	.LBB405:
 1786              	.LBI405:
 1787              		.loc 2 781 21 view .LVU516
 1788              	.LBB406:
 1789              		.loc 2 784 3 view .LVU517
 1790              		.loc 2 784 10 is_stmt 0 view .LVU518
 1791 0084 0199     		ldr	r1, [sp, #4]
 1792 0086 2046     		mov	r0, r4
 1793 0088 FFF7FEFF 		bl	chThdEnqueueTimeoutS
 1794              	.LVL118:
 1795              		.loc 2 784 10 view .LVU519
 1796              	.LBE406:
 1797              	.LBE405:
 1798              		.loc 1 390 10 discriminator 1 view .LVU520
 1799 008c 0028     		cmp	r0, #0
 1800 008e CCD0     		beq	.L86
 1801              		.loc 1 391 9 is_stmt 1 view .LVU521
 1802              	.LBB407:
 1803              	.LBI407:
 1804              		.loc 2 502 20 view .LVU522
 1805              		.loc 2 504 3 view .LVU523
 1806              	.LBB408:
 1807              	.LBI408:
 1808              		.loc 5 358 20 view .LVU524
 1809              	.LBB409:
 1810              		.loc 5 360 3 view .LVU525
 1811 0090 FFF7FEFF 		bl	_dbg_check_unlock
 1812              	.LVL119:
 1813              		.loc 5 361 33 view .LVU526
 1814              		.loc 5 367 3 view .LVU527
 1815              		.loc 5 367 3 view .LVU528
 1816              		.loc 5 367 3 discriminator 1 view .LVU529
 1817 0094 3B68     		ldr	r3, [r7]
 1818 0096 BB42     		cmp	r3, r7
 1819 0098 04D0     		beq	.L88
 1820              		.loc 5 367 3 is_stmt 0 discriminator 3 view .LVU530
 1821 009a BA69     		ldr	r2, [r7, #24]
 1822 009c 9B68     		ldr	r3, [r3, #8]
 1823 009e 9268     		ldr	r2, [r2, #8]
 1824 00a0 9A42     		cmp	r2, r3
ARM GAS  /tmp/ccuBf7um.s 			page 33


 1825 00a2 0ED3     		bcc	.L107
 1826              	.L88:
 1827              		.loc 5 367 3 is_stmt 1 discriminator 7 view .LVU531
 1828              		.loc 5 371 3 view .LVU532
 1829              	.LBB410:
 1830              	.LBI410:
 1831              		.loc 6 458 20 view .LVU533
 1832              		.loc 6 461 3 view .LVU534
 1833              	.LVL120:
 1834              	.LBB411:
 1835              	.LBI411:
 1836              		.loc 7 544 57 view .LVU535
 1837              	.LBB412:
 1838              		.loc 7 546 3 view .LVU536
 1839 00a4 0023     		movs	r3, #0
 1840              		.syntax unified
 1841              	@ 546 "../RC_Controller/ChibiOS_3.0.5/os/ext/CMSIS/include/core_cmFunc.h" 1
 1842 00a6 83F31188 		MSR basepri, r3
 1843              	@ 0 "" 2
 1844              	.LVL121:
 1845              		.loc 7 546 3 is_stmt 0 view .LVU537
 1846              		.thumb
 1847              		.syntax unified
 1848              	.LBE412:
 1849              	.LBE411:
 1850              	.LBE410:
 1851              	.LBE409:
 1852              	.LBE408:
 1853              	.LBE407:
 1854              		.loc 1 392 9 is_stmt 1 view .LVU538
 1855              	.L84:
 1856              		.loc 1 413 1 is_stmt 0 view .LVU539
 1857 00aa 4046     		mov	r0, r8
 1858 00ac 03B0     		add	sp, sp, #12
 1859              		.cfi_remember_state
 1860              		.cfi_def_cfa_offset 36
 1861              		@ sp needed
 1862 00ae BDE8F08F 		pop	{r4, r5, r6, r7, r8, r9, r10, fp, pc}
 1863              	.LVL122:
 1864              	.L105:
 1865              		.cfi_restore_state
 1866              	.LBB415:
 1867              	.LBB396:
 1868              	.LBB394:
 1869              		.loc 5 367 3 is_stmt 1 discriminator 5 view .LVU540
 1870 00b2 0748     		ldr	r0, .L108+4
 1871 00b4 FFF7FEFF 		bl	chSysHalt
 1872              	.LVL123:
 1873 00b8 D7E7     		b	.L93
 1874              	.LVL124:
 1875              	.L104:
 1876              		.loc 5 367 3 is_stmt 0 discriminator 5 view .LVU541
 1877              	.LBE394:
 1878              	.LBE396:
 1879              	.LBE415:
 1880              		.loc 1 385 3 is_stmt 1 discriminator 3 view .LVU542
 1881 00ba 0648     		ldr	r0, .L108+8
ARM GAS  /tmp/ccuBf7um.s 			page 34


 1882              	.LVL125:
 1883              		.loc 1 385 3 is_stmt 0 discriminator 3 view .LVU543
 1884 00bc FFF7FEFF 		bl	chSysHalt
 1885              	.LVL126:
 1886              		.loc 1 385 3 discriminator 3 view .LVU544
 1887 00c0 A9E7     		b	.L85
 1888              	.LVL127:
 1889              	.L107:
 1890              	.LBB416:
 1891              	.LBB414:
 1892              	.LBB413:
 1893              		.loc 5 367 3 is_stmt 1 discriminator 5 view .LVU545
 1894 00c2 0348     		ldr	r0, .L108+4
 1895 00c4 FFF7FEFF 		bl	chSysHalt
 1896              	.LVL128:
 1897 00c8 ECE7     		b	.L88
 1898              	.L109:
 1899 00ca 00BF     		.align	2
 1900              	.L108:
 1901 00cc 00000000 		.word	ch
 1902 00d0 00000000 		.word	__func__.2
 1903 00d4 00000000 		.word	__func__.0
 1904              	.LBE413:
 1905              	.LBE414:
 1906              	.LBE416:
 1907              		.cfi_endproc
 1908              	.LFE232:
 1909              		.size	oqWriteTimeout, .-oqWriteTimeout
 1910              		.section	.rodata.__func__.0,"a"
 1911              		.align	2
 1912              		.type	__func__.0, %object
 1913              		.size	__func__.0, 15
 1914              	__func__.0:
 1915 0000 6F715772 		.ascii	"oqWriteTimeout\000"
 1915      69746554 
 1915      696D656F 
 1915      757400
 1916              		.section	.rodata.__func__.1,"a"
 1917              		.align	2
 1918              		.type	__func__.1, %object
 1919              		.size	__func__.1, 14
 1920              	__func__.1:
 1921 0000 69715265 		.ascii	"iqReadTimeout\000"
 1921      61645469 
 1921      6D656F75 
 1921      7400
 1922              		.section	.rodata.__func__.2,"a"
 1923              		.align	2
 1924              		.type	__func__.2, %object
 1925              		.size	__func__.2, 12
 1926              	__func__.2:
 1927 0000 63685379 		.ascii	"chSysUnlock\000"
 1927      73556E6C 
 1927      6F636B00 
 1928              		.text
 1929              	.Letext0:
 1930              		.file 8 "/opt/arm-gnu-toolchain-13.2.Rel1-x86_64-arm-none-eabi/lib/gcc/arm-none-eabi/13.2.1/includ
ARM GAS  /tmp/ccuBf7um.s 			page 35


 1931              		.file 9 "/opt/arm-gnu-toolchain-13.2.Rel1-x86_64-arm-none-eabi/arm-none-eabi/include/machine/_defa
 1932              		.file 10 "/opt/arm-gnu-toolchain-13.2.Rel1-x86_64-arm-none-eabi/arm-none-eabi/include/sys/_stdint.
 1933              		.file 11 "../RC_Controller/ChibiOS_3.0.5/os/rt/ports/ARMCMx/compilers/GCC/chtypes.h"
 1934              		.file 12 "../RC_Controller/ChibiOS_3.0.5/os/rt/include/chsystypes.h"
 1935              		.file 13 "../RC_Controller/ChibiOS_3.0.5/os/rt/ports/ARMCMx/chcore.h"
 1936              		.file 14 "../RC_Controller/ChibiOS_3.0.5/os/rt/include/chtm.h"
 1937              		.file 15 "../RC_Controller/ChibiOS_3.0.5/os/rt/include/chsem.h"
 1938              		.file 16 "../RC_Controller/ChibiOS_3.0.5/os/rt/include/chmtx.h"
 1939              		.file 17 "../RC_Controller/ChibiOS_3.0.5/os/hal/include/hal_queues.h"
 1940              		.file 18 "../RC_Controller/ChibiOS_3.0.5/os/rt/include/chdebug.h"
 1941              		.section	.debug_info,"",%progbits
 1942              	.Ldebug_info0:
 1943 0000 CD160000 		.4byte	0x16cd
 1944 0004 0500     		.2byte	0x5
 1945 0006 01       		.byte	0x1
 1946 0007 04       		.byte	0x4
 1947 0008 00000000 		.4byte	.Ldebug_abbrev0
 1948 000c 33       		.uleb128 0x33
 1949 000d 0F010000 		.4byte	.LASF143
 1950 0011 0C       		.byte	0xc
 1951 0012 B1030000 		.4byte	.LASF144
 1952 0016 85020000 		.4byte	.LASF145
 1953 001a 5F010000 		.4byte	.LLRL90
 1954 001e 00000000 		.4byte	0
 1955 0022 00000000 		.4byte	.Ldebug_line0
 1956 0026 0C       		.uleb128 0xc
 1957 0027 08       		.byte	0x8
 1958 0028 07       		.byte	0x7
 1959 0029 94000000 		.4byte	.LASF0
 1960 002d 0C       		.uleb128 0xc
 1961 002e 04       		.byte	0x4
 1962 002f 07       		.byte	0x7
 1963 0030 78030000 		.4byte	.LASF1
 1964 0034 0C       		.uleb128 0xc
 1965 0035 01       		.byte	0x1
 1966 0036 08       		.byte	0x8
 1967 0037 6E050000 		.4byte	.LASF2
 1968 003b 34       		.uleb128 0x34
 1969 003c 04       		.byte	0x4
 1970 003d 05       		.byte	0x5
 1971 003e 696E7400 		.ascii	"int\000"
 1972 0042 01       		.uleb128 0x1
 1973 0043 1F000000 		.4byte	.LASF4
 1974 0047 08       		.byte	0x8
 1975 0048 D6       		.byte	0xd6
 1976 0049 17       		.byte	0x17
 1977 004a 2D000000 		.4byte	0x2d
 1978 004e 22       		.uleb128 0x22
 1979 004f 42000000 		.4byte	0x42
 1980 0053 0C       		.uleb128 0xc
 1981 0054 01       		.byte	0x1
 1982 0055 06       		.byte	0x6
 1983 0056 38020000 		.4byte	.LASF3
 1984 005a 01       		.uleb128 0x1
 1985 005b 50000000 		.4byte	.LASF5
 1986 005f 09       		.byte	0x9
 1987 0060 2B       		.byte	0x2b
ARM GAS  /tmp/ccuBf7um.s 			page 36


 1988 0061 18       		.byte	0x18
 1989 0062 34000000 		.4byte	0x34
 1990 0066 0C       		.uleb128 0xc
 1991 0067 02       		.byte	0x2
 1992 0068 05       		.byte	0x5
 1993 0069 9C050000 		.4byte	.LASF6
 1994 006d 0C       		.uleb128 0xc
 1995 006e 02       		.byte	0x2
 1996 006f 07       		.byte	0x7
 1997 0070 FC020000 		.4byte	.LASF7
 1998 0074 01       		.uleb128 0x1
 1999 0075 4F040000 		.4byte	.LASF8
 2000 0079 09       		.byte	0x9
 2001 007a 4D       		.byte	0x4d
 2002 007b 18       		.byte	0x18
 2003 007c 80000000 		.4byte	0x80
 2004 0080 0C       		.uleb128 0xc
 2005 0081 04       		.byte	0x4
 2006 0082 05       		.byte	0x5
 2007 0083 D1020000 		.4byte	.LASF9
 2008 0087 01       		.uleb128 0x1
 2009 0088 8F060000 		.4byte	.LASF10
 2010 008c 09       		.byte	0x9
 2011 008d 4F       		.byte	0x4f
 2012 008e 19       		.byte	0x19
 2013 008f 93000000 		.4byte	0x93
 2014 0093 0C       		.uleb128 0xc
 2015 0094 04       		.byte	0x4
 2016 0095 07       		.byte	0x7
 2017 0096 4A060000 		.4byte	.LASF11
 2018 009a 0C       		.uleb128 0xc
 2019 009b 08       		.byte	0x8
 2020 009c 05       		.byte	0x5
 2021 009d 39030000 		.4byte	.LASF12
 2022 00a1 01       		.uleb128 0x1
 2023 00a2 0B050000 		.4byte	.LASF13
 2024 00a6 09       		.byte	0x9
 2025 00a7 69       		.byte	0x69
 2026 00a8 19       		.byte	0x19
 2027 00a9 26000000 		.4byte	0x26
 2028 00ad 01       		.uleb128 0x1
 2029 00ae 24070000 		.4byte	.LASF14
 2030 00b2 0A       		.byte	0xa
 2031 00b3 18       		.byte	0x18
 2032 00b4 13       		.byte	0x13
 2033 00b5 5A000000 		.4byte	0x5a
 2034 00b9 1A       		.uleb128 0x1a
 2035 00ba AD000000 		.4byte	0xad
 2036 00be 01       		.uleb128 0x1
 2037 00bf 66050000 		.4byte	.LASF15
 2038 00c3 0A       		.byte	0xa
 2039 00c4 2C       		.byte	0x2c
 2040 00c5 13       		.byte	0x13
 2041 00c6 74000000 		.4byte	0x74
 2042 00ca 01       		.uleb128 0x1
 2043 00cb 29060000 		.4byte	.LASF16
 2044 00cf 0A       		.byte	0xa
ARM GAS  /tmp/ccuBf7um.s 			page 37


 2045 00d0 30       		.byte	0x30
 2046 00d1 14       		.byte	0x14
 2047 00d2 87000000 		.4byte	0x87
 2048 00d6 01       		.uleb128 0x1
 2049 00d7 36000000 		.4byte	.LASF17
 2050 00db 0A       		.byte	0xa
 2051 00dc 3C       		.byte	0x3c
 2052 00dd 14       		.byte	0x14
 2053 00de A1000000 		.4byte	0xa1
 2054 00e2 01       		.uleb128 0x1
 2055 00e3 82040000 		.4byte	.LASF18
 2056 00e7 0B       		.byte	0xb
 2057 00e8 45       		.byte	0x45
 2058 00e9 1D       		.byte	0x1d
 2059 00ea CA000000 		.4byte	0xca
 2060 00ee 01       		.uleb128 0x1
 2061 00ef 6D070000 		.4byte	.LASF19
 2062 00f3 0B       		.byte	0xb
 2063 00f4 48       		.byte	0x48
 2064 00f5 1D       		.byte	0x1d
 2065 00f6 AD000000 		.4byte	0xad
 2066 00fa 01       		.uleb128 0x1
 2067 00fb DA020000 		.4byte	.LASF20
 2068 00ff 0B       		.byte	0xb
 2069 0100 49       		.byte	0x49
 2070 0101 1D       		.byte	0x1d
 2071 0102 AD000000 		.4byte	0xad
 2072 0106 01       		.uleb128 0x1
 2073 0107 7B020000 		.4byte	.LASF21
 2074 010b 0B       		.byte	0xb
 2075 010c 4B       		.byte	0x4b
 2076 010d 1D       		.byte	0x1d
 2077 010e AD000000 		.4byte	0xad
 2078 0112 01       		.uleb128 0x1
 2079 0113 40050000 		.4byte	.LASF22
 2080 0117 0B       		.byte	0xb
 2081 0118 4C       		.byte	0x4c
 2082 0119 1D       		.byte	0x1d
 2083 011a CA000000 		.4byte	0xca
 2084 011e 01       		.uleb128 0x1
 2085 011f F2030000 		.4byte	.LASF23
 2086 0123 0B       		.byte	0xb
 2087 0124 4D       		.byte	0x4d
 2088 0125 1D       		.byte	0x1d
 2089 0126 BE000000 		.4byte	0xbe
 2090 012a 01       		.uleb128 0x1
 2091 012b 65030000 		.4byte	.LASF24
 2092 012f 0B       		.byte	0xb
 2093 0130 51       		.byte	0x51
 2094 0131 1D       		.byte	0x1d
 2095 0132 BE000000 		.4byte	0xbe
 2096 0136 01       		.uleb128 0x1
 2097 0137 71060000 		.4byte	.LASF25
 2098 013b 0C       		.byte	0xc
 2099 013c 33       		.byte	0x33
 2100 013d 12       		.byte	0x12
 2101 013e CA000000 		.4byte	0xca
ARM GAS  /tmp/ccuBf7um.s 			page 38


 2102 0142 22       		.uleb128 0x22
 2103 0143 36010000 		.4byte	0x136
 2104 0147 01       		.uleb128 0x1
 2105 0148 61060000 		.4byte	.LASF26
 2106 014c 0C       		.byte	0xc
 2107 014d 3F       		.byte	0x3f
 2108 014e 1A       		.byte	0x1a
 2109 014f 53010000 		.4byte	0x153
 2110 0153 12       		.uleb128 0x12
 2111 0154 E8030000 		.4byte	.LASF41
 2112 0158 2C       		.byte	0x2c
 2113 0159 04       		.byte	0x4
 2114 015a C2       		.byte	0xc2
 2115 015b 08       		.byte	0x8
 2116 015c 0B020000 		.4byte	0x20b
 2117 0160 03       		.uleb128 0x3
 2118 0161 C6050000 		.4byte	.LASF27
 2119 0165 04       		.byte	0x4
 2120 0166 C3       		.byte	0xc3
 2121 0167 1A       		.byte	0x1a
 2122 0168 17020000 		.4byte	0x217
 2123 016c 00       		.byte	0
 2124 016d 03       		.uleb128 0x3
 2125 016e 39050000 		.4byte	.LASF28
 2126 0172 04       		.byte	0x4
 2127 0173 C5       		.byte	0xc5
 2128 0174 1A       		.byte	0x1a
 2129 0175 17020000 		.4byte	0x217
 2130 0179 04       		.byte	0x4
 2131 017a 03       		.uleb128 0x3
 2132 017b FE000000 		.4byte	.LASF29
 2133 017f 04       		.byte	0x4
 2134 0180 C7       		.byte	0xc7
 2135 0181 19       		.byte	0x19
 2136 0182 12010000 		.4byte	0x112
 2137 0186 08       		.byte	0x8
 2138 0187 03       		.uleb128 0x3
 2139 0188 A6070000 		.4byte	.LASF30
 2140 018c 04       		.byte	0x4
 2141 018d C8       		.byte	0xc8
 2142 018e 19       		.byte	0x19
 2143 018f 3F040000 		.4byte	0x43f
 2144 0193 0C       		.byte	0xc
 2145 0194 03       		.uleb128 0x3
 2146 0195 EC020000 		.4byte	.LASF31
 2147 0199 04       		.byte	0x4
 2148 019a CA       		.byte	0xca
 2149 019b 1A       		.byte	0x1a
 2150 019c 17020000 		.4byte	0x217
 2151 01a0 10       		.byte	0x10
 2152 01a1 03       		.uleb128 0x3
 2153 01a2 CE040000 		.4byte	.LASF32
 2154 01a6 04       		.byte	0x4
 2155 01a7 CB       		.byte	0xcb
 2156 01a8 1A       		.byte	0x1a
 2157 01a9 17020000 		.4byte	0x217
 2158 01ad 14       		.byte	0x14
ARM GAS  /tmp/ccuBf7um.s 			page 39


 2159 01ae 03       		.uleb128 0x3
 2160 01af 45070000 		.4byte	.LASF33
 2161 01b3 04       		.byte	0x4
 2162 01b4 D2       		.byte	0xd2
 2163 01b5 1A       		.byte	0x1a
 2164 01b6 9B060000 		.4byte	0x69b
 2165 01ba 18       		.byte	0x18
 2166 01bb 03       		.uleb128 0x3
 2167 01bc 8A050000 		.4byte	.LASF34
 2168 01c0 04       		.byte	0x4
 2169 01c1 DD       		.byte	0xdd
 2170 01c2 19       		.byte	0x19
 2171 01c3 FA000000 		.4byte	0xfa
 2172 01c7 1C       		.byte	0x1c
 2173 01c8 03       		.uleb128 0x3
 2174 01c9 D2050000 		.4byte	.LASF35
 2175 01cd 04       		.byte	0x4
 2176 01ce E1       		.byte	0xe1
 2177 01cf 19       		.byte	0x19
 2178 01d0 EE000000 		.4byte	0xee
 2179 01d4 1D       		.byte	0x1d
 2180 01d5 03       		.uleb128 0x3
 2181 01d6 A6050000 		.4byte	.LASF36
 2182 01da 04       		.byte	0x4
 2183 01db EC       		.byte	0xec
 2184 01dc 19       		.byte	0x19
 2185 01dd 06010000 		.4byte	0x106
 2186 01e1 1E       		.byte	0x1e
 2187 01e2 08       		.uleb128 0x8
 2188 01e3 705F7500 		.ascii	"p_u\000"
 2189 01e7 04       		.byte	0x4
 2190 01e8 3101     		.2byte	0x131
 2191 01ea 19       		.byte	0x19
 2192 01eb DD050000 		.4byte	0x5dd
 2193 01ef 20       		.byte	0x20
 2194 01f0 04       		.uleb128 0x4
 2195 01f1 92050000 		.4byte	.LASF37
 2196 01f5 4D01     		.2byte	0x14d
 2197 01f7 1A       		.byte	0x1a
 2198 01f8 96060000 		.4byte	0x696
 2199 01fc 24       		.byte	0x24
 2200 01fd 04       		.uleb128 0x4
 2201 01fe 7B060000 		.4byte	.LASF38
 2202 0202 5101     		.2byte	0x151
 2203 0204 19       		.byte	0x19
 2204 0205 12010000 		.4byte	0x112
 2205 0209 28       		.byte	0x28
 2206 020a 00       		.byte	0
 2207 020b 01       		.uleb128 0x1
 2208 020c 8A040000 		.4byte	.LASF39
 2209 0210 0C       		.byte	0xc
 2210 0211 44       		.byte	0x44
 2211 0212 14       		.byte	0x14
 2212 0213 17020000 		.4byte	0x217
 2213 0217 09       		.uleb128 0x9
 2214 0218 47010000 		.4byte	0x147
 2215 021c 01       		.uleb128 0x1
ARM GAS  /tmp/ccuBf7um.s 			page 40


 2216 021d FB050000 		.4byte	.LASF40
 2217 0221 0C       		.byte	0xc
 2218 0222 50       		.byte	0x50
 2219 0223 21       		.byte	0x21
 2220 0224 28020000 		.4byte	0x228
 2221 0228 12       		.uleb128 0x12
 2222 0229 ED000000 		.4byte	.LASF42
 2223 022d 08       		.byte	0x8
 2224 022e 04       		.byte	0x4
 2225 022f B7       		.byte	0xb7
 2226 0230 08       		.byte	0x8
 2227 0231 50020000 		.4byte	0x250
 2228 0235 03       		.uleb128 0x3
 2229 0236 C6050000 		.4byte	.LASF27
 2230 023a 04       		.byte	0x4
 2231 023b B8       		.byte	0xb8
 2232 023c 1A       		.byte	0x1a
 2233 023d 17020000 		.4byte	0x217
 2234 0241 00       		.byte	0
 2235 0242 03       		.uleb128 0x3
 2236 0243 39050000 		.4byte	.LASF28
 2237 0247 04       		.byte	0x4
 2238 0248 B9       		.byte	0xb9
 2239 0249 1A       		.byte	0x1a
 2240 024a 17020000 		.4byte	0x217
 2241 024e 04       		.byte	0x4
 2242 024f 00       		.byte	0
 2243 0250 01       		.uleb128 0x1
 2244 0251 0D000000 		.4byte	.LASF43
 2245 0255 0C       		.byte	0xc
 2246 0256 57       		.byte	0x57
 2247 0257 1E       		.byte	0x1e
 2248 0258 5C020000 		.4byte	0x25c
 2249 025c 1C       		.uleb128 0x1c
 2250 025d 41040000 		.4byte	.LASF44
 2251 0261 1C       		.byte	0x1c
 2252 0262 9001     		.2byte	0x190
 2253 0264 B7020000 		.4byte	0x2b7
 2254 0268 04       		.uleb128 0x4
 2255 0269 39060000 		.4byte	.LASF45
 2256 026d 9101     		.2byte	0x191
 2257 026f 19       		.byte	0x19
 2258 0270 1C020000 		.4byte	0x21c
 2259 0274 00       		.byte	0
 2260 0275 04       		.uleb128 0x4
 2261 0276 B0050000 		.4byte	.LASF46
 2262 027a 9201     		.2byte	0x192
 2263 027c 19       		.byte	0x19
 2264 027d 12010000 		.4byte	0x112
 2265 0281 08       		.byte	0x8
 2266 0282 04       		.uleb128 0x4
 2267 0283 D6040000 		.4byte	.LASF47
 2268 0287 9401     		.2byte	0x194
 2269 0289 19       		.byte	0x19
 2270 028a 3F040000 		.4byte	0x43f
 2271 028e 0C       		.byte	0xc
 2272 028f 04       		.uleb128 0x4
ARM GAS  /tmp/ccuBf7um.s 			page 41


 2273 0290 0F030000 		.4byte	.LASF48
 2274 0294 9701     		.2byte	0x197
 2275 0296 1A       		.byte	0x1a
 2276 0297 17020000 		.4byte	0x217
 2277 029b 10       		.byte	0x10
 2278 029c 04       		.uleb128 0x4
 2279 029d 03050000 		.4byte	.LASF49
 2280 02a1 9801     		.2byte	0x198
 2281 02a3 1A       		.byte	0x1a
 2282 02a4 17020000 		.4byte	0x217
 2283 02a8 14       		.byte	0x14
 2284 02a9 04       		.uleb128 0x4
 2285 02aa F9040000 		.4byte	.LASF50
 2286 02ae 9B01     		.2byte	0x19b
 2287 02b0 1A       		.byte	0x1a
 2288 02b1 17020000 		.4byte	0x217
 2289 02b5 18       		.byte	0x18
 2290 02b6 00       		.byte	0
 2291 02b7 01       		.uleb128 0x1
 2292 02b8 86060000 		.4byte	.LASF51
 2293 02bc 0C       		.byte	0xc
 2294 02bd 5C       		.byte	0x5c
 2295 02be 10       		.byte	0x10
 2296 02bf C3020000 		.4byte	0x2c3
 2297 02c3 09       		.uleb128 0x9
 2298 02c4 C8020000 		.4byte	0x2c8
 2299 02c8 29       		.uleb128 0x29
 2300 02c9 D3020000 		.4byte	0x2d3
 2301 02cd 10       		.uleb128 0x10
 2302 02ce D3020000 		.4byte	0x2d3
 2303 02d2 00       		.byte	0
 2304 02d3 35       		.uleb128 0x35
 2305 02d4 04       		.byte	0x4
 2306 02d5 01       		.uleb128 0x1
 2307 02d6 29050000 		.4byte	.LASF52
 2308 02da 0C       		.byte	0xc
 2309 02db 61       		.byte	0x61
 2310 02dc 21       		.byte	0x21
 2311 02dd E1020000 		.4byte	0x2e1
 2312 02e1 1C       		.uleb128 0x1c
 2313 02e2 0B060000 		.4byte	.LASF53
 2314 02e6 14       		.byte	0x14
 2315 02e7 6B01     		.2byte	0x16b
 2316 02e9 2F030000 		.4byte	0x32f
 2317 02ed 04       		.uleb128 0x4
 2318 02ee 85030000 		.4byte	.LASF54
 2319 02f2 6C01     		.2byte	0x16c
 2320 02f4 1A       		.byte	0x1a
 2321 02f5 B1060000 		.4byte	0x6b1
 2322 02f9 00       		.byte	0
 2323 02fa 04       		.uleb128 0x4
 2324 02fb 20030000 		.4byte	.LASF55
 2325 02ff 6D01     		.2byte	0x16d
 2326 0301 1A       		.byte	0x1a
 2327 0302 B1060000 		.4byte	0x6b1
 2328 0306 04       		.byte	0x4
 2329 0307 04       		.uleb128 0x4
ARM GAS  /tmp/ccuBf7um.s 			page 42


 2330 0308 41060000 		.4byte	.LASF56
 2331 030c 6E01     		.2byte	0x16e
 2332 030e 19       		.byte	0x19
 2333 030f 36010000 		.4byte	0x136
 2334 0313 08       		.byte	0x8
 2335 0314 04       		.uleb128 0x4
 2336 0315 AC070000 		.4byte	.LASF57
 2337 0319 6F01     		.2byte	0x16f
 2338 031b 19       		.byte	0x19
 2339 031c B7020000 		.4byte	0x2b7
 2340 0320 0C       		.byte	0xc
 2341 0321 04       		.uleb128 0x4
 2342 0322 DB060000 		.4byte	.LASF58
 2343 0326 7101     		.2byte	0x171
 2344 0328 1A       		.byte	0x1a
 2345 0329 D3020000 		.4byte	0x2d3
 2346 032d 10       		.byte	0x10
 2347 032e 00       		.byte	0
 2348 032f 01       		.uleb128 0x1
 2349 0330 BF000000 		.4byte	.LASF59
 2350 0334 0C       		.byte	0xc
 2351 0335 66       		.byte	0x66
 2352 0336 28       		.byte	0x28
 2353 0337 3B030000 		.4byte	0x33b
 2354 033b 1C       		.uleb128 0x1c
 2355 033c AD040000 		.4byte	.LASF60
 2356 0340 10       		.byte	0x10
 2357 0341 7B01     		.2byte	0x17b
 2358 0343 7C030000 		.4byte	0x37c
 2359 0347 04       		.uleb128 0x4
 2360 0348 85030000 		.4byte	.LASF54
 2361 034c 7C01     		.2byte	0x17c
 2362 034e 1A       		.byte	0x1a
 2363 034f B1060000 		.4byte	0x6b1
 2364 0353 00       		.byte	0
 2365 0354 04       		.uleb128 0x4
 2366 0355 20030000 		.4byte	.LASF55
 2367 0359 7E01     		.2byte	0x17e
 2368 035b 1A       		.byte	0x1a
 2369 035c B1060000 		.4byte	0x6b1
 2370 0360 04       		.byte	0x4
 2371 0361 04       		.uleb128 0x4
 2372 0362 41060000 		.4byte	.LASF56
 2373 0366 8001     		.2byte	0x180
 2374 0368 19       		.byte	0x19
 2375 0369 36010000 		.4byte	0x136
 2376 036d 08       		.byte	0x8
 2377 036e 04       		.uleb128 0x4
 2378 036f 62070000 		.4byte	.LASF61
 2379 0373 8201     		.2byte	0x182
 2380 0375 19       		.byte	0x19
 2381 0376 42010000 		.4byte	0x142
 2382 037a 0C       		.byte	0xc
 2383 037b 00       		.byte	0
 2384 037c 01       		.uleb128 0x1
 2385 037d 66000000 		.4byte	.LASF62
 2386 0381 0C       		.byte	0xc
ARM GAS  /tmp/ccuBf7um.s 			page 43


 2387 0382 6B       		.byte	0x6b
 2388 0383 20       		.byte	0x20
 2389 0384 88030000 		.4byte	0x388
 2390 0388 1C       		.uleb128 0x1c
 2391 0389 50050000 		.4byte	.LASF63
 2392 038d 0C       		.byte	0xc
 2393 038e A201     		.2byte	0x1a2
 2394 0390 BC030000 		.4byte	0x3bc
 2395 0394 04       		.uleb128 0x4
 2396 0395 A8060000 		.4byte	.LASF64
 2397 0399 AA01     		.2byte	0x1aa
 2398 039b 24       		.byte	0x24
 2399 039c A0060000 		.4byte	0x6a0
 2400 03a0 00       		.byte	0
 2401 03a1 04       		.uleb128 0x4
 2402 03a2 00070000 		.4byte	.LASF65
 2403 03a6 AF01     		.2byte	0x1af
 2404 03a8 19       		.byte	0x19
 2405 03a9 2A010000 		.4byte	0x12a
 2406 03ad 04       		.byte	0x4
 2407 03ae 04       		.uleb128 0x4
 2408 03af 4D030000 		.4byte	.LASF66
 2409 03b3 B301     		.2byte	0x1b3
 2410 03b5 19       		.byte	0x19
 2411 03b6 2A010000 		.4byte	0x12a
 2412 03ba 08       		.byte	0x8
 2413 03bb 00       		.byte	0
 2414 03bc 01       		.uleb128 0x1
 2415 03bd 09040000 		.4byte	.LASF67
 2416 03c1 0C       		.byte	0xc
 2417 03c2 70       		.byte	0x70
 2418 03c3 1A       		.byte	0x1a
 2419 03c4 C8030000 		.4byte	0x3c8
 2420 03c8 36       		.uleb128 0x36
 2421 03c9 C7020000 		.4byte	.LASF68
 2422 03cd B001     		.2byte	0x1b0
 2423 03cf 04       		.byte	0x4
 2424 03d0 C201     		.2byte	0x1c2
 2425 03d2 08       		.byte	0x8
 2426 03d3 27040000 		.4byte	0x427
 2427 03d7 04       		.uleb128 0x4
 2428 03d8 1E070000 		.4byte	.LASF69
 2429 03dc C601     		.2byte	0x1c6
 2430 03de 19       		.byte	0x19
 2431 03df 50020000 		.4byte	0x250
 2432 03e3 00       		.byte	0
 2433 03e4 04       		.uleb128 0x4
 2434 03e5 68020000 		.4byte	.LASF70
 2435 03e9 CA01     		.2byte	0x1ca
 2436 03eb 19       		.byte	0x19
 2437 03ec 2F030000 		.4byte	0x32f
 2438 03f0 1C       		.byte	0x1c
 2439 03f1 08       		.uleb128 0x8
 2440 03f2 64626700 		.ascii	"dbg\000"
 2441 03f6 04       		.byte	0x4
 2442 03f7 CE01     		.2byte	0x1ce
 2443 03f9 19       		.byte	0x19
ARM GAS  /tmp/ccuBf7um.s 			page 44


 2444 03fa 7C030000 		.4byte	0x37c
 2445 03fe 2C       		.byte	0x2c
 2446 03ff 04       		.uleb128 0x4
 2447 0400 B4000000 		.4byte	.LASF71
 2448 0404 D201     		.2byte	0x1d2
 2449 0406 19       		.byte	0x19
 2450 0407 47010000 		.4byte	0x147
 2451 040b 38       		.byte	0x38
 2452 040c 08       		.uleb128 0x8
 2453 040d 746D00   		.ascii	"tm\000"
 2454 0410 04       		.byte	0x4
 2455 0411 D701     		.2byte	0x1d7
 2456 0413 19       		.byte	0x19
 2457 0414 D1050000 		.4byte	0x5d1
 2458 0418 64       		.byte	0x64
 2459 0419 04       		.uleb128 0x4
 2460 041a 56030000 		.4byte	.LASF72
 2461 041e E301     		.2byte	0x1e3
 2462 0420 03       		.byte	0x3
 2463 0421 B6060000 		.4byte	0x6b6
 2464 0425 68       		.byte	0x68
 2465 0426 00       		.byte	0
 2466 0427 01       		.uleb128 0x1
 2467 0428 17030000 		.4byte	.LASF73
 2468 042c 0D       		.byte	0xd
 2469 042d 65       		.byte	0x65
 2470 042e 0F       		.byte	0xf
 2471 042f D3020000 		.4byte	0x2d3
 2472 0433 01       		.uleb128 0x1
 2473 0434 59040000 		.4byte	.LASF74
 2474 0438 0D       		.byte	0xd
 2475 0439 6D       		.byte	0x6d
 2476 043a 12       		.byte	0x12
 2477 043b D6000000 		.4byte	0xd6
 2478 043f 12       		.uleb128 0x12
 2479 0440 B9060000 		.4byte	.LASF75
 2480 0444 04       		.byte	0x4
 2481 0445 0D       		.byte	0xd
 2482 0446 89       		.byte	0x89
 2483 0447 08       		.byte	0x8
 2484 0448 5A040000 		.4byte	0x45a
 2485 044c 0D       		.uleb128 0xd
 2486 044d 72313300 		.ascii	"r13\000"
 2487 0451 0D       		.byte	0xd
 2488 0452 8A       		.byte	0x8a
 2489 0453 17       		.byte	0x17
 2490 0454 B5050000 		.4byte	0x5b5
 2491 0458 00       		.byte	0
 2492 0459 00       		.byte	0
 2493 045a 12       		.uleb128 0x12
 2494 045b 5A000000 		.4byte	.LASF76
 2495 045f 64       		.byte	0x64
 2496 0460 06       		.byte	0x6
 2497 0461 F4       		.byte	0xf4
 2498 0462 08       		.byte	0x8
 2499 0463 B5050000 		.4byte	0x5b5
 2500 0467 0D       		.uleb128 0xd
ARM GAS  /tmp/ccuBf7um.s 			page 45


 2501 0468 73313600 		.ascii	"s16\000"
 2502 046c 06       		.byte	0x6
 2503 046d F6       		.byte	0xf6
 2504 046e 11       		.byte	0x11
 2505 046f 27040000 		.4byte	0x427
 2506 0473 00       		.byte	0
 2507 0474 0D       		.uleb128 0xd
 2508 0475 73313700 		.ascii	"s17\000"
 2509 0479 06       		.byte	0x6
 2510 047a F7       		.byte	0xf7
 2511 047b 11       		.byte	0x11
 2512 047c 27040000 		.4byte	0x427
 2513 0480 04       		.byte	0x4
 2514 0481 0D       		.uleb128 0xd
 2515 0482 73313800 		.ascii	"s18\000"
 2516 0486 06       		.byte	0x6
 2517 0487 F8       		.byte	0xf8
 2518 0488 11       		.byte	0x11
 2519 0489 27040000 		.4byte	0x427
 2520 048d 08       		.byte	0x8
 2521 048e 0D       		.uleb128 0xd
 2522 048f 73313900 		.ascii	"s19\000"
 2523 0493 06       		.byte	0x6
 2524 0494 F9       		.byte	0xf9
 2525 0495 11       		.byte	0x11
 2526 0496 27040000 		.4byte	0x427
 2527 049a 0C       		.byte	0xc
 2528 049b 0D       		.uleb128 0xd
 2529 049c 73323000 		.ascii	"s20\000"
 2530 04a0 06       		.byte	0x6
 2531 04a1 FA       		.byte	0xfa
 2532 04a2 11       		.byte	0x11
 2533 04a3 27040000 		.4byte	0x427
 2534 04a7 10       		.byte	0x10
 2535 04a8 0D       		.uleb128 0xd
 2536 04a9 73323100 		.ascii	"s21\000"
 2537 04ad 06       		.byte	0x6
 2538 04ae FB       		.byte	0xfb
 2539 04af 11       		.byte	0x11
 2540 04b0 27040000 		.4byte	0x427
 2541 04b4 14       		.byte	0x14
 2542 04b5 0D       		.uleb128 0xd
 2543 04b6 73323200 		.ascii	"s22\000"
 2544 04ba 06       		.byte	0x6
 2545 04bb FC       		.byte	0xfc
 2546 04bc 11       		.byte	0x11
 2547 04bd 27040000 		.4byte	0x427
 2548 04c1 18       		.byte	0x18
 2549 04c2 0D       		.uleb128 0xd
 2550 04c3 73323300 		.ascii	"s23\000"
 2551 04c7 06       		.byte	0x6
 2552 04c8 FD       		.byte	0xfd
 2553 04c9 11       		.byte	0x11
 2554 04ca 27040000 		.4byte	0x427
 2555 04ce 1C       		.byte	0x1c
 2556 04cf 0D       		.uleb128 0xd
 2557 04d0 73323400 		.ascii	"s24\000"
ARM GAS  /tmp/ccuBf7um.s 			page 46


 2558 04d4 06       		.byte	0x6
 2559 04d5 FE       		.byte	0xfe
 2560 04d6 11       		.byte	0x11
 2561 04d7 27040000 		.4byte	0x427
 2562 04db 20       		.byte	0x20
 2563 04dc 0D       		.uleb128 0xd
 2564 04dd 73323500 		.ascii	"s25\000"
 2565 04e1 06       		.byte	0x6
 2566 04e2 FF       		.byte	0xff
 2567 04e3 11       		.byte	0x11
 2568 04e4 27040000 		.4byte	0x427
 2569 04e8 24       		.byte	0x24
 2570 04e9 08       		.uleb128 0x8
 2571 04ea 73323600 		.ascii	"s26\000"
 2572 04ee 06       		.byte	0x6
 2573 04ef 0001     		.2byte	0x100
 2574 04f1 11       		.byte	0x11
 2575 04f2 27040000 		.4byte	0x427
 2576 04f6 28       		.byte	0x28
 2577 04f7 08       		.uleb128 0x8
 2578 04f8 73323700 		.ascii	"s27\000"
 2579 04fc 06       		.byte	0x6
 2580 04fd 0101     		.2byte	0x101
 2581 04ff 11       		.byte	0x11
 2582 0500 27040000 		.4byte	0x427
 2583 0504 2C       		.byte	0x2c
 2584 0505 08       		.uleb128 0x8
 2585 0506 73323800 		.ascii	"s28\000"
 2586 050a 06       		.byte	0x6
 2587 050b 0201     		.2byte	0x102
 2588 050d 11       		.byte	0x11
 2589 050e 27040000 		.4byte	0x427
 2590 0512 30       		.byte	0x30
 2591 0513 08       		.uleb128 0x8
 2592 0514 73323900 		.ascii	"s29\000"
 2593 0518 06       		.byte	0x6
 2594 0519 0301     		.2byte	0x103
 2595 051b 11       		.byte	0x11
 2596 051c 27040000 		.4byte	0x427
 2597 0520 34       		.byte	0x34
 2598 0521 08       		.uleb128 0x8
 2599 0522 73333000 		.ascii	"s30\000"
 2600 0526 06       		.byte	0x6
 2601 0527 0401     		.2byte	0x104
 2602 0529 11       		.byte	0x11
 2603 052a 27040000 		.4byte	0x427
 2604 052e 38       		.byte	0x38
 2605 052f 08       		.uleb128 0x8
 2606 0530 73333100 		.ascii	"s31\000"
 2607 0534 06       		.byte	0x6
 2608 0535 0501     		.2byte	0x105
 2609 0537 11       		.byte	0x11
 2610 0538 27040000 		.4byte	0x427
 2611 053c 3C       		.byte	0x3c
 2612 053d 08       		.uleb128 0x8
 2613 053e 723400   		.ascii	"r4\000"
 2614 0541 06       		.byte	0x6
ARM GAS  /tmp/ccuBf7um.s 			page 47


 2615 0542 0701     		.2byte	0x107
 2616 0544 11       		.byte	0x11
 2617 0545 27040000 		.4byte	0x427
 2618 0549 40       		.byte	0x40
 2619 054a 08       		.uleb128 0x8
 2620 054b 723500   		.ascii	"r5\000"
 2621 054e 06       		.byte	0x6
 2622 054f 0801     		.2byte	0x108
 2623 0551 11       		.byte	0x11
 2624 0552 27040000 		.4byte	0x427
 2625 0556 44       		.byte	0x44
 2626 0557 08       		.uleb128 0x8
 2627 0558 723600   		.ascii	"r6\000"
 2628 055b 06       		.byte	0x6
 2629 055c 0901     		.2byte	0x109
 2630 055e 11       		.byte	0x11
 2631 055f 27040000 		.4byte	0x427
 2632 0563 48       		.byte	0x48
 2633 0564 08       		.uleb128 0x8
 2634 0565 723700   		.ascii	"r7\000"
 2635 0568 06       		.byte	0x6
 2636 0569 0A01     		.2byte	0x10a
 2637 056b 11       		.byte	0x11
 2638 056c 27040000 		.4byte	0x427
 2639 0570 4C       		.byte	0x4c
 2640 0571 08       		.uleb128 0x8
 2641 0572 723800   		.ascii	"r8\000"
 2642 0575 06       		.byte	0x6
 2643 0576 0B01     		.2byte	0x10b
 2644 0578 11       		.byte	0x11
 2645 0579 27040000 		.4byte	0x427
 2646 057d 50       		.byte	0x50
 2647 057e 08       		.uleb128 0x8
 2648 057f 723900   		.ascii	"r9\000"
 2649 0582 06       		.byte	0x6
 2650 0583 0C01     		.2byte	0x10c
 2651 0585 11       		.byte	0x11
 2652 0586 27040000 		.4byte	0x427
 2653 058a 54       		.byte	0x54
 2654 058b 08       		.uleb128 0x8
 2655 058c 72313000 		.ascii	"r10\000"
 2656 0590 06       		.byte	0x6
 2657 0591 0D01     		.2byte	0x10d
 2658 0593 11       		.byte	0x11
 2659 0594 27040000 		.4byte	0x427
 2660 0598 58       		.byte	0x58
 2661 0599 08       		.uleb128 0x8
 2662 059a 72313100 		.ascii	"r11\000"
 2663 059e 06       		.byte	0x6
 2664 059f 0E01     		.2byte	0x10e
 2665 05a1 11       		.byte	0x11
 2666 05a2 27040000 		.4byte	0x427
 2667 05a6 5C       		.byte	0x5c
 2668 05a7 08       		.uleb128 0x8
 2669 05a8 6C7200   		.ascii	"lr\000"
 2670 05ab 06       		.byte	0x6
 2671 05ac 0F01     		.2byte	0x10f
ARM GAS  /tmp/ccuBf7um.s 			page 48


 2672 05ae 11       		.byte	0x11
 2673 05af 27040000 		.4byte	0x427
 2674 05b3 60       		.byte	0x60
 2675 05b4 00       		.byte	0
 2676 05b5 09       		.uleb128 0x9
 2677 05b6 5A040000 		.4byte	0x45a
 2678 05ba 37       		.uleb128 0x37
 2679 05bb 04       		.byte	0x4
 2680 05bc 0E       		.byte	0xe
 2681 05bd 38       		.byte	0x38
 2682 05be 09       		.byte	0x9
 2683 05bf D1050000 		.4byte	0x5d1
 2684 05c3 03       		.uleb128 0x3
 2685 05c4 B2060000 		.4byte	.LASF77
 2686 05c8 0E       		.byte	0xe
 2687 05c9 3C       		.byte	0x3c
 2688 05ca 19       		.byte	0x19
 2689 05cb E2000000 		.4byte	0xe2
 2690 05cf 00       		.byte	0
 2691 05d0 00       		.byte	0
 2692 05d1 01       		.uleb128 0x1
 2693 05d2 DC040000 		.4byte	.LASF78
 2694 05d6 0E       		.byte	0xe
 2695 05d7 3D       		.byte	0x3d
 2696 05d8 03       		.byte	0x3
 2697 05d9 BA050000 		.4byte	0x5ba
 2698 05dd 38       		.uleb128 0x38
 2699 05de 04       		.byte	0x4
 2700 05df 04       		.byte	0x4
 2701 05e0 FA       		.byte	0xfa
 2702 05e1 03       		.byte	0x3
 2703 05e2 2F060000 		.4byte	0x62f
 2704 05e6 18       		.uleb128 0x18
 2705 05e7 26000000 		.4byte	.LASF79
 2706 05eb 0101     		.2byte	0x101
 2707 05ed 19       		.byte	0x19
 2708 05ee 1E010000 		.4byte	0x11e
 2709 05f2 18       		.uleb128 0x18
 2710 05f3 AB000000 		.4byte	.LASF80
 2711 05f7 0801     		.2byte	0x108
 2712 05f9 19       		.byte	0x19
 2713 05fa 1E010000 		.4byte	0x11e
 2714 05fe 18       		.uleb128 0x18
 2715 05ff 3E070000 		.4byte	.LASF81
 2716 0603 0F01     		.2byte	0x10f
 2717 0605 1A       		.byte	0x1a
 2718 0606 D3020000 		.4byte	0x2d3
 2719 060a 18       		.uleb128 0x18
 2720 060b C1020000 		.4byte	.LASF82
 2721 060f 1601     		.2byte	0x116
 2722 0611 1A       		.byte	0x1a
 2723 0612 2F060000 		.4byte	0x62f
 2724 0616 18       		.uleb128 0x18
 2725 0617 8D030000 		.4byte	.LASF83
 2726 061b 1E01     		.2byte	0x11e
 2727 061d 1A       		.byte	0x1a
 2728 061e 5C060000 		.4byte	0x65c
ARM GAS  /tmp/ccuBf7um.s 			page 49


 2729 0622 18       		.uleb128 0x18
 2730 0623 32060000 		.4byte	.LASF84
 2731 0627 2701     		.2byte	0x127
 2732 0629 1A       		.byte	0x1a
 2733 062a 96060000 		.4byte	0x696
 2734 062e 00       		.byte	0
 2735 062f 09       		.uleb128 0x9
 2736 0630 0B020000 		.4byte	0x20b
 2737 0634 12       		.uleb128 0x12
 2738 0635 1C060000 		.4byte	.LASF85
 2739 0639 0C       		.byte	0xc
 2740 063a 0F       		.byte	0xf
 2741 063b 34       		.byte	0x34
 2742 063c 10       		.byte	0x10
 2743 063d 5C060000 		.4byte	0x65c
 2744 0641 03       		.uleb128 0x3
 2745 0642 F4020000 		.4byte	.LASF86
 2746 0646 0F       		.byte	0xf
 2747 0647 35       		.byte	0x35
 2748 0648 19       		.byte	0x19
 2749 0649 1C020000 		.4byte	0x21c
 2750 064d 00       		.byte	0
 2751 064e 03       		.uleb128 0x3
 2752 064f A3030000 		.4byte	.LASF87
 2753 0653 0F       		.byte	0xf
 2754 0654 37       		.byte	0x37
 2755 0655 19       		.byte	0x19
 2756 0656 2A010000 		.4byte	0x12a
 2757 065a 08       		.byte	0x8
 2758 065b 00       		.byte	0
 2759 065c 09       		.uleb128 0x9
 2760 065d 34060000 		.4byte	0x634
 2761 0661 12       		.uleb128 0x12
 2762 0662 F7060000 		.4byte	.LASF88
 2763 0666 10       		.byte	0x10
 2764 0667 10       		.byte	0x10
 2765 0668 39       		.byte	0x39
 2766 0669 08       		.byte	0x8
 2767 066a 96060000 		.4byte	0x696
 2768 066e 03       		.uleb128 0x3
 2769 066f 60020000 		.4byte	.LASF89
 2770 0673 10       		.byte	0x10
 2771 0674 3A       		.byte	0x3a
 2772 0675 19       		.byte	0x19
 2773 0676 1C020000 		.4byte	0x21c
 2774 067a 00       		.byte	0
 2775 067b 03       		.uleb128 0x3
 2776 067c 90070000 		.4byte	.LASF90
 2777 0680 10       		.byte	0x10
 2778 0681 3C       		.byte	0x3c
 2779 0682 1A       		.byte	0x1a
 2780 0683 17020000 		.4byte	0x217
 2781 0687 08       		.byte	0x8
 2782 0688 03       		.uleb128 0x3
 2783 0689 6A060000 		.4byte	.LASF91
 2784 068d 10       		.byte	0x10
 2785 068e 3E       		.byte	0x3e
ARM GAS  /tmp/ccuBf7um.s 			page 50


 2786 068f 1A       		.byte	0x1a
 2787 0690 DE060000 		.4byte	0x6de
 2788 0694 0C       		.byte	0xc
 2789 0695 00       		.byte	0
 2790 0696 09       		.uleb128 0x9
 2791 0697 61060000 		.4byte	0x661
 2792 069b 09       		.uleb128 0x9
 2793 069c AC060000 		.4byte	0x6ac
 2794 06a0 22       		.uleb128 0x22
 2795 06a1 9B060000 		.4byte	0x69b
 2796 06a5 0C       		.uleb128 0xc
 2797 06a6 01       		.byte	0x1
 2798 06a7 08       		.byte	0x8
 2799 06a8 5C060000 		.4byte	.LASF92
 2800 06ac 1A       		.uleb128 0x1a
 2801 06ad A5060000 		.4byte	0x6a5
 2802 06b1 09       		.uleb128 0x9
 2803 06b2 D5020000 		.4byte	0x2d5
 2804 06b6 1D       		.uleb128 0x1d
 2805 06b7 33040000 		.4byte	0x433
 2806 06bb C6060000 		.4byte	0x6c6
 2807 06bf 1E       		.uleb128 0x1e
 2808 06c0 2D000000 		.4byte	0x2d
 2809 06c4 28       		.byte	0x28
 2810 06c5 00       		.byte	0
 2811 06c6 39       		.uleb128 0x39
 2812 06c7 636800   		.ascii	"ch\000"
 2813 06ca 04       		.byte	0x4
 2814 06cb 0902     		.2byte	0x209
 2815 06cd 14       		.byte	0x14
 2816 06ce BC030000 		.4byte	0x3bc
 2817 06d2 01       		.uleb128 0x1
 2818 06d3 88070000 		.4byte	.LASF93
 2819 06d7 10       		.byte	0x10
 2820 06d8 34       		.byte	0x34
 2821 06d9 19       		.byte	0x19
 2822 06da 61060000 		.4byte	0x661
 2823 06de 09       		.uleb128 0x9
 2824 06df D2060000 		.4byte	0x6d2
 2825 06e3 09       		.uleb128 0x9
 2826 06e4 B9000000 		.4byte	0xb9
 2827 06e8 09       		.uleb128 0x9
 2828 06e9 AD000000 		.4byte	0xad
 2829 06ed 0C       		.uleb128 0xc
 2830 06ee 01       		.byte	0x1
 2831 06ef 02       		.byte	0x2
 2832 06f0 60050000 		.4byte	.LASF94
 2833 06f4 01       		.uleb128 0x1
 2834 06f5 E2000000 		.4byte	.LASF95
 2835 06f9 11       		.byte	0x11
 2836 06fa 2F       		.byte	0x2f
 2837 06fb 19       		.byte	0x19
 2838 06fc 00070000 		.4byte	0x700
 2839 0700 12       		.uleb128 0x12
 2840 0701 79040000 		.4byte	.LASF96
 2841 0705 24       		.byte	0x24
 2842 0706 11       		.byte	0x11
ARM GAS  /tmp/ccuBf7um.s 			page 51


 2843 0707 40       		.byte	0x40
 2844 0708 08       		.byte	0x8
 2845 0709 76070000 		.4byte	0x776
 2846 070d 03       		.uleb128 0x3
 2847 070e 05010000 		.4byte	.LASF97
 2848 0712 11       		.byte	0x11
 2849 0713 41       		.byte	0x41
 2850 0714 19       		.byte	0x19
 2851 0715 1C020000 		.4byte	0x21c
 2852 0719 00       		.byte	0
 2853 071a 03       		.uleb128 0x3
 2854 071b C4040000 		.4byte	.LASF98
 2855 071f 11       		.byte	0x11
 2856 0720 42       		.byte	0x42
 2857 0721 19       		.byte	0x19
 2858 0722 4E000000 		.4byte	0x4e
 2859 0726 08       		.byte	0x8
 2860 0727 03       		.uleb128 0x3
 2861 0728 E3020000 		.4byte	.LASF99
 2862 072c 11       		.byte	0x11
 2863 072d 43       		.byte	0x43
 2864 072e 1A       		.byte	0x1a
 2865 072f E8060000 		.4byte	0x6e8
 2866 0733 0C       		.byte	0xc
 2867 0734 03       		.uleb128 0x3
 2868 0735 F1060000 		.4byte	.LASF100
 2869 0739 11       		.byte	0x11
 2870 073a 44       		.byte	0x44
 2871 073b 1A       		.byte	0x1a
 2872 073c E8060000 		.4byte	0x6e8
 2873 0740 10       		.byte	0x10
 2874 0741 03       		.uleb128 0x3
 2875 0742 A9030000 		.4byte	.LASF101
 2876 0746 11       		.byte	0x11
 2877 0747 46       		.byte	0x46
 2878 0748 1A       		.byte	0x1a
 2879 0749 E8060000 		.4byte	0x6e8
 2880 074d 14       		.byte	0x14
 2881 074e 03       		.uleb128 0x3
 2882 074f 48050000 		.4byte	.LASF102
 2883 0753 11       		.byte	0x11
 2884 0754 47       		.byte	0x47
 2885 0755 1A       		.byte	0x1a
 2886 0756 E8060000 		.4byte	0x6e8
 2887 075a 18       		.byte	0x18
 2888 075b 03       		.uleb128 0x3
 2889 075c 15070000 		.4byte	.LASF103
 2890 0760 11       		.byte	0x11
 2891 0761 48       		.byte	0x48
 2892 0762 19       		.byte	0x19
 2893 0763 76070000 		.4byte	0x776
 2894 0767 1C       		.byte	0x1c
 2895 0768 03       		.uleb128 0x3
 2896 0769 81070000 		.4byte	.LASF104
 2897 076d 11       		.byte	0x11
 2898 076e 49       		.byte	0x49
 2899 076f 1A       		.byte	0x1a
ARM GAS  /tmp/ccuBf7um.s 			page 52


 2900 0770 D3020000 		.4byte	0x2d3
 2901 0774 20       		.byte	0x20
 2902 0775 00       		.byte	0
 2903 0776 01       		.uleb128 0x1
 2904 0777 1F050000 		.4byte	.LASF105
 2905 077b 11       		.byte	0x11
 2906 077c 36       		.byte	0x36
 2907 077d 10       		.byte	0x10
 2908 077e 82070000 		.4byte	0x782
 2909 0782 09       		.uleb128 0x9
 2910 0783 87070000 		.4byte	0x787
 2911 0787 29       		.uleb128 0x29
 2912 0788 92070000 		.4byte	0x792
 2913 078c 10       		.uleb128 0x10
 2914 078d 92070000 		.4byte	0x792
 2915 0791 00       		.byte	0
 2916 0792 09       		.uleb128 0x9
 2917 0793 F4060000 		.4byte	0x6f4
 2918 0797 01       		.uleb128 0x1
 2919 0798 7C050000 		.4byte	.LASF106
 2920 079c 11       		.byte	0x11
 2921 079d 7F       		.byte	0x7f
 2922 079e 14       		.byte	0x14
 2923 079f F4060000 		.4byte	0x6f4
 2924 07a3 01       		.uleb128 0x1
 2925 07a4 E2060000 		.4byte	.LASF107
 2926 07a8 11       		.byte	0x11
 2927 07a9 F1       		.byte	0xf1
 2928 07aa 14       		.byte	0x14
 2929 07ab F4060000 		.4byte	0x6f4
 2930 07af 09       		.uleb128 0x9
 2931 07b0 A3070000 		.4byte	0x7a3
 2932 07b4 09       		.uleb128 0x9
 2933 07b5 97070000 		.4byte	0x797
 2934 07b9 3A       		.uleb128 0x3a
 2935 07ba 8A000000 		.4byte	.LASF110
 2936 07be 05       		.byte	0x5
 2937 07bf 1601     		.2byte	0x116
 2938 07c1 08       		.byte	0x8
 2939 07c2 CC070000 		.4byte	0x7cc
 2940 07c6 10       		.uleb128 0x10
 2941 07c7 9B060000 		.4byte	0x69b
 2942 07cb 00       		.byte	0
 2943 07cc 23       		.uleb128 0x23
 2944 07cd 2C070000 		.4byte	.LASF108
 2945 07d1 D9       		.byte	0xd9
 2946 07d2 3B       		.uleb128 0x3b
 2947 07d3 B4070000 		.4byte	.LASF146
 2948 07d7 03       		.byte	0x3
 2949 07d8 92       		.byte	0x92
 2950 07d9 09       		.byte	0x9
 2951 07da 1E010000 		.4byte	0x11e
 2952 07de ED070000 		.4byte	0x7ed
 2953 07e2 10       		.uleb128 0x10
 2954 07e3 ED070000 		.4byte	0x7ed
 2955 07e7 10       		.uleb128 0x10
 2956 07e8 36010000 		.4byte	0x136
ARM GAS  /tmp/ccuBf7um.s 			page 53


 2957 07ec 00       		.byte	0
 2958 07ed 09       		.uleb128 0x9
 2959 07ee 1C020000 		.4byte	0x21c
 2960 07f2 23       		.uleb128 0x23
 2961 07f3 9D040000 		.4byte	.LASF109
 2962 07f7 D8       		.byte	0xd8
 2963 07f8 2A       		.uleb128 0x2a
 2964 07f9 15040000 		.4byte	.LASF111
 2965 07fd 93       		.byte	0x93
 2966 07fe 0D080000 		.4byte	0x80d
 2967 0802 10       		.uleb128 0x10
 2968 0803 ED070000 		.4byte	0x7ed
 2969 0807 10       		.uleb128 0x10
 2970 0808 1E010000 		.4byte	0x11e
 2971 080c 00       		.byte	0
 2972 080d 2A       		.uleb128 0x2a
 2973 080e 3F000000 		.4byte	.LASF112
 2974 0812 94       		.byte	0x94
 2975 0813 22080000 		.4byte	0x822
 2976 0817 10       		.uleb128 0x10
 2977 0818 ED070000 		.4byte	0x7ed
 2978 081c 10       		.uleb128 0x10
 2979 081d 1E010000 		.4byte	0x11e
 2980 0821 00       		.byte	0
 2981 0822 23       		.uleb128 0x23
 2982 0823 F8030000 		.4byte	.LASF113
 2983 0827 DE       		.byte	0xde
 2984 0828 24       		.uleb128 0x24
 2985 0829 B7050000 		.4byte	.LASF115
 2986 082d 7C01     		.2byte	0x17c
 2987 082f 08       		.byte	0x8
 2988 0830 42000000 		.4byte	0x42
 2989 0834 00000000 		.4byte	.LFB232
 2990 0838 D8000000 		.4byte	.LFE232-.LFB232
 2991 083c 01       		.uleb128 0x1
 2992 083d 9C       		.byte	0x9c
 2993 083e 310B0000 		.4byte	0xb31
 2994 0842 13       		.uleb128 0x13
 2995 0843 6F717000 		.ascii	"oqp\000"
 2996 0847 7C01     		.2byte	0x17c
 2997 0849 27       		.byte	0x27
 2998 084a AF070000 		.4byte	0x7af
 2999 084e 14000000 		.4byte	.LLST75
 3000 0852 0C000000 		.4byte	.LVUS75
 3001 0856 13       		.uleb128 0x13
 3002 0857 627000   		.ascii	"bp\000"
 3003 085a 7C01     		.2byte	0x17c
 3004 085c 3B       		.byte	0x3b
 3005 085d E3060000 		.4byte	0x6e3
 3006 0861 3F000000 		.4byte	.LLST76
 3007 0865 33000000 		.4byte	.LVUS76
 3008 0869 13       		.uleb128 0x13
 3009 086a 6E00     		.ascii	"n\000"
 3010 086c 7D01     		.2byte	0x17d
 3011 086e 1E       		.byte	0x1e
 3012 086f 42000000 		.4byte	0x42
 3013 0873 78000000 		.4byte	.LLST77
ARM GAS  /tmp/ccuBf7um.s 			page 54


 3014 0877 6A000000 		.4byte	.LVUS77
 3015 087b 2B       		.uleb128 0x2b
 3016 087c 9B030000 		.4byte	.LASF114
 3017 0880 7D01     		.2byte	0x17d
 3018 0882 2B       		.byte	0x2b
 3019 0883 36010000 		.4byte	0x136
 3020 0887 B2000000 		.4byte	.LLST78
 3021 088b AA000000 		.4byte	.LVUS78
 3022 088f 1F       		.uleb128 0x1f
 3023 0890 6E667900 		.ascii	"nfy\000"
 3024 0894 7E01     		.2byte	0x17e
 3025 0896 0D       		.byte	0xd
 3026 0897 76070000 		.4byte	0x776
 3027 089b D5000000 		.4byte	.LLST79
 3028 089f D3000000 		.4byte	.LVUS79
 3029 08a3 1F       		.uleb128 0x1f
 3030 08a4 7700     		.ascii	"w\000"
 3031 08a6 7F01     		.2byte	0x17f
 3032 08a8 0A       		.byte	0xa
 3033 08a9 42000000 		.4byte	0x42
 3034 08ad E7000000 		.4byte	.LLST80
 3035 08b1 DF000000 		.4byte	.LVUS80
 3036 08b5 25       		.uleb128 0x25
 3037 08b6 DA050000 		.4byte	.LASF124
 3038 08ba 410B0000 		.4byte	0xb41
 3039 08be 05       		.uleb128 0x5
 3040 08bf 03       		.byte	0x3
 3041 08c0 00000000 		.4byte	__func__.0
 3042 08c4 0E       		.uleb128 0xe
 3043 08c5 33160000 		.4byte	0x1633
 3044 08c9 16000000 		.4byte	.LBI377
 3045 08cd 02       		.byte	.LVU447
 3046 08ce 16000000 		.4byte	.LBB377
 3047 08d2 0C000000 		.4byte	.LBE377-.LBB377
 3048 08d6 01       		.byte	0x1
 3049 08d7 8301     		.2byte	0x183
 3050 08d9 03       		.byte	0x3
 3051 08da 3C090000 		.4byte	0x93c
 3052 08de 0F       		.uleb128 0xf
 3053 08df 86160000 		.4byte	0x1686
 3054 08e3 16000000 		.4byte	.LBI379
 3055 08e7 04       		.byte	.LVU449
 3056 08e8 16000000 		.4byte	.LBB379
 3057 08ec 0C000000 		.4byte	.LBE379-.LBB379
 3058 08f0 02       		.byte	0x2
 3059 08f1 ED01     		.2byte	0x1ed
 3060 08f3 0E       		.uleb128 0xe
 3061 08f4 B0160000 		.4byte	0x16b0
 3062 08f8 16000000 		.4byte	.LBI381
 3063 08fc 06       		.byte	.LVU451
 3064 08fd 16000000 		.4byte	.LBB381
 3065 0901 08000000 		.4byte	.LBE381-.LBB381
 3066 0905 05       		.byte	0x5
 3067 0906 5C01     		.2byte	0x15c
 3068 0908 03       		.byte	0x3
 3069 0909 31090000 		.4byte	0x931
 3070 090d 0F       		.uleb128 0xf
ARM GAS  /tmp/ccuBf7um.s 			page 55


 3071 090e B8160000 		.4byte	0x16b8
 3072 0912 16000000 		.4byte	.LBI382
 3073 0916 08       		.byte	.LVU453
 3074 0917 16000000 		.4byte	.LBB382
 3075 091b 08000000 		.4byte	.LBE382-.LBB382
 3076 091f 06       		.byte	0x6
 3077 0920 BF01     		.2byte	0x1bf
 3078 0922 02       		.uleb128 0x2
 3079 0923 C2160000 		.4byte	0x16c2
 3080 0927 0A010000 		.4byte	.LLST81
 3081 092b 08010000 		.4byte	.LVUS81
 3082 092f 00       		.byte	0
 3083 0930 00       		.byte	0
 3084 0931 06       		.uleb128 0x6
 3085 0932 22000000 		.4byte	.LVL104
 3086 0936 F2070000 		.4byte	0x7f2
 3087 093a 00       		.byte	0
 3088 093b 00       		.byte	0
 3089 093c 0A       		.uleb128 0xa
 3090 093d 2B160000 		.4byte	0x162b
 3091 0941 56000000 		.4byte	.LBI384
 3092 0945 01       		.byte	.LVU480
 3093 0946 36010000 		.4byte	.LLRL82
 3094 094a 01       		.byte	0x1
 3095 094b 9401     		.2byte	0x194
 3096 094d 05       		.byte	0x5
 3097 094e BF090000 		.4byte	0x9bf
 3098 0952 07       		.uleb128 0x7
 3099 0953 55160000 		.4byte	0x1655
 3100 0957 56000000 		.4byte	.LBI385
 3101 095b 03       		.byte	.LVU482
 3102 095c 36010000 		.4byte	.LLRL82
 3103 0960 02       		.byte	0x2
 3104 0961 F801     		.2byte	0x1f8
 3105 0963 03       		.byte	0x3
 3106 0964 14       		.uleb128 0x14
 3107 0965 36010000 		.4byte	.LLRL82
 3108 0969 0A       		.uleb128 0xa
 3109 096a A8160000 		.4byte	0x16a8
 3110 096e 6A000000 		.4byte	.LBI387
 3111 0972 02       		.byte	.LVU491
 3112 0973 47010000 		.4byte	.LLRL83
 3113 0977 05       		.byte	0x5
 3114 0978 7301     		.2byte	0x173
 3115 097a 03       		.byte	0x3
 3116 097b A0090000 		.4byte	0x9a0
 3117 097f 07       		.uleb128 0x7
 3118 0980 B8160000 		.4byte	0x16b8
 3119 0984 6A000000 		.4byte	.LBI388
 3120 0988 04       		.byte	.LVU493
 3121 0989 47010000 		.4byte	.LLRL83
 3122 098d 06       		.byte	0x6
 3123 098e CD01     		.2byte	0x1cd
 3124 0990 03       		.byte	0x3
 3125 0991 02       		.uleb128 0x2
 3126 0992 C2160000 		.4byte	0x16c2
 3127 0996 17010000 		.4byte	.LLST84
ARM GAS  /tmp/ccuBf7um.s 			page 56


 3128 099a 15010000 		.4byte	.LVUS84
 3129 099e 00       		.byte	0
 3130 099f 00       		.byte	0
 3131 09a0 06       		.uleb128 0x6
 3132 09a1 5A000000 		.4byte	.LVL109
 3133 09a5 CC070000 		.4byte	0x7cc
 3134 09a9 0B       		.uleb128 0xb
 3135 09aa B8000000 		.4byte	.LVL123
 3136 09ae B9070000 		.4byte	0x7b9
 3137 09b2 05       		.uleb128 0x5
 3138 09b3 01       		.uleb128 0x1
 3139 09b4 50       		.byte	0x50
 3140 09b5 05       		.uleb128 0x5
 3141 09b6 03       		.byte	0x3
 3142 09b7 00000000 		.4byte	__func__.2
 3143 09bb 00       		.byte	0
 3144 09bc 00       		.byte	0
 3145 09bd 00       		.byte	0
 3146 09be 00       		.byte	0
 3147 09bf 0E       		.uleb128 0xe
 3148 09c0 33160000 		.4byte	0x1633
 3149 09c4 76000000 		.4byte	.LBI398
 3150 09c8 01       		.byte	.LVU502
 3151 09c9 76000000 		.4byte	.LBB398
 3152 09cd 08000000 		.4byte	.LBE398-.LBB398
 3153 09d1 01       		.byte	0x1
 3154 09d2 9B01     		.2byte	0x19b
 3155 09d4 05       		.byte	0x5
 3156 09d5 370A0000 		.4byte	0xa37
 3157 09d9 0F       		.uleb128 0xf
 3158 09da 86160000 		.4byte	0x1686
 3159 09de 76000000 		.4byte	.LBI400
 3160 09e2 03       		.byte	.LVU504
 3161 09e3 76000000 		.4byte	.LBB400
 3162 09e7 08000000 		.4byte	.LBE400-.LBB400
 3163 09eb 02       		.byte	0x2
 3164 09ec ED01     		.2byte	0x1ed
 3165 09ee 0E       		.uleb128 0xe
 3166 09ef B0160000 		.4byte	0x16b0
 3167 09f3 76000000 		.4byte	.LBI402
 3168 09f7 05       		.byte	.LVU506
 3169 09f8 76000000 		.4byte	.LBB402
 3170 09fc 04000000 		.4byte	.LBE402-.LBB402
 3171 0a00 05       		.byte	0x5
 3172 0a01 5C01     		.2byte	0x15c
 3173 0a03 03       		.byte	0x3
 3174 0a04 2C0A0000 		.4byte	0xa2c
 3175 0a08 0F       		.uleb128 0xf
 3176 0a09 B8160000 		.4byte	0x16b8
 3177 0a0d 76000000 		.4byte	.LBI403
 3178 0a11 07       		.byte	.LVU508
 3179 0a12 76000000 		.4byte	.LBB403
 3180 0a16 04000000 		.4byte	.LBE403-.LBB403
 3181 0a1a 06       		.byte	0x6
 3182 0a1b BF01     		.2byte	0x1bf
 3183 0a1d 02       		.uleb128 0x2
 3184 0a1e C2160000 		.4byte	0x16c2
ARM GAS  /tmp/ccuBf7um.s 			page 57


 3185 0a22 23010000 		.4byte	.LLST85
 3186 0a26 21010000 		.4byte	.LVUS85
 3187 0a2a 00       		.byte	0
 3188 0a2b 00       		.byte	0
 3189 0a2c 06       		.uleb128 0x6
 3190 0a2d 7E000000 		.4byte	.LVL116
 3191 0a31 F2070000 		.4byte	0x7f2
 3192 0a35 00       		.byte	0
 3193 0a36 00       		.byte	0
 3194 0a37 0E       		.uleb128 0xe
 3195 0a38 E4150000 		.4byte	0x15e4
 3196 0a3c 84000000 		.4byte	.LBI405
 3197 0a40 01       		.byte	.LVU516
 3198 0a41 84000000 		.4byte	.LBB405
 3199 0a45 08000000 		.4byte	.LBE405-.LBB405
 3200 0a49 01       		.byte	0x1
 3201 0a4a 8601     		.2byte	0x186
 3202 0a4c 0B       		.byte	0xb
 3203 0a4d 830A0000 		.4byte	0xa83
 3204 0a51 02       		.uleb128 0x2
 3205 0a52 03160000 		.4byte	0x1603
 3206 0a56 30010000 		.4byte	.LLST86
 3207 0a5a 2E010000 		.4byte	.LVUS86
 3208 0a5e 02       		.uleb128 0x2
 3209 0a5f F6150000 		.4byte	0x15f6
 3210 0a63 3C010000 		.4byte	.LLST87
 3211 0a67 3A010000 		.4byte	.LVUS87
 3212 0a6b 0B       		.uleb128 0xb
 3213 0a6c 8C000000 		.4byte	.LVL118
 3214 0a70 D2070000 		.4byte	0x7d2
 3215 0a74 05       		.uleb128 0x5
 3216 0a75 01       		.uleb128 0x1
 3217 0a76 50       		.byte	0x50
 3218 0a77 02       		.uleb128 0x2
 3219 0a78 74       		.byte	0x74
 3220 0a79 00       		.sleb128 0
 3221 0a7a 05       		.uleb128 0x5
 3222 0a7b 01       		.uleb128 0x1
 3223 0a7c 51       		.byte	0x51
 3224 0a7d 03       		.uleb128 0x3
 3225 0a7e 91       		.byte	0x91
 3226 0a7f 54       		.sleb128 -44
 3227 0a80 06       		.byte	0x6
 3228 0a81 00       		.byte	0
 3229 0a82 00       		.byte	0
 3230 0a83 0A       		.uleb128 0xa
 3231 0a84 2B160000 		.4byte	0x162b
 3232 0a88 90000000 		.4byte	.LBI407
 3233 0a8c 01       		.byte	.LVU522
 3234 0a8d 53010000 		.4byte	.LLRL88
 3235 0a91 01       		.byte	0x1
 3236 0a92 8701     		.2byte	0x187
 3237 0a94 09       		.byte	0x9
 3238 0a95 0D0B0000 		.4byte	0xb0d
 3239 0a99 07       		.uleb128 0x7
 3240 0a9a 55160000 		.4byte	0x1655
 3241 0a9e 90000000 		.4byte	.LBI408
ARM GAS  /tmp/ccuBf7um.s 			page 58


 3242 0aa2 03       		.byte	.LVU524
 3243 0aa3 53010000 		.4byte	.LLRL88
 3244 0aa7 02       		.byte	0x2
 3245 0aa8 F801     		.2byte	0x1f8
 3246 0aaa 03       		.byte	0x3
 3247 0aab 14       		.uleb128 0x14
 3248 0aac 53010000 		.4byte	.LLRL88
 3249 0ab0 0E       		.uleb128 0xe
 3250 0ab1 A8160000 		.4byte	0x16a8
 3251 0ab5 A4000000 		.4byte	.LBI410
 3252 0ab9 02       		.byte	.LVU533
 3253 0aba A4000000 		.4byte	.LBB410
 3254 0abe 06000000 		.4byte	.LBE410-.LBB410
 3255 0ac2 05       		.byte	0x5
 3256 0ac3 7301     		.2byte	0x173
 3257 0ac5 03       		.byte	0x3
 3258 0ac6 EE0A0000 		.4byte	0xaee
 3259 0aca 0F       		.uleb128 0xf
 3260 0acb B8160000 		.4byte	0x16b8
 3261 0acf A4000000 		.4byte	.LBI411
 3262 0ad3 04       		.byte	.LVU535
 3263 0ad4 A4000000 		.4byte	.LBB411
 3264 0ad8 06000000 		.4byte	.LBE411-.LBB411
 3265 0adc 06       		.byte	0x6
 3266 0add CD01     		.2byte	0x1cd
 3267 0adf 02       		.uleb128 0x2
 3268 0ae0 C2160000 		.4byte	0x16c2
 3269 0ae4 47010000 		.4byte	.LLST89
 3270 0ae8 45010000 		.4byte	.LVUS89
 3271 0aec 00       		.byte	0
 3272 0aed 00       		.byte	0
 3273 0aee 06       		.uleb128 0x6
 3274 0aef 94000000 		.4byte	.LVL119
 3275 0af3 CC070000 		.4byte	0x7cc
 3276 0af7 0B       		.uleb128 0xb
 3277 0af8 C8000000 		.4byte	.LVL128
 3278 0afc B9070000 		.4byte	0x7b9
 3279 0b00 05       		.uleb128 0x5
 3280 0b01 01       		.uleb128 0x1
 3281 0b02 50       		.byte	0x50
 3282 0b03 05       		.uleb128 0x5
 3283 0b04 03       		.byte	0x3
 3284 0b05 00000000 		.4byte	__func__.2
 3285 0b09 00       		.byte	0
 3286 0b0a 00       		.byte	0
 3287 0b0b 00       		.byte	0
 3288 0b0c 00       		.byte	0
 3289 0b0d 2C       		.uleb128 0x2c
 3290 0b0e 56000000 		.4byte	.LVL108
 3291 0b12 1D0B0000 		.4byte	0xb1d
 3292 0b16 05       		.uleb128 0x5
 3293 0b17 01       		.uleb128 0x1
 3294 0b18 50       		.byte	0x50
 3295 0b19 02       		.uleb128 0x2
 3296 0b1a 74       		.byte	0x74
 3297 0b1b 00       		.sleb128 0
 3298 0b1c 00       		.byte	0
ARM GAS  /tmp/ccuBf7um.s 			page 59


 3299 0b1d 0B       		.uleb128 0xb
 3300 0b1e C0000000 		.4byte	.LVL126
 3301 0b22 B9070000 		.4byte	0x7b9
 3302 0b26 05       		.uleb128 0x5
 3303 0b27 01       		.uleb128 0x1
 3304 0b28 50       		.byte	0x50
 3305 0b29 05       		.uleb128 0x5
 3306 0b2a 03       		.byte	0x3
 3307 0b2b 00000000 		.4byte	__func__.0
 3308 0b2f 00       		.byte	0
 3309 0b30 00       		.byte	0
 3310 0b31 1D       		.uleb128 0x1d
 3311 0b32 AC060000 		.4byte	0x6ac
 3312 0b36 410B0000 		.4byte	0xb41
 3313 0b3a 1E       		.uleb128 0x1e
 3314 0b3b 2D000000 		.4byte	0x2d
 3315 0b3f 0E       		.byte	0xe
 3316 0b40 00       		.byte	0
 3317 0b41 1A       		.uleb128 0x1a
 3318 0b42 310B0000 		.4byte	0xb31
 3319 0b46 24       		.uleb128 0x24
 3320 0b47 ED040000 		.4byte	.LASF116
 3321 0b4b 5001     		.2byte	0x150
 3322 0b4d 07       		.byte	0x7
 3323 0b4e 1E010000 		.4byte	0x11e
 3324 0b52 00000000 		.4byte	.LFB231
 3325 0b56 3E000000 		.4byte	.LFE231-.LFB231
 3326 0b5a 01       		.uleb128 0x1
 3327 0b5b 9C       		.byte	0x9c
 3328 0b5c DA0B0000 		.4byte	0xbda
 3329 0b60 13       		.uleb128 0x13
 3330 0b61 6F717000 		.ascii	"oqp\000"
 3331 0b65 5001     		.2byte	0x150
 3332 0b67 1E       		.byte	0x1e
 3333 0b68 AF070000 		.4byte	0x7af
 3334 0b6c 55010000 		.4byte	.LLST71
 3335 0b70 51010000 		.4byte	.LVUS71
 3336 0b74 1F       		.uleb128 0x1f
 3337 0b75 6200     		.ascii	"b\000"
 3338 0b77 5101     		.2byte	0x151
 3339 0b79 0B       		.byte	0xb
 3340 0b7a AD000000 		.4byte	0xad
 3341 0b7e 67010000 		.4byte	.LLST72
 3342 0b82 65010000 		.4byte	.LVUS72
 3343 0b86 0E       		.uleb128 0xe
 3344 0b87 BD150000 		.4byte	0x15bd
 3345 0b8b 26000000 		.4byte	.LBI345
 3346 0b8f 01       		.byte	.LVU425
 3347 0b90 26000000 		.4byte	.LBB345
 3348 0b94 08000000 		.4byte	.LBE345-.LBB345
 3349 0b98 01       		.byte	0x1
 3350 0b99 5F01     		.2byte	0x15f
 3351 0b9b 03       		.byte	0x3
 3352 0b9c D00B0000 		.4byte	0xbd0
 3353 0ba0 02       		.uleb128 0x2
 3354 0ba1 D6150000 		.4byte	0x15d6
 3355 0ba5 72010000 		.4byte	.LLST73
ARM GAS  /tmp/ccuBf7um.s 			page 60


 3356 0ba9 70010000 		.4byte	.LVUS73
 3357 0bad 02       		.uleb128 0x2
 3358 0bae C9150000 		.4byte	0x15c9
 3359 0bb2 7E010000 		.4byte	.LLST74
 3360 0bb6 7C010000 		.4byte	.LVUS74
 3361 0bba 0B       		.uleb128 0xb
 3362 0bbb 2E000000 		.4byte	.LVL98
 3363 0bbf F8070000 		.4byte	0x7f8
 3364 0bc3 05       		.uleb128 0x5
 3365 0bc4 01       		.uleb128 0x1
 3366 0bc5 50       		.byte	0x50
 3367 0bc6 02       		.uleb128 0x2
 3368 0bc7 74       		.byte	0x74
 3369 0bc8 00       		.sleb128 0
 3370 0bc9 05       		.uleb128 0x5
 3371 0bca 01       		.uleb128 0x1
 3372 0bcb 51       		.byte	0x51
 3373 0bcc 01       		.uleb128 0x1
 3374 0bcd 30       		.byte	0x30
 3375 0bce 00       		.byte	0
 3376 0bcf 00       		.byte	0
 3377 0bd0 06       		.uleb128 0x6
 3378 0bd1 08000000 		.4byte	.LVL95
 3379 0bd5 22080000 		.4byte	0x822
 3380 0bd9 00       		.byte	0
 3381 0bda 24       		.uleb128 0x24
 3382 0bdb 6B030000 		.4byte	.LASF117
 3383 0bdf 2D01     		.2byte	0x12d
 3384 0be1 07       		.byte	0x7
 3385 0be2 1E010000 		.4byte	0x11e
 3386 0be6 00000000 		.4byte	.LFB230
 3387 0bea A0000000 		.4byte	.LFE230-.LFB230
 3388 0bee 01       		.uleb128 0x1
 3389 0bef 9C       		.byte	0x9c
 3390 0bf0 0D0E0000 		.4byte	0xe0d
 3391 0bf4 13       		.uleb128 0x13
 3392 0bf5 6F717000 		.ascii	"oqp\000"
 3393 0bf9 2D01     		.2byte	0x12d
 3394 0bfb 24       		.byte	0x24
 3395 0bfc AF070000 		.4byte	0x7af
 3396 0c00 93010000 		.4byte	.LLST55
 3397 0c04 87010000 		.4byte	.LVUS55
 3398 0c08 13       		.uleb128 0x13
 3399 0c09 6200     		.ascii	"b\000"
 3400 0c0b 2D01     		.2byte	0x12d
 3401 0c0d 31       		.byte	0x31
 3402 0c0e AD000000 		.4byte	0xad
 3403 0c12 BE010000 		.4byte	.LLST56
 3404 0c16 B8010000 		.4byte	.LVUS56
 3405 0c1a 2B       		.uleb128 0x2b
 3406 0c1b 9B030000 		.4byte	.LASF114
 3407 0c1f 2D01     		.2byte	0x12d
 3408 0c21 3E       		.byte	0x3e
 3409 0c22 36010000 		.4byte	0x136
 3410 0c26 E9010000 		.4byte	.LLST57
 3411 0c2a DD010000 		.4byte	.LVUS57
 3412 0c2e 2D       		.uleb128 0x2d
ARM GAS  /tmp/ccuBf7um.s 			page 61


 3413 0c2f 04010000 		.4byte	.LLRL62
 3414 0c33 0C0D0000 		.4byte	0xd0c
 3415 0c37 1F       		.uleb128 0x1f
 3416 0c38 6D736700 		.ascii	"msg\000"
 3417 0c3c 3101     		.2byte	0x131
 3418 0c3e 0B       		.byte	0xb
 3419 0c3f 1E010000 		.4byte	0x11e
 3420 0c43 16020000 		.4byte	.LLST63
 3421 0c47 0E020000 		.4byte	.LVUS63
 3422 0c4b 0A       		.uleb128 0xa
 3423 0c4c E4150000 		.4byte	0x15e4
 3424 0c50 1C000000 		.4byte	.LBI318
 3425 0c54 01       		.byte	.LVU340
 3426 0c55 1B010000 		.4byte	.LLRL64
 3427 0c59 01       		.byte	0x1
 3428 0c5a 3101     		.2byte	0x131
 3429 0c5c 11       		.byte	0x11
 3430 0c5d 850C0000 		.4byte	0xc85
 3431 0c61 02       		.uleb128 0x2
 3432 0c62 03160000 		.4byte	0x1603
 3433 0c66 3D020000 		.4byte	.LLST65
 3434 0c6a 31020000 		.4byte	.LVUS65
 3435 0c6e 02       		.uleb128 0x2
 3436 0c6f F6150000 		.4byte	0x15f6
 3437 0c73 6D020000 		.4byte	.LLST66
 3438 0c77 61020000 		.4byte	.LVUS66
 3439 0c7b 06       		.uleb128 0x6
 3440 0c7c 18000000 		.4byte	.LVL78
 3441 0c80 D2070000 		.4byte	0x7d2
 3442 0c84 00       		.byte	0
 3443 0c85 07       		.uleb128 0x7
 3444 0c86 2B160000 		.4byte	0x162b
 3445 0c8a 68000000 		.4byte	.LBI324
 3446 0c8e 01       		.byte	.LVU383
 3447 0c8f 0F010000 		.4byte	.LLRL67
 3448 0c93 01       		.byte	0x1
 3449 0c94 3301     		.2byte	0x133
 3450 0c96 07       		.byte	0x7
 3451 0c97 07       		.uleb128 0x7
 3452 0c98 55160000 		.4byte	0x1655
 3453 0c9c 68000000 		.4byte	.LBI325
 3454 0ca0 03       		.byte	.LVU385
 3455 0ca1 0F010000 		.4byte	.LLRL67
 3456 0ca5 02       		.byte	0x2
 3457 0ca6 F801     		.2byte	0x1f8
 3458 0ca8 03       		.byte	0x3
 3459 0ca9 14       		.uleb128 0x14
 3460 0caa 0F010000 		.4byte	.LLRL67
 3461 0cae 0E       		.uleb128 0xe
 3462 0caf A8160000 		.4byte	0x16a8
 3463 0cb3 7E000000 		.4byte	.LBI327
 3464 0cb7 02       		.byte	.LVU394
 3465 0cb8 7E000000 		.4byte	.LBB327
 3466 0cbc 06000000 		.4byte	.LBE327-.LBB327
 3467 0cc0 05       		.byte	0x5
 3468 0cc1 7301     		.2byte	0x173
 3469 0cc3 03       		.byte	0x3
ARM GAS  /tmp/ccuBf7um.s 			page 62


 3470 0cc4 EC0C0000 		.4byte	0xcec
 3471 0cc8 0F       		.uleb128 0xf
 3472 0cc9 B8160000 		.4byte	0x16b8
 3473 0ccd 7E000000 		.4byte	.LBI328
 3474 0cd1 04       		.byte	.LVU396
 3475 0cd2 7E000000 		.4byte	.LBB328
 3476 0cd6 06000000 		.4byte	.LBE328-.LBB328
 3477 0cda 06       		.byte	0x6
 3478 0cdb CD01     		.2byte	0x1cd
 3479 0cdd 02       		.uleb128 0x2
 3480 0cde C2160000 		.4byte	0x16c2
 3481 0ce2 93020000 		.4byte	.LLST68
 3482 0ce6 91020000 		.4byte	.LVUS68
 3483 0cea 00       		.byte	0
 3484 0ceb 00       		.byte	0
 3485 0cec 06       		.uleb128 0x6
 3486 0ced 6C000000 		.4byte	.LVL87
 3487 0cf1 CC070000 		.4byte	0x7cc
 3488 0cf5 0B       		.uleb128 0xb
 3489 0cf6 96000000 		.4byte	.LVL93
 3490 0cfa B9070000 		.4byte	0x7b9
 3491 0cfe 05       		.uleb128 0x5
 3492 0cff 01       		.uleb128 0x1
 3493 0d00 50       		.byte	0x50
 3494 0d01 05       		.uleb128 0x5
 3495 0d02 03       		.byte	0x3
 3496 0d03 00000000 		.4byte	__func__.2
 3497 0d07 00       		.byte	0
 3498 0d08 00       		.byte	0
 3499 0d09 00       		.byte	0
 3500 0d0a 00       		.byte	0
 3501 0d0b 00       		.byte	0
 3502 0d0c 0A       		.uleb128 0xa
 3503 0d0d 33160000 		.4byte	0x1633
 3504 0d11 00000000 		.4byte	.LBI301
 3505 0d15 02       		.byte	.LVU317
 3506 0d16 DD000000 		.4byte	.LLRL58
 3507 0d1a 01       		.byte	0x1
 3508 0d1b 2F01     		.2byte	0x12f
 3509 0d1d 03       		.byte	0x3
 3510 0d1e 760D0000 		.4byte	0xd76
 3511 0d22 07       		.uleb128 0x7
 3512 0d23 86160000 		.4byte	0x1686
 3513 0d27 00000000 		.4byte	.LBI303
 3514 0d2b 04       		.byte	.LVU319
 3515 0d2c EC000000 		.4byte	.LLRL59
 3516 0d30 02       		.byte	0x2
 3517 0d31 ED01     		.2byte	0x1ed
 3518 0d33 03       		.byte	0x3
 3519 0d34 0A       		.uleb128 0xa
 3520 0d35 B0160000 		.4byte	0x16b0
 3521 0d39 00000000 		.4byte	.LBI305
 3522 0d3d 06       		.byte	.LVU321
 3523 0d3e F8000000 		.4byte	.LLRL60
 3524 0d42 05       		.byte	0x5
 3525 0d43 5C01     		.2byte	0x15c
 3526 0d45 03       		.byte	0x3
ARM GAS  /tmp/ccuBf7um.s 			page 63


 3527 0d46 6B0D0000 		.4byte	0xd6b
 3528 0d4a 07       		.uleb128 0x7
 3529 0d4b B8160000 		.4byte	0x16b8
 3530 0d4f 00000000 		.4byte	.LBI306
 3531 0d53 08       		.byte	.LVU323
 3532 0d54 F8000000 		.4byte	.LLRL60
 3533 0d58 06       		.byte	0x6
 3534 0d59 BF01     		.2byte	0x1bf
 3535 0d5b 03       		.byte	0x3
 3536 0d5c 02       		.uleb128 0x2
 3537 0d5d C2160000 		.4byte	0x16c2
 3538 0d61 9F020000 		.4byte	.LLST61
 3539 0d65 9D020000 		.4byte	.LVUS61
 3540 0d69 00       		.byte	0
 3541 0d6a 00       		.byte	0
 3542 0d6b 06       		.uleb128 0x6
 3543 0d6c 12000000 		.4byte	.LVL76
 3544 0d70 F2070000 		.4byte	0x7f2
 3545 0d74 00       		.byte	0
 3546 0d75 00       		.byte	0
 3547 0d76 0A       		.uleb128 0xa
 3548 0d77 2B160000 		.4byte	0x162b
 3549 0d7b 46000000 		.4byte	.LBI334
 3550 0d7f 01       		.byte	.LVU363
 3551 0d80 2A010000 		.4byte	.LLRL69
 3552 0d84 01       		.byte	0x1
 3553 0d85 4101     		.2byte	0x141
 3554 0d87 03       		.byte	0x3
 3555 0d88 000E0000 		.4byte	0xe00
 3556 0d8c 07       		.uleb128 0x7
 3557 0d8d 55160000 		.4byte	0x1655
 3558 0d91 46000000 		.4byte	.LBI335
 3559 0d95 03       		.byte	.LVU365
 3560 0d96 2A010000 		.4byte	.LLRL69
 3561 0d9a 02       		.byte	0x2
 3562 0d9b F801     		.2byte	0x1f8
 3563 0d9d 03       		.byte	0x3
 3564 0d9e 14       		.uleb128 0x14
 3565 0d9f 2A010000 		.4byte	.LLRL69
 3566 0da3 0E       		.uleb128 0xe
 3567 0da4 A8160000 		.4byte	0x16a8
 3568 0da8 5C000000 		.4byte	.LBI337
 3569 0dac 02       		.byte	.LVU374
 3570 0dad 5C000000 		.4byte	.LBB337
 3571 0db1 06000000 		.4byte	.LBE337-.LBB337
 3572 0db5 05       		.byte	0x5
 3573 0db6 7301     		.2byte	0x173
 3574 0db8 03       		.byte	0x3
 3575 0db9 E10D0000 		.4byte	0xde1
 3576 0dbd 0F       		.uleb128 0xf
 3577 0dbe B8160000 		.4byte	0x16b8
 3578 0dc2 5C000000 		.4byte	.LBI338
 3579 0dc6 04       		.byte	.LVU376
 3580 0dc7 5C000000 		.4byte	.LBB338
 3581 0dcb 06000000 		.4byte	.LBE338-.LBB338
 3582 0dcf 06       		.byte	0x6
 3583 0dd0 CD01     		.2byte	0x1cd
ARM GAS  /tmp/ccuBf7um.s 			page 64


 3584 0dd2 02       		.uleb128 0x2
 3585 0dd3 C2160000 		.4byte	0x16c2
 3586 0dd7 AC020000 		.4byte	.LLST70
 3587 0ddb AA020000 		.4byte	.LVUS70
 3588 0ddf 00       		.byte	0
 3589 0de0 00       		.byte	0
 3590 0de1 06       		.uleb128 0x6
 3591 0de2 4A000000 		.4byte	.LVL83
 3592 0de6 CC070000 		.4byte	0x7cc
 3593 0dea 0B       		.uleb128 0xb
 3594 0deb 8E000000 		.4byte	.LVL91
 3595 0def B9070000 		.4byte	0x7b9
 3596 0df3 05       		.uleb128 0x5
 3597 0df4 01       		.uleb128 0x1
 3598 0df5 50       		.byte	0x50
 3599 0df6 05       		.uleb128 0x5
 3600 0df7 03       		.byte	0x3
 3601 0df8 00000000 		.4byte	__func__.2
 3602 0dfc 00       		.byte	0
 3603 0dfd 00       		.byte	0
 3604 0dfe 00       		.byte	0
 3605 0dff 00       		.byte	0
 3606 0e00 2E       		.uleb128 0x2e
 3607 0e01 46000000 		.4byte	.LVL82
 3608 0e05 05       		.uleb128 0x5
 3609 0e06 01       		.uleb128 0x1
 3610 0e07 50       		.byte	0x50
 3611 0e08 02       		.uleb128 0x2
 3612 0e09 75       		.byte	0x75
 3613 0e0a 00       		.sleb128 0
 3614 0e0b 00       		.byte	0
 3615 0e0c 00       		.byte	0
 3616 0e0d 3C       		.uleb128 0x3c
 3617 0e0e 16050000 		.4byte	.LASF118
 3618 0e12 01       		.byte	0x1
 3619 0e13 0D01     		.2byte	0x10d
 3620 0e15 06       		.byte	0x6
 3621 0e16 00000000 		.4byte	.LFB229
 3622 0e1a 22000000 		.4byte	.LFE229-.LFB229
 3623 0e1e 01       		.uleb128 0x1
 3624 0e1f 9C       		.byte	0x9c
 3625 0e20 880E0000 		.4byte	0xe88
 3626 0e24 13       		.uleb128 0x13
 3627 0e25 6F717000 		.ascii	"oqp\000"
 3628 0e29 0D01     		.2byte	0x10d
 3629 0e2b 1F       		.byte	0x1f
 3630 0e2c AF070000 		.4byte	0x7af
 3631 0e30 BE020000 		.4byte	.LLST52
 3632 0e34 B6020000 		.4byte	.LVUS52
 3633 0e38 0A       		.uleb128 0xa
 3634 0e39 96150000 		.4byte	0x1596
 3635 0e3d 14000000 		.4byte	.LBI273
 3636 0e41 01       		.byte	.LVU310
 3637 0e42 D1000000 		.4byte	.LLRL53
 3638 0e46 01       		.byte	0x1
 3639 0e47 1401     		.2byte	0x114
 3640 0e49 03       		.byte	0x3
ARM GAS  /tmp/ccuBf7um.s 			page 65


 3641 0e4a 7E0E0000 		.4byte	0xe7e
 3642 0e4e 2F       		.uleb128 0x2f
 3643 0e4f AF150000 		.4byte	0x15af
 3644 0e53 02       		.uleb128 0x2
 3645 0e54 A2150000 		.4byte	0x15a2
 3646 0e58 E7020000 		.4byte	.LLST54
 3647 0e5c E1020000 		.4byte	.LVUS54
 3648 0e60 30       		.uleb128 0x30
 3649 0e61 22000000 		.4byte	.LVL73
 3650 0e65 0D080000 		.4byte	0x80d
 3651 0e69 05       		.uleb128 0x5
 3652 0e6a 01       		.uleb128 0x1
 3653 0e6b 50       		.byte	0x50
 3654 0e6c 09       		.uleb128 0x9
 3655 0e6d A3       		.byte	0xa3
 3656 0e6e 03       		.uleb128 0x3
 3657 0e6f A5       		.byte	0xa5
 3658 0e70 00       		.uleb128 0
 3659 0e71 26       		.uleb128 0x26
 3660 0e72 A8       		.byte	0xa8
 3661 0e73 2D       		.uleb128 0x2d
 3662 0e74 A8       		.byte	0xa8
 3663 0e75 00       		.uleb128 0
 3664 0e76 05       		.uleb128 0x5
 3665 0e77 01       		.uleb128 0x1
 3666 0e78 51       		.byte	0x51
 3667 0e79 02       		.uleb128 0x2
 3668 0e7a 09       		.byte	0x9
 3669 0e7b FE       		.byte	0xfe
 3670 0e7c 00       		.byte	0
 3671 0e7d 00       		.byte	0
 3672 0e7e 06       		.uleb128 0x6
 3673 0e7f 08000000 		.4byte	.LVL70
 3674 0e83 22080000 		.4byte	0x822
 3675 0e87 00       		.byte	0
 3676 0e88 26       		.uleb128 0x26
 3677 0e89 00000000 		.4byte	.LASF119
 3678 0e8d F5       		.byte	0xf5
 3679 0e8e 00000000 		.4byte	.LFB228
 3680 0e92 1E000000 		.4byte	.LFE228-.LFB228
 3681 0e96 01       		.uleb128 0x1
 3682 0e97 9C       		.byte	0x9c
 3683 0e98 480F0000 		.4byte	0xf48
 3684 0e9c 20       		.uleb128 0x20
 3685 0e9d 6F717000 		.ascii	"oqp\000"
 3686 0ea1 F5       		.byte	0xf5
 3687 0ea2 23       		.byte	0x23
 3688 0ea3 AF070000 		.4byte	0x7af
 3689 0ea7 01       		.uleb128 0x1
 3690 0ea8 50       		.byte	0x50
 3691 0ea9 20       		.uleb128 0x20
 3692 0eaa 627000   		.ascii	"bp\000"
 3693 0ead F5       		.byte	0xf5
 3694 0eae 31       		.byte	0x31
 3695 0eaf E8060000 		.4byte	0x6e8
 3696 0eb3 01       		.uleb128 0x1
 3697 0eb4 51       		.byte	0x51
ARM GAS  /tmp/ccuBf7um.s 			page 66


 3698 0eb5 15       		.uleb128 0x15
 3699 0eb6 5B020000 		.4byte	.LASF120
 3700 0eba F5       		.byte	0xf5
 3701 0ebb 3C       		.byte	0x3c
 3702 0ebc 42000000 		.4byte	0x42
 3703 0ec0 09030000 		.4byte	.LLST46
 3704 0ec4 05030000 		.4byte	.LVUS46
 3705 0ec8 3D       		.uleb128 0x3d
 3706 0ec9 1A000000 		.4byte	.LASF121
 3707 0ecd 01       		.byte	0x1
 3708 0ece F6       		.byte	0xf6
 3709 0ecf 1D       		.byte	0x1d
 3710 0ed0 76070000 		.4byte	0x776
 3711 0ed4 01       		.uleb128 0x1
 3712 0ed5 53       		.byte	0x53
 3713 0ed6 15       		.uleb128 0x15
 3714 0ed7 28030000 		.4byte	.LASF122
 3715 0edb F6       		.byte	0xf6
 3716 0edc 29       		.byte	0x29
 3717 0edd D3020000 		.4byte	0x2d3
 3718 0ee1 1E030000 		.4byte	.LLST47
 3719 0ee5 1A030000 		.4byte	.LVUS47
 3720 0ee9 27       		.uleb128 0x27
 3721 0eea 11160000 		.4byte	0x1611
 3722 0eee 00000000 		.4byte	.LBI265
 3723 0ef2 02       		.byte	.LVU275
 3724 0ef3 C5000000 		.4byte	.LLRL48
 3725 0ef7 F8       		.byte	0xf8
 3726 0ef8 03       		.byte	0x3
 3727 0ef9 02       		.uleb128 0x2
 3728 0efa 1D160000 		.4byte	0x161d
 3729 0efe 32030000 		.4byte	.LLST49
 3730 0f02 30030000 		.4byte	.LVUS49
 3731 0f06 07       		.uleb128 0x7
 3732 0f07 3B160000 		.4byte	0x163b
 3733 0f0b 00000000 		.4byte	.LBI266
 3734 0f0f 04       		.byte	.LVU277
 3735 0f10 C5000000 		.4byte	.LLRL48
 3736 0f14 02       		.byte	0x2
 3737 0f15 F302     		.2byte	0x2f3
 3738 0f17 03       		.byte	0x3
 3739 0f18 02       		.uleb128 0x2
 3740 0f19 47160000 		.4byte	0x1647
 3741 0f1d 3D030000 		.4byte	.LLST50
 3742 0f21 3B030000 		.4byte	.LVUS50
 3743 0f25 07       		.uleb128 0x7
 3744 0f26 8E160000 		.4byte	0x168e
 3745 0f2a 00000000 		.4byte	.LBI267
 3746 0f2e 06       		.byte	.LVU279
 3747 0f2f C5000000 		.4byte	.LLRL48
 3748 0f33 03       		.byte	0x3
 3749 0f34 1801     		.2byte	0x118
 3750 0f36 03       		.byte	0x3
 3751 0f37 02       		.uleb128 0x2
 3752 0f38 9A160000 		.4byte	0x169a
 3753 0f3c 48030000 		.4byte	.LLST51
 3754 0f40 46030000 		.4byte	.LVUS51
ARM GAS  /tmp/ccuBf7um.s 			page 67


 3755 0f44 00       		.byte	0
 3756 0f45 00       		.byte	0
 3757 0f46 00       		.byte	0
 3758 0f47 00       		.byte	0
 3759 0f48 28       		.uleb128 0x28
 3760 0f49 98070000 		.4byte	.LASF123
 3761 0f4d C2       		.byte	0xc2
 3762 0f4e 08       		.byte	0x8
 3763 0f4f 42000000 		.4byte	0x42
 3764 0f53 00000000 		.4byte	.LFB227
 3765 0f57 D4000000 		.4byte	.LFE227-.LFB227
 3766 0f5b 01       		.uleb128 0x1
 3767 0f5c 9C       		.byte	0x9c
 3768 0f5d 22120000 		.4byte	0x1222
 3769 0f61 16       		.uleb128 0x16
 3770 0f62 69717000 		.ascii	"iqp\000"
 3771 0f66 C2       		.byte	0xc2
 3772 0f67 25       		.byte	0x25
 3773 0f68 B4070000 		.4byte	0x7b4
 3774 0f6c 61030000 		.4byte	.LLST28
 3775 0f70 51030000 		.4byte	.LVUS28
 3776 0f74 16       		.uleb128 0x16
 3777 0f75 627000   		.ascii	"bp\000"
 3778 0f78 C2       		.byte	0xc2
 3779 0f79 33       		.byte	0x33
 3780 0f7a E8060000 		.4byte	0x6e8
 3781 0f7e A0030000 		.4byte	.LLST29
 3782 0f82 94030000 		.4byte	.LVUS29
 3783 0f86 16       		.uleb128 0x16
 3784 0f87 6E00     		.ascii	"n\000"
 3785 0f89 C3       		.byte	0xc3
 3786 0f8a 1D       		.byte	0x1d
 3787 0f8b 42000000 		.4byte	0x42
 3788 0f8f D5030000 		.4byte	.LLST30
 3789 0f93 CB030000 		.4byte	.LVUS30
 3790 0f97 15       		.uleb128 0x15
 3791 0f98 9B030000 		.4byte	.LASF114
 3792 0f9c C3       		.byte	0xc3
 3793 0f9d 2A       		.byte	0x2a
 3794 0f9e 36010000 		.4byte	0x136
 3795 0fa2 0E040000 		.4byte	.LLST31
 3796 0fa6 FE030000 		.4byte	.LVUS31
 3797 0faa 21       		.uleb128 0x21
 3798 0fab 6E667900 		.ascii	"nfy\000"
 3799 0faf C4       		.byte	0xc4
 3800 0fb0 0D       		.byte	0xd
 3801 0fb1 76070000 		.4byte	0x776
 3802 0fb5 43040000 		.4byte	.LLST32
 3803 0fb9 41040000 		.4byte	.LVUS32
 3804 0fbd 21       		.uleb128 0x21
 3805 0fbe 7200     		.ascii	"r\000"
 3806 0fc0 C5       		.byte	0xc5
 3807 0fc1 0A       		.byte	0xa
 3808 0fc2 42000000 		.4byte	0x42
 3809 0fc6 53040000 		.4byte	.LLST33
 3810 0fca 4D040000 		.4byte	.LVUS33
 3811 0fce 25       		.uleb128 0x25
ARM GAS  /tmp/ccuBf7um.s 			page 68


 3812 0fcf DA050000 		.4byte	.LASF124
 3813 0fd3 32120000 		.4byte	0x1232
 3814 0fd7 05       		.uleb128 0x5
 3815 0fd8 03       		.byte	0x3
 3816 0fd9 00000000 		.4byte	__func__.1
 3817 0fdd 31       		.uleb128 0x31
 3818 0fde 33160000 		.4byte	0x1633
 3819 0fe2 14000000 		.4byte	.LBI216
 3820 0fe6 02       		.byte	.LVU165
 3821 0fe7 14000000 		.4byte	.LBB216
 3822 0feb 0A000000 		.4byte	.LBE216-.LBB216
 3823 0fef C9       		.byte	0xc9
 3824 0ff0 52100000 		.4byte	0x1052
 3825 0ff4 0F       		.uleb128 0xf
 3826 0ff5 86160000 		.4byte	0x1686
 3827 0ff9 14000000 		.4byte	.LBI218
 3828 0ffd 04       		.byte	.LVU167
 3829 0ffe 14000000 		.4byte	.LBB218
 3830 1002 0A000000 		.4byte	.LBE218-.LBB218
 3831 1006 02       		.byte	0x2
 3832 1007 ED01     		.2byte	0x1ed
 3833 1009 0E       		.uleb128 0xe
 3834 100a B0160000 		.4byte	0x16b0
 3835 100e 14000000 		.4byte	.LBI220
 3836 1012 06       		.byte	.LVU169
 3837 1013 14000000 		.4byte	.LBB220
 3838 1017 06000000 		.4byte	.LBE220-.LBB220
 3839 101b 05       		.byte	0x5
 3840 101c 5C01     		.2byte	0x15c
 3841 101e 03       		.byte	0x3
 3842 101f 47100000 		.4byte	0x1047
 3843 1023 0F       		.uleb128 0xf
 3844 1024 B8160000 		.4byte	0x16b8
 3845 1028 14000000 		.4byte	.LBI221
 3846 102c 08       		.byte	.LVU171
 3847 102d 14000000 		.4byte	.LBB221
 3848 1031 06000000 		.4byte	.LBE221-.LBB221
 3849 1035 06       		.byte	0x6
 3850 1036 BF01     		.2byte	0x1bf
 3851 1038 02       		.uleb128 0x2
 3852 1039 C2160000 		.4byte	0x16c2
 3853 103d 6F040000 		.4byte	.LLST34
 3854 1041 6D040000 		.4byte	.LVUS34
 3855 1045 00       		.byte	0
 3856 1046 00       		.byte	0
 3857 1047 06       		.uleb128 0x6
 3858 1048 1E000000 		.4byte	.LVL37
 3859 104c F2070000 		.4byte	0x7f2
 3860 1050 00       		.byte	0
 3861 1051 00       		.byte	0
 3862 1052 17       		.uleb128 0x17
 3863 1053 2B160000 		.4byte	0x162b
 3864 1057 5E000000 		.4byte	.LBI223
 3865 105b 01       		.byte	.LVU205
 3866 105c 75000000 		.4byte	.LLRL35
 3867 1060 DB       		.byte	0xdb
 3868 1061 05       		.byte	0x5
ARM GAS  /tmp/ccuBf7um.s 			page 69


 3869 1062 D3100000 		.4byte	0x10d3
 3870 1066 07       		.uleb128 0x7
 3871 1067 55160000 		.4byte	0x1655
 3872 106b 5E000000 		.4byte	.LBI224
 3873 106f 03       		.byte	.LVU207
 3874 1070 75000000 		.4byte	.LLRL35
 3875 1074 02       		.byte	0x2
 3876 1075 F801     		.2byte	0x1f8
 3877 1077 03       		.byte	0x3
 3878 1078 14       		.uleb128 0x14
 3879 1079 75000000 		.4byte	.LLRL35
 3880 107d 0A       		.uleb128 0xa
 3881 107e A8160000 		.4byte	0x16a8
 3882 1082 72000000 		.4byte	.LBI226
 3883 1086 02       		.byte	.LVU216
 3884 1087 86000000 		.4byte	.LLRL36
 3885 108b 05       		.byte	0x5
 3886 108c 7301     		.2byte	0x173
 3887 108e 03       		.byte	0x3
 3888 108f B4100000 		.4byte	0x10b4
 3889 1093 07       		.uleb128 0x7
 3890 1094 B8160000 		.4byte	0x16b8
 3891 1098 72000000 		.4byte	.LBI227
 3892 109c 04       		.byte	.LVU218
 3893 109d 86000000 		.4byte	.LLRL36
 3894 10a1 06       		.byte	0x6
 3895 10a2 CD01     		.2byte	0x1cd
 3896 10a4 03       		.byte	0x3
 3897 10a5 02       		.uleb128 0x2
 3898 10a6 C2160000 		.4byte	0x16c2
 3899 10aa 7C040000 		.4byte	.LLST37
 3900 10ae 7A040000 		.4byte	.LVUS37
 3901 10b2 00       		.byte	0
 3902 10b3 00       		.byte	0
 3903 10b4 06       		.uleb128 0x6
 3904 10b5 62000000 		.4byte	.LVL46
 3905 10b9 CC070000 		.4byte	0x7cc
 3906 10bd 0B       		.uleb128 0xb
 3907 10be AE000000 		.4byte	.LVL58
 3908 10c2 B9070000 		.4byte	0x7b9
 3909 10c6 05       		.uleb128 0x5
 3910 10c7 01       		.uleb128 0x1
 3911 10c8 50       		.byte	0x50
 3912 10c9 05       		.uleb128 0x5
 3913 10ca 03       		.byte	0x3
 3914 10cb 00000000 		.4byte	__func__.2
 3915 10cf 00       		.byte	0
 3916 10d0 00       		.byte	0
 3917 10d1 00       		.byte	0
 3918 10d2 00       		.byte	0
 3919 10d3 17       		.uleb128 0x17
 3920 10d4 E4150000 		.4byte	0x15e4
 3921 10d8 36000000 		.4byte	.LBI236
 3922 10dc 01       		.byte	.LVU187
 3923 10dd 92000000 		.4byte	.LLRL38
 3924 10e1 D0       		.byte	0xd0
 3925 10e2 0B       		.byte	0xb
ARM GAS  /tmp/ccuBf7um.s 			page 70


 3926 10e3 0B110000 		.4byte	0x110b
 3927 10e7 02       		.uleb128 0x2
 3928 10e8 03160000 		.4byte	0x1603
 3929 10ec 92040000 		.4byte	.LLST39
 3930 10f0 86040000 		.4byte	.LVUS39
 3931 10f4 02       		.uleb128 0x2
 3932 10f5 F6150000 		.4byte	0x15f6
 3933 10f9 C3040000 		.4byte	.LLST40
 3934 10fd B7040000 		.4byte	.LVUS40
 3935 1101 06       		.uleb128 0x6
 3936 1102 34000000 		.4byte	.LVL41
 3937 1106 D2070000 		.4byte	0x7d2
 3938 110a 00       		.byte	0
 3939 110b 17       		.uleb128 0x17
 3940 110c 33160000 		.4byte	0x1633
 3941 1110 7C000000 		.4byte	.LBI243
 3942 1114 01       		.byte	.LVU226
 3943 1115 A1000000 		.4byte	.LLRL41
 3944 1119 E2       		.byte	0xe2
 3945 111a 05       		.byte	0x5
 3946 111b 7D110000 		.4byte	0x117d
 3947 111f 0F       		.uleb128 0xf
 3948 1120 86160000 		.4byte	0x1686
 3949 1124 7C000000 		.4byte	.LBI245
 3950 1128 03       		.byte	.LVU228
 3951 1129 7C000000 		.4byte	.LBB245
 3952 112d 0A000000 		.4byte	.LBE245-.LBB245
 3953 1131 02       		.byte	0x2
 3954 1132 ED01     		.2byte	0x1ed
 3955 1134 0E       		.uleb128 0xe
 3956 1135 B0160000 		.4byte	0x16b0
 3957 1139 7C000000 		.4byte	.LBI247
 3958 113d 05       		.byte	.LVU230
 3959 113e 7C000000 		.4byte	.LBB247
 3960 1142 06000000 		.4byte	.LBE247-.LBB247
 3961 1146 05       		.byte	0x5
 3962 1147 5C01     		.2byte	0x15c
 3963 1149 03       		.byte	0x3
 3964 114a 72110000 		.4byte	0x1172
 3965 114e 0F       		.uleb128 0xf
 3966 114f B8160000 		.4byte	0x16b8
 3967 1153 7C000000 		.4byte	.LBI248
 3968 1157 07       		.byte	.LVU232
 3969 1158 7C000000 		.4byte	.LBB248
 3970 115c 06000000 		.4byte	.LBE248-.LBB248
 3971 1160 06       		.byte	0x6
 3972 1161 BF01     		.2byte	0x1bf
 3973 1163 02       		.uleb128 0x2
 3974 1164 C2160000 		.4byte	0x16c2
 3975 1168 EA040000 		.4byte	.LLST42
 3976 116c E8040000 		.4byte	.LVUS42
 3977 1170 00       		.byte	0
 3978 1171 00       		.byte	0
 3979 1172 06       		.uleb128 0x6
 3980 1173 86000000 		.4byte	.LVL52
 3981 1177 F2070000 		.4byte	0x7f2
 3982 117b 00       		.byte	0
ARM GAS  /tmp/ccuBf7um.s 			page 71


 3983 117c 00       		.byte	0
 3984 117d 17       		.uleb128 0x17
 3985 117e 2B160000 		.4byte	0x162b
 3986 1182 88000000 		.4byte	.LBI252
 3987 1186 02       		.byte	.LVU241
 3988 1187 AD000000 		.4byte	.LLRL43
 3989 118b D1       		.byte	0xd1
 3990 118c 09       		.byte	0x9
 3991 118d FE110000 		.4byte	0x11fe
 3992 1191 07       		.uleb128 0x7
 3993 1192 55160000 		.4byte	0x1655
 3994 1196 88000000 		.4byte	.LBI253
 3995 119a 04       		.byte	.LVU243
 3996 119b AD000000 		.4byte	.LLRL43
 3997 119f 02       		.byte	0x2
 3998 11a0 F801     		.2byte	0x1f8
 3999 11a2 03       		.byte	0x3
 4000 11a3 14       		.uleb128 0x14
 4001 11a4 AD000000 		.4byte	.LLRL43
 4002 11a8 0A       		.uleb128 0xa
 4003 11a9 A8160000 		.4byte	0x16a8
 4004 11ad 9C000000 		.4byte	.LBI255
 4005 11b1 02       		.byte	.LVU252
 4006 11b2 B9000000 		.4byte	.LLRL44
 4007 11b6 05       		.byte	0x5
 4008 11b7 7301     		.2byte	0x173
 4009 11b9 03       		.byte	0x3
 4010 11ba DF110000 		.4byte	0x11df
 4011 11be 07       		.uleb128 0x7
 4012 11bf B8160000 		.4byte	0x16b8
 4013 11c3 9C000000 		.4byte	.LBI256
 4014 11c7 04       		.byte	.LVU254
 4015 11c8 B9000000 		.4byte	.LLRL44
 4016 11cc 06       		.byte	0x6
 4017 11cd CD01     		.2byte	0x1cd
 4018 11cf 03       		.byte	0x3
 4019 11d0 02       		.uleb128 0x2
 4020 11d1 C2160000 		.4byte	0x16c2
 4021 11d5 F9040000 		.4byte	.LLST45
 4022 11d9 F5040000 		.4byte	.LVUS45
 4023 11dd 00       		.byte	0
 4024 11de 00       		.byte	0
 4025 11df 06       		.uleb128 0x6
 4026 11e0 8C000000 		.4byte	.LVL54
 4027 11e4 CC070000 		.4byte	0x7cc
 4028 11e8 0B       		.uleb128 0xb
 4029 11e9 B6000000 		.4byte	.LVL60
 4030 11ed B9070000 		.4byte	0x7b9
 4031 11f1 05       		.uleb128 0x5
 4032 11f2 01       		.uleb128 0x1
 4033 11f3 50       		.byte	0x50
 4034 11f4 05       		.uleb128 0x5
 4035 11f5 03       		.byte	0x3
 4036 11f6 00000000 		.4byte	__func__.2
 4037 11fa 00       		.byte	0
 4038 11fb 00       		.byte	0
 4039 11fc 00       		.byte	0
ARM GAS  /tmp/ccuBf7um.s 			page 72


 4040 11fd 00       		.byte	0
 4041 11fe 2C       		.uleb128 0x2c
 4042 11ff 2E000000 		.4byte	.LVL39
 4043 1203 0E120000 		.4byte	0x120e
 4044 1207 05       		.uleb128 0x5
 4045 1208 01       		.uleb128 0x1
 4046 1209 50       		.byte	0x50
 4047 120a 02       		.uleb128 0x2
 4048 120b 74       		.byte	0x74
 4049 120c 00       		.sleb128 0
 4050 120d 00       		.byte	0
 4051 120e 0B       		.uleb128 0xb
 4052 120f C4000000 		.4byte	.LVL64
 4053 1213 B9070000 		.4byte	0x7b9
 4054 1217 05       		.uleb128 0x5
 4055 1218 01       		.uleb128 0x1
 4056 1219 50       		.byte	0x50
 4057 121a 05       		.uleb128 0x5
 4058 121b 03       		.byte	0x3
 4059 121c 00000000 		.4byte	__func__.1
 4060 1220 00       		.byte	0
 4061 1221 00       		.byte	0
 4062 1222 1D       		.uleb128 0x1d
 4063 1223 AC060000 		.4byte	0x6ac
 4064 1227 32120000 		.4byte	0x1232
 4065 122b 1E       		.uleb128 0x1e
 4066 122c 2D000000 		.4byte	0x2d
 4067 1230 0D       		.byte	0xd
 4068 1231 00       		.byte	0
 4069 1232 1A       		.uleb128 0x1a
 4070 1233 22120000 		.4byte	0x1222
 4071 1237 28       		.uleb128 0x28
 4072 1238 08070000 		.4byte	.LASF125
 4073 123c 90       		.byte	0x90
 4074 123d 07       		.byte	0x7
 4075 123e 1E010000 		.4byte	0x11e
 4076 1242 00000000 		.4byte	.LFB226
 4077 1246 80000000 		.4byte	.LFE226-.LFB226
 4078 124a 01       		.uleb128 0x1
 4079 124b 9C       		.byte	0x9c
 4080 124c CE130000 		.4byte	0x13ce
 4081 1250 16       		.uleb128 0x16
 4082 1251 69717000 		.ascii	"iqp\000"
 4083 1255 90       		.byte	0x90
 4084 1256 23       		.byte	0x23
 4085 1257 B4070000 		.4byte	0x7b4
 4086 125b 19050000 		.4byte	.LLST14
 4087 125f 0B050000 		.4byte	.LVUS14
 4088 1263 15       		.uleb128 0x15
 4089 1264 9B030000 		.4byte	.LASF114
 4090 1268 90       		.byte	0x90
 4091 1269 32       		.byte	0x32
 4092 126a 36010000 		.4byte	0x136
 4093 126e 5A050000 		.4byte	.LLST15
 4094 1272 4C050000 		.4byte	.LVUS15
 4095 1276 21       		.uleb128 0x21
 4096 1277 6200     		.ascii	"b\000"
ARM GAS  /tmp/ccuBf7um.s 			page 73


 4097 1279 91       		.byte	0x91
 4098 127a 0B       		.byte	0xb
 4099 127b AD000000 		.4byte	0xad
 4100 127f 8F050000 		.4byte	.LLST16
 4101 1283 8D050000 		.4byte	.LVUS16
 4102 1287 2D       		.uleb128 0x2d
 4103 1288 42000000 		.4byte	.LLRL20
 4104 128c D8120000 		.4byte	0x12d8
 4105 1290 21       		.uleb128 0x21
 4106 1291 6D736700 		.ascii	"msg\000"
 4107 1295 99       		.byte	0x99
 4108 1296 0B       		.byte	0xb
 4109 1297 1E010000 		.4byte	0x11e
 4110 129b 9A050000 		.4byte	.LLST21
 4111 129f 98050000 		.4byte	.LVUS21
 4112 12a3 27       		.uleb128 0x27
 4113 12a4 E4150000 		.4byte	0x15e4
 4114 12a8 22000000 		.4byte	.LBI167
 4115 12ac 01       		.byte	.LVU104
 4116 12ad 4E000000 		.4byte	.LLRL22
 4117 12b1 99       		.byte	0x99
 4118 12b2 11       		.byte	0x11
 4119 12b3 02       		.uleb128 0x2
 4120 12b4 03160000 		.4byte	0x1603
 4121 12b8 AD050000 		.4byte	.LLST23
 4122 12bc A3050000 		.4byte	.LVUS23
 4123 12c0 02       		.uleb128 0x2
 4124 12c1 F6150000 		.4byte	0x15f6
 4125 12c5 D4050000 		.4byte	.LLST24
 4126 12c9 CC050000 		.4byte	.LVUS24
 4127 12cd 06       		.uleb128 0x6
 4128 12ce 1E000000 		.4byte	.LVL20
 4129 12d2 D2070000 		.4byte	0x7d2
 4130 12d6 00       		.byte	0
 4131 12d7 00       		.byte	0
 4132 12d8 17       		.uleb128 0x17
 4133 12d9 33160000 		.4byte	0x1633
 4134 12dd 00000000 		.4byte	.LBI148
 4135 12e1 03       		.byte	.LVU79
 4136 12e2 24000000 		.4byte	.LLRL17
 4137 12e6 93       		.byte	0x93
 4138 12e7 03       		.byte	0x3
 4139 12e8 40130000 		.4byte	0x1340
 4140 12ec 07       		.uleb128 0x7
 4141 12ed 86160000 		.4byte	0x1686
 4142 12f1 00000000 		.4byte	.LBI149
 4143 12f5 05       		.byte	.LVU81
 4144 12f6 24000000 		.4byte	.LLRL17
 4145 12fa 02       		.byte	0x2
 4146 12fb ED01     		.2byte	0x1ed
 4147 12fd 03       		.byte	0x3
 4148 12fe 0A       		.uleb128 0xa
 4149 12ff B0160000 		.4byte	0x16b0
 4150 1303 00000000 		.4byte	.LBI151
 4151 1307 07       		.byte	.LVU83
 4152 1308 33000000 		.4byte	.LLRL18
 4153 130c 05       		.byte	0x5
ARM GAS  /tmp/ccuBf7um.s 			page 74


 4154 130d 5C01     		.2byte	0x15c
 4155 130f 03       		.byte	0x3
 4156 1310 35130000 		.4byte	0x1335
 4157 1314 07       		.uleb128 0x7
 4158 1315 B8160000 		.4byte	0x16b8
 4159 1319 00000000 		.4byte	.LBI152
 4160 131d 09       		.byte	.LVU85
 4161 131e 33000000 		.4byte	.LLRL18
 4162 1322 06       		.byte	0x6
 4163 1323 BF01     		.2byte	0x1bf
 4164 1325 03       		.byte	0x3
 4165 1326 02       		.uleb128 0x2
 4166 1327 C2160000 		.4byte	0x16c2
 4167 132b F0050000 		.4byte	.LLST19
 4168 132f EE050000 		.4byte	.LVUS19
 4169 1333 00       		.byte	0
 4170 1334 00       		.byte	0
 4171 1335 06       		.uleb128 0x6
 4172 1336 10000000 		.4byte	.LVL17
 4173 133a F2070000 		.4byte	0x7f2
 4174 133e 00       		.byte	0
 4175 133f 00       		.byte	0
 4176 1340 17       		.uleb128 0x17
 4177 1341 2B160000 		.4byte	0x162b
 4178 1345 46000000 		.4byte	.LBI174
 4179 1349 01       		.byte	.LVU124
 4180 134a 5D000000 		.4byte	.LLRL25
 4181 134e A5       		.byte	0xa5
 4182 134f 03       		.byte	0x3
 4183 1350 C1130000 		.4byte	0x13c1
 4184 1354 07       		.uleb128 0x7
 4185 1355 55160000 		.4byte	0x1655
 4186 1359 46000000 		.4byte	.LBI175
 4187 135d 03       		.byte	.LVU126
 4188 135e 5D000000 		.4byte	.LLRL25
 4189 1362 02       		.byte	0x2
 4190 1363 F801     		.2byte	0x1f8
 4191 1365 03       		.byte	0x3
 4192 1366 14       		.uleb128 0x14
 4193 1367 5D000000 		.4byte	.LLRL25
 4194 136b 0A       		.uleb128 0xa
 4195 136c A8160000 		.4byte	0x16a8
 4196 1370 5C000000 		.4byte	.LBI177
 4197 1374 02       		.byte	.LVU135
 4198 1375 69000000 		.4byte	.LLRL26
 4199 1379 05       		.byte	0x5
 4200 137a 7301     		.2byte	0x173
 4201 137c 03       		.byte	0x3
 4202 137d A2130000 		.4byte	0x13a2
 4203 1381 07       		.uleb128 0x7
 4204 1382 B8160000 		.4byte	0x16b8
 4205 1386 5C000000 		.4byte	.LBI178
 4206 138a 04       		.byte	.LVU137
 4207 138b 69000000 		.4byte	.LLRL26
 4208 138f 06       		.byte	0x6
 4209 1390 CD01     		.2byte	0x1cd
 4210 1392 03       		.byte	0x3
ARM GAS  /tmp/ccuBf7um.s 			page 75


 4211 1393 02       		.uleb128 0x2
 4212 1394 C2160000 		.4byte	0x16c2
 4213 1398 FF050000 		.4byte	.LLST27
 4214 139c FB050000 		.4byte	.LVUS27
 4215 13a0 00       		.byte	0
 4216 13a1 00       		.byte	0
 4217 13a2 06       		.uleb128 0x6
 4218 13a3 4A000000 		.4byte	.LVL26
 4219 13a7 CC070000 		.4byte	0x7cc
 4220 13ab 0B       		.uleb128 0xb
 4221 13ac 6C000000 		.4byte	.LVL30
 4222 13b0 B9070000 		.4byte	0x7b9
 4223 13b4 05       		.uleb128 0x5
 4224 13b5 01       		.uleb128 0x1
 4225 13b6 50       		.byte	0x50
 4226 13b7 05       		.uleb128 0x5
 4227 13b8 03       		.byte	0x3
 4228 13b9 00000000 		.4byte	__func__.2
 4229 13bd 00       		.byte	0
 4230 13be 00       		.byte	0
 4231 13bf 00       		.byte	0
 4232 13c0 00       		.byte	0
 4233 13c1 2E       		.uleb128 0x2e
 4234 13c2 18000000 		.4byte	.LVL18
 4235 13c6 05       		.uleb128 0x5
 4236 13c7 01       		.uleb128 0x1
 4237 13c8 50       		.byte	0x50
 4238 13c9 02       		.uleb128 0x2
 4239 13ca 75       		.byte	0x75
 4240 13cb 00       		.sleb128 0
 4241 13cc 00       		.byte	0
 4242 13cd 00       		.byte	0
 4243 13ce 28       		.uleb128 0x28
 4244 13cf 94030000 		.4byte	.LASF126
 4245 13d3 69       		.byte	0x69
 4246 13d4 07       		.byte	0x7
 4247 13d5 1E010000 		.4byte	0x11e
 4248 13d9 00000000 		.4byte	.LFB225
 4249 13dd 42000000 		.4byte	.LFE225-.LFB225
 4250 13e1 01       		.uleb128 0x1
 4251 13e2 9C       		.byte	0x9c
 4252 13e3 5C140000 		.4byte	0x145c
 4253 13e7 16       		.uleb128 0x16
 4254 13e8 69717000 		.ascii	"iqp\000"
 4255 13ec 69       		.byte	0x69
 4256 13ed 1D       		.byte	0x1d
 4257 13ee B4070000 		.4byte	0x7b4
 4258 13f2 15060000 		.4byte	.LLST10
 4259 13f6 11060000 		.4byte	.LVUS10
 4260 13fa 16       		.uleb128 0x16
 4261 13fb 6200     		.ascii	"b\000"
 4262 13fd 69       		.byte	0x69
 4263 13fe 2A       		.byte	0x2a
 4264 13ff AD000000 		.4byte	0xad
 4265 1403 2B060000 		.4byte	.LLST11
 4266 1407 25060000 		.4byte	.LVUS11
 4267 140b 31       		.uleb128 0x31
ARM GAS  /tmp/ccuBf7um.s 			page 76


 4268 140c BD150000 		.4byte	0x15bd
 4269 1410 2A000000 		.4byte	.LBI123
 4270 1414 01       		.byte	.LVU66
 4271 1415 2A000000 		.4byte	.LBB123
 4272 1419 08000000 		.4byte	.LBE123-.LBB123
 4273 141d 77       		.byte	0x77
 4274 141e 52140000 		.4byte	0x1452
 4275 1422 02       		.uleb128 0x2
 4276 1423 D6150000 		.4byte	0x15d6
 4277 1427 4B060000 		.4byte	.LLST12
 4278 142b 49060000 		.4byte	.LVUS12
 4279 142f 02       		.uleb128 0x2
 4280 1430 C9150000 		.4byte	0x15c9
 4281 1434 57060000 		.4byte	.LLST13
 4282 1438 55060000 		.4byte	.LVUS13
 4283 143c 0B       		.uleb128 0xb
 4284 143d 32000000 		.4byte	.LVL13
 4285 1441 F8070000 		.4byte	0x7f8
 4286 1445 05       		.uleb128 0x5
 4287 1446 01       		.uleb128 0x1
 4288 1447 50       		.byte	0x50
 4289 1448 02       		.uleb128 0x2
 4290 1449 74       		.byte	0x74
 4291 144a 00       		.sleb128 0
 4292 144b 05       		.uleb128 0x5
 4293 144c 01       		.uleb128 0x1
 4294 144d 51       		.byte	0x51
 4295 144e 01       		.uleb128 0x1
 4296 144f 30       		.byte	0x30
 4297 1450 00       		.byte	0
 4298 1451 00       		.byte	0
 4299 1452 06       		.uleb128 0x6
 4300 1453 0A000000 		.4byte	.LVL11
 4301 1457 22080000 		.4byte	0x822
 4302 145b 00       		.byte	0
 4303 145c 26       		.uleb128 0x26
 4304 145d 2D000000 		.4byte	.LASF127
 4305 1461 52       		.byte	0x52
 4306 1462 00000000 		.4byte	.LFB224
 4307 1466 20000000 		.4byte	.LFE224-.LFB224
 4308 146a 01       		.uleb128 0x1
 4309 146b 9C       		.byte	0x9c
 4310 146c D1140000 		.4byte	0x14d1
 4311 1470 16       		.uleb128 0x16
 4312 1471 69717000 		.ascii	"iqp\000"
 4313 1475 52       		.byte	0x52
 4314 1476 1E       		.byte	0x1e
 4315 1477 B4070000 		.4byte	0x7b4
 4316 147b 68060000 		.4byte	.LLST7
 4317 147f 60060000 		.4byte	.LVUS7
 4318 1483 17       		.uleb128 0x17
 4319 1484 96150000 		.4byte	0x1596
 4320 1488 12000000 		.4byte	.LBI119
 4321 148c 01       		.byte	.LVU41
 4322 148d 18000000 		.4byte	.LLRL8
 4323 1491 59       		.byte	0x59
 4324 1492 03       		.byte	0x3
ARM GAS  /tmp/ccuBf7um.s 			page 77


 4325 1493 C7140000 		.4byte	0x14c7
 4326 1497 2F       		.uleb128 0x2f
 4327 1498 AF150000 		.4byte	0x15af
 4328 149c 02       		.uleb128 0x2
 4329 149d A2150000 		.4byte	0x15a2
 4330 14a1 91060000 		.4byte	.LLST9
 4331 14a5 8B060000 		.4byte	.LVUS9
 4332 14a9 30       		.uleb128 0x30
 4333 14aa 20000000 		.4byte	.LVL9
 4334 14ae 0D080000 		.4byte	0x80d
 4335 14b2 05       		.uleb128 0x5
 4336 14b3 01       		.uleb128 0x1
 4337 14b4 50       		.byte	0x50
 4338 14b5 09       		.uleb128 0x9
 4339 14b6 A3       		.byte	0xa3
 4340 14b7 03       		.uleb128 0x3
 4341 14b8 A5       		.byte	0xa5
 4342 14b9 00       		.uleb128 0
 4343 14ba 26       		.uleb128 0x26
 4344 14bb A8       		.byte	0xa8
 4345 14bc 2D       		.uleb128 0x2d
 4346 14bd A8       		.byte	0xa8
 4347 14be 00       		.uleb128 0
 4348 14bf 05       		.uleb128 0x5
 4349 14c0 01       		.uleb128 0x1
 4350 14c1 51       		.byte	0x51
 4351 14c2 02       		.uleb128 0x2
 4352 14c3 09       		.byte	0x9
 4353 14c4 FE       		.byte	0xfe
 4354 14c5 00       		.byte	0
 4355 14c6 00       		.byte	0
 4356 14c7 06       		.uleb128 0x6
 4357 14c8 08000000 		.4byte	.LVL6
 4358 14cc 22080000 		.4byte	0x822
 4359 14d0 00       		.byte	0
 4360 14d1 26       		.uleb128 0x26
 4361 14d2 D5000000 		.4byte	.LASF128
 4362 14d6 3A       		.byte	0x3a
 4363 14d7 00000000 		.4byte	.LFB223
 4364 14db 20000000 		.4byte	.LFE223-.LFB223
 4365 14df 01       		.uleb128 0x1
 4366 14e0 9C       		.byte	0x9c
 4367 14e1 96150000 		.4byte	0x1596
 4368 14e5 20       		.uleb128 0x20
 4369 14e6 69717000 		.ascii	"iqp\000"
 4370 14ea 3A       		.byte	0x3a
 4371 14eb 22       		.byte	0x22
 4372 14ec B4070000 		.4byte	0x7b4
 4373 14f0 01       		.uleb128 0x1
 4374 14f1 50       		.byte	0x50
 4375 14f2 20       		.uleb128 0x20
 4376 14f3 627000   		.ascii	"bp\000"
 4377 14f6 3A       		.byte	0x3a
 4378 14f7 30       		.byte	0x30
 4379 14f8 E8060000 		.4byte	0x6e8
 4380 14fc 01       		.uleb128 0x1
 4381 14fd 51       		.byte	0x51
ARM GAS  /tmp/ccuBf7um.s 			page 78


 4382 14fe 15       		.uleb128 0x15
 4383 14ff 5B020000 		.4byte	.LASF120
 4384 1503 3A       		.byte	0x3a
 4385 1504 3B       		.byte	0x3b
 4386 1505 42000000 		.4byte	0x42
 4387 1509 B3060000 		.4byte	.LLST0
 4388 150d AF060000 		.4byte	.LVUS0
 4389 1511 15       		.uleb128 0x15
 4390 1512 CD050000 		.4byte	.LASF129
 4391 1516 3B       		.byte	0x3b
 4392 1517 1D       		.byte	0x1d
 4393 1518 76070000 		.4byte	0x776
 4394 151c D0060000 		.4byte	.LLST1
 4395 1520 CC060000 		.4byte	.LVUS1
 4396 1524 15       		.uleb128 0x15
 4397 1525 28030000 		.4byte	.LASF122
 4398 1529 3B       		.byte	0x3b
 4399 152a 29       		.byte	0x29
 4400 152b D3020000 		.4byte	0x2d3
 4401 152f E5060000 		.4byte	.LLST2
 4402 1533 E1060000 		.4byte	.LVUS2
 4403 1537 27       		.uleb128 0x27
 4404 1538 11160000 		.4byte	0x1611
 4405 153c 00000000 		.4byte	.LBI111
 4406 1540 02       		.byte	.LVU2
 4407 1541 0C000000 		.4byte	.LLRL3
 4408 1545 3D       		.byte	0x3d
 4409 1546 03       		.byte	0x3
 4410 1547 02       		.uleb128 0x2
 4411 1548 1D160000 		.4byte	0x161d
 4412 154c F9060000 		.4byte	.LLST4
 4413 1550 F7060000 		.4byte	.LVUS4
 4414 1554 07       		.uleb128 0x7
 4415 1555 3B160000 		.4byte	0x163b
 4416 1559 00000000 		.4byte	.LBI112
 4417 155d 04       		.byte	.LVU4
 4418 155e 0C000000 		.4byte	.LLRL3
 4419 1562 02       		.byte	0x2
 4420 1563 F302     		.2byte	0x2f3
 4421 1565 03       		.byte	0x3
 4422 1566 02       		.uleb128 0x2
 4423 1567 47160000 		.4byte	0x1647
 4424 156b 04070000 		.4byte	.LLST5
 4425 156f 02070000 		.4byte	.LVUS5
 4426 1573 07       		.uleb128 0x7
 4427 1574 8E160000 		.4byte	0x168e
 4428 1578 00000000 		.4byte	.LBI113
 4429 157c 06       		.byte	.LVU6
 4430 157d 0C000000 		.4byte	.LLRL3
 4431 1581 03       		.byte	0x3
 4432 1582 1801     		.2byte	0x118
 4433 1584 03       		.byte	0x3
 4434 1585 02       		.uleb128 0x2
 4435 1586 9A160000 		.4byte	0x169a
 4436 158a 0F070000 		.4byte	.LLST6
 4437 158e 0D070000 		.4byte	.LVUS6
 4438 1592 00       		.byte	0
ARM GAS  /tmp/ccuBf7um.s 			page 79


 4439 1593 00       		.byte	0
 4440 1594 00       		.byte	0
 4441 1595 00       		.byte	0
 4442 1596 19       		.uleb128 0x19
 4443 1597 4C070000 		.4byte	.LASF130
 4444 159b 02       		.byte	0x2
 4445 159c 2803     		.2byte	0x328
 4446 159e BD150000 		.4byte	0x15bd
 4447 15a2 11       		.uleb128 0x11
 4448 15a3 74717000 		.ascii	"tqp\000"
 4449 15a7 02       		.byte	0x2
 4450 15a8 2803     		.2byte	0x328
 4451 15aa 3B       		.byte	0x3b
 4452 15ab ED070000 		.4byte	0x7ed
 4453 15af 11       		.uleb128 0x11
 4454 15b0 6D736700 		.ascii	"msg\000"
 4455 15b4 02       		.byte	0x2
 4456 15b5 2803     		.2byte	0x328
 4457 15b7 46       		.byte	0x46
 4458 15b8 1E010000 		.4byte	0x11e
 4459 15bc 00       		.byte	0
 4460 15bd 19       		.uleb128 0x19
 4461 15be 44020000 		.4byte	.LASF131
 4462 15c2 02       		.byte	0x2
 4463 15c3 1B03     		.2byte	0x31b
 4464 15c5 E4150000 		.4byte	0x15e4
 4465 15c9 11       		.uleb128 0x11
 4466 15ca 74717000 		.ascii	"tqp\000"
 4467 15ce 02       		.byte	0x2
 4468 15cf 1B03     		.2byte	0x31b
 4469 15d1 3C       		.byte	0x3c
 4470 15d2 ED070000 		.4byte	0x7ed
 4471 15d6 11       		.uleb128 0x11
 4472 15d7 6D736700 		.ascii	"msg\000"
 4473 15db 02       		.byte	0x2
 4474 15dc 1B03     		.2byte	0x31b
 4475 15de 47       		.byte	0x47
 4476 15df 1E010000 		.4byte	0x11e
 4477 15e3 00       		.byte	0
 4478 15e4 3E       		.uleb128 0x3e
 4479 15e5 27040000 		.4byte	.LASF147
 4480 15e9 02       		.byte	0x2
 4481 15ea 0D03     		.2byte	0x30d
 4482 15ec 15       		.byte	0x15
 4483 15ed 1E010000 		.4byte	0x11e
 4484 15f1 03       		.byte	0x3
 4485 15f2 11160000 		.4byte	0x1611
 4486 15f6 11       		.uleb128 0x11
 4487 15f7 74717000 		.ascii	"tqp\000"
 4488 15fb 02       		.byte	0x2
 4489 15fc 0D03     		.2byte	0x30d
 4490 15fe 40       		.byte	0x40
 4491 15ff ED070000 		.4byte	0x7ed
 4492 1603 32       		.uleb128 0x32
 4493 1604 F4040000 		.4byte	.LASF132
 4494 1608 02       		.byte	0x2
 4495 1609 0E03     		.2byte	0x30e
ARM GAS  /tmp/ccuBf7um.s 			page 80


 4496 160b 39       		.byte	0x39
 4497 160c 36010000 		.4byte	0x136
 4498 1610 00       		.byte	0
 4499 1611 19       		.uleb128 0x19
 4500 1612 C1060000 		.4byte	.LASF133
 4501 1616 02       		.byte	0x2
 4502 1617 F102     		.2byte	0x2f1
 4503 1619 2B160000 		.4byte	0x162b
 4504 161d 11       		.uleb128 0x11
 4505 161e 74717000 		.ascii	"tqp\000"
 4506 1622 02       		.byte	0x2
 4507 1623 F102     		.2byte	0x2f1
 4508 1625 3F       		.byte	0x3f
 4509 1626 ED070000 		.4byte	0x7ed
 4510 162a 00       		.byte	0
 4511 162b 1B       		.uleb128 0x1b
 4512 162c ED050000 		.4byte	.LASF134
 4513 1630 02       		.byte	0x2
 4514 1631 F601     		.2byte	0x1f6
 4515 1633 1B       		.uleb128 0x1b
 4516 1634 2D030000 		.4byte	.LASF135
 4517 1638 02       		.byte	0x2
 4518 1639 EB01     		.2byte	0x1eb
 4519 163b 19       		.uleb128 0x19
 4520 163c 64040000 		.4byte	.LASF136
 4521 1640 03       		.byte	0x3
 4522 1641 1601     		.2byte	0x116
 4523 1643 55160000 		.4byte	0x1655
 4524 1647 11       		.uleb128 0x11
 4525 1648 74717000 		.ascii	"tqp\000"
 4526 164c 03       		.byte	0x3
 4527 164d 1601     		.2byte	0x116
 4528 164f 3A       		.byte	0x3a
 4529 1650 ED070000 		.4byte	0x7ed
 4530 1654 00       		.byte	0
 4531 1655 19       		.uleb128 0x19
 4532 1656 75070000 		.4byte	.LASF137
 4533 165a 05       		.byte	0x5
 4534 165b 6601     		.2byte	0x166
 4535 165d 71160000 		.4byte	0x1671
 4536 1661 25       		.uleb128 0x25
 4537 1662 DA050000 		.4byte	.LASF124
 4538 1666 81160000 		.4byte	0x1681
 4539 166a 05       		.uleb128 0x5
 4540 166b 03       		.byte	0x3
 4541 166c 00000000 		.4byte	__func__.2
 4542 1670 00       		.byte	0
 4543 1671 1D       		.uleb128 0x1d
 4544 1672 AC060000 		.4byte	0x6ac
 4545 1676 81160000 		.4byte	0x1681
 4546 167a 1E       		.uleb128 0x1e
 4547 167b 2D000000 		.4byte	0x2d
 4548 167f 0B       		.byte	0xb
 4549 1680 00       		.byte	0
 4550 1681 1A       		.uleb128 0x1a
 4551 1682 71160000 		.4byte	0x1671
 4552 1686 1B       		.uleb128 0x1b
ARM GAS  /tmp/ccuBf7um.s 			page 81


 4553 1687 E3050000 		.4byte	.LASF138
 4554 168b 05       		.byte	0x5
 4555 168c 5A01     		.2byte	0x15a
 4556 168e 19       		.uleb128 0x19
 4557 168f 75000000 		.4byte	.LASF139
 4558 1693 04       		.byte	0x4
 4559 1694 5A02     		.2byte	0x25a
 4560 1696 A8160000 		.4byte	0x16a8
 4561 169a 11       		.uleb128 0x11
 4562 169b 74717000 		.ascii	"tqp\000"
 4563 169f 04       		.byte	0x4
 4564 16a0 5A02     		.2byte	0x25a
 4565 16a2 30       		.byte	0x30
 4566 16a3 ED070000 		.4byte	0x7ed
 4567 16a7 00       		.byte	0
 4568 16a8 1B       		.uleb128 0x1b
 4569 16a9 6F020000 		.4byte	.LASF140
 4570 16ad 06       		.byte	0x6
 4571 16ae CA01     		.2byte	0x1ca
 4572 16b0 1B       		.uleb128 0x1b
 4573 16b1 80000000 		.4byte	.LASF141
 4574 16b5 06       		.byte	0x6
 4575 16b6 BC01     		.2byte	0x1bc
 4576 16b8 3F       		.uleb128 0x3f
 4577 16b9 9A060000 		.4byte	.LASF148
 4578 16bd 07       		.byte	0x7
 4579 16be 2002     		.2byte	0x220
 4580 16c0 39       		.byte	0x39
 4581 16c1 03       		.byte	0x3
 4582 16c2 32       		.uleb128 0x32
 4583 16c3 47030000 		.4byte	.LASF142
 4584 16c7 07       		.byte	0x7
 4585 16c8 2002     		.2byte	0x220
 4586 16ca 50       		.byte	0x50
 4587 16cb CA000000 		.4byte	0xca
 4588 16cf 00       		.byte	0
 4589 16d0 00       		.byte	0
 4590              		.section	.debug_abbrev,"",%progbits
 4591              	.Ldebug_abbrev0:
 4592 0000 01       		.uleb128 0x1
 4593 0001 16       		.uleb128 0x16
 4594 0002 00       		.byte	0
 4595 0003 03       		.uleb128 0x3
 4596 0004 0E       		.uleb128 0xe
 4597 0005 3A       		.uleb128 0x3a
 4598 0006 0B       		.uleb128 0xb
 4599 0007 3B       		.uleb128 0x3b
 4600 0008 0B       		.uleb128 0xb
 4601 0009 39       		.uleb128 0x39
 4602 000a 0B       		.uleb128 0xb
 4603 000b 49       		.uleb128 0x49
 4604 000c 13       		.uleb128 0x13
 4605 000d 00       		.byte	0
 4606 000e 00       		.byte	0
 4607 000f 02       		.uleb128 0x2
 4608 0010 05       		.uleb128 0x5
 4609 0011 00       		.byte	0
ARM GAS  /tmp/ccuBf7um.s 			page 82


 4610 0012 31       		.uleb128 0x31
 4611 0013 13       		.uleb128 0x13
 4612 0014 02       		.uleb128 0x2
 4613 0015 17       		.uleb128 0x17
 4614 0016 B742     		.uleb128 0x2137
 4615 0018 17       		.uleb128 0x17
 4616 0019 00       		.byte	0
 4617 001a 00       		.byte	0
 4618 001b 03       		.uleb128 0x3
 4619 001c 0D       		.uleb128 0xd
 4620 001d 00       		.byte	0
 4621 001e 03       		.uleb128 0x3
 4622 001f 0E       		.uleb128 0xe
 4623 0020 3A       		.uleb128 0x3a
 4624 0021 0B       		.uleb128 0xb
 4625 0022 3B       		.uleb128 0x3b
 4626 0023 0B       		.uleb128 0xb
 4627 0024 39       		.uleb128 0x39
 4628 0025 0B       		.uleb128 0xb
 4629 0026 49       		.uleb128 0x49
 4630 0027 13       		.uleb128 0x13
 4631 0028 38       		.uleb128 0x38
 4632 0029 0B       		.uleb128 0xb
 4633 002a 00       		.byte	0
 4634 002b 00       		.byte	0
 4635 002c 04       		.uleb128 0x4
 4636 002d 0D       		.uleb128 0xd
 4637 002e 00       		.byte	0
 4638 002f 03       		.uleb128 0x3
 4639 0030 0E       		.uleb128 0xe
 4640 0031 3A       		.uleb128 0x3a
 4641 0032 21       		.uleb128 0x21
 4642 0033 04       		.sleb128 4
 4643 0034 3B       		.uleb128 0x3b
 4644 0035 05       		.uleb128 0x5
 4645 0036 39       		.uleb128 0x39
 4646 0037 0B       		.uleb128 0xb
 4647 0038 49       		.uleb128 0x49
 4648 0039 13       		.uleb128 0x13
 4649 003a 38       		.uleb128 0x38
 4650 003b 0B       		.uleb128 0xb
 4651 003c 00       		.byte	0
 4652 003d 00       		.byte	0
 4653 003e 05       		.uleb128 0x5
 4654 003f 49       		.uleb128 0x49
 4655 0040 00       		.byte	0
 4656 0041 02       		.uleb128 0x2
 4657 0042 18       		.uleb128 0x18
 4658 0043 7E       		.uleb128 0x7e
 4659 0044 18       		.uleb128 0x18
 4660 0045 00       		.byte	0
 4661 0046 00       		.byte	0
 4662 0047 06       		.uleb128 0x6
 4663 0048 48       		.uleb128 0x48
 4664 0049 00       		.byte	0
 4665 004a 7D       		.uleb128 0x7d
 4666 004b 01       		.uleb128 0x1
ARM GAS  /tmp/ccuBf7um.s 			page 83


 4667 004c 7F       		.uleb128 0x7f
 4668 004d 13       		.uleb128 0x13
 4669 004e 00       		.byte	0
 4670 004f 00       		.byte	0
 4671 0050 07       		.uleb128 0x7
 4672 0051 1D       		.uleb128 0x1d
 4673 0052 01       		.byte	0x1
 4674 0053 31       		.uleb128 0x31
 4675 0054 13       		.uleb128 0x13
 4676 0055 52       		.uleb128 0x52
 4677 0056 01       		.uleb128 0x1
 4678 0057 B842     		.uleb128 0x2138
 4679 0059 0B       		.uleb128 0xb
 4680 005a 55       		.uleb128 0x55
 4681 005b 17       		.uleb128 0x17
 4682 005c 58       		.uleb128 0x58
 4683 005d 0B       		.uleb128 0xb
 4684 005e 59       		.uleb128 0x59
 4685 005f 05       		.uleb128 0x5
 4686 0060 57       		.uleb128 0x57
 4687 0061 0B       		.uleb128 0xb
 4688 0062 00       		.byte	0
 4689 0063 00       		.byte	0
 4690 0064 08       		.uleb128 0x8
 4691 0065 0D       		.uleb128 0xd
 4692 0066 00       		.byte	0
 4693 0067 03       		.uleb128 0x3
 4694 0068 08       		.uleb128 0x8
 4695 0069 3A       		.uleb128 0x3a
 4696 006a 0B       		.uleb128 0xb
 4697 006b 3B       		.uleb128 0x3b
 4698 006c 05       		.uleb128 0x5
 4699 006d 39       		.uleb128 0x39
 4700 006e 0B       		.uleb128 0xb
 4701 006f 49       		.uleb128 0x49
 4702 0070 13       		.uleb128 0x13
 4703 0071 38       		.uleb128 0x38
 4704 0072 0B       		.uleb128 0xb
 4705 0073 00       		.byte	0
 4706 0074 00       		.byte	0
 4707 0075 09       		.uleb128 0x9
 4708 0076 0F       		.uleb128 0xf
 4709 0077 00       		.byte	0
 4710 0078 0B       		.uleb128 0xb
 4711 0079 21       		.uleb128 0x21
 4712 007a 04       		.sleb128 4
 4713 007b 49       		.uleb128 0x49
 4714 007c 13       		.uleb128 0x13
 4715 007d 00       		.byte	0
 4716 007e 00       		.byte	0
 4717 007f 0A       		.uleb128 0xa
 4718 0080 1D       		.uleb128 0x1d
 4719 0081 01       		.byte	0x1
 4720 0082 31       		.uleb128 0x31
 4721 0083 13       		.uleb128 0x13
 4722 0084 52       		.uleb128 0x52
 4723 0085 01       		.uleb128 0x1
ARM GAS  /tmp/ccuBf7um.s 			page 84


 4724 0086 B842     		.uleb128 0x2138
 4725 0088 0B       		.uleb128 0xb
 4726 0089 55       		.uleb128 0x55
 4727 008a 17       		.uleb128 0x17
 4728 008b 58       		.uleb128 0x58
 4729 008c 0B       		.uleb128 0xb
 4730 008d 59       		.uleb128 0x59
 4731 008e 05       		.uleb128 0x5
 4732 008f 57       		.uleb128 0x57
 4733 0090 0B       		.uleb128 0xb
 4734 0091 01       		.uleb128 0x1
 4735 0092 13       		.uleb128 0x13
 4736 0093 00       		.byte	0
 4737 0094 00       		.byte	0
 4738 0095 0B       		.uleb128 0xb
 4739 0096 48       		.uleb128 0x48
 4740 0097 01       		.byte	0x1
 4741 0098 7D       		.uleb128 0x7d
 4742 0099 01       		.uleb128 0x1
 4743 009a 7F       		.uleb128 0x7f
 4744 009b 13       		.uleb128 0x13
 4745 009c 00       		.byte	0
 4746 009d 00       		.byte	0
 4747 009e 0C       		.uleb128 0xc
 4748 009f 24       		.uleb128 0x24
 4749 00a0 00       		.byte	0
 4750 00a1 0B       		.uleb128 0xb
 4751 00a2 0B       		.uleb128 0xb
 4752 00a3 3E       		.uleb128 0x3e
 4753 00a4 0B       		.uleb128 0xb
 4754 00a5 03       		.uleb128 0x3
 4755 00a6 0E       		.uleb128 0xe
 4756 00a7 00       		.byte	0
 4757 00a8 00       		.byte	0
 4758 00a9 0D       		.uleb128 0xd
 4759 00aa 0D       		.uleb128 0xd
 4760 00ab 00       		.byte	0
 4761 00ac 03       		.uleb128 0x3
 4762 00ad 08       		.uleb128 0x8
 4763 00ae 3A       		.uleb128 0x3a
 4764 00af 0B       		.uleb128 0xb
 4765 00b0 3B       		.uleb128 0x3b
 4766 00b1 0B       		.uleb128 0xb
 4767 00b2 39       		.uleb128 0x39
 4768 00b3 0B       		.uleb128 0xb
 4769 00b4 49       		.uleb128 0x49
 4770 00b5 13       		.uleb128 0x13
 4771 00b6 38       		.uleb128 0x38
 4772 00b7 0B       		.uleb128 0xb
 4773 00b8 00       		.byte	0
 4774 00b9 00       		.byte	0
 4775 00ba 0E       		.uleb128 0xe
 4776 00bb 1D       		.uleb128 0x1d
 4777 00bc 01       		.byte	0x1
 4778 00bd 31       		.uleb128 0x31
 4779 00be 13       		.uleb128 0x13
 4780 00bf 52       		.uleb128 0x52
ARM GAS  /tmp/ccuBf7um.s 			page 85


 4781 00c0 01       		.uleb128 0x1
 4782 00c1 B842     		.uleb128 0x2138
 4783 00c3 0B       		.uleb128 0xb
 4784 00c4 11       		.uleb128 0x11
 4785 00c5 01       		.uleb128 0x1
 4786 00c6 12       		.uleb128 0x12
 4787 00c7 06       		.uleb128 0x6
 4788 00c8 58       		.uleb128 0x58
 4789 00c9 0B       		.uleb128 0xb
 4790 00ca 59       		.uleb128 0x59
 4791 00cb 05       		.uleb128 0x5
 4792 00cc 57       		.uleb128 0x57
 4793 00cd 0B       		.uleb128 0xb
 4794 00ce 01       		.uleb128 0x1
 4795 00cf 13       		.uleb128 0x13
 4796 00d0 00       		.byte	0
 4797 00d1 00       		.byte	0
 4798 00d2 0F       		.uleb128 0xf
 4799 00d3 1D       		.uleb128 0x1d
 4800 00d4 01       		.byte	0x1
 4801 00d5 31       		.uleb128 0x31
 4802 00d6 13       		.uleb128 0x13
 4803 00d7 52       		.uleb128 0x52
 4804 00d8 01       		.uleb128 0x1
 4805 00d9 B842     		.uleb128 0x2138
 4806 00db 0B       		.uleb128 0xb
 4807 00dc 11       		.uleb128 0x11
 4808 00dd 01       		.uleb128 0x1
 4809 00de 12       		.uleb128 0x12
 4810 00df 06       		.uleb128 0x6
 4811 00e0 58       		.uleb128 0x58
 4812 00e1 0B       		.uleb128 0xb
 4813 00e2 59       		.uleb128 0x59
 4814 00e3 05       		.uleb128 0x5
 4815 00e4 57       		.uleb128 0x57
 4816 00e5 21       		.uleb128 0x21
 4817 00e6 03       		.sleb128 3
 4818 00e7 00       		.byte	0
 4819 00e8 00       		.byte	0
 4820 00e9 10       		.uleb128 0x10
 4821 00ea 05       		.uleb128 0x5
 4822 00eb 00       		.byte	0
 4823 00ec 49       		.uleb128 0x49
 4824 00ed 13       		.uleb128 0x13
 4825 00ee 00       		.byte	0
 4826 00ef 00       		.byte	0
 4827 00f0 11       		.uleb128 0x11
 4828 00f1 05       		.uleb128 0x5
 4829 00f2 00       		.byte	0
 4830 00f3 03       		.uleb128 0x3
 4831 00f4 08       		.uleb128 0x8
 4832 00f5 3A       		.uleb128 0x3a
 4833 00f6 0B       		.uleb128 0xb
 4834 00f7 3B       		.uleb128 0x3b
 4835 00f8 05       		.uleb128 0x5
 4836 00f9 39       		.uleb128 0x39
 4837 00fa 0B       		.uleb128 0xb
ARM GAS  /tmp/ccuBf7um.s 			page 86


 4838 00fb 49       		.uleb128 0x49
 4839 00fc 13       		.uleb128 0x13
 4840 00fd 00       		.byte	0
 4841 00fe 00       		.byte	0
 4842 00ff 12       		.uleb128 0x12
 4843 0100 13       		.uleb128 0x13
 4844 0101 01       		.byte	0x1
 4845 0102 03       		.uleb128 0x3
 4846 0103 0E       		.uleb128 0xe
 4847 0104 0B       		.uleb128 0xb
 4848 0105 0B       		.uleb128 0xb
 4849 0106 3A       		.uleb128 0x3a
 4850 0107 0B       		.uleb128 0xb
 4851 0108 3B       		.uleb128 0x3b
 4852 0109 0B       		.uleb128 0xb
 4853 010a 39       		.uleb128 0x39
 4854 010b 0B       		.uleb128 0xb
 4855 010c 01       		.uleb128 0x1
 4856 010d 13       		.uleb128 0x13
 4857 010e 00       		.byte	0
 4858 010f 00       		.byte	0
 4859 0110 13       		.uleb128 0x13
 4860 0111 05       		.uleb128 0x5
 4861 0112 00       		.byte	0
 4862 0113 03       		.uleb128 0x3
 4863 0114 08       		.uleb128 0x8
 4864 0115 3A       		.uleb128 0x3a
 4865 0116 21       		.uleb128 0x21
 4866 0117 01       		.sleb128 1
 4867 0118 3B       		.uleb128 0x3b
 4868 0119 05       		.uleb128 0x5
 4869 011a 39       		.uleb128 0x39
 4870 011b 0B       		.uleb128 0xb
 4871 011c 49       		.uleb128 0x49
 4872 011d 13       		.uleb128 0x13
 4873 011e 02       		.uleb128 0x2
 4874 011f 17       		.uleb128 0x17
 4875 0120 B742     		.uleb128 0x2137
 4876 0122 17       		.uleb128 0x17
 4877 0123 00       		.byte	0
 4878 0124 00       		.byte	0
 4879 0125 14       		.uleb128 0x14
 4880 0126 0B       		.uleb128 0xb
 4881 0127 01       		.byte	0x1
 4882 0128 55       		.uleb128 0x55
 4883 0129 17       		.uleb128 0x17
 4884 012a 00       		.byte	0
 4885 012b 00       		.byte	0
 4886 012c 15       		.uleb128 0x15
 4887 012d 05       		.uleb128 0x5
 4888 012e 00       		.byte	0
 4889 012f 03       		.uleb128 0x3
 4890 0130 0E       		.uleb128 0xe
 4891 0131 3A       		.uleb128 0x3a
 4892 0132 21       		.uleb128 0x21
 4893 0133 01       		.sleb128 1
 4894 0134 3B       		.uleb128 0x3b
ARM GAS  /tmp/ccuBf7um.s 			page 87


 4895 0135 0B       		.uleb128 0xb
 4896 0136 39       		.uleb128 0x39
 4897 0137 0B       		.uleb128 0xb
 4898 0138 49       		.uleb128 0x49
 4899 0139 13       		.uleb128 0x13
 4900 013a 02       		.uleb128 0x2
 4901 013b 17       		.uleb128 0x17
 4902 013c B742     		.uleb128 0x2137
 4903 013e 17       		.uleb128 0x17
 4904 013f 00       		.byte	0
 4905 0140 00       		.byte	0
 4906 0141 16       		.uleb128 0x16
 4907 0142 05       		.uleb128 0x5
 4908 0143 00       		.byte	0
 4909 0144 03       		.uleb128 0x3
 4910 0145 08       		.uleb128 0x8
 4911 0146 3A       		.uleb128 0x3a
 4912 0147 21       		.uleb128 0x21
 4913 0148 01       		.sleb128 1
 4914 0149 3B       		.uleb128 0x3b
 4915 014a 0B       		.uleb128 0xb
 4916 014b 39       		.uleb128 0x39
 4917 014c 0B       		.uleb128 0xb
 4918 014d 49       		.uleb128 0x49
 4919 014e 13       		.uleb128 0x13
 4920 014f 02       		.uleb128 0x2
 4921 0150 17       		.uleb128 0x17
 4922 0151 B742     		.uleb128 0x2137
 4923 0153 17       		.uleb128 0x17
 4924 0154 00       		.byte	0
 4925 0155 00       		.byte	0
 4926 0156 17       		.uleb128 0x17
 4927 0157 1D       		.uleb128 0x1d
 4928 0158 01       		.byte	0x1
 4929 0159 31       		.uleb128 0x31
 4930 015a 13       		.uleb128 0x13
 4931 015b 52       		.uleb128 0x52
 4932 015c 01       		.uleb128 0x1
 4933 015d B842     		.uleb128 0x2138
 4934 015f 0B       		.uleb128 0xb
 4935 0160 55       		.uleb128 0x55
 4936 0161 17       		.uleb128 0x17
 4937 0162 58       		.uleb128 0x58
 4938 0163 21       		.uleb128 0x21
 4939 0164 01       		.sleb128 1
 4940 0165 59       		.uleb128 0x59
 4941 0166 0B       		.uleb128 0xb
 4942 0167 57       		.uleb128 0x57
 4943 0168 0B       		.uleb128 0xb
 4944 0169 01       		.uleb128 0x1
 4945 016a 13       		.uleb128 0x13
 4946 016b 00       		.byte	0
 4947 016c 00       		.byte	0
 4948 016d 18       		.uleb128 0x18
 4949 016e 0D       		.uleb128 0xd
 4950 016f 00       		.byte	0
 4951 0170 03       		.uleb128 0x3
ARM GAS  /tmp/ccuBf7um.s 			page 88


 4952 0171 0E       		.uleb128 0xe
 4953 0172 3A       		.uleb128 0x3a
 4954 0173 21       		.uleb128 0x21
 4955 0174 04       		.sleb128 4
 4956 0175 3B       		.uleb128 0x3b
 4957 0176 05       		.uleb128 0x5
 4958 0177 39       		.uleb128 0x39
 4959 0178 0B       		.uleb128 0xb
 4960 0179 49       		.uleb128 0x49
 4961 017a 13       		.uleb128 0x13
 4962 017b 00       		.byte	0
 4963 017c 00       		.byte	0
 4964 017d 19       		.uleb128 0x19
 4965 017e 2E       		.uleb128 0x2e
 4966 017f 01       		.byte	0x1
 4967 0180 03       		.uleb128 0x3
 4968 0181 0E       		.uleb128 0xe
 4969 0182 3A       		.uleb128 0x3a
 4970 0183 0B       		.uleb128 0xb
 4971 0184 3B       		.uleb128 0x3b
 4972 0185 05       		.uleb128 0x5
 4973 0186 39       		.uleb128 0x39
 4974 0187 21       		.uleb128 0x21
 4975 0188 14       		.sleb128 20
 4976 0189 27       		.uleb128 0x27
 4977 018a 19       		.uleb128 0x19
 4978 018b 20       		.uleb128 0x20
 4979 018c 21       		.uleb128 0x21
 4980 018d 03       		.sleb128 3
 4981 018e 01       		.uleb128 0x1
 4982 018f 13       		.uleb128 0x13
 4983 0190 00       		.byte	0
 4984 0191 00       		.byte	0
 4985 0192 1A       		.uleb128 0x1a
 4986 0193 26       		.uleb128 0x26
 4987 0194 00       		.byte	0
 4988 0195 49       		.uleb128 0x49
 4989 0196 13       		.uleb128 0x13
 4990 0197 00       		.byte	0
 4991 0198 00       		.byte	0
 4992 0199 1B       		.uleb128 0x1b
 4993 019a 2E       		.uleb128 0x2e
 4994 019b 00       		.byte	0
 4995 019c 03       		.uleb128 0x3
 4996 019d 0E       		.uleb128 0xe
 4997 019e 3A       		.uleb128 0x3a
 4998 019f 0B       		.uleb128 0xb
 4999 01a0 3B       		.uleb128 0x3b
 5000 01a1 05       		.uleb128 0x5
 5001 01a2 39       		.uleb128 0x39
 5002 01a3 21       		.uleb128 0x21
 5003 01a4 14       		.sleb128 20
 5004 01a5 27       		.uleb128 0x27
 5005 01a6 19       		.uleb128 0x19
 5006 01a7 20       		.uleb128 0x20
 5007 01a8 21       		.uleb128 0x21
 5008 01a9 03       		.sleb128 3
ARM GAS  /tmp/ccuBf7um.s 			page 89


 5009 01aa 00       		.byte	0
 5010 01ab 00       		.byte	0
 5011 01ac 1C       		.uleb128 0x1c
 5012 01ad 13       		.uleb128 0x13
 5013 01ae 01       		.byte	0x1
 5014 01af 03       		.uleb128 0x3
 5015 01b0 0E       		.uleb128 0xe
 5016 01b1 0B       		.uleb128 0xb
 5017 01b2 0B       		.uleb128 0xb
 5018 01b3 3A       		.uleb128 0x3a
 5019 01b4 21       		.uleb128 0x21
 5020 01b5 04       		.sleb128 4
 5021 01b6 3B       		.uleb128 0x3b
 5022 01b7 05       		.uleb128 0x5
 5023 01b8 39       		.uleb128 0x39
 5024 01b9 21       		.uleb128 0x21
 5025 01ba 08       		.sleb128 8
 5026 01bb 01       		.uleb128 0x1
 5027 01bc 13       		.uleb128 0x13
 5028 01bd 00       		.byte	0
 5029 01be 00       		.byte	0
 5030 01bf 1D       		.uleb128 0x1d
 5031 01c0 01       		.uleb128 0x1
 5032 01c1 01       		.byte	0x1
 5033 01c2 49       		.uleb128 0x49
 5034 01c3 13       		.uleb128 0x13
 5035 01c4 01       		.uleb128 0x1
 5036 01c5 13       		.uleb128 0x13
 5037 01c6 00       		.byte	0
 5038 01c7 00       		.byte	0
 5039 01c8 1E       		.uleb128 0x1e
 5040 01c9 21       		.uleb128 0x21
 5041 01ca 00       		.byte	0
 5042 01cb 49       		.uleb128 0x49
 5043 01cc 13       		.uleb128 0x13
 5044 01cd 2F       		.uleb128 0x2f
 5045 01ce 0B       		.uleb128 0xb
 5046 01cf 00       		.byte	0
 5047 01d0 00       		.byte	0
 5048 01d1 1F       		.uleb128 0x1f
 5049 01d2 34       		.uleb128 0x34
 5050 01d3 00       		.byte	0
 5051 01d4 03       		.uleb128 0x3
 5052 01d5 08       		.uleb128 0x8
 5053 01d6 3A       		.uleb128 0x3a
 5054 01d7 21       		.uleb128 0x21
 5055 01d8 01       		.sleb128 1
 5056 01d9 3B       		.uleb128 0x3b
 5057 01da 05       		.uleb128 0x5
 5058 01db 39       		.uleb128 0x39
 5059 01dc 0B       		.uleb128 0xb
 5060 01dd 49       		.uleb128 0x49
 5061 01de 13       		.uleb128 0x13
 5062 01df 02       		.uleb128 0x2
 5063 01e0 17       		.uleb128 0x17
 5064 01e1 B742     		.uleb128 0x2137
 5065 01e3 17       		.uleb128 0x17
ARM GAS  /tmp/ccuBf7um.s 			page 90


 5066 01e4 00       		.byte	0
 5067 01e5 00       		.byte	0
 5068 01e6 20       		.uleb128 0x20
 5069 01e7 05       		.uleb128 0x5
 5070 01e8 00       		.byte	0
 5071 01e9 03       		.uleb128 0x3
 5072 01ea 08       		.uleb128 0x8
 5073 01eb 3A       		.uleb128 0x3a
 5074 01ec 21       		.uleb128 0x21
 5075 01ed 01       		.sleb128 1
 5076 01ee 3B       		.uleb128 0x3b
 5077 01ef 0B       		.uleb128 0xb
 5078 01f0 39       		.uleb128 0x39
 5079 01f1 0B       		.uleb128 0xb
 5080 01f2 49       		.uleb128 0x49
 5081 01f3 13       		.uleb128 0x13
 5082 01f4 02       		.uleb128 0x2
 5083 01f5 18       		.uleb128 0x18
 5084 01f6 00       		.byte	0
 5085 01f7 00       		.byte	0
 5086 01f8 21       		.uleb128 0x21
 5087 01f9 34       		.uleb128 0x34
 5088 01fa 00       		.byte	0
 5089 01fb 03       		.uleb128 0x3
 5090 01fc 08       		.uleb128 0x8
 5091 01fd 3A       		.uleb128 0x3a
 5092 01fe 21       		.uleb128 0x21
 5093 01ff 01       		.sleb128 1
 5094 0200 3B       		.uleb128 0x3b
 5095 0201 0B       		.uleb128 0xb
 5096 0202 39       		.uleb128 0x39
 5097 0203 0B       		.uleb128 0xb
 5098 0204 49       		.uleb128 0x49
 5099 0205 13       		.uleb128 0x13
 5100 0206 02       		.uleb128 0x2
 5101 0207 17       		.uleb128 0x17
 5102 0208 B742     		.uleb128 0x2137
 5103 020a 17       		.uleb128 0x17
 5104 020b 00       		.byte	0
 5105 020c 00       		.byte	0
 5106 020d 22       		.uleb128 0x22
 5107 020e 35       		.uleb128 0x35
 5108 020f 00       		.byte	0
 5109 0210 49       		.uleb128 0x49
 5110 0211 13       		.uleb128 0x13
 5111 0212 00       		.byte	0
 5112 0213 00       		.byte	0
 5113 0214 23       		.uleb128 0x23
 5114 0215 2E       		.uleb128 0x2e
 5115 0216 00       		.byte	0
 5116 0217 3F       		.uleb128 0x3f
 5117 0218 19       		.uleb128 0x19
 5118 0219 03       		.uleb128 0x3
 5119 021a 0E       		.uleb128 0xe
 5120 021b 3A       		.uleb128 0x3a
 5121 021c 21       		.uleb128 0x21
 5122 021d 12       		.sleb128 18
ARM GAS  /tmp/ccuBf7um.s 			page 91


 5123 021e 3B       		.uleb128 0x3b
 5124 021f 0B       		.uleb128 0xb
 5125 0220 39       		.uleb128 0x39
 5126 0221 21       		.uleb128 0x21
 5127 0222 08       		.sleb128 8
 5128 0223 27       		.uleb128 0x27
 5129 0224 19       		.uleb128 0x19
 5130 0225 3C       		.uleb128 0x3c
 5131 0226 19       		.uleb128 0x19
 5132 0227 00       		.byte	0
 5133 0228 00       		.byte	0
 5134 0229 24       		.uleb128 0x24
 5135 022a 2E       		.uleb128 0x2e
 5136 022b 01       		.byte	0x1
 5137 022c 3F       		.uleb128 0x3f
 5138 022d 19       		.uleb128 0x19
 5139 022e 03       		.uleb128 0x3
 5140 022f 0E       		.uleb128 0xe
 5141 0230 3A       		.uleb128 0x3a
 5142 0231 21       		.uleb128 0x21
 5143 0232 01       		.sleb128 1
 5144 0233 3B       		.uleb128 0x3b
 5145 0234 05       		.uleb128 0x5
 5146 0235 39       		.uleb128 0x39
 5147 0236 0B       		.uleb128 0xb
 5148 0237 27       		.uleb128 0x27
 5149 0238 19       		.uleb128 0x19
 5150 0239 49       		.uleb128 0x49
 5151 023a 13       		.uleb128 0x13
 5152 023b 11       		.uleb128 0x11
 5153 023c 01       		.uleb128 0x1
 5154 023d 12       		.uleb128 0x12
 5155 023e 06       		.uleb128 0x6
 5156 023f 40       		.uleb128 0x40
 5157 0240 18       		.uleb128 0x18
 5158 0241 7A       		.uleb128 0x7a
 5159 0242 19       		.uleb128 0x19
 5160 0243 01       		.uleb128 0x1
 5161 0244 13       		.uleb128 0x13
 5162 0245 00       		.byte	0
 5163 0246 00       		.byte	0
 5164 0247 25       		.uleb128 0x25
 5165 0248 34       		.uleb128 0x34
 5166 0249 00       		.byte	0
 5167 024a 03       		.uleb128 0x3
 5168 024b 0E       		.uleb128 0xe
 5169 024c 49       		.uleb128 0x49
 5170 024d 13       		.uleb128 0x13
 5171 024e 34       		.uleb128 0x34
 5172 024f 19       		.uleb128 0x19
 5173 0250 02       		.uleb128 0x2
 5174 0251 18       		.uleb128 0x18
 5175 0252 00       		.byte	0
 5176 0253 00       		.byte	0
 5177 0254 26       		.uleb128 0x26
 5178 0255 2E       		.uleb128 0x2e
 5179 0256 01       		.byte	0x1
ARM GAS  /tmp/ccuBf7um.s 			page 92


 5180 0257 3F       		.uleb128 0x3f
 5181 0258 19       		.uleb128 0x19
 5182 0259 03       		.uleb128 0x3
 5183 025a 0E       		.uleb128 0xe
 5184 025b 3A       		.uleb128 0x3a
 5185 025c 21       		.uleb128 0x21
 5186 025d 01       		.sleb128 1
 5187 025e 3B       		.uleb128 0x3b
 5188 025f 0B       		.uleb128 0xb
 5189 0260 39       		.uleb128 0x39
 5190 0261 21       		.uleb128 0x21
 5191 0262 06       		.sleb128 6
 5192 0263 27       		.uleb128 0x27
 5193 0264 19       		.uleb128 0x19
 5194 0265 11       		.uleb128 0x11
 5195 0266 01       		.uleb128 0x1
 5196 0267 12       		.uleb128 0x12
 5197 0268 06       		.uleb128 0x6
 5198 0269 40       		.uleb128 0x40
 5199 026a 18       		.uleb128 0x18
 5200 026b 7A       		.uleb128 0x7a
 5201 026c 19       		.uleb128 0x19
 5202 026d 01       		.uleb128 0x1
 5203 026e 13       		.uleb128 0x13
 5204 026f 00       		.byte	0
 5205 0270 00       		.byte	0
 5206 0271 27       		.uleb128 0x27
 5207 0272 1D       		.uleb128 0x1d
 5208 0273 01       		.byte	0x1
 5209 0274 31       		.uleb128 0x31
 5210 0275 13       		.uleb128 0x13
 5211 0276 52       		.uleb128 0x52
 5212 0277 01       		.uleb128 0x1
 5213 0278 B842     		.uleb128 0x2138
 5214 027a 0B       		.uleb128 0xb
 5215 027b 55       		.uleb128 0x55
 5216 027c 17       		.uleb128 0x17
 5217 027d 58       		.uleb128 0x58
 5218 027e 21       		.uleb128 0x21
 5219 027f 01       		.sleb128 1
 5220 0280 59       		.uleb128 0x59
 5221 0281 0B       		.uleb128 0xb
 5222 0282 57       		.uleb128 0x57
 5223 0283 0B       		.uleb128 0xb
 5224 0284 00       		.byte	0
 5225 0285 00       		.byte	0
 5226 0286 28       		.uleb128 0x28
 5227 0287 2E       		.uleb128 0x2e
 5228 0288 01       		.byte	0x1
 5229 0289 3F       		.uleb128 0x3f
 5230 028a 19       		.uleb128 0x19
 5231 028b 03       		.uleb128 0x3
 5232 028c 0E       		.uleb128 0xe
 5233 028d 3A       		.uleb128 0x3a
 5234 028e 21       		.uleb128 0x21
 5235 028f 01       		.sleb128 1
 5236 0290 3B       		.uleb128 0x3b
ARM GAS  /tmp/ccuBf7um.s 			page 93


 5237 0291 0B       		.uleb128 0xb
 5238 0292 39       		.uleb128 0x39
 5239 0293 0B       		.uleb128 0xb
 5240 0294 27       		.uleb128 0x27
 5241 0295 19       		.uleb128 0x19
 5242 0296 49       		.uleb128 0x49
 5243 0297 13       		.uleb128 0x13
 5244 0298 11       		.uleb128 0x11
 5245 0299 01       		.uleb128 0x1
 5246 029a 12       		.uleb128 0x12
 5247 029b 06       		.uleb128 0x6
 5248 029c 40       		.uleb128 0x40
 5249 029d 18       		.uleb128 0x18
 5250 029e 7A       		.uleb128 0x7a
 5251 029f 19       		.uleb128 0x19
 5252 02a0 01       		.uleb128 0x1
 5253 02a1 13       		.uleb128 0x13
 5254 02a2 00       		.byte	0
 5255 02a3 00       		.byte	0
 5256 02a4 29       		.uleb128 0x29
 5257 02a5 15       		.uleb128 0x15
 5258 02a6 01       		.byte	0x1
 5259 02a7 27       		.uleb128 0x27
 5260 02a8 19       		.uleb128 0x19
 5261 02a9 01       		.uleb128 0x1
 5262 02aa 13       		.uleb128 0x13
 5263 02ab 00       		.byte	0
 5264 02ac 00       		.byte	0
 5265 02ad 2A       		.uleb128 0x2a
 5266 02ae 2E       		.uleb128 0x2e
 5267 02af 01       		.byte	0x1
 5268 02b0 3F       		.uleb128 0x3f
 5269 02b1 19       		.uleb128 0x19
 5270 02b2 03       		.uleb128 0x3
 5271 02b3 0E       		.uleb128 0xe
 5272 02b4 3A       		.uleb128 0x3a
 5273 02b5 21       		.uleb128 0x21
 5274 02b6 03       		.sleb128 3
 5275 02b7 3B       		.uleb128 0x3b
 5276 02b8 0B       		.uleb128 0xb
 5277 02b9 39       		.uleb128 0x39
 5278 02ba 21       		.uleb128 0x21
 5279 02bb 08       		.sleb128 8
 5280 02bc 27       		.uleb128 0x27
 5281 02bd 19       		.uleb128 0x19
 5282 02be 3C       		.uleb128 0x3c
 5283 02bf 19       		.uleb128 0x19
 5284 02c0 01       		.uleb128 0x1
 5285 02c1 13       		.uleb128 0x13
 5286 02c2 00       		.byte	0
 5287 02c3 00       		.byte	0
 5288 02c4 2B       		.uleb128 0x2b
 5289 02c5 05       		.uleb128 0x5
 5290 02c6 00       		.byte	0
 5291 02c7 03       		.uleb128 0x3
 5292 02c8 0E       		.uleb128 0xe
 5293 02c9 3A       		.uleb128 0x3a
ARM GAS  /tmp/ccuBf7um.s 			page 94


 5294 02ca 21       		.uleb128 0x21
 5295 02cb 01       		.sleb128 1
 5296 02cc 3B       		.uleb128 0x3b
 5297 02cd 05       		.uleb128 0x5
 5298 02ce 39       		.uleb128 0x39
 5299 02cf 0B       		.uleb128 0xb
 5300 02d0 49       		.uleb128 0x49
 5301 02d1 13       		.uleb128 0x13
 5302 02d2 02       		.uleb128 0x2
 5303 02d3 17       		.uleb128 0x17
 5304 02d4 B742     		.uleb128 0x2137
 5305 02d6 17       		.uleb128 0x17
 5306 02d7 00       		.byte	0
 5307 02d8 00       		.byte	0
 5308 02d9 2C       		.uleb128 0x2c
 5309 02da 48       		.uleb128 0x48
 5310 02db 01       		.byte	0x1
 5311 02dc 7D       		.uleb128 0x7d
 5312 02dd 01       		.uleb128 0x1
 5313 02de 01       		.uleb128 0x1
 5314 02df 13       		.uleb128 0x13
 5315 02e0 00       		.byte	0
 5316 02e1 00       		.byte	0
 5317 02e2 2D       		.uleb128 0x2d
 5318 02e3 0B       		.uleb128 0xb
 5319 02e4 01       		.byte	0x1
 5320 02e5 55       		.uleb128 0x55
 5321 02e6 17       		.uleb128 0x17
 5322 02e7 01       		.uleb128 0x1
 5323 02e8 13       		.uleb128 0x13
 5324 02e9 00       		.byte	0
 5325 02ea 00       		.byte	0
 5326 02eb 2E       		.uleb128 0x2e
 5327 02ec 48       		.uleb128 0x48
 5328 02ed 01       		.byte	0x1
 5329 02ee 7D       		.uleb128 0x7d
 5330 02ef 01       		.uleb128 0x1
 5331 02f0 00       		.byte	0
 5332 02f1 00       		.byte	0
 5333 02f2 2F       		.uleb128 0x2f
 5334 02f3 05       		.uleb128 0x5
 5335 02f4 00       		.byte	0
 5336 02f5 31       		.uleb128 0x31
 5337 02f6 13       		.uleb128 0x13
 5338 02f7 1C       		.uleb128 0x1c
 5339 02f8 21       		.uleb128 0x21
 5340 02f9 7E       		.sleb128 -2
 5341 02fa 00       		.byte	0
 5342 02fb 00       		.byte	0
 5343 02fc 30       		.uleb128 0x30
 5344 02fd 48       		.uleb128 0x48
 5345 02fe 01       		.byte	0x1
 5346 02ff 7D       		.uleb128 0x7d
 5347 0300 01       		.uleb128 0x1
 5348 0301 8201     		.uleb128 0x82
 5349 0303 19       		.uleb128 0x19
 5350 0304 7F       		.uleb128 0x7f
ARM GAS  /tmp/ccuBf7um.s 			page 95


 5351 0305 13       		.uleb128 0x13
 5352 0306 00       		.byte	0
 5353 0307 00       		.byte	0
 5354 0308 31       		.uleb128 0x31
 5355 0309 1D       		.uleb128 0x1d
 5356 030a 01       		.byte	0x1
 5357 030b 31       		.uleb128 0x31
 5358 030c 13       		.uleb128 0x13
 5359 030d 52       		.uleb128 0x52
 5360 030e 01       		.uleb128 0x1
 5361 030f B842     		.uleb128 0x2138
 5362 0311 0B       		.uleb128 0xb
 5363 0312 11       		.uleb128 0x11
 5364 0313 01       		.uleb128 0x1
 5365 0314 12       		.uleb128 0x12
 5366 0315 06       		.uleb128 0x6
 5367 0316 58       		.uleb128 0x58
 5368 0317 21       		.uleb128 0x21
 5369 0318 01       		.sleb128 1
 5370 0319 59       		.uleb128 0x59
 5371 031a 0B       		.uleb128 0xb
 5372 031b 57       		.uleb128 0x57
 5373 031c 21       		.uleb128 0x21
 5374 031d 03       		.sleb128 3
 5375 031e 01       		.uleb128 0x1
 5376 031f 13       		.uleb128 0x13
 5377 0320 00       		.byte	0
 5378 0321 00       		.byte	0
 5379 0322 32       		.uleb128 0x32
 5380 0323 05       		.uleb128 0x5
 5381 0324 00       		.byte	0
 5382 0325 03       		.uleb128 0x3
 5383 0326 0E       		.uleb128 0xe
 5384 0327 3A       		.uleb128 0x3a
 5385 0328 0B       		.uleb128 0xb
 5386 0329 3B       		.uleb128 0x3b
 5387 032a 05       		.uleb128 0x5
 5388 032b 39       		.uleb128 0x39
 5389 032c 0B       		.uleb128 0xb
 5390 032d 49       		.uleb128 0x49
 5391 032e 13       		.uleb128 0x13
 5392 032f 00       		.byte	0
 5393 0330 00       		.byte	0
 5394 0331 33       		.uleb128 0x33
 5395 0332 11       		.uleb128 0x11
 5396 0333 01       		.byte	0x1
 5397 0334 25       		.uleb128 0x25
 5398 0335 0E       		.uleb128 0xe
 5399 0336 13       		.uleb128 0x13
 5400 0337 0B       		.uleb128 0xb
 5401 0338 03       		.uleb128 0x3
 5402 0339 0E       		.uleb128 0xe
 5403 033a 1B       		.uleb128 0x1b
 5404 033b 0E       		.uleb128 0xe
 5405 033c 55       		.uleb128 0x55
 5406 033d 17       		.uleb128 0x17
 5407 033e 11       		.uleb128 0x11
ARM GAS  /tmp/ccuBf7um.s 			page 96


 5408 033f 01       		.uleb128 0x1
 5409 0340 10       		.uleb128 0x10
 5410 0341 17       		.uleb128 0x17
 5411 0342 00       		.byte	0
 5412 0343 00       		.byte	0
 5413 0344 34       		.uleb128 0x34
 5414 0345 24       		.uleb128 0x24
 5415 0346 00       		.byte	0
 5416 0347 0B       		.uleb128 0xb
 5417 0348 0B       		.uleb128 0xb
 5418 0349 3E       		.uleb128 0x3e
 5419 034a 0B       		.uleb128 0xb
 5420 034b 03       		.uleb128 0x3
 5421 034c 08       		.uleb128 0x8
 5422 034d 00       		.byte	0
 5423 034e 00       		.byte	0
 5424 034f 35       		.uleb128 0x35
 5425 0350 0F       		.uleb128 0xf
 5426 0351 00       		.byte	0
 5427 0352 0B       		.uleb128 0xb
 5428 0353 0B       		.uleb128 0xb
 5429 0354 00       		.byte	0
 5430 0355 00       		.byte	0
 5431 0356 36       		.uleb128 0x36
 5432 0357 13       		.uleb128 0x13
 5433 0358 01       		.byte	0x1
 5434 0359 03       		.uleb128 0x3
 5435 035a 0E       		.uleb128 0xe
 5436 035b 0B       		.uleb128 0xb
 5437 035c 05       		.uleb128 0x5
 5438 035d 3A       		.uleb128 0x3a
 5439 035e 0B       		.uleb128 0xb
 5440 035f 3B       		.uleb128 0x3b
 5441 0360 05       		.uleb128 0x5
 5442 0361 39       		.uleb128 0x39
 5443 0362 0B       		.uleb128 0xb
 5444 0363 01       		.uleb128 0x1
 5445 0364 13       		.uleb128 0x13
 5446 0365 00       		.byte	0
 5447 0366 00       		.byte	0
 5448 0367 37       		.uleb128 0x37
 5449 0368 13       		.uleb128 0x13
 5450 0369 01       		.byte	0x1
 5451 036a 0B       		.uleb128 0xb
 5452 036b 0B       		.uleb128 0xb
 5453 036c 3A       		.uleb128 0x3a
 5454 036d 0B       		.uleb128 0xb
 5455 036e 3B       		.uleb128 0x3b
 5456 036f 0B       		.uleb128 0xb
 5457 0370 39       		.uleb128 0x39
 5458 0371 0B       		.uleb128 0xb
 5459 0372 01       		.uleb128 0x1
 5460 0373 13       		.uleb128 0x13
 5461 0374 00       		.byte	0
 5462 0375 00       		.byte	0
 5463 0376 38       		.uleb128 0x38
 5464 0377 17       		.uleb128 0x17
ARM GAS  /tmp/ccuBf7um.s 			page 97


 5465 0378 01       		.byte	0x1
 5466 0379 0B       		.uleb128 0xb
 5467 037a 0B       		.uleb128 0xb
 5468 037b 3A       		.uleb128 0x3a
 5469 037c 0B       		.uleb128 0xb
 5470 037d 3B       		.uleb128 0x3b
 5471 037e 0B       		.uleb128 0xb
 5472 037f 39       		.uleb128 0x39
 5473 0380 0B       		.uleb128 0xb
 5474 0381 01       		.uleb128 0x1
 5475 0382 13       		.uleb128 0x13
 5476 0383 00       		.byte	0
 5477 0384 00       		.byte	0
 5478 0385 39       		.uleb128 0x39
 5479 0386 34       		.uleb128 0x34
 5480 0387 00       		.byte	0
 5481 0388 03       		.uleb128 0x3
 5482 0389 08       		.uleb128 0x8
 5483 038a 3A       		.uleb128 0x3a
 5484 038b 0B       		.uleb128 0xb
 5485 038c 3B       		.uleb128 0x3b
 5486 038d 05       		.uleb128 0x5
 5487 038e 39       		.uleb128 0x39
 5488 038f 0B       		.uleb128 0xb
 5489 0390 49       		.uleb128 0x49
 5490 0391 13       		.uleb128 0x13
 5491 0392 3F       		.uleb128 0x3f
 5492 0393 19       		.uleb128 0x19
 5493 0394 3C       		.uleb128 0x3c
 5494 0395 19       		.uleb128 0x19
 5495 0396 00       		.byte	0
 5496 0397 00       		.byte	0
 5497 0398 3A       		.uleb128 0x3a
 5498 0399 2E       		.uleb128 0x2e
 5499 039a 01       		.byte	0x1
 5500 039b 3F       		.uleb128 0x3f
 5501 039c 19       		.uleb128 0x19
 5502 039d 03       		.uleb128 0x3
 5503 039e 0E       		.uleb128 0xe
 5504 039f 3A       		.uleb128 0x3a
 5505 03a0 0B       		.uleb128 0xb
 5506 03a1 3B       		.uleb128 0x3b
 5507 03a2 05       		.uleb128 0x5
 5508 03a3 39       		.uleb128 0x39
 5509 03a4 0B       		.uleb128 0xb
 5510 03a5 27       		.uleb128 0x27
 5511 03a6 19       		.uleb128 0x19
 5512 03a7 3C       		.uleb128 0x3c
 5513 03a8 19       		.uleb128 0x19
 5514 03a9 01       		.uleb128 0x1
 5515 03aa 13       		.uleb128 0x13
 5516 03ab 00       		.byte	0
 5517 03ac 00       		.byte	0
 5518 03ad 3B       		.uleb128 0x3b
 5519 03ae 2E       		.uleb128 0x2e
 5520 03af 01       		.byte	0x1
 5521 03b0 3F       		.uleb128 0x3f
ARM GAS  /tmp/ccuBf7um.s 			page 98


 5522 03b1 19       		.uleb128 0x19
 5523 03b2 03       		.uleb128 0x3
 5524 03b3 0E       		.uleb128 0xe
 5525 03b4 3A       		.uleb128 0x3a
 5526 03b5 0B       		.uleb128 0xb
 5527 03b6 3B       		.uleb128 0x3b
 5528 03b7 0B       		.uleb128 0xb
 5529 03b8 39       		.uleb128 0x39
 5530 03b9 0B       		.uleb128 0xb
 5531 03ba 27       		.uleb128 0x27
 5532 03bb 19       		.uleb128 0x19
 5533 03bc 49       		.uleb128 0x49
 5534 03bd 13       		.uleb128 0x13
 5535 03be 3C       		.uleb128 0x3c
 5536 03bf 19       		.uleb128 0x19
 5537 03c0 01       		.uleb128 0x1
 5538 03c1 13       		.uleb128 0x13
 5539 03c2 00       		.byte	0
 5540 03c3 00       		.byte	0
 5541 03c4 3C       		.uleb128 0x3c
 5542 03c5 2E       		.uleb128 0x2e
 5543 03c6 01       		.byte	0x1
 5544 03c7 3F       		.uleb128 0x3f
 5545 03c8 19       		.uleb128 0x19
 5546 03c9 03       		.uleb128 0x3
 5547 03ca 0E       		.uleb128 0xe
 5548 03cb 3A       		.uleb128 0x3a
 5549 03cc 0B       		.uleb128 0xb
 5550 03cd 3B       		.uleb128 0x3b
 5551 03ce 05       		.uleb128 0x5
 5552 03cf 39       		.uleb128 0x39
 5553 03d0 0B       		.uleb128 0xb
 5554 03d1 27       		.uleb128 0x27
 5555 03d2 19       		.uleb128 0x19
 5556 03d3 11       		.uleb128 0x11
 5557 03d4 01       		.uleb128 0x1
 5558 03d5 12       		.uleb128 0x12
 5559 03d6 06       		.uleb128 0x6
 5560 03d7 40       		.uleb128 0x40
 5561 03d8 18       		.uleb128 0x18
 5562 03d9 7A       		.uleb128 0x7a
 5563 03da 19       		.uleb128 0x19
 5564 03db 01       		.uleb128 0x1
 5565 03dc 13       		.uleb128 0x13
 5566 03dd 00       		.byte	0
 5567 03de 00       		.byte	0
 5568 03df 3D       		.uleb128 0x3d
 5569 03e0 05       		.uleb128 0x5
 5570 03e1 00       		.byte	0
 5571 03e2 03       		.uleb128 0x3
 5572 03e3 0E       		.uleb128 0xe
 5573 03e4 3A       		.uleb128 0x3a
 5574 03e5 0B       		.uleb128 0xb
 5575 03e6 3B       		.uleb128 0x3b
 5576 03e7 0B       		.uleb128 0xb
 5577 03e8 39       		.uleb128 0x39
 5578 03e9 0B       		.uleb128 0xb
ARM GAS  /tmp/ccuBf7um.s 			page 99


 5579 03ea 49       		.uleb128 0x49
 5580 03eb 13       		.uleb128 0x13
 5581 03ec 02       		.uleb128 0x2
 5582 03ed 18       		.uleb128 0x18
 5583 03ee 00       		.byte	0
 5584 03ef 00       		.byte	0
 5585 03f0 3E       		.uleb128 0x3e
 5586 03f1 2E       		.uleb128 0x2e
 5587 03f2 01       		.byte	0x1
 5588 03f3 03       		.uleb128 0x3
 5589 03f4 0E       		.uleb128 0xe
 5590 03f5 3A       		.uleb128 0x3a
 5591 03f6 0B       		.uleb128 0xb
 5592 03f7 3B       		.uleb128 0x3b
 5593 03f8 05       		.uleb128 0x5
 5594 03f9 39       		.uleb128 0x39
 5595 03fa 0B       		.uleb128 0xb
 5596 03fb 27       		.uleb128 0x27
 5597 03fc 19       		.uleb128 0x19
 5598 03fd 49       		.uleb128 0x49
 5599 03fe 13       		.uleb128 0x13
 5600 03ff 20       		.uleb128 0x20
 5601 0400 0B       		.uleb128 0xb
 5602 0401 01       		.uleb128 0x1
 5603 0402 13       		.uleb128 0x13
 5604 0403 00       		.byte	0
 5605 0404 00       		.byte	0
 5606 0405 3F       		.uleb128 0x3f
 5607 0406 2E       		.uleb128 0x2e
 5608 0407 01       		.byte	0x1
 5609 0408 03       		.uleb128 0x3
 5610 0409 0E       		.uleb128 0xe
 5611 040a 3A       		.uleb128 0x3a
 5612 040b 0B       		.uleb128 0xb
 5613 040c 3B       		.uleb128 0x3b
 5614 040d 05       		.uleb128 0x5
 5615 040e 39       		.uleb128 0x39
 5616 040f 0B       		.uleb128 0xb
 5617 0410 27       		.uleb128 0x27
 5618 0411 19       		.uleb128 0x19
 5619 0412 20       		.uleb128 0x20
 5620 0413 0B       		.uleb128 0xb
 5621 0414 00       		.byte	0
 5622 0415 00       		.byte	0
 5623 0416 00       		.byte	0
 5624              		.section	.debug_loclists,"",%progbits
 5625 0000 14070000 		.4byte	.Ldebug_loc3-.Ldebug_loc2
 5626              	.Ldebug_loc2:
 5627 0004 0500     		.2byte	0x5
 5628 0006 04       		.byte	0x4
 5629 0007 00       		.byte	0
 5630 0008 00000000 		.4byte	0
 5631              	.Ldebug_loc0:
 5632              	.LVUS75:
 5633 000c 00       		.uleb128 0
 5634 000d 00       		.uleb128 .LVU445
 5635 000e 00       		.uleb128 .LVU445
ARM GAS  /tmp/ccuBf7um.s 			page 100


 5636 000f 00       		.uleb128 .LVU541
 5637 0010 00       		.uleb128 .LVU541
 5638 0011 00       		.uleb128 .LVU543
 5639 0012 00       		.uleb128 .LVU543
 5640 0013 00       		.uleb128 0
 5641              	.LLST75:
 5642 0014 06       		.byte	0x6
 5643 0015 00000000 		.4byte	.LVL100
 5644 0019 04       		.byte	0x4
 5645 001a 00       		.uleb128 .LVL100-.LVL100
 5646 001b 16       		.uleb128 .LVL102-.LVL100
 5647 001c 01       		.uleb128 0x1
 5648 001d 50       		.byte	0x50
 5649 001e 04       		.byte	0x4
 5650 001f 16       		.uleb128 .LVL102-.LVL100
 5651 0020 BA01     		.uleb128 .LVL124-.LVL100
 5652 0022 01       		.uleb128 0x1
 5653 0023 54       		.byte	0x54
 5654 0024 04       		.byte	0x4
 5655 0025 BA01     		.uleb128 .LVL124-.LVL100
 5656 0027 BC01     		.uleb128 .LVL125-.LVL100
 5657 0029 01       		.uleb128 0x1
 5658 002a 50       		.byte	0x50
 5659 002b 04       		.byte	0x4
 5660 002c BC01     		.uleb128 .LVL125-.LVL100
 5661 002e D801     		.uleb128 .LFE232-.LVL100
 5662 0030 01       		.uleb128 0x1
 5663 0031 54       		.byte	0x54
 5664 0032 00       		.byte	0
 5665              	.LVUS76:
 5666 0033 00       		.uleb128 0
 5667 0034 00       		.uleb128 .LVU445
 5668 0035 00       		.uleb128 .LVU445
 5669 0036 01       		.uleb128 .LVU470
 5670 0037 01       		.uleb128 .LVU470
 5671 0038 00       		.uleb128 .LVU471
 5672 0039 00       		.uleb128 .LVU471
 5673 003a 00       		.uleb128 .LVU541
 5674 003b 00       		.uleb128 .LVU541
 5675 003c 00       		.uleb128 .LVU544
 5676 003d 00       		.uleb128 .LVU544
 5677 003e 00       		.uleb128 0
 5678              	.LLST76:
 5679 003f 06       		.byte	0x6
 5680 0040 00000000 		.4byte	.LVL100
 5681 0044 04       		.byte	0x4
 5682 0045 00       		.uleb128 .LVL100-.LVL100
 5683 0046 16       		.uleb128 .LVL102-.LVL100
 5684 0047 01       		.uleb128 0x1
 5685 0048 51       		.byte	0x51
 5686 0049 04       		.byte	0x4
 5687 004a 16       		.uleb128 .LVL102-.LVL100
 5688 004b 3A       		.uleb128 .LVL106-.LVL100
 5689 004c 01       		.uleb128 0x1
 5690 004d 55       		.byte	0x55
 5691 004e 04       		.byte	0x4
 5692 004f 3A       		.uleb128 .LVL106-.LVL100
ARM GAS  /tmp/ccuBf7um.s 			page 101


 5693 0050 3E       		.uleb128 .LVL107-.LVL100
 5694 0051 03       		.uleb128 0x3
 5695 0052 75       		.byte	0x75
 5696 0053 01       		.sleb128 1
 5697 0054 9F       		.byte	0x9f
 5698 0055 04       		.byte	0x4
 5699 0056 3E       		.uleb128 .LVL107-.LVL100
 5700 0057 BA01     		.uleb128 .LVL124-.LVL100
 5701 0059 01       		.uleb128 0x1
 5702 005a 55       		.byte	0x55
 5703 005b 04       		.byte	0x4
 5704 005c BA01     		.uleb128 .LVL124-.LVL100
 5705 005e BF01     		.uleb128 .LVL126-1-.LVL100
 5706 0060 01       		.uleb128 0x1
 5707 0061 51       		.byte	0x51
 5708 0062 04       		.byte	0x4
 5709 0063 BF01     		.uleb128 .LVL126-1-.LVL100
 5710 0065 D801     		.uleb128 .LFE232-.LVL100
 5711 0067 01       		.uleb128 0x1
 5712 0068 55       		.byte	0x55
 5713 0069 00       		.byte	0
 5714              	.LVUS77:
 5715 006a 00       		.uleb128 0
 5716 006b 00       		.uleb128 .LVU445
 5717 006c 00       		.uleb128 .LVU445
 5718 006d 00       		.uleb128 .LVU498
 5719 006e 00       		.uleb128 .LVU498
 5720 006f 01       		.uleb128 .LVU500
 5721 0070 01       		.uleb128 .LVU514
 5722 0071 02       		.uleb128 .LVU539
 5723 0072 00       		.uleb128 .LVU540
 5724 0073 00       		.uleb128 .LVU541
 5725 0074 00       		.uleb128 .LVU541
 5726 0075 00       		.uleb128 .LVU544
 5727 0076 00       		.uleb128 .LVU544
 5728 0077 00       		.uleb128 0
 5729              	.LLST77:
 5730 0078 06       		.byte	0x6
 5731 0079 00000000 		.4byte	.LVL100
 5732 007d 04       		.byte	0x4
 5733 007e 00       		.uleb128 .LVL100-.LVL100
 5734 007f 16       		.uleb128 .LVL102-.LVL100
 5735 0080 01       		.uleb128 0x1
 5736 0081 52       		.byte	0x52
 5737 0082 04       		.byte	0x4
 5738 0083 16       		.uleb128 .LVL102-.LVL100
 5739 0084 70       		.uleb128 .LVL112-.LVL100
 5740 0085 01       		.uleb128 0x1
 5741 0086 56       		.byte	0x56
 5742 0087 04       		.byte	0x4
 5743 0088 70       		.uleb128 .LVL112-.LVL100
 5744 0089 74       		.uleb128 .LVL113-.LVL100
 5745 008a 03       		.uleb128 0x3
 5746 008b 76       		.byte	0x76
 5747 008c 01       		.sleb128 1
 5748 008d 9F       		.byte	0x9f
 5749 008e 04       		.byte	0x4
ARM GAS  /tmp/ccuBf7um.s 			page 102


 5750 008f 7E       		.uleb128 .LVL116-.LVL100
 5751 0090 AA01     		.uleb128 .LVL121-.LVL100
 5752 0092 01       		.uleb128 0x1
 5753 0093 56       		.byte	0x56
 5754 0094 04       		.byte	0x4
 5755 0095 B201     		.uleb128 .LVL122-.LVL100
 5756 0097 BA01     		.uleb128 .LVL124-.LVL100
 5757 0099 01       		.uleb128 0x1
 5758 009a 56       		.byte	0x56
 5759 009b 04       		.byte	0x4
 5760 009c BA01     		.uleb128 .LVL124-.LVL100
 5761 009e BF01     		.uleb128 .LVL126-1-.LVL100
 5762 00a0 01       		.uleb128 0x1
 5763 00a1 52       		.byte	0x52
 5764 00a2 04       		.byte	0x4
 5765 00a3 BF01     		.uleb128 .LVL126-1-.LVL100
 5766 00a5 D801     		.uleb128 .LFE232-.LVL100
 5767 00a7 01       		.uleb128 0x1
 5768 00a8 56       		.byte	0x56
 5769 00a9 00       		.byte	0
 5770              	.LVUS78:
 5771 00aa 00       		.uleb128 0
 5772 00ab 00       		.uleb128 .LVU445
 5773 00ac 00       		.uleb128 .LVU445
 5774 00ad 00       		.uleb128 .LVU541
 5775 00ae 00       		.uleb128 .LVU541
 5776 00af 00       		.uleb128 .LVU544
 5777 00b0 00       		.uleb128 .LVU544
 5778 00b1 00       		.uleb128 0
 5779              	.LLST78:
 5780 00b2 06       		.byte	0x6
 5781 00b3 00000000 		.4byte	.LVL100
 5782 00b7 04       		.byte	0x4
 5783 00b8 00       		.uleb128 .LVL100-.LVL100
 5784 00b9 16       		.uleb128 .LVL102-.LVL100
 5785 00ba 01       		.uleb128 0x1
 5786 00bb 53       		.byte	0x53
 5787 00bc 04       		.byte	0x4
 5788 00bd 16       		.uleb128 .LVL102-.LVL100
 5789 00be BA01     		.uleb128 .LVL124-.LVL100
 5790 00c0 02       		.uleb128 0x2
 5791 00c1 91       		.byte	0x91
 5792 00c2 54       		.sleb128 -44
 5793 00c3 04       		.byte	0x4
 5794 00c4 BA01     		.uleb128 .LVL124-.LVL100
 5795 00c6 BF01     		.uleb128 .LVL126-1-.LVL100
 5796 00c8 01       		.uleb128 0x1
 5797 00c9 53       		.byte	0x53
 5798 00ca 04       		.byte	0x4
 5799 00cb BF01     		.uleb128 .LVL126-1-.LVL100
 5800 00cd D801     		.uleb128 .LFE232-.LVL100
 5801 00cf 02       		.uleb128 0x2
 5802 00d0 91       		.byte	0x91
 5803 00d1 54       		.sleb128 -44
 5804 00d2 00       		.byte	0
 5805              	.LVUS79:
 5806 00d3 00       		.uleb128 .LVU439
ARM GAS  /tmp/ccuBf7um.s 			page 103


 5807 00d4 00       		.uleb128 0
 5808              	.LLST79:
 5809 00d5 08       		.byte	0x8
 5810 00d6 0A000000 		.4byte	.LVL101
 5811 00da CE01     		.uleb128 .LFE232-.LVL101
 5812 00dc 01       		.uleb128 0x1
 5813 00dd 59       		.byte	0x59
 5814 00de 00       		.byte	0
 5815              	.LVUS80:
 5816 00df 01       		.uleb128 .LVU440
 5817 00e0 00       		.uleb128 .LVU460
 5818 00e1 00       		.uleb128 .LVU460
 5819 00e2 00       		.uleb128 .LVU541
 5820 00e3 00       		.uleb128 .LVU541
 5821 00e4 00       		.uleb128 .LVU545
 5822 00e5 00       		.uleb128 .LVU545
 5823 00e6 00       		.uleb128 0
 5824              	.LLST80:
 5825 00e7 06       		.byte	0x6
 5826 00e8 0A000000 		.4byte	.LVL101
 5827 00ec 04       		.byte	0x4
 5828 00ed 00       		.uleb128 .LVL101-.LVL101
 5829 00ee 20       		.uleb128 .LVL105-.LVL101
 5830 00ef 02       		.uleb128 0x2
 5831 00f0 30       		.byte	0x30
 5832 00f1 9F       		.byte	0x9f
 5833 00f2 04       		.byte	0x4
 5834 00f3 20       		.uleb128 .LVL105-.LVL101
 5835 00f4 B001     		.uleb128 .LVL124-.LVL101
 5836 00f6 01       		.uleb128 0x1
 5837 00f7 58       		.byte	0x58
 5838 00f8 04       		.byte	0x4
 5839 00f9 B001     		.uleb128 .LVL124-.LVL101
 5840 00fb B801     		.uleb128 .LVL127-.LVL101
 5841 00fd 02       		.uleb128 0x2
 5842 00fe 30       		.byte	0x30
 5843 00ff 9F       		.byte	0x9f
 5844 0100 04       		.byte	0x4
 5845 0101 B801     		.uleb128 .LVL127-.LVL101
 5846 0103 CE01     		.uleb128 .LFE232-.LVL101
 5847 0105 01       		.uleb128 0x1
 5848 0106 58       		.byte	0x58
 5849 0107 00       		.byte	0
 5850              	.LVUS81:
 5851 0108 08       		.uleb128 .LVU453
 5852 0109 00       		.uleb128 .LVU455
 5853              	.LLST81:
 5854 010a 08       		.byte	0x8
 5855 010b 16000000 		.4byte	.LVL102
 5856 010f 08       		.uleb128 .LVL103-.LVL102
 5857 0110 03       		.uleb128 0x3
 5858 0111 08       		.byte	0x8
 5859 0112 20       		.byte	0x20
 5860 0113 9F       		.byte	0x9f
 5861 0114 00       		.byte	0
 5862              	.LVUS84:
 5863 0115 04       		.uleb128 .LVU493
ARM GAS  /tmp/ccuBf7um.s 			page 104


 5864 0116 00       		.uleb128 .LVU495
 5865              	.LLST84:
 5866 0117 08       		.byte	0x8
 5867 0118 6A000000 		.4byte	.LVL110
 5868 011c 04       		.uleb128 .LVL111-.LVL110
 5869 011d 02       		.uleb128 0x2
 5870 011e 30       		.byte	0x30
 5871 011f 9F       		.byte	0x9f
 5872 0120 00       		.byte	0
 5873              	.LVUS85:
 5874 0121 07       		.uleb128 .LVU508
 5875 0122 00       		.uleb128 .LVU510
 5876              	.LLST85:
 5877 0123 08       		.byte	0x8
 5878 0124 76000000 		.4byte	.LVL114
 5879 0128 04       		.uleb128 .LVL115-.LVL114
 5880 0129 03       		.uleb128 0x3
 5881 012a 08       		.byte	0x8
 5882 012b 20       		.byte	0x20
 5883 012c 9F       		.byte	0x9f
 5884 012d 00       		.byte	0
 5885              	.LVUS86:
 5886 012e 01       		.uleb128 .LVU516
 5887 012f 00       		.uleb128 .LVU519
 5888              	.LLST86:
 5889 0130 08       		.byte	0x8
 5890 0131 84000000 		.4byte	.LVL117
 5891 0135 08       		.uleb128 .LVL118-.LVL117
 5892 0136 02       		.uleb128 0x2
 5893 0137 91       		.byte	0x91
 5894 0138 54       		.sleb128 -44
 5895 0139 00       		.byte	0
 5896              	.LVUS87:
 5897 013a 01       		.uleb128 .LVU516
 5898 013b 00       		.uleb128 .LVU519
 5899              	.LLST87:
 5900 013c 08       		.byte	0x8
 5901 013d 84000000 		.4byte	.LVL117
 5902 0141 08       		.uleb128 .LVL118-.LVL117
 5903 0142 01       		.uleb128 0x1
 5904 0143 54       		.byte	0x54
 5905 0144 00       		.byte	0
 5906              	.LVUS89:
 5907 0145 04       		.uleb128 .LVU535
 5908 0146 00       		.uleb128 .LVU537
 5909              	.LLST89:
 5910 0147 08       		.byte	0x8
 5911 0148 A4000000 		.4byte	.LVL120
 5912 014c 06       		.uleb128 .LVL121-.LVL120
 5913 014d 02       		.uleb128 0x2
 5914 014e 30       		.byte	0x30
 5915 014f 9F       		.byte	0x9f
 5916 0150 00       		.byte	0
 5917              	.LVUS71:
 5918 0151 00       		.uleb128 0
 5919 0152 00       		.uleb128 .LVU410
 5920 0153 00       		.uleb128 .LVU410
ARM GAS  /tmp/ccuBf7um.s 			page 105


 5921 0154 00       		.uleb128 0
 5922              	.LLST71:
 5923 0155 06       		.byte	0x6
 5924 0156 00000000 		.4byte	.LVL94
 5925 015a 04       		.byte	0x4
 5926 015b 00       		.uleb128 .LVL94-.LVL94
 5927 015c 07       		.uleb128 .LVL95-1-.LVL94
 5928 015d 01       		.uleb128 0x1
 5929 015e 50       		.byte	0x50
 5930 015f 04       		.byte	0x4
 5931 0160 07       		.uleb128 .LVL95-1-.LVL94
 5932 0161 3E       		.uleb128 .LFE231-.LVL94
 5933 0162 01       		.uleb128 0x1
 5934 0163 54       		.byte	0x54
 5935 0164 00       		.byte	0
 5936              	.LVUS72:
 5937 0165 00       		.uleb128 .LVU420
 5938 0166 00       		.uleb128 .LVU431
 5939              	.LLST72:
 5940 0167 08       		.byte	0x8
 5941 0168 1C000000 		.4byte	.LVL96
 5942 016c 16       		.uleb128 .LVL99-.LVL96
 5943 016d 01       		.uleb128 0x1
 5944 016e 55       		.byte	0x55
 5945 016f 00       		.byte	0
 5946              	.LVUS73:
 5947 0170 01       		.uleb128 .LVU425
 5948 0171 00       		.uleb128 .LVU427
 5949              	.LLST73:
 5950 0172 08       		.byte	0x8
 5951 0173 26000000 		.4byte	.LVL97
 5952 0177 08       		.uleb128 .LVL98-.LVL97
 5953 0178 02       		.uleb128 0x2
 5954 0179 30       		.byte	0x30
 5955 017a 9F       		.byte	0x9f
 5956 017b 00       		.byte	0
 5957              	.LVUS74:
 5958 017c 01       		.uleb128 .LVU425
 5959 017d 00       		.uleb128 .LVU427
 5960              	.LLST74:
 5961 017e 08       		.byte	0x8
 5962 017f 26000000 		.4byte	.LVL97
 5963 0183 08       		.uleb128 .LVL98-.LVL97
 5964 0184 01       		.uleb128 0x1
 5965 0185 54       		.byte	0x54
 5966 0186 00       		.byte	0
 5967              	.LVUS55:
 5968 0187 00       		.uleb128 0
 5969 0188 00       		.uleb128 .LVU331
 5970 0189 00       		.uleb128 .LVU331
 5971 018a 00       		.uleb128 .LVU334
 5972 018b 00       		.uleb128 .LVU334
 5973 018c 00       		.uleb128 .LVU336
 5974 018d 00       		.uleb128 .LVU336
 5975 018e 00       		.uleb128 .LVU345
 5976 018f 00       		.uleb128 .LVU345
 5977 0190 00       		.uleb128 .LVU362
ARM GAS  /tmp/ccuBf7um.s 			page 106


 5978 0191 00       		.uleb128 .LVU362
 5979 0192 00       		.uleb128 0
 5980              	.LLST55:
 5981 0193 06       		.byte	0x6
 5982 0194 00000000 		.4byte	.LVL74
 5983 0198 04       		.byte	0x4
 5984 0199 00       		.uleb128 .LVL74-.LVL74
 5985 019a 11       		.uleb128 .LVL76-1-.LVL74
 5986 019b 01       		.uleb128 0x1
 5987 019c 50       		.byte	0x50
 5988 019d 04       		.byte	0x4
 5989 019e 11       		.uleb128 .LVL76-1-.LVL74
 5990 019f 14       		.uleb128 .LVL77-.LVL74
 5991 01a0 01       		.uleb128 0x1
 5992 01a1 55       		.byte	0x55
 5993 01a2 04       		.byte	0x4
 5994 01a3 14       		.uleb128 .LVL77-.LVL74
 5995 01a4 17       		.uleb128 .LVL78-1-.LVL74
 5996 01a5 01       		.uleb128 0x1
 5997 01a6 50       		.byte	0x50
 5998 01a7 04       		.byte	0x4
 5999 01a8 17       		.uleb128 .LVL78-1-.LVL74
 6000 01a9 26       		.uleb128 .LVL80-.LVL74
 6001 01aa 01       		.uleb128 0x1
 6002 01ab 55       		.byte	0x55
 6003 01ac 04       		.byte	0x4
 6004 01ad 26       		.uleb128 .LVL80-.LVL74
 6005 01ae 45       		.uleb128 .LVL82-1-.LVL74
 6006 01af 01       		.uleb128 0x1
 6007 01b0 50       		.byte	0x50
 6008 01b1 04       		.byte	0x4
 6009 01b2 45       		.uleb128 .LVL82-1-.LVL74
 6010 01b3 A001     		.uleb128 .LFE230-.LVL74
 6011 01b5 01       		.uleb128 0x1
 6012 01b6 55       		.byte	0x55
 6013 01b7 00       		.byte	0
 6014              	.LVUS56:
 6015 01b8 00       		.uleb128 0
 6016 01b9 00       		.uleb128 .LVU331
 6017 01ba 00       		.uleb128 .LVU331
 6018 01bb 00       		.uleb128 .LVU382
 6019 01bc 00       		.uleb128 .LVU382
 6020 01bd 00       		.uleb128 0
 6021              	.LLST56:
 6022 01be 06       		.byte	0x6
 6023 01bf 00000000 		.4byte	.LVL74
 6024 01c3 04       		.byte	0x4
 6025 01c4 00       		.uleb128 .LVL74-.LVL74
 6026 01c5 11       		.uleb128 .LVL76-1-.LVL74
 6027 01c6 01       		.uleb128 0x1
 6028 01c7 51       		.byte	0x51
 6029 01c8 04       		.byte	0x4
 6030 01c9 11       		.uleb128 .LVL76-1-.LVL74
 6031 01ca 68       		.uleb128 .LVL86-.LVL74
 6032 01cb 01       		.uleb128 0x1
 6033 01cc 57       		.byte	0x57
 6034 01cd 04       		.byte	0x4
ARM GAS  /tmp/ccuBf7um.s 			page 107


 6035 01ce 68       		.uleb128 .LVL86-.LVL74
 6036 01cf A001     		.uleb128 .LFE230-.LVL74
 6037 01d1 0A       		.uleb128 0xa
 6038 01d2 A3       		.byte	0xa3
 6039 01d3 03       		.uleb128 0x3
 6040 01d4 A5       		.byte	0xa5
 6041 01d5 01       		.uleb128 0x1
 6042 01d6 26       		.uleb128 0x26
 6043 01d7 A8       		.byte	0xa8
 6044 01d8 34       		.uleb128 0x34
 6045 01d9 A8       		.byte	0xa8
 6046 01da 00       		.uleb128 0
 6047 01db 9F       		.byte	0x9f
 6048 01dc 00       		.byte	0
 6049              	.LVUS57:
 6050 01dd 00       		.uleb128 0
 6051 01de 00       		.uleb128 .LVU331
 6052 01df 00       		.uleb128 .LVU331
 6053 01e0 00       		.uleb128 .LVU334
 6054 01e1 00       		.uleb128 .LVU334
 6055 01e2 00       		.uleb128 .LVU336
 6056 01e3 00       		.uleb128 .LVU336
 6057 01e4 00       		.uleb128 .LVU345
 6058 01e5 00       		.uleb128 .LVU345
 6059 01e6 00       		.uleb128 .LVU349
 6060 01e7 00       		.uleb128 .LVU349
 6061 01e8 00       		.uleb128 0
 6062              	.LLST57:
 6063 01e9 06       		.byte	0x6
 6064 01ea 00000000 		.4byte	.LVL74
 6065 01ee 04       		.byte	0x4
 6066 01ef 00       		.uleb128 .LVL74-.LVL74
 6067 01f0 11       		.uleb128 .LVL76-1-.LVL74
 6068 01f1 01       		.uleb128 0x1
 6069 01f2 52       		.byte	0x52
 6070 01f3 04       		.byte	0x4
 6071 01f4 11       		.uleb128 .LVL76-1-.LVL74
 6072 01f5 14       		.uleb128 .LVL77-.LVL74
 6073 01f6 01       		.uleb128 0x1
 6074 01f7 56       		.byte	0x56
 6075 01f8 04       		.byte	0x4
 6076 01f9 14       		.uleb128 .LVL77-.LVL74
 6077 01fa 17       		.uleb128 .LVL78-1-.LVL74
 6078 01fb 01       		.uleb128 0x1
 6079 01fc 51       		.byte	0x51
 6080 01fd 04       		.byte	0x4
 6081 01fe 17       		.uleb128 .LVL78-1-.LVL74
 6082 01ff 26       		.uleb128 .LVL80-.LVL74
 6083 0200 01       		.uleb128 0x1
 6084 0201 56       		.byte	0x56
 6085 0202 04       		.byte	0x4
 6086 0203 26       		.uleb128 .LVL80-.LVL74
 6087 0204 2C       		.uleb128 .LVL81-.LVL74
 6088 0205 01       		.uleb128 0x1
 6089 0206 51       		.byte	0x51
 6090 0207 04       		.byte	0x4
 6091 0208 2C       		.uleb128 .LVL81-.LVL74
ARM GAS  /tmp/ccuBf7um.s 			page 108


 6092 0209 A001     		.uleb128 .LFE230-.LVL74
 6093 020b 01       		.uleb128 0x1
 6094 020c 56       		.byte	0x56
 6095 020d 00       		.byte	0
 6096              	.LVUS63:
 6097 020e 00       		.uleb128 .LVU336
 6098 020f 00       		.uleb128 .LVU339
 6099 0210 00       		.uleb128 .LVU382
 6100 0211 00       		.uleb128 .LVU387
 6101 0212 00       		.uleb128 .LVU387
 6102 0213 00       		.uleb128 .LVU401
 6103 0214 00       		.uleb128 .LVU402
 6104 0215 00       		.uleb128 0
 6105              	.LLST63:
 6106 0216 06       		.byte	0x6
 6107 0217 18000000 		.4byte	.LVL78
 6108 021b 04       		.byte	0x4
 6109 021c 00       		.uleb128 .LVL78-.LVL78
 6110 021d 04       		.uleb128 .LVL79-.LVL78
 6111 021e 01       		.uleb128 0x1
 6112 021f 50       		.byte	0x50
 6113 0220 04       		.byte	0x4
 6114 0221 50       		.uleb128 .LVL86-.LVL78
 6115 0222 53       		.uleb128 .LVL87-1-.LVL78
 6116 0223 01       		.uleb128 0x1
 6117 0224 50       		.byte	0x50
 6118 0225 04       		.byte	0x4
 6119 0226 53       		.uleb128 .LVL87-1-.LVL78
 6120 0227 70       		.uleb128 .LVL90-.LVL78
 6121 0228 01       		.uleb128 0x1
 6122 0229 54       		.byte	0x54
 6123 022a 04       		.byte	0x4
 6124 022b 78       		.uleb128 .LVL92-.LVL78
 6125 022c 8801     		.uleb128 .LFE230-.LVL78
 6126 022e 01       		.uleb128 0x1
 6127 022f 54       		.byte	0x54
 6128 0230 00       		.byte	0
 6129              	.LVUS65:
 6130 0231 00       		.uleb128 .LVU334
 6131 0232 00       		.uleb128 .LVU336
 6132 0233 00       		.uleb128 .LVU336
 6133 0234 00       		.uleb128 .LVU336
 6134 0235 01       		.uleb128 .LVU340
 6135 0236 00       		.uleb128 .LVU345
 6136 0237 00       		.uleb128 .LVU345
 6137 0238 00       		.uleb128 .LVU349
 6138 0239 00       		.uleb128 .LVU349
 6139 023a 00       		.uleb128 .LVU382
 6140 023b 00       		.uleb128 .LVU401
 6141 023c 00       		.uleb128 .LVU402
 6142              	.LLST65:
 6143 023d 06       		.byte	0x6
 6144 023e 14000000 		.4byte	.LVL77
 6145 0242 04       		.byte	0x4
 6146 0243 00       		.uleb128 .LVL77-.LVL77
 6147 0244 03       		.uleb128 .LVL78-1-.LVL77
 6148 0245 01       		.uleb128 0x1
ARM GAS  /tmp/ccuBf7um.s 			page 109


 6149 0246 51       		.byte	0x51
 6150 0247 04       		.byte	0x4
 6151 0248 03       		.uleb128 .LVL78-1-.LVL77
 6152 0249 04       		.uleb128 .LVL78-.LVL77
 6153 024a 01       		.uleb128 0x1
 6154 024b 56       		.byte	0x56
 6155 024c 04       		.byte	0x4
 6156 024d 08       		.uleb128 .LVL79-.LVL77
 6157 024e 12       		.uleb128 .LVL80-.LVL77
 6158 024f 01       		.uleb128 0x1
 6159 0250 56       		.byte	0x56
 6160 0251 04       		.byte	0x4
 6161 0252 12       		.uleb128 .LVL80-.LVL77
 6162 0253 18       		.uleb128 .LVL81-.LVL77
 6163 0254 01       		.uleb128 0x1
 6164 0255 51       		.byte	0x51
 6165 0256 04       		.byte	0x4
 6166 0257 18       		.uleb128 .LVL81-.LVL77
 6167 0258 54       		.uleb128 .LVL86-.LVL77
 6168 0259 01       		.uleb128 0x1
 6169 025a 56       		.byte	0x56
 6170 025b 04       		.byte	0x4
 6171 025c 74       		.uleb128 .LVL90-.LVL77
 6172 025d 7C       		.uleb128 .LVL92-.LVL77
 6173 025e 01       		.uleb128 0x1
 6174 025f 56       		.byte	0x56
 6175 0260 00       		.byte	0
 6176              	.LVUS66:
 6177 0261 00       		.uleb128 .LVU334
 6178 0262 00       		.uleb128 .LVU336
 6179 0263 00       		.uleb128 .LVU336
 6180 0264 00       		.uleb128 .LVU336
 6181 0265 01       		.uleb128 .LVU340
 6182 0266 00       		.uleb128 .LVU345
 6183 0267 00       		.uleb128 .LVU345
 6184 0268 00       		.uleb128 .LVU362
 6185 0269 00       		.uleb128 .LVU362
 6186 026a 00       		.uleb128 .LVU382
 6187 026b 00       		.uleb128 .LVU401
 6188 026c 00       		.uleb128 .LVU402
 6189              	.LLST66:
 6190 026d 06       		.byte	0x6
 6191 026e 14000000 		.4byte	.LVL77
 6192 0272 04       		.byte	0x4
 6193 0273 00       		.uleb128 .LVL77-.LVL77
 6194 0274 03       		.uleb128 .LVL78-1-.LVL77
 6195 0275 01       		.uleb128 0x1
 6196 0276 50       		.byte	0x50
 6197 0277 04       		.byte	0x4
 6198 0278 03       		.uleb128 .LVL78-1-.LVL77
 6199 0279 04       		.uleb128 .LVL78-.LVL77
 6200 027a 01       		.uleb128 0x1
 6201 027b 55       		.byte	0x55
 6202 027c 04       		.byte	0x4
 6203 027d 08       		.uleb128 .LVL79-.LVL77
 6204 027e 12       		.uleb128 .LVL80-.LVL77
 6205 027f 01       		.uleb128 0x1
ARM GAS  /tmp/ccuBf7um.s 			page 110


 6206 0280 55       		.byte	0x55
 6207 0281 04       		.byte	0x4
 6208 0282 12       		.uleb128 .LVL80-.LVL77
 6209 0283 31       		.uleb128 .LVL82-1-.LVL77
 6210 0284 01       		.uleb128 0x1
 6211 0285 50       		.byte	0x50
 6212 0286 04       		.byte	0x4
 6213 0287 31       		.uleb128 .LVL82-1-.LVL77
 6214 0288 54       		.uleb128 .LVL86-.LVL77
 6215 0289 01       		.uleb128 0x1
 6216 028a 55       		.byte	0x55
 6217 028b 04       		.byte	0x4
 6218 028c 74       		.uleb128 .LVL90-.LVL77
 6219 028d 7C       		.uleb128 .LVL92-.LVL77
 6220 028e 01       		.uleb128 0x1
 6221 028f 55       		.byte	0x55
 6222 0290 00       		.byte	0
 6223              	.LVUS68:
 6224 0291 04       		.uleb128 .LVU396
 6225 0292 00       		.uleb128 .LVU398
 6226              	.LLST68:
 6227 0293 08       		.byte	0x8
 6228 0294 7E000000 		.4byte	.LVL88
 6229 0298 06       		.uleb128 .LVL89-.LVL88
 6230 0299 02       		.uleb128 0x2
 6231 029a 30       		.byte	0x30
 6232 029b 9F       		.byte	0x9f
 6233 029c 00       		.byte	0
 6234              	.LVUS61:
 6235 029d 08       		.uleb128 .LVU323
 6236 029e 00       		.uleb128 .LVU328
 6237              	.LLST61:
 6238 029f 08       		.byte	0x8
 6239 02a0 00000000 		.4byte	.LVL74
 6240 02a4 0E       		.uleb128 .LVL75-.LVL74
 6241 02a5 03       		.uleb128 0x3
 6242 02a6 08       		.byte	0x8
 6243 02a7 20       		.byte	0x20
 6244 02a8 9F       		.byte	0x9f
 6245 02a9 00       		.byte	0
 6246              	.LVUS70:
 6247 02aa 04       		.uleb128 .LVU376
 6248 02ab 00       		.uleb128 .LVU378
 6249              	.LLST70:
 6250 02ac 08       		.byte	0x8
 6251 02ad 5C000000 		.4byte	.LVL84
 6252 02b1 06       		.uleb128 .LVL85-.LVL84
 6253 02b2 02       		.uleb128 0x2
 6254 02b3 30       		.byte	0x30
 6255 02b4 9F       		.byte	0x9f
 6256 02b5 00       		.byte	0
 6257              	.LVUS52:
 6258 02b6 00       		.uleb128 0
 6259 02b7 00       		.uleb128 .LVU304
 6260 02b8 00       		.uleb128 .LVU304
 6261 02b9 00       		.uleb128 .LVU313
 6262 02ba 00       		.uleb128 .LVU313
ARM GAS  /tmp/ccuBf7um.s 			page 111


 6263 02bb 00       		.uleb128 .LVU314
 6264 02bc 00       		.uleb128 .LVU314
 6265 02bd 00       		.uleb128 0
 6266              	.LLST52:
 6267 02be 06       		.byte	0x6
 6268 02bf 00000000 		.4byte	.LVL69
 6269 02c3 04       		.byte	0x4
 6270 02c4 00       		.uleb128 .LVL69-.LVL69
 6271 02c5 07       		.uleb128 .LVL70-1-.LVL69
 6272 02c6 01       		.uleb128 0x1
 6273 02c7 50       		.byte	0x50
 6274 02c8 04       		.byte	0x4
 6275 02c9 07       		.uleb128 .LVL70-1-.LVL69
 6276 02ca 1E       		.uleb128 .LVL72-.LVL69
 6277 02cb 01       		.uleb128 0x1
 6278 02cc 54       		.byte	0x54
 6279 02cd 04       		.byte	0x4
 6280 02ce 1E       		.uleb128 .LVL72-.LVL69
 6281 02cf 21       		.uleb128 .LVL73-1-.LVL69
 6282 02d0 01       		.uleb128 0x1
 6283 02d1 50       		.byte	0x50
 6284 02d2 04       		.byte	0x4
 6285 02d3 21       		.uleb128 .LVL73-1-.LVL69
 6286 02d4 22       		.uleb128 .LFE229-.LVL69
 6287 02d5 0A       		.uleb128 0xa
 6288 02d6 A3       		.byte	0xa3
 6289 02d7 03       		.uleb128 0x3
 6290 02d8 A5       		.byte	0xa5
 6291 02d9 00       		.uleb128 0
 6292 02da 26       		.uleb128 0x26
 6293 02db A8       		.byte	0xa8
 6294 02dc 2D       		.uleb128 0x2d
 6295 02dd A8       		.byte	0xa8
 6296 02de 00       		.uleb128 0
 6297 02df 9F       		.byte	0x9f
 6298 02e0 00       		.byte	0
 6299              	.LVUS54:
 6300 02e1 01       		.uleb128 .LVU310
 6301 02e2 00       		.uleb128 .LVU313
 6302 02e3 00       		.uleb128 .LVU313
 6303 02e4 00       		.uleb128 .LVU314
 6304 02e5 00       		.uleb128 .LVU314
 6305 02e6 00       		.uleb128 0
 6306              	.LLST54:
 6307 02e7 06       		.byte	0x6
 6308 02e8 14000000 		.4byte	.LVL71
 6309 02ec 04       		.byte	0x4
 6310 02ed 00       		.uleb128 .LVL71-.LVL71
 6311 02ee 0A       		.uleb128 .LVL72-.LVL71
 6312 02ef 01       		.uleb128 0x1
 6313 02f0 54       		.byte	0x54
 6314 02f1 04       		.byte	0x4
 6315 02f2 0A       		.uleb128 .LVL72-.LVL71
 6316 02f3 0D       		.uleb128 .LVL73-1-.LVL71
 6317 02f4 01       		.uleb128 0x1
 6318 02f5 50       		.byte	0x50
 6319 02f6 04       		.byte	0x4
ARM GAS  /tmp/ccuBf7um.s 			page 112


 6320 02f7 0D       		.uleb128 .LVL73-1-.LVL71
 6321 02f8 0E       		.uleb128 .LFE229-.LVL71
 6322 02f9 0A       		.uleb128 0xa
 6323 02fa A3       		.byte	0xa3
 6324 02fb 03       		.uleb128 0x3
 6325 02fc A5       		.byte	0xa5
 6326 02fd 00       		.uleb128 0
 6327 02fe 26       		.uleb128 0x26
 6328 02ff A8       		.byte	0xa8
 6329 0300 2D       		.uleb128 0x2d
 6330 0301 A8       		.byte	0xa8
 6331 0302 00       		.uleb128 0
 6332 0303 9F       		.byte	0x9f
 6333 0304 00       		.byte	0
 6334              	.LVUS46:
 6335 0305 00       		.uleb128 0
 6336 0306 00       		.uleb128 .LVU286
 6337 0307 00       		.uleb128 .LVU286
 6338 0308 00       		.uleb128 0
 6339              	.LLST46:
 6340 0309 06       		.byte	0x6
 6341 030a 00000000 		.4byte	.LVL65
 6342 030e 04       		.byte	0x4
 6343 030f 00       		.uleb128 .LVL65-.LVL65
 6344 0310 08       		.uleb128 .LVL66-.LVL65
 6345 0311 01       		.uleb128 0x1
 6346 0312 52       		.byte	0x52
 6347 0313 04       		.byte	0x4
 6348 0314 08       		.uleb128 .LVL66-.LVL65
 6349 0315 1E       		.uleb128 .LFE228-.LVL65
 6350 0316 02       		.uleb128 0x2
 6351 0317 70       		.byte	0x70
 6352 0318 08       		.sleb128 8
 6353 0319 00       		.byte	0
 6354              	.LVUS47:
 6355 031a 00       		.uleb128 0
 6356 031b 00       		.uleb128 .LVU298
 6357 031c 00       		.uleb128 .LVU298
 6358 031d 00       		.uleb128 0
 6359              	.LLST47:
 6360 031e 06       		.byte	0x6
 6361 031f 00000000 		.4byte	.LVL65
 6362 0323 04       		.byte	0x4
 6363 0324 00       		.uleb128 .LVL65-.LVL65
 6364 0325 1C       		.uleb128 .LVL68-.LVL65
 6365 0326 02       		.uleb128 0x2
 6366 0327 91       		.byte	0x91
 6367 0328 00       		.sleb128 0
 6368 0329 04       		.byte	0x4
 6369 032a 1C       		.uleb128 .LVL68-.LVL65
 6370 032b 1E       		.uleb128 .LFE228-.LVL65
 6371 032c 02       		.uleb128 0x2
 6372 032d 7D       		.byte	0x7d
 6373 032e 00       		.sleb128 0
 6374 032f 00       		.byte	0
 6375              	.LVUS49:
 6376 0330 02       		.uleb128 .LVU275
ARM GAS  /tmp/ccuBf7um.s 			page 113


 6377 0331 00       		.uleb128 .LVU288
 6378              	.LLST49:
 6379 0332 08       		.byte	0x8
 6380 0333 00000000 		.4byte	.LVL65
 6381 0337 10       		.uleb128 .LVL67-.LVL65
 6382 0338 01       		.uleb128 0x1
 6383 0339 50       		.byte	0x50
 6384 033a 00       		.byte	0
 6385              	.LVUS50:
 6386 033b 04       		.uleb128 .LVU277
 6387 033c 00       		.uleb128 .LVU288
 6388              	.LLST50:
 6389 033d 08       		.byte	0x8
 6390 033e 00000000 		.4byte	.LVL65
 6391 0342 10       		.uleb128 .LVL67-.LVL65
 6392 0343 01       		.uleb128 0x1
 6393 0344 50       		.byte	0x50
 6394 0345 00       		.byte	0
 6395              	.LVUS51:
 6396 0346 06       		.uleb128 .LVU279
 6397 0347 00       		.uleb128 .LVU288
 6398              	.LLST51:
 6399 0348 08       		.byte	0x8
 6400 0349 00000000 		.4byte	.LVL65
 6401 034d 10       		.uleb128 .LVL67-.LVL65
 6402 034e 01       		.uleb128 0x1
 6403 034f 50       		.byte	0x50
 6404 0350 00       		.byte	0
 6405              	.LVUS28:
 6406 0351 00       		.uleb128 0
 6407 0352 00       		.uleb128 .LVU163
 6408 0353 00       		.uleb128 .LVU163
 6409 0354 00       		.uleb128 .LVU183
 6410 0355 00       		.uleb128 .LVU183
 6411 0356 00       		.uleb128 .LVU184
 6412 0357 00       		.uleb128 .LVU184
 6413 0358 00       		.uleb128 .LVU192
 6414 0359 00       		.uleb128 .LVU192
 6415 035a 00       		.uleb128 .LVU209
 6416 035b 00       		.uleb128 .LVU209
 6417 035c 00       		.uleb128 .LVU270
 6418 035d 00       		.uleb128 .LVU270
 6419 035e 00       		.uleb128 .LVU271
 6420 035f 00       		.uleb128 .LVU271
 6421 0360 00       		.uleb128 0
 6422              	.LLST28:
 6423 0361 06       		.byte	0x6
 6424 0362 00000000 		.4byte	.LVL33
 6425 0366 04       		.byte	0x4
 6426 0367 00       		.uleb128 .LVL33-.LVL33
 6427 0368 14       		.uleb128 .LVL35-.LVL33
 6428 0369 01       		.uleb128 0x1
 6429 036a 50       		.byte	0x50
 6430 036b 04       		.byte	0x4
 6431 036c 14       		.uleb128 .LVL35-.LVL33
 6432 036d 30       		.uleb128 .LVL40-.LVL33
 6433 036e 01       		.uleb128 0x1
ARM GAS  /tmp/ccuBf7um.s 			page 114


 6434 036f 54       		.byte	0x54
 6435 0370 04       		.byte	0x4
 6436 0371 30       		.uleb128 .LVL40-.LVL33
 6437 0372 33       		.uleb128 .LVL41-1-.LVL33
 6438 0373 01       		.uleb128 0x1
 6439 0374 50       		.byte	0x50
 6440 0375 04       		.byte	0x4
 6441 0376 33       		.uleb128 .LVL41-1-.LVL33
 6442 0377 40       		.uleb128 .LVL43-.LVL33
 6443 0378 01       		.uleb128 0x1
 6444 0379 54       		.byte	0x54
 6445 037a 04       		.byte	0x4
 6446 037b 40       		.uleb128 .LVL43-.LVL33
 6447 037c 61       		.uleb128 .LVL46-1-.LVL33
 6448 037d 01       		.uleb128 0x1
 6449 037e 50       		.byte	0x50
 6450 037f 04       		.byte	0x4
 6451 0380 61       		.uleb128 .LVL46-1-.LVL33
 6452 0381 BE01     		.uleb128 .LVL62-.LVL33
 6453 0383 01       		.uleb128 0x1
 6454 0384 54       		.byte	0x54
 6455 0385 04       		.byte	0x4
 6456 0386 BE01     		.uleb128 .LVL62-.LVL33
 6457 0388 C001     		.uleb128 .LVL63-.LVL33
 6458 038a 01       		.uleb128 0x1
 6459 038b 50       		.byte	0x50
 6460 038c 04       		.byte	0x4
 6461 038d C001     		.uleb128 .LVL63-.LVL33
 6462 038f D401     		.uleb128 .LFE227-.LVL33
 6463 0391 01       		.uleb128 0x1
 6464 0392 54       		.byte	0x54
 6465 0393 00       		.byte	0
 6466              	.LVUS29:
 6467 0394 00       		.uleb128 0
 6468 0395 00       		.uleb128 .LVU163
 6469 0396 00       		.uleb128 .LVU163
 6470 0397 00       		.uleb128 .LVU198
 6471 0398 00       		.uleb128 .LVU198
 6472 0399 00       		.uleb128 .LVU200
 6473 039a 00       		.uleb128 .LVU200
 6474 039b 00       		.uleb128 .LVU270
 6475 039c 00       		.uleb128 .LVU270
 6476 039d 00       		.uleb128 .LVU272
 6477 039e 00       		.uleb128 .LVU272
 6478 039f 00       		.uleb128 0
 6479              	.LLST29:
 6480 03a0 06       		.byte	0x6
 6481 03a1 00000000 		.4byte	.LVL33
 6482 03a5 04       		.byte	0x4
 6483 03a6 00       		.uleb128 .LVL33-.LVL33
 6484 03a7 14       		.uleb128 .LVL35-.LVL33
 6485 03a8 01       		.uleb128 0x1
 6486 03a9 51       		.byte	0x51
 6487 03aa 04       		.byte	0x4
 6488 03ab 14       		.uleb128 .LVL35-.LVL33
 6489 03ac 4C       		.uleb128 .LVL44-.LVL33
 6490 03ad 01       		.uleb128 0x1
ARM GAS  /tmp/ccuBf7um.s 			page 115


 6491 03ae 58       		.byte	0x58
 6492 03af 04       		.byte	0x4
 6493 03b0 4C       		.uleb128 .LVL44-.LVL33
 6494 03b1 52       		.uleb128 .LVL45-.LVL33
 6495 03b2 03       		.uleb128 0x3
 6496 03b3 78       		.byte	0x78
 6497 03b4 01       		.sleb128 1
 6498 03b5 9F       		.byte	0x9f
 6499 03b6 04       		.byte	0x4
 6500 03b7 52       		.uleb128 .LVL45-.LVL33
 6501 03b8 BE01     		.uleb128 .LVL62-.LVL33
 6502 03ba 01       		.uleb128 0x1
 6503 03bb 58       		.byte	0x58
 6504 03bc 04       		.byte	0x4
 6505 03bd BE01     		.uleb128 .LVL62-.LVL33
 6506 03bf C301     		.uleb128 .LVL64-1-.LVL33
 6507 03c1 01       		.uleb128 0x1
 6508 03c2 51       		.byte	0x51
 6509 03c3 04       		.byte	0x4
 6510 03c4 C301     		.uleb128 .LVL64-1-.LVL33
 6511 03c6 D401     		.uleb128 .LFE227-.LVL33
 6512 03c8 01       		.uleb128 0x1
 6513 03c9 58       		.byte	0x58
 6514 03ca 00       		.byte	0
 6515              	.LVUS30:
 6516 03cb 00       		.uleb128 0
 6517 03cc 00       		.uleb128 .LVU163
 6518 03cd 00       		.uleb128 .LVU163
 6519 03ce 00       		.uleb128 .LVU178
 6520 03cf 01       		.uleb128 .LVU224
 6521 03d0 00       		.uleb128 .LVU239
 6522 03d1 00       		.uleb128 .LVU270
 6523 03d2 00       		.uleb128 .LVU272
 6524 03d3 00       		.uleb128 .LVU272
 6525 03d4 00       		.uleb128 0
 6526              	.LLST30:
 6527 03d5 06       		.byte	0x6
 6528 03d6 00000000 		.4byte	.LVL33
 6529 03da 04       		.byte	0x4
 6530 03db 00       		.uleb128 .LVL33-.LVL33
 6531 03dc 14       		.uleb128 .LVL35-.LVL33
 6532 03dd 01       		.uleb128 0x1
 6533 03de 52       		.byte	0x52
 6534 03df 04       		.byte	0x4
 6535 03e0 14       		.uleb128 .LVL35-.LVL33
 6536 03e1 24       		.uleb128 .LVL38-.LVL33
 6537 03e2 01       		.uleb128 0x1
 6538 03e3 59       		.byte	0x59
 6539 03e4 04       		.byte	0x4
 6540 03e5 78       		.uleb128 .LVL49-.LVL33
 6541 03e6 8801     		.uleb128 .LVL53-.LVL33
 6542 03e8 06       		.uleb128 0x6
 6543 03e9 79       		.byte	0x79
 6544 03ea 00       		.sleb128 0
 6545 03eb 77       		.byte	0x77
 6546 03ec 00       		.sleb128 0
 6547 03ed 1C       		.byte	0x1c
ARM GAS  /tmp/ccuBf7um.s 			page 116


 6548 03ee 9F       		.byte	0x9f
 6549 03ef 04       		.byte	0x4
 6550 03f0 BE01     		.uleb128 .LVL62-.LVL33
 6551 03f2 C301     		.uleb128 .LVL64-1-.LVL33
 6552 03f4 01       		.uleb128 0x1
 6553 03f5 52       		.byte	0x52
 6554 03f6 04       		.byte	0x4
 6555 03f7 C301     		.uleb128 .LVL64-1-.LVL33
 6556 03f9 D401     		.uleb128 .LFE227-.LVL33
 6557 03fb 01       		.uleb128 0x1
 6558 03fc 59       		.byte	0x59
 6559 03fd 00       		.byte	0
 6560              	.LVUS31:
 6561 03fe 00       		.uleb128 0
 6562 03ff 00       		.uleb128 .LVU163
 6563 0400 00       		.uleb128 .LVU163
 6564 0401 00       		.uleb128 .LVU183
 6565 0402 00       		.uleb128 .LVU183
 6566 0403 00       		.uleb128 .LVU184
 6567 0404 00       		.uleb128 .LVU184
 6568 0405 00       		.uleb128 .LVU192
 6569 0406 00       		.uleb128 .LVU192
 6570 0407 00       		.uleb128 .LVU209
 6571 0408 00       		.uleb128 .LVU209
 6572 0409 00       		.uleb128 .LVU270
 6573 040a 00       		.uleb128 .LVU270
 6574 040b 00       		.uleb128 .LVU272
 6575 040c 00       		.uleb128 .LVU272
 6576 040d 00       		.uleb128 0
 6577              	.LLST31:
 6578 040e 06       		.byte	0x6
 6579 040f 00000000 		.4byte	.LVL33
 6580 0413 04       		.byte	0x4
 6581 0414 00       		.uleb128 .LVL33-.LVL33
 6582 0415 14       		.uleb128 .LVL35-.LVL33
 6583 0416 01       		.uleb128 0x1
 6584 0417 53       		.byte	0x53
 6585 0418 04       		.byte	0x4
 6586 0419 14       		.uleb128 .LVL35-.LVL33
 6587 041a 30       		.uleb128 .LVL40-.LVL33
 6588 041b 01       		.uleb128 0x1
 6589 041c 55       		.byte	0x55
 6590 041d 04       		.byte	0x4
 6591 041e 30       		.uleb128 .LVL40-.LVL33
 6592 041f 33       		.uleb128 .LVL41-1-.LVL33
 6593 0420 01       		.uleb128 0x1
 6594 0421 51       		.byte	0x51
 6595 0422 04       		.byte	0x4
 6596 0423 33       		.uleb128 .LVL41-1-.LVL33
 6597 0424 40       		.uleb128 .LVL43-.LVL33
 6598 0425 01       		.uleb128 0x1
 6599 0426 55       		.byte	0x55
 6600 0427 04       		.byte	0x4
 6601 0428 40       		.uleb128 .LVL43-.LVL33
 6602 0429 61       		.uleb128 .LVL46-1-.LVL33
 6603 042a 01       		.uleb128 0x1
 6604 042b 51       		.byte	0x51
ARM GAS  /tmp/ccuBf7um.s 			page 117


 6605 042c 04       		.byte	0x4
 6606 042d 61       		.uleb128 .LVL46-1-.LVL33
 6607 042e BE01     		.uleb128 .LVL62-.LVL33
 6608 0430 01       		.uleb128 0x1
 6609 0431 55       		.byte	0x55
 6610 0432 04       		.byte	0x4
 6611 0433 BE01     		.uleb128 .LVL62-.LVL33
 6612 0435 C301     		.uleb128 .LVL64-1-.LVL33
 6613 0437 01       		.uleb128 0x1
 6614 0438 53       		.byte	0x53
 6615 0439 04       		.byte	0x4
 6616 043a C301     		.uleb128 .LVL64-1-.LVL33
 6617 043c D401     		.uleb128 .LFE227-.LVL33
 6618 043e 01       		.uleb128 0x1
 6619 043f 55       		.byte	0x55
 6620 0440 00       		.byte	0
 6621              	.LVUS32:
 6622 0441 00       		.uleb128 .LVU157
 6623 0442 00       		.uleb128 0
 6624              	.LLST32:
 6625 0443 08       		.byte	0x8
 6626 0444 08000000 		.4byte	.LVL34
 6627 0448 CC01     		.uleb128 .LFE227-.LVL34
 6628 044a 01       		.uleb128 0x1
 6629 044b 5A       		.byte	0x5a
 6630 044c 00       		.byte	0
 6631              	.LVUS33:
 6632 044d 01       		.uleb128 .LVU158
 6633 044e 00       		.uleb128 .LVU178
 6634 044f 00       		.uleb128 .LVU178
 6635 0450 00       		.uleb128 .LVU270
 6636 0451 00       		.uleb128 .LVU270
 6637 0452 00       		.uleb128 0
 6638              	.LLST33:
 6639 0453 06       		.byte	0x6
 6640 0454 08000000 		.4byte	.LVL34
 6641 0458 04       		.byte	0x4
 6642 0459 00       		.uleb128 .LVL34-.LVL34
 6643 045a 1C       		.uleb128 .LVL38-.LVL34
 6644 045b 02       		.uleb128 0x2
 6645 045c 30       		.byte	0x30
 6646 045d 9F       		.byte	0x9f
 6647 045e 04       		.byte	0x4
 6648 045f 1C       		.uleb128 .LVL38-.LVL34
 6649 0460 B601     		.uleb128 .LVL62-.LVL34
 6650 0462 01       		.uleb128 0x1
 6651 0463 57       		.byte	0x57
 6652 0464 04       		.byte	0x4
 6653 0465 B601     		.uleb128 .LVL62-.LVL34
 6654 0467 CC01     		.uleb128 .LFE227-.LVL34
 6655 0469 02       		.uleb128 0x2
 6656 046a 30       		.byte	0x30
 6657 046b 9F       		.byte	0x9f
 6658 046c 00       		.byte	0
 6659              	.LVUS34:
 6660 046d 08       		.uleb128 .LVU171
 6661 046e 00       		.uleb128 .LVU173
ARM GAS  /tmp/ccuBf7um.s 			page 118


 6662              	.LLST34:
 6663 046f 08       		.byte	0x8
 6664 0470 14000000 		.4byte	.LVL35
 6665 0474 06       		.uleb128 .LVL36-.LVL35
 6666 0475 03       		.uleb128 0x3
 6667 0476 08       		.byte	0x8
 6668 0477 20       		.byte	0x20
 6669 0478 9F       		.byte	0x9f
 6670 0479 00       		.byte	0
 6671              	.LVUS37:
 6672 047a 04       		.uleb128 .LVU218
 6673 047b 00       		.uleb128 .LVU220
 6674              	.LLST37:
 6675 047c 08       		.byte	0x8
 6676 047d 72000000 		.4byte	.LVL47
 6677 0481 04       		.uleb128 .LVL48-.LVL47
 6678 0482 02       		.uleb128 0x2
 6679 0483 30       		.byte	0x30
 6680 0484 9F       		.byte	0x9f
 6681 0485 00       		.byte	0
 6682              	.LVUS39:
 6683 0486 00       		.uleb128 .LVU183
 6684 0487 00       		.uleb128 .LVU184
 6685 0488 00       		.uleb128 .LVU184
 6686 0489 00       		.uleb128 .LVU184
 6687 048a 01       		.uleb128 .LVU187
 6688 048b 00       		.uleb128 .LVU192
 6689 048c 00       		.uleb128 .LVU192
 6690 048d 00       		.uleb128 .LVU209
 6691 048e 00       		.uleb128 .LVU209
 6692 048f 00       		.uleb128 .LVU239
 6693 0490 00       		.uleb128 .LVU259
 6694 0491 00       		.uleb128 .LVU260
 6695              	.LLST39:
 6696 0492 06       		.byte	0x6
 6697 0493 30000000 		.4byte	.LVL40
 6698 0497 04       		.byte	0x4
 6699 0498 00       		.uleb128 .LVL40-.LVL40
 6700 0499 03       		.uleb128 .LVL41-1-.LVL40
 6701 049a 01       		.uleb128 0x1
 6702 049b 51       		.byte	0x51
 6703 049c 04       		.byte	0x4
 6704 049d 03       		.uleb128 .LVL41-1-.LVL40
 6705 049e 04       		.uleb128 .LVL41-.LVL40
 6706 049f 01       		.uleb128 0x1
 6707 04a0 55       		.byte	0x55
 6708 04a1 04       		.byte	0x4
 6709 04a2 06       		.uleb128 .LVL42-.LVL40
 6710 04a3 10       		.uleb128 .LVL43-.LVL40
 6711 04a4 01       		.uleb128 0x1
 6712 04a5 55       		.byte	0x55
 6713 04a6 04       		.byte	0x4
 6714 04a7 10       		.uleb128 .LVL43-.LVL40
 6715 04a8 31       		.uleb128 .LVL46-1-.LVL40
 6716 04a9 01       		.uleb128 0x1
 6717 04aa 51       		.byte	0x51
 6718 04ab 04       		.byte	0x4
ARM GAS  /tmp/ccuBf7um.s 			page 119


 6719 04ac 31       		.uleb128 .LVL46-1-.LVL40
 6720 04ad 58       		.uleb128 .LVL53-.LVL40
 6721 04ae 01       		.uleb128 0x1
 6722 04af 55       		.byte	0x55
 6723 04b0 04       		.byte	0x4
 6724 04b1 78       		.uleb128 .LVL57-.LVL40
 6725 04b2 8001     		.uleb128 .LVL59-.LVL40
 6726 04b4 01       		.uleb128 0x1
 6727 04b5 55       		.byte	0x55
 6728 04b6 00       		.byte	0
 6729              	.LVUS40:
 6730 04b7 00       		.uleb128 .LVU183
 6731 04b8 00       		.uleb128 .LVU184
 6732 04b9 00       		.uleb128 .LVU184
 6733 04ba 00       		.uleb128 .LVU184
 6734 04bb 01       		.uleb128 .LVU187
 6735 04bc 00       		.uleb128 .LVU192
 6736 04bd 00       		.uleb128 .LVU192
 6737 04be 00       		.uleb128 .LVU209
 6738 04bf 00       		.uleb128 .LVU209
 6739 04c0 00       		.uleb128 .LVU239
 6740 04c1 00       		.uleb128 .LVU259
 6741 04c2 00       		.uleb128 .LVU260
 6742              	.LLST40:
 6743 04c3 06       		.byte	0x6
 6744 04c4 30000000 		.4byte	.LVL40
 6745 04c8 04       		.byte	0x4
 6746 04c9 00       		.uleb128 .LVL40-.LVL40
 6747 04ca 03       		.uleb128 .LVL41-1-.LVL40
 6748 04cb 01       		.uleb128 0x1
 6749 04cc 50       		.byte	0x50
 6750 04cd 04       		.byte	0x4
 6751 04ce 03       		.uleb128 .LVL41-1-.LVL40
 6752 04cf 04       		.uleb128 .LVL41-.LVL40
 6753 04d0 01       		.uleb128 0x1
 6754 04d1 54       		.byte	0x54
 6755 04d2 04       		.byte	0x4
 6756 04d3 06       		.uleb128 .LVL42-.LVL40
 6757 04d4 10       		.uleb128 .LVL43-.LVL40
 6758 04d5 01       		.uleb128 0x1
 6759 04d6 54       		.byte	0x54
 6760 04d7 04       		.byte	0x4
 6761 04d8 10       		.uleb128 .LVL43-.LVL40
 6762 04d9 31       		.uleb128 .LVL46-1-.LVL40
 6763 04da 01       		.uleb128 0x1
 6764 04db 50       		.byte	0x50
 6765 04dc 04       		.byte	0x4
 6766 04dd 31       		.uleb128 .LVL46-1-.LVL40
 6767 04de 58       		.uleb128 .LVL53-.LVL40
 6768 04df 01       		.uleb128 0x1
 6769 04e0 54       		.byte	0x54
 6770 04e1 04       		.byte	0x4
 6771 04e2 78       		.uleb128 .LVL57-.LVL40
 6772 04e3 8001     		.uleb128 .LVL59-.LVL40
 6773 04e5 01       		.uleb128 0x1
 6774 04e6 54       		.byte	0x54
 6775 04e7 00       		.byte	0
ARM GAS  /tmp/ccuBf7um.s 			page 120


 6776              	.LVUS42:
 6777 04e8 07       		.uleb128 .LVU232
 6778 04e9 00       		.uleb128 .LVU234
 6779              	.LLST42:
 6780 04ea 08       		.byte	0x8
 6781 04eb 7C000000 		.4byte	.LVL50
 6782 04ef 06       		.uleb128 .LVL51-.LVL50
 6783 04f0 03       		.uleb128 0x3
 6784 04f1 08       		.byte	0x8
 6785 04f2 20       		.byte	0x20
 6786 04f3 9F       		.byte	0x9f
 6787 04f4 00       		.byte	0
 6788              	.LVUS45:
 6789 04f5 04       		.uleb128 .LVU254
 6790 04f6 00       		.uleb128 .LVU256
 6791 04f7 04       		.uleb128 .LVU266
 6792 04f8 00       		.uleb128 .LVU268
 6793              	.LLST45:
 6794 04f9 06       		.byte	0x6
 6795 04fa 9C000000 		.4byte	.LVL55
 6796 04fe 04       		.byte	0x4
 6797 04ff 00       		.uleb128 .LVL55-.LVL55
 6798 0500 06       		.uleb128 .LVL56-.LVL55
 6799 0501 02       		.uleb128 0x2
 6800 0502 30       		.byte	0x30
 6801 0503 9F       		.byte	0x9f
 6802 0504 04       		.byte	0x4
 6803 0505 1A       		.uleb128 .LVL60-.LVL55
 6804 0506 20       		.uleb128 .LVL61-.LVL55
 6805 0507 02       		.uleb128 0x2
 6806 0508 30       		.byte	0x30
 6807 0509 9F       		.byte	0x9f
 6808 050a 00       		.byte	0
 6809              	.LVUS14:
 6810 050b 00       		.uleb128 0
 6811 050c 00       		.uleb128 .LVU94
 6812 050d 00       		.uleb128 .LVU94
 6813 050e 00       		.uleb128 .LVU99
 6814 050f 00       		.uleb128 .LVU99
 6815 0510 00       		.uleb128 .LVU100
 6816 0511 00       		.uleb128 .LVU100
 6817 0512 00       		.uleb128 .LVU109
 6818 0513 00       		.uleb128 .LVU109
 6819 0514 00       		.uleb128 .LVU123
 6820 0515 00       		.uleb128 .LVU123
 6821 0516 00       		.uleb128 .LVU152
 6822 0517 00       		.uleb128 .LVU152
 6823 0518 00       		.uleb128 0
 6824              	.LLST14:
 6825 0519 06       		.byte	0x6
 6826 051a 00000000 		.4byte	.LVL15
 6827 051e 04       		.byte	0x4
 6828 051f 00       		.uleb128 .LVL15-.LVL15
 6829 0520 0F       		.uleb128 .LVL17-1-.LVL15
 6830 0521 01       		.uleb128 0x1
 6831 0522 50       		.byte	0x50
 6832 0523 04       		.byte	0x4
ARM GAS  /tmp/ccuBf7um.s 			page 121


 6833 0524 0F       		.uleb128 .LVL17-1-.LVL15
 6834 0525 1A       		.uleb128 .LVL19-.LVL15
 6835 0526 01       		.uleb128 0x1
 6836 0527 55       		.byte	0x55
 6837 0528 04       		.byte	0x4
 6838 0529 1A       		.uleb128 .LVL19-.LVL15
 6839 052a 1D       		.uleb128 .LVL20-1-.LVL15
 6840 052b 01       		.uleb128 0x1
 6841 052c 50       		.byte	0x50
 6842 052d 04       		.byte	0x4
 6843 052e 1D       		.uleb128 .LVL20-1-.LVL15
 6844 052f 2C       		.uleb128 .LVL22-.LVL15
 6845 0530 01       		.uleb128 0x1
 6846 0531 55       		.byte	0x55
 6847 0532 04       		.byte	0x4
 6848 0533 2C       		.uleb128 .LVL22-.LVL15
 6849 0534 46       		.uleb128 .LVL25-.LVL15
 6850 0535 01       		.uleb128 0x1
 6851 0536 50       		.byte	0x50
 6852 0537 04       		.byte	0x4
 6853 0538 46       		.uleb128 .LVL25-.LVL15
 6854 0539 76       		.uleb128 .LVL32-.LVL15
 6855 053a 01       		.uleb128 0x1
 6856 053b 55       		.byte	0x55
 6857 053c 04       		.byte	0x4
 6858 053d 76       		.uleb128 .LVL32-.LVL15
 6859 053e 8001     		.uleb128 .LFE226-.LVL15
 6860 0540 0A       		.uleb128 0xa
 6861 0541 A3       		.byte	0xa3
 6862 0542 03       		.uleb128 0x3
 6863 0543 A5       		.byte	0xa5
 6864 0544 00       		.uleb128 0
 6865 0545 26       		.uleb128 0x26
 6866 0546 A8       		.byte	0xa8
 6867 0547 2D       		.uleb128 0x2d
 6868 0548 A8       		.byte	0xa8
 6869 0549 00       		.uleb128 0
 6870 054a 9F       		.byte	0x9f
 6871 054b 00       		.byte	0
 6872              	.LVUS15:
 6873 054c 00       		.uleb128 0
 6874 054d 00       		.uleb128 .LVU94
 6875 054e 00       		.uleb128 .LVU94
 6876 054f 00       		.uleb128 .LVU99
 6877 0550 00       		.uleb128 .LVU99
 6878 0551 00       		.uleb128 .LVU100
 6879 0552 00       		.uleb128 .LVU100
 6880 0553 00       		.uleb128 .LVU109
 6881 0554 00       		.uleb128 .LVU109
 6882 0555 00       		.uleb128 .LVU112
 6883 0556 00       		.uleb128 .LVU112
 6884 0557 00       		.uleb128 .LVU152
 6885 0558 00       		.uleb128 .LVU152
 6886 0559 00       		.uleb128 0
 6887              	.LLST15:
 6888 055a 06       		.byte	0x6
 6889 055b 00000000 		.4byte	.LVL15
ARM GAS  /tmp/ccuBf7um.s 			page 122


 6890 055f 04       		.byte	0x4
 6891 0560 00       		.uleb128 .LVL15-.LVL15
 6892 0561 0F       		.uleb128 .LVL17-1-.LVL15
 6893 0562 01       		.uleb128 0x1
 6894 0563 51       		.byte	0x51
 6895 0564 04       		.byte	0x4
 6896 0565 0F       		.uleb128 .LVL17-1-.LVL15
 6897 0566 1A       		.uleb128 .LVL19-.LVL15
 6898 0567 01       		.uleb128 0x1
 6899 0568 56       		.byte	0x56
 6900 0569 04       		.byte	0x4
 6901 056a 1A       		.uleb128 .LVL19-.LVL15
 6902 056b 1D       		.uleb128 .LVL20-1-.LVL15
 6903 056c 01       		.uleb128 0x1
 6904 056d 51       		.byte	0x51
 6905 056e 04       		.byte	0x4
 6906 056f 1D       		.uleb128 .LVL20-1-.LVL15
 6907 0570 2C       		.uleb128 .LVL22-.LVL15
 6908 0571 01       		.uleb128 0x1
 6909 0572 56       		.byte	0x56
 6910 0573 04       		.byte	0x4
 6911 0574 2C       		.uleb128 .LVL22-.LVL15
 6912 0575 30       		.uleb128 .LVL23-.LVL15
 6913 0576 01       		.uleb128 0x1
 6914 0577 51       		.byte	0x51
 6915 0578 04       		.byte	0x4
 6916 0579 30       		.uleb128 .LVL23-.LVL15
 6917 057a 76       		.uleb128 .LVL32-.LVL15
 6918 057b 01       		.uleb128 0x1
 6919 057c 56       		.byte	0x56
 6920 057d 04       		.byte	0x4
 6921 057e 76       		.uleb128 .LVL32-.LVL15
 6922 057f 8001     		.uleb128 .LFE226-.LVL15
 6923 0581 0A       		.uleb128 0xa
 6924 0582 A3       		.byte	0xa3
 6925 0583 03       		.uleb128 0x3
 6926 0584 A5       		.byte	0xa5
 6927 0585 01       		.uleb128 0x1
 6928 0586 26       		.uleb128 0x26
 6929 0587 A8       		.byte	0xa8
 6930 0588 2D       		.uleb128 0x2d
 6931 0589 A8       		.byte	0xa8
 6932 058a 00       		.uleb128 0
 6933 058b 9F       		.byte	0x9f
 6934 058c 00       		.byte	0
 6935              	.LVUS16:
 6936 058d 00       		.uleb128 .LVU120
 6937 058e 00       		.uleb128 .LVU123
 6938              	.LLST16:
 6939 058f 08       		.byte	0x8
 6940 0590 42000000 		.4byte	.LVL24
 6941 0594 04       		.uleb128 .LVL25-.LVL24
 6942 0595 01       		.uleb128 0x1
 6943 0596 54       		.byte	0x54
 6944 0597 00       		.byte	0
 6945              	.LVUS21:
 6946 0598 00       		.uleb128 .LVU100
ARM GAS  /tmp/ccuBf7um.s 			page 123


 6947 0599 00       		.uleb128 .LVU103
 6948              	.LLST21:
 6949 059a 08       		.byte	0x8
 6950 059b 1E000000 		.4byte	.LVL20
 6951 059f 04       		.uleb128 .LVL21-.LVL20
 6952 05a0 01       		.uleb128 0x1
 6953 05a1 50       		.byte	0x50
 6954 05a2 00       		.byte	0
 6955              	.LVUS23:
 6956 05a3 00       		.uleb128 .LVU99
 6957 05a4 00       		.uleb128 .LVU100
 6958 05a5 00       		.uleb128 .LVU100
 6959 05a6 00       		.uleb128 .LVU100
 6960 05a7 01       		.uleb128 .LVU104
 6961 05a8 00       		.uleb128 .LVU109
 6962 05a9 00       		.uleb128 .LVU109
 6963 05aa 00       		.uleb128 .LVU112
 6964 05ab 00       		.uleb128 .LVU112
 6965 05ac 00       		.uleb128 .LVU123
 6966              	.LLST23:
 6967 05ad 06       		.byte	0x6
 6968 05ae 1A000000 		.4byte	.LVL19
 6969 05b2 04       		.byte	0x4
 6970 05b3 00       		.uleb128 .LVL19-.LVL19
 6971 05b4 03       		.uleb128 .LVL20-1-.LVL19
 6972 05b5 01       		.uleb128 0x1
 6973 05b6 51       		.byte	0x51
 6974 05b7 04       		.byte	0x4
 6975 05b8 03       		.uleb128 .LVL20-1-.LVL19
 6976 05b9 04       		.uleb128 .LVL20-.LVL19
 6977 05ba 01       		.uleb128 0x1
 6978 05bb 56       		.byte	0x56
 6979 05bc 04       		.byte	0x4
 6980 05bd 08       		.uleb128 .LVL21-.LVL19
 6981 05be 12       		.uleb128 .LVL22-.LVL19
 6982 05bf 01       		.uleb128 0x1
 6983 05c0 56       		.byte	0x56
 6984 05c1 04       		.byte	0x4
 6985 05c2 12       		.uleb128 .LVL22-.LVL19
 6986 05c3 16       		.uleb128 .LVL23-.LVL19
 6987 05c4 01       		.uleb128 0x1
 6988 05c5 51       		.byte	0x51
 6989 05c6 04       		.byte	0x4
 6990 05c7 16       		.uleb128 .LVL23-.LVL19
 6991 05c8 2C       		.uleb128 .LVL25-.LVL19
 6992 05c9 01       		.uleb128 0x1
 6993 05ca 56       		.byte	0x56
 6994 05cb 00       		.byte	0
 6995              	.LVUS24:
 6996 05cc 00       		.uleb128 .LVU99
 6997 05cd 00       		.uleb128 .LVU100
 6998 05ce 00       		.uleb128 .LVU100
 6999 05cf 00       		.uleb128 .LVU100
 7000 05d0 01       		.uleb128 .LVU104
 7001 05d1 00       		.uleb128 .LVU109
 7002 05d2 00       		.uleb128 .LVU109
 7003 05d3 00       		.uleb128 .LVU123
ARM GAS  /tmp/ccuBf7um.s 			page 124


 7004              	.LLST24:
 7005 05d4 06       		.byte	0x6
 7006 05d5 1A000000 		.4byte	.LVL19
 7007 05d9 04       		.byte	0x4
 7008 05da 00       		.uleb128 .LVL19-.LVL19
 7009 05db 03       		.uleb128 .LVL20-1-.LVL19
 7010 05dc 01       		.uleb128 0x1
 7011 05dd 50       		.byte	0x50
 7012 05de 04       		.byte	0x4
 7013 05df 03       		.uleb128 .LVL20-1-.LVL19
 7014 05e0 04       		.uleb128 .LVL20-.LVL19
 7015 05e1 01       		.uleb128 0x1
 7016 05e2 55       		.byte	0x55
 7017 05e3 04       		.byte	0x4
 7018 05e4 08       		.uleb128 .LVL21-.LVL19
 7019 05e5 12       		.uleb128 .LVL22-.LVL19
 7020 05e6 01       		.uleb128 0x1
 7021 05e7 55       		.byte	0x55
 7022 05e8 04       		.byte	0x4
 7023 05e9 12       		.uleb128 .LVL22-.LVL19
 7024 05ea 2C       		.uleb128 .LVL25-.LVL19
 7025 05eb 01       		.uleb128 0x1
 7026 05ec 50       		.byte	0x50
 7027 05ed 00       		.byte	0
 7028              	.LVUS19:
 7029 05ee 09       		.uleb128 .LVU85
 7030 05ef 00       		.uleb128 .LVU91
 7031              	.LLST19:
 7032 05f0 08       		.byte	0x8
 7033 05f1 00000000 		.4byte	.LVL15
 7034 05f5 0C       		.uleb128 .LVL16-.LVL15
 7035 05f6 03       		.uleb128 0x3
 7036 05f7 08       		.byte	0x8
 7037 05f8 20       		.byte	0x20
 7038 05f9 9F       		.byte	0x9f
 7039 05fa 00       		.byte	0
 7040              	.LVUS27:
 7041 05fb 04       		.uleb128 .LVU137
 7042 05fc 00       		.uleb128 .LVU139
 7043 05fd 04       		.uleb128 .LVU147
 7044 05fe 00       		.uleb128 .LVU149
 7045              	.LLST27:
 7046 05ff 06       		.byte	0x6
 7047 0600 5C000000 		.4byte	.LVL27
 7048 0604 04       		.byte	0x4
 7049 0605 00       		.uleb128 .LVL27-.LVL27
 7050 0606 06       		.uleb128 .LVL28-.LVL27
 7051 0607 02       		.uleb128 0x2
 7052 0608 30       		.byte	0x30
 7053 0609 9F       		.byte	0x9f
 7054 060a 04       		.byte	0x4
 7055 060b 10       		.uleb128 .LVL30-.LVL27
 7056 060c 16       		.uleb128 .LVL31-.LVL27
 7057 060d 02       		.uleb128 0x2
 7058 060e 30       		.byte	0x30
 7059 060f 9F       		.byte	0x9f
 7060 0610 00       		.byte	0
ARM GAS  /tmp/ccuBf7um.s 			page 125


 7061              	.LVUS10:
 7062 0611 00       		.uleb128 0
 7063 0612 00       		.uleb128 .LVU51
 7064 0613 00       		.uleb128 .LVU51
 7065 0614 00       		.uleb128 0
 7066              	.LLST10:
 7067 0615 06       		.byte	0x6
 7068 0616 00000000 		.4byte	.LVL10
 7069 061a 04       		.byte	0x4
 7070 061b 00       		.uleb128 .LVL10-.LVL10
 7071 061c 09       		.uleb128 .LVL11-1-.LVL10
 7072 061d 01       		.uleb128 0x1
 7073 061e 50       		.byte	0x50
 7074 061f 04       		.byte	0x4
 7075 0620 09       		.uleb128 .LVL11-1-.LVL10
 7076 0621 42       		.uleb128 .LFE225-.LVL10
 7077 0622 01       		.uleb128 0x1
 7078 0623 54       		.byte	0x54
 7079 0624 00       		.byte	0
 7080              	.LVUS11:
 7081 0625 00       		.uleb128 0
 7082 0626 00       		.uleb128 .LVU51
 7083 0627 00       		.uleb128 .LVU51
 7084 0628 00       		.uleb128 .LVU72
 7085 0629 00       		.uleb128 .LVU72
 7086 062a 00       		.uleb128 0
 7087              	.LLST11:
 7088 062b 06       		.byte	0x6
 7089 062c 00000000 		.4byte	.LVL10
 7090 0630 04       		.byte	0x4
 7091 0631 00       		.uleb128 .LVL10-.LVL10
 7092 0632 09       		.uleb128 .LVL11-1-.LVL10
 7093 0633 01       		.uleb128 0x1
 7094 0634 51       		.byte	0x51
 7095 0635 04       		.byte	0x4
 7096 0636 09       		.uleb128 .LVL11-1-.LVL10
 7097 0637 36       		.uleb128 .LVL14-.LVL10
 7098 0638 01       		.uleb128 0x1
 7099 0639 55       		.byte	0x55
 7100 063a 04       		.byte	0x4
 7101 063b 36       		.uleb128 .LVL14-.LVL10
 7102 063c 42       		.uleb128 .LFE225-.LVL10
 7103 063d 0A       		.uleb128 0xa
 7104 063e A3       		.byte	0xa3
 7105 063f 03       		.uleb128 0x3
 7106 0640 A5       		.byte	0xa5
 7107 0641 01       		.uleb128 0x1
 7108 0642 26       		.uleb128 0x26
 7109 0643 A8       		.byte	0xa8
 7110 0644 34       		.uleb128 0x34
 7111 0645 A8       		.byte	0xa8
 7112 0646 00       		.uleb128 0
 7113 0647 9F       		.byte	0x9f
 7114 0648 00       		.byte	0
 7115              	.LVUS12:
 7116 0649 01       		.uleb128 .LVU66
 7117 064a 00       		.uleb128 .LVU68
ARM GAS  /tmp/ccuBf7um.s 			page 126


 7118              	.LLST12:
 7119 064b 08       		.byte	0x8
 7120 064c 2A000000 		.4byte	.LVL12
 7121 0650 08       		.uleb128 .LVL13-.LVL12
 7122 0651 02       		.uleb128 0x2
 7123 0652 30       		.byte	0x30
 7124 0653 9F       		.byte	0x9f
 7125 0654 00       		.byte	0
 7126              	.LVUS13:
 7127 0655 01       		.uleb128 .LVU66
 7128 0656 00       		.uleb128 .LVU68
 7129              	.LLST13:
 7130 0657 08       		.byte	0x8
 7131 0658 2A000000 		.4byte	.LVL12
 7132 065c 08       		.uleb128 .LVL13-.LVL12
 7133 065d 01       		.uleb128 0x1
 7134 065e 54       		.byte	0x54
 7135 065f 00       		.byte	0
 7136              	.LVUS7:
 7137 0660 00       		.uleb128 0
 7138 0661 00       		.uleb128 .LVU34
 7139 0662 00       		.uleb128 .LVU34
 7140 0663 00       		.uleb128 .LVU44
 7141 0664 00       		.uleb128 .LVU44
 7142 0665 00       		.uleb128 .LVU45
 7143 0666 00       		.uleb128 .LVU45
 7144 0667 00       		.uleb128 0
 7145              	.LLST7:
 7146 0668 06       		.byte	0x6
 7147 0669 00000000 		.4byte	.LVL5
 7148 066d 04       		.byte	0x4
 7149 066e 00       		.uleb128 .LVL5-.LVL5
 7150 066f 07       		.uleb128 .LVL6-1-.LVL5
 7151 0670 01       		.uleb128 0x1
 7152 0671 50       		.byte	0x50
 7153 0672 04       		.byte	0x4
 7154 0673 07       		.uleb128 .LVL6-1-.LVL5
 7155 0674 1C       		.uleb128 .LVL8-.LVL5
 7156 0675 01       		.uleb128 0x1
 7157 0676 54       		.byte	0x54
 7158 0677 04       		.byte	0x4
 7159 0678 1C       		.uleb128 .LVL8-.LVL5
 7160 0679 1F       		.uleb128 .LVL9-1-.LVL5
 7161 067a 01       		.uleb128 0x1
 7162 067b 50       		.byte	0x50
 7163 067c 04       		.byte	0x4
 7164 067d 1F       		.uleb128 .LVL9-1-.LVL5
 7165 067e 20       		.uleb128 .LFE224-.LVL5
 7166 067f 0A       		.uleb128 0xa
 7167 0680 A3       		.byte	0xa3
 7168 0681 03       		.uleb128 0x3
 7169 0682 A5       		.byte	0xa5
 7170 0683 00       		.uleb128 0
 7171 0684 26       		.uleb128 0x26
 7172 0685 A8       		.byte	0xa8
 7173 0686 2D       		.uleb128 0x2d
 7174 0687 A8       		.byte	0xa8
ARM GAS  /tmp/ccuBf7um.s 			page 127


 7175 0688 00       		.uleb128 0
 7176 0689 9F       		.byte	0x9f
 7177 068a 00       		.byte	0
 7178              	.LVUS9:
 7179 068b 01       		.uleb128 .LVU41
 7180 068c 00       		.uleb128 .LVU44
 7181 068d 00       		.uleb128 .LVU44
 7182 068e 00       		.uleb128 .LVU45
 7183 068f 00       		.uleb128 .LVU45
 7184 0690 00       		.uleb128 0
 7185              	.LLST9:
 7186 0691 06       		.byte	0x6
 7187 0692 12000000 		.4byte	.LVL7
 7188 0696 04       		.byte	0x4
 7189 0697 00       		.uleb128 .LVL7-.LVL7
 7190 0698 0A       		.uleb128 .LVL8-.LVL7
 7191 0699 01       		.uleb128 0x1
 7192 069a 54       		.byte	0x54
 7193 069b 04       		.byte	0x4
 7194 069c 0A       		.uleb128 .LVL8-.LVL7
 7195 069d 0D       		.uleb128 .LVL9-1-.LVL7
 7196 069e 01       		.uleb128 0x1
 7197 069f 50       		.byte	0x50
 7198 06a0 04       		.byte	0x4
 7199 06a1 0D       		.uleb128 .LVL9-1-.LVL7
 7200 06a2 0E       		.uleb128 .LFE224-.LVL7
 7201 06a3 0A       		.uleb128 0xa
 7202 06a4 A3       		.byte	0xa3
 7203 06a5 03       		.uleb128 0x3
 7204 06a6 A5       		.byte	0xa5
 7205 06a7 00       		.uleb128 0
 7206 06a8 26       		.uleb128 0x26
 7207 06a9 A8       		.byte	0xa8
 7208 06aa 2D       		.uleb128 0x2d
 7209 06ab A8       		.byte	0xa8
 7210 06ac 00       		.uleb128 0
 7211 06ad 9F       		.byte	0x9f
 7212 06ae 00       		.byte	0
 7213              	.LVUS0:
 7214 06af 00       		.uleb128 0
 7215 06b0 00       		.uleb128 .LVU14
 7216 06b1 00       		.uleb128 .LVU14
 7217 06b2 00       		.uleb128 0
 7218              	.LLST0:
 7219 06b3 06       		.byte	0x6
 7220 06b4 00000000 		.4byte	.LVL0
 7221 06b8 04       		.byte	0x4
 7222 06b9 00       		.uleb128 .LVL0-.LVL0
 7223 06ba 0C       		.uleb128 .LVL1-.LVL0
 7224 06bb 01       		.uleb128 0x1
 7225 06bc 52       		.byte	0x52
 7226 06bd 04       		.byte	0x4
 7227 06be 0C       		.uleb128 .LVL1-.LVL0
 7228 06bf 20       		.uleb128 .LFE223-.LVL0
 7229 06c0 0A       		.uleb128 0xa
 7230 06c1 A3       		.byte	0xa3
 7231 06c2 03       		.uleb128 0x3
ARM GAS  /tmp/ccuBf7um.s 			page 128


 7232 06c3 A5       		.byte	0xa5
 7233 06c4 02       		.uleb128 0x2
 7234 06c5 26       		.uleb128 0x26
 7235 06c6 A8       		.byte	0xa8
 7236 06c7 2D       		.uleb128 0x2d
 7237 06c8 A8       		.byte	0xa8
 7238 06c9 00       		.uleb128 0
 7239 06ca 9F       		.byte	0x9f
 7240 06cb 00       		.byte	0
 7241              	.LVUS1:
 7242 06cc 00       		.uleb128 0
 7243 06cd 00       		.uleb128 .LVU15
 7244 06ce 00       		.uleb128 .LVU15
 7245 06cf 00       		.uleb128 0
 7246              	.LLST1:
 7247 06d0 06       		.byte	0x6
 7248 06d1 00000000 		.4byte	.LVL0
 7249 06d5 04       		.byte	0x4
 7250 06d6 00       		.uleb128 .LVL0-.LVL0
 7251 06d7 0E       		.uleb128 .LVL2-.LVL0
 7252 06d8 01       		.uleb128 0x1
 7253 06d9 53       		.byte	0x53
 7254 06da 04       		.byte	0x4
 7255 06db 0E       		.uleb128 .LVL2-.LVL0
 7256 06dc 20       		.uleb128 .LFE223-.LVL0
 7257 06dd 02       		.uleb128 0x2
 7258 06de 70       		.byte	0x70
 7259 06df 1C       		.sleb128 28
 7260 06e0 00       		.byte	0
 7261              	.LVUS2:
 7262 06e1 00       		.uleb128 0
 7263 06e2 00       		.uleb128 .LVU20
 7264 06e3 00       		.uleb128 .LVU20
 7265 06e4 00       		.uleb128 0
 7266              	.LLST2:
 7267 06e5 06       		.byte	0x6
 7268 06e6 00000000 		.4byte	.LVL0
 7269 06ea 04       		.byte	0x4
 7270 06eb 00       		.uleb128 .LVL0-.LVL0
 7271 06ec 1A       		.uleb128 .LVL4-.LVL0
 7272 06ed 02       		.uleb128 0x2
 7273 06ee 91       		.byte	0x91
 7274 06ef 00       		.sleb128 0
 7275 06f0 04       		.byte	0x4
 7276 06f1 1A       		.uleb128 .LVL4-.LVL0
 7277 06f2 20       		.uleb128 .LFE223-.LVL0
 7278 06f3 02       		.uleb128 0x2
 7279 06f4 7D       		.byte	0x7d
 7280 06f5 00       		.sleb128 0
 7281 06f6 00       		.byte	0
 7282              	.LVUS4:
 7283 06f7 02       		.uleb128 .LVU2
 7284 06f8 00       		.uleb128 .LVU16
 7285              	.LLST4:
 7286 06f9 08       		.byte	0x8
 7287 06fa 00000000 		.4byte	.LVL0
 7288 06fe 12       		.uleb128 .LVL3-.LVL0
ARM GAS  /tmp/ccuBf7um.s 			page 129


 7289 06ff 01       		.uleb128 0x1
 7290 0700 50       		.byte	0x50
 7291 0701 00       		.byte	0
 7292              	.LVUS5:
 7293 0702 04       		.uleb128 .LVU4
 7294 0703 00       		.uleb128 .LVU16
 7295              	.LLST5:
 7296 0704 08       		.byte	0x8
 7297 0705 00000000 		.4byte	.LVL0
 7298 0709 12       		.uleb128 .LVL3-.LVL0
 7299 070a 01       		.uleb128 0x1
 7300 070b 50       		.byte	0x50
 7301 070c 00       		.byte	0
 7302              	.LVUS6:
 7303 070d 06       		.uleb128 .LVU6
 7304 070e 00       		.uleb128 .LVU16
 7305              	.LLST6:
 7306 070f 08       		.byte	0x8
 7307 0710 00000000 		.4byte	.LVL0
 7308 0714 12       		.uleb128 .LVL3-.LVL0
 7309 0715 01       		.uleb128 0x1
 7310 0716 50       		.byte	0x50
 7311 0717 00       		.byte	0
 7312              	.Ldebug_loc3:
 7313              		.section	.debug_aranges,"",%progbits
 7314 0000 64000000 		.4byte	0x64
 7315 0004 0200     		.2byte	0x2
 7316 0006 00000000 		.4byte	.Ldebug_info0
 7317 000a 04       		.byte	0x4
 7318 000b 00       		.byte	0
 7319 000c 0000     		.2byte	0
 7320 000e 0000     		.2byte	0
 7321 0010 00000000 		.4byte	.LFB223
 7322 0014 20000000 		.4byte	.LFE223-.LFB223
 7323 0018 00000000 		.4byte	.LFB224
 7324 001c 20000000 		.4byte	.LFE224-.LFB224
 7325 0020 00000000 		.4byte	.LFB225
 7326 0024 42000000 		.4byte	.LFE225-.LFB225
 7327 0028 00000000 		.4byte	.LFB226
 7328 002c 80000000 		.4byte	.LFE226-.LFB226
 7329 0030 00000000 		.4byte	.LFB227
 7330 0034 D4000000 		.4byte	.LFE227-.LFB227
 7331 0038 00000000 		.4byte	.LFB228
 7332 003c 1E000000 		.4byte	.LFE228-.LFB228
 7333 0040 00000000 		.4byte	.LFB229
 7334 0044 22000000 		.4byte	.LFE229-.LFB229
 7335 0048 00000000 		.4byte	.LFB230
 7336 004c A0000000 		.4byte	.LFE230-.LFB230
 7337 0050 00000000 		.4byte	.LFB231
 7338 0054 3E000000 		.4byte	.LFE231-.LFB231
 7339 0058 00000000 		.4byte	.LFB232
 7340 005c D8000000 		.4byte	.LFE232-.LFB232
 7341 0060 00000000 		.4byte	0
 7342 0064 00000000 		.4byte	0
 7343              		.section	.debug_rnglists,"",%progbits
 7344              	.Ldebug_ranges0:
 7345 0000 9C010000 		.4byte	.Ldebug_ranges3-.Ldebug_ranges2
ARM GAS  /tmp/ccuBf7um.s 			page 130


 7346              	.Ldebug_ranges2:
 7347 0004 0500     		.2byte	0x5
 7348 0006 04       		.byte	0x4
 7349 0007 00       		.byte	0
 7350 0008 00000000 		.4byte	0
 7351              	.LLRL3:
 7352 000c 05       		.byte	0x5
 7353 000d 00000000 		.4byte	.LBB111
 7354 0011 04       		.byte	0x4
 7355 0012 00       		.uleb128 .LBB111-.LBB111
 7356 0013 00       		.uleb128 .LBE111-.LBB111
 7357 0014 04       		.byte	0x4
 7358 0015 0E       		.uleb128 .LBB118-.LBB111
 7359 0016 12       		.uleb128 .LBE118-.LBB111
 7360 0017 00       		.byte	0
 7361              	.LLRL8:
 7362 0018 05       		.byte	0x5
 7363 0019 12000000 		.4byte	.LBB119
 7364 001d 04       		.byte	0x4
 7365 001e 00       		.uleb128 .LBB119-.LBB119
 7366 001f 06       		.uleb128 .LBE119-.LBB119
 7367 0020 04       		.byte	0x4
 7368 0021 0A       		.uleb128 .LBB122-.LBB119
 7369 0022 0E       		.uleb128 .LBE122-.LBB119
 7370 0023 00       		.byte	0
 7371              	.LLRL17:
 7372 0024 05       		.byte	0x5
 7373 0025 00000000 		.4byte	.LBB148
 7374 0029 04       		.byte	0x4
 7375 002a 00       		.uleb128 .LBB148-.LBB148
 7376 002b 00       		.uleb128 .LBE148-.LBB148
 7377 002c 04       		.byte	0x4
 7378 002d 02       		.uleb128 .LBB164-.LBB148
 7379 002e 04       		.uleb128 .LBE164-.LBB148
 7380 002f 04       		.byte	0x4
 7381 0030 08       		.uleb128 .LBB165-.LBB148
 7382 0031 10       		.uleb128 .LBE165-.LBB148
 7383 0032 00       		.byte	0
 7384              	.LLRL18:
 7385 0033 05       		.byte	0x5
 7386 0034 00000000 		.4byte	.LBB151
 7387 0038 04       		.byte	0x4
 7388 0039 00       		.uleb128 .LBB151-.LBB151
 7389 003a 00       		.uleb128 .LBE151-.LBB151
 7390 003b 04       		.byte	0x4
 7391 003c 02       		.uleb128 .LBB158-.LBB151
 7392 003d 04       		.uleb128 .LBE158-.LBB151
 7393 003e 04       		.byte	0x4
 7394 003f 08       		.uleb128 .LBB159-.LBB151
 7395 0040 0C       		.uleb128 .LBE159-.LBB151
 7396 0041 00       		.byte	0
 7397              	.LLRL20:
 7398 0042 05       		.byte	0x5
 7399 0043 1A000000 		.4byte	.LBB166
 7400 0047 04       		.byte	0x4
 7401 0048 00       		.uleb128 .LBB166-.LBB166
 7402 0049 08       		.uleb128 .LBE166-.LBB166
ARM GAS  /tmp/ccuBf7um.s 			page 131


 7403 004a 04       		.byte	0x4
 7404 004b 0A       		.uleb128 .LBB173-.LBB166
 7405 004c 0E       		.uleb128 .LBE173-.LBB166
 7406 004d 00       		.byte	0
 7407              	.LLRL22:
 7408 004e 05       		.byte	0x5
 7409 004f 1A000000 		.4byte	.LBB167
 7410 0053 04       		.byte	0x4
 7411 0054 00       		.uleb128 .LBB167-.LBB167
 7412 0055 04       		.uleb128 .LBE167-.LBB167
 7413 0056 04       		.byte	0x4
 7414 0057 08       		.uleb128 .LBB171-.LBB167
 7415 0058 08       		.uleb128 .LBE171-.LBB167
 7416 0059 04       		.byte	0x4
 7417 005a 0A       		.uleb128 .LBB172-.LBB167
 7418 005b 0E       		.uleb128 .LBE172-.LBB167
 7419 005c 00       		.byte	0
 7420              	.LLRL25:
 7421 005d 05       		.byte	0x5
 7422 005e 46000000 		.4byte	.LBB174
 7423 0062 04       		.byte	0x4
 7424 0063 00       		.uleb128 .LBB174-.LBB174
 7425 0064 1C       		.uleb128 .LBE174-.LBB174
 7426 0065 04       		.byte	0x4
 7427 0066 20       		.uleb128 .LBB185-.LBB174
 7428 0067 2C       		.uleb128 .LBE185-.LBB174
 7429 0068 00       		.byte	0
 7430              	.LLRL26:
 7431 0069 05       		.byte	0x5
 7432 006a 5C000000 		.4byte	.LBB177
 7433 006e 04       		.byte	0x4
 7434 006f 00       		.uleb128 .LBB177-.LBB177
 7435 0070 06       		.uleb128 .LBE177-.LBB177
 7436 0071 04       		.byte	0x4
 7437 0072 10       		.uleb128 .LBB182-.LBB177
 7438 0073 16       		.uleb128 .LBE182-.LBB177
 7439 0074 00       		.byte	0
 7440              	.LLRL35:
 7441 0075 05       		.byte	0x5
 7442 0076 22000000 		.4byte	.LBB223
 7443 007a 04       		.byte	0x4
 7444 007b 00       		.uleb128 .LBB223-.LBB223
 7445 007c 02       		.uleb128 .LBE223-.LBB223
 7446 007d 04       		.byte	0x4
 7447 007e 3C       		.uleb128 .LBB242-.LBB223
 7448 007f 54       		.uleb128 .LBE242-.LBB223
 7449 0080 04       		.byte	0x4
 7450 0081 8601     		.uleb128 .LBB263-.LBB223
 7451 0083 8E01     		.uleb128 .LBE263-.LBB223
 7452 0085 00       		.byte	0
 7453              	.LLRL36:
 7454 0086 05       		.byte	0x5
 7455 0087 22000000 		.4byte	.LBB226
 7456 008b 04       		.byte	0x4
 7457 008c 00       		.uleb128 .LBB226-.LBB226
 7458 008d 02       		.uleb128 .LBE226-.LBB226
 7459 008e 04       		.byte	0x4
ARM GAS  /tmp/ccuBf7um.s 			page 132


 7460 008f 50       		.uleb128 .LBB231-.LBB226
 7461 0090 54       		.uleb128 .LBE231-.LBB226
 7462 0091 00       		.byte	0
 7463              	.LLRL38:
 7464 0092 05       		.byte	0x5
 7465 0093 30000000 		.4byte	.LBB236
 7466 0097 04       		.byte	0x4
 7467 0098 00       		.uleb128 .LBB236-.LBB236
 7468 0099 04       		.uleb128 .LBE236-.LBB236
 7469 009a 04       		.byte	0x4
 7470 009b 06       		.uleb128 .LBB240-.LBB236
 7471 009c 06       		.uleb128 .LBE240-.LBB236
 7472 009d 04       		.byte	0x4
 7473 009e 08       		.uleb128 .LBB241-.LBB236
 7474 009f 0C       		.uleb128 .LBE241-.LBB236
 7475 00a0 00       		.byte	0
 7476              	.LLRL41:
 7477 00a1 05       		.byte	0x5
 7478 00a2 7C000000 		.4byte	.LBB243
 7479 00a6 04       		.byte	0x4
 7480 00a7 00       		.uleb128 .LBB243-.LBB243
 7481 00a8 0A       		.uleb128 .LBE243-.LBB243
 7482 00a9 04       		.byte	0x4
 7483 00aa 0A       		.uleb128 .LBB251-.LBB243
 7484 00ab 0C       		.uleb128 .LBE251-.LBB243
 7485 00ac 00       		.byte	0
 7486              	.LLRL43:
 7487 00ad 05       		.byte	0x5
 7488 00ae 88000000 		.4byte	.LBB252
 7489 00b2 04       		.byte	0x4
 7490 00b3 00       		.uleb128 .LBB252-.LBB252
 7491 00b4 1A       		.uleb128 .LBE252-.LBB252
 7492 00b5 04       		.byte	0x4
 7493 00b6 28       		.uleb128 .LBB264-.LBB252
 7494 00b7 34       		.uleb128 .LBE264-.LBB252
 7495 00b8 00       		.byte	0
 7496              	.LLRL44:
 7497 00b9 05       		.byte	0x5
 7498 00ba 9C000000 		.4byte	.LBB255
 7499 00be 04       		.byte	0x4
 7500 00bf 00       		.uleb128 .LBB255-.LBB255
 7501 00c0 06       		.uleb128 .LBE255-.LBB255
 7502 00c1 04       		.byte	0x4
 7503 00c2 1A       		.uleb128 .LBB260-.LBB255
 7504 00c3 20       		.uleb128 .LBE260-.LBB255
 7505 00c4 00       		.byte	0
 7506              	.LLRL48:
 7507 00c5 05       		.byte	0x5
 7508 00c6 00000000 		.4byte	.LBB265
 7509 00ca 04       		.byte	0x4
 7510 00cb 00       		.uleb128 .LBB265-.LBB265
 7511 00cc 00       		.uleb128 .LBE265-.LBB265
 7512 00cd 04       		.byte	0x4
 7513 00ce 0C       		.uleb128 .LBB272-.LBB265
 7514 00cf 10       		.uleb128 .LBE272-.LBB265
 7515 00d0 00       		.byte	0
 7516              	.LLRL53:
ARM GAS  /tmp/ccuBf7um.s 			page 133


 7517 00d1 05       		.byte	0x5
 7518 00d2 14000000 		.4byte	.LBB273
 7519 00d6 04       		.byte	0x4
 7520 00d7 00       		.uleb128 .LBB273-.LBB273
 7521 00d8 06       		.uleb128 .LBE273-.LBB273
 7522 00d9 04       		.byte	0x4
 7523 00da 0A       		.uleb128 .LBB276-.LBB273
 7524 00db 0E       		.uleb128 .LBE276-.LBB273
 7525 00dc 00       		.byte	0
 7526              	.LLRL58:
 7527 00dd 05       		.byte	0x5
 7528 00de 00000000 		.4byte	.LBB301
 7529 00e2 04       		.byte	0x4
 7530 00e3 00       		.uleb128 .LBB301-.LBB301
 7531 00e4 00       		.uleb128 .LBE301-.LBB301
 7532 00e5 04       		.byte	0x4
 7533 00e6 08       		.uleb128 .LBB315-.LBB301
 7534 00e7 12       		.uleb128 .LBE315-.LBB301
 7535 00e8 04       		.byte	0x4
 7536 00e9 12       		.uleb128 .LBB316-.LBB301
 7537 00ea 14       		.uleb128 .LBE316-.LBB301
 7538 00eb 00       		.byte	0
 7539              	.LLRL59:
 7540 00ec 05       		.byte	0x5
 7541 00ed 00000000 		.4byte	.LBB303
 7542 00f1 04       		.byte	0x4
 7543 00f2 00       		.uleb128 .LBB303-.LBB303
 7544 00f3 00       		.uleb128 .LBE303-.LBB303
 7545 00f4 04       		.byte	0x4
 7546 00f5 08       		.uleb128 .LBB312-.LBB303
 7547 00f6 12       		.uleb128 .LBE312-.LBB303
 7548 00f7 00       		.byte	0
 7549              	.LLRL60:
 7550 00f8 05       		.byte	0x5
 7551 00f9 00000000 		.4byte	.LBB305
 7552 00fd 04       		.byte	0x4
 7553 00fe 00       		.uleb128 .LBB305-.LBB305
 7554 00ff 00       		.uleb128 .LBE305-.LBB305
 7555 0100 04       		.byte	0x4
 7556 0101 08       		.uleb128 .LBB310-.LBB305
 7557 0102 0E       		.uleb128 .LBE310-.LBB305
 7558 0103 00       		.byte	0
 7559              	.LLRL62:
 7560 0104 05       		.byte	0x5
 7561 0105 14000000 		.4byte	.LBB317
 7562 0109 04       		.byte	0x4
 7563 010a 00       		.uleb128 .LBB317-.LBB317
 7564 010b 08       		.uleb128 .LBE317-.LBB317
 7565 010c 04       		.byte	0x4
 7566 010d 0A       		.uleb128 .LBB333-.LBB317
 7567 010e 0E       		.uleb128 .LBE333-.LBB317
 7568              	.LLRL67:
 7569 010f 05       		.byte	0x5
 7570 0110 68000000 		.4byte	.LBB342
 7571 0114 04       		.byte	0x4
 7572 0115 00       		.uleb128 .LBB342-.LBB342
 7573 0116 1C       		.uleb128 .LBE342-.LBB342
ARM GAS  /tmp/ccuBf7um.s 			page 134


 7574 0117 04       		.byte	0x4
 7575 0118 28       		.uleb128 .LBB344-.LBB342
 7576 0119 38       		.uleb128 .LBE344-.LBB342
 7577 011a 00       		.byte	0
 7578              	.LLRL64:
 7579 011b 05       		.byte	0x5
 7580 011c 14000000 		.4byte	.LBB318
 7581 0120 04       		.byte	0x4
 7582 0121 00       		.uleb128 .LBB318-.LBB318
 7583 0122 04       		.uleb128 .LBE318-.LBB318
 7584 0123 04       		.byte	0x4
 7585 0124 08       		.uleb128 .LBB322-.LBB318
 7586 0125 08       		.uleb128 .LBE322-.LBB318
 7587 0126 04       		.byte	0x4
 7588 0127 0A       		.uleb128 .LBB323-.LBB318
 7589 0128 0E       		.uleb128 .LBE323-.LBB318
 7590 0129 00       		.byte	0
 7591              	.LLRL69:
 7592 012a 05       		.byte	0x5
 7593 012b 46000000 		.4byte	.LBB334
 7594 012f 04       		.byte	0x4
 7595 0130 00       		.uleb128 .LBB334-.LBB334
 7596 0131 1C       		.uleb128 .LBE334-.LBB334
 7597 0132 04       		.byte	0x4
 7598 0133 42       		.uleb128 .LBB343-.LBB334
 7599 0134 4A       		.uleb128 .LBE343-.LBB334
 7600 0135 00       		.byte	0
 7601              	.LLRL82:
 7602 0136 05       		.byte	0x5
 7603 0137 28000000 		.4byte	.LBB384
 7604 013b 04       		.byte	0x4
 7605 013c 00       		.uleb128 .LBB384-.LBB384
 7606 013d 02       		.uleb128 .LBE384-.LBB384
 7607 013e 04       		.byte	0x4
 7608 013f 2E       		.uleb128 .LBB397-.LBB384
 7609 0140 46       		.uleb128 .LBE397-.LBB384
 7610 0141 04       		.byte	0x4
 7611 0142 8A01     		.uleb128 .LBB415-.LBB384
 7612 0144 9201     		.uleb128 .LBE415-.LBB384
 7613 0146 00       		.byte	0
 7614              	.LLRL83:
 7615 0147 05       		.byte	0x5
 7616 0148 28000000 		.4byte	.LBB387
 7617 014c 04       		.byte	0x4
 7618 014d 00       		.uleb128 .LBB387-.LBB387
 7619 014e 02       		.uleb128 .LBE387-.LBB387
 7620 014f 04       		.byte	0x4
 7621 0150 42       		.uleb128 .LBB392-.LBB387
 7622 0151 46       		.uleb128 .LBE392-.LBB387
 7623 0152 00       		.byte	0
 7624              	.LLRL88:
 7625 0153 05       		.byte	0x5
 7626 0154 90000000 		.4byte	.LBB407
 7627 0158 04       		.byte	0x4
 7628 0159 00       		.uleb128 .LBB407-.LBB407
 7629 015a 1A       		.uleb128 .LBE407-.LBB407
 7630 015b 04       		.byte	0x4
ARM GAS  /tmp/ccuBf7um.s 			page 135


 7631 015c 32       		.uleb128 .LBB416-.LBB407
 7632 015d 48       		.uleb128 .LBE416-.LBB407
 7633 015e 00       		.byte	0
 7634              	.LLRL90:
 7635 015f 07       		.byte	0x7
 7636 0160 00000000 		.4byte	.LFB223
 7637 0164 20       		.uleb128 .LFE223-.LFB223
 7638 0165 07       		.byte	0x7
 7639 0166 00000000 		.4byte	.LFB224
 7640 016a 20       		.uleb128 .LFE224-.LFB224
 7641 016b 07       		.byte	0x7
 7642 016c 00000000 		.4byte	.LFB225
 7643 0170 42       		.uleb128 .LFE225-.LFB225
 7644 0171 07       		.byte	0x7
 7645 0172 00000000 		.4byte	.LFB226
 7646 0176 8001     		.uleb128 .LFE226-.LFB226
 7647 0178 07       		.byte	0x7
 7648 0179 00000000 		.4byte	.LFB227
 7649 017d D401     		.uleb128 .LFE227-.LFB227
 7650 017f 07       		.byte	0x7
 7651 0180 00000000 		.4byte	.LFB228
 7652 0184 1E       		.uleb128 .LFE228-.LFB228
 7653 0185 07       		.byte	0x7
 7654 0186 00000000 		.4byte	.LFB229
 7655 018a 22       		.uleb128 .LFE229-.LFB229
 7656 018b 07       		.byte	0x7
 7657 018c 00000000 		.4byte	.LFB230
 7658 0190 A001     		.uleb128 .LFE230-.LFB230
 7659 0192 07       		.byte	0x7
 7660 0193 00000000 		.4byte	.LFB231
 7661 0197 3E       		.uleb128 .LFE231-.LFB231
 7662 0198 07       		.byte	0x7
 7663 0199 00000000 		.4byte	.LFB232
 7664 019d D801     		.uleb128 .LFE232-.LFB232
 7665 019f 00       		.byte	0
 7666              	.Ldebug_ranges3:
 7667              		.section	.debug_line,"",%progbits
 7668              	.Ldebug_line0:
 7669 0000 950D0000 		.section	.debug_str,"MS",%progbits,1
 7669      03005F03 
 7669      00000201 
 7669      FB0E0D00 
 7669      01010101 
 7670              	.LASF119:
 7671 0000 6F714F62 		.ascii	"oqObjectInit\000"
 7671      6A656374 
 7671      496E6974 
 7671      00
 7672              	.LASF43:
 7673 000d 72656164 		.ascii	"ready_list_t\000"
 7673      795F6C69 
 7673      73745F74 
 7673      00
 7674              	.LASF121:
 7675 001a 6F6E6679 		.ascii	"onfy\000"
 7675      00
 7676              	.LASF4:
ARM GAS  /tmp/ccuBf7um.s 			page 136


 7677 001f 73697A65 		.ascii	"size_t\000"
 7677      5F7400
 7678              	.LASF79:
 7679 0026 7264796D 		.ascii	"rdymsg\000"
 7679      736700
 7680              	.LASF127:
 7681 002d 69715265 		.ascii	"iqResetI\000"
 7681      73657449 
 7681      00
 7682              	.LASF17:
 7683 0036 75696E74 		.ascii	"uint64_t\000"
 7683      36345F74 
 7683      00
 7684              	.LASF112:
 7685 003f 63685468 		.ascii	"chThdDequeueAllI\000"
 7685      64446571 
 7685      75657565 
 7685      416C6C49 
 7685      00
 7686              	.LASF5:
 7687 0050 5F5F7569 		.ascii	"__uint8_t\000"
 7687      6E74385F 
 7687      7400
 7688              	.LASF76:
 7689 005a 706F7274 		.ascii	"port_intctx\000"
 7689      5F696E74 
 7689      63747800 
 7690              	.LASF62:
 7691 0066 73797374 		.ascii	"system_debug_t\000"
 7691      656D5F64 
 7691      65627567 
 7691      5F7400
 7692              	.LASF139:
 7693 0075 71756575 		.ascii	"queue_init\000"
 7693      655F696E 
 7693      697400
 7694              	.LASF141:
 7695 0080 706F7274 		.ascii	"port_lock\000"
 7695      5F6C6F63 
 7695      6B00
 7696              	.LASF110:
 7697 008a 63685379 		.ascii	"chSysHalt\000"
 7697      7348616C 
 7697      7400
 7698              	.LASF0:
 7699 0094 6C6F6E67 		.ascii	"long long unsigned int\000"
 7699      206C6F6E 
 7699      6720756E 
 7699      7369676E 
 7699      65642069 
 7700              	.LASF80:
 7701 00ab 65786974 		.ascii	"exitcode\000"
 7701      636F6465 
 7701      00
 7702              	.LASF71:
 7703 00b4 6D61696E 		.ascii	"mainthread\000"
 7703      74687265 
ARM GAS  /tmp/ccuBf7um.s 			page 137


 7703      616400
 7704              	.LASF59:
 7705 00bf 76697274 		.ascii	"virtual_timers_list_t\000"
 7705      75616C5F 
 7705      74696D65 
 7705      72735F6C 
 7705      6973745F 
 7706              	.LASF128:
 7707 00d5 69714F62 		.ascii	"iqObjectInit\000"
 7707      6A656374 
 7707      496E6974 
 7707      00
 7708              	.LASF95:
 7709 00e2 696F5F71 		.ascii	"io_queue_t\000"
 7709      75657565 
 7709      5F7400
 7710              	.LASF42:
 7711 00ed 63685F74 		.ascii	"ch_threads_queue\000"
 7711      68726561 
 7711      64735F71 
 7711      75657565 
 7711      00
 7712              	.LASF29:
 7713 00fe 705F7072 		.ascii	"p_prio\000"
 7713      696F00
 7714              	.LASF97:
 7715 0105 715F7761 		.ascii	"q_waiting\000"
 7715      6974696E 
 7715      6700
 7716              	.LASF143:
 7717 010f 474E5520 		.ascii	"GNU C99 13.2.1 20231009 -mcpu=cortex-m4 -mfpu=fpv4-"
 7717      43393920 
 7717      31332E32 
 7717      2E312032 
 7717      30323331 
 7718 0142 73702D64 		.ascii	"sp-d16 -mfloat-abi=hard -mfloat-abi=hard -mfpu=fpv4"
 7718      3136202D 
 7718      6D666C6F 
 7718      61742D61 
 7718      62693D68 
 7719 0175 2D73702D 		.ascii	"-sp-d16 -mno-thumb-interwork -mthumb -march=armv7e-"
 7719      64313620 
 7719      2D6D6E6F 
 7719      2D746875 
 7719      6D622D69 
 7720 01a8 6D2B6670 		.ascii	"m+fp -ggdb -O2 -std=gnu99 -fomit-frame-pointer -fal"
 7720      202D6767 
 7720      6462202D 
 7720      4F32202D 
 7720      7374643D 
 7721 01db 69676E2D 		.ascii	"ign-functions=16 -ffunction-sections -fdata-section"
 7721      66756E63 
 7721      74696F6E 
 7721      733D3136 
 7721      202D6666 
 7722 020e 73202D66 		.ascii	"s -fno-common -fsingle-precision-constant\000"
 7722      6E6F2D63 
ARM GAS  /tmp/ccuBf7um.s 			page 138


 7722      6F6D6D6F 
 7722      6E202D66 
 7722      73696E67 
 7723              	.LASF3:
 7724 0238 7369676E 		.ascii	"signed char\000"
 7724      65642063 
 7724      68617200 
 7725              	.LASF131:
 7726 0244 6F73616C 		.ascii	"osalThreadDequeueNextI\000"
 7726      54687265 
 7726      61644465 
 7726      71756575 
 7726      654E6578 
 7727              	.LASF120:
 7728 025b 73697A65 		.ascii	"size\000"
 7728      00
 7729              	.LASF89:
 7730 0260 6D5F7175 		.ascii	"m_queue\000"
 7730      65756500 
 7731              	.LASF70:
 7732 0268 76746C69 		.ascii	"vtlist\000"
 7732      737400
 7733              	.LASF140:
 7734 026f 706F7274 		.ascii	"port_unlock\000"
 7734      5F756E6C 
 7734      6F636B00 
 7735              	.LASF21:
 7736 027b 74736C69 		.ascii	"tslices_t\000"
 7736      6365735F 
 7736      7400
 7737              	.LASF145:
 7738 0285 2F686F6D 		.ascii	"/home/gunnar/code/rise_sdvp/Embedded/RTCM_Forwarder"
 7738      652F6775 
 7738      6E6E6172 
 7738      2F636F64 
 7738      652F7269 
 7739 02b8 5F50726F 		.ascii	"_Project\000"
 7739      6A656374 
 7739      00
 7740              	.LASF82:
 7741 02c1 77747472 		.ascii	"wttrp\000"
 7741      7000
 7742              	.LASF68:
 7743 02c7 63685F73 		.ascii	"ch_system\000"
 7743      79737465 
 7743      6D00
 7744              	.LASF9:
 7745 02d1 6C6F6E67 		.ascii	"long int\000"
 7745      20696E74 
 7745      00
 7746              	.LASF20:
 7747 02da 74737461 		.ascii	"tstate_t\000"
 7747      74655F74 
 7747      00
 7748              	.LASF99:
 7749 02e3 715F6275 		.ascii	"q_buffer\000"
 7749      66666572 
ARM GAS  /tmp/ccuBf7um.s 			page 139


 7749      00
 7750              	.LASF31:
 7751 02ec 705F6E65 		.ascii	"p_newer\000"
 7751      77657200 
 7752              	.LASF86:
 7753 02f4 735F7175 		.ascii	"s_queue\000"
 7753      65756500 
 7754              	.LASF7:
 7755 02fc 73686F72 		.ascii	"short unsigned int\000"
 7755      7420756E 
 7755      7369676E 
 7755      65642069 
 7755      6E7400
 7756              	.LASF48:
 7757 030f 725F6E65 		.ascii	"r_newer\000"
 7757      77657200 
 7758              	.LASF73:
 7759 0317 72656761 		.ascii	"regarm_t\000"
 7759      726D5F74 
 7759      00
 7760              	.LASF55:
 7761 0320 76745F70 		.ascii	"vt_prev\000"
 7761      72657600 
 7762              	.LASF122:
 7763 0328 6C696E6B 		.ascii	"link\000"
 7763      00
 7764              	.LASF135:
 7765 032d 6F73616C 		.ascii	"osalSysLock\000"
 7765      5379734C 
 7765      6F636B00 
 7766              	.LASF12:
 7767 0339 6C6F6E67 		.ascii	"long long int\000"
 7767      206C6F6E 
 7767      6720696E 
 7767      7400
 7768              	.LASF142:
 7769 0347 76616C75 		.ascii	"value\000"
 7769      6500
 7770              	.LASF66:
 7771 034d 6C6F636B 		.ascii	"lock_cnt\000"
 7771      5F636E74 
 7771      00
 7772              	.LASF72:
 7773 0356 69646C65 		.ascii	"idle_thread_wa\000"
 7773      5F746872 
 7773      6561645F 
 7773      776100
 7774              	.LASF24:
 7775 0365 636E745F 		.ascii	"cnt_t\000"
 7775      7400
 7776              	.LASF117:
 7777 036b 6F715075 		.ascii	"oqPutTimeout\000"
 7777      7454696D 
 7777      656F7574 
 7777      00
 7778              	.LASF1:
 7779 0378 756E7369 		.ascii	"unsigned int\000"
ARM GAS  /tmp/ccuBf7um.s 			page 140


 7779      676E6564 
 7779      20696E74 
 7779      00
 7780              	.LASF54:
 7781 0385 76745F6E 		.ascii	"vt_next\000"
 7781      65787400 
 7782              	.LASF83:
 7783 038d 77747365 		.ascii	"wtsemp\000"
 7783      6D7000
 7784              	.LASF126:
 7785 0394 69715075 		.ascii	"iqPutI\000"
 7785      744900
 7786              	.LASF114:
 7787 039b 74696D65 		.ascii	"timeout\000"
 7787      6F757400 
 7788              	.LASF87:
 7789 03a3 735F636E 		.ascii	"s_cnt\000"
 7789      7400
 7790              	.LASF101:
 7791 03a9 715F7772 		.ascii	"q_wrptr\000"
 7791      70747200 
 7792              	.LASF144:
 7793 03b1 2E2E2F52 		.ascii	"../RC_Controller/ChibiOS_3.0.5/os/hal/src/hal_queue"
 7793      435F436F 
 7793      6E74726F 
 7793      6C6C6572 
 7793      2F436869 
 7794 03e4 732E6300 		.ascii	"s.c\000"
 7795              	.LASF41:
 7796 03e8 63685F74 		.ascii	"ch_thread\000"
 7796      68726561 
 7796      6400
 7797              	.LASF23:
 7798 03f2 6D73675F 		.ascii	"msg_t\000"
 7798      7400
 7799              	.LASF113:
 7800 03f8 63684462 		.ascii	"chDbgCheckClassI\000"
 7800      67436865 
 7800      636B436C 
 7800      61737349 
 7800      00
 7801              	.LASF67:
 7802 0409 63685F73 		.ascii	"ch_system_t\000"
 7802      79737465 
 7802      6D5F7400 
 7803              	.LASF111:
 7804 0415 63685468 		.ascii	"chThdDequeueNextI\000"
 7804      64446571 
 7804      75657565 
 7804      4E657874 
 7804      4900
 7805              	.LASF147:
 7806 0427 6F73616C 		.ascii	"osalThreadEnqueueTimeoutS\000"
 7806      54687265 
 7806      6164456E 
 7806      71756575 
 7806      6554696D 
ARM GAS  /tmp/ccuBf7um.s 			page 141


 7807              	.LASF44:
 7808 0441 63685F72 		.ascii	"ch_ready_list\000"
 7808      65616479 
 7808      5F6C6973 
 7808      7400
 7809              	.LASF8:
 7810 044f 5F5F696E 		.ascii	"__int32_t\000"
 7810      7433325F 
 7810      7400
 7811              	.LASF74:
 7812 0459 73746B61 		.ascii	"stkalign_t\000"
 7812      6C69676E 
 7812      5F7400
 7813              	.LASF136:
 7814 0464 63685468 		.ascii	"chThdQueueObjectInit\000"
 7814      64517565 
 7814      75654F62 
 7814      6A656374 
 7814      496E6974 
 7815              	.LASF96:
 7816 0479 696F5F71 		.ascii	"io_queue\000"
 7816      75657565 
 7816      00
 7817              	.LASF18:
 7818 0482 7274636E 		.ascii	"rtcnt_t\000"
 7818      745F7400 
 7819              	.LASF39:
 7820 048a 74687265 		.ascii	"thread_reference_t\000"
 7820      61645F72 
 7820      65666572 
 7820      656E6365 
 7820      5F7400
 7821              	.LASF109:
 7822 049d 5F646267 		.ascii	"_dbg_check_lock\000"
 7822      5F636865 
 7822      636B5F6C 
 7822      6F636B00 
 7823              	.LASF60:
 7824 04ad 63685F76 		.ascii	"ch_virtual_timers_list\000"
 7824      69727475 
 7824      616C5F74 
 7824      696D6572 
 7824      735F6C69 
 7825              	.LASF98:
 7826 04c4 715F636F 		.ascii	"q_counter\000"
 7826      756E7465 
 7826      7200
 7827              	.LASF32:
 7828 04ce 705F6F6C 		.ascii	"p_older\000"
 7828      64657200 
 7829              	.LASF47:
 7830 04d6 725F6374 		.ascii	"r_ctx\000"
 7830      7800
 7831              	.LASF78:
 7832 04dc 746D5F63 		.ascii	"tm_calibration_t\000"
 7832      616C6962 
 7832      72617469 
ARM GAS  /tmp/ccuBf7um.s 			page 142


 7832      6F6E5F74 
 7832      00
 7833              	.LASF116:
 7834 04ed 6F714765 		.ascii	"oqGetI\000"
 7834      744900
 7835              	.LASF132:
 7836 04f4 74696D65 		.ascii	"time\000"
 7836      00
 7837              	.LASF50:
 7838 04f9 725F6375 		.ascii	"r_current\000"
 7838      7272656E 
 7838      7400
 7839              	.LASF49:
 7840 0503 725F6F6C 		.ascii	"r_older\000"
 7840      64657200 
 7841              	.LASF13:
 7842 050b 5F5F7569 		.ascii	"__uint64_t\000"
 7842      6E743634 
 7842      5F7400
 7843              	.LASF118:
 7844 0516 6F715265 		.ascii	"oqResetI\000"
 7844      73657449 
 7844      00
 7845              	.LASF105:
 7846 051f 716E6F74 		.ascii	"qnotify_t\000"
 7846      6966795F 
 7846      7400
 7847              	.LASF52:
 7848 0529 76697274 		.ascii	"virtual_timer_t\000"
 7848      75616C5F 
 7848      74696D65 
 7848      725F7400 
 7849              	.LASF28:
 7850 0539 705F7072 		.ascii	"p_prev\000"
 7850      657600
 7851              	.LASF22:
 7852 0540 74707269 		.ascii	"tprio_t\000"
 7852      6F5F7400 
 7853              	.LASF102:
 7854 0548 715F7264 		.ascii	"q_rdptr\000"
 7854      70747200 
 7855              	.LASF63:
 7856 0550 63685F73 		.ascii	"ch_system_debug\000"
 7856      79737465 
 7856      6D5F6465 
 7856      62756700 
 7857              	.LASF94:
 7858 0560 5F426F6F 		.ascii	"_Bool\000"
 7858      6C00
 7859              	.LASF15:
 7860 0566 696E7433 		.ascii	"int32_t\000"
 7860      325F7400 
 7861              	.LASF2:
 7862 056e 756E7369 		.ascii	"unsigned char\000"
 7862      676E6564 
 7862      20636861 
 7862      7200
ARM GAS  /tmp/ccuBf7um.s 			page 143


 7863              	.LASF106:
 7864 057c 696E7075 		.ascii	"input_queue_t\000"
 7864      745F7175 
 7864      6575655F 
 7864      7400
 7865              	.LASF34:
 7866 058a 705F7374 		.ascii	"p_state\000"
 7866      61746500 
 7867              	.LASF37:
 7868 0592 705F6D74 		.ascii	"p_mtxlist\000"
 7868      786C6973 
 7868      7400
 7869              	.LASF6:
 7870 059c 73686F72 		.ascii	"short int\000"
 7870      7420696E 
 7870      7400
 7871              	.LASF36:
 7872 05a6 705F7072 		.ascii	"p_preempt\000"
 7872      65656D70 
 7872      7400
 7873              	.LASF46:
 7874 05b0 725F7072 		.ascii	"r_prio\000"
 7874      696F00
 7875              	.LASF115:
 7876 05b7 6F715772 		.ascii	"oqWriteTimeout\000"
 7876      69746554 
 7876      696D656F 
 7876      757400
 7877              	.LASF27:
 7878 05c6 705F6E65 		.ascii	"p_next\000"
 7878      787400
 7879              	.LASF129:
 7880 05cd 696E6679 		.ascii	"infy\000"
 7880      00
 7881              	.LASF35:
 7882 05d2 705F666C 		.ascii	"p_flags\000"
 7882      61677300 
 7883              	.LASF124:
 7884 05da 5F5F6675 		.ascii	"__func__\000"
 7884      6E635F5F 
 7884      00
 7885              	.LASF138:
 7886 05e3 63685379 		.ascii	"chSysLock\000"
 7886      734C6F63 
 7886      6B00
 7887              	.LASF134:
 7888 05ed 6F73616C 		.ascii	"osalSysUnlock\000"
 7888      53797355 
 7888      6E6C6F63 
 7888      6B00
 7889              	.LASF40:
 7890 05fb 74687265 		.ascii	"threads_queue_t\000"
 7890      6164735F 
 7890      71756575 
 7890      655F7400 
 7891              	.LASF53:
 7892 060b 63685F76 		.ascii	"ch_virtual_timer\000"
ARM GAS  /tmp/ccuBf7um.s 			page 144


 7892      69727475 
 7892      616C5F74 
 7892      696D6572 
 7892      00
 7893              	.LASF85:
 7894 061c 63685F73 		.ascii	"ch_semaphore\000"
 7894      656D6170 
 7894      686F7265 
 7894      00
 7895              	.LASF16:
 7896 0629 75696E74 		.ascii	"uint32_t\000"
 7896      33325F74 
 7896      00
 7897              	.LASF84:
 7898 0632 77746D74 		.ascii	"wtmtxp\000"
 7898      787000
 7899              	.LASF45:
 7900 0639 725F7175 		.ascii	"r_queue\000"
 7900      65756500 
 7901              	.LASF56:
 7902 0641 76745F64 		.ascii	"vt_delta\000"
 7902      656C7461 
 7902      00
 7903              	.LASF11:
 7904 064a 6C6F6E67 		.ascii	"long unsigned int\000"
 7904      20756E73 
 7904      69676E65 
 7904      6420696E 
 7904      7400
 7905              	.LASF92:
 7906 065c 63686172 		.ascii	"char\000"
 7906      00
 7907              	.LASF26:
 7908 0661 74687265 		.ascii	"thread_t\000"
 7908      61645F74 
 7908      00
 7909              	.LASF91:
 7910 066a 6D5F6E65 		.ascii	"m_next\000"
 7910      787400
 7911              	.LASF25:
 7912 0671 73797374 		.ascii	"systime_t\000"
 7912      696D655F 
 7912      7400
 7913              	.LASF38:
 7914 067b 705F7265 		.ascii	"p_realprio\000"
 7914      616C7072 
 7914      696F00
 7915              	.LASF51:
 7916 0686 76746675 		.ascii	"vtfunc_t\000"
 7916      6E635F74 
 7916      00
 7917              	.LASF10:
 7918 068f 5F5F7569 		.ascii	"__uint32_t\000"
 7918      6E743332 
 7918      5F7400
 7919              	.LASF148:
 7920 069a 5F5F7365 		.ascii	"__set_BASEPRI\000"
ARM GAS  /tmp/ccuBf7um.s 			page 145


 7920      745F4241 
 7920      53455052 
 7920      4900
 7921              	.LASF64:
 7922 06a8 70616E69 		.ascii	"panic_msg\000"
 7922      635F6D73 
 7922      6700
 7923              	.LASF77:
 7924 06b2 6F666673 		.ascii	"offset\000"
 7924      657400
 7925              	.LASF75:
 7926 06b9 636F6E74 		.ascii	"context\000"
 7926      65787400 
 7927              	.LASF133:
 7928 06c1 6F73616C 		.ascii	"osalThreadQueueObjectInit\000"
 7928      54687265 
 7928      61645175 
 7928      6575654F 
 7928      626A6563 
 7929              	.LASF58:
 7930 06db 76745F70 		.ascii	"vt_par\000"
 7930      617200
 7931              	.LASF107:
 7932 06e2 6F757470 		.ascii	"output_queue_t\000"
 7932      75745F71 
 7932      75657565 
 7932      5F7400
 7933              	.LASF100:
 7934 06f1 715F746F 		.ascii	"q_top\000"
 7934      7000
 7935              	.LASF88:
 7936 06f7 63685F6D 		.ascii	"ch_mutex\000"
 7936      75746578 
 7936      00
 7937              	.LASF65:
 7938 0700 6973725F 		.ascii	"isr_cnt\000"
 7938      636E7400 
 7939              	.LASF125:
 7940 0708 69714765 		.ascii	"iqGetTimeout\000"
 7940      7454696D 
 7940      656F7574 
 7940      00
 7941              	.LASF103:
 7942 0715 715F6E6F 		.ascii	"q_notify\000"
 7942      74696679 
 7942      00
 7943              	.LASF69:
 7944 071e 726C6973 		.ascii	"rlist\000"
 7944      7400
 7945              	.LASF14:
 7946 0724 75696E74 		.ascii	"uint8_t\000"
 7946      385F7400 
 7947              	.LASF108:
 7948 072c 5F646267 		.ascii	"_dbg_check_unlock\000"
 7948      5F636865 
 7948      636B5F75 
 7948      6E6C6F63 
ARM GAS  /tmp/ccuBf7um.s 			page 146


 7948      6B00
 7949              	.LASF81:
 7950 073e 77746F62 		.ascii	"wtobjp\000"
 7950      6A7000
 7951              	.LASF33:
 7952 0745 705F6E61 		.ascii	"p_name\000"
 7952      6D6500
 7953              	.LASF130:
 7954 074c 6F73616C 		.ascii	"osalThreadDequeueAllI\000"
 7954      54687265 
 7954      61644465 
 7954      71756575 
 7954      65416C6C 
 7955              	.LASF61:
 7956 0762 76745F73 		.ascii	"vt_systime\000"
 7956      79737469 
 7956      6D6500
 7957              	.LASF19:
 7958 076d 746D6F64 		.ascii	"tmode_t\000"
 7958      655F7400 
 7959              	.LASF137:
 7960 0775 63685379 		.ascii	"chSysUnlock\000"
 7960      73556E6C 
 7960      6F636B00 
 7961              	.LASF104:
 7962 0781 715F6C69 		.ascii	"q_link\000"
 7962      6E6B00
 7963              	.LASF93:
 7964 0788 6D757465 		.ascii	"mutex_t\000"
 7964      785F7400 
 7965              	.LASF90:
 7966 0790 6D5F6F77 		.ascii	"m_owner\000"
 7966      6E657200 
 7967              	.LASF123:
 7968 0798 69715265 		.ascii	"iqReadTimeout\000"
 7968      61645469 
 7968      6D656F75 
 7968      7400
 7969              	.LASF30:
 7970 07a6 705F6374 		.ascii	"p_ctx\000"
 7970      7800
 7971              	.LASF57:
 7972 07ac 76745F66 		.ascii	"vt_func\000"
 7972      756E6300 
 7973              	.LASF146:
 7974 07b4 63685468 		.ascii	"chThdEnqueueTimeoutS\000"
 7974      64456E71 
 7974      75657565 
 7974      54696D65 
 7974      6F757453 
 7975              		.ident	"GCC: (Arm GNU Toolchain 13.2.rel1 (Build arm-13.7)) 13.2.1 20231009"
ARM GAS  /tmp/ccuBf7um.s 			page 147


DEFINED SYMBOLS
                            *ABS*:00000000 hal_queues.c
     /tmp/ccuBf7um.s:21     .text.iqObjectInit:00000000 $t
     /tmp/ccuBf7um.s:28     .text.iqObjectInit:00000000 iqObjectInit
     /tmp/ccuBf7um.s:110    .text.iqResetI:00000000 $t
     /tmp/ccuBf7um.s:117    .text.iqResetI:00000000 iqResetI
     /tmp/ccuBf7um.s:174    .text.iqPutI:00000000 $t
     /tmp/ccuBf7um.s:181    .text.iqPutI:00000000 iqPutI
     /tmp/ccuBf7um.s:265    .text.iqGetTimeout:00000000 $t
     /tmp/ccuBf7um.s:272    .text.iqGetTimeout:00000000 iqGetTimeout
     /tmp/ccuBf7um.s:540    .text.iqGetTimeout:00000078 $d
     /tmp/ccuBf7um.s:1926   .rodata.__func__.2:00000000 __func__.2
     /tmp/ccuBf7um.s:546    .text.iqReadTimeout:00000000 $t
     /tmp/ccuBf7um.s:553    .text.iqReadTimeout:00000000 iqReadTimeout
     /tmp/ccuBf7um.s:956    .text.iqReadTimeout:000000c8 $d
     /tmp/ccuBf7um.s:1920   .rodata.__func__.1:00000000 __func__.1
     /tmp/ccuBf7um.s:963    .text.oqObjectInit:00000000 $t
     /tmp/ccuBf7um.s:970    .text.oqObjectInit:00000000 oqObjectInit
     /tmp/ccuBf7um.s:1043   .text.oqResetI:00000000 $t
     /tmp/ccuBf7um.s:1050   .text.oqResetI:00000000 oqResetI
     /tmp/ccuBf7um.s:1107   .text.oqPutTimeout:00000000 $t
     /tmp/ccuBf7um.s:1114   .text.oqPutTimeout:00000000 oqPutTimeout
     /tmp/ccuBf7um.s:1424   .text.oqPutTimeout:00000098 $d
     /tmp/ccuBf7um.s:1434   .text.oqGetI:00000000 $t
     /tmp/ccuBf7um.s:1441   .text.oqGetI:00000000 oqGetI
     /tmp/ccuBf7um.s:1526   .text.oqWriteTimeout:00000000 $t
     /tmp/ccuBf7um.s:1533   .text.oqWriteTimeout:00000000 oqWriteTimeout
     /tmp/ccuBf7um.s:1901   .text.oqWriteTimeout:000000cc $d
     /tmp/ccuBf7um.s:1914   .rodata.__func__.0:00000000 __func__.0
     /tmp/ccuBf7um.s:1911   .rodata.__func__.0:00000000 $d
     /tmp/ccuBf7um.s:1917   .rodata.__func__.1:00000000 $d
     /tmp/ccuBf7um.s:1923   .rodata.__func__.2:00000000 $d

UNDEFINED SYMBOLS
chDbgCheckClassI
chThdDequeueAllI
chThdDequeueNextI
_dbg_check_lock
chThdEnqueueTimeoutS
_dbg_check_unlock
chSysHalt
ch
