ARM GAS  /tmp/cci5AjOQ.s 			page 1


   1              		.cpu cortex-m4
   2              		.arch armv7e-m
   3              		.fpu fpv4-sp-d16
   4              		.eabi_attribute 27, 1
   5              		.eabi_attribute 28, 1
   6              		.eabi_attribute 20, 1
   7              		.eabi_attribute 21, 1
   8              		.eabi_attribute 23, 3
   9              		.eabi_attribute 24, 1
  10              		.eabi_attribute 25, 1
  11              		.eabi_attribute 26, 1
  12              		.eabi_attribute 30, 2
  13              		.eabi_attribute 34, 1
  14              		.eabi_attribute 18, 4
  15              		.file	"pal_lld.c"
  16              		.text
  17              	.Ltext0:
  18              		.cfi_sections	.debug_frame
  19              		.file 1 "../RC_Controller/ChibiOS_3.0.5/os/hal/ports/STM32/LLD/GPIOv2/pal_lld.c"
  20              		.section	.text._pal_lld_init,"ax",%progbits
  21              		.align	1
  22              		.p2align 4,,15
  23              		.global	_pal_lld_init
  24              		.syntax unified
  25              		.thumb
  26              		.thumb_func
  27              		.type	_pal_lld_init, %function
  28              	_pal_lld_init:
  29              	.LVL0:
  30              	.LFB224:
  31              		.loc 1 92 45 view -0
  32              		.cfi_startproc
  33              		@ args = 0, pretend = 0, frame = 0
  34              		@ frame_needed = 0, uses_anonymous_args = 0
  35              		@ link register save eliminated.
  36              		.loc 1 105 3 view .LVU1
  37              		.loc 1 105 6 is_stmt 0 view .LVU2
  38 0000 614B     		ldr	r3, .L3
  39 0002 1A6B     		ldr	r2, [r3, #48]
  40              		.loc 1 105 18 view .LVU3
  41 0004 40F2FF11 		movw	r1, #511
  42 0008 0A43     		orrs	r2, r2, r1
  43 000a 1A63     		str	r2, [r3, #48]
  44              		.loc 1 106 3 is_stmt 1 view .LVU4
  45              		.loc 1 106 6 is_stmt 0 view .LVU5
  46 000c 1A6D     		ldr	r2, [r3, #80]
  47              		.loc 1 106 18 view .LVU6
  48 000e 0A43     		orrs	r2, r2, r1
  49 0010 1A65     		str	r2, [r3, #80]
  50              		.loc 1 113 3 is_stmt 1 view .LVU7
  51              	.LVL1:
  52              	.LBB20:
  53              	.LBI20:
  54              		.loc 1 65 13 view .LVU8
  55              	.LBB21:
  56              		.loc 1 67 3 view .LVU9
  57              		.loc 1 67 18 is_stmt 0 view .LVU10
ARM GAS  /tmp/cci5AjOQ.s 			page 2


  58 0012 A3F56053 		sub	r3, r3, #14336
  59              		.loc 1 67 26 view .LVU11
  60 0016 4268     		ldr	r2, [r0, #4]
  61              		.loc 1 67 18 view .LVU12
  62 0018 5A60     		str	r2, [r3, #4]
  63              		.loc 1 68 3 is_stmt 1 view .LVU13
  64              		.loc 1 68 26 is_stmt 0 view .LVU14
  65 001a 8268     		ldr	r2, [r0, #8]
  66              		.loc 1 68 18 view .LVU15
  67 001c 9A60     		str	r2, [r3, #8]
  68              		.loc 1 69 3 is_stmt 1 view .LVU16
  69              		.loc 1 69 26 is_stmt 0 view .LVU17
  70 001e C268     		ldr	r2, [r0, #12]
  71              		.loc 1 69 18 view .LVU18
  72 0020 DA60     		str	r2, [r3, #12]
  73              		.loc 1 70 3 is_stmt 1 view .LVU19
  74              		.loc 1 70 26 is_stmt 0 view .LVU20
  75 0022 0269     		ldr	r2, [r0, #16]
  76              		.loc 1 70 18 view .LVU21
  77 0024 5A61     		str	r2, [r3, #20]
  78              		.loc 1 71 3 is_stmt 1 view .LVU22
  79              		.loc 1 71 26 is_stmt 0 view .LVU23
  80 0026 4269     		ldr	r2, [r0, #20]
  81              		.loc 1 71 18 view .LVU24
  82 0028 1A62     		str	r2, [r3, #32]
  83              		.loc 1 72 3 is_stmt 1 view .LVU25
  84              		.loc 1 72 26 is_stmt 0 view .LVU26
  85 002a 8269     		ldr	r2, [r0, #24]
  86              		.loc 1 72 18 view .LVU27
  87 002c 5A62     		str	r2, [r3, #36]
  88              		.loc 1 73 3 is_stmt 1 view .LVU28
  89              		.loc 1 73 26 is_stmt 0 view .LVU29
  90 002e 0268     		ldr	r2, [r0]
  91              		.loc 1 73 18 view .LVU30
  92 0030 1A60     		str	r2, [r3]
  93              	.LVL2:
  94              		.loc 1 73 18 view .LVU31
  95              	.LBE21:
  96              	.LBE20:
  97              		.loc 1 116 3 is_stmt 1 view .LVU32
  98              	.LBB22:
  99              	.LBI22:
 100              		.loc 1 65 13 view .LVU33
 101              	.LBB23:
 102              		.loc 1 67 3 view .LVU34
 103              		.loc 1 67 18 is_stmt 0 view .LVU35
 104 0032 564A     		ldr	r2, .L3+4
 105              		.loc 1 67 26 view .LVU36
 106 0034 036A     		ldr	r3, [r0, #32]
 107              		.loc 1 67 18 view .LVU37
 108 0036 5360     		str	r3, [r2, #4]
 109              		.loc 1 68 3 is_stmt 1 view .LVU38
 110              		.loc 1 68 26 is_stmt 0 view .LVU39
 111 0038 436A     		ldr	r3, [r0, #36]
 112              		.loc 1 68 18 view .LVU40
 113 003a 9360     		str	r3, [r2, #8]
 114              		.loc 1 69 3 is_stmt 1 view .LVU41
ARM GAS  /tmp/cci5AjOQ.s 			page 3


 115              		.loc 1 69 26 is_stmt 0 view .LVU42
 116 003c 836A     		ldr	r3, [r0, #40]
 117              		.loc 1 69 18 view .LVU43
 118 003e D360     		str	r3, [r2, #12]
 119              		.loc 1 70 3 is_stmt 1 view .LVU44
 120              		.loc 1 70 26 is_stmt 0 view .LVU45
 121 0040 C36A     		ldr	r3, [r0, #44]
 122              		.loc 1 70 18 view .LVU46
 123 0042 5361     		str	r3, [r2, #20]
 124              		.loc 1 71 3 is_stmt 1 view .LVU47
 125              		.loc 1 71 26 is_stmt 0 view .LVU48
 126 0044 036B     		ldr	r3, [r0, #48]
 127              		.loc 1 71 18 view .LVU49
 128 0046 1362     		str	r3, [r2, #32]
 129              		.loc 1 72 3 is_stmt 1 view .LVU50
 130              		.loc 1 72 26 is_stmt 0 view .LVU51
 131 0048 436B     		ldr	r3, [r0, #52]
 132              		.loc 1 72 18 view .LVU52
 133 004a 5362     		str	r3, [r2, #36]
 134              		.loc 1 73 3 is_stmt 1 view .LVU53
 135              		.loc 1 73 26 is_stmt 0 view .LVU54
 136 004c C169     		ldr	r1, [r0, #28]
 137              	.LBE23:
 138              	.LBE22:
 139              	.LBB25:
 140              	.LBB26:
 141              		.loc 1 67 18 view .LVU55
 142 004e 504B     		ldr	r3, .L3+8
 143              	.LBE26:
 144              	.LBE25:
 145              	.LBB28:
 146              	.LBB24:
 147              		.loc 1 73 18 view .LVU56
 148 0050 1160     		str	r1, [r2]
 149              	.LVL3:
 150              		.loc 1 73 18 view .LVU57
 151              	.LBE24:
 152              	.LBE28:
 153              		.loc 1 119 3 is_stmt 1 view .LVU58
 154              	.LBB29:
 155              	.LBI25:
 156              		.loc 1 65 13 view .LVU59
 157              	.LBB27:
 158              		.loc 1 67 3 view .LVU60
 159              		.loc 1 67 26 is_stmt 0 view .LVU61
 160 0052 C26B     		ldr	r2, [r0, #60]
 161              		.loc 1 67 18 view .LVU62
 162 0054 5A60     		str	r2, [r3, #4]
 163              		.loc 1 68 3 is_stmt 1 view .LVU63
 164              		.loc 1 68 26 is_stmt 0 view .LVU64
 165 0056 026C     		ldr	r2, [r0, #64]
 166              		.loc 1 68 18 view .LVU65
 167 0058 9A60     		str	r2, [r3, #8]
 168              		.loc 1 69 3 is_stmt 1 view .LVU66
 169              		.loc 1 69 26 is_stmt 0 view .LVU67
 170 005a 426C     		ldr	r2, [r0, #68]
 171              		.loc 1 69 18 view .LVU68
ARM GAS  /tmp/cci5AjOQ.s 			page 4


 172 005c DA60     		str	r2, [r3, #12]
 173              		.loc 1 70 3 is_stmt 1 view .LVU69
 174              		.loc 1 70 26 is_stmt 0 view .LVU70
 175 005e 826C     		ldr	r2, [r0, #72]
 176              		.loc 1 70 18 view .LVU71
 177 0060 5A61     		str	r2, [r3, #20]
 178              		.loc 1 71 3 is_stmt 1 view .LVU72
 179              		.loc 1 71 26 is_stmt 0 view .LVU73
 180 0062 C26C     		ldr	r2, [r0, #76]
 181              		.loc 1 71 18 view .LVU74
 182 0064 1A62     		str	r2, [r3, #32]
 183              		.loc 1 72 3 is_stmt 1 view .LVU75
 184              		.loc 1 72 26 is_stmt 0 view .LVU76
 185 0066 026D     		ldr	r2, [r0, #80]
 186              		.loc 1 72 18 view .LVU77
 187 0068 5A62     		str	r2, [r3, #36]
 188              		.loc 1 73 3 is_stmt 1 view .LVU78
 189              		.loc 1 73 26 is_stmt 0 view .LVU79
 190 006a 826B     		ldr	r2, [r0, #56]
 191              		.loc 1 73 18 view .LVU80
 192 006c 1A60     		str	r2, [r3]
 193              	.LVL4:
 194              		.loc 1 73 18 view .LVU81
 195              	.LBE27:
 196              	.LBE29:
 197              		.loc 1 122 3 is_stmt 1 view .LVU82
 198              	.LBB30:
 199              	.LBI30:
 200              		.loc 1 65 13 view .LVU83
 201              	.LBB31:
 202              		.loc 1 67 3 view .LVU84
 203              		.loc 1 67 18 is_stmt 0 view .LVU85
 204 006e 494A     		ldr	r2, .L3+12
 205              		.loc 1 67 26 view .LVU86
 206 0070 836D     		ldr	r3, [r0, #88]
 207              		.loc 1 67 18 view .LVU87
 208 0072 5360     		str	r3, [r2, #4]
 209              		.loc 1 68 3 is_stmt 1 view .LVU88
 210              		.loc 1 68 26 is_stmt 0 view .LVU89
 211 0074 C36D     		ldr	r3, [r0, #92]
 212              		.loc 1 68 18 view .LVU90
 213 0076 9360     		str	r3, [r2, #8]
 214              		.loc 1 69 3 is_stmt 1 view .LVU91
 215              		.loc 1 69 26 is_stmt 0 view .LVU92
 216 0078 036E     		ldr	r3, [r0, #96]
 217              		.loc 1 69 18 view .LVU93
 218 007a D360     		str	r3, [r2, #12]
 219              		.loc 1 70 3 is_stmt 1 view .LVU94
 220              		.loc 1 70 26 is_stmt 0 view .LVU95
 221 007c 436E     		ldr	r3, [r0, #100]
 222              		.loc 1 70 18 view .LVU96
 223 007e 5361     		str	r3, [r2, #20]
 224              		.loc 1 71 3 is_stmt 1 view .LVU97
 225              		.loc 1 71 26 is_stmt 0 view .LVU98
 226 0080 836E     		ldr	r3, [r0, #104]
 227              		.loc 1 71 18 view .LVU99
 228 0082 1362     		str	r3, [r2, #32]
ARM GAS  /tmp/cci5AjOQ.s 			page 5


 229              		.loc 1 72 3 is_stmt 1 view .LVU100
 230              		.loc 1 72 26 is_stmt 0 view .LVU101
 231 0084 C36E     		ldr	r3, [r0, #108]
 232              		.loc 1 72 18 view .LVU102
 233 0086 5362     		str	r3, [r2, #36]
 234              		.loc 1 73 3 is_stmt 1 view .LVU103
 235              		.loc 1 73 26 is_stmt 0 view .LVU104
 236 0088 416D     		ldr	r1, [r0, #84]
 237              	.LBE31:
 238              	.LBE30:
 239              	.LBB33:
 240              	.LBB34:
 241              		.loc 1 67 18 view .LVU105
 242 008a 434B     		ldr	r3, .L3+16
 243              	.LBE34:
 244              	.LBE33:
 245              	.LBB36:
 246              	.LBB32:
 247              		.loc 1 73 18 view .LVU106
 248 008c 1160     		str	r1, [r2]
 249              	.LVL5:
 250              		.loc 1 73 18 view .LVU107
 251              	.LBE32:
 252              	.LBE36:
 253              		.loc 1 125 3 is_stmt 1 view .LVU108
 254              	.LBB37:
 255              	.LBI33:
 256              		.loc 1 65 13 view .LVU109
 257              	.LBB35:
 258              		.loc 1 67 3 view .LVU110
 259              		.loc 1 67 26 is_stmt 0 view .LVU111
 260 008e 426F     		ldr	r2, [r0, #116]
 261              		.loc 1 67 18 view .LVU112
 262 0090 5A60     		str	r2, [r3, #4]
 263              		.loc 1 68 3 is_stmt 1 view .LVU113
 264              		.loc 1 68 26 is_stmt 0 view .LVU114
 265 0092 826F     		ldr	r2, [r0, #120]
 266              		.loc 1 68 18 view .LVU115
 267 0094 9A60     		str	r2, [r3, #8]
 268              		.loc 1 69 3 is_stmt 1 view .LVU116
 269              		.loc 1 69 26 is_stmt 0 view .LVU117
 270 0096 C26F     		ldr	r2, [r0, #124]
 271              		.loc 1 69 18 view .LVU118
 272 0098 DA60     		str	r2, [r3, #12]
 273              		.loc 1 70 3 is_stmt 1 view .LVU119
 274              		.loc 1 70 26 is_stmt 0 view .LVU120
 275 009a D0F88020 		ldr	r2, [r0, #128]
 276              		.loc 1 70 18 view .LVU121
 277 009e 5A61     		str	r2, [r3, #20]
 278              		.loc 1 71 3 is_stmt 1 view .LVU122
 279              		.loc 1 71 26 is_stmt 0 view .LVU123
 280 00a0 D0F88420 		ldr	r2, [r0, #132]
 281              		.loc 1 71 18 view .LVU124
 282 00a4 1A62     		str	r2, [r3, #32]
 283              		.loc 1 72 3 is_stmt 1 view .LVU125
 284              		.loc 1 72 26 is_stmt 0 view .LVU126
 285 00a6 D0F88820 		ldr	r2, [r0, #136]
ARM GAS  /tmp/cci5AjOQ.s 			page 6


 286              		.loc 1 72 18 view .LVU127
 287 00aa 5A62     		str	r2, [r3, #36]
 288              		.loc 1 73 3 is_stmt 1 view .LVU128
 289              		.loc 1 73 26 is_stmt 0 view .LVU129
 290 00ac 026F     		ldr	r2, [r0, #112]
 291              		.loc 1 73 18 view .LVU130
 292 00ae 1A60     		str	r2, [r3]
 293              	.LVL6:
 294              		.loc 1 73 18 view .LVU131
 295              	.LBE35:
 296              	.LBE37:
 297              		.loc 1 128 3 is_stmt 1 view .LVU132
 298              	.LBB38:
 299              	.LBI38:
 300              		.loc 1 65 13 view .LVU133
 301              	.LBB39:
 302              		.loc 1 67 3 view .LVU134
 303              		.loc 1 67 26 is_stmt 0 view .LVU135
 304 00b0 D0F89020 		ldr	r2, [r0, #144]
 305              		.loc 1 67 18 view .LVU136
 306 00b4 C3F80424 		str	r2, [r3, #1028]
 307              		.loc 1 68 3 is_stmt 1 view .LVU137
 308              		.loc 1 68 26 is_stmt 0 view .LVU138
 309 00b8 D0F89420 		ldr	r2, [r0, #148]
 310              		.loc 1 68 18 view .LVU139
 311 00bc C3F80824 		str	r2, [r3, #1032]
 312              		.loc 1 69 3 is_stmt 1 view .LVU140
 313              		.loc 1 69 26 is_stmt 0 view .LVU141
 314 00c0 D0F89820 		ldr	r2, [r0, #152]
 315              		.loc 1 69 18 view .LVU142
 316 00c4 C3F80C24 		str	r2, [r3, #1036]
 317              		.loc 1 70 3 is_stmt 1 view .LVU143
 318              		.loc 1 70 26 is_stmt 0 view .LVU144
 319 00c8 D0F89C20 		ldr	r2, [r0, #156]
 320              		.loc 1 70 18 view .LVU145
 321 00cc C3F81424 		str	r2, [r3, #1044]
 322              		.loc 1 71 3 is_stmt 1 view .LVU146
 323              		.loc 1 71 26 is_stmt 0 view .LVU147
 324 00d0 D0F8A020 		ldr	r2, [r0, #160]
 325              		.loc 1 71 18 view .LVU148
 326 00d4 C3F82024 		str	r2, [r3, #1056]
 327              		.loc 1 72 3 is_stmt 1 view .LVU149
 328              		.loc 1 72 26 is_stmt 0 view .LVU150
 329 00d8 D0F8A420 		ldr	r2, [r0, #164]
 330              		.loc 1 72 18 view .LVU151
 331 00dc C3F82424 		str	r2, [r3, #1060]
 332              		.loc 1 73 3 is_stmt 1 view .LVU152
 333              		.loc 1 73 26 is_stmt 0 view .LVU153
 334 00e0 D0F88C20 		ldr	r2, [r0, #140]
 335              		.loc 1 73 18 view .LVU154
 336 00e4 C3F80024 		str	r2, [r3, #1024]
 337              	.LVL7:
 338              		.loc 1 73 18 view .LVU155
 339              	.LBE39:
 340              	.LBE38:
 341              		.loc 1 131 3 is_stmt 1 view .LVU156
 342              	.LBB40:
ARM GAS  /tmp/cci5AjOQ.s 			page 7


 343              	.LBI40:
 344              		.loc 1 65 13 view .LVU157
 345              	.LBB41:
 346              		.loc 1 67 3 view .LVU158
 347              		.loc 1 67 18 is_stmt 0 view .LVU159
 348 00e8 03F50063 		add	r3, r3, #2048
 349              		.loc 1 67 26 view .LVU160
 350 00ec D0F8AC20 		ldr	r2, [r0, #172]
 351              		.loc 1 67 18 view .LVU161
 352 00f0 5A60     		str	r2, [r3, #4]
 353              		.loc 1 68 3 is_stmt 1 view .LVU162
 354              		.loc 1 68 26 is_stmt 0 view .LVU163
 355 00f2 D0F8B020 		ldr	r2, [r0, #176]
 356              		.loc 1 68 18 view .LVU164
 357 00f6 9A60     		str	r2, [r3, #8]
 358              		.loc 1 69 3 is_stmt 1 view .LVU165
 359              		.loc 1 69 26 is_stmt 0 view .LVU166
 360 00f8 D0F8B420 		ldr	r2, [r0, #180]
 361              		.loc 1 69 18 view .LVU167
 362 00fc DA60     		str	r2, [r3, #12]
 363              		.loc 1 70 3 is_stmt 1 view .LVU168
 364              		.loc 1 70 26 is_stmt 0 view .LVU169
 365 00fe D0F8B820 		ldr	r2, [r0, #184]
 366              		.loc 1 70 18 view .LVU170
 367 0102 5A61     		str	r2, [r3, #20]
 368              		.loc 1 71 3 is_stmt 1 view .LVU171
 369              		.loc 1 71 26 is_stmt 0 view .LVU172
 370 0104 D0F8BC20 		ldr	r2, [r0, #188]
 371              		.loc 1 71 18 view .LVU173
 372 0108 1A62     		str	r2, [r3, #32]
 373              		.loc 1 72 3 is_stmt 1 view .LVU174
 374              		.loc 1 72 26 is_stmt 0 view .LVU175
 375 010a D0F8C020 		ldr	r2, [r0, #192]
 376              		.loc 1 72 18 view .LVU176
 377 010e 5A62     		str	r2, [r3, #36]
 378              		.loc 1 73 3 is_stmt 1 view .LVU177
 379              		.loc 1 73 26 is_stmt 0 view .LVU178
 380 0110 D0F8A820 		ldr	r2, [r0, #168]
 381              		.loc 1 73 18 view .LVU179
 382 0114 1A60     		str	r2, [r3]
 383              	.LVL8:
 384              		.loc 1 73 18 view .LVU180
 385              	.LBE41:
 386              	.LBE40:
 387              		.loc 1 134 3 is_stmt 1 view .LVU181
 388              	.LBB42:
 389              	.LBI42:
 390              		.loc 1 65 13 view .LVU182
 391              	.LBB43:
 392              		.loc 1 67 3 view .LVU183
 393              		.loc 1 67 26 is_stmt 0 view .LVU184
 394 0116 D0F8C820 		ldr	r2, [r0, #200]
 395              		.loc 1 67 18 view .LVU185
 396 011a C3F80424 		str	r2, [r3, #1028]
 397              		.loc 1 68 3 is_stmt 1 view .LVU186
 398              		.loc 1 68 26 is_stmt 0 view .LVU187
 399 011e D0F8CC20 		ldr	r2, [r0, #204]
ARM GAS  /tmp/cci5AjOQ.s 			page 8


 400              		.loc 1 68 18 view .LVU188
 401 0122 C3F80824 		str	r2, [r3, #1032]
 402              		.loc 1 69 3 is_stmt 1 view .LVU189
 403              		.loc 1 69 26 is_stmt 0 view .LVU190
 404 0126 D0F8D020 		ldr	r2, [r0, #208]
 405              		.loc 1 69 18 view .LVU191
 406 012a C3F80C24 		str	r2, [r3, #1036]
 407              		.loc 1 70 3 is_stmt 1 view .LVU192
 408              		.loc 1 70 26 is_stmt 0 view .LVU193
 409 012e D0F8D420 		ldr	r2, [r0, #212]
 410              		.loc 1 70 18 view .LVU194
 411 0132 C3F81424 		str	r2, [r3, #1044]
 412              		.loc 1 71 3 is_stmt 1 view .LVU195
 413              		.loc 1 71 26 is_stmt 0 view .LVU196
 414 0136 D0F8D820 		ldr	r2, [r0, #216]
 415              		.loc 1 71 18 view .LVU197
 416 013a C3F82024 		str	r2, [r3, #1056]
 417              		.loc 1 72 3 is_stmt 1 view .LVU198
 418              		.loc 1 72 26 is_stmt 0 view .LVU199
 419 013e D0F8DC20 		ldr	r2, [r0, #220]
 420              		.loc 1 72 18 view .LVU200
 421 0142 C3F82424 		str	r2, [r3, #1060]
 422              		.loc 1 73 3 is_stmt 1 view .LVU201
 423              		.loc 1 73 26 is_stmt 0 view .LVU202
 424 0146 D0F8C420 		ldr	r2, [r0, #196]
 425              		.loc 1 73 18 view .LVU203
 426 014a C3F80024 		str	r2, [r3, #1024]
 427              	.LVL9:
 428              		.loc 1 73 18 view .LVU204
 429              	.LBE43:
 430              	.LBE42:
 431              		.loc 1 137 3 is_stmt 1 view .LVU205
 432              	.LBB44:
 433              	.LBI44:
 434              		.loc 1 65 13 view .LVU206
 435              	.LBB45:
 436              		.loc 1 67 3 view .LVU207
 437              		.loc 1 67 26 is_stmt 0 view .LVU208
 438 014e D0F8E420 		ldr	r2, [r0, #228]
 439              		.loc 1 67 18 view .LVU209
 440 0152 C3F80428 		str	r2, [r3, #2052]
 441              		.loc 1 68 3 is_stmt 1 view .LVU210
 442              		.loc 1 68 26 is_stmt 0 view .LVU211
 443 0156 D0F8E820 		ldr	r2, [r0, #232]
 444              		.loc 1 68 18 view .LVU212
 445 015a C3F80828 		str	r2, [r3, #2056]
 446              		.loc 1 69 3 is_stmt 1 view .LVU213
 447              		.loc 1 69 26 is_stmt 0 view .LVU214
 448 015e D0F8EC20 		ldr	r2, [r0, #236]
 449              		.loc 1 69 18 view .LVU215
 450 0162 C3F80C28 		str	r2, [r3, #2060]
 451              		.loc 1 70 3 is_stmt 1 view .LVU216
 452              		.loc 1 70 26 is_stmt 0 view .LVU217
 453 0166 D0F8F020 		ldr	r2, [r0, #240]
 454              		.loc 1 70 18 view .LVU218
 455 016a C3F81428 		str	r2, [r3, #2068]
 456              		.loc 1 71 3 is_stmt 1 view .LVU219
ARM GAS  /tmp/cci5AjOQ.s 			page 9


 457              		.loc 1 71 26 is_stmt 0 view .LVU220
 458 016e D0F8F420 		ldr	r2, [r0, #244]
 459              		.loc 1 71 18 view .LVU221
 460 0172 C3F82028 		str	r2, [r3, #2080]
 461              		.loc 1 72 3 is_stmt 1 view .LVU222
 462              		.loc 1 72 26 is_stmt 0 view .LVU223
 463 0176 D0F8F820 		ldr	r2, [r0, #248]
 464              		.loc 1 72 18 view .LVU224
 465 017a C3F82428 		str	r2, [r3, #2084]
 466              		.loc 1 73 3 is_stmt 1 view .LVU225
 467              		.loc 1 73 26 is_stmt 0 view .LVU226
 468 017e D0F8E020 		ldr	r2, [r0, #224]
 469              		.loc 1 73 18 view .LVU227
 470 0182 C3F80028 		str	r2, [r3, #2048]
 471              	.LVL10:
 472              		.loc 1 73 18 view .LVU228
 473              	.LBE45:
 474              	.LBE44:
 475              		.loc 1 139 1 view .LVU229
 476 0186 7047     		bx	lr
 477              	.L4:
 478              		.align	2
 479              	.L3:
 480 0188 00380240 		.word	1073887232
 481 018c 00040240 		.word	1073873920
 482 0190 00080240 		.word	1073874944
 483 0194 000C0240 		.word	1073875968
 484 0198 00100240 		.word	1073876992
 485              		.cfi_endproc
 486              	.LFE224:
 487              		.size	_pal_lld_init, .-_pal_lld_init
 488              		.section	.text._pal_lld_setgroupmode,"ax",%progbits
 489              		.align	1
 490              		.p2align 4,,15
 491              		.global	_pal_lld_setgroupmode
 492              		.syntax unified
 493              		.thumb
 494              		.thumb_func
 495              		.type	_pal_lld_setgroupmode, %function
 496              	_pal_lld_setgroupmode:
 497              	.LVL11:
 498              	.LFB225:
 499              		.loc 1 157 43 is_stmt 1 view -0
 500              		.cfi_startproc
 501              		@ args = 0, pretend = 0, frame = 0
 502              		@ frame_needed = 0, uses_anonymous_args = 0
 503              		.loc 1 159 3 view .LVU231
 504              		.loc 1 157 43 is_stmt 0 view .LVU232
 505 0000 2DE9F04F 		push	{r4, r5, r6, r7, r8, r9, r10, fp, lr}
 506              		.cfi_def_cfa_offset 36
 507              		.cfi_offset 4, -36
 508              		.cfi_offset 5, -32
 509              		.cfi_offset 6, -28
 510              		.cfi_offset 7, -24
 511              		.cfi_offset 8, -20
 512              		.cfi_offset 9, -16
 513              		.cfi_offset 10, -12
ARM GAS  /tmp/cci5AjOQ.s 			page 10


 514              		.cfi_offset 11, -8
 515              		.cfi_offset 14, -4
 516              		.loc 1 162 12 view .LVU233
 517 0004 C2F3411C 		ubfx	ip, r2, #5, #2
 518              		.loc 1 159 12 view .LVU234
 519 0008 02F00305 		and	r5, r2, #3
 520              	.LVL12:
 521              		.loc 1 160 3 is_stmt 1 view .LVU235
 522              		.loc 1 160 12 is_stmt 0 view .LVU236
 523 000c C2F38004 		ubfx	r4, r2, #2, #1
 524              	.LVL13:
 525              		.loc 1 161 3 is_stmt 1 view .LVU237
 526              		.loc 1 161 12 is_stmt 0 view .LVU238
 527 0010 C2F3C10E 		ubfx	lr, r2, #3, #2
 528              	.LVL14:
 529              		.loc 1 162 3 is_stmt 1 view .LVU239
 530              		.loc 1 163 3 view .LVU240
 531              		.loc 1 163 12 is_stmt 0 view .LVU241
 532 0014 C2F3C316 		ubfx	r6, r2, #7, #4
 533              	.LVL15:
 534              		.loc 1 164 3 is_stmt 1 view .LVU242
 535              	.LBB46:
 536              		.loc 1 170 15 is_stmt 0 view .LVU243
 537 0018 0F27     		movs	r7, #15
 538              	.LBE46:
 539              		.loc 1 164 12 view .LVU244
 540 001a 0022     		movs	r2, #0
 541              	.LVL16:
 542              	.LBB47:
 543              		.loc 1 175 14 view .LVU245
 544 001c 4FF00109 		mov	r9, #1
 545              		.loc 1 177 14 view .LVU246
 546 0020 4FF00308 		mov	r8, #3
 547 0024 2BE0     		b	.L10
 548              	.LVL17:
 549              	.L16:
 550              		.loc 1 172 27 view .LVU247
 551 0026 D0F820B0 		ldr	fp, [r0, #32]
 552              		.loc 1 172 34 view .LVU248
 553 002a 0BEA0A0A 		and	r10, fp, r10
 554              		.loc 1 172 41 view .LVU249
 555 002e 4AEA0303 		orr	r3, r10, r3
 556              	.LVL18:
 557              		.loc 1 172 20 view .LVU250
 558 0032 0362     		str	r3, [r0, #32]
 559              	.L8:
 560              		.loc 1 175 7 is_stmt 1 view .LVU251
 561              	.LVL19:
 562              		.loc 1 176 7 view .LVU252
 563              		.loc 1 176 28 is_stmt 0 view .LVU253
 564 0034 4368     		ldr	r3, [r0, #4]
 565              		.loc 1 175 14 view .LVU254
 566 0036 09FA02FA 		lsl	r10, r9, r2
 567              		.loc 1 176 37 view .LVU255
 568 003a 23EA0A03 		bic	r3, r3, r10
 569              		.loc 1 176 44 view .LVU256
 570 003e 2343     		orrs	r3, r3, r4
ARM GAS  /tmp/cci5AjOQ.s 			page 11


 571              		.loc 1 176 21 view .LVU257
 572 0040 4360     		str	r3, [r0, #4]
 573              		.loc 1 177 7 is_stmt 1 view .LVU258
 574              	.LVL20:
 575              		.loc 1 178 7 view .LVU259
 576              		.loc 1 178 28 is_stmt 0 view .LVU260
 577 0042 8368     		ldr	r3, [r0, #8]
 578              		.loc 1 177 14 view .LVU261
 579 0044 4FEA420A 		lsl	r10, r2, #1
 580 0048 08FA0AFA 		lsl	r10, r8, r10
 581              		.loc 1 178 38 view .LVU262
 582 004c 23EA0A03 		bic	r3, r3, r10
 583              		.loc 1 178 45 view .LVU263
 584 0050 43EA0E03 		orr	r3, r3, lr
 585              		.loc 1 178 21 view .LVU264
 586 0054 8360     		str	r3, [r0, #8]
 587              		.loc 1 179 7 is_stmt 1 view .LVU265
 588              		.loc 1 179 28 is_stmt 0 view .LVU266
 589 0056 C368     		ldr	r3, [r0, #12]
 590              		.loc 1 179 36 view .LVU267
 591 0058 23EA0A03 		bic	r3, r3, r10
 592              		.loc 1 179 43 view .LVU268
 593 005c 43EA0C03 		orr	r3, r3, ip
 594              		.loc 1 179 21 view .LVU269
 595 0060 C360     		str	r3, [r0, #12]
 596              		.loc 1 180 7 is_stmt 1 view .LVU270
 597              		.loc 1 180 28 is_stmt 0 view .LVU271
 598 0062 0368     		ldr	r3, [r0]
 599              		.loc 1 180 36 view .LVU272
 600 0064 23EA0A03 		bic	r3, r3, r10
 601              		.loc 1 180 43 view .LVU273
 602 0068 2B43     		orrs	r3, r3, r5
 603              		.loc 1 180 21 view .LVU274
 604 006a 0360     		str	r3, [r0]
 605              	.LVL21:
 606              	.L6:
 607              		.loc 1 180 21 view .LVU275
 608              	.LBE47:
 609              		.loc 1 182 5 is_stmt 1 view .LVU276
 610              		.loc 1 183 5 view .LVU277
 611              		.loc 1 185 5 view .LVU278
 612              		.loc 1 183 8 is_stmt 0 view .LVU279
 613 006c 4908     		lsrs	r1, r1, #1
 614              	.LVL22:
 615              		.loc 1 183 8 view .LVU280
 616 006e 1CD0     		beq	.L14
 617              		.loc 1 185 12 view .LVU281
 618 0070 6400     		lsls	r4, r4, #1
 619              	.LVL23:
 620              		.loc 1 186 5 is_stmt 1 view .LVU282
 621              		.loc 1 186 13 is_stmt 0 view .LVU283
 622 0072 4FEA8E0E 		lsl	lr, lr, #2
 623              	.LVL24:
 624              		.loc 1 187 5 is_stmt 1 view .LVU284
 625              		.loc 1 187 11 is_stmt 0 view .LVU285
 626 0076 4FEA8C0C 		lsl	ip, ip, #2
 627              	.LVL25:
ARM GAS  /tmp/cci5AjOQ.s 			page 12


 628              		.loc 1 188 5 is_stmt 1 view .LVU286
 629              		.loc 1 188 11 is_stmt 0 view .LVU287
 630 007a AD00     		lsls	r5, r5, #2
 631              	.LVL26:
 632              		.loc 1 189 5 is_stmt 1 view .LVU288
 633              		.loc 1 189 8 is_stmt 0 view .LVU289
 634 007c 0132     		adds	r2, r2, #1
 635              	.LVL27:
 636              		.loc 1 165 9 is_stmt 1 view .LVU290
 637              	.L10:
 638              		.loc 1 165 3 view .LVU291
 639              		.loc 1 166 5 view .LVU292
 640              	.LBB48:
 641              		.loc 1 167 7 view .LVU293
 642              		.loc 1 169 7 view .LVU294
 643              		.loc 1 169 32 is_stmt 0 view .LVU295
 644 007e 02F00703 		and	r3, r2, #7
 645              		.loc 1 169 37 view .LVU296
 646 0082 9B00     		lsls	r3, r3, #2
 647              		.loc 1 170 15 view .LVU297
 648 0084 07FA03FA 		lsl	r10, r7, r3
 649              	.LBE48:
 650              		.loc 1 166 8 view .LVU298
 651 0088 11F0010F 		tst	r1, #1
 652              	.LBB49:
 653              		.loc 1 169 16 view .LVU299
 654 008c 06FA03F3 		lsl	r3, r6, r3
 655              	.LVL28:
 656              		.loc 1 170 7 is_stmt 1 view .LVU300
 657              		.loc 1 171 7 view .LVU301
 658              		.loc 1 172 36 is_stmt 0 view .LVU302
 659 0090 6FEA0A0A 		mvn	r10, r10
 660              	.LBE49:
 661              		.loc 1 166 8 view .LVU303
 662 0094 EAD0     		beq	.L6
 663              	.LBB50:
 664              		.loc 1 172 9 is_stmt 1 view .LVU304
 665              		.loc 1 174 9 view .LVU305
 666              		.loc 1 171 10 is_stmt 0 view .LVU306
 667 0096 072A     		cmp	r2, #7
 668 0098 C5D9     		bls	.L16
 669              		.loc 1 174 27 view .LVU307
 670 009a D0F824B0 		ldr	fp, [r0, #36]
 671              		.loc 1 174 34 view .LVU308
 672 009e 0BEA0A0A 		and	r10, fp, r10
 673              		.loc 1 174 41 view .LVU309
 674 00a2 4AEA0303 		orr	r3, r10, r3
 675              	.LVL29:
 676              		.loc 1 174 20 view .LVU310
 677 00a6 4362     		str	r3, [r0, #36]
 678 00a8 C4E7     		b	.L8
 679              	.LVL30:
 680              	.L14:
 681              		.loc 1 174 20 view .LVU311
 682              	.LBE50:
 683              		.loc 1 191 1 view .LVU312
 684 00aa BDE8F08F 		pop	{r4, r5, r6, r7, r8, r9, r10, fp, pc}
ARM GAS  /tmp/cci5AjOQ.s 			page 13


 685              		.loc 1 191 1 view .LVU313
 686              		.cfi_endproc
 687              	.LFE225:
 688              		.size	_pal_lld_setgroupmode, .-_pal_lld_setgroupmode
 689 00ae 00BF     		.text
 690              	.Letext0:
 691              		.file 2 "/opt/arm-gnu-toolchain-13.2.Rel1-x86_64-arm-none-eabi/arm-none-eabi/include/machine/_defa
 692              		.file 3 "/opt/arm-gnu-toolchain-13.2.Rel1-x86_64-arm-none-eabi/arm-none-eabi/include/sys/_stdint.h
 693              		.file 4 "../RC_Controller/ChibiOS_3.0.5/os/ext/CMSIS/ST/stm32f405xx.h"
 694              		.file 5 "../RC_Controller/ChibiOS_3.0.5/os/hal/ports/STM32/LLD/GPIOv2/pal_lld.h"
 695              		.section	.debug_info,"",%progbits
 696              	.Ldebug_info0:
 697 0000 3A070000 		.4byte	0x73a
 698 0004 0500     		.2byte	0x5
 699 0006 01       		.byte	0x1
 700 0007 04       		.byte	0x4
 701 0008 00000000 		.4byte	.Ldebug_abbrev0
 702 000c 16       		.uleb128 0x16
 703 000d 0C020000 		.4byte	.LASF82
 704 0011 0C       		.byte	0xc
 705 0012 E4000000 		.4byte	.LASF83
 706 0016 B0010000 		.4byte	.LASF84
 707 001a 52000000 		.4byte	.LLRL35
 708 001e 00000000 		.4byte	0
 709 0022 00000000 		.4byte	.Ldebug_line0
 710 0026 04       		.uleb128 0x4
 711 0027 08       		.byte	0x8
 712 0028 07       		.byte	0x7
 713 0029 3D030000 		.4byte	.LASF0
 714 002d 04       		.uleb128 0x4
 715 002e 04       		.byte	0x4
 716 002f 07       		.byte	0x7
 717 0030 74040000 		.4byte	.LASF1
 718 0034 17       		.uleb128 0x17
 719 0035 04       		.byte	0x4
 720 0036 05       		.byte	0x5
 721 0037 696E7400 		.ascii	"int\000"
 722 003b 04       		.uleb128 0x4
 723 003c 01       		.byte	0x1
 724 003d 06       		.byte	0x6
 725 003e 47010000 		.4byte	.LASF2
 726 0042 04       		.uleb128 0x4
 727 0043 01       		.byte	0x1
 728 0044 08       		.byte	0x8
 729 0045 FE010000 		.4byte	.LASF3
 730 0049 04       		.uleb128 0x4
 731 004a 02       		.byte	0x2
 732 004b 05       		.byte	0x5
 733 004c 5E000000 		.4byte	.LASF4
 734 0050 05       		.uleb128 0x5
 735 0051 B2000000 		.4byte	.LASF7
 736 0055 02       		.byte	0x2
 737 0056 39       		.byte	0x39
 738 0057 19       		.byte	0x19
 739 0058 5C000000 		.4byte	0x5c
 740 005c 04       		.uleb128 0x4
 741 005d 02       		.byte	0x2
ARM GAS  /tmp/cci5AjOQ.s 			page 14


 742 005e 07       		.byte	0x7
 743 005f 9A030000 		.4byte	.LASF5
 744 0063 04       		.uleb128 0x4
 745 0064 04       		.byte	0x4
 746 0065 05       		.byte	0x5
 747 0066 7F010000 		.4byte	.LASF6
 748 006a 05       		.uleb128 0x5
 749 006b 99000000 		.4byte	.LASF8
 750 006f 02       		.byte	0x2
 751 0070 4F       		.byte	0x4f
 752 0071 19       		.byte	0x19
 753 0072 76000000 		.4byte	0x76
 754 0076 04       		.uleb128 0x4
 755 0077 04       		.byte	0x4
 756 0078 07       		.byte	0x7
 757 0079 76030000 		.4byte	.LASF9
 758 007d 04       		.uleb128 0x4
 759 007e 08       		.byte	0x8
 760 007f 05       		.byte	0x5
 761 0080 63010000 		.4byte	.LASF10
 762 0084 05       		.uleb128 0x5
 763 0085 6D030000 		.4byte	.LASF11
 764 0089 03       		.byte	0x3
 765 008a 24       		.byte	0x24
 766 008b 14       		.byte	0x14
 767 008c 50000000 		.4byte	0x50
 768 0090 05       		.uleb128 0x5
 769 0091 54030000 		.4byte	.LASF12
 770 0095 03       		.byte	0x3
 771 0096 30       		.byte	0x30
 772 0097 14       		.byte	0x14
 773 0098 6A000000 		.4byte	0x6a
 774 009c 0F       		.uleb128 0xf
 775 009d 90000000 		.4byte	0x90
 776 00a1 18       		.uleb128 0x18
 777 00a2 90000000 		.4byte	0x90
 778 00a6 B1000000 		.4byte	0xb1
 779 00aa 19       		.uleb128 0x19
 780 00ab 2D000000 		.4byte	0x2d
 781 00af 01       		.byte	0x1
 782 00b0 00       		.byte	0
 783 00b1 1A       		.uleb128 0x1a
 784 00b2 88       		.byte	0x88
 785 00b3 04       		.byte	0x4
 786 00b4 0802     		.2byte	0x208
 787 00b6 09       		.byte	0x9
 788 00b7 23020000 		.4byte	0x223
 789 00bb 0D       		.uleb128 0xd
 790 00bc 435200   		.ascii	"CR\000"
 791 00bf 0A02     		.2byte	0x20a
 792 00c1 9C000000 		.4byte	0x9c
 793 00c5 00       		.byte	0
 794 00c6 01       		.uleb128 0x1
 795 00c7 8D030000 		.4byte	.LASF13
 796 00cb 0B02     		.2byte	0x20b
 797 00cd 9C000000 		.4byte	0x9c
 798 00d1 04       		.byte	0x4
ARM GAS  /tmp/cci5AjOQ.s 			page 15


 799 00d2 01       		.uleb128 0x1
 800 00d3 81040000 		.4byte	.LASF14
 801 00d7 0C02     		.2byte	0x20c
 802 00d9 9C000000 		.4byte	0x9c
 803 00dd 08       		.byte	0x8
 804 00de 0D       		.uleb128 0xd
 805 00df 43495200 		.ascii	"CIR\000"
 806 00e3 0D02     		.2byte	0x20d
 807 00e5 9C000000 		.4byte	0x9c
 808 00e9 0C       		.byte	0xc
 809 00ea 01       		.uleb128 0x1
 810 00eb 54040000 		.4byte	.LASF15
 811 00ef 0E02     		.2byte	0x20e
 812 00f1 9C000000 		.4byte	0x9c
 813 00f5 10       		.byte	0x10
 814 00f6 01       		.uleb128 0x1
 815 00f7 64030000 		.4byte	.LASF16
 816 00fb 0F02     		.2byte	0x20f
 817 00fd 9C000000 		.4byte	0x9c
 818 0101 14       		.byte	0x14
 819 0102 01       		.uleb128 0x1
 820 0103 5D040000 		.4byte	.LASF17
 821 0107 1002     		.2byte	0x210
 822 0109 9C000000 		.4byte	0x9c
 823 010d 18       		.byte	0x18
 824 010e 01       		.uleb128 0x1
 825 010f E4030000 		.4byte	.LASF18
 826 0113 1102     		.2byte	0x211
 827 0115 90000000 		.4byte	0x90
 828 0119 1C       		.byte	0x1c
 829 011a 01       		.uleb128 0x1
 830 011b 27000000 		.4byte	.LASF19
 831 011f 1202     		.2byte	0x212
 832 0121 9C000000 		.4byte	0x9c
 833 0125 20       		.byte	0x20
 834 0126 01       		.uleb128 0x1
 835 0127 A1010000 		.4byte	.LASF20
 836 012b 1302     		.2byte	0x213
 837 012d 9C000000 		.4byte	0x9c
 838 0131 24       		.byte	0x24
 839 0132 01       		.uleb128 0x1
 840 0133 EE030000 		.4byte	.LASF21
 841 0137 1402     		.2byte	0x214
 842 0139 A1000000 		.4byte	0xa1
 843 013d 28       		.byte	0x28
 844 013e 01       		.uleb128 0x1
 845 013f 31040000 		.4byte	.LASF22
 846 0143 1502     		.2byte	0x215
 847 0145 9C000000 		.4byte	0x9c
 848 0149 30       		.byte	0x30
 849 014a 01       		.uleb128 0x1
 850 014b 30000000 		.4byte	.LASF23
 851 014f 1602     		.2byte	0x216
 852 0151 9C000000 		.4byte	0x9c
 853 0155 34       		.byte	0x34
 854 0156 01       		.uleb128 0x1
 855 0157 53010000 		.4byte	.LASF24
ARM GAS  /tmp/cci5AjOQ.s 			page 16


 856 015b 1702     		.2byte	0x217
 857 015d 9C000000 		.4byte	0x9c
 858 0161 38       		.byte	0x38
 859 0162 01       		.uleb128 0x1
 860 0163 F8030000 		.4byte	.LASF25
 861 0167 1802     		.2byte	0x218
 862 0169 90000000 		.4byte	0x90
 863 016d 3C       		.byte	0x3c
 864 016e 01       		.uleb128 0x1
 865 016f 2B010000 		.4byte	.LASF26
 866 0173 1902     		.2byte	0x219
 867 0175 9C000000 		.4byte	0x9c
 868 0179 40       		.byte	0x40
 869 017a 01       		.uleb128 0x1
 870 017b 35030000 		.4byte	.LASF27
 871 017f 1A02     		.2byte	0x21a
 872 0181 9C000000 		.4byte	0x9c
 873 0185 44       		.byte	0x44
 874 0186 01       		.uleb128 0x1
 875 0187 02040000 		.4byte	.LASF28
 876 018b 1B02     		.2byte	0x21b
 877 018d A1000000 		.4byte	0xa1
 878 0191 48       		.byte	0x48
 879 0192 01       		.uleb128 0x1
 880 0193 00000000 		.4byte	.LASF29
 881 0197 1C02     		.2byte	0x21c
 882 0199 9C000000 		.4byte	0x9c
 883 019d 50       		.byte	0x50
 884 019e 01       		.uleb128 0x1
 885 019f CE030000 		.4byte	.LASF30
 886 01a3 1D02     		.2byte	0x21d
 887 01a5 9C000000 		.4byte	0x9c
 888 01a9 54       		.byte	0x54
 889 01aa 01       		.uleb128 0x1
 890 01ab CA000000 		.4byte	.LASF31
 891 01af 1E02     		.2byte	0x21e
 892 01b1 9C000000 		.4byte	0x9c
 893 01b5 58       		.byte	0x58
 894 01b6 01       		.uleb128 0x1
 895 01b7 0C040000 		.4byte	.LASF32
 896 01bb 1F02     		.2byte	0x21f
 897 01bd 90000000 		.4byte	0x90
 898 01c1 5C       		.byte	0x5c
 899 01c2 01       		.uleb128 0x1
 900 01c3 AD030000 		.4byte	.LASF33
 901 01c7 2002     		.2byte	0x220
 902 01c9 9C000000 		.4byte	0x9c
 903 01cd 60       		.byte	0x60
 904 01ce 01       		.uleb128 0x1
 905 01cf 8B040000 		.4byte	.LASF34
 906 01d3 2102     		.2byte	0x221
 907 01d5 9C000000 		.4byte	0x9c
 908 01d9 64       		.byte	0x64
 909 01da 01       		.uleb128 0x1
 910 01db 16040000 		.4byte	.LASF35
 911 01df 2202     		.2byte	0x222
 912 01e1 A1000000 		.4byte	0xa1
ARM GAS  /tmp/cci5AjOQ.s 			page 17


 913 01e5 68       		.byte	0x68
 914 01e6 01       		.uleb128 0x1
 915 01e7 7B000000 		.4byte	.LASF36
 916 01eb 2302     		.2byte	0x223
 917 01ed 9C000000 		.4byte	0x9c
 918 01f1 70       		.byte	0x70
 919 01f2 0D       		.uleb128 0xd
 920 01f3 43535200 		.ascii	"CSR\000"
 921 01f7 2402     		.2byte	0x224
 922 01f9 9C000000 		.4byte	0x9c
 923 01fd 74       		.byte	0x74
 924 01fe 01       		.uleb128 0x1
 925 01ff 20040000 		.4byte	.LASF37
 926 0203 2502     		.2byte	0x225
 927 0205 A1000000 		.4byte	0xa1
 928 0209 78       		.byte	0x78
 929 020a 01       		.uleb128 0x1
 930 020b BD000000 		.4byte	.LASF38
 931 020f 2602     		.2byte	0x226
 932 0211 9C000000 		.4byte	0x9c
 933 0215 80       		.byte	0x80
 934 0216 01       		.uleb128 0x1
 935 0217 8E000000 		.4byte	.LASF39
 936 021b 2702     		.2byte	0x227
 937 021d 9C000000 		.4byte	0x9c
 938 0221 84       		.byte	0x84
 939 0222 00       		.byte	0
 940 0223 08       		.uleb128 0x8
 941 0224 8F010000 		.4byte	.LASF40
 942 0228 04       		.byte	0x4
 943 0229 2902     		.2byte	0x229
 944 022b 03       		.byte	0x3
 945 022c B1000000 		.4byte	0xb1
 946 0230 04       		.uleb128 0x4
 947 0231 01       		.byte	0x1
 948 0232 08       		.byte	0x8
 949 0233 B7030000 		.4byte	.LASF41
 950 0237 04       		.uleb128 0x4
 951 0238 01       		.byte	0x1
 952 0239 02       		.byte	0x2
 953 023a C3030000 		.4byte	.LASF42
 954 023e 09       		.uleb128 0x9
 955 023f 04       		.byte	0x4
 956 0240 B3       		.byte	0xb3
 957 0241 05       		.byte	0x5
 958 0242 5E020000 		.4byte	0x25e
 959 0246 07       		.uleb128 0x7
 960 0247 73657400 		.ascii	"set\000"
 961 024b B4       		.byte	0xb4
 962 024c 84000000 		.4byte	0x84
 963 0250 00       		.byte	0
 964 0251 02       		.uleb128 0x2
 965 0252 AA010000 		.4byte	.LASF43
 966 0256 B5       		.byte	0xb5
 967 0257 19       		.byte	0x19
 968 0258 84000000 		.4byte	0x84
 969 025c 02       		.byte	0x2
ARM GAS  /tmp/cci5AjOQ.s 			page 18


 970 025d 00       		.byte	0
 971 025e 1B       		.uleb128 0x1b
 972 025f 04       		.byte	0x4
 973 0260 05       		.byte	0x5
 974 0261 B1       		.byte	0xb1
 975 0262 0C       		.byte	0xc
 976 0263 7A020000 		.4byte	0x27a
 977 0267 10       		.uleb128 0x10
 978 0268 5700     		.ascii	"W\000"
 979 026a B2       		.byte	0xb2
 980 026b 19       		.byte	0x19
 981 026c 90000000 		.4byte	0x90
 982 0270 10       		.uleb128 0x10
 983 0271 4800     		.ascii	"H\000"
 984 0273 B6       		.byte	0xb6
 985 0274 07       		.byte	0x7
 986 0275 3E020000 		.4byte	0x23e
 987 0279 00       		.byte	0
 988 027a 0F       		.uleb128 0xf
 989 027b 5E020000 		.4byte	0x25e
 990 027f 09       		.uleb128 0x9
 991 0280 2C       		.byte	0x2c
 992 0281 A9       		.byte	0xa9
 993 0282 09       		.byte	0x9
 994 0283 09030000 		.4byte	0x309
 995 0287 02       		.uleb128 0x2
 996 0288 9B010000 		.4byte	.LASF44
 997 028c AB       		.byte	0xab
 998 028d 19       		.byte	0x19
 999 028e 9C000000 		.4byte	0x9c
 1000 0292 00       		.byte	0
 1001 0293 02       		.uleb128 0x2
 1002 0294 40010000 		.4byte	.LASF45
 1003 0298 AC       		.byte	0xac
 1004 0299 19       		.byte	0x19
 1005 029a 9C000000 		.4byte	0x9c
 1006 029e 04       		.byte	0x4
 1007 029f 02       		.uleb128 0x2
 1008 02a0 5B010000 		.4byte	.LASF46
 1009 02a4 AD       		.byte	0xad
 1010 02a5 19       		.byte	0x19
 1011 02a6 9C000000 		.4byte	0x9c
 1012 02aa 08       		.byte	0x8
 1013 02ab 02       		.uleb128 0x2
 1014 02ac 71010000 		.4byte	.LASF47
 1015 02b0 AE       		.byte	0xae
 1016 02b1 19       		.byte	0x19
 1017 02b2 9C000000 		.4byte	0x9c
 1018 02b6 0C       		.byte	0xc
 1019 02b7 07       		.uleb128 0x7
 1020 02b8 49445200 		.ascii	"IDR\000"
 1021 02bc AF       		.byte	0xaf
 1022 02bd 9C000000 		.4byte	0x9c
 1023 02c1 10       		.byte	0x10
 1024 02c2 07       		.uleb128 0x7
 1025 02c3 4F445200 		.ascii	"ODR\000"
 1026 02c7 B0       		.byte	0xb0
ARM GAS  /tmp/cci5AjOQ.s 			page 19


 1027 02c8 9C000000 		.4byte	0x9c
 1028 02cc 14       		.byte	0x14
 1029 02cd 02       		.uleb128 0x2
 1030 02ce 95040000 		.4byte	.LASF48
 1031 02d2 B7       		.byte	0xb7
 1032 02d3 05       		.byte	0x5
 1033 02d4 7A020000 		.4byte	0x27a
 1034 02d8 18       		.byte	0x18
 1035 02d9 02       		.uleb128 0x2
 1036 02da 86040000 		.4byte	.LASF49
 1037 02de B8       		.byte	0xb8
 1038 02df 19       		.byte	0x19
 1039 02e0 9C000000 		.4byte	0x9c
 1040 02e4 1C       		.byte	0x1c
 1041 02e5 02       		.uleb128 0x2
 1042 02e6 95030000 		.4byte	.LASF50
 1043 02ea B9       		.byte	0xb9
 1044 02eb 19       		.byte	0x19
 1045 02ec 9C000000 		.4byte	0x9c
 1046 02f0 20       		.byte	0x20
 1047 02f1 02       		.uleb128 0x2
 1048 02f2 88030000 		.4byte	.LASF51
 1049 02f6 BA       		.byte	0xba
 1050 02f7 19       		.byte	0x19
 1051 02f8 9C000000 		.4byte	0x9c
 1052 02fc 24       		.byte	0x24
 1053 02fd 07       		.uleb128 0x7
 1054 02fe 42525200 		.ascii	"BRR\000"
 1055 0302 BB       		.byte	0xbb
 1056 0303 9C000000 		.4byte	0x9c
 1057 0307 28       		.byte	0x28
 1058 0308 00       		.byte	0
 1059 0309 05       		.uleb128 0x5
 1060 030a 68000000 		.4byte	.LASF52
 1061 030e 05       		.byte	0x5
 1062 030f BC       		.byte	0xbc
 1063 0310 03       		.byte	0x3
 1064 0311 7F020000 		.4byte	0x27f
 1065 0315 09       		.uleb128 0x9
 1066 0316 1C       		.byte	0x1c
 1067 0317 C1       		.byte	0xc1
 1068 0318 09       		.byte	0x9
 1069 0319 71030000 		.4byte	0x371
 1070 031d 02       		.uleb128 0x2
 1071 031e 4E040000 		.4byte	.LASF53
 1072 0322 C3       		.byte	0xc3
 1073 0323 19       		.byte	0x19
 1074 0324 90000000 		.4byte	0x90
 1075 0328 00       		.byte	0
 1076 0329 02       		.uleb128 0x2
 1077 032a 5D030000 		.4byte	.LASF54
 1078 032e C5       		.byte	0xc5
 1079 032f 19       		.byte	0x19
 1080 0330 90000000 		.4byte	0x90
 1081 0334 04       		.byte	0x4
 1082 0335 02       		.uleb128 0x2
 1083 0336 77010000 		.4byte	.LASF55
ARM GAS  /tmp/cci5AjOQ.s 			page 20


 1084 033a C7       		.byte	0xc7
 1085 033b 19       		.byte	0x19
 1086 033c 90000000 		.4byte	0x90
 1087 0340 08       		.byte	0x8
 1088 0341 02       		.uleb128 0x2
 1089 0342 3E040000 		.4byte	.LASF56
 1090 0346 C9       		.byte	0xc9
 1091 0347 19       		.byte	0x19
 1092 0348 90000000 		.4byte	0x90
 1093 034c 0C       		.byte	0xc
 1094 034d 07       		.uleb128 0x7
 1095 034e 6F647200 		.ascii	"odr\000"
 1096 0352 CB       		.byte	0xcb
 1097 0353 90000000 		.4byte	0x90
 1098 0357 10       		.byte	0x10
 1099 0358 02       		.uleb128 0x2
 1100 0359 49040000 		.4byte	.LASF57
 1101 035d CD       		.byte	0xcd
 1102 035e 19       		.byte	0x19
 1103 035f 90000000 		.4byte	0x90
 1104 0363 14       		.byte	0x14
 1105 0364 02       		.uleb128 0x2
 1106 0365 44040000 		.4byte	.LASF58
 1107 0369 CF       		.byte	0xcf
 1108 036a 19       		.byte	0x19
 1109 036b 90000000 		.4byte	0x90
 1110 036f 18       		.byte	0x18
 1111 0370 00       		.byte	0
 1112 0371 05       		.uleb128 0x5
 1113 0372 38000000 		.4byte	.LASF59
 1114 0376 05       		.byte	0x5
 1115 0377 D0       		.byte	0xd0
 1116 0378 03       		.byte	0x3
 1117 0379 15030000 		.4byte	0x315
 1118 037d 11       		.uleb128 0x11
 1119 037e 71030000 		.4byte	0x371
 1120 0382 09       		.uleb128 0x9
 1121 0383 FC       		.byte	0xfc
 1122 0384 D9       		.byte	0xd9
 1123 0385 09       		.byte	0x9
 1124 0386 F7030000 		.4byte	0x3f7
 1125 038a 02       		.uleb128 0x2
 1126 038b EC010000 		.4byte	.LASF60
 1127 038f DC       		.byte	0xdc
 1128 0390 19       		.byte	0x19
 1129 0391 71030000 		.4byte	0x371
 1130 0395 00       		.byte	0
 1131 0396 02       		.uleb128 0x2
 1132 0397 C3000000 		.4byte	.LASF61
 1133 039b E0       		.byte	0xe0
 1134 039c 19       		.byte	0x19
 1135 039d 71030000 		.4byte	0x371
 1136 03a1 1C       		.byte	0x1c
 1137 03a2 02       		.uleb128 0x2
 1138 03a3 0A000000 		.4byte	.LASF62
 1139 03a7 E4       		.byte	0xe4
 1140 03a8 19       		.byte	0x19
ARM GAS  /tmp/cci5AjOQ.s 			page 21


 1141 03a9 71030000 		.4byte	0x371
 1142 03ad 38       		.byte	0x38
 1143 03ae 02       		.uleb128 0x2
 1144 03af 88010000 		.4byte	.LASF63
 1145 03b3 E8       		.byte	0xe8
 1146 03b4 19       		.byte	0x19
 1147 03b5 71030000 		.4byte	0x371
 1148 03b9 54       		.byte	0x54
 1149 03ba 02       		.uleb128 0x2
 1150 03bb DD030000 		.4byte	.LASF64
 1151 03bf EC       		.byte	0xec
 1152 03c0 19       		.byte	0x19
 1153 03c1 71030000 		.4byte	0x371
 1154 03c5 70       		.byte	0x70
 1155 03c6 02       		.uleb128 0x2
 1156 03c7 80000000 		.4byte	.LASF65
 1157 03cb F0       		.byte	0xf0
 1158 03cc 19       		.byte	0x19
 1159 03cd 71030000 		.4byte	0x371
 1160 03d1 8C       		.byte	0x8c
 1161 03d2 02       		.uleb128 0x2
 1162 03d3 BC030000 		.4byte	.LASF66
 1163 03d7 F4       		.byte	0xf4
 1164 03d8 19       		.byte	0x19
 1165 03d9 71030000 		.4byte	0x371
 1166 03dd A8       		.byte	0xa8
 1167 03de 02       		.uleb128 0x2
 1168 03df 2A040000 		.4byte	.LASF67
 1169 03e3 F8       		.byte	0xf8
 1170 03e4 19       		.byte	0x19
 1171 03e5 71030000 		.4byte	0x371
 1172 03e9 C4       		.byte	0xc4
 1173 03ea 02       		.uleb128 0x2
 1174 03eb 87000000 		.4byte	.LASF68
 1175 03ef FC       		.byte	0xfc
 1176 03f0 19       		.byte	0x19
 1177 03f1 71030000 		.4byte	0x371
 1178 03f5 E0       		.byte	0xe0
 1179 03f6 00       		.byte	0
 1180 03f7 05       		.uleb128 0x5
 1181 03f8 4B000000 		.4byte	.LASF69
 1182 03fc 05       		.byte	0x5
 1183 03fd FE       		.byte	0xfe
 1184 03fe 03       		.byte	0x3
 1185 03ff 82030000 		.4byte	0x382
 1186 0403 11       		.uleb128 0x11
 1187 0404 F7030000 		.4byte	0x3f7
 1188 0408 08       		.uleb128 0x8
 1189 0409 33010000 		.4byte	.LASF70
 1190 040d 05       		.byte	0x5
 1191 040e 0E01     		.2byte	0x10e
 1192 0410 12       		.byte	0x12
 1193 0411 90000000 		.4byte	0x90
 1194 0415 08       		.uleb128 0x8
 1195 0416 DB000000 		.4byte	.LASF71
 1196 041a 05       		.byte	0x5
 1197 041b 1301     		.2byte	0x113
ARM GAS  /tmp/cci5AjOQ.s 			page 22


 1198 041d 12       		.byte	0x12
 1199 041e 90000000 		.4byte	0x90
 1200 0422 08       		.uleb128 0x8
 1201 0423 F3010000 		.4byte	.LASF72
 1202 0427 05       		.byte	0x5
 1203 0428 1B01     		.2byte	0x11b
 1204 042a 18       		.byte	0x18
 1205 042b 2F040000 		.4byte	0x42f
 1206 042f 0E       		.uleb128 0xe
 1207 0430 09030000 		.4byte	0x309
 1208 0434 12       		.uleb128 0x12
 1209 0435 11000000 		.4byte	.LASF77
 1210 0439 9B       		.byte	0x9b
 1211 043a 00000000 		.4byte	.LFB225
 1212 043e AE000000 		.4byte	.LFE225-.LFB225
 1213 0442 01       		.uleb128 0x1
 1214 0443 9C       		.byte	0x9c
 1215 0444 3D050000 		.4byte	0x53d
 1216 0448 13       		.uleb128 0x13
 1217 0449 D8030000 		.4byte	.LASF79
 1218 044d 9B       		.byte	0x9b
 1219 044e 27       		.byte	0x27
 1220 044f 22040000 		.4byte	0x422
 1221 0453 01       		.uleb128 0x1
 1222 0454 50       		.byte	0x50
 1223 0455 14       		.uleb128 0x14
 1224 0456 39040000 		.4byte	.LASF73
 1225 045a 9C       		.byte	0x9c
 1226 045b 29       		.byte	0x29
 1227 045c 08040000 		.4byte	0x408
 1228 0460 12000000 		.4byte	.LLST22
 1229 0464 0C000000 		.4byte	.LVUS22
 1230 0468 14       		.uleb128 0x14
 1231 0469 C9030000 		.4byte	.LASF74
 1232 046d 9D       		.byte	0x9d
 1233 046e 25       		.byte	0x25
 1234 046f 15040000 		.4byte	0x415
 1235 0473 30000000 		.4byte	.LLST23
 1236 0477 2C000000 		.4byte	.LVUS23
 1237 047b 06       		.uleb128 0x6
 1238 047c 4E040000 		.4byte	.LASF53
 1239 0480 9F       		.byte	0x9f
 1240 0481 0C       		.byte	0xc
 1241 0482 90000000 		.4byte	0x90
 1242 0486 4C000000 		.4byte	.LLST24
 1243 048a 4A000000 		.4byte	.LVUS24
 1244 048e 06       		.uleb128 0x6
 1245 048f 5D030000 		.4byte	.LASF54
 1246 0493 A0       		.byte	0xa0
 1247 0494 0C       		.byte	0xc
 1248 0495 90000000 		.4byte	0x90
 1249 0499 58000000 		.4byte	.LLST25
 1250 049d 56000000 		.4byte	.LVUS25
 1251 04a1 06       		.uleb128 0x6
 1252 04a2 77010000 		.4byte	.LASF55
 1253 04a6 A1       		.byte	0xa1
 1254 04a7 0C       		.byte	0xc
ARM GAS  /tmp/cci5AjOQ.s 			page 23


 1255 04a8 90000000 		.4byte	0x90
 1256 04ac 64000000 		.4byte	.LLST26
 1257 04b0 62000000 		.4byte	.LVUS26
 1258 04b4 06       		.uleb128 0x6
 1259 04b5 3E040000 		.4byte	.LASF56
 1260 04b9 A2       		.byte	0xa2
 1261 04ba 0C       		.byte	0xc
 1262 04bb 90000000 		.4byte	0x90
 1263 04bf 70000000 		.4byte	.LLST27
 1264 04c3 6E000000 		.4byte	.LVUS27
 1265 04c7 06       		.uleb128 0x6
 1266 04c8 66040000 		.4byte	.LASF75
 1267 04cc A3       		.byte	0xa3
 1268 04cd 0C       		.byte	0xc
 1269 04ce 90000000 		.4byte	0x90
 1270 04d2 7C000000 		.4byte	.LLST28
 1271 04d6 7A000000 		.4byte	.LVUS28
 1272 04da 0A       		.uleb128 0xa
 1273 04db 62697400 		.ascii	"bit\000"
 1274 04df A4       		.byte	0xa4
 1275 04e0 0C       		.byte	0xc
 1276 04e1 90000000 		.4byte	0x90
 1277 04e5 8A000000 		.4byte	.LLST29
 1278 04e9 86000000 		.4byte	.LVUS29
 1279 04ed 1C       		.uleb128 0x1c
 1280 04ee 3C000000 		.4byte	.LLRL30
 1281 04f2 06       		.uleb128 0x6
 1282 04f3 6B040000 		.4byte	.LASF76
 1283 04f7 A7       		.byte	0xa7
 1284 04f8 10       		.byte	0x10
 1285 04f9 90000000 		.4byte	0x90
 1286 04fd A6000000 		.4byte	.LLST31
 1287 0501 9C000000 		.4byte	.LVUS31
 1288 0505 0A       		.uleb128 0xa
 1289 0506 6D3100   		.ascii	"m1\000"
 1290 0509 A7       		.byte	0xa7
 1291 050a 1A       		.byte	0x1a
 1292 050b 90000000 		.4byte	0x90
 1293 050f E5000000 		.4byte	.LLST32
 1294 0513 E3000000 		.4byte	.LVUS32
 1295 0517 0A       		.uleb128 0xa
 1296 0518 6D3200   		.ascii	"m2\000"
 1297 051b A7       		.byte	0xa7
 1298 051c 1E       		.byte	0x1e
 1299 051d 90000000 		.4byte	0x90
 1300 0521 F4000000 		.4byte	.LLST33
 1301 0525 F2000000 		.4byte	.LVUS33
 1302 0529 0A       		.uleb128 0xa
 1303 052a 6D3400   		.ascii	"m4\000"
 1304 052d A7       		.byte	0xa7
 1305 052e 22       		.byte	0x22
 1306 052f 90000000 		.4byte	0x90
 1307 0533 07010000 		.4byte	.LLST34
 1308 0537 03010000 		.4byte	.LVUS34
 1309 053b 00       		.byte	0
 1310 053c 00       		.byte	0
 1311 053d 12       		.uleb128 0x12
ARM GAS  /tmp/cci5AjOQ.s 			page 24


 1312 053e A4000000 		.4byte	.LASF78
 1313 0542 5C       		.byte	0x5c
 1314 0543 00000000 		.4byte	.LFB224
 1315 0547 9C010000 		.4byte	.LFE224-.LFB224
 1316 054b 01       		.uleb128 0x1
 1317 054c 9C       		.byte	0x9c
 1318 054d 0F070000 		.4byte	0x70f
 1319 0551 13       		.uleb128 0x13
 1320 0552 D4000000 		.4byte	.LASF80
 1321 0556 5C       		.byte	0x5c
 1322 0557 25       		.byte	0x25
 1323 0558 0F070000 		.4byte	0x70f
 1324 055c 01       		.uleb128 0x1
 1325 055d 50       		.byte	0x50
 1326 055e 0B       		.uleb128 0xb
 1327 055f 14070000 		.4byte	0x714
 1328 0563 12000000 		.4byte	.LBI20
 1329 0567 01       		.byte	.LVU8
 1330 0568 12000000 		.4byte	.LBB20
 1331 056c 20000000 		.4byte	.LBE20-.LBB20
 1332 0570 71       		.byte	0x71
 1333 0571 90050000 		.4byte	0x590
 1334 0575 03       		.uleb128 0x3
 1335 0576 2C070000 		.4byte	0x72c
 1336 057a 2A010000 		.4byte	.LLST0
 1337 057e 28010000 		.4byte	.LVUS0
 1338 0582 03       		.uleb128 0x3
 1339 0583 21070000 		.4byte	0x721
 1340 0587 35010000 		.4byte	.LLST1
 1341 058b 33010000 		.4byte	.LVUS1
 1342 058f 00       		.byte	0
 1343 0590 0C       		.uleb128 0xc
 1344 0591 14070000 		.4byte	0x714
 1345 0595 32000000 		.4byte	.LBI22
 1346 0599 02       		.byte	.LVU33
 1347 059a 0C000000 		.4byte	.LLRL2
 1348 059e 74       		.byte	0x74
 1349 059f BE050000 		.4byte	0x5be
 1350 05a3 03       		.uleb128 0x3
 1351 05a4 2C070000 		.4byte	0x72c
 1352 05a8 45010000 		.4byte	.LLST3
 1353 05ac 43010000 		.4byte	.LVUS3
 1354 05b0 03       		.uleb128 0x3
 1355 05b1 21070000 		.4byte	0x721
 1356 05b5 52010000 		.4byte	.LLST4
 1357 05b9 50010000 		.4byte	.LVUS4
 1358 05bd 00       		.byte	0
 1359 05be 0C       		.uleb128 0xc
 1360 05bf 14070000 		.4byte	0x714
 1361 05c3 52000000 		.4byte	.LBI25
 1362 05c7 02       		.byte	.LVU59
 1363 05c8 18000000 		.4byte	.LLRL5
 1364 05cc 77       		.byte	0x77
 1365 05cd EC050000 		.4byte	0x5ec
 1366 05d1 03       		.uleb128 0x3
 1367 05d2 2C070000 		.4byte	0x72c
 1368 05d6 62010000 		.4byte	.LLST6
ARM GAS  /tmp/cci5AjOQ.s 			page 25


 1369 05da 60010000 		.4byte	.LVUS6
 1370 05de 03       		.uleb128 0x3
 1371 05df 21070000 		.4byte	0x721
 1372 05e3 6F010000 		.4byte	.LLST7
 1373 05e7 6D010000 		.4byte	.LVUS7
 1374 05eb 00       		.byte	0
 1375 05ec 0C       		.uleb128 0xc
 1376 05ed 14070000 		.4byte	0x714
 1377 05f1 6E000000 		.4byte	.LBI30
 1378 05f5 02       		.byte	.LVU83
 1379 05f6 24000000 		.4byte	.LLRL8
 1380 05fa 7A       		.byte	0x7a
 1381 05fb 1A060000 		.4byte	0x61a
 1382 05ff 03       		.uleb128 0x3
 1383 0600 2C070000 		.4byte	0x72c
 1384 0604 7F010000 		.4byte	.LLST9
 1385 0608 7D010000 		.4byte	.LVUS9
 1386 060c 03       		.uleb128 0x3
 1387 060d 21070000 		.4byte	0x721
 1388 0611 8D010000 		.4byte	.LLST10
 1389 0615 8B010000 		.4byte	.LVUS10
 1390 0619 00       		.byte	0
 1391 061a 0C       		.uleb128 0xc
 1392 061b 14070000 		.4byte	0x714
 1393 061f 8E000000 		.4byte	.LBI33
 1394 0623 02       		.byte	.LVU109
 1395 0624 30000000 		.4byte	.LLRL11
 1396 0628 7D       		.byte	0x7d
 1397 0629 48060000 		.4byte	0x648
 1398 062d 03       		.uleb128 0x3
 1399 062e 2C070000 		.4byte	0x72c
 1400 0632 9D010000 		.4byte	.LLST12
 1401 0636 9B010000 		.4byte	.LVUS12
 1402 063a 03       		.uleb128 0x3
 1403 063b 21070000 		.4byte	0x721
 1404 063f AB010000 		.4byte	.LLST13
 1405 0643 A9010000 		.4byte	.LVUS13
 1406 0647 00       		.byte	0
 1407 0648 0B       		.uleb128 0xb
 1408 0649 14070000 		.4byte	0x714
 1409 064d B0000000 		.4byte	.LBI38
 1410 0651 02       		.byte	.LVU133
 1411 0652 B0000000 		.4byte	.LBB38
 1412 0656 38000000 		.4byte	.LBE38-.LBB38
 1413 065a 80       		.byte	0x80
 1414 065b 7A060000 		.4byte	0x67a
 1415 065f 03       		.uleb128 0x3
 1416 0660 2C070000 		.4byte	0x72c
 1417 0664 BB010000 		.4byte	.LLST14
 1418 0668 B9010000 		.4byte	.LVUS14
 1419 066c 03       		.uleb128 0x3
 1420 066d 21070000 		.4byte	0x721
 1421 0671 C9010000 		.4byte	.LLST15
 1422 0675 C7010000 		.4byte	.LVUS15
 1423 0679 00       		.byte	0
 1424 067a 0B       		.uleb128 0xb
 1425 067b 14070000 		.4byte	0x714
ARM GAS  /tmp/cci5AjOQ.s 			page 26


 1426 067f E8000000 		.4byte	.LBI40
 1427 0683 02       		.byte	.LVU157
 1428 0684 E8000000 		.4byte	.LBB40
 1429 0688 2E000000 		.4byte	.LBE40-.LBB40
 1430 068c 83       		.byte	0x83
 1431 068d AC060000 		.4byte	0x6ac
 1432 0691 03       		.uleb128 0x3
 1433 0692 2C070000 		.4byte	0x72c
 1434 0696 D9010000 		.4byte	.LLST16
 1435 069a D7010000 		.4byte	.LVUS16
 1436 069e 03       		.uleb128 0x3
 1437 069f 21070000 		.4byte	0x721
 1438 06a3 E7010000 		.4byte	.LLST17
 1439 06a7 E5010000 		.4byte	.LVUS17
 1440 06ab 00       		.byte	0
 1441 06ac 0B       		.uleb128 0xb
 1442 06ad 14070000 		.4byte	0x714
 1443 06b1 16010000 		.4byte	.LBI42
 1444 06b5 02       		.byte	.LVU182
 1445 06b6 16010000 		.4byte	.LBB42
 1446 06ba 38000000 		.4byte	.LBE42-.LBB42
 1447 06be 86       		.byte	0x86
 1448 06bf DE060000 		.4byte	0x6de
 1449 06c3 03       		.uleb128 0x3
 1450 06c4 2C070000 		.4byte	0x72c
 1451 06c8 F7010000 		.4byte	.LLST18
 1452 06cc F5010000 		.4byte	.LVUS18
 1453 06d0 03       		.uleb128 0x3
 1454 06d1 21070000 		.4byte	0x721
 1455 06d5 05020000 		.4byte	.LLST19
 1456 06d9 03020000 		.4byte	.LVUS19
 1457 06dd 00       		.byte	0
 1458 06de 1D       		.uleb128 0x1d
 1459 06df 14070000 		.4byte	0x714
 1460 06e3 4E010000 		.4byte	.LBI44
 1461 06e7 02       		.byte	.LVU206
 1462 06e8 4E010000 		.4byte	.LBB44
 1463 06ec 38000000 		.4byte	.LBE44-.LBB44
 1464 06f0 01       		.byte	0x1
 1465 06f1 89       		.byte	0x89
 1466 06f2 03       		.byte	0x3
 1467 06f3 03       		.uleb128 0x3
 1468 06f4 2C070000 		.4byte	0x72c
 1469 06f8 15020000 		.4byte	.LLST20
 1470 06fc 13020000 		.4byte	.LVUS20
 1471 0700 03       		.uleb128 0x3
 1472 0701 21070000 		.4byte	0x721
 1473 0705 23020000 		.4byte	.LLST21
 1474 0709 21020000 		.4byte	.LVUS21
 1475 070d 00       		.byte	0
 1476 070e 00       		.byte	0
 1477 070f 0E       		.uleb128 0xe
 1478 0710 03040000 		.4byte	0x403
 1479 0714 1E       		.uleb128 0x1e
 1480 0715 55000000 		.4byte	.LASF85
 1481 0719 01       		.byte	0x1
 1482 071a 41       		.byte	0x41
ARM GAS  /tmp/cci5AjOQ.s 			page 27


 1483 071b 0D       		.byte	0xd
 1484 071c 01       		.byte	0x1
 1485 071d 38070000 		.4byte	0x738
 1486 0721 15       		.uleb128 0x15
 1487 0722 75000000 		.4byte	.LASF81
 1488 0726 41       		.byte	0x41
 1489 0727 24       		.byte	0x24
 1490 0728 2F040000 		.4byte	0x42f
 1491 072c 15       		.uleb128 0x15
 1492 072d D4000000 		.4byte	.LASF80
 1493 0731 41       		.byte	0x41
 1494 0732 45       		.byte	0x45
 1495 0733 38070000 		.4byte	0x738
 1496 0737 00       		.byte	0
 1497 0738 0E       		.uleb128 0xe
 1498 0739 7D030000 		.4byte	0x37d
 1499 073d 00       		.byte	0
 1500              		.section	.debug_abbrev,"",%progbits
 1501              	.Ldebug_abbrev0:
 1502 0000 01       		.uleb128 0x1
 1503 0001 0D       		.uleb128 0xd
 1504 0002 00       		.byte	0
 1505 0003 03       		.uleb128 0x3
 1506 0004 0E       		.uleb128 0xe
 1507 0005 3A       		.uleb128 0x3a
 1508 0006 21       		.uleb128 0x21
 1509 0007 04       		.sleb128 4
 1510 0008 3B       		.uleb128 0x3b
 1511 0009 05       		.uleb128 0x5
 1512 000a 39       		.uleb128 0x39
 1513 000b 21       		.uleb128 0x21
 1514 000c 11       		.sleb128 17
 1515 000d 49       		.uleb128 0x49
 1516 000e 13       		.uleb128 0x13
 1517 000f 38       		.uleb128 0x38
 1518 0010 0B       		.uleb128 0xb
 1519 0011 00       		.byte	0
 1520 0012 00       		.byte	0
 1521 0013 02       		.uleb128 0x2
 1522 0014 0D       		.uleb128 0xd
 1523 0015 00       		.byte	0
 1524 0016 03       		.uleb128 0x3
 1525 0017 0E       		.uleb128 0xe
 1526 0018 3A       		.uleb128 0x3a
 1527 0019 21       		.uleb128 0x21
 1528 001a 05       		.sleb128 5
 1529 001b 3B       		.uleb128 0x3b
 1530 001c 0B       		.uleb128 0xb
 1531 001d 39       		.uleb128 0x39
 1532 001e 0B       		.uleb128 0xb
 1533 001f 49       		.uleb128 0x49
 1534 0020 13       		.uleb128 0x13
 1535 0021 38       		.uleb128 0x38
 1536 0022 0B       		.uleb128 0xb
 1537 0023 00       		.byte	0
 1538 0024 00       		.byte	0
 1539 0025 03       		.uleb128 0x3
ARM GAS  /tmp/cci5AjOQ.s 			page 28


 1540 0026 05       		.uleb128 0x5
 1541 0027 00       		.byte	0
 1542 0028 31       		.uleb128 0x31
 1543 0029 13       		.uleb128 0x13
 1544 002a 02       		.uleb128 0x2
 1545 002b 17       		.uleb128 0x17
 1546 002c B742     		.uleb128 0x2137
 1547 002e 17       		.uleb128 0x17
 1548 002f 00       		.byte	0
 1549 0030 00       		.byte	0
 1550 0031 04       		.uleb128 0x4
 1551 0032 24       		.uleb128 0x24
 1552 0033 00       		.byte	0
 1553 0034 0B       		.uleb128 0xb
 1554 0035 0B       		.uleb128 0xb
 1555 0036 3E       		.uleb128 0x3e
 1556 0037 0B       		.uleb128 0xb
 1557 0038 03       		.uleb128 0x3
 1558 0039 0E       		.uleb128 0xe
 1559 003a 00       		.byte	0
 1560 003b 00       		.byte	0
 1561 003c 05       		.uleb128 0x5
 1562 003d 16       		.uleb128 0x16
 1563 003e 00       		.byte	0
 1564 003f 03       		.uleb128 0x3
 1565 0040 0E       		.uleb128 0xe
 1566 0041 3A       		.uleb128 0x3a
 1567 0042 0B       		.uleb128 0xb
 1568 0043 3B       		.uleb128 0x3b
 1569 0044 0B       		.uleb128 0xb
 1570 0045 39       		.uleb128 0x39
 1571 0046 0B       		.uleb128 0xb
 1572 0047 49       		.uleb128 0x49
 1573 0048 13       		.uleb128 0x13
 1574 0049 00       		.byte	0
 1575 004a 00       		.byte	0
 1576 004b 06       		.uleb128 0x6
 1577 004c 34       		.uleb128 0x34
 1578 004d 00       		.byte	0
 1579 004e 03       		.uleb128 0x3
 1580 004f 0E       		.uleb128 0xe
 1581 0050 3A       		.uleb128 0x3a
 1582 0051 21       		.uleb128 0x21
 1583 0052 01       		.sleb128 1
 1584 0053 3B       		.uleb128 0x3b
 1585 0054 0B       		.uleb128 0xb
 1586 0055 39       		.uleb128 0x39
 1587 0056 0B       		.uleb128 0xb
 1588 0057 49       		.uleb128 0x49
 1589 0058 13       		.uleb128 0x13
 1590 0059 02       		.uleb128 0x2
 1591 005a 17       		.uleb128 0x17
 1592 005b B742     		.uleb128 0x2137
 1593 005d 17       		.uleb128 0x17
 1594 005e 00       		.byte	0
 1595 005f 00       		.byte	0
 1596 0060 07       		.uleb128 0x7
ARM GAS  /tmp/cci5AjOQ.s 			page 29


 1597 0061 0D       		.uleb128 0xd
 1598 0062 00       		.byte	0
 1599 0063 03       		.uleb128 0x3
 1600 0064 08       		.uleb128 0x8
 1601 0065 3A       		.uleb128 0x3a
 1602 0066 21       		.uleb128 0x21
 1603 0067 05       		.sleb128 5
 1604 0068 3B       		.uleb128 0x3b
 1605 0069 0B       		.uleb128 0xb
 1606 006a 39       		.uleb128 0x39
 1607 006b 21       		.uleb128 0x21
 1608 006c 19       		.sleb128 25
 1609 006d 49       		.uleb128 0x49
 1610 006e 13       		.uleb128 0x13
 1611 006f 38       		.uleb128 0x38
 1612 0070 0B       		.uleb128 0xb
 1613 0071 00       		.byte	0
 1614 0072 00       		.byte	0
 1615 0073 08       		.uleb128 0x8
 1616 0074 16       		.uleb128 0x16
 1617 0075 00       		.byte	0
 1618 0076 03       		.uleb128 0x3
 1619 0077 0E       		.uleb128 0xe
 1620 0078 3A       		.uleb128 0x3a
 1621 0079 0B       		.uleb128 0xb
 1622 007a 3B       		.uleb128 0x3b
 1623 007b 05       		.uleb128 0x5
 1624 007c 39       		.uleb128 0x39
 1625 007d 0B       		.uleb128 0xb
 1626 007e 49       		.uleb128 0x49
 1627 007f 13       		.uleb128 0x13
 1628 0080 00       		.byte	0
 1629 0081 00       		.byte	0
 1630 0082 09       		.uleb128 0x9
 1631 0083 13       		.uleb128 0x13
 1632 0084 01       		.byte	0x1
 1633 0085 0B       		.uleb128 0xb
 1634 0086 0B       		.uleb128 0xb
 1635 0087 3A       		.uleb128 0x3a
 1636 0088 21       		.uleb128 0x21
 1637 0089 05       		.sleb128 5
 1638 008a 3B       		.uleb128 0x3b
 1639 008b 0B       		.uleb128 0xb
 1640 008c 39       		.uleb128 0x39
 1641 008d 0B       		.uleb128 0xb
 1642 008e 01       		.uleb128 0x1
 1643 008f 13       		.uleb128 0x13
 1644 0090 00       		.byte	0
 1645 0091 00       		.byte	0
 1646 0092 0A       		.uleb128 0xa
 1647 0093 34       		.uleb128 0x34
 1648 0094 00       		.byte	0
 1649 0095 03       		.uleb128 0x3
 1650 0096 08       		.uleb128 0x8
 1651 0097 3A       		.uleb128 0x3a
 1652 0098 21       		.uleb128 0x21
 1653 0099 01       		.sleb128 1
ARM GAS  /tmp/cci5AjOQ.s 			page 30


 1654 009a 3B       		.uleb128 0x3b
 1655 009b 0B       		.uleb128 0xb
 1656 009c 39       		.uleb128 0x39
 1657 009d 0B       		.uleb128 0xb
 1658 009e 49       		.uleb128 0x49
 1659 009f 13       		.uleb128 0x13
 1660 00a0 02       		.uleb128 0x2
 1661 00a1 17       		.uleb128 0x17
 1662 00a2 B742     		.uleb128 0x2137
 1663 00a4 17       		.uleb128 0x17
 1664 00a5 00       		.byte	0
 1665 00a6 00       		.byte	0
 1666 00a7 0B       		.uleb128 0xb
 1667 00a8 1D       		.uleb128 0x1d
 1668 00a9 01       		.byte	0x1
 1669 00aa 31       		.uleb128 0x31
 1670 00ab 13       		.uleb128 0x13
 1671 00ac 52       		.uleb128 0x52
 1672 00ad 01       		.uleb128 0x1
 1673 00ae B842     		.uleb128 0x2138
 1674 00b0 0B       		.uleb128 0xb
 1675 00b1 11       		.uleb128 0x11
 1676 00b2 01       		.uleb128 0x1
 1677 00b3 12       		.uleb128 0x12
 1678 00b4 06       		.uleb128 0x6
 1679 00b5 58       		.uleb128 0x58
 1680 00b6 21       		.uleb128 0x21
 1681 00b7 01       		.sleb128 1
 1682 00b8 59       		.uleb128 0x59
 1683 00b9 0B       		.uleb128 0xb
 1684 00ba 57       		.uleb128 0x57
 1685 00bb 21       		.uleb128 0x21
 1686 00bc 03       		.sleb128 3
 1687 00bd 01       		.uleb128 0x1
 1688 00be 13       		.uleb128 0x13
 1689 00bf 00       		.byte	0
 1690 00c0 00       		.byte	0
 1691 00c1 0C       		.uleb128 0xc
 1692 00c2 1D       		.uleb128 0x1d
 1693 00c3 01       		.byte	0x1
 1694 00c4 31       		.uleb128 0x31
 1695 00c5 13       		.uleb128 0x13
 1696 00c6 52       		.uleb128 0x52
 1697 00c7 01       		.uleb128 0x1
 1698 00c8 B842     		.uleb128 0x2138
 1699 00ca 0B       		.uleb128 0xb
 1700 00cb 55       		.uleb128 0x55
 1701 00cc 17       		.uleb128 0x17
 1702 00cd 58       		.uleb128 0x58
 1703 00ce 21       		.uleb128 0x21
 1704 00cf 01       		.sleb128 1
 1705 00d0 59       		.uleb128 0x59
 1706 00d1 0B       		.uleb128 0xb
 1707 00d2 57       		.uleb128 0x57
 1708 00d3 21       		.uleb128 0x21
 1709 00d4 03       		.sleb128 3
 1710 00d5 01       		.uleb128 0x1
ARM GAS  /tmp/cci5AjOQ.s 			page 31


 1711 00d6 13       		.uleb128 0x13
 1712 00d7 00       		.byte	0
 1713 00d8 00       		.byte	0
 1714 00d9 0D       		.uleb128 0xd
 1715 00da 0D       		.uleb128 0xd
 1716 00db 00       		.byte	0
 1717 00dc 03       		.uleb128 0x3
 1718 00dd 08       		.uleb128 0x8
 1719 00de 3A       		.uleb128 0x3a
 1720 00df 21       		.uleb128 0x21
 1721 00e0 04       		.sleb128 4
 1722 00e1 3B       		.uleb128 0x3b
 1723 00e2 05       		.uleb128 0x5
 1724 00e3 39       		.uleb128 0x39
 1725 00e4 21       		.uleb128 0x21
 1726 00e5 11       		.sleb128 17
 1727 00e6 49       		.uleb128 0x49
 1728 00e7 13       		.uleb128 0x13
 1729 00e8 38       		.uleb128 0x38
 1730 00e9 0B       		.uleb128 0xb
 1731 00ea 00       		.byte	0
 1732 00eb 00       		.byte	0
 1733 00ec 0E       		.uleb128 0xe
 1734 00ed 0F       		.uleb128 0xf
 1735 00ee 00       		.byte	0
 1736 00ef 0B       		.uleb128 0xb
 1737 00f0 21       		.uleb128 0x21
 1738 00f1 04       		.sleb128 4
 1739 00f2 49       		.uleb128 0x49
 1740 00f3 13       		.uleb128 0x13
 1741 00f4 00       		.byte	0
 1742 00f5 00       		.byte	0
 1743 00f6 0F       		.uleb128 0xf
 1744 00f7 35       		.uleb128 0x35
 1745 00f8 00       		.byte	0
 1746 00f9 49       		.uleb128 0x49
 1747 00fa 13       		.uleb128 0x13
 1748 00fb 00       		.byte	0
 1749 00fc 00       		.byte	0
 1750 00fd 10       		.uleb128 0x10
 1751 00fe 0D       		.uleb128 0xd
 1752 00ff 00       		.byte	0
 1753 0100 03       		.uleb128 0x3
 1754 0101 08       		.uleb128 0x8
 1755 0102 3A       		.uleb128 0x3a
 1756 0103 21       		.uleb128 0x21
 1757 0104 05       		.sleb128 5
 1758 0105 3B       		.uleb128 0x3b
 1759 0106 0B       		.uleb128 0xb
 1760 0107 39       		.uleb128 0x39
 1761 0108 0B       		.uleb128 0xb
 1762 0109 49       		.uleb128 0x49
 1763 010a 13       		.uleb128 0x13
 1764 010b 00       		.byte	0
 1765 010c 00       		.byte	0
 1766 010d 11       		.uleb128 0x11
 1767 010e 26       		.uleb128 0x26
ARM GAS  /tmp/cci5AjOQ.s 			page 32


 1768 010f 00       		.byte	0
 1769 0110 49       		.uleb128 0x49
 1770 0111 13       		.uleb128 0x13
 1771 0112 00       		.byte	0
 1772 0113 00       		.byte	0
 1773 0114 12       		.uleb128 0x12
 1774 0115 2E       		.uleb128 0x2e
 1775 0116 01       		.byte	0x1
 1776 0117 3F       		.uleb128 0x3f
 1777 0118 19       		.uleb128 0x19
 1778 0119 03       		.uleb128 0x3
 1779 011a 0E       		.uleb128 0xe
 1780 011b 3A       		.uleb128 0x3a
 1781 011c 21       		.uleb128 0x21
 1782 011d 01       		.sleb128 1
 1783 011e 3B       		.uleb128 0x3b
 1784 011f 0B       		.uleb128 0xb
 1785 0120 39       		.uleb128 0x39
 1786 0121 21       		.uleb128 0x21
 1787 0122 06       		.sleb128 6
 1788 0123 27       		.uleb128 0x27
 1789 0124 19       		.uleb128 0x19
 1790 0125 11       		.uleb128 0x11
 1791 0126 01       		.uleb128 0x1
 1792 0127 12       		.uleb128 0x12
 1793 0128 06       		.uleb128 0x6
 1794 0129 40       		.uleb128 0x40
 1795 012a 18       		.uleb128 0x18
 1796 012b 7A       		.uleb128 0x7a
 1797 012c 19       		.uleb128 0x19
 1798 012d 01       		.uleb128 0x1
 1799 012e 13       		.uleb128 0x13
 1800 012f 00       		.byte	0
 1801 0130 00       		.byte	0
 1802 0131 13       		.uleb128 0x13
 1803 0132 05       		.uleb128 0x5
 1804 0133 00       		.byte	0
 1805 0134 03       		.uleb128 0x3
 1806 0135 0E       		.uleb128 0xe
 1807 0136 3A       		.uleb128 0x3a
 1808 0137 21       		.uleb128 0x21
 1809 0138 01       		.sleb128 1
 1810 0139 3B       		.uleb128 0x3b
 1811 013a 0B       		.uleb128 0xb
 1812 013b 39       		.uleb128 0x39
 1813 013c 0B       		.uleb128 0xb
 1814 013d 49       		.uleb128 0x49
 1815 013e 13       		.uleb128 0x13
 1816 013f 02       		.uleb128 0x2
 1817 0140 18       		.uleb128 0x18
 1818 0141 00       		.byte	0
 1819 0142 00       		.byte	0
 1820 0143 14       		.uleb128 0x14
 1821 0144 05       		.uleb128 0x5
 1822 0145 00       		.byte	0
 1823 0146 03       		.uleb128 0x3
 1824 0147 0E       		.uleb128 0xe
ARM GAS  /tmp/cci5AjOQ.s 			page 33


 1825 0148 3A       		.uleb128 0x3a
 1826 0149 21       		.uleb128 0x21
 1827 014a 01       		.sleb128 1
 1828 014b 3B       		.uleb128 0x3b
 1829 014c 0B       		.uleb128 0xb
 1830 014d 39       		.uleb128 0x39
 1831 014e 0B       		.uleb128 0xb
 1832 014f 49       		.uleb128 0x49
 1833 0150 13       		.uleb128 0x13
 1834 0151 02       		.uleb128 0x2
 1835 0152 17       		.uleb128 0x17
 1836 0153 B742     		.uleb128 0x2137
 1837 0155 17       		.uleb128 0x17
 1838 0156 00       		.byte	0
 1839 0157 00       		.byte	0
 1840 0158 15       		.uleb128 0x15
 1841 0159 05       		.uleb128 0x5
 1842 015a 00       		.byte	0
 1843 015b 03       		.uleb128 0x3
 1844 015c 0E       		.uleb128 0xe
 1845 015d 3A       		.uleb128 0x3a
 1846 015e 21       		.uleb128 0x21
 1847 015f 01       		.sleb128 1
 1848 0160 3B       		.uleb128 0x3b
 1849 0161 0B       		.uleb128 0xb
 1850 0162 39       		.uleb128 0x39
 1851 0163 0B       		.uleb128 0xb
 1852 0164 49       		.uleb128 0x49
 1853 0165 13       		.uleb128 0x13
 1854 0166 00       		.byte	0
 1855 0167 00       		.byte	0
 1856 0168 16       		.uleb128 0x16
 1857 0169 11       		.uleb128 0x11
 1858 016a 01       		.byte	0x1
 1859 016b 25       		.uleb128 0x25
 1860 016c 0E       		.uleb128 0xe
 1861 016d 13       		.uleb128 0x13
 1862 016e 0B       		.uleb128 0xb
 1863 016f 03       		.uleb128 0x3
 1864 0170 0E       		.uleb128 0xe
 1865 0171 1B       		.uleb128 0x1b
 1866 0172 0E       		.uleb128 0xe
 1867 0173 55       		.uleb128 0x55
 1868 0174 17       		.uleb128 0x17
 1869 0175 11       		.uleb128 0x11
 1870 0176 01       		.uleb128 0x1
 1871 0177 10       		.uleb128 0x10
 1872 0178 17       		.uleb128 0x17
 1873 0179 00       		.byte	0
 1874 017a 00       		.byte	0
 1875 017b 17       		.uleb128 0x17
 1876 017c 24       		.uleb128 0x24
 1877 017d 00       		.byte	0
 1878 017e 0B       		.uleb128 0xb
 1879 017f 0B       		.uleb128 0xb
 1880 0180 3E       		.uleb128 0x3e
 1881 0181 0B       		.uleb128 0xb
ARM GAS  /tmp/cci5AjOQ.s 			page 34


 1882 0182 03       		.uleb128 0x3
 1883 0183 08       		.uleb128 0x8
 1884 0184 00       		.byte	0
 1885 0185 00       		.byte	0
 1886 0186 18       		.uleb128 0x18
 1887 0187 01       		.uleb128 0x1
 1888 0188 01       		.byte	0x1
 1889 0189 49       		.uleb128 0x49
 1890 018a 13       		.uleb128 0x13
 1891 018b 01       		.uleb128 0x1
 1892 018c 13       		.uleb128 0x13
 1893 018d 00       		.byte	0
 1894 018e 00       		.byte	0
 1895 018f 19       		.uleb128 0x19
 1896 0190 21       		.uleb128 0x21
 1897 0191 00       		.byte	0
 1898 0192 49       		.uleb128 0x49
 1899 0193 13       		.uleb128 0x13
 1900 0194 2F       		.uleb128 0x2f
 1901 0195 0B       		.uleb128 0xb
 1902 0196 00       		.byte	0
 1903 0197 00       		.byte	0
 1904 0198 1A       		.uleb128 0x1a
 1905 0199 13       		.uleb128 0x13
 1906 019a 01       		.byte	0x1
 1907 019b 0B       		.uleb128 0xb
 1908 019c 0B       		.uleb128 0xb
 1909 019d 3A       		.uleb128 0x3a
 1910 019e 0B       		.uleb128 0xb
 1911 019f 3B       		.uleb128 0x3b
 1912 01a0 05       		.uleb128 0x5
 1913 01a1 39       		.uleb128 0x39
 1914 01a2 0B       		.uleb128 0xb
 1915 01a3 01       		.uleb128 0x1
 1916 01a4 13       		.uleb128 0x13
 1917 01a5 00       		.byte	0
 1918 01a6 00       		.byte	0
 1919 01a7 1B       		.uleb128 0x1b
 1920 01a8 17       		.uleb128 0x17
 1921 01a9 01       		.byte	0x1
 1922 01aa 0B       		.uleb128 0xb
 1923 01ab 0B       		.uleb128 0xb
 1924 01ac 3A       		.uleb128 0x3a
 1925 01ad 0B       		.uleb128 0xb
 1926 01ae 3B       		.uleb128 0x3b
 1927 01af 0B       		.uleb128 0xb
 1928 01b0 39       		.uleb128 0x39
 1929 01b1 0B       		.uleb128 0xb
 1930 01b2 01       		.uleb128 0x1
 1931 01b3 13       		.uleb128 0x13
 1932 01b4 00       		.byte	0
 1933 01b5 00       		.byte	0
 1934 01b6 1C       		.uleb128 0x1c
 1935 01b7 0B       		.uleb128 0xb
 1936 01b8 01       		.byte	0x1
 1937 01b9 55       		.uleb128 0x55
 1938 01ba 17       		.uleb128 0x17
ARM GAS  /tmp/cci5AjOQ.s 			page 35


 1939 01bb 00       		.byte	0
 1940 01bc 00       		.byte	0
 1941 01bd 1D       		.uleb128 0x1d
 1942 01be 1D       		.uleb128 0x1d
 1943 01bf 01       		.byte	0x1
 1944 01c0 31       		.uleb128 0x31
 1945 01c1 13       		.uleb128 0x13
 1946 01c2 52       		.uleb128 0x52
 1947 01c3 01       		.uleb128 0x1
 1948 01c4 B842     		.uleb128 0x2138
 1949 01c6 0B       		.uleb128 0xb
 1950 01c7 11       		.uleb128 0x11
 1951 01c8 01       		.uleb128 0x1
 1952 01c9 12       		.uleb128 0x12
 1953 01ca 06       		.uleb128 0x6
 1954 01cb 58       		.uleb128 0x58
 1955 01cc 0B       		.uleb128 0xb
 1956 01cd 59       		.uleb128 0x59
 1957 01ce 0B       		.uleb128 0xb
 1958 01cf 57       		.uleb128 0x57
 1959 01d0 0B       		.uleb128 0xb
 1960 01d1 00       		.byte	0
 1961 01d2 00       		.byte	0
 1962 01d3 1E       		.uleb128 0x1e
 1963 01d4 2E       		.uleb128 0x2e
 1964 01d5 01       		.byte	0x1
 1965 01d6 03       		.uleb128 0x3
 1966 01d7 0E       		.uleb128 0xe
 1967 01d8 3A       		.uleb128 0x3a
 1968 01d9 0B       		.uleb128 0xb
 1969 01da 3B       		.uleb128 0x3b
 1970 01db 0B       		.uleb128 0xb
 1971 01dc 39       		.uleb128 0x39
 1972 01dd 0B       		.uleb128 0xb
 1973 01de 27       		.uleb128 0x27
 1974 01df 19       		.uleb128 0x19
 1975 01e0 20       		.uleb128 0x20
 1976 01e1 0B       		.uleb128 0xb
 1977 01e2 01       		.uleb128 0x1
 1978 01e3 13       		.uleb128 0x13
 1979 01e4 00       		.byte	0
 1980 01e5 00       		.byte	0
 1981 01e6 00       		.byte	0
 1982              		.section	.debug_loclists,"",%progbits
 1983 0000 2D020000 		.4byte	.Ldebug_loc3-.Ldebug_loc2
 1984              	.Ldebug_loc2:
 1985 0004 0500     		.2byte	0x5
 1986 0006 04       		.byte	0x4
 1987 0007 00       		.byte	0
 1988 0008 00000000 		.4byte	0
 1989              	.Ldebug_loc0:
 1990              	.LVUS22:
 1991 000c 00       		.uleb128 0
 1992 000d 02       		.uleb128 .LVU277
 1993 000e 02       		.uleb128 .LVU277
 1994 000f 00       		.uleb128 .LVU280
 1995 0010 00       		.uleb128 .LVU280
ARM GAS  /tmp/cci5AjOQ.s 			page 36


 1996 0011 00       		.uleb128 0
 1997              	.LLST22:
 1998 0012 06       		.byte	0x6
 1999 0013 00000000 		.4byte	.LVL11
 2000 0017 04       		.byte	0x4
 2001 0018 00       		.uleb128 .LVL11-.LVL11
 2002 0019 6C       		.uleb128 .LVL21-.LVL11
 2003 001a 01       		.uleb128 0x1
 2004 001b 51       		.byte	0x51
 2005 001c 04       		.byte	0x4
 2006 001d 6C       		.uleb128 .LVL21-.LVL11
 2007 001e 6E       		.uleb128 .LVL22-.LVL11
 2008 001f 05       		.uleb128 0x5
 2009 0020 71       		.byte	0x71
 2010 0021 00       		.sleb128 0
 2011 0022 31       		.byte	0x31
 2012 0023 25       		.byte	0x25
 2013 0024 9F       		.byte	0x9f
 2014 0025 04       		.byte	0x4
 2015 0026 6E       		.uleb128 .LVL22-.LVL11
 2016 0027 AE01     		.uleb128 .LFE225-.LVL11
 2017 0029 01       		.uleb128 0x1
 2018 002a 51       		.byte	0x51
 2019 002b 00       		.byte	0
 2020              	.LVUS23:
 2021 002c 00       		.uleb128 0
 2022 002d 00       		.uleb128 .LVU245
 2023 002e 00       		.uleb128 .LVU245
 2024 002f 00       		.uleb128 0
 2025              	.LLST23:
 2026 0030 06       		.byte	0x6
 2027 0031 00000000 		.4byte	.LVL11
 2028 0035 04       		.byte	0x4
 2029 0036 00       		.uleb128 .LVL11-.LVL11
 2030 0037 1C       		.uleb128 .LVL16-.LVL11
 2031 0038 01       		.uleb128 0x1
 2032 0039 52       		.byte	0x52
 2033 003a 04       		.byte	0x4
 2034 003b 1C       		.uleb128 .LVL16-.LVL11
 2035 003c AE01     		.uleb128 .LFE225-.LVL11
 2036 003e 0A       		.uleb128 0xa
 2037 003f A3       		.byte	0xa3
 2038 0040 03       		.uleb128 0x3
 2039 0041 A5       		.byte	0xa5
 2040 0042 02       		.uleb128 0x2
 2041 0043 26       		.uleb128 0x26
 2042 0044 A8       		.byte	0xa8
 2043 0045 2D       		.uleb128 0x2d
 2044 0046 A8       		.byte	0xa8
 2045 0047 00       		.uleb128 0
 2046 0048 9F       		.byte	0x9f
 2047 0049 00       		.byte	0
 2048              	.LVUS24:
 2049 004a 00       		.uleb128 .LVU235
 2050 004b 00       		.uleb128 0
 2051              	.LLST24:
 2052 004c 08       		.byte	0x8
ARM GAS  /tmp/cci5AjOQ.s 			page 37


 2053 004d 0C000000 		.4byte	.LVL12
 2054 0051 A201     		.uleb128 .LFE225-.LVL12
 2055 0053 01       		.uleb128 0x1
 2056 0054 55       		.byte	0x55
 2057 0055 00       		.byte	0
 2058              	.LVUS25:
 2059 0056 00       		.uleb128 .LVU237
 2060 0057 00       		.uleb128 0
 2061              	.LLST25:
 2062 0058 08       		.byte	0x8
 2063 0059 10000000 		.4byte	.LVL13
 2064 005d 9E01     		.uleb128 .LFE225-.LVL13
 2065 005f 01       		.uleb128 0x1
 2066 0060 54       		.byte	0x54
 2067 0061 00       		.byte	0
 2068              	.LVUS26:
 2069 0062 00       		.uleb128 .LVU239
 2070 0063 00       		.uleb128 0
 2071              	.LLST26:
 2072 0064 08       		.byte	0x8
 2073 0065 14000000 		.4byte	.LVL14
 2074 0069 9A01     		.uleb128 .LFE225-.LVL14
 2075 006b 01       		.uleb128 0x1
 2076 006c 5E       		.byte	0x5e
 2077 006d 00       		.byte	0
 2078              	.LVUS27:
 2079 006e 01       		.uleb128 .LVU240
 2080 006f 00       		.uleb128 0
 2081              	.LLST27:
 2082 0070 08       		.byte	0x8
 2083 0071 14000000 		.4byte	.LVL14
 2084 0075 9A01     		.uleb128 .LFE225-.LVL14
 2085 0077 01       		.uleb128 0x1
 2086 0078 5C       		.byte	0x5c
 2087 0079 00       		.byte	0
 2088              	.LVUS28:
 2089 007a 00       		.uleb128 .LVU242
 2090 007b 00       		.uleb128 0
 2091              	.LLST28:
 2092 007c 08       		.byte	0x8
 2093 007d 18000000 		.4byte	.LVL15
 2094 0081 9601     		.uleb128 .LFE225-.LVL15
 2095 0083 01       		.uleb128 0x1
 2096 0084 56       		.byte	0x56
 2097 0085 00       		.byte	0
 2098              	.LVUS29:
 2099 0086 01       		.uleb128 .LVU243
 2100 0087 00       		.uleb128 .LVU247
 2101 0088 00       		.uleb128 .LVU247
 2102 0089 00       		.uleb128 0
 2103              	.LLST29:
 2104 008a 06       		.byte	0x6
 2105 008b 18000000 		.4byte	.LVL15
 2106 008f 04       		.byte	0x4
 2107 0090 00       		.uleb128 .LVL15-.LVL15
 2108 0091 0E       		.uleb128 .LVL17-.LVL15
 2109 0092 02       		.uleb128 0x2
ARM GAS  /tmp/cci5AjOQ.s 			page 38


 2110 0093 30       		.byte	0x30
 2111 0094 9F       		.byte	0x9f
 2112 0095 04       		.byte	0x4
 2113 0096 0E       		.uleb128 .LVL17-.LVL15
 2114 0097 9601     		.uleb128 .LFE225-.LVL15
 2115 0099 01       		.uleb128 0x1
 2116 009a 52       		.byte	0x52
 2117 009b 00       		.byte	0
 2118              	.LVUS31:
 2119 009c 00       		.uleb128 .LVU247
 2120 009d 00       		.uleb128 .LVU250
 2121 009e 00       		.uleb128 .LVU250
 2122 009f 00       		.uleb128 .LVU290
 2123 00a0 00       		.uleb128 .LVU290
 2124 00a1 01       		.uleb128 .LVU291
 2125 00a2 00       		.uleb128 .LVU300
 2126 00a3 00       		.uleb128 .LVU310
 2127 00a4 00       		.uleb128 .LVU310
 2128 00a5 00       		.uleb128 0
 2129              	.LLST31:
 2130 00a6 06       		.byte	0x6
 2131 00a7 26000000 		.4byte	.LVL17
 2132 00ab 04       		.byte	0x4
 2133 00ac 00       		.uleb128 .LVL17-.LVL17
 2134 00ad 0C       		.uleb128 .LVL18-.LVL17
 2135 00ae 01       		.uleb128 0x1
 2136 00af 53       		.byte	0x53
 2137 00b0 04       		.byte	0x4
 2138 00b1 0C       		.uleb128 .LVL18-.LVL17
 2139 00b2 58       		.uleb128 .LVL27-.LVL17
 2140 00b3 0A       		.uleb128 0xa
 2141 00b4 76       		.byte	0x76
 2142 00b5 00       		.sleb128 0
 2143 00b6 72       		.byte	0x72
 2144 00b7 00       		.sleb128 0
 2145 00b8 37       		.byte	0x37
 2146 00b9 1A       		.byte	0x1a
 2147 00ba 32       		.byte	0x32
 2148 00bb 24       		.byte	0x24
 2149 00bc 24       		.byte	0x24
 2150 00bd 9F       		.byte	0x9f
 2151 00be 04       		.byte	0x4
 2152 00bf 58       		.uleb128 .LVL27-.LVL17
 2153 00c0 58       		.uleb128 .LVL27-.LVL17
 2154 00c1 0A       		.uleb128 0xa
 2155 00c2 76       		.byte	0x76
 2156 00c3 00       		.sleb128 0
 2157 00c4 72       		.byte	0x72
 2158 00c5 7F       		.sleb128 -1
 2159 00c6 37       		.byte	0x37
 2160 00c7 1A       		.byte	0x1a
 2161 00c8 32       		.byte	0x32
 2162 00c9 24       		.byte	0x24
 2163 00ca 24       		.byte	0x24
 2164 00cb 9F       		.byte	0x9f
 2165 00cc 04       		.byte	0x4
 2166 00cd 6A       		.uleb128 .LVL28-.LVL17
ARM GAS  /tmp/cci5AjOQ.s 			page 39


 2167 00ce 8001     		.uleb128 .LVL29-.LVL17
 2168 00d0 01       		.uleb128 0x1
 2169 00d1 53       		.byte	0x53
 2170 00d2 04       		.byte	0x4
 2171 00d3 8001     		.uleb128 .LVL29-.LVL17
 2172 00d5 8801     		.uleb128 .LFE225-.LVL17
 2173 00d7 0A       		.uleb128 0xa
 2174 00d8 76       		.byte	0x76
 2175 00d9 00       		.sleb128 0
 2176 00da 72       		.byte	0x72
 2177 00db 00       		.sleb128 0
 2178 00dc 37       		.byte	0x37
 2179 00dd 1A       		.byte	0x1a
 2180 00de 32       		.byte	0x32
 2181 00df 24       		.byte	0x24
 2182 00e0 24       		.byte	0x24
 2183 00e1 9F       		.byte	0x9f
 2184 00e2 00       		.byte	0
 2185              	.LVUS32:
 2186 00e3 01       		.uleb128 .LVU252
 2187 00e4 00       		.uleb128 .LVU275
 2188              	.LLST32:
 2189 00e5 08       		.byte	0x8
 2190 00e6 34000000 		.4byte	.LVL19
 2191 00ea 38       		.uleb128 .LVL21-.LVL19
 2192 00eb 05       		.uleb128 0x5
 2193 00ec 31       		.byte	0x31
 2194 00ed 72       		.byte	0x72
 2195 00ee 00       		.sleb128 0
 2196 00ef 24       		.byte	0x24
 2197 00f0 9F       		.byte	0x9f
 2198 00f1 00       		.byte	0
 2199              	.LVUS33:
 2200 00f2 01       		.uleb128 .LVU259
 2201 00f3 00       		.uleb128 .LVU275
 2202              	.LLST33:
 2203 00f4 08       		.byte	0x8
 2204 00f5 42000000 		.4byte	.LVL20
 2205 00f9 2A       		.uleb128 .LVL21-.LVL20
 2206 00fa 07       		.uleb128 0x7
 2207 00fb 33       		.byte	0x33
 2208 00fc 72       		.byte	0x72
 2209 00fd 00       		.sleb128 0
 2210 00fe 31       		.byte	0x31
 2211 00ff 24       		.byte	0x24
 2212 0100 24       		.byte	0x24
 2213 0101 9F       		.byte	0x9f
 2214 0102 00       		.byte	0
 2215              	.LVUS34:
 2216 0103 00       		.uleb128 .LVU247
 2217 0104 00       		.uleb128 .LVU275
 2218 0105 01       		.uleb128 .LVU301
 2219 0106 00       		.uleb128 .LVU311
 2220              	.LLST34:
 2221 0107 06       		.byte	0x6
 2222 0108 26000000 		.4byte	.LVL17
 2223 010c 04       		.byte	0x4
ARM GAS  /tmp/cci5AjOQ.s 			page 40


 2224 010d 00       		.uleb128 .LVL17-.LVL17
 2225 010e 46       		.uleb128 .LVL21-.LVL17
 2226 010f 09       		.uleb128 0x9
 2227 0110 3F       		.byte	0x3f
 2228 0111 72       		.byte	0x72
 2229 0112 00       		.sleb128 0
 2230 0113 37       		.byte	0x37
 2231 0114 1A       		.byte	0x1a
 2232 0115 32       		.byte	0x32
 2233 0116 24       		.byte	0x24
 2234 0117 24       		.byte	0x24
 2235 0118 9F       		.byte	0x9f
 2236 0119 04       		.byte	0x4
 2237 011a 6A       		.uleb128 .LVL28-.LVL17
 2238 011b 8401     		.uleb128 .LVL30-.LVL17
 2239 011d 09       		.uleb128 0x9
 2240 011e 3F       		.byte	0x3f
 2241 011f 72       		.byte	0x72
 2242 0120 00       		.sleb128 0
 2243 0121 37       		.byte	0x37
 2244 0122 1A       		.byte	0x1a
 2245 0123 32       		.byte	0x32
 2246 0124 24       		.byte	0x24
 2247 0125 24       		.byte	0x24
 2248 0126 9F       		.byte	0x9f
 2249 0127 00       		.byte	0
 2250              	.LVUS0:
 2251 0128 01       		.uleb128 .LVU8
 2252 0129 00       		.uleb128 .LVU31
 2253              	.LLST0:
 2254 012a 08       		.byte	0x8
 2255 012b 12000000 		.4byte	.LVL1
 2256 012f 20       		.uleb128 .LVL2-.LVL1
 2257 0130 01       		.uleb128 0x1
 2258 0131 50       		.byte	0x50
 2259 0132 00       		.byte	0
 2260              	.LVUS1:
 2261 0133 01       		.uleb128 .LVU8
 2262 0134 00       		.uleb128 .LVU31
 2263              	.LLST1:
 2264 0135 08       		.byte	0x8
 2265 0136 12000000 		.4byte	.LVL1
 2266 013a 20       		.uleb128 .LVL2-.LVL1
 2267 013b 06       		.uleb128 0x6
 2268 013c 0C       		.byte	0xc
 2269 013d 00000240 		.4byte	0x40020000
 2270 0141 9F       		.byte	0x9f
 2271 0142 00       		.byte	0
 2272              	.LVUS3:
 2273 0143 02       		.uleb128 .LVU33
 2274 0144 00       		.uleb128 .LVU57
 2275              	.LLST3:
 2276 0145 08       		.byte	0x8
 2277 0146 32000000 		.4byte	.LVL2
 2278 014a 20       		.uleb128 .LVL3-.LVL2
 2279 014b 03       		.uleb128 0x3
 2280 014c 70       		.byte	0x70
ARM GAS  /tmp/cci5AjOQ.s 			page 41


 2281 014d 1C       		.sleb128 28
 2282 014e 9F       		.byte	0x9f
 2283 014f 00       		.byte	0
 2284              	.LVUS4:
 2285 0150 02       		.uleb128 .LVU33
 2286 0151 00       		.uleb128 .LVU57
 2287              	.LLST4:
 2288 0152 08       		.byte	0x8
 2289 0153 32000000 		.4byte	.LVL2
 2290 0157 20       		.uleb128 .LVL3-.LVL2
 2291 0158 06       		.uleb128 0x6
 2292 0159 0C       		.byte	0xc
 2293 015a 00040240 		.4byte	0x40020400
 2294 015e 9F       		.byte	0x9f
 2295 015f 00       		.byte	0
 2296              	.LVUS6:
 2297 0160 02       		.uleb128 .LVU59
 2298 0161 00       		.uleb128 .LVU81
 2299              	.LLST6:
 2300 0162 08       		.byte	0x8
 2301 0163 52000000 		.4byte	.LVL3
 2302 0167 1C       		.uleb128 .LVL4-.LVL3
 2303 0168 03       		.uleb128 0x3
 2304 0169 70       		.byte	0x70
 2305 016a 38       		.sleb128 56
 2306 016b 9F       		.byte	0x9f
 2307 016c 00       		.byte	0
 2308              	.LVUS7:
 2309 016d 02       		.uleb128 .LVU59
 2310 016e 00       		.uleb128 .LVU81
 2311              	.LLST7:
 2312 016f 08       		.byte	0x8
 2313 0170 52000000 		.4byte	.LVL3
 2314 0174 1C       		.uleb128 .LVL4-.LVL3
 2315 0175 06       		.uleb128 0x6
 2316 0176 0C       		.byte	0xc
 2317 0177 00080240 		.4byte	0x40020800
 2318 017b 9F       		.byte	0x9f
 2319 017c 00       		.byte	0
 2320              	.LVUS9:
 2321 017d 02       		.uleb128 .LVU83
 2322 017e 00       		.uleb128 .LVU107
 2323              	.LLST9:
 2324 017f 08       		.byte	0x8
 2325 0180 6E000000 		.4byte	.LVL4
 2326 0184 20       		.uleb128 .LVL5-.LVL4
 2327 0185 04       		.uleb128 0x4
 2328 0186 70       		.byte	0x70
 2329 0187 D400     		.sleb128 84
 2330 0189 9F       		.byte	0x9f
 2331 018a 00       		.byte	0
 2332              	.LVUS10:
 2333 018b 02       		.uleb128 .LVU83
 2334 018c 00       		.uleb128 .LVU107
 2335              	.LLST10:
 2336 018d 08       		.byte	0x8
 2337 018e 6E000000 		.4byte	.LVL4
ARM GAS  /tmp/cci5AjOQ.s 			page 42


 2338 0192 20       		.uleb128 .LVL5-.LVL4
 2339 0193 06       		.uleb128 0x6
 2340 0194 0C       		.byte	0xc
 2341 0195 000C0240 		.4byte	0x40020c00
 2342 0199 9F       		.byte	0x9f
 2343 019a 00       		.byte	0
 2344              	.LVUS12:
 2345 019b 02       		.uleb128 .LVU109
 2346 019c 00       		.uleb128 .LVU131
 2347              	.LLST12:
 2348 019d 08       		.byte	0x8
 2349 019e 8E000000 		.4byte	.LVL5
 2350 01a2 22       		.uleb128 .LVL6-.LVL5
 2351 01a3 04       		.uleb128 0x4
 2352 01a4 70       		.byte	0x70
 2353 01a5 F000     		.sleb128 112
 2354 01a7 9F       		.byte	0x9f
 2355 01a8 00       		.byte	0
 2356              	.LVUS13:
 2357 01a9 02       		.uleb128 .LVU109
 2358 01aa 00       		.uleb128 .LVU131
 2359              	.LLST13:
 2360 01ab 08       		.byte	0x8
 2361 01ac 8E000000 		.4byte	.LVL5
 2362 01b0 22       		.uleb128 .LVL6-.LVL5
 2363 01b1 06       		.uleb128 0x6
 2364 01b2 0C       		.byte	0xc
 2365 01b3 00100240 		.4byte	0x40021000
 2366 01b7 9F       		.byte	0x9f
 2367 01b8 00       		.byte	0
 2368              	.LVUS14:
 2369 01b9 02       		.uleb128 .LVU133
 2370 01ba 00       		.uleb128 .LVU155
 2371              	.LLST14:
 2372 01bb 08       		.byte	0x8
 2373 01bc B0000000 		.4byte	.LVL6
 2374 01c0 38       		.uleb128 .LVL7-.LVL6
 2375 01c1 04       		.uleb128 0x4
 2376 01c2 70       		.byte	0x70
 2377 01c3 8C01     		.sleb128 140
 2378 01c5 9F       		.byte	0x9f
 2379 01c6 00       		.byte	0
 2380              	.LVUS15:
 2381 01c7 02       		.uleb128 .LVU133
 2382 01c8 00       		.uleb128 .LVU155
 2383              	.LLST15:
 2384 01c9 08       		.byte	0x8
 2385 01ca B0000000 		.4byte	.LVL6
 2386 01ce 38       		.uleb128 .LVL7-.LVL6
 2387 01cf 06       		.uleb128 0x6
 2388 01d0 0C       		.byte	0xc
 2389 01d1 00140240 		.4byte	0x40021400
 2390 01d5 9F       		.byte	0x9f
 2391 01d6 00       		.byte	0
 2392              	.LVUS16:
 2393 01d7 02       		.uleb128 .LVU157
 2394 01d8 00       		.uleb128 .LVU180
ARM GAS  /tmp/cci5AjOQ.s 			page 43


 2395              	.LLST16:
 2396 01d9 08       		.byte	0x8
 2397 01da E8000000 		.4byte	.LVL7
 2398 01de 2E       		.uleb128 .LVL8-.LVL7
 2399 01df 04       		.uleb128 0x4
 2400 01e0 70       		.byte	0x70
 2401 01e1 A801     		.sleb128 168
 2402 01e3 9F       		.byte	0x9f
 2403 01e4 00       		.byte	0
 2404              	.LVUS17:
 2405 01e5 02       		.uleb128 .LVU157
 2406 01e6 00       		.uleb128 .LVU180
 2407              	.LLST17:
 2408 01e7 08       		.byte	0x8
 2409 01e8 E8000000 		.4byte	.LVL7
 2410 01ec 2E       		.uleb128 .LVL8-.LVL7
 2411 01ed 06       		.uleb128 0x6
 2412 01ee 0C       		.byte	0xc
 2413 01ef 00180240 		.4byte	0x40021800
 2414 01f3 9F       		.byte	0x9f
 2415 01f4 00       		.byte	0
 2416              	.LVUS18:
 2417 01f5 02       		.uleb128 .LVU182
 2418 01f6 00       		.uleb128 .LVU204
 2419              	.LLST18:
 2420 01f7 08       		.byte	0x8
 2421 01f8 16010000 		.4byte	.LVL8
 2422 01fc 38       		.uleb128 .LVL9-.LVL8
 2423 01fd 04       		.uleb128 0x4
 2424 01fe 70       		.byte	0x70
 2425 01ff C401     		.sleb128 196
 2426 0201 9F       		.byte	0x9f
 2427 0202 00       		.byte	0
 2428              	.LVUS19:
 2429 0203 02       		.uleb128 .LVU182
 2430 0204 00       		.uleb128 .LVU204
 2431              	.LLST19:
 2432 0205 08       		.byte	0x8
 2433 0206 16010000 		.4byte	.LVL8
 2434 020a 38       		.uleb128 .LVL9-.LVL8
 2435 020b 06       		.uleb128 0x6
 2436 020c 0C       		.byte	0xc
 2437 020d 001C0240 		.4byte	0x40021c00
 2438 0211 9F       		.byte	0x9f
 2439 0212 00       		.byte	0
 2440              	.LVUS20:
 2441 0213 02       		.uleb128 .LVU206
 2442 0214 00       		.uleb128 .LVU228
 2443              	.LLST20:
 2444 0215 08       		.byte	0x8
 2445 0216 4E010000 		.4byte	.LVL9
 2446 021a 38       		.uleb128 .LVL10-.LVL9
 2447 021b 04       		.uleb128 0x4
 2448 021c 70       		.byte	0x70
 2449 021d E001     		.sleb128 224
 2450 021f 9F       		.byte	0x9f
 2451 0220 00       		.byte	0
ARM GAS  /tmp/cci5AjOQ.s 			page 44


 2452              	.LVUS21:
 2453 0221 02       		.uleb128 .LVU206
 2454 0222 00       		.uleb128 .LVU228
 2455              	.LLST21:
 2456 0223 08       		.byte	0x8
 2457 0224 4E010000 		.4byte	.LVL9
 2458 0228 38       		.uleb128 .LVL10-.LVL9
 2459 0229 06       		.uleb128 0x6
 2460 022a 0C       		.byte	0xc
 2461 022b 00200240 		.4byte	0x40022000
 2462 022f 9F       		.byte	0x9f
 2463 0230 00       		.byte	0
 2464              	.Ldebug_loc3:
 2465              		.section	.debug_aranges,"",%progbits
 2466 0000 24000000 		.4byte	0x24
 2467 0004 0200     		.2byte	0x2
 2468 0006 00000000 		.4byte	.Ldebug_info0
 2469 000a 04       		.byte	0x4
 2470 000b 00       		.byte	0
 2471 000c 0000     		.2byte	0
 2472 000e 0000     		.2byte	0
 2473 0010 00000000 		.4byte	.LFB224
 2474 0014 9C010000 		.4byte	.LFE224-.LFB224
 2475 0018 00000000 		.4byte	.LFB225
 2476 001c AE000000 		.4byte	.LFE225-.LFB225
 2477 0020 00000000 		.4byte	0
 2478 0024 00000000 		.4byte	0
 2479              		.section	.debug_rnglists,"",%progbits
 2480              	.Ldebug_ranges0:
 2481 0000 5D000000 		.4byte	.Ldebug_ranges3-.Ldebug_ranges2
 2482              	.Ldebug_ranges2:
 2483 0004 0500     		.2byte	0x5
 2484 0006 04       		.byte	0x4
 2485 0007 00       		.byte	0
 2486 0008 00000000 		.4byte	0
 2487              	.LLRL2:
 2488 000c 05       		.byte	0x5
 2489 000d 32000000 		.4byte	.LBB22
 2490 0011 04       		.byte	0x4
 2491 0012 00       		.uleb128 .LBB22-.LBB22
 2492 0013 1C       		.uleb128 .LBE22-.LBB22
 2493 0014 04       		.byte	0x4
 2494 0015 1E       		.uleb128 .LBB28-.LBB22
 2495 0016 20       		.uleb128 .LBE28-.LBB22
 2496 0017 00       		.byte	0
 2497              	.LLRL5:
 2498 0018 05       		.byte	0x5
 2499 0019 4E000000 		.4byte	.LBB25
 2500 001d 04       		.byte	0x4
 2501 001e 00       		.uleb128 .LBB25-.LBB25
 2502 001f 02       		.uleb128 .LBE25-.LBB25
 2503 0020 04       		.byte	0x4
 2504 0021 04       		.uleb128 .LBB29-.LBB25
 2505 0022 20       		.uleb128 .LBE29-.LBB25
 2506 0023 00       		.byte	0
 2507              	.LLRL8:
 2508 0024 05       		.byte	0x5
ARM GAS  /tmp/cci5AjOQ.s 			page 45


 2509 0025 6E000000 		.4byte	.LBB30
 2510 0029 04       		.byte	0x4
 2511 002a 00       		.uleb128 .LBB30-.LBB30
 2512 002b 1C       		.uleb128 .LBE30-.LBB30
 2513 002c 04       		.byte	0x4
 2514 002d 1E       		.uleb128 .LBB36-.LBB30
 2515 002e 20       		.uleb128 .LBE36-.LBB30
 2516 002f 00       		.byte	0
 2517              	.LLRL11:
 2518 0030 05       		.byte	0x5
 2519 0031 8A000000 		.4byte	.LBB33
 2520 0035 04       		.byte	0x4
 2521 0036 00       		.uleb128 .LBB33-.LBB33
 2522 0037 02       		.uleb128 .LBE33-.LBB33
 2523 0038 04       		.byte	0x4
 2524 0039 04       		.uleb128 .LBB37-.LBB33
 2525 003a 26       		.uleb128 .LBE37-.LBB33
 2526 003b 00       		.byte	0
 2527              	.LLRL30:
 2528 003c 05       		.byte	0x5
 2529 003d 18000000 		.4byte	.LBB46
 2530 0041 04       		.byte	0x4
 2531 0042 00       		.uleb128 .LBB46-.LBB46
 2532 0043 02       		.uleb128 .LBE46-.LBB46
 2533 0044 04       		.byte	0x4
 2534 0045 04       		.uleb128 .LBB47-.LBB46
 2535 0046 54       		.uleb128 .LBE47-.LBB46
 2536 0047 04       		.byte	0x4
 2537 0048 66       		.uleb128 .LBB48-.LBB46
 2538 0049 70       		.uleb128 .LBE48-.LBB46
 2539 004a 04       		.byte	0x4
 2540 004b 74       		.uleb128 .LBB49-.LBB46
 2541 004c 7C       		.uleb128 .LBE49-.LBB46
 2542 004d 04       		.byte	0x4
 2543 004e 7E       		.uleb128 .LBB50-.LBB46
 2544 004f 9201     		.uleb128 .LBE50-.LBB46
 2545 0051 00       		.byte	0
 2546              	.LLRL35:
 2547 0052 07       		.byte	0x7
 2548 0053 00000000 		.4byte	.LFB224
 2549 0057 9C03     		.uleb128 .LFE224-.LFB224
 2550 0059 07       		.byte	0x7
 2551 005a 00000000 		.4byte	.LFB225
 2552 005e AE01     		.uleb128 .LFE225-.LFB225
 2553 0060 00       		.byte	0
 2554              	.Ldebug_ranges3:
 2555              		.section	.debug_line,"",%progbits
 2556              	.Ldebug_line0:
 2557 0000 E8050000 		.section	.debug_str,"MS",%progbits,1
 2557      03006F01 
 2557      00000201 
 2557      FB0E0D00 
 2557      01010101 
 2558              	.LASF29:
 2559 0000 41484231 		.ascii	"AHB1LPENR\000"
 2559      4C50454E 
 2559      5200
ARM GAS  /tmp/cci5AjOQ.s 			page 46


 2560              	.LASF62:
 2561 000a 50434461 		.ascii	"PCData\000"
 2561      746100
 2562              	.LASF77:
 2563 0011 5F70616C 		.ascii	"_pal_lld_setgroupmode\000"
 2563      5F6C6C64 
 2563      5F736574 
 2563      67726F75 
 2563      706D6F64 
 2564              	.LASF19:
 2565 0027 41504231 		.ascii	"APB1RSTR\000"
 2565      52535452 
 2565      00
 2566              	.LASF23:
 2567 0030 41484232 		.ascii	"AHB2ENR\000"
 2567      454E5200 
 2568              	.LASF59:
 2569 0038 73746D33 		.ascii	"stm32_gpio_setup_t\000"
 2569      325F6770 
 2569      696F5F73 
 2569      65747570 
 2569      5F7400
 2570              	.LASF69:
 2571 004b 50414C43 		.ascii	"PALConfig\000"
 2571      6F6E6669 
 2571      6700
 2572              	.LASF85:
 2573 0055 696E6974 		.ascii	"initgpio\000"
 2573      6770696F 
 2573      00
 2574              	.LASF4:
 2575 005e 73686F72 		.ascii	"short int\000"
 2575      7420696E 
 2575      7400
 2576              	.LASF52:
 2577 0068 73746D33 		.ascii	"stm32_gpio_t\000"
 2577      325F6770 
 2577      696F5F74 
 2577      00
 2578              	.LASF81:
 2579 0075 6770696F 		.ascii	"gpiop\000"
 2579      7000
 2580              	.LASF36:
 2581 007b 42444352 		.ascii	"BDCR\000"
 2581      00
 2582              	.LASF65:
 2583 0080 50464461 		.ascii	"PFData\000"
 2583      746100
 2584              	.LASF68:
 2585 0087 50494461 		.ascii	"PIData\000"
 2585      746100
 2586              	.LASF39:
 2587 008e 504C4C49 		.ascii	"PLLI2SCFGR\000"
 2587      32534346 
 2587      475200
 2588              	.LASF8:
 2589 0099 5F5F7569 		.ascii	"__uint32_t\000"
ARM GAS  /tmp/cci5AjOQ.s 			page 47


 2589      6E743332 
 2589      5F7400
 2590              	.LASF78:
 2591 00a4 5F70616C 		.ascii	"_pal_lld_init\000"
 2591      5F6C6C64 
 2591      5F696E69 
 2591      7400
 2592              	.LASF7:
 2593 00b2 5F5F7569 		.ascii	"__uint16_t\000"
 2593      6E743136 
 2593      5F7400
 2594              	.LASF38:
 2595 00bd 53534347 		.ascii	"SSCGR\000"
 2595      5200
 2596              	.LASF61:
 2597 00c3 50424461 		.ascii	"PBData\000"
 2597      746100
 2598              	.LASF31:
 2599 00ca 41484233 		.ascii	"AHB3LPENR\000"
 2599      4C50454E 
 2599      5200
 2600              	.LASF80:
 2601 00d4 636F6E66 		.ascii	"config\000"
 2601      696700
 2602              	.LASF71:
 2603 00db 696F6D6F 		.ascii	"iomode_t\000"
 2603      64655F74 
 2603      00
 2604              	.LASF83:
 2605 00e4 2E2E2F52 		.ascii	"../RC_Controller/ChibiOS_3.0.5/os/hal/ports/STM32/L"
 2605      435F436F 
 2605      6E74726F 
 2605      6C6C6572 
 2605      2F436869 
 2606 0117 4C442F47 		.ascii	"LD/GPIOv2/pal_lld.c\000"
 2606      50494F76 
 2606      322F7061 
 2606      6C5F6C6C 
 2606      642E6300 
 2607              	.LASF26:
 2608 012b 41504231 		.ascii	"APB1ENR\000"
 2608      454E5200 
 2609              	.LASF70:
 2610 0133 696F706F 		.ascii	"ioportmask_t\000"
 2610      72746D61 
 2610      736B5F74 
 2610      00
 2611              	.LASF45:
 2612 0140 4F545950 		.ascii	"OTYPER\000"
 2612      455200
 2613              	.LASF2:
 2614 0147 7369676E 		.ascii	"signed char\000"
 2614      65642063 
 2614      68617200 
 2615              	.LASF24:
 2616 0153 41484233 		.ascii	"AHB3ENR\000"
 2616      454E5200 
ARM GAS  /tmp/cci5AjOQ.s 			page 48


 2617              	.LASF46:
 2618 015b 4F535045 		.ascii	"OSPEEDR\000"
 2618      45445200 
 2619              	.LASF10:
 2620 0163 6C6F6E67 		.ascii	"long long int\000"
 2620      206C6F6E 
 2620      6720696E 
 2620      7400
 2621              	.LASF47:
 2622 0171 50555044 		.ascii	"PUPDR\000"
 2622      5200
 2623              	.LASF55:
 2624 0177 6F737065 		.ascii	"ospeedr\000"
 2624      65647200 
 2625              	.LASF6:
 2626 017f 6C6F6E67 		.ascii	"long int\000"
 2626      20696E74 
 2626      00
 2627              	.LASF63:
 2628 0188 50444461 		.ascii	"PDData\000"
 2628      746100
 2629              	.LASF40:
 2630 018f 5243435F 		.ascii	"RCC_TypeDef\000"
 2630      54797065 
 2630      44656600 
 2631              	.LASF44:
 2632 019b 4D4F4445 		.ascii	"MODER\000"
 2632      5200
 2633              	.LASF20:
 2634 01a1 41504232 		.ascii	"APB2RSTR\000"
 2634      52535452 
 2634      00
 2635              	.LASF43:
 2636 01aa 636C6561 		.ascii	"clear\000"
 2636      7200
 2637              	.LASF84:
 2638 01b0 2F686F6D 		.ascii	"/home/gunnar/code/rise_sdvp/Embedded/RTCM_Forwarder"
 2638      652F6775 
 2638      6E6E6172 
 2638      2F636F64 
 2638      652F7269 
 2639 01e3 5F50726F 		.ascii	"_Project\000"
 2639      6A656374 
 2639      00
 2640              	.LASF60:
 2641 01ec 50414461 		.ascii	"PAData\000"
 2641      746100
 2642              	.LASF72:
 2643 01f3 696F706F 		.ascii	"ioportid_t\000"
 2643      72746964 
 2643      5F7400
 2644              	.LASF3:
 2645 01fe 756E7369 		.ascii	"unsigned char\000"
 2645      676E6564 
 2645      20636861 
 2645      7200
 2646              	.LASF82:
ARM GAS  /tmp/cci5AjOQ.s 			page 49


 2647 020c 474E5520 		.ascii	"GNU C99 13.2.1 20231009 -mcpu=cortex-m4 -mfpu=fpv4-"
 2647      43393920 
 2647      31332E32 
 2647      2E312032 
 2647      30323331 
 2648 023f 73702D64 		.ascii	"sp-d16 -mfloat-abi=hard -mfloat-abi=hard -mfpu=fpv4"
 2648      3136202D 
 2648      6D666C6F 
 2648      61742D61 
 2648      62693D68 
 2649 0272 2D73702D 		.ascii	"-sp-d16 -mno-thumb-interwork -mthumb -march=armv7e-"
 2649      64313620 
 2649      2D6D6E6F 
 2649      2D746875 
 2649      6D622D69 
 2650 02a5 6D2B6670 		.ascii	"m+fp -ggdb -O2 -std=gnu99 -fomit-frame-pointer -fal"
 2650      202D6767 
 2650      6462202D 
 2650      4F32202D 
 2650      7374643D 
 2651 02d8 69676E2D 		.ascii	"ign-functions=16 -ffunction-sections -fdata-section"
 2651      66756E63 
 2651      74696F6E 
 2651      733D3136 
 2651      202D6666 
 2652 030b 73202D66 		.ascii	"s -fno-common -fsingle-precision-constant\000"
 2652      6E6F2D63 
 2652      6F6D6D6F 
 2652      6E202D66 
 2652      73696E67 
 2653              	.LASF27:
 2654 0335 41504232 		.ascii	"APB2ENR\000"
 2654      454E5200 
 2655              	.LASF0:
 2656 033d 6C6F6E67 		.ascii	"long long unsigned int\000"
 2656      206C6F6E 
 2656      6720756E 
 2656      7369676E 
 2656      65642069 
 2657              	.LASF12:
 2658 0354 75696E74 		.ascii	"uint32_t\000"
 2658      33325F74 
 2658      00
 2659              	.LASF54:
 2660 035d 6F747970 		.ascii	"otyper\000"
 2660      657200
 2661              	.LASF16:
 2662 0364 41484232 		.ascii	"AHB2RSTR\000"
 2662      52535452 
 2662      00
 2663              	.LASF11:
 2664 036d 75696E74 		.ascii	"uint16_t\000"
 2664      31365F74 
 2664      00
 2665              	.LASF9:
 2666 0376 6C6F6E67 		.ascii	"long unsigned int\000"
 2666      20756E73 
ARM GAS  /tmp/cci5AjOQ.s 			page 50


 2666      69676E65 
 2666      6420696E 
 2666      7400
 2667              	.LASF51:
 2668 0388 41465248 		.ascii	"AFRH\000"
 2668      00
 2669              	.LASF13:
 2670 038d 504C4C43 		.ascii	"PLLCFGR\000"
 2670      46475200 
 2671              	.LASF50:
 2672 0395 4146524C 		.ascii	"AFRL\000"
 2672      00
 2673              	.LASF5:
 2674 039a 73686F72 		.ascii	"short unsigned int\000"
 2674      7420756E 
 2674      7369676E 
 2674      65642069 
 2674      6E7400
 2675              	.LASF33:
 2676 03ad 41504231 		.ascii	"APB1LPENR\000"
 2676      4C50454E 
 2676      5200
 2677              	.LASF41:
 2678 03b7 63686172 		.ascii	"char\000"
 2678      00
 2679              	.LASF66:
 2680 03bc 50474461 		.ascii	"PGData\000"
 2680      746100
 2681              	.LASF42:
 2682 03c3 5F426F6F 		.ascii	"_Bool\000"
 2682      6C00
 2683              	.LASF74:
 2684 03c9 6D6F6465 		.ascii	"mode\000"
 2684      00
 2685              	.LASF30:
 2686 03ce 41484232 		.ascii	"AHB2LPENR\000"
 2686      4C50454E 
 2686      5200
 2687              	.LASF79:
 2688 03d8 706F7274 		.ascii	"port\000"
 2688      00
 2689              	.LASF64:
 2690 03dd 50454461 		.ascii	"PEData\000"
 2690      746100
 2691              	.LASF18:
 2692 03e4 52455345 		.ascii	"RESERVED0\000"
 2692      52564544 
 2692      3000
 2693              	.LASF21:
 2694 03ee 52455345 		.ascii	"RESERVED1\000"
 2694      52564544 
 2694      3100
 2695              	.LASF25:
 2696 03f8 52455345 		.ascii	"RESERVED2\000"
 2696      52564544 
 2696      3200
 2697              	.LASF28:
ARM GAS  /tmp/cci5AjOQ.s 			page 51


 2698 0402 52455345 		.ascii	"RESERVED3\000"
 2698      52564544 
 2698      3300
 2699              	.LASF32:
 2700 040c 52455345 		.ascii	"RESERVED4\000"
 2700      52564544 
 2700      3400
 2701              	.LASF35:
 2702 0416 52455345 		.ascii	"RESERVED5\000"
 2702      52564544 
 2702      3500
 2703              	.LASF37:
 2704 0420 52455345 		.ascii	"RESERVED6\000"
 2704      52564544 
 2704      3600
 2705              	.LASF67:
 2706 042a 50484461 		.ascii	"PHData\000"
 2706      746100
 2707              	.LASF22:
 2708 0431 41484231 		.ascii	"AHB1ENR\000"
 2708      454E5200 
 2709              	.LASF73:
 2710 0439 6D61736B 		.ascii	"mask\000"
 2710      00
 2711              	.LASF56:
 2712 043e 70757064 		.ascii	"pupdr\000"
 2712      7200
 2713              	.LASF58:
 2714 0444 61667268 		.ascii	"afrh\000"
 2714      00
 2715              	.LASF57:
 2716 0449 6166726C 		.ascii	"afrl\000"
 2716      00
 2717              	.LASF53:
 2718 044e 6D6F6465 		.ascii	"moder\000"
 2718      7200
 2719              	.LASF15:
 2720 0454 41484231 		.ascii	"AHB1RSTR\000"
 2720      52535452 
 2720      00
 2721              	.LASF17:
 2722 045d 41484233 		.ascii	"AHB3RSTR\000"
 2722      52535452 
 2722      00
 2723              	.LASF75:
 2724 0466 616C7472 		.ascii	"altr\000"
 2724      00
 2725              	.LASF76:
 2726 046b 616C7472 		.ascii	"altrmask\000"
 2726      6D61736B 
 2726      00
 2727              	.LASF1:
 2728 0474 756E7369 		.ascii	"unsigned int\000"
 2728      676E6564 
 2728      20696E74 
 2728      00
 2729              	.LASF14:
ARM GAS  /tmp/cci5AjOQ.s 			page 52


 2730 0481 43464752 		.ascii	"CFGR\000"
 2730      00
 2731              	.LASF49:
 2732 0486 4C434B52 		.ascii	"LCKR\000"
 2732      00
 2733              	.LASF34:
 2734 048b 41504232 		.ascii	"APB2LPENR\000"
 2734      4C50454E 
 2734      5200
 2735              	.LASF48:
 2736 0495 42535252 		.ascii	"BSRR\000"
 2736      00
 2737              		.ident	"GCC: (Arm GNU Toolchain 13.2.rel1 (Build arm-13.7)) 13.2.1 20231009"
ARM GAS  /tmp/cci5AjOQ.s 			page 53


DEFINED SYMBOLS
                            *ABS*:00000000 pal_lld.c
     /tmp/cci5AjOQ.s:21     .text._pal_lld_init:00000000 $t
     /tmp/cci5AjOQ.s:28     .text._pal_lld_init:00000000 _pal_lld_init
     /tmp/cci5AjOQ.s:480    .text._pal_lld_init:00000188 $d
     /tmp/cci5AjOQ.s:489    .text._pal_lld_setgroupmode:00000000 $t
     /tmp/cci5AjOQ.s:496    .text._pal_lld_setgroupmode:00000000 _pal_lld_setgroupmode

NO UNDEFINED SYMBOLS
