ARM GAS  /tmp/ccNufGNo.s 			page 1


   1              		.cpu cortex-m4
   2              		.arch armv7e-m
   3              		.fpu fpv4-sp-d16
   4              		.eabi_attribute 27, 1
   5              		.eabi_attribute 28, 1
   6              		.eabi_attribute 20, 1
   7              		.eabi_attribute 21, 1
   8              		.eabi_attribute 23, 3
   9              		.eabi_attribute 24, 1
  10              		.eabi_attribute 25, 1
  11              		.eabi_attribute 26, 1
  12              		.eabi_attribute 30, 2
  13              		.eabi_attribute 34, 1
  14              		.eabi_attribute 18, 4
  15              		.file	"serial_usb.c"
  16              		.text
  17              	.Ltext0:
  18              		.cfi_sections	.debug_frame
  19              		.file 1 "../RC_Controller/ChibiOS_3.0.5/os/hal/src/serial_usb.c"
  20              		.section	.text.inotify,"ax",%progbits
  21              		.align	1
  22              		.p2align 4,,15
  23              		.syntax unified
  24              		.thumb
  25              		.thumb_func
  26              		.type	inotify, %function
  27              	inotify:
  28              	.LVL0:
  29              	.LFB231:
  30              		.loc 1 109 37 view -0
  31              		.cfi_startproc
  32              		@ args = 0, pretend = 0, frame = 0
  33              		@ frame_needed = 0, uses_anonymous_args = 0
  34              		.loc 1 110 3 view .LVU1
  35              		.loc 1 111 3 view .LVU2
  36              		.loc 1 109 37 is_stmt 0 view .LVU3
  37 0000 70B5     		push	{r4, r5, r6, lr}
  38              		.cfi_def_cfa_offset 16
  39              		.cfi_offset 4, -16
  40              		.cfi_offset 5, -12
  41              		.cfi_offset 6, -8
  42              		.cfi_offset 14, -4
  43              		.loc 1 111 20 view .LVU4
  44 0002 046A     		ldr	r4, [r0, #32]
  45              	.LVL1:
  46              		.loc 1 115 3 is_stmt 1 view .LVU5
  47              		.loc 1 115 8 is_stmt 0 view .LVU6
  48 0004 D4F85422 		ldr	r2, [r4, #596]
  49 0008 1368     		ldr	r3, [r2]
  50              		.loc 1 115 6 view .LVU7
  51 000a 1978     		ldrb	r1, [r3]	@ zero_extendqisi2
  52 000c 0429     		cmp	r1, #4
  53 000e 02D1     		bne	.L1
  54              		.loc 1 115 62 discriminator 1 view .LVU8
  55 0010 217A     		ldrb	r1, [r4, #8]	@ zero_extendqisi2
  56 0012 0229     		cmp	r1, #2
  57 0014 00D0     		beq	.L6
ARM GAS  /tmp/ccNufGNo.s 			page 2


  58              	.LVL2:
  59              	.L1:
  60              		.loc 1 137 1 view .LVU9
  61 0016 70BD     		pop	{r4, r5, r6, pc}
  62              	.LVL3:
  63              	.L6:
  64              		.loc 1 123 3 is_stmt 1 view .LVU10
  65              		.loc 1 123 49 is_stmt 0 view .LVU11
  66 0018 5179     		ldrb	r1, [r2, #5]	@ zero_extendqisi2
  67              	.LVL4:
  68              		.loc 1 124 3 is_stmt 1 view .LVU12
  69              		.loc 1 124 7 is_stmt 0 view .LVU13
  70 001a 5889     		ldrh	r0, [r3, #10]
  71              	.LVL5:
  72              		.loc 1 124 8 view .LVU14
  73 001c 0122     		movs	r2, #1
  74 001e 8A40     		lsls	r2, r2, r1
  75              		.loc 1 124 6 view .LVU15
  76 0020 0242     		tst	r2, r0
  77 0022 F8D1     		bne	.L1
  78              		.loc 1 123 36 view .LVU16
  79 0024 03EB8103 		add	r3, r3, r1, lsl #2
  80              	.LVL6:
  81              		.loc 1 125 14 view .LVU17
  82 0028 E569     		ldr	r5, [r4, #28]
  83              		.loc 1 123 60 view .LVU18
  84 002a DA68     		ldr	r2, [r3, #12]
  85              		.loc 1 125 14 view .LVU19
  86 002c A169     		ldr	r1, [r4, #24]
  87              	.LVL7:
  88              		.loc 1 125 14 view .LVU20
  89 002e 6369     		ldr	r3, [r4, #20]
  90              		.loc 1 123 11 view .LVU21
  91 0030 568A     		ldrh	r6, [r2, #18]
  92              		.loc 1 125 5 is_stmt 1 view .LVU22
  93              		.loc 1 125 14 is_stmt 0 view .LVU23
  94 0032 6D1A     		subs	r5, r5, r1
  95              		.loc 1 125 12 view .LVU24
  96 0034 ED1A     		subs	r5, r5, r3
  97              	.LVL8:
  98              		.loc 1 125 8 view .LVU25
  99 0036 AE42     		cmp	r6, r5
 100 0038 EDD8     		bhi	.L1
 101              		.loc 1 126 7 is_stmt 1 view .LVU26
 102              	.LBB190:
 103              	.LBI190:
 104              		.file 2 "../RC_Controller/ChibiOS_3.0.5/os/hal/osal/rt/osal.h"
 105              		.loc 2 502 20 view .LVU27
 106              		.loc 2 504 3 view .LVU28
 107              	.LBB191:
 108              	.LBI191:
 109              		.file 3 "../RC_Controller/ChibiOS_3.0.5/os/rt/include/chsys.h"
 110              		.loc 3 358 20 view .LVU29
 111              	.LBB192:
 112              		.loc 3 360 3 view .LVU30
 113 003a FFF7FEFF 		bl	_dbg_check_unlock
 114              	.LVL9:
ARM GAS  /tmp/ccNufGNo.s 			page 3


 115              		.loc 3 361 33 view .LVU31
 116              		.loc 3 367 3 view .LVU32
 117              		.loc 3 367 3 view .LVU33
 118              		.loc 3 367 3 discriminator 1 view .LVU34
 119 003e 144B     		ldr	r3, .L8
 120 0040 1A68     		ldr	r2, [r3]
 121 0042 9A42     		cmp	r2, r3
 122 0044 04D0     		beq	.L3
 123              		.loc 3 367 3 is_stmt 0 discriminator 3 view .LVU35
 124 0046 9969     		ldr	r1, [r3, #24]
 125 0048 9368     		ldr	r3, [r2, #8]
 126 004a 8A68     		ldr	r2, [r1, #8]
 127 004c 9A42     		cmp	r2, r3
 128 004e 1BD3     		bcc	.L7
 129              	.L3:
 130              		.loc 3 367 3 is_stmt 1 discriminator 7 view .LVU36
 131              		.loc 3 371 3 view .LVU37
 132              	.LBB193:
 133              	.LBI193:
 134              		.file 4 "../RC_Controller/ChibiOS_3.0.5/os/rt/ports/ARMCMx/chcore_v7m.h"
 135              		.loc 4 458 20 view .LVU38
 136              		.loc 4 461 3 view .LVU39
 137              	.LVL10:
 138              	.LBB194:
 139              	.LBI194:
 140              		.file 5 "../RC_Controller/ChibiOS_3.0.5/os/ext/CMSIS/include/core_cmFunc.h"
 141              		.loc 5 544 57 view .LVU40
 142              	.LBB195:
 143              		.loc 5 546 3 view .LVU41
 144 0050 0023     		movs	r3, #0
 145              		.syntax unified
 146              	@ 546 "../RC_Controller/ChibiOS_3.0.5/os/ext/CMSIS/include/core_cmFunc.h" 1
 147 0052 83F31188 		MSR basepri, r3
 148              	@ 0 "" 2
 149              	.LVL11:
 150              		.loc 5 546 3 is_stmt 0 view .LVU42
 151              		.thumb
 152              		.syntax unified
 153              	.LBE195:
 154              	.LBE194:
 155              	.LBE193:
 156              	.LBE192:
 157              	.LBE191:
 158              	.LBE190:
 159              		.loc 1 128 7 is_stmt 1 view .LVU43
 160              		.loc 1 129 35 is_stmt 0 view .LVU44
 161 0056 D4F85402 		ldr	r0, [r4, #596]
 162              		.loc 1 128 14 view .LVU45
 163 005a B5FBF6F5 		udiv	r5, r5, r6
 164              	.LVL12:
 165              		.loc 1 129 7 is_stmt 1 view .LVU46
 166 005e 4179     		ldrb	r1, [r0, #5]	@ zero_extendqisi2
 167 0060 0068     		ldr	r0, [r0]
 168 0062 06FB05F3 		mul	r3, r6, r5
 169              	.LVL13:
 170              		.loc 1 129 7 is_stmt 0 view .LVU47
 171 0066 04F10C02 		add	r2, r4, #12
ARM GAS  /tmp/ccNufGNo.s 			page 4


 172 006a FFF7FEFF 		bl	usbPrepareQueuedReceive
 173              	.LVL14:
 174              		.loc 1 133 7 is_stmt 1 view .LVU48
 175              	.LBB198:
 176              	.LBI198:
 177              		.loc 2 491 20 view .LVU49
 178              		.loc 2 493 3 view .LVU50
 179              	.LBB199:
 180              	.LBI199:
 181              		.loc 3 346 20 view .LVU51
 182              	.LBB200:
 183              		.loc 3 348 3 view .LVU52
 184              	.LBB201:
 185              	.LBI201:
 186              		.loc 4 444 20 view .LVU53
 187              		.loc 4 447 3 view .LVU54
 188              	.LBB202:
 189              	.LBI202:
 190              		.loc 5 544 57 view .LVU55
 191              	.LBB203:
 192              		.loc 5 546 3 view .LVU56
 193 006e 2023     		movs	r3, #32
 194              		.syntax unified
 195              	@ 546 "../RC_Controller/ChibiOS_3.0.5/os/ext/CMSIS/include/core_cmFunc.h" 1
 196 0070 83F31188 		MSR basepri, r3
 197              	@ 0 "" 2
 198              	.LVL15:
 199              		.loc 5 546 3 is_stmt 0 view .LVU57
 200              		.thumb
 201              		.syntax unified
 202              	.LBE203:
 203              	.LBE202:
 204              	.LBE201:
 205              		.loc 3 349 34 is_stmt 1 view .LVU58
 206              		.loc 3 350 3 view .LVU59
 207 0074 FFF7FEFF 		bl	_dbg_check_lock
 208              	.LVL16:
 209              	.LBE200:
 210              	.LBE199:
 211              	.LBE198:
 212              		.loc 1 134 7 view .LVU60
 213              		.loc 1 134 35 is_stmt 0 view .LVU61
 214 0078 D4F85432 		ldr	r3, [r4, #596]
 215              		.loc 1 137 1 view .LVU62
 216 007c BDE87040 		pop	{r4, r5, r6, lr}
 217              		.cfi_remember_state
 218              		.cfi_restore 14
 219              		.cfi_restore 6
 220              		.cfi_restore 5
 221              		.cfi_restore 4
 222              		.cfi_def_cfa_offset 0
 223              	.LVL17:
 224              		.loc 1 134 14 view .LVU63
 225 0080 5979     		ldrb	r1, [r3, #5]	@ zero_extendqisi2
 226 0082 1868     		ldr	r0, [r3]
 227 0084 FFF7FEBF 		b	usbStartReceiveI
 228              	.LVL18:
ARM GAS  /tmp/ccNufGNo.s 			page 5


 229              	.L7:
 230              		.cfi_restore_state
 231              	.LBB204:
 232              	.LBB197:
 233              	.LBB196:
 234              		.loc 3 367 3 is_stmt 1 discriminator 5 view .LVU64
 235 0088 0248     		ldr	r0, .L8+4
 236 008a FFF7FEFF 		bl	chSysHalt
 237              	.LVL19:
 238 008e DFE7     		b	.L3
 239              	.L9:
 240              		.align	2
 241              	.L8:
 242 0090 00000000 		.word	ch
 243 0094 00000000 		.word	__func__.2
 244              	.LBE196:
 245              	.LBE197:
 246              	.LBE204:
 247              		.cfi_endproc
 248              	.LFE231:
 249              		.size	inotify, .-inotify
 250              		.section	.text.readt,"ax",%progbits
 251              		.align	1
 252              		.p2align 4,,15
 253              		.syntax unified
 254              		.thumb
 255              		.thumb_func
 256              		.type	readt, %function
 257              	readt:
 258              	.LVL20:
 259              	.LFB230:
 260              		.loc 1 94 73 view -0
 261              		.cfi_startproc
 262              		@ args = 0, pretend = 0, frame = 0
 263              		@ frame_needed = 0, uses_anonymous_args = 0
 264              		@ link register save eliminated.
 265              		.loc 1 96 3 view .LVU66
 266              		.loc 1 96 10 is_stmt 0 view .LVU67
 267 0000 0C30     		adds	r0, r0, #12
 268              	.LVL21:
 269              		.loc 1 96 10 view .LVU68
 270 0002 FFF7FEBF 		b	iqReadTimeout
 271              	.LVL22:
 272              		.loc 1 96 10 view .LVU69
 273              		.cfi_endproc
 274              	.LFE230:
 275              		.size	readt, .-readt
 276 0006 00BF     		.section	.text.read,"ax",%progbits
 277              		.align	1
 278              		.p2align 4,,15
 279              		.syntax unified
 280              		.thumb
 281              		.thumb_func
 282              		.type	read, %function
 283              	read:
 284              	.LVL23:
 285              	.LFB224:
ARM GAS  /tmp/ccNufGNo.s 			page 6


 286              		.loc 1 63 53 is_stmt 1 view -0
 287              		.cfi_startproc
 288              		@ args = 0, pretend = 0, frame = 0
 289              		@ frame_needed = 0, uses_anonymous_args = 0
 290              		@ link register save eliminated.
 291              		.loc 1 65 3 view .LVU71
 292              		.loc 1 65 10 is_stmt 0 view .LVU72
 293 0000 4FF0FF33 		mov	r3, #-1
 294 0004 0C30     		adds	r0, r0, #12
 295              	.LVL24:
 296              		.loc 1 65 10 view .LVU73
 297 0006 FFF7FEBF 		b	iqReadTimeout
 298              	.LVL25:
 299              		.loc 1 65 10 view .LVU74
 300              		.cfi_endproc
 301              	.LFE224:
 302              		.size	read, .-read
 303 000a 00BF     		.section	.text.writet,"ax",%progbits
 304              		.align	1
 305              		.p2align 4,,15
 306              		.syntax unified
 307              		.thumb
 308              		.thumb_func
 309              		.type	writet, %function
 310              	writet:
 311              	.LVL26:
 312              	.LFB229:
 313              		.loc 1 89 80 is_stmt 1 view -0
 314              		.cfi_startproc
 315              		@ args = 0, pretend = 0, frame = 0
 316              		@ frame_needed = 0, uses_anonymous_args = 0
 317              		@ link register save eliminated.
 318              		.loc 1 91 3 view .LVU76
 319              		.loc 1 91 10 is_stmt 0 view .LVU77
 320 0000 3030     		adds	r0, r0, #48
 321              	.LVL27:
 322              		.loc 1 91 10 view .LVU78
 323 0002 FFF7FEBF 		b	oqWriteTimeout
 324              	.LVL28:
 325              		.loc 1 91 10 view .LVU79
 326              		.cfi_endproc
 327              	.LFE229:
 328              		.size	writet, .-writet
 329 0006 00BF     		.section	.text.write,"ax",%progbits
 330              		.align	1
 331              		.p2align 4,,15
 332              		.syntax unified
 333              		.thumb
 334              		.thumb_func
 335              		.type	write, %function
 336              	write:
 337              	.LVL29:
 338              	.LFB223:
 339              		.loc 1 57 60 is_stmt 1 view -0
 340              		.cfi_startproc
 341              		@ args = 0, pretend = 0, frame = 0
 342              		@ frame_needed = 0, uses_anonymous_args = 0
ARM GAS  /tmp/ccNufGNo.s 			page 7


 343              		@ link register save eliminated.
 344              		.loc 1 59 3 view .LVU81
 345              		.loc 1 59 10 is_stmt 0 view .LVU82
 346 0000 4FF0FF33 		mov	r3, #-1
 347 0004 3030     		adds	r0, r0, #48
 348              	.LVL30:
 349              		.loc 1 59 10 view .LVU83
 350 0006 FFF7FEBF 		b	oqWriteTimeout
 351              	.LVL31:
 352              		.loc 1 59 10 view .LVU84
 353              		.cfi_endproc
 354              	.LFE223:
 355              		.size	write, .-write
 356 000a 00BF     		.section	.text.gett,"ax",%progbits
 357              		.align	1
 358              		.p2align 4,,15
 359              		.syntax unified
 360              		.thumb
 361              		.thumb_func
 362              		.type	gett, %function
 363              	gett:
 364              	.LVL32:
 365              	.LFB228:
 366              		.loc 1 84 48 is_stmt 1 view -0
 367              		.cfi_startproc
 368              		@ args = 0, pretend = 0, frame = 0
 369              		@ frame_needed = 0, uses_anonymous_args = 0
 370              		@ link register save eliminated.
 371              		.loc 1 86 3 view .LVU86
 372              		.loc 1 86 10 is_stmt 0 view .LVU87
 373 0000 0C30     		adds	r0, r0, #12
 374              	.LVL33:
 375              		.loc 1 86 10 view .LVU88
 376 0002 FFF7FEBF 		b	iqGetTimeout
 377              	.LVL34:
 378              		.loc 1 86 10 view .LVU89
 379              		.cfi_endproc
 380              	.LFE228:
 381              		.size	gett, .-gett
 382 0006 00BF     		.section	.text.get,"ax",%progbits
 383              		.align	1
 384              		.p2align 4,,15
 385              		.syntax unified
 386              		.thumb
 387              		.thumb_func
 388              		.type	get, %function
 389              	get:
 390              	.LVL35:
 391              	.LFB226:
 392              		.loc 1 74 28 is_stmt 1 view -0
 393              		.cfi_startproc
 394              		@ args = 0, pretend = 0, frame = 0
 395              		@ frame_needed = 0, uses_anonymous_args = 0
 396              		@ link register save eliminated.
 397              		.loc 1 76 3 view .LVU91
 398              		.loc 1 76 10 is_stmt 0 view .LVU92
 399 0000 4FF0FF31 		mov	r1, #-1
ARM GAS  /tmp/ccNufGNo.s 			page 8


 400 0004 0C30     		adds	r0, r0, #12
 401              	.LVL36:
 402              		.loc 1 76 10 view .LVU93
 403 0006 FFF7FEBF 		b	iqGetTimeout
 404              	.LVL37:
 405              		.loc 1 76 10 view .LVU94
 406              		.cfi_endproc
 407              	.LFE226:
 408              		.size	get, .-get
 409 000a 00BF     		.section	.text.putt,"ax",%progbits
 410              		.align	1
 411              		.p2align 4,,15
 412              		.syntax unified
 413              		.thumb
 414              		.thumb_func
 415              		.type	putt, %function
 416              	putt:
 417              	.LVL38:
 418              	.LFB227:
 419              		.loc 1 79 59 is_stmt 1 view -0
 420              		.cfi_startproc
 421              		@ args = 0, pretend = 0, frame = 0
 422              		@ frame_needed = 0, uses_anonymous_args = 0
 423              		@ link register save eliminated.
 424              		.loc 1 81 3 view .LVU96
 425              		.loc 1 81 10 is_stmt 0 view .LVU97
 426 0000 3030     		adds	r0, r0, #48
 427              	.LVL39:
 428              		.loc 1 81 10 view .LVU98
 429 0002 FFF7FEBF 		b	oqPutTimeout
 430              	.LVL40:
 431              		.loc 1 81 10 view .LVU99
 432              		.cfi_endproc
 433              	.LFE227:
 434              		.size	putt, .-putt
 435 0006 00BF     		.section	.text.put,"ax",%progbits
 436              		.align	1
 437              		.p2align 4,,15
 438              		.syntax unified
 439              		.thumb
 440              		.thumb_func
 441              		.type	put, %function
 442              	put:
 443              	.LVL41:
 444              	.LFB225:
 445              		.loc 1 69 39 is_stmt 1 view -0
 446              		.cfi_startproc
 447              		@ args = 0, pretend = 0, frame = 0
 448              		@ frame_needed = 0, uses_anonymous_args = 0
 449              		@ link register save eliminated.
 450              		.loc 1 71 3 view .LVU101
 451              		.loc 1 71 10 is_stmt 0 view .LVU102
 452 0000 4FF0FF32 		mov	r2, #-1
 453 0004 3030     		adds	r0, r0, #48
 454              	.LVL42:
 455              		.loc 1 71 10 view .LVU103
 456 0006 FFF7FEBF 		b	oqPutTimeout
ARM GAS  /tmp/ccNufGNo.s 			page 9


 457              	.LVL43:
 458              		.loc 1 71 10 view .LVU104
 459              		.cfi_endproc
 460              	.LFE225:
 461              		.size	put, .-put
 462 000a 00BF     		.section	.text.onotify,"ax",%progbits
 463              		.align	1
 464              		.p2align 4,,15
 465              		.syntax unified
 466              		.thumb
 467              		.thumb_func
 468              		.type	onotify, %function
 469              	onotify:
 470              	.LVL44:
 471              	.LFB232:
 472              		.loc 1 144 37 is_stmt 1 view -0
 473              		.cfi_startproc
 474              		@ args = 0, pretend = 0, frame = 0
 475              		@ frame_needed = 0, uses_anonymous_args = 0
 476              		.loc 1 145 3 view .LVU106
 477              		.loc 1 146 3 view .LVU107
 478              		.loc 1 144 37 is_stmt 0 view .LVU108
 479 0000 38B5     		push	{r3, r4, r5, lr}
 480              		.cfi_def_cfa_offset 16
 481              		.cfi_offset 3, -16
 482              		.cfi_offset 4, -12
 483              		.cfi_offset 5, -8
 484              		.cfi_offset 14, -4
 485              		.loc 1 146 20 view .LVU109
 486 0002 046A     		ldr	r4, [r0, #32]
 487              	.LVL45:
 488              		.loc 1 150 3 is_stmt 1 view .LVU110
 489              		.loc 1 150 8 is_stmt 0 view .LVU111
 490 0004 D4F85422 		ldr	r2, [r4, #596]
 491 0008 1368     		ldr	r3, [r2]
 492              		.loc 1 150 6 view .LVU112
 493 000a 1978     		ldrb	r1, [r3]	@ zero_extendqisi2
 494 000c 0429     		cmp	r1, #4
 495 000e 02D1     		bne	.L18
 496              		.loc 1 150 62 discriminator 1 view .LVU113
 497 0010 217A     		ldrb	r1, [r4, #8]	@ zero_extendqisi2
 498 0012 0229     		cmp	r1, #2
 499 0014 00D0     		beq	.L25
 500              	.LVL46:
 501              	.L18:
 502              		.loc 1 169 1 view .LVU114
 503 0016 38BD     		pop	{r3, r4, r5, pc}
 504              	.LVL47:
 505              	.L25:
 506              		.loc 1 157 3 is_stmt 1 view .LVU115
 507              		.loc 1 157 8 is_stmt 0 view .LVU116
 508 0018 1079     		ldrb	r0, [r2, #4]	@ zero_extendqisi2
 509              	.LVL48:
 510              		.loc 1 157 7 view .LVU117
 511 001a 1989     		ldrh	r1, [r3, #8]
 512              		.loc 1 157 8 view .LVU118
 513 001c 0122     		movs	r2, #1
ARM GAS  /tmp/ccNufGNo.s 			page 10


 514 001e 02FA00F3 		lsl	r3, r2, r0
 515              		.loc 1 157 6 view .LVU119
 516 0022 0B42     		tst	r3, r1
 517 0024 F7D1     		bne	.L18
 518              		.loc 1 158 5 is_stmt 1 view .LVU120
 519              		.loc 1 158 14 is_stmt 0 view .LVU121
 520 0026 D4E90F13 		ldrd	r1, r3, [r4, #60]
 521 002a A56B     		ldr	r5, [r4, #56]
 522 002c 5B1A     		subs	r3, r3, r1
 523              	.LVL49:
 524              		.loc 1 158 8 view .LVU122
 525 002e 5D1B     		subs	r5, r3, r5
 526              	.LVL50:
 527              		.loc 1 158 8 view .LVU123
 528 0030 F1D0     		beq	.L18
 529              		.loc 1 159 7 is_stmt 1 view .LVU124
 530              	.LBB218:
 531              	.LBI218:
 532              		.loc 2 502 20 view .LVU125
 533              		.loc 2 504 3 view .LVU126
 534              	.LBB219:
 535              	.LBI219:
 536              		.loc 3 358 20 view .LVU127
 537              	.LBB220:
 538              		.loc 3 360 3 view .LVU128
 539 0032 FFF7FEFF 		bl	_dbg_check_unlock
 540              	.LVL51:
 541              		.loc 3 361 33 view .LVU129
 542              		.loc 3 367 3 view .LVU130
 543              		.loc 3 367 3 view .LVU131
 544              		.loc 3 367 3 discriminator 1 view .LVU132
 545 0036 134B     		ldr	r3, .L27
 546 0038 1A68     		ldr	r2, [r3]
 547 003a 9A42     		cmp	r2, r3
 548 003c 04D0     		beq	.L20
 549              		.loc 3 367 3 is_stmt 0 discriminator 3 view .LVU133
 550 003e 9969     		ldr	r1, [r3, #24]
 551 0040 9368     		ldr	r3, [r2, #8]
 552 0042 8A68     		ldr	r2, [r1, #8]
 553 0044 9A42     		cmp	r2, r3
 554 0046 18D3     		bcc	.L26
 555              	.L20:
 556              		.loc 3 367 3 is_stmt 1 discriminator 7 view .LVU134
 557              		.loc 3 371 3 view .LVU135
 558              	.LBB221:
 559              	.LBI221:
 560              		.loc 4 458 20 view .LVU136
 561              		.loc 4 461 3 view .LVU137
 562              	.LVL52:
 563              	.LBB222:
 564              	.LBI222:
 565              		.loc 5 544 57 view .LVU138
 566              	.LBB223:
 567              		.loc 5 546 3 view .LVU139
 568 0048 0023     		movs	r3, #0
 569              		.syntax unified
 570              	@ 546 "../RC_Controller/ChibiOS_3.0.5/os/ext/CMSIS/include/core_cmFunc.h" 1
ARM GAS  /tmp/ccNufGNo.s 			page 11


 571 004a 83F31188 		MSR basepri, r3
 572              	@ 0 "" 2
 573              	.LVL53:
 574              		.loc 5 546 3 is_stmt 0 view .LVU140
 575              		.thumb
 576              		.syntax unified
 577              	.LBE223:
 578              	.LBE222:
 579              	.LBE221:
 580              	.LBE220:
 581              	.LBE219:
 582              	.LBE218:
 583              		.loc 1 161 7 is_stmt 1 view .LVU141
 584              		.loc 1 161 36 is_stmt 0 view .LVU142
 585 004e D4F85422 		ldr	r2, [r4, #596]
 586              		.loc 1 161 7 view .LVU143
 587 0052 2B46     		mov	r3, r5
 588 0054 1179     		ldrb	r1, [r2, #4]	@ zero_extendqisi2
 589 0056 1068     		ldr	r0, [r2]
 590 0058 04F13002 		add	r2, r4, #48
 591 005c FFF7FEFF 		bl	usbPrepareQueuedTransmit
 592              	.LVL54:
 593              		.loc 1 165 7 is_stmt 1 view .LVU144
 594              	.LBB226:
 595              	.LBI226:
 596              		.loc 2 491 20 view .LVU145
 597              		.loc 2 493 3 view .LVU146
 598              	.LBB227:
 599              	.LBI227:
 600              		.loc 3 346 20 view .LVU147
 601              	.LBB228:
 602              		.loc 3 348 3 view .LVU148
 603              	.LBB229:
 604              	.LBI229:
 605              		.loc 4 444 20 view .LVU149
 606              		.loc 4 447 3 view .LVU150
 607              	.LBB230:
 608              	.LBI230:
 609              		.loc 5 544 57 view .LVU151
 610              	.LBB231:
 611              		.loc 5 546 3 view .LVU152
 612 0060 2023     		movs	r3, #32
 613              		.syntax unified
 614              	@ 546 "../RC_Controller/ChibiOS_3.0.5/os/ext/CMSIS/include/core_cmFunc.h" 1
 615 0062 83F31188 		MSR basepri, r3
 616              	@ 0 "" 2
 617              	.LVL55:
 618              		.loc 5 546 3 is_stmt 0 view .LVU153
 619              		.thumb
 620              		.syntax unified
 621              	.LBE231:
 622              	.LBE230:
 623              	.LBE229:
 624              		.loc 3 349 34 is_stmt 1 view .LVU154
 625              		.loc 3 350 3 view .LVU155
 626 0066 FFF7FEFF 		bl	_dbg_check_lock
 627              	.LVL56:
ARM GAS  /tmp/ccNufGNo.s 			page 12


 628              	.LBE228:
 629              	.LBE227:
 630              	.LBE226:
 631              		.loc 1 166 7 view .LVU156
 632              		.loc 1 166 36 is_stmt 0 view .LVU157
 633 006a D4F85432 		ldr	r3, [r4, #596]
 634              		.loc 1 166 14 view .LVU158
 635 006e 1979     		ldrb	r1, [r3, #4]	@ zero_extendqisi2
 636 0070 1868     		ldr	r0, [r3]
 637              		.loc 1 169 1 view .LVU159
 638 0072 BDE83840 		pop	{r3, r4, r5, lr}
 639              		.cfi_remember_state
 640              		.cfi_restore 14
 641              		.cfi_restore 5
 642              		.cfi_restore 4
 643              		.cfi_restore 3
 644              		.cfi_def_cfa_offset 0
 645              	.LVL57:
 646              		.loc 1 166 14 view .LVU160
 647 0076 FFF7FEBF 		b	usbStartTransmitI
 648              	.LVL58:
 649              	.L26:
 650              		.cfi_restore_state
 651              	.LBB232:
 652              	.LBB225:
 653              	.LBB224:
 654              		.loc 3 367 3 is_stmt 1 discriminator 5 view .LVU161
 655 007a 0348     		ldr	r0, .L27+4
 656 007c FFF7FEFF 		bl	chSysHalt
 657              	.LVL59:
 658 0080 E2E7     		b	.L20
 659              	.L28:
 660 0082 00BF     		.align	2
 661              	.L27:
 662 0084 00000000 		.word	ch
 663 0088 00000000 		.word	__func__.2
 664              	.LBE224:
 665              	.LBE225:
 666              	.LBE232:
 667              		.cfi_endproc
 668              	.LFE232:
 669              		.size	onotify, .-onotify
 670              		.section	.text.sduInit,"ax",%progbits
 671              		.align	1
 672              		.p2align 4,,15
 673              		.global	sduInit
 674              		.syntax unified
 675              		.thumb
 676              		.thumb_func
 677              		.type	sduInit, %function
 678              	sduInit:
 679              	.LFB233:
 680              		.loc 1 182 20 view -0
 681              		.cfi_startproc
 682              		@ args = 0, pretend = 0, frame = 0
 683              		@ frame_needed = 0, uses_anonymous_args = 0
 684              		@ link register save eliminated.
ARM GAS  /tmp/ccNufGNo.s 			page 13


 685              		.loc 1 183 1 view .LVU163
 686 0000 7047     		bx	lr
 687              		.cfi_endproc
 688              	.LFE233:
 689              		.size	sduInit, .-sduInit
 690 0002 00BF     		.section	.text.sduObjectInit,"ax",%progbits
 691              		.align	1
 692              		.p2align 4,,15
 693              		.global	sduObjectInit
 694              		.syntax unified
 695              		.thumb
 696              		.thumb_func
 697              		.type	sduObjectInit, %function
 698              	sduObjectInit:
 699              	.LVL60:
 700              	.LFB234:
 701              		.loc 1 194 43 view -0
 702              		.cfi_startproc
 703              		@ args = 0, pretend = 0, frame = 0
 704              		@ frame_needed = 0, uses_anonymous_args = 0
 705              		.loc 1 196 3 view .LVU165
 706              		.loc 1 194 43 is_stmt 0 view .LVU166
 707 0000 10B5     		push	{r4, lr}
 708              		.cfi_def_cfa_offset 8
 709              		.cfi_offset 4, -8
 710              		.cfi_offset 14, -4
 711 0002 0446     		mov	r4, r0
 712 0004 82B0     		sub	sp, sp, #8
 713              		.cfi_def_cfa_offset 16
 714              		.loc 1 196 13 view .LVU167
 715 0006 0E48     		ldr	r0, .L32
 716              	.LVL61:
 717              		.loc 1 196 13 view .LVU168
 718 0008 2060     		str	r0, [r4]
 719              		.loc 1 197 3 is_stmt 1 view .LVU169
 720              	.LVL62:
 721              	.LBB233:
 722              	.LBI233:
 723              		.loc 2 826 20 view .LVU170
 724              	.LBB234:
 725              		.loc 2 828 3 view .LVU171
 726              		.loc 2 828 14 is_stmt 0 view .LVU172
 727 000a 0021     		movs	r1, #0
 728              	.LBE234:
 729              	.LBE233:
 730              		.loc 1 198 15 view .LVU173
 731 000c 0122     		movs	r2, #1
 732              	.LBB236:
 733              	.LBB235:
 734              		.loc 2 828 14 view .LVU174
 735 000e 6160     		str	r1, [r4, #4]
 736              	.LVL63:
 737              		.loc 2 828 14 view .LVU175
 738              	.LBE235:
 739              	.LBE236:
 740              		.loc 1 198 3 is_stmt 1 view .LVU176
 741              		.loc 1 198 15 is_stmt 0 view .LVU177
ARM GAS  /tmp/ccNufGNo.s 			page 14


 742 0010 2272     		strb	r2, [r4, #8]
 743              		.loc 1 199 3 is_stmt 1 view .LVU178
 744 0012 04F15401 		add	r1, r4, #84
 745 0016 04F10C00 		add	r0, r4, #12
 746 001a 0A4B     		ldr	r3, .L32+4
 747 001c 0094     		str	r4, [sp]
 748 001e 4FF48072 		mov	r2, #256
 749 0022 FFF7FEFF 		bl	iqObjectInit
 750              	.LVL64:
 751              		.loc 1 200 3 view .LVU179
 752 0026 084B     		ldr	r3, .L32+8
 753 0028 0094     		str	r4, [sp]
 754 002a 4FF48072 		mov	r2, #256
 755 002e 04F5AA71 		add	r1, r4, #340
 756 0032 04F13000 		add	r0, r4, #48
 757 0036 FFF7FEFF 		bl	oqObjectInit
 758              	.LVL65:
 759              		.loc 1 201 1 is_stmt 0 view .LVU180
 760 003a 02B0     		add	sp, sp, #8
 761              		.cfi_def_cfa_offset 8
 762              		@ sp needed
 763 003c 10BD     		pop	{r4, pc}
 764              	.LVL66:
 765              	.L33:
 766              		.loc 1 201 1 view .LVU181
 767 003e 00BF     		.align	2
 768              	.L32:
 769 0040 00000000 		.word	vmt
 770 0044 00000000 		.word	inotify
 771 0048 00000000 		.word	onotify
 772              		.cfi_endproc
 773              	.LFE234:
 774              		.size	sduObjectInit, .-sduObjectInit
 775              		.section	.text.sduStart,"ax",%progbits
 776              		.align	1
 777              		.p2align 4,,15
 778              		.global	sduStart
 779              		.syntax unified
 780              		.thumb
 781              		.thumb_func
 782              		.type	sduStart, %function
 783              	sduStart:
 784              	.LVL67:
 785              	.LFB235:
 786              		.loc 1 211 69 is_stmt 1 view -0
 787              		.cfi_startproc
 788              		@ args = 0, pretend = 0, frame = 0
 789              		@ frame_needed = 0, uses_anonymous_args = 0
 790              		.loc 1 212 3 view .LVU183
 791              		.loc 1 211 69 is_stmt 0 view .LVU184
 792 0000 70B5     		push	{r4, r5, r6, lr}
 793              		.cfi_def_cfa_offset 16
 794              		.cfi_offset 4, -16
 795              		.cfi_offset 5, -12
 796              		.cfi_offset 6, -8
 797              		.cfi_offset 14, -4
 798              		.loc 1 212 14 view .LVU185
ARM GAS  /tmp/ccNufGNo.s 			page 15


 799 0002 0E68     		ldr	r6, [r1]
 800              	.LVL68:
 801              		.loc 1 214 3 is_stmt 1 view .LVU186
 802              		.loc 1 214 3 view .LVU187
 803              		.loc 1 214 3 discriminator 1 view .LVU188
 804              		.loc 1 211 69 is_stmt 0 view .LVU189
 805 0004 0D46     		mov	r5, r1
 806              		.loc 1 214 3 discriminator 1 view .LVU190
 807 0006 0446     		mov	r4, r0
 808 0008 90B3     		cbz	r0, .L43
 809              	.LVL69:
 810              	.L35:
 811              		.loc 1 214 3 is_stmt 1 discriminator 5 view .LVU191
 812              		.loc 1 216 3 view .LVU192
 813              	.LBB250:
 814              	.LBI250:
 815              		.loc 2 491 20 view .LVU193
 816              		.loc 2 493 3 view .LVU194
 817              	.LBB251:
 818              	.LBI251:
 819              		.loc 3 346 20 view .LVU195
 820              	.LBB252:
 821              		.loc 3 348 3 view .LVU196
 822              	.LBB253:
 823              	.LBI253:
 824              		.loc 4 444 20 view .LVU197
 825              		.loc 4 447 3 view .LVU198
 826              	.LBB254:
 827              	.LBI254:
 828              		.loc 5 544 57 view .LVU199
 829              	.LBB255:
 830              		.loc 5 546 3 view .LVU200
 831 000a 2023     		movs	r3, #32
 832              		.syntax unified
 833              	@ 546 "../RC_Controller/ChibiOS_3.0.5/os/ext/CMSIS/include/core_cmFunc.h" 1
 834 000c 83F31188 		MSR basepri, r3
 835              	@ 0 "" 2
 836              	.LVL70:
 837              		.loc 5 546 3 is_stmt 0 view .LVU201
 838              		.thumb
 839              		.syntax unified
 840              	.LBE255:
 841              	.LBE254:
 842              	.LBE253:
 843              		.loc 3 349 34 is_stmt 1 view .LVU202
 844              		.loc 3 350 3 view .LVU203
 845 0010 FFF7FEFF 		bl	_dbg_check_lock
 846              	.LVL71:
 847              	.LBE252:
 848              	.LBE251:
 849              	.LBE250:
 850              		.loc 1 217 3 view .LVU204
 851              		.loc 1 217 3 view .LVU205
 852              		.loc 1 217 3 discriminator 1 view .LVU206
 853 0014 237A     		ldrb	r3, [r4, #8]	@ zero_extendqisi2
 854 0016 013B     		subs	r3, r3, #1
 855 0018 012B     		cmp	r3, #1
ARM GAS  /tmp/ccNufGNo.s 			page 16


 856 001a 02D9     		bls	.L36
 857              		.loc 1 217 3 discriminator 3 view .LVU207
 858 001c 1648     		ldr	r0, .L45
 859 001e FFF7FEFF 		bl	chSysHalt
 860              	.LVL72:
 861              	.L36:
 862              		.loc 1 217 3 discriminator 5 view .LVU208
 863              		.loc 1 219 3 view .LVU209
 864              		.loc 1 219 25 is_stmt 0 view .LVU210
 865 0022 2B79     		ldrb	r3, [r5, #4]	@ zero_extendqisi2
 866              		.loc 1 219 43 view .LVU211
 867 0024 06EB8303 		add	r3, r6, r3, lsl #2
 868 0028 9C61     		str	r4, [r3, #24]
 869              		.loc 1 220 3 is_stmt 1 view .LVU212
 870              		.loc 1 220 26 is_stmt 0 view .LVU213
 871 002a 6B79     		ldrb	r3, [r5, #5]	@ zero_extendqisi2
 872              		.loc 1 220 43 view .LVU214
 873 002c 0933     		adds	r3, r3, #9
 874 002e 46F82340 		str	r4, [r6, r3, lsl #2]
 875              		.loc 1 221 3 is_stmt 1 view .LVU215
 876              		.loc 1 221 13 is_stmt 0 view .LVU216
 877 0032 AB79     		ldrb	r3, [r5, #6]	@ zero_extendqisi2
 878              		.loc 1 221 6 view .LVU217
 879 0034 13B1     		cbz	r3, .L37
 880              		.loc 1 222 5 is_stmt 1 view .LVU218
 881              		.loc 1 222 43 is_stmt 0 view .LVU219
 882 0036 06EB8306 		add	r6, r6, r3, lsl #2
 883              	.LVL73:
 884              		.loc 1 222 43 view .LVU220
 885 003a B461     		str	r4, [r6, #24]
 886              	.L37:
 887              		.loc 1 224 3 is_stmt 1 view .LVU221
 888              		.loc 1 225 15 is_stmt 0 view .LVU222
 889 003c 0223     		movs	r3, #2
 890 003e 2372     		strb	r3, [r4, #8]
 891              		.loc 1 224 16 view .LVU223
 892 0040 C4F85452 		str	r5, [r4, #596]
 893              		.loc 1 225 3 is_stmt 1 view .LVU224
 894              		.loc 1 226 3 view .LVU225
 895              	.LBB256:
 896              	.LBI256:
 897              		.loc 2 502 20 view .LVU226
 898              		.loc 2 504 3 view .LVU227
 899              	.LBB257:
 900              	.LBI257:
 901              		.loc 3 358 20 view .LVU228
 902              	.LBB258:
 903              		.loc 3 360 3 view .LVU229
 904 0044 FFF7FEFF 		bl	_dbg_check_unlock
 905              	.LVL74:
 906              		.loc 3 361 33 view .LVU230
 907              		.loc 3 367 3 view .LVU231
 908              		.loc 3 367 3 view .LVU232
 909              		.loc 3 367 3 discriminator 1 view .LVU233
 910 0048 0C4B     		ldr	r3, .L45+4
 911 004a 1A68     		ldr	r2, [r3]
 912 004c 9A42     		cmp	r2, r3
ARM GAS  /tmp/ccNufGNo.s 			page 17


 913 004e 04D0     		beq	.L38
 914              		.loc 3 367 3 is_stmt 0 discriminator 3 view .LVU234
 915 0050 9969     		ldr	r1, [r3, #24]
 916 0052 9368     		ldr	r3, [r2, #8]
 917 0054 8A68     		ldr	r2, [r1, #8]
 918 0056 9A42     		cmp	r2, r3
 919 0058 03D3     		bcc	.L44
 920              	.L38:
 921              		.loc 3 367 3 is_stmt 1 discriminator 7 view .LVU235
 922              		.loc 3 371 3 view .LVU236
 923              	.LBB259:
 924              	.LBI259:
 925              		.loc 4 458 20 view .LVU237
 926              		.loc 4 461 3 view .LVU238
 927              	.LVL75:
 928              	.LBB260:
 929              	.LBI260:
 930              		.loc 5 544 57 view .LVU239
 931              	.LBB261:
 932              		.loc 5 546 3 view .LVU240
 933 005a 0023     		movs	r3, #0
 934              		.syntax unified
 935              	@ 546 "../RC_Controller/ChibiOS_3.0.5/os/ext/CMSIS/include/core_cmFunc.h" 1
 936 005c 83F31188 		MSR basepri, r3
 937              	@ 0 "" 2
 938              	.LVL76:
 939              		.loc 5 546 3 is_stmt 0 view .LVU241
 940              		.thumb
 941              		.syntax unified
 942              	.LBE261:
 943              	.LBE260:
 944              	.LBE259:
 945              	.LBE258:
 946              	.LBE257:
 947              	.LBE256:
 948              		.loc 1 227 1 view .LVU242
 949 0060 70BD     		pop	{r4, r5, r6, pc}
 950              	.LVL77:
 951              	.L44:
 952              	.LBB267:
 953              	.LBB266:
 954              	.LBB265:
 955              		.loc 3 367 3 is_stmt 1 discriminator 5 view .LVU243
 956 0062 0748     		ldr	r0, .L45+8
 957 0064 FFF7FEFF 		bl	chSysHalt
 958              	.LVL78:
 959              		.loc 3 367 3 discriminator 7 view .LVU244
 960              		.loc 3 371 3 view .LVU245
 961              	.LBB264:
 962              		.loc 4 458 20 view .LVU246
 963              		.loc 4 461 3 view .LVU247
 964              	.LBB263:
 965              		.loc 5 544 57 view .LVU248
 966              	.LBB262:
 967              		.loc 5 546 3 view .LVU249
 968 0068 0023     		movs	r3, #0
 969              		.syntax unified
ARM GAS  /tmp/ccNufGNo.s 			page 18


 970              	@ 546 "../RC_Controller/ChibiOS_3.0.5/os/ext/CMSIS/include/core_cmFunc.h" 1
 971 006a 83F31188 		MSR basepri, r3
 972              	@ 0 "" 2
 973              	.LVL79:
 974              		.loc 5 546 3 is_stmt 0 view .LVU250
 975              		.thumb
 976              		.syntax unified
 977              	.LBE262:
 978              	.LBE263:
 979              	.LBE264:
 980              	.LBE265:
 981              	.LBE266:
 982              	.LBE267:
 983              		.loc 1 227 1 view .LVU251
 984 006e 70BD     		pop	{r4, r5, r6, pc}
 985              	.LVL80:
 986              	.L43:
 987              		.loc 1 214 3 is_stmt 1 discriminator 3 view .LVU252
 988 0070 0148     		ldr	r0, .L45
 989              	.LVL81:
 990              		.loc 1 214 3 is_stmt 0 discriminator 3 view .LVU253
 991 0072 FFF7FEFF 		bl	chSysHalt
 992              	.LVL82:
 993              		.loc 1 214 3 discriminator 3 view .LVU254
 994 0076 C8E7     		b	.L35
 995              	.L46:
 996              		.align	2
 997              	.L45:
 998 0078 00000000 		.word	__func__.1
 999 007c 00000000 		.word	ch
 1000 0080 00000000 		.word	__func__.2
 1001              		.cfi_endproc
 1002              	.LFE235:
 1003              		.size	sduStart, .-sduStart
 1004              		.section	.text.sduStop,"ax",%progbits
 1005              		.align	1
 1006              		.p2align 4,,15
 1007              		.global	sduStop
 1008              		.syntax unified
 1009              		.thumb
 1010              		.thumb_func
 1011              		.type	sduStop, %function
 1012              	sduStop:
 1013              	.LVL83:
 1014              	.LFB236:
 1015              		.loc 1 238 37 is_stmt 1 view -0
 1016              		.cfi_startproc
 1017              		@ args = 0, pretend = 0, frame = 0
 1018              		@ frame_needed = 0, uses_anonymous_args = 0
 1019              		.loc 1 239 3 view .LVU256
 1020              		.loc 1 239 14 is_stmt 0 view .LVU257
 1021 0000 D0F85422 		ldr	r2, [r0, #596]
 1022              		.loc 1 238 37 view .LVU258
 1023 0004 38B5     		push	{r3, r4, r5, lr}
 1024              		.cfi_def_cfa_offset 16
 1025              		.cfi_offset 3, -16
 1026              		.cfi_offset 4, -12
ARM GAS  /tmp/ccNufGNo.s 			page 19


 1027              		.cfi_offset 5, -8
 1028              		.cfi_offset 14, -4
 1029              		.loc 1 239 14 view .LVU259
 1030 0006 1568     		ldr	r5, [r2]
 1031              	.LVL84:
 1032              		.loc 1 241 3 is_stmt 1 view .LVU260
 1033              		.loc 1 241 3 view .LVU261
 1034              		.loc 1 241 3 discriminator 1 view .LVU262
 1035              		.loc 1 241 3 discriminator 5 view .LVU263
 1036              		.loc 1 243 3 view .LVU264
 1037              	.LBB285:
 1038              	.LBI285:
 1039              		.loc 2 491 20 view .LVU265
 1040              		.loc 2 493 3 view .LVU266
 1041              	.LBB286:
 1042              	.LBI286:
 1043              		.loc 3 346 20 view .LVU267
 1044              	.LBB287:
 1045              		.loc 3 348 3 view .LVU268
 1046              	.LBB288:
 1047              	.LBI288:
 1048              		.loc 4 444 20 view .LVU269
 1049              		.loc 4 447 3 view .LVU270
 1050              	.LBB289:
 1051              	.LBI289:
 1052              		.loc 5 544 57 view .LVU271
 1053              	.LBB290:
 1054              		.loc 5 546 3 view .LVU272
 1055              	.LBE290:
 1056              	.LBE289:
 1057              	.LBE288:
 1058              	.LBE287:
 1059              	.LBE286:
 1060              	.LBE285:
 1061              		.loc 1 238 37 is_stmt 0 view .LVU273
 1062 0008 0446     		mov	r4, r0
 1063              	.LBB296:
 1064              	.LBB295:
 1065              	.LBB294:
 1066              	.LBB293:
 1067              	.LBB292:
 1068              	.LBB291:
 1069              		.loc 5 546 3 view .LVU274
 1070 000a 2023     		movs	r3, #32
 1071              		.syntax unified
 1072              	@ 546 "../RC_Controller/ChibiOS_3.0.5/os/ext/CMSIS/include/core_cmFunc.h" 1
 1073 000c 83F31188 		MSR basepri, r3
 1074              	@ 0 "" 2
 1075              	.LVL85:
 1076              		.loc 5 546 3 view .LVU275
 1077              		.thumb
 1078              		.syntax unified
 1079              	.LBE291:
 1080              	.LBE292:
 1081              	.LBE293:
 1082              		.loc 3 349 34 is_stmt 1 view .LVU276
 1083              		.loc 3 350 3 view .LVU277
ARM GAS  /tmp/ccNufGNo.s 			page 20


 1084 0010 FFF7FEFF 		bl	_dbg_check_lock
 1085              	.LVL86:
 1086              		.loc 3 350 3 is_stmt 0 view .LVU278
 1087              	.LBE294:
 1088              	.LBE295:
 1089              	.LBE296:
 1090              		.loc 1 244 3 is_stmt 1 view .LVU279
 1091              		.loc 1 244 3 view .LVU280
 1092              		.loc 1 244 3 discriminator 1 view .LVU281
 1093 0014 237A     		ldrb	r3, [r4, #8]	@ zero_extendqisi2
 1094 0016 013B     		subs	r3, r3, #1
 1095 0018 012B     		cmp	r3, #1
 1096 001a 02D9     		bls	.L48
 1097              		.loc 1 244 3 discriminator 3 view .LVU282
 1098 001c 1D48     		ldr	r0, .L56
 1099 001e FFF7FEFF 		bl	chSysHalt
 1100              	.LVL87:
 1101              	.L48:
 1102              		.loc 1 244 3 discriminator 5 view .LVU283
 1103              		.loc 1 248 3 view .LVU284
 1104              		.loc 1 248 23 is_stmt 0 view .LVU285
 1105 0022 D4F85422 		ldr	r2, [r4, #596]
 1106              		.loc 1 248 31 view .LVU286
 1107 0026 1379     		ldrb	r3, [r2, #4]	@ zero_extendqisi2
 1108              		.loc 1 248 49 view .LVU287
 1109 0028 0533     		adds	r3, r3, #5
 1110 002a 05EB8303 		add	r3, r5, r3, lsl #2
 1111 002e 0021     		movs	r1, #0
 1112 0030 5960     		str	r1, [r3, #4]
 1113              		.loc 1 249 3 is_stmt 1 view .LVU288
 1114              		.loc 1 249 32 is_stmt 0 view .LVU289
 1115 0032 5379     		ldrb	r3, [r2, #5]	@ zero_extendqisi2
 1116              		.loc 1 249 49 view .LVU290
 1117 0034 0933     		adds	r3, r3, #9
 1118 0036 45F82310 		str	r1, [r5, r3, lsl #2]
 1119              		.loc 1 250 3 is_stmt 1 view .LVU291
 1120              		.loc 1 250 19 is_stmt 0 view .LVU292
 1121 003a 9379     		ldrb	r3, [r2, #6]	@ zero_extendqisi2
 1122              		.loc 1 250 6 view .LVU293
 1123 003c 1BB1     		cbz	r3, .L49
 1124              		.loc 1 251 5 is_stmt 1 view .LVU294
 1125              		.loc 1 251 49 is_stmt 0 view .LVU295
 1126 003e 0533     		adds	r3, r3, #5
 1127 0040 05EB8305 		add	r5, r5, r3, lsl #2
 1128              	.LVL88:
 1129              		.loc 1 251 49 view .LVU296
 1130 0044 6960     		str	r1, [r5, #4]
 1131              	.L49:
 1132              		.loc 1 253 3 is_stmt 1 view .LVU297
 1133              	.LBB297:
 1134              	.LBB298:
 1135              		.loc 2 850 6 is_stmt 0 view .LVU298
 1136 0046 6368     		ldr	r3, [r4, #4]
 1137              	.LBE298:
 1138              	.LBE297:
 1139              		.loc 1 253 15 view .LVU299
 1140 0048 0122     		movs	r2, #1
ARM GAS  /tmp/ccNufGNo.s 			page 21


 1141              	.LBB301:
 1142              	.LBB299:
 1143              		.loc 2 850 14 view .LVU300
 1144 004a 43F00203 		orr	r3, r3, #2
 1145              	.LBE299:
 1146              	.LBE301:
 1147              		.loc 1 253 15 view .LVU301
 1148 004e 2272     		strb	r2, [r4, #8]
 1149              		.loc 1 256 3 is_stmt 1 view .LVU302
 1150              	.LVL89:
 1151              	.LBB302:
 1152              	.LBI297:
 1153              		.loc 2 847 20 view .LVU303
 1154              	.LBB300:
 1155              		.loc 2 850 3 view .LVU304
 1156              		.loc 2 850 14 is_stmt 0 view .LVU305
 1157 0050 6360     		str	r3, [r4, #4]
 1158              	.LVL90:
 1159              		.loc 2 850 14 view .LVU306
 1160              	.LBE300:
 1161              	.LBE302:
 1162              		.loc 1 256 39 is_stmt 1 discriminator 1 view .LVU307
 1163              		.loc 1 257 3 view .LVU308
 1164 0052 04F10C00 		add	r0, r4, #12
 1165 0056 FFF7FEFF 		bl	iqResetI
 1166              	.LVL91:
 1167              		.loc 1 258 3 view .LVU309
 1168 005a 04F13000 		add	r0, r4, #48
 1169 005e FFF7FEFF 		bl	oqResetI
 1170              	.LVL92:
 1171              		.loc 1 259 3 view .LVU310
 1172              	.LBB303:
 1173              	.LBI303:
 1174              		.loc 2 598 20 view .LVU311
 1175              	.LBB304:
 1176              		.loc 2 600 3 view .LVU312
 1177 0062 FFF7FEFF 		bl	chSchRescheduleS
 1178              	.LVL93:
 1179              	.LBE304:
 1180              	.LBE303:
 1181              		.loc 1 260 3 view .LVU313
 1182              	.LBB305:
 1183              	.LBI305:
 1184              		.loc 2 502 20 view .LVU314
 1185              		.loc 2 504 3 view .LVU315
 1186              	.LBB306:
 1187              	.LBI306:
 1188              		.loc 3 358 20 view .LVU316
 1189              	.LBB307:
 1190              		.loc 3 360 3 view .LVU317
 1191 0066 FFF7FEFF 		bl	_dbg_check_unlock
 1192              	.LVL94:
 1193              		.loc 3 361 33 view .LVU318
 1194              		.loc 3 367 3 view .LVU319
 1195              		.loc 3 367 3 view .LVU320
 1196              		.loc 3 367 3 discriminator 1 view .LVU321
 1197 006a 0B4B     		ldr	r3, .L56+4
ARM GAS  /tmp/ccNufGNo.s 			page 22


 1198 006c 1A68     		ldr	r2, [r3]
 1199 006e 9A42     		cmp	r2, r3
 1200 0070 04D0     		beq	.L50
 1201              		.loc 3 367 3 is_stmt 0 discriminator 3 view .LVU322
 1202 0072 9969     		ldr	r1, [r3, #24]
 1203 0074 9368     		ldr	r3, [r2, #8]
 1204 0076 8A68     		ldr	r2, [r1, #8]
 1205 0078 9A42     		cmp	r2, r3
 1206 007a 03D3     		bcc	.L55
 1207              	.L50:
 1208              		.loc 3 367 3 is_stmt 1 discriminator 7 view .LVU323
 1209              		.loc 3 371 3 view .LVU324
 1210              	.LBB308:
 1211              	.LBI308:
 1212              		.loc 4 458 20 view .LVU325
 1213              		.loc 4 461 3 view .LVU326
 1214              	.LVL95:
 1215              	.LBB309:
 1216              	.LBI309:
 1217              		.loc 5 544 57 view .LVU327
 1218              	.LBB310:
 1219              		.loc 5 546 3 view .LVU328
 1220 007c 0023     		movs	r3, #0
 1221              		.syntax unified
 1222              	@ 546 "../RC_Controller/ChibiOS_3.0.5/os/ext/CMSIS/include/core_cmFunc.h" 1
 1223 007e 83F31188 		MSR basepri, r3
 1224              	@ 0 "" 2
 1225              	.LVL96:
 1226              		.loc 5 546 3 is_stmt 0 view .LVU329
 1227              		.thumb
 1228              		.syntax unified
 1229              	.LBE310:
 1230              	.LBE309:
 1231              	.LBE308:
 1232              	.LBE307:
 1233              	.LBE306:
 1234              	.LBE305:
 1235              		.loc 1 261 1 view .LVU330
 1236 0082 38BD     		pop	{r3, r4, r5, pc}
 1237              	.LVL97:
 1238              	.L55:
 1239              	.LBB316:
 1240              	.LBB315:
 1241              	.LBB314:
 1242              		.loc 3 367 3 is_stmt 1 discriminator 5 view .LVU331
 1243 0084 0548     		ldr	r0, .L56+8
 1244 0086 FFF7FEFF 		bl	chSysHalt
 1245              	.LVL98:
 1246              		.loc 3 367 3 discriminator 7 view .LVU332
 1247              		.loc 3 371 3 view .LVU333
 1248              	.LBB313:
 1249              		.loc 4 458 20 view .LVU334
 1250              		.loc 4 461 3 view .LVU335
 1251              	.LBB312:
 1252              		.loc 5 544 57 view .LVU336
 1253              	.LBB311:
 1254              		.loc 5 546 3 view .LVU337
ARM GAS  /tmp/ccNufGNo.s 			page 23


 1255 008a 0023     		movs	r3, #0
 1256              		.syntax unified
 1257              	@ 546 "../RC_Controller/ChibiOS_3.0.5/os/ext/CMSIS/include/core_cmFunc.h" 1
 1258 008c 83F31188 		MSR basepri, r3
 1259              	@ 0 "" 2
 1260              	.LVL99:
 1261              		.loc 5 546 3 is_stmt 0 view .LVU338
 1262              		.thumb
 1263              		.syntax unified
 1264              	.LBE311:
 1265              	.LBE312:
 1266              	.LBE313:
 1267              	.LBE314:
 1268              	.LBE315:
 1269              	.LBE316:
 1270              		.loc 1 261 1 view .LVU339
 1271 0090 38BD     		pop	{r3, r4, r5, pc}
 1272              	.LVL100:
 1273              	.L57:
 1274              		.loc 1 261 1 view .LVU340
 1275 0092 00BF     		.align	2
 1276              	.L56:
 1277 0094 00000000 		.word	__func__.0
 1278 0098 00000000 		.word	ch
 1279 009c 00000000 		.word	__func__.2
 1280              		.cfi_endproc
 1281              	.LFE236:
 1282              		.size	sduStop, .-sduStop
 1283              		.section	.text.sduConfigureHookI,"ax",%progbits
 1284              		.align	1
 1285              		.p2align 4,,15
 1286              		.global	sduConfigureHookI
 1287              		.syntax unified
 1288              		.thumb
 1289              		.thumb_func
 1290              		.type	sduConfigureHookI, %function
 1291              	sduConfigureHookI:
 1292              	.LVL101:
 1293              	.LFB237:
 1294              		.loc 1 270 47 is_stmt 1 view -0
 1295              		.cfi_startproc
 1296              		@ args = 0, pretend = 0, frame = 0
 1297              		@ frame_needed = 0, uses_anonymous_args = 0
 1298              		.loc 1 271 3 view .LVU342
 1299              		.loc 1 270 47 is_stmt 0 view .LVU343
 1300 0000 70B5     		push	{r4, r5, r6, lr}
 1301              		.cfi_def_cfa_offset 16
 1302              		.cfi_offset 4, -16
 1303              		.cfi_offset 5, -12
 1304              		.cfi_offset 6, -8
 1305              		.cfi_offset 14, -4
 1306              		.loc 1 271 14 view .LVU344
 1307 0002 D0F85432 		ldr	r3, [r0, #596]
 1308              		.loc 1 273 3 view .LVU345
 1309 0006 00F10C06 		add	r6, r0, #12
 1310              		.loc 1 270 47 view .LVU346
 1311 000a 0446     		mov	r4, r0
ARM GAS  /tmp/ccNufGNo.s 			page 24


 1312              		.loc 1 273 3 view .LVU347
 1313 000c 3046     		mov	r0, r6
 1314              	.LVL102:
 1315              		.loc 1 271 14 view .LVU348
 1316 000e 1D68     		ldr	r5, [r3]
 1317              	.LVL103:
 1318              		.loc 1 273 3 is_stmt 1 view .LVU349
 1319 0010 FFF7FEFF 		bl	iqResetI
 1320              	.LVL104:
 1321              		.loc 1 274 3 view .LVU350
 1322 0014 04F13000 		add	r0, r4, #48
 1323 0018 FFF7FEFF 		bl	oqResetI
 1324              	.LVL105:
 1325              		.loc 1 275 3 view .LVU351
 1326              	.LBB317:
 1327              	.LBI317:
 1328              		.loc 2 847 20 view .LVU352
 1329              	.LBB318:
 1330              		.loc 2 850 3 view .LVU353
 1331              		.loc 2 850 6 is_stmt 0 view .LVU354
 1332 001c 6368     		ldr	r3, [r4, #4]
 1333              	.LBE318:
 1334              	.LBE317:
 1335              		.loc 1 278 45 view .LVU355
 1336 001e D4F85422 		ldr	r2, [r4, #596]
 1337              	.LBB320:
 1338              	.LBB319:
 1339              		.loc 2 850 14 view .LVU356
 1340 0022 43F00103 		orr	r3, r3, #1
 1341 0026 6360     		str	r3, [r4, #4]
 1342              	.LVL106:
 1343              		.loc 2 850 14 view .LVU357
 1344              	.LBE319:
 1345              	.LBE320:
 1346              		.loc 1 275 36 is_stmt 1 discriminator 1 view .LVU358
 1347              		.loc 1 278 3 view .LVU359
 1348              		.loc 1 278 45 is_stmt 0 view .LVU360
 1349 0028 5179     		ldrb	r1, [r2, #5]	@ zero_extendqisi2
 1350              		.loc 1 279 36 view .LVU361
 1351 002a 05EB8103 		add	r3, r5, r1, lsl #2
 1352              		.loc 1 278 3 view .LVU362
 1353 002e 2846     		mov	r0, r5
 1354              		.loc 1 279 60 view .LVU363
 1355 0030 DB68     		ldr	r3, [r3, #12]
 1356              		.loc 1 278 3 view .LVU364
 1357 0032 3246     		mov	r2, r6
 1358 0034 5B8A     		ldrh	r3, [r3, #18]
 1359 0036 FFF7FEFF 		bl	usbPrepareQueuedReceive
 1360              	.LVL107:
 1361              		.loc 1 280 3 is_stmt 1 view .LVU365
 1362              		.loc 1 280 45 is_stmt 0 view .LVU366
 1363 003a D4F85432 		ldr	r3, [r4, #596]
 1364              		.loc 1 280 10 view .LVU367
 1365 003e 2846     		mov	r0, r5
 1366 0040 5979     		ldrb	r1, [r3, #5]	@ zero_extendqisi2
 1367              		.loc 1 281 1 view .LVU368
 1368 0042 BDE87040 		pop	{r4, r5, r6, lr}
ARM GAS  /tmp/ccNufGNo.s 			page 25


 1369              		.cfi_restore 14
 1370              		.cfi_restore 6
 1371              		.cfi_restore 5
 1372              		.cfi_restore 4
 1373              		.cfi_def_cfa_offset 0
 1374              	.LVL108:
 1375              		.loc 1 280 10 view .LVU369
 1376 0046 FFF7FEBF 		b	usbStartReceiveI
 1377              	.LVL109:
 1378              		.loc 1 280 10 view .LVU370
 1379              		.cfi_endproc
 1380              	.LFE237:
 1381              		.size	sduConfigureHookI, .-sduConfigureHookI
 1382 004a 00BF     		.section	.text.sduRequestsHook,"ax",%progbits
 1383              		.align	1
 1384              		.p2align 4,,15
 1385              		.global	sduRequestsHook
 1386              		.syntax unified
 1387              		.thumb
 1388              		.thumb_func
 1389              		.type	sduRequestsHook, %function
 1390              	sduRequestsHook:
 1391              	.LVL110:
 1392              	.LFB238:
 1393              		.loc 1 298 39 is_stmt 1 view -0
 1394              		.cfi_startproc
 1395              		@ args = 0, pretend = 0, frame = 0
 1396              		@ frame_needed = 0, uses_anonymous_args = 0
 1397              		@ link register save eliminated.
 1398              		.loc 1 300 3 view .LVU372
 1399              		.loc 1 300 6 is_stmt 0 view .LVU373
 1400 0000 90F84430 		ldrb	r3, [r0, #68]	@ zero_extendqisi2
 1401 0004 03F06003 		and	r3, r3, #96
 1402 0008 202B     		cmp	r3, #32
 1403 000a 01D0     		beq	.L67
 1404              	.L66:
 1405              		.loc 1 313 14 view .LVU374
 1406 000c 0020     		movs	r0, #0
 1407              	.LVL111:
 1408              		.loc 1 317 1 view .LVU375
 1409 000e 7047     		bx	lr
 1410              	.LVL112:
 1411              	.L67:
 1412              		.loc 1 301 5 is_stmt 1 view .LVU376
 1413              		.loc 1 301 24 is_stmt 0 view .LVU377
 1414 0010 90F84530 		ldrb	r3, [r0, #69]	@ zero_extendqisi2
 1415              		.loc 1 301 5 view .LVU378
 1416 0014 212B     		cmp	r3, #33
 1417 0016 09D8     		bhi	.L62
 1418 0018 1F2B     		cmp	r3, #31
 1419 001a F7D9     		bls	.L66
 1420              		.loc 1 303 7 is_stmt 1 view .LVU379
 1421 001c 0749     		ldr	r1, .L68
 1422 001e 0722     		movs	r2, #7
 1423 0020 C0E90E12 		strd	r1, r2, [r0, #56]
 1424              		.loc 1 303 7 view .LVU380
 1425 0024 0023     		movs	r3, #0
ARM GAS  /tmp/ccNufGNo.s 			page 26


 1426 0026 0364     		str	r3, [r0, #64]
 1427              		.loc 1 303 79 view .LVU381
 1428              		.loc 1 304 7 view .LVU382
 1429              	.L65:
 1430              		.loc 1 304 14 is_stmt 0 view .LVU383
 1431 0028 0120     		movs	r0, #1
 1432              	.LVL113:
 1433              		.loc 1 304 14 view .LVU384
 1434 002a 7047     		bx	lr
 1435              	.LVL114:
 1436              	.L62:
 1437              		.loc 1 301 5 view .LVU385
 1438 002c 222B     		cmp	r3, #34
 1439 002e EDD1     		bne	.L66
 1440              		.loc 1 310 7 is_stmt 1 view .LVU386
 1441 0030 0023     		movs	r3, #0
 1442 0032 C0E90E33 		strd	r3, r3, [r0, #56]
 1443              		.loc 1 310 7 view .LVU387
 1444 0036 0364     		str	r3, [r0, #64]
 1445              		.loc 1 310 44 view .LVU388
 1446              		.loc 1 311 7 view .LVU389
 1447              		.loc 1 311 14 is_stmt 0 view .LVU390
 1448 0038 F6E7     		b	.L65
 1449              	.L69:
 1450 003a 00BF     		.align	2
 1451              	.L68:
 1452 003c 00000000 		.word	linecoding
 1453              		.cfi_endproc
 1454              	.LFE238:
 1455              		.size	sduRequestsHook, .-sduRequestsHook
 1456              		.section	.text.sduDataTransmitted,"ax",%progbits
 1457              		.align	1
 1458              		.p2align 4,,15
 1459              		.global	sduDataTransmitted
 1460              		.syntax unified
 1461              		.thumb
 1462              		.thumb_func
 1463              		.type	sduDataTransmitted, %function
 1464              	sduDataTransmitted:
 1465              	.LVL115:
 1466              	.LFB239:
 1467              		.loc 1 327 54 is_stmt 1 view -0
 1468              		.cfi_startproc
 1469              		@ args = 0, pretend = 0, frame = 0
 1470              		@ frame_needed = 0, uses_anonymous_args = 0
 1471              		.loc 1 328 3 view .LVU392
 1472              		.loc 1 329 3 view .LVU393
 1473              		.loc 1 329 20 is_stmt 0 view .LVU394
 1474 0000 00EB8103 		add	r3, r0, r1, lsl #2
 1475              		.loc 1 327 54 view .LVU395
 1476 0004 2DE9F041 		push	{r4, r5, r6, r7, r8, lr}
 1477              		.cfi_def_cfa_offset 24
 1478              		.cfi_offset 4, -24
 1479              		.cfi_offset 5, -20
 1480              		.cfi_offset 6, -16
 1481              		.cfi_offset 7, -12
 1482              		.cfi_offset 8, -8
ARM GAS  /tmp/ccNufGNo.s 			page 27


 1483              		.cfi_offset 14, -4
 1484              		.loc 1 329 20 view .LVU396
 1485 0008 9C69     		ldr	r4, [r3, #24]
 1486              	.LVL116:
 1487              		.loc 1 331 3 is_stmt 1 view .LVU397
 1488              		.loc 1 331 6 is_stmt 0 view .LVU398
 1489 000a 002C     		cmp	r4, #0
 1490 000c 39D0     		beq	.L70
 1491              		.loc 1 335 3 is_stmt 1 view .LVU399
 1492              	.LBB321:
 1493              	.LBI321:
 1494              		.loc 2 513 20 view .LVU400
 1495              		.loc 2 515 3 view .LVU401
 1496              	.LBB322:
 1497              	.LBI322:
 1498              		.loc 3 386 20 view .LVU402
 1499              	.LBB323:
 1500              		.loc 3 388 3 view .LVU403
 1501              	.LBB324:
 1502              	.LBI324:
 1503              		.loc 4 473 20 view .LVU404
 1504              		.loc 4 475 3 view .LVU405
 1505              	.LBB325:
 1506              	.LBI325:
 1507              		.loc 4 444 20 view .LVU406
 1508              		.loc 4 447 3 view .LVU407
 1509              	.LVL117:
 1510              	.LBB326:
 1511              	.LBI326:
 1512              		.loc 5 544 57 view .LVU408
 1513              	.LBB327:
 1514              		.loc 5 546 3 view .LVU409
 1515 000e 0546     		mov	r5, r0
 1516 0010 0E46     		mov	r6, r1
 1517 0012 4FF02008 		mov	r8, #32
 1518              		.syntax unified
 1519              	@ 546 "../RC_Controller/ChibiOS_3.0.5/os/ext/CMSIS/include/core_cmFunc.h" 1
 1520 0016 88F31188 		MSR basepri, r8
 1521              	@ 0 "" 2
 1522              	.LVL118:
 1523              		.loc 5 546 3 is_stmt 0 view .LVU410
 1524              		.thumb
 1525              		.syntax unified
 1526              	.LBE327:
 1527              	.LBE326:
 1528              	.LBE325:
 1529              	.LBE324:
 1530              		.loc 3 389 34 is_stmt 1 view .LVU411
 1531              		.loc 3 390 3 view .LVU412
 1532 001a FFF7FEFF 		bl	_dbg_check_lock_from_isr
 1533              	.LVL119:
 1534              		.loc 3 390 3 is_stmt 0 view .LVU413
 1535              	.LBE323:
 1536              	.LBE322:
 1537              	.LBE321:
 1538              		.loc 1 336 3 is_stmt 1 view .LVU414
 1539              	.LBB328:
ARM GAS  /tmp/ccNufGNo.s 			page 28


 1540              	.LBI328:
 1541              		.loc 2 847 20 view .LVU415
 1542              	.LBB329:
 1543              		.loc 2 850 3 view .LVU416
 1544              		.loc 2 850 6 is_stmt 0 view .LVU417
 1545 001e 6368     		ldr	r3, [r4, #4]
 1546              		.loc 2 850 14 view .LVU418
 1547 0020 43F00803 		orr	r3, r3, #8
 1548 0024 6360     		str	r3, [r4, #4]
 1549              	.LVL120:
 1550              		.loc 2 850 14 view .LVU419
 1551              	.LBE329:
 1552              	.LBE328:
 1553              		.loc 1 336 39 is_stmt 1 discriminator 1 view .LVU420
 1554              		.loc 1 339 3 view .LVU421
 1555              		.loc 1 339 12 is_stmt 0 view .LVU422
 1556 0026 D4E90F13 		ldrd	r1, r3, [r4, #60]
 1557 002a A76B     		ldr	r7, [r4, #56]
 1558 002c 5B1A     		subs	r3, r3, r1
 1559              	.LVL121:
 1560              		.loc 1 339 6 view .LVU423
 1561 002e DF1B     		subs	r7, r3, r7
 1562              	.LVL122:
 1563              		.loc 1 339 6 view .LVU424
 1564 0030 0ED1     		bne	.L82
 1565              		.loc 1 349 8 is_stmt 1 view .LVU425
 1566              		.loc 1 349 22 is_stmt 0 view .LVU426
 1567 0032 05EB8603 		add	r3, r5, r6, lsl #2
 1568 0036 DB68     		ldr	r3, [r3, #12]
 1569              		.loc 1 349 36 view .LVU427
 1570 0038 5A69     		ldr	r2, [r3, #20]
 1571 003a 5768     		ldr	r7, [r2, #4]
 1572              	.LVL123:
 1573              		.loc 1 349 11 view .LVU428
 1574 003c E7B1     		cbz	r7, .L73
 1575              		.loc 1 351 14 view .LVU429
 1576 003e 1B8A     		ldrh	r3, [r3, #16]
 1577              		.loc 1 351 48 view .LVU430
 1578 0040 013B     		subs	r3, r3, #1
 1579              		.loc 1 349 51 discriminator 1 view .LVU431
 1580 0042 1F40     		ands	r7, r3, r7
 1581 0044 18D1     		bne	.L73
 1582              		.loc 1 356 5 is_stmt 1 view .LVU432
 1583              	.LBB330:
 1584              	.LBI330:
 1585              		.loc 2 524 20 view .LVU433
 1586              		.loc 2 526 3 view .LVU434
 1587              	.LBB331:
 1588              	.LBI331:
 1589              		.loc 3 406 20 view .LVU435
 1590              	.LBB332:
 1591              		.loc 3 408 3 view .LVU436
 1592 0046 FFF7FEFF 		bl	_dbg_check_unlock_from_isr
 1593              	.LVL124:
 1594              		.loc 3 409 33 view .LVU437
 1595              		.loc 3 410 3 view .LVU438
 1596              	.LBB333:
ARM GAS  /tmp/ccNufGNo.s 			page 29


 1597              	.LBI333:
 1598              		.loc 4 484 20 view .LVU439
 1599              		.loc 4 486 3 view .LVU440
 1600              	.LBB334:
 1601              	.LBI334:
 1602              		.loc 4 458 20 view .LVU441
 1603              		.loc 4 461 3 view .LVU442
 1604              	.LBB335:
 1605              	.LBI335:
 1606              		.loc 5 544 57 view .LVU443
 1607              	.LBB336:
 1608              		.loc 5 546 3 view .LVU444
 1609              		.syntax unified
 1610              	@ 546 "../RC_Controller/ChibiOS_3.0.5/os/ext/CMSIS/include/core_cmFunc.h" 1
 1611 004a 87F31188 		MSR basepri, r7
 1612              	@ 0 "" 2
 1613              		.thumb
 1614              		.syntax unified
 1615 004e 04E0     		b	.L81
 1616              	.LVL125:
 1617              	.L82:
 1618              		.loc 5 546 3 is_stmt 0 view .LVU445
 1619              	.LBE336:
 1620              	.LBE335:
 1621              	.LBE334:
 1622              	.LBE333:
 1623              	.LBE332:
 1624              	.LBE331:
 1625              	.LBE330:
 1626              		.loc 1 342 5 is_stmt 1 view .LVU446
 1627              	.LBB337:
 1628              	.LBI337:
 1629              		.loc 2 524 20 view .LVU447
 1630              		.loc 2 526 3 view .LVU448
 1631              	.LBB338:
 1632              	.LBI338:
 1633              		.loc 3 406 20 view .LVU449
 1634              	.LBB339:
 1635              		.loc 3 408 3 view .LVU450
 1636 0050 FFF7FEFF 		bl	_dbg_check_unlock_from_isr
 1637              	.LVL126:
 1638              		.loc 3 409 33 view .LVU451
 1639              		.loc 3 410 3 view .LVU452
 1640              	.LBB340:
 1641              	.LBI340:
 1642              		.loc 4 484 20 view .LVU453
 1643              		.loc 4 486 3 view .LVU454
 1644              	.LBB341:
 1645              	.LBI341:
 1646              		.loc 4 458 20 view .LVU455
 1647              		.loc 4 461 3 view .LVU456
 1648              	.LBB342:
 1649              	.LBI342:
 1650              		.loc 5 544 57 view .LVU457
 1651              	.LBB343:
 1652              		.loc 5 546 3 view .LVU458
 1653 0054 0023     		movs	r3, #0
ARM GAS  /tmp/ccNufGNo.s 			page 30


 1654              		.syntax unified
 1655              	@ 546 "../RC_Controller/ChibiOS_3.0.5/os/ext/CMSIS/include/core_cmFunc.h" 1
 1656 0056 83F31188 		MSR basepri, r3
 1657              	@ 0 "" 2
 1658              	.LVL127:
 1659              		.loc 5 546 3 is_stmt 0 view .LVU459
 1660              		.thumb
 1661              		.syntax unified
 1662              	.LBE343:
 1663              	.LBE342:
 1664              	.LBE341:
 1665              	.LBE340:
 1666              	.LBE339:
 1667              	.LBE338:
 1668              	.LBE337:
 1669              		.loc 1 344 5 is_stmt 1 view .LVU460
 1670              	.L81:
 1671              		.loc 1 358 5 view .LVU461
 1672 005a 3B46     		mov	r3, r7
 1673 005c 04F13002 		add	r2, r4, #48
 1674 0060 3146     		mov	r1, r6
 1675 0062 2846     		mov	r0, r5
 1676 0064 FFF7FEFF 		bl	usbPrepareQueuedTransmit
 1677              	.LVL128:
 1678              		.loc 1 360 5 view .LVU462
 1679              	.LBB344:
 1680              	.LBI344:
 1681              		.loc 2 513 20 view .LVU463
 1682              		.loc 2 515 3 view .LVU464
 1683              	.LBB345:
 1684              	.LBI345:
 1685              		.loc 3 386 20 view .LVU465
 1686              	.LBB346:
 1687              		.loc 3 388 3 view .LVU466
 1688              	.LBB347:
 1689              	.LBI347:
 1690              		.loc 4 473 20 view .LVU467
 1691              		.loc 4 475 3 view .LVU468
 1692              	.LBB348:
 1693              	.LBI348:
 1694              		.loc 4 444 20 view .LVU469
 1695              		.loc 4 447 3 view .LVU470
 1696              	.LBB349:
 1697              	.LBI349:
 1698              		.loc 5 544 57 view .LVU471
 1699              	.LBB350:
 1700              		.loc 5 546 3 view .LVU472
 1701              		.syntax unified
 1702              	@ 546 "../RC_Controller/ChibiOS_3.0.5/os/ext/CMSIS/include/core_cmFunc.h" 1
 1703 0068 88F31188 		MSR basepri, r8
 1704              	@ 0 "" 2
 1705              	.LVL129:
 1706              		.loc 5 546 3 is_stmt 0 view .LVU473
 1707              		.thumb
 1708              		.syntax unified
 1709              	.LBE350:
 1710              	.LBE349:
ARM GAS  /tmp/ccNufGNo.s 			page 31


 1711              	.LBE348:
 1712              	.LBE347:
 1713              		.loc 3 389 34 is_stmt 1 view .LVU474
 1714              		.loc 3 390 3 view .LVU475
 1715 006c FFF7FEFF 		bl	_dbg_check_lock_from_isr
 1716              	.LVL130:
 1717              	.LBE346:
 1718              	.LBE345:
 1719              	.LBE344:
 1720              		.loc 1 361 5 view .LVU476
 1721              		.loc 1 361 12 is_stmt 0 view .LVU477
 1722 0070 3146     		mov	r1, r6
 1723 0072 2846     		mov	r0, r5
 1724 0074 FFF7FEFF 		bl	usbStartTransmitI
 1725              	.LVL131:
 1726              	.L73:
 1727              		.loc 1 365 3 is_stmt 1 view .LVU478
 1728              	.LBB351:
 1729              	.LBI351:
 1730              		.loc 2 524 20 view .LVU479
 1731              	.LBB352:
 1732              		.loc 2 526 3 view .LVU480
 1733              	.LBB353:
 1734              	.LBI353:
 1735              		.loc 3 406 20 view .LVU481
 1736              	.LBB354:
 1737              		.loc 3 408 3 view .LVU482
 1738 0078 FFF7FEFF 		bl	_dbg_check_unlock_from_isr
 1739              	.LVL132:
 1740              		.loc 3 409 33 view .LVU483
 1741              		.loc 3 410 3 view .LVU484
 1742              	.LBB355:
 1743              	.LBI355:
 1744              		.loc 4 484 20 view .LVU485
 1745              		.loc 4 486 3 view .LVU486
 1746              	.LBB356:
 1747              	.LBI356:
 1748              		.loc 4 458 20 view .LVU487
 1749              		.loc 4 461 3 view .LVU488
 1750              	.LBB357:
 1751              	.LBI357:
 1752              		.loc 5 544 57 view .LVU489
 1753              	.LBB358:
 1754              		.loc 5 546 3 view .LVU490
 1755 007c 0023     		movs	r3, #0
 1756              		.syntax unified
 1757              	@ 546 "../RC_Controller/ChibiOS_3.0.5/os/ext/CMSIS/include/core_cmFunc.h" 1
 1758 007e 83F31188 		MSR basepri, r3
 1759              	@ 0 "" 2
 1760              	.LVL133:
 1761              		.thumb
 1762              		.syntax unified
 1763              	.L70:
 1764              		.loc 5 546 3 is_stmt 0 view .LVU491
 1765              	.LBE358:
 1766              	.LBE357:
 1767              	.LBE356:
ARM GAS  /tmp/ccNufGNo.s 			page 32


 1768              	.LBE355:
 1769              	.LBE354:
 1770              	.LBE353:
 1771              	.LBE352:
 1772              	.LBE351:
 1773              		.loc 1 366 1 view .LVU492
 1774 0082 BDE8F081 		pop	{r4, r5, r6, r7, r8, pc}
 1775              		.loc 1 366 1 view .LVU493
 1776              		.cfi_endproc
 1777              	.LFE239:
 1778              		.size	sduDataTransmitted, .-sduDataTransmitted
 1779 0086 00BF     		.section	.text.sduDataReceived,"ax",%progbits
 1780              		.align	1
 1781              		.p2align 4,,15
 1782              		.global	sduDataReceived
 1783              		.syntax unified
 1784              		.thumb
 1785              		.thumb_func
 1786              		.type	sduDataReceived, %function
 1787              	sduDataReceived:
 1788              	.LVL134:
 1789              	.LFB240:
 1790              		.loc 1 376 51 is_stmt 1 view -0
 1791              		.cfi_startproc
 1792              		@ args = 0, pretend = 0, frame = 0
 1793              		@ frame_needed = 0, uses_anonymous_args = 0
 1794              		.loc 1 377 3 view .LVU495
 1795              		.loc 1 378 3 view .LVU496
 1796              		.loc 1 376 51 is_stmt 0 view .LVU497
 1797 0000 2DE9F843 		push	{r3, r4, r5, r6, r7, r8, r9, lr}
 1798              		.cfi_def_cfa_offset 32
 1799              		.cfi_offset 3, -32
 1800              		.cfi_offset 4, -28
 1801              		.cfi_offset 5, -24
 1802              		.cfi_offset 6, -20
 1803              		.cfi_offset 7, -16
 1804              		.cfi_offset 8, -12
 1805              		.cfi_offset 9, -8
 1806              		.cfi_offset 14, -4
 1807              		.loc 1 378 20 view .LVU498
 1808 0004 01F10903 		add	r3, r1, #9
 1809 0008 50F82340 		ldr	r4, [r0, r3, lsl #2]
 1810              	.LVL135:
 1811              		.loc 1 380 3 is_stmt 1 view .LVU499
 1812              		.loc 1 380 6 is_stmt 0 view .LVU500
 1813 000c E4B1     		cbz	r4, .L83
 1814              		.loc 1 384 3 is_stmt 1 view .LVU501
 1815              	.LBB359:
 1816              	.LBI359:
 1817              		.loc 2 513 20 view .LVU502
 1818              		.loc 2 515 3 view .LVU503
 1819              	.LBB360:
 1820              	.LBI360:
 1821              		.loc 3 386 20 view .LVU504
 1822              	.LBB361:
 1823              		.loc 3 388 3 view .LVU505
 1824              	.LBB362:
ARM GAS  /tmp/ccNufGNo.s 			page 33


 1825              	.LBI362:
 1826              		.loc 4 473 20 view .LVU506
 1827              		.loc 4 475 3 view .LVU507
 1828              	.LBB363:
 1829              	.LBI363:
 1830              		.loc 4 444 20 view .LVU508
 1831              		.loc 4 447 3 view .LVU509
 1832              	.LVL136:
 1833              	.LBB364:
 1834              	.LBI364:
 1835              		.loc 5 544 57 view .LVU510
 1836              	.LBB365:
 1837              		.loc 5 546 3 view .LVU511
 1838 000e 0E46     		mov	r6, r1
 1839 0010 0546     		mov	r5, r0
 1840 0012 4FF02008 		mov	r8, #32
 1841              		.syntax unified
 1842              	@ 546 "../RC_Controller/ChibiOS_3.0.5/os/ext/CMSIS/include/core_cmFunc.h" 1
 1843 0016 88F31188 		MSR basepri, r8
 1844              	@ 0 "" 2
 1845              	.LVL137:
 1846              		.loc 5 546 3 is_stmt 0 view .LVU512
 1847              		.thumb
 1848              		.syntax unified
 1849              	.LBE365:
 1850              	.LBE364:
 1851              	.LBE363:
 1852              	.LBE362:
 1853              		.loc 3 389 34 is_stmt 1 view .LVU513
 1854              		.loc 3 390 3 view .LVU514
 1855 001a FFF7FEFF 		bl	_dbg_check_lock_from_isr
 1856              	.LVL138:
 1857              		.loc 3 390 3 is_stmt 0 view .LVU515
 1858              	.LBE361:
 1859              	.LBE360:
 1860              	.LBE359:
 1861              		.loc 1 385 3 is_stmt 1 view .LVU516
 1862              	.LBB366:
 1863              	.LBI366:
 1864              		.loc 2 847 20 view .LVU517
 1865              	.LBB367:
 1866              		.loc 2 850 3 view .LVU518
 1867              		.loc 2 850 6 is_stmt 0 view .LVU519
 1868 001e 6368     		ldr	r3, [r4, #4]
 1869              		.loc 2 850 14 view .LVU520
 1870 0020 43F00403 		orr	r3, r3, #4
 1871 0024 6360     		str	r3, [r4, #4]
 1872              	.LVL139:
 1873              		.loc 2 850 14 view .LVU521
 1874              	.LBE367:
 1875              	.LBE366:
 1876              		.loc 1 385 42 is_stmt 1 discriminator 1 view .LVU522
 1877              		.loc 1 389 3 view .LVU523
 1878              		.loc 1 389 22 is_stmt 0 view .LVU524
 1879 0026 05EB8603 		add	r3, r5, r6, lsl #2
 1880              		.loc 1 389 26 view .LVU525
 1881 002a DB68     		ldr	r3, [r3, #12]
ARM GAS  /tmp/ccNufGNo.s 			page 34


 1882              		.loc 1 389 11 view .LVU526
 1883 002c B3F81290 		ldrh	r9, [r3, #18]
 1884              	.LVL140:
 1885              		.loc 1 390 3 is_stmt 1 view .LVU527
 1886              		.loc 1 390 12 is_stmt 0 view .LVU528
 1887 0030 D4E90637 		ldrd	r3, r7, [r4, #24]
 1888 0034 FF1A     		subs	r7, r7, r3
 1889 0036 6369     		ldr	r3, [r4, #20]
 1890              		.loc 1 390 10 view .LVU529
 1891 0038 FF1A     		subs	r7, r7, r3
 1892              	.LVL141:
 1893              		.loc 1 390 6 view .LVU530
 1894 003a B945     		cmp	r9, r7
 1895 003c 06D9     		bls	.L90
 1896              	.LVL142:
 1897              	.L85:
 1898              		.loc 1 401 3 is_stmt 1 view .LVU531
 1899              	.LBB368:
 1900              	.LBI368:
 1901              		.loc 2 524 20 view .LVU532
 1902              	.LBB369:
 1903              		.loc 2 526 3 view .LVU533
 1904              	.LBB370:
 1905              	.LBI370:
 1906              		.loc 3 406 20 view .LVU534
 1907              	.LBB371:
 1908              		.loc 3 408 3 view .LVU535
 1909 003e FFF7FEFF 		bl	_dbg_check_unlock_from_isr
 1910              	.LVL143:
 1911              		.loc 3 409 33 view .LVU536
 1912              		.loc 3 410 3 view .LVU537
 1913              	.LBB372:
 1914              	.LBI372:
 1915              		.loc 4 484 20 view .LVU538
 1916              		.loc 4 486 3 view .LVU539
 1917              	.LBB373:
 1918              	.LBI373:
 1919              		.loc 4 458 20 view .LVU540
 1920              		.loc 4 461 3 view .LVU541
 1921              	.LBB374:
 1922              	.LBI374:
 1923              		.loc 5 544 57 view .LVU542
 1924              	.LBB375:
 1925              		.loc 5 546 3 view .LVU543
 1926 0042 0023     		movs	r3, #0
 1927              		.syntax unified
 1928              	@ 546 "../RC_Controller/ChibiOS_3.0.5/os/ext/CMSIS/include/core_cmFunc.h" 1
 1929 0044 83F31188 		MSR basepri, r3
 1930              	@ 0 "" 2
 1931              	.LVL144:
 1932              		.thumb
 1933              		.syntax unified
 1934              	.L83:
 1935              		.loc 5 546 3 is_stmt 0 view .LVU544
 1936              	.LBE375:
 1937              	.LBE374:
 1938              	.LBE373:
ARM GAS  /tmp/ccNufGNo.s 			page 35


 1939              	.LBE372:
 1940              	.LBE371:
 1941              	.LBE370:
 1942              	.LBE369:
 1943              	.LBE368:
 1944              		.loc 1 402 1 view .LVU545
 1945 0048 BDE8F883 		pop	{r3, r4, r5, r6, r7, r8, r9, pc}
 1946              	.LVL145:
 1947              	.L90:
 1948              		.loc 1 393 5 is_stmt 1 view .LVU546
 1949              	.LBB376:
 1950              	.LBI376:
 1951              		.loc 2 524 20 view .LVU547
 1952              		.loc 2 526 3 view .LVU548
 1953              	.LBB377:
 1954              	.LBI377:
 1955              		.loc 3 406 20 view .LVU549
 1956              	.LBB378:
 1957              		.loc 3 408 3 view .LVU550
 1958 004c FFF7FEFF 		bl	_dbg_check_unlock_from_isr
 1959              	.LVL146:
 1960              		.loc 3 409 33 view .LVU551
 1961              		.loc 3 410 3 view .LVU552
 1962              	.LBB379:
 1963              	.LBI379:
 1964              		.loc 4 484 20 view .LVU553
 1965              		.loc 4 486 3 view .LVU554
 1966              	.LBB380:
 1967              	.LBI380:
 1968              		.loc 4 458 20 view .LVU555
 1969              		.loc 4 461 3 view .LVU556
 1970              	.LBB381:
 1971              	.LBI381:
 1972              		.loc 5 544 57 view .LVU557
 1973              	.LBB382:
 1974              		.loc 5 546 3 view .LVU558
 1975 0050 0023     		movs	r3, #0
 1976              		.syntax unified
 1977              	@ 546 "../RC_Controller/ChibiOS_3.0.5/os/ext/CMSIS/include/core_cmFunc.h" 1
 1978 0052 83F31188 		MSR basepri, r3
 1979              	@ 0 "" 2
 1980              	.LVL147:
 1981              		.loc 5 546 3 is_stmt 0 view .LVU559
 1982              		.thumb
 1983              		.syntax unified
 1984              	.LBE382:
 1985              	.LBE381:
 1986              	.LBE380:
 1987              	.LBE379:
 1988              	.LBE378:
 1989              	.LBE377:
 1990              	.LBE376:
 1991              		.loc 1 395 5 is_stmt 1 view .LVU560
 1992              		.loc 1 396 5 is_stmt 0 view .LVU561
 1993 0056 04F10C02 		add	r2, r4, #12
 1994 005a 3146     		mov	r1, r6
 1995 005c 2846     		mov	r0, r5
ARM GAS  /tmp/ccNufGNo.s 			page 36


 1996              		.loc 1 395 12 view .LVU562
 1997 005e B7FBF9F7 		udiv	r7, r7, r9
 1998              	.LVL148:
 1999              		.loc 1 396 5 is_stmt 1 view .LVU563
 2000 0062 09FB07F3 		mul	r3, r9, r7
 2001              	.LVL149:
 2002              		.loc 1 396 5 is_stmt 0 view .LVU564
 2003 0066 FFF7FEFF 		bl	usbPrepareQueuedReceive
 2004              	.LVL150:
 2005              		.loc 1 398 5 is_stmt 1 view .LVU565
 2006              	.LBB383:
 2007              	.LBI383:
 2008              		.loc 2 513 20 view .LVU566
 2009              		.loc 2 515 3 view .LVU567
 2010              	.LBB384:
 2011              	.LBI384:
 2012              		.loc 3 386 20 view .LVU568
 2013              	.LBB385:
 2014              		.loc 3 388 3 view .LVU569
 2015              	.LBB386:
 2016              	.LBI386:
 2017              		.loc 4 473 20 view .LVU570
 2018              		.loc 4 475 3 view .LVU571
 2019              	.LBB387:
 2020              	.LBI387:
 2021              		.loc 4 444 20 view .LVU572
 2022              		.loc 4 447 3 view .LVU573
 2023              	.LBB388:
 2024              	.LBI388:
 2025              		.loc 5 544 57 view .LVU574
 2026              	.LBB389:
 2027              		.loc 5 546 3 view .LVU575
 2028              		.syntax unified
 2029              	@ 546 "../RC_Controller/ChibiOS_3.0.5/os/ext/CMSIS/include/core_cmFunc.h" 1
 2030 006a 88F31188 		MSR basepri, r8
 2031              	@ 0 "" 2
 2032              	.LVL151:
 2033              		.loc 5 546 3 is_stmt 0 view .LVU576
 2034              		.thumb
 2035              		.syntax unified
 2036              	.LBE389:
 2037              	.LBE388:
 2038              	.LBE387:
 2039              	.LBE386:
 2040              		.loc 3 389 34 is_stmt 1 view .LVU577
 2041              		.loc 3 390 3 view .LVU578
 2042 006e FFF7FEFF 		bl	_dbg_check_lock_from_isr
 2043              	.LVL152:
 2044              	.LBE385:
 2045              	.LBE384:
 2046              	.LBE383:
 2047              		.loc 1 399 5 view .LVU579
 2048              		.loc 1 399 12 is_stmt 0 view .LVU580
 2049 0072 3146     		mov	r1, r6
 2050 0074 2846     		mov	r0, r5
 2051 0076 FFF7FEFF 		bl	usbStartReceiveI
 2052              	.LVL153:
ARM GAS  /tmp/ccNufGNo.s 			page 37


 2053 007a E0E7     		b	.L85
 2054              		.cfi_endproc
 2055              	.LFE240:
 2056              		.size	sduDataReceived, .-sduDataReceived
 2057              		.section	.text.sduInterruptTransmitted,"ax",%progbits
 2058              		.align	1
 2059              		.p2align 4,,15
 2060              		.global	sduInterruptTransmitted
 2061              		.syntax unified
 2062              		.thumb
 2063              		.thumb_func
 2064              		.type	sduInterruptTransmitted, %function
 2065              	sduInterruptTransmitted:
 2066              	.LVL154:
 2067              	.LFB241:
 2068              		.loc 1 412 59 is_stmt 1 view -0
 2069              		.cfi_startproc
 2070              		@ args = 0, pretend = 0, frame = 0
 2071              		@ frame_needed = 0, uses_anonymous_args = 0
 2072              		@ link register save eliminated.
 2073              		.loc 1 414 3 view .LVU582
 2074              		.loc 1 415 3 view .LVU583
 2075              		.loc 1 416 1 is_stmt 0 view .LVU584
 2076 0000 7047     		bx	lr
 2077              		.cfi_endproc
 2078              	.LFE241:
 2079              		.size	sduInterruptTransmitted, .-sduInterruptTransmitted
 2080 0002 00BF     		.section	.rodata.__func__.0,"a"
 2081              		.align	2
 2082              		.type	__func__.0, %object
 2083              		.size	__func__.0, 8
 2084              	__func__.0:
 2085 0000 73647553 		.ascii	"sduStop\000"
 2085      746F7000 
 2086              		.section	.rodata.__func__.1,"a"
 2087              		.align	2
 2088              		.type	__func__.1, %object
 2089              		.size	__func__.1, 9
 2090              	__func__.1:
 2091 0000 73647553 		.ascii	"sduStart\000"
 2091      74617274 
 2091      00
 2092              		.section	.rodata.__func__.2,"a"
 2093              		.align	2
 2094              		.type	__func__.2, %object
 2095              		.size	__func__.2, 12
 2096              	__func__.2:
 2097 0000 63685379 		.ascii	"chSysUnlock\000"
 2097      73556E6C 
 2097      6F636B00 
 2098              		.section	.rodata.vmt,"a"
 2099              		.align	2
 2100              		.type	vmt, %object
 2101              		.size	vmt, 32
 2102              	vmt:
 2103 0000 00000000 		.word	write
 2104 0004 00000000 		.word	read
ARM GAS  /tmp/ccNufGNo.s 			page 38


 2105 0008 00000000 		.word	put
 2106 000c 00000000 		.word	get
 2107 0010 00000000 		.word	putt
 2108 0014 00000000 		.word	gett
 2109 0018 00000000 		.word	writet
 2110 001c 00000000 		.word	readt
 2111              		.section	.data.linecoding,"aw"
 2112              		.align	2
 2113              		.type	linecoding, %object
 2114              		.size	linecoding, 7
 2115              	linecoding:
 2116 0000 00960000 		.ascii	"\000\226\000\000"
 2117 0004 00       		.byte	0
 2118 0005 00       		.byte	0
 2119 0006 08       		.byte	8
 2120              		.text
 2121              	.Letext0:
 2122              		.file 6 "/opt/arm-gnu-toolchain-13.2.Rel1-x86_64-arm-none-eabi/lib/gcc/arm-none-eabi/13.2.1/includ
 2123              		.file 7 "/opt/arm-gnu-toolchain-13.2.Rel1-x86_64-arm-none-eabi/arm-none-eabi/include/machine/_defa
 2124              		.file 8 "/opt/arm-gnu-toolchain-13.2.Rel1-x86_64-arm-none-eabi/arm-none-eabi/include/sys/_stdint.h
 2125              		.file 9 "../RC_Controller/ChibiOS_3.0.5/os/rt/ports/ARMCMx/compilers/GCC/chtypes.h"
 2126              		.file 10 "../RC_Controller/ChibiOS_3.0.5/os/rt/include/chsystypes.h"
 2127              		.file 11 "../RC_Controller/ChibiOS_3.0.5/os/rt/include/chschd.h"
 2128              		.file 12 "../RC_Controller/ChibiOS_3.0.5/os/rt/ports/ARMCMx/chcore.h"
 2129              		.file 13 "../RC_Controller/ChibiOS_3.0.5/os/rt/include/chtm.h"
 2130              		.file 14 "../RC_Controller/ChibiOS_3.0.5/os/rt/include/chsem.h"
 2131              		.file 15 "../RC_Controller/ChibiOS_3.0.5/os/rt/include/chmtx.h"
 2132              		.file 16 "../RC_Controller/ChibiOS_3.0.5/os/hal/include/hal_queues.h"
 2133              		.file 17 "../RC_Controller/ChibiOS_3.0.5/os/hal/include/usb.h"
 2134              		.file 18 "../RC_Controller/ChibiOS_3.0.5/os/hal/ports/STM32/LLD/OTGv1/usb_lld.h"
 2135              		.file 19 "../RC_Controller/ChibiOS_3.0.5/os/hal/ports/STM32/LLD/OTGv1/stm32_otg.h"
 2136              		.file 20 "../RC_Controller/ChibiOS_3.0.5/os/hal/include/serial_usb.h"
 2137              		.file 21 "../RC_Controller/ChibiOS_3.0.5/os/rt/include/chdebug.h"
 2138              		.section	.debug_info,"",%progbits
 2139              	.Ldebug_info0:
 2140 0000 0C2C0000 		.4byte	0x2c0c
 2141 0004 0500     		.2byte	0x5
 2142 0006 01       		.byte	0x1
 2143 0007 04       		.byte	0x4
 2144 0008 00000000 		.4byte	.Ldebug_abbrev0
 2145 000c 3F       		.uleb128 0x3f
 2146 000d 4F000000 		.4byte	.LASF348
 2147 0011 0C       		.byte	0xc
 2148 0012 07000000 		.4byte	.LASF349
 2149 0016 F00B0000 		.4byte	.LASF350
 2150 001a 93000000 		.4byte	.LLRL84
 2151 001e 00000000 		.4byte	0
 2152 0022 00000000 		.4byte	.Ldebug_line0
 2153 0026 16       		.uleb128 0x16
 2154 0027 08       		.byte	0x8
 2155 0028 07       		.byte	0x7
 2156 0029 F50A0000 		.4byte	.LASF0
 2157 002d 16       		.uleb128 0x16
 2158 002e 04       		.byte	0x4
 2159 002f 07       		.byte	0x7
 2160 0030 3D090000 		.4byte	.LASF1
 2161 0034 16       		.uleb128 0x16
ARM GAS  /tmp/ccNufGNo.s 			page 39


 2162 0035 01       		.byte	0x1
 2163 0036 08       		.byte	0x8
 2164 0037 67040000 		.4byte	.LASF2
 2165 003b 40       		.uleb128 0x40
 2166 003c 04       		.byte	0x4
 2167 003d 05       		.byte	0x5
 2168 003e 696E7400 		.ascii	"int\000"
 2169 0042 05       		.uleb128 0x5
 2170 0043 00000000 		.4byte	.LASF4
 2171 0047 06       		.byte	0x6
 2172 0048 D6       		.byte	0xd6
 2173 0049 17       		.byte	0x17
 2174 004a 2D000000 		.4byte	0x2d
 2175 004e 12       		.uleb128 0x12
 2176 004f 42000000 		.4byte	0x42
 2177 0053 16       		.uleb128 0x16
 2178 0054 01       		.byte	0x1
 2179 0055 06       		.byte	0x6
 2180 0056 F2030000 		.4byte	.LASF3
 2181 005a 05       		.uleb128 0x5
 2182 005b C6020000 		.4byte	.LASF5
 2183 005f 07       		.byte	0x7
 2184 0060 2B       		.byte	0x2b
 2185 0061 18       		.byte	0x18
 2186 0062 34000000 		.4byte	0x34
 2187 0066 16       		.uleb128 0x16
 2188 0067 02       		.byte	0x2
 2189 0068 05       		.byte	0x5
 2190 0069 3D0D0000 		.4byte	.LASF6
 2191 006d 05       		.uleb128 0x5
 2192 006e 3F050000 		.4byte	.LASF7
 2193 0072 07       		.byte	0x7
 2194 0073 39       		.byte	0x39
 2195 0074 19       		.byte	0x19
 2196 0075 79000000 		.4byte	0x79
 2197 0079 16       		.uleb128 0x16
 2198 007a 02       		.byte	0x2
 2199 007b 07       		.byte	0x7
 2200 007c 240F0000 		.4byte	.LASF8
 2201 0080 05       		.uleb128 0x5
 2202 0081 AC0F0000 		.4byte	.LASF9
 2203 0085 07       		.byte	0x7
 2204 0086 4D       		.byte	0x4d
 2205 0087 18       		.byte	0x18
 2206 0088 8C000000 		.4byte	0x8c
 2207 008c 16       		.uleb128 0x16
 2208 008d 04       		.byte	0x4
 2209 008e 05       		.byte	0x5
 2210 008f 11030000 		.4byte	.LASF10
 2211 0093 05       		.uleb128 0x5
 2212 0094 20080000 		.4byte	.LASF11
 2213 0098 07       		.byte	0x7
 2214 0099 4F       		.byte	0x4f
 2215 009a 19       		.byte	0x19
 2216 009b 9F000000 		.4byte	0x9f
 2217 009f 16       		.uleb128 0x16
 2218 00a0 04       		.byte	0x4
ARM GAS  /tmp/ccNufGNo.s 			page 40


 2219 00a1 07       		.byte	0x7
 2220 00a2 E1060000 		.4byte	.LASF12
 2221 00a6 16       		.uleb128 0x16
 2222 00a7 08       		.byte	0x8
 2223 00a8 05       		.byte	0x5
 2224 00a9 3C080000 		.4byte	.LASF13
 2225 00ad 05       		.uleb128 0x5
 2226 00ae C2060000 		.4byte	.LASF14
 2227 00b2 07       		.byte	0x7
 2228 00b3 69       		.byte	0x69
 2229 00b4 19       		.byte	0x19
 2230 00b5 26000000 		.4byte	0x26
 2231 00b9 05       		.uleb128 0x5
 2232 00ba 08040000 		.4byte	.LASF15
 2233 00be 08       		.byte	0x8
 2234 00bf 18       		.byte	0x18
 2235 00c0 13       		.byte	0x13
 2236 00c1 5A000000 		.4byte	0x5a
 2237 00c5 17       		.uleb128 0x17
 2238 00c6 B9000000 		.4byte	0xb9
 2239 00ca 05       		.uleb128 0x5
 2240 00cb 1D0B0000 		.4byte	.LASF16
 2241 00cf 08       		.byte	0x8
 2242 00d0 24       		.byte	0x24
 2243 00d1 14       		.byte	0x14
 2244 00d2 6D000000 		.4byte	0x6d
 2245 00d6 05       		.uleb128 0x5
 2246 00d7 8C010000 		.4byte	.LASF17
 2247 00db 08       		.byte	0x8
 2248 00dc 2C       		.byte	0x2c
 2249 00dd 13       		.byte	0x13
 2250 00de 80000000 		.4byte	0x80
 2251 00e2 05       		.uleb128 0x5
 2252 00e3 D30E0000 		.4byte	.LASF18
 2253 00e7 08       		.byte	0x8
 2254 00e8 30       		.byte	0x30
 2255 00e9 14       		.byte	0x14
 2256 00ea 93000000 		.4byte	0x93
 2257 00ee 12       		.uleb128 0x12
 2258 00ef E2000000 		.4byte	0xe2
 2259 00f3 05       		.uleb128 0x5
 2260 00f4 5C0D0000 		.4byte	.LASF19
 2261 00f8 08       		.byte	0x8
 2262 00f9 3C       		.byte	0x3c
 2263 00fa 14       		.byte	0x14
 2264 00fb AD000000 		.4byte	0xad
 2265 00ff 05       		.uleb128 0x5
 2266 0100 67090000 		.4byte	.LASF20
 2267 0104 09       		.byte	0x9
 2268 0105 45       		.byte	0x45
 2269 0106 1D       		.byte	0x1d
 2270 0107 E2000000 		.4byte	0xe2
 2271 010b 05       		.uleb128 0x5
 2272 010c AD0C0000 		.4byte	.LASF21
 2273 0110 09       		.byte	0x9
 2274 0111 48       		.byte	0x48
 2275 0112 1D       		.byte	0x1d
ARM GAS  /tmp/ccNufGNo.s 			page 41


 2276 0113 B9000000 		.4byte	0xb9
 2277 0117 05       		.uleb128 0x5
 2278 0118 53030000 		.4byte	.LASF22
 2279 011c 09       		.byte	0x9
 2280 011d 49       		.byte	0x49
 2281 011e 1D       		.byte	0x1d
 2282 011f B9000000 		.4byte	0xb9
 2283 0123 05       		.uleb128 0x5
 2284 0124 AC0B0000 		.4byte	.LASF23
 2285 0128 09       		.byte	0x9
 2286 0129 4B       		.byte	0x4b
 2287 012a 1D       		.byte	0x1d
 2288 012b B9000000 		.4byte	0xb9
 2289 012f 05       		.uleb128 0x5
 2290 0130 7E010000 		.4byte	.LASF24
 2291 0134 09       		.byte	0x9
 2292 0135 4C       		.byte	0x4c
 2293 0136 1D       		.byte	0x1d
 2294 0137 E2000000 		.4byte	0xe2
 2295 013b 05       		.uleb128 0x5
 2296 013c 330B0000 		.4byte	.LASF25
 2297 0140 09       		.byte	0x9
 2298 0141 4D       		.byte	0x4d
 2299 0142 1D       		.byte	0x1d
 2300 0143 D6000000 		.4byte	0xd6
 2301 0147 05       		.uleb128 0x5
 2302 0148 7A0B0000 		.4byte	.LASF26
 2303 014c 09       		.byte	0x9
 2304 014d 50       		.byte	0x50
 2305 014e 1D       		.byte	0x1d
 2306 014f E2000000 		.4byte	0xe2
 2307 0153 12       		.uleb128 0x12
 2308 0154 47010000 		.4byte	0x147
 2309 0158 05       		.uleb128 0x5
 2310 0159 DF050000 		.4byte	.LASF27
 2311 015d 09       		.byte	0x9
 2312 015e 51       		.byte	0x51
 2313 015f 1D       		.byte	0x1d
 2314 0160 D6000000 		.4byte	0xd6
 2315 0164 05       		.uleb128 0x5
 2316 0165 45000000 		.4byte	.LASF28
 2317 0169 0A       		.byte	0xa
 2318 016a 33       		.byte	0x33
 2319 016b 12       		.byte	0x12
 2320 016c E2000000 		.4byte	0xe2
 2321 0170 12       		.uleb128 0x12
 2322 0171 64010000 		.4byte	0x164
 2323 0175 05       		.uleb128 0x5
 2324 0176 1F0A0000 		.4byte	.LASF29
 2325 017a 0A       		.byte	0xa
 2326 017b 3F       		.byte	0x3f
 2327 017c 1A       		.byte	0x1a
 2328 017d 81010000 		.4byte	0x181
 2329 0181 1B       		.uleb128 0x1b
 2330 0182 2A070000 		.4byte	.LASF44
 2331 0186 2C       		.byte	0x2c
 2332 0187 0B       		.byte	0xb
ARM GAS  /tmp/ccNufGNo.s 			page 42


 2333 0188 C2       		.byte	0xc2
 2334 0189 08       		.byte	0x8
 2335 018a 3B020000 		.4byte	0x23b
 2336 018e 01       		.uleb128 0x1
 2337 018f 1A030000 		.4byte	.LASF30
 2338 0193 0B       		.byte	0xb
 2339 0194 C3       		.byte	0xc3
 2340 0195 1A       		.byte	0x1a
 2341 0196 47020000 		.4byte	0x247
 2342 019a 00       		.byte	0
 2343 019b 01       		.uleb128 0x1
 2344 019c 3B030000 		.4byte	.LASF31
 2345 01a0 0B       		.byte	0xb
 2346 01a1 C5       		.byte	0xc5
 2347 01a2 1A       		.byte	0x1a
 2348 01a3 47020000 		.4byte	0x247
 2349 01a7 04       		.byte	0x4
 2350 01a8 01       		.uleb128 0x1
 2351 01a9 2E050000 		.4byte	.LASF32
 2352 01ad 0B       		.byte	0xb
 2353 01ae C7       		.byte	0xc7
 2354 01af 19       		.byte	0x19
 2355 01b0 2F010000 		.4byte	0x12f
 2356 01b4 08       		.byte	0x8
 2357 01b5 01       		.uleb128 0x1
 2358 01b6 78010000 		.4byte	.LASF33
 2359 01ba 0B       		.byte	0xb
 2360 01bb C8       		.byte	0xc8
 2361 01bc 19       		.byte	0x19
 2362 01bd 99040000 		.4byte	0x499
 2363 01c1 0C       		.byte	0xc
 2364 01c2 01       		.uleb128 0x1
 2365 01c3 09030000 		.4byte	.LASF34
 2366 01c7 0B       		.byte	0xb
 2367 01c8 CA       		.byte	0xca
 2368 01c9 1A       		.byte	0x1a
 2369 01ca 47020000 		.4byte	0x247
 2370 01ce 10       		.byte	0x10
 2371 01cf 01       		.uleb128 0x1
 2372 01d0 150B0000 		.4byte	.LASF35
 2373 01d4 0B       		.byte	0xb
 2374 01d5 CB       		.byte	0xcb
 2375 01d6 1A       		.byte	0x1a
 2376 01d7 47020000 		.4byte	0x247
 2377 01db 14       		.byte	0x14
 2378 01dc 01       		.uleb128 0x1
 2379 01dd F30F0000 		.4byte	.LASF36
 2380 01e1 0B       		.byte	0xb
 2381 01e2 D2       		.byte	0xd2
 2382 01e3 1A       		.byte	0x1a
 2383 01e4 F9060000 		.4byte	0x6f9
 2384 01e8 18       		.byte	0x18
 2385 01e9 01       		.uleb128 0x1
 2386 01ea 43100000 		.4byte	.LASF37
 2387 01ee 0B       		.byte	0xb
 2388 01ef DD       		.byte	0xdd
 2389 01f0 19       		.byte	0x19
ARM GAS  /tmp/ccNufGNo.s 			page 43


 2390 01f1 17010000 		.4byte	0x117
 2391 01f5 1C       		.byte	0x1c
 2392 01f6 01       		.uleb128 0x1
 2393 01f7 12090000 		.4byte	.LASF38
 2394 01fb 0B       		.byte	0xb
 2395 01fc E1       		.byte	0xe1
 2396 01fd 19       		.byte	0x19
 2397 01fe 0B010000 		.4byte	0x10b
 2398 0202 1D       		.byte	0x1d
 2399 0203 01       		.uleb128 0x1
 2400 0204 FE030000 		.4byte	.LASF39
 2401 0208 0B       		.byte	0xb
 2402 0209 EC       		.byte	0xec
 2403 020a 19       		.byte	0x19
 2404 020b 23010000 		.4byte	0x123
 2405 020f 1E       		.byte	0x1e
 2406 0210 0E       		.uleb128 0xe
 2407 0211 705F7500 		.ascii	"p_u\000"
 2408 0215 0B       		.byte	0xb
 2409 0216 3101     		.2byte	0x131
 2410 0218 19       		.byte	0x19
 2411 0219 37060000 		.4byte	0x637
 2412 021d 20       		.byte	0x20
 2413 021e 04       		.uleb128 0x4
 2414 021f 6C030000 		.4byte	.LASF40
 2415 0223 0B       		.byte	0xb
 2416 0224 4D01     		.2byte	0x14d
 2417 0226 1A       		.byte	0x1a
 2418 0227 F4060000 		.4byte	0x6f4
 2419 022b 24       		.byte	0x24
 2420 022c 04       		.uleb128 0x4
 2421 022d 630A0000 		.4byte	.LASF41
 2422 0231 0B       		.byte	0xb
 2423 0232 5101     		.2byte	0x151
 2424 0234 19       		.byte	0x19
 2425 0235 2F010000 		.4byte	0x12f
 2426 0239 28       		.byte	0x28
 2427 023a 00       		.byte	0
 2428 023b 05       		.uleb128 0x5
 2429 023c 280A0000 		.4byte	.LASF42
 2430 0240 0A       		.byte	0xa
 2431 0241 44       		.byte	0x44
 2432 0242 14       		.byte	0x14
 2433 0243 47020000 		.4byte	0x247
 2434 0247 06       		.uleb128 0x6
 2435 0248 75010000 		.4byte	0x175
 2436 024c 05       		.uleb128 0x5
 2437 024d 5C030000 		.4byte	.LASF43
 2438 0251 0A       		.byte	0xa
 2439 0252 50       		.byte	0x50
 2440 0253 21       		.byte	0x21
 2441 0254 58020000 		.4byte	0x258
 2442 0258 1B       		.uleb128 0x1b
 2443 0259 3E0B0000 		.4byte	.LASF45
 2444 025d 08       		.byte	0x8
 2445 025e 0B       		.byte	0xb
 2446 025f B7       		.byte	0xb7
ARM GAS  /tmp/ccNufGNo.s 			page 44


 2447 0260 08       		.byte	0x8
 2448 0261 80020000 		.4byte	0x280
 2449 0265 01       		.uleb128 0x1
 2450 0266 1A030000 		.4byte	.LASF30
 2451 026a 0B       		.byte	0xb
 2452 026b B8       		.byte	0xb8
 2453 026c 1A       		.byte	0x1a
 2454 026d 47020000 		.4byte	0x247
 2455 0271 00       		.byte	0
 2456 0272 01       		.uleb128 0x1
 2457 0273 3B030000 		.4byte	.LASF31
 2458 0277 0B       		.byte	0xb
 2459 0278 B9       		.byte	0xb9
 2460 0279 1A       		.byte	0x1a
 2461 027a 47020000 		.4byte	0x247
 2462 027e 04       		.byte	0x4
 2463 027f 00       		.byte	0
 2464 0280 05       		.uleb128 0x5
 2465 0281 83070000 		.4byte	.LASF46
 2466 0285 0A       		.byte	0xa
 2467 0286 57       		.byte	0x57
 2468 0287 1E       		.byte	0x1e
 2469 0288 8C020000 		.4byte	0x28c
 2470 028c 28       		.uleb128 0x28
 2471 028d 41060000 		.4byte	.LASF47
 2472 0291 1C       		.byte	0x1c
 2473 0292 9001     		.2byte	0x190
 2474 0294 ED020000 		.4byte	0x2ed
 2475 0298 04       		.uleb128 0x4
 2476 0299 6E0C0000 		.4byte	.LASF48
 2477 029d 0B       		.byte	0xb
 2478 029e 9101     		.2byte	0x191
 2479 02a0 19       		.byte	0x19
 2480 02a1 4C020000 		.4byte	0x24c
 2481 02a5 00       		.byte	0
 2482 02a6 04       		.uleb128 0x4
 2483 02a7 D40D0000 		.4byte	.LASF49
 2484 02ab 0B       		.byte	0xb
 2485 02ac 9201     		.2byte	0x192
 2486 02ae 19       		.byte	0x19
 2487 02af 2F010000 		.4byte	0x12f
 2488 02b3 08       		.byte	0x8
 2489 02b4 04       		.uleb128 0x4
 2490 02b5 86010000 		.4byte	.LASF50
 2491 02b9 0B       		.byte	0xb
 2492 02ba 9401     		.2byte	0x194
 2493 02bc 19       		.byte	0x19
 2494 02bd 99040000 		.4byte	0x499
 2495 02c1 0C       		.byte	0xc
 2496 02c2 04       		.uleb128 0x4
 2497 02c3 A2040000 		.4byte	.LASF51
 2498 02c7 0B       		.byte	0xb
 2499 02c8 9701     		.2byte	0x197
 2500 02ca 1A       		.byte	0x1a
 2501 02cb 47020000 		.4byte	0x247
 2502 02cf 10       		.byte	0x10
 2503 02d0 04       		.uleb128 0x4
ARM GAS  /tmp/ccNufGNo.s 			page 45


 2504 02d1 000D0000 		.4byte	.LASF52
 2505 02d5 0B       		.byte	0xb
 2506 02d6 9801     		.2byte	0x198
 2507 02d8 1A       		.byte	0x1a
 2508 02d9 47020000 		.4byte	0x247
 2509 02dd 14       		.byte	0x14
 2510 02de 04       		.uleb128 0x4
 2511 02df B60B0000 		.4byte	.LASF53
 2512 02e3 0B       		.byte	0xb
 2513 02e4 9B01     		.2byte	0x19b
 2514 02e6 1A       		.byte	0x1a
 2515 02e7 47020000 		.4byte	0x247
 2516 02eb 18       		.byte	0x18
 2517 02ec 00       		.byte	0
 2518 02ed 05       		.uleb128 0x5
 2519 02ee A9010000 		.4byte	.LASF54
 2520 02f2 0A       		.byte	0xa
 2521 02f3 5C       		.byte	0x5c
 2522 02f4 10       		.byte	0x10
 2523 02f5 F9020000 		.4byte	0x2f9
 2524 02f9 06       		.uleb128 0x6
 2525 02fa FE020000 		.4byte	0x2fe
 2526 02fe 24       		.uleb128 0x24
 2527 02ff 09030000 		.4byte	0x309
 2528 0303 02       		.uleb128 0x2
 2529 0304 09030000 		.4byte	0x309
 2530 0308 00       		.byte	0
 2531 0309 41       		.uleb128 0x41
 2532 030a 04       		.byte	0x4
 2533 030b 05       		.uleb128 0x5
 2534 030c 73070000 		.4byte	.LASF55
 2535 0310 0A       		.byte	0xa
 2536 0311 61       		.byte	0x61
 2537 0312 21       		.byte	0x21
 2538 0313 17030000 		.4byte	0x317
 2539 0317 28       		.uleb128 0x28
 2540 0318 C10A0000 		.4byte	.LASF56
 2541 031c 14       		.byte	0x14
 2542 031d 6B01     		.2byte	0x16b
 2543 031f 6A030000 		.4byte	0x36a
 2544 0323 04       		.uleb128 0x4
 2545 0324 85080000 		.4byte	.LASF57
 2546 0328 0B       		.byte	0xb
 2547 0329 6C01     		.2byte	0x16c
 2548 032b 1A       		.byte	0x1a
 2549 032c 0F070000 		.4byte	0x70f
 2550 0330 00       		.byte	0
 2551 0331 04       		.uleb128 0x4
 2552 0332 95080000 		.4byte	.LASF58
 2553 0336 0B       		.byte	0xb
 2554 0337 6D01     		.2byte	0x16d
 2555 0339 1A       		.byte	0x1a
 2556 033a 0F070000 		.4byte	0x70f
 2557 033e 04       		.byte	0x4
 2558 033f 04       		.uleb128 0x4
 2559 0340 AD0A0000 		.4byte	.LASF59
 2560 0344 0B       		.byte	0xb
ARM GAS  /tmp/ccNufGNo.s 			page 46


 2561 0345 6E01     		.2byte	0x16e
 2562 0347 19       		.byte	0x19
 2563 0348 64010000 		.4byte	0x164
 2564 034c 08       		.byte	0x8
 2565 034d 04       		.uleb128 0x4
 2566 034e E5050000 		.4byte	.LASF60
 2567 0352 0B       		.byte	0xb
 2568 0353 6F01     		.2byte	0x16f
 2569 0355 19       		.byte	0x19
 2570 0356 ED020000 		.4byte	0x2ed
 2571 035a 0C       		.byte	0xc
 2572 035b 04       		.uleb128 0x4
 2573 035c A8020000 		.4byte	.LASF61
 2574 0360 0B       		.byte	0xb
 2575 0361 7101     		.2byte	0x171
 2576 0363 1A       		.byte	0x1a
 2577 0364 09030000 		.4byte	0x309
 2578 0368 10       		.byte	0x10
 2579 0369 00       		.byte	0
 2580 036a 05       		.uleb128 0x5
 2581 036b 3C070000 		.4byte	.LASF62
 2582 036f 0A       		.byte	0xa
 2583 0370 66       		.byte	0x66
 2584 0371 28       		.byte	0x28
 2585 0372 76030000 		.4byte	0x376
 2586 0376 28       		.uleb128 0x28
 2587 0377 B9010000 		.4byte	.LASF63
 2588 037b 10       		.byte	0x10
 2589 037c 7B01     		.2byte	0x17b
 2590 037e BB030000 		.4byte	0x3bb
 2591 0382 04       		.uleb128 0x4
 2592 0383 85080000 		.4byte	.LASF57
 2593 0387 0B       		.byte	0xb
 2594 0388 7C01     		.2byte	0x17c
 2595 038a 1A       		.byte	0x1a
 2596 038b 0F070000 		.4byte	0x70f
 2597 038f 00       		.byte	0
 2598 0390 04       		.uleb128 0x4
 2599 0391 95080000 		.4byte	.LASF58
 2600 0395 0B       		.byte	0xb
 2601 0396 7E01     		.2byte	0x17e
 2602 0398 1A       		.byte	0x1a
 2603 0399 0F070000 		.4byte	0x70f
 2604 039d 04       		.byte	0x4
 2605 039e 04       		.uleb128 0x4
 2606 039f AD0A0000 		.4byte	.LASF59
 2607 03a3 0B       		.byte	0xb
 2608 03a4 8001     		.2byte	0x180
 2609 03a6 19       		.byte	0x19
 2610 03a7 64010000 		.4byte	0x164
 2611 03ab 08       		.byte	0x8
 2612 03ac 04       		.uleb128 0x4
 2613 03ad D00C0000 		.4byte	.LASF64
 2614 03b1 0B       		.byte	0xb
 2615 03b2 8201     		.2byte	0x182
 2616 03b4 19       		.byte	0x19
 2617 03b5 70010000 		.4byte	0x170
ARM GAS  /tmp/ccNufGNo.s 			page 47


 2618 03b9 0C       		.byte	0xc
 2619 03ba 00       		.byte	0
 2620 03bb 05       		.uleb128 0x5
 2621 03bc B9040000 		.4byte	.LASF65
 2622 03c0 0A       		.byte	0xa
 2623 03c1 6B       		.byte	0x6b
 2624 03c2 20       		.byte	0x20
 2625 03c3 C7030000 		.4byte	0x3c7
 2626 03c7 28       		.uleb128 0x28
 2627 03c8 E70D0000 		.4byte	.LASF66
 2628 03cc 0C       		.byte	0xc
 2629 03cd A201     		.2byte	0x1a2
 2630 03cf FE030000 		.4byte	0x3fe
 2631 03d3 04       		.uleb128 0x4
 2632 03d4 8A040000 		.4byte	.LASF67
 2633 03d8 0B       		.byte	0xb
 2634 03d9 AA01     		.2byte	0x1aa
 2635 03db 24       		.byte	0x24
 2636 03dc FE060000 		.4byte	0x6fe
 2637 03e0 00       		.byte	0
 2638 03e1 04       		.uleb128 0x4
 2639 03e2 8F060000 		.4byte	.LASF68
 2640 03e6 0B       		.byte	0xb
 2641 03e7 AF01     		.2byte	0x1af
 2642 03e9 19       		.byte	0x19
 2643 03ea 58010000 		.4byte	0x158
 2644 03ee 04       		.byte	0x4
 2645 03ef 04       		.uleb128 0x4
 2646 03f0 41020000 		.4byte	.LASF69
 2647 03f4 0B       		.byte	0xb
 2648 03f5 B301     		.2byte	0x1b3
 2649 03f7 19       		.byte	0x19
 2650 03f8 58010000 		.4byte	0x158
 2651 03fc 08       		.byte	0x8
 2652 03fd 00       		.byte	0
 2653 03fe 05       		.uleb128 0x5
 2654 03ff 620F0000 		.4byte	.LASF70
 2655 0403 0A       		.byte	0xa
 2656 0404 70       		.byte	0x70
 2657 0405 1A       		.byte	0x1a
 2658 0406 0A040000 		.4byte	0x40a
 2659 040a 35       		.uleb128 0x35
 2660 040b C10E0000 		.4byte	.LASF71
 2661 040f B001     		.2byte	0x1b0
 2662 0411 0B       		.byte	0xb
 2663 0412 C201     		.2byte	0x1c2
 2664 0414 6C040000 		.4byte	0x46c
 2665 0418 04       		.uleb128 0x4
 2666 0419 A70C0000 		.4byte	.LASF72
 2667 041d 0B       		.byte	0xb
 2668 041e C601     		.2byte	0x1c6
 2669 0420 19       		.byte	0x19
 2670 0421 80020000 		.4byte	0x280
 2671 0425 00       		.byte	0
 2672 0426 04       		.uleb128 0x4
 2673 0427 7F0E0000 		.4byte	.LASF73
 2674 042b 0B       		.byte	0xb
ARM GAS  /tmp/ccNufGNo.s 			page 48


 2675 042c CA01     		.2byte	0x1ca
 2676 042e 19       		.byte	0x19
 2677 042f 6A030000 		.4byte	0x36a
 2678 0433 1C       		.byte	0x1c
 2679 0434 0E       		.uleb128 0xe
 2680 0435 64626700 		.ascii	"dbg\000"
 2681 0439 0B       		.byte	0xb
 2682 043a CE01     		.2byte	0x1ce
 2683 043c 19       		.byte	0x19
 2684 043d BB030000 		.4byte	0x3bb
 2685 0441 2C       		.byte	0x2c
 2686 0442 04       		.uleb128 0x4
 2687 0443 DC0B0000 		.4byte	.LASF74
 2688 0447 0B       		.byte	0xb
 2689 0448 D201     		.2byte	0x1d2
 2690 044a 19       		.byte	0x19
 2691 044b 75010000 		.4byte	0x175
 2692 044f 38       		.byte	0x38
 2693 0450 0E       		.uleb128 0xe
 2694 0451 746D00   		.ascii	"tm\000"
 2695 0454 0B       		.byte	0xb
 2696 0455 D701     		.2byte	0x1d7
 2697 0457 19       		.byte	0x19
 2698 0458 2B060000 		.4byte	0x62b
 2699 045c 64       		.byte	0x64
 2700 045d 04       		.uleb128 0x4
 2701 045e 28090000 		.4byte	.LASF75
 2702 0462 0B       		.byte	0xb
 2703 0463 E301     		.2byte	0x1e3
 2704 0465 03       		.byte	0x3
 2705 0466 14070000 		.4byte	0x714
 2706 046a 68       		.byte	0x68
 2707 046b 00       		.byte	0
 2708 046c 0B       		.uleb128 0xb
 2709 046d EE000000 		.4byte	0xee
 2710 0471 7C040000 		.4byte	0x47c
 2711 0475 0C       		.uleb128 0xc
 2712 0476 2D000000 		.4byte	0x2d
 2713 047a 0E       		.byte	0xe
 2714 047b 00       		.byte	0
 2715 047c 12       		.uleb128 0x12
 2716 047d 6C040000 		.4byte	0x46c
 2717 0481 05       		.uleb128 0x5
 2718 0482 83030000 		.4byte	.LASF76
 2719 0486 0C       		.byte	0xc
 2720 0487 65       		.byte	0x65
 2721 0488 0F       		.byte	0xf
 2722 0489 09030000 		.4byte	0x309
 2723 048d 05       		.uleb128 0x5
 2724 048e 66050000 		.4byte	.LASF77
 2725 0492 0C       		.byte	0xc
 2726 0493 6D       		.byte	0x6d
 2727 0494 12       		.byte	0x12
 2728 0495 F3000000 		.4byte	0xf3
 2729 0499 1B       		.uleb128 0x1b
 2730 049a 3F040000 		.4byte	.LASF78
 2731 049e 04       		.byte	0x4
ARM GAS  /tmp/ccNufGNo.s 			page 49


 2732 049f 0C       		.byte	0xc
 2733 04a0 89       		.byte	0x89
 2734 04a1 08       		.byte	0x8
 2735 04a2 B4040000 		.4byte	0x4b4
 2736 04a6 11       		.uleb128 0x11
 2737 04a7 72313300 		.ascii	"r13\000"
 2738 04ab 0C       		.byte	0xc
 2739 04ac 8A       		.byte	0x8a
 2740 04ad 17       		.byte	0x17
 2741 04ae 0F060000 		.4byte	0x60f
 2742 04b2 00       		.byte	0
 2743 04b3 00       		.byte	0
 2744 04b4 1B       		.uleb128 0x1b
 2745 04b5 820A0000 		.4byte	.LASF79
 2746 04b9 64       		.byte	0x64
 2747 04ba 04       		.byte	0x4
 2748 04bb F4       		.byte	0xf4
 2749 04bc 08       		.byte	0x8
 2750 04bd 0F060000 		.4byte	0x60f
 2751 04c1 11       		.uleb128 0x11
 2752 04c2 73313600 		.ascii	"s16\000"
 2753 04c6 04       		.byte	0x4
 2754 04c7 F6       		.byte	0xf6
 2755 04c8 11       		.byte	0x11
 2756 04c9 81040000 		.4byte	0x481
 2757 04cd 00       		.byte	0
 2758 04ce 11       		.uleb128 0x11
 2759 04cf 73313700 		.ascii	"s17\000"
 2760 04d3 04       		.byte	0x4
 2761 04d4 F7       		.byte	0xf7
 2762 04d5 11       		.byte	0x11
 2763 04d6 81040000 		.4byte	0x481
 2764 04da 04       		.byte	0x4
 2765 04db 11       		.uleb128 0x11
 2766 04dc 73313800 		.ascii	"s18\000"
 2767 04e0 04       		.byte	0x4
 2768 04e1 F8       		.byte	0xf8
 2769 04e2 11       		.byte	0x11
 2770 04e3 81040000 		.4byte	0x481
 2771 04e7 08       		.byte	0x8
 2772 04e8 11       		.uleb128 0x11
 2773 04e9 73313900 		.ascii	"s19\000"
 2774 04ed 04       		.byte	0x4
 2775 04ee F9       		.byte	0xf9
 2776 04ef 11       		.byte	0x11
 2777 04f0 81040000 		.4byte	0x481
 2778 04f4 0C       		.byte	0xc
 2779 04f5 11       		.uleb128 0x11
 2780 04f6 73323000 		.ascii	"s20\000"
 2781 04fa 04       		.byte	0x4
 2782 04fb FA       		.byte	0xfa
 2783 04fc 11       		.byte	0x11
 2784 04fd 81040000 		.4byte	0x481
 2785 0501 10       		.byte	0x10
 2786 0502 11       		.uleb128 0x11
 2787 0503 73323100 		.ascii	"s21\000"
 2788 0507 04       		.byte	0x4
ARM GAS  /tmp/ccNufGNo.s 			page 50


 2789 0508 FB       		.byte	0xfb
 2790 0509 11       		.byte	0x11
 2791 050a 81040000 		.4byte	0x481
 2792 050e 14       		.byte	0x14
 2793 050f 11       		.uleb128 0x11
 2794 0510 73323200 		.ascii	"s22\000"
 2795 0514 04       		.byte	0x4
 2796 0515 FC       		.byte	0xfc
 2797 0516 11       		.byte	0x11
 2798 0517 81040000 		.4byte	0x481
 2799 051b 18       		.byte	0x18
 2800 051c 11       		.uleb128 0x11
 2801 051d 73323300 		.ascii	"s23\000"
 2802 0521 04       		.byte	0x4
 2803 0522 FD       		.byte	0xfd
 2804 0523 11       		.byte	0x11
 2805 0524 81040000 		.4byte	0x481
 2806 0528 1C       		.byte	0x1c
 2807 0529 11       		.uleb128 0x11
 2808 052a 73323400 		.ascii	"s24\000"
 2809 052e 04       		.byte	0x4
 2810 052f FE       		.byte	0xfe
 2811 0530 11       		.byte	0x11
 2812 0531 81040000 		.4byte	0x481
 2813 0535 20       		.byte	0x20
 2814 0536 11       		.uleb128 0x11
 2815 0537 73323500 		.ascii	"s25\000"
 2816 053b 04       		.byte	0x4
 2817 053c FF       		.byte	0xff
 2818 053d 11       		.byte	0x11
 2819 053e 81040000 		.4byte	0x481
 2820 0542 24       		.byte	0x24
 2821 0543 0E       		.uleb128 0xe
 2822 0544 73323600 		.ascii	"s26\000"
 2823 0548 04       		.byte	0x4
 2824 0549 0001     		.2byte	0x100
 2825 054b 11       		.byte	0x11
 2826 054c 81040000 		.4byte	0x481
 2827 0550 28       		.byte	0x28
 2828 0551 0E       		.uleb128 0xe
 2829 0552 73323700 		.ascii	"s27\000"
 2830 0556 04       		.byte	0x4
 2831 0557 0101     		.2byte	0x101
 2832 0559 11       		.byte	0x11
 2833 055a 81040000 		.4byte	0x481
 2834 055e 2C       		.byte	0x2c
 2835 055f 0E       		.uleb128 0xe
 2836 0560 73323800 		.ascii	"s28\000"
 2837 0564 04       		.byte	0x4
 2838 0565 0201     		.2byte	0x102
 2839 0567 11       		.byte	0x11
 2840 0568 81040000 		.4byte	0x481
 2841 056c 30       		.byte	0x30
 2842 056d 0E       		.uleb128 0xe
 2843 056e 73323900 		.ascii	"s29\000"
 2844 0572 04       		.byte	0x4
 2845 0573 0301     		.2byte	0x103
ARM GAS  /tmp/ccNufGNo.s 			page 51


 2846 0575 11       		.byte	0x11
 2847 0576 81040000 		.4byte	0x481
 2848 057a 34       		.byte	0x34
 2849 057b 0E       		.uleb128 0xe
 2850 057c 73333000 		.ascii	"s30\000"
 2851 0580 04       		.byte	0x4
 2852 0581 0401     		.2byte	0x104
 2853 0583 11       		.byte	0x11
 2854 0584 81040000 		.4byte	0x481
 2855 0588 38       		.byte	0x38
 2856 0589 0E       		.uleb128 0xe
 2857 058a 73333100 		.ascii	"s31\000"
 2858 058e 04       		.byte	0x4
 2859 058f 0501     		.2byte	0x105
 2860 0591 11       		.byte	0x11
 2861 0592 81040000 		.4byte	0x481
 2862 0596 3C       		.byte	0x3c
 2863 0597 0E       		.uleb128 0xe
 2864 0598 723400   		.ascii	"r4\000"
 2865 059b 04       		.byte	0x4
 2866 059c 0701     		.2byte	0x107
 2867 059e 11       		.byte	0x11
 2868 059f 81040000 		.4byte	0x481
 2869 05a3 40       		.byte	0x40
 2870 05a4 0E       		.uleb128 0xe
 2871 05a5 723500   		.ascii	"r5\000"
 2872 05a8 04       		.byte	0x4
 2873 05a9 0801     		.2byte	0x108
 2874 05ab 11       		.byte	0x11
 2875 05ac 81040000 		.4byte	0x481
 2876 05b0 44       		.byte	0x44
 2877 05b1 0E       		.uleb128 0xe
 2878 05b2 723600   		.ascii	"r6\000"
 2879 05b5 04       		.byte	0x4
 2880 05b6 0901     		.2byte	0x109
 2881 05b8 11       		.byte	0x11
 2882 05b9 81040000 		.4byte	0x481
 2883 05bd 48       		.byte	0x48
 2884 05be 0E       		.uleb128 0xe
 2885 05bf 723700   		.ascii	"r7\000"
 2886 05c2 04       		.byte	0x4
 2887 05c3 0A01     		.2byte	0x10a
 2888 05c5 11       		.byte	0x11
 2889 05c6 81040000 		.4byte	0x481
 2890 05ca 4C       		.byte	0x4c
 2891 05cb 0E       		.uleb128 0xe
 2892 05cc 723800   		.ascii	"r8\000"
 2893 05cf 04       		.byte	0x4
 2894 05d0 0B01     		.2byte	0x10b
 2895 05d2 11       		.byte	0x11
 2896 05d3 81040000 		.4byte	0x481
 2897 05d7 50       		.byte	0x50
 2898 05d8 0E       		.uleb128 0xe
 2899 05d9 723900   		.ascii	"r9\000"
 2900 05dc 04       		.byte	0x4
 2901 05dd 0C01     		.2byte	0x10c
 2902 05df 11       		.byte	0x11
ARM GAS  /tmp/ccNufGNo.s 			page 52


 2903 05e0 81040000 		.4byte	0x481
 2904 05e4 54       		.byte	0x54
 2905 05e5 0E       		.uleb128 0xe
 2906 05e6 72313000 		.ascii	"r10\000"
 2907 05ea 04       		.byte	0x4
 2908 05eb 0D01     		.2byte	0x10d
 2909 05ed 11       		.byte	0x11
 2910 05ee 81040000 		.4byte	0x481
 2911 05f2 58       		.byte	0x58
 2912 05f3 0E       		.uleb128 0xe
 2913 05f4 72313100 		.ascii	"r11\000"
 2914 05f8 04       		.byte	0x4
 2915 05f9 0E01     		.2byte	0x10e
 2916 05fb 11       		.byte	0x11
 2917 05fc 81040000 		.4byte	0x481
 2918 0600 5C       		.byte	0x5c
 2919 0601 0E       		.uleb128 0xe
 2920 0602 6C7200   		.ascii	"lr\000"
 2921 0605 04       		.byte	0x4
 2922 0606 0F01     		.2byte	0x10f
 2923 0608 11       		.byte	0x11
 2924 0609 81040000 		.4byte	0x481
 2925 060d 60       		.byte	0x60
 2926 060e 00       		.byte	0
 2927 060f 06       		.uleb128 0x6
 2928 0610 B4040000 		.4byte	0x4b4
 2929 0614 13       		.uleb128 0x13
 2930 0615 04       		.byte	0x4
 2931 0616 0D       		.byte	0xd
 2932 0617 38       		.byte	0x38
 2933 0618 09       		.byte	0x9
 2934 0619 2B060000 		.4byte	0x62b
 2935 061d 01       		.uleb128 0x1
 2936 061e BE090000 		.4byte	.LASF80
 2937 0622 0D       		.byte	0xd
 2938 0623 3C       		.byte	0x3c
 2939 0624 19       		.byte	0x19
 2940 0625 FF000000 		.4byte	0xff
 2941 0629 00       		.byte	0
 2942 062a 00       		.byte	0
 2943 062b 05       		.uleb128 0x5
 2944 062c 080D0000 		.4byte	.LASF81
 2945 0630 0D       		.byte	0xd
 2946 0631 3D       		.byte	0x3d
 2947 0632 03       		.byte	0x3
 2948 0633 14060000 		.4byte	0x614
 2949 0637 36       		.uleb128 0x36
 2950 0638 0B       		.byte	0xb
 2951 0639 FA       		.byte	0xfa
 2952 063a 8D060000 		.4byte	0x68d
 2953 063e 1C       		.uleb128 0x1c
 2954 063f 1D0F0000 		.4byte	.LASF82
 2955 0643 0B       		.byte	0xb
 2956 0644 0101     		.2byte	0x101
 2957 0646 19       		.byte	0x19
 2958 0647 3B010000 		.4byte	0x13b
 2959 064b 1C       		.uleb128 0x1c
ARM GAS  /tmp/ccNufGNo.s 			page 53


 2960 064c AF020000 		.4byte	.LASF83
 2961 0650 0B       		.byte	0xb
 2962 0651 0801     		.2byte	0x108
 2963 0653 19       		.byte	0x19
 2964 0654 3B010000 		.4byte	0x13b
 2965 0658 1C       		.uleb128 0x1c
 2966 0659 54050000 		.4byte	.LASF84
 2967 065d 0B       		.byte	0xb
 2968 065e 0F01     		.2byte	0x10f
 2969 0660 1A       		.byte	0x1a
 2970 0661 09030000 		.4byte	0x309
 2971 0665 1C       		.uleb128 0x1c
 2972 0666 4E040000 		.4byte	.LASF85
 2973 066a 0B       		.byte	0xb
 2974 066b 1601     		.2byte	0x116
 2975 066d 1A       		.byte	0x1a
 2976 066e 8D060000 		.4byte	0x68d
 2977 0672 1C       		.uleb128 0x1c
 2978 0673 3E000000 		.4byte	.LASF86
 2979 0677 0B       		.byte	0xb
 2980 0678 1E01     		.2byte	0x11e
 2981 067a 1A       		.byte	0x1a
 2982 067b BA060000 		.4byte	0x6ba
 2983 067f 1C       		.uleb128 0x1c
 2984 0680 14060000 		.4byte	.LASF87
 2985 0684 0B       		.byte	0xb
 2986 0685 2701     		.2byte	0x127
 2987 0687 1A       		.byte	0x1a
 2988 0688 F4060000 		.4byte	0x6f4
 2989 068c 00       		.byte	0
 2990 068d 06       		.uleb128 0x6
 2991 068e 3B020000 		.4byte	0x23b
 2992 0692 1B       		.uleb128 0x1b
 2993 0693 14070000 		.4byte	.LASF88
 2994 0697 0C       		.byte	0xc
 2995 0698 0E       		.byte	0xe
 2996 0699 34       		.byte	0x34
 2997 069a 10       		.byte	0x10
 2998 069b BA060000 		.4byte	0x6ba
 2999 069f 01       		.uleb128 0x1
 3000 06a0 350D0000 		.4byte	.LASF89
 3001 06a4 0E       		.byte	0xe
 3002 06a5 35       		.byte	0x35
 3003 06a6 19       		.byte	0x19
 3004 06a7 4C020000 		.4byte	0x24c
 3005 06ab 00       		.byte	0
 3006 06ac 01       		.uleb128 0x1
 3007 06ad D20A0000 		.4byte	.LASF90
 3008 06b1 0E       		.byte	0xe
 3009 06b2 37       		.byte	0x37
 3010 06b3 19       		.byte	0x19
 3011 06b4 58010000 		.4byte	0x158
 3012 06b8 08       		.byte	0x8
 3013 06b9 00       		.byte	0
 3014 06ba 06       		.uleb128 0x6
 3015 06bb 92060000 		.4byte	0x692
 3016 06bf 1B       		.uleb128 0x1b
ARM GAS  /tmp/ccNufGNo.s 			page 54


 3017 06c0 6A0D0000 		.4byte	.LASF91
 3018 06c4 10       		.byte	0x10
 3019 06c5 0F       		.byte	0xf
 3020 06c6 39       		.byte	0x39
 3021 06c7 08       		.byte	0x8
 3022 06c8 F4060000 		.4byte	0x6f4
 3023 06cc 01       		.uleb128 0x1
 3024 06cd 61080000 		.4byte	.LASF92
 3025 06d1 0F       		.byte	0xf
 3026 06d2 3A       		.byte	0x3a
 3027 06d3 19       		.byte	0x19
 3028 06d4 4C020000 		.4byte	0x24c
 3029 06d8 00       		.byte	0
 3030 06d9 01       		.uleb128 0x1
 3031 06da A0020000 		.4byte	.LASF93
 3032 06de 0F       		.byte	0xf
 3033 06df 3C       		.byte	0x3c
 3034 06e0 1A       		.byte	0x1a
 3035 06e1 47020000 		.4byte	0x247
 3036 06e5 08       		.byte	0x8
 3037 06e6 01       		.uleb128 0x1
 3038 06e7 FA0F0000 		.4byte	.LASF94
 3039 06eb 0F       		.byte	0xf
 3040 06ec 3E       		.byte	0x3e
 3041 06ed 1A       		.byte	0x1a
 3042 06ee 3C070000 		.4byte	0x73c
 3043 06f2 0C       		.byte	0xc
 3044 06f3 00       		.byte	0
 3045 06f4 06       		.uleb128 0x6
 3046 06f5 BF060000 		.4byte	0x6bf
 3047 06f9 06       		.uleb128 0x6
 3048 06fa 0A070000 		.4byte	0x70a
 3049 06fe 12       		.uleb128 0x12
 3050 06ff F9060000 		.4byte	0x6f9
 3051 0703 16       		.uleb128 0x16
 3052 0704 01       		.byte	0x1
 3053 0705 08       		.byte	0x8
 3054 0706 16050000 		.4byte	.LASF95
 3055 070a 17       		.uleb128 0x17
 3056 070b 03070000 		.4byte	0x703
 3057 070f 06       		.uleb128 0x6
 3058 0710 0B030000 		.4byte	0x30b
 3059 0714 0B       		.uleb128 0xb
 3060 0715 8D040000 		.4byte	0x48d
 3061 0719 24070000 		.4byte	0x724
 3062 071d 0C       		.uleb128 0xc
 3063 071e 2D000000 		.4byte	0x2d
 3064 0722 28       		.byte	0x28
 3065 0723 00       		.byte	0
 3066 0724 42       		.uleb128 0x42
 3067 0725 636800   		.ascii	"ch\000"
 3068 0728 0B       		.byte	0xb
 3069 0729 0902     		.2byte	0x209
 3070 072b 14       		.byte	0x14
 3071 072c FE030000 		.4byte	0x3fe
 3072 0730 05       		.uleb128 0x5
 3073 0731 A10E0000 		.4byte	.LASF96
ARM GAS  /tmp/ccNufGNo.s 			page 55


 3074 0735 0F       		.byte	0xf
 3075 0736 34       		.byte	0x34
 3076 0737 19       		.byte	0x19
 3077 0738 BF060000 		.4byte	0x6bf
 3078 073c 06       		.uleb128 0x6
 3079 073d 30070000 		.4byte	0x730
 3080 0741 19       		.uleb128 0x19
 3081 0742 42000000 		.4byte	0x42
 3082 0746 5A070000 		.4byte	0x75a
 3083 074a 02       		.uleb128 0x2
 3084 074b 09030000 		.4byte	0x309
 3085 074f 02       		.uleb128 0x2
 3086 0750 5A070000 		.4byte	0x75a
 3087 0754 02       		.uleb128 0x2
 3088 0755 42000000 		.4byte	0x42
 3089 0759 00       		.byte	0
 3090 075a 06       		.uleb128 0x6
 3091 075b C5000000 		.4byte	0xc5
 3092 075f 06       		.uleb128 0x6
 3093 0760 41070000 		.4byte	0x741
 3094 0764 19       		.uleb128 0x19
 3095 0765 42000000 		.4byte	0x42
 3096 0769 7D070000 		.4byte	0x77d
 3097 076d 02       		.uleb128 0x2
 3098 076e 09030000 		.4byte	0x309
 3099 0772 02       		.uleb128 0x2
 3100 0773 7D070000 		.4byte	0x77d
 3101 0777 02       		.uleb128 0x2
 3102 0778 42000000 		.4byte	0x42
 3103 077c 00       		.byte	0
 3104 077d 06       		.uleb128 0x6
 3105 077e B9000000 		.4byte	0xb9
 3106 0782 06       		.uleb128 0x6
 3107 0783 64070000 		.4byte	0x764
 3108 0787 19       		.uleb128 0x19
 3109 0788 3B010000 		.4byte	0x13b
 3110 078c 9B070000 		.4byte	0x79b
 3111 0790 02       		.uleb128 0x2
 3112 0791 09030000 		.4byte	0x309
 3113 0795 02       		.uleb128 0x2
 3114 0796 B9000000 		.4byte	0xb9
 3115 079a 00       		.byte	0
 3116 079b 06       		.uleb128 0x6
 3117 079c 87070000 		.4byte	0x787
 3118 07a0 19       		.uleb128 0x19
 3119 07a1 3B010000 		.4byte	0x13b
 3120 07a5 AF070000 		.4byte	0x7af
 3121 07a9 02       		.uleb128 0x2
 3122 07aa 09030000 		.4byte	0x309
 3123 07ae 00       		.byte	0
 3124 07af 06       		.uleb128 0x6
 3125 07b0 A0070000 		.4byte	0x7a0
 3126 07b4 13       		.uleb128 0x13
 3127 07b5 04       		.byte	0x4
 3128 07b6 02       		.byte	0x2
 3129 07b7 B5       		.byte	0xb5
 3130 07b8 09       		.byte	0x9
ARM GAS  /tmp/ccNufGNo.s 			page 56


 3131 07b9 CB070000 		.4byte	0x7cb
 3132 07bd 01       		.uleb128 0x1
 3133 07be EE040000 		.4byte	.LASF97
 3134 07c2 02       		.byte	0x2
 3135 07c3 B6       		.byte	0xb6
 3136 07c4 19       		.byte	0x19
 3137 07c5 53010000 		.4byte	0x153
 3138 07c9 00       		.byte	0
 3139 07ca 00       		.byte	0
 3140 07cb 05       		.uleb128 0x5
 3141 07cc B2080000 		.4byte	.LASF98
 3142 07d0 02       		.byte	0x2
 3143 07d1 B8       		.byte	0xb8
 3144 07d2 03       		.byte	0x3
 3145 07d3 B4070000 		.4byte	0x7b4
 3146 07d7 19       		.uleb128 0x19
 3147 07d8 3B010000 		.4byte	0x13b
 3148 07dc F0070000 		.4byte	0x7f0
 3149 07e0 02       		.uleb128 0x2
 3150 07e1 09030000 		.4byte	0x309
 3151 07e5 02       		.uleb128 0x2
 3152 07e6 B9000000 		.4byte	0xb9
 3153 07ea 02       		.uleb128 0x2
 3154 07eb 64010000 		.4byte	0x164
 3155 07ef 00       		.byte	0
 3156 07f0 06       		.uleb128 0x6
 3157 07f1 D7070000 		.4byte	0x7d7
 3158 07f5 19       		.uleb128 0x19
 3159 07f6 3B010000 		.4byte	0x13b
 3160 07fa 09080000 		.4byte	0x809
 3161 07fe 02       		.uleb128 0x2
 3162 07ff 09030000 		.4byte	0x309
 3163 0803 02       		.uleb128 0x2
 3164 0804 64010000 		.4byte	0x164
 3165 0808 00       		.byte	0
 3166 0809 06       		.uleb128 0x6
 3167 080a F5070000 		.4byte	0x7f5
 3168 080e 19       		.uleb128 0x19
 3169 080f 42000000 		.4byte	0x42
 3170 0813 2C080000 		.4byte	0x82c
 3171 0817 02       		.uleb128 0x2
 3172 0818 09030000 		.4byte	0x309
 3173 081c 02       		.uleb128 0x2
 3174 081d 5A070000 		.4byte	0x75a
 3175 0821 02       		.uleb128 0x2
 3176 0822 42000000 		.4byte	0x42
 3177 0826 02       		.uleb128 0x2
 3178 0827 64010000 		.4byte	0x164
 3179 082b 00       		.byte	0
 3180 082c 06       		.uleb128 0x6
 3181 082d 0E080000 		.4byte	0x80e
 3182 0831 19       		.uleb128 0x19
 3183 0832 42000000 		.4byte	0x42
 3184 0836 4F080000 		.4byte	0x84f
 3185 083a 02       		.uleb128 0x2
 3186 083b 09030000 		.4byte	0x309
 3187 083f 02       		.uleb128 0x2
ARM GAS  /tmp/ccNufGNo.s 			page 57


 3188 0840 7D070000 		.4byte	0x77d
 3189 0844 02       		.uleb128 0x2
 3190 0845 42000000 		.4byte	0x42
 3191 0849 02       		.uleb128 0x2
 3192 084a 64010000 		.4byte	0x164
 3193 084e 00       		.byte	0
 3194 084f 06       		.uleb128 0x6
 3195 0850 31080000 		.4byte	0x831
 3196 0854 16       		.uleb128 0x16
 3197 0855 01       		.byte	0x1
 3198 0856 02       		.byte	0x2
 3199 0857 E2040000 		.4byte	.LASF99
 3200 085b 05       		.uleb128 0x5
 3201 085c 150E0000 		.4byte	.LASF100
 3202 0860 10       		.byte	0x10
 3203 0861 2F       		.byte	0x2f
 3204 0862 19       		.byte	0x19
 3205 0863 67080000 		.4byte	0x867
 3206 0867 1B       		.uleb128 0x1b
 3207 0868 C0030000 		.4byte	.LASF101
 3208 086c 24       		.byte	0x24
 3209 086d 10       		.byte	0x10
 3210 086e 40       		.byte	0x40
 3211 086f 08       		.byte	0x8
 3212 0870 DD080000 		.4byte	0x8dd
 3213 0874 01       		.uleb128 0x1
 3214 0875 9D0C0000 		.4byte	.LASF102
 3215 0879 10       		.byte	0x10
 3216 087a 41       		.byte	0x41
 3217 087b 19       		.byte	0x19
 3218 087c 4C020000 		.4byte	0x24c
 3219 0880 00       		.byte	0
 3220 0881 01       		.uleb128 0x1
 3221 0882 9F060000 		.4byte	.LASF103
 3222 0886 10       		.byte	0x10
 3223 0887 42       		.byte	0x42
 3224 0888 19       		.byte	0x19
 3225 0889 4E000000 		.4byte	0x4e
 3226 088d 08       		.byte	0x8
 3227 088e 01       		.uleb128 0x1
 3228 088f DC020000 		.4byte	.LASF104
 3229 0893 10       		.byte	0x10
 3230 0894 43       		.byte	0x43
 3231 0895 1A       		.byte	0x1a
 3232 0896 7D070000 		.4byte	0x77d
 3233 089a 0C       		.byte	0xc
 3234 089b 01       		.uleb128 0x1
 3235 089c D0020000 		.4byte	.LASF105
 3236 08a0 10       		.byte	0x10
 3237 08a1 44       		.byte	0x44
 3238 08a2 1A       		.byte	0x1a
 3239 08a3 7D070000 		.4byte	0x77d
 3240 08a7 10       		.byte	0x10
 3241 08a8 01       		.uleb128 0x1
 3242 08a9 90070000 		.4byte	.LASF106
 3243 08ad 10       		.byte	0x10
 3244 08ae 46       		.byte	0x46
ARM GAS  /tmp/ccNufGNo.s 			page 58


 3245 08af 1A       		.byte	0x1a
 3246 08b0 7D070000 		.4byte	0x77d
 3247 08b4 14       		.byte	0x14
 3248 08b5 01       		.uleb128 0x1
 3249 08b6 2D030000 		.4byte	.LASF107
 3250 08ba 10       		.byte	0x10
 3251 08bb 47       		.byte	0x47
 3252 08bc 1A       		.byte	0x1a
 3253 08bd 7D070000 		.4byte	0x77d
 3254 08c1 18       		.byte	0x18
 3255 08c2 01       		.uleb128 0x1
 3256 08c3 00030000 		.4byte	.LASF108
 3257 08c7 10       		.byte	0x10
 3258 08c8 48       		.byte	0x48
 3259 08c9 19       		.byte	0x19
 3260 08ca DD080000 		.4byte	0x8dd
 3261 08ce 1C       		.byte	0x1c
 3262 08cf 01       		.uleb128 0x1
 3263 08d0 83040000 		.4byte	.LASF109
 3264 08d4 10       		.byte	0x10
 3265 08d5 49       		.byte	0x49
 3266 08d6 1A       		.byte	0x1a
 3267 08d7 09030000 		.4byte	0x309
 3268 08db 20       		.byte	0x20
 3269 08dc 00       		.byte	0
 3270 08dd 05       		.uleb128 0x5
 3271 08de 02090000 		.4byte	.LASF110
 3272 08e2 10       		.byte	0x10
 3273 08e3 36       		.byte	0x36
 3274 08e4 10       		.byte	0x10
 3275 08e5 E9080000 		.4byte	0x8e9
 3276 08e9 06       		.uleb128 0x6
 3277 08ea EE080000 		.4byte	0x8ee
 3278 08ee 24       		.uleb128 0x24
 3279 08ef F9080000 		.4byte	0x8f9
 3280 08f3 02       		.uleb128 0x2
 3281 08f4 F9080000 		.4byte	0x8f9
 3282 08f8 00       		.byte	0
 3283 08f9 06       		.uleb128 0x6
 3284 08fa 5B080000 		.4byte	0x85b
 3285 08fe 05       		.uleb128 0x5
 3286 08ff ED0E0000 		.4byte	.LASF111
 3287 0903 10       		.byte	0x10
 3288 0904 7F       		.byte	0x7f
 3289 0905 14       		.byte	0x14
 3290 0906 5B080000 		.4byte	0x85b
 3291 090a 05       		.uleb128 0x5
 3292 090b 920F0000 		.4byte	.LASF112
 3293 090f 10       		.byte	0x10
 3294 0910 F1       		.byte	0xf1
 3295 0911 14       		.byte	0x14
 3296 0912 5B080000 		.4byte	0x85b
 3297 0916 05       		.uleb128 0x5
 3298 0917 4A050000 		.4byte	.LASF113
 3299 091b 11       		.byte	0x11
 3300 091c FA       		.byte	0xfa
 3301 091d 1A       		.byte	0x1a
ARM GAS  /tmp/ccNufGNo.s 			page 59


 3302 091e 22090000 		.4byte	0x922
 3303 0922 35       		.uleb128 0x35
 3304 0923 4A050000 		.4byte	.LASF113
 3305 0927 2002     		.2byte	0x220
 3306 0929 12       		.byte	0x12
 3307 092a 7701     		.2byte	0x177
 3308 092c 640A0000 		.4byte	0xa64
 3309 0930 04       		.uleb128 0x4
 3310 0931 1A020000 		.4byte	.LASF114
 3311 0935 12       		.byte	0x12
 3312 0936 7B01     		.2byte	0x17b
 3313 0938 21       		.byte	0x21
 3314 0939 A00A0000 		.4byte	0xaa0
 3315 093d 00       		.byte	0
 3316 093e 04       		.uleb128 0x4
 3317 093f 13020000 		.4byte	.LASF115
 3318 0943 12       		.byte	0x12
 3319 0944 7F01     		.2byte	0x17f
 3320 0946 22       		.byte	0x22
 3321 0947 44140000 		.4byte	0x1444
 3322 094b 04       		.byte	0x4
 3323 094c 04       		.uleb128 0x4
 3324 094d A2050000 		.4byte	.LASF116
 3325 0951 12       		.byte	0x12
 3326 0952 8301     		.2byte	0x183
 3327 0954 21       		.byte	0x21
 3328 0955 CA000000 		.4byte	0xca
 3329 0959 08       		.byte	0x8
 3330 095a 04       		.uleb128 0x4
 3331 095b 35050000 		.4byte	.LASF117
 3332 095f 12       		.byte	0x12
 3333 0960 8701     		.2byte	0x187
 3334 0962 21       		.byte	0x21
 3335 0963 CA000000 		.4byte	0xca
 3336 0967 0A       		.byte	0xa
 3337 0968 0E       		.uleb128 0xe
 3338 0969 65706300 		.ascii	"epc\000"
 3339 096d 12       		.byte	0x12
 3340 096e 8B01     		.2byte	0x18b
 3341 0970 22       		.byte	0x22
 3342 0971 49140000 		.4byte	0x1449
 3343 0975 0C       		.byte	0xc
 3344 0976 04       		.uleb128 0x4
 3345 0977 DB0C0000 		.4byte	.LASF118
 3346 097b 12       		.byte	0x12
 3347 097c 9201     		.2byte	0x192
 3348 097e 22       		.byte	0x22
 3349 097f 5E140000 		.4byte	0x145e
 3350 0983 1C       		.byte	0x1c
 3351 0984 04       		.uleb128 0x4
 3352 0985 A10F0000 		.4byte	.LASF119
 3353 0989 12       		.byte	0x12
 3354 098a 9901     		.2byte	0x199
 3355 098c 22       		.byte	0x22
 3356 098d 5E140000 		.4byte	0x145e
 3357 0991 28       		.byte	0x28
 3358 0992 04       		.uleb128 0x4
ARM GAS  /tmp/ccNufGNo.s 			page 60


 3359 0993 B0040000 		.4byte	.LASF120
 3360 0997 12       		.byte	0x12
 3361 0998 9D01     		.2byte	0x19d
 3362 099a 21       		.byte	0x21
 3363 099b E30A0000 		.4byte	0xae3
 3364 099f 34       		.byte	0x34
 3365 09a0 04       		.uleb128 0x4
 3366 09a1 8D080000 		.4byte	.LASF121
 3367 09a5 12       		.byte	0x12
 3368 09a6 A101     		.2byte	0x1a1
 3369 09a8 22       		.byte	0x22
 3370 09a9 7D070000 		.4byte	0x77d
 3371 09ad 38       		.byte	0x38
 3372 09ae 04       		.uleb128 0x4
 3373 09af 1B050000 		.4byte	.LASF122
 3374 09b3 12       		.byte	0x12
 3375 09b4 A501     		.2byte	0x1a5
 3376 09b6 21       		.byte	0x21
 3377 09b7 42000000 		.4byte	0x42
 3378 09bb 3C       		.byte	0x3c
 3379 09bc 04       		.uleb128 0x4
 3380 09bd 21070000 		.4byte	.LASF123
 3381 09c1 12       		.byte	0x12
 3382 09c2 A901     		.2byte	0x1a9
 3383 09c4 21       		.byte	0x21
 3384 09c5 660B0000 		.4byte	0xb66
 3385 09c9 40       		.byte	0x40
 3386 09ca 04       		.uleb128 0x4
 3387 09cb 0E060000 		.4byte	.LASF124
 3388 09cf 12       		.byte	0x12
 3389 09d0 AD01     		.2byte	0x1ad
 3390 09d2 21       		.byte	0x21
 3391 09d3 6E140000 		.4byte	0x146e
 3392 09d7 44       		.byte	0x44
 3393 09d8 04       		.uleb128 0x4
 3394 09d9 FD060000 		.4byte	.LASF125
 3395 09dd 12       		.byte	0x12
 3396 09de B101     		.2byte	0x1b1
 3397 09e0 21       		.byte	0x21
 3398 09e1 CA000000 		.4byte	0xca
 3399 09e5 4C       		.byte	0x4c
 3400 09e6 04       		.uleb128 0x4
 3401 09e7 0C070000 		.4byte	.LASF126
 3402 09eb 12       		.byte	0x12
 3403 09ec B501     		.2byte	0x1b5
 3404 09ee 21       		.byte	0x21
 3405 09ef B9000000 		.4byte	0xb9
 3406 09f3 4E       		.byte	0x4e
 3407 09f4 04       		.uleb128 0x4
 3408 09f5 81060000 		.4byte	.LASF127
 3409 09f9 12       		.byte	0x12
 3410 09fa B901     		.2byte	0x1b9
 3411 09fc 21       		.byte	0x21
 3412 09fd B9000000 		.4byte	0xb9
 3413 0a01 4F       		.byte	0x4f
 3414 0a02 0E       		.uleb128 0xe
 3415 0a03 6F746700 		.ascii	"otg\000"
ARM GAS  /tmp/ccNufGNo.s 			page 61


 3416 0a07 12       		.byte	0x12
 3417 0a08 C101     		.2byte	0x1c1
 3418 0a0a 22       		.byte	0x22
 3419 0a0b 7E140000 		.4byte	0x147e
 3420 0a0f 50       		.byte	0x50
 3421 0a10 04       		.uleb128 0x4
 3422 0a11 8E0A0000 		.4byte	.LASF128
 3423 0a15 12       		.byte	0x12
 3424 0a16 C501     		.2byte	0x1c5
 3425 0a18 22       		.byte	0x22
 3426 0a19 83140000 		.4byte	0x1483
 3427 0a1d 54       		.byte	0x54
 3428 0a1e 04       		.uleb128 0x4
 3429 0a1f 01100000 		.4byte	.LASF129
 3430 0a23 12       		.byte	0x12
 3431 0a24 C901     		.2byte	0x1c9
 3432 0a26 21       		.byte	0x21
 3433 0a27 E2000000 		.4byte	0xe2
 3434 0a2b 58       		.byte	0x58
 3435 0a2c 04       		.uleb128 0x4
 3436 0a2d 6F090000 		.4byte	.LASF130
 3437 0a31 12       		.byte	0x12
 3438 0a32 CD01     		.2byte	0x1cd
 3439 0a34 21       		.byte	0x21
 3440 0a35 E2000000 		.4byte	0xe2
 3441 0a39 5C       		.byte	0x5c
 3442 0a3a 04       		.uleb128 0x4
 3443 0a3b FD080000 		.4byte	.LASF131
 3444 0a3f 12       		.byte	0x12
 3445 0a40 D101     		.2byte	0x1d1
 3446 0a42 21       		.byte	0x21
 3447 0a43 3B020000 		.4byte	0x23b
 3448 0a47 60       		.byte	0x60
 3449 0a48 0E       		.uleb128 0xe
 3450 0a49 747200   		.ascii	"tr\000"
 3451 0a4c 12       		.byte	0x12
 3452 0a4d D601     		.2byte	0x1d6
 3453 0a4f 21       		.byte	0x21
 3454 0a50 3B020000 		.4byte	0x23b
 3455 0a54 64       		.byte	0x64
 3456 0a55 04       		.uleb128 0x4
 3457 0a56 C80C0000 		.4byte	.LASF132
 3458 0a5a 12       		.byte	0x12
 3459 0a5b DA01     		.2byte	0x1da
 3460 0a5d 03       		.byte	0x3
 3461 0a5e 88140000 		.4byte	0x1488
 3462 0a62 68       		.byte	0x68
 3463 0a63 00       		.byte	0
 3464 0a64 05       		.uleb128 0x5
 3465 0a65 DC0E0000 		.4byte	.LASF133
 3466 0a69 11       		.byte	0x11
 3467 0a6a FF       		.byte	0xff
 3468 0a6b 11       		.byte	0x11
 3469 0a6c B9000000 		.4byte	0xb9
 3470 0a70 2F       		.uleb128 0x2f
 3471 0a71 34000000 		.4byte	0x34
 3472 0a75 0401     		.2byte	0x104
ARM GAS  /tmp/ccNufGNo.s 			page 62


 3473 0a77 A00A0000 		.4byte	0xaa0
 3474 0a7b 0D       		.uleb128 0xd
 3475 0a7c B60A0000 		.4byte	.LASF134
 3476 0a80 00       		.byte	0
 3477 0a81 0D       		.uleb128 0xd
 3478 0a82 E3090000 		.4byte	.LASF135
 3479 0a86 01       		.byte	0x1
 3480 0a87 0D       		.uleb128 0xd
 3481 0a88 4A080000 		.4byte	.LASF136
 3482 0a8c 02       		.byte	0x2
 3483 0a8d 0D       		.uleb128 0xd
 3484 0a8e 74060000 		.4byte	.LASF137
 3485 0a92 03       		.byte	0x3
 3486 0a93 0D       		.uleb128 0xd
 3487 0a94 4F020000 		.4byte	.LASF138
 3488 0a98 04       		.byte	0x4
 3489 0a99 0D       		.uleb128 0xd
 3490 0a9a C9030000 		.4byte	.LASF139
 3491 0a9e 05       		.byte	0x5
 3492 0a9f 00       		.byte	0
 3493 0aa0 14       		.uleb128 0x14
 3494 0aa1 B5070000 		.4byte	.LASF140
 3495 0aa5 11       		.byte	0x11
 3496 0aa6 0B01     		.2byte	0x10b
 3497 0aa8 03       		.byte	0x3
 3498 0aa9 700A0000 		.4byte	0xa70
 3499 0aad 2F       		.uleb128 0x2f
 3500 0aae 34000000 		.4byte	0x34
 3501 0ab2 1901     		.2byte	0x119
 3502 0ab4 E30A0000 		.4byte	0xae3
 3503 0ab8 0D       		.uleb128 0xd
 3504 0ab9 92030000 		.4byte	.LASF141
 3505 0abd 00       		.byte	0
 3506 0abe 0D       		.uleb128 0xd
 3507 0abf EA010000 		.4byte	.LASF142
 3508 0ac3 01       		.byte	0x1
 3509 0ac4 0D       		.uleb128 0xd
 3510 0ac5 6E0A0000 		.4byte	.LASF143
 3511 0ac9 02       		.byte	0x2
 3512 0aca 0D       		.uleb128 0xd
 3513 0acb DF0F0000 		.4byte	.LASF144
 3514 0acf 03       		.byte	0x3
 3515 0ad0 0D       		.uleb128 0xd
 3516 0ad1 2F100000 		.4byte	.LASF145
 3517 0ad5 04       		.byte	0x4
 3518 0ad6 0D       		.uleb128 0xd
 3519 0ad7 C60F0000 		.4byte	.LASF146
 3520 0adb 05       		.byte	0x5
 3521 0adc 0D       		.uleb128 0xd
 3522 0add 75040000 		.4byte	.LASF147
 3523 0ae1 06       		.byte	0x6
 3524 0ae2 00       		.byte	0
 3525 0ae3 14       		.uleb128 0x14
 3526 0ae4 B8020000 		.4byte	.LASF148
 3527 0ae8 11       		.byte	0x11
 3528 0ae9 2101     		.2byte	0x121
 3529 0aeb 03       		.byte	0x3
ARM GAS  /tmp/ccNufGNo.s 			page 63


 3530 0aec AD0A0000 		.4byte	0xaad
 3531 0af0 2F       		.uleb128 0x2f
 3532 0af1 34000000 		.4byte	0x34
 3533 0af5 2601     		.2byte	0x126
 3534 0af7 200B0000 		.4byte	0xb20
 3535 0afb 0D       		.uleb128 0xd
 3536 0afc 840D0000 		.4byte	.LASF149
 3537 0b00 00       		.byte	0
 3538 0b01 0D       		.uleb128 0xd
 3539 0b02 E5020000 		.4byte	.LASF150
 3540 0b06 01       		.byte	0x1
 3541 0b07 0D       		.uleb128 0xd
 3542 0b08 760C0000 		.4byte	.LASF151
 3543 0b0c 02       		.byte	0x2
 3544 0b0d 0D       		.uleb128 0xd
 3545 0b0e 800F0000 		.4byte	.LASF152
 3546 0b12 03       		.byte	0x3
 3547 0b13 0D       		.uleb128 0xd
 3548 0b14 07080000 		.4byte	.LASF153
 3549 0b18 04       		.byte	0x4
 3550 0b19 0D       		.uleb128 0xd
 3551 0b1a 10040000 		.4byte	.LASF154
 3552 0b1e 05       		.byte	0x5
 3553 0b1f 00       		.byte	0
 3554 0b20 14       		.uleb128 0x14
 3555 0b21 36060000 		.4byte	.LASF155
 3556 0b25 11       		.byte	0x11
 3557 0b26 2D01     		.2byte	0x12d
 3558 0b28 03       		.byte	0x3
 3559 0b29 F00A0000 		.4byte	0xaf0
 3560 0b2d 25       		.uleb128 0x25
 3561 0b2e 08       		.byte	0x8
 3562 0b2f 11       		.byte	0x11
 3563 0b30 3201     		.2byte	0x132
 3564 0b32 09       		.byte	0x9
 3565 0b33 540B0000 		.4byte	0xb54
 3566 0b37 04       		.uleb128 0x4
 3567 0b38 4F060000 		.4byte	.LASF156
 3568 0b3c 11       		.byte	0x11
 3569 0b3d 3601     		.2byte	0x136
 3570 0b3f 21       		.byte	0x21
 3571 0b40 42000000 		.4byte	0x42
 3572 0b44 00       		.byte	0
 3573 0b45 04       		.uleb128 0x4
 3574 0b46 DE070000 		.4byte	.LASF157
 3575 0b4a 11       		.byte	0x11
 3576 0b4b 3A01     		.2byte	0x13a
 3577 0b4d 22       		.byte	0x22
 3578 0b4e 5A070000 		.4byte	0x75a
 3579 0b52 04       		.byte	0x4
 3580 0b53 00       		.byte	0
 3581 0b54 14       		.uleb128 0x14
 3582 0b55 ED050000 		.4byte	.LASF158
 3583 0b59 11       		.byte	0x11
 3584 0b5a 3B01     		.2byte	0x13b
 3585 0b5c 03       		.byte	0x3
 3586 0b5d 2D0B0000 		.4byte	0xb2d
ARM GAS  /tmp/ccNufGNo.s 			page 64


 3587 0b61 17       		.uleb128 0x17
 3588 0b62 540B0000 		.4byte	0xb54
 3589 0b66 14       		.uleb128 0x14
 3590 0b67 500E0000 		.4byte	.LASF159
 3591 0b6b 11       		.byte	0x11
 3592 0b6c 4301     		.2byte	0x143
 3593 0b6e 10       		.byte	0x10
 3594 0b6f 730B0000 		.4byte	0xb73
 3595 0b73 06       		.uleb128 0x6
 3596 0b74 780B0000 		.4byte	0xb78
 3597 0b78 24       		.uleb128 0x24
 3598 0b79 830B0000 		.4byte	0xb83
 3599 0b7d 02       		.uleb128 0x2
 3600 0b7e 830B0000 		.4byte	0xb83
 3601 0b82 00       		.byte	0
 3602 0b83 06       		.uleb128 0x6
 3603 0b84 16090000 		.4byte	0x916
 3604 0b88 14       		.uleb128 0x14
 3605 0b89 CA080000 		.4byte	.LASF160
 3606 0b8d 11       		.byte	0x11
 3607 0b8e 4C01     		.2byte	0x14c
 3608 0b90 10       		.byte	0x10
 3609 0b91 950B0000 		.4byte	0xb95
 3610 0b95 06       		.uleb128 0x6
 3611 0b96 9A0B0000 		.4byte	0xb9a
 3612 0b9a 24       		.uleb128 0x24
 3613 0b9b AA0B0000 		.4byte	0xbaa
 3614 0b9f 02       		.uleb128 0x2
 3615 0ba0 830B0000 		.4byte	0xb83
 3616 0ba4 02       		.uleb128 0x2
 3617 0ba5 640A0000 		.4byte	0xa64
 3618 0ba9 00       		.byte	0
 3619 0baa 14       		.uleb128 0x14
 3620 0bab 80050000 		.4byte	.LASF161
 3621 0baf 11       		.byte	0x11
 3622 0bb0 5501     		.2byte	0x155
 3623 0bb2 10       		.byte	0x10
 3624 0bb3 B70B0000 		.4byte	0xbb7
 3625 0bb7 06       		.uleb128 0x6
 3626 0bb8 BC0B0000 		.4byte	0xbbc
 3627 0bbc 24       		.uleb128 0x24
 3628 0bbd CC0B0000 		.4byte	0xbcc
 3629 0bc1 02       		.uleb128 0x2
 3630 0bc2 830B0000 		.4byte	0xb83
 3631 0bc6 02       		.uleb128 0x2
 3632 0bc7 200B0000 		.4byte	0xb20
 3633 0bcb 00       		.byte	0
 3634 0bcc 14       		.uleb128 0x14
 3635 0bcd 200E0000 		.4byte	.LASF162
 3636 0bd1 11       		.byte	0x11
 3637 0bd2 6101     		.2byte	0x161
 3638 0bd4 10       		.byte	0x10
 3639 0bd5 D90B0000 		.4byte	0xbd9
 3640 0bd9 06       		.uleb128 0x6
 3641 0bda DE0B0000 		.4byte	0xbde
 3642 0bde 19       		.uleb128 0x19
 3643 0bdf 54080000 		.4byte	0x854
ARM GAS  /tmp/ccNufGNo.s 			page 65


 3644 0be3 ED0B0000 		.4byte	0xbed
 3645 0be7 02       		.uleb128 0x2
 3646 0be8 830B0000 		.4byte	0xb83
 3647 0bec 00       		.byte	0
 3648 0bed 14       		.uleb128 0x14
 3649 0bee B50C0000 		.4byte	.LASF163
 3650 0bf2 11       		.byte	0x11
 3651 0bf3 6601     		.2byte	0x166
 3652 0bf5 21       		.byte	0x21
 3653 0bf6 FA0B0000 		.4byte	0xbfa
 3654 0bfa 06       		.uleb128 0x6
 3655 0bfb FF0B0000 		.4byte	0xbff
 3656 0bff 19       		.uleb128 0x19
 3657 0c00 1D0C0000 		.4byte	0xc1d
 3658 0c04 1D0C0000 		.4byte	0xc1d
 3659 0c08 02       		.uleb128 0x2
 3660 0c09 830B0000 		.4byte	0xb83
 3661 0c0d 02       		.uleb128 0x2
 3662 0c0e B9000000 		.4byte	0xb9
 3663 0c12 02       		.uleb128 0x2
 3664 0c13 B9000000 		.4byte	0xb9
 3665 0c17 02       		.uleb128 0x2
 3666 0c18 CA000000 		.4byte	0xca
 3667 0c1c 00       		.byte	0
 3668 0c1d 06       		.uleb128 0x6
 3669 0c1e 610B0000 		.4byte	0xb61
 3670 0c22 13       		.uleb128 0x13
 3671 0c23 20       		.byte	0x20
 3672 0c24 13       		.byte	0x13
 3673 0c25 35       		.byte	0x35
 3674 0c26 09       		.byte	0x9
 3675 0c27 940C0000 		.4byte	0xc94
 3676 0c2b 01       		.uleb128 0x1
 3677 0c2c F4040000 		.4byte	.LASF164
 3678 0c30 13       		.byte	0x13
 3679 0c31 36       		.byte	0x36
 3680 0c32 15       		.byte	0x15
 3681 0c33 EE000000 		.4byte	0xee
 3682 0c37 00       		.byte	0
 3683 0c38 01       		.uleb128 0x1
 3684 0c39 A2010000 		.4byte	.LASF165
 3685 0c3d 13       		.byte	0x13
 3686 0c3e 38       		.byte	0x38
 3687 0c3f 15       		.byte	0x15
 3688 0c40 EE000000 		.4byte	0xee
 3689 0c44 04       		.byte	0x4
 3690 0c45 01       		.uleb128 0x1
 3691 0c46 260B0000 		.4byte	.LASF166
 3692 0c4a 13       		.byte	0x13
 3693 0c4b 39       		.byte	0x39
 3694 0c4c 15       		.byte	0x15
 3695 0c4d EE000000 		.4byte	0xee
 3696 0c51 08       		.byte	0x8
 3697 0c52 01       		.uleb128 0x1
 3698 0c53 870B0000 		.4byte	.LASF167
 3699 0c57 13       		.byte	0x13
 3700 0c58 3A       		.byte	0x3a
ARM GAS  /tmp/ccNufGNo.s 			page 66


 3701 0c59 15       		.byte	0x15
 3702 0c5a EE000000 		.4byte	0xee
 3703 0c5e 0C       		.byte	0xc
 3704 0c5f 01       		.uleb128 0x1
 3705 0c60 F5010000 		.4byte	.LASF168
 3706 0c64 13       		.byte	0x13
 3707 0c65 3C       		.byte	0x3c
 3708 0c66 15       		.byte	0x15
 3709 0c67 EE000000 		.4byte	0xee
 3710 0c6b 10       		.byte	0x10
 3711 0c6c 01       		.uleb128 0x1
 3712 0c6d 940D0000 		.4byte	.LASF169
 3713 0c71 13       		.byte	0x13
 3714 0c72 3E       		.byte	0x3e
 3715 0c73 15       		.byte	0x15
 3716 0c74 EE000000 		.4byte	0xee
 3717 0c78 14       		.byte	0x14
 3718 0c79 01       		.uleb128 0x1
 3719 0c7a 9C0D0000 		.4byte	.LASF170
 3720 0c7e 13       		.byte	0x13
 3721 0c7f 3F       		.byte	0x3f
 3722 0c80 15       		.byte	0x15
 3723 0c81 EE000000 		.4byte	0xee
 3724 0c85 18       		.byte	0x18
 3725 0c86 01       		.uleb128 0x1
 3726 0c87 0D0E0000 		.4byte	.LASF171
 3727 0c8b 13       		.byte	0x13
 3728 0c8c 40       		.byte	0x40
 3729 0c8d 15       		.byte	0x15
 3730 0c8e EE000000 		.4byte	0xee
 3731 0c92 1C       		.byte	0x1c
 3732 0c93 00       		.byte	0
 3733 0c94 05       		.uleb128 0x5
 3734 0c95 8D050000 		.4byte	.LASF172
 3735 0c99 13       		.byte	0x13
 3736 0c9a 41       		.byte	0x41
 3737 0c9b 03       		.byte	0x3
 3738 0c9c 220C0000 		.4byte	0xc22
 3739 0ca0 13       		.uleb128 0x13
 3740 0ca1 20       		.byte	0x20
 3741 0ca2 13       		.byte	0x13
 3742 0ca3 46       		.byte	0x46
 3743 0ca4 09       		.byte	0x9
 3744 0ca5 120D0000 		.4byte	0xd12
 3745 0ca9 01       		.uleb128 0x1
 3746 0caa 480E0000 		.4byte	.LASF173
 3747 0cae 13       		.byte	0x13
 3748 0caf 47       		.byte	0x47
 3749 0cb0 15       		.byte	0x15
 3750 0cb1 EE000000 		.4byte	0xee
 3751 0cb5 00       		.byte	0
 3752 0cb6 01       		.uleb128 0x1
 3753 0cb7 9B010000 		.4byte	.LASF174
 3754 0cbb 13       		.byte	0x13
 3755 0cbc 49       		.byte	0x49
 3756 0cbd 15       		.byte	0x15
 3757 0cbe EE000000 		.4byte	0xee
ARM GAS  /tmp/ccNufGNo.s 			page 67


 3758 0cc2 04       		.byte	0x4
 3759 0cc3 01       		.uleb128 0x1
 3760 0cc4 860E0000 		.4byte	.LASF175
 3761 0cc8 13       		.byte	0x13
 3762 0cc9 4A       		.byte	0x4a
 3763 0cca 15       		.byte	0x15
 3764 0ccb EE000000 		.4byte	0xee
 3765 0ccf 08       		.byte	0x8
 3766 0cd0 01       		.uleb128 0x1
 3767 0cd1 B2010000 		.4byte	.LASF176
 3768 0cd5 13       		.byte	0x13
 3769 0cd6 4C       		.byte	0x4c
 3770 0cd7 15       		.byte	0x15
 3771 0cd8 EE000000 		.4byte	0xee
 3772 0cdc 0C       		.byte	0xc
 3773 0cdd 01       		.uleb128 0x1
 3774 0cde C8040000 		.4byte	.LASF177
 3775 0ce2 13       		.byte	0x13
 3776 0ce3 4D       		.byte	0x4d
 3777 0ce4 15       		.byte	0x15
 3778 0ce5 EE000000 		.4byte	0xee
 3779 0ce9 10       		.byte	0x10
 3780 0cea 01       		.uleb128 0x1
 3781 0ceb 940D0000 		.4byte	.LASF169
 3782 0cef 13       		.byte	0x13
 3783 0cf0 4F       		.byte	0x4f
 3784 0cf1 15       		.byte	0x15
 3785 0cf2 EE000000 		.4byte	0xee
 3786 0cf6 14       		.byte	0x14
 3787 0cf7 01       		.uleb128 0x1
 3788 0cf8 A40D0000 		.4byte	.LASF178
 3789 0cfc 13       		.byte	0x13
 3790 0cfd 50       		.byte	0x50
 3791 0cfe 15       		.byte	0x15
 3792 0cff EE000000 		.4byte	0xee
 3793 0d03 18       		.byte	0x18
 3794 0d04 01       		.uleb128 0x1
 3795 0d05 C40D0000 		.4byte	.LASF179
 3796 0d09 13       		.byte	0x13
 3797 0d0a 52       		.byte	0x52
 3798 0d0b 15       		.byte	0x15
 3799 0d0c EE000000 		.4byte	0xee
 3800 0d10 1C       		.byte	0x1c
 3801 0d11 00       		.byte	0
 3802 0d12 05       		.uleb128 0x5
 3803 0d13 350C0000 		.4byte	.LASF180
 3804 0d17 13       		.byte	0x13
 3805 0d18 53       		.byte	0x53
 3806 0d19 03       		.byte	0x3
 3807 0d1a A00C0000 		.4byte	0xca0
 3808 0d1e 13       		.uleb128 0x13
 3809 0d1f 20       		.byte	0x20
 3810 0d20 13       		.byte	0x13
 3811 0d21 58       		.byte	0x58
 3812 0d22 09       		.byte	0x9
 3813 0d23 900D0000 		.4byte	0xd90
 3814 0d27 01       		.uleb128 0x1
ARM GAS  /tmp/ccNufGNo.s 			page 68


 3815 0d28 DE030000 		.4byte	.LASF181
 3816 0d2c 13       		.byte	0x13
 3817 0d2d 59       		.byte	0x59
 3818 0d2e 15       		.byte	0x15
 3819 0d2f EE000000 		.4byte	0xee
 3820 0d33 00       		.byte	0
 3821 0d34 01       		.uleb128 0x1
 3822 0d35 9B010000 		.4byte	.LASF174
 3823 0d39 13       		.byte	0x13
 3824 0d3a 5B       		.byte	0x5b
 3825 0d3b 15       		.byte	0x15
 3826 0d3c EE000000 		.4byte	0xee
 3827 0d40 04       		.byte	0x4
 3828 0d41 01       		.uleb128 0x1
 3829 0d42 22040000 		.4byte	.LASF182
 3830 0d46 13       		.byte	0x13
 3831 0d47 5C       		.byte	0x5c
 3832 0d48 15       		.byte	0x15
 3833 0d49 EE000000 		.4byte	0xee
 3834 0d4d 08       		.byte	0x8
 3835 0d4e 01       		.uleb128 0x1
 3836 0d4f B2010000 		.4byte	.LASF176
 3837 0d53 13       		.byte	0x13
 3838 0d54 5E       		.byte	0x5e
 3839 0d55 15       		.byte	0x15
 3840 0d56 EE000000 		.4byte	0xee
 3841 0d5a 0C       		.byte	0xc
 3842 0d5b 01       		.uleb128 0x1
 3843 0d5c 1A090000 		.4byte	.LASF183
 3844 0d60 13       		.byte	0x13
 3845 0d61 5F       		.byte	0x5f
 3846 0d62 15       		.byte	0x15
 3847 0d63 EE000000 		.4byte	0xee
 3848 0d67 10       		.byte	0x10
 3849 0d68 01       		.uleb128 0x1
 3850 0d69 940D0000 		.4byte	.LASF169
 3851 0d6d 13       		.byte	0x13
 3852 0d6e 61       		.byte	0x61
 3853 0d6f 15       		.byte	0x15
 3854 0d70 EE000000 		.4byte	0xee
 3855 0d74 14       		.byte	0x14
 3856 0d75 01       		.uleb128 0x1
 3857 0d76 9C0D0000 		.4byte	.LASF170
 3858 0d7a 13       		.byte	0x13
 3859 0d7b 62       		.byte	0x62
 3860 0d7c 15       		.byte	0x15
 3861 0d7d EE000000 		.4byte	0xee
 3862 0d81 18       		.byte	0x18
 3863 0d82 01       		.uleb128 0x1
 3864 0d83 C40D0000 		.4byte	.LASF179
 3865 0d87 13       		.byte	0x13
 3866 0d88 63       		.byte	0x63
 3867 0d89 15       		.byte	0x15
 3868 0d8a EE000000 		.4byte	0xee
 3869 0d8e 1C       		.byte	0x1c
 3870 0d8f 00       		.byte	0
 3871 0d90 05       		.uleb128 0x5
ARM GAS  /tmp/ccNufGNo.s 			page 69


 3872 0d91 03050000 		.4byte	.LASF184
 3873 0d95 13       		.byte	0x13
 3874 0d96 64       		.byte	0x64
 3875 0d97 03       		.byte	0x3
 3876 0d98 1E0D0000 		.4byte	0xd1e
 3877 0d9c 43       		.uleb128 0x43
 3878 0d9d 00100100 		.4byte	0x11000
 3879 0da1 13       		.byte	0x13
 3880 0da2 69       		.byte	0x69
 3881 0da3 09       		.byte	0x9
 3882 0da4 B3100000 		.4byte	0x10b3
 3883 0da8 01       		.uleb128 0x1
 3884 0da9 D6070000 		.4byte	.LASF185
 3885 0dad 13       		.byte	0x13
 3886 0dae 6A       		.byte	0x6a
 3887 0daf 15       		.byte	0x15
 3888 0db0 EE000000 		.4byte	0xee
 3889 0db4 00       		.byte	0
 3890 0db5 01       		.uleb128 0x1
 3891 0db6 34080000 		.4byte	.LASF186
 3892 0dba 13       		.byte	0x13
 3893 0dbb 6B       		.byte	0x6b
 3894 0dbc 15       		.byte	0x15
 3895 0dbd EE000000 		.4byte	0xee
 3896 0dc1 04       		.byte	0x4
 3897 0dc2 01       		.uleb128 0x1
 3898 0dc3 34070000 		.4byte	.LASF187
 3899 0dc7 13       		.byte	0x13
 3900 0dc8 6C       		.byte	0x6c
 3901 0dc9 15       		.byte	0x15
 3902 0dca EE000000 		.4byte	0xee
 3903 0dce 08       		.byte	0x8
 3904 0dcf 01       		.uleb128 0x1
 3905 0dd0 11100000 		.4byte	.LASF188
 3906 0dd4 13       		.byte	0x13
 3907 0dd5 6D       		.byte	0x6d
 3908 0dd6 15       		.byte	0x15
 3909 0dd7 EE000000 		.4byte	0xee
 3910 0ddb 0C       		.byte	0xc
 3911 0ddc 01       		.uleb128 0x1
 3912 0ddd 5E0E0000 		.4byte	.LASF189
 3913 0de1 13       		.byte	0x13
 3914 0de2 6E       		.byte	0x6e
 3915 0de3 15       		.byte	0x15
 3916 0de4 EE000000 		.4byte	0xee
 3917 0de8 10       		.byte	0x10
 3918 0de9 01       		.uleb128 0x1
 3919 0dea 770E0000 		.4byte	.LASF190
 3920 0dee 13       		.byte	0x13
 3921 0def 6F       		.byte	0x6f
 3922 0df0 15       		.byte	0x15
 3923 0df1 EE000000 		.4byte	0xee
 3924 0df5 14       		.byte	0x14
 3925 0df6 01       		.uleb128 0x1
 3926 0df7 080A0000 		.4byte	.LASF191
 3927 0dfb 13       		.byte	0x13
 3928 0dfc 70       		.byte	0x70
ARM GAS  /tmp/ccNufGNo.s 			page 70


 3929 0dfd 15       		.byte	0x15
 3930 0dfe EE000000 		.4byte	0xee
 3931 0e02 18       		.byte	0x18
 3932 0e03 01       		.uleb128 0x1
 3933 0e04 FF070000 		.4byte	.LASF192
 3934 0e08 13       		.byte	0x13
 3935 0e09 71       		.byte	0x71
 3936 0e0a 15       		.byte	0x15
 3937 0e0b EE000000 		.4byte	0xee
 3938 0e0f 1C       		.byte	0x1c
 3939 0e10 01       		.uleb128 0x1
 3940 0e11 EE070000 		.4byte	.LASF193
 3941 0e15 13       		.byte	0x13
 3942 0e16 73       		.byte	0x73
 3943 0e17 15       		.byte	0x15
 3944 0e18 EE000000 		.4byte	0xee
 3945 0e1c 20       		.byte	0x20
 3946 0e1d 01       		.uleb128 0x1
 3947 0e1e 97060000 		.4byte	.LASF194
 3948 0e22 13       		.byte	0x13
 3949 0e23 75       		.byte	0x75
 3950 0e24 15       		.byte	0x15
 3951 0e25 EE000000 		.4byte	0xee
 3952 0e29 24       		.byte	0x24
 3953 0e2a 01       		.uleb128 0x1
 3954 0e2b F7020000 		.4byte	.LASF195
 3955 0e2f 13       		.byte	0x13
 3956 0e30 76       		.byte	0x76
 3957 0e31 15       		.byte	0x15
 3958 0e32 EE000000 		.4byte	0xee
 3959 0e36 28       		.byte	0x28
 3960 0e37 01       		.uleb128 0x1
 3961 0e38 8E0E0000 		.4byte	.LASF196
 3962 0e3c 13       		.byte	0x13
 3963 0e3d 78       		.byte	0x78
 3964 0e3e 15       		.byte	0x15
 3965 0e3f EE000000 		.4byte	0xee
 3966 0e43 2C       		.byte	0x2c
 3967 0e44 01       		.uleb128 0x1
 3968 0e45 B90E0000 		.4byte	.LASF197
 3969 0e49 13       		.byte	0x13
 3970 0e4a 7A       		.byte	0x7a
 3971 0e4b 15       		.byte	0x15
 3972 0e4c EE000000 		.4byte	0xee
 3973 0e50 30       		.byte	0x30
 3974 0e51 01       		.uleb128 0x1
 3975 0e52 CB0E0000 		.4byte	.LASF198
 3976 0e56 13       		.byte	0x13
 3977 0e57 7B       		.byte	0x7b
 3978 0e58 15       		.byte	0x15
 3979 0e59 EE000000 		.4byte	0xee
 3980 0e5d 34       		.byte	0x34
 3981 0e5e 01       		.uleb128 0x1
 3982 0e5f AA040000 		.4byte	.LASF199
 3983 0e63 13       		.byte	0x13
 3984 0e64 7C       		.byte	0x7c
 3985 0e65 15       		.byte	0x15
ARM GAS  /tmp/ccNufGNo.s 			page 71


 3986 0e66 EE000000 		.4byte	0xee
 3987 0e6a 38       		.byte	0x38
 3988 0e6b 11       		.uleb128 0x11
 3989 0e6c 43494400 		.ascii	"CID\000"
 3990 0e70 13       		.byte	0x13
 3991 0e71 7D       		.byte	0x7d
 3992 0e72 15       		.byte	0x15
 3993 0e73 EE000000 		.4byte	0xee
 3994 0e77 3C       		.byte	0x3c
 3995 0e78 01       		.uleb128 0x1
 3996 0e79 BE0F0000 		.4byte	.LASF200
 3997 0e7d 13       		.byte	0x13
 3998 0e7e 7E       		.byte	0x7e
 3999 0e7f 15       		.byte	0x15
 4000 0e80 C3100000 		.4byte	0x10c3
 4001 0e84 40       		.byte	0x40
 4002 0e85 07       		.uleb128 0x7
 4003 0e86 0C0B0000 		.4byte	.LASF201
 4004 0e8a 13       		.byte	0x13
 4005 0e8b 7F       		.byte	0x7f
 4006 0e8c 15       		.byte	0x15
 4007 0e8d EE000000 		.4byte	0xee
 4008 0e91 0001     		.2byte	0x100
 4009 0e93 07       		.uleb128 0x7
 4010 0e94 CD060000 		.4byte	.LASF202
 4011 0e98 13       		.byte	0x13
 4012 0e99 81       		.byte	0x81
 4013 0e9a 15       		.byte	0x15
 4014 0e9b 7C040000 		.4byte	0x47c
 4015 0e9f 0401     		.2byte	0x104
 4016 0ea1 07       		.uleb128 0x7
 4017 0ea2 3A100000 		.4byte	.LASF203
 4018 0ea6 13       		.byte	0x13
 4019 0ea7 83       		.byte	0x83
 4020 0ea8 15       		.byte	0x15
 4021 0ea9 D8100000 		.4byte	0x10d8
 4022 0ead 4001     		.2byte	0x140
 4023 0eaf 07       		.uleb128 0x7
 4024 0eb0 1A0A0000 		.4byte	.LASF204
 4025 0eb4 13       		.byte	0x13
 4026 0eb5 84       		.byte	0x84
 4027 0eb6 15       		.byte	0x15
 4028 0eb7 EE000000 		.4byte	0xee
 4029 0ebb 0004     		.2byte	0x400
 4030 0ebd 07       		.uleb128 0x7
 4031 0ebe DA0F0000 		.4byte	.LASF205
 4032 0ec2 13       		.byte	0x13
 4033 0ec3 85       		.byte	0x85
 4034 0ec4 15       		.byte	0x15
 4035 0ec5 EE000000 		.4byte	0xee
 4036 0ec9 0404     		.2byte	0x404
 4037 0ecb 07       		.uleb128 0x7
 4038 0ecc 7A050000 		.4byte	.LASF206
 4039 0ed0 13       		.byte	0x13
 4040 0ed1 86       		.byte	0x86
 4041 0ed2 15       		.byte	0x15
 4042 0ed3 EE000000 		.4byte	0xee
ARM GAS  /tmp/ccNufGNo.s 			page 72


 4043 0ed7 0804     		.2byte	0x408
 4044 0ed9 07       		.uleb128 0x7
 4045 0eda CD070000 		.4byte	.LASF207
 4046 0ede 13       		.byte	0x13
 4047 0edf 88       		.byte	0x88
 4048 0ee0 15       		.byte	0x15
 4049 0ee1 EE000000 		.4byte	0xee
 4050 0ee5 0C04     		.2byte	0x40c
 4051 0ee7 07       		.uleb128 0x7
 4052 0ee8 B60F0000 		.4byte	.LASF208
 4053 0eec 13       		.byte	0x13
 4054 0eed 89       		.byte	0x89
 4055 0eee 15       		.byte	0x15
 4056 0eef EE000000 		.4byte	0xee
 4057 0ef3 1004     		.2byte	0x410
 4058 0ef5 07       		.uleb128 0x7
 4059 0ef6 37090000 		.4byte	.LASF209
 4060 0efa 13       		.byte	0x13
 4061 0efb 8B       		.byte	0x8b
 4062 0efc 15       		.byte	0x15
 4063 0efd EE000000 		.4byte	0xee
 4064 0f01 1404     		.2byte	0x414
 4065 0f03 07       		.uleb128 0x7
 4066 0f04 C5090000 		.4byte	.LASF210
 4067 0f08 13       		.byte	0x13
 4068 0f09 8D       		.byte	0x8d
 4069 0f0a 15       		.byte	0x15
 4070 0f0b EE000000 		.4byte	0xee
 4071 0f0f 1804     		.2byte	0x418
 4072 0f11 07       		.uleb128 0x7
 4073 0f12 7C080000 		.4byte	.LASF211
 4074 0f16 13       		.byte	0x13
 4075 0f17 8F       		.byte	0x8f
 4076 0f18 15       		.byte	0x15
 4077 0f19 ED100000 		.4byte	0x10ed
 4078 0f1d 1C04     		.2byte	0x41c
 4079 0f1f 07       		.uleb128 0x7
 4080 0f20 29050000 		.4byte	.LASF212
 4081 0f24 13       		.byte	0x13
 4082 0f25 90       		.byte	0x90
 4083 0f26 15       		.byte	0x15
 4084 0f27 EE000000 		.4byte	0xee
 4085 0f2b 4004     		.2byte	0x440
 4086 0f2d 07       		.uleb128 0x7
 4087 0f2e 9E090000 		.4byte	.LASF213
 4088 0f32 13       		.byte	0x13
 4089 0f33 92       		.byte	0x92
 4090 0f34 15       		.byte	0x15
 4091 0f35 02110000 		.4byte	0x1102
 4092 0f39 4404     		.2byte	0x444
 4093 0f3b 29       		.uleb128 0x29
 4094 0f3c 686300   		.ascii	"hc\000"
 4095 0f3f 13       		.byte	0x13
 4096 0f40 93       		.byte	0x93
 4097 0f41 18       		.byte	0x18
 4098 0f42 07110000 		.4byte	0x1107
 4099 0f46 0005     		.2byte	0x500
ARM GAS  /tmp/ccNufGNo.s 			page 73


 4100 0f48 07       		.uleb128 0x7
 4101 0f49 0A020000 		.4byte	.LASF214
 4102 0f4d 13       		.byte	0x13
 4103 0f4e 94       		.byte	0x94
 4104 0f4f 15       		.byte	0x15
 4105 0f50 27110000 		.4byte	0x1127
 4106 0f54 0007     		.2byte	0x700
 4107 0f56 07       		.uleb128 0x7
 4108 0f57 94040000 		.4byte	.LASF215
 4109 0f5b 13       		.byte	0x13
 4110 0f5c 95       		.byte	0x95
 4111 0f5d 15       		.byte	0x15
 4112 0f5e EE000000 		.4byte	0xee
 4113 0f62 0008     		.2byte	0x800
 4114 0f64 07       		.uleb128 0x7
 4115 0f65 390B0000 		.4byte	.LASF216
 4116 0f69 13       		.byte	0x13
 4117 0f6a 96       		.byte	0x96
 4118 0f6b 15       		.byte	0x15
 4119 0f6c EE000000 		.4byte	0xee
 4120 0f70 0408     		.2byte	0x804
 4121 0f72 07       		.uleb128 0x7
 4122 0f73 370F0000 		.4byte	.LASF217
 4123 0f77 13       		.byte	0x13
 4124 0f78 97       		.byte	0x97
 4125 0f79 15       		.byte	0x15
 4126 0f7a EE000000 		.4byte	0xee
 4127 0f7e 0808     		.2byte	0x808
 4128 0f80 07       		.uleb128 0x7
 4129 0f81 20050000 		.4byte	.LASF218
 4130 0f85 13       		.byte	0x13
 4131 0f86 98       		.byte	0x98
 4132 0f87 15       		.byte	0x15
 4133 0f88 EE000000 		.4byte	0xee
 4134 0f8c 0C08     		.2byte	0x80c
 4135 0f8e 07       		.uleb128 0x7
 4136 0f8f CC0D0000 		.4byte	.LASF219
 4137 0f93 13       		.byte	0x13
 4138 0f94 99       		.byte	0x99
 4139 0f95 15       		.byte	0x15
 4140 0f96 EE000000 		.4byte	0xee
 4141 0f9a 1008     		.2byte	0x810
 4142 0f9c 07       		.uleb128 0x7
 4143 0f9d A8030000 		.4byte	.LASF220
 4144 0fa1 13       		.byte	0x13
 4145 0fa2 9B       		.byte	0x9b
 4146 0fa3 15       		.byte	0x15
 4147 0fa4 EE000000 		.4byte	0xee
 4148 0fa8 1408     		.2byte	0x814
 4149 0faa 07       		.uleb128 0x7
 4150 0fab 8C030000 		.4byte	.LASF221
 4151 0faf 13       		.byte	0x13
 4152 0fb0 9D       		.byte	0x9d
 4153 0fb1 15       		.byte	0x15
 4154 0fb2 EE000000 		.4byte	0xee
 4155 0fb6 1808     		.2byte	0x818
 4156 0fb8 07       		.uleb128 0x7
ARM GAS  /tmp/ccNufGNo.s 			page 74


 4157 0fb9 E70B0000 		.4byte	.LASF222
 4158 0fbd 13       		.byte	0x13
 4159 0fbe 9F       		.byte	0x9f
 4160 0fbf 15       		.byte	0x15
 4161 0fc0 EE000000 		.4byte	0xee
 4162 0fc4 1C08     		.2byte	0x81c
 4163 0fc6 07       		.uleb128 0x7
 4164 0fc7 C2050000 		.4byte	.LASF223
 4165 0fcb 13       		.byte	0x13
 4166 0fcc A1       		.byte	0xa1
 4167 0fcd 15       		.byte	0x15
 4168 0fce EE000000 		.4byte	0xee
 4169 0fd2 2008     		.2byte	0x820
 4170 0fd4 07       		.uleb128 0x7
 4171 0fd5 CB050000 		.4byte	.LASF224
 4172 0fd9 13       		.byte	0x13
 4173 0fda A2       		.byte	0xa2
 4174 0fdb 15       		.byte	0x15
 4175 0fdc EE000000 		.4byte	0xee
 4176 0fe0 2408     		.2byte	0x824
 4177 0fe2 07       		.uleb128 0x7
 4178 0fe3 2C0C0000 		.4byte	.LASF225
 4179 0fe7 13       		.byte	0x13
 4180 0fe8 A3       		.byte	0xa3
 4181 0fe9 15       		.byte	0x15
 4182 0fea EE000000 		.4byte	0xee
 4183 0fee 2808     		.2byte	0x828
 4184 0ff0 07       		.uleb128 0x7
 4185 0ff1 D4050000 		.4byte	.LASF226
 4186 0ff5 13       		.byte	0x13
 4187 0ff6 A5       		.byte	0xa5
 4188 0ff7 15       		.byte	0x15
 4189 0ff8 EE000000 		.4byte	0xee
 4190 0ffc 2C08     		.2byte	0x82c
 4191 0ffe 07       		.uleb128 0x7
 4192 0fff A4080000 		.4byte	.LASF227
 4193 1003 13       		.byte	0x13
 4194 1004 A7       		.byte	0xa7
 4195 1005 15       		.byte	0x15
 4196 1006 EE000000 		.4byte	0xee
 4197 100a 3008     		.2byte	0x830
 4198 100c 07       		.uleb128 0x7
 4199 100d 020E0000 		.4byte	.LASF228
 4200 1011 13       		.byte	0x13
 4201 1012 A8       		.byte	0xa8
 4202 1013 15       		.byte	0x15
 4203 1014 EE000000 		.4byte	0xee
 4204 1018 3408     		.2byte	0x834
 4205 101a 07       		.uleb128 0x7
 4206 101b C1080000 		.4byte	.LASF229
 4207 101f 13       		.byte	0x13
 4208 1020 AA       		.byte	0xaa
 4209 1021 15       		.byte	0x15
 4210 1022 EE000000 		.4byte	0xee
 4211 1026 3808     		.2byte	0x838
 4212 1028 07       		.uleb128 0x7
 4213 1029 EC080000 		.4byte	.LASF230
ARM GAS  /tmp/ccNufGNo.s 			page 75


 4214 102d 13       		.byte	0x13
 4215 102e AB       		.byte	0xab
 4216 102f 15       		.byte	0x15
 4217 1030 EE000000 		.4byte	0xee
 4218 1034 3C08     		.2byte	0x83c
 4219 1036 07       		.uleb128 0x7
 4220 1037 A9060000 		.4byte	.LASF231
 4221 103b 13       		.byte	0x13
 4222 103c AC       		.byte	0xac
 4223 103d 15       		.byte	0x15
 4224 103e 3C110000 		.4byte	0x113c
 4225 1042 4008     		.2byte	0x840
 4226 1044 07       		.uleb128 0x7
 4227 1045 E3080000 		.4byte	.LASF232
 4228 1049 13       		.byte	0x13
 4229 104a AD       		.byte	0xad
 4230 104b 15       		.byte	0x15
 4231 104c 3C110000 		.4byte	0x113c
 4232 1050 8008     		.2byte	0x880
 4233 1052 07       		.uleb128 0x7
 4234 1053 99040000 		.4byte	.LASF233
 4235 1057 13       		.byte	0x13
 4236 1058 AE       		.byte	0xae
 4237 1059 15       		.byte	0x15
 4238 105a 3C110000 		.4byte	0x113c
 4239 105e C008     		.2byte	0x8c0
 4240 1060 29       		.uleb128 0x29
 4241 1061 696500   		.ascii	"ie\000"
 4242 1064 13       		.byte	0x13
 4243 1065 AF       		.byte	0xaf
 4244 1066 15       		.byte	0x15
 4245 1067 41110000 		.4byte	0x1141
 4246 106b 0009     		.2byte	0x900
 4247 106d 29       		.uleb128 0x29
 4248 106e 6F6500   		.ascii	"oe\000"
 4249 1071 13       		.byte	0x13
 4250 1072 B0       		.byte	0xb0
 4251 1073 16       		.byte	0x16
 4252 1074 51110000 		.4byte	0x1151
 4253 1078 000B     		.2byte	0xb00
 4254 107a 07       		.uleb128 0x7
 4255 107b EC0A0000 		.4byte	.LASF234
 4256 107f 13       		.byte	0x13
 4257 1080 B1       		.byte	0xb1
 4258 1081 15       		.byte	0x15
 4259 1082 27110000 		.4byte	0x1127
 4260 1086 000D     		.2byte	0xd00
 4261 1088 07       		.uleb128 0x7
 4262 1089 18080000 		.4byte	.LASF235
 4263 108d 13       		.byte	0x13
 4264 108e B2       		.byte	0xb2
 4265 108f 15       		.byte	0x15
 4266 1090 EE000000 		.4byte	0xee
 4267 1094 000E     		.2byte	0xe00
 4268 1096 07       		.uleb128 0x7
 4269 1097 B00E0000 		.4byte	.LASF236
 4270 109b 13       		.byte	0x13
ARM GAS  /tmp/ccNufGNo.s 			page 76


 4271 109c B4       		.byte	0xb4
 4272 109d 15       		.byte	0x15
 4273 109e 71110000 		.4byte	0x1171
 4274 10a2 040E     		.2byte	0xe04
 4275 10a4 07       		.uleb128 0x7
 4276 10a5 8B0C0000 		.4byte	.LASF237
 4277 10a9 13       		.byte	0x13
 4278 10aa B5       		.byte	0xb5
 4279 10ab 15       		.byte	0x15
 4280 10ac 8D110000 		.4byte	0x118d
 4281 10b0 0010     		.2byte	0x1000
 4282 10b2 00       		.byte	0
 4283 10b3 0B       		.uleb128 0xb
 4284 10b4 EE000000 		.4byte	0xee
 4285 10b8 C3100000 		.4byte	0x10c3
 4286 10bc 0C       		.uleb128 0xc
 4287 10bd 2D000000 		.4byte	0x2d
 4288 10c1 2F       		.byte	0x2f
 4289 10c2 00       		.byte	0
 4290 10c3 12       		.uleb128 0x12
 4291 10c4 B3100000 		.4byte	0x10b3
 4292 10c8 0B       		.uleb128 0xb
 4293 10c9 EE000000 		.4byte	0xee
 4294 10cd D8100000 		.4byte	0x10d8
 4295 10d1 0C       		.uleb128 0xc
 4296 10d2 2D000000 		.4byte	0x2d
 4297 10d6 AF       		.byte	0xaf
 4298 10d7 00       		.byte	0
 4299 10d8 12       		.uleb128 0x12
 4300 10d9 C8100000 		.4byte	0x10c8
 4301 10dd 0B       		.uleb128 0xb
 4302 10de EE000000 		.4byte	0xee
 4303 10e2 ED100000 		.4byte	0x10ed
 4304 10e6 0C       		.uleb128 0xc
 4305 10e7 2D000000 		.4byte	0x2d
 4306 10eb 08       		.byte	0x8
 4307 10ec 00       		.byte	0
 4308 10ed 12       		.uleb128 0x12
 4309 10ee DD100000 		.4byte	0x10dd
 4310 10f2 0B       		.uleb128 0xb
 4311 10f3 EE000000 		.4byte	0xee
 4312 10f7 02110000 		.4byte	0x1102
 4313 10fb 0C       		.uleb128 0xc
 4314 10fc 2D000000 		.4byte	0x2d
 4315 1100 2E       		.byte	0x2e
 4316 1101 00       		.byte	0
 4317 1102 12       		.uleb128 0x12
 4318 1103 F2100000 		.4byte	0x10f2
 4319 1107 0B       		.uleb128 0xb
 4320 1108 940C0000 		.4byte	0xc94
 4321 110c 17110000 		.4byte	0x1117
 4322 1110 0C       		.uleb128 0xc
 4323 1111 2D000000 		.4byte	0x2d
 4324 1115 0F       		.byte	0xf
 4325 1116 00       		.byte	0
 4326 1117 0B       		.uleb128 0xb
 4327 1118 EE000000 		.4byte	0xee
ARM GAS  /tmp/ccNufGNo.s 			page 77


 4328 111c 27110000 		.4byte	0x1127
 4329 1120 0C       		.uleb128 0xc
 4330 1121 2D000000 		.4byte	0x2d
 4331 1125 3F       		.byte	0x3f
 4332 1126 00       		.byte	0
 4333 1127 12       		.uleb128 0x12
 4334 1128 17110000 		.4byte	0x1117
 4335 112c 0B       		.uleb128 0xb
 4336 112d EE000000 		.4byte	0xee
 4337 1131 3C110000 		.4byte	0x113c
 4338 1135 0C       		.uleb128 0xc
 4339 1136 2D000000 		.4byte	0x2d
 4340 113a 0F       		.byte	0xf
 4341 113b 00       		.byte	0
 4342 113c 12       		.uleb128 0x12
 4343 113d 2C110000 		.4byte	0x112c
 4344 1141 0B       		.uleb128 0xb
 4345 1142 120D0000 		.4byte	0xd12
 4346 1146 51110000 		.4byte	0x1151
 4347 114a 0C       		.uleb128 0xc
 4348 114b 2D000000 		.4byte	0x2d
 4349 114f 0F       		.byte	0xf
 4350 1150 00       		.byte	0
 4351 1151 0B       		.uleb128 0xb
 4352 1152 900D0000 		.4byte	0xd90
 4353 1156 61110000 		.4byte	0x1161
 4354 115a 0C       		.uleb128 0xc
 4355 115b 2D000000 		.4byte	0x2d
 4356 115f 0F       		.byte	0xf
 4357 1160 00       		.byte	0
 4358 1161 0B       		.uleb128 0xb
 4359 1162 EE000000 		.4byte	0xee
 4360 1166 71110000 		.4byte	0x1171
 4361 116a 0C       		.uleb128 0xc
 4362 116b 2D000000 		.4byte	0x2d
 4363 116f 7E       		.byte	0x7e
 4364 1170 00       		.byte	0
 4365 1171 12       		.uleb128 0x12
 4366 1172 61110000 		.4byte	0x1161
 4367 1176 0B       		.uleb128 0xb
 4368 1177 EE000000 		.4byte	0xee
 4369 117b 8D110000 		.4byte	0x118d
 4370 117f 0C       		.uleb128 0xc
 4371 1180 2D000000 		.4byte	0x2d
 4372 1184 0F       		.byte	0xf
 4373 1185 44       		.uleb128 0x44
 4374 1186 2D000000 		.4byte	0x2d
 4375 118a FF03     		.2byte	0x3ff
 4376 118c 00       		.byte	0
 4377 118d 12       		.uleb128 0x12
 4378 118e 76110000 		.4byte	0x1176
 4379 1192 05       		.uleb128 0x5
 4380 1193 79090000 		.4byte	.LASF238
 4381 1197 13       		.byte	0x13
 4382 1198 B6       		.byte	0xb6
 4383 1199 03       		.byte	0x3
 4384 119a 9C0D0000 		.4byte	0xd9c
ARM GAS  /tmp/ccNufGNo.s 			page 78


 4385 119e 13       		.uleb128 0x13
 4386 119f 0C       		.byte	0xc
 4387 11a0 12       		.byte	0x12
 4388 11a1 C6       		.byte	0xc6
 4389 11a2 09       		.byte	0x9
 4390 11a3 CF110000 		.4byte	0x11cf
 4391 11a7 01       		.uleb128 0x1
 4392 11a8 4F0D0000 		.4byte	.LASF239
 4393 11ac 12       		.byte	0x12
 4394 11ad C7       		.byte	0xc7
 4395 11ae 21       		.byte	0x21
 4396 11af E2000000 		.4byte	0xe2
 4397 11b3 00       		.byte	0
 4398 11b4 01       		.uleb128 0x1
 4399 11b5 550C0000 		.4byte	.LASF240
 4400 11b9 12       		.byte	0x12
 4401 11ba C8       		.byte	0xc8
 4402 11bb 21       		.byte	0x21
 4403 11bc E2000000 		.4byte	0xe2
 4404 11c0 04       		.byte	0x4
 4405 11c1 01       		.uleb128 0x1
 4406 11c2 65070000 		.4byte	.LASF241
 4407 11c6 12       		.byte	0x12
 4408 11c7 C9       		.byte	0xc9
 4409 11c8 21       		.byte	0x21
 4410 11c9 E2000000 		.4byte	0xe2
 4411 11cd 08       		.byte	0x8
 4412 11ce 00       		.byte	0
 4413 11cf 05       		.uleb128 0x5
 4414 11d0 FB050000 		.4byte	.LASF242
 4415 11d4 12       		.byte	0x12
 4416 11d5 CA       		.byte	0xca
 4417 11d6 03       		.byte	0x3
 4418 11d7 9E110000 		.4byte	0x119e
 4419 11db 17       		.uleb128 0x17
 4420 11dc CF110000 		.4byte	0x11cf
 4421 11e0 13       		.uleb128 0x13
 4422 11e1 04       		.byte	0x4
 4423 11e2 12       		.byte	0x12
 4424 11e3 DD       		.byte	0xdd
 4425 11e4 05       		.byte	0x5
 4426 11e5 F7110000 		.4byte	0x11f7
 4427 11e9 01       		.uleb128 0x1
 4428 11ea 7D030000 		.4byte	.LASF243
 4429 11ee 12       		.byte	0x12
 4430 11ef E1       		.byte	0xe1
 4431 11f0 22       		.byte	0x22
 4432 11f1 5A070000 		.4byte	0x75a
 4433 11f5 00       		.byte	0
 4434 11f6 00       		.byte	0
 4435 11f7 13       		.uleb128 0x13
 4436 11f8 04       		.byte	0x4
 4437 11f9 12       		.byte	0x12
 4438 11fa E3       		.byte	0xe3
 4439 11fb 05       		.byte	0x5
 4440 11fc 0E120000 		.4byte	0x120e
 4441 1200 01       		.uleb128 0x1
ARM GAS  /tmp/ccNufGNo.s 			page 79


 4442 1201 BC0D0000 		.4byte	.LASF244
 4443 1205 12       		.byte	0x12
 4444 1206 E7       		.byte	0xe7
 4445 1207 22       		.byte	0x22
 4446 1208 0E120000 		.4byte	0x120e
 4447 120c 00       		.byte	0
 4448 120d 00       		.byte	0
 4449 120e 06       		.uleb128 0x6
 4450 120f 0A090000 		.4byte	0x90a
 4451 1213 36       		.uleb128 0x36
 4452 1214 12       		.byte	0x12
 4453 1215 DC       		.byte	0xdc
 4454 1216 2F120000 		.4byte	0x122f
 4455 121a 37       		.uleb128 0x37
 4456 121b 2C0B0000 		.4byte	.LASF245
 4457 121f E2       		.byte	0xe2
 4458 1220 E0110000 		.4byte	0x11e0
 4459 1224 37       		.uleb128 0x37
 4460 1225 C00B0000 		.4byte	.LASF246
 4461 1229 E8       		.byte	0xe8
 4462 122a F7110000 		.4byte	0x11f7
 4463 122e 00       		.byte	0
 4464 122f 13       		.uleb128 0x13
 4465 1230 14       		.byte	0x14
 4466 1231 12       		.byte	0x12
 4467 1232 CF       		.byte	0xcf
 4468 1233 09       		.byte	0x9
 4469 1234 7A120000 		.4byte	0x127a
 4470 1238 01       		.uleb128 0x1
 4471 1239 08100000 		.4byte	.LASF247
 4472 123d 12       		.byte	0x12
 4473 123e D3       		.byte	0xd3
 4474 123f 21       		.byte	0x21
 4475 1240 54080000 		.4byte	0x854
 4476 1244 00       		.byte	0
 4477 1245 01       		.uleb128 0x1
 4478 1246 98070000 		.4byte	.LASF248
 4479 124a 12       		.byte	0x12
 4480 124b D7       		.byte	0xd7
 4481 124c 21       		.byte	0x21
 4482 124d 42000000 		.4byte	0x42
 4483 1251 04       		.byte	0x4
 4484 1252 01       		.uleb128 0x1
 4485 1253 35030000 		.4byte	.LASF249
 4486 1257 12       		.byte	0x12
 4487 1258 DB       		.byte	0xdb
 4488 1259 21       		.byte	0x21
 4489 125a 42000000 		.4byte	0x42
 4490 125e 08       		.byte	0x8
 4491 125f 01       		.uleb128 0x1
 4492 1260 650D0000 		.4byte	.LASF250
 4493 1264 12       		.byte	0x12
 4494 1265 E9       		.byte	0xe9
 4495 1266 05       		.byte	0x5
 4496 1267 13120000 		.4byte	0x1213
 4497 126b 0C       		.byte	0xc
 4498 126c 01       		.uleb128 0x1
ARM GAS  /tmp/ccNufGNo.s 			page 80


 4499 126d 470D0000 		.4byte	.LASF251
 4500 1271 12       		.byte	0x12
 4501 1272 ED       		.byte	0xed
 4502 1273 21       		.byte	0x21
 4503 1274 42000000 		.4byte	0x42
 4504 1278 10       		.byte	0x10
 4505 1279 00       		.byte	0
 4506 127a 05       		.uleb128 0x5
 4507 127b AF050000 		.4byte	.LASF252
 4508 127f 12       		.byte	0x12
 4509 1280 EE       		.byte	0xee
 4510 1281 03       		.byte	0x3
 4511 1282 2F120000 		.4byte	0x122f
 4512 1286 25       		.uleb128 0x25
 4513 1287 04       		.byte	0x4
 4514 1288 12       		.byte	0x12
 4515 1289 0101     		.2byte	0x101
 4516 128b 05       		.byte	0x5
 4517 128c 9F120000 		.4byte	0x129f
 4518 1290 04       		.uleb128 0x4
 4519 1291 E8070000 		.4byte	.LASF253
 4520 1295 12       		.byte	0x12
 4521 1296 0501     		.2byte	0x105
 4522 1298 22       		.byte	0x22
 4523 1299 7D070000 		.4byte	0x77d
 4524 129d 00       		.byte	0
 4525 129e 00       		.byte	0
 4526 129f 25       		.uleb128 0x25
 4527 12a0 04       		.byte	0x4
 4528 12a1 12       		.byte	0x12
 4529 12a2 0701     		.2byte	0x107
 4530 12a4 05       		.byte	0x5
 4531 12a5 B8120000 		.4byte	0x12b8
 4532 12a9 04       		.uleb128 0x4
 4533 12aa D40B0000 		.4byte	.LASF254
 4534 12ae 12       		.byte	0x12
 4535 12af 0B01     		.2byte	0x10b
 4536 12b1 21       		.byte	0x21
 4537 12b2 B8120000 		.4byte	0x12b8
 4538 12b6 00       		.byte	0
 4539 12b7 00       		.byte	0
 4540 12b8 06       		.uleb128 0x6
 4541 12b9 FE080000 		.4byte	0x8fe
 4542 12bd 45       		.uleb128 0x45
 4543 12be 04       		.byte	0x4
 4544 12bf 12       		.byte	0x12
 4545 12c0 0001     		.2byte	0x100
 4546 12c2 03       		.byte	0x3
 4547 12c3 E2120000 		.4byte	0x12e2
 4548 12c7 1C       		.uleb128 0x1c
 4549 12c8 2C0B0000 		.4byte	.LASF245
 4550 12cc 12       		.byte	0x12
 4551 12cd 0601     		.2byte	0x106
 4552 12cf 07       		.byte	0x7
 4553 12d0 86120000 		.4byte	0x1286
 4554 12d4 1C       		.uleb128 0x1c
 4555 12d5 C00B0000 		.4byte	.LASF246
ARM GAS  /tmp/ccNufGNo.s 			page 81


 4556 12d9 12       		.byte	0x12
 4557 12da 0C01     		.2byte	0x10c
 4558 12dc 07       		.byte	0x7
 4559 12dd 9F120000 		.4byte	0x129f
 4560 12e1 00       		.byte	0
 4561 12e2 13       		.uleb128 0x13
 4562 12e3 14       		.byte	0x14
 4563 12e4 12       		.byte	0x12
 4564 12e5 F3       		.byte	0xf3
 4565 12e6 09       		.byte	0x9
 4566 12e7 2F130000 		.4byte	0x132f
 4567 12eb 01       		.uleb128 0x1
 4568 12ec A30B0000 		.4byte	.LASF255
 4569 12f0 12       		.byte	0x12
 4570 12f1 F7       		.byte	0xf7
 4571 12f2 21       		.byte	0x21
 4572 12f3 54080000 		.4byte	0x854
 4573 12f7 00       		.byte	0
 4574 12f8 01       		.uleb128 0x1
 4575 12f9 47040000 		.4byte	.LASF256
 4576 12fd 12       		.byte	0x12
 4577 12fe FB       		.byte	0xfb
 4578 12ff 21       		.byte	0x21
 4579 1300 42000000 		.4byte	0x42
 4580 1304 04       		.byte	0x4
 4581 1305 01       		.uleb128 0x1
 4582 1306 AF070000 		.4byte	.LASF257
 4583 130a 12       		.byte	0x12
 4584 130b FF       		.byte	0xff
 4585 130c 21       		.byte	0x21
 4586 130d 42000000 		.4byte	0x42
 4587 1311 08       		.byte	0x8
 4588 1312 04       		.uleb128 0x4
 4589 1313 650D0000 		.4byte	.LASF250
 4590 1317 12       		.byte	0x12
 4591 1318 0D01     		.2byte	0x10d
 4592 131a 05       		.byte	0x5
 4593 131b BD120000 		.4byte	0x12bd
 4594 131f 0C       		.byte	0xc
 4595 1320 04       		.uleb128 0x4
 4596 1321 470D0000 		.4byte	.LASF251
 4597 1325 12       		.byte	0x12
 4598 1326 1101     		.2byte	0x111
 4599 1328 21       		.byte	0x21
 4600 1329 42000000 		.4byte	0x42
 4601 132d 10       		.byte	0x10
 4602 132e 00       		.byte	0
 4603 132f 14       		.uleb128 0x14
 4604 1330 D80A0000 		.4byte	.LASF258
 4605 1334 12       		.byte	0x12
 4606 1335 1201     		.2byte	0x112
 4607 1337 03       		.byte	0x3
 4608 1338 E2120000 		.4byte	0x12e2
 4609 133c 25       		.uleb128 0x25
 4610 133d 24       		.byte	0x24
 4611 133e 12       		.byte	0x12
 4612 133f 1801     		.2byte	0x118
ARM GAS  /tmp/ccNufGNo.s 			page 82


 4613 1341 09       		.byte	0x9
 4614 1342 D3130000 		.4byte	0x13d3
 4615 1346 04       		.uleb128 0x4
 4616 1347 20020000 		.4byte	.LASF259
 4617 134b 12       		.byte	0x12
 4618 134c 1C01     		.2byte	0x11c
 4619 134e 21       		.byte	0x21
 4620 134f E2000000 		.4byte	0xe2
 4621 1353 00       		.byte	0
 4622 1354 04       		.uleb128 0x4
 4623 1355 DA080000 		.4byte	.LASF260
 4624 1359 12       		.byte	0x12
 4625 135a 2701     		.2byte	0x127
 4626 135c 21       		.byte	0x21
 4627 135d 880B0000 		.4byte	0xb88
 4628 1361 04       		.byte	0x4
 4629 1362 04       		.uleb128 0x4
 4630 1363 5B050000 		.4byte	.LASF261
 4631 1367 12       		.byte	0x12
 4632 1368 2D01     		.2byte	0x12d
 4633 136a 21       		.byte	0x21
 4634 136b 880B0000 		.4byte	0xb88
 4635 136f 08       		.byte	0x8
 4636 1370 04       		.uleb128 0x4
 4637 1371 A7090000 		.4byte	.LASF262
 4638 1375 12       		.byte	0x12
 4639 1376 3301     		.2byte	0x133
 4640 1378 21       		.byte	0x21
 4641 1379 880B0000 		.4byte	0xb88
 4642 137d 0C       		.byte	0xc
 4643 137e 04       		.uleb128 0x4
 4644 137f F4090000 		.4byte	.LASF263
 4645 1383 12       		.byte	0x12
 4646 1384 3901     		.2byte	0x139
 4647 1386 21       		.byte	0x21
 4648 1387 CA000000 		.4byte	0xca
 4649 138b 10       		.byte	0x10
 4650 138c 04       		.uleb128 0x4
 4651 138d 620C0000 		.4byte	.LASF264
 4652 1391 12       		.byte	0x12
 4653 1392 3F01     		.2byte	0x13f
 4654 1394 21       		.byte	0x21
 4655 1395 CA000000 		.4byte	0xca
 4656 1399 12       		.byte	0x12
 4657 139a 04       		.uleb128 0x4
 4658 139b F6070000 		.4byte	.LASF265
 4659 139f 12       		.byte	0x12
 4660 13a0 4401     		.2byte	0x144
 4661 13a2 22       		.byte	0x22
 4662 13a3 D3130000 		.4byte	0x13d3
 4663 13a7 14       		.byte	0x14
 4664 13a8 04       		.uleb128 0x4
 4665 13a9 100A0000 		.4byte	.LASF266
 4666 13ad 12       		.byte	0x12
 4667 13ae 4901     		.2byte	0x149
 4668 13b0 22       		.byte	0x22
 4669 13b1 D8130000 		.4byte	0x13d8
ARM GAS  /tmp/ccNufGNo.s 			page 83


 4670 13b5 18       		.byte	0x18
 4671 13b6 04       		.uleb128 0x4
 4672 13b7 52070000 		.4byte	.LASF267
 4673 13bb 12       		.byte	0x12
 4674 13bc 5001     		.2byte	0x150
 4675 13be 21       		.byte	0x21
 4676 13bf CA000000 		.4byte	0xca
 4677 13c3 1C       		.byte	0x1c
 4678 13c4 04       		.uleb128 0x4
 4679 13c5 85090000 		.4byte	.LASF268
 4680 13c9 12       		.byte	0x12
 4681 13ca 5601     		.2byte	0x156
 4682 13cc 22       		.byte	0x22
 4683 13cd 7D070000 		.4byte	0x77d
 4684 13d1 20       		.byte	0x20
 4685 13d2 00       		.byte	0
 4686 13d3 06       		.uleb128 0x6
 4687 13d4 7A120000 		.4byte	0x127a
 4688 13d8 06       		.uleb128 0x6
 4689 13d9 2F130000 		.4byte	0x132f
 4690 13dd 14       		.uleb128 0x14
 4691 13de 4F0B0000 		.4byte	.LASF269
 4692 13e2 12       		.byte	0x12
 4693 13e3 5701     		.2byte	0x157
 4694 13e5 03       		.byte	0x3
 4695 13e6 3C130000 		.4byte	0x133c
 4696 13ea 17       		.uleb128 0x17
 4697 13eb DD130000 		.4byte	0x13dd
 4698 13ef 25       		.uleb128 0x25
 4699 13f0 10       		.byte	0x10
 4700 13f1 12       		.byte	0x12
 4701 13f2 5C01     		.2byte	0x15c
 4702 13f4 09       		.byte	0x9
 4703 13f5 32140000 		.4byte	0x1432
 4704 13f9 04       		.uleb128 0x4
 4705 13fa 2B080000 		.4byte	.LASF270
 4706 13fe 12       		.byte	0x12
 4707 13ff 6101     		.2byte	0x161
 4708 1401 21       		.byte	0x21
 4709 1402 AA0B0000 		.4byte	0xbaa
 4710 1406 00       		.byte	0
 4711 1407 04       		.uleb128 0x4
 4712 1408 3C0F0000 		.4byte	.LASF271
 4713 140c 12       		.byte	0x12
 4714 140d 6601     		.2byte	0x166
 4715 140f 21       		.byte	0x21
 4716 1410 ED0B0000 		.4byte	0xbed
 4717 1414 04       		.byte	0x4
 4718 1415 04       		.uleb128 0x4
 4719 1416 D1040000 		.4byte	.LASF272
 4720 141a 12       		.byte	0x12
 4721 141b 6C01     		.2byte	0x16c
 4722 141d 21       		.byte	0x21
 4723 141e CC0B0000 		.4byte	0xbcc
 4724 1422 08       		.byte	0x8
 4725 1423 04       		.uleb128 0x4
 4726 1424 A90E0000 		.4byte	.LASF273
ARM GAS  /tmp/ccNufGNo.s 			page 84


 4727 1428 12       		.byte	0x12
 4728 1429 7001     		.2byte	0x170
 4729 142b 21       		.byte	0x21
 4730 142c 660B0000 		.4byte	0xb66
 4731 1430 0C       		.byte	0xc
 4732 1431 00       		.byte	0
 4733 1432 14       		.uleb128 0x14
 4734 1433 4A090000 		.4byte	.LASF274
 4735 1437 12       		.byte	0x12
 4736 1438 7201     		.2byte	0x172
 4737 143a 03       		.byte	0x3
 4738 143b EF130000 		.4byte	0x13ef
 4739 143f 17       		.uleb128 0x17
 4740 1440 32140000 		.4byte	0x1432
 4741 1444 06       		.uleb128 0x6
 4742 1445 3F140000 		.4byte	0x143f
 4743 1449 0B       		.uleb128 0xb
 4744 144a 59140000 		.4byte	0x1459
 4745 144e 59140000 		.4byte	0x1459
 4746 1452 0C       		.uleb128 0xc
 4747 1453 2D000000 		.4byte	0x2d
 4748 1457 03       		.byte	0x3
 4749 1458 00       		.byte	0
 4750 1459 06       		.uleb128 0x6
 4751 145a EA130000 		.4byte	0x13ea
 4752 145e 0B       		.uleb128 0xb
 4753 145f 09030000 		.4byte	0x309
 4754 1463 6E140000 		.4byte	0x146e
 4755 1467 0C       		.uleb128 0xc
 4756 1468 2D000000 		.4byte	0x2d
 4757 146c 02       		.byte	0x2
 4758 146d 00       		.byte	0
 4759 146e 0B       		.uleb128 0xb
 4760 146f B9000000 		.4byte	0xb9
 4761 1473 7E140000 		.4byte	0x147e
 4762 1477 0C       		.uleb128 0xc
 4763 1478 2D000000 		.4byte	0x2d
 4764 147c 07       		.byte	0x7
 4765 147d 00       		.byte	0
 4766 147e 06       		.uleb128 0x6
 4767 147f 92110000 		.4byte	0x1192
 4768 1483 06       		.uleb128 0x6
 4769 1484 DB110000 		.4byte	0x11db
 4770 1488 0B       		.uleb128 0xb
 4771 1489 8D040000 		.4byte	0x48d
 4772 148d 98140000 		.4byte	0x1498
 4773 1491 0C       		.uleb128 0xc
 4774 1492 2D000000 		.4byte	0x2d
 4775 1496 36       		.byte	0x36
 4776 1497 00       		.byte	0
 4777 1498 13       		.uleb128 0x13
 4778 1499 07       		.byte	0x7
 4779 149a 14       		.byte	0x14
 4780 149b 8D       		.byte	0x8d
 4781 149c 09       		.byte	0x9
 4782 149d D6140000 		.4byte	0x14d6
 4783 14a1 01       		.uleb128 0x1
ARM GAS  /tmp/ccNufGNo.s 			page 85


 4784 14a2 25100000 		.4byte	.LASF275
 4785 14a6 14       		.byte	0x14
 4786 14a7 8E       		.byte	0x8e
 4787 14a8 21       		.byte	0x21
 4788 14a9 D6140000 		.4byte	0x14d6
 4789 14ad 00       		.byte	0
 4790 14ae 01       		.uleb128 0x1
 4791 14af 19100000 		.4byte	.LASF276
 4792 14b3 14       		.byte	0x14
 4793 14b4 8F       		.byte	0x8f
 4794 14b5 21       		.byte	0x21
 4795 14b6 B9000000 		.4byte	0xb9
 4796 14ba 04       		.byte	0x4
 4797 14bb 01       		.uleb128 0x1
 4798 14bc DB0D0000 		.4byte	.LASF277
 4799 14c0 14       		.byte	0x14
 4800 14c1 90       		.byte	0x90
 4801 14c2 21       		.byte	0x21
 4802 14c3 B9000000 		.4byte	0xb9
 4803 14c7 05       		.byte	0x5
 4804 14c8 01       		.uleb128 0x1
 4805 14c9 6A060000 		.4byte	.LASF278
 4806 14cd 14       		.byte	0x14
 4807 14ce 91       		.byte	0x91
 4808 14cf 21       		.byte	0x21
 4809 14d0 B9000000 		.4byte	0xb9
 4810 14d4 06       		.byte	0x6
 4811 14d5 00       		.byte	0
 4812 14d6 0B       		.uleb128 0xb
 4813 14d7 B9000000 		.4byte	0xb9
 4814 14db E6140000 		.4byte	0x14e6
 4815 14df 0C       		.uleb128 0xc
 4816 14e0 2D000000 		.4byte	0x2d
 4817 14e4 03       		.byte	0x3
 4818 14e5 00       		.byte	0
 4819 14e6 05       		.uleb128 0x5
 4820 14e7 660E0000 		.4byte	.LASF279
 4821 14eb 14       		.byte	0x14
 4822 14ec 92       		.byte	0x92
 4823 14ed 03       		.byte	0x3
 4824 14ee 98140000 		.4byte	0x1498
 4825 14f2 46       		.uleb128 0x46
 4826 14f3 07       		.byte	0x7
 4827 14f4 01       		.byte	0x1
 4828 14f5 34000000 		.4byte	0x34
 4829 14f9 14       		.byte	0x14
 4830 14fa 97       		.byte	0x97
 4831 14fb 0E       		.byte	0xe
 4832 14fc 13150000 		.4byte	0x1513
 4833 1500 0D       		.uleb128 0xd
 4834 1501 F70D0000 		.4byte	.LASF280
 4835 1505 00       		.byte	0
 4836 1506 0D       		.uleb128 0xd
 4837 1507 E40E0000 		.4byte	.LASF281
 4838 150b 01       		.byte	0x1
 4839 150c 0D       		.uleb128 0xd
 4840 150d 9F070000 		.4byte	.LASF282
ARM GAS  /tmp/ccNufGNo.s 			page 86


 4841 1511 02       		.byte	0x2
 4842 1512 00       		.byte	0
 4843 1513 05       		.uleb128 0x5
 4844 1514 5C090000 		.4byte	.LASF283
 4845 1518 14       		.byte	0x14
 4846 1519 9B       		.byte	0x9b
 4847 151a 03       		.byte	0x3
 4848 151b F2140000 		.4byte	0x14f2
 4849 151f 05       		.uleb128 0x5
 4850 1520 3B0A0000 		.4byte	.LASF284
 4851 1524 14       		.byte	0x14
 4852 1525 A0       		.byte	0xa0
 4853 1526 20       		.byte	0x20
 4854 1527 2B150000 		.4byte	0x152b
 4855 152b 47       		.uleb128 0x47
 4856 152c 3B0A0000 		.4byte	.LASF284
 4857 1530 5802     		.2byte	0x258
 4858 1532 14       		.byte	0x14
 4859 1533 E5       		.byte	0xe5
 4860 1534 08       		.byte	0x8
 4861 1535 A2150000 		.4byte	0x15a2
 4862 1539 11       		.uleb128 0x11
 4863 153a 766D7400 		.ascii	"vmt\000"
 4864 153e 14       		.byte	0x14
 4865 153f E7       		.byte	0xe7
 4866 1540 24       		.byte	0x24
 4867 1541 6C160000 		.4byte	0x166c
 4868 1545 00       		.byte	0
 4869 1546 01       		.uleb128 0x1
 4870 1547 0C090000 		.4byte	.LASF285
 4871 154b 14       		.byte	0x14
 4872 154c E8       		.byte	0xe8
 4873 154d 03       		.byte	0x3
 4874 154e CB070000 		.4byte	0x7cb
 4875 1552 04       		.byte	0x4
 4876 1553 01       		.uleb128 0x1
 4877 1554 1A020000 		.4byte	.LASF114
 4878 1558 14       		.byte	0x14
 4879 1559 E8       		.byte	0xe8
 4880 155a 03       		.byte	0x3
 4881 155b 13150000 		.4byte	0x1513
 4882 155f 08       		.byte	0x8
 4883 1560 01       		.uleb128 0x1
 4884 1561 9D080000 		.4byte	.LASF286
 4885 1565 14       		.byte	0x14
 4886 1566 E8       		.byte	0xe8
 4887 1567 03       		.byte	0x3
 4888 1568 FE080000 		.4byte	0x8fe
 4889 156c 0C       		.byte	0xc
 4890 156d 01       		.uleb128 0x1
 4891 156e 76030000 		.4byte	.LASF287
 4892 1572 14       		.byte	0x14
 4893 1573 E8       		.byte	0xe8
 4894 1574 03       		.byte	0x3
 4895 1575 0A090000 		.4byte	0x90a
 4896 1579 30       		.byte	0x30
 4897 157a 11       		.uleb128 0x11
ARM GAS  /tmp/ccNufGNo.s 			page 87


 4898 157b 696200   		.ascii	"ib\000"
 4899 157e 14       		.byte	0x14
 4900 157f E8       		.byte	0xe8
 4901 1580 03       		.byte	0x3
 4902 1581 71160000 		.4byte	0x1671
 4903 1585 54       		.byte	0x54
 4904 1586 29       		.uleb128 0x29
 4905 1587 6F6200   		.ascii	"ob\000"
 4906 158a 14       		.byte	0x14
 4907 158b E8       		.byte	0xe8
 4908 158c 03       		.byte	0x3
 4909 158d 71160000 		.4byte	0x1671
 4910 1591 5401     		.2byte	0x154
 4911 1593 07       		.uleb128 0x7
 4912 1594 13020000 		.4byte	.LASF115
 4913 1598 14       		.byte	0x14
 4914 1599 E8       		.byte	0xe8
 4915 159a 03       		.byte	0x3
 4916 159b 81160000 		.4byte	0x1681
 4917 159f 5402     		.2byte	0x254
 4918 15a1 00       		.byte	0
 4919 15a2 13       		.uleb128 0x13
 4920 15a3 08       		.byte	0x8
 4921 15a4 14       		.byte	0x14
 4922 15a5 A7       		.byte	0xa7
 4923 15a6 09       		.byte	0x9
 4924 15a7 E0150000 		.4byte	0x15e0
 4925 15ab 01       		.uleb128 0x1
 4926 15ac 60070000 		.4byte	.LASF288
 4927 15b0 14       		.byte	0x14
 4928 15b1 AB       		.byte	0xab
 4929 15b2 1E       		.byte	0x1e
 4930 15b3 830B0000 		.4byte	0xb83
 4931 15b7 00       		.byte	0
 4932 15b8 01       		.uleb128 0x1
 4933 15b9 04070000 		.4byte	.LASF289
 4934 15bd 14       		.byte	0x14
 4935 15be AF       		.byte	0xaf
 4936 15bf 1D       		.byte	0x1d
 4937 15c0 640A0000 		.4byte	0xa64
 4938 15c4 04       		.byte	0x4
 4939 15c5 01       		.uleb128 0x1
 4940 15c6 FB0E0000 		.4byte	.LASF290
 4941 15ca 14       		.byte	0x14
 4942 15cb B3       		.byte	0xb3
 4943 15cc 1D       		.byte	0x1d
 4944 15cd 640A0000 		.4byte	0xa64
 4945 15d1 05       		.byte	0x5
 4946 15d2 01       		.uleb128 0x1
 4947 15d3 D7030000 		.4byte	.LASF291
 4948 15d7 14       		.byte	0x14
 4949 15d8 B9       		.byte	0xb9
 4950 15d9 1D       		.byte	0x1d
 4951 15da 640A0000 		.4byte	0xa64
 4952 15de 06       		.byte	0x6
 4953 15df 00       		.byte	0
 4954 15e0 05       		.uleb128 0x5
ARM GAS  /tmp/ccNufGNo.s 			page 88


 4955 15e1 AE090000 		.4byte	.LASF292
 4956 15e5 14       		.byte	0x14
 4957 15e6 BA       		.byte	0xba
 4958 15e7 03       		.byte	0x3
 4959 15e8 A2150000 		.4byte	0x15a2
 4960 15ec 17       		.uleb128 0x17
 4961 15ed E0150000 		.4byte	0x15e0
 4962 15f1 1B       		.uleb128 0x1b
 4963 15f2 57060000 		.4byte	.LASF293
 4964 15f6 20       		.byte	0x20
 4965 15f7 14       		.byte	0x14
 4966 15f8 DA       		.byte	0xda
 4967 15f9 08       		.byte	0x8
 4968 15fa 67160000 		.4byte	0x1667
 4969 15fe 01       		.uleb128 0x1
 4970 15ff A9070000 		.4byte	.LASF294
 4971 1603 14       		.byte	0x14
 4972 1604 DB       		.byte	0xdb
 4973 1605 03       		.byte	0x3
 4974 1606 5F070000 		.4byte	0x75f
 4975 160a 00       		.byte	0
 4976 160b 01       		.uleb128 0x1
 4977 160c 23090000 		.4byte	.LASF295
 4978 1610 14       		.byte	0x14
 4979 1611 DB       		.byte	0xdb
 4980 1612 03       		.byte	0x3
 4981 1613 82070000 		.4byte	0x782
 4982 1617 04       		.byte	0x4
 4983 1618 11       		.uleb128 0x11
 4984 1619 70757400 		.ascii	"put\000"
 4985 161d 14       		.byte	0x14
 4986 161e DB       		.byte	0xdb
 4987 161f 03       		.byte	0x3
 4988 1620 9B070000 		.4byte	0x79b
 4989 1624 08       		.byte	0x8
 4990 1625 11       		.uleb128 0x11
 4991 1626 67657400 		.ascii	"get\000"
 4992 162a 14       		.byte	0x14
 4993 162b DB       		.byte	0xdb
 4994 162c 03       		.byte	0x3
 4995 162d AF070000 		.4byte	0x7af
 4996 1631 0C       		.byte	0xc
 4997 1632 01       		.uleb128 0x1
 4998 1633 4A020000 		.4byte	.LASF296
 4999 1637 14       		.byte	0x14
 5000 1638 DB       		.byte	0xdb
 5001 1639 03       		.byte	0x3
 5002 163a F0070000 		.4byte	0x7f0
 5003 163e 10       		.byte	0x10
 5004 163f 01       		.uleb128 0x1
 5005 1640 61050000 		.4byte	.LASF297
 5006 1644 14       		.byte	0x14
 5007 1645 DB       		.byte	0xdb
 5008 1646 03       		.byte	0x3
 5009 1647 09080000 		.4byte	0x809
 5010 164b 14       		.byte	0x14
 5011 164c 01       		.uleb128 0x1
ARM GAS  /tmp/ccNufGNo.s 			page 89


 5012 164d 94010000 		.4byte	.LASF298
 5013 1651 14       		.byte	0x14
 5014 1652 DB       		.byte	0xdb
 5015 1653 03       		.byte	0x3
 5016 1654 2C080000 		.4byte	0x82c
 5017 1658 18       		.byte	0x18
 5018 1659 01       		.uleb128 0x1
 5019 165a D6020000 		.4byte	.LASF299
 5020 165e 14       		.byte	0x14
 5021 165f DB       		.byte	0xdb
 5022 1660 03       		.byte	0x3
 5023 1661 4F080000 		.4byte	0x84f
 5024 1665 1C       		.byte	0x1c
 5025 1666 00       		.byte	0
 5026 1667 17       		.uleb128 0x17
 5027 1668 F1150000 		.4byte	0x15f1
 5028 166c 06       		.uleb128 0x6
 5029 166d 67160000 		.4byte	0x1667
 5030 1671 0B       		.uleb128 0xb
 5031 1672 B9000000 		.4byte	0xb9
 5032 1676 81160000 		.4byte	0x1681
 5033 167a 0C       		.uleb128 0xc
 5034 167b 2D000000 		.4byte	0x2d
 5035 167f FF       		.byte	0xff
 5036 1680 00       		.byte	0
 5037 1681 06       		.uleb128 0x6
 5038 1682 EC150000 		.4byte	0x15ec
 5039 1686 48       		.uleb128 0x48
 5040 1687 5A020000 		.4byte	.LASF300
 5041 168b 01       		.byte	0x1
 5042 168c 2C       		.byte	0x2c
 5043 168d 19       		.byte	0x19
 5044 168e E6140000 		.4byte	0x14e6
 5045 1692 05       		.uleb128 0x5
 5046 1693 03       		.byte	0x3
 5047 1694 00000000 		.4byte	linecoding
 5048 1698 49       		.uleb128 0x49
 5049 1699 766D7400 		.ascii	"vmt\000"
 5050 169d 01       		.byte	0x1
 5051 169e 63       		.byte	0x63
 5052 169f 28       		.byte	0x28
 5053 16a0 67160000 		.4byte	0x1667
 5054 16a4 05       		.uleb128 0x5
 5055 16a5 03       		.byte	0x3
 5056 16a6 00000000 		.4byte	vmt
 5057 16aa 2A       		.uleb128 0x2a
 5058 16ab 1B060000 		.4byte	.LASF301
 5059 16af DB       		.byte	0xdb
 5060 16b0 2A       		.uleb128 0x2a
 5061 16b1 610B0000 		.4byte	.LASF302
 5062 16b5 DA       		.byte	0xda
 5063 16b6 4A       		.uleb128 0x4a
 5064 16b7 730D0000 		.4byte	.LASF303
 5065 16bb 0B       		.byte	0xb
 5066 16bc 1702     		.2byte	0x217
 5067 16be 08       		.byte	0x8
 5068 16bf 20       		.uleb128 0x20
ARM GAS  /tmp/ccNufGNo.s 			page 90


 5069 16c0 FF090000 		.4byte	.LASF304
 5070 16c4 10       		.byte	0x10
 5071 16c5 6801     		.2byte	0x168
 5072 16c7 D1160000 		.4byte	0x16d1
 5073 16cb 02       		.uleb128 0x2
 5074 16cc 0E120000 		.4byte	0x120e
 5075 16d0 00       		.byte	0
 5076 16d1 20       		.uleb128 0x20
 5077 16d2 E50C0000 		.4byte	.LASF305
 5078 16d6 10       		.byte	0x10
 5079 16d7 6001     		.2byte	0x160
 5080 16d9 E3160000 		.4byte	0x16e3
 5081 16dd 02       		.uleb128 0x2
 5082 16de B8120000 		.4byte	0x12b8
 5083 16e2 00       		.byte	0
 5084 16e3 21       		.uleb128 0x21
 5085 16e4 C0070000 		.4byte	.LASF306
 5086 16e8 10       		.byte	0x10
 5087 16e9 6901     		.2byte	0x169
 5088 16eb 09       		.byte	0x9
 5089 16ec 3B010000 		.4byte	0x13b
 5090 16f0 04170000 		.4byte	0x1704
 5091 16f4 02       		.uleb128 0x2
 5092 16f5 0E120000 		.4byte	0x120e
 5093 16f9 02       		.uleb128 0x2
 5094 16fa B9000000 		.4byte	0xb9
 5095 16fe 02       		.uleb128 0x2
 5096 16ff 64010000 		.4byte	0x164
 5097 1703 00       		.byte	0
 5098 1704 21       		.uleb128 0x21
 5099 1705 D6090000 		.4byte	.LASF307
 5100 1709 10       		.byte	0x10
 5101 170a 6201     		.2byte	0x162
 5102 170c 09       		.byte	0x9
 5103 170d 3B010000 		.4byte	0x13b
 5104 1711 20170000 		.4byte	0x1720
 5105 1715 02       		.uleb128 0x2
 5106 1716 B8120000 		.4byte	0x12b8
 5107 171a 02       		.uleb128 0x2
 5108 171b 64010000 		.4byte	0x164
 5109 171f 00       		.byte	0
 5110 1720 21       		.uleb128 0x21
 5111 1721 8F090000 		.4byte	.LASF308
 5112 1725 10       		.byte	0x10
 5113 1726 6B01     		.2byte	0x16b
 5114 1728 0A       		.byte	0xa
 5115 1729 42000000 		.4byte	0x42
 5116 172d 46170000 		.4byte	0x1746
 5117 1731 02       		.uleb128 0x2
 5118 1732 0E120000 		.4byte	0x120e
 5119 1736 02       		.uleb128 0x2
 5120 1737 5A070000 		.4byte	0x75a
 5121 173b 02       		.uleb128 0x2
 5122 173c 42000000 		.4byte	0x42
 5123 1740 02       		.uleb128 0x2
 5124 1741 64010000 		.4byte	0x164
 5125 1745 00       		.byte	0
ARM GAS  /tmp/ccNufGNo.s 			page 91


 5126 1746 21       		.uleb128 0x21
 5127 1747 C60B0000 		.4byte	.LASF309
 5128 174b 10       		.byte	0x10
 5129 174c 6301     		.2byte	0x163
 5130 174e 0A       		.byte	0xa
 5131 174f 42000000 		.4byte	0x42
 5132 1753 6C170000 		.4byte	0x176c
 5133 1757 02       		.uleb128 0x2
 5134 1758 B8120000 		.4byte	0x12b8
 5135 175c 02       		.uleb128 0x2
 5136 175d 7D070000 		.4byte	0x77d
 5137 1761 02       		.uleb128 0x2
 5138 1762 42000000 		.4byte	0x42
 5139 1766 02       		.uleb128 0x2
 5140 1767 64010000 		.4byte	0x164
 5141 176b 00       		.byte	0
 5142 176c 21       		.uleb128 0x21
 5143 176d D0010000 		.4byte	.LASF310
 5144 1771 11       		.byte	0x11
 5145 1772 4602     		.2byte	0x246
 5146 1774 08       		.byte	0x8
 5147 1775 54080000 		.4byte	0x854
 5148 1779 88170000 		.4byte	0x1788
 5149 177d 02       		.uleb128 0x2
 5150 177e 830B0000 		.4byte	0xb83
 5151 1782 02       		.uleb128 0x2
 5152 1783 640A0000 		.4byte	0xa64
 5153 1787 00       		.byte	0
 5154 1788 20       		.uleb128 0x20
 5155 1789 300E0000 		.4byte	.LASF311
 5156 178d 11       		.byte	0x11
 5157 178e 4202     		.2byte	0x242
 5158 1790 A9170000 		.4byte	0x17a9
 5159 1794 02       		.uleb128 0x2
 5160 1795 830B0000 		.4byte	0xb83
 5161 1799 02       		.uleb128 0x2
 5162 179a 640A0000 		.4byte	0xa64
 5163 179e 02       		.uleb128 0x2
 5164 179f B8120000 		.4byte	0x12b8
 5165 17a3 02       		.uleb128 0x2
 5166 17a4 42000000 		.4byte	0x42
 5167 17a8 00       		.byte	0
 5168 17a9 2A       		.uleb128 0x2a
 5169 17aa B2060000 		.4byte	.LASF312
 5170 17ae D8       		.byte	0xd8
 5171 17af 20       		.uleb128 0x20
 5172 17b0 970E0000 		.4byte	.LASF313
 5173 17b4 03       		.byte	0x3
 5174 17b5 1601     		.2byte	0x116
 5175 17b7 C1170000 		.4byte	0x17c1
 5176 17bb 02       		.uleb128 0x2
 5177 17bc F9060000 		.4byte	0x6f9
 5178 17c0 00       		.byte	0
 5179 17c1 2A       		.uleb128 0x2a
 5180 17c2 80020000 		.4byte	.LASF314
 5181 17c6 D9       		.byte	0xd9
 5182 17c7 21       		.uleb128 0x21
ARM GAS  /tmp/ccNufGNo.s 			page 92


 5183 17c8 190D0000 		.4byte	.LASF315
 5184 17cc 11       		.byte	0x11
 5185 17cd 4702     		.2byte	0x247
 5186 17cf 08       		.byte	0x8
 5187 17d0 54080000 		.4byte	0x854
 5188 17d4 E3170000 		.4byte	0x17e3
 5189 17d8 02       		.uleb128 0x2
 5190 17d9 830B0000 		.4byte	0xb83
 5191 17dd 02       		.uleb128 0x2
 5192 17de 640A0000 		.4byte	0xa64
 5193 17e2 00       		.byte	0
 5194 17e3 20       		.uleb128 0x20
 5195 17e4 28020000 		.4byte	.LASF316
 5196 17e8 11       		.byte	0x11
 5197 17e9 4402     		.2byte	0x244
 5198 17eb 04180000 		.4byte	0x1804
 5199 17ef 02       		.uleb128 0x2
 5200 17f0 830B0000 		.4byte	0xb83
 5201 17f4 02       		.uleb128 0x2
 5202 17f5 640A0000 		.4byte	0xa64
 5203 17f9 02       		.uleb128 0x2
 5204 17fa 0E120000 		.4byte	0x120e
 5205 17fe 02       		.uleb128 0x2
 5206 17ff 42000000 		.4byte	0x42
 5207 1803 00       		.byte	0
 5208 1804 20       		.uleb128 0x20
 5209 1805 900C0000 		.4byte	.LASF317
 5210 1809 10       		.byte	0x10
 5211 180a 6601     		.2byte	0x166
 5212 180c 2A180000 		.4byte	0x182a
 5213 1810 02       		.uleb128 0x2
 5214 1811 0E120000 		.4byte	0x120e
 5215 1815 02       		.uleb128 0x2
 5216 1816 7D070000 		.4byte	0x77d
 5217 181a 02       		.uleb128 0x2
 5218 181b 42000000 		.4byte	0x42
 5219 181f 02       		.uleb128 0x2
 5220 1820 DD080000 		.4byte	0x8dd
 5221 1824 02       		.uleb128 0x2
 5222 1825 09030000 		.4byte	0x309
 5223 1829 00       		.byte	0
 5224 182a 20       		.uleb128 0x20
 5225 182b 54080000 		.4byte	.LASF318
 5226 182f 10       		.byte	0x10
 5227 1830 5E01     		.2byte	0x15e
 5228 1832 50180000 		.4byte	0x1850
 5229 1836 02       		.uleb128 0x2
 5230 1837 B8120000 		.4byte	0x12b8
 5231 183b 02       		.uleb128 0x2
 5232 183c 7D070000 		.4byte	0x77d
 5233 1840 02       		.uleb128 0x2
 5234 1841 42000000 		.4byte	0x42
 5235 1845 02       		.uleb128 0x2
 5236 1846 DD080000 		.4byte	0x8dd
 5237 184a 02       		.uleb128 0x2
 5238 184b 09030000 		.4byte	0x309
 5239 184f 00       		.byte	0
ARM GAS  /tmp/ccNufGNo.s 			page 93


 5240 1850 2B       		.uleb128 0x2b
 5241 1851 4B0A0000 		.4byte	.LASF319
 5242 1855 9C01     		.2byte	0x19c
 5243 1857 00000000 		.4byte	.LFB241
 5244 185b 02000000 		.4byte	.LFE241-.LFB241
 5245 185f 01       		.uleb128 0x1
 5246 1860 9C       		.byte	0x9c
 5247 1861 83180000 		.4byte	0x1883
 5248 1865 4B       		.uleb128 0x4b
 5249 1866 60070000 		.4byte	.LASF288
 5250 186a 01       		.byte	0x1
 5251 186b 9C01     		.2byte	0x19c
 5252 186d 29       		.byte	0x29
 5253 186e 830B0000 		.4byte	0xb83
 5254 1872 01       		.uleb128 0x1
 5255 1873 50       		.byte	0x50
 5256 1874 4C       		.uleb128 0x4c
 5257 1875 657000   		.ascii	"ep\000"
 5258 1878 01       		.byte	0x1
 5259 1879 9C01     		.2byte	0x19c
 5260 187b 37       		.byte	0x37
 5261 187c 640A0000 		.4byte	0xa64
 5262 1880 01       		.uleb128 0x1
 5263 1881 51       		.byte	0x51
 5264 1882 00       		.byte	0
 5265 1883 2B       		.uleb128 0x2b
 5266 1884 B0030000 		.4byte	.LASF320
 5267 1888 7801     		.2byte	0x178
 5268 188a 00000000 		.4byte	.LFB240
 5269 188e 7C000000 		.4byte	.LFE240-.LFB240
 5270 1892 01       		.uleb128 0x1
 5271 1893 9C       		.byte	0x9c
 5272 1894 A51B0000 		.4byte	0x1ba5
 5273 1898 2C       		.uleb128 0x2c
 5274 1899 60070000 		.4byte	.LASF288
 5275 189d 7801     		.2byte	0x178
 5276 189f 21       		.byte	0x21
 5277 18a0 830B0000 		.4byte	0xb83
 5278 18a4 14000000 		.4byte	.LLST73
 5279 18a8 0C000000 		.4byte	.LVUS73
 5280 18ac 38       		.uleb128 0x38
 5281 18ad 657000   		.ascii	"ep\000"
 5282 18b0 7801     		.2byte	0x178
 5283 18b2 2F       		.byte	0x2f
 5284 18b3 640A0000 		.4byte	0xa64
 5285 18b7 3D000000 		.4byte	.LLST74
 5286 18bb 37000000 		.4byte	.LVUS74
 5287 18bf 39       		.uleb128 0x39
 5288 18c0 6E00     		.ascii	"n\000"
 5289 18c2 7901     		.2byte	0x179
 5290 18c4 42000000 		.4byte	0x42
 5291 18c8 65000000 		.4byte	.LLST75
 5292 18cc 5B000000 		.4byte	.LVUS75
 5293 18d0 2D       		.uleb128 0x2d
 5294 18d1 EC090000 		.4byte	.LASF321
 5295 18d5 7901     		.2byte	0x179
 5296 18d7 0D       		.byte	0xd
ARM GAS  /tmp/ccNufGNo.s 			page 94


 5297 18d8 42000000 		.4byte	0x42
 5298 18dc 92000000 		.4byte	.LLST76
 5299 18e0 8E000000 		.4byte	.LVUS76
 5300 18e4 2D       		.uleb128 0x2d
 5301 18e5 AD080000 		.4byte	.LASF322
 5302 18e9 7A01     		.2byte	0x17a
 5303 18eb 14       		.byte	0x14
 5304 18ec A51B0000 		.4byte	0x1ba5
 5305 18f0 A4000000 		.4byte	.LLST77
 5306 18f4 A2000000 		.4byte	.LVUS77
 5307 18f8 09       		.uleb128 0x9
 5308 18f9 762B0000 		.4byte	0x2b76
 5309 18fd 0E000000 		.4byte	.LBI359
 5310 1901 01       		.byte	.LVU502
 5311 1902 0E000000 		.4byte	.LBB359
 5312 1906 10000000 		.4byte	.LBE359-.LBB359
 5313 190a 01       		.byte	0x1
 5314 190b 8001     		.2byte	0x180
 5315 190d 03       		.byte	0x3
 5316 190e 86190000 		.4byte	0x1986
 5317 1912 08       		.uleb128 0x8
 5318 1913 962B0000 		.4byte	0x2b96
 5319 1917 0E000000 		.4byte	.LBI360
 5320 191b 03       		.byte	.LVU504
 5321 191c 0E000000 		.4byte	.LBB360
 5322 1920 10000000 		.4byte	.LBE360-.LBB360
 5323 1924 02       		.byte	0x2
 5324 1925 0302     		.2byte	0x203
 5325 1927 09       		.uleb128 0x9
 5326 1928 DF2B0000 		.4byte	0x2bdf
 5327 192c 0E000000 		.4byte	.LBI362
 5328 1930 05       		.byte	.LVU506
 5329 1931 0E000000 		.4byte	.LBB362
 5330 1935 0C000000 		.4byte	.LBE362-.LBB362
 5331 1939 03       		.byte	0x3
 5332 193a 8401     		.2byte	0x184
 5333 193c 03       		.byte	0x3
 5334 193d 7B190000 		.4byte	0x197b
 5335 1941 08       		.uleb128 0x8
 5336 1942 EF2B0000 		.4byte	0x2bef
 5337 1946 0E000000 		.4byte	.LBI363
 5338 194a 07       		.byte	.LVU508
 5339 194b 0E000000 		.4byte	.LBB363
 5340 194f 0C000000 		.4byte	.LBE363-.LBB363
 5341 1953 04       		.byte	0x4
 5342 1954 DB01     		.2byte	0x1db
 5343 1956 08       		.uleb128 0x8
 5344 1957 F72B0000 		.4byte	0x2bf7
 5345 195b 0E000000 		.4byte	.LBI364
 5346 195f 09       		.byte	.LVU510
 5347 1960 0E000000 		.4byte	.LBB364
 5348 1964 0C000000 		.4byte	.LBE364-.LBB364
 5349 1968 04       		.byte	0x4
 5350 1969 BF01     		.2byte	0x1bf
 5351 196b 0A       		.uleb128 0xa
 5352 196c 012C0000 		.4byte	0x2c01
 5353 1970 AF000000 		.4byte	.LLST78
ARM GAS  /tmp/ccNufGNo.s 			page 95


 5354 1974 AD000000 		.4byte	.LVUS78
 5355 1978 00       		.byte	0
 5356 1979 00       		.byte	0
 5357 197a 00       		.byte	0
 5358 197b 10       		.uleb128 0x10
 5359 197c 1E000000 		.4byte	.LVL138
 5360 1980 B0160000 		.4byte	0x16b0
 5361 1984 00       		.byte	0
 5362 1985 00       		.byte	0
 5363 1986 09       		.uleb128 0x9
 5364 1987 222B0000 		.4byte	0x2b22
 5365 198b 1E000000 		.4byte	.LBI366
 5366 198f 02       		.byte	.LVU517
 5367 1990 1E000000 		.4byte	.LBB366
 5368 1994 08000000 		.4byte	.LBE366-.LBB366
 5369 1998 01       		.byte	0x1
 5370 1999 8101     		.2byte	0x181
 5371 199b 03       		.byte	0x3
 5372 199c BB190000 		.4byte	0x19bb
 5373 19a0 0A       		.uleb128 0xa
 5374 19a1 3A2B0000 		.4byte	0x2b3a
 5375 19a5 BC000000 		.4byte	.LLST79
 5376 19a9 BA000000 		.4byte	.LVUS79
 5377 19ad 0A       		.uleb128 0xa
 5378 19ae 2E2B0000 		.4byte	0x2b2e
 5379 19b2 C8000000 		.4byte	.LLST80
 5380 19b6 C6000000 		.4byte	.LVUS80
 5381 19ba 00       		.byte	0
 5382 19bb 09       		.uleb128 0x9
 5383 19bc 6E2B0000 		.4byte	0x2b6e
 5384 19c0 3E000000 		.4byte	.LBI368
 5385 19c4 01       		.byte	.LVU532
 5386 19c5 3E000000 		.4byte	.LBB368
 5387 19c9 0A000000 		.4byte	.LBE368-.LBB368
 5388 19cd 01       		.byte	0x1
 5389 19ce 9101     		.2byte	0x191
 5390 19d0 03       		.byte	0x3
 5391 19d1 491A0000 		.4byte	0x1a49
 5392 19d5 08       		.uleb128 0x8
 5393 19d6 8E2B0000 		.4byte	0x2b8e
 5394 19da 3E000000 		.4byte	.LBI370
 5395 19de 03       		.byte	.LVU534
 5396 19df 3E000000 		.4byte	.LBB370
 5397 19e3 0A000000 		.4byte	.LBE370-.LBB370
 5398 19e7 02       		.byte	0x2
 5399 19e8 0E02     		.2byte	0x20e
 5400 19ea 09       		.uleb128 0x9
 5401 19eb D72B0000 		.4byte	0x2bd7
 5402 19ef 42000000 		.4byte	.LBI372
 5403 19f3 02       		.byte	.LVU538
 5404 19f4 42000000 		.4byte	.LBB372
 5405 19f8 06000000 		.4byte	.LBE372-.LBB372
 5406 19fc 03       		.byte	0x3
 5407 19fd 9A01     		.2byte	0x19a
 5408 19ff 03       		.byte	0x3
 5409 1a00 3E1A0000 		.4byte	0x1a3e
 5410 1a04 08       		.uleb128 0x8
ARM GAS  /tmp/ccNufGNo.s 			page 96


 5411 1a05 E72B0000 		.4byte	0x2be7
 5412 1a09 42000000 		.4byte	.LBI373
 5413 1a0d 04       		.byte	.LVU540
 5414 1a0e 42000000 		.4byte	.LBB373
 5415 1a12 06000000 		.4byte	.LBE373-.LBB373
 5416 1a16 04       		.byte	0x4
 5417 1a17 E601     		.2byte	0x1e6
 5418 1a19 08       		.uleb128 0x8
 5419 1a1a F72B0000 		.4byte	0x2bf7
 5420 1a1e 42000000 		.4byte	.LBI374
 5421 1a22 06       		.byte	.LVU542
 5422 1a23 42000000 		.4byte	.LBB374
 5423 1a27 06000000 		.4byte	.LBE374-.LBB374
 5424 1a2b 04       		.byte	0x4
 5425 1a2c CD01     		.2byte	0x1cd
 5426 1a2e 0A       		.uleb128 0xa
 5427 1a2f 012C0000 		.4byte	0x2c01
 5428 1a33 D5000000 		.4byte	.LLST81
 5429 1a37 D3000000 		.4byte	.LVUS81
 5430 1a3b 00       		.byte	0
 5431 1a3c 00       		.byte	0
 5432 1a3d 00       		.byte	0
 5433 1a3e 10       		.uleb128 0x10
 5434 1a3f 42000000 		.4byte	.LVL143
 5435 1a43 AA160000 		.4byte	0x16aa
 5436 1a47 00       		.byte	0
 5437 1a48 00       		.byte	0
 5438 1a49 09       		.uleb128 0x9
 5439 1a4a 6E2B0000 		.4byte	0x2b6e
 5440 1a4e 4C000000 		.4byte	.LBI376
 5441 1a52 01       		.byte	.LVU547
 5442 1a53 4C000000 		.4byte	.LBB376
 5443 1a57 0A000000 		.4byte	.LBE376-.LBB376
 5444 1a5b 01       		.byte	0x1
 5445 1a5c 8901     		.2byte	0x189
 5446 1a5e 05       		.byte	0x5
 5447 1a5f D71A0000 		.4byte	0x1ad7
 5448 1a63 08       		.uleb128 0x8
 5449 1a64 8E2B0000 		.4byte	0x2b8e
 5450 1a68 4C000000 		.4byte	.LBI377
 5451 1a6c 03       		.byte	.LVU549
 5452 1a6d 4C000000 		.4byte	.LBB377
 5453 1a71 0A000000 		.4byte	.LBE377-.LBB377
 5454 1a75 02       		.byte	0x2
 5455 1a76 0E02     		.2byte	0x20e
 5456 1a78 09       		.uleb128 0x9
 5457 1a79 D72B0000 		.4byte	0x2bd7
 5458 1a7d 50000000 		.4byte	.LBI379
 5459 1a81 02       		.byte	.LVU553
 5460 1a82 50000000 		.4byte	.LBB379
 5461 1a86 06000000 		.4byte	.LBE379-.LBB379
 5462 1a8a 03       		.byte	0x3
 5463 1a8b 9A01     		.2byte	0x19a
 5464 1a8d 03       		.byte	0x3
 5465 1a8e CC1A0000 		.4byte	0x1acc
 5466 1a92 08       		.uleb128 0x8
 5467 1a93 E72B0000 		.4byte	0x2be7
ARM GAS  /tmp/ccNufGNo.s 			page 97


 5468 1a97 50000000 		.4byte	.LBI380
 5469 1a9b 04       		.byte	.LVU555
 5470 1a9c 50000000 		.4byte	.LBB380
 5471 1aa0 06000000 		.4byte	.LBE380-.LBB380
 5472 1aa4 04       		.byte	0x4
 5473 1aa5 E601     		.2byte	0x1e6
 5474 1aa7 08       		.uleb128 0x8
 5475 1aa8 F72B0000 		.4byte	0x2bf7
 5476 1aac 50000000 		.4byte	.LBI381
 5477 1ab0 06       		.byte	.LVU557
 5478 1ab1 50000000 		.4byte	.LBB381
 5479 1ab5 06000000 		.4byte	.LBE381-.LBB381
 5480 1ab9 04       		.byte	0x4
 5481 1aba CD01     		.2byte	0x1cd
 5482 1abc 0A       		.uleb128 0xa
 5483 1abd 012C0000 		.4byte	0x2c01
 5484 1ac1 E1000000 		.4byte	.LLST82
 5485 1ac5 DF000000 		.4byte	.LVUS82
 5486 1ac9 00       		.byte	0
 5487 1aca 00       		.byte	0
 5488 1acb 00       		.byte	0
 5489 1acc 10       		.uleb128 0x10
 5490 1acd 50000000 		.4byte	.LVL146
 5491 1ad1 AA160000 		.4byte	0x16aa
 5492 1ad5 00       		.byte	0
 5493 1ad6 00       		.byte	0
 5494 1ad7 09       		.uleb128 0x9
 5495 1ad8 762B0000 		.4byte	0x2b76
 5496 1adc 6A000000 		.4byte	.LBI383
 5497 1ae0 01       		.byte	.LVU566
 5498 1ae1 6A000000 		.4byte	.LBB383
 5499 1ae5 08000000 		.4byte	.LBE383-.LBB383
 5500 1ae9 01       		.byte	0x1
 5501 1aea 8E01     		.2byte	0x18e
 5502 1aec 05       		.byte	0x5
 5503 1aed 651B0000 		.4byte	0x1b65
 5504 1af1 08       		.uleb128 0x8
 5505 1af2 962B0000 		.4byte	0x2b96
 5506 1af6 6A000000 		.4byte	.LBI384
 5507 1afa 03       		.byte	.LVU568
 5508 1afb 6A000000 		.4byte	.LBB384
 5509 1aff 08000000 		.4byte	.LBE384-.LBB384
 5510 1b03 02       		.byte	0x2
 5511 1b04 0302     		.2byte	0x203
 5512 1b06 09       		.uleb128 0x9
 5513 1b07 DF2B0000 		.4byte	0x2bdf
 5514 1b0b 6A000000 		.4byte	.LBI386
 5515 1b0f 05       		.byte	.LVU570
 5516 1b10 6A000000 		.4byte	.LBB386
 5517 1b14 04000000 		.4byte	.LBE386-.LBB386
 5518 1b18 03       		.byte	0x3
 5519 1b19 8401     		.2byte	0x184
 5520 1b1b 03       		.byte	0x3
 5521 1b1c 5A1B0000 		.4byte	0x1b5a
 5522 1b20 08       		.uleb128 0x8
 5523 1b21 EF2B0000 		.4byte	0x2bef
 5524 1b25 6A000000 		.4byte	.LBI387
ARM GAS  /tmp/ccNufGNo.s 			page 98


 5525 1b29 07       		.byte	.LVU572
 5526 1b2a 6A000000 		.4byte	.LBB387
 5527 1b2e 04000000 		.4byte	.LBE387-.LBB387
 5528 1b32 04       		.byte	0x4
 5529 1b33 DB01     		.2byte	0x1db
 5530 1b35 08       		.uleb128 0x8
 5531 1b36 F72B0000 		.4byte	0x2bf7
 5532 1b3a 6A000000 		.4byte	.LBI388
 5533 1b3e 09       		.byte	.LVU574
 5534 1b3f 6A000000 		.4byte	.LBB388
 5535 1b43 04000000 		.4byte	.LBE388-.LBB388
 5536 1b47 04       		.byte	0x4
 5537 1b48 BF01     		.2byte	0x1bf
 5538 1b4a 0A       		.uleb128 0xa
 5539 1b4b 012C0000 		.4byte	0x2c01
 5540 1b4f ED000000 		.4byte	.LLST83
 5541 1b53 EB000000 		.4byte	.LVUS83
 5542 1b57 00       		.byte	0
 5543 1b58 00       		.byte	0
 5544 1b59 00       		.byte	0
 5545 1b5a 10       		.uleb128 0x10
 5546 1b5b 72000000 		.4byte	.LVL152
 5547 1b5f B0160000 		.4byte	0x16b0
 5548 1b63 00       		.byte	0
 5549 1b64 00       		.byte	0
 5550 1b65 18       		.uleb128 0x18
 5551 1b66 6A000000 		.4byte	.LVL150
 5552 1b6a 88170000 		.4byte	0x1788
 5553 1b6e 8E1B0000 		.4byte	0x1b8e
 5554 1b72 03       		.uleb128 0x3
 5555 1b73 01       		.uleb128 0x1
 5556 1b74 50       		.byte	0x50
 5557 1b75 02       		.uleb128 0x2
 5558 1b76 75       		.byte	0x75
 5559 1b77 00       		.sleb128 0
 5560 1b78 03       		.uleb128 0x3
 5561 1b79 01       		.uleb128 0x1
 5562 1b7a 51       		.byte	0x51
 5563 1b7b 02       		.uleb128 0x2
 5564 1b7c 76       		.byte	0x76
 5565 1b7d 00       		.sleb128 0
 5566 1b7e 03       		.uleb128 0x3
 5567 1b7f 01       		.uleb128 0x1
 5568 1b80 52       		.byte	0x52
 5569 1b81 02       		.uleb128 0x2
 5570 1b82 74       		.byte	0x74
 5571 1b83 0C       		.sleb128 12
 5572 1b84 03       		.uleb128 0x3
 5573 1b85 01       		.uleb128 0x1
 5574 1b86 53       		.byte	0x53
 5575 1b87 05       		.uleb128 0x5
 5576 1b88 77       		.byte	0x77
 5577 1b89 00       		.sleb128 0
 5578 1b8a 79       		.byte	0x79
 5579 1b8b 00       		.sleb128 0
 5580 1b8c 1E       		.byte	0x1e
 5581 1b8d 00       		.byte	0
ARM GAS  /tmp/ccNufGNo.s 			page 99


 5582 1b8e 1A       		.uleb128 0x1a
 5583 1b8f 7A000000 		.4byte	.LVL153
 5584 1b93 6C170000 		.4byte	0x176c
 5585 1b97 03       		.uleb128 0x3
 5586 1b98 01       		.uleb128 0x1
 5587 1b99 50       		.byte	0x50
 5588 1b9a 02       		.uleb128 0x2
 5589 1b9b 75       		.byte	0x75
 5590 1b9c 00       		.sleb128 0
 5591 1b9d 03       		.uleb128 0x3
 5592 1b9e 01       		.uleb128 0x1
 5593 1b9f 51       		.byte	0x51
 5594 1ba0 02       		.uleb128 0x2
 5595 1ba1 76       		.byte	0x76
 5596 1ba2 00       		.sleb128 0
 5597 1ba3 00       		.byte	0
 5598 1ba4 00       		.byte	0
 5599 1ba5 06       		.uleb128 0x6
 5600 1ba6 1F150000 		.4byte	0x151f
 5601 1baa 2B       		.uleb128 0x2b
 5602 1bab 900B0000 		.4byte	.LASF323
 5603 1baf 4701     		.2byte	0x147
 5604 1bb1 00000000 		.4byte	.LFB239
 5605 1bb5 86000000 		.4byte	.LFE239-.LFB239
 5606 1bb9 01       		.uleb128 0x1
 5607 1bba 9C       		.byte	0x9c
 5608 1bbb 431F0000 		.4byte	0x1f43
 5609 1bbf 2C       		.uleb128 0x2c
 5610 1bc0 60070000 		.4byte	.LASF288
 5611 1bc4 4701     		.2byte	0x147
 5612 1bc6 24       		.byte	0x24
 5613 1bc7 830B0000 		.4byte	0xb83
 5614 1bcb FE000000 		.4byte	.LLST62
 5615 1bcf F8000000 		.4byte	.LVUS62
 5616 1bd3 38       		.uleb128 0x38
 5617 1bd4 657000   		.ascii	"ep\000"
 5618 1bd7 4701     		.2byte	0x147
 5619 1bd9 32       		.byte	0x32
 5620 1bda 640A0000 		.4byte	0xa64
 5621 1bde 25010000 		.4byte	.LLST63
 5622 1be2 1F010000 		.4byte	.LVUS63
 5623 1be6 39       		.uleb128 0x39
 5624 1be7 6E00     		.ascii	"n\000"
 5625 1be9 4801     		.2byte	0x148
 5626 1beb 42000000 		.4byte	0x42
 5627 1bef 4C010000 		.4byte	.LLST64
 5628 1bf3 46010000 		.4byte	.LVUS64
 5629 1bf7 2D       		.uleb128 0x2d
 5630 1bf8 AD080000 		.4byte	.LASF322
 5631 1bfc 4901     		.2byte	0x149
 5632 1bfe 14       		.byte	0x14
 5633 1bff A51B0000 		.4byte	0x1ba5
 5634 1c03 68010000 		.4byte	.LLST65
 5635 1c07 66010000 		.4byte	.LVUS65
 5636 1c0b 09       		.uleb128 0x9
 5637 1c0c 762B0000 		.4byte	0x2b76
 5638 1c10 0E000000 		.4byte	.LBI321
ARM GAS  /tmp/ccNufGNo.s 			page 100


 5639 1c14 01       		.byte	.LVU400
 5640 1c15 0E000000 		.4byte	.LBB321
 5641 1c19 10000000 		.4byte	.LBE321-.LBB321
 5642 1c1d 01       		.byte	0x1
 5643 1c1e 4F01     		.2byte	0x14f
 5644 1c20 03       		.byte	0x3
 5645 1c21 991C0000 		.4byte	0x1c99
 5646 1c25 08       		.uleb128 0x8
 5647 1c26 962B0000 		.4byte	0x2b96
 5648 1c2a 0E000000 		.4byte	.LBI322
 5649 1c2e 03       		.byte	.LVU402
 5650 1c2f 0E000000 		.4byte	.LBB322
 5651 1c33 10000000 		.4byte	.LBE322-.LBB322
 5652 1c37 02       		.byte	0x2
 5653 1c38 0302     		.2byte	0x203
 5654 1c3a 09       		.uleb128 0x9
 5655 1c3b DF2B0000 		.4byte	0x2bdf
 5656 1c3f 0E000000 		.4byte	.LBI324
 5657 1c43 05       		.byte	.LVU404
 5658 1c44 0E000000 		.4byte	.LBB324
 5659 1c48 0C000000 		.4byte	.LBE324-.LBB324
 5660 1c4c 03       		.byte	0x3
 5661 1c4d 8401     		.2byte	0x184
 5662 1c4f 03       		.byte	0x3
 5663 1c50 8E1C0000 		.4byte	0x1c8e
 5664 1c54 08       		.uleb128 0x8
 5665 1c55 EF2B0000 		.4byte	0x2bef
 5666 1c59 0E000000 		.4byte	.LBI325
 5667 1c5d 07       		.byte	.LVU406
 5668 1c5e 0E000000 		.4byte	.LBB325
 5669 1c62 0C000000 		.4byte	.LBE325-.LBB325
 5670 1c66 04       		.byte	0x4
 5671 1c67 DB01     		.2byte	0x1db
 5672 1c69 08       		.uleb128 0x8
 5673 1c6a F72B0000 		.4byte	0x2bf7
 5674 1c6e 0E000000 		.4byte	.LBI326
 5675 1c72 09       		.byte	.LVU408
 5676 1c73 0E000000 		.4byte	.LBB326
 5677 1c77 0C000000 		.4byte	.LBE326-.LBB326
 5678 1c7b 04       		.byte	0x4
 5679 1c7c BF01     		.2byte	0x1bf
 5680 1c7e 0A       		.uleb128 0xa
 5681 1c7f 012C0000 		.4byte	0x2c01
 5682 1c83 73010000 		.4byte	.LLST66
 5683 1c87 71010000 		.4byte	.LVUS66
 5684 1c8b 00       		.byte	0
 5685 1c8c 00       		.byte	0
 5686 1c8d 00       		.byte	0
 5687 1c8e 10       		.uleb128 0x10
 5688 1c8f 1E000000 		.4byte	.LVL119
 5689 1c93 B0160000 		.4byte	0x16b0
 5690 1c97 00       		.byte	0
 5691 1c98 00       		.byte	0
 5692 1c99 09       		.uleb128 0x9
 5693 1c9a 222B0000 		.4byte	0x2b22
 5694 1c9e 1E000000 		.4byte	.LBI328
 5695 1ca2 02       		.byte	.LVU415
ARM GAS  /tmp/ccNufGNo.s 			page 101


 5696 1ca3 1E000000 		.4byte	.LBB328
 5697 1ca7 08000000 		.4byte	.LBE328-.LBB328
 5698 1cab 01       		.byte	0x1
 5699 1cac 5001     		.2byte	0x150
 5700 1cae 03       		.byte	0x3
 5701 1caf CE1C0000 		.4byte	0x1cce
 5702 1cb3 0A       		.uleb128 0xa
 5703 1cb4 3A2B0000 		.4byte	0x2b3a
 5704 1cb8 80010000 		.4byte	.LLST67
 5705 1cbc 7E010000 		.4byte	.LVUS67
 5706 1cc0 0A       		.uleb128 0xa
 5707 1cc1 2E2B0000 		.4byte	0x2b2e
 5708 1cc5 8C010000 		.4byte	.LLST68
 5709 1cc9 8A010000 		.4byte	.LVUS68
 5710 1ccd 00       		.byte	0
 5711 1cce 09       		.uleb128 0x9
 5712 1ccf 6E2B0000 		.4byte	0x2b6e
 5713 1cd3 46000000 		.4byte	.LBI330
 5714 1cd7 01       		.byte	.LVU433
 5715 1cd8 46000000 		.4byte	.LBB330
 5716 1cdc 0A000000 		.4byte	.LBE330-.LBB330
 5717 1ce0 01       		.byte	0x1
 5718 1ce1 6401     		.2byte	0x164
 5719 1ce3 05       		.byte	0x5
 5720 1ce4 5C1D0000 		.4byte	0x1d5c
 5721 1ce8 08       		.uleb128 0x8
 5722 1ce9 8E2B0000 		.4byte	0x2b8e
 5723 1ced 46000000 		.4byte	.LBI331
 5724 1cf1 03       		.byte	.LVU435
 5725 1cf2 46000000 		.4byte	.LBB331
 5726 1cf6 0A000000 		.4byte	.LBE331-.LBB331
 5727 1cfa 02       		.byte	0x2
 5728 1cfb 0E02     		.2byte	0x20e
 5729 1cfd 09       		.uleb128 0x9
 5730 1cfe D72B0000 		.4byte	0x2bd7
 5731 1d02 4A000000 		.4byte	.LBI333
 5732 1d06 02       		.byte	.LVU439
 5733 1d07 4A000000 		.4byte	.LBB333
 5734 1d0b 06000000 		.4byte	.LBE333-.LBB333
 5735 1d0f 03       		.byte	0x3
 5736 1d10 9A01     		.2byte	0x19a
 5737 1d12 03       		.byte	0x3
 5738 1d13 511D0000 		.4byte	0x1d51
 5739 1d17 08       		.uleb128 0x8
 5740 1d18 E72B0000 		.4byte	0x2be7
 5741 1d1c 4A000000 		.4byte	.LBI334
 5742 1d20 04       		.byte	.LVU441
 5743 1d21 4A000000 		.4byte	.LBB334
 5744 1d25 06000000 		.4byte	.LBE334-.LBB334
 5745 1d29 04       		.byte	0x4
 5746 1d2a E601     		.2byte	0x1e6
 5747 1d2c 08       		.uleb128 0x8
 5748 1d2d F72B0000 		.4byte	0x2bf7
 5749 1d31 4A000000 		.4byte	.LBI335
 5750 1d35 06       		.byte	.LVU443
 5751 1d36 4A000000 		.4byte	.LBB335
 5752 1d3a 06000000 		.4byte	.LBE335-.LBB335
ARM GAS  /tmp/ccNufGNo.s 			page 102


 5753 1d3e 04       		.byte	0x4
 5754 1d3f CD01     		.2byte	0x1cd
 5755 1d41 0A       		.uleb128 0xa
 5756 1d42 012C0000 		.4byte	0x2c01
 5757 1d46 99010000 		.4byte	.LLST69
 5758 1d4a 97010000 		.4byte	.LVUS69
 5759 1d4e 00       		.byte	0
 5760 1d4f 00       		.byte	0
 5761 1d50 00       		.byte	0
 5762 1d51 10       		.uleb128 0x10
 5763 1d52 4A000000 		.4byte	.LVL124
 5764 1d56 AA160000 		.4byte	0x16aa
 5765 1d5a 00       		.byte	0
 5766 1d5b 00       		.byte	0
 5767 1d5c 09       		.uleb128 0x9
 5768 1d5d 6E2B0000 		.4byte	0x2b6e
 5769 1d61 50000000 		.4byte	.LBI337
 5770 1d65 02       		.byte	.LVU447
 5771 1d66 50000000 		.4byte	.LBB337
 5772 1d6a 0A000000 		.4byte	.LBE337-.LBB337
 5773 1d6e 01       		.byte	0x1
 5774 1d6f 5601     		.2byte	0x156
 5775 1d71 05       		.byte	0x5
 5776 1d72 EA1D0000 		.4byte	0x1dea
 5777 1d76 08       		.uleb128 0x8
 5778 1d77 8E2B0000 		.4byte	0x2b8e
 5779 1d7b 50000000 		.4byte	.LBI338
 5780 1d7f 04       		.byte	.LVU449
 5781 1d80 50000000 		.4byte	.LBB338
 5782 1d84 0A000000 		.4byte	.LBE338-.LBB338
 5783 1d88 02       		.byte	0x2
 5784 1d89 0E02     		.2byte	0x20e
 5785 1d8b 09       		.uleb128 0x9
 5786 1d8c D72B0000 		.4byte	0x2bd7
 5787 1d90 54000000 		.4byte	.LBI340
 5788 1d94 02       		.byte	.LVU453
 5789 1d95 54000000 		.4byte	.LBB340
 5790 1d99 06000000 		.4byte	.LBE340-.LBB340
 5791 1d9d 03       		.byte	0x3
 5792 1d9e 9A01     		.2byte	0x19a
 5793 1da0 03       		.byte	0x3
 5794 1da1 DF1D0000 		.4byte	0x1ddf
 5795 1da5 08       		.uleb128 0x8
 5796 1da6 E72B0000 		.4byte	0x2be7
 5797 1daa 54000000 		.4byte	.LBI341
 5798 1dae 04       		.byte	.LVU455
 5799 1daf 54000000 		.4byte	.LBB341
 5800 1db3 06000000 		.4byte	.LBE341-.LBB341
 5801 1db7 04       		.byte	0x4
 5802 1db8 E601     		.2byte	0x1e6
 5803 1dba 08       		.uleb128 0x8
 5804 1dbb F72B0000 		.4byte	0x2bf7
 5805 1dbf 54000000 		.4byte	.LBI342
 5806 1dc3 06       		.byte	.LVU457
 5807 1dc4 54000000 		.4byte	.LBB342
 5808 1dc8 06000000 		.4byte	.LBE342-.LBB342
 5809 1dcc 04       		.byte	0x4
ARM GAS  /tmp/ccNufGNo.s 			page 103


 5810 1dcd CD01     		.2byte	0x1cd
 5811 1dcf 0A       		.uleb128 0xa
 5812 1dd0 012C0000 		.4byte	0x2c01
 5813 1dd4 A5010000 		.4byte	.LLST70
 5814 1dd8 A3010000 		.4byte	.LVUS70
 5815 1ddc 00       		.byte	0
 5816 1ddd 00       		.byte	0
 5817 1dde 00       		.byte	0
 5818 1ddf 10       		.uleb128 0x10
 5819 1de0 54000000 		.4byte	.LVL126
 5820 1de4 AA160000 		.4byte	0x16aa
 5821 1de8 00       		.byte	0
 5822 1de9 00       		.byte	0
 5823 1dea 09       		.uleb128 0x9
 5824 1deb 762B0000 		.4byte	0x2b76
 5825 1def 68000000 		.4byte	.LBI344
 5826 1df3 01       		.byte	.LVU463
 5827 1df4 68000000 		.4byte	.LBB344
 5828 1df8 08000000 		.4byte	.LBE344-.LBB344
 5829 1dfc 01       		.byte	0x1
 5830 1dfd 6801     		.2byte	0x168
 5831 1dff 05       		.byte	0x5
 5832 1e00 781E0000 		.4byte	0x1e78
 5833 1e04 08       		.uleb128 0x8
 5834 1e05 962B0000 		.4byte	0x2b96
 5835 1e09 68000000 		.4byte	.LBI345
 5836 1e0d 03       		.byte	.LVU465
 5837 1e0e 68000000 		.4byte	.LBB345
 5838 1e12 08000000 		.4byte	.LBE345-.LBB345
 5839 1e16 02       		.byte	0x2
 5840 1e17 0302     		.2byte	0x203
 5841 1e19 09       		.uleb128 0x9
 5842 1e1a DF2B0000 		.4byte	0x2bdf
 5843 1e1e 68000000 		.4byte	.LBI347
 5844 1e22 05       		.byte	.LVU467
 5845 1e23 68000000 		.4byte	.LBB347
 5846 1e27 04000000 		.4byte	.LBE347-.LBB347
 5847 1e2b 03       		.byte	0x3
 5848 1e2c 8401     		.2byte	0x184
 5849 1e2e 03       		.byte	0x3
 5850 1e2f 6D1E0000 		.4byte	0x1e6d
 5851 1e33 08       		.uleb128 0x8
 5852 1e34 EF2B0000 		.4byte	0x2bef
 5853 1e38 68000000 		.4byte	.LBI348
 5854 1e3c 07       		.byte	.LVU469
 5855 1e3d 68000000 		.4byte	.LBB348
 5856 1e41 04000000 		.4byte	.LBE348-.LBB348
 5857 1e45 04       		.byte	0x4
 5858 1e46 DB01     		.2byte	0x1db
 5859 1e48 08       		.uleb128 0x8
 5860 1e49 F72B0000 		.4byte	0x2bf7
 5861 1e4d 68000000 		.4byte	.LBI349
 5862 1e51 09       		.byte	.LVU471
 5863 1e52 68000000 		.4byte	.LBB349
 5864 1e56 04000000 		.4byte	.LBE349-.LBB349
 5865 1e5a 04       		.byte	0x4
 5866 1e5b BF01     		.2byte	0x1bf
ARM GAS  /tmp/ccNufGNo.s 			page 104


 5867 1e5d 0A       		.uleb128 0xa
 5868 1e5e 012C0000 		.4byte	0x2c01
 5869 1e62 B1010000 		.4byte	.LLST71
 5870 1e66 AF010000 		.4byte	.LVUS71
 5871 1e6a 00       		.byte	0
 5872 1e6b 00       		.byte	0
 5873 1e6c 00       		.byte	0
 5874 1e6d 10       		.uleb128 0x10
 5875 1e6e 70000000 		.4byte	.LVL130
 5876 1e72 B0160000 		.4byte	0x16b0
 5877 1e76 00       		.byte	0
 5878 1e77 00       		.byte	0
 5879 1e78 09       		.uleb128 0x9
 5880 1e79 6E2B0000 		.4byte	0x2b6e
 5881 1e7d 78000000 		.4byte	.LBI351
 5882 1e81 01       		.byte	.LVU479
 5883 1e82 78000000 		.4byte	.LBB351
 5884 1e86 0A000000 		.4byte	.LBE351-.LBB351
 5885 1e8a 01       		.byte	0x1
 5886 1e8b 6D01     		.2byte	0x16d
 5887 1e8d 03       		.byte	0x3
 5888 1e8e 061F0000 		.4byte	0x1f06
 5889 1e92 08       		.uleb128 0x8
 5890 1e93 8E2B0000 		.4byte	0x2b8e
 5891 1e97 78000000 		.4byte	.LBI353
 5892 1e9b 03       		.byte	.LVU481
 5893 1e9c 78000000 		.4byte	.LBB353
 5894 1ea0 0A000000 		.4byte	.LBE353-.LBB353
 5895 1ea4 02       		.byte	0x2
 5896 1ea5 0E02     		.2byte	0x20e
 5897 1ea7 09       		.uleb128 0x9
 5898 1ea8 D72B0000 		.4byte	0x2bd7
 5899 1eac 7C000000 		.4byte	.LBI355
 5900 1eb0 02       		.byte	.LVU485
 5901 1eb1 7C000000 		.4byte	.LBB355
 5902 1eb5 06000000 		.4byte	.LBE355-.LBB355
 5903 1eb9 03       		.byte	0x3
 5904 1eba 9A01     		.2byte	0x19a
 5905 1ebc 03       		.byte	0x3
 5906 1ebd FB1E0000 		.4byte	0x1efb
 5907 1ec1 08       		.uleb128 0x8
 5908 1ec2 E72B0000 		.4byte	0x2be7
 5909 1ec6 7C000000 		.4byte	.LBI356
 5910 1eca 04       		.byte	.LVU487
 5911 1ecb 7C000000 		.4byte	.LBB356
 5912 1ecf 06000000 		.4byte	.LBE356-.LBB356
 5913 1ed3 04       		.byte	0x4
 5914 1ed4 E601     		.2byte	0x1e6
 5915 1ed6 08       		.uleb128 0x8
 5916 1ed7 F72B0000 		.4byte	0x2bf7
 5917 1edb 7C000000 		.4byte	.LBI357
 5918 1edf 06       		.byte	.LVU489
 5919 1ee0 7C000000 		.4byte	.LBB357
 5920 1ee4 06000000 		.4byte	.LBE357-.LBB357
 5921 1ee8 04       		.byte	0x4
 5922 1ee9 CD01     		.2byte	0x1cd
 5923 1eeb 0A       		.uleb128 0xa
ARM GAS  /tmp/ccNufGNo.s 			page 105


 5924 1eec 012C0000 		.4byte	0x2c01
 5925 1ef0 BE010000 		.4byte	.LLST72
 5926 1ef4 BC010000 		.4byte	.LVUS72
 5927 1ef8 00       		.byte	0
 5928 1ef9 00       		.byte	0
 5929 1efa 00       		.byte	0
 5930 1efb 10       		.uleb128 0x10
 5931 1efc 7C000000 		.4byte	.LVL132
 5932 1f00 AA160000 		.4byte	0x16aa
 5933 1f04 00       		.byte	0
 5934 1f05 00       		.byte	0
 5935 1f06 18       		.uleb128 0x18
 5936 1f07 68000000 		.4byte	.LVL128
 5937 1f0b E3170000 		.4byte	0x17e3
 5938 1f0f 2C1F0000 		.4byte	0x1f2c
 5939 1f13 03       		.uleb128 0x3
 5940 1f14 01       		.uleb128 0x1
 5941 1f15 50       		.byte	0x50
 5942 1f16 02       		.uleb128 0x2
 5943 1f17 75       		.byte	0x75
 5944 1f18 00       		.sleb128 0
 5945 1f19 03       		.uleb128 0x3
 5946 1f1a 01       		.uleb128 0x1
 5947 1f1b 51       		.byte	0x51
 5948 1f1c 02       		.uleb128 0x2
 5949 1f1d 76       		.byte	0x76
 5950 1f1e 00       		.sleb128 0
 5951 1f1f 03       		.uleb128 0x3
 5952 1f20 01       		.uleb128 0x1
 5953 1f21 52       		.byte	0x52
 5954 1f22 02       		.uleb128 0x2
 5955 1f23 74       		.byte	0x74
 5956 1f24 30       		.sleb128 48
 5957 1f25 03       		.uleb128 0x3
 5958 1f26 01       		.uleb128 0x1
 5959 1f27 53       		.byte	0x53
 5960 1f28 02       		.uleb128 0x2
 5961 1f29 77       		.byte	0x77
 5962 1f2a 00       		.sleb128 0
 5963 1f2b 00       		.byte	0
 5964 1f2c 1A       		.uleb128 0x1a
 5965 1f2d 78000000 		.4byte	.LVL131
 5966 1f31 C7170000 		.4byte	0x17c7
 5967 1f35 03       		.uleb128 0x3
 5968 1f36 01       		.uleb128 0x1
 5969 1f37 50       		.byte	0x50
 5970 1f38 02       		.uleb128 0x2
 5971 1f39 75       		.byte	0x75
 5972 1f3a 00       		.sleb128 0
 5973 1f3b 03       		.uleb128 0x3
 5974 1f3c 01       		.uleb128 0x1
 5975 1f3d 51       		.byte	0x51
 5976 1f3e 02       		.uleb128 0x2
 5977 1f3f 76       		.byte	0x76
 5978 1f40 00       		.sleb128 0
 5979 1f41 00       		.byte	0
 5980 1f42 00       		.byte	0
ARM GAS  /tmp/ccNufGNo.s 			page 106


 5981 1f43 4D       		.uleb128 0x4d
 5982 1f44 AC0D0000 		.4byte	.LASF351
 5983 1f48 01       		.byte	0x1
 5984 1f49 2A01     		.2byte	0x12a
 5985 1f4b 06       		.byte	0x6
 5986 1f4c 54080000 		.4byte	0x854
 5987 1f50 00000000 		.4byte	.LFB238
 5988 1f54 40000000 		.4byte	.LFE238-.LFB238
 5989 1f58 01       		.uleb128 0x1
 5990 1f59 9C       		.byte	0x9c
 5991 1f5a 731F0000 		.4byte	0x1f73
 5992 1f5e 2C       		.uleb128 0x2c
 5993 1f5f 60070000 		.4byte	.LASF288
 5994 1f63 2A01     		.2byte	0x12a
 5995 1f65 21       		.byte	0x21
 5996 1f66 830B0000 		.4byte	0xb83
 5997 1f6a D2010000 		.4byte	.LLST61
 5998 1f6e C8010000 		.4byte	.LVUS61
 5999 1f72 00       		.byte	0
 6000 1f73 2B       		.uleb128 0x2b
 6001 1f74 6E0F0000 		.4byte	.LASF324
 6002 1f78 0E01     		.2byte	0x10e
 6003 1f7a 00000000 		.4byte	.LFB237
 6004 1f7e 4A000000 		.4byte	.LFE237-.LFB237
 6005 1f82 01       		.uleb128 0x1
 6006 1f83 9C       		.byte	0x9c
 6007 1f84 2C200000 		.4byte	0x202c
 6008 1f88 2C       		.uleb128 0x2c
 6009 1f89 AD080000 		.4byte	.LASF322
 6010 1f8d 0E01     		.2byte	0x10e
 6011 1f8f 29       		.byte	0x29
 6012 1f90 A51B0000 		.4byte	0x1ba5
 6013 1f94 09020000 		.4byte	.LLST56
 6014 1f98 03020000 		.4byte	.LVUS56
 6015 1f9c 2D       		.uleb128 0x2d
 6016 1f9d 60070000 		.4byte	.LASF288
 6017 1fa1 0F01     		.2byte	0x10f
 6018 1fa3 0E       		.byte	0xe
 6019 1fa4 830B0000 		.4byte	0xb83
 6020 1fa8 2B020000 		.4byte	.LLST57
 6021 1fac 27020000 		.4byte	.LVUS57
 6022 1fb0 22       		.uleb128 0x22
 6023 1fb1 222B0000 		.4byte	0x2b22
 6024 1fb5 1C000000 		.4byte	.LBI317
 6025 1fb9 01       		.byte	.LVU352
 6026 1fba 87000000 		.4byte	.LLRL58
 6027 1fbe 01       		.byte	0x1
 6028 1fbf 1301     		.2byte	0x113
 6029 1fc1 E01F0000 		.4byte	0x1fe0
 6030 1fc5 0A       		.uleb128 0xa
 6031 1fc6 3A2B0000 		.4byte	0x2b3a
 6032 1fca 3D020000 		.4byte	.LLST59
 6033 1fce 3B020000 		.4byte	.LVUS59
 6034 1fd2 0A       		.uleb128 0xa
 6035 1fd3 2E2B0000 		.4byte	0x2b2e
 6036 1fd7 49020000 		.4byte	.LLST60
 6037 1fdb 47020000 		.4byte	.LVUS60
ARM GAS  /tmp/ccNufGNo.s 			page 107


 6038 1fdf 00       		.byte	0
 6039 1fe0 18       		.uleb128 0x18
 6040 1fe1 14000000 		.4byte	.LVL104
 6041 1fe5 D1160000 		.4byte	0x16d1
 6042 1fe9 F41F0000 		.4byte	0x1ff4
 6043 1fed 03       		.uleb128 0x3
 6044 1fee 01       		.uleb128 0x1
 6045 1fef 50       		.byte	0x50
 6046 1ff0 02       		.uleb128 0x2
 6047 1ff1 76       		.byte	0x76
 6048 1ff2 00       		.sleb128 0
 6049 1ff3 00       		.byte	0
 6050 1ff4 18       		.uleb128 0x18
 6051 1ff5 1C000000 		.4byte	.LVL105
 6052 1ff9 BF160000 		.4byte	0x16bf
 6053 1ffd 08200000 		.4byte	0x2008
 6054 2001 03       		.uleb128 0x3
 6055 2002 01       		.uleb128 0x1
 6056 2003 50       		.byte	0x50
 6057 2004 02       		.uleb128 0x2
 6058 2005 74       		.byte	0x74
 6059 2006 30       		.sleb128 48
 6060 2007 00       		.byte	0
 6061 2008 18       		.uleb128 0x18
 6062 2009 3A000000 		.4byte	.LVL107
 6063 200d 88170000 		.4byte	0x1788
 6064 2011 22200000 		.4byte	0x2022
 6065 2015 03       		.uleb128 0x3
 6066 2016 01       		.uleb128 0x1
 6067 2017 50       		.byte	0x50
 6068 2018 02       		.uleb128 0x2
 6069 2019 75       		.byte	0x75
 6070 201a 00       		.sleb128 0
 6071 201b 03       		.uleb128 0x3
 6072 201c 01       		.uleb128 0x1
 6073 201d 52       		.byte	0x52
 6074 201e 02       		.uleb128 0x2
 6075 201f 76       		.byte	0x76
 6076 2020 00       		.sleb128 0
 6077 2021 00       		.byte	0
 6078 2022 30       		.uleb128 0x30
 6079 2023 4A000000 		.4byte	.LVL109
 6080 2027 6C170000 		.4byte	0x176c
 6081 202b 00       		.byte	0
 6082 202c 31       		.uleb128 0x31
 6083 202d 54090000 		.4byte	.LASF325
 6084 2031 EE       		.byte	0xee
 6085 2032 00000000 		.4byte	.LFB236
 6086 2036 A0000000 		.4byte	.LFE236-.LFB236
 6087 203a 01       		.uleb128 0x1
 6088 203b 9C       		.byte	0x9c
 6089 203c E9210000 		.4byte	0x21e9
 6090 2040 1D       		.uleb128 0x1d
 6091 2041 AD080000 		.4byte	.LASF322
 6092 2045 EE       		.byte	0xee
 6093 2046 1F       		.byte	0x1f
 6094 2047 A51B0000 		.4byte	0x1ba5
ARM GAS  /tmp/ccNufGNo.s 			page 108


 6095 204b 5A020000 		.4byte	.LLST45
 6096 204f 54020000 		.4byte	.LVUS45
 6097 2053 26       		.uleb128 0x26
 6098 2054 60070000 		.4byte	.LASF288
 6099 2058 EF       		.byte	0xef
 6100 2059 0E       		.byte	0xe
 6101 205a 830B0000 		.4byte	0xb83
 6102 205e 7D020000 		.4byte	.LLST46
 6103 2062 7B020000 		.4byte	.LVUS46
 6104 2066 32       		.uleb128 0x32
 6105 2067 E1010000 		.4byte	.LASF327
 6106 206b F9210000 		.4byte	0x21f9
 6107 206f 05       		.uleb128 0x5
 6108 2070 03       		.byte	0x3
 6109 2071 00000000 		.4byte	__func__.0
 6110 2075 27       		.uleb128 0x27
 6111 2076 862B0000 		.4byte	0x2b86
 6112 207a 08000000 		.4byte	.LBI285
 6113 207e 05       		.byte	.LVU265
 6114 207f 48000000 		.4byte	.LLRL47
 6115 2083 F3       		.byte	0xf3
 6116 2084 03       		.byte	0x3
 6117 2085 DA200000 		.4byte	0x20da
 6118 2089 1E       		.uleb128 0x1e
 6119 208a CF2B0000 		.4byte	0x2bcf
 6120 208e 08000000 		.4byte	.LBI286
 6121 2092 07       		.byte	.LVU267
 6122 2093 48000000 		.4byte	.LLRL47
 6123 2097 02       		.byte	0x2
 6124 2098 ED01     		.2byte	0x1ed
 6125 209a 22       		.uleb128 0x22
 6126 209b EF2B0000 		.4byte	0x2bef
 6127 209f 08000000 		.4byte	.LBI288
 6128 20a3 09       		.byte	.LVU269
 6129 20a4 54000000 		.4byte	.LLRL48
 6130 20a8 03       		.byte	0x3
 6131 20a9 5C01     		.2byte	0x15c
 6132 20ab CF200000 		.4byte	0x20cf
 6133 20af 1E       		.uleb128 0x1e
 6134 20b0 F72B0000 		.4byte	0x2bf7
 6135 20b4 08000000 		.4byte	.LBI289
 6136 20b8 0B       		.byte	.LVU271
 6137 20b9 54000000 		.4byte	.LLRL48
 6138 20bd 04       		.byte	0x4
 6139 20be BF01     		.2byte	0x1bf
 6140 20c0 0A       		.uleb128 0xa
 6141 20c1 012C0000 		.4byte	0x2c01
 6142 20c5 88020000 		.4byte	.LLST49
 6143 20c9 86020000 		.4byte	.LVUS49
 6144 20cd 00       		.byte	0
 6145 20ce 00       		.byte	0
 6146 20cf 10       		.uleb128 0x10
 6147 20d0 14000000 		.4byte	.LVL86
 6148 20d4 A9170000 		.4byte	0x17a9
 6149 20d8 00       		.byte	0
 6150 20d9 00       		.byte	0
 6151 20da 22       		.uleb128 0x22
ARM GAS  /tmp/ccNufGNo.s 			page 109


 6152 20db 222B0000 		.4byte	0x2b22
 6153 20df 50000000 		.4byte	.LBI297
 6154 20e3 01       		.byte	.LVU303
 6155 20e4 60000000 		.4byte	.LLRL50
 6156 20e8 01       		.byte	0x1
 6157 20e9 0001     		.2byte	0x100
 6158 20eb 0A210000 		.4byte	0x210a
 6159 20ef 0A       		.uleb128 0xa
 6160 20f0 3A2B0000 		.4byte	0x2b3a
 6161 20f4 95020000 		.4byte	.LLST51
 6162 20f8 93020000 		.4byte	.LVUS51
 6163 20fc 0A       		.uleb128 0xa
 6164 20fd 2E2B0000 		.4byte	0x2b2e
 6165 2101 A1020000 		.4byte	.LLST52
 6166 2105 9F020000 		.4byte	.LVUS52
 6167 2109 00       		.byte	0
 6168 210a 09       		.uleb128 0x9
 6169 210b 662B0000 		.4byte	0x2b66
 6170 210f 62000000 		.4byte	.LBI303
 6171 2113 01       		.byte	.LVU311
 6172 2114 62000000 		.4byte	.LBB303
 6173 2118 04000000 		.4byte	.LBE303-.LBB303
 6174 211c 01       		.byte	0x1
 6175 211d 0301     		.2byte	0x103
 6176 211f 03       		.byte	0x3
 6177 2120 2E210000 		.4byte	0x212e
 6178 2124 10       		.uleb128 0x10
 6179 2125 66000000 		.4byte	.LVL93
 6180 2129 B6160000 		.4byte	0x16b6
 6181 212d 00       		.byte	0
 6182 212e 22       		.uleb128 0x22
 6183 212f 7E2B0000 		.4byte	0x2b7e
 6184 2133 66000000 		.4byte	.LBI305
 6185 2137 01       		.byte	.LVU314
 6186 2138 6F000000 		.4byte	.LLRL53
 6187 213c 01       		.byte	0x1
 6188 213d 0401     		.2byte	0x104
 6189 213f AD210000 		.4byte	0x21ad
 6190 2143 1E       		.uleb128 0x1e
 6191 2144 9E2B0000 		.4byte	0x2b9e
 6192 2148 66000000 		.4byte	.LBI306
 6193 214c 03       		.byte	.LVU316
 6194 214d 6F000000 		.4byte	.LLRL53
 6195 2151 02       		.byte	0x2
 6196 2152 F801     		.2byte	0x1f8
 6197 2154 2E       		.uleb128 0x2e
 6198 2155 6F000000 		.4byte	.LLRL53
 6199 2159 22       		.uleb128 0x22
 6200 215a E72B0000 		.4byte	0x2be7
 6201 215e 7C000000 		.4byte	.LBI308
 6202 2162 02       		.byte	.LVU325
 6203 2163 7B000000 		.4byte	.LLRL54
 6204 2167 03       		.byte	0x3
 6205 2168 7301     		.2byte	0x173
 6206 216a 8E210000 		.4byte	0x218e
 6207 216e 1E       		.uleb128 0x1e
 6208 216f F72B0000 		.4byte	0x2bf7
ARM GAS  /tmp/ccNufGNo.s 			page 110


 6209 2173 7C000000 		.4byte	.LBI309
 6210 2177 04       		.byte	.LVU327
 6211 2178 7B000000 		.4byte	.LLRL54
 6212 217c 04       		.byte	0x4
 6213 217d CD01     		.2byte	0x1cd
 6214 217f 0A       		.uleb128 0xa
 6215 2180 012C0000 		.4byte	0x2c01
 6216 2184 B0020000 		.4byte	.LLST55
 6217 2188 AC020000 		.4byte	.LVUS55
 6218 218c 00       		.byte	0
 6219 218d 00       		.byte	0
 6220 218e 10       		.uleb128 0x10
 6221 218f 6A000000 		.4byte	.LVL94
 6222 2193 C1170000 		.4byte	0x17c1
 6223 2197 1A       		.uleb128 0x1a
 6224 2198 8A000000 		.4byte	.LVL98
 6225 219c AF170000 		.4byte	0x17af
 6226 21a0 03       		.uleb128 0x3
 6227 21a1 01       		.uleb128 0x1
 6228 21a2 50       		.byte	0x50
 6229 21a3 05       		.uleb128 0x5
 6230 21a4 03       		.byte	0x3
 6231 21a5 00000000 		.4byte	__func__.2
 6232 21a9 00       		.byte	0
 6233 21aa 00       		.byte	0
 6234 21ab 00       		.byte	0
 6235 21ac 00       		.byte	0
 6236 21ad 18       		.uleb128 0x18
 6237 21ae 22000000 		.4byte	.LVL87
 6238 21b2 AF170000 		.4byte	0x17af
 6239 21b6 C4210000 		.4byte	0x21c4
 6240 21ba 03       		.uleb128 0x3
 6241 21bb 01       		.uleb128 0x1
 6242 21bc 50       		.byte	0x50
 6243 21bd 05       		.uleb128 0x5
 6244 21be 03       		.byte	0x3
 6245 21bf 00000000 		.4byte	__func__.0
 6246 21c3 00       		.byte	0
 6247 21c4 18       		.uleb128 0x18
 6248 21c5 5A000000 		.4byte	.LVL91
 6249 21c9 D1160000 		.4byte	0x16d1
 6250 21cd D8210000 		.4byte	0x21d8
 6251 21d1 03       		.uleb128 0x3
 6252 21d2 01       		.uleb128 0x1
 6253 21d3 50       		.byte	0x50
 6254 21d4 02       		.uleb128 0x2
 6255 21d5 74       		.byte	0x74
 6256 21d6 0C       		.sleb128 12
 6257 21d7 00       		.byte	0
 6258 21d8 1A       		.uleb128 0x1a
 6259 21d9 62000000 		.4byte	.LVL92
 6260 21dd BF160000 		.4byte	0x16bf
 6261 21e1 03       		.uleb128 0x3
 6262 21e2 01       		.uleb128 0x1
 6263 21e3 50       		.byte	0x50
 6264 21e4 02       		.uleb128 0x2
 6265 21e5 74       		.byte	0x74
ARM GAS  /tmp/ccNufGNo.s 			page 111


 6266 21e6 30       		.sleb128 48
 6267 21e7 00       		.byte	0
 6268 21e8 00       		.byte	0
 6269 21e9 0B       		.uleb128 0xb
 6270 21ea 0A070000 		.4byte	0x70a
 6271 21ee F9210000 		.4byte	0x21f9
 6272 21f2 0C       		.uleb128 0xc
 6273 21f3 2D000000 		.4byte	0x2d
 6274 21f7 07       		.byte	0x7
 6275 21f8 00       		.byte	0
 6276 21f9 17       		.uleb128 0x17
 6277 21fa E9210000 		.4byte	0x21e9
 6278 21fe 31       		.uleb128 0x31
 6279 21ff 71050000 		.4byte	.LASF326
 6280 2203 D3       		.byte	0xd3
 6281 2204 00000000 		.4byte	.LFB235
 6282 2208 84000000 		.4byte	.LFE235-.LFB235
 6283 220c 01       		.uleb128 0x1
 6284 220d 9C       		.byte	0x9c
 6285 220e 79230000 		.4byte	0x2379
 6286 2212 1D       		.uleb128 0x1d
 6287 2213 AD080000 		.4byte	.LASF322
 6288 2217 D3       		.byte	0xd3
 6289 2218 20       		.byte	0x20
 6290 2219 A51B0000 		.4byte	0x1ba5
 6291 221d CA020000 		.4byte	.LLST38
 6292 2221 C2020000 		.4byte	.LVUS38
 6293 2225 1D       		.uleb128 0x1d
 6294 2226 13020000 		.4byte	.LASF115
 6295 222a D3       		.byte	0xd3
 6296 222b 3D       		.byte	0x3d
 6297 222c 81160000 		.4byte	0x1681
 6298 2230 ED020000 		.4byte	.LLST39
 6299 2234 E5020000 		.4byte	.LVUS39
 6300 2238 26       		.uleb128 0x26
 6301 2239 60070000 		.4byte	.LASF288
 6302 223d D4       		.byte	0xd4
 6303 223e 0E       		.byte	0xe
 6304 223f 830B0000 		.4byte	0xb83
 6305 2243 0C030000 		.4byte	.LLST40
 6306 2247 08030000 		.4byte	.LVUS40
 6307 224b 32       		.uleb128 0x32
 6308 224c E1010000 		.4byte	.LASF327
 6309 2250 89230000 		.4byte	0x2389
 6310 2254 05       		.uleb128 0x5
 6311 2255 03       		.byte	0x3
 6312 2256 00000000 		.4byte	__func__.1
 6313 225a 33       		.uleb128 0x33
 6314 225b 862B0000 		.4byte	0x2b86
 6315 225f 0A000000 		.4byte	.LBI250
 6316 2263 02       		.byte	.LVU193
 6317 2264 0A000000 		.4byte	.LBB250
 6318 2268 0A000000 		.4byte	.LBE250-.LBB250
 6319 226c D8       		.byte	0xd8
 6320 226d 03       		.byte	0x3
 6321 226e D0220000 		.4byte	0x22d0
 6322 2272 08       		.uleb128 0x8
ARM GAS  /tmp/ccNufGNo.s 			page 112


 6323 2273 CF2B0000 		.4byte	0x2bcf
 6324 2277 0A000000 		.4byte	.LBI251
 6325 227b 04       		.byte	.LVU195
 6326 227c 0A000000 		.4byte	.LBB251
 6327 2280 0A000000 		.4byte	.LBE251-.LBB251
 6328 2284 02       		.byte	0x2
 6329 2285 ED01     		.2byte	0x1ed
 6330 2287 09       		.uleb128 0x9
 6331 2288 EF2B0000 		.4byte	0x2bef
 6332 228c 0A000000 		.4byte	.LBI253
 6333 2290 06       		.byte	.LVU197
 6334 2291 0A000000 		.4byte	.LBB253
 6335 2295 06000000 		.4byte	.LBE253-.LBB253
 6336 2299 03       		.byte	0x3
 6337 229a 5C01     		.2byte	0x15c
 6338 229c 03       		.byte	0x3
 6339 229d C5220000 		.4byte	0x22c5
 6340 22a1 08       		.uleb128 0x8
 6341 22a2 F72B0000 		.4byte	0x2bf7
 6342 22a6 0A000000 		.4byte	.LBI254
 6343 22aa 08       		.byte	.LVU199
 6344 22ab 0A000000 		.4byte	.LBB254
 6345 22af 06000000 		.4byte	.LBE254-.LBB254
 6346 22b3 04       		.byte	0x4
 6347 22b4 BF01     		.2byte	0x1bf
 6348 22b6 0A       		.uleb128 0xa
 6349 22b7 012C0000 		.4byte	0x2c01
 6350 22bb 1F030000 		.4byte	.LLST41
 6351 22bf 1D030000 		.4byte	.LVUS41
 6352 22c3 00       		.byte	0
 6353 22c4 00       		.byte	0
 6354 22c5 10       		.uleb128 0x10
 6355 22c6 14000000 		.4byte	.LVL71
 6356 22ca A9170000 		.4byte	0x17a9
 6357 22ce 00       		.byte	0
 6358 22cf 00       		.byte	0
 6359 22d0 27       		.uleb128 0x27
 6360 22d1 7E2B0000 		.4byte	0x2b7e
 6361 22d5 44000000 		.4byte	.LBI256
 6362 22d9 02       		.byte	.LVU226
 6363 22da 30000000 		.4byte	.LLRL42
 6364 22de E2       		.byte	0xe2
 6365 22df 03       		.byte	0x3
 6366 22e0 4E230000 		.4byte	0x234e
 6367 22e4 1E       		.uleb128 0x1e
 6368 22e5 9E2B0000 		.4byte	0x2b9e
 6369 22e9 44000000 		.4byte	.LBI257
 6370 22ed 04       		.byte	.LVU228
 6371 22ee 30000000 		.4byte	.LLRL42
 6372 22f2 02       		.byte	0x2
 6373 22f3 F801     		.2byte	0x1f8
 6374 22f5 2E       		.uleb128 0x2e
 6375 22f6 30000000 		.4byte	.LLRL42
 6376 22fa 22       		.uleb128 0x22
 6377 22fb E72B0000 		.4byte	0x2be7
 6378 22ff 5A000000 		.4byte	.LBI259
 6379 2303 02       		.byte	.LVU237
ARM GAS  /tmp/ccNufGNo.s 			page 113


 6380 2304 3C000000 		.4byte	.LLRL43
 6381 2308 03       		.byte	0x3
 6382 2309 7301     		.2byte	0x173
 6383 230b 2F230000 		.4byte	0x232f
 6384 230f 1E       		.uleb128 0x1e
 6385 2310 F72B0000 		.4byte	0x2bf7
 6386 2314 5A000000 		.4byte	.LBI260
 6387 2318 04       		.byte	.LVU239
 6388 2319 3C000000 		.4byte	.LLRL43
 6389 231d 04       		.byte	0x4
 6390 231e CD01     		.2byte	0x1cd
 6391 2320 0A       		.uleb128 0xa
 6392 2321 012C0000 		.4byte	0x2c01
 6393 2325 2E030000 		.4byte	.LLST44
 6394 2329 2A030000 		.4byte	.LVUS44
 6395 232d 00       		.byte	0
 6396 232e 00       		.byte	0
 6397 232f 10       		.uleb128 0x10
 6398 2330 48000000 		.4byte	.LVL74
 6399 2334 C1170000 		.4byte	0x17c1
 6400 2338 1A       		.uleb128 0x1a
 6401 2339 68000000 		.4byte	.LVL78
 6402 233d AF170000 		.4byte	0x17af
 6403 2341 03       		.uleb128 0x3
 6404 2342 01       		.uleb128 0x1
 6405 2343 50       		.byte	0x50
 6406 2344 05       		.uleb128 0x5
 6407 2345 03       		.byte	0x3
 6408 2346 00000000 		.4byte	__func__.2
 6409 234a 00       		.byte	0
 6410 234b 00       		.byte	0
 6411 234c 00       		.byte	0
 6412 234d 00       		.byte	0
 6413 234e 18       		.uleb128 0x18
 6414 234f 22000000 		.4byte	.LVL72
 6415 2353 AF170000 		.4byte	0x17af
 6416 2357 65230000 		.4byte	0x2365
 6417 235b 03       		.uleb128 0x3
 6418 235c 01       		.uleb128 0x1
 6419 235d 50       		.byte	0x50
 6420 235e 05       		.uleb128 0x5
 6421 235f 03       		.byte	0x3
 6422 2360 00000000 		.4byte	__func__.1
 6423 2364 00       		.byte	0
 6424 2365 1A       		.uleb128 0x1a
 6425 2366 76000000 		.4byte	.LVL82
 6426 236a AF170000 		.4byte	0x17af
 6427 236e 03       		.uleb128 0x3
 6428 236f 01       		.uleb128 0x1
 6429 2370 50       		.byte	0x50
 6430 2371 05       		.uleb128 0x5
 6431 2372 03       		.byte	0x3
 6432 2373 00000000 		.4byte	__func__.1
 6433 2377 00       		.byte	0
 6434 2378 00       		.byte	0
 6435 2379 0B       		.uleb128 0xb
 6436 237a 0A070000 		.4byte	0x70a
ARM GAS  /tmp/ccNufGNo.s 			page 114


 6437 237e 89230000 		.4byte	0x2389
 6438 2382 0C       		.uleb128 0xc
 6439 2383 2D000000 		.4byte	0x2d
 6440 2387 08       		.byte	0x8
 6441 2388 00       		.byte	0
 6442 2389 17       		.uleb128 0x17
 6443 238a 79230000 		.4byte	0x2379
 6444 238e 31       		.uleb128 0x31
 6445 238f FC010000 		.4byte	.LASF328
 6446 2393 C2       		.byte	0xc2
 6447 2394 00000000 		.4byte	.LFB234
 6448 2398 4C000000 		.4byte	.LFE234-.LFB234
 6449 239c 01       		.uleb128 0x1
 6450 239d 9C       		.byte	0x9c
 6451 239e 38240000 		.4byte	0x2438
 6452 23a2 1D       		.uleb128 0x1d
 6453 23a3 AD080000 		.4byte	.LASF322
 6454 23a7 C2       		.byte	0xc2
 6455 23a8 25       		.byte	0x25
 6456 23a9 A51B0000 		.4byte	0x1ba5
 6457 23ad 46030000 		.4byte	.LLST35
 6458 23b1 40030000 		.4byte	.LVUS35
 6459 23b5 27       		.uleb128 0x27
 6460 23b6 4D2B0000 		.4byte	0x2b4d
 6461 23ba 0A000000 		.4byte	.LBI233
 6462 23be 01       		.byte	.LVU170
 6463 23bf 24000000 		.4byte	.LLRL36
 6464 23c3 C5       		.byte	0xc5
 6465 23c4 03       		.byte	0x3
 6466 23c5 D7230000 		.4byte	0x23d7
 6467 23c9 0A       		.uleb128 0xa
 6468 23ca 592B0000 		.4byte	0x2b59
 6469 23ce 66030000 		.4byte	.LLST37
 6470 23d2 64030000 		.4byte	.LVUS37
 6471 23d6 00       		.byte	0
 6472 23d7 18       		.uleb128 0x18
 6473 23d8 26000000 		.4byte	.LVL64
 6474 23dc 2A180000 		.4byte	0x182a
 6475 23e0 09240000 		.4byte	0x2409
 6476 23e4 03       		.uleb128 0x3
 6477 23e5 01       		.uleb128 0x1
 6478 23e6 50       		.byte	0x50
 6479 23e7 02       		.uleb128 0x2
 6480 23e8 74       		.byte	0x74
 6481 23e9 0C       		.sleb128 12
 6482 23ea 03       		.uleb128 0x3
 6483 23eb 01       		.uleb128 0x1
 6484 23ec 51       		.byte	0x51
 6485 23ed 03       		.uleb128 0x3
 6486 23ee 74       		.byte	0x74
 6487 23ef D400     		.sleb128 84
 6488 23f1 03       		.uleb128 0x3
 6489 23f2 01       		.uleb128 0x1
 6490 23f3 52       		.byte	0x52
 6491 23f4 03       		.uleb128 0x3
 6492 23f5 0A       		.byte	0xa
 6493 23f6 0001     		.2byte	0x100
ARM GAS  /tmp/ccNufGNo.s 			page 115


 6494 23f8 03       		.uleb128 0x3
 6495 23f9 01       		.uleb128 0x1
 6496 23fa 53       		.byte	0x53
 6497 23fb 05       		.uleb128 0x5
 6498 23fc 03       		.byte	0x3
 6499 23fd 00000000 		.4byte	inotify
 6500 2401 03       		.uleb128 0x3
 6501 2402 02       		.uleb128 0x2
 6502 2403 7D       		.byte	0x7d
 6503 2404 00       		.sleb128 0
 6504 2405 02       		.uleb128 0x2
 6505 2406 74       		.byte	0x74
 6506 2407 00       		.sleb128 0
 6507 2408 00       		.byte	0
 6508 2409 1A       		.uleb128 0x1a
 6509 240a 3A000000 		.4byte	.LVL65
 6510 240e 04180000 		.4byte	0x1804
 6511 2412 03       		.uleb128 0x3
 6512 2413 01       		.uleb128 0x1
 6513 2414 50       		.byte	0x50
 6514 2415 02       		.uleb128 0x2
 6515 2416 74       		.byte	0x74
 6516 2417 30       		.sleb128 48
 6517 2418 03       		.uleb128 0x3
 6518 2419 01       		.uleb128 0x1
 6519 241a 51       		.byte	0x51
 6520 241b 03       		.uleb128 0x3
 6521 241c 74       		.byte	0x74
 6522 241d D402     		.sleb128 340
 6523 241f 03       		.uleb128 0x3
 6524 2420 01       		.uleb128 0x1
 6525 2421 52       		.byte	0x52
 6526 2422 03       		.uleb128 0x3
 6527 2423 0A       		.byte	0xa
 6528 2424 0001     		.2byte	0x100
 6529 2426 03       		.uleb128 0x3
 6530 2427 01       		.uleb128 0x1
 6531 2428 53       		.byte	0x53
 6532 2429 05       		.uleb128 0x5
 6533 242a 03       		.byte	0x3
 6534 242b 00000000 		.4byte	onotify
 6535 242f 03       		.uleb128 0x3
 6536 2430 02       		.uleb128 0x2
 6537 2431 7D       		.byte	0x7d
 6538 2432 00       		.sleb128 0
 6539 2433 02       		.uleb128 0x2
 6540 2434 74       		.byte	0x74
 6541 2435 00       		.sleb128 0
 6542 2436 00       		.byte	0
 6543 2437 00       		.byte	0
 6544 2438 4E       		.uleb128 0x4e
 6545 2439 78020000 		.4byte	.LASF352
 6546 243d 01       		.byte	0x1
 6547 243e B6       		.byte	0xb6
 6548 243f 06       		.byte	0x6
 6549 2440 00000000 		.4byte	.LFB233
 6550 2444 02000000 		.4byte	.LFE233-.LFB233
ARM GAS  /tmp/ccNufGNo.s 			page 116


 6551 2448 01       		.uleb128 0x1
 6552 2449 9C       		.byte	0x9c
 6553 244a 3A       		.uleb128 0x3a
 6554 244b FB040000 		.4byte	.LASF329
 6555 244f 90       		.byte	0x90
 6556 2450 00000000 		.4byte	.LFB232
 6557 2454 8C000000 		.4byte	.LFE232-.LFB232
 6558 2458 01       		.uleb128 0x1
 6559 2459 9C       		.byte	0x9c
 6560 245a B4250000 		.4byte	0x25b4
 6561 245e 0F       		.uleb128 0xf
 6562 245f 717000   		.ascii	"qp\000"
 6563 2462 90       		.byte	0x90
 6564 2463 21       		.byte	0x21
 6565 2464 F9080000 		.4byte	0x8f9
 6566 2468 79030000 		.4byte	.LLST29
 6567 246c 71030000 		.4byte	.LVUS29
 6568 2470 3B       		.uleb128 0x3b
 6569 2471 6E00     		.ascii	"n\000"
 6570 2473 91       		.byte	0x91
 6571 2474 42000000 		.4byte	0x42
 6572 2478 AC030000 		.4byte	.LLST30
 6573 247c A6030000 		.4byte	.LVUS30
 6574 2480 26       		.uleb128 0x26
 6575 2481 AD080000 		.4byte	.LASF322
 6576 2485 92       		.byte	0x92
 6577 2486 14       		.byte	0x14
 6578 2487 A51B0000 		.4byte	0x1ba5
 6579 248b CA030000 		.4byte	.LLST31
 6580 248f C6030000 		.4byte	.LVUS31
 6581 2493 27       		.uleb128 0x27
 6582 2494 7E2B0000 		.4byte	0x2b7e
 6583 2498 32000000 		.4byte	.LBI218
 6584 249c 01       		.byte	.LVU125
 6585 249d 18000000 		.4byte	.LLRL32
 6586 24a1 9F       		.byte	0x9f
 6587 24a2 07       		.byte	0x7
 6588 24a3 1A250000 		.4byte	0x251a
 6589 24a7 1E       		.uleb128 0x1e
 6590 24a8 9E2B0000 		.4byte	0x2b9e
 6591 24ac 32000000 		.4byte	.LBI219
 6592 24b0 03       		.byte	.LVU127
 6593 24b1 18000000 		.4byte	.LLRL32
 6594 24b5 02       		.byte	0x2
 6595 24b6 F801     		.2byte	0x1f8
 6596 24b8 2E       		.uleb128 0x2e
 6597 24b9 18000000 		.4byte	.LLRL32
 6598 24bd 09       		.uleb128 0x9
 6599 24be E72B0000 		.4byte	0x2be7
 6600 24c2 48000000 		.4byte	.LBI221
 6601 24c6 02       		.byte	.LVU136
 6602 24c7 48000000 		.4byte	.LBB221
 6603 24cb 06000000 		.4byte	.LBE221-.LBB221
 6604 24cf 03       		.byte	0x3
 6605 24d0 7301     		.2byte	0x173
 6606 24d2 03       		.byte	0x3
 6607 24d3 FB240000 		.4byte	0x24fb
ARM GAS  /tmp/ccNufGNo.s 			page 117


 6608 24d7 08       		.uleb128 0x8
 6609 24d8 F72B0000 		.4byte	0x2bf7
 6610 24dc 48000000 		.4byte	.LBI222
 6611 24e0 04       		.byte	.LVU138
 6612 24e1 48000000 		.4byte	.LBB222
 6613 24e5 06000000 		.4byte	.LBE222-.LBB222
 6614 24e9 04       		.byte	0x4
 6615 24ea CD01     		.2byte	0x1cd
 6616 24ec 0A       		.uleb128 0xa
 6617 24ed 012C0000 		.4byte	0x2c01
 6618 24f1 DD030000 		.4byte	.LLST33
 6619 24f5 DB030000 		.4byte	.LVUS33
 6620 24f9 00       		.byte	0
 6621 24fa 00       		.byte	0
 6622 24fb 10       		.uleb128 0x10
 6623 24fc 36000000 		.4byte	.LVL51
 6624 2500 C1170000 		.4byte	0x17c1
 6625 2504 1A       		.uleb128 0x1a
 6626 2505 80000000 		.4byte	.LVL59
 6627 2509 AF170000 		.4byte	0x17af
 6628 250d 03       		.uleb128 0x3
 6629 250e 01       		.uleb128 0x1
 6630 250f 50       		.byte	0x50
 6631 2510 05       		.uleb128 0x5
 6632 2511 03       		.byte	0x3
 6633 2512 00000000 		.4byte	__func__.2
 6634 2516 00       		.byte	0
 6635 2517 00       		.byte	0
 6636 2518 00       		.byte	0
 6637 2519 00       		.byte	0
 6638 251a 33       		.uleb128 0x33
 6639 251b 862B0000 		.4byte	0x2b86
 6640 251f 60000000 		.4byte	.LBI226
 6641 2523 01       		.byte	.LVU145
 6642 2524 60000000 		.4byte	.LBB226
 6643 2528 0A000000 		.4byte	.LBE226-.LBB226
 6644 252c A5       		.byte	0xa5
 6645 252d 07       		.byte	0x7
 6646 252e 90250000 		.4byte	0x2590
 6647 2532 08       		.uleb128 0x8
 6648 2533 CF2B0000 		.4byte	0x2bcf
 6649 2537 60000000 		.4byte	.LBI227
 6650 253b 03       		.byte	.LVU147
 6651 253c 60000000 		.4byte	.LBB227
 6652 2540 0A000000 		.4byte	.LBE227-.LBB227
 6653 2544 02       		.byte	0x2
 6654 2545 ED01     		.2byte	0x1ed
 6655 2547 09       		.uleb128 0x9
 6656 2548 EF2B0000 		.4byte	0x2bef
 6657 254c 60000000 		.4byte	.LBI229
 6658 2550 05       		.byte	.LVU149
 6659 2551 60000000 		.4byte	.LBB229
 6660 2555 06000000 		.4byte	.LBE229-.LBB229
 6661 2559 03       		.byte	0x3
 6662 255a 5C01     		.2byte	0x15c
 6663 255c 03       		.byte	0x3
 6664 255d 85250000 		.4byte	0x2585
ARM GAS  /tmp/ccNufGNo.s 			page 118


 6665 2561 08       		.uleb128 0x8
 6666 2562 F72B0000 		.4byte	0x2bf7
 6667 2566 60000000 		.4byte	.LBI230
 6668 256a 07       		.byte	.LVU151
 6669 256b 60000000 		.4byte	.LBB230
 6670 256f 06000000 		.4byte	.LBE230-.LBB230
 6671 2573 04       		.byte	0x4
 6672 2574 BF01     		.2byte	0x1bf
 6673 2576 0A       		.uleb128 0xa
 6674 2577 012C0000 		.4byte	0x2c01
 6675 257b E9030000 		.4byte	.LLST34
 6676 257f E7030000 		.4byte	.LVUS34
 6677 2583 00       		.byte	0
 6678 2584 00       		.byte	0
 6679 2585 10       		.uleb128 0x10
 6680 2586 6A000000 		.4byte	.LVL56
 6681 258a A9170000 		.4byte	0x17a9
 6682 258e 00       		.byte	0
 6683 258f 00       		.byte	0
 6684 2590 18       		.uleb128 0x18
 6685 2591 60000000 		.4byte	.LVL54
 6686 2595 E3170000 		.4byte	0x17e3
 6687 2599 AA250000 		.4byte	0x25aa
 6688 259d 03       		.uleb128 0x3
 6689 259e 01       		.uleb128 0x1
 6690 259f 52       		.byte	0x52
 6691 25a0 02       		.uleb128 0x2
 6692 25a1 74       		.byte	0x74
 6693 25a2 30       		.sleb128 48
 6694 25a3 03       		.uleb128 0x3
 6695 25a4 01       		.uleb128 0x1
 6696 25a5 53       		.byte	0x53
 6697 25a6 02       		.uleb128 0x2
 6698 25a7 75       		.byte	0x75
 6699 25a8 00       		.sleb128 0
 6700 25a9 00       		.byte	0
 6701 25aa 30       		.uleb128 0x30
 6702 25ab 7A000000 		.4byte	.LVL58
 6703 25af C7170000 		.4byte	0x17c7
 6704 25b3 00       		.byte	0
 6705 25b4 3A       		.uleb128 0x3a
 6706 25b5 CE090000 		.4byte	.LASF330
 6707 25b9 6D       		.byte	0x6d
 6708 25ba 00000000 		.4byte	.LFB231
 6709 25be 98000000 		.4byte	.LFE231-.LFB231
 6710 25c2 01       		.uleb128 0x1
 6711 25c3 9C       		.byte	0x9c
 6712 25c4 34270000 		.4byte	0x2734
 6713 25c8 0F       		.uleb128 0xf
 6714 25c9 717000   		.ascii	"qp\000"
 6715 25cc 6D       		.byte	0x6d
 6716 25cd 21       		.byte	0x21
 6717 25ce F9080000 		.4byte	0x8f9
 6718 25d2 FC030000 		.4byte	.LLST0
 6719 25d6 F4030000 		.4byte	.LVUS0
 6720 25da 3B       		.uleb128 0x3b
 6721 25db 6E00     		.ascii	"n\000"
ARM GAS  /tmp/ccNufGNo.s 			page 119


 6722 25dd 6E       		.byte	0x6e
 6723 25de 42000000 		.4byte	0x42
 6724 25e2 33040000 		.4byte	.LLST1
 6725 25e6 29040000 		.4byte	.LVUS1
 6726 25ea 26       		.uleb128 0x26
 6727 25eb EC090000 		.4byte	.LASF321
 6728 25ef 6E       		.byte	0x6e
 6729 25f0 0D       		.byte	0xd
 6730 25f1 42000000 		.4byte	0x42
 6731 25f5 62040000 		.4byte	.LLST2
 6732 25f9 5C040000 		.4byte	.LVUS2
 6733 25fd 26       		.uleb128 0x26
 6734 25fe AD080000 		.4byte	.LASF322
 6735 2602 6F       		.byte	0x6f
 6736 2603 14       		.byte	0x14
 6737 2604 A51B0000 		.4byte	0x1ba5
 6738 2608 CC040000 		.4byte	.LLST3
 6739 260c C8040000 		.4byte	.LVUS3
 6740 2610 27       		.uleb128 0x27
 6741 2611 7E2B0000 		.4byte	0x2b7e
 6742 2615 3A000000 		.4byte	.LBI190
 6743 2619 01       		.byte	.LVU27
 6744 261a 0C000000 		.4byte	.LLRL4
 6745 261e 7E       		.byte	0x7e
 6746 261f 07       		.byte	0x7
 6747 2620 97260000 		.4byte	0x2697
 6748 2624 1E       		.uleb128 0x1e
 6749 2625 9E2B0000 		.4byte	0x2b9e
 6750 2629 3A000000 		.4byte	.LBI191
 6751 262d 03       		.byte	.LVU29
 6752 262e 0C000000 		.4byte	.LLRL4
 6753 2632 02       		.byte	0x2
 6754 2633 F801     		.2byte	0x1f8
 6755 2635 2E       		.uleb128 0x2e
 6756 2636 0C000000 		.4byte	.LLRL4
 6757 263a 09       		.uleb128 0x9
 6758 263b E72B0000 		.4byte	0x2be7
 6759 263f 50000000 		.4byte	.LBI193
 6760 2643 02       		.byte	.LVU38
 6761 2644 50000000 		.4byte	.LBB193
 6762 2648 06000000 		.4byte	.LBE193-.LBB193
 6763 264c 03       		.byte	0x3
 6764 264d 7301     		.2byte	0x173
 6765 264f 03       		.byte	0x3
 6766 2650 78260000 		.4byte	0x2678
 6767 2654 08       		.uleb128 0x8
 6768 2655 F72B0000 		.4byte	0x2bf7
 6769 2659 50000000 		.4byte	.LBI194
 6770 265d 04       		.byte	.LVU40
 6771 265e 50000000 		.4byte	.LBB194
 6772 2662 06000000 		.4byte	.LBE194-.LBB194
 6773 2666 04       		.byte	0x4
 6774 2667 CD01     		.2byte	0x1cd
 6775 2669 0A       		.uleb128 0xa
 6776 266a 012C0000 		.4byte	0x2c01
 6777 266e E0040000 		.4byte	.LLST5
 6778 2672 DE040000 		.4byte	.LVUS5
ARM GAS  /tmp/ccNufGNo.s 			page 120


 6779 2676 00       		.byte	0
 6780 2677 00       		.byte	0
 6781 2678 10       		.uleb128 0x10
 6782 2679 3E000000 		.4byte	.LVL9
 6783 267d C1170000 		.4byte	0x17c1
 6784 2681 1A       		.uleb128 0x1a
 6785 2682 8E000000 		.4byte	.LVL19
 6786 2686 AF170000 		.4byte	0x17af
 6787 268a 03       		.uleb128 0x3
 6788 268b 01       		.uleb128 0x1
 6789 268c 50       		.byte	0x50
 6790 268d 05       		.uleb128 0x5
 6791 268e 03       		.byte	0x3
 6792 268f 00000000 		.4byte	__func__.2
 6793 2693 00       		.byte	0
 6794 2694 00       		.byte	0
 6795 2695 00       		.byte	0
 6796 2696 00       		.byte	0
 6797 2697 33       		.uleb128 0x33
 6798 2698 862B0000 		.4byte	0x2b86
 6799 269c 6E000000 		.4byte	.LBI198
 6800 26a0 01       		.byte	.LVU49
 6801 26a1 6E000000 		.4byte	.LBB198
 6802 26a5 0A000000 		.4byte	.LBE198-.LBB198
 6803 26a9 85       		.byte	0x85
 6804 26aa 07       		.byte	0x7
 6805 26ab 0D270000 		.4byte	0x270d
 6806 26af 08       		.uleb128 0x8
 6807 26b0 CF2B0000 		.4byte	0x2bcf
 6808 26b4 6E000000 		.4byte	.LBI199
 6809 26b8 03       		.byte	.LVU51
 6810 26b9 6E000000 		.4byte	.LBB199
 6811 26bd 0A000000 		.4byte	.LBE199-.LBB199
 6812 26c1 02       		.byte	0x2
 6813 26c2 ED01     		.2byte	0x1ed
 6814 26c4 09       		.uleb128 0x9
 6815 26c5 EF2B0000 		.4byte	0x2bef
 6816 26c9 6E000000 		.4byte	.LBI201
 6817 26cd 05       		.byte	.LVU53
 6818 26ce 6E000000 		.4byte	.LBB201
 6819 26d2 06000000 		.4byte	.LBE201-.LBB201
 6820 26d6 03       		.byte	0x3
 6821 26d7 5C01     		.2byte	0x15c
 6822 26d9 03       		.byte	0x3
 6823 26da 02270000 		.4byte	0x2702
 6824 26de 08       		.uleb128 0x8
 6825 26df F72B0000 		.4byte	0x2bf7
 6826 26e3 6E000000 		.4byte	.LBI202
 6827 26e7 07       		.byte	.LVU55
 6828 26e8 6E000000 		.4byte	.LBB202
 6829 26ec 06000000 		.4byte	.LBE202-.LBB202
 6830 26f0 04       		.byte	0x4
 6831 26f1 BF01     		.2byte	0x1bf
 6832 26f3 0A       		.uleb128 0xa
 6833 26f4 012C0000 		.4byte	0x2c01
 6834 26f8 EC040000 		.4byte	.LLST6
 6835 26fc EA040000 		.4byte	.LVUS6
ARM GAS  /tmp/ccNufGNo.s 			page 121


 6836 2700 00       		.byte	0
 6837 2701 00       		.byte	0
 6838 2702 10       		.uleb128 0x10
 6839 2703 78000000 		.4byte	.LVL16
 6840 2707 A9170000 		.4byte	0x17a9
 6841 270b 00       		.byte	0
 6842 270c 00       		.byte	0
 6843 270d 18       		.uleb128 0x18
 6844 270e 6E000000 		.4byte	.LVL14
 6845 2712 88170000 		.4byte	0x1788
 6846 2716 2A270000 		.4byte	0x272a
 6847 271a 03       		.uleb128 0x3
 6848 271b 01       		.uleb128 0x1
 6849 271c 52       		.byte	0x52
 6850 271d 02       		.uleb128 0x2
 6851 271e 74       		.byte	0x74
 6852 271f 0C       		.sleb128 12
 6853 2720 03       		.uleb128 0x3
 6854 2721 01       		.uleb128 0x1
 6855 2722 53       		.byte	0x53
 6856 2723 05       		.uleb128 0x5
 6857 2724 75       		.byte	0x75
 6858 2725 00       		.sleb128 0
 6859 2726 76       		.byte	0x76
 6860 2727 00       		.sleb128 0
 6861 2728 1E       		.byte	0x1e
 6862 2729 00       		.byte	0
 6863 272a 30       		.uleb128 0x30
 6864 272b 88000000 		.4byte	.LVL18
 6865 272f 6C170000 		.4byte	0x176c
 6866 2733 00       		.byte	0
 6867 2734 23       		.uleb128 0x23
 6868 2735 D6020000 		.4byte	.LASF299
 6869 2739 5E       		.byte	0x5e
 6870 273a 0F       		.byte	0xf
 6871 273b 42000000 		.4byte	0x42
 6872 273f 00000000 		.4byte	.LFB230
 6873 2743 06000000 		.4byte	.LFE230-.LFB230
 6874 2747 01       		.uleb128 0x1
 6875 2748 9C       		.byte	0x9c
 6876 2749 D6270000 		.4byte	0x27d6
 6877 274d 0F       		.uleb128 0xf
 6878 274e 697000   		.ascii	"ip\000"
 6879 2751 5E       		.byte	0x5e
 6880 2752 1B       		.byte	0x1b
 6881 2753 09030000 		.4byte	0x309
 6882 2757 FD040000 		.4byte	.LLST7
 6883 275b F7040000 		.4byte	.LVUS7
 6884 275f 0F       		.uleb128 0xf
 6885 2760 627000   		.ascii	"bp\000"
 6886 2763 5E       		.byte	0x5e
 6887 2764 28       		.byte	0x28
 6888 2765 7D070000 		.4byte	0x77d
 6889 2769 21050000 		.4byte	.LLST8
 6890 276d 1D050000 		.4byte	.LVUS8
 6891 2771 0F       		.uleb128 0xf
 6892 2772 6E00     		.ascii	"n\000"
ARM GAS  /tmp/ccNufGNo.s 			page 122


 6893 2774 5E       		.byte	0x5e
 6894 2775 33       		.byte	0x33
 6895 2776 42000000 		.4byte	0x42
 6896 277a 3E050000 		.4byte	.LLST9
 6897 277e 3A050000 		.4byte	.LVUS9
 6898 2782 1D       		.uleb128 0x1d
 6899 2783 F5080000 		.4byte	.LASF331
 6900 2787 5E       		.byte	0x5e
 6901 2788 40       		.byte	0x40
 6902 2789 64010000 		.4byte	0x164
 6903 278d 5B050000 		.4byte	.LLST10
 6904 2791 57050000 		.4byte	.LVUS10
 6905 2795 1F       		.uleb128 0x1f
 6906 2796 06000000 		.4byte	.LVL22
 6907 279a 46170000 		.4byte	0x1746
 6908 279e 03       		.uleb128 0x3
 6909 279f 01       		.uleb128 0x1
 6910 27a0 50       		.byte	0x50
 6911 27a1 0B       		.uleb128 0xb
 6912 27a2 A3       		.byte	0xa3
 6913 27a3 03       		.uleb128 0x3
 6914 27a4 A5       		.byte	0xa5
 6915 27a5 00       		.uleb128 0
 6916 27a6 26       		.uleb128 0x26
 6917 27a7 A8       		.byte	0xa8
 6918 27a8 2D       		.uleb128 0x2d
 6919 27a9 A8       		.byte	0xa8
 6920 27aa 00       		.uleb128 0
 6921 27ab 23       		.byte	0x23
 6922 27ac 0C       		.uleb128 0xc
 6923 27ad 03       		.uleb128 0x3
 6924 27ae 01       		.uleb128 0x1
 6925 27af 51       		.byte	0x51
 6926 27b0 09       		.uleb128 0x9
 6927 27b1 A3       		.byte	0xa3
 6928 27b2 03       		.uleb128 0x3
 6929 27b3 A5       		.byte	0xa5
 6930 27b4 01       		.uleb128 0x1
 6931 27b5 26       		.uleb128 0x26
 6932 27b6 A8       		.byte	0xa8
 6933 27b7 2D       		.uleb128 0x2d
 6934 27b8 A8       		.byte	0xa8
 6935 27b9 00       		.uleb128 0
 6936 27ba 03       		.uleb128 0x3
 6937 27bb 01       		.uleb128 0x1
 6938 27bc 52       		.byte	0x52
 6939 27bd 09       		.uleb128 0x9
 6940 27be A3       		.byte	0xa3
 6941 27bf 03       		.uleb128 0x3
 6942 27c0 A5       		.byte	0xa5
 6943 27c1 02       		.uleb128 0x2
 6944 27c2 26       		.uleb128 0x26
 6945 27c3 A8       		.byte	0xa8
 6946 27c4 2D       		.uleb128 0x2d
 6947 27c5 A8       		.byte	0xa8
 6948 27c6 00       		.uleb128 0
 6949 27c7 03       		.uleb128 0x3
ARM GAS  /tmp/ccNufGNo.s 			page 123


 6950 27c8 01       		.uleb128 0x1
 6951 27c9 53       		.byte	0x53
 6952 27ca 09       		.uleb128 0x9
 6953 27cb A3       		.byte	0xa3
 6954 27cc 03       		.uleb128 0x3
 6955 27cd A5       		.byte	0xa5
 6956 27ce 03       		.uleb128 0x3
 6957 27cf 26       		.uleb128 0x26
 6958 27d0 A8       		.byte	0xa8
 6959 27d1 2D       		.uleb128 0x2d
 6960 27d2 A8       		.byte	0xa8
 6961 27d3 00       		.uleb128 0
 6962 27d4 00       		.byte	0
 6963 27d5 00       		.byte	0
 6964 27d6 23       		.uleb128 0x23
 6965 27d7 94010000 		.4byte	.LASF298
 6966 27db 59       		.byte	0x59
 6967 27dc 0F       		.byte	0xf
 6968 27dd 42000000 		.4byte	0x42
 6969 27e1 00000000 		.4byte	.LFB229
 6970 27e5 06000000 		.4byte	.LFE229-.LFB229
 6971 27e9 01       		.uleb128 0x1
 6972 27ea 9C       		.byte	0x9c
 6973 27eb 78280000 		.4byte	0x2878
 6974 27ef 0F       		.uleb128 0xf
 6975 27f0 697000   		.ascii	"ip\000"
 6976 27f3 59       		.byte	0x59
 6977 27f4 1C       		.byte	0x1c
 6978 27f5 09030000 		.4byte	0x309
 6979 27f9 7A050000 		.4byte	.LLST14
 6980 27fd 74050000 		.4byte	.LVUS14
 6981 2801 0F       		.uleb128 0xf
 6982 2802 627000   		.ascii	"bp\000"
 6983 2805 59       		.byte	0x59
 6984 2806 2F       		.byte	0x2f
 6985 2807 5A070000 		.4byte	0x75a
 6986 280b 9E050000 		.4byte	.LLST15
 6987 280f 9A050000 		.4byte	.LVUS15
 6988 2813 0F       		.uleb128 0xf
 6989 2814 6E00     		.ascii	"n\000"
 6990 2816 59       		.byte	0x59
 6991 2817 3A       		.byte	0x3a
 6992 2818 42000000 		.4byte	0x42
 6993 281c BB050000 		.4byte	.LLST16
 6994 2820 B7050000 		.4byte	.LVUS16
 6995 2824 1D       		.uleb128 0x1d
 6996 2825 F5080000 		.4byte	.LASF331
 6997 2829 59       		.byte	0x59
 6998 282a 47       		.byte	0x47
 6999 282b 64010000 		.4byte	0x164
 7000 282f D8050000 		.4byte	.LLST17
 7001 2833 D4050000 		.4byte	.LVUS17
 7002 2837 1F       		.uleb128 0x1f
 7003 2838 06000000 		.4byte	.LVL28
 7004 283c 20170000 		.4byte	0x1720
 7005 2840 03       		.uleb128 0x3
 7006 2841 01       		.uleb128 0x1
ARM GAS  /tmp/ccNufGNo.s 			page 124


 7007 2842 50       		.byte	0x50
 7008 2843 0B       		.uleb128 0xb
 7009 2844 A3       		.byte	0xa3
 7010 2845 03       		.uleb128 0x3
 7011 2846 A5       		.byte	0xa5
 7012 2847 00       		.uleb128 0
 7013 2848 26       		.uleb128 0x26
 7014 2849 A8       		.byte	0xa8
 7015 284a 2D       		.uleb128 0x2d
 7016 284b A8       		.byte	0xa8
 7017 284c 00       		.uleb128 0
 7018 284d 23       		.byte	0x23
 7019 284e 30       		.uleb128 0x30
 7020 284f 03       		.uleb128 0x3
 7021 2850 01       		.uleb128 0x1
 7022 2851 51       		.byte	0x51
 7023 2852 09       		.uleb128 0x9
 7024 2853 A3       		.byte	0xa3
 7025 2854 03       		.uleb128 0x3
 7026 2855 A5       		.byte	0xa5
 7027 2856 01       		.uleb128 0x1
 7028 2857 26       		.uleb128 0x26
 7029 2858 A8       		.byte	0xa8
 7030 2859 2D       		.uleb128 0x2d
 7031 285a A8       		.byte	0xa8
 7032 285b 00       		.uleb128 0
 7033 285c 03       		.uleb128 0x3
 7034 285d 01       		.uleb128 0x1
 7035 285e 52       		.byte	0x52
 7036 285f 09       		.uleb128 0x9
 7037 2860 A3       		.byte	0xa3
 7038 2861 03       		.uleb128 0x3
 7039 2862 A5       		.byte	0xa5
 7040 2863 02       		.uleb128 0x2
 7041 2864 26       		.uleb128 0x26
 7042 2865 A8       		.byte	0xa8
 7043 2866 2D       		.uleb128 0x2d
 7044 2867 A8       		.byte	0xa8
 7045 2868 00       		.uleb128 0
 7046 2869 03       		.uleb128 0x3
 7047 286a 01       		.uleb128 0x1
 7048 286b 53       		.byte	0x53
 7049 286c 09       		.uleb128 0x9
 7050 286d A3       		.byte	0xa3
 7051 286e 03       		.uleb128 0x3
 7052 286f A5       		.byte	0xa5
 7053 2870 03       		.uleb128 0x3
 7054 2871 26       		.uleb128 0x26
 7055 2872 A8       		.byte	0xa8
 7056 2873 2D       		.uleb128 0x2d
 7057 2874 A8       		.byte	0xa8
 7058 2875 00       		.uleb128 0
 7059 2876 00       		.byte	0
 7060 2877 00       		.byte	0
 7061 2878 23       		.uleb128 0x23
 7062 2879 61050000 		.4byte	.LASF297
 7063 287d 54       		.byte	0x54
ARM GAS  /tmp/ccNufGNo.s 			page 125


 7064 287e 0E       		.byte	0xe
 7065 287f 3B010000 		.4byte	0x13b
 7066 2883 00000000 		.4byte	.LFB228
 7067 2887 06000000 		.4byte	.LFE228-.LFB228
 7068 288b 01       		.uleb128 0x1
 7069 288c 9C       		.byte	0x9c
 7070 288d DD280000 		.4byte	0x28dd
 7071 2891 0F       		.uleb128 0xf
 7072 2892 697000   		.ascii	"ip\000"
 7073 2895 54       		.byte	0x54
 7074 2896 19       		.byte	0x19
 7075 2897 09030000 		.4byte	0x309
 7076 289b F7050000 		.4byte	.LLST21
 7077 289f F1050000 		.4byte	.LVUS21
 7078 28a3 1D       		.uleb128 0x1d
 7079 28a4 F5080000 		.4byte	.LASF331
 7080 28a8 54       		.byte	0x54
 7081 28a9 27       		.byte	0x27
 7082 28aa 64010000 		.4byte	0x164
 7083 28ae 1B060000 		.4byte	.LLST22
 7084 28b2 17060000 		.4byte	.LVUS22
 7085 28b6 1F       		.uleb128 0x1f
 7086 28b7 06000000 		.4byte	.LVL34
 7087 28bb 04170000 		.4byte	0x1704
 7088 28bf 03       		.uleb128 0x3
 7089 28c0 01       		.uleb128 0x1
 7090 28c1 50       		.byte	0x50
 7091 28c2 0B       		.uleb128 0xb
 7092 28c3 A3       		.byte	0xa3
 7093 28c4 03       		.uleb128 0x3
 7094 28c5 A5       		.byte	0xa5
 7095 28c6 00       		.uleb128 0
 7096 28c7 26       		.uleb128 0x26
 7097 28c8 A8       		.byte	0xa8
 7098 28c9 2D       		.uleb128 0x2d
 7099 28ca A8       		.byte	0xa8
 7100 28cb 00       		.uleb128 0
 7101 28cc 23       		.byte	0x23
 7102 28cd 0C       		.uleb128 0xc
 7103 28ce 03       		.uleb128 0x3
 7104 28cf 01       		.uleb128 0x1
 7105 28d0 51       		.byte	0x51
 7106 28d1 09       		.uleb128 0x9
 7107 28d2 A3       		.byte	0xa3
 7108 28d3 03       		.uleb128 0x3
 7109 28d4 A5       		.byte	0xa5
 7110 28d5 01       		.uleb128 0x1
 7111 28d6 26       		.uleb128 0x26
 7112 28d7 A8       		.byte	0xa8
 7113 28d8 2D       		.uleb128 0x2d
 7114 28d9 A8       		.byte	0xa8
 7115 28da 00       		.uleb128 0
 7116 28db 00       		.byte	0
 7117 28dc 00       		.byte	0
 7118 28dd 23       		.uleb128 0x23
 7119 28de 4A020000 		.4byte	.LASF296
 7120 28e2 4F       		.byte	0x4f
ARM GAS  /tmp/ccNufGNo.s 			page 126


 7121 28e3 0E       		.byte	0xe
 7122 28e4 3B010000 		.4byte	0x13b
 7123 28e8 00000000 		.4byte	.LFB227
 7124 28ec 06000000 		.4byte	.LFE227-.LFB227
 7125 28f0 01       		.uleb128 0x1
 7126 28f1 9C       		.byte	0x9c
 7127 28f2 60290000 		.4byte	0x2960
 7128 28f6 0F       		.uleb128 0xf
 7129 28f7 697000   		.ascii	"ip\000"
 7130 28fa 4F       		.byte	0x4f
 7131 28fb 19       		.byte	0x19
 7132 28fc 09030000 		.4byte	0x309
 7133 2900 3A060000 		.4byte	.LLST24
 7134 2904 34060000 		.4byte	.LVUS24
 7135 2908 0F       		.uleb128 0xf
 7136 2909 6200     		.ascii	"b\000"
 7137 290b 4F       		.byte	0x4f
 7138 290c 25       		.byte	0x25
 7139 290d B9000000 		.4byte	0xb9
 7140 2911 5E060000 		.4byte	.LLST25
 7141 2915 5A060000 		.4byte	.LVUS25
 7142 2919 1D       		.uleb128 0x1d
 7143 291a F5080000 		.4byte	.LASF331
 7144 291e 4F       		.byte	0x4f
 7145 291f 32       		.byte	0x32
 7146 2920 64010000 		.4byte	0x164
 7147 2924 7B060000 		.4byte	.LLST26
 7148 2928 77060000 		.4byte	.LVUS26
 7149 292c 1F       		.uleb128 0x1f
 7150 292d 06000000 		.4byte	.LVL40
 7151 2931 E3160000 		.4byte	0x16e3
 7152 2935 03       		.uleb128 0x3
 7153 2936 01       		.uleb128 0x1
 7154 2937 50       		.byte	0x50
 7155 2938 0B       		.uleb128 0xb
 7156 2939 A3       		.byte	0xa3
 7157 293a 03       		.uleb128 0x3
 7158 293b A5       		.byte	0xa5
 7159 293c 00       		.uleb128 0
 7160 293d 26       		.uleb128 0x26
 7161 293e A8       		.byte	0xa8
 7162 293f 2D       		.uleb128 0x2d
 7163 2940 A8       		.byte	0xa8
 7164 2941 00       		.uleb128 0
 7165 2942 23       		.byte	0x23
 7166 2943 30       		.uleb128 0x30
 7167 2944 03       		.uleb128 0x3
 7168 2945 01       		.uleb128 0x1
 7169 2946 51       		.byte	0x51
 7170 2947 09       		.uleb128 0x9
 7171 2948 A3       		.byte	0xa3
 7172 2949 03       		.uleb128 0x3
 7173 294a A5       		.byte	0xa5
 7174 294b 01       		.uleb128 0x1
 7175 294c 26       		.uleb128 0x26
 7176 294d A8       		.byte	0xa8
 7177 294e 34       		.uleb128 0x34
ARM GAS  /tmp/ccNufGNo.s 			page 127


 7178 294f A8       		.byte	0xa8
 7179 2950 00       		.uleb128 0
 7180 2951 03       		.uleb128 0x3
 7181 2952 01       		.uleb128 0x1
 7182 2953 52       		.byte	0x52
 7183 2954 09       		.uleb128 0x9
 7184 2955 A3       		.byte	0xa3
 7185 2956 03       		.uleb128 0x3
 7186 2957 A5       		.byte	0xa5
 7187 2958 02       		.uleb128 0x2
 7188 2959 26       		.uleb128 0x26
 7189 295a A8       		.byte	0xa8
 7190 295b 2D       		.uleb128 0x2d
 7191 295c A8       		.byte	0xa8
 7192 295d 00       		.uleb128 0
 7193 295e 00       		.byte	0
 7194 295f 00       		.byte	0
 7195 2960 3C       		.uleb128 0x3c
 7196 2961 67657400 		.ascii	"get\000"
 7197 2965 4A       		.byte	0x4a
 7198 2966 3B010000 		.4byte	0x13b
 7199 296a 00000000 		.4byte	.LFB226
 7200 296e 0A000000 		.4byte	.LFE226-.LFB226
 7201 2972 01       		.uleb128 0x1
 7202 2973 9C       		.byte	0x9c
 7203 2974 AA290000 		.4byte	0x29aa
 7204 2978 0F       		.uleb128 0xf
 7205 2979 697000   		.ascii	"ip\000"
 7206 297c 4A       		.byte	0x4a
 7207 297d 18       		.byte	0x18
 7208 297e 09030000 		.4byte	0x309
 7209 2982 9A060000 		.4byte	.LLST23
 7210 2986 94060000 		.4byte	.LVUS23
 7211 298a 1F       		.uleb128 0x1f
 7212 298b 0A000000 		.4byte	.LVL37
 7213 298f 04170000 		.4byte	0x1704
 7214 2993 03       		.uleb128 0x3
 7215 2994 01       		.uleb128 0x1
 7216 2995 50       		.byte	0x50
 7217 2996 0B       		.uleb128 0xb
 7218 2997 A3       		.byte	0xa3
 7219 2998 03       		.uleb128 0x3
 7220 2999 A5       		.byte	0xa5
 7221 299a 00       		.uleb128 0
 7222 299b 26       		.uleb128 0x26
 7223 299c A8       		.byte	0xa8
 7224 299d 2D       		.uleb128 0x2d
 7225 299e A8       		.byte	0xa8
 7226 299f 00       		.uleb128 0
 7227 29a0 23       		.byte	0x23
 7228 29a1 0C       		.uleb128 0xc
 7229 29a2 03       		.uleb128 0x3
 7230 29a3 01       		.uleb128 0x1
 7231 29a4 51       		.byte	0x51
 7232 29a5 02       		.uleb128 0x2
 7233 29a6 09       		.byte	0x9
 7234 29a7 FF       		.byte	0xff
ARM GAS  /tmp/ccNufGNo.s 			page 128


 7235 29a8 00       		.byte	0
 7236 29a9 00       		.byte	0
 7237 29aa 3C       		.uleb128 0x3c
 7238 29ab 70757400 		.ascii	"put\000"
 7239 29af 45       		.byte	0x45
 7240 29b0 3B010000 		.4byte	0x13b
 7241 29b4 00000000 		.4byte	.LFB225
 7242 29b8 0A000000 		.4byte	.LFE225-.LFB225
 7243 29bc 01       		.uleb128 0x1
 7244 29bd 9C       		.byte	0x9c
 7245 29be 122A0000 		.4byte	0x2a12
 7246 29c2 0F       		.uleb128 0xf
 7247 29c3 697000   		.ascii	"ip\000"
 7248 29c6 45       		.byte	0x45
 7249 29c7 18       		.byte	0x18
 7250 29c8 09030000 		.4byte	0x309
 7251 29cc C0060000 		.4byte	.LLST27
 7252 29d0 BA060000 		.4byte	.LVUS27
 7253 29d4 0F       		.uleb128 0xf
 7254 29d5 6200     		.ascii	"b\000"
 7255 29d7 45       		.byte	0x45
 7256 29d8 24       		.byte	0x24
 7257 29d9 B9000000 		.4byte	0xb9
 7258 29dd E4060000 		.4byte	.LLST28
 7259 29e1 E0060000 		.4byte	.LVUS28
 7260 29e5 1F       		.uleb128 0x1f
 7261 29e6 0A000000 		.4byte	.LVL43
 7262 29ea E3160000 		.4byte	0x16e3
 7263 29ee 03       		.uleb128 0x3
 7264 29ef 01       		.uleb128 0x1
 7265 29f0 50       		.byte	0x50
 7266 29f1 0B       		.uleb128 0xb
 7267 29f2 A3       		.byte	0xa3
 7268 29f3 03       		.uleb128 0x3
 7269 29f4 A5       		.byte	0xa5
 7270 29f5 00       		.uleb128 0
 7271 29f6 26       		.uleb128 0x26
 7272 29f7 A8       		.byte	0xa8
 7273 29f8 2D       		.uleb128 0x2d
 7274 29f9 A8       		.byte	0xa8
 7275 29fa 00       		.uleb128 0
 7276 29fb 23       		.byte	0x23
 7277 29fc 30       		.uleb128 0x30
 7278 29fd 03       		.uleb128 0x3
 7279 29fe 01       		.uleb128 0x1
 7280 29ff 51       		.byte	0x51
 7281 2a00 09       		.uleb128 0x9
 7282 2a01 A3       		.byte	0xa3
 7283 2a02 03       		.uleb128 0x3
 7284 2a03 A5       		.byte	0xa5
 7285 2a04 01       		.uleb128 0x1
 7286 2a05 26       		.uleb128 0x26
 7287 2a06 A8       		.byte	0xa8
 7288 2a07 34       		.uleb128 0x34
 7289 2a08 A8       		.byte	0xa8
 7290 2a09 00       		.uleb128 0
 7291 2a0a 03       		.uleb128 0x3
ARM GAS  /tmp/ccNufGNo.s 			page 129


 7292 2a0b 01       		.uleb128 0x1
 7293 2a0c 52       		.byte	0x52
 7294 2a0d 02       		.uleb128 0x2
 7295 2a0e 09       		.byte	0x9
 7296 2a0f FF       		.byte	0xff
 7297 2a10 00       		.byte	0
 7298 2a11 00       		.byte	0
 7299 2a12 23       		.uleb128 0x23
 7300 2a13 23090000 		.4byte	.LASF295
 7301 2a17 3F       		.byte	0x3f
 7302 2a18 0F       		.byte	0xf
 7303 2a19 42000000 		.4byte	0x42
 7304 2a1d 00000000 		.4byte	.LFB224
 7305 2a21 0A000000 		.4byte	.LFE224-.LFB224
 7306 2a25 01       		.uleb128 0x1
 7307 2a26 9C       		.byte	0x9c
 7308 2a27 9A2A0000 		.4byte	0x2a9a
 7309 2a2b 0F       		.uleb128 0xf
 7310 2a2c 697000   		.ascii	"ip\000"
 7311 2a2f 3F       		.byte	0x3f
 7312 2a30 1A       		.byte	0x1a
 7313 2a31 09030000 		.4byte	0x309
 7314 2a35 03070000 		.4byte	.LLST11
 7315 2a39 FD060000 		.4byte	.LVUS11
 7316 2a3d 0F       		.uleb128 0xf
 7317 2a3e 627000   		.ascii	"bp\000"
 7318 2a41 3F       		.byte	0x3f
 7319 2a42 27       		.byte	0x27
 7320 2a43 7D070000 		.4byte	0x77d
 7321 2a47 27070000 		.4byte	.LLST12
 7322 2a4b 23070000 		.4byte	.LVUS12
 7323 2a4f 0F       		.uleb128 0xf
 7324 2a50 6E00     		.ascii	"n\000"
 7325 2a52 3F       		.byte	0x3f
 7326 2a53 32       		.byte	0x32
 7327 2a54 42000000 		.4byte	0x42
 7328 2a58 44070000 		.4byte	.LLST13
 7329 2a5c 40070000 		.4byte	.LVUS13
 7330 2a60 1F       		.uleb128 0x1f
 7331 2a61 0A000000 		.4byte	.LVL25
 7332 2a65 46170000 		.4byte	0x1746
 7333 2a69 03       		.uleb128 0x3
 7334 2a6a 01       		.uleb128 0x1
 7335 2a6b 50       		.byte	0x50
 7336 2a6c 0B       		.uleb128 0xb
 7337 2a6d A3       		.byte	0xa3
 7338 2a6e 03       		.uleb128 0x3
 7339 2a6f A5       		.byte	0xa5
 7340 2a70 00       		.uleb128 0
 7341 2a71 26       		.uleb128 0x26
 7342 2a72 A8       		.byte	0xa8
 7343 2a73 2D       		.uleb128 0x2d
 7344 2a74 A8       		.byte	0xa8
 7345 2a75 00       		.uleb128 0
 7346 2a76 23       		.byte	0x23
 7347 2a77 0C       		.uleb128 0xc
 7348 2a78 03       		.uleb128 0x3
ARM GAS  /tmp/ccNufGNo.s 			page 130


 7349 2a79 01       		.uleb128 0x1
 7350 2a7a 51       		.byte	0x51
 7351 2a7b 09       		.uleb128 0x9
 7352 2a7c A3       		.byte	0xa3
 7353 2a7d 03       		.uleb128 0x3
 7354 2a7e A5       		.byte	0xa5
 7355 2a7f 01       		.uleb128 0x1
 7356 2a80 26       		.uleb128 0x26
 7357 2a81 A8       		.byte	0xa8
 7358 2a82 2D       		.uleb128 0x2d
 7359 2a83 A8       		.byte	0xa8
 7360 2a84 00       		.uleb128 0
 7361 2a85 03       		.uleb128 0x3
 7362 2a86 01       		.uleb128 0x1
 7363 2a87 52       		.byte	0x52
 7364 2a88 09       		.uleb128 0x9
 7365 2a89 A3       		.byte	0xa3
 7366 2a8a 03       		.uleb128 0x3
 7367 2a8b A5       		.byte	0xa5
 7368 2a8c 02       		.uleb128 0x2
 7369 2a8d 26       		.uleb128 0x26
 7370 2a8e A8       		.byte	0xa8
 7371 2a8f 2D       		.uleb128 0x2d
 7372 2a90 A8       		.byte	0xa8
 7373 2a91 00       		.uleb128 0
 7374 2a92 03       		.uleb128 0x3
 7375 2a93 01       		.uleb128 0x1
 7376 2a94 53       		.byte	0x53
 7377 2a95 02       		.uleb128 0x2
 7378 2a96 09       		.byte	0x9
 7379 2a97 FF       		.byte	0xff
 7380 2a98 00       		.byte	0
 7381 2a99 00       		.byte	0
 7382 2a9a 23       		.uleb128 0x23
 7383 2a9b A9070000 		.4byte	.LASF294
 7384 2a9f 39       		.byte	0x39
 7385 2aa0 0F       		.byte	0xf
 7386 2aa1 42000000 		.4byte	0x42
 7387 2aa5 00000000 		.4byte	.LFB223
 7388 2aa9 0A000000 		.4byte	.LFE223-.LFB223
 7389 2aad 01       		.uleb128 0x1
 7390 2aae 9C       		.byte	0x9c
 7391 2aaf 222B0000 		.4byte	0x2b22
 7392 2ab3 0F       		.uleb128 0xf
 7393 2ab4 697000   		.ascii	"ip\000"
 7394 2ab7 39       		.byte	0x39
 7395 2ab8 1B       		.byte	0x1b
 7396 2ab9 09030000 		.4byte	0x309
 7397 2abd 63070000 		.4byte	.LLST18
 7398 2ac1 5D070000 		.4byte	.LVUS18
 7399 2ac5 0F       		.uleb128 0xf
 7400 2ac6 627000   		.ascii	"bp\000"
 7401 2ac9 39       		.byte	0x39
 7402 2aca 2E       		.byte	0x2e
 7403 2acb 5A070000 		.4byte	0x75a
 7404 2acf 87070000 		.4byte	.LLST19
 7405 2ad3 83070000 		.4byte	.LVUS19
ARM GAS  /tmp/ccNufGNo.s 			page 131


 7406 2ad7 0F       		.uleb128 0xf
 7407 2ad8 6E00     		.ascii	"n\000"
 7408 2ada 39       		.byte	0x39
 7409 2adb 39       		.byte	0x39
 7410 2adc 42000000 		.4byte	0x42
 7411 2ae0 A4070000 		.4byte	.LLST20
 7412 2ae4 A0070000 		.4byte	.LVUS20
 7413 2ae8 1F       		.uleb128 0x1f
 7414 2ae9 0A000000 		.4byte	.LVL31
 7415 2aed 20170000 		.4byte	0x1720
 7416 2af1 03       		.uleb128 0x3
 7417 2af2 01       		.uleb128 0x1
 7418 2af3 50       		.byte	0x50
 7419 2af4 0B       		.uleb128 0xb
 7420 2af5 A3       		.byte	0xa3
 7421 2af6 03       		.uleb128 0x3
 7422 2af7 A5       		.byte	0xa5
 7423 2af8 00       		.uleb128 0
 7424 2af9 26       		.uleb128 0x26
 7425 2afa A8       		.byte	0xa8
 7426 2afb 2D       		.uleb128 0x2d
 7427 2afc A8       		.byte	0xa8
 7428 2afd 00       		.uleb128 0
 7429 2afe 23       		.byte	0x23
 7430 2aff 30       		.uleb128 0x30
 7431 2b00 03       		.uleb128 0x3
 7432 2b01 01       		.uleb128 0x1
 7433 2b02 51       		.byte	0x51
 7434 2b03 09       		.uleb128 0x9
 7435 2b04 A3       		.byte	0xa3
 7436 2b05 03       		.uleb128 0x3
 7437 2b06 A5       		.byte	0xa5
 7438 2b07 01       		.uleb128 0x1
 7439 2b08 26       		.uleb128 0x26
 7440 2b09 A8       		.byte	0xa8
 7441 2b0a 2D       		.uleb128 0x2d
 7442 2b0b A8       		.byte	0xa8
 7443 2b0c 00       		.uleb128 0
 7444 2b0d 03       		.uleb128 0x3
 7445 2b0e 01       		.uleb128 0x1
 7446 2b0f 52       		.byte	0x52
 7447 2b10 09       		.uleb128 0x9
 7448 2b11 A3       		.byte	0xa3
 7449 2b12 03       		.uleb128 0x3
 7450 2b13 A5       		.byte	0xa5
 7451 2b14 02       		.uleb128 0x2
 7452 2b15 26       		.uleb128 0x26
 7453 2b16 A8       		.byte	0xa8
 7454 2b17 2D       		.uleb128 0x2d
 7455 2b18 A8       		.byte	0xa8
 7456 2b19 00       		.uleb128 0
 7457 2b1a 03       		.uleb128 0x3
 7458 2b1b 01       		.uleb128 0x1
 7459 2b1c 53       		.byte	0x53
 7460 2b1d 02       		.uleb128 0x2
 7461 2b1e 09       		.byte	0x9
 7462 2b1f FF       		.byte	0xff
ARM GAS  /tmp/ccNufGNo.s 			page 132


 7463 2b20 00       		.byte	0
 7464 2b21 00       		.byte	0
 7465 2b22 34       		.uleb128 0x34
 7466 2b23 040F0000 		.4byte	.LASF332
 7467 2b27 02       		.byte	0x2
 7468 2b28 4F03     		.2byte	0x34f
 7469 2b2a 482B0000 		.4byte	0x2b48
 7470 2b2e 3D       		.uleb128 0x3d
 7471 2b2f 65737000 		.ascii	"esp\000"
 7472 2b33 4F03     		.2byte	0x34f
 7473 2b35 3D       		.byte	0x3d
 7474 2b36 482B0000 		.4byte	0x2b48
 7475 2b3a 3E       		.uleb128 0x3e
 7476 2b3b EE040000 		.4byte	.LASF97
 7477 2b3f 02       		.byte	0x2
 7478 2b40 5003     		.2byte	0x350
 7479 2b42 3A       		.byte	0x3a
 7480 2b43 47010000 		.4byte	0x147
 7481 2b47 00       		.byte	0
 7482 2b48 06       		.uleb128 0x6
 7483 2b49 CB070000 		.4byte	0x7cb
 7484 2b4d 34       		.uleb128 0x34
 7485 2b4e 4E0F0000 		.4byte	.LASF333
 7486 2b52 02       		.byte	0x2
 7487 2b53 3A03     		.2byte	0x33a
 7488 2b55 662B0000 		.4byte	0x2b66
 7489 2b59 3D       		.uleb128 0x3d
 7490 2b5a 65737000 		.ascii	"esp\000"
 7491 2b5e 3A03     		.2byte	0x33a
 7492 2b60 38       		.byte	0x38
 7493 2b61 482B0000 		.4byte	0x2b48
 7494 2b65 00       		.byte	0
 7495 2b66 15       		.uleb128 0x15
 7496 2b67 EE0C0000 		.4byte	.LASF334
 7497 2b6b 02       		.byte	0x2
 7498 2b6c 5602     		.2byte	0x256
 7499 2b6e 15       		.uleb128 0x15
 7500 2b6f 2A040000 		.4byte	.LASF335
 7501 2b73 02       		.byte	0x2
 7502 2b74 0C02     		.2byte	0x20c
 7503 2b76 15       		.uleb128 0x15
 7504 2b77 65020000 		.4byte	.LASF336
 7505 2b7b 02       		.byte	0x2
 7506 2b7c 0102     		.2byte	0x201
 7507 2b7e 15       		.uleb128 0x15
 7508 2b7f 92020000 		.4byte	.LASF337
 7509 2b83 02       		.byte	0x2
 7510 2b84 F601     		.2byte	0x1f6
 7511 2b86 15       		.uleb128 0x15
 7512 2b87 E6030000 		.4byte	.LASF338
 7513 2b8b 02       		.byte	0x2
 7514 2b8c EB01     		.2byte	0x1eb
 7515 2b8e 15       		.uleb128 0x15
 7516 2b8f 54040000 		.4byte	.LASF339
 7517 2b93 03       		.byte	0x3
 7518 2b94 9601     		.2byte	0x196
 7519 2b96 15       		.uleb128 0x15
ARM GAS  /tmp/ccNufGNo.s 			page 133


 7520 2b97 42030000 		.4byte	.LASF340
 7521 2b9b 03       		.byte	0x3
 7522 2b9c 8201     		.2byte	0x182
 7523 2b9e 34       		.uleb128 0x34
 7524 2b9f D5060000 		.4byte	.LASF341
 7525 2ba3 03       		.byte	0x3
 7526 2ba4 6601     		.2byte	0x166
 7527 2ba6 BA2B0000 		.4byte	0x2bba
 7528 2baa 32       		.uleb128 0x32
 7529 2bab E1010000 		.4byte	.LASF327
 7530 2baf CA2B0000 		.4byte	0x2bca
 7531 2bb3 05       		.uleb128 0x5
 7532 2bb4 03       		.byte	0x3
 7533 2bb5 00000000 		.4byte	__func__.2
 7534 2bb9 00       		.byte	0
 7535 2bba 0B       		.uleb128 0xb
 7536 2bbb 0A070000 		.4byte	0x70a
 7537 2bbf CA2B0000 		.4byte	0x2bca
 7538 2bc3 0C       		.uleb128 0xc
 7539 2bc4 2D000000 		.4byte	0x2d
 7540 2bc8 0B       		.byte	0xb
 7541 2bc9 00       		.byte	0
 7542 2bca 17       		.uleb128 0x17
 7543 2bcb BA2B0000 		.4byte	0x2bba
 7544 2bcf 15       		.uleb128 0x15
 7545 2bd0 F3060000 		.4byte	.LASF342
 7546 2bd4 03       		.byte	0x3
 7547 2bd5 5A01     		.2byte	0x15a
 7548 2bd7 15       		.uleb128 0x15
 7549 2bd8 980A0000 		.4byte	.LASF343
 7550 2bdc 04       		.byte	0x4
 7551 2bdd E401     		.2byte	0x1e4
 7552 2bdf 15       		.uleb128 0x15
 7553 2be0 69080000 		.4byte	.LASF344
 7554 2be4 04       		.byte	0x4
 7555 2be5 D901     		.2byte	0x1d9
 7556 2be7 15       		.uleb128 0x15
 7557 2be8 21030000 		.4byte	.LASF345
 7558 2bec 04       		.byte	0x4
 7559 2bed CA01     		.2byte	0x1ca
 7560 2bef 15       		.uleb128 0x15
 7561 2bf0 2B0D0000 		.4byte	.LASF346
 7562 2bf4 04       		.byte	0x4
 7563 2bf5 BC01     		.2byte	0x1bc
 7564 2bf7 4F       		.uleb128 0x4f
 7565 2bf8 470C0000 		.4byte	.LASF353
 7566 2bfc 05       		.byte	0x5
 7567 2bfd 2002     		.2byte	0x220
 7568 2bff 39       		.byte	0x39
 7569 2c00 03       		.byte	0x3
 7570 2c01 3E       		.uleb128 0x3e
 7571 2c02 E8040000 		.4byte	.LASF347
 7572 2c06 05       		.byte	0x5
 7573 2c07 2002     		.2byte	0x220
 7574 2c09 50       		.byte	0x50
 7575 2c0a E2000000 		.4byte	0xe2
 7576 2c0e 00       		.byte	0
ARM GAS  /tmp/ccNufGNo.s 			page 134


 7577 2c0f 00       		.byte	0
 7578              		.section	.debug_abbrev,"",%progbits
 7579              	.Ldebug_abbrev0:
 7580 0000 01       		.uleb128 0x1
 7581 0001 0D       		.uleb128 0xd
 7582 0002 00       		.byte	0
 7583 0003 03       		.uleb128 0x3
 7584 0004 0E       		.uleb128 0xe
 7585 0005 3A       		.uleb128 0x3a
 7586 0006 0B       		.uleb128 0xb
 7587 0007 3B       		.uleb128 0x3b
 7588 0008 0B       		.uleb128 0xb
 7589 0009 39       		.uleb128 0x39
 7590 000a 0B       		.uleb128 0xb
 7591 000b 49       		.uleb128 0x49
 7592 000c 13       		.uleb128 0x13
 7593 000d 38       		.uleb128 0x38
 7594 000e 0B       		.uleb128 0xb
 7595 000f 00       		.byte	0
 7596 0010 00       		.byte	0
 7597 0011 02       		.uleb128 0x2
 7598 0012 05       		.uleb128 0x5
 7599 0013 00       		.byte	0
 7600 0014 49       		.uleb128 0x49
 7601 0015 13       		.uleb128 0x13
 7602 0016 00       		.byte	0
 7603 0017 00       		.byte	0
 7604 0018 03       		.uleb128 0x3
 7605 0019 49       		.uleb128 0x49
 7606 001a 00       		.byte	0
 7607 001b 02       		.uleb128 0x2
 7608 001c 18       		.uleb128 0x18
 7609 001d 7E       		.uleb128 0x7e
 7610 001e 18       		.uleb128 0x18
 7611 001f 00       		.byte	0
 7612 0020 00       		.byte	0
 7613 0021 04       		.uleb128 0x4
 7614 0022 0D       		.uleb128 0xd
 7615 0023 00       		.byte	0
 7616 0024 03       		.uleb128 0x3
 7617 0025 0E       		.uleb128 0xe
 7618 0026 3A       		.uleb128 0x3a
 7619 0027 0B       		.uleb128 0xb
 7620 0028 3B       		.uleb128 0x3b
 7621 0029 05       		.uleb128 0x5
 7622 002a 39       		.uleb128 0x39
 7623 002b 0B       		.uleb128 0xb
 7624 002c 49       		.uleb128 0x49
 7625 002d 13       		.uleb128 0x13
 7626 002e 38       		.uleb128 0x38
 7627 002f 0B       		.uleb128 0xb
 7628 0030 00       		.byte	0
 7629 0031 00       		.byte	0
 7630 0032 05       		.uleb128 0x5
 7631 0033 16       		.uleb128 0x16
 7632 0034 00       		.byte	0
 7633 0035 03       		.uleb128 0x3
ARM GAS  /tmp/ccNufGNo.s 			page 135


 7634 0036 0E       		.uleb128 0xe
 7635 0037 3A       		.uleb128 0x3a
 7636 0038 0B       		.uleb128 0xb
 7637 0039 3B       		.uleb128 0x3b
 7638 003a 0B       		.uleb128 0xb
 7639 003b 39       		.uleb128 0x39
 7640 003c 0B       		.uleb128 0xb
 7641 003d 49       		.uleb128 0x49
 7642 003e 13       		.uleb128 0x13
 7643 003f 00       		.byte	0
 7644 0040 00       		.byte	0
 7645 0041 06       		.uleb128 0x6
 7646 0042 0F       		.uleb128 0xf
 7647 0043 00       		.byte	0
 7648 0044 0B       		.uleb128 0xb
 7649 0045 21       		.uleb128 0x21
 7650 0046 04       		.sleb128 4
 7651 0047 49       		.uleb128 0x49
 7652 0048 13       		.uleb128 0x13
 7653 0049 00       		.byte	0
 7654 004a 00       		.byte	0
 7655 004b 07       		.uleb128 0x7
 7656 004c 0D       		.uleb128 0xd
 7657 004d 00       		.byte	0
 7658 004e 03       		.uleb128 0x3
 7659 004f 0E       		.uleb128 0xe
 7660 0050 3A       		.uleb128 0x3a
 7661 0051 0B       		.uleb128 0xb
 7662 0052 3B       		.uleb128 0x3b
 7663 0053 0B       		.uleb128 0xb
 7664 0054 39       		.uleb128 0x39
 7665 0055 0B       		.uleb128 0xb
 7666 0056 49       		.uleb128 0x49
 7667 0057 13       		.uleb128 0x13
 7668 0058 38       		.uleb128 0x38
 7669 0059 05       		.uleb128 0x5
 7670 005a 00       		.byte	0
 7671 005b 00       		.byte	0
 7672 005c 08       		.uleb128 0x8
 7673 005d 1D       		.uleb128 0x1d
 7674 005e 01       		.byte	0x1
 7675 005f 31       		.uleb128 0x31
 7676 0060 13       		.uleb128 0x13
 7677 0061 52       		.uleb128 0x52
 7678 0062 01       		.uleb128 0x1
 7679 0063 B842     		.uleb128 0x2138
 7680 0065 0B       		.uleb128 0xb
 7681 0066 11       		.uleb128 0x11
 7682 0067 01       		.uleb128 0x1
 7683 0068 12       		.uleb128 0x12
 7684 0069 06       		.uleb128 0x6
 7685 006a 58       		.uleb128 0x58
 7686 006b 0B       		.uleb128 0xb
 7687 006c 59       		.uleb128 0x59
 7688 006d 05       		.uleb128 0x5
 7689 006e 57       		.uleb128 0x57
 7690 006f 21       		.uleb128 0x21
ARM GAS  /tmp/ccNufGNo.s 			page 136


 7691 0070 03       		.sleb128 3
 7692 0071 00       		.byte	0
 7693 0072 00       		.byte	0
 7694 0073 09       		.uleb128 0x9
 7695 0074 1D       		.uleb128 0x1d
 7696 0075 01       		.byte	0x1
 7697 0076 31       		.uleb128 0x31
 7698 0077 13       		.uleb128 0x13
 7699 0078 52       		.uleb128 0x52
 7700 0079 01       		.uleb128 0x1
 7701 007a B842     		.uleb128 0x2138
 7702 007c 0B       		.uleb128 0xb
 7703 007d 11       		.uleb128 0x11
 7704 007e 01       		.uleb128 0x1
 7705 007f 12       		.uleb128 0x12
 7706 0080 06       		.uleb128 0x6
 7707 0081 58       		.uleb128 0x58
 7708 0082 0B       		.uleb128 0xb
 7709 0083 59       		.uleb128 0x59
 7710 0084 05       		.uleb128 0x5
 7711 0085 57       		.uleb128 0x57
 7712 0086 0B       		.uleb128 0xb
 7713 0087 01       		.uleb128 0x1
 7714 0088 13       		.uleb128 0x13
 7715 0089 00       		.byte	0
 7716 008a 00       		.byte	0
 7717 008b 0A       		.uleb128 0xa
 7718 008c 05       		.uleb128 0x5
 7719 008d 00       		.byte	0
 7720 008e 31       		.uleb128 0x31
 7721 008f 13       		.uleb128 0x13
 7722 0090 02       		.uleb128 0x2
 7723 0091 17       		.uleb128 0x17
 7724 0092 B742     		.uleb128 0x2137
 7725 0094 17       		.uleb128 0x17
 7726 0095 00       		.byte	0
 7727 0096 00       		.byte	0
 7728 0097 0B       		.uleb128 0xb
 7729 0098 01       		.uleb128 0x1
 7730 0099 01       		.byte	0x1
 7731 009a 49       		.uleb128 0x49
 7732 009b 13       		.uleb128 0x13
 7733 009c 01       		.uleb128 0x1
 7734 009d 13       		.uleb128 0x13
 7735 009e 00       		.byte	0
 7736 009f 00       		.byte	0
 7737 00a0 0C       		.uleb128 0xc
 7738 00a1 21       		.uleb128 0x21
 7739 00a2 00       		.byte	0
 7740 00a3 49       		.uleb128 0x49
 7741 00a4 13       		.uleb128 0x13
 7742 00a5 2F       		.uleb128 0x2f
 7743 00a6 0B       		.uleb128 0xb
 7744 00a7 00       		.byte	0
 7745 00a8 00       		.byte	0
 7746 00a9 0D       		.uleb128 0xd
 7747 00aa 28       		.uleb128 0x28
ARM GAS  /tmp/ccNufGNo.s 			page 137


 7748 00ab 00       		.byte	0
 7749 00ac 03       		.uleb128 0x3
 7750 00ad 0E       		.uleb128 0xe
 7751 00ae 1C       		.uleb128 0x1c
 7752 00af 0B       		.uleb128 0xb
 7753 00b0 00       		.byte	0
 7754 00b1 00       		.byte	0
 7755 00b2 0E       		.uleb128 0xe
 7756 00b3 0D       		.uleb128 0xd
 7757 00b4 00       		.byte	0
 7758 00b5 03       		.uleb128 0x3
 7759 00b6 08       		.uleb128 0x8
 7760 00b7 3A       		.uleb128 0x3a
 7761 00b8 0B       		.uleb128 0xb
 7762 00b9 3B       		.uleb128 0x3b
 7763 00ba 05       		.uleb128 0x5
 7764 00bb 39       		.uleb128 0x39
 7765 00bc 0B       		.uleb128 0xb
 7766 00bd 49       		.uleb128 0x49
 7767 00be 13       		.uleb128 0x13
 7768 00bf 38       		.uleb128 0x38
 7769 00c0 0B       		.uleb128 0xb
 7770 00c1 00       		.byte	0
 7771 00c2 00       		.byte	0
 7772 00c3 0F       		.uleb128 0xf
 7773 00c4 05       		.uleb128 0x5
 7774 00c5 00       		.byte	0
 7775 00c6 03       		.uleb128 0x3
 7776 00c7 08       		.uleb128 0x8
 7777 00c8 3A       		.uleb128 0x3a
 7778 00c9 21       		.uleb128 0x21
 7779 00ca 01       		.sleb128 1
 7780 00cb 3B       		.uleb128 0x3b
 7781 00cc 0B       		.uleb128 0xb
 7782 00cd 39       		.uleb128 0x39
 7783 00ce 0B       		.uleb128 0xb
 7784 00cf 49       		.uleb128 0x49
 7785 00d0 13       		.uleb128 0x13
 7786 00d1 02       		.uleb128 0x2
 7787 00d2 17       		.uleb128 0x17
 7788 00d3 B742     		.uleb128 0x2137
 7789 00d5 17       		.uleb128 0x17
 7790 00d6 00       		.byte	0
 7791 00d7 00       		.byte	0
 7792 00d8 10       		.uleb128 0x10
 7793 00d9 48       		.uleb128 0x48
 7794 00da 00       		.byte	0
 7795 00db 7D       		.uleb128 0x7d
 7796 00dc 01       		.uleb128 0x1
 7797 00dd 7F       		.uleb128 0x7f
 7798 00de 13       		.uleb128 0x13
 7799 00df 00       		.byte	0
 7800 00e0 00       		.byte	0
 7801 00e1 11       		.uleb128 0x11
 7802 00e2 0D       		.uleb128 0xd
 7803 00e3 00       		.byte	0
 7804 00e4 03       		.uleb128 0x3
ARM GAS  /tmp/ccNufGNo.s 			page 138


 7805 00e5 08       		.uleb128 0x8
 7806 00e6 3A       		.uleb128 0x3a
 7807 00e7 0B       		.uleb128 0xb
 7808 00e8 3B       		.uleb128 0x3b
 7809 00e9 0B       		.uleb128 0xb
 7810 00ea 39       		.uleb128 0x39
 7811 00eb 0B       		.uleb128 0xb
 7812 00ec 49       		.uleb128 0x49
 7813 00ed 13       		.uleb128 0x13
 7814 00ee 38       		.uleb128 0x38
 7815 00ef 0B       		.uleb128 0xb
 7816 00f0 00       		.byte	0
 7817 00f1 00       		.byte	0
 7818 00f2 12       		.uleb128 0x12
 7819 00f3 35       		.uleb128 0x35
 7820 00f4 00       		.byte	0
 7821 00f5 49       		.uleb128 0x49
 7822 00f6 13       		.uleb128 0x13
 7823 00f7 00       		.byte	0
 7824 00f8 00       		.byte	0
 7825 00f9 13       		.uleb128 0x13
 7826 00fa 13       		.uleb128 0x13
 7827 00fb 01       		.byte	0x1
 7828 00fc 0B       		.uleb128 0xb
 7829 00fd 0B       		.uleb128 0xb
 7830 00fe 3A       		.uleb128 0x3a
 7831 00ff 0B       		.uleb128 0xb
 7832 0100 3B       		.uleb128 0x3b
 7833 0101 0B       		.uleb128 0xb
 7834 0102 39       		.uleb128 0x39
 7835 0103 0B       		.uleb128 0xb
 7836 0104 01       		.uleb128 0x1
 7837 0105 13       		.uleb128 0x13
 7838 0106 00       		.byte	0
 7839 0107 00       		.byte	0
 7840 0108 14       		.uleb128 0x14
 7841 0109 16       		.uleb128 0x16
 7842 010a 00       		.byte	0
 7843 010b 03       		.uleb128 0x3
 7844 010c 0E       		.uleb128 0xe
 7845 010d 3A       		.uleb128 0x3a
 7846 010e 0B       		.uleb128 0xb
 7847 010f 3B       		.uleb128 0x3b
 7848 0110 05       		.uleb128 0x5
 7849 0111 39       		.uleb128 0x39
 7850 0112 0B       		.uleb128 0xb
 7851 0113 49       		.uleb128 0x49
 7852 0114 13       		.uleb128 0x13
 7853 0115 00       		.byte	0
 7854 0116 00       		.byte	0
 7855 0117 15       		.uleb128 0x15
 7856 0118 2E       		.uleb128 0x2e
 7857 0119 00       		.byte	0
 7858 011a 03       		.uleb128 0x3
 7859 011b 0E       		.uleb128 0xe
 7860 011c 3A       		.uleb128 0x3a
 7861 011d 0B       		.uleb128 0xb
ARM GAS  /tmp/ccNufGNo.s 			page 139


 7862 011e 3B       		.uleb128 0x3b
 7863 011f 05       		.uleb128 0x5
 7864 0120 39       		.uleb128 0x39
 7865 0121 21       		.uleb128 0x21
 7866 0122 14       		.sleb128 20
 7867 0123 27       		.uleb128 0x27
 7868 0124 19       		.uleb128 0x19
 7869 0125 20       		.uleb128 0x20
 7870 0126 21       		.uleb128 0x21
 7871 0127 03       		.sleb128 3
 7872 0128 00       		.byte	0
 7873 0129 00       		.byte	0
 7874 012a 16       		.uleb128 0x16
 7875 012b 24       		.uleb128 0x24
 7876 012c 00       		.byte	0
 7877 012d 0B       		.uleb128 0xb
 7878 012e 0B       		.uleb128 0xb
 7879 012f 3E       		.uleb128 0x3e
 7880 0130 0B       		.uleb128 0xb
 7881 0131 03       		.uleb128 0x3
 7882 0132 0E       		.uleb128 0xe
 7883 0133 00       		.byte	0
 7884 0134 00       		.byte	0
 7885 0135 17       		.uleb128 0x17
 7886 0136 26       		.uleb128 0x26
 7887 0137 00       		.byte	0
 7888 0138 49       		.uleb128 0x49
 7889 0139 13       		.uleb128 0x13
 7890 013a 00       		.byte	0
 7891 013b 00       		.byte	0
 7892 013c 18       		.uleb128 0x18
 7893 013d 48       		.uleb128 0x48
 7894 013e 01       		.byte	0x1
 7895 013f 7D       		.uleb128 0x7d
 7896 0140 01       		.uleb128 0x1
 7897 0141 7F       		.uleb128 0x7f
 7898 0142 13       		.uleb128 0x13
 7899 0143 01       		.uleb128 0x1
 7900 0144 13       		.uleb128 0x13
 7901 0145 00       		.byte	0
 7902 0146 00       		.byte	0
 7903 0147 19       		.uleb128 0x19
 7904 0148 15       		.uleb128 0x15
 7905 0149 01       		.byte	0x1
 7906 014a 27       		.uleb128 0x27
 7907 014b 19       		.uleb128 0x19
 7908 014c 49       		.uleb128 0x49
 7909 014d 13       		.uleb128 0x13
 7910 014e 01       		.uleb128 0x1
 7911 014f 13       		.uleb128 0x13
 7912 0150 00       		.byte	0
 7913 0151 00       		.byte	0
 7914 0152 1A       		.uleb128 0x1a
 7915 0153 48       		.uleb128 0x48
 7916 0154 01       		.byte	0x1
 7917 0155 7D       		.uleb128 0x7d
 7918 0156 01       		.uleb128 0x1
ARM GAS  /tmp/ccNufGNo.s 			page 140


 7919 0157 7F       		.uleb128 0x7f
 7920 0158 13       		.uleb128 0x13
 7921 0159 00       		.byte	0
 7922 015a 00       		.byte	0
 7923 015b 1B       		.uleb128 0x1b
 7924 015c 13       		.uleb128 0x13
 7925 015d 01       		.byte	0x1
 7926 015e 03       		.uleb128 0x3
 7927 015f 0E       		.uleb128 0xe
 7928 0160 0B       		.uleb128 0xb
 7929 0161 0B       		.uleb128 0xb
 7930 0162 3A       		.uleb128 0x3a
 7931 0163 0B       		.uleb128 0xb
 7932 0164 3B       		.uleb128 0x3b
 7933 0165 0B       		.uleb128 0xb
 7934 0166 39       		.uleb128 0x39
 7935 0167 0B       		.uleb128 0xb
 7936 0168 01       		.uleb128 0x1
 7937 0169 13       		.uleb128 0x13
 7938 016a 00       		.byte	0
 7939 016b 00       		.byte	0
 7940 016c 1C       		.uleb128 0x1c
 7941 016d 0D       		.uleb128 0xd
 7942 016e 00       		.byte	0
 7943 016f 03       		.uleb128 0x3
 7944 0170 0E       		.uleb128 0xe
 7945 0171 3A       		.uleb128 0x3a
 7946 0172 0B       		.uleb128 0xb
 7947 0173 3B       		.uleb128 0x3b
 7948 0174 05       		.uleb128 0x5
 7949 0175 39       		.uleb128 0x39
 7950 0176 0B       		.uleb128 0xb
 7951 0177 49       		.uleb128 0x49
 7952 0178 13       		.uleb128 0x13
 7953 0179 00       		.byte	0
 7954 017a 00       		.byte	0
 7955 017b 1D       		.uleb128 0x1d
 7956 017c 05       		.uleb128 0x5
 7957 017d 00       		.byte	0
 7958 017e 03       		.uleb128 0x3
 7959 017f 0E       		.uleb128 0xe
 7960 0180 3A       		.uleb128 0x3a
 7961 0181 21       		.uleb128 0x21
 7962 0182 01       		.sleb128 1
 7963 0183 3B       		.uleb128 0x3b
 7964 0184 0B       		.uleb128 0xb
 7965 0185 39       		.uleb128 0x39
 7966 0186 0B       		.uleb128 0xb
 7967 0187 49       		.uleb128 0x49
 7968 0188 13       		.uleb128 0x13
 7969 0189 02       		.uleb128 0x2
 7970 018a 17       		.uleb128 0x17
 7971 018b B742     		.uleb128 0x2137
 7972 018d 17       		.uleb128 0x17
 7973 018e 00       		.byte	0
 7974 018f 00       		.byte	0
 7975 0190 1E       		.uleb128 0x1e
ARM GAS  /tmp/ccNufGNo.s 			page 141


 7976 0191 1D       		.uleb128 0x1d
 7977 0192 01       		.byte	0x1
 7978 0193 31       		.uleb128 0x31
 7979 0194 13       		.uleb128 0x13
 7980 0195 52       		.uleb128 0x52
 7981 0196 01       		.uleb128 0x1
 7982 0197 B842     		.uleb128 0x2138
 7983 0199 0B       		.uleb128 0xb
 7984 019a 55       		.uleb128 0x55
 7985 019b 17       		.uleb128 0x17
 7986 019c 58       		.uleb128 0x58
 7987 019d 0B       		.uleb128 0xb
 7988 019e 59       		.uleb128 0x59
 7989 019f 05       		.uleb128 0x5
 7990 01a0 57       		.uleb128 0x57
 7991 01a1 21       		.uleb128 0x21
 7992 01a2 03       		.sleb128 3
 7993 01a3 00       		.byte	0
 7994 01a4 00       		.byte	0
 7995 01a5 1F       		.uleb128 0x1f
 7996 01a6 48       		.uleb128 0x48
 7997 01a7 01       		.byte	0x1
 7998 01a8 7D       		.uleb128 0x7d
 7999 01a9 01       		.uleb128 0x1
 8000 01aa 8201     		.uleb128 0x82
 8001 01ac 19       		.uleb128 0x19
 8002 01ad 7F       		.uleb128 0x7f
 8003 01ae 13       		.uleb128 0x13
 8004 01af 00       		.byte	0
 8005 01b0 00       		.byte	0
 8006 01b1 20       		.uleb128 0x20
 8007 01b2 2E       		.uleb128 0x2e
 8008 01b3 01       		.byte	0x1
 8009 01b4 3F       		.uleb128 0x3f
 8010 01b5 19       		.uleb128 0x19
 8011 01b6 03       		.uleb128 0x3
 8012 01b7 0E       		.uleb128 0xe
 8013 01b8 3A       		.uleb128 0x3a
 8014 01b9 0B       		.uleb128 0xb
 8015 01ba 3B       		.uleb128 0x3b
 8016 01bb 05       		.uleb128 0x5
 8017 01bc 39       		.uleb128 0x39
 8018 01bd 21       		.uleb128 0x21
 8019 01be 08       		.sleb128 8
 8020 01bf 27       		.uleb128 0x27
 8021 01c0 19       		.uleb128 0x19
 8022 01c1 3C       		.uleb128 0x3c
 8023 01c2 19       		.uleb128 0x19
 8024 01c3 01       		.uleb128 0x1
 8025 01c4 13       		.uleb128 0x13
 8026 01c5 00       		.byte	0
 8027 01c6 00       		.byte	0
 8028 01c7 21       		.uleb128 0x21
 8029 01c8 2E       		.uleb128 0x2e
 8030 01c9 01       		.byte	0x1
 8031 01ca 3F       		.uleb128 0x3f
 8032 01cb 19       		.uleb128 0x19
ARM GAS  /tmp/ccNufGNo.s 			page 142


 8033 01cc 03       		.uleb128 0x3
 8034 01cd 0E       		.uleb128 0xe
 8035 01ce 3A       		.uleb128 0x3a
 8036 01cf 0B       		.uleb128 0xb
 8037 01d0 3B       		.uleb128 0x3b
 8038 01d1 05       		.uleb128 0x5
 8039 01d2 39       		.uleb128 0x39
 8040 01d3 0B       		.uleb128 0xb
 8041 01d4 27       		.uleb128 0x27
 8042 01d5 19       		.uleb128 0x19
 8043 01d6 49       		.uleb128 0x49
 8044 01d7 13       		.uleb128 0x13
 8045 01d8 3C       		.uleb128 0x3c
 8046 01d9 19       		.uleb128 0x19
 8047 01da 01       		.uleb128 0x1
 8048 01db 13       		.uleb128 0x13
 8049 01dc 00       		.byte	0
 8050 01dd 00       		.byte	0
 8051 01de 22       		.uleb128 0x22
 8052 01df 1D       		.uleb128 0x1d
 8053 01e0 01       		.byte	0x1
 8054 01e1 31       		.uleb128 0x31
 8055 01e2 13       		.uleb128 0x13
 8056 01e3 52       		.uleb128 0x52
 8057 01e4 01       		.uleb128 0x1
 8058 01e5 B842     		.uleb128 0x2138
 8059 01e7 0B       		.uleb128 0xb
 8060 01e8 55       		.uleb128 0x55
 8061 01e9 17       		.uleb128 0x17
 8062 01ea 58       		.uleb128 0x58
 8063 01eb 0B       		.uleb128 0xb
 8064 01ec 59       		.uleb128 0x59
 8065 01ed 05       		.uleb128 0x5
 8066 01ee 57       		.uleb128 0x57
 8067 01ef 21       		.uleb128 0x21
 8068 01f0 03       		.sleb128 3
 8069 01f1 01       		.uleb128 0x1
 8070 01f2 13       		.uleb128 0x13
 8071 01f3 00       		.byte	0
 8072 01f4 00       		.byte	0
 8073 01f5 23       		.uleb128 0x23
 8074 01f6 2E       		.uleb128 0x2e
 8075 01f7 01       		.byte	0x1
 8076 01f8 03       		.uleb128 0x3
 8077 01f9 0E       		.uleb128 0xe
 8078 01fa 3A       		.uleb128 0x3a
 8079 01fb 21       		.uleb128 0x21
 8080 01fc 01       		.sleb128 1
 8081 01fd 3B       		.uleb128 0x3b
 8082 01fe 0B       		.uleb128 0xb
 8083 01ff 39       		.uleb128 0x39
 8084 0200 0B       		.uleb128 0xb
 8085 0201 27       		.uleb128 0x27
 8086 0202 19       		.uleb128 0x19
 8087 0203 49       		.uleb128 0x49
 8088 0204 13       		.uleb128 0x13
 8089 0205 11       		.uleb128 0x11
ARM GAS  /tmp/ccNufGNo.s 			page 143


 8090 0206 01       		.uleb128 0x1
 8091 0207 12       		.uleb128 0x12
 8092 0208 06       		.uleb128 0x6
 8093 0209 40       		.uleb128 0x40
 8094 020a 18       		.uleb128 0x18
 8095 020b 7A       		.uleb128 0x7a
 8096 020c 19       		.uleb128 0x19
 8097 020d 01       		.uleb128 0x1
 8098 020e 13       		.uleb128 0x13
 8099 020f 00       		.byte	0
 8100 0210 00       		.byte	0
 8101 0211 24       		.uleb128 0x24
 8102 0212 15       		.uleb128 0x15
 8103 0213 01       		.byte	0x1
 8104 0214 27       		.uleb128 0x27
 8105 0215 19       		.uleb128 0x19
 8106 0216 01       		.uleb128 0x1
 8107 0217 13       		.uleb128 0x13
 8108 0218 00       		.byte	0
 8109 0219 00       		.byte	0
 8110 021a 25       		.uleb128 0x25
 8111 021b 13       		.uleb128 0x13
 8112 021c 01       		.byte	0x1
 8113 021d 0B       		.uleb128 0xb
 8114 021e 0B       		.uleb128 0xb
 8115 021f 3A       		.uleb128 0x3a
 8116 0220 0B       		.uleb128 0xb
 8117 0221 3B       		.uleb128 0x3b
 8118 0222 05       		.uleb128 0x5
 8119 0223 39       		.uleb128 0x39
 8120 0224 0B       		.uleb128 0xb
 8121 0225 01       		.uleb128 0x1
 8122 0226 13       		.uleb128 0x13
 8123 0227 00       		.byte	0
 8124 0228 00       		.byte	0
 8125 0229 26       		.uleb128 0x26
 8126 022a 34       		.uleb128 0x34
 8127 022b 00       		.byte	0
 8128 022c 03       		.uleb128 0x3
 8129 022d 0E       		.uleb128 0xe
 8130 022e 3A       		.uleb128 0x3a
 8131 022f 21       		.uleb128 0x21
 8132 0230 01       		.sleb128 1
 8133 0231 3B       		.uleb128 0x3b
 8134 0232 0B       		.uleb128 0xb
 8135 0233 39       		.uleb128 0x39
 8136 0234 0B       		.uleb128 0xb
 8137 0235 49       		.uleb128 0x49
 8138 0236 13       		.uleb128 0x13
 8139 0237 02       		.uleb128 0x2
 8140 0238 17       		.uleb128 0x17
 8141 0239 B742     		.uleb128 0x2137
 8142 023b 17       		.uleb128 0x17
 8143 023c 00       		.byte	0
 8144 023d 00       		.byte	0
 8145 023e 27       		.uleb128 0x27
 8146 023f 1D       		.uleb128 0x1d
ARM GAS  /tmp/ccNufGNo.s 			page 144


 8147 0240 01       		.byte	0x1
 8148 0241 31       		.uleb128 0x31
 8149 0242 13       		.uleb128 0x13
 8150 0243 52       		.uleb128 0x52
 8151 0244 01       		.uleb128 0x1
 8152 0245 B842     		.uleb128 0x2138
 8153 0247 0B       		.uleb128 0xb
 8154 0248 55       		.uleb128 0x55
 8155 0249 17       		.uleb128 0x17
 8156 024a 58       		.uleb128 0x58
 8157 024b 21       		.uleb128 0x21
 8158 024c 01       		.sleb128 1
 8159 024d 59       		.uleb128 0x59
 8160 024e 0B       		.uleb128 0xb
 8161 024f 57       		.uleb128 0x57
 8162 0250 0B       		.uleb128 0xb
 8163 0251 01       		.uleb128 0x1
 8164 0252 13       		.uleb128 0x13
 8165 0253 00       		.byte	0
 8166 0254 00       		.byte	0
 8167 0255 28       		.uleb128 0x28
 8168 0256 13       		.uleb128 0x13
 8169 0257 01       		.byte	0x1
 8170 0258 03       		.uleb128 0x3
 8171 0259 0E       		.uleb128 0xe
 8172 025a 0B       		.uleb128 0xb
 8173 025b 0B       		.uleb128 0xb
 8174 025c 3A       		.uleb128 0x3a
 8175 025d 21       		.uleb128 0x21
 8176 025e 0B       		.sleb128 11
 8177 025f 3B       		.uleb128 0x3b
 8178 0260 05       		.uleb128 0x5
 8179 0261 39       		.uleb128 0x39
 8180 0262 21       		.uleb128 0x21
 8181 0263 08       		.sleb128 8
 8182 0264 01       		.uleb128 0x1
 8183 0265 13       		.uleb128 0x13
 8184 0266 00       		.byte	0
 8185 0267 00       		.byte	0
 8186 0268 29       		.uleb128 0x29
 8187 0269 0D       		.uleb128 0xd
 8188 026a 00       		.byte	0
 8189 026b 03       		.uleb128 0x3
 8190 026c 08       		.uleb128 0x8
 8191 026d 3A       		.uleb128 0x3a
 8192 026e 0B       		.uleb128 0xb
 8193 026f 3B       		.uleb128 0x3b
 8194 0270 0B       		.uleb128 0xb
 8195 0271 39       		.uleb128 0x39
 8196 0272 0B       		.uleb128 0xb
 8197 0273 49       		.uleb128 0x49
 8198 0274 13       		.uleb128 0x13
 8199 0275 38       		.uleb128 0x38
 8200 0276 05       		.uleb128 0x5
 8201 0277 00       		.byte	0
 8202 0278 00       		.byte	0
 8203 0279 2A       		.uleb128 0x2a
ARM GAS  /tmp/ccNufGNo.s 			page 145


 8204 027a 2E       		.uleb128 0x2e
 8205 027b 00       		.byte	0
 8206 027c 3F       		.uleb128 0x3f
 8207 027d 19       		.uleb128 0x19
 8208 027e 03       		.uleb128 0x3
 8209 027f 0E       		.uleb128 0xe
 8210 0280 3A       		.uleb128 0x3a
 8211 0281 21       		.uleb128 0x21
 8212 0282 15       		.sleb128 21
 8213 0283 3B       		.uleb128 0x3b
 8214 0284 0B       		.uleb128 0xb
 8215 0285 39       		.uleb128 0x39
 8216 0286 21       		.uleb128 0x21
 8217 0287 08       		.sleb128 8
 8218 0288 27       		.uleb128 0x27
 8219 0289 19       		.uleb128 0x19
 8220 028a 3C       		.uleb128 0x3c
 8221 028b 19       		.uleb128 0x19
 8222 028c 00       		.byte	0
 8223 028d 00       		.byte	0
 8224 028e 2B       		.uleb128 0x2b
 8225 028f 2E       		.uleb128 0x2e
 8226 0290 01       		.byte	0x1
 8227 0291 3F       		.uleb128 0x3f
 8228 0292 19       		.uleb128 0x19
 8229 0293 03       		.uleb128 0x3
 8230 0294 0E       		.uleb128 0xe
 8231 0295 3A       		.uleb128 0x3a
 8232 0296 21       		.uleb128 0x21
 8233 0297 01       		.sleb128 1
 8234 0298 3B       		.uleb128 0x3b
 8235 0299 05       		.uleb128 0x5
 8236 029a 39       		.uleb128 0x39
 8237 029b 21       		.uleb128 0x21
 8238 029c 06       		.sleb128 6
 8239 029d 27       		.uleb128 0x27
 8240 029e 19       		.uleb128 0x19
 8241 029f 11       		.uleb128 0x11
 8242 02a0 01       		.uleb128 0x1
 8243 02a1 12       		.uleb128 0x12
 8244 02a2 06       		.uleb128 0x6
 8245 02a3 40       		.uleb128 0x40
 8246 02a4 18       		.uleb128 0x18
 8247 02a5 7A       		.uleb128 0x7a
 8248 02a6 19       		.uleb128 0x19
 8249 02a7 01       		.uleb128 0x1
 8250 02a8 13       		.uleb128 0x13
 8251 02a9 00       		.byte	0
 8252 02aa 00       		.byte	0
 8253 02ab 2C       		.uleb128 0x2c
 8254 02ac 05       		.uleb128 0x5
 8255 02ad 00       		.byte	0
 8256 02ae 03       		.uleb128 0x3
 8257 02af 0E       		.uleb128 0xe
 8258 02b0 3A       		.uleb128 0x3a
 8259 02b1 21       		.uleb128 0x21
 8260 02b2 01       		.sleb128 1
ARM GAS  /tmp/ccNufGNo.s 			page 146


 8261 02b3 3B       		.uleb128 0x3b
 8262 02b4 05       		.uleb128 0x5
 8263 02b5 39       		.uleb128 0x39
 8264 02b6 0B       		.uleb128 0xb
 8265 02b7 49       		.uleb128 0x49
 8266 02b8 13       		.uleb128 0x13
 8267 02b9 02       		.uleb128 0x2
 8268 02ba 17       		.uleb128 0x17
 8269 02bb B742     		.uleb128 0x2137
 8270 02bd 17       		.uleb128 0x17
 8271 02be 00       		.byte	0
 8272 02bf 00       		.byte	0
 8273 02c0 2D       		.uleb128 0x2d
 8274 02c1 34       		.uleb128 0x34
 8275 02c2 00       		.byte	0
 8276 02c3 03       		.uleb128 0x3
 8277 02c4 0E       		.uleb128 0xe
 8278 02c5 3A       		.uleb128 0x3a
 8279 02c6 21       		.uleb128 0x21
 8280 02c7 01       		.sleb128 1
 8281 02c8 3B       		.uleb128 0x3b
 8282 02c9 05       		.uleb128 0x5
 8283 02ca 39       		.uleb128 0x39
 8284 02cb 0B       		.uleb128 0xb
 8285 02cc 49       		.uleb128 0x49
 8286 02cd 13       		.uleb128 0x13
 8287 02ce 02       		.uleb128 0x2
 8288 02cf 17       		.uleb128 0x17
 8289 02d0 B742     		.uleb128 0x2137
 8290 02d2 17       		.uleb128 0x17
 8291 02d3 00       		.byte	0
 8292 02d4 00       		.byte	0
 8293 02d5 2E       		.uleb128 0x2e
 8294 02d6 0B       		.uleb128 0xb
 8295 02d7 01       		.byte	0x1
 8296 02d8 55       		.uleb128 0x55
 8297 02d9 17       		.uleb128 0x17
 8298 02da 00       		.byte	0
 8299 02db 00       		.byte	0
 8300 02dc 2F       		.uleb128 0x2f
 8301 02dd 04       		.uleb128 0x4
 8302 02de 01       		.byte	0x1
 8303 02df 3E       		.uleb128 0x3e
 8304 02e0 21       		.uleb128 0x21
 8305 02e1 07       		.sleb128 7
 8306 02e2 0B       		.uleb128 0xb
 8307 02e3 21       		.uleb128 0x21
 8308 02e4 01       		.sleb128 1
 8309 02e5 49       		.uleb128 0x49
 8310 02e6 13       		.uleb128 0x13
 8311 02e7 3A       		.uleb128 0x3a
 8312 02e8 21       		.uleb128 0x21
 8313 02e9 11       		.sleb128 17
 8314 02ea 3B       		.uleb128 0x3b
 8315 02eb 05       		.uleb128 0x5
 8316 02ec 39       		.uleb128 0x39
 8317 02ed 21       		.uleb128 0x21
ARM GAS  /tmp/ccNufGNo.s 			page 147


 8318 02ee 0E       		.sleb128 14
 8319 02ef 01       		.uleb128 0x1
 8320 02f0 13       		.uleb128 0x13
 8321 02f1 00       		.byte	0
 8322 02f2 00       		.byte	0
 8323 02f3 30       		.uleb128 0x30
 8324 02f4 48       		.uleb128 0x48
 8325 02f5 00       		.byte	0
 8326 02f6 7D       		.uleb128 0x7d
 8327 02f7 01       		.uleb128 0x1
 8328 02f8 8201     		.uleb128 0x82
 8329 02fa 19       		.uleb128 0x19
 8330 02fb 7F       		.uleb128 0x7f
 8331 02fc 13       		.uleb128 0x13
 8332 02fd 00       		.byte	0
 8333 02fe 00       		.byte	0
 8334 02ff 31       		.uleb128 0x31
 8335 0300 2E       		.uleb128 0x2e
 8336 0301 01       		.byte	0x1
 8337 0302 3F       		.uleb128 0x3f
 8338 0303 19       		.uleb128 0x19
 8339 0304 03       		.uleb128 0x3
 8340 0305 0E       		.uleb128 0xe
 8341 0306 3A       		.uleb128 0x3a
 8342 0307 21       		.uleb128 0x21
 8343 0308 01       		.sleb128 1
 8344 0309 3B       		.uleb128 0x3b
 8345 030a 0B       		.uleb128 0xb
 8346 030b 39       		.uleb128 0x39
 8347 030c 21       		.uleb128 0x21
 8348 030d 06       		.sleb128 6
 8349 030e 27       		.uleb128 0x27
 8350 030f 19       		.uleb128 0x19
 8351 0310 11       		.uleb128 0x11
 8352 0311 01       		.uleb128 0x1
 8353 0312 12       		.uleb128 0x12
 8354 0313 06       		.uleb128 0x6
 8355 0314 40       		.uleb128 0x40
 8356 0315 18       		.uleb128 0x18
 8357 0316 7A       		.uleb128 0x7a
 8358 0317 19       		.uleb128 0x19
 8359 0318 01       		.uleb128 0x1
 8360 0319 13       		.uleb128 0x13
 8361 031a 00       		.byte	0
 8362 031b 00       		.byte	0
 8363 031c 32       		.uleb128 0x32
 8364 031d 34       		.uleb128 0x34
 8365 031e 00       		.byte	0
 8366 031f 03       		.uleb128 0x3
 8367 0320 0E       		.uleb128 0xe
 8368 0321 49       		.uleb128 0x49
 8369 0322 13       		.uleb128 0x13
 8370 0323 34       		.uleb128 0x34
 8371 0324 19       		.uleb128 0x19
 8372 0325 02       		.uleb128 0x2
 8373 0326 18       		.uleb128 0x18
 8374 0327 00       		.byte	0
ARM GAS  /tmp/ccNufGNo.s 			page 148


 8375 0328 00       		.byte	0
 8376 0329 33       		.uleb128 0x33
 8377 032a 1D       		.uleb128 0x1d
 8378 032b 01       		.byte	0x1
 8379 032c 31       		.uleb128 0x31
 8380 032d 13       		.uleb128 0x13
 8381 032e 52       		.uleb128 0x52
 8382 032f 01       		.uleb128 0x1
 8383 0330 B842     		.uleb128 0x2138
 8384 0332 0B       		.uleb128 0xb
 8385 0333 11       		.uleb128 0x11
 8386 0334 01       		.uleb128 0x1
 8387 0335 12       		.uleb128 0x12
 8388 0336 06       		.uleb128 0x6
 8389 0337 58       		.uleb128 0x58
 8390 0338 21       		.uleb128 0x21
 8391 0339 01       		.sleb128 1
 8392 033a 59       		.uleb128 0x59
 8393 033b 0B       		.uleb128 0xb
 8394 033c 57       		.uleb128 0x57
 8395 033d 0B       		.uleb128 0xb
 8396 033e 01       		.uleb128 0x1
 8397 033f 13       		.uleb128 0x13
 8398 0340 00       		.byte	0
 8399 0341 00       		.byte	0
 8400 0342 34       		.uleb128 0x34
 8401 0343 2E       		.uleb128 0x2e
 8402 0344 01       		.byte	0x1
 8403 0345 03       		.uleb128 0x3
 8404 0346 0E       		.uleb128 0xe
 8405 0347 3A       		.uleb128 0x3a
 8406 0348 0B       		.uleb128 0xb
 8407 0349 3B       		.uleb128 0x3b
 8408 034a 05       		.uleb128 0x5
 8409 034b 39       		.uleb128 0x39
 8410 034c 21       		.uleb128 0x21
 8411 034d 14       		.sleb128 20
 8412 034e 27       		.uleb128 0x27
 8413 034f 19       		.uleb128 0x19
 8414 0350 20       		.uleb128 0x20
 8415 0351 21       		.uleb128 0x21
 8416 0352 03       		.sleb128 3
 8417 0353 01       		.uleb128 0x1
 8418 0354 13       		.uleb128 0x13
 8419 0355 00       		.byte	0
 8420 0356 00       		.byte	0
 8421 0357 35       		.uleb128 0x35
 8422 0358 13       		.uleb128 0x13
 8423 0359 01       		.byte	0x1
 8424 035a 03       		.uleb128 0x3
 8425 035b 0E       		.uleb128 0xe
 8426 035c 0B       		.uleb128 0xb
 8427 035d 05       		.uleb128 0x5
 8428 035e 3A       		.uleb128 0x3a
 8429 035f 0B       		.uleb128 0xb
 8430 0360 3B       		.uleb128 0x3b
 8431 0361 05       		.uleb128 0x5
ARM GAS  /tmp/ccNufGNo.s 			page 149


 8432 0362 39       		.uleb128 0x39
 8433 0363 21       		.uleb128 0x21
 8434 0364 08       		.sleb128 8
 8435 0365 01       		.uleb128 0x1
 8436 0366 13       		.uleb128 0x13
 8437 0367 00       		.byte	0
 8438 0368 00       		.byte	0
 8439 0369 36       		.uleb128 0x36
 8440 036a 17       		.uleb128 0x17
 8441 036b 01       		.byte	0x1
 8442 036c 0B       		.uleb128 0xb
 8443 036d 21       		.uleb128 0x21
 8444 036e 04       		.sleb128 4
 8445 036f 3A       		.uleb128 0x3a
 8446 0370 0B       		.uleb128 0xb
 8447 0371 3B       		.uleb128 0x3b
 8448 0372 0B       		.uleb128 0xb
 8449 0373 39       		.uleb128 0x39
 8450 0374 21       		.uleb128 0x21
 8451 0375 03       		.sleb128 3
 8452 0376 01       		.uleb128 0x1
 8453 0377 13       		.uleb128 0x13
 8454 0378 00       		.byte	0
 8455 0379 00       		.byte	0
 8456 037a 37       		.uleb128 0x37
 8457 037b 0D       		.uleb128 0xd
 8458 037c 00       		.byte	0
 8459 037d 03       		.uleb128 0x3
 8460 037e 0E       		.uleb128 0xe
 8461 037f 3A       		.uleb128 0x3a
 8462 0380 21       		.uleb128 0x21
 8463 0381 12       		.sleb128 18
 8464 0382 3B       		.uleb128 0x3b
 8465 0383 0B       		.uleb128 0xb
 8466 0384 39       		.uleb128 0x39
 8467 0385 21       		.uleb128 0x21
 8468 0386 07       		.sleb128 7
 8469 0387 49       		.uleb128 0x49
 8470 0388 13       		.uleb128 0x13
 8471 0389 00       		.byte	0
 8472 038a 00       		.byte	0
 8473 038b 38       		.uleb128 0x38
 8474 038c 05       		.uleb128 0x5
 8475 038d 00       		.byte	0
 8476 038e 03       		.uleb128 0x3
 8477 038f 08       		.uleb128 0x8
 8478 0390 3A       		.uleb128 0x3a
 8479 0391 21       		.uleb128 0x21
 8480 0392 01       		.sleb128 1
 8481 0393 3B       		.uleb128 0x3b
 8482 0394 05       		.uleb128 0x5
 8483 0395 39       		.uleb128 0x39
 8484 0396 0B       		.uleb128 0xb
 8485 0397 49       		.uleb128 0x49
 8486 0398 13       		.uleb128 0x13
 8487 0399 02       		.uleb128 0x2
 8488 039a 17       		.uleb128 0x17
ARM GAS  /tmp/ccNufGNo.s 			page 150


 8489 039b B742     		.uleb128 0x2137
 8490 039d 17       		.uleb128 0x17
 8491 039e 00       		.byte	0
 8492 039f 00       		.byte	0
 8493 03a0 39       		.uleb128 0x39
 8494 03a1 34       		.uleb128 0x34
 8495 03a2 00       		.byte	0
 8496 03a3 03       		.uleb128 0x3
 8497 03a4 08       		.uleb128 0x8
 8498 03a5 3A       		.uleb128 0x3a
 8499 03a6 21       		.uleb128 0x21
 8500 03a7 01       		.sleb128 1
 8501 03a8 3B       		.uleb128 0x3b
 8502 03a9 05       		.uleb128 0x5
 8503 03aa 39       		.uleb128 0x39
 8504 03ab 21       		.uleb128 0x21
 8505 03ac 0A       		.sleb128 10
 8506 03ad 49       		.uleb128 0x49
 8507 03ae 13       		.uleb128 0x13
 8508 03af 02       		.uleb128 0x2
 8509 03b0 17       		.uleb128 0x17
 8510 03b1 B742     		.uleb128 0x2137
 8511 03b3 17       		.uleb128 0x17
 8512 03b4 00       		.byte	0
 8513 03b5 00       		.byte	0
 8514 03b6 3A       		.uleb128 0x3a
 8515 03b7 2E       		.uleb128 0x2e
 8516 03b8 01       		.byte	0x1
 8517 03b9 03       		.uleb128 0x3
 8518 03ba 0E       		.uleb128 0xe
 8519 03bb 3A       		.uleb128 0x3a
 8520 03bc 21       		.uleb128 0x21
 8521 03bd 01       		.sleb128 1
 8522 03be 3B       		.uleb128 0x3b
 8523 03bf 0B       		.uleb128 0xb
 8524 03c0 39       		.uleb128 0x39
 8525 03c1 21       		.uleb128 0x21
 8526 03c2 0D       		.sleb128 13
 8527 03c3 27       		.uleb128 0x27
 8528 03c4 19       		.uleb128 0x19
 8529 03c5 11       		.uleb128 0x11
 8530 03c6 01       		.uleb128 0x1
 8531 03c7 12       		.uleb128 0x12
 8532 03c8 06       		.uleb128 0x6
 8533 03c9 40       		.uleb128 0x40
 8534 03ca 18       		.uleb128 0x18
 8535 03cb 7A       		.uleb128 0x7a
 8536 03cc 19       		.uleb128 0x19
 8537 03cd 01       		.uleb128 0x1
 8538 03ce 13       		.uleb128 0x13
 8539 03cf 00       		.byte	0
 8540 03d0 00       		.byte	0
 8541 03d1 3B       		.uleb128 0x3b
 8542 03d2 34       		.uleb128 0x34
 8543 03d3 00       		.byte	0
 8544 03d4 03       		.uleb128 0x3
 8545 03d5 08       		.uleb128 0x8
ARM GAS  /tmp/ccNufGNo.s 			page 151


 8546 03d6 3A       		.uleb128 0x3a
 8547 03d7 21       		.uleb128 0x21
 8548 03d8 01       		.sleb128 1
 8549 03d9 3B       		.uleb128 0x3b
 8550 03da 0B       		.uleb128 0xb
 8551 03db 39       		.uleb128 0x39
 8552 03dc 21       		.uleb128 0x21
 8553 03dd 0A       		.sleb128 10
 8554 03de 49       		.uleb128 0x49
 8555 03df 13       		.uleb128 0x13
 8556 03e0 02       		.uleb128 0x2
 8557 03e1 17       		.uleb128 0x17
 8558 03e2 B742     		.uleb128 0x2137
 8559 03e4 17       		.uleb128 0x17
 8560 03e5 00       		.byte	0
 8561 03e6 00       		.byte	0
 8562 03e7 3C       		.uleb128 0x3c
 8563 03e8 2E       		.uleb128 0x2e
 8564 03e9 01       		.byte	0x1
 8565 03ea 03       		.uleb128 0x3
 8566 03eb 08       		.uleb128 0x8
 8567 03ec 3A       		.uleb128 0x3a
 8568 03ed 21       		.uleb128 0x21
 8569 03ee 01       		.sleb128 1
 8570 03ef 3B       		.uleb128 0x3b
 8571 03f0 0B       		.uleb128 0xb
 8572 03f1 39       		.uleb128 0x39
 8573 03f2 21       		.uleb128 0x21
 8574 03f3 0E       		.sleb128 14
 8575 03f4 27       		.uleb128 0x27
 8576 03f5 19       		.uleb128 0x19
 8577 03f6 49       		.uleb128 0x49
 8578 03f7 13       		.uleb128 0x13
 8579 03f8 11       		.uleb128 0x11
 8580 03f9 01       		.uleb128 0x1
 8581 03fa 12       		.uleb128 0x12
 8582 03fb 06       		.uleb128 0x6
 8583 03fc 40       		.uleb128 0x40
 8584 03fd 18       		.uleb128 0x18
 8585 03fe 7A       		.uleb128 0x7a
 8586 03ff 19       		.uleb128 0x19
 8587 0400 01       		.uleb128 0x1
 8588 0401 13       		.uleb128 0x13
 8589 0402 00       		.byte	0
 8590 0403 00       		.byte	0
 8591 0404 3D       		.uleb128 0x3d
 8592 0405 05       		.uleb128 0x5
 8593 0406 00       		.byte	0
 8594 0407 03       		.uleb128 0x3
 8595 0408 08       		.uleb128 0x8
 8596 0409 3A       		.uleb128 0x3a
 8597 040a 21       		.uleb128 0x21
 8598 040b 02       		.sleb128 2
 8599 040c 3B       		.uleb128 0x3b
 8600 040d 05       		.uleb128 0x5
 8601 040e 39       		.uleb128 0x39
 8602 040f 0B       		.uleb128 0xb
ARM GAS  /tmp/ccNufGNo.s 			page 152


 8603 0410 49       		.uleb128 0x49
 8604 0411 13       		.uleb128 0x13
 8605 0412 00       		.byte	0
 8606 0413 00       		.byte	0
 8607 0414 3E       		.uleb128 0x3e
 8608 0415 05       		.uleb128 0x5
 8609 0416 00       		.byte	0
 8610 0417 03       		.uleb128 0x3
 8611 0418 0E       		.uleb128 0xe
 8612 0419 3A       		.uleb128 0x3a
 8613 041a 0B       		.uleb128 0xb
 8614 041b 3B       		.uleb128 0x3b
 8615 041c 05       		.uleb128 0x5
 8616 041d 39       		.uleb128 0x39
 8617 041e 0B       		.uleb128 0xb
 8618 041f 49       		.uleb128 0x49
 8619 0420 13       		.uleb128 0x13
 8620 0421 00       		.byte	0
 8621 0422 00       		.byte	0
 8622 0423 3F       		.uleb128 0x3f
 8623 0424 11       		.uleb128 0x11
 8624 0425 01       		.byte	0x1
 8625 0426 25       		.uleb128 0x25
 8626 0427 0E       		.uleb128 0xe
 8627 0428 13       		.uleb128 0x13
 8628 0429 0B       		.uleb128 0xb
 8629 042a 03       		.uleb128 0x3
 8630 042b 0E       		.uleb128 0xe
 8631 042c 1B       		.uleb128 0x1b
 8632 042d 0E       		.uleb128 0xe
 8633 042e 55       		.uleb128 0x55
 8634 042f 17       		.uleb128 0x17
 8635 0430 11       		.uleb128 0x11
 8636 0431 01       		.uleb128 0x1
 8637 0432 10       		.uleb128 0x10
 8638 0433 17       		.uleb128 0x17
 8639 0434 00       		.byte	0
 8640 0435 00       		.byte	0
 8641 0436 40       		.uleb128 0x40
 8642 0437 24       		.uleb128 0x24
 8643 0438 00       		.byte	0
 8644 0439 0B       		.uleb128 0xb
 8645 043a 0B       		.uleb128 0xb
 8646 043b 3E       		.uleb128 0x3e
 8647 043c 0B       		.uleb128 0xb
 8648 043d 03       		.uleb128 0x3
 8649 043e 08       		.uleb128 0x8
 8650 043f 00       		.byte	0
 8651 0440 00       		.byte	0
 8652 0441 41       		.uleb128 0x41
 8653 0442 0F       		.uleb128 0xf
 8654 0443 00       		.byte	0
 8655 0444 0B       		.uleb128 0xb
 8656 0445 0B       		.uleb128 0xb
 8657 0446 00       		.byte	0
 8658 0447 00       		.byte	0
 8659 0448 42       		.uleb128 0x42
ARM GAS  /tmp/ccNufGNo.s 			page 153


 8660 0449 34       		.uleb128 0x34
 8661 044a 00       		.byte	0
 8662 044b 03       		.uleb128 0x3
 8663 044c 08       		.uleb128 0x8
 8664 044d 3A       		.uleb128 0x3a
 8665 044e 0B       		.uleb128 0xb
 8666 044f 3B       		.uleb128 0x3b
 8667 0450 05       		.uleb128 0x5
 8668 0451 39       		.uleb128 0x39
 8669 0452 0B       		.uleb128 0xb
 8670 0453 49       		.uleb128 0x49
 8671 0454 13       		.uleb128 0x13
 8672 0455 3F       		.uleb128 0x3f
 8673 0456 19       		.uleb128 0x19
 8674 0457 3C       		.uleb128 0x3c
 8675 0458 19       		.uleb128 0x19
 8676 0459 00       		.byte	0
 8677 045a 00       		.byte	0
 8678 045b 43       		.uleb128 0x43
 8679 045c 13       		.uleb128 0x13
 8680 045d 01       		.byte	0x1
 8681 045e 0B       		.uleb128 0xb
 8682 045f 06       		.uleb128 0x6
 8683 0460 3A       		.uleb128 0x3a
 8684 0461 0B       		.uleb128 0xb
 8685 0462 3B       		.uleb128 0x3b
 8686 0463 0B       		.uleb128 0xb
 8687 0464 39       		.uleb128 0x39
 8688 0465 0B       		.uleb128 0xb
 8689 0466 01       		.uleb128 0x1
 8690 0467 13       		.uleb128 0x13
 8691 0468 00       		.byte	0
 8692 0469 00       		.byte	0
 8693 046a 44       		.uleb128 0x44
 8694 046b 21       		.uleb128 0x21
 8695 046c 00       		.byte	0
 8696 046d 49       		.uleb128 0x49
 8697 046e 13       		.uleb128 0x13
 8698 046f 2F       		.uleb128 0x2f
 8699 0470 05       		.uleb128 0x5
 8700 0471 00       		.byte	0
 8701 0472 00       		.byte	0
 8702 0473 45       		.uleb128 0x45
 8703 0474 17       		.uleb128 0x17
 8704 0475 01       		.byte	0x1
 8705 0476 0B       		.uleb128 0xb
 8706 0477 0B       		.uleb128 0xb
 8707 0478 3A       		.uleb128 0x3a
 8708 0479 0B       		.uleb128 0xb
 8709 047a 3B       		.uleb128 0x3b
 8710 047b 05       		.uleb128 0x5
 8711 047c 39       		.uleb128 0x39
 8712 047d 0B       		.uleb128 0xb
 8713 047e 01       		.uleb128 0x1
 8714 047f 13       		.uleb128 0x13
 8715 0480 00       		.byte	0
 8716 0481 00       		.byte	0
ARM GAS  /tmp/ccNufGNo.s 			page 154


 8717 0482 46       		.uleb128 0x46
 8718 0483 04       		.uleb128 0x4
 8719 0484 01       		.byte	0x1
 8720 0485 3E       		.uleb128 0x3e
 8721 0486 0B       		.uleb128 0xb
 8722 0487 0B       		.uleb128 0xb
 8723 0488 0B       		.uleb128 0xb
 8724 0489 49       		.uleb128 0x49
 8725 048a 13       		.uleb128 0x13
 8726 048b 3A       		.uleb128 0x3a
 8727 048c 0B       		.uleb128 0xb
 8728 048d 3B       		.uleb128 0x3b
 8729 048e 0B       		.uleb128 0xb
 8730 048f 39       		.uleb128 0x39
 8731 0490 0B       		.uleb128 0xb
 8732 0491 01       		.uleb128 0x1
 8733 0492 13       		.uleb128 0x13
 8734 0493 00       		.byte	0
 8735 0494 00       		.byte	0
 8736 0495 47       		.uleb128 0x47
 8737 0496 13       		.uleb128 0x13
 8738 0497 01       		.byte	0x1
 8739 0498 03       		.uleb128 0x3
 8740 0499 0E       		.uleb128 0xe
 8741 049a 0B       		.uleb128 0xb
 8742 049b 05       		.uleb128 0x5
 8743 049c 3A       		.uleb128 0x3a
 8744 049d 0B       		.uleb128 0xb
 8745 049e 3B       		.uleb128 0x3b
 8746 049f 0B       		.uleb128 0xb
 8747 04a0 39       		.uleb128 0x39
 8748 04a1 0B       		.uleb128 0xb
 8749 04a2 01       		.uleb128 0x1
 8750 04a3 13       		.uleb128 0x13
 8751 04a4 00       		.byte	0
 8752 04a5 00       		.byte	0
 8753 04a6 48       		.uleb128 0x48
 8754 04a7 34       		.uleb128 0x34
 8755 04a8 00       		.byte	0
 8756 04a9 03       		.uleb128 0x3
 8757 04aa 0E       		.uleb128 0xe
 8758 04ab 3A       		.uleb128 0x3a
 8759 04ac 0B       		.uleb128 0xb
 8760 04ad 3B       		.uleb128 0x3b
 8761 04ae 0B       		.uleb128 0xb
 8762 04af 39       		.uleb128 0x39
 8763 04b0 0B       		.uleb128 0xb
 8764 04b1 49       		.uleb128 0x49
 8765 04b2 13       		.uleb128 0x13
 8766 04b3 02       		.uleb128 0x2
 8767 04b4 18       		.uleb128 0x18
 8768 04b5 00       		.byte	0
 8769 04b6 00       		.byte	0
 8770 04b7 49       		.uleb128 0x49
 8771 04b8 34       		.uleb128 0x34
 8772 04b9 00       		.byte	0
 8773 04ba 03       		.uleb128 0x3
ARM GAS  /tmp/ccNufGNo.s 			page 155


 8774 04bb 08       		.uleb128 0x8
 8775 04bc 3A       		.uleb128 0x3a
 8776 04bd 0B       		.uleb128 0xb
 8777 04be 3B       		.uleb128 0x3b
 8778 04bf 0B       		.uleb128 0xb
 8779 04c0 39       		.uleb128 0x39
 8780 04c1 0B       		.uleb128 0xb
 8781 04c2 49       		.uleb128 0x49
 8782 04c3 13       		.uleb128 0x13
 8783 04c4 02       		.uleb128 0x2
 8784 04c5 18       		.uleb128 0x18
 8785 04c6 00       		.byte	0
 8786 04c7 00       		.byte	0
 8787 04c8 4A       		.uleb128 0x4a
 8788 04c9 2E       		.uleb128 0x2e
 8789 04ca 00       		.byte	0
 8790 04cb 3F       		.uleb128 0x3f
 8791 04cc 19       		.uleb128 0x19
 8792 04cd 03       		.uleb128 0x3
 8793 04ce 0E       		.uleb128 0xe
 8794 04cf 3A       		.uleb128 0x3a
 8795 04d0 0B       		.uleb128 0xb
 8796 04d1 3B       		.uleb128 0x3b
 8797 04d2 05       		.uleb128 0x5
 8798 04d3 39       		.uleb128 0x39
 8799 04d4 0B       		.uleb128 0xb
 8800 04d5 27       		.uleb128 0x27
 8801 04d6 19       		.uleb128 0x19
 8802 04d7 3C       		.uleb128 0x3c
 8803 04d8 19       		.uleb128 0x19
 8804 04d9 00       		.byte	0
 8805 04da 00       		.byte	0
 8806 04db 4B       		.uleb128 0x4b
 8807 04dc 05       		.uleb128 0x5
 8808 04dd 00       		.byte	0
 8809 04de 03       		.uleb128 0x3
 8810 04df 0E       		.uleb128 0xe
 8811 04e0 3A       		.uleb128 0x3a
 8812 04e1 0B       		.uleb128 0xb
 8813 04e2 3B       		.uleb128 0x3b
 8814 04e3 05       		.uleb128 0x5
 8815 04e4 39       		.uleb128 0x39
 8816 04e5 0B       		.uleb128 0xb
 8817 04e6 49       		.uleb128 0x49
 8818 04e7 13       		.uleb128 0x13
 8819 04e8 02       		.uleb128 0x2
 8820 04e9 18       		.uleb128 0x18
 8821 04ea 00       		.byte	0
 8822 04eb 00       		.byte	0
 8823 04ec 4C       		.uleb128 0x4c
 8824 04ed 05       		.uleb128 0x5
 8825 04ee 00       		.byte	0
 8826 04ef 03       		.uleb128 0x3
 8827 04f0 08       		.uleb128 0x8
 8828 04f1 3A       		.uleb128 0x3a
 8829 04f2 0B       		.uleb128 0xb
 8830 04f3 3B       		.uleb128 0x3b
ARM GAS  /tmp/ccNufGNo.s 			page 156


 8831 04f4 05       		.uleb128 0x5
 8832 04f5 39       		.uleb128 0x39
 8833 04f6 0B       		.uleb128 0xb
 8834 04f7 49       		.uleb128 0x49
 8835 04f8 13       		.uleb128 0x13
 8836 04f9 02       		.uleb128 0x2
 8837 04fa 18       		.uleb128 0x18
 8838 04fb 00       		.byte	0
 8839 04fc 00       		.byte	0
 8840 04fd 4D       		.uleb128 0x4d
 8841 04fe 2E       		.uleb128 0x2e
 8842 04ff 01       		.byte	0x1
 8843 0500 3F       		.uleb128 0x3f
 8844 0501 19       		.uleb128 0x19
 8845 0502 03       		.uleb128 0x3
 8846 0503 0E       		.uleb128 0xe
 8847 0504 3A       		.uleb128 0x3a
 8848 0505 0B       		.uleb128 0xb
 8849 0506 3B       		.uleb128 0x3b
 8850 0507 05       		.uleb128 0x5
 8851 0508 39       		.uleb128 0x39
 8852 0509 0B       		.uleb128 0xb
 8853 050a 27       		.uleb128 0x27
 8854 050b 19       		.uleb128 0x19
 8855 050c 49       		.uleb128 0x49
 8856 050d 13       		.uleb128 0x13
 8857 050e 11       		.uleb128 0x11
 8858 050f 01       		.uleb128 0x1
 8859 0510 12       		.uleb128 0x12
 8860 0511 06       		.uleb128 0x6
 8861 0512 40       		.uleb128 0x40
 8862 0513 18       		.uleb128 0x18
 8863 0514 7A       		.uleb128 0x7a
 8864 0515 19       		.uleb128 0x19
 8865 0516 01       		.uleb128 0x1
 8866 0517 13       		.uleb128 0x13
 8867 0518 00       		.byte	0
 8868 0519 00       		.byte	0
 8869 051a 4E       		.uleb128 0x4e
 8870 051b 2E       		.uleb128 0x2e
 8871 051c 00       		.byte	0
 8872 051d 3F       		.uleb128 0x3f
 8873 051e 19       		.uleb128 0x19
 8874 051f 03       		.uleb128 0x3
 8875 0520 0E       		.uleb128 0xe
 8876 0521 3A       		.uleb128 0x3a
 8877 0522 0B       		.uleb128 0xb
 8878 0523 3B       		.uleb128 0x3b
 8879 0524 0B       		.uleb128 0xb
 8880 0525 39       		.uleb128 0x39
 8881 0526 0B       		.uleb128 0xb
 8882 0527 27       		.uleb128 0x27
 8883 0528 19       		.uleb128 0x19
 8884 0529 11       		.uleb128 0x11
 8885 052a 01       		.uleb128 0x1
 8886 052b 12       		.uleb128 0x12
 8887 052c 06       		.uleb128 0x6
ARM GAS  /tmp/ccNufGNo.s 			page 157


 8888 052d 40       		.uleb128 0x40
 8889 052e 18       		.uleb128 0x18
 8890 052f 7A       		.uleb128 0x7a
 8891 0530 19       		.uleb128 0x19
 8892 0531 00       		.byte	0
 8893 0532 00       		.byte	0
 8894 0533 4F       		.uleb128 0x4f
 8895 0534 2E       		.uleb128 0x2e
 8896 0535 01       		.byte	0x1
 8897 0536 03       		.uleb128 0x3
 8898 0537 0E       		.uleb128 0xe
 8899 0538 3A       		.uleb128 0x3a
 8900 0539 0B       		.uleb128 0xb
 8901 053a 3B       		.uleb128 0x3b
 8902 053b 05       		.uleb128 0x5
 8903 053c 39       		.uleb128 0x39
 8904 053d 0B       		.uleb128 0xb
 8905 053e 27       		.uleb128 0x27
 8906 053f 19       		.uleb128 0x19
 8907 0540 20       		.uleb128 0x20
 8908 0541 0B       		.uleb128 0xb
 8909 0542 00       		.byte	0
 8910 0543 00       		.byte	0
 8911 0544 00       		.byte	0
 8912              		.section	.debug_loclists,"",%progbits
 8913 0000 B9070000 		.4byte	.Ldebug_loc3-.Ldebug_loc2
 8914              	.Ldebug_loc2:
 8915 0004 0500     		.2byte	0x5
 8916 0006 04       		.byte	0x4
 8917 0007 00       		.byte	0
 8918 0008 00000000 		.4byte	0
 8919              	.Ldebug_loc0:
 8920              	.LVUS73:
 8921 000c 00       		.uleb128 0
 8922 000d 00       		.uleb128 .LVU515
 8923 000e 00       		.uleb128 .LVU515
 8924 000f 00       		.uleb128 .LVU544
 8925 0010 00       		.uleb128 .LVU544
 8926 0011 00       		.uleb128 .LVU546
 8927 0012 00       		.uleb128 .LVU546
 8928 0013 00       		.uleb128 0
 8929              	.LLST73:
 8930 0014 06       		.byte	0x6
 8931 0015 00000000 		.4byte	.LVL134
 8932 0019 04       		.byte	0x4
 8933 001a 00       		.uleb128 .LVL134-.LVL134
 8934 001b 1D       		.uleb128 .LVL138-1-.LVL134
 8935 001c 01       		.uleb128 0x1
 8936 001d 50       		.byte	0x50
 8937 001e 04       		.byte	0x4
 8938 001f 1D       		.uleb128 .LVL138-1-.LVL134
 8939 0020 48       		.uleb128 .LVL144-.LVL134
 8940 0021 01       		.uleb128 0x1
 8941 0022 55       		.byte	0x55
 8942 0023 04       		.byte	0x4
 8943 0024 48       		.uleb128 .LVL144-.LVL134
 8944 0025 4C       		.uleb128 .LVL145-.LVL134
ARM GAS  /tmp/ccNufGNo.s 			page 158


 8945 0026 0A       		.uleb128 0xa
 8946 0027 A3       		.byte	0xa3
 8947 0028 03       		.uleb128 0x3
 8948 0029 A5       		.byte	0xa5
 8949 002a 00       		.uleb128 0
 8950 002b 26       		.uleb128 0x26
 8951 002c A8       		.byte	0xa8
 8952 002d 2D       		.uleb128 0x2d
 8953 002e A8       		.byte	0xa8
 8954 002f 00       		.uleb128 0
 8955 0030 9F       		.byte	0x9f
 8956 0031 04       		.byte	0x4
 8957 0032 4C       		.uleb128 .LVL145-.LVL134
 8958 0033 7C       		.uleb128 .LFE240-.LVL134
 8959 0034 01       		.uleb128 0x1
 8960 0035 55       		.byte	0x55
 8961 0036 00       		.byte	0
 8962              	.LVUS74:
 8963 0037 00       		.uleb128 0
 8964 0038 00       		.uleb128 .LVU515
 8965 0039 00       		.uleb128 .LVU515
 8966 003a 00       		.uleb128 .LVU544
 8967 003b 00       		.uleb128 .LVU544
 8968 003c 00       		.uleb128 0
 8969              	.LLST74:
 8970 003d 06       		.byte	0x6
 8971 003e 00000000 		.4byte	.LVL134
 8972 0042 04       		.byte	0x4
 8973 0043 00       		.uleb128 .LVL134-.LVL134
 8974 0044 1D       		.uleb128 .LVL138-1-.LVL134
 8975 0045 01       		.uleb128 0x1
 8976 0046 51       		.byte	0x51
 8977 0047 04       		.byte	0x4
 8978 0048 1D       		.uleb128 .LVL138-1-.LVL134
 8979 0049 48       		.uleb128 .LVL144-.LVL134
 8980 004a 01       		.uleb128 0x1
 8981 004b 56       		.byte	0x56
 8982 004c 04       		.byte	0x4
 8983 004d 48       		.uleb128 .LVL144-.LVL134
 8984 004e 7C       		.uleb128 .LFE240-.LVL134
 8985 004f 0A       		.uleb128 0xa
 8986 0050 A3       		.byte	0xa3
 8987 0051 03       		.uleb128 0x3
 8988 0052 A5       		.byte	0xa5
 8989 0053 01       		.uleb128 0x1
 8990 0054 26       		.uleb128 0x26
 8991 0055 A8       		.byte	0xa8
 8992 0056 34       		.uleb128 0x34
 8993 0057 A8       		.byte	0xa8
 8994 0058 00       		.uleb128 0
 8995 0059 9F       		.byte	0x9f
 8996 005a 00       		.byte	0
 8997              	.LVUS75:
 8998 005b 00       		.uleb128 .LVU530
 8999 005c 00       		.uleb128 .LVU531
 9000 005d 00       		.uleb128 .LVU546
 9001 005e 00       		.uleb128 .LVU563
ARM GAS  /tmp/ccNufGNo.s 			page 159


 9002 005f 00       		.uleb128 .LVU563
 9003 0060 00       		.uleb128 .LVU564
 9004 0061 00       		.uleb128 .LVU564
 9005 0062 00       		.uleb128 .LVU565
 9006 0063 00       		.uleb128 .LVU565
 9007 0064 00       		.uleb128 0
 9008              	.LLST75:
 9009 0065 06       		.byte	0x6
 9010 0066 3A000000 		.4byte	.LVL141
 9011 006a 04       		.byte	0x4
 9012 006b 00       		.uleb128 .LVL141-.LVL141
 9013 006c 04       		.uleb128 .LVL142-.LVL141
 9014 006d 01       		.uleb128 0x1
 9015 006e 57       		.byte	0x57
 9016 006f 04       		.byte	0x4
 9017 0070 12       		.uleb128 .LVL145-.LVL141
 9018 0071 28       		.uleb128 .LVL148-.LVL141
 9019 0072 01       		.uleb128 0x1
 9020 0073 57       		.byte	0x57
 9021 0074 04       		.byte	0x4
 9022 0075 28       		.uleb128 .LVL148-.LVL141
 9023 0076 2C       		.uleb128 .LVL149-.LVL141
 9024 0077 06       		.uleb128 0x6
 9025 0078 77       		.byte	0x77
 9026 0079 00       		.sleb128 0
 9027 007a 79       		.byte	0x79
 9028 007b 00       		.sleb128 0
 9029 007c 1E       		.byte	0x1e
 9030 007d 9F       		.byte	0x9f
 9031 007e 04       		.byte	0x4
 9032 007f 2C       		.uleb128 .LVL149-.LVL141
 9033 0080 2F       		.uleb128 .LVL150-1-.LVL141
 9034 0081 01       		.uleb128 0x1
 9035 0082 53       		.byte	0x53
 9036 0083 04       		.byte	0x4
 9037 0084 2F       		.uleb128 .LVL150-1-.LVL141
 9038 0085 42       		.uleb128 .LFE240-.LVL141
 9039 0086 06       		.uleb128 0x6
 9040 0087 77       		.byte	0x77
 9041 0088 00       		.sleb128 0
 9042 0089 79       		.byte	0x79
 9043 008a 00       		.sleb128 0
 9044 008b 1E       		.byte	0x1e
 9045 008c 9F       		.byte	0x9f
 9046 008d 00       		.byte	0
 9047              	.LVUS76:
 9048 008e 00       		.uleb128 .LVU527
 9049 008f 00       		.uleb128 .LVU544
 9050 0090 00       		.uleb128 .LVU546
 9051 0091 00       		.uleb128 0
 9052              	.LLST76:
 9053 0092 06       		.byte	0x6
 9054 0093 30000000 		.4byte	.LVL140
 9055 0097 04       		.byte	0x4
 9056 0098 00       		.uleb128 .LVL140-.LVL140
 9057 0099 18       		.uleb128 .LVL144-.LVL140
 9058 009a 01       		.uleb128 0x1
ARM GAS  /tmp/ccNufGNo.s 			page 160


 9059 009b 59       		.byte	0x59
 9060 009c 04       		.byte	0x4
 9061 009d 1C       		.uleb128 .LVL145-.LVL140
 9062 009e 4C       		.uleb128 .LFE240-.LVL140
 9063 009f 01       		.uleb128 0x1
 9064 00a0 59       		.byte	0x59
 9065 00a1 00       		.byte	0
 9066              	.LVUS77:
 9067 00a2 00       		.uleb128 .LVU499
 9068 00a3 00       		.uleb128 0
 9069              	.LLST77:
 9070 00a4 08       		.byte	0x8
 9071 00a5 0C000000 		.4byte	.LVL135
 9072 00a9 70       		.uleb128 .LFE240-.LVL135
 9073 00aa 01       		.uleb128 0x1
 9074 00ab 54       		.byte	0x54
 9075 00ac 00       		.byte	0
 9076              	.LVUS78:
 9077 00ad 09       		.uleb128 .LVU510
 9078 00ae 00       		.uleb128 .LVU512
 9079              	.LLST78:
 9080 00af 08       		.byte	0x8
 9081 00b0 0E000000 		.4byte	.LVL136
 9082 00b4 0C       		.uleb128 .LVL137-.LVL136
 9083 00b5 03       		.uleb128 0x3
 9084 00b6 08       		.byte	0x8
 9085 00b7 20       		.byte	0x20
 9086 00b8 9F       		.byte	0x9f
 9087 00b9 00       		.byte	0
 9088              	.LVUS79:
 9089 00ba 02       		.uleb128 .LVU517
 9090 00bb 00       		.uleb128 .LVU521
 9091              	.LLST79:
 9092 00bc 08       		.byte	0x8
 9093 00bd 1E000000 		.4byte	.LVL138
 9094 00c1 08       		.uleb128 .LVL139-.LVL138
 9095 00c2 02       		.uleb128 0x2
 9096 00c3 34       		.byte	0x34
 9097 00c4 9F       		.byte	0x9f
 9098 00c5 00       		.byte	0
 9099              	.LVUS80:
 9100 00c6 02       		.uleb128 .LVU517
 9101 00c7 00       		.uleb128 .LVU521
 9102              	.LLST80:
 9103 00c8 08       		.byte	0x8
 9104 00c9 1E000000 		.4byte	.LVL138
 9105 00cd 08       		.uleb128 .LVL139-.LVL138
 9106 00ce 03       		.uleb128 0x3
 9107 00cf 74       		.byte	0x74
 9108 00d0 04       		.sleb128 4
 9109 00d1 9F       		.byte	0x9f
 9110 00d2 00       		.byte	0
 9111              	.LVUS81:
 9112 00d3 06       		.uleb128 .LVU542
 9113 00d4 00       		.uleb128 .LVU544
 9114              	.LLST81:
 9115 00d5 08       		.byte	0x8
ARM GAS  /tmp/ccNufGNo.s 			page 161


 9116 00d6 42000000 		.4byte	.LVL143
 9117 00da 06       		.uleb128 .LVL144-.LVL143
 9118 00db 02       		.uleb128 0x2
 9119 00dc 30       		.byte	0x30
 9120 00dd 9F       		.byte	0x9f
 9121 00de 00       		.byte	0
 9122              	.LVUS82:
 9123 00df 06       		.uleb128 .LVU557
 9124 00e0 00       		.uleb128 .LVU559
 9125              	.LLST82:
 9126 00e1 08       		.byte	0x8
 9127 00e2 50000000 		.4byte	.LVL146
 9128 00e6 06       		.uleb128 .LVL147-.LVL146
 9129 00e7 02       		.uleb128 0x2
 9130 00e8 30       		.byte	0x30
 9131 00e9 9F       		.byte	0x9f
 9132 00ea 00       		.byte	0
 9133              	.LVUS83:
 9134 00eb 09       		.uleb128 .LVU574
 9135 00ec 00       		.uleb128 .LVU576
 9136              	.LLST83:
 9137 00ed 08       		.byte	0x8
 9138 00ee 6A000000 		.4byte	.LVL150
 9139 00f2 04       		.uleb128 .LVL151-.LVL150
 9140 00f3 03       		.uleb128 0x3
 9141 00f4 08       		.byte	0x8
 9142 00f5 20       		.byte	0x20
 9143 00f6 9F       		.byte	0x9f
 9144 00f7 00       		.byte	0
 9145              	.LVUS62:
 9146 00f8 00       		.uleb128 0
 9147 00f9 00       		.uleb128 .LVU413
 9148 00fa 00       		.uleb128 .LVU413
 9149 00fb 00       		.uleb128 .LVU491
 9150 00fc 00       		.uleb128 .LVU491
 9151 00fd 00       		.uleb128 0
 9152              	.LLST62:
 9153 00fe 06       		.byte	0x6
 9154 00ff 00000000 		.4byte	.LVL115
 9155 0103 04       		.byte	0x4
 9156 0104 00       		.uleb128 .LVL115-.LVL115
 9157 0105 1D       		.uleb128 .LVL119-1-.LVL115
 9158 0106 01       		.uleb128 0x1
 9159 0107 50       		.byte	0x50
 9160 0108 04       		.byte	0x4
 9161 0109 1D       		.uleb128 .LVL119-1-.LVL115
 9162 010a 8201     		.uleb128 .LVL133-.LVL115
 9163 010c 01       		.uleb128 0x1
 9164 010d 55       		.byte	0x55
 9165 010e 04       		.byte	0x4
 9166 010f 8201     		.uleb128 .LVL133-.LVL115
 9167 0111 8601     		.uleb128 .LFE239-.LVL115
 9168 0113 0A       		.uleb128 0xa
 9169 0114 A3       		.byte	0xa3
 9170 0115 03       		.uleb128 0x3
 9171 0116 A5       		.byte	0xa5
 9172 0117 00       		.uleb128 0
ARM GAS  /tmp/ccNufGNo.s 			page 162


 9173 0118 26       		.uleb128 0x26
 9174 0119 A8       		.byte	0xa8
 9175 011a 2D       		.uleb128 0x2d
 9176 011b A8       		.byte	0xa8
 9177 011c 00       		.uleb128 0
 9178 011d 9F       		.byte	0x9f
 9179 011e 00       		.byte	0
 9180              	.LVUS63:
 9181 011f 00       		.uleb128 0
 9182 0120 00       		.uleb128 .LVU413
 9183 0121 00       		.uleb128 .LVU413
 9184 0122 00       		.uleb128 .LVU491
 9185 0123 00       		.uleb128 .LVU491
 9186 0124 00       		.uleb128 0
 9187              	.LLST63:
 9188 0125 06       		.byte	0x6
 9189 0126 00000000 		.4byte	.LVL115
 9190 012a 04       		.byte	0x4
 9191 012b 00       		.uleb128 .LVL115-.LVL115
 9192 012c 1D       		.uleb128 .LVL119-1-.LVL115
 9193 012d 01       		.uleb128 0x1
 9194 012e 51       		.byte	0x51
 9195 012f 04       		.byte	0x4
 9196 0130 1D       		.uleb128 .LVL119-1-.LVL115
 9197 0131 8201     		.uleb128 .LVL133-.LVL115
 9198 0133 01       		.uleb128 0x1
 9199 0134 56       		.byte	0x56
 9200 0135 04       		.byte	0x4
 9201 0136 8201     		.uleb128 .LVL133-.LVL115
 9202 0138 8601     		.uleb128 .LFE239-.LVL115
 9203 013a 0A       		.uleb128 0xa
 9204 013b A3       		.byte	0xa3
 9205 013c 03       		.uleb128 0x3
 9206 013d A5       		.byte	0xa5
 9207 013e 01       		.uleb128 0x1
 9208 013f 26       		.uleb128 0x26
 9209 0140 A8       		.byte	0xa8
 9210 0141 34       		.uleb128 0x34
 9211 0142 A8       		.byte	0xa8
 9212 0143 00       		.uleb128 0
 9213 0144 9F       		.byte	0x9f
 9214 0145 00       		.byte	0
 9215              	.LVUS64:
 9216 0146 00       		.uleb128 .LVU423
 9217 0147 00       		.uleb128 .LVU424
 9218 0148 00       		.uleb128 .LVU424
 9219 0149 00       		.uleb128 .LVU428
 9220 014a 00       		.uleb128 .LVU445
 9221 014b 02       		.uleb128 .LVU461
 9222              	.LLST64:
 9223 014c 06       		.byte	0x6
 9224 014d 2E000000 		.4byte	.LVL121
 9225 0151 04       		.byte	0x4
 9226 0152 00       		.uleb128 .LVL121-.LVL121
 9227 0153 02       		.uleb128 .LVL122-.LVL121
 9228 0154 06       		.uleb128 0x6
 9229 0155 73       		.byte	0x73
ARM GAS  /tmp/ccNufGNo.s 			page 163


 9230 0156 00       		.sleb128 0
 9231 0157 77       		.byte	0x77
 9232 0158 00       		.sleb128 0
 9233 0159 1C       		.byte	0x1c
 9234 015a 9F       		.byte	0x9f
 9235 015b 04       		.byte	0x4
 9236 015c 02       		.uleb128 .LVL122-.LVL121
 9237 015d 0E       		.uleb128 .LVL123-.LVL121
 9238 015e 01       		.uleb128 0x1
 9239 015f 57       		.byte	0x57
 9240 0160 04       		.byte	0x4
 9241 0161 22       		.uleb128 .LVL125-.LVL121
 9242 0162 2C       		.uleb128 .LVL127-.LVL121
 9243 0163 01       		.uleb128 0x1
 9244 0164 57       		.byte	0x57
 9245 0165 00       		.byte	0
 9246              	.LVUS65:
 9247 0166 00       		.uleb128 .LVU397
 9248 0167 00       		.uleb128 0
 9249              	.LLST65:
 9250 0168 08       		.byte	0x8
 9251 0169 0A000000 		.4byte	.LVL116
 9252 016d 7C       		.uleb128 .LFE239-.LVL116
 9253 016e 01       		.uleb128 0x1
 9254 016f 54       		.byte	0x54
 9255 0170 00       		.byte	0
 9256              	.LVUS66:
 9257 0171 09       		.uleb128 .LVU408
 9258 0172 00       		.uleb128 .LVU410
 9259              	.LLST66:
 9260 0173 08       		.byte	0x8
 9261 0174 0E000000 		.4byte	.LVL117
 9262 0178 0C       		.uleb128 .LVL118-.LVL117
 9263 0179 03       		.uleb128 0x3
 9264 017a 08       		.byte	0x8
 9265 017b 20       		.byte	0x20
 9266 017c 9F       		.byte	0x9f
 9267 017d 00       		.byte	0
 9268              	.LVUS67:
 9269 017e 02       		.uleb128 .LVU415
 9270 017f 00       		.uleb128 .LVU419
 9271              	.LLST67:
 9272 0180 08       		.byte	0x8
 9273 0181 1E000000 		.4byte	.LVL119
 9274 0185 08       		.uleb128 .LVL120-.LVL119
 9275 0186 02       		.uleb128 0x2
 9276 0187 38       		.byte	0x38
 9277 0188 9F       		.byte	0x9f
 9278 0189 00       		.byte	0
 9279              	.LVUS68:
 9280 018a 02       		.uleb128 .LVU415
 9281 018b 00       		.uleb128 .LVU419
 9282              	.LLST68:
 9283 018c 08       		.byte	0x8
 9284 018d 1E000000 		.4byte	.LVL119
 9285 0191 08       		.uleb128 .LVL120-.LVL119
 9286 0192 03       		.uleb128 0x3
ARM GAS  /tmp/ccNufGNo.s 			page 164


 9287 0193 74       		.byte	0x74
 9288 0194 04       		.sleb128 4
 9289 0195 9F       		.byte	0x9f
 9290 0196 00       		.byte	0
 9291              	.LVUS69:
 9292 0197 06       		.uleb128 .LVU443
 9293 0198 00       		.uleb128 .LVU445
 9294              	.LLST69:
 9295 0199 08       		.byte	0x8
 9296 019a 4A000000 		.4byte	.LVL124
 9297 019e 06       		.uleb128 .LVL125-.LVL124
 9298 019f 02       		.uleb128 0x2
 9299 01a0 30       		.byte	0x30
 9300 01a1 9F       		.byte	0x9f
 9301 01a2 00       		.byte	0
 9302              	.LVUS70:
 9303 01a3 06       		.uleb128 .LVU457
 9304 01a4 00       		.uleb128 .LVU459
 9305              	.LLST70:
 9306 01a5 08       		.byte	0x8
 9307 01a6 54000000 		.4byte	.LVL126
 9308 01aa 06       		.uleb128 .LVL127-.LVL126
 9309 01ab 02       		.uleb128 0x2
 9310 01ac 30       		.byte	0x30
 9311 01ad 9F       		.byte	0x9f
 9312 01ae 00       		.byte	0
 9313              	.LVUS71:
 9314 01af 09       		.uleb128 .LVU471
 9315 01b0 00       		.uleb128 .LVU473
 9316              	.LLST71:
 9317 01b1 08       		.byte	0x8
 9318 01b2 68000000 		.4byte	.LVL128
 9319 01b6 04       		.uleb128 .LVL129-.LVL128
 9320 01b7 03       		.uleb128 0x3
 9321 01b8 08       		.byte	0x8
 9322 01b9 20       		.byte	0x20
 9323 01ba 9F       		.byte	0x9f
 9324 01bb 00       		.byte	0
 9325              	.LVUS72:
 9326 01bc 06       		.uleb128 .LVU489
 9327 01bd 00       		.uleb128 .LVU491
 9328              	.LLST72:
 9329 01be 08       		.byte	0x8
 9330 01bf 7C000000 		.4byte	.LVL132
 9331 01c3 06       		.uleb128 .LVL133-.LVL132
 9332 01c4 02       		.uleb128 0x2
 9333 01c5 30       		.byte	0x30
 9334 01c6 9F       		.byte	0x9f
 9335 01c7 00       		.byte	0
 9336              	.LVUS61:
 9337 01c8 00       		.uleb128 0
 9338 01c9 00       		.uleb128 .LVU375
 9339 01ca 00       		.uleb128 .LVU375
 9340 01cb 00       		.uleb128 .LVU376
 9341 01cc 00       		.uleb128 .LVU376
 9342 01cd 00       		.uleb128 .LVU384
 9343 01ce 00       		.uleb128 .LVU384
ARM GAS  /tmp/ccNufGNo.s 			page 165


 9344 01cf 00       		.uleb128 .LVU385
 9345 01d0 00       		.uleb128 .LVU385
 9346 01d1 00       		.uleb128 0
 9347              	.LLST61:
 9348 01d2 06       		.byte	0x6
 9349 01d3 00000000 		.4byte	.LVL110
 9350 01d7 04       		.byte	0x4
 9351 01d8 00       		.uleb128 .LVL110-.LVL110
 9352 01d9 0E       		.uleb128 .LVL111-.LVL110
 9353 01da 01       		.uleb128 0x1
 9354 01db 50       		.byte	0x50
 9355 01dc 04       		.byte	0x4
 9356 01dd 0E       		.uleb128 .LVL111-.LVL110
 9357 01de 10       		.uleb128 .LVL112-.LVL110
 9358 01df 0A       		.uleb128 0xa
 9359 01e0 A3       		.byte	0xa3
 9360 01e1 03       		.uleb128 0x3
 9361 01e2 A5       		.byte	0xa5
 9362 01e3 00       		.uleb128 0
 9363 01e4 26       		.uleb128 0x26
 9364 01e5 A8       		.byte	0xa8
 9365 01e6 2D       		.uleb128 0x2d
 9366 01e7 A8       		.byte	0xa8
 9367 01e8 00       		.uleb128 0
 9368 01e9 9F       		.byte	0x9f
 9369 01ea 04       		.byte	0x4
 9370 01eb 10       		.uleb128 .LVL112-.LVL110
 9371 01ec 2A       		.uleb128 .LVL113-.LVL110
 9372 01ed 01       		.uleb128 0x1
 9373 01ee 50       		.byte	0x50
 9374 01ef 04       		.byte	0x4
 9375 01f0 2A       		.uleb128 .LVL113-.LVL110
 9376 01f1 2C       		.uleb128 .LVL114-.LVL110
 9377 01f2 0A       		.uleb128 0xa
 9378 01f3 A3       		.byte	0xa3
 9379 01f4 03       		.uleb128 0x3
 9380 01f5 A5       		.byte	0xa5
 9381 01f6 00       		.uleb128 0
 9382 01f7 26       		.uleb128 0x26
 9383 01f8 A8       		.byte	0xa8
 9384 01f9 2D       		.uleb128 0x2d
 9385 01fa A8       		.byte	0xa8
 9386 01fb 00       		.uleb128 0
 9387 01fc 9F       		.byte	0x9f
 9388 01fd 04       		.byte	0x4
 9389 01fe 2C       		.uleb128 .LVL114-.LVL110
 9390 01ff 40       		.uleb128 .LFE238-.LVL110
 9391 0200 01       		.uleb128 0x1
 9392 0201 50       		.byte	0x50
 9393 0202 00       		.byte	0
 9394              	.LVUS56:
 9395 0203 00       		.uleb128 0
 9396 0204 00       		.uleb128 .LVU348
 9397 0205 00       		.uleb128 .LVU348
 9398 0206 00       		.uleb128 .LVU369
 9399 0207 00       		.uleb128 .LVU369
 9400 0208 00       		.uleb128 0
ARM GAS  /tmp/ccNufGNo.s 			page 166


 9401              	.LLST56:
 9402 0209 06       		.byte	0x6
 9403 020a 00000000 		.4byte	.LVL101
 9404 020e 04       		.byte	0x4
 9405 020f 00       		.uleb128 .LVL101-.LVL101
 9406 0210 0E       		.uleb128 .LVL102-.LVL101
 9407 0211 01       		.uleb128 0x1
 9408 0212 50       		.byte	0x50
 9409 0213 04       		.byte	0x4
 9410 0214 0E       		.uleb128 .LVL102-.LVL101
 9411 0215 46       		.uleb128 .LVL108-.LVL101
 9412 0216 01       		.uleb128 0x1
 9413 0217 54       		.byte	0x54
 9414 0218 04       		.byte	0x4
 9415 0219 46       		.uleb128 .LVL108-.LVL101
 9416 021a 4A       		.uleb128 .LFE237-.LVL101
 9417 021b 0A       		.uleb128 0xa
 9418 021c A3       		.byte	0xa3
 9419 021d 03       		.uleb128 0x3
 9420 021e A5       		.byte	0xa5
 9421 021f 00       		.uleb128 0
 9422 0220 26       		.uleb128 0x26
 9423 0221 A8       		.byte	0xa8
 9424 0222 2D       		.uleb128 0x2d
 9425 0223 A8       		.byte	0xa8
 9426 0224 00       		.uleb128 0
 9427 0225 9F       		.byte	0x9f
 9428 0226 00       		.byte	0
 9429              	.LVUS57:
 9430 0227 00       		.uleb128 .LVU349
 9431 0228 00       		.uleb128 .LVU369
 9432 0229 00       		.uleb128 .LVU369
 9433 022a 00       		.uleb128 .LVU370
 9434              	.LLST57:
 9435 022b 06       		.byte	0x6
 9436 022c 10000000 		.4byte	.LVL103
 9437 0230 04       		.byte	0x4
 9438 0231 00       		.uleb128 .LVL103-.LVL103
 9439 0232 36       		.uleb128 .LVL108-.LVL103
 9440 0233 01       		.uleb128 0x1
 9441 0234 55       		.byte	0x55
 9442 0235 04       		.byte	0x4
 9443 0236 36       		.uleb128 .LVL108-.LVL103
 9444 0237 39       		.uleb128 .LVL109-1-.LVL103
 9445 0238 01       		.uleb128 0x1
 9446 0239 50       		.byte	0x50
 9447 023a 00       		.byte	0
 9448              	.LVUS59:
 9449 023b 01       		.uleb128 .LVU352
 9450 023c 00       		.uleb128 .LVU357
 9451              	.LLST59:
 9452 023d 08       		.byte	0x8
 9453 023e 1C000000 		.4byte	.LVL105
 9454 0242 0C       		.uleb128 .LVL106-.LVL105
 9455 0243 02       		.uleb128 0x2
 9456 0244 31       		.byte	0x31
 9457 0245 9F       		.byte	0x9f
ARM GAS  /tmp/ccNufGNo.s 			page 167


 9458 0246 00       		.byte	0
 9459              	.LVUS60:
 9460 0247 01       		.uleb128 .LVU352
 9461 0248 00       		.uleb128 .LVU357
 9462              	.LLST60:
 9463 0249 08       		.byte	0x8
 9464 024a 1C000000 		.4byte	.LVL105
 9465 024e 0C       		.uleb128 .LVL106-.LVL105
 9466 024f 03       		.uleb128 0x3
 9467 0250 74       		.byte	0x74
 9468 0251 04       		.sleb128 4
 9469 0252 9F       		.byte	0x9f
 9470 0253 00       		.byte	0
 9471              	.LVUS45:
 9472 0254 00       		.uleb128 0
 9473 0255 00       		.uleb128 .LVU278
 9474 0256 00       		.uleb128 .LVU278
 9475 0257 00       		.uleb128 .LVU340
 9476 0258 00       		.uleb128 .LVU340
 9477 0259 00       		.uleb128 0
 9478              	.LLST45:
 9479 025a 06       		.byte	0x6
 9480 025b 00000000 		.4byte	.LVL83
 9481 025f 04       		.byte	0x4
 9482 0260 00       		.uleb128 .LVL83-.LVL83
 9483 0261 13       		.uleb128 .LVL86-1-.LVL83
 9484 0262 01       		.uleb128 0x1
 9485 0263 50       		.byte	0x50
 9486 0264 04       		.byte	0x4
 9487 0265 13       		.uleb128 .LVL86-1-.LVL83
 9488 0266 9201     		.uleb128 .LVL100-.LVL83
 9489 0268 01       		.uleb128 0x1
 9490 0269 54       		.byte	0x54
 9491 026a 04       		.byte	0x4
 9492 026b 9201     		.uleb128 .LVL100-.LVL83
 9493 026d A001     		.uleb128 .LFE236-.LVL83
 9494 026f 0A       		.uleb128 0xa
 9495 0270 A3       		.byte	0xa3
 9496 0271 03       		.uleb128 0x3
 9497 0272 A5       		.byte	0xa5
 9498 0273 00       		.uleb128 0
 9499 0274 26       		.uleb128 0x26
 9500 0275 A8       		.byte	0xa8
 9501 0276 2D       		.uleb128 0x2d
 9502 0277 A8       		.byte	0xa8
 9503 0278 00       		.uleb128 0
 9504 0279 9F       		.byte	0x9f
 9505 027a 00       		.byte	0
 9506              	.LVUS46:
 9507 027b 00       		.uleb128 .LVU260
 9508 027c 00       		.uleb128 .LVU296
 9509              	.LLST46:
 9510 027d 08       		.byte	0x8
 9511 027e 08000000 		.4byte	.LVL84
 9512 0282 3C       		.uleb128 .LVL88-.LVL84
 9513 0283 01       		.uleb128 0x1
 9514 0284 55       		.byte	0x55
ARM GAS  /tmp/ccNufGNo.s 			page 168


 9515 0285 00       		.byte	0
 9516              	.LVUS49:
 9517 0286 0B       		.uleb128 .LVU271
 9518 0287 00       		.uleb128 .LVU275
 9519              	.LLST49:
 9520 0288 08       		.byte	0x8
 9521 0289 08000000 		.4byte	.LVL84
 9522 028d 08       		.uleb128 .LVL85-.LVL84
 9523 028e 03       		.uleb128 0x3
 9524 028f 08       		.byte	0x8
 9525 0290 20       		.byte	0x20
 9526 0291 9F       		.byte	0x9f
 9527 0292 00       		.byte	0
 9528              	.LVUS51:
 9529 0293 01       		.uleb128 .LVU303
 9530 0294 00       		.uleb128 .LVU306
 9531              	.LLST51:
 9532 0295 08       		.byte	0x8
 9533 0296 50000000 		.4byte	.LVL89
 9534 029a 02       		.uleb128 .LVL90-.LVL89
 9535 029b 02       		.uleb128 0x2
 9536 029c 32       		.byte	0x32
 9537 029d 9F       		.byte	0x9f
 9538 029e 00       		.byte	0
 9539              	.LVUS52:
 9540 029f 01       		.uleb128 .LVU303
 9541 02a0 00       		.uleb128 .LVU306
 9542              	.LLST52:
 9543 02a1 08       		.byte	0x8
 9544 02a2 50000000 		.4byte	.LVL89
 9545 02a6 02       		.uleb128 .LVL90-.LVL89
 9546 02a7 03       		.uleb128 0x3
 9547 02a8 74       		.byte	0x74
 9548 02a9 04       		.sleb128 4
 9549 02aa 9F       		.byte	0x9f
 9550 02ab 00       		.byte	0
 9551              	.LVUS55:
 9552 02ac 04       		.uleb128 .LVU327
 9553 02ad 00       		.uleb128 .LVU329
 9554 02ae 04       		.uleb128 .LVU336
 9555 02af 00       		.uleb128 .LVU338
 9556              	.LLST55:
 9557 02b0 06       		.byte	0x6
 9558 02b1 7C000000 		.4byte	.LVL95
 9559 02b5 04       		.byte	0x4
 9560 02b6 00       		.uleb128 .LVL95-.LVL95
 9561 02b7 06       		.uleb128 .LVL96-.LVL95
 9562 02b8 02       		.uleb128 0x2
 9563 02b9 30       		.byte	0x30
 9564 02ba 9F       		.byte	0x9f
 9565 02bb 04       		.byte	0x4
 9566 02bc 0E       		.uleb128 .LVL98-.LVL95
 9567 02bd 14       		.uleb128 .LVL99-.LVL95
 9568 02be 02       		.uleb128 0x2
 9569 02bf 30       		.byte	0x30
 9570 02c0 9F       		.byte	0x9f
 9571 02c1 00       		.byte	0
ARM GAS  /tmp/ccNufGNo.s 			page 169


 9572              	.LVUS38:
 9573 02c2 00       		.uleb128 0
 9574 02c3 00       		.uleb128 .LVU191
 9575 02c4 00       		.uleb128 .LVU191
 9576 02c5 00       		.uleb128 .LVU252
 9577 02c6 00       		.uleb128 .LVU252
 9578 02c7 00       		.uleb128 .LVU253
 9579 02c8 00       		.uleb128 .LVU253
 9580 02c9 00       		.uleb128 0
 9581              	.LLST38:
 9582 02ca 06       		.byte	0x6
 9583 02cb 00000000 		.4byte	.LVL67
 9584 02cf 04       		.byte	0x4
 9585 02d0 00       		.uleb128 .LVL67-.LVL67
 9586 02d1 0A       		.uleb128 .LVL69-.LVL67
 9587 02d2 01       		.uleb128 0x1
 9588 02d3 50       		.byte	0x50
 9589 02d4 04       		.byte	0x4
 9590 02d5 0A       		.uleb128 .LVL69-.LVL67
 9591 02d6 70       		.uleb128 .LVL80-.LVL67
 9592 02d7 01       		.uleb128 0x1
 9593 02d8 54       		.byte	0x54
 9594 02d9 04       		.byte	0x4
 9595 02da 70       		.uleb128 .LVL80-.LVL67
 9596 02db 72       		.uleb128 .LVL81-.LVL67
 9597 02dc 01       		.uleb128 0x1
 9598 02dd 50       		.byte	0x50
 9599 02de 04       		.byte	0x4
 9600 02df 72       		.uleb128 .LVL81-.LVL67
 9601 02e0 8401     		.uleb128 .LFE235-.LVL67
 9602 02e2 01       		.uleb128 0x1
 9603 02e3 54       		.byte	0x54
 9604 02e4 00       		.byte	0
 9605              	.LVUS39:
 9606 02e5 00       		.uleb128 0
 9607 02e6 00       		.uleb128 .LVU191
 9608 02e7 00       		.uleb128 .LVU191
 9609 02e8 00       		.uleb128 .LVU252
 9610 02e9 00       		.uleb128 .LVU252
 9611 02ea 00       		.uleb128 .LVU254
 9612 02eb 00       		.uleb128 .LVU254
 9613 02ec 00       		.uleb128 0
 9614              	.LLST39:
 9615 02ed 06       		.byte	0x6
 9616 02ee 00000000 		.4byte	.LVL67
 9617 02f2 04       		.byte	0x4
 9618 02f3 00       		.uleb128 .LVL67-.LVL67
 9619 02f4 0A       		.uleb128 .LVL69-.LVL67
 9620 02f5 01       		.uleb128 0x1
 9621 02f6 51       		.byte	0x51
 9622 02f7 04       		.byte	0x4
 9623 02f8 0A       		.uleb128 .LVL69-.LVL67
 9624 02f9 70       		.uleb128 .LVL80-.LVL67
 9625 02fa 01       		.uleb128 0x1
 9626 02fb 55       		.byte	0x55
 9627 02fc 04       		.byte	0x4
 9628 02fd 70       		.uleb128 .LVL80-.LVL67
ARM GAS  /tmp/ccNufGNo.s 			page 170


 9629 02fe 75       		.uleb128 .LVL82-1-.LVL67
 9630 02ff 01       		.uleb128 0x1
 9631 0300 51       		.byte	0x51
 9632 0301 04       		.byte	0x4
 9633 0302 75       		.uleb128 .LVL82-1-.LVL67
 9634 0303 8401     		.uleb128 .LFE235-.LVL67
 9635 0305 01       		.uleb128 0x1
 9636 0306 55       		.byte	0x55
 9637 0307 00       		.byte	0
 9638              	.LVUS40:
 9639 0308 00       		.uleb128 .LVU186
 9640 0309 00       		.uleb128 .LVU220
 9641 030a 00       		.uleb128 .LVU252
 9642 030b 00       		.uleb128 0
 9643              	.LLST40:
 9644 030c 06       		.byte	0x6
 9645 030d 04000000 		.4byte	.LVL68
 9646 0311 04       		.byte	0x4
 9647 0312 00       		.uleb128 .LVL68-.LVL68
 9648 0313 36       		.uleb128 .LVL73-.LVL68
 9649 0314 01       		.uleb128 0x1
 9650 0315 56       		.byte	0x56
 9651 0316 04       		.byte	0x4
 9652 0317 6C       		.uleb128 .LVL80-.LVL68
 9653 0318 8001     		.uleb128 .LFE235-.LVL68
 9654 031a 01       		.uleb128 0x1
 9655 031b 56       		.byte	0x56
 9656 031c 00       		.byte	0
 9657              	.LVUS41:
 9658 031d 08       		.uleb128 .LVU199
 9659 031e 00       		.uleb128 .LVU201
 9660              	.LLST41:
 9661 031f 08       		.byte	0x8
 9662 0320 0A000000 		.4byte	.LVL69
 9663 0324 06       		.uleb128 .LVL70-.LVL69
 9664 0325 03       		.uleb128 0x3
 9665 0326 08       		.byte	0x8
 9666 0327 20       		.byte	0x20
 9667 0328 9F       		.byte	0x9f
 9668 0329 00       		.byte	0
 9669              	.LVUS44:
 9670 032a 04       		.uleb128 .LVU239
 9671 032b 00       		.uleb128 .LVU241
 9672 032c 04       		.uleb128 .LVU248
 9673 032d 00       		.uleb128 .LVU250
 9674              	.LLST44:
 9675 032e 06       		.byte	0x6
 9676 032f 5A000000 		.4byte	.LVL75
 9677 0333 04       		.byte	0x4
 9678 0334 00       		.uleb128 .LVL75-.LVL75
 9679 0335 06       		.uleb128 .LVL76-.LVL75
 9680 0336 02       		.uleb128 0x2
 9681 0337 30       		.byte	0x30
 9682 0338 9F       		.byte	0x9f
 9683 0339 04       		.byte	0x4
 9684 033a 0E       		.uleb128 .LVL78-.LVL75
 9685 033b 14       		.uleb128 .LVL79-.LVL75
ARM GAS  /tmp/ccNufGNo.s 			page 171


 9686 033c 02       		.uleb128 0x2
 9687 033d 30       		.byte	0x30
 9688 033e 9F       		.byte	0x9f
 9689 033f 00       		.byte	0
 9690              	.LVUS35:
 9691 0340 00       		.uleb128 0
 9692 0341 00       		.uleb128 .LVU168
 9693 0342 00       		.uleb128 .LVU168
 9694 0343 00       		.uleb128 .LVU181
 9695 0344 00       		.uleb128 .LVU181
 9696 0345 00       		.uleb128 0
 9697              	.LLST35:
 9698 0346 06       		.byte	0x6
 9699 0347 00000000 		.4byte	.LVL60
 9700 034b 04       		.byte	0x4
 9701 034c 00       		.uleb128 .LVL60-.LVL60
 9702 034d 08       		.uleb128 .LVL61-.LVL60
 9703 034e 01       		.uleb128 0x1
 9704 034f 50       		.byte	0x50
 9705 0350 04       		.byte	0x4
 9706 0351 08       		.uleb128 .LVL61-.LVL60
 9707 0352 3E       		.uleb128 .LVL66-.LVL60
 9708 0353 01       		.uleb128 0x1
 9709 0354 54       		.byte	0x54
 9710 0355 04       		.byte	0x4
 9711 0356 3E       		.uleb128 .LVL66-.LVL60
 9712 0357 4C       		.uleb128 .LFE234-.LVL60
 9713 0358 0A       		.uleb128 0xa
 9714 0359 A3       		.byte	0xa3
 9715 035a 03       		.uleb128 0x3
 9716 035b A5       		.byte	0xa5
 9717 035c 00       		.uleb128 0
 9718 035d 26       		.uleb128 0x26
 9719 035e A8       		.byte	0xa8
 9720 035f 2D       		.uleb128 0x2d
 9721 0360 A8       		.byte	0xa8
 9722 0361 00       		.uleb128 0
 9723 0362 9F       		.byte	0x9f
 9724 0363 00       		.byte	0
 9725              	.LVUS37:
 9726 0364 01       		.uleb128 .LVU170
 9727 0365 00       		.uleb128 .LVU175
 9728              	.LLST37:
 9729 0366 08       		.byte	0x8
 9730 0367 0A000000 		.4byte	.LVL62
 9731 036b 06       		.uleb128 .LVL63-.LVL62
 9732 036c 03       		.uleb128 0x3
 9733 036d 74       		.byte	0x74
 9734 036e 04       		.sleb128 4
 9735 036f 9F       		.byte	0x9f
 9736 0370 00       		.byte	0
 9737              	.LVUS29:
 9738 0371 00       		.uleb128 0
 9739 0372 00       		.uleb128 .LVU114
 9740 0373 00       		.uleb128 .LVU114
 9741 0374 00       		.uleb128 .LVU115
 9742 0375 00       		.uleb128 .LVU115
ARM GAS  /tmp/ccNufGNo.s 			page 172


 9743 0376 00       		.uleb128 .LVU117
 9744 0377 00       		.uleb128 .LVU117
 9745 0378 00       		.uleb128 0
 9746              	.LLST29:
 9747 0379 06       		.byte	0x6
 9748 037a 00000000 		.4byte	.LVL44
 9749 037e 04       		.byte	0x4
 9750 037f 00       		.uleb128 .LVL44-.LVL44
 9751 0380 16       		.uleb128 .LVL46-.LVL44
 9752 0381 01       		.uleb128 0x1
 9753 0382 50       		.byte	0x50
 9754 0383 04       		.byte	0x4
 9755 0384 16       		.uleb128 .LVL46-.LVL44
 9756 0385 18       		.uleb128 .LVL47-.LVL44
 9757 0386 0A       		.uleb128 0xa
 9758 0387 A3       		.byte	0xa3
 9759 0388 03       		.uleb128 0x3
 9760 0389 A5       		.byte	0xa5
 9761 038a 00       		.uleb128 0
 9762 038b 26       		.uleb128 0x26
 9763 038c A8       		.byte	0xa8
 9764 038d 2D       		.uleb128 0x2d
 9765 038e A8       		.byte	0xa8
 9766 038f 00       		.uleb128 0
 9767 0390 9F       		.byte	0x9f
 9768 0391 04       		.byte	0x4
 9769 0392 18       		.uleb128 .LVL47-.LVL44
 9770 0393 1A       		.uleb128 .LVL48-.LVL44
 9771 0394 01       		.uleb128 0x1
 9772 0395 50       		.byte	0x50
 9773 0396 04       		.byte	0x4
 9774 0397 1A       		.uleb128 .LVL48-.LVL44
 9775 0398 8C01     		.uleb128 .LFE232-.LVL44
 9776 039a 0A       		.uleb128 0xa
 9777 039b A3       		.byte	0xa3
 9778 039c 03       		.uleb128 0x3
 9779 039d A5       		.byte	0xa5
 9780 039e 00       		.uleb128 0
 9781 039f 26       		.uleb128 0x26
 9782 03a0 A8       		.byte	0xa8
 9783 03a1 2D       		.uleb128 0x2d
 9784 03a2 A8       		.byte	0xa8
 9785 03a3 00       		.uleb128 0
 9786 03a4 9F       		.byte	0x9f
 9787 03a5 00       		.byte	0
 9788              	.LVUS30:
 9789 03a6 00       		.uleb128 .LVU122
 9790 03a7 00       		.uleb128 .LVU123
 9791 03a8 00       		.uleb128 .LVU123
 9792 03a9 00       		.uleb128 .LVU160
 9793 03aa 00       		.uleb128 .LVU161
 9794 03ab 00       		.uleb128 0
 9795              	.LLST30:
 9796 03ac 06       		.byte	0x6
 9797 03ad 2E000000 		.4byte	.LVL49
 9798 03b1 04       		.byte	0x4
 9799 03b2 00       		.uleb128 .LVL49-.LVL49
ARM GAS  /tmp/ccNufGNo.s 			page 173


 9800 03b3 02       		.uleb128 .LVL50-.LVL49
 9801 03b4 06       		.uleb128 0x6
 9802 03b5 73       		.byte	0x73
 9803 03b6 00       		.sleb128 0
 9804 03b7 75       		.byte	0x75
 9805 03b8 00       		.sleb128 0
 9806 03b9 1C       		.byte	0x1c
 9807 03ba 9F       		.byte	0x9f
 9808 03bb 04       		.byte	0x4
 9809 03bc 02       		.uleb128 .LVL50-.LVL49
 9810 03bd 48       		.uleb128 .LVL57-.LVL49
 9811 03be 01       		.uleb128 0x1
 9812 03bf 55       		.byte	0x55
 9813 03c0 04       		.byte	0x4
 9814 03c1 4C       		.uleb128 .LVL58-.LVL49
 9815 03c2 5E       		.uleb128 .LFE232-.LVL49
 9816 03c3 01       		.uleb128 0x1
 9817 03c4 55       		.byte	0x55
 9818 03c5 00       		.byte	0
 9819              	.LVUS31:
 9820 03c6 00       		.uleb128 .LVU110
 9821 03c7 00       		.uleb128 .LVU160
 9822 03c8 00       		.uleb128 .LVU161
 9823 03c9 00       		.uleb128 0
 9824              	.LLST31:
 9825 03ca 06       		.byte	0x6
 9826 03cb 04000000 		.4byte	.LVL45
 9827 03cf 04       		.byte	0x4
 9828 03d0 00       		.uleb128 .LVL45-.LVL45
 9829 03d1 72       		.uleb128 .LVL57-.LVL45
 9830 03d2 01       		.uleb128 0x1
 9831 03d3 54       		.byte	0x54
 9832 03d4 04       		.byte	0x4
 9833 03d5 76       		.uleb128 .LVL58-.LVL45
 9834 03d6 8801     		.uleb128 .LFE232-.LVL45
 9835 03d8 01       		.uleb128 0x1
 9836 03d9 54       		.byte	0x54
 9837 03da 00       		.byte	0
 9838              	.LVUS33:
 9839 03db 04       		.uleb128 .LVU138
 9840 03dc 00       		.uleb128 .LVU140
 9841              	.LLST33:
 9842 03dd 08       		.byte	0x8
 9843 03de 48000000 		.4byte	.LVL52
 9844 03e2 06       		.uleb128 .LVL53-.LVL52
 9845 03e3 02       		.uleb128 0x2
 9846 03e4 30       		.byte	0x30
 9847 03e5 9F       		.byte	0x9f
 9848 03e6 00       		.byte	0
 9849              	.LVUS34:
 9850 03e7 07       		.uleb128 .LVU151
 9851 03e8 00       		.uleb128 .LVU153
 9852              	.LLST34:
 9853 03e9 08       		.byte	0x8
 9854 03ea 60000000 		.4byte	.LVL54
 9855 03ee 06       		.uleb128 .LVL55-.LVL54
 9856 03ef 03       		.uleb128 0x3
ARM GAS  /tmp/ccNufGNo.s 			page 174


 9857 03f0 08       		.byte	0x8
 9858 03f1 20       		.byte	0x20
 9859 03f2 9F       		.byte	0x9f
 9860 03f3 00       		.byte	0
 9861              	.LVUS0:
 9862 03f4 00       		.uleb128 0
 9863 03f5 00       		.uleb128 .LVU9
 9864 03f6 00       		.uleb128 .LVU9
 9865 03f7 00       		.uleb128 .LVU10
 9866 03f8 00       		.uleb128 .LVU10
 9867 03f9 00       		.uleb128 .LVU14
 9868 03fa 00       		.uleb128 .LVU14
 9869 03fb 00       		.uleb128 0
 9870              	.LLST0:
 9871 03fc 06       		.byte	0x6
 9872 03fd 00000000 		.4byte	.LVL0
 9873 0401 04       		.byte	0x4
 9874 0402 00       		.uleb128 .LVL0-.LVL0
 9875 0403 16       		.uleb128 .LVL2-.LVL0
 9876 0404 01       		.uleb128 0x1
 9877 0405 50       		.byte	0x50
 9878 0406 04       		.byte	0x4
 9879 0407 16       		.uleb128 .LVL2-.LVL0
 9880 0408 18       		.uleb128 .LVL3-.LVL0
 9881 0409 0A       		.uleb128 0xa
 9882 040a A3       		.byte	0xa3
 9883 040b 03       		.uleb128 0x3
 9884 040c A5       		.byte	0xa5
 9885 040d 00       		.uleb128 0
 9886 040e 26       		.uleb128 0x26
 9887 040f A8       		.byte	0xa8
 9888 0410 2D       		.uleb128 0x2d
 9889 0411 A8       		.byte	0xa8
 9890 0412 00       		.uleb128 0
 9891 0413 9F       		.byte	0x9f
 9892 0414 04       		.byte	0x4
 9893 0415 18       		.uleb128 .LVL3-.LVL0
 9894 0416 1C       		.uleb128 .LVL5-.LVL0
 9895 0417 01       		.uleb128 0x1
 9896 0418 50       		.byte	0x50
 9897 0419 04       		.byte	0x4
 9898 041a 1C       		.uleb128 .LVL5-.LVL0
 9899 041b 9801     		.uleb128 .LFE231-.LVL0
 9900 041d 0A       		.uleb128 0xa
 9901 041e A3       		.byte	0xa3
 9902 041f 03       		.uleb128 0x3
 9903 0420 A5       		.byte	0xa5
 9904 0421 00       		.uleb128 0
 9905 0422 26       		.uleb128 0x26
 9906 0423 A8       		.byte	0xa8
 9907 0424 2D       		.uleb128 0x2d
 9908 0425 A8       		.byte	0xa8
 9909 0426 00       		.uleb128 0
 9910 0427 9F       		.byte	0x9f
 9911 0428 00       		.byte	0
 9912              	.LVUS1:
 9913 0429 00       		.uleb128 .LVU25
ARM GAS  /tmp/ccNufGNo.s 			page 175


 9914 042a 00       		.uleb128 .LVU46
 9915 042b 00       		.uleb128 .LVU46
 9916 042c 00       		.uleb128 .LVU47
 9917 042d 00       		.uleb128 .LVU47
 9918 042e 00       		.uleb128 .LVU48
 9919 042f 00       		.uleb128 .LVU48
 9920 0430 00       		.uleb128 .LVU63
 9921 0431 00       		.uleb128 .LVU64
 9922 0432 00       		.uleb128 0
 9923              	.LLST1:
 9924 0433 06       		.byte	0x6
 9925 0434 36000000 		.4byte	.LVL8
 9926 0438 04       		.byte	0x4
 9927 0439 00       		.uleb128 .LVL8-.LVL8
 9928 043a 28       		.uleb128 .LVL12-.LVL8
 9929 043b 01       		.uleb128 0x1
 9930 043c 55       		.byte	0x55
 9931 043d 04       		.byte	0x4
 9932 043e 28       		.uleb128 .LVL12-.LVL8
 9933 043f 30       		.uleb128 .LVL13-.LVL8
 9934 0440 06       		.uleb128 0x6
 9935 0441 75       		.byte	0x75
 9936 0442 00       		.sleb128 0
 9937 0443 76       		.byte	0x76
 9938 0444 00       		.sleb128 0
 9939 0445 1E       		.byte	0x1e
 9940 0446 9F       		.byte	0x9f
 9941 0447 04       		.byte	0x4
 9942 0448 30       		.uleb128 .LVL13-.LVL8
 9943 0449 37       		.uleb128 .LVL14-1-.LVL8
 9944 044a 01       		.uleb128 0x1
 9945 044b 53       		.byte	0x53
 9946 044c 04       		.byte	0x4
 9947 044d 37       		.uleb128 .LVL14-1-.LVL8
 9948 044e 4A       		.uleb128 .LVL17-.LVL8
 9949 044f 06       		.uleb128 0x6
 9950 0450 75       		.byte	0x75
 9951 0451 00       		.sleb128 0
 9952 0452 76       		.byte	0x76
 9953 0453 00       		.sleb128 0
 9954 0454 1E       		.byte	0x1e
 9955 0455 9F       		.byte	0x9f
 9956 0456 04       		.byte	0x4
 9957 0457 52       		.uleb128 .LVL18-.LVL8
 9958 0458 62       		.uleb128 .LFE231-.LVL8
 9959 0459 01       		.uleb128 0x1
 9960 045a 55       		.byte	0x55
 9961 045b 00       		.byte	0
 9962              	.LVUS2:
 9963 045c 00       		.uleb128 .LVU12
 9964 045d 00       		.uleb128 .LVU17
 9965 045e 00       		.uleb128 .LVU17
 9966 045f 00       		.uleb128 .LVU20
 9967 0460 00       		.uleb128 .LVU20
 9968 0461 00       		.uleb128 .LVU31
 9969              	.LLST2:
 9970 0462 06       		.byte	0x6
ARM GAS  /tmp/ccNufGNo.s 			page 176


 9971 0463 1A000000 		.4byte	.LVL4
 9972 0467 04       		.byte	0x4
 9973 0468 00       		.uleb128 .LVL4-.LVL4
 9974 0469 0E       		.uleb128 .LVL6-.LVL4
 9975 046a 18       		.uleb128 0x18
 9976 046b 71       		.byte	0x71
 9977 046c 00       		.sleb128 0
 9978 046d 08       		.byte	0x8
 9979 046e FF       		.byte	0xff
 9980 046f 1A       		.byte	0x1a
 9981 0470 23       		.byte	0x23
 9982 0471 02       		.uleb128 0x2
 9983 0472 32       		.byte	0x32
 9984 0473 24       		.byte	0x24
 9985 0474 73       		.byte	0x73
 9986 0475 00       		.sleb128 0
 9987 0476 22       		.byte	0x22
 9988 0477 23       		.byte	0x23
 9989 0478 04       		.uleb128 0x4
 9990 0479 06       		.byte	0x6
 9991 047a 23       		.byte	0x23
 9992 047b 12       		.uleb128 0x12
 9993 047c 94       		.byte	0x94
 9994 047d 02       		.byte	0x2
 9995 047e 0A       		.byte	0xa
 9996 047f FFFF     		.2byte	0xffff
 9997 0481 1A       		.byte	0x1a
 9998 0482 9F       		.byte	0x9f
 9999 0483 04       		.byte	0x4
 10000 0484 0E       		.uleb128 .LVL6-.LVL4
 10001 0485 14       		.uleb128 .LVL7-.LVL4
 10002 0486 1B       		.uleb128 0x1b
 10003 0487 71       		.byte	0x71
 10004 0488 00       		.sleb128 0
 10005 0489 08       		.byte	0x8
 10006 048a FF       		.byte	0xff
 10007 048b 1A       		.byte	0x1a
 10008 048c 23       		.byte	0x23
 10009 048d 02       		.uleb128 0x2
 10010 048e 32       		.byte	0x32
 10011 048f 24       		.byte	0x24
 10012 0490 74       		.byte	0x74
 10013 0491 D404     		.sleb128 596
 10014 0493 06       		.byte	0x6
 10015 0494 06       		.byte	0x6
 10016 0495 22       		.byte	0x22
 10017 0496 23       		.byte	0x23
 10018 0497 04       		.uleb128 0x4
 10019 0498 06       		.byte	0x6
 10020 0499 23       		.byte	0x23
 10021 049a 12       		.uleb128 0x12
 10022 049b 94       		.byte	0x94
 10023 049c 02       		.byte	0x2
 10024 049d 0A       		.byte	0xa
 10025 049e FFFF     		.2byte	0xffff
 10026 04a0 1A       		.byte	0x1a
 10027 04a1 9F       		.byte	0x9f
ARM GAS  /tmp/ccNufGNo.s 			page 177


 10028 04a2 04       		.byte	0x4
 10029 04a3 14       		.uleb128 .LVL7-.LVL4
 10030 04a4 23       		.uleb128 .LVL9-1-.LVL4
 10031 04a5 21       		.uleb128 0x21
 10032 04a6 74       		.byte	0x74
 10033 04a7 D404     		.sleb128 596
 10034 04a9 06       		.byte	0x6
 10035 04aa 23       		.byte	0x23
 10036 04ab 05       		.uleb128 0x5
 10037 04ac 94       		.byte	0x94
 10038 04ad 01       		.byte	0x1
 10039 04ae 08       		.byte	0x8
 10040 04af FF       		.byte	0xff
 10041 04b0 1A       		.byte	0x1a
 10042 04b1 23       		.byte	0x23
 10043 04b2 02       		.uleb128 0x2
 10044 04b3 32       		.byte	0x32
 10045 04b4 24       		.byte	0x24
 10046 04b5 74       		.byte	0x74
 10047 04b6 D404     		.sleb128 596
 10048 04b8 06       		.byte	0x6
 10049 04b9 06       		.byte	0x6
 10050 04ba 22       		.byte	0x22
 10051 04bb 23       		.byte	0x23
 10052 04bc 04       		.uleb128 0x4
 10053 04bd 06       		.byte	0x6
 10054 04be 23       		.byte	0x23
 10055 04bf 12       		.uleb128 0x12
 10056 04c0 94       		.byte	0x94
 10057 04c1 02       		.byte	0x2
 10058 04c2 0A       		.byte	0xa
 10059 04c3 FFFF     		.2byte	0xffff
 10060 04c5 1A       		.byte	0x1a
 10061 04c6 9F       		.byte	0x9f
 10062 04c7 00       		.byte	0
 10063              	.LVUS3:
 10064 04c8 00       		.uleb128 .LVU5
 10065 04c9 00       		.uleb128 .LVU63
 10066 04ca 00       		.uleb128 .LVU64
 10067 04cb 00       		.uleb128 0
 10068              	.LLST3:
 10069 04cc 06       		.byte	0x6
 10070 04cd 04000000 		.4byte	.LVL1
 10071 04d1 04       		.byte	0x4
 10072 04d2 00       		.uleb128 .LVL1-.LVL1
 10073 04d3 7C       		.uleb128 .LVL17-.LVL1
 10074 04d4 01       		.uleb128 0x1
 10075 04d5 54       		.byte	0x54
 10076 04d6 04       		.byte	0x4
 10077 04d7 8401     		.uleb128 .LVL18-.LVL1
 10078 04d9 9401     		.uleb128 .LFE231-.LVL1
 10079 04db 01       		.uleb128 0x1
 10080 04dc 54       		.byte	0x54
 10081 04dd 00       		.byte	0
 10082              	.LVUS5:
 10083 04de 04       		.uleb128 .LVU40
 10084 04df 00       		.uleb128 .LVU42
ARM GAS  /tmp/ccNufGNo.s 			page 178


 10085              	.LLST5:
 10086 04e0 08       		.byte	0x8
 10087 04e1 50000000 		.4byte	.LVL10
 10088 04e5 06       		.uleb128 .LVL11-.LVL10
 10089 04e6 02       		.uleb128 0x2
 10090 04e7 30       		.byte	0x30
 10091 04e8 9F       		.byte	0x9f
 10092 04e9 00       		.byte	0
 10093              	.LVUS6:
 10094 04ea 07       		.uleb128 .LVU55
 10095 04eb 00       		.uleb128 .LVU57
 10096              	.LLST6:
 10097 04ec 08       		.byte	0x8
 10098 04ed 6E000000 		.4byte	.LVL14
 10099 04f1 06       		.uleb128 .LVL15-.LVL14
 10100 04f2 03       		.uleb128 0x3
 10101 04f3 08       		.byte	0x8
 10102 04f4 20       		.byte	0x20
 10103 04f5 9F       		.byte	0x9f
 10104 04f6 00       		.byte	0
 10105              	.LVUS7:
 10106 04f7 00       		.uleb128 0
 10107 04f8 00       		.uleb128 .LVU68
 10108 04f9 00       		.uleb128 .LVU68
 10109 04fa 00       		.uleb128 .LVU69
 10110 04fb 00       		.uleb128 .LVU69
 10111 04fc 00       		.uleb128 0
 10112              	.LLST7:
 10113 04fd 06       		.byte	0x6
 10114 04fe 00000000 		.4byte	.LVL20
 10115 0502 04       		.byte	0x4
 10116 0503 00       		.uleb128 .LVL20-.LVL20
 10117 0504 02       		.uleb128 .LVL21-.LVL20
 10118 0505 01       		.uleb128 0x1
 10119 0506 50       		.byte	0x50
 10120 0507 04       		.byte	0x4
 10121 0508 02       		.uleb128 .LVL21-.LVL20
 10122 0509 05       		.uleb128 .LVL22-1-.LVL20
 10123 050a 03       		.uleb128 0x3
 10124 050b 70       		.byte	0x70
 10125 050c 74       		.sleb128 -12
 10126 050d 9F       		.byte	0x9f
 10127 050e 04       		.byte	0x4
 10128 050f 05       		.uleb128 .LVL22-1-.LVL20
 10129 0510 06       		.uleb128 .LFE230-.LVL20
 10130 0511 0A       		.uleb128 0xa
 10131 0512 A3       		.byte	0xa3
 10132 0513 03       		.uleb128 0x3
 10133 0514 A5       		.byte	0xa5
 10134 0515 00       		.uleb128 0
 10135 0516 26       		.uleb128 0x26
 10136 0517 A8       		.byte	0xa8
 10137 0518 2D       		.uleb128 0x2d
 10138 0519 A8       		.byte	0xa8
 10139 051a 00       		.uleb128 0
 10140 051b 9F       		.byte	0x9f
 10141 051c 00       		.byte	0
ARM GAS  /tmp/ccNufGNo.s 			page 179


 10142              	.LVUS8:
 10143 051d 00       		.uleb128 0
 10144 051e 00       		.uleb128 .LVU69
 10145 051f 00       		.uleb128 .LVU69
 10146 0520 00       		.uleb128 0
 10147              	.LLST8:
 10148 0521 06       		.byte	0x6
 10149 0522 00000000 		.4byte	.LVL20
 10150 0526 04       		.byte	0x4
 10151 0527 00       		.uleb128 .LVL20-.LVL20
 10152 0528 05       		.uleb128 .LVL22-1-.LVL20
 10153 0529 01       		.uleb128 0x1
 10154 052a 51       		.byte	0x51
 10155 052b 04       		.byte	0x4
 10156 052c 05       		.uleb128 .LVL22-1-.LVL20
 10157 052d 06       		.uleb128 .LFE230-.LVL20
 10158 052e 0A       		.uleb128 0xa
 10159 052f A3       		.byte	0xa3
 10160 0530 03       		.uleb128 0x3
 10161 0531 A5       		.byte	0xa5
 10162 0532 01       		.uleb128 0x1
 10163 0533 26       		.uleb128 0x26
 10164 0534 A8       		.byte	0xa8
 10165 0535 2D       		.uleb128 0x2d
 10166 0536 A8       		.byte	0xa8
 10167 0537 00       		.uleb128 0
 10168 0538 9F       		.byte	0x9f
 10169 0539 00       		.byte	0
 10170              	.LVUS9:
 10171 053a 00       		.uleb128 0
 10172 053b 00       		.uleb128 .LVU69
 10173 053c 00       		.uleb128 .LVU69
 10174 053d 00       		.uleb128 0
 10175              	.LLST9:
 10176 053e 06       		.byte	0x6
 10177 053f 00000000 		.4byte	.LVL20
 10178 0543 04       		.byte	0x4
 10179 0544 00       		.uleb128 .LVL20-.LVL20
 10180 0545 05       		.uleb128 .LVL22-1-.LVL20
 10181 0546 01       		.uleb128 0x1
 10182 0547 52       		.byte	0x52
 10183 0548 04       		.byte	0x4
 10184 0549 05       		.uleb128 .LVL22-1-.LVL20
 10185 054a 06       		.uleb128 .LFE230-.LVL20
 10186 054b 0A       		.uleb128 0xa
 10187 054c A3       		.byte	0xa3
 10188 054d 03       		.uleb128 0x3
 10189 054e A5       		.byte	0xa5
 10190 054f 02       		.uleb128 0x2
 10191 0550 26       		.uleb128 0x26
 10192 0551 A8       		.byte	0xa8
 10193 0552 2D       		.uleb128 0x2d
 10194 0553 A8       		.byte	0xa8
 10195 0554 00       		.uleb128 0
 10196 0555 9F       		.byte	0x9f
 10197 0556 00       		.byte	0
 10198              	.LVUS10:
ARM GAS  /tmp/ccNufGNo.s 			page 180


 10199 0557 00       		.uleb128 0
 10200 0558 00       		.uleb128 .LVU69
 10201 0559 00       		.uleb128 .LVU69
 10202 055a 00       		.uleb128 0
 10203              	.LLST10:
 10204 055b 06       		.byte	0x6
 10205 055c 00000000 		.4byte	.LVL20
 10206 0560 04       		.byte	0x4
 10207 0561 00       		.uleb128 .LVL20-.LVL20
 10208 0562 05       		.uleb128 .LVL22-1-.LVL20
 10209 0563 01       		.uleb128 0x1
 10210 0564 53       		.byte	0x53
 10211 0565 04       		.byte	0x4
 10212 0566 05       		.uleb128 .LVL22-1-.LVL20
 10213 0567 06       		.uleb128 .LFE230-.LVL20
 10214 0568 0A       		.uleb128 0xa
 10215 0569 A3       		.byte	0xa3
 10216 056a 03       		.uleb128 0x3
 10217 056b A5       		.byte	0xa5
 10218 056c 03       		.uleb128 0x3
 10219 056d 26       		.uleb128 0x26
 10220 056e A8       		.byte	0xa8
 10221 056f 2D       		.uleb128 0x2d
 10222 0570 A8       		.byte	0xa8
 10223 0571 00       		.uleb128 0
 10224 0572 9F       		.byte	0x9f
 10225 0573 00       		.byte	0
 10226              	.LVUS14:
 10227 0574 00       		.uleb128 0
 10228 0575 00       		.uleb128 .LVU78
 10229 0576 00       		.uleb128 .LVU78
 10230 0577 00       		.uleb128 .LVU79
 10231 0578 00       		.uleb128 .LVU79
 10232 0579 00       		.uleb128 0
 10233              	.LLST14:
 10234 057a 06       		.byte	0x6
 10235 057b 00000000 		.4byte	.LVL26
 10236 057f 04       		.byte	0x4
 10237 0580 00       		.uleb128 .LVL26-.LVL26
 10238 0581 02       		.uleb128 .LVL27-.LVL26
 10239 0582 01       		.uleb128 0x1
 10240 0583 50       		.byte	0x50
 10241 0584 04       		.byte	0x4
 10242 0585 02       		.uleb128 .LVL27-.LVL26
 10243 0586 05       		.uleb128 .LVL28-1-.LVL26
 10244 0587 03       		.uleb128 0x3
 10245 0588 70       		.byte	0x70
 10246 0589 50       		.sleb128 -48
 10247 058a 9F       		.byte	0x9f
 10248 058b 04       		.byte	0x4
 10249 058c 05       		.uleb128 .LVL28-1-.LVL26
 10250 058d 06       		.uleb128 .LFE229-.LVL26
 10251 058e 0A       		.uleb128 0xa
 10252 058f A3       		.byte	0xa3
 10253 0590 03       		.uleb128 0x3
 10254 0591 A5       		.byte	0xa5
 10255 0592 00       		.uleb128 0
ARM GAS  /tmp/ccNufGNo.s 			page 181


 10256 0593 26       		.uleb128 0x26
 10257 0594 A8       		.byte	0xa8
 10258 0595 2D       		.uleb128 0x2d
 10259 0596 A8       		.byte	0xa8
 10260 0597 00       		.uleb128 0
 10261 0598 9F       		.byte	0x9f
 10262 0599 00       		.byte	0
 10263              	.LVUS15:
 10264 059a 00       		.uleb128 0
 10265 059b 00       		.uleb128 .LVU79
 10266 059c 00       		.uleb128 .LVU79
 10267 059d 00       		.uleb128 0
 10268              	.LLST15:
 10269 059e 06       		.byte	0x6
 10270 059f 00000000 		.4byte	.LVL26
 10271 05a3 04       		.byte	0x4
 10272 05a4 00       		.uleb128 .LVL26-.LVL26
 10273 05a5 05       		.uleb128 .LVL28-1-.LVL26
 10274 05a6 01       		.uleb128 0x1
 10275 05a7 51       		.byte	0x51
 10276 05a8 04       		.byte	0x4
 10277 05a9 05       		.uleb128 .LVL28-1-.LVL26
 10278 05aa 06       		.uleb128 .LFE229-.LVL26
 10279 05ab 0A       		.uleb128 0xa
 10280 05ac A3       		.byte	0xa3
 10281 05ad 03       		.uleb128 0x3
 10282 05ae A5       		.byte	0xa5
 10283 05af 01       		.uleb128 0x1
 10284 05b0 26       		.uleb128 0x26
 10285 05b1 A8       		.byte	0xa8
 10286 05b2 2D       		.uleb128 0x2d
 10287 05b3 A8       		.byte	0xa8
 10288 05b4 00       		.uleb128 0
 10289 05b5 9F       		.byte	0x9f
 10290 05b6 00       		.byte	0
 10291              	.LVUS16:
 10292 05b7 00       		.uleb128 0
 10293 05b8 00       		.uleb128 .LVU79
 10294 05b9 00       		.uleb128 .LVU79
 10295 05ba 00       		.uleb128 0
 10296              	.LLST16:
 10297 05bb 06       		.byte	0x6
 10298 05bc 00000000 		.4byte	.LVL26
 10299 05c0 04       		.byte	0x4
 10300 05c1 00       		.uleb128 .LVL26-.LVL26
 10301 05c2 05       		.uleb128 .LVL28-1-.LVL26
 10302 05c3 01       		.uleb128 0x1
 10303 05c4 52       		.byte	0x52
 10304 05c5 04       		.byte	0x4
 10305 05c6 05       		.uleb128 .LVL28-1-.LVL26
 10306 05c7 06       		.uleb128 .LFE229-.LVL26
 10307 05c8 0A       		.uleb128 0xa
 10308 05c9 A3       		.byte	0xa3
 10309 05ca 03       		.uleb128 0x3
 10310 05cb A5       		.byte	0xa5
 10311 05cc 02       		.uleb128 0x2
 10312 05cd 26       		.uleb128 0x26
ARM GAS  /tmp/ccNufGNo.s 			page 182


 10313 05ce A8       		.byte	0xa8
 10314 05cf 2D       		.uleb128 0x2d
 10315 05d0 A8       		.byte	0xa8
 10316 05d1 00       		.uleb128 0
 10317 05d2 9F       		.byte	0x9f
 10318 05d3 00       		.byte	0
 10319              	.LVUS17:
 10320 05d4 00       		.uleb128 0
 10321 05d5 00       		.uleb128 .LVU79
 10322 05d6 00       		.uleb128 .LVU79
 10323 05d7 00       		.uleb128 0
 10324              	.LLST17:
 10325 05d8 06       		.byte	0x6
 10326 05d9 00000000 		.4byte	.LVL26
 10327 05dd 04       		.byte	0x4
 10328 05de 00       		.uleb128 .LVL26-.LVL26
 10329 05df 05       		.uleb128 .LVL28-1-.LVL26
 10330 05e0 01       		.uleb128 0x1
 10331 05e1 53       		.byte	0x53
 10332 05e2 04       		.byte	0x4
 10333 05e3 05       		.uleb128 .LVL28-1-.LVL26
 10334 05e4 06       		.uleb128 .LFE229-.LVL26
 10335 05e5 0A       		.uleb128 0xa
 10336 05e6 A3       		.byte	0xa3
 10337 05e7 03       		.uleb128 0x3
 10338 05e8 A5       		.byte	0xa5
 10339 05e9 03       		.uleb128 0x3
 10340 05ea 26       		.uleb128 0x26
 10341 05eb A8       		.byte	0xa8
 10342 05ec 2D       		.uleb128 0x2d
 10343 05ed A8       		.byte	0xa8
 10344 05ee 00       		.uleb128 0
 10345 05ef 9F       		.byte	0x9f
 10346 05f0 00       		.byte	0
 10347              	.LVUS21:
 10348 05f1 00       		.uleb128 0
 10349 05f2 00       		.uleb128 .LVU88
 10350 05f3 00       		.uleb128 .LVU88
 10351 05f4 00       		.uleb128 .LVU89
 10352 05f5 00       		.uleb128 .LVU89
 10353 05f6 00       		.uleb128 0
 10354              	.LLST21:
 10355 05f7 06       		.byte	0x6
 10356 05f8 00000000 		.4byte	.LVL32
 10357 05fc 04       		.byte	0x4
 10358 05fd 00       		.uleb128 .LVL32-.LVL32
 10359 05fe 02       		.uleb128 .LVL33-.LVL32
 10360 05ff 01       		.uleb128 0x1
 10361 0600 50       		.byte	0x50
 10362 0601 04       		.byte	0x4
 10363 0602 02       		.uleb128 .LVL33-.LVL32
 10364 0603 05       		.uleb128 .LVL34-1-.LVL32
 10365 0604 03       		.uleb128 0x3
 10366 0605 70       		.byte	0x70
 10367 0606 74       		.sleb128 -12
 10368 0607 9F       		.byte	0x9f
 10369 0608 04       		.byte	0x4
ARM GAS  /tmp/ccNufGNo.s 			page 183


 10370 0609 05       		.uleb128 .LVL34-1-.LVL32
 10371 060a 06       		.uleb128 .LFE228-.LVL32
 10372 060b 0A       		.uleb128 0xa
 10373 060c A3       		.byte	0xa3
 10374 060d 03       		.uleb128 0x3
 10375 060e A5       		.byte	0xa5
 10376 060f 00       		.uleb128 0
 10377 0610 26       		.uleb128 0x26
 10378 0611 A8       		.byte	0xa8
 10379 0612 2D       		.uleb128 0x2d
 10380 0613 A8       		.byte	0xa8
 10381 0614 00       		.uleb128 0
 10382 0615 9F       		.byte	0x9f
 10383 0616 00       		.byte	0
 10384              	.LVUS22:
 10385 0617 00       		.uleb128 0
 10386 0618 00       		.uleb128 .LVU89
 10387 0619 00       		.uleb128 .LVU89
 10388 061a 00       		.uleb128 0
 10389              	.LLST22:
 10390 061b 06       		.byte	0x6
 10391 061c 00000000 		.4byte	.LVL32
 10392 0620 04       		.byte	0x4
 10393 0621 00       		.uleb128 .LVL32-.LVL32
 10394 0622 05       		.uleb128 .LVL34-1-.LVL32
 10395 0623 01       		.uleb128 0x1
 10396 0624 51       		.byte	0x51
 10397 0625 04       		.byte	0x4
 10398 0626 05       		.uleb128 .LVL34-1-.LVL32
 10399 0627 06       		.uleb128 .LFE228-.LVL32
 10400 0628 0A       		.uleb128 0xa
 10401 0629 A3       		.byte	0xa3
 10402 062a 03       		.uleb128 0x3
 10403 062b A5       		.byte	0xa5
 10404 062c 01       		.uleb128 0x1
 10405 062d 26       		.uleb128 0x26
 10406 062e A8       		.byte	0xa8
 10407 062f 2D       		.uleb128 0x2d
 10408 0630 A8       		.byte	0xa8
 10409 0631 00       		.uleb128 0
 10410 0632 9F       		.byte	0x9f
 10411 0633 00       		.byte	0
 10412              	.LVUS24:
 10413 0634 00       		.uleb128 0
 10414 0635 00       		.uleb128 .LVU98
 10415 0636 00       		.uleb128 .LVU98
 10416 0637 00       		.uleb128 .LVU99
 10417 0638 00       		.uleb128 .LVU99
 10418 0639 00       		.uleb128 0
 10419              	.LLST24:
 10420 063a 06       		.byte	0x6
 10421 063b 00000000 		.4byte	.LVL38
 10422 063f 04       		.byte	0x4
 10423 0640 00       		.uleb128 .LVL38-.LVL38
 10424 0641 02       		.uleb128 .LVL39-.LVL38
 10425 0642 01       		.uleb128 0x1
 10426 0643 50       		.byte	0x50
ARM GAS  /tmp/ccNufGNo.s 			page 184


 10427 0644 04       		.byte	0x4
 10428 0645 02       		.uleb128 .LVL39-.LVL38
 10429 0646 05       		.uleb128 .LVL40-1-.LVL38
 10430 0647 03       		.uleb128 0x3
 10431 0648 70       		.byte	0x70
 10432 0649 50       		.sleb128 -48
 10433 064a 9F       		.byte	0x9f
 10434 064b 04       		.byte	0x4
 10435 064c 05       		.uleb128 .LVL40-1-.LVL38
 10436 064d 06       		.uleb128 .LFE227-.LVL38
 10437 064e 0A       		.uleb128 0xa
 10438 064f A3       		.byte	0xa3
 10439 0650 03       		.uleb128 0x3
 10440 0651 A5       		.byte	0xa5
 10441 0652 00       		.uleb128 0
 10442 0653 26       		.uleb128 0x26
 10443 0654 A8       		.byte	0xa8
 10444 0655 2D       		.uleb128 0x2d
 10445 0656 A8       		.byte	0xa8
 10446 0657 00       		.uleb128 0
 10447 0658 9F       		.byte	0x9f
 10448 0659 00       		.byte	0
 10449              	.LVUS25:
 10450 065a 00       		.uleb128 0
 10451 065b 00       		.uleb128 .LVU99
 10452 065c 00       		.uleb128 .LVU99
 10453 065d 00       		.uleb128 0
 10454              	.LLST25:
 10455 065e 06       		.byte	0x6
 10456 065f 00000000 		.4byte	.LVL38
 10457 0663 04       		.byte	0x4
 10458 0664 00       		.uleb128 .LVL38-.LVL38
 10459 0665 05       		.uleb128 .LVL40-1-.LVL38
 10460 0666 01       		.uleb128 0x1
 10461 0667 51       		.byte	0x51
 10462 0668 04       		.byte	0x4
 10463 0669 05       		.uleb128 .LVL40-1-.LVL38
 10464 066a 06       		.uleb128 .LFE227-.LVL38
 10465 066b 0A       		.uleb128 0xa
 10466 066c A3       		.byte	0xa3
 10467 066d 03       		.uleb128 0x3
 10468 066e A5       		.byte	0xa5
 10469 066f 01       		.uleb128 0x1
 10470 0670 26       		.uleb128 0x26
 10471 0671 A8       		.byte	0xa8
 10472 0672 34       		.uleb128 0x34
 10473 0673 A8       		.byte	0xa8
 10474 0674 00       		.uleb128 0
 10475 0675 9F       		.byte	0x9f
 10476 0676 00       		.byte	0
 10477              	.LVUS26:
 10478 0677 00       		.uleb128 0
 10479 0678 00       		.uleb128 .LVU99
 10480 0679 00       		.uleb128 .LVU99
 10481 067a 00       		.uleb128 0
 10482              	.LLST26:
 10483 067b 06       		.byte	0x6
ARM GAS  /tmp/ccNufGNo.s 			page 185


 10484 067c 00000000 		.4byte	.LVL38
 10485 0680 04       		.byte	0x4
 10486 0681 00       		.uleb128 .LVL38-.LVL38
 10487 0682 05       		.uleb128 .LVL40-1-.LVL38
 10488 0683 01       		.uleb128 0x1
 10489 0684 52       		.byte	0x52
 10490 0685 04       		.byte	0x4
 10491 0686 05       		.uleb128 .LVL40-1-.LVL38
 10492 0687 06       		.uleb128 .LFE227-.LVL38
 10493 0688 0A       		.uleb128 0xa
 10494 0689 A3       		.byte	0xa3
 10495 068a 03       		.uleb128 0x3
 10496 068b A5       		.byte	0xa5
 10497 068c 02       		.uleb128 0x2
 10498 068d 26       		.uleb128 0x26
 10499 068e A8       		.byte	0xa8
 10500 068f 2D       		.uleb128 0x2d
 10501 0690 A8       		.byte	0xa8
 10502 0691 00       		.uleb128 0
 10503 0692 9F       		.byte	0x9f
 10504 0693 00       		.byte	0
 10505              	.LVUS23:
 10506 0694 00       		.uleb128 0
 10507 0695 00       		.uleb128 .LVU93
 10508 0696 00       		.uleb128 .LVU93
 10509 0697 00       		.uleb128 .LVU94
 10510 0698 00       		.uleb128 .LVU94
 10511 0699 00       		.uleb128 0
 10512              	.LLST23:
 10513 069a 06       		.byte	0x6
 10514 069b 00000000 		.4byte	.LVL35
 10515 069f 04       		.byte	0x4
 10516 06a0 00       		.uleb128 .LVL35-.LVL35
 10517 06a1 06       		.uleb128 .LVL36-.LVL35
 10518 06a2 01       		.uleb128 0x1
 10519 06a3 50       		.byte	0x50
 10520 06a4 04       		.byte	0x4
 10521 06a5 06       		.uleb128 .LVL36-.LVL35
 10522 06a6 09       		.uleb128 .LVL37-1-.LVL35
 10523 06a7 03       		.uleb128 0x3
 10524 06a8 70       		.byte	0x70
 10525 06a9 74       		.sleb128 -12
 10526 06aa 9F       		.byte	0x9f
 10527 06ab 04       		.byte	0x4
 10528 06ac 09       		.uleb128 .LVL37-1-.LVL35
 10529 06ad 0A       		.uleb128 .LFE226-.LVL35
 10530 06ae 0A       		.uleb128 0xa
 10531 06af A3       		.byte	0xa3
 10532 06b0 03       		.uleb128 0x3
 10533 06b1 A5       		.byte	0xa5
 10534 06b2 00       		.uleb128 0
 10535 06b3 26       		.uleb128 0x26
 10536 06b4 A8       		.byte	0xa8
 10537 06b5 2D       		.uleb128 0x2d
 10538 06b6 A8       		.byte	0xa8
 10539 06b7 00       		.uleb128 0
 10540 06b8 9F       		.byte	0x9f
ARM GAS  /tmp/ccNufGNo.s 			page 186


 10541 06b9 00       		.byte	0
 10542              	.LVUS27:
 10543 06ba 00       		.uleb128 0
 10544 06bb 00       		.uleb128 .LVU103
 10545 06bc 00       		.uleb128 .LVU103
 10546 06bd 00       		.uleb128 .LVU104
 10547 06be 00       		.uleb128 .LVU104
 10548 06bf 00       		.uleb128 0
 10549              	.LLST27:
 10550 06c0 06       		.byte	0x6
 10551 06c1 00000000 		.4byte	.LVL41
 10552 06c5 04       		.byte	0x4
 10553 06c6 00       		.uleb128 .LVL41-.LVL41
 10554 06c7 06       		.uleb128 .LVL42-.LVL41
 10555 06c8 01       		.uleb128 0x1
 10556 06c9 50       		.byte	0x50
 10557 06ca 04       		.byte	0x4
 10558 06cb 06       		.uleb128 .LVL42-.LVL41
 10559 06cc 09       		.uleb128 .LVL43-1-.LVL41
 10560 06cd 03       		.uleb128 0x3
 10561 06ce 70       		.byte	0x70
 10562 06cf 50       		.sleb128 -48
 10563 06d0 9F       		.byte	0x9f
 10564 06d1 04       		.byte	0x4
 10565 06d2 09       		.uleb128 .LVL43-1-.LVL41
 10566 06d3 0A       		.uleb128 .LFE225-.LVL41
 10567 06d4 0A       		.uleb128 0xa
 10568 06d5 A3       		.byte	0xa3
 10569 06d6 03       		.uleb128 0x3
 10570 06d7 A5       		.byte	0xa5
 10571 06d8 00       		.uleb128 0
 10572 06d9 26       		.uleb128 0x26
 10573 06da A8       		.byte	0xa8
 10574 06db 2D       		.uleb128 0x2d
 10575 06dc A8       		.byte	0xa8
 10576 06dd 00       		.uleb128 0
 10577 06de 9F       		.byte	0x9f
 10578 06df 00       		.byte	0
 10579              	.LVUS28:
 10580 06e0 00       		.uleb128 0
 10581 06e1 00       		.uleb128 .LVU104
 10582 06e2 00       		.uleb128 .LVU104
 10583 06e3 00       		.uleb128 0
 10584              	.LLST28:
 10585 06e4 06       		.byte	0x6
 10586 06e5 00000000 		.4byte	.LVL41
 10587 06e9 04       		.byte	0x4
 10588 06ea 00       		.uleb128 .LVL41-.LVL41
 10589 06eb 09       		.uleb128 .LVL43-1-.LVL41
 10590 06ec 01       		.uleb128 0x1
 10591 06ed 51       		.byte	0x51
 10592 06ee 04       		.byte	0x4
 10593 06ef 09       		.uleb128 .LVL43-1-.LVL41
 10594 06f0 0A       		.uleb128 .LFE225-.LVL41
 10595 06f1 0A       		.uleb128 0xa
 10596 06f2 A3       		.byte	0xa3
 10597 06f3 03       		.uleb128 0x3
ARM GAS  /tmp/ccNufGNo.s 			page 187


 10598 06f4 A5       		.byte	0xa5
 10599 06f5 01       		.uleb128 0x1
 10600 06f6 26       		.uleb128 0x26
 10601 06f7 A8       		.byte	0xa8
 10602 06f8 34       		.uleb128 0x34
 10603 06f9 A8       		.byte	0xa8
 10604 06fa 00       		.uleb128 0
 10605 06fb 9F       		.byte	0x9f
 10606 06fc 00       		.byte	0
 10607              	.LVUS11:
 10608 06fd 00       		.uleb128 0
 10609 06fe 00       		.uleb128 .LVU73
 10610 06ff 00       		.uleb128 .LVU73
 10611 0700 00       		.uleb128 .LVU74
 10612 0701 00       		.uleb128 .LVU74
 10613 0702 00       		.uleb128 0
 10614              	.LLST11:
 10615 0703 06       		.byte	0x6
 10616 0704 00000000 		.4byte	.LVL23
 10617 0708 04       		.byte	0x4
 10618 0709 00       		.uleb128 .LVL23-.LVL23
 10619 070a 06       		.uleb128 .LVL24-.LVL23
 10620 070b 01       		.uleb128 0x1
 10621 070c 50       		.byte	0x50
 10622 070d 04       		.byte	0x4
 10623 070e 06       		.uleb128 .LVL24-.LVL23
 10624 070f 09       		.uleb128 .LVL25-1-.LVL23
 10625 0710 03       		.uleb128 0x3
 10626 0711 70       		.byte	0x70
 10627 0712 74       		.sleb128 -12
 10628 0713 9F       		.byte	0x9f
 10629 0714 04       		.byte	0x4
 10630 0715 09       		.uleb128 .LVL25-1-.LVL23
 10631 0716 0A       		.uleb128 .LFE224-.LVL23
 10632 0717 0A       		.uleb128 0xa
 10633 0718 A3       		.byte	0xa3
 10634 0719 03       		.uleb128 0x3
 10635 071a A5       		.byte	0xa5
 10636 071b 00       		.uleb128 0
 10637 071c 26       		.uleb128 0x26
 10638 071d A8       		.byte	0xa8
 10639 071e 2D       		.uleb128 0x2d
 10640 071f A8       		.byte	0xa8
 10641 0720 00       		.uleb128 0
 10642 0721 9F       		.byte	0x9f
 10643 0722 00       		.byte	0
 10644              	.LVUS12:
 10645 0723 00       		.uleb128 0
 10646 0724 00       		.uleb128 .LVU74
 10647 0725 00       		.uleb128 .LVU74
 10648 0726 00       		.uleb128 0
 10649              	.LLST12:
 10650 0727 06       		.byte	0x6
 10651 0728 00000000 		.4byte	.LVL23
 10652 072c 04       		.byte	0x4
 10653 072d 00       		.uleb128 .LVL23-.LVL23
 10654 072e 09       		.uleb128 .LVL25-1-.LVL23
ARM GAS  /tmp/ccNufGNo.s 			page 188


 10655 072f 01       		.uleb128 0x1
 10656 0730 51       		.byte	0x51
 10657 0731 04       		.byte	0x4
 10658 0732 09       		.uleb128 .LVL25-1-.LVL23
 10659 0733 0A       		.uleb128 .LFE224-.LVL23
 10660 0734 0A       		.uleb128 0xa
 10661 0735 A3       		.byte	0xa3
 10662 0736 03       		.uleb128 0x3
 10663 0737 A5       		.byte	0xa5
 10664 0738 01       		.uleb128 0x1
 10665 0739 26       		.uleb128 0x26
 10666 073a A8       		.byte	0xa8
 10667 073b 2D       		.uleb128 0x2d
 10668 073c A8       		.byte	0xa8
 10669 073d 00       		.uleb128 0
 10670 073e 9F       		.byte	0x9f
 10671 073f 00       		.byte	0
 10672              	.LVUS13:
 10673 0740 00       		.uleb128 0
 10674 0741 00       		.uleb128 .LVU74
 10675 0742 00       		.uleb128 .LVU74
 10676 0743 00       		.uleb128 0
 10677              	.LLST13:
 10678 0744 06       		.byte	0x6
 10679 0745 00000000 		.4byte	.LVL23
 10680 0749 04       		.byte	0x4
 10681 074a 00       		.uleb128 .LVL23-.LVL23
 10682 074b 09       		.uleb128 .LVL25-1-.LVL23
 10683 074c 01       		.uleb128 0x1
 10684 074d 52       		.byte	0x52
 10685 074e 04       		.byte	0x4
 10686 074f 09       		.uleb128 .LVL25-1-.LVL23
 10687 0750 0A       		.uleb128 .LFE224-.LVL23
 10688 0751 0A       		.uleb128 0xa
 10689 0752 A3       		.byte	0xa3
 10690 0753 03       		.uleb128 0x3
 10691 0754 A5       		.byte	0xa5
 10692 0755 02       		.uleb128 0x2
 10693 0756 26       		.uleb128 0x26
 10694 0757 A8       		.byte	0xa8
 10695 0758 2D       		.uleb128 0x2d
 10696 0759 A8       		.byte	0xa8
 10697 075a 00       		.uleb128 0
 10698 075b 9F       		.byte	0x9f
 10699 075c 00       		.byte	0
 10700              	.LVUS18:
 10701 075d 00       		.uleb128 0
 10702 075e 00       		.uleb128 .LVU83
 10703 075f 00       		.uleb128 .LVU83
 10704 0760 00       		.uleb128 .LVU84
 10705 0761 00       		.uleb128 .LVU84
 10706 0762 00       		.uleb128 0
 10707              	.LLST18:
 10708 0763 06       		.byte	0x6
 10709 0764 00000000 		.4byte	.LVL29
 10710 0768 04       		.byte	0x4
 10711 0769 00       		.uleb128 .LVL29-.LVL29
ARM GAS  /tmp/ccNufGNo.s 			page 189


 10712 076a 06       		.uleb128 .LVL30-.LVL29
 10713 076b 01       		.uleb128 0x1
 10714 076c 50       		.byte	0x50
 10715 076d 04       		.byte	0x4
 10716 076e 06       		.uleb128 .LVL30-.LVL29
 10717 076f 09       		.uleb128 .LVL31-1-.LVL29
 10718 0770 03       		.uleb128 0x3
 10719 0771 70       		.byte	0x70
 10720 0772 50       		.sleb128 -48
 10721 0773 9F       		.byte	0x9f
 10722 0774 04       		.byte	0x4
 10723 0775 09       		.uleb128 .LVL31-1-.LVL29
 10724 0776 0A       		.uleb128 .LFE223-.LVL29
 10725 0777 0A       		.uleb128 0xa
 10726 0778 A3       		.byte	0xa3
 10727 0779 03       		.uleb128 0x3
 10728 077a A5       		.byte	0xa5
 10729 077b 00       		.uleb128 0
 10730 077c 26       		.uleb128 0x26
 10731 077d A8       		.byte	0xa8
 10732 077e 2D       		.uleb128 0x2d
 10733 077f A8       		.byte	0xa8
 10734 0780 00       		.uleb128 0
 10735 0781 9F       		.byte	0x9f
 10736 0782 00       		.byte	0
 10737              	.LVUS19:
 10738 0783 00       		.uleb128 0
 10739 0784 00       		.uleb128 .LVU84
 10740 0785 00       		.uleb128 .LVU84
 10741 0786 00       		.uleb128 0
 10742              	.LLST19:
 10743 0787 06       		.byte	0x6
 10744 0788 00000000 		.4byte	.LVL29
 10745 078c 04       		.byte	0x4
 10746 078d 00       		.uleb128 .LVL29-.LVL29
 10747 078e 09       		.uleb128 .LVL31-1-.LVL29
 10748 078f 01       		.uleb128 0x1
 10749 0790 51       		.byte	0x51
 10750 0791 04       		.byte	0x4
 10751 0792 09       		.uleb128 .LVL31-1-.LVL29
 10752 0793 0A       		.uleb128 .LFE223-.LVL29
 10753 0794 0A       		.uleb128 0xa
 10754 0795 A3       		.byte	0xa3
 10755 0796 03       		.uleb128 0x3
 10756 0797 A5       		.byte	0xa5
 10757 0798 01       		.uleb128 0x1
 10758 0799 26       		.uleb128 0x26
 10759 079a A8       		.byte	0xa8
 10760 079b 2D       		.uleb128 0x2d
 10761 079c A8       		.byte	0xa8
 10762 079d 00       		.uleb128 0
 10763 079e 9F       		.byte	0x9f
 10764 079f 00       		.byte	0
 10765              	.LVUS20:
 10766 07a0 00       		.uleb128 0
 10767 07a1 00       		.uleb128 .LVU84
 10768 07a2 00       		.uleb128 .LVU84
ARM GAS  /tmp/ccNufGNo.s 			page 190


 10769 07a3 00       		.uleb128 0
 10770              	.LLST20:
 10771 07a4 06       		.byte	0x6
 10772 07a5 00000000 		.4byte	.LVL29
 10773 07a9 04       		.byte	0x4
 10774 07aa 00       		.uleb128 .LVL29-.LVL29
 10775 07ab 09       		.uleb128 .LVL31-1-.LVL29
 10776 07ac 01       		.uleb128 0x1
 10777 07ad 52       		.byte	0x52
 10778 07ae 04       		.byte	0x4
 10779 07af 09       		.uleb128 .LVL31-1-.LVL29
 10780 07b0 0A       		.uleb128 .LFE223-.LVL29
 10781 07b1 0A       		.uleb128 0xa
 10782 07b2 A3       		.byte	0xa3
 10783 07b3 03       		.uleb128 0x3
 10784 07b4 A5       		.byte	0xa5
 10785 07b5 02       		.uleb128 0x2
 10786 07b6 26       		.uleb128 0x26
 10787 07b7 A8       		.byte	0xa8
 10788 07b8 2D       		.uleb128 0x2d
 10789 07b9 A8       		.byte	0xa8
 10790 07ba 00       		.uleb128 0
 10791 07bb 9F       		.byte	0x9f
 10792 07bc 00       		.byte	0
 10793              	.Ldebug_loc3:
 10794              		.section	.debug_aranges,"",%progbits
 10795 0000 AC000000 		.4byte	0xac
 10796 0004 0200     		.2byte	0x2
 10797 0006 00000000 		.4byte	.Ldebug_info0
 10798 000a 04       		.byte	0x4
 10799 000b 00       		.byte	0
 10800 000c 0000     		.2byte	0
 10801 000e 0000     		.2byte	0
 10802 0010 00000000 		.4byte	.LFB231
 10803 0014 98000000 		.4byte	.LFE231-.LFB231
 10804 0018 00000000 		.4byte	.LFB230
 10805 001c 06000000 		.4byte	.LFE230-.LFB230
 10806 0020 00000000 		.4byte	.LFB224
 10807 0024 0A000000 		.4byte	.LFE224-.LFB224
 10808 0028 00000000 		.4byte	.LFB229
 10809 002c 06000000 		.4byte	.LFE229-.LFB229
 10810 0030 00000000 		.4byte	.LFB223
 10811 0034 0A000000 		.4byte	.LFE223-.LFB223
 10812 0038 00000000 		.4byte	.LFB228
 10813 003c 06000000 		.4byte	.LFE228-.LFB228
 10814 0040 00000000 		.4byte	.LFB226
 10815 0044 0A000000 		.4byte	.LFE226-.LFB226
 10816 0048 00000000 		.4byte	.LFB227
 10817 004c 06000000 		.4byte	.LFE227-.LFB227
 10818 0050 00000000 		.4byte	.LFB225
 10819 0054 0A000000 		.4byte	.LFE225-.LFB225
 10820 0058 00000000 		.4byte	.LFB232
 10821 005c 8C000000 		.4byte	.LFE232-.LFB232
 10822 0060 00000000 		.4byte	.LFB233
 10823 0064 02000000 		.4byte	.LFE233-.LFB233
 10824 0068 00000000 		.4byte	.LFB234
 10825 006c 4C000000 		.4byte	.LFE234-.LFB234
ARM GAS  /tmp/ccNufGNo.s 			page 191


 10826 0070 00000000 		.4byte	.LFB235
 10827 0074 84000000 		.4byte	.LFE235-.LFB235
 10828 0078 00000000 		.4byte	.LFB236
 10829 007c A0000000 		.4byte	.LFE236-.LFB236
 10830 0080 00000000 		.4byte	.LFB237
 10831 0084 4A000000 		.4byte	.LFE237-.LFB237
 10832 0088 00000000 		.4byte	.LFB238
 10833 008c 40000000 		.4byte	.LFE238-.LFB238
 10834 0090 00000000 		.4byte	.LFB239
 10835 0094 86000000 		.4byte	.LFE239-.LFB239
 10836 0098 00000000 		.4byte	.LFB240
 10837 009c 7C000000 		.4byte	.LFE240-.LFB240
 10838 00a0 00000000 		.4byte	.LFB241
 10839 00a4 02000000 		.4byte	.LFE241-.LFB241
 10840 00a8 00000000 		.4byte	0
 10841 00ac 00000000 		.4byte	0
 10842              		.section	.debug_rnglists,"",%progbits
 10843              	.Ldebug_ranges0:
 10844 0000 07010000 		.4byte	.Ldebug_ranges3-.Ldebug_ranges2
 10845              	.Ldebug_ranges2:
 10846 0004 0500     		.2byte	0x5
 10847 0006 04       		.byte	0x4
 10848 0007 00       		.byte	0
 10849 0008 00000000 		.4byte	0
 10850              	.LLRL4:
 10851 000c 05       		.byte	0x5
 10852 000d 3A000000 		.4byte	.LBB190
 10853 0011 04       		.byte	0x4
 10854 0012 00       		.uleb128 .LBB190-.LBB190
 10855 0013 1C       		.uleb128 .LBE190-.LBB190
 10856 0014 04       		.byte	0x4
 10857 0015 4E       		.uleb128 .LBB204-.LBB190
 10858 0016 5E       		.uleb128 .LBE204-.LBB190
 10859 0017 00       		.byte	0
 10860              	.LLRL32:
 10861 0018 05       		.byte	0x5
 10862 0019 32000000 		.4byte	.LBB218
 10863 001d 04       		.byte	0x4
 10864 001e 00       		.uleb128 .LBB218-.LBB218
 10865 001f 1C       		.uleb128 .LBE218-.LBB218
 10866 0020 04       		.byte	0x4
 10867 0021 48       		.uleb128 .LBB232-.LBB218
 10868 0022 5A       		.uleb128 .LBE232-.LBB218
 10869 0023 00       		.byte	0
 10870              	.LLRL36:
 10871 0024 05       		.byte	0x5
 10872 0025 0A000000 		.4byte	.LBB233
 10873 0029 04       		.byte	0x4
 10874 002a 00       		.uleb128 .LBB233-.LBB233
 10875 002b 02       		.uleb128 .LBE233-.LBB233
 10876 002c 04       		.byte	0x4
 10877 002d 04       		.uleb128 .LBB236-.LBB233
 10878 002e 06       		.uleb128 .LBE236-.LBB233
 10879 002f 00       		.byte	0
 10880              	.LLRL42:
 10881 0030 05       		.byte	0x5
 10882 0031 44000000 		.4byte	.LBB256
ARM GAS  /tmp/ccNufGNo.s 			page 192


 10883 0035 04       		.byte	0x4
 10884 0036 00       		.uleb128 .LBB256-.LBB256
 10885 0037 1C       		.uleb128 .LBE256-.LBB256
 10886 0038 04       		.byte	0x4
 10887 0039 1E       		.uleb128 .LBB267-.LBB256
 10888 003a 2A       		.uleb128 .LBE267-.LBB256
 10889 003b 00       		.byte	0
 10890              	.LLRL43:
 10891 003c 05       		.byte	0x5
 10892 003d 5A000000 		.4byte	.LBB259
 10893 0041 04       		.byte	0x4
 10894 0042 00       		.uleb128 .LBB259-.LBB259
 10895 0043 06       		.uleb128 .LBE259-.LBB259
 10896 0044 04       		.byte	0x4
 10897 0045 0E       		.uleb128 .LBB264-.LBB259
 10898 0046 14       		.uleb128 .LBE264-.LBB259
 10899 0047 00       		.byte	0
 10900              	.LLRL47:
 10901 0048 05       		.byte	0x5
 10902 0049 08000000 		.4byte	.LBB285
 10903 004d 04       		.byte	0x4
 10904 004e 00       		.uleb128 .LBB285-.LBB285
 10905 004f 00       		.uleb128 .LBE285-.LBB285
 10906 0050 04       		.byte	0x4
 10907 0051 02       		.uleb128 .LBB296-.LBB285
 10908 0052 0C       		.uleb128 .LBE296-.LBB285
 10909 0053 00       		.byte	0
 10910              	.LLRL48:
 10911 0054 05       		.byte	0x5
 10912 0055 08000000 		.4byte	.LBB288
 10913 0059 04       		.byte	0x4
 10914 005a 00       		.uleb128 .LBB288-.LBB288
 10915 005b 00       		.uleb128 .LBE288-.LBB288
 10916 005c 04       		.byte	0x4
 10917 005d 02       		.uleb128 .LBB293-.LBB288
 10918 005e 08       		.uleb128 .LBE293-.LBB288
 10919 005f 00       		.byte	0
 10920              	.LLRL50:
 10921 0060 05       		.byte	0x5
 10922 0061 46000000 		.4byte	.LBB297
 10923 0065 04       		.byte	0x4
 10924 0066 00       		.uleb128 .LBB297-.LBB297
 10925 0067 02       		.uleb128 .LBE297-.LBB297
 10926 0068 04       		.byte	0x4
 10927 0069 04       		.uleb128 .LBB301-.LBB297
 10928 006a 08       		.uleb128 .LBE301-.LBB297
 10929 006b 04       		.byte	0x4
 10930 006c 0A       		.uleb128 .LBB302-.LBB297
 10931 006d 0C       		.uleb128 .LBE302-.LBB297
 10932 006e 00       		.byte	0
 10933              	.LLRL53:
 10934 006f 05       		.byte	0x5
 10935 0070 66000000 		.4byte	.LBB305
 10936 0074 04       		.byte	0x4
 10937 0075 00       		.uleb128 .LBB305-.LBB305
 10938 0076 1C       		.uleb128 .LBE305-.LBB305
 10939 0077 04       		.byte	0x4
ARM GAS  /tmp/ccNufGNo.s 			page 193


 10940 0078 1E       		.uleb128 .LBB316-.LBB305
 10941 0079 2A       		.uleb128 .LBE316-.LBB305
 10942 007a 00       		.byte	0
 10943              	.LLRL54:
 10944 007b 05       		.byte	0x5
 10945 007c 7C000000 		.4byte	.LBB308
 10946 0080 04       		.byte	0x4
 10947 0081 00       		.uleb128 .LBB308-.LBB308
 10948 0082 06       		.uleb128 .LBE308-.LBB308
 10949 0083 04       		.byte	0x4
 10950 0084 0E       		.uleb128 .LBB313-.LBB308
 10951 0085 14       		.uleb128 .LBE313-.LBB308
 10952 0086 00       		.byte	0
 10953              	.LLRL58:
 10954 0087 05       		.byte	0x5
 10955 0088 1C000000 		.4byte	.LBB317
 10956 008c 04       		.byte	0x4
 10957 008d 00       		.uleb128 .LBB317-.LBB317
 10958 008e 02       		.uleb128 .LBE317-.LBB317
 10959 008f 04       		.byte	0x4
 10960 0090 06       		.uleb128 .LBB320-.LBB317
 10961 0091 0C       		.uleb128 .LBE320-.LBB317
 10962 0092 00       		.byte	0
 10963              	.LLRL84:
 10964 0093 07       		.byte	0x7
 10965 0094 00000000 		.4byte	.LFB231
 10966 0098 9801     		.uleb128 .LFE231-.LFB231
 10967 009a 07       		.byte	0x7
 10968 009b 00000000 		.4byte	.LFB230
 10969 009f 06       		.uleb128 .LFE230-.LFB230
 10970 00a0 07       		.byte	0x7
 10971 00a1 00000000 		.4byte	.LFB224
 10972 00a5 0A       		.uleb128 .LFE224-.LFB224
 10973 00a6 07       		.byte	0x7
 10974 00a7 00000000 		.4byte	.LFB229
 10975 00ab 06       		.uleb128 .LFE229-.LFB229
 10976 00ac 07       		.byte	0x7
 10977 00ad 00000000 		.4byte	.LFB223
 10978 00b1 0A       		.uleb128 .LFE223-.LFB223
 10979 00b2 07       		.byte	0x7
 10980 00b3 00000000 		.4byte	.LFB228
 10981 00b7 06       		.uleb128 .LFE228-.LFB228
 10982 00b8 07       		.byte	0x7
 10983 00b9 00000000 		.4byte	.LFB226
 10984 00bd 0A       		.uleb128 .LFE226-.LFB226
 10985 00be 07       		.byte	0x7
 10986 00bf 00000000 		.4byte	.LFB227
 10987 00c3 06       		.uleb128 .LFE227-.LFB227
 10988 00c4 07       		.byte	0x7
 10989 00c5 00000000 		.4byte	.LFB225
 10990 00c9 0A       		.uleb128 .LFE225-.LFB225
 10991 00ca 07       		.byte	0x7
 10992 00cb 00000000 		.4byte	.LFB232
 10993 00cf 8C01     		.uleb128 .LFE232-.LFB232
 10994 00d1 07       		.byte	0x7
 10995 00d2 00000000 		.4byte	.LFB233
 10996 00d6 02       		.uleb128 .LFE233-.LFB233
ARM GAS  /tmp/ccNufGNo.s 			page 194


 10997 00d7 07       		.byte	0x7
 10998 00d8 00000000 		.4byte	.LFB234
 10999 00dc 4C       		.uleb128 .LFE234-.LFB234
 11000 00dd 07       		.byte	0x7
 11001 00de 00000000 		.4byte	.LFB235
 11002 00e2 8401     		.uleb128 .LFE235-.LFB235
 11003 00e4 07       		.byte	0x7
 11004 00e5 00000000 		.4byte	.LFB236
 11005 00e9 A001     		.uleb128 .LFE236-.LFB236
 11006 00eb 07       		.byte	0x7
 11007 00ec 00000000 		.4byte	.LFB237
 11008 00f0 4A       		.uleb128 .LFE237-.LFB237
 11009 00f1 07       		.byte	0x7
 11010 00f2 00000000 		.4byte	.LFB238
 11011 00f6 40       		.uleb128 .LFE238-.LFB238
 11012 00f7 07       		.byte	0x7
 11013 00f8 00000000 		.4byte	.LFB239
 11014 00fc 8601     		.uleb128 .LFE239-.LFB239
 11015 00fe 07       		.byte	0x7
 11016 00ff 00000000 		.4byte	.LFB240
 11017 0103 7C       		.uleb128 .LFE240-.LFB240
 11018 0104 07       		.byte	0x7
 11019 0105 00000000 		.4byte	.LFB241
 11020 0109 02       		.uleb128 .LFE241-.LFB241
 11021 010a 00       		.byte	0
 11022              	.Ldebug_ranges3:
 11023              		.section	.debug_line,"",%progbits
 11024              	.Ldebug_line0:
 11025 0000 840E0000 		.section	.debug_str,"MS",%progbits,1
 11025      0300C103 
 11025      00000201 
 11025      FB0E0D00 
 11025      01010101 
 11026              	.LASF4:
 11027 0000 73697A65 		.ascii	"size_t\000"
 11027      5F7400
 11028              	.LASF349:
 11029 0007 2E2E2F52 		.ascii	"../RC_Controller/ChibiOS_3.0.5/os/hal/src/serial_us"
 11029      435F436F 
 11029      6E74726F 
 11029      6C6C6572 
 11029      2F436869 
 11030 003a 622E6300 		.ascii	"b.c\000"
 11031              	.LASF86:
 11032 003e 77747365 		.ascii	"wtsemp\000"
 11032      6D7000
 11033              	.LASF28:
 11034 0045 73797374 		.ascii	"systime_t\000"
 11034      696D655F 
 11034      7400
 11035              	.LASF348:
 11036 004f 474E5520 		.ascii	"GNU C99 13.2.1 20231009 -mcpu=cortex-m4 -mfpu=fpv4-"
 11036      43393920 
 11036      31332E32 
 11036      2E312032 
 11036      30323331 
 11037 0082 73702D64 		.ascii	"sp-d16 -mfloat-abi=hard -mfloat-abi=hard -mfpu=fpv4"
ARM GAS  /tmp/ccNufGNo.s 			page 195


 11037      3136202D 
 11037      6D666C6F 
 11037      61742D61 
 11037      62693D68 
 11038 00b5 2D73702D 		.ascii	"-sp-d16 -mno-thumb-interwork -mthumb -march=armv7e-"
 11038      64313620 
 11038      2D6D6E6F 
 11038      2D746875 
 11038      6D622D69 
 11039 00e8 6D2B6670 		.ascii	"m+fp -ggdb -O2 -std=gnu99 -fomit-frame-pointer -fal"
 11039      202D6767 
 11039      6462202D 
 11039      4F32202D 
 11039      7374643D 
 11040 011b 69676E2D 		.ascii	"ign-functions=16 -ffunction-sections -fdata-section"
 11040      66756E63 
 11040      74696F6E 
 11040      733D3136 
 11040      202D6666 
 11041 014e 73202D66 		.ascii	"s -fno-common -fsingle-precision-constant\000"
 11041      6E6F2D63 
 11041      6F6D6D6F 
 11041      6E202D66 
 11041      73696E67 
 11042              	.LASF33:
 11043 0178 705F6374 		.ascii	"p_ctx\000"
 11043      7800
 11044              	.LASF24:
 11045 017e 74707269 		.ascii	"tprio_t\000"
 11045      6F5F7400 
 11046              	.LASF50:
 11047 0186 725F6374 		.ascii	"r_ctx\000"
 11047      7800
 11048              	.LASF17:
 11049 018c 696E7433 		.ascii	"int32_t\000"
 11049      325F7400 
 11050              	.LASF298:
 11051 0194 77726974 		.ascii	"writet\000"
 11051      657400
 11052              	.LASF174:
 11053 019b 72657376 		.ascii	"resvd4\000"
 11053      643400
 11054              	.LASF165:
 11055 01a2 72657376 		.ascii	"resvd8\000"
 11055      643800
 11056              	.LASF54:
 11057 01a9 76746675 		.ascii	"vtfunc_t\000"
 11057      6E635F74 
 11057      00
 11058              	.LASF176:
 11059 01b2 72657376 		.ascii	"resvdC\000"
 11059      644300
 11060              	.LASF63:
 11061 01b9 63685F76 		.ascii	"ch_virtual_timers_list\000"
 11061      69727475 
 11061      616C5F74 
 11061      696D6572 
ARM GAS  /tmp/ccNufGNo.s 			page 196


 11061      735F6C69 
 11062              	.LASF310:
 11063 01d0 75736253 		.ascii	"usbStartReceiveI\000"
 11063      74617274 
 11063      52656365 
 11063      69766549 
 11063      00
 11064              	.LASF327:
 11065 01e1 5F5F6675 		.ascii	"__func__\000"
 11065      6E635F5F 
 11065      00
 11066              	.LASF142:
 11067 01ea 5553425F 		.ascii	"USB_EP0_TX\000"
 11067      4550305F 
 11067      545800
 11068              	.LASF168:
 11069 01f5 48435453 		.ascii	"HCTSIZ\000"
 11069      495A00
 11070              	.LASF328:
 11071 01fc 7364754F 		.ascii	"sduObjectInit\000"
 11071      626A6563 
 11071      74496E69 
 11071      7400
 11072              	.LASF214:
 11073 020a 72657376 		.ascii	"resvd700\000"
 11073      64373030 
 11073      00
 11074              	.LASF115:
 11075 0213 636F6E66 		.ascii	"config\000"
 11075      696700
 11076              	.LASF114:
 11077 021a 73746174 		.ascii	"state\000"
 11077      6500
 11078              	.LASF259:
 11079 0220 65705F6D 		.ascii	"ep_mode\000"
 11079      6F646500 
 11080              	.LASF316:
 11081 0228 75736250 		.ascii	"usbPrepareQueuedTransmit\000"
 11081      72657061 
 11081      72655175 
 11081      65756564 
 11081      5472616E 
 11082              	.LASF69:
 11083 0241 6C6F636B 		.ascii	"lock_cnt\000"
 11083      5F636E74 
 11083      00
 11084              	.LASF296:
 11085 024a 70757474 		.ascii	"putt\000"
 11085      00
 11086              	.LASF138:
 11087 024f 5553425F 		.ascii	"USB_ACTIVE\000"
 11087      41435449 
 11087      564500
 11088              	.LASF300:
 11089 025a 6C696E65 		.ascii	"linecoding\000"
 11089      636F6469 
 11089      6E6700
ARM GAS  /tmp/ccNufGNo.s 			page 197


 11090              	.LASF336:
 11091 0265 6F73616C 		.ascii	"osalSysLockFromISR\000"
 11091      5379734C 
 11091      6F636B46 
 11091      726F6D49 
 11091      535200
 11092              	.LASF352:
 11093 0278 73647549 		.ascii	"sduInit\000"
 11093      6E697400 
 11094              	.LASF314:
 11095 0280 5F646267 		.ascii	"_dbg_check_unlock\000"
 11095      5F636865 
 11095      636B5F75 
 11095      6E6C6F63 
 11095      6B00
 11096              	.LASF337:
 11097 0292 6F73616C 		.ascii	"osalSysUnlock\000"
 11097      53797355 
 11097      6E6C6F63 
 11097      6B00
 11098              	.LASF93:
 11099 02a0 6D5F6F77 		.ascii	"m_owner\000"
 11099      6E657200 
 11100              	.LASF61:
 11101 02a8 76745F70 		.ascii	"vt_par\000"
 11101      617200
 11102              	.LASF83:
 11103 02af 65786974 		.ascii	"exitcode\000"
 11103      636F6465 
 11103      00
 11104              	.LASF148:
 11105 02b8 75736265 		.ascii	"usbep0state_t\000"
 11105      70307374 
 11105      6174655F 
 11105      7400
 11106              	.LASF5:
 11107 02c6 5F5F7569 		.ascii	"__uint8_t\000"
 11107      6E74385F 
 11107      7400
 11108              	.LASF105:
 11109 02d0 715F746F 		.ascii	"q_top\000"
 11109      7000
 11110              	.LASF299:
 11111 02d6 72656164 		.ascii	"readt\000"
 11111      7400
 11112              	.LASF104:
 11113 02dc 715F6275 		.ascii	"q_buffer\000"
 11113      66666572 
 11113      00
 11114              	.LASF150:
 11115 02e5 5553425F 		.ascii	"USB_EVENT_ADDRESS\000"
 11115      4556454E 
 11115      545F4144 
 11115      44524553 
 11115      5300
 11116              	.LASF195:
 11117 02f7 44494550 		.ascii	"DIEPTXF0\000"
ARM GAS  /tmp/ccNufGNo.s 			page 198


 11117      54584630 
 11117      00
 11118              	.LASF108:
 11119 0300 715F6E6F 		.ascii	"q_notify\000"
 11119      74696679 
 11119      00
 11120              	.LASF34:
 11121 0309 705F6E65 		.ascii	"p_newer\000"
 11121      77657200 
 11122              	.LASF10:
 11123 0311 6C6F6E67 		.ascii	"long int\000"
 11123      20696E74 
 11123      00
 11124              	.LASF30:
 11125 031a 705F6E65 		.ascii	"p_next\000"
 11125      787400
 11126              	.LASF345:
 11127 0321 706F7274 		.ascii	"port_unlock\000"
 11127      5F756E6C 
 11127      6F636B00 
 11128              	.LASF107:
 11129 032d 715F7264 		.ascii	"q_rdptr\000"
 11129      70747200 
 11130              	.LASF249:
 11131 0335 7478636E 		.ascii	"txcnt\000"
 11131      7400
 11132              	.LASF31:
 11133 033b 705F7072 		.ascii	"p_prev\000"
 11133      657600
 11134              	.LASF340:
 11135 0342 63685379 		.ascii	"chSysLockFromISR\000"
 11135      734C6F63 
 11135      6B46726F 
 11135      6D495352 
 11135      00
 11136              	.LASF22:
 11137 0353 74737461 		.ascii	"tstate_t\000"
 11137      74655F74 
 11137      00
 11138              	.LASF43:
 11139 035c 74687265 		.ascii	"threads_queue_t\000"
 11139      6164735F 
 11139      71756575 
 11139      655F7400 
 11140              	.LASF40:
 11141 036c 705F6D74 		.ascii	"p_mtxlist\000"
 11141      786C6973 
 11141      7400
 11142              	.LASF287:
 11143 0376 6F717565 		.ascii	"oqueue\000"
 11143      756500
 11144              	.LASF243:
 11145 037d 74786275 		.ascii	"txbuf\000"
 11145      6600
 11146              	.LASF76:
 11147 0383 72656761 		.ascii	"regarm_t\000"
 11147      726D5F74 
ARM GAS  /tmp/ccNufGNo.s 			page 199


 11147      00
 11148              	.LASF221:
 11149 038c 4441494E 		.ascii	"DAINT\000"
 11149      5400
 11150              	.LASF141:
 11151 0392 5553425F 		.ascii	"USB_EP0_WAITING_SETUP\000"
 11151      4550305F 
 11151      57414954 
 11151      494E475F 
 11151      53455455 
 11152              	.LASF220:
 11153 03a8 444F4550 		.ascii	"DOEPMSK\000"
 11153      4D534B00 
 11154              	.LASF320:
 11155 03b0 73647544 		.ascii	"sduDataReceived\000"
 11155      61746152 
 11155      65636569 
 11155      76656400 
 11156              	.LASF101:
 11157 03c0 696F5F71 		.ascii	"io_queue\000"
 11157      75657565 
 11157      00
 11158              	.LASF139:
 11159 03c9 5553425F 		.ascii	"USB_SUSPENDED\000"
 11159      53555350 
 11159      454E4445 
 11159      4400
 11160              	.LASF291:
 11161 03d7 696E745F 		.ascii	"int_in\000"
 11161      696E00
 11162              	.LASF181:
 11163 03de 444F4550 		.ascii	"DOEPCTL\000"
 11163      43544C00 
 11164              	.LASF338:
 11165 03e6 6F73616C 		.ascii	"osalSysLock\000"
 11165      5379734C 
 11165      6F636B00 
 11166              	.LASF3:
 11167 03f2 7369676E 		.ascii	"signed char\000"
 11167      65642063 
 11167      68617200 
 11168              	.LASF39:
 11169 03fe 705F7072 		.ascii	"p_preempt\000"
 11169      65656D70 
 11169      7400
 11170              	.LASF15:
 11171 0408 75696E74 		.ascii	"uint8_t\000"
 11171      385F7400 
 11172              	.LASF154:
 11173 0410 5553425F 		.ascii	"USB_EVENT_STALLED\000"
 11173      4556454E 
 11173      545F5354 
 11173      414C4C45 
 11173      4400
 11174              	.LASF182:
 11175 0422 444F4550 		.ascii	"DOEPINT\000"
 11175      494E5400 
ARM GAS  /tmp/ccNufGNo.s 			page 200


 11176              	.LASF335:
 11177 042a 6F73616C 		.ascii	"osalSysUnlockFromISR\000"
 11177      53797355 
 11177      6E6C6F63 
 11177      6B46726F 
 11177      6D495352 
 11178              	.LASF78:
 11179 043f 636F6E74 		.ascii	"context\000"
 11179      65787400 
 11180              	.LASF256:
 11181 0447 72787369 		.ascii	"rxsize\000"
 11181      7A6500
 11182              	.LASF85:
 11183 044e 77747472 		.ascii	"wttrp\000"
 11183      7000
 11184              	.LASF339:
 11185 0454 63685379 		.ascii	"chSysUnlockFromISR\000"
 11185      73556E6C 
 11185      6F636B46 
 11185      726F6D49 
 11185      535200
 11186              	.LASF2:
 11187 0467 756E7369 		.ascii	"unsigned char\000"
 11187      676E6564 
 11187      20636861 
 11187      7200
 11188              	.LASF147:
 11189 0475 5553425F 		.ascii	"USB_EP0_ERROR\000"
 11189      4550305F 
 11189      4552524F 
 11189      5200
 11190              	.LASF109:
 11191 0483 715F6C69 		.ascii	"q_link\000"
 11191      6E6B00
 11192              	.LASF67:
 11193 048a 70616E69 		.ascii	"panic_msg\000"
 11193      635F6D73 
 11193      6700
 11194              	.LASF215:
 11195 0494 44434647 		.ascii	"DCFG\000"
 11195      00
 11196              	.LASF233:
 11197 0499 72657376 		.ascii	"resvd8C0\000"
 11197      64384330 
 11197      00
 11198              	.LASF51:
 11199 04a2 725F6E65 		.ascii	"r_newer\000"
 11199      77657200 
 11200              	.LASF199:
 11201 04aa 47434346 		.ascii	"GCCFG\000"
 11201      4700
 11202              	.LASF120:
 11203 04b0 65703073 		.ascii	"ep0state\000"
 11203      74617465 
 11203      00
 11204              	.LASF65:
 11205 04b9 73797374 		.ascii	"system_debug_t\000"
ARM GAS  /tmp/ccNufGNo.s 			page 201


 11205      656D5F64 
 11205      65627567 
 11205      5F7400
 11206              	.LASF177:
 11207 04c8 44494550 		.ascii	"DIEPTSIZ\000"
 11207      5453495A 
 11207      00
 11208              	.LASF272:
 11209 04d1 72657175 		.ascii	"requests_hook_cb\000"
 11209      65737473 
 11209      5F686F6F 
 11209      6B5F6362 
 11209      00
 11210              	.LASF99:
 11211 04e2 5F426F6F 		.ascii	"_Bool\000"
 11211      6C00
 11212              	.LASF347:
 11213 04e8 76616C75 		.ascii	"value\000"
 11213      6500
 11214              	.LASF97:
 11215 04ee 666C6167 		.ascii	"flags\000"
 11215      7300
 11216              	.LASF164:
 11217 04f4 48434348 		.ascii	"HCCHAR\000"
 11217      415200
 11218              	.LASF329:
 11219 04fb 6F6E6F74 		.ascii	"onotify\000"
 11219      69667900 
 11220              	.LASF184:
 11221 0503 73746D33 		.ascii	"stm32_otg_out_ep_t\000"
 11221      325F6F74 
 11221      675F6F75 
 11221      745F6570 
 11221      5F7400
 11222              	.LASF95:
 11223 0516 63686172 		.ascii	"char\000"
 11223      00
 11224              	.LASF122:
 11225 051b 6570306E 		.ascii	"ep0n\000"
 11225      00
 11226              	.LASF218:
 11227 0520 72657376 		.ascii	"resvd80C\000"
 11227      64383043 
 11227      00
 11228              	.LASF212:
 11229 0529 48505254 		.ascii	"HPRT\000"
 11229      00
 11230              	.LASF32:
 11231 052e 705F7072 		.ascii	"p_prio\000"
 11231      696F00
 11232              	.LASF117:
 11233 0535 72656365 		.ascii	"receiving\000"
 11233      6976696E 
 11233      6700
 11234              	.LASF7:
 11235 053f 5F5F7569 		.ascii	"__uint16_t\000"
 11235      6E743136 
ARM GAS  /tmp/ccNufGNo.s 			page 202


 11235      5F7400
 11236              	.LASF113:
 11237 054a 55534244 		.ascii	"USBDriver\000"
 11237      72697665 
 11237      7200
 11238              	.LASF84:
 11239 0554 77746F62 		.ascii	"wtobjp\000"
 11239      6A7000
 11240              	.LASF261:
 11241 055b 696E5F63 		.ascii	"in_cb\000"
 11241      6200
 11242              	.LASF297:
 11243 0561 67657474 		.ascii	"gett\000"
 11243      00
 11244              	.LASF77:
 11245 0566 73746B61 		.ascii	"stkalign_t\000"
 11245      6C69676E 
 11245      5F7400
 11246              	.LASF326:
 11247 0571 73647553 		.ascii	"sduStart\000"
 11247      74617274 
 11247      00
 11248              	.LASF206:
 11249 057a 48464E55 		.ascii	"HFNUM\000"
 11249      4D00
 11250              	.LASF161:
 11251 0580 75736265 		.ascii	"usbeventcb_t\000"
 11251      76656E74 
 11251      63625F74 
 11251      00
 11252              	.LASF172:
 11253 058d 73746D33 		.ascii	"stm32_otg_host_chn_t\000"
 11253      325F6F74 
 11253      675F686F 
 11253      73745F63 
 11253      686E5F74 
 11254              	.LASF116:
 11255 05a2 7472616E 		.ascii	"transmitting\000"
 11255      736D6974 
 11255      74696E67 
 11255      00
 11256              	.LASF252:
 11257 05af 55534249 		.ascii	"USBInEndpointState\000"
 11257      6E456E64 
 11257      706F696E 
 11257      74537461 
 11257      746500
 11258              	.LASF223:
 11259 05c2 72657376 		.ascii	"resvd820\000"
 11259      64383230 
 11259      00
 11260              	.LASF224:
 11261 05cb 72657376 		.ascii	"resvd824\000"
 11261      64383234 
 11261      00
 11262              	.LASF226:
 11263 05d4 44564255 		.ascii	"DVBUSPULSE\000"
ARM GAS  /tmp/ccNufGNo.s 			page 203


 11263      5350554C 
 11263      534500
 11264              	.LASF27:
 11265 05df 636E745F 		.ascii	"cnt_t\000"
 11265      7400
 11266              	.LASF60:
 11267 05e5 76745F66 		.ascii	"vt_func\000"
 11267      756E6300 
 11268              	.LASF158:
 11269 05ed 55534244 		.ascii	"USBDescriptor\000"
 11269      65736372 
 11269      6970746F 
 11269      7200
 11270              	.LASF242:
 11271 05fb 73746D33 		.ascii	"stm32_otg_params_t\000"
 11271      325F6F74 
 11271      675F7061 
 11271      72616D73 
 11271      5F7400
 11272              	.LASF124:
 11273 060e 73657475 		.ascii	"setup\000"
 11273      7000
 11274              	.LASF87:
 11275 0614 77746D74 		.ascii	"wtmtxp\000"
 11275      787000
 11276              	.LASF301:
 11277 061b 5F646267 		.ascii	"_dbg_check_unlock_from_isr\000"
 11277      5F636865 
 11277      636B5F75 
 11277      6E6C6F63 
 11277      6B5F6672 
 11278              	.LASF155:
 11279 0636 75736265 		.ascii	"usbevent_t\000"
 11279      76656E74 
 11279      5F7400
 11280              	.LASF47:
 11281 0641 63685F72 		.ascii	"ch_ready_list\000"
 11281      65616479 
 11281      5F6C6973 
 11281      7400
 11282              	.LASF156:
 11283 064f 75645F73 		.ascii	"ud_size\000"
 11283      697A6500 
 11284              	.LASF293:
 11285 0657 53657269 		.ascii	"SerialUSBDriverVMT\000"
 11285      616C5553 
 11285      42447269 
 11285      76657256 
 11285      4D5400
 11286              	.LASF278:
 11287 066a 62446174 		.ascii	"bDataBits\000"
 11287      61426974 
 11287      7300
 11288              	.LASF137:
 11289 0674 5553425F 		.ascii	"USB_SELECTED\000"
 11289      53454C45 
 11289      43544544 
ARM GAS  /tmp/ccNufGNo.s 			page 204


 11289      00
 11290              	.LASF127:
 11291 0681 636F6E66 		.ascii	"configuration\000"
 11291      69677572 
 11291      6174696F 
 11291      6E00
 11292              	.LASF68:
 11293 068f 6973725F 		.ascii	"isr_cnt\000"
 11293      636E7400 
 11294              	.LASF194:
 11295 0697 47525846 		.ascii	"GRXFSIZ\000"
 11295      53495A00 
 11296              	.LASF103:
 11297 069f 715F636F 		.ascii	"q_counter\000"
 11297      756E7465 
 11297      7200
 11298              	.LASF231:
 11299 06a9 72657376 		.ascii	"resvd840\000"
 11299      64383430 
 11299      00
 11300              	.LASF312:
 11301 06b2 5F646267 		.ascii	"_dbg_check_lock\000"
 11301      5F636865 
 11301      636B5F6C 
 11301      6F636B00 
 11302              	.LASF14:
 11303 06c2 5F5F7569 		.ascii	"__uint64_t\000"
 11303      6E743634 
 11303      5F7400
 11304              	.LASF202:
 11305 06cd 44494550 		.ascii	"DIEPTXF\000"
 11305      54584600 
 11306              	.LASF341:
 11307 06d5 63685379 		.ascii	"chSysUnlock\000"
 11307      73556E6C 
 11307      6F636B00 
 11308              	.LASF12:
 11309 06e1 6C6F6E67 		.ascii	"long unsigned int\000"
 11309      20756E73 
 11309      69676E65 
 11309      6420696E 
 11309      7400
 11310              	.LASF342:
 11311 06f3 63685379 		.ascii	"chSysLock\000"
 11311      734C6F63 
 11311      6B00
 11312              	.LASF125:
 11313 06fd 73746174 		.ascii	"status\000"
 11313      757300
 11314              	.LASF289:
 11315 0704 62756C6B 		.ascii	"bulk_in\000"
 11315      5F696E00 
 11316              	.LASF126:
 11317 070c 61646472 		.ascii	"address\000"
 11317      65737300 
 11318              	.LASF88:
 11319 0714 63685F73 		.ascii	"ch_semaphore\000"
ARM GAS  /tmp/ccNufGNo.s 			page 205


 11319      656D6170 
 11319      686F7265 
 11319      00
 11320              	.LASF123:
 11321 0721 65703065 		.ascii	"ep0endcb\000"
 11321      6E646362 
 11321      00
 11322              	.LASF44:
 11323 072a 63685F74 		.ascii	"ch_thread\000"
 11323      68726561 
 11323      6400
 11324              	.LASF187:
 11325 0734 47414842 		.ascii	"GAHBCFG\000"
 11325      43464700 
 11326              	.LASF62:
 11327 073c 76697274 		.ascii	"virtual_timers_list_t\000"
 11327      75616C5F 
 11327      74696D65 
 11327      72735F6C 
 11327      6973745F 
 11328              	.LASF267:
 11329 0752 696E5F6D 		.ascii	"in_multiplier\000"
 11329      756C7469 
 11329      706C6965 
 11329      7200
 11330              	.LASF288:
 11331 0760 75736270 		.ascii	"usbp\000"
 11331      00
 11332              	.LASF241:
 11333 0765 6E756D5F 		.ascii	"num_endpoints\000"
 11333      656E6470 
 11333      6F696E74 
 11333      7300
 11334              	.LASF55:
 11335 0773 76697274 		.ascii	"virtual_timer_t\000"
 11335      75616C5F 
 11335      74696D65 
 11335      725F7400 
 11336              	.LASF46:
 11337 0783 72656164 		.ascii	"ready_list_t\000"
 11337      795F6C69 
 11337      73745F74 
 11337      00
 11338              	.LASF106:
 11339 0790 715F7772 		.ascii	"q_wrptr\000"
 11339      70747200 
 11340              	.LASF248:
 11341 0798 74787369 		.ascii	"txsize\000"
 11341      7A6500
 11342              	.LASF282:
 11343 079f 5344555F 		.ascii	"SDU_READY\000"
 11343      52454144 
 11343      5900
 11344              	.LASF294:
 11345 07a9 77726974 		.ascii	"write\000"
 11345      6500
 11346              	.LASF257:
ARM GAS  /tmp/ccNufGNo.s 			page 206


 11347 07af 7278636E 		.ascii	"rxcnt\000"
 11347      7400
 11348              	.LASF140:
 11349 07b5 75736273 		.ascii	"usbstate_t\000"
 11349      74617465 
 11349      5F7400
 11350              	.LASF306:
 11351 07c0 6F715075 		.ascii	"oqPutTimeout\000"
 11351      7454696D 
 11351      656F7574 
 11351      00
 11352              	.LASF207:
 11353 07cd 72657376 		.ascii	"resvd40C\000"
 11353      64343043 
 11353      00
 11354              	.LASF185:
 11355 07d6 474F5447 		.ascii	"GOTGCTL\000"
 11355      43544C00 
 11356              	.LASF157:
 11357 07de 75645F73 		.ascii	"ud_string\000"
 11357      7472696E 
 11357      6700
 11358              	.LASF253:
 11359 07e8 72786275 		.ascii	"rxbuf\000"
 11359      6600
 11360              	.LASF193:
 11361 07ee 47525853 		.ascii	"GRXSTSP\000"
 11361      54535000 
 11362              	.LASF265:
 11363 07f6 696E5F73 		.ascii	"in_state\000"
 11363      74617465 
 11363      00
 11364              	.LASF192:
 11365 07ff 47525853 		.ascii	"GRXSTSR\000"
 11365      54535200 
 11366              	.LASF153:
 11367 0807 5553425F 		.ascii	"USB_EVENT_WAKEUP\000"
 11367      4556454E 
 11367      545F5741 
 11367      4B455550 
 11367      00
 11368              	.LASF235:
 11369 0818 50434743 		.ascii	"PCGCCTL\000"
 11369      43544C00 
 11370              	.LASF11:
 11371 0820 5F5F7569 		.ascii	"__uint32_t\000"
 11371      6E743332 
 11371      5F7400
 11372              	.LASF270:
 11373 082b 6576656E 		.ascii	"event_cb\000"
 11373      745F6362 
 11373      00
 11374              	.LASF186:
 11375 0834 474F5447 		.ascii	"GOTGINT\000"
 11375      494E5400 
 11376              	.LASF13:
 11377 083c 6C6F6E67 		.ascii	"long long int\000"
ARM GAS  /tmp/ccNufGNo.s 			page 207


 11377      206C6F6E 
 11377      6720696E 
 11377      7400
 11378              	.LASF136:
 11379 084a 5553425F 		.ascii	"USB_READY\000"
 11379      52454144 
 11379      5900
 11380              	.LASF318:
 11381 0854 69714F62 		.ascii	"iqObjectInit\000"
 11381      6A656374 
 11381      496E6974 
 11381      00
 11382              	.LASF92:
 11383 0861 6D5F7175 		.ascii	"m_queue\000"
 11383      65756500 
 11384              	.LASF344:
 11385 0869 706F7274 		.ascii	"port_lock_from_isr\000"
 11385      5F6C6F63 
 11385      6B5F6672 
 11385      6F6D5F69 
 11385      737200
 11386              	.LASF211:
 11387 087c 72657376 		.ascii	"resvd41C\000"
 11387      64343143 
 11387      00
 11388              	.LASF57:
 11389 0885 76745F6E 		.ascii	"vt_next\000"
 11389      65787400 
 11390              	.LASF121:
 11391 088d 6570306E 		.ascii	"ep0next\000"
 11391      65787400 
 11392              	.LASF58:
 11393 0895 76745F70 		.ascii	"vt_prev\000"
 11393      72657600 
 11394              	.LASF286:
 11395 089d 69717565 		.ascii	"iqueue\000"
 11395      756500
 11396              	.LASF227:
 11397 08a4 72657376 		.ascii	"resvd830\000"
 11397      64383330 
 11397      00
 11398              	.LASF322:
 11399 08ad 73647570 		.ascii	"sdup\000"
 11399      00
 11400              	.LASF98:
 11401 08b2 6576656E 		.ascii	"event_source_t\000"
 11401      745F736F 
 11401      75726365 
 11401      5F7400
 11402              	.LASF229:
 11403 08c1 72657376 		.ascii	"resvd838\000"
 11403      64383338 
 11403      00
 11404              	.LASF160:
 11405 08ca 75736265 		.ascii	"usbepcallback_t\000"
 11405      7063616C 
 11405      6C626163 
ARM GAS  /tmp/ccNufGNo.s 			page 208


 11405      6B5F7400 
 11406              	.LASF260:
 11407 08da 73657475 		.ascii	"setup_cb\000"
 11407      705F6362 
 11407      00
 11408              	.LASF232:
 11409 08e3 72657376 		.ascii	"resvd880\000"
 11409      64383830 
 11409      00
 11410              	.LASF230:
 11411 08ec 72657376 		.ascii	"resvd83C\000"
 11411      64383343 
 11411      00
 11412              	.LASF331:
 11413 08f5 74696D65 		.ascii	"timeout\000"
 11413      6F757400 
 11414              	.LASF131:
 11415 08fd 77616974 		.ascii	"wait\000"
 11415      00
 11416              	.LASF110:
 11417 0902 716E6F74 		.ascii	"qnotify_t\000"
 11417      6966795F 
 11417      7400
 11418              	.LASF285:
 11419 090c 6576656E 		.ascii	"event\000"
 11419      7400
 11420              	.LASF38:
 11421 0912 705F666C 		.ascii	"p_flags\000"
 11421      61677300 
 11422              	.LASF183:
 11423 091a 444F4550 		.ascii	"DOEPTSIZ\000"
 11423      5453495A 
 11423      00
 11424              	.LASF295:
 11425 0923 72656164 		.ascii	"read\000"
 11425      00
 11426              	.LASF75:
 11427 0928 69646C65 		.ascii	"idle_thread_wa\000"
 11427      5F746872 
 11427      6561645F 
 11427      776100
 11428              	.LASF209:
 11429 0937 4841494E 		.ascii	"HAINT\000"
 11429      5400
 11430              	.LASF1:
 11431 093d 756E7369 		.ascii	"unsigned int\000"
 11431      676E6564 
 11431      20696E74 
 11431      00
 11432              	.LASF274:
 11433 094a 55534243 		.ascii	"USBConfig\000"
 11433      6F6E6669 
 11433      6700
 11434              	.LASF325:
 11435 0954 73647553 		.ascii	"sduStop\000"
 11435      746F7000 
 11436              	.LASF283:
ARM GAS  /tmp/ccNufGNo.s 			page 209


 11437 095c 73647573 		.ascii	"sdustate_t\000"
 11437      74617465 
 11437      5F7400
 11438              	.LASF20:
 11439 0967 7274636E 		.ascii	"rtcnt_t\000"
 11439      745F7400 
 11440              	.LASF130:
 11441 096f 74787065 		.ascii	"txpending\000"
 11441      6E64696E 
 11441      6700
 11442              	.LASF238:
 11443 0979 73746D33 		.ascii	"stm32_otg_t\000"
 11443      325F6F74 
 11443      675F7400 
 11444              	.LASF268:
 11445 0985 73657475 		.ascii	"setup_buf\000"
 11445      705F6275 
 11445      6600
 11446              	.LASF308:
 11447 098f 6F715772 		.ascii	"oqWriteTimeout\000"
 11447      69746554 
 11447      696D656F 
 11447      757400
 11448              	.LASF213:
 11449 099e 72657376 		.ascii	"resvd444\000"
 11449      64343434 
 11449      00
 11450              	.LASF262:
 11451 09a7 6F75745F 		.ascii	"out_cb\000"
 11451      636200
 11452              	.LASF292:
 11453 09ae 53657269 		.ascii	"SerialUSBConfig\000"
 11453      616C5553 
 11453      42436F6E 
 11453      66696700 
 11454              	.LASF80:
 11455 09be 6F666673 		.ascii	"offset\000"
 11455      657400
 11456              	.LASF210:
 11457 09c5 4841494E 		.ascii	"HAINTMSK\000"
 11457      544D534B 
 11457      00
 11458              	.LASF330:
 11459 09ce 696E6F74 		.ascii	"inotify\000"
 11459      69667900 
 11460              	.LASF307:
 11461 09d6 69714765 		.ascii	"iqGetTimeout\000"
 11461      7454696D 
 11461      656F7574 
 11461      00
 11462              	.LASF135:
 11463 09e3 5553425F 		.ascii	"USB_STOP\000"
 11463      53544F50 
 11463      00
 11464              	.LASF321:
 11465 09ec 6D617873 		.ascii	"maxsize\000"
 11465      697A6500 
ARM GAS  /tmp/ccNufGNo.s 			page 210


 11466              	.LASF263:
 11467 09f4 696E5F6D 		.ascii	"in_maxsize\000"
 11467      61787369 
 11467      7A6500
 11468              	.LASF304:
 11469 09ff 6F715265 		.ascii	"oqResetI\000"
 11469      73657449 
 11469      00
 11470              	.LASF191:
 11471 0a08 47494E54 		.ascii	"GINTMSK\000"
 11471      4D534B00 
 11472              	.LASF266:
 11473 0a10 6F75745F 		.ascii	"out_state\000"
 11473      73746174 
 11473      6500
 11474              	.LASF204:
 11475 0a1a 48434647 		.ascii	"HCFG\000"
 11475      00
 11476              	.LASF29:
 11477 0a1f 74687265 		.ascii	"thread_t\000"
 11477      61645F74 
 11477      00
 11478              	.LASF42:
 11479 0a28 74687265 		.ascii	"thread_reference_t\000"
 11479      61645F72 
 11479      65666572 
 11479      656E6365 
 11479      5F7400
 11480              	.LASF284:
 11481 0a3b 53657269 		.ascii	"SerialUSBDriver\000"
 11481      616C5553 
 11481      42447269 
 11481      76657200 
 11482              	.LASF319:
 11483 0a4b 73647549 		.ascii	"sduInterruptTransmitted\000"
 11483      6E746572 
 11483      72757074 
 11483      5472616E 
 11483      736D6974 
 11484              	.LASF41:
 11485 0a63 705F7265 		.ascii	"p_realprio\000"
 11485      616C7072 
 11485      696F00
 11486              	.LASF143:
 11487 0a6e 5553425F 		.ascii	"USB_EP0_WAITING_TX0\000"
 11487      4550305F 
 11487      57414954 
 11487      494E475F 
 11487      54583000 
 11488              	.LASF79:
 11489 0a82 706F7274 		.ascii	"port_intctx\000"
 11489      5F696E74 
 11489      63747800 
 11490              	.LASF128:
 11491 0a8e 6F746770 		.ascii	"otgparams\000"
 11491      6172616D 
 11491      7300
ARM GAS  /tmp/ccNufGNo.s 			page 211


 11492              	.LASF343:
 11493 0a98 706F7274 		.ascii	"port_unlock_from_isr\000"
 11493      5F756E6C 
 11493      6F636B5F 
 11493      66726F6D 
 11493      5F697372 
 11494              	.LASF59:
 11495 0aad 76745F64 		.ascii	"vt_delta\000"
 11495      656C7461 
 11495      00
 11496              	.LASF134:
 11497 0ab6 5553425F 		.ascii	"USB_UNINIT\000"
 11497      554E494E 
 11497      495400
 11498              	.LASF56:
 11499 0ac1 63685F76 		.ascii	"ch_virtual_timer\000"
 11499      69727475 
 11499      616C5F74 
 11499      696D6572 
 11499      00
 11500              	.LASF90:
 11501 0ad2 735F636E 		.ascii	"s_cnt\000"
 11501      7400
 11502              	.LASF258:
 11503 0ad8 5553424F 		.ascii	"USBOutEndpointState\000"
 11503      7574456E 
 11503      64706F69 
 11503      6E745374 
 11503      61746500 
 11504              	.LASF234:
 11505 0aec 72657376 		.ascii	"resvdD00\000"
 11505      64443030 
 11505      00
 11506              	.LASF0:
 11507 0af5 6C6F6E67 		.ascii	"long long unsigned int\000"
 11507      206C6F6E 
 11507      6720756E 
 11507      7369676E 
 11507      65642069 
 11508              	.LASF201:
 11509 0b0c 48505458 		.ascii	"HPTXFSIZ\000"
 11509      4653495A 
 11509      00
 11510              	.LASF35:
 11511 0b15 705F6F6C 		.ascii	"p_older\000"
 11511      64657200 
 11512              	.LASF16:
 11513 0b1d 75696E74 		.ascii	"uint16_t\000"
 11513      31365F74 
 11513      00
 11514              	.LASF166:
 11515 0b26 4843494E 		.ascii	"HCINT\000"
 11515      5400
 11516              	.LASF245:
 11517 0b2c 6C696E65 		.ascii	"linear\000"
 11517      617200
 11518              	.LASF25:
ARM GAS  /tmp/ccNufGNo.s 			page 212


 11519 0b33 6D73675F 		.ascii	"msg_t\000"
 11519      7400
 11520              	.LASF216:
 11521 0b39 4443544C 		.ascii	"DCTL\000"
 11521      00
 11522              	.LASF45:
 11523 0b3e 63685F74 		.ascii	"ch_threads_queue\000"
 11523      68726561 
 11523      64735F71 
 11523      75657565 
 11523      00
 11524              	.LASF269:
 11525 0b4f 55534245 		.ascii	"USBEndpointConfig\000"
 11525      6E64706F 
 11525      696E7443 
 11525      6F6E6669 
 11525      6700
 11526              	.LASF302:
 11527 0b61 5F646267 		.ascii	"_dbg_check_lock_from_isr\000"
 11527      5F636865 
 11527      636B5F6C 
 11527      6F636B5F 
 11527      66726F6D 
 11528              	.LASF26:
 11529 0b7a 6576656E 		.ascii	"eventflags_t\000"
 11529      74666C61 
 11529      67735F74 
 11529      00
 11530              	.LASF167:
 11531 0b87 4843494E 		.ascii	"HCINTMSK\000"
 11531      544D534B 
 11531      00
 11532              	.LASF323:
 11533 0b90 73647544 		.ascii	"sduDataTransmitted\000"
 11533      61746154 
 11533      72616E73 
 11533      6D697474 
 11533      656400
 11534              	.LASF255:
 11535 0ba3 72787175 		.ascii	"rxqueued\000"
 11535      65756564 
 11535      00
 11536              	.LASF23:
 11537 0bac 74736C69 		.ascii	"tslices_t\000"
 11537      6365735F 
 11537      7400
 11538              	.LASF53:
 11539 0bb6 725F6375 		.ascii	"r_current\000"
 11539      7272656E 
 11539      7400
 11540              	.LASF246:
 11541 0bc0 71756575 		.ascii	"queue\000"
 11541      6500
 11542              	.LASF309:
 11543 0bc6 69715265 		.ascii	"iqReadTimeout\000"
 11543      61645469 
 11543      6D656F75 
ARM GAS  /tmp/ccNufGNo.s 			page 213


 11543      7400
 11544              	.LASF254:
 11545 0bd4 72787175 		.ascii	"rxqueue\000"
 11545      65756500 
 11546              	.LASF74:
 11547 0bdc 6D61696E 		.ascii	"mainthread\000"
 11547      74687265 
 11547      616400
 11548              	.LASF222:
 11549 0be7 4441494E 		.ascii	"DAINTMSK\000"
 11549      544D534B 
 11549      00
 11550              	.LASF350:
 11551 0bf0 2F686F6D 		.ascii	"/home/gunnar/code/rise_sdvp/Embedded/RTCM_Forwarder"
 11551      652F6775 
 11551      6E6E6172 
 11551      2F636F64 
 11551      652F7269 
 11552 0c23 5F50726F 		.ascii	"_Project\000"
 11552      6A656374 
 11552      00
 11553              	.LASF225:
 11554 0c2c 44564255 		.ascii	"DVBUSDIS\000"
 11554      53444953 
 11554      00
 11555              	.LASF180:
 11556 0c35 73746D33 		.ascii	"stm32_otg_in_ep_t\000"
 11556      325F6F74 
 11556      675F696E 
 11556      5F65705F 
 11556      7400
 11557              	.LASF353:
 11558 0c47 5F5F7365 		.ascii	"__set_BASEPRI\000"
 11558      745F4241 
 11558      53455052 
 11558      4900
 11559              	.LASF240:
 11560 0c55 6F74675F 		.ascii	"otg_ram_size\000"
 11560      72616D5F 
 11560      73697A65 
 11560      00
 11561              	.LASF264:
 11562 0c62 6F75745F 		.ascii	"out_maxsize\000"
 11562      6D617873 
 11562      697A6500 
 11563              	.LASF48:
 11564 0c6e 725F7175 		.ascii	"r_queue\000"
 11564      65756500 
 11565              	.LASF151:
 11566 0c76 5553425F 		.ascii	"USB_EVENT_CONFIGURED\000"
 11566      4556454E 
 11566      545F434F 
 11566      4E464947 
 11566      55524544 
 11567              	.LASF237:
 11568 0c8b 4649464F 		.ascii	"FIFO\000"
 11568      00
ARM GAS  /tmp/ccNufGNo.s 			page 214


 11569              	.LASF317:
 11570 0c90 6F714F62 		.ascii	"oqObjectInit\000"
 11570      6A656374 
 11570      496E6974 
 11570      00
 11571              	.LASF102:
 11572 0c9d 715F7761 		.ascii	"q_waiting\000"
 11572      6974696E 
 11572      6700
 11573              	.LASF72:
 11574 0ca7 726C6973 		.ascii	"rlist\000"
 11574      7400
 11575              	.LASF21:
 11576 0cad 746D6F64 		.ascii	"tmode_t\000"
 11576      655F7400 
 11577              	.LASF163:
 11578 0cb5 75736267 		.ascii	"usbgetdescriptor_t\000"
 11578      65746465 
 11578      73637269 
 11578      70746F72 
 11578      5F7400
 11579              	.LASF132:
 11580 0cc8 77615F70 		.ascii	"wa_pump\000"
 11580      756D7000 
 11581              	.LASF64:
 11582 0cd0 76745F73 		.ascii	"vt_systime\000"
 11582      79737469 
 11582      6D6500
 11583              	.LASF118:
 11584 0cdb 696E5F70 		.ascii	"in_params\000"
 11584      6172616D 
 11584      7300
 11585              	.LASF305:
 11586 0ce5 69715265 		.ascii	"iqResetI\000"
 11586      73657449 
 11586      00
 11587              	.LASF334:
 11588 0cee 6F73616C 		.ascii	"osalOsRescheduleS\000"
 11588      4F735265 
 11588      73636865 
 11588      64756C65 
 11588      5300
 11589              	.LASF52:
 11590 0d00 725F6F6C 		.ascii	"r_older\000"
 11590      64657200 
 11591              	.LASF81:
 11592 0d08 746D5F63 		.ascii	"tm_calibration_t\000"
 11592      616C6962 
 11592      72617469 
 11592      6F6E5F74 
 11592      00
 11593              	.LASF315:
 11594 0d19 75736253 		.ascii	"usbStartTransmitI\000"
 11594      74617274 
 11594      5472616E 
 11594      736D6974 
 11594      4900
ARM GAS  /tmp/ccNufGNo.s 			page 215


 11595              	.LASF346:
 11596 0d2b 706F7274 		.ascii	"port_lock\000"
 11596      5F6C6F63 
 11596      6B00
 11597              	.LASF89:
 11598 0d35 735F7175 		.ascii	"s_queue\000"
 11598      65756500 
 11599              	.LASF6:
 11600 0d3d 73686F72 		.ascii	"short int\000"
 11600      7420696E 
 11600      7400
 11601              	.LASF251:
 11602 0d47 746F7473 		.ascii	"totsize\000"
 11602      697A6500 
 11603              	.LASF239:
 11604 0d4f 72785F66 		.ascii	"rx_fifo_size\000"
 11604      69666F5F 
 11604      73697A65 
 11604      00
 11605              	.LASF19:
 11606 0d5c 75696E74 		.ascii	"uint64_t\000"
 11606      36345F74 
 11606      00
 11607              	.LASF250:
 11608 0d65 6D6F6465 		.ascii	"mode\000"
 11608      00
 11609              	.LASF91:
 11610 0d6a 63685F6D 		.ascii	"ch_mutex\000"
 11610      75746578 
 11610      00
 11611              	.LASF303:
 11612 0d73 63685363 		.ascii	"chSchRescheduleS\000"
 11612      68526573 
 11612      63686564 
 11612      756C6553 
 11612      00
 11613              	.LASF149:
 11614 0d84 5553425F 		.ascii	"USB_EVENT_RESET\000"
 11614      4556454E 
 11614      545F5245 
 11614      53455400 
 11615              	.LASF169:
 11616 0d94 72657376 		.ascii	"resvd14\000"
 11616      64313400 
 11617              	.LASF170:
 11618 0d9c 72657376 		.ascii	"resvd18\000"
 11618      64313800 
 11619              	.LASF178:
 11620 0da4 44545846 		.ascii	"DTXFSTS\000"
 11620      53545300 
 11621              	.LASF351:
 11622 0dac 73647552 		.ascii	"sduRequestsHook\000"
 11622      65717565 
 11622      73747348 
 11622      6F6F6B00 
 11623              	.LASF244:
 11624 0dbc 74787175 		.ascii	"txqueue\000"
ARM GAS  /tmp/ccNufGNo.s 			page 216


 11624      65756500 
 11625              	.LASF179:
 11626 0dc4 72657376 		.ascii	"resvd1C\000"
 11626      64314300 
 11627              	.LASF219:
 11628 0dcc 44494550 		.ascii	"DIEPMSK\000"
 11628      4D534B00 
 11629              	.LASF49:
 11630 0dd4 725F7072 		.ascii	"r_prio\000"
 11630      696F00
 11631              	.LASF277:
 11632 0ddb 62506172 		.ascii	"bParityType\000"
 11632      69747954 
 11632      79706500 
 11633              	.LASF66:
 11634 0de7 63685F73 		.ascii	"ch_system_debug\000"
 11634      79737465 
 11634      6D5F6465 
 11634      62756700 
 11635              	.LASF280:
 11636 0df7 5344555F 		.ascii	"SDU_UNINIT\000"
 11636      554E494E 
 11636      495400
 11637              	.LASF228:
 11638 0e02 44494550 		.ascii	"DIEPEMPMSK\000"
 11638      454D504D 
 11638      534B00
 11639              	.LASF171:
 11640 0e0d 72657376 		.ascii	"resvd1c\000"
 11640      64316300 
 11641              	.LASF100:
 11642 0e15 696F5F71 		.ascii	"io_queue_t\000"
 11642      75657565 
 11642      5F7400
 11643              	.LASF162:
 11644 0e20 75736272 		.ascii	"usbreqhandler_t\000"
 11644      65716861 
 11644      6E646C65 
 11644      725F7400 
 11645              	.LASF311:
 11646 0e30 75736250 		.ascii	"usbPrepareQueuedReceive\000"
 11646      72657061 
 11646      72655175 
 11646      65756564 
 11646      52656365 
 11647              	.LASF173:
 11648 0e48 44494550 		.ascii	"DIEPCTL\000"
 11648      43544C00 
 11649              	.LASF159:
 11650 0e50 75736263 		.ascii	"usbcallback_t\000"
 11650      616C6C62 
 11650      61636B5F 
 11650      7400
 11651              	.LASF189:
 11652 0e5e 47525354 		.ascii	"GRSTCTL\000"
 11652      43544C00 
 11653              	.LASF279:
ARM GAS  /tmp/ccNufGNo.s 			page 217


 11654 0e66 6364635F 		.ascii	"cdc_linecoding_t\000"
 11654      6C696E65 
 11654      636F6469 
 11654      6E675F74 
 11654      00
 11655              	.LASF190:
 11656 0e77 47494E54 		.ascii	"GINTSTS\000"
 11656      53545300 
 11657              	.LASF73:
 11658 0e7f 76746C69 		.ascii	"vtlist\000"
 11658      737400
 11659              	.LASF175:
 11660 0e86 44494550 		.ascii	"DIEPINT\000"
 11660      494E5400 
 11661              	.LASF196:
 11662 0e8e 484E5054 		.ascii	"HNPTXSTS\000"
 11662      58535453 
 11662      00
 11663              	.LASF313:
 11664 0e97 63685379 		.ascii	"chSysHalt\000"
 11664      7348616C 
 11664      7400
 11665              	.LASF96:
 11666 0ea1 6D757465 		.ascii	"mutex_t\000"
 11666      785F7400 
 11667              	.LASF273:
 11668 0ea9 736F665F 		.ascii	"sof_cb\000"
 11668      636200
 11669              	.LASF236:
 11670 0eb0 72657376 		.ascii	"resvdE04\000"
 11670      64453034 
 11670      00
 11671              	.LASF197:
 11672 0eb9 72657376 		.ascii	"resvd30\000"
 11672      64333000 
 11673              	.LASF71:
 11674 0ec1 63685F73 		.ascii	"ch_system\000"
 11674      79737465 
 11674      6D00
 11675              	.LASF198:
 11676 0ecb 72657376 		.ascii	"resvd34\000"
 11676      64333400 
 11677              	.LASF18:
 11678 0ed3 75696E74 		.ascii	"uint32_t\000"
 11678      33325F74 
 11678      00
 11679              	.LASF133:
 11680 0edc 75736265 		.ascii	"usbep_t\000"
 11680      705F7400 
 11681              	.LASF281:
 11682 0ee4 5344555F 		.ascii	"SDU_STOP\000"
 11682      53544F50 
 11682      00
 11683              	.LASF111:
 11684 0eed 696E7075 		.ascii	"input_queue_t\000"
 11684      745F7175 
 11684      6575655F 
ARM GAS  /tmp/ccNufGNo.s 			page 218


 11684      7400
 11685              	.LASF290:
 11686 0efb 62756C6B 		.ascii	"bulk_out\000"
 11686      5F6F7574 
 11686      00
 11687              	.LASF332:
 11688 0f04 6F73616C 		.ascii	"osalEventBroadcastFlagsI\000"
 11688      4576656E 
 11688      7442726F 
 11688      61646361 
 11688      7374466C 
 11689              	.LASF82:
 11690 0f1d 7264796D 		.ascii	"rdymsg\000"
 11690      736700
 11691              	.LASF8:
 11692 0f24 73686F72 		.ascii	"short unsigned int\000"
 11692      7420756E 
 11692      7369676E 
 11692      65642069 
 11692      6E7400
 11693              	.LASF217:
 11694 0f37 44535453 		.ascii	"DSTS\000"
 11694      00
 11695              	.LASF271:
 11696 0f3c 6765745F 		.ascii	"get_descriptor_cb\000"
 11696      64657363 
 11696      72697074 
 11696      6F725F63 
 11696      6200
 11697              	.LASF333:
 11698 0f4e 6F73616C 		.ascii	"osalEventObjectInit\000"
 11698      4576656E 
 11698      744F626A 
 11698      65637449 
 11698      6E697400 
 11699              	.LASF70:
 11700 0f62 63685F73 		.ascii	"ch_system_t\000"
 11700      79737465 
 11700      6D5F7400 
 11701              	.LASF324:
 11702 0f6e 73647543 		.ascii	"sduConfigureHookI\000"
 11702      6F6E6669 
 11702      67757265 
 11702      486F6F6B 
 11702      4900
 11703              	.LASF152:
 11704 0f80 5553425F 		.ascii	"USB_EVENT_SUSPEND\000"
 11704      4556454E 
 11704      545F5355 
 11704      5350454E 
 11704      4400
 11705              	.LASF112:
 11706 0f92 6F757470 		.ascii	"output_queue_t\000"
 11706      75745F71 
 11706      75657565 
 11706      5F7400
 11707              	.LASF119:
ARM GAS  /tmp/ccNufGNo.s 			page 219


 11708 0fa1 6F75745F 		.ascii	"out_params\000"
 11708      70617261 
 11708      6D7300
 11709              	.LASF9:
 11710 0fac 5F5F696E 		.ascii	"__int32_t\000"
 11710      7433325F 
 11710      7400
 11711              	.LASF208:
 11712 0fb6 48505458 		.ascii	"HPTXSTS\000"
 11712      53545300 
 11713              	.LASF200:
 11714 0fbe 72657376 		.ascii	"resvd58\000"
 11714      64353800 
 11715              	.LASF146:
 11716 0fc6 5553425F 		.ascii	"USB_EP0_SENDING_STS\000"
 11716      4550305F 
 11716      53454E44 
 11716      494E475F 
 11716      53545300 
 11717              	.LASF205:
 11718 0fda 48464952 		.ascii	"HFIR\000"
 11718      00
 11719              	.LASF144:
 11720 0fdf 5553425F 		.ascii	"USB_EP0_WAITING_STS\000"
 11720      4550305F 
 11720      57414954 
 11720      494E475F 
 11720      53545300 
 11721              	.LASF36:
 11722 0ff3 705F6E61 		.ascii	"p_name\000"
 11722      6D6500
 11723              	.LASF94:
 11724 0ffa 6D5F6E65 		.ascii	"m_next\000"
 11724      787400
 11725              	.LASF129:
 11726 1001 706D6E65 		.ascii	"pmnext\000"
 11726      787400
 11727              	.LASF247:
 11728 1008 74787175 		.ascii	"txqueued\000"
 11728      65756564 
 11728      00
 11729              	.LASF188:
 11730 1011 47555342 		.ascii	"GUSBCFG\000"
 11730      43464700 
 11731              	.LASF276:
 11732 1019 62436861 		.ascii	"bCharFormat\000"
 11732      72466F72 
 11732      6D617400 
 11733              	.LASF275:
 11734 1025 64774454 		.ascii	"dwDTERate\000"
 11734      45526174 
 11734      6500
 11735              	.LASF145:
 11736 102f 5553425F 		.ascii	"USB_EP0_RX\000"
 11736      4550305F 
 11736      525800
 11737              	.LASF203:
ARM GAS  /tmp/ccNufGNo.s 			page 220


 11738 103a 72657376 		.ascii	"resvd140\000"
 11738      64313430 
 11738      00
 11739              	.LASF37:
 11740 1043 705F7374 		.ascii	"p_state\000"
 11740      61746500 
 11741              		.ident	"GCC: (Arm GNU Toolchain 13.2.rel1 (Build arm-13.7)) 13.2.1 20231009"
ARM GAS  /tmp/ccNufGNo.s 			page 221


DEFINED SYMBOLS
                            *ABS*:00000000 serial_usb.c
     /tmp/ccNufGNo.s:21     .text.inotify:00000000 $t
     /tmp/ccNufGNo.s:27     .text.inotify:00000000 inotify
     /tmp/ccNufGNo.s:242    .text.inotify:00000090 $d
     /tmp/ccNufGNo.s:2096   .rodata.__func__.2:00000000 __func__.2
     /tmp/ccNufGNo.s:251    .text.readt:00000000 $t
     /tmp/ccNufGNo.s:257    .text.readt:00000000 readt
     /tmp/ccNufGNo.s:277    .text.read:00000000 $t
     /tmp/ccNufGNo.s:283    .text.read:00000000 read
     /tmp/ccNufGNo.s:304    .text.writet:00000000 $t
     /tmp/ccNufGNo.s:310    .text.writet:00000000 writet
     /tmp/ccNufGNo.s:330    .text.write:00000000 $t
     /tmp/ccNufGNo.s:336    .text.write:00000000 write
     /tmp/ccNufGNo.s:357    .text.gett:00000000 $t
     /tmp/ccNufGNo.s:363    .text.gett:00000000 gett
     /tmp/ccNufGNo.s:383    .text.get:00000000 $t
     /tmp/ccNufGNo.s:389    .text.get:00000000 get
     /tmp/ccNufGNo.s:410    .text.putt:00000000 $t
     /tmp/ccNufGNo.s:416    .text.putt:00000000 putt
     /tmp/ccNufGNo.s:436    .text.put:00000000 $t
     /tmp/ccNufGNo.s:442    .text.put:00000000 put
     /tmp/ccNufGNo.s:463    .text.onotify:00000000 $t
     /tmp/ccNufGNo.s:469    .text.onotify:00000000 onotify
     /tmp/ccNufGNo.s:662    .text.onotify:00000084 $d
     /tmp/ccNufGNo.s:671    .text.sduInit:00000000 $t
     /tmp/ccNufGNo.s:678    .text.sduInit:00000000 sduInit
     /tmp/ccNufGNo.s:691    .text.sduObjectInit:00000000 $t
     /tmp/ccNufGNo.s:698    .text.sduObjectInit:00000000 sduObjectInit
     /tmp/ccNufGNo.s:769    .text.sduObjectInit:00000040 $d
     /tmp/ccNufGNo.s:2102   .rodata.vmt:00000000 vmt
     /tmp/ccNufGNo.s:776    .text.sduStart:00000000 $t
     /tmp/ccNufGNo.s:783    .text.sduStart:00000000 sduStart
     /tmp/ccNufGNo.s:998    .text.sduStart:00000078 $d
     /tmp/ccNufGNo.s:2090   .rodata.__func__.1:00000000 __func__.1
     /tmp/ccNufGNo.s:1005   .text.sduStop:00000000 $t
     /tmp/ccNufGNo.s:1012   .text.sduStop:00000000 sduStop
     /tmp/ccNufGNo.s:1277   .text.sduStop:00000094 $d
     /tmp/ccNufGNo.s:2084   .rodata.__func__.0:00000000 __func__.0
     /tmp/ccNufGNo.s:1284   .text.sduConfigureHookI:00000000 $t
     /tmp/ccNufGNo.s:1291   .text.sduConfigureHookI:00000000 sduConfigureHookI
     /tmp/ccNufGNo.s:1383   .text.sduRequestsHook:00000000 $t
     /tmp/ccNufGNo.s:1390   .text.sduRequestsHook:00000000 sduRequestsHook
     /tmp/ccNufGNo.s:1452   .text.sduRequestsHook:0000003c $d
     /tmp/ccNufGNo.s:2115   .data.linecoding:00000000 linecoding
     /tmp/ccNufGNo.s:1457   .text.sduDataTransmitted:00000000 $t
     /tmp/ccNufGNo.s:1464   .text.sduDataTransmitted:00000000 sduDataTransmitted
     /tmp/ccNufGNo.s:1780   .text.sduDataReceived:00000000 $t
     /tmp/ccNufGNo.s:1787   .text.sduDataReceived:00000000 sduDataReceived
     /tmp/ccNufGNo.s:2058   .text.sduInterruptTransmitted:00000000 $t
     /tmp/ccNufGNo.s:2065   .text.sduInterruptTransmitted:00000000 sduInterruptTransmitted
     /tmp/ccNufGNo.s:2081   .rodata.__func__.0:00000000 $d
     /tmp/ccNufGNo.s:2087   .rodata.__func__.1:00000000 $d
     /tmp/ccNufGNo.s:2093   .rodata.__func__.2:00000000 $d
     /tmp/ccNufGNo.s:2099   .rodata.vmt:00000000 $d
     /tmp/ccNufGNo.s:2112   .data.linecoding:00000000 $d

ARM GAS  /tmp/ccNufGNo.s 			page 222


UNDEFINED SYMBOLS
_dbg_check_unlock
usbPrepareQueuedReceive
_dbg_check_lock
usbStartReceiveI
chSysHalt
ch
iqReadTimeout
oqWriteTimeout
iqGetTimeout
oqPutTimeout
usbPrepareQueuedTransmit
usbStartTransmitI
iqObjectInit
oqObjectInit
iqResetI
oqResetI
chSchRescheduleS
_dbg_check_lock_from_isr
_dbg_check_unlock_from_isr
