ARM GAS  /tmp/ccGzpbQK.s 			page 1


   1              		.cpu cortex-m4
   2              		.arch armv7e-m
   3              		.fpu fpv4-sp-d16
   4              		.eabi_attribute 27, 1
   5              		.eabi_attribute 28, 1
   6              		.eabi_attribute 20, 1
   7              		.eabi_attribute 21, 1
   8              		.eabi_attribute 23, 3
   9              		.eabi_attribute 24, 1
  10              		.eabi_attribute 25, 1
  11              		.eabi_attribute 26, 1
  12              		.eabi_attribute 30, 2
  13              		.eabi_attribute 34, 1
  14              		.eabi_attribute 18, 4
  15              		.file	"syscalls.c"
  16              		.text
  17              	.Ltext0:
  18              		.cfi_sections	.debug_frame
  19              		.file 1 "../RC_Controller/ChibiOS_3.0.5/os/various/syscalls.c"
  20              		.section	.text._read_r,"ax",%progbits
  21              		.align	1
  22              		.p2align 4,,15
  23              		.global	_read_r
  24              		.syntax unified
  25              		.thumb
  26              		.thumb_func
  27              		.type	_read_r, %function
  28              	_read_r:
  29              	.LVL0:
  30              	.LFB186:
  31              		.loc 1 71 1 view -0
  32              		.cfi_startproc
  33              		@ args = 0, pretend = 0, frame = 0
  34              		@ frame_needed = 0, uses_anonymous_args = 0
  35              		@ link register save eliminated.
  36              		.loc 1 72 3 view .LVU1
  37              		.loc 1 81 3 view .LVU2
  38              		.loc 1 82 3 view .LVU3
  39              		.loc 1 83 3 view .LVU4
  40              		.loc 1 84 3 view .LVU5
  41              		.loc 1 84 16 is_stmt 0 view .LVU6
  42 0000 1623     		movs	r3, #22
  43              	.LVL1:
  44              		.loc 1 84 16 view .LVU7
  45 0002 0360     		str	r3, [r0]
  46              		.loc 1 85 3 is_stmt 1 view .LVU8
  47              		.loc 1 87 1 is_stmt 0 view .LVU9
  48 0004 4FF0FF30 		mov	r0, #-1
  49              	.LVL2:
  50              		.loc 1 87 1 view .LVU10
  51 0008 7047     		bx	lr
  52              		.cfi_endproc
  53              	.LFE186:
  54              		.size	_read_r, .-_read_r
  55 000a 00BF     		.section	.text._lseek_r,"ax",%progbits
  56              		.align	1
  57              		.p2align 4,,15
ARM GAS  /tmp/ccGzpbQK.s 			page 2


  58              		.global	_lseek_r
  59              		.syntax unified
  60              		.thumb
  61              		.thumb_func
  62              		.type	_lseek_r, %function
  63              	_lseek_r:
  64              	.LVL3:
  65              	.LFB187:
  66              		.loc 1 92 1 is_stmt 1 view -0
  67              		.cfi_startproc
  68              		@ args = 0, pretend = 0, frame = 0
  69              		@ frame_needed = 0, uses_anonymous_args = 0
  70              		@ link register save eliminated.
  71              		.loc 1 93 3 view .LVU12
  72              		.loc 1 94 3 view .LVU13
  73              		.loc 1 95 3 view .LVU14
  74              		.loc 1 96 3 view .LVU15
  75              		.loc 1 98 3 view .LVU16
  76              		.loc 1 99 1 is_stmt 0 view .LVU17
  77 0000 0020     		movs	r0, #0
  78              	.LVL4:
  79              		.loc 1 99 1 view .LVU18
  80 0002 7047     		bx	lr
  81              		.cfi_endproc
  82              	.LFE187:
  83              		.size	_lseek_r, .-_lseek_r
  84              		.section	.text._write_r,"ax",%progbits
  85              		.align	1
  86              		.p2align 4,,15
  87              		.global	_write_r
  88              		.syntax unified
  89              		.thumb
  90              		.thumb_func
  91              		.type	_write_r, %function
  92              	_write_r:
  93              	.LVL5:
  94              	.LFB188:
  95              		.loc 1 104 1 is_stmt 1 view -0
  96              		.cfi_startproc
  97              		@ args = 0, pretend = 0, frame = 0
  98              		@ frame_needed = 0, uses_anonymous_args = 0
  99              		@ link register save eliminated.
 100              		.loc 1 105 3 view .LVU20
 101              		.loc 1 106 3 view .LVU21
 102              		.loc 1 107 3 view .LVU22
 103              		.loc 1 115 3 view .LVU23
 104              		.loc 1 116 1 is_stmt 0 view .LVU24
 105 0000 1846     		mov	r0, r3
 106              	.LVL6:
 107              		.loc 1 116 1 view .LVU25
 108 0002 7047     		bx	lr
 109              		.cfi_endproc
 110              	.LFE188:
 111              		.size	_write_r, .-_write_r
 112              		.section	.text._close_r,"ax",%progbits
 113              		.align	1
 114              		.p2align 4,,15
ARM GAS  /tmp/ccGzpbQK.s 			page 3


 115              		.global	_close_r
 116              		.syntax unified
 117              		.thumb
 118              		.thumb_func
 119              		.type	_close_r, %function
 120              	_close_r:
 121              	.LVL7:
 122              	.LFB189:
 123              		.loc 1 121 1 is_stmt 1 view -0
 124              		.cfi_startproc
 125              		@ args = 0, pretend = 0, frame = 0
 126              		@ frame_needed = 0, uses_anonymous_args = 0
 127              		@ link register save eliminated.
 128              		.loc 1 122 3 view .LVU27
 129              		.loc 1 123 3 view .LVU28
 130              		.loc 1 125 3 view .LVU29
 131              		.loc 1 126 1 is_stmt 0 view .LVU30
 132 0000 0020     		movs	r0, #0
 133              	.LVL8:
 134              		.loc 1 126 1 view .LVU31
 135 0002 7047     		bx	lr
 136              		.cfi_endproc
 137              	.LFE189:
 138              		.size	_close_r, .-_close_r
 139              		.section	.text._sbrk_r,"ax",%progbits
 140              		.align	1
 141              		.p2align 4,,15
 142              		.global	_sbrk_r
 143              		.syntax unified
 144              		.thumb
 145              		.thumb_func
 146              		.type	_sbrk_r, %function
 147              	_sbrk_r:
 148              	.LVL9:
 149              	.LFB190:
 150              		.loc 1 131 1 is_stmt 1 view -0
 151              		.cfi_startproc
 152              		@ args = 0, pretend = 0, frame = 0
 153              		@ frame_needed = 0, uses_anonymous_args = 0
 154              		.loc 1 133 3 view .LVU33
 155              		.loc 1 135 3 view .LVU34
 156              		.loc 1 135 3 view .LVU35
 157              		.loc 1 135 3 discriminator 1 view .LVU36
 158              		.loc 1 131 1 is_stmt 0 view .LVU37
 159 0000 38B5     		push	{r3, r4, r5, lr}
 160              		.cfi_def_cfa_offset 16
 161              		.cfi_offset 3, -16
 162              		.cfi_offset 4, -12
 163              		.cfi_offset 5, -8
 164              		.cfi_offset 14, -4
 165              		.loc 1 135 3 discriminator 1 view .LVU38
 166 0002 0C1E     		subs	r4, r1, #0
 167              		.loc 1 131 1 view .LVU39
 168 0004 0546     		mov	r5, r0
 169              		.loc 1 135 3 discriminator 1 view .LVU40
 170 0006 04DB     		blt	.L10
 171              		.loc 1 135 3 is_stmt 1 discriminator 5 view .LVU41
ARM GAS  /tmp/ccGzpbQK.s 			page 4


 172              		.loc 1 137 3 view .LVU42
 173              		.loc 1 137 7 is_stmt 0 view .LVU43
 174 0008 2046     		mov	r0, r4
 175              	.LVL10:
 176              		.loc 1 137 7 view .LVU44
 177 000a FFF7FEFF 		bl	chCoreAlloc
 178              	.LVL11:
 179              		.loc 1 138 3 is_stmt 1 view .LVU45
 180              		.loc 1 138 6 is_stmt 0 view .LVU46
 181 000e 40B1     		cbz	r0, .L11
 182              	.L6:
 183              		.loc 1 148 1 view .LVU47
 184 0010 38BD     		pop	{r3, r4, r5, pc}
 185              	.LVL12:
 186              	.L10:
 187              		.loc 1 135 3 is_stmt 1 discriminator 3 view .LVU48
 188 0012 0648     		ldr	r0, .L12
 189              	.LVL13:
 190              		.loc 1 135 3 is_stmt 0 discriminator 3 view .LVU49
 191 0014 FFF7FEFF 		bl	chSysHalt
 192              	.LVL14:
 193              		.loc 1 135 3 is_stmt 1 discriminator 5 view .LVU50
 194              		.loc 1 137 3 view .LVU51
 195              		.loc 1 137 7 is_stmt 0 view .LVU52
 196 0018 2046     		mov	r0, r4
 197 001a FFF7FEFF 		bl	chCoreAlloc
 198              	.LVL15:
 199              		.loc 1 138 3 is_stmt 1 view .LVU53
 200              		.loc 1 138 6 is_stmt 0 view .LVU54
 201 001e 0028     		cmp	r0, #0
 202 0020 F6D1     		bne	.L6
 203              	.L11:
 204              		.loc 1 139 5 is_stmt 1 view .LVU55
 205              		.loc 1 139 18 is_stmt 0 view .LVU56
 206 0022 0C23     		movs	r3, #12
 207 0024 2B60     		str	r3, [r5]
 208              		.loc 1 140 5 is_stmt 1 view .LVU57
 209              		.loc 1 140 12 is_stmt 0 view .LVU58
 210 0026 4FF0FF30 		mov	r0, #-1
 211              	.LVL16:
 212              		.loc 1 148 1 view .LVU59
 213 002a 38BD     		pop	{r3, r4, r5, pc}
 214              	.LVL17:
 215              	.L13:
 216              		.loc 1 148 1 view .LVU60
 217              		.align	2
 218              	.L12:
 219 002c 00000000 		.word	__func__.0
 220              		.cfi_endproc
 221              	.LFE190:
 222              		.size	_sbrk_r, .-_sbrk_r
 223              		.section	.text._fstat_r,"ax",%progbits
 224              		.align	1
 225              		.p2align 4,,15
 226              		.global	_fstat_r
 227              		.syntax unified
 228              		.thumb
ARM GAS  /tmp/ccGzpbQK.s 			page 5


 229              		.thumb_func
 230              		.type	_fstat_r, %function
 231              	_fstat_r:
 232              	.LVL18:
 233              	.LFB191:
 234              		.loc 1 153 1 is_stmt 1 view -0
 235              		.cfi_startproc
 236              		@ args = 0, pretend = 0, frame = 0
 237              		@ frame_needed = 0, uses_anonymous_args = 0
 238              		.loc 1 154 3 view .LVU62
 239              		.loc 1 155 3 view .LVU63
 240              		.loc 1 157 3 view .LVU64
 241              		.loc 1 153 1 is_stmt 0 view .LVU65
 242 0000 08B5     		push	{r3, lr}
 243              		.cfi_def_cfa_offset 8
 244              		.cfi_offset 3, -8
 245              		.cfi_offset 14, -4
 246              		.loc 1 153 1 view .LVU66
 247 0002 1346     		mov	r3, r2
 248              		.loc 1 157 3 view .LVU67
 249 0004 0021     		movs	r1, #0
 250              	.LVL19:
 251              		.loc 1 157 3 view .LVU68
 252 0006 5822     		movs	r2, #88
 253              	.LVL20:
 254              		.loc 1 157 3 view .LVU69
 255 0008 1846     		mov	r0, r3
 256              	.LVL21:
 257              		.loc 1 157 3 view .LVU70
 258 000a FFF7FEFF 		bl	memset
 259              	.LVL22:
 260              		.loc 1 157 3 view .LVU71
 261 000e 0346     		mov	r3, r0
 262              		.loc 1 158 3 is_stmt 1 view .LVU72
 263              		.loc 1 158 15 is_stmt 0 view .LVU73
 264 0010 4FF40052 		mov	r2, #8192
 265              		.loc 1 160 1 view .LVU74
 266 0014 0020     		movs	r0, #0
 267              		.loc 1 158 15 view .LVU75
 268 0016 5A60     		str	r2, [r3, #4]
 269              		.loc 1 159 3 is_stmt 1 view .LVU76
 270              		.loc 1 160 1 is_stmt 0 view .LVU77
 271 0018 08BD     		pop	{r3, pc}
 272              		.cfi_endproc
 273              	.LFE191:
 274              		.size	_fstat_r, .-_fstat_r
 275 001a 00BF     		.section	.text._isatty_r,"ax",%progbits
 276              		.align	1
 277              		.p2align 4,,15
 278              		.global	_isatty_r
 279              		.syntax unified
 280              		.thumb
 281              		.thumb_func
 282              		.type	_isatty_r, %function
 283              	_isatty_r:
 284              	.LVL23:
 285              	.LFB192:
ARM GAS  /tmp/ccGzpbQK.s 			page 6


 286              		.loc 1 165 1 is_stmt 1 view -0
 287              		.cfi_startproc
 288              		@ args = 0, pretend = 0, frame = 0
 289              		@ frame_needed = 0, uses_anonymous_args = 0
 290              		@ link register save eliminated.
 291              		.loc 1 166 3 view .LVU79
 292              		.loc 1 167 3 view .LVU80
 293              		.loc 1 169 3 view .LVU81
 294              		.loc 1 170 1 is_stmt 0 view .LVU82
 295 0000 0120     		movs	r0, #1
 296              	.LVL24:
 297              		.loc 1 170 1 view .LVU83
 298 0002 7047     		bx	lr
 299              		.cfi_endproc
 300              	.LFE192:
 301              		.size	_isatty_r, .-_isatty_r
 302              		.section	.rodata.__func__.0,"a"
 303              		.align	2
 304              		.type	__func__.0, %object
 305              		.size	__func__.0, 8
 306              	__func__.0:
 307 0000 5F736272 		.ascii	"_sbrk_r\000"
 307      6B5F7200 
 308              		.text
 309              	.Letext0:
 310              		.file 2 "/opt/arm-gnu-toolchain-13.2.Rel1-x86_64-arm-none-eabi/lib/gcc/arm-none-eabi/13.2.1/includ
 311              		.file 3 "/opt/arm-gnu-toolchain-13.2.Rel1-x86_64-arm-none-eabi/arm-none-eabi/include/machine/_defa
 312              		.file 4 "/opt/arm-gnu-toolchain-13.2.Rel1-x86_64-arm-none-eabi/arm-none-eabi/include/sys/_types.h"
 313              		.file 5 "/opt/arm-gnu-toolchain-13.2.Rel1-x86_64-arm-none-eabi/arm-none-eabi/include/sys/reent.h"
 314              		.file 6 "/opt/arm-gnu-toolchain-13.2.Rel1-x86_64-arm-none-eabi/arm-none-eabi/include/sys/lock.h"
 315              		.file 7 "/opt/arm-gnu-toolchain-13.2.Rel1-x86_64-arm-none-eabi/arm-none-eabi/include/sys/_timeval.
 316              		.file 8 "/opt/arm-gnu-toolchain-13.2.Rel1-x86_64-arm-none-eabi/arm-none-eabi/include/sys/_timespec
 317              		.file 9 "/opt/arm-gnu-toolchain-13.2.Rel1-x86_64-arm-none-eabi/arm-none-eabi/include/sys/types.h"
 318              		.file 10 "/opt/arm-gnu-toolchain-13.2.Rel1-x86_64-arm-none-eabi/arm-none-eabi/include/sys/stat.h"
 319              		.file 11 "/opt/arm-gnu-toolchain-13.2.Rel1-x86_64-arm-none-eabi/arm-none-eabi/include/string.h"
 320              		.file 12 "../RC_Controller/ChibiOS_3.0.5/os/rt/include/chmemcore.h"
 321              		.file 13 "../RC_Controller/ChibiOS_3.0.5/os/rt/include/chsys.h"
 322              		.file 14 "<built-in>"
 323              		.section	.debug_info,"",%progbits
 324              	.Ldebug_info0:
 325 0000 DB0B0000 		.4byte	0xbdb
 326 0004 0500     		.2byte	0x5
 327 0006 01       		.byte	0x1
 328 0007 04       		.byte	0x4
 329 0008 00000000 		.4byte	.Ldebug_abbrev0
 330 000c 1A       		.uleb128 0x1a
 331 000d EC000000 		.4byte	.LASF150
 332 0011 0C       		.byte	0xc
 333 0012 03040000 		.4byte	.LASF151
 334 0016 57020000 		.4byte	.LASF152
 335 001a 0C000000 		.4byte	.LLRL12
 336 001e 00000000 		.4byte	0
 337 0022 00000000 		.4byte	.Ldebug_line0
 338 0026 08       		.uleb128 0x8
 339 0027 08       		.byte	0x8
 340 0028 07       		.byte	0x7
 341 0029 8D000000 		.4byte	.LASF0
ARM GAS  /tmp/ccGzpbQK.s 			page 7


 342 002d 08       		.uleb128 0x8
 343 002e 04       		.byte	0x4
 344 002f 07       		.byte	0x7
 345 0030 D9050000 		.4byte	.LASF1
 346 0034 03       		.uleb128 0x3
 347 0035 30000000 		.4byte	.LASF7
 348 0039 02       		.byte	0x2
 349 003a D6       		.byte	0xd6
 350 003b 17       		.byte	0x17
 351 003c 2D000000 		.4byte	0x2d
 352 0040 1B       		.uleb128 0x1b
 353 0041 04       		.byte	0x4
 354 0042 05       		.byte	0x5
 355 0043 696E7400 		.ascii	"int\000"
 356 0047 08       		.uleb128 0x8
 357 0048 01       		.byte	0x1
 358 0049 06       		.byte	0x6
 359 004a 15020000 		.4byte	.LASF2
 360 004e 08       		.uleb128 0x8
 361 004f 01       		.byte	0x1
 362 0050 08       		.byte	0x8
 363 0051 C3040000 		.4byte	.LASF3
 364 0055 08       		.uleb128 0x8
 365 0056 02       		.byte	0x2
 366 0057 05       		.byte	0x5
 367 0058 08000000 		.4byte	.LASF4
 368 005c 08       		.uleb128 0x8
 369 005d 02       		.byte	0x2
 370 005e 07       		.byte	0x7
 371 005f 14060000 		.4byte	.LASF5
 372 0063 08       		.uleb128 0x8
 373 0064 04       		.byte	0x4
 374 0065 05       		.byte	0x5
 375 0066 A6020000 		.4byte	.LASF6
 376 006a 03       		.uleb128 0x3
 377 006b 1A030000 		.4byte	.LASF8
 378 006f 03       		.byte	0x3
 379 0070 4F       		.byte	0x4f
 380 0071 19       		.byte	0x19
 381 0072 76000000 		.4byte	0x76
 382 0076 08       		.uleb128 0x8
 383 0077 04       		.byte	0x4
 384 0078 07       		.byte	0x7
 385 0079 82030000 		.4byte	.LASF9
 386 007d 08       		.uleb128 0x8
 387 007e 08       		.byte	0x8
 388 007f 05       		.byte	0x5
 389 0080 C7020000 		.4byte	.LASF10
 390 0084 03       		.uleb128 0x3
 391 0085 C7000000 		.4byte	.LASF11
 392 0089 03       		.byte	0x3
 393 008a C8       		.byte	0xc8
 394 008b 1E       		.byte	0x1e
 395 008c 7D000000 		.4byte	0x7d
 396 0090 11       		.uleb128 0x11
 397 0091 E7030000 		.4byte	.LASF12
 398 0095 02       		.byte	0x2
ARM GAS  /tmp/ccGzpbQK.s 			page 8


 399 0096 6701     		.2byte	0x167
 400 0098 17       		.byte	0x17
 401 0099 2D000000 		.4byte	0x2d
 402 009d 03       		.uleb128 0x3
 403 009e 9B020000 		.4byte	.LASF13
 404 00a2 04       		.byte	0x4
 405 00a3 1E       		.byte	0x1e
 406 00a4 0E       		.byte	0xe
 407 00a5 63000000 		.4byte	0x63
 408 00a9 03       		.uleb128 0x3
 409 00aa 7A040000 		.4byte	.LASF14
 410 00ae 04       		.byte	0x4
 411 00af 22       		.byte	0x22
 412 00b0 0E       		.byte	0xe
 413 00b1 63000000 		.4byte	0x63
 414 00b5 03       		.uleb128 0x3
 415 00b6 E5000000 		.4byte	.LASF15
 416 00ba 04       		.byte	0x4
 417 00bb 2E       		.byte	0x2e
 418 00bc 0E       		.byte	0xe
 419 00bd 63000000 		.4byte	0x63
 420 00c1 03       		.uleb128 0x3
 421 00c2 62040000 		.4byte	.LASF16
 422 00c6 04       		.byte	0x4
 423 00c7 38       		.byte	0x38
 424 00c8 0F       		.byte	0xf
 425 00c9 55000000 		.4byte	0x55
 426 00cd 03       		.uleb128 0x3
 427 00ce E6050000 		.4byte	.LASF17
 428 00d2 04       		.byte	0x4
 429 00d3 3C       		.byte	0x3c
 430 00d4 18       		.byte	0x18
 431 00d5 5C000000 		.4byte	0x5c
 432 00d9 03       		.uleb128 0x3
 433 00da 00000000 		.4byte	.LASF18
 434 00de 04       		.byte	0x4
 435 00df 3F       		.byte	0x3f
 436 00e0 18       		.byte	0x18
 437 00e1 5C000000 		.4byte	0x5c
 438 00e5 03       		.uleb128 0x3
 439 00e6 70050000 		.4byte	.LASF19
 440 00ea 04       		.byte	0x4
 441 00eb 4B       		.byte	0x4b
 442 00ec 18       		.byte	0x18
 443 00ed 5C000000 		.4byte	0x5c
 444 00f1 03       		.uleb128 0x3
 445 00f2 3E020000 		.4byte	.LASF20
 446 00f6 04       		.byte	0x4
 447 00f7 5A       		.byte	0x5a
 448 00f8 14       		.byte	0x14
 449 00f9 6A000000 		.4byte	0x6a
 450 00fd 03       		.uleb128 0x3
 451 00fe 29020000 		.4byte	.LASF21
 452 0102 04       		.byte	0x4
 453 0103 66       		.byte	0x66
 454 0104 10       		.byte	0x10
 455 0105 B5000000 		.4byte	0xb5
ARM GAS  /tmp/ccGzpbQK.s 			page 9


 456 0109 03       		.uleb128 0x3
 457 010a 12000000 		.4byte	.LASF22
 458 010e 04       		.byte	0x4
 459 010f 74       		.byte	0x74
 460 0110 0E       		.byte	0xe
 461 0111 63000000 		.4byte	0x63
 462 0115 1C       		.uleb128 0x1c
 463 0116 04       		.byte	0x4
 464 0117 04       		.byte	0x4
 465 0118 A5       		.byte	0xa5
 466 0119 03       		.byte	0x3
 467 011a 35010000 		.4byte	0x135
 468 011e 12       		.uleb128 0x12
 469 011f D9030000 		.4byte	.LASF23
 470 0123 A7       		.byte	0xa7
 471 0124 0C       		.byte	0xc
 472 0125 90000000 		.4byte	0x90
 473 0129 12       		.uleb128 0x12
 474 012a 62030000 		.4byte	.LASF24
 475 012e A8       		.byte	0xa8
 476 012f 13       		.byte	0x13
 477 0130 35010000 		.4byte	0x135
 478 0134 00       		.byte	0
 479 0135 06       		.uleb128 0x6
 480 0136 4E000000 		.4byte	0x4e
 481 013a 45010000 		.4byte	0x145
 482 013e 07       		.uleb128 0x7
 483 013f 2D000000 		.4byte	0x2d
 484 0143 03       		.byte	0x3
 485 0144 00       		.byte	0
 486 0145 1D       		.uleb128 0x1d
 487 0146 08       		.byte	0x8
 488 0147 04       		.byte	0x4
 489 0148 A2       		.byte	0xa2
 490 0149 09       		.byte	0x9
 491 014a 69010000 		.4byte	0x169
 492 014e 01       		.uleb128 0x1
 493 014f 7E050000 		.4byte	.LASF25
 494 0153 04       		.byte	0x4
 495 0154 A4       		.byte	0xa4
 496 0155 07       		.byte	0x7
 497 0156 40000000 		.4byte	0x40
 498 015a 00       		.byte	0
 499 015b 01       		.uleb128 0x1
 500 015c 8D050000 		.4byte	.LASF26
 501 0160 04       		.byte	0x4
 502 0161 A9       		.byte	0xa9
 503 0162 05       		.byte	0x5
 504 0163 15010000 		.4byte	0x115
 505 0167 04       		.byte	0x4
 506 0168 00       		.byte	0
 507 0169 03       		.uleb128 0x3
 508 016a 0F050000 		.4byte	.LASF27
 509 016e 04       		.byte	0x4
 510 016f AA       		.byte	0xaa
 511 0170 03       		.byte	0x3
 512 0171 45010000 		.4byte	0x145
ARM GAS  /tmp/ccGzpbQK.s 			page 10


 513 0175 1E       		.uleb128 0x1e
 514 0176 04       		.byte	0x4
 515 0177 03       		.uleb128 0x3
 516 0178 D6060000 		.4byte	.LASF28
 517 017c 04       		.byte	0x4
 518 017d D5       		.byte	0xd5
 519 017e 18       		.byte	0x18
 520 017f 5C000000 		.4byte	0x5c
 521 0183 03       		.uleb128 0x3
 522 0184 21020000 		.4byte	.LASF29
 523 0188 05       		.byte	0x5
 524 0189 17       		.byte	0x17
 525 018a 19       		.byte	0x19
 526 018b 76000000 		.4byte	0x76
 527 018f 03       		.uleb128 0x3
 528 0190 DF030000 		.4byte	.LASF30
 529 0194 06       		.byte	0x6
 530 0195 22       		.byte	0x22
 531 0196 19       		.byte	0x19
 532 0197 9B010000 		.4byte	0x19b
 533 019b 05       		.uleb128 0x5
 534 019c A0010000 		.4byte	0x1a0
 535 01a0 13       		.uleb128 0x13
 536 01a1 86050000 		.4byte	.LASF108
 537 01a5 03       		.uleb128 0x3
 538 01a6 E8040000 		.4byte	.LASF31
 539 01aa 05       		.byte	0x5
 540 01ab 24       		.byte	0x24
 541 01ac 1B       		.byte	0x1b
 542 01ad 8F010000 		.4byte	0x18f
 543 01b1 0C       		.uleb128 0xc
 544 01b2 33030000 		.4byte	.LASF36
 545 01b6 18       		.byte	0x18
 546 01b7 05       		.byte	0x5
 547 01b8 35       		.byte	0x35
 548 01b9 08020000 		.4byte	0x208
 549 01bd 01       		.uleb128 0x1
 550 01be EE050000 		.4byte	.LASF32
 551 01c2 05       		.byte	0x5
 552 01c3 37       		.byte	0x37
 553 01c4 13       		.byte	0x13
 554 01c5 08020000 		.4byte	0x208
 555 01c9 00       		.byte	0
 556 01ca 09       		.uleb128 0x9
 557 01cb 5F6B00   		.ascii	"_k\000"
 558 01ce 38       		.byte	0x38
 559 01cf 07       		.byte	0x7
 560 01d0 40000000 		.4byte	0x40
 561 01d4 04       		.byte	0x4
 562 01d5 01       		.uleb128 0x1
 563 01d6 61050000 		.4byte	.LASF33
 564 01da 05       		.byte	0x5
 565 01db 38       		.byte	0x38
 566 01dc 0B       		.byte	0xb
 567 01dd 40000000 		.4byte	0x40
 568 01e1 08       		.byte	0x8
 569 01e2 01       		.uleb128 0x1
ARM GAS  /tmp/ccGzpbQK.s 			page 11


 570 01e3 25030000 		.4byte	.LASF34
 571 01e7 05       		.byte	0x5
 572 01e8 38       		.byte	0x38
 573 01e9 14       		.byte	0x14
 574 01ea 40000000 		.4byte	0x40
 575 01ee 0C       		.byte	0xc
 576 01ef 01       		.uleb128 0x1
 577 01f0 62060000 		.4byte	.LASF35
 578 01f4 05       		.byte	0x5
 579 01f5 38       		.byte	0x38
 580 01f6 1B       		.byte	0x1b
 581 01f7 40000000 		.4byte	0x40
 582 01fb 10       		.byte	0x10
 583 01fc 09       		.uleb128 0x9
 584 01fd 5F7800   		.ascii	"_x\000"
 585 0200 39       		.byte	0x39
 586 0201 0B       		.byte	0xb
 587 0202 0D020000 		.4byte	0x20d
 588 0206 14       		.byte	0x14
 589 0207 00       		.byte	0
 590 0208 05       		.uleb128 0x5
 591 0209 B1010000 		.4byte	0x1b1
 592 020d 06       		.uleb128 0x6
 593 020e 83010000 		.4byte	0x183
 594 0212 1D020000 		.4byte	0x21d
 595 0216 07       		.uleb128 0x7
 596 0217 2D000000 		.4byte	0x2d
 597 021b 00       		.byte	0
 598 021c 00       		.byte	0
 599 021d 0C       		.uleb128 0xc
 600 021e 5D030000 		.4byte	.LASF37
 601 0222 24       		.byte	0x24
 602 0223 05       		.byte	0x5
 603 0224 3D       		.byte	0x3d
 604 0225 9F020000 		.4byte	0x29f
 605 0229 01       		.uleb128 0x1
 606 022a D7000000 		.4byte	.LASF38
 607 022e 05       		.byte	0x5
 608 022f 3F       		.byte	0x3f
 609 0230 09       		.byte	0x9
 610 0231 40000000 		.4byte	0x40
 611 0235 00       		.byte	0
 612 0236 01       		.uleb128 0x1
 613 0237 3B030000 		.4byte	.LASF39
 614 023b 05       		.byte	0x5
 615 023c 40       		.byte	0x40
 616 023d 09       		.byte	0x9
 617 023e 40000000 		.4byte	0x40
 618 0242 04       		.byte	0x4
 619 0243 01       		.uleb128 0x1
 620 0244 4D020000 		.4byte	.LASF40
 621 0248 05       		.byte	0x5
 622 0249 41       		.byte	0x41
 623 024a 09       		.byte	0x9
 624 024b 40000000 		.4byte	0x40
 625 024f 08       		.byte	0x8
 626 0250 01       		.uleb128 0x1
ARM GAS  /tmp/ccGzpbQK.s 			page 12


 627 0251 E7060000 		.4byte	.LASF41
 628 0255 05       		.byte	0x5
 629 0256 42       		.byte	0x42
 630 0257 09       		.byte	0x9
 631 0258 40000000 		.4byte	0x40
 632 025c 0C       		.byte	0xc
 633 025d 01       		.uleb128 0x1
 634 025e 71040000 		.4byte	.LASF42
 635 0262 05       		.byte	0x5
 636 0263 43       		.byte	0x43
 637 0264 09       		.byte	0x9
 638 0265 40000000 		.4byte	0x40
 639 0269 10       		.byte	0x10
 640 026a 01       		.uleb128 0x1
 641 026b 47040000 		.4byte	.LASF43
 642 026f 05       		.byte	0x5
 643 0270 44       		.byte	0x44
 644 0271 09       		.byte	0x9
 645 0272 40000000 		.4byte	0x40
 646 0276 14       		.byte	0x14
 647 0277 01       		.uleb128 0x1
 648 0278 67060000 		.4byte	.LASF44
 649 027c 05       		.byte	0x5
 650 027d 45       		.byte	0x45
 651 027e 09       		.byte	0x9
 652 027f 40000000 		.4byte	0x40
 653 0283 18       		.byte	0x18
 654 0284 01       		.uleb128 0x1
 655 0285 F1040000 		.4byte	.LASF45
 656 0289 05       		.byte	0x5
 657 028a 46       		.byte	0x46
 658 028b 09       		.byte	0x9
 659 028c 40000000 		.4byte	0x40
 660 0290 1C       		.byte	0x1c
 661 0291 01       		.uleb128 0x1
 662 0292 A4060000 		.4byte	.LASF46
 663 0296 05       		.byte	0x5
 664 0297 47       		.byte	0x47
 665 0298 09       		.byte	0x9
 666 0299 40000000 		.4byte	0x40
 667 029d 20       		.byte	0x20
 668 029e 00       		.byte	0
 669 029f 0C       		.uleb128 0xc
 670 02a0 E0060000 		.4byte	.LASF47
 671 02a4 08       		.byte	0x8
 672 02a5 05       		.byte	0x5
 673 02a6 74       		.byte	0x74
 674 02a7 C6020000 		.4byte	0x2c6
 675 02ab 01       		.uleb128 0x1
 676 02ac 47020000 		.4byte	.LASF48
 677 02b0 05       		.byte	0x5
 678 02b1 75       		.byte	0x75
 679 02b2 11       		.byte	0x11
 680 02b3 C6020000 		.4byte	0x2c6
 681 02b7 00       		.byte	0
 682 02b8 01       		.uleb128 0x1
 683 02b9 D3050000 		.4byte	.LASF49
ARM GAS  /tmp/ccGzpbQK.s 			page 13


 684 02bd 05       		.byte	0x5
 685 02be 76       		.byte	0x76
 686 02bf 06       		.byte	0x6
 687 02c0 40000000 		.4byte	0x40
 688 02c4 04       		.byte	0x4
 689 02c5 00       		.byte	0
 690 02c6 05       		.uleb128 0x5
 691 02c7 4E000000 		.4byte	0x4e
 692 02cb 0C       		.uleb128 0xc
 693 02cc 1A050000 		.4byte	.LASF50
 694 02d0 68       		.byte	0x68
 695 02d1 05       		.byte	0x5
 696 02d2 99       		.byte	0x99
 697 02d3 05040000 		.4byte	0x405
 698 02d7 09       		.uleb128 0x9
 699 02d8 5F7000   		.ascii	"_p\000"
 700 02db 9A       		.byte	0x9a
 701 02dc 12       		.byte	0x12
 702 02dd C6020000 		.4byte	0x2c6
 703 02e1 00       		.byte	0
 704 02e2 09       		.uleb128 0x9
 705 02e3 5F7200   		.ascii	"_r\000"
 706 02e6 9B       		.byte	0x9b
 707 02e7 07       		.byte	0x7
 708 02e8 40000000 		.4byte	0x40
 709 02ec 04       		.byte	0x4
 710 02ed 09       		.uleb128 0x9
 711 02ee 5F7700   		.ascii	"_w\000"
 712 02f1 9C       		.byte	0x9c
 713 02f2 07       		.byte	0x7
 714 02f3 40000000 		.4byte	0x40
 715 02f7 08       		.byte	0x8
 716 02f8 01       		.uleb128 0x1
 717 02f9 AF020000 		.4byte	.LASF51
 718 02fd 05       		.byte	0x5
 719 02fe 9D       		.byte	0x9d
 720 02ff 09       		.byte	0x9
 721 0300 55000000 		.4byte	0x55
 722 0304 0C       		.byte	0xc
 723 0305 01       		.uleb128 0x1
 724 0306 94030000 		.4byte	.LASF52
 725 030a 05       		.byte	0x5
 726 030b 9E       		.byte	0x9e
 727 030c 09       		.byte	0x9
 728 030d 55000000 		.4byte	0x55
 729 0311 0E       		.byte	0xe
 730 0312 09       		.uleb128 0x9
 731 0313 5F626600 		.ascii	"_bf\000"
 732 0317 9F       		.byte	0x9f
 733 0318 11       		.byte	0x11
 734 0319 9F020000 		.4byte	0x29f
 735 031d 10       		.byte	0x10
 736 031e 01       		.uleb128 0x1
 737 031f A4000000 		.4byte	.LASF53
 738 0323 05       		.byte	0x5
 739 0324 A0       		.byte	0xa0
 740 0325 07       		.byte	0x7
ARM GAS  /tmp/ccGzpbQK.s 			page 14


 741 0326 40000000 		.4byte	0x40
 742 032a 18       		.byte	0x18
 743 032b 01       		.uleb128 0x1
 744 032c 93020000 		.4byte	.LASF54
 745 0330 05       		.byte	0x5
 746 0331 A7       		.byte	0xa7
 747 0332 0A       		.byte	0xa
 748 0333 75010000 		.4byte	0x175
 749 0337 1C       		.byte	0x1c
 750 0338 01       		.uleb128 0x1
 751 0339 57030000 		.4byte	.LASF55
 752 033d 05       		.byte	0x5
 753 033e A9       		.byte	0xa9
 754 033f 1D       		.byte	0x1d
 755 0340 1B050000 		.4byte	0x51b
 756 0344 20       		.byte	0x20
 757 0345 01       		.uleb128 0x1
 758 0346 40040000 		.4byte	.LASF56
 759 034a 05       		.byte	0x5
 760 034b AB       		.byte	0xab
 761 034c 1D       		.byte	0x1d
 762 034d 43050000 		.4byte	0x543
 763 0351 24       		.byte	0x24
 764 0352 01       		.uleb128 0x1
 765 0353 95050000 		.4byte	.LASF57
 766 0357 05       		.byte	0x5
 767 0358 AE       		.byte	0xae
 768 0359 0D       		.byte	0xd
 769 035a 66050000 		.4byte	0x566
 770 035e 28       		.byte	0x28
 771 035f 01       		.uleb128 0x1
 772 0360 BE060000 		.4byte	.LASF58
 773 0364 05       		.byte	0x5
 774 0365 AF       		.byte	0xaf
 775 0366 09       		.byte	0x9
 776 0367 7F050000 		.4byte	0x57f
 777 036b 2C       		.byte	0x2c
 778 036c 09       		.uleb128 0x9
 779 036d 5F756200 		.ascii	"_ub\000"
 780 0371 B2       		.byte	0xb2
 781 0372 11       		.byte	0x11
 782 0373 9F020000 		.4byte	0x29f
 783 0377 30       		.byte	0x30
 784 0378 09       		.uleb128 0x9
 785 0379 5F757000 		.ascii	"_up\000"
 786 037d B3       		.byte	0xb3
 787 037e 12       		.byte	0x12
 788 037f C6020000 		.4byte	0x2c6
 789 0383 38       		.byte	0x38
 790 0384 09       		.uleb128 0x9
 791 0385 5F757200 		.ascii	"_ur\000"
 792 0389 B4       		.byte	0xb4
 793 038a 07       		.byte	0x7
 794 038b 40000000 		.4byte	0x40
 795 038f 3C       		.byte	0x3c
 796 0390 01       		.uleb128 0x1
 797 0391 38020000 		.4byte	.LASF59
ARM GAS  /tmp/ccGzpbQK.s 			page 15


 798 0395 05       		.byte	0x5
 799 0396 B7       		.byte	0xb7
 800 0397 11       		.byte	0x11
 801 0398 84050000 		.4byte	0x584
 802 039c 40       		.byte	0x40
 803 039d 01       		.uleb128 0x1
 804 039e 9E060000 		.4byte	.LASF60
 805 03a2 05       		.byte	0x5
 806 03a3 B8       		.byte	0xb8
 807 03a4 11       		.byte	0x11
 808 03a5 94050000 		.4byte	0x594
 809 03a9 43       		.byte	0x43
 810 03aa 09       		.uleb128 0x9
 811 03ab 5F6C6200 		.ascii	"_lb\000"
 812 03af BB       		.byte	0xbb
 813 03b0 11       		.byte	0x11
 814 03b1 9F020000 		.4byte	0x29f
 815 03b5 44       		.byte	0x44
 816 03b6 01       		.uleb128 0x1
 817 03b7 4E030000 		.4byte	.LASF61
 818 03bb 05       		.byte	0x5
 819 03bc BE       		.byte	0xbe
 820 03bd 07       		.byte	0x7
 821 03be 40000000 		.4byte	0x40
 822 03c2 4C       		.byte	0x4c
 823 03c3 01       		.uleb128 0x1
 824 03c4 E5020000 		.4byte	.LASF62
 825 03c8 05       		.byte	0x5
 826 03c9 BF       		.byte	0xbf
 827 03ca 0A       		.byte	0xa
 828 03cb B5000000 		.4byte	0xb5
 829 03cf 50       		.byte	0x50
 830 03d0 01       		.uleb128 0x1
 831 03d1 56000000 		.4byte	.LASF63
 832 03d5 05       		.byte	0x5
 833 03d6 C2       		.byte	0xc2
 834 03d7 12       		.byte	0x12
 835 03d8 23040000 		.4byte	0x423
 836 03dc 54       		.byte	0x54
 837 03dd 01       		.uleb128 0x1
 838 03de EE030000 		.4byte	.LASF64
 839 03e2 05       		.byte	0x5
 840 03e3 C6       		.byte	0xc6
 841 03e4 0C       		.byte	0xc
 842 03e5 A5010000 		.4byte	0x1a5
 843 03e9 58       		.byte	0x58
 844 03ea 01       		.uleb128 0x1
 845 03eb 22050000 		.4byte	.LASF65
 846 03ef 05       		.byte	0x5
 847 03f0 C8       		.byte	0xc8
 848 03f1 0E       		.byte	0xe
 849 03f2 69010000 		.4byte	0x169
 850 03f6 5C       		.byte	0x5c
 851 03f7 01       		.uleb128 0x1
 852 03f8 00050000 		.4byte	.LASF66
 853 03fc 05       		.byte	0x5
 854 03fd C9       		.byte	0xc9
ARM GAS  /tmp/ccGzpbQK.s 			page 16


 855 03fe 09       		.byte	0x9
 856 03ff 40000000 		.4byte	0x40
 857 0403 64       		.byte	0x64
 858 0404 00       		.byte	0
 859 0405 0F       		.uleb128 0xf
 860 0406 40000000 		.4byte	0x40
 861 040a 23040000 		.4byte	0x423
 862 040e 04       		.uleb128 0x4
 863 040f 23040000 		.4byte	0x423
 864 0413 04       		.uleb128 0x4
 865 0414 75010000 		.4byte	0x175
 866 0418 04       		.uleb128 0x4
 867 0419 0A050000 		.4byte	0x50a
 868 041d 04       		.uleb128 0x4
 869 041e 40000000 		.4byte	0x40
 870 0422 00       		.byte	0
 871 0423 05       		.uleb128 0x5
 872 0424 28040000 		.4byte	0x428
 873 0428 1F       		.uleb128 0x1f
 874 0429 69050000 		.4byte	.LASF67
 875 042d 2001     		.2byte	0x120
 876 042f 05       		.byte	0x5
 877 0430 3802     		.2byte	0x238
 878 0432 08       		.byte	0x8
 879 0433 0A050000 		.4byte	0x50a
 880 0437 02       		.uleb128 0x2
 881 0438 BD050000 		.4byte	.LASF68
 882 043c 3A02     		.2byte	0x23a
 883 043e 07       		.byte	0x7
 884 043f 40000000 		.4byte	0x40
 885 0443 00       		.byte	0
 886 0444 02       		.uleb128 0x2
 887 0445 B6020000 		.4byte	.LASF69
 888 0449 3F02     		.2byte	0x23f
 889 044b 0B       		.byte	0xb
 890 044c B1050000 		.4byte	0x5b1
 891 0450 04       		.byte	0x4
 892 0451 02       		.uleb128 0x2
 893 0452 69030000 		.4byte	.LASF70
 894 0456 3F02     		.2byte	0x23f
 895 0458 14       		.byte	0x14
 896 0459 B1050000 		.4byte	0x5b1
 897 045d 08       		.byte	0x8
 898 045e 02       		.uleb128 0x2
 899 045f 2B030000 		.4byte	.LASF71
 900 0463 3F02     		.2byte	0x23f
 901 0465 1E       		.byte	0x1e
 902 0466 B1050000 		.4byte	0x5b1
 903 046a 0C       		.byte	0xc
 904 046b 02       		.uleb128 0x2
 905 046c 4A050000 		.4byte	.LASF72
 906 0470 4102     		.2byte	0x241
 907 0472 08       		.byte	0x8
 908 0473 40000000 		.4byte	0x40
 909 0477 10       		.byte	0x10
 910 0478 02       		.uleb128 0x2
 911 0479 3F000000 		.4byte	.LASF73
ARM GAS  /tmp/ccGzpbQK.s 			page 17


 912 047d 4202     		.2byte	0x242
 913 047f 08       		.byte	0x8
 914 0480 39070000 		.4byte	0x739
 915 0484 14       		.byte	0x14
 916 0485 02       		.uleb128 0x2
 917 0486 4F050000 		.4byte	.LASF74
 918 048a 4702     		.2byte	0x247
 919 048c 16       		.byte	0x16
 920 048d 4E070000 		.4byte	0x74e
 921 0491 30       		.byte	0x30
 922 0492 02       		.uleb128 0x2
 923 0493 57050000 		.4byte	.LASF75
 924 0497 4D02     		.2byte	0x24d
 925 0499 0A       		.byte	0xa
 926 049a 5E070000 		.4byte	0x75e
 927 049e 34       		.byte	0x34
 928 049f 02       		.uleb128 0x2
 929 04a0 D1030000 		.4byte	.LASF76
 930 04a4 5002     		.2byte	0x250
 931 04a6 13       		.byte	0x13
 932 04a7 08020000 		.4byte	0x208
 933 04ab 38       		.byte	0x38
 934 04ac 02       		.uleb128 0x2
 935 04ad BD020000 		.4byte	.LASF77
 936 04b1 5102     		.2byte	0x251
 937 04b3 07       		.byte	0x7
 938 04b4 40000000 		.4byte	0x40
 939 04b8 3C       		.byte	0x3c
 940 04b9 02       		.uleb128 0x2
 941 04ba D1060000 		.4byte	.LASF78
 942 04be 5202     		.2byte	0x252
 943 04c0 13       		.byte	0x13
 944 04c1 08020000 		.4byte	0x208
 945 04c5 40       		.byte	0x40
 946 04c6 02       		.uleb128 0x2
 947 04c7 A2040000 		.4byte	.LASF79
 948 04cb 5302     		.2byte	0x253
 949 04cd 14       		.byte	0x14
 950 04ce 63070000 		.4byte	0x763
 951 04d2 44       		.byte	0x44
 952 04d3 02       		.uleb128 0x2
 953 04d4 7A030000 		.4byte	.LASF80
 954 04d8 5602     		.2byte	0x256
 955 04da 07       		.byte	0x7
 956 04db 40000000 		.4byte	0x40
 957 04df 48       		.byte	0x48
 958 04e0 02       		.uleb128 0x2
 959 04e1 DD020000 		.4byte	.LASF81
 960 04e5 5702     		.2byte	0x257
 961 04e7 09       		.byte	0x9
 962 04e8 0A050000 		.4byte	0x50a
 963 04ec 4C       		.byte	0x4c
 964 04ed 02       		.uleb128 0x2
 965 04ee D1040000 		.4byte	.LASF82
 966 04f2 8202     		.2byte	0x282
 967 04f4 07       		.byte	0x7
 968 04f5 21070000 		.4byte	0x721
ARM GAS  /tmp/ccGzpbQK.s 			page 18


 969 04f9 50       		.byte	0x50
 970 04fa 20       		.uleb128 0x20
 971 04fb 82060000 		.4byte	.LASF83
 972 04ff 05       		.byte	0x5
 973 0500 8A02     		.2byte	0x28a
 974 0502 0B       		.byte	0xb
 975 0503 73070000 		.4byte	0x773
 976 0507 1801     		.2byte	0x118
 977 0509 00       		.byte	0
 978 050a 05       		.uleb128 0x5
 979 050b 0F050000 		.4byte	0x50f
 980 050f 08       		.uleb128 0x8
 981 0510 01       		.byte	0x1
 982 0511 08       		.byte	0x8
 983 0512 C4050000 		.4byte	.LASF84
 984 0516 14       		.uleb128 0x14
 985 0517 0F050000 		.4byte	0x50f
 986 051b 05       		.uleb128 0x5
 987 051c 05040000 		.4byte	0x405
 988 0520 0F       		.uleb128 0xf
 989 0521 40000000 		.4byte	0x40
 990 0525 3E050000 		.4byte	0x53e
 991 0529 04       		.uleb128 0x4
 992 052a 23040000 		.4byte	0x423
 993 052e 04       		.uleb128 0x4
 994 052f 75010000 		.4byte	0x175
 995 0533 04       		.uleb128 0x4
 996 0534 3E050000 		.4byte	0x53e
 997 0538 04       		.uleb128 0x4
 998 0539 40000000 		.4byte	0x40
 999 053d 00       		.byte	0
 1000 053e 05       		.uleb128 0x5
 1001 053f 16050000 		.4byte	0x516
 1002 0543 05       		.uleb128 0x5
 1003 0544 20050000 		.4byte	0x520
 1004 0548 0F       		.uleb128 0xf
 1005 0549 09010000 		.4byte	0x109
 1006 054d 66050000 		.4byte	0x566
 1007 0551 04       		.uleb128 0x4
 1008 0552 23040000 		.4byte	0x423
 1009 0556 04       		.uleb128 0x4
 1010 0557 75010000 		.4byte	0x175
 1011 055b 04       		.uleb128 0x4
 1012 055c 09010000 		.4byte	0x109
 1013 0560 04       		.uleb128 0x4
 1014 0561 40000000 		.4byte	0x40
 1015 0565 00       		.byte	0
 1016 0566 05       		.uleb128 0x5
 1017 0567 48050000 		.4byte	0x548
 1018 056b 0F       		.uleb128 0xf
 1019 056c 40000000 		.4byte	0x40
 1020 0570 7F050000 		.4byte	0x57f
 1021 0574 04       		.uleb128 0x4
 1022 0575 23040000 		.4byte	0x423
 1023 0579 04       		.uleb128 0x4
 1024 057a 75010000 		.4byte	0x175
 1025 057e 00       		.byte	0
ARM GAS  /tmp/ccGzpbQK.s 			page 19


 1026 057f 05       		.uleb128 0x5
 1027 0580 6B050000 		.4byte	0x56b
 1028 0584 06       		.uleb128 0x6
 1029 0585 4E000000 		.4byte	0x4e
 1030 0589 94050000 		.4byte	0x594
 1031 058d 07       		.uleb128 0x7
 1032 058e 2D000000 		.4byte	0x2d
 1033 0592 02       		.byte	0x2
 1034 0593 00       		.byte	0
 1035 0594 06       		.uleb128 0x6
 1036 0595 4E000000 		.4byte	0x4e
 1037 0599 A4050000 		.4byte	0x5a4
 1038 059d 07       		.uleb128 0x7
 1039 059e 2D000000 		.4byte	0x2d
 1040 05a2 00       		.byte	0
 1041 05a3 00       		.byte	0
 1042 05a4 11       		.uleb128 0x11
 1043 05a5 08050000 		.4byte	.LASF85
 1044 05a9 05       		.byte	0x5
 1045 05aa 0E01     		.2byte	0x10e
 1046 05ac 1A       		.byte	0x1a
 1047 05ad CB020000 		.4byte	0x2cb
 1048 05b1 05       		.uleb128 0x5
 1049 05b2 A4050000 		.4byte	0x5a4
 1050 05b6 21       		.uleb128 0x21
 1051 05b7 37000000 		.4byte	.LASF86
 1052 05bb 0E       		.byte	0xe
 1053 05bc 05       		.byte	0x5
 1054 05bd 3201     		.2byte	0x132
 1055 05bf 08       		.byte	0x8
 1056 05c0 EC050000 		.4byte	0x5ec
 1057 05c4 02       		.uleb128 0x2
 1058 05c5 78050000 		.4byte	.LASF87
 1059 05c9 3301     		.2byte	0x133
 1060 05cb 12       		.byte	0x12
 1061 05cc EC050000 		.4byte	0x5ec
 1062 05d0 00       		.byte	0
 1063 05d1 02       		.uleb128 0x2
 1064 05d2 FD030000 		.4byte	.LASF88
 1065 05d6 3401     		.2byte	0x134
 1066 05d8 12       		.byte	0x12
 1067 05d9 EC050000 		.4byte	0x5ec
 1068 05dd 06       		.byte	0x6
 1069 05de 02       		.uleb128 0x2
 1070 05df 27060000 		.4byte	.LASF89
 1071 05e3 3501     		.2byte	0x135
 1072 05e5 12       		.byte	0x12
 1073 05e6 5C000000 		.4byte	0x5c
 1074 05ea 0C       		.byte	0xc
 1075 05eb 00       		.byte	0
 1076 05ec 06       		.uleb128 0x6
 1077 05ed 5C000000 		.4byte	0x5c
 1078 05f1 FC050000 		.4byte	0x5fc
 1079 05f5 07       		.uleb128 0x7
 1080 05f6 2D000000 		.4byte	0x2d
 1081 05fa 02       		.byte	0x2
 1082 05fb 00       		.byte	0
ARM GAS  /tmp/ccGzpbQK.s 			page 20


 1083 05fc 22       		.uleb128 0x22
 1084 05fd C8       		.byte	0xc8
 1085 05fe 05       		.byte	0x5
 1086 05ff 5B02     		.2byte	0x25b
 1087 0601 07       		.byte	0x7
 1088 0602 F1060000 		.4byte	0x6f1
 1089 0606 02       		.uleb128 0x2
 1090 0607 F4050000 		.4byte	.LASF90
 1091 060b 6002     		.2byte	0x260
 1092 060d 12       		.byte	0x12
 1093 060e 0A050000 		.4byte	0x50a
 1094 0612 00       		.byte	0
 1095 0613 02       		.uleb128 0x2
 1096 0614 C4030000 		.4byte	.LASF91
 1097 0618 6102     		.2byte	0x261
 1098 061a 10       		.byte	0x10
 1099 061b F1060000 		.4byte	0x6f1
 1100 061f 04       		.byte	0x4
 1101 0620 02       		.uleb128 0x2
 1102 0621 AF060000 		.4byte	.LASF92
 1103 0625 6202     		.2byte	0x262
 1104 0627 17       		.byte	0x17
 1105 0628 1D020000 		.4byte	0x21d
 1106 062c 20       		.byte	0x20
 1107 062d 02       		.uleb128 0x2
 1108 062e 86040000 		.4byte	.LASF93
 1109 0632 6302     		.2byte	0x263
 1110 0634 0F       		.byte	0xf
 1111 0635 40000000 		.4byte	0x40
 1112 0639 44       		.byte	0x44
 1113 063a 02       		.uleb128 0x2
 1114 063b AD030000 		.4byte	.LASF94
 1115 063f 6402     		.2byte	0x264
 1116 0641 2C       		.byte	0x2c
 1117 0642 26000000 		.4byte	0x26
 1118 0646 48       		.byte	0x48
 1119 0647 02       		.uleb128 0x2
 1120 0648 C5060000 		.4byte	.LASF95
 1121 064c 6502     		.2byte	0x265
 1122 064e 1A       		.byte	0x1a
 1123 064f B6050000 		.4byte	0x5b6
 1124 0653 50       		.byte	0x50
 1125 0654 02       		.uleb128 0x2
 1126 0655 3D050000 		.4byte	.LASF96
 1127 0659 6602     		.2byte	0x266
 1128 065b 16       		.byte	0x16
 1129 065c 69010000 		.4byte	0x169
 1130 0660 60       		.byte	0x60
 1131 0661 02       		.uleb128 0x2
 1132 0662 1A000000 		.4byte	.LASF97
 1133 0666 6702     		.2byte	0x267
 1134 0668 16       		.byte	0x16
 1135 0669 69010000 		.4byte	0x169
 1136 066d 68       		.byte	0x68
 1137 066e 02       		.uleb128 0x2
 1138 066f AC040000 		.4byte	.LASF98
 1139 0673 6802     		.2byte	0x268
ARM GAS  /tmp/ccGzpbQK.s 			page 21


 1140 0675 16       		.byte	0x16
 1141 0676 69010000 		.4byte	0x169
 1142 067a 70       		.byte	0x70
 1143 067b 02       		.uleb128 0x2
 1144 067c 78060000 		.4byte	.LASF99
 1145 0680 6902     		.2byte	0x269
 1146 0682 10       		.byte	0x10
 1147 0683 01070000 		.4byte	0x701
 1148 0687 78       		.byte	0x78
 1149 0688 02       		.uleb128 0x2
 1150 0689 B8030000 		.4byte	.LASF100
 1151 068d 6A02     		.2byte	0x26a
 1152 068f 10       		.byte	0x10
 1153 0690 11070000 		.4byte	0x711
 1154 0694 80       		.byte	0x80
 1155 0695 02       		.uleb128 0x2
 1156 0696 33060000 		.4byte	.LASF101
 1157 069a 6B02     		.2byte	0x26b
 1158 069c 0F       		.byte	0xf
 1159 069d 40000000 		.4byte	0x40
 1160 06a1 98       		.byte	0x98
 1161 06a2 02       		.uleb128 0x2
 1162 06a3 FE020000 		.4byte	.LASF102
 1163 06a7 6C02     		.2byte	0x26c
 1164 06a9 16       		.byte	0x16
 1165 06aa 69010000 		.4byte	0x169
 1166 06ae 9C       		.byte	0x9c
 1167 06af 02       		.uleb128 0x2
 1168 06b0 B8000000 		.4byte	.LASF103
 1169 06b4 6D02     		.2byte	0x26d
 1170 06b6 16       		.byte	0x16
 1171 06b7 69010000 		.4byte	0x169
 1172 06bb A4       		.byte	0xa4
 1173 06bc 02       		.uleb128 0x2
 1174 06bd ED020000 		.4byte	.LASF104
 1175 06c1 6E02     		.2byte	0x26e
 1176 06c3 16       		.byte	0x16
 1177 06c4 69010000 		.4byte	0x169
 1178 06c8 AC       		.byte	0xac
 1179 06c9 02       		.uleb128 0x2
 1180 06ca 5C000000 		.4byte	.LASF105
 1181 06ce 6F02     		.2byte	0x26f
 1182 06d0 16       		.byte	0x16
 1183 06d1 69010000 		.4byte	0x169
 1184 06d5 B4       		.byte	0xb4
 1185 06d6 02       		.uleb128 0x2
 1186 06d7 6B000000 		.4byte	.LASF106
 1187 06db 7002     		.2byte	0x270
 1188 06dd 16       		.byte	0x16
 1189 06de 69010000 		.4byte	0x169
 1190 06e2 BC       		.byte	0xbc
 1191 06e3 02       		.uleb128 0x2
 1192 06e4 DF040000 		.4byte	.LASF107
 1193 06e8 7102     		.2byte	0x271
 1194 06ea 08       		.byte	0x8
 1195 06eb 40000000 		.4byte	0x40
 1196 06ef C4       		.byte	0xc4
ARM GAS  /tmp/ccGzpbQK.s 			page 22


 1197 06f0 00       		.byte	0
 1198 06f1 06       		.uleb128 0x6
 1199 06f2 0F050000 		.4byte	0x50f
 1200 06f6 01070000 		.4byte	0x701
 1201 06fa 07       		.uleb128 0x7
 1202 06fb 2D000000 		.4byte	0x2d
 1203 06ff 19       		.byte	0x19
 1204 0700 00       		.byte	0
 1205 0701 06       		.uleb128 0x6
 1206 0702 0F050000 		.4byte	0x50f
 1207 0706 11070000 		.4byte	0x711
 1208 070a 07       		.uleb128 0x7
 1209 070b 2D000000 		.4byte	0x2d
 1210 070f 07       		.byte	0x7
 1211 0710 00       		.byte	0
 1212 0711 06       		.uleb128 0x6
 1213 0712 0F050000 		.4byte	0x50f
 1214 0716 21070000 		.4byte	0x721
 1215 071a 07       		.uleb128 0x7
 1216 071b 2D000000 		.4byte	0x2d
 1217 071f 17       		.byte	0x17
 1218 0720 00       		.byte	0
 1219 0721 23       		.uleb128 0x23
 1220 0722 C8       		.byte	0xc8
 1221 0723 05       		.byte	0x5
 1222 0724 5902     		.2byte	0x259
 1223 0726 03       		.byte	0x3
 1224 0727 39070000 		.4byte	0x739
 1225 072b 24       		.uleb128 0x24
 1226 072c 69050000 		.4byte	.LASF67
 1227 0730 05       		.byte	0x5
 1228 0731 7A02     		.2byte	0x27a
 1229 0733 0B       		.byte	0xb
 1230 0734 FC050000 		.4byte	0x5fc
 1231 0738 00       		.byte	0
 1232 0739 06       		.uleb128 0x6
 1233 073a 0F050000 		.4byte	0x50f
 1234 073e 49070000 		.4byte	0x749
 1235 0742 07       		.uleb128 0x7
 1236 0743 2D000000 		.4byte	0x2d
 1237 0747 18       		.byte	0x18
 1238 0748 00       		.byte	0
 1239 0749 13       		.uleb128 0x13
 1240 074a AD000000 		.4byte	.LASF109
 1241 074e 05       		.uleb128 0x5
 1242 074f 49070000 		.4byte	0x749
 1243 0753 15       		.uleb128 0x15
 1244 0754 5E070000 		.4byte	0x75e
 1245 0758 04       		.uleb128 0x4
 1246 0759 23040000 		.4byte	0x423
 1247 075d 00       		.byte	0
 1248 075e 05       		.uleb128 0x5
 1249 075f 53070000 		.4byte	0x753
 1250 0763 05       		.uleb128 0x5
 1251 0764 08020000 		.4byte	0x208
 1252 0768 15       		.uleb128 0x15
 1253 0769 73070000 		.4byte	0x773
ARM GAS  /tmp/ccGzpbQK.s 			page 23


 1254 076d 04       		.uleb128 0x4
 1255 076e 40000000 		.4byte	0x40
 1256 0772 00       		.byte	0
 1257 0773 05       		.uleb128 0x5
 1258 0774 78070000 		.4byte	0x778
 1259 0778 05       		.uleb128 0x5
 1260 0779 68070000 		.4byte	0x768
 1261 077d 03       		.uleb128 0x3
 1262 077e 9B040000 		.4byte	.LASF110
 1263 0782 07       		.byte	0x7
 1264 0783 2A       		.byte	0x2a
 1265 0784 12       		.byte	0x12
 1266 0785 84000000 		.4byte	0x84
 1267 0789 0C       		.uleb128 0xc
 1268 078a 2B050000 		.4byte	.LASF111
 1269 078e 10       		.byte	0x10
 1270 078f 08       		.byte	0x8
 1271 0790 2F       		.byte	0x2f
 1272 0791 B0070000 		.4byte	0x7b0
 1273 0795 01       		.uleb128 0x1
 1274 0796 6A040000 		.4byte	.LASF112
 1275 079a 08       		.byte	0x8
 1276 079b 30       		.byte	0x30
 1277 079c 09       		.byte	0x9
 1278 079d 7D070000 		.4byte	0x77d
 1279 07a1 00       		.byte	0
 1280 07a2 01       		.uleb128 0x1
 1281 07a3 5A040000 		.4byte	.LASF113
 1282 07a7 08       		.byte	0x8
 1283 07a8 31       		.byte	0x31
 1284 07a9 07       		.byte	0x7
 1285 07aa 63000000 		.4byte	0x63
 1286 07ae 08       		.byte	0x8
 1287 07af 00       		.byte	0
 1288 07b0 03       		.uleb128 0x3
 1289 07b1 71030000 		.4byte	.LASF114
 1290 07b5 09       		.byte	0x9
 1291 07b6 61       		.byte	0x61
 1292 07b7 14       		.byte	0x14
 1293 07b8 9D000000 		.4byte	0x9d
 1294 07bc 03       		.uleb128 0x3
 1295 07bd 8C060000 		.4byte	.LASF115
 1296 07c1 09       		.byte	0x9
 1297 07c2 66       		.byte	0x66
 1298 07c3 15       		.byte	0x15
 1299 07c4 A9000000 		.4byte	0xa9
 1300 07c8 03       		.uleb128 0x3
 1301 07c9 A5050000 		.4byte	.LASF116
 1302 07cd 09       		.byte	0x9
 1303 07ce 79       		.byte	0x79
 1304 07cf 10       		.byte	0x10
 1305 07d0 0A050000 		.4byte	0x50a
 1306 07d4 03       		.uleb128 0x3
 1307 07d5 F6060000 		.4byte	.LASF117
 1308 07d9 09       		.byte	0x9
 1309 07da 89       		.byte	0x89
 1310 07db 12       		.byte	0x12
ARM GAS  /tmp/ccGzpbQK.s 			page 24


 1311 07dc E5000000 		.4byte	0xe5
 1312 07e0 03       		.uleb128 0x3
 1313 07e1 9A030000 		.4byte	.LASF118
 1314 07e5 09       		.byte	0x9
 1315 07e6 9B       		.byte	0x9b
 1316 07e7 12       		.byte	0x12
 1317 07e8 FD000000 		.4byte	0xfd
 1318 07ec 03       		.uleb128 0x3
 1319 07ed 95040000 		.4byte	.LASF119
 1320 07f1 09       		.byte	0x9
 1321 07f2 9F       		.byte	0x9f
 1322 07f3 12       		.byte	0x12
 1323 07f4 C1000000 		.4byte	0xc1
 1324 07f8 03       		.uleb128 0x3
 1325 07f9 A7030000 		.4byte	.LASF120
 1326 07fd 09       		.byte	0x9
 1327 07fe A3       		.byte	0xa3
 1328 07ff 12       		.byte	0x12
 1329 0800 CD000000 		.4byte	0xcd
 1330 0804 03       		.uleb128 0x3
 1331 0805 14030000 		.4byte	.LASF121
 1332 0809 09       		.byte	0x9
 1333 080a A7       		.byte	0xa7
 1334 080b 12       		.byte	0x12
 1335 080c D9000000 		.4byte	0xd9
 1336 0810 03       		.uleb128 0x3
 1337 0811 CA060000 		.4byte	.LASF122
 1338 0815 09       		.byte	0x9
 1339 0816 BB       		.byte	0xbb
 1340 0817 12       		.byte	0x12
 1341 0818 F1000000 		.4byte	0xf1
 1342 081c 03       		.uleb128 0x3
 1343 081d 0C030000 		.4byte	.LASF123
 1344 0821 09       		.byte	0x9
 1345 0822 C0       		.byte	0xc0
 1346 0823 13       		.byte	0x13
 1347 0824 77010000 		.4byte	0x177
 1348 0828 0C       		.uleb128 0xc
 1349 0829 E0000000 		.4byte	.LASF124
 1350 082d 58       		.byte	0x58
 1351 082e 0A       		.byte	0xa
 1352 082f 1B       		.byte	0x1b
 1353 0830 EB080000 		.4byte	0x8eb
 1354 0834 01       		.uleb128 0x1
 1355 0835 71060000 		.4byte	.LASF125
 1356 0839 0A       		.byte	0xa
 1357 083a 1D       		.byte	0x1d
 1358 083b 0A       		.byte	0xa
 1359 083c EC070000 		.4byte	0x7ec
 1360 0840 00       		.byte	0
 1361 0841 01       		.uleb128 0x1
 1362 0842 31020000 		.4byte	.LASF126
 1363 0846 0A       		.byte	0xa
 1364 0847 1E       		.byte	0x1e
 1365 0848 0A       		.byte	0xa
 1366 0849 D4070000 		.4byte	0x7d4
 1367 084d 02       		.byte	0x2
ARM GAS  /tmp/ccGzpbQK.s 			page 25


 1368 084e 01       		.uleb128 0x1
 1369 084f 01060000 		.4byte	.LASF127
 1370 0853 0A       		.byte	0xa
 1371 0854 1F       		.byte	0x1f
 1372 0855 0A       		.byte	0xa
 1373 0856 10080000 		.4byte	0x810
 1374 085a 04       		.byte	0x4
 1375 085b 01       		.uleb128 0x1
 1376 085c BA040000 		.4byte	.LASF128
 1377 0860 0A       		.byte	0xa
 1378 0861 20       		.byte	0x20
 1379 0862 0B       		.byte	0xb
 1380 0863 1C080000 		.4byte	0x81c
 1381 0867 08       		.byte	0x8
 1382 0868 01       		.uleb128 0x1
 1383 0869 A0030000 		.4byte	.LASF129
 1384 086d 0A       		.byte	0xa
 1385 086e 21       		.byte	0x21
 1386 086f 0A       		.byte	0xa
 1387 0870 F8070000 		.4byte	0x7f8
 1388 0874 0A       		.byte	0xa
 1389 0875 01       		.uleb128 0x1
 1390 0876 2C060000 		.4byte	.LASF130
 1391 087a 0A       		.byte	0xa
 1392 087b 22       		.byte	0x22
 1393 087c 0A       		.byte	0xa
 1394 087d 04080000 		.4byte	0x804
 1395 0881 0C       		.byte	0xc
 1396 0882 01       		.uleb128 0x1
 1397 0883 AD050000 		.4byte	.LASF131
 1398 0887 0A       		.byte	0xa
 1399 0888 23       		.byte	0x23
 1400 0889 0A       		.byte	0xa
 1401 088a EC070000 		.4byte	0x7ec
 1402 088e 0E       		.byte	0xe
 1403 088f 01       		.uleb128 0x1
 1404 0890 38040000 		.4byte	.LASF132
 1405 0894 0A       		.byte	0xa
 1406 0895 24       		.byte	0x24
 1407 0896 0A       		.byte	0xa
 1408 0897 E0070000 		.4byte	0x7e0
 1409 089b 10       		.byte	0x10
 1410 089c 01       		.uleb128 0x1
 1411 089d D5020000 		.4byte	.LASF133
 1412 08a1 0A       		.byte	0xa
 1413 08a2 2A       		.byte	0x2a
 1414 08a3 13       		.byte	0x13
 1415 08a4 89070000 		.4byte	0x789
 1416 08a8 18       		.byte	0x18
 1417 08a9 01       		.uleb128 0x1
 1418 08aa 96060000 		.4byte	.LASF134
 1419 08ae 0A       		.byte	0xa
 1420 08af 2B       		.byte	0x2b
 1421 08b0 13       		.byte	0x13
 1422 08b1 89070000 		.4byte	0x789
 1423 08b5 28       		.byte	0x28
 1424 08b6 01       		.uleb128 0x1
ARM GAS  /tmp/ccGzpbQK.s 			page 26


 1425 08b7 28000000 		.4byte	.LASF135
 1426 08bb 0A       		.byte	0xa
 1427 08bc 2C       		.byte	0x2c
 1428 08bd 13       		.byte	0x13
 1429 08be 89070000 		.4byte	0x789
 1430 08c2 38       		.byte	0x38
 1431 08c3 01       		.uleb128 0x1
 1432 08c4 09060000 		.4byte	.LASF136
 1433 08c8 0A       		.byte	0xa
 1434 08c9 2D       		.byte	0x2d
 1435 08ca 11       		.byte	0x11
 1436 08cb BC070000 		.4byte	0x7bc
 1437 08cf 48       		.byte	0x48
 1438 08d0 01       		.uleb128 0x1
 1439 08d1 44030000 		.4byte	.LASF137
 1440 08d5 0A       		.byte	0xa
 1441 08d6 2E       		.byte	0x2e
 1442 08d7 0C       		.byte	0xc
 1443 08d8 B0070000 		.4byte	0x7b0
 1444 08dc 4C       		.byte	0x4c
 1445 08dd 01       		.uleb128 0x1
 1446 08de C9050000 		.4byte	.LASF138
 1447 08e2 0A       		.byte	0xa
 1448 08e3 30       		.byte	0x30
 1449 08e4 09       		.byte	0x9
 1450 08e5 EB080000 		.4byte	0x8eb
 1451 08e9 50       		.byte	0x50
 1452 08ea 00       		.byte	0
 1453 08eb 06       		.uleb128 0x6
 1454 08ec 63000000 		.4byte	0x63
 1455 08f0 FB080000 		.4byte	0x8fb
 1456 08f4 07       		.uleb128 0x7
 1457 08f5 2D000000 		.4byte	0x2d
 1458 08f9 01       		.byte	0x1
 1459 08fa 00       		.byte	0
 1460 08fb 16       		.uleb128 0x16
 1461 08fc 51060000 		.4byte	.LASF139
 1462 0900 0B       		.byte	0xb
 1463 0901 21       		.byte	0x21
 1464 0902 75010000 		.4byte	0x175
 1465 0906 1A090000 		.4byte	0x91a
 1466 090a 04       		.uleb128 0x4
 1467 090b 75010000 		.4byte	0x175
 1468 090f 04       		.uleb128 0x4
 1469 0910 40000000 		.4byte	0x40
 1470 0914 04       		.uleb128 0x4
 1471 0915 34000000 		.4byte	0x34
 1472 0919 00       		.byte	0
 1473 091a 16       		.uleb128 0x16
 1474 091b 4A000000 		.4byte	.LASF140
 1475 091f 0C       		.byte	0xc
 1476 0920 62       		.byte	0x62
 1477 0921 75010000 		.4byte	0x175
 1478 0925 2F090000 		.4byte	0x92f
 1479 0929 04       		.uleb128 0x4
 1480 092a 34000000 		.4byte	0x34
 1481 092e 00       		.byte	0
ARM GAS  /tmp/ccGzpbQK.s 			page 27


 1482 092f 25       		.uleb128 0x25
 1483 0930 58060000 		.4byte	.LASF153
 1484 0934 0D       		.byte	0xd
 1485 0935 1601     		.2byte	0x116
 1486 0937 08       		.byte	0x8
 1487 0938 42090000 		.4byte	0x942
 1488 093c 04       		.uleb128 0x4
 1489 093d 3E050000 		.4byte	0x53e
 1490 0941 00       		.byte	0
 1491 0942 0B       		.uleb128 0xb
 1492 0943 9B050000 		.4byte	.LASF141
 1493 0947 A4       		.byte	0xa4
 1494 0948 05       		.byte	0x5
 1495 0949 40000000 		.4byte	0x40
 1496 094d 00000000 		.4byte	.LFB192
 1497 0951 04000000 		.4byte	.LFE192-.LFB192
 1498 0955 01       		.uleb128 0x1
 1499 0956 9C       		.byte	0x9c
 1500 0957 79090000 		.4byte	0x979
 1501 095b 0A       		.uleb128 0xa
 1502 095c 7200     		.ascii	"r\000"
 1503 095e A4       		.byte	0xa4
 1504 095f 1E       		.byte	0x1e
 1505 0960 23040000 		.4byte	0x423
 1506 0964 10000000 		.4byte	.LLST11
 1507 0968 0C000000 		.4byte	.LVUS11
 1508 096c 0D       		.uleb128 0xd
 1509 096d 666400   		.ascii	"fd\000"
 1510 0970 A4       		.byte	0xa4
 1511 0971 25       		.byte	0x25
 1512 0972 40000000 		.4byte	0x40
 1513 0976 01       		.uleb128 0x1
 1514 0977 51       		.byte	0x51
 1515 0978 00       		.byte	0
 1516 0979 0B       		.uleb128 0xb
 1517 097a 48060000 		.4byte	.LASF142
 1518 097e 98       		.byte	0x98
 1519 097f 05       		.byte	0x5
 1520 0980 40000000 		.4byte	0x40
 1521 0984 00000000 		.4byte	.LFB191
 1522 0988 1A000000 		.4byte	.LFE191-.LFB191
 1523 098c 01       		.uleb128 0x1
 1524 098d 9C       		.byte	0x9c
 1525 098e EB090000 		.4byte	0x9eb
 1526 0992 0A       		.uleb128 0xa
 1527 0993 7200     		.ascii	"r\000"
 1528 0995 98       		.byte	0x98
 1529 0996 1D       		.byte	0x1d
 1530 0997 23040000 		.4byte	0x423
 1531 099b 2D000000 		.4byte	.LLST8
 1532 099f 29000000 		.4byte	.LVUS8
 1533 09a3 17       		.uleb128 0x17
 1534 09a4 FB040000 		.4byte	.LASF143
 1535 09a8 98       		.byte	0x98
 1536 09a9 24       		.byte	0x24
 1537 09aa 40000000 		.4byte	0x40
 1538 09ae 4A000000 		.4byte	.LLST9
ARM GAS  /tmp/ccGzpbQK.s 			page 28


 1539 09b2 46000000 		.4byte	.LVUS9
 1540 09b6 0A       		.uleb128 0xa
 1541 09b7 737400   		.ascii	"st\000"
 1542 09ba 98       		.byte	0x98
 1543 09bb 38       		.byte	0x38
 1544 09bc EB090000 		.4byte	0x9eb
 1545 09c0 69000000 		.4byte	.LLST10
 1546 09c4 63000000 		.4byte	.LVUS10
 1547 09c8 18       		.uleb128 0x18
 1548 09c9 0E000000 		.4byte	.LVL22
 1549 09cd D30B0000 		.4byte	0xbd3
 1550 09d1 0E       		.uleb128 0xe
 1551 09d2 01       		.uleb128 0x1
 1552 09d3 50       		.byte	0x50
 1553 09d4 09       		.uleb128 0x9
 1554 09d5 A3       		.byte	0xa3
 1555 09d6 03       		.uleb128 0x3
 1556 09d7 A5       		.byte	0xa5
 1557 09d8 02       		.uleb128 0x2
 1558 09d9 26       		.uleb128 0x26
 1559 09da A8       		.byte	0xa8
 1560 09db 2D       		.uleb128 0x2d
 1561 09dc A8       		.byte	0xa8
 1562 09dd 00       		.uleb128 0
 1563 09de 0E       		.uleb128 0xe
 1564 09df 01       		.uleb128 0x1
 1565 09e0 51       		.byte	0x51
 1566 09e1 01       		.uleb128 0x1
 1567 09e2 30       		.byte	0x30
 1568 09e3 0E       		.uleb128 0xe
 1569 09e4 01       		.uleb128 0x1
 1570 09e5 52       		.byte	0x52
 1571 09e6 02       		.uleb128 0x2
 1572 09e7 08       		.byte	0x8
 1573 09e8 58       		.byte	0x58
 1574 09e9 00       		.byte	0
 1575 09ea 00       		.byte	0
 1576 09eb 05       		.uleb128 0x5
 1577 09ec 28080000 		.4byte	0x828
 1578 09f0 0B       		.uleb128 0xb
 1579 09f1 40060000 		.4byte	.LASF144
 1580 09f5 82       		.byte	0x82
 1581 09f6 09       		.byte	0x9
 1582 09f7 C8070000 		.4byte	0x7c8
 1583 09fb 00000000 		.4byte	.LFB190
 1584 09ff 30000000 		.4byte	.LFE190-.LFB190
 1585 0a03 01       		.uleb128 0x1
 1586 0a04 9C       		.byte	0x9c
 1587 0a05 8A0A0000 		.4byte	0xa8a
 1588 0a09 0A       		.uleb128 0xa
 1589 0a0a 7200     		.ascii	"r\000"
 1590 0a0c 82       		.byte	0x82
 1591 0a0d 20       		.byte	0x20
 1592 0a0e 23040000 		.4byte	0x423
 1593 0a12 91000000 		.4byte	.LLST5
 1594 0a16 87000000 		.4byte	.LVUS5
 1595 0a1a 17       		.uleb128 0x17
ARM GAS  /tmp/ccGzpbQK.s 			page 29


 1596 0a1b F1060000 		.4byte	.LASF145
 1597 0a1f 82       		.byte	0x82
 1598 0a20 27       		.byte	0x27
 1599 0a21 40000000 		.4byte	0x40
 1600 0a25 C3000000 		.4byte	.LLST6
 1601 0a29 B9000000 		.4byte	.LVUS6
 1602 0a2d 26       		.uleb128 0x26
 1603 0a2e 7000     		.ascii	"p\000"
 1604 0a30 01       		.byte	0x1
 1605 0a31 85       		.byte	0x85
 1606 0a32 09       		.byte	0x9
 1607 0a33 75010000 		.4byte	0x175
 1608 0a37 EF000000 		.4byte	.LLST7
 1609 0a3b EB000000 		.4byte	.LVUS7
 1610 0a3f 27       		.uleb128 0x27
 1611 0a40 34050000 		.4byte	.LASF154
 1612 0a44 9A0A0000 		.4byte	0xa9a
 1613 0a48 05       		.uleb128 0x5
 1614 0a49 03       		.byte	0x3
 1615 0a4a 00000000 		.4byte	__func__.0
 1616 0a4e 19       		.uleb128 0x19
 1617 0a4f 0E000000 		.4byte	.LVL11
 1618 0a53 1A090000 		.4byte	0x91a
 1619 0a57 620A0000 		.4byte	0xa62
 1620 0a5b 0E       		.uleb128 0xe
 1621 0a5c 01       		.uleb128 0x1
 1622 0a5d 50       		.byte	0x50
 1623 0a5e 02       		.uleb128 0x2
 1624 0a5f 74       		.byte	0x74
 1625 0a60 00       		.sleb128 0
 1626 0a61 00       		.byte	0
 1627 0a62 19       		.uleb128 0x19
 1628 0a63 18000000 		.4byte	.LVL14
 1629 0a67 2F090000 		.4byte	0x92f
 1630 0a6b 790A0000 		.4byte	0xa79
 1631 0a6f 0E       		.uleb128 0xe
 1632 0a70 01       		.uleb128 0x1
 1633 0a71 50       		.byte	0x50
 1634 0a72 05       		.uleb128 0x5
 1635 0a73 03       		.byte	0x3
 1636 0a74 00000000 		.4byte	__func__.0
 1637 0a78 00       		.byte	0
 1638 0a79 18       		.uleb128 0x18
 1639 0a7a 1E000000 		.4byte	.LVL15
 1640 0a7e 1A090000 		.4byte	0x91a
 1641 0a82 0E       		.uleb128 0xe
 1642 0a83 01       		.uleb128 0x1
 1643 0a84 50       		.byte	0x50
 1644 0a85 02       		.uleb128 0x2
 1645 0a86 74       		.byte	0x74
 1646 0a87 00       		.sleb128 0
 1647 0a88 00       		.byte	0
 1648 0a89 00       		.byte	0
 1649 0a8a 06       		.uleb128 0x6
 1650 0a8b 16050000 		.4byte	0x516
 1651 0a8f 9A0A0000 		.4byte	0xa9a
 1652 0a93 07       		.uleb128 0x7
ARM GAS  /tmp/ccGzpbQK.s 			page 30


 1653 0a94 2D000000 		.4byte	0x2d
 1654 0a98 07       		.byte	0x7
 1655 0a99 00       		.byte	0
 1656 0a9a 14       		.uleb128 0x14
 1657 0a9b 8A0A0000 		.4byte	0xa8a
 1658 0a9f 0B       		.uleb128 0xb
 1659 0aa0 F4030000 		.4byte	.LASF146
 1660 0aa4 78       		.byte	0x78
 1661 0aa5 05       		.byte	0x5
 1662 0aa6 40000000 		.4byte	0x40
 1663 0aaa 00000000 		.4byte	.LFB189
 1664 0aae 04000000 		.4byte	.LFE189-.LFB189
 1665 0ab2 01       		.uleb128 0x1
 1666 0ab3 9C       		.byte	0x9c
 1667 0ab4 D70A0000 		.4byte	0xad7
 1668 0ab8 0A       		.uleb128 0xa
 1669 0ab9 7200     		.ascii	"r\000"
 1670 0abb 78       		.byte	0x78
 1671 0abc 1D       		.byte	0x1d
 1672 0abd 23040000 		.4byte	0x423
 1673 0ac1 03010000 		.4byte	.LLST4
 1674 0ac5 FF000000 		.4byte	.LVUS4
 1675 0ac9 10       		.uleb128 0x10
 1676 0aca FB040000 		.4byte	.LASF143
 1677 0ace 78       		.byte	0x78
 1678 0acf 24       		.byte	0x24
 1679 0ad0 40000000 		.4byte	0x40
 1680 0ad4 01       		.uleb128 0x1
 1681 0ad5 51       		.byte	0x51
 1682 0ad6 00       		.byte	0
 1683 0ad7 0B       		.uleb128 0xb
 1684 0ad8 51040000 		.4byte	.LASF147
 1685 0adc 67       		.byte	0x67
 1686 0add 05       		.byte	0x5
 1687 0ade 40000000 		.4byte	0x40
 1688 0ae2 00000000 		.4byte	.LFB188
 1689 0ae6 04000000 		.4byte	.LFE188-.LFB188
 1690 0aea 01       		.uleb128 0x1
 1691 0aeb 9C       		.byte	0x9c
 1692 0aec 290B0000 		.4byte	0xb29
 1693 0af0 0A       		.uleb128 0xa
 1694 0af1 7200     		.ascii	"r\000"
 1695 0af3 67       		.byte	0x67
 1696 0af4 1D       		.byte	0x1d
 1697 0af5 23040000 		.4byte	0x423
 1698 0af9 20010000 		.4byte	.LLST3
 1699 0afd 1C010000 		.4byte	.LVUS3
 1700 0b01 10       		.uleb128 0x10
 1701 0b02 FB040000 		.4byte	.LASF143
 1702 0b06 67       		.byte	0x67
 1703 0b07 24       		.byte	0x24
 1704 0b08 40000000 		.4byte	0x40
 1705 0b0c 01       		.uleb128 0x1
 1706 0b0d 51       		.byte	0x51
 1707 0b0e 0D       		.uleb128 0xd
 1708 0b0f 70747200 		.ascii	"ptr\000"
 1709 0b13 67       		.byte	0x67
ARM GAS  /tmp/ccGzpbQK.s 			page 31


 1710 0b14 31       		.byte	0x31
 1711 0b15 0A050000 		.4byte	0x50a
 1712 0b19 01       		.uleb128 0x1
 1713 0b1a 52       		.byte	0x52
 1714 0b1b 0D       		.uleb128 0xd
 1715 0b1c 6C656E00 		.ascii	"len\000"
 1716 0b20 67       		.byte	0x67
 1717 0b21 3A       		.byte	0x3a
 1718 0b22 40000000 		.4byte	0x40
 1719 0b26 01       		.uleb128 0x1
 1720 0b27 53       		.byte	0x53
 1721 0b28 00       		.byte	0
 1722 0b29 0B       		.uleb128 0xb
 1723 0b2a D6040000 		.4byte	.LASF148
 1724 0b2e 5B       		.byte	0x5b
 1725 0b2f 05       		.byte	0x5
 1726 0b30 40000000 		.4byte	0x40
 1727 0b34 00000000 		.4byte	.LFB187
 1728 0b38 04000000 		.4byte	.LFE187-.LFB187
 1729 0b3c 01       		.uleb128 0x1
 1730 0b3d 9C       		.byte	0x9c
 1731 0b3e 7B0B0000 		.4byte	0xb7b
 1732 0b42 0A       		.uleb128 0xa
 1733 0b43 7200     		.ascii	"r\000"
 1734 0b45 5B       		.byte	0x5b
 1735 0b46 1D       		.byte	0x1d
 1736 0b47 23040000 		.4byte	0x423
 1737 0b4b 3D010000 		.4byte	.LLST2
 1738 0b4f 39010000 		.4byte	.LVUS2
 1739 0b53 10       		.uleb128 0x10
 1740 0b54 FB040000 		.4byte	.LASF143
 1741 0b58 5B       		.byte	0x5b
 1742 0b59 24       		.byte	0x24
 1743 0b5a 40000000 		.4byte	0x40
 1744 0b5e 01       		.uleb128 0x1
 1745 0b5f 51       		.byte	0x51
 1746 0b60 0D       		.uleb128 0xd
 1747 0b61 70747200 		.ascii	"ptr\000"
 1748 0b65 5B       		.byte	0x5b
 1749 0b66 2E       		.byte	0x2e
 1750 0b67 40000000 		.4byte	0x40
 1751 0b6b 01       		.uleb128 0x1
 1752 0b6c 52       		.byte	0x52
 1753 0b6d 0D       		.uleb128 0xd
 1754 0b6e 64697200 		.ascii	"dir\000"
 1755 0b72 5B       		.byte	0x5b
 1756 0b73 37       		.byte	0x37
 1757 0b74 40000000 		.4byte	0x40
 1758 0b78 01       		.uleb128 0x1
 1759 0b79 53       		.byte	0x53
 1760 0b7a 00       		.byte	0
 1761 0b7b 0B       		.uleb128 0xb
 1762 0b7c B5050000 		.4byte	.LASF149
 1763 0b80 46       		.byte	0x46
 1764 0b81 05       		.byte	0x5
 1765 0b82 40000000 		.4byte	0x40
 1766 0b86 00000000 		.4byte	.LFB186
ARM GAS  /tmp/ccGzpbQK.s 			page 32


 1767 0b8a 0A000000 		.4byte	.LFE186-.LFB186
 1768 0b8e 01       		.uleb128 0x1
 1769 0b8f 9C       		.byte	0x9c
 1770 0b90 D30B0000 		.4byte	0xbd3
 1771 0b94 0A       		.uleb128 0xa
 1772 0b95 7200     		.ascii	"r\000"
 1773 0b97 46       		.byte	0x46
 1774 0b98 1C       		.byte	0x1c
 1775 0b99 23040000 		.4byte	0x423
 1776 0b9d 5A010000 		.4byte	.LLST0
 1777 0ba1 56010000 		.4byte	.LVUS0
 1778 0ba5 10       		.uleb128 0x10
 1779 0ba6 FB040000 		.4byte	.LASF143
 1780 0baa 46       		.byte	0x46
 1781 0bab 23       		.byte	0x23
 1782 0bac 40000000 		.4byte	0x40
 1783 0bb0 01       		.uleb128 0x1
 1784 0bb1 51       		.byte	0x51
 1785 0bb2 0D       		.uleb128 0xd
 1786 0bb3 70747200 		.ascii	"ptr\000"
 1787 0bb7 46       		.byte	0x46
 1788 0bb8 30       		.byte	0x30
 1789 0bb9 0A050000 		.4byte	0x50a
 1790 0bbd 01       		.uleb128 0x1
 1791 0bbe 52       		.byte	0x52
 1792 0bbf 0A       		.uleb128 0xa
 1793 0bc0 6C656E00 		.ascii	"len\000"
 1794 0bc4 46       		.byte	0x46
 1795 0bc5 39       		.byte	0x39
 1796 0bc6 40000000 		.4byte	0x40
 1797 0bca 77010000 		.4byte	.LLST1
 1798 0bce 73010000 		.4byte	.LVUS1
 1799 0bd2 00       		.byte	0
 1800 0bd3 28       		.uleb128 0x28
 1801 0bd4 51060000 		.4byte	.LASF139
 1802 0bd8 7C000000 		.4byte	.LASF155
 1803 0bdc 0E       		.byte	0xe
 1804 0bdd 00       		.byte	0
 1805 0bde 00       		.byte	0
 1806              		.section	.debug_abbrev,"",%progbits
 1807              	.Ldebug_abbrev0:
 1808 0000 01       		.uleb128 0x1
 1809 0001 0D       		.uleb128 0xd
 1810 0002 00       		.byte	0
 1811 0003 03       		.uleb128 0x3
 1812 0004 0E       		.uleb128 0xe
 1813 0005 3A       		.uleb128 0x3a
 1814 0006 0B       		.uleb128 0xb
 1815 0007 3B       		.uleb128 0x3b
 1816 0008 0B       		.uleb128 0xb
 1817 0009 39       		.uleb128 0x39
 1818 000a 0B       		.uleb128 0xb
 1819 000b 49       		.uleb128 0x49
 1820 000c 13       		.uleb128 0x13
 1821 000d 38       		.uleb128 0x38
 1822 000e 0B       		.uleb128 0xb
 1823 000f 00       		.byte	0
ARM GAS  /tmp/ccGzpbQK.s 			page 33


 1824 0010 00       		.byte	0
 1825 0011 02       		.uleb128 0x2
 1826 0012 0D       		.uleb128 0xd
 1827 0013 00       		.byte	0
 1828 0014 03       		.uleb128 0x3
 1829 0015 0E       		.uleb128 0xe
 1830 0016 3A       		.uleb128 0x3a
 1831 0017 21       		.uleb128 0x21
 1832 0018 05       		.sleb128 5
 1833 0019 3B       		.uleb128 0x3b
 1834 001a 05       		.uleb128 0x5
 1835 001b 39       		.uleb128 0x39
 1836 001c 0B       		.uleb128 0xb
 1837 001d 49       		.uleb128 0x49
 1838 001e 13       		.uleb128 0x13
 1839 001f 38       		.uleb128 0x38
 1840 0020 0B       		.uleb128 0xb
 1841 0021 00       		.byte	0
 1842 0022 00       		.byte	0
 1843 0023 03       		.uleb128 0x3
 1844 0024 16       		.uleb128 0x16
 1845 0025 00       		.byte	0
 1846 0026 03       		.uleb128 0x3
 1847 0027 0E       		.uleb128 0xe
 1848 0028 3A       		.uleb128 0x3a
 1849 0029 0B       		.uleb128 0xb
 1850 002a 3B       		.uleb128 0x3b
 1851 002b 0B       		.uleb128 0xb
 1852 002c 39       		.uleb128 0x39
 1853 002d 0B       		.uleb128 0xb
 1854 002e 49       		.uleb128 0x49
 1855 002f 13       		.uleb128 0x13
 1856 0030 00       		.byte	0
 1857 0031 00       		.byte	0
 1858 0032 04       		.uleb128 0x4
 1859 0033 05       		.uleb128 0x5
 1860 0034 00       		.byte	0
 1861 0035 49       		.uleb128 0x49
 1862 0036 13       		.uleb128 0x13
 1863 0037 00       		.byte	0
 1864 0038 00       		.byte	0
 1865 0039 05       		.uleb128 0x5
 1866 003a 0F       		.uleb128 0xf
 1867 003b 00       		.byte	0
 1868 003c 0B       		.uleb128 0xb
 1869 003d 21       		.uleb128 0x21
 1870 003e 04       		.sleb128 4
 1871 003f 49       		.uleb128 0x49
 1872 0040 13       		.uleb128 0x13
 1873 0041 00       		.byte	0
 1874 0042 00       		.byte	0
 1875 0043 06       		.uleb128 0x6
 1876 0044 01       		.uleb128 0x1
 1877 0045 01       		.byte	0x1
 1878 0046 49       		.uleb128 0x49
 1879 0047 13       		.uleb128 0x13
 1880 0048 01       		.uleb128 0x1
ARM GAS  /tmp/ccGzpbQK.s 			page 34


 1881 0049 13       		.uleb128 0x13
 1882 004a 00       		.byte	0
 1883 004b 00       		.byte	0
 1884 004c 07       		.uleb128 0x7
 1885 004d 21       		.uleb128 0x21
 1886 004e 00       		.byte	0
 1887 004f 49       		.uleb128 0x49
 1888 0050 13       		.uleb128 0x13
 1889 0051 2F       		.uleb128 0x2f
 1890 0052 0B       		.uleb128 0xb
 1891 0053 00       		.byte	0
 1892 0054 00       		.byte	0
 1893 0055 08       		.uleb128 0x8
 1894 0056 24       		.uleb128 0x24
 1895 0057 00       		.byte	0
 1896 0058 0B       		.uleb128 0xb
 1897 0059 0B       		.uleb128 0xb
 1898 005a 3E       		.uleb128 0x3e
 1899 005b 0B       		.uleb128 0xb
 1900 005c 03       		.uleb128 0x3
 1901 005d 0E       		.uleb128 0xe
 1902 005e 00       		.byte	0
 1903 005f 00       		.byte	0
 1904 0060 09       		.uleb128 0x9
 1905 0061 0D       		.uleb128 0xd
 1906 0062 00       		.byte	0
 1907 0063 03       		.uleb128 0x3
 1908 0064 08       		.uleb128 0x8
 1909 0065 3A       		.uleb128 0x3a
 1910 0066 21       		.uleb128 0x21
 1911 0067 05       		.sleb128 5
 1912 0068 3B       		.uleb128 0x3b
 1913 0069 0B       		.uleb128 0xb
 1914 006a 39       		.uleb128 0x39
 1915 006b 0B       		.uleb128 0xb
 1916 006c 49       		.uleb128 0x49
 1917 006d 13       		.uleb128 0x13
 1918 006e 38       		.uleb128 0x38
 1919 006f 0B       		.uleb128 0xb
 1920 0070 00       		.byte	0
 1921 0071 00       		.byte	0
 1922 0072 0A       		.uleb128 0xa
 1923 0073 05       		.uleb128 0x5
 1924 0074 00       		.byte	0
 1925 0075 03       		.uleb128 0x3
 1926 0076 08       		.uleb128 0x8
 1927 0077 3A       		.uleb128 0x3a
 1928 0078 21       		.uleb128 0x21
 1929 0079 01       		.sleb128 1
 1930 007a 3B       		.uleb128 0x3b
 1931 007b 0B       		.uleb128 0xb
 1932 007c 39       		.uleb128 0x39
 1933 007d 0B       		.uleb128 0xb
 1934 007e 49       		.uleb128 0x49
 1935 007f 13       		.uleb128 0x13
 1936 0080 02       		.uleb128 0x2
 1937 0081 17       		.uleb128 0x17
ARM GAS  /tmp/ccGzpbQK.s 			page 35


 1938 0082 B742     		.uleb128 0x2137
 1939 0084 17       		.uleb128 0x17
 1940 0085 00       		.byte	0
 1941 0086 00       		.byte	0
 1942 0087 0B       		.uleb128 0xb
 1943 0088 2E       		.uleb128 0x2e
 1944 0089 01       		.byte	0x1
 1945 008a 3F       		.uleb128 0x3f
 1946 008b 19       		.uleb128 0x19
 1947 008c 03       		.uleb128 0x3
 1948 008d 0E       		.uleb128 0xe
 1949 008e 3A       		.uleb128 0x3a
 1950 008f 21       		.uleb128 0x21
 1951 0090 01       		.sleb128 1
 1952 0091 3B       		.uleb128 0x3b
 1953 0092 0B       		.uleb128 0xb
 1954 0093 39       		.uleb128 0x39
 1955 0094 0B       		.uleb128 0xb
 1956 0095 27       		.uleb128 0x27
 1957 0096 19       		.uleb128 0x19
 1958 0097 49       		.uleb128 0x49
 1959 0098 13       		.uleb128 0x13
 1960 0099 11       		.uleb128 0x11
 1961 009a 01       		.uleb128 0x1
 1962 009b 12       		.uleb128 0x12
 1963 009c 06       		.uleb128 0x6
 1964 009d 40       		.uleb128 0x40
 1965 009e 18       		.uleb128 0x18
 1966 009f 7A       		.uleb128 0x7a
 1967 00a0 19       		.uleb128 0x19
 1968 00a1 01       		.uleb128 0x1
 1969 00a2 13       		.uleb128 0x13
 1970 00a3 00       		.byte	0
 1971 00a4 00       		.byte	0
 1972 00a5 0C       		.uleb128 0xc
 1973 00a6 13       		.uleb128 0x13
 1974 00a7 01       		.byte	0x1
 1975 00a8 03       		.uleb128 0x3
 1976 00a9 0E       		.uleb128 0xe
 1977 00aa 0B       		.uleb128 0xb
 1978 00ab 0B       		.uleb128 0xb
 1979 00ac 3A       		.uleb128 0x3a
 1980 00ad 0B       		.uleb128 0xb
 1981 00ae 3B       		.uleb128 0x3b
 1982 00af 0B       		.uleb128 0xb
 1983 00b0 39       		.uleb128 0x39
 1984 00b1 21       		.uleb128 0x21
 1985 00b2 08       		.sleb128 8
 1986 00b3 01       		.uleb128 0x1
 1987 00b4 13       		.uleb128 0x13
 1988 00b5 00       		.byte	0
 1989 00b6 00       		.byte	0
 1990 00b7 0D       		.uleb128 0xd
 1991 00b8 05       		.uleb128 0x5
 1992 00b9 00       		.byte	0
 1993 00ba 03       		.uleb128 0x3
 1994 00bb 08       		.uleb128 0x8
ARM GAS  /tmp/ccGzpbQK.s 			page 36


 1995 00bc 3A       		.uleb128 0x3a
 1996 00bd 21       		.uleb128 0x21
 1997 00be 01       		.sleb128 1
 1998 00bf 3B       		.uleb128 0x3b
 1999 00c0 0B       		.uleb128 0xb
 2000 00c1 39       		.uleb128 0x39
 2001 00c2 0B       		.uleb128 0xb
 2002 00c3 49       		.uleb128 0x49
 2003 00c4 13       		.uleb128 0x13
 2004 00c5 02       		.uleb128 0x2
 2005 00c6 18       		.uleb128 0x18
 2006 00c7 00       		.byte	0
 2007 00c8 00       		.byte	0
 2008 00c9 0E       		.uleb128 0xe
 2009 00ca 49       		.uleb128 0x49
 2010 00cb 00       		.byte	0
 2011 00cc 02       		.uleb128 0x2
 2012 00cd 18       		.uleb128 0x18
 2013 00ce 7E       		.uleb128 0x7e
 2014 00cf 18       		.uleb128 0x18
 2015 00d0 00       		.byte	0
 2016 00d1 00       		.byte	0
 2017 00d2 0F       		.uleb128 0xf
 2018 00d3 15       		.uleb128 0x15
 2019 00d4 01       		.byte	0x1
 2020 00d5 27       		.uleb128 0x27
 2021 00d6 19       		.uleb128 0x19
 2022 00d7 49       		.uleb128 0x49
 2023 00d8 13       		.uleb128 0x13
 2024 00d9 01       		.uleb128 0x1
 2025 00da 13       		.uleb128 0x13
 2026 00db 00       		.byte	0
 2027 00dc 00       		.byte	0
 2028 00dd 10       		.uleb128 0x10
 2029 00de 05       		.uleb128 0x5
 2030 00df 00       		.byte	0
 2031 00e0 03       		.uleb128 0x3
 2032 00e1 0E       		.uleb128 0xe
 2033 00e2 3A       		.uleb128 0x3a
 2034 00e3 21       		.uleb128 0x21
 2035 00e4 01       		.sleb128 1
 2036 00e5 3B       		.uleb128 0x3b
 2037 00e6 0B       		.uleb128 0xb
 2038 00e7 39       		.uleb128 0x39
 2039 00e8 0B       		.uleb128 0xb
 2040 00e9 49       		.uleb128 0x49
 2041 00ea 13       		.uleb128 0x13
 2042 00eb 02       		.uleb128 0x2
 2043 00ec 18       		.uleb128 0x18
 2044 00ed 00       		.byte	0
 2045 00ee 00       		.byte	0
 2046 00ef 11       		.uleb128 0x11
 2047 00f0 16       		.uleb128 0x16
 2048 00f1 00       		.byte	0
 2049 00f2 03       		.uleb128 0x3
 2050 00f3 0E       		.uleb128 0xe
 2051 00f4 3A       		.uleb128 0x3a
ARM GAS  /tmp/ccGzpbQK.s 			page 37


 2052 00f5 0B       		.uleb128 0xb
 2053 00f6 3B       		.uleb128 0x3b
 2054 00f7 05       		.uleb128 0x5
 2055 00f8 39       		.uleb128 0x39
 2056 00f9 0B       		.uleb128 0xb
 2057 00fa 49       		.uleb128 0x49
 2058 00fb 13       		.uleb128 0x13
 2059 00fc 00       		.byte	0
 2060 00fd 00       		.byte	0
 2061 00fe 12       		.uleb128 0x12
 2062 00ff 0D       		.uleb128 0xd
 2063 0100 00       		.byte	0
 2064 0101 03       		.uleb128 0x3
 2065 0102 0E       		.uleb128 0xe
 2066 0103 3A       		.uleb128 0x3a
 2067 0104 21       		.uleb128 0x21
 2068 0105 04       		.sleb128 4
 2069 0106 3B       		.uleb128 0x3b
 2070 0107 0B       		.uleb128 0xb
 2071 0108 39       		.uleb128 0x39
 2072 0109 0B       		.uleb128 0xb
 2073 010a 49       		.uleb128 0x49
 2074 010b 13       		.uleb128 0x13
 2075 010c 00       		.byte	0
 2076 010d 00       		.byte	0
 2077 010e 13       		.uleb128 0x13
 2078 010f 13       		.uleb128 0x13
 2079 0110 00       		.byte	0
 2080 0111 03       		.uleb128 0x3
 2081 0112 0E       		.uleb128 0xe
 2082 0113 3C       		.uleb128 0x3c
 2083 0114 19       		.uleb128 0x19
 2084 0115 00       		.byte	0
 2085 0116 00       		.byte	0
 2086 0117 14       		.uleb128 0x14
 2087 0118 26       		.uleb128 0x26
 2088 0119 00       		.byte	0
 2089 011a 49       		.uleb128 0x49
 2090 011b 13       		.uleb128 0x13
 2091 011c 00       		.byte	0
 2092 011d 00       		.byte	0
 2093 011e 15       		.uleb128 0x15
 2094 011f 15       		.uleb128 0x15
 2095 0120 01       		.byte	0x1
 2096 0121 27       		.uleb128 0x27
 2097 0122 19       		.uleb128 0x19
 2098 0123 01       		.uleb128 0x1
 2099 0124 13       		.uleb128 0x13
 2100 0125 00       		.byte	0
 2101 0126 00       		.byte	0
 2102 0127 16       		.uleb128 0x16
 2103 0128 2E       		.uleb128 0x2e
 2104 0129 01       		.byte	0x1
 2105 012a 3F       		.uleb128 0x3f
 2106 012b 19       		.uleb128 0x19
 2107 012c 03       		.uleb128 0x3
 2108 012d 0E       		.uleb128 0xe
ARM GAS  /tmp/ccGzpbQK.s 			page 38


 2109 012e 3A       		.uleb128 0x3a
 2110 012f 0B       		.uleb128 0xb
 2111 0130 3B       		.uleb128 0x3b
 2112 0131 0B       		.uleb128 0xb
 2113 0132 39       		.uleb128 0x39
 2114 0133 21       		.uleb128 0x21
 2115 0134 09       		.sleb128 9
 2116 0135 27       		.uleb128 0x27
 2117 0136 19       		.uleb128 0x19
 2118 0137 49       		.uleb128 0x49
 2119 0138 13       		.uleb128 0x13
 2120 0139 3C       		.uleb128 0x3c
 2121 013a 19       		.uleb128 0x19
 2122 013b 01       		.uleb128 0x1
 2123 013c 13       		.uleb128 0x13
 2124 013d 00       		.byte	0
 2125 013e 00       		.byte	0
 2126 013f 17       		.uleb128 0x17
 2127 0140 05       		.uleb128 0x5
 2128 0141 00       		.byte	0
 2129 0142 03       		.uleb128 0x3
 2130 0143 0E       		.uleb128 0xe
 2131 0144 3A       		.uleb128 0x3a
 2132 0145 21       		.uleb128 0x21
 2133 0146 01       		.sleb128 1
 2134 0147 3B       		.uleb128 0x3b
 2135 0148 0B       		.uleb128 0xb
 2136 0149 39       		.uleb128 0x39
 2137 014a 0B       		.uleb128 0xb
 2138 014b 49       		.uleb128 0x49
 2139 014c 13       		.uleb128 0x13
 2140 014d 02       		.uleb128 0x2
 2141 014e 17       		.uleb128 0x17
 2142 014f B742     		.uleb128 0x2137
 2143 0151 17       		.uleb128 0x17
 2144 0152 00       		.byte	0
 2145 0153 00       		.byte	0
 2146 0154 18       		.uleb128 0x18
 2147 0155 48       		.uleb128 0x48
 2148 0156 01       		.byte	0x1
 2149 0157 7D       		.uleb128 0x7d
 2150 0158 01       		.uleb128 0x1
 2151 0159 7F       		.uleb128 0x7f
 2152 015a 13       		.uleb128 0x13
 2153 015b 00       		.byte	0
 2154 015c 00       		.byte	0
 2155 015d 19       		.uleb128 0x19
 2156 015e 48       		.uleb128 0x48
 2157 015f 01       		.byte	0x1
 2158 0160 7D       		.uleb128 0x7d
 2159 0161 01       		.uleb128 0x1
 2160 0162 7F       		.uleb128 0x7f
 2161 0163 13       		.uleb128 0x13
 2162 0164 01       		.uleb128 0x1
 2163 0165 13       		.uleb128 0x13
 2164 0166 00       		.byte	0
 2165 0167 00       		.byte	0
ARM GAS  /tmp/ccGzpbQK.s 			page 39


 2166 0168 1A       		.uleb128 0x1a
 2167 0169 11       		.uleb128 0x11
 2168 016a 01       		.byte	0x1
 2169 016b 25       		.uleb128 0x25
 2170 016c 0E       		.uleb128 0xe
 2171 016d 13       		.uleb128 0x13
 2172 016e 0B       		.uleb128 0xb
 2173 016f 03       		.uleb128 0x3
 2174 0170 0E       		.uleb128 0xe
 2175 0171 1B       		.uleb128 0x1b
 2176 0172 0E       		.uleb128 0xe
 2177 0173 55       		.uleb128 0x55
 2178 0174 17       		.uleb128 0x17
 2179 0175 11       		.uleb128 0x11
 2180 0176 01       		.uleb128 0x1
 2181 0177 10       		.uleb128 0x10
 2182 0178 17       		.uleb128 0x17
 2183 0179 00       		.byte	0
 2184 017a 00       		.byte	0
 2185 017b 1B       		.uleb128 0x1b
 2186 017c 24       		.uleb128 0x24
 2187 017d 00       		.byte	0
 2188 017e 0B       		.uleb128 0xb
 2189 017f 0B       		.uleb128 0xb
 2190 0180 3E       		.uleb128 0x3e
 2191 0181 0B       		.uleb128 0xb
 2192 0182 03       		.uleb128 0x3
 2193 0183 08       		.uleb128 0x8
 2194 0184 00       		.byte	0
 2195 0185 00       		.byte	0
 2196 0186 1C       		.uleb128 0x1c
 2197 0187 17       		.uleb128 0x17
 2198 0188 01       		.byte	0x1
 2199 0189 0B       		.uleb128 0xb
 2200 018a 0B       		.uleb128 0xb
 2201 018b 3A       		.uleb128 0x3a
 2202 018c 0B       		.uleb128 0xb
 2203 018d 3B       		.uleb128 0x3b
 2204 018e 0B       		.uleb128 0xb
 2205 018f 39       		.uleb128 0x39
 2206 0190 0B       		.uleb128 0xb
 2207 0191 01       		.uleb128 0x1
 2208 0192 13       		.uleb128 0x13
 2209 0193 00       		.byte	0
 2210 0194 00       		.byte	0
 2211 0195 1D       		.uleb128 0x1d
 2212 0196 13       		.uleb128 0x13
 2213 0197 01       		.byte	0x1
 2214 0198 0B       		.uleb128 0xb
 2215 0199 0B       		.uleb128 0xb
 2216 019a 3A       		.uleb128 0x3a
 2217 019b 0B       		.uleb128 0xb
 2218 019c 3B       		.uleb128 0x3b
 2219 019d 0B       		.uleb128 0xb
 2220 019e 39       		.uleb128 0x39
 2221 019f 0B       		.uleb128 0xb
 2222 01a0 01       		.uleb128 0x1
ARM GAS  /tmp/ccGzpbQK.s 			page 40


 2223 01a1 13       		.uleb128 0x13
 2224 01a2 00       		.byte	0
 2225 01a3 00       		.byte	0
 2226 01a4 1E       		.uleb128 0x1e
 2227 01a5 0F       		.uleb128 0xf
 2228 01a6 00       		.byte	0
 2229 01a7 0B       		.uleb128 0xb
 2230 01a8 0B       		.uleb128 0xb
 2231 01a9 00       		.byte	0
 2232 01aa 00       		.byte	0
 2233 01ab 1F       		.uleb128 0x1f
 2234 01ac 13       		.uleb128 0x13
 2235 01ad 01       		.byte	0x1
 2236 01ae 03       		.uleb128 0x3
 2237 01af 0E       		.uleb128 0xe
 2238 01b0 0B       		.uleb128 0xb
 2239 01b1 05       		.uleb128 0x5
 2240 01b2 3A       		.uleb128 0x3a
 2241 01b3 0B       		.uleb128 0xb
 2242 01b4 3B       		.uleb128 0x3b
 2243 01b5 05       		.uleb128 0x5
 2244 01b6 39       		.uleb128 0x39
 2245 01b7 0B       		.uleb128 0xb
 2246 01b8 01       		.uleb128 0x1
 2247 01b9 13       		.uleb128 0x13
 2248 01ba 00       		.byte	0
 2249 01bb 00       		.byte	0
 2250 01bc 20       		.uleb128 0x20
 2251 01bd 0D       		.uleb128 0xd
 2252 01be 00       		.byte	0
 2253 01bf 03       		.uleb128 0x3
 2254 01c0 0E       		.uleb128 0xe
 2255 01c1 3A       		.uleb128 0x3a
 2256 01c2 0B       		.uleb128 0xb
 2257 01c3 3B       		.uleb128 0x3b
 2258 01c4 05       		.uleb128 0x5
 2259 01c5 39       		.uleb128 0x39
 2260 01c6 0B       		.uleb128 0xb
 2261 01c7 49       		.uleb128 0x49
 2262 01c8 13       		.uleb128 0x13
 2263 01c9 38       		.uleb128 0x38
 2264 01ca 05       		.uleb128 0x5
 2265 01cb 00       		.byte	0
 2266 01cc 00       		.byte	0
 2267 01cd 21       		.uleb128 0x21
 2268 01ce 13       		.uleb128 0x13
 2269 01cf 01       		.byte	0x1
 2270 01d0 03       		.uleb128 0x3
 2271 01d1 0E       		.uleb128 0xe
 2272 01d2 0B       		.uleb128 0xb
 2273 01d3 0B       		.uleb128 0xb
 2274 01d4 3A       		.uleb128 0x3a
 2275 01d5 0B       		.uleb128 0xb
 2276 01d6 3B       		.uleb128 0x3b
 2277 01d7 05       		.uleb128 0x5
 2278 01d8 39       		.uleb128 0x39
 2279 01d9 0B       		.uleb128 0xb
ARM GAS  /tmp/ccGzpbQK.s 			page 41


 2280 01da 01       		.uleb128 0x1
 2281 01db 13       		.uleb128 0x13
 2282 01dc 00       		.byte	0
 2283 01dd 00       		.byte	0
 2284 01de 22       		.uleb128 0x22
 2285 01df 13       		.uleb128 0x13
 2286 01e0 01       		.byte	0x1
 2287 01e1 0B       		.uleb128 0xb
 2288 01e2 0B       		.uleb128 0xb
 2289 01e3 3A       		.uleb128 0x3a
 2290 01e4 0B       		.uleb128 0xb
 2291 01e5 3B       		.uleb128 0x3b
 2292 01e6 05       		.uleb128 0x5
 2293 01e7 39       		.uleb128 0x39
 2294 01e8 0B       		.uleb128 0xb
 2295 01e9 01       		.uleb128 0x1
 2296 01ea 13       		.uleb128 0x13
 2297 01eb 00       		.byte	0
 2298 01ec 00       		.byte	0
 2299 01ed 23       		.uleb128 0x23
 2300 01ee 17       		.uleb128 0x17
 2301 01ef 01       		.byte	0x1
 2302 01f0 0B       		.uleb128 0xb
 2303 01f1 0B       		.uleb128 0xb
 2304 01f2 3A       		.uleb128 0x3a
 2305 01f3 0B       		.uleb128 0xb
 2306 01f4 3B       		.uleb128 0x3b
 2307 01f5 05       		.uleb128 0x5
 2308 01f6 39       		.uleb128 0x39
 2309 01f7 0B       		.uleb128 0xb
 2310 01f8 01       		.uleb128 0x1
 2311 01f9 13       		.uleb128 0x13
 2312 01fa 00       		.byte	0
 2313 01fb 00       		.byte	0
 2314 01fc 24       		.uleb128 0x24
 2315 01fd 0D       		.uleb128 0xd
 2316 01fe 00       		.byte	0
 2317 01ff 03       		.uleb128 0x3
 2318 0200 0E       		.uleb128 0xe
 2319 0201 3A       		.uleb128 0x3a
 2320 0202 0B       		.uleb128 0xb
 2321 0203 3B       		.uleb128 0x3b
 2322 0204 05       		.uleb128 0x5
 2323 0205 39       		.uleb128 0x39
 2324 0206 0B       		.uleb128 0xb
 2325 0207 49       		.uleb128 0x49
 2326 0208 13       		.uleb128 0x13
 2327 0209 00       		.byte	0
 2328 020a 00       		.byte	0
 2329 020b 25       		.uleb128 0x25
 2330 020c 2E       		.uleb128 0x2e
 2331 020d 01       		.byte	0x1
 2332 020e 3F       		.uleb128 0x3f
 2333 020f 19       		.uleb128 0x19
 2334 0210 03       		.uleb128 0x3
 2335 0211 0E       		.uleb128 0xe
 2336 0212 3A       		.uleb128 0x3a
ARM GAS  /tmp/ccGzpbQK.s 			page 42


 2337 0213 0B       		.uleb128 0xb
 2338 0214 3B       		.uleb128 0x3b
 2339 0215 05       		.uleb128 0x5
 2340 0216 39       		.uleb128 0x39
 2341 0217 0B       		.uleb128 0xb
 2342 0218 27       		.uleb128 0x27
 2343 0219 19       		.uleb128 0x19
 2344 021a 3C       		.uleb128 0x3c
 2345 021b 19       		.uleb128 0x19
 2346 021c 01       		.uleb128 0x1
 2347 021d 13       		.uleb128 0x13
 2348 021e 00       		.byte	0
 2349 021f 00       		.byte	0
 2350 0220 26       		.uleb128 0x26
 2351 0221 34       		.uleb128 0x34
 2352 0222 00       		.byte	0
 2353 0223 03       		.uleb128 0x3
 2354 0224 08       		.uleb128 0x8
 2355 0225 3A       		.uleb128 0x3a
 2356 0226 0B       		.uleb128 0xb
 2357 0227 3B       		.uleb128 0x3b
 2358 0228 0B       		.uleb128 0xb
 2359 0229 39       		.uleb128 0x39
 2360 022a 0B       		.uleb128 0xb
 2361 022b 49       		.uleb128 0x49
 2362 022c 13       		.uleb128 0x13
 2363 022d 02       		.uleb128 0x2
 2364 022e 17       		.uleb128 0x17
 2365 022f B742     		.uleb128 0x2137
 2366 0231 17       		.uleb128 0x17
 2367 0232 00       		.byte	0
 2368 0233 00       		.byte	0
 2369 0234 27       		.uleb128 0x27
 2370 0235 34       		.uleb128 0x34
 2371 0236 00       		.byte	0
 2372 0237 03       		.uleb128 0x3
 2373 0238 0E       		.uleb128 0xe
 2374 0239 49       		.uleb128 0x49
 2375 023a 13       		.uleb128 0x13
 2376 023b 34       		.uleb128 0x34
 2377 023c 19       		.uleb128 0x19
 2378 023d 02       		.uleb128 0x2
 2379 023e 18       		.uleb128 0x18
 2380 023f 00       		.byte	0
 2381 0240 00       		.byte	0
 2382 0241 28       		.uleb128 0x28
 2383 0242 2E       		.uleb128 0x2e
 2384 0243 00       		.byte	0
 2385 0244 3F       		.uleb128 0x3f
 2386 0245 19       		.uleb128 0x19
 2387 0246 3C       		.uleb128 0x3c
 2388 0247 19       		.uleb128 0x19
 2389 0248 6E       		.uleb128 0x6e
 2390 0249 0E       		.uleb128 0xe
 2391 024a 03       		.uleb128 0x3
 2392 024b 0E       		.uleb128 0xe
 2393 024c 3A       		.uleb128 0x3a
ARM GAS  /tmp/ccGzpbQK.s 			page 43


 2394 024d 0B       		.uleb128 0xb
 2395 024e 3B       		.uleb128 0x3b
 2396 024f 0B       		.uleb128 0xb
 2397 0250 00       		.byte	0
 2398 0251 00       		.byte	0
 2399 0252 00       		.byte	0
 2400              		.section	.debug_loclists,"",%progbits
 2401 0000 8C010000 		.4byte	.Ldebug_loc3-.Ldebug_loc2
 2402              	.Ldebug_loc2:
 2403 0004 0500     		.2byte	0x5
 2404 0006 04       		.byte	0x4
 2405 0007 00       		.byte	0
 2406 0008 00000000 		.4byte	0
 2407              	.Ldebug_loc0:
 2408              	.LVUS11:
 2409 000c 00       		.uleb128 0
 2410 000d 00       		.uleb128 .LVU83
 2411 000e 00       		.uleb128 .LVU83
 2412 000f 00       		.uleb128 0
 2413              	.LLST11:
 2414 0010 06       		.byte	0x6
 2415 0011 00000000 		.4byte	.LVL23
 2416 0015 04       		.byte	0x4
 2417 0016 00       		.uleb128 .LVL23-.LVL23
 2418 0017 02       		.uleb128 .LVL24-.LVL23
 2419 0018 01       		.uleb128 0x1
 2420 0019 50       		.byte	0x50
 2421 001a 04       		.byte	0x4
 2422 001b 02       		.uleb128 .LVL24-.LVL23
 2423 001c 04       		.uleb128 .LFE192-.LVL23
 2424 001d 0A       		.uleb128 0xa
 2425 001e A3       		.byte	0xa3
 2426 001f 03       		.uleb128 0x3
 2427 0020 A5       		.byte	0xa5
 2428 0021 00       		.uleb128 0
 2429 0022 26       		.uleb128 0x26
 2430 0023 A8       		.byte	0xa8
 2431 0024 2D       		.uleb128 0x2d
 2432 0025 A8       		.byte	0xa8
 2433 0026 00       		.uleb128 0
 2434 0027 9F       		.byte	0x9f
 2435 0028 00       		.byte	0
 2436              	.LVUS8:
 2437 0029 00       		.uleb128 0
 2438 002a 00       		.uleb128 .LVU70
 2439 002b 00       		.uleb128 .LVU70
 2440 002c 00       		.uleb128 0
 2441              	.LLST8:
 2442 002d 06       		.byte	0x6
 2443 002e 00000000 		.4byte	.LVL18
 2444 0032 04       		.byte	0x4
 2445 0033 00       		.uleb128 .LVL18-.LVL18
 2446 0034 0A       		.uleb128 .LVL21-.LVL18
 2447 0035 01       		.uleb128 0x1
 2448 0036 50       		.byte	0x50
 2449 0037 04       		.byte	0x4
 2450 0038 0A       		.uleb128 .LVL21-.LVL18
ARM GAS  /tmp/ccGzpbQK.s 			page 44


 2451 0039 1A       		.uleb128 .LFE191-.LVL18
 2452 003a 0A       		.uleb128 0xa
 2453 003b A3       		.byte	0xa3
 2454 003c 03       		.uleb128 0x3
 2455 003d A5       		.byte	0xa5
 2456 003e 00       		.uleb128 0
 2457 003f 26       		.uleb128 0x26
 2458 0040 A8       		.byte	0xa8
 2459 0041 2D       		.uleb128 0x2d
 2460 0042 A8       		.byte	0xa8
 2461 0043 00       		.uleb128 0
 2462 0044 9F       		.byte	0x9f
 2463 0045 00       		.byte	0
 2464              	.LVUS9:
 2465 0046 00       		.uleb128 0
 2466 0047 00       		.uleb128 .LVU68
 2467 0048 00       		.uleb128 .LVU68
 2468 0049 00       		.uleb128 0
 2469              	.LLST9:
 2470 004a 06       		.byte	0x6
 2471 004b 00000000 		.4byte	.LVL18
 2472 004f 04       		.byte	0x4
 2473 0050 00       		.uleb128 .LVL18-.LVL18
 2474 0051 06       		.uleb128 .LVL19-.LVL18
 2475 0052 01       		.uleb128 0x1
 2476 0053 51       		.byte	0x51
 2477 0054 04       		.byte	0x4
 2478 0055 06       		.uleb128 .LVL19-.LVL18
 2479 0056 1A       		.uleb128 .LFE191-.LVL18
 2480 0057 0A       		.uleb128 0xa
 2481 0058 A3       		.byte	0xa3
 2482 0059 03       		.uleb128 0x3
 2483 005a A5       		.byte	0xa5
 2484 005b 01       		.uleb128 0x1
 2485 005c 26       		.uleb128 0x26
 2486 005d A8       		.byte	0xa8
 2487 005e 2D       		.uleb128 0x2d
 2488 005f A8       		.byte	0xa8
 2489 0060 00       		.uleb128 0
 2490 0061 9F       		.byte	0x9f
 2491 0062 00       		.byte	0
 2492              	.LVUS10:
 2493 0063 00       		.uleb128 0
 2494 0064 00       		.uleb128 .LVU69
 2495 0065 00       		.uleb128 .LVU69
 2496 0066 00       		.uleb128 .LVU71
 2497 0067 00       		.uleb128 .LVU71
 2498 0068 00       		.uleb128 0
 2499              	.LLST10:
 2500 0069 06       		.byte	0x6
 2501 006a 00000000 		.4byte	.LVL18
 2502 006e 04       		.byte	0x4
 2503 006f 00       		.uleb128 .LVL18-.LVL18
 2504 0070 08       		.uleb128 .LVL20-.LVL18
 2505 0071 01       		.uleb128 0x1
 2506 0072 52       		.byte	0x52
 2507 0073 04       		.byte	0x4
ARM GAS  /tmp/ccGzpbQK.s 			page 45


 2508 0074 08       		.uleb128 .LVL20-.LVL18
 2509 0075 0D       		.uleb128 .LVL22-1-.LVL18
 2510 0076 01       		.uleb128 0x1
 2511 0077 53       		.byte	0x53
 2512 0078 04       		.byte	0x4
 2513 0079 0D       		.uleb128 .LVL22-1-.LVL18
 2514 007a 1A       		.uleb128 .LFE191-.LVL18
 2515 007b 0A       		.uleb128 0xa
 2516 007c A3       		.byte	0xa3
 2517 007d 03       		.uleb128 0x3
 2518 007e A5       		.byte	0xa5
 2519 007f 02       		.uleb128 0x2
 2520 0080 26       		.uleb128 0x26
 2521 0081 A8       		.byte	0xa8
 2522 0082 2D       		.uleb128 0x2d
 2523 0083 A8       		.byte	0xa8
 2524 0084 00       		.uleb128 0
 2525 0085 9F       		.byte	0x9f
 2526 0086 00       		.byte	0
 2527              	.LVUS5:
 2528 0087 00       		.uleb128 0
 2529 0088 00       		.uleb128 .LVU44
 2530 0089 00       		.uleb128 .LVU44
 2531 008a 00       		.uleb128 .LVU48
 2532 008b 00       		.uleb128 .LVU48
 2533 008c 00       		.uleb128 .LVU49
 2534 008d 00       		.uleb128 .LVU49
 2535 008e 00       		.uleb128 .LVU60
 2536 008f 00       		.uleb128 .LVU60
 2537 0090 00       		.uleb128 0
 2538              	.LLST5:
 2539 0091 06       		.byte	0x6
 2540 0092 00000000 		.4byte	.LVL9
 2541 0096 04       		.byte	0x4
 2542 0097 00       		.uleb128 .LVL9-.LVL9
 2543 0098 0A       		.uleb128 .LVL10-.LVL9
 2544 0099 01       		.uleb128 0x1
 2545 009a 50       		.byte	0x50
 2546 009b 04       		.byte	0x4
 2547 009c 0A       		.uleb128 .LVL10-.LVL9
 2548 009d 12       		.uleb128 .LVL12-.LVL9
 2549 009e 01       		.uleb128 0x1
 2550 009f 55       		.byte	0x55
 2551 00a0 04       		.byte	0x4
 2552 00a1 12       		.uleb128 .LVL12-.LVL9
 2553 00a2 14       		.uleb128 .LVL13-.LVL9
 2554 00a3 01       		.uleb128 0x1
 2555 00a4 50       		.byte	0x50
 2556 00a5 04       		.byte	0x4
 2557 00a6 14       		.uleb128 .LVL13-.LVL9
 2558 00a7 2C       		.uleb128 .LVL17-.LVL9
 2559 00a8 01       		.uleb128 0x1
 2560 00a9 55       		.byte	0x55
 2561 00aa 04       		.byte	0x4
 2562 00ab 2C       		.uleb128 .LVL17-.LVL9
 2563 00ac 30       		.uleb128 .LFE190-.LVL9
 2564 00ad 0A       		.uleb128 0xa
ARM GAS  /tmp/ccGzpbQK.s 			page 46


 2565 00ae A3       		.byte	0xa3
 2566 00af 03       		.uleb128 0x3
 2567 00b0 A5       		.byte	0xa5
 2568 00b1 00       		.uleb128 0
 2569 00b2 26       		.uleb128 0x26
 2570 00b3 A8       		.byte	0xa8
 2571 00b4 2D       		.uleb128 0x2d
 2572 00b5 A8       		.byte	0xa8
 2573 00b6 00       		.uleb128 0
 2574 00b7 9F       		.byte	0x9f
 2575 00b8 00       		.byte	0
 2576              	.LVUS6:
 2577 00b9 00       		.uleb128 0
 2578 00ba 00       		.uleb128 .LVU45
 2579 00bb 00       		.uleb128 .LVU45
 2580 00bc 00       		.uleb128 .LVU48
 2581 00bd 00       		.uleb128 .LVU48
 2582 00be 00       		.uleb128 .LVU50
 2583 00bf 00       		.uleb128 .LVU50
 2584 00c0 00       		.uleb128 .LVU60
 2585 00c1 00       		.uleb128 .LVU60
 2586 00c2 00       		.uleb128 0
 2587              	.LLST6:
 2588 00c3 06       		.byte	0x6
 2589 00c4 00000000 		.4byte	.LVL9
 2590 00c8 04       		.byte	0x4
 2591 00c9 00       		.uleb128 .LVL9-.LVL9
 2592 00ca 0D       		.uleb128 .LVL11-1-.LVL9
 2593 00cb 01       		.uleb128 0x1
 2594 00cc 51       		.byte	0x51
 2595 00cd 04       		.byte	0x4
 2596 00ce 0D       		.uleb128 .LVL11-1-.LVL9
 2597 00cf 12       		.uleb128 .LVL12-.LVL9
 2598 00d0 01       		.uleb128 0x1
 2599 00d1 54       		.byte	0x54
 2600 00d2 04       		.byte	0x4
 2601 00d3 12       		.uleb128 .LVL12-.LVL9
 2602 00d4 17       		.uleb128 .LVL14-1-.LVL9
 2603 00d5 01       		.uleb128 0x1
 2604 00d6 51       		.byte	0x51
 2605 00d7 04       		.byte	0x4
 2606 00d8 17       		.uleb128 .LVL14-1-.LVL9
 2607 00d9 2C       		.uleb128 .LVL17-.LVL9
 2608 00da 01       		.uleb128 0x1
 2609 00db 54       		.byte	0x54
 2610 00dc 04       		.byte	0x4
 2611 00dd 2C       		.uleb128 .LVL17-.LVL9
 2612 00de 30       		.uleb128 .LFE190-.LVL9
 2613 00df 0A       		.uleb128 0xa
 2614 00e0 A3       		.byte	0xa3
 2615 00e1 03       		.uleb128 0x3
 2616 00e2 A5       		.byte	0xa5
 2617 00e3 01       		.uleb128 0x1
 2618 00e4 26       		.uleb128 0x26
 2619 00e5 A8       		.byte	0xa8
 2620 00e6 2D       		.uleb128 0x2d
 2621 00e7 A8       		.byte	0xa8
ARM GAS  /tmp/ccGzpbQK.s 			page 47


 2622 00e8 00       		.uleb128 0
 2623 00e9 9F       		.byte	0x9f
 2624 00ea 00       		.byte	0
 2625              	.LVUS7:
 2626 00eb 00       		.uleb128 .LVU45
 2627 00ec 00       		.uleb128 .LVU48
 2628 00ed 00       		.uleb128 .LVU53
 2629 00ee 00       		.uleb128 .LVU59
 2630              	.LLST7:
 2631 00ef 06       		.byte	0x6
 2632 00f0 0E000000 		.4byte	.LVL11
 2633 00f4 04       		.byte	0x4
 2634 00f5 00       		.uleb128 .LVL11-.LVL11
 2635 00f6 04       		.uleb128 .LVL12-.LVL11
 2636 00f7 01       		.uleb128 0x1
 2637 00f8 50       		.byte	0x50
 2638 00f9 04       		.byte	0x4
 2639 00fa 10       		.uleb128 .LVL15-.LVL11
 2640 00fb 1C       		.uleb128 .LVL16-.LVL11
 2641 00fc 01       		.uleb128 0x1
 2642 00fd 50       		.byte	0x50
 2643 00fe 00       		.byte	0
 2644              	.LVUS4:
 2645 00ff 00       		.uleb128 0
 2646 0100 00       		.uleb128 .LVU31
 2647 0101 00       		.uleb128 .LVU31
 2648 0102 00       		.uleb128 0
 2649              	.LLST4:
 2650 0103 06       		.byte	0x6
 2651 0104 00000000 		.4byte	.LVL7
 2652 0108 04       		.byte	0x4
 2653 0109 00       		.uleb128 .LVL7-.LVL7
 2654 010a 02       		.uleb128 .LVL8-.LVL7
 2655 010b 01       		.uleb128 0x1
 2656 010c 50       		.byte	0x50
 2657 010d 04       		.byte	0x4
 2658 010e 02       		.uleb128 .LVL8-.LVL7
 2659 010f 04       		.uleb128 .LFE189-.LVL7
 2660 0110 0A       		.uleb128 0xa
 2661 0111 A3       		.byte	0xa3
 2662 0112 03       		.uleb128 0x3
 2663 0113 A5       		.byte	0xa5
 2664 0114 00       		.uleb128 0
 2665 0115 26       		.uleb128 0x26
 2666 0116 A8       		.byte	0xa8
 2667 0117 2D       		.uleb128 0x2d
 2668 0118 A8       		.byte	0xa8
 2669 0119 00       		.uleb128 0
 2670 011a 9F       		.byte	0x9f
 2671 011b 00       		.byte	0
 2672              	.LVUS3:
 2673 011c 00       		.uleb128 0
 2674 011d 00       		.uleb128 .LVU25
 2675 011e 00       		.uleb128 .LVU25
 2676 011f 00       		.uleb128 0
 2677              	.LLST3:
 2678 0120 06       		.byte	0x6
ARM GAS  /tmp/ccGzpbQK.s 			page 48


 2679 0121 00000000 		.4byte	.LVL5
 2680 0125 04       		.byte	0x4
 2681 0126 00       		.uleb128 .LVL5-.LVL5
 2682 0127 02       		.uleb128 .LVL6-.LVL5
 2683 0128 01       		.uleb128 0x1
 2684 0129 50       		.byte	0x50
 2685 012a 04       		.byte	0x4
 2686 012b 02       		.uleb128 .LVL6-.LVL5
 2687 012c 04       		.uleb128 .LFE188-.LVL5
 2688 012d 0A       		.uleb128 0xa
 2689 012e A3       		.byte	0xa3
 2690 012f 03       		.uleb128 0x3
 2691 0130 A5       		.byte	0xa5
 2692 0131 00       		.uleb128 0
 2693 0132 26       		.uleb128 0x26
 2694 0133 A8       		.byte	0xa8
 2695 0134 2D       		.uleb128 0x2d
 2696 0135 A8       		.byte	0xa8
 2697 0136 00       		.uleb128 0
 2698 0137 9F       		.byte	0x9f
 2699 0138 00       		.byte	0
 2700              	.LVUS2:
 2701 0139 00       		.uleb128 0
 2702 013a 00       		.uleb128 .LVU18
 2703 013b 00       		.uleb128 .LVU18
 2704 013c 00       		.uleb128 0
 2705              	.LLST2:
 2706 013d 06       		.byte	0x6
 2707 013e 00000000 		.4byte	.LVL3
 2708 0142 04       		.byte	0x4
 2709 0143 00       		.uleb128 .LVL3-.LVL3
 2710 0144 02       		.uleb128 .LVL4-.LVL3
 2711 0145 01       		.uleb128 0x1
 2712 0146 50       		.byte	0x50
 2713 0147 04       		.byte	0x4
 2714 0148 02       		.uleb128 .LVL4-.LVL3
 2715 0149 04       		.uleb128 .LFE187-.LVL3
 2716 014a 0A       		.uleb128 0xa
 2717 014b A3       		.byte	0xa3
 2718 014c 03       		.uleb128 0x3
 2719 014d A5       		.byte	0xa5
 2720 014e 00       		.uleb128 0
 2721 014f 26       		.uleb128 0x26
 2722 0150 A8       		.byte	0xa8
 2723 0151 2D       		.uleb128 0x2d
 2724 0152 A8       		.byte	0xa8
 2725 0153 00       		.uleb128 0
 2726 0154 9F       		.byte	0x9f
 2727 0155 00       		.byte	0
 2728              	.LVUS0:
 2729 0156 00       		.uleb128 0
 2730 0157 00       		.uleb128 .LVU10
 2731 0158 00       		.uleb128 .LVU10
 2732 0159 00       		.uleb128 0
 2733              	.LLST0:
 2734 015a 06       		.byte	0x6
 2735 015b 00000000 		.4byte	.LVL0
ARM GAS  /tmp/ccGzpbQK.s 			page 49


 2736 015f 04       		.byte	0x4
 2737 0160 00       		.uleb128 .LVL0-.LVL0
 2738 0161 08       		.uleb128 .LVL2-.LVL0
 2739 0162 01       		.uleb128 0x1
 2740 0163 50       		.byte	0x50
 2741 0164 04       		.byte	0x4
 2742 0165 08       		.uleb128 .LVL2-.LVL0
 2743 0166 0A       		.uleb128 .LFE186-.LVL0
 2744 0167 0A       		.uleb128 0xa
 2745 0168 A3       		.byte	0xa3
 2746 0169 03       		.uleb128 0x3
 2747 016a A5       		.byte	0xa5
 2748 016b 00       		.uleb128 0
 2749 016c 26       		.uleb128 0x26
 2750 016d A8       		.byte	0xa8
 2751 016e 2D       		.uleb128 0x2d
 2752 016f A8       		.byte	0xa8
 2753 0170 00       		.uleb128 0
 2754 0171 9F       		.byte	0x9f
 2755 0172 00       		.byte	0
 2756              	.LVUS1:
 2757 0173 00       		.uleb128 0
 2758 0174 00       		.uleb128 .LVU7
 2759 0175 00       		.uleb128 .LVU7
 2760 0176 00       		.uleb128 0
 2761              	.LLST1:
 2762 0177 06       		.byte	0x6
 2763 0178 00000000 		.4byte	.LVL0
 2764 017c 04       		.byte	0x4
 2765 017d 00       		.uleb128 .LVL0-.LVL0
 2766 017e 02       		.uleb128 .LVL1-.LVL0
 2767 017f 01       		.uleb128 0x1
 2768 0180 53       		.byte	0x53
 2769 0181 04       		.byte	0x4
 2770 0182 02       		.uleb128 .LVL1-.LVL0
 2771 0183 0A       		.uleb128 .LFE186-.LVL0
 2772 0184 0A       		.uleb128 0xa
 2773 0185 A3       		.byte	0xa3
 2774 0186 03       		.uleb128 0x3
 2775 0187 A5       		.byte	0xa5
 2776 0188 03       		.uleb128 0x3
 2777 0189 26       		.uleb128 0x26
 2778 018a A8       		.byte	0xa8
 2779 018b 2D       		.uleb128 0x2d
 2780 018c A8       		.byte	0xa8
 2781 018d 00       		.uleb128 0
 2782 018e 9F       		.byte	0x9f
 2783 018f 00       		.byte	0
 2784              	.Ldebug_loc3:
 2785              		.section	.debug_aranges,"",%progbits
 2786 0000 4C000000 		.4byte	0x4c
 2787 0004 0200     		.2byte	0x2
 2788 0006 00000000 		.4byte	.Ldebug_info0
 2789 000a 04       		.byte	0x4
 2790 000b 00       		.byte	0
 2791 000c 0000     		.2byte	0
 2792 000e 0000     		.2byte	0
ARM GAS  /tmp/ccGzpbQK.s 			page 50


 2793 0010 00000000 		.4byte	.LFB186
 2794 0014 0A000000 		.4byte	.LFE186-.LFB186
 2795 0018 00000000 		.4byte	.LFB187
 2796 001c 04000000 		.4byte	.LFE187-.LFB187
 2797 0020 00000000 		.4byte	.LFB188
 2798 0024 04000000 		.4byte	.LFE188-.LFB188
 2799 0028 00000000 		.4byte	.LFB189
 2800 002c 04000000 		.4byte	.LFE189-.LFB189
 2801 0030 00000000 		.4byte	.LFB190
 2802 0034 30000000 		.4byte	.LFE190-.LFB190
 2803 0038 00000000 		.4byte	.LFB191
 2804 003c 1A000000 		.4byte	.LFE191-.LFB191
 2805 0040 00000000 		.4byte	.LFB192
 2806 0044 04000000 		.4byte	.LFE192-.LFB192
 2807 0048 00000000 		.4byte	0
 2808 004c 00000000 		.4byte	0
 2809              		.section	.debug_rnglists,"",%progbits
 2810              	.Ldebug_ranges0:
 2811 0000 33000000 		.4byte	.Ldebug_ranges3-.Ldebug_ranges2
 2812              	.Ldebug_ranges2:
 2813 0004 0500     		.2byte	0x5
 2814 0006 04       		.byte	0x4
 2815 0007 00       		.byte	0
 2816 0008 00000000 		.4byte	0
 2817              	.LLRL12:
 2818 000c 07       		.byte	0x7
 2819 000d 00000000 		.4byte	.LFB186
 2820 0011 0A       		.uleb128 .LFE186-.LFB186
 2821 0012 07       		.byte	0x7
 2822 0013 00000000 		.4byte	.LFB187
 2823 0017 04       		.uleb128 .LFE187-.LFB187
 2824 0018 07       		.byte	0x7
 2825 0019 00000000 		.4byte	.LFB188
 2826 001d 04       		.uleb128 .LFE188-.LFB188
 2827 001e 07       		.byte	0x7
 2828 001f 00000000 		.4byte	.LFB189
 2829 0023 04       		.uleb128 .LFE189-.LFB189
 2830 0024 07       		.byte	0x7
 2831 0025 00000000 		.4byte	.LFB190
 2832 0029 30       		.uleb128 .LFE190-.LFB190
 2833 002a 07       		.byte	0x7
 2834 002b 00000000 		.4byte	.LFB191
 2835 002f 1A       		.uleb128 .LFE191-.LFB191
 2836 0030 07       		.byte	0x7
 2837 0031 00000000 		.4byte	.LFB192
 2838 0035 04       		.uleb128 .LFE192-.LFB192
 2839 0036 00       		.byte	0
 2840              	.Ldebug_ranges3:
 2841              		.section	.debug_line,"",%progbits
 2842              	.Ldebug_line0:
 2843 0000 C4030000 		.section	.debug_str,"MS",%progbits,1
 2843      03006A02 
 2843      00000201 
 2843      FB0E0D00 
 2843      01010101 
 2844              	.LASF18:
 2845 0000 5F5F6769 		.ascii	"__gid_t\000"
ARM GAS  /tmp/ccGzpbQK.s 			page 51


 2845      645F7400 
 2846              	.LASF4:
 2847 0008 73686F72 		.ascii	"short int\000"
 2847      7420696E 
 2847      7400
 2848              	.LASF22:
 2849 0012 5F66706F 		.ascii	"_fpos_t\000"
 2849      735F7400 
 2850              	.LASF97:
 2851 001a 5F6D6274 		.ascii	"_mbtowc_state\000"
 2851      6F77635F 
 2851      73746174 
 2851      6500
 2852              	.LASF135:
 2853 0028 73745F63 		.ascii	"st_ctim\000"
 2853      74696D00 
 2854              	.LASF7:
 2855 0030 73697A65 		.ascii	"size_t\000"
 2855      5F7400
 2856              	.LASF86:
 2857 0037 5F72616E 		.ascii	"_rand48\000"
 2857      64343800 
 2858              	.LASF73:
 2859 003f 5F656D65 		.ascii	"_emergency\000"
 2859      7267656E 
 2859      637900
 2860              	.LASF140:
 2861 004a 6368436F 		.ascii	"chCoreAlloc\000"
 2861      7265416C 
 2861      6C6F6300 
 2862              	.LASF63:
 2863 0056 5F646174 		.ascii	"_data\000"
 2863      6100
 2864              	.LASF105:
 2865 005c 5F776372 		.ascii	"_wcrtomb_state\000"
 2865      746F6D62 
 2865      5F737461 
 2865      746500
 2866              	.LASF106:
 2867 006b 5F776373 		.ascii	"_wcsrtombs_state\000"
 2867      72746F6D 
 2867      62735F73 
 2867      74617465 
 2867      00
 2868              	.LASF155:
 2869 007c 5F5F6275 		.ascii	"__builtin_memset\000"
 2869      696C7469 
 2869      6E5F6D65 
 2869      6D736574 
 2869      00
 2870              	.LASF0:
 2871 008d 6C6F6E67 		.ascii	"long long unsigned int\000"
 2871      206C6F6E 
 2871      6720756E 
 2871      7369676E 
 2871      65642069 
 2872              	.LASF53:
ARM GAS  /tmp/ccGzpbQK.s 			page 52


 2873 00a4 5F6C6266 		.ascii	"_lbfsize\000"
 2873      73697A65 
 2873      00
 2874              	.LASF109:
 2875 00ad 5F5F6C6F 		.ascii	"__locale_t\000"
 2875      63616C65 
 2875      5F7400
 2876              	.LASF103:
 2877 00b8 5F6D6272 		.ascii	"_mbrtowc_state\000"
 2877      746F7763 
 2877      5F737461 
 2877      746500
 2878              	.LASF11:
 2879 00c7 5F5F696E 		.ascii	"__int_least64_t\000"
 2879      745F6C65 
 2879      61737436 
 2879      345F7400 
 2880              	.LASF38:
 2881 00d7 5F5F746D 		.ascii	"__tm_sec\000"
 2881      5F736563 
 2881      00
 2882              	.LASF124:
 2883 00e0 73746174 		.ascii	"stat\000"
 2883      00
 2884              	.LASF15:
 2885 00e5 5F6F6666 		.ascii	"_off_t\000"
 2885      5F7400
 2886              	.LASF150:
 2887 00ec 474E5520 		.ascii	"GNU C99 13.2.1 20231009 -mcpu=cortex-m4 -mfpu=fpv4-"
 2887      43393920 
 2887      31332E32 
 2887      2E312032 
 2887      30323331 
 2888 011f 73702D64 		.ascii	"sp-d16 -mfloat-abi=hard -mfloat-abi=hard -mfpu=fpv4"
 2888      3136202D 
 2888      6D666C6F 
 2888      61742D61 
 2888      62693D68 
 2889 0152 2D73702D 		.ascii	"-sp-d16 -mno-thumb-interwork -mthumb -march=armv7e-"
 2889      64313620 
 2889      2D6D6E6F 
 2889      2D746875 
 2889      6D622D69 
 2890 0185 6D2B6670 		.ascii	"m+fp -ggdb -O2 -std=gnu99 -fomit-frame-pointer -fal"
 2890      202D6767 
 2890      6462202D 
 2890      4F32202D 
 2890      7374643D 
 2891 01b8 69676E2D 		.ascii	"ign-functions=16 -ffunction-sections -fdata-section"
 2891      66756E63 
 2891      74696F6E 
 2891      733D3136 
 2891      202D6666 
 2892 01eb 73202D66 		.ascii	"s -fno-common -fsingle-precision-constant\000"
 2892      6E6F2D63 
 2892      6F6D6D6F 
 2892      6E202D66 
ARM GAS  /tmp/ccGzpbQK.s 			page 53


 2892      73696E67 
 2893              	.LASF2:
 2894 0215 7369676E 		.ascii	"signed char\000"
 2894      65642063 
 2894      68617200 
 2895              	.LASF29:
 2896 0221 5F5F554C 		.ascii	"__ULong\000"
 2896      6F6E6700 
 2897              	.LASF21:
 2898 0229 5F5F6F66 		.ascii	"__off_t\000"
 2898      665F7400 
 2899              	.LASF126:
 2900 0231 73745F69 		.ascii	"st_ino\000"
 2900      6E6F00
 2901              	.LASF59:
 2902 0238 5F756275 		.ascii	"_ubuf\000"
 2902      6600
 2903              	.LASF20:
 2904 023e 5F5F6D6F 		.ascii	"__mode_t\000"
 2904      64655F74 
 2904      00
 2905              	.LASF48:
 2906 0247 5F626173 		.ascii	"_base\000"
 2906      6500
 2907              	.LASF40:
 2908 024d 5F5F746D 		.ascii	"__tm_hour\000"
 2908      5F686F75 
 2908      7200
 2909              	.LASF152:
 2910 0257 2F686F6D 		.ascii	"/home/gunnar/code/rise_sdvp/Embedded/RTCM_Forwarder"
 2910      652F6775 
 2910      6E6E6172 
 2910      2F636F64 
 2910      652F7269 
 2911 028a 5F50726F 		.ascii	"_Project\000"
 2911      6A656374 
 2911      00
 2912              	.LASF54:
 2913 0293 5F636F6F 		.ascii	"_cookie\000"
 2913      6B696500 
 2914              	.LASF13:
 2915 029b 5F5F626C 		.ascii	"__blkcnt_t\000"
 2915      6B636E74 
 2915      5F7400
 2916              	.LASF6:
 2917 02a6 6C6F6E67 		.ascii	"long int\000"
 2917      20696E74 
 2917      00
 2918              	.LASF51:
 2919 02af 5F666C61 		.ascii	"_flags\000"
 2919      677300
 2920              	.LASF69:
 2921 02b6 5F737464 		.ascii	"_stdin\000"
 2921      696E00
 2922              	.LASF77:
 2923 02bd 5F726573 		.ascii	"_result_k\000"
 2923      756C745F 
ARM GAS  /tmp/ccGzpbQK.s 			page 54


 2923      6B00
 2924              	.LASF10:
 2925 02c7 6C6F6E67 		.ascii	"long long int\000"
 2925      206C6F6E 
 2925      6720696E 
 2925      7400
 2926              	.LASF133:
 2927 02d5 73745F61 		.ascii	"st_atim\000"
 2927      74696D00 
 2928              	.LASF81:
 2929 02dd 5F637674 		.ascii	"_cvtbuf\000"
 2929      62756600 
 2930              	.LASF62:
 2931 02e5 5F6F6666 		.ascii	"_offset\000"
 2931      73657400 
 2932              	.LASF104:
 2933 02ed 5F6D6273 		.ascii	"_mbsrtowcs_state\000"
 2933      72746F77 
 2933      63735F73 
 2933      74617465 
 2933      00
 2934              	.LASF102:
 2935 02fe 5F6D6272 		.ascii	"_mbrlen_state\000"
 2935      6C656E5F 
 2935      73746174 
 2935      6500
 2936              	.LASF123:
 2937 030c 6E6C696E 		.ascii	"nlink_t\000"
 2937      6B5F7400 
 2938              	.LASF121:
 2939 0314 6769645F 		.ascii	"gid_t\000"
 2939      7400
 2940              	.LASF8:
 2941 031a 5F5F7569 		.ascii	"__uint32_t\000"
 2941      6E743332 
 2941      5F7400
 2942              	.LASF34:
 2943 0325 5F736967 		.ascii	"_sign\000"
 2943      6E00
 2944              	.LASF71:
 2945 032b 5F737464 		.ascii	"_stderr\000"
 2945      65727200 
 2946              	.LASF36:
 2947 0333 5F426967 		.ascii	"_Bigint\000"
 2947      696E7400 
 2948              	.LASF39:
 2949 033b 5F5F746D 		.ascii	"__tm_min\000"
 2949      5F6D696E 
 2949      00
 2950              	.LASF137:
 2951 0344 73745F62 		.ascii	"st_blocks\000"
 2951      6C6F636B 
 2951      7300
 2952              	.LASF61:
 2953 034e 5F626C6B 		.ascii	"_blksize\000"
 2953      73697A65 
 2953      00
ARM GAS  /tmp/ccGzpbQK.s 			page 55


 2954              	.LASF55:
 2955 0357 5F726561 		.ascii	"_read\000"
 2955      6400
 2956              	.LASF37:
 2957 035d 5F5F746D 		.ascii	"__tm\000"
 2957      00
 2958              	.LASF24:
 2959 0362 5F5F7763 		.ascii	"__wchb\000"
 2959      686200
 2960              	.LASF70:
 2961 0369 5F737464 		.ascii	"_stdout\000"
 2961      6F757400 
 2962              	.LASF114:
 2963 0371 626C6B63 		.ascii	"blkcnt_t\000"
 2963      6E745F74 
 2963      00
 2964              	.LASF80:
 2965 037a 5F637674 		.ascii	"_cvtlen\000"
 2965      6C656E00 
 2966              	.LASF9:
 2967 0382 6C6F6E67 		.ascii	"long unsigned int\000"
 2967      20756E73 
 2967      69676E65 
 2967      6420696E 
 2967      7400
 2968              	.LASF52:
 2969 0394 5F66696C 		.ascii	"_file\000"
 2969      6500
 2970              	.LASF118:
 2971 039a 6F66665F 		.ascii	"off_t\000"
 2971      7400
 2972              	.LASF129:
 2973 03a0 73745F75 		.ascii	"st_uid\000"
 2973      696400
 2974              	.LASF120:
 2975 03a7 7569645F 		.ascii	"uid_t\000"
 2975      7400
 2976              	.LASF94:
 2977 03ad 5F72616E 		.ascii	"_rand_next\000"
 2977      645F6E65 
 2977      787400
 2978              	.LASF100:
 2979 03b8 5F736967 		.ascii	"_signal_buf\000"
 2979      6E616C5F 
 2979      62756600 
 2980              	.LASF91:
 2981 03c4 5F617363 		.ascii	"_asctime_buf\000"
 2981      74696D65 
 2981      5F627566 
 2981      00
 2982              	.LASF76:
 2983 03d1 5F726573 		.ascii	"_result\000"
 2983      756C7400 
 2984              	.LASF23:
 2985 03d9 5F5F7763 		.ascii	"__wch\000"
 2985      6800
 2986              	.LASF30:
ARM GAS  /tmp/ccGzpbQK.s 			page 56


 2987 03df 5F4C4F43 		.ascii	"_LOCK_T\000"
 2987      4B5F5400 
 2988              	.LASF12:
 2989 03e7 77696E74 		.ascii	"wint_t\000"
 2989      5F7400
 2990              	.LASF64:
 2991 03ee 5F6C6F63 		.ascii	"_lock\000"
 2991      6B00
 2992              	.LASF146:
 2993 03f4 5F636C6F 		.ascii	"_close_r\000"
 2993      73655F72 
 2993      00
 2994              	.LASF88:
 2995 03fd 5F6D756C 		.ascii	"_mult\000"
 2995      7400
 2996              	.LASF151:
 2997 0403 2E2E2F52 		.ascii	"../RC_Controller/ChibiOS_3.0.5/os/various/syscalls."
 2997      435F436F 
 2997      6E74726F 
 2997      6C6C6572 
 2997      2F436869 
 2998 0436 6300     		.ascii	"c\000"
 2999              	.LASF132:
 3000 0438 73745F73 		.ascii	"st_size\000"
 3000      697A6500 
 3001              	.LASF56:
 3002 0440 5F777269 		.ascii	"_write\000"
 3002      746500
 3003              	.LASF43:
 3004 0447 5F5F746D 		.ascii	"__tm_year\000"
 3004      5F796561 
 3004      7200
 3005              	.LASF147:
 3006 0451 5F777269 		.ascii	"_write_r\000"
 3006      74655F72 
 3006      00
 3007              	.LASF113:
 3008 045a 74765F6E 		.ascii	"tv_nsec\000"
 3008      73656300 
 3009              	.LASF16:
 3010 0462 5F5F6465 		.ascii	"__dev_t\000"
 3010      765F7400 
 3011              	.LASF112:
 3012 046a 74765F73 		.ascii	"tv_sec\000"
 3012      656300
 3013              	.LASF42:
 3014 0471 5F5F746D 		.ascii	"__tm_mon\000"
 3014      5F6D6F6E 
 3014      00
 3015              	.LASF14:
 3016 047a 5F5F626C 		.ascii	"__blksize_t\000"
 3016      6B73697A 
 3016      655F7400 
 3017              	.LASF93:
 3018 0486 5F67616D 		.ascii	"_gamma_signgam\000"
 3018      6D615F73 
 3018      69676E67 
ARM GAS  /tmp/ccGzpbQK.s 			page 57


 3018      616D00
 3019              	.LASF119:
 3020 0495 6465765F 		.ascii	"dev_t\000"
 3020      7400
 3021              	.LASF110:
 3022 049b 74696D65 		.ascii	"time_t\000"
 3022      5F7400
 3023              	.LASF79:
 3024 04a2 5F667265 		.ascii	"_freelist\000"
 3024      656C6973 
 3024      7400
 3025              	.LASF98:
 3026 04ac 5F776374 		.ascii	"_wctomb_state\000"
 3026      6F6D625F 
 3026      73746174 
 3026      6500
 3027              	.LASF128:
 3028 04ba 73745F6E 		.ascii	"st_nlink\000"
 3028      6C696E6B 
 3028      00
 3029              	.LASF3:
 3030 04c3 756E7369 		.ascii	"unsigned char\000"
 3030      676E6564 
 3030      20636861 
 3030      7200
 3031              	.LASF82:
 3032 04d1 5F6E6577 		.ascii	"_new\000"
 3032      00
 3033              	.LASF148:
 3034 04d6 5F6C7365 		.ascii	"_lseek_r\000"
 3034      656B5F72 
 3034      00
 3035              	.LASF107:
 3036 04df 5F685F65 		.ascii	"_h_errno\000"
 3036      72726E6F 
 3036      00
 3037              	.LASF31:
 3038 04e8 5F666C6F 		.ascii	"_flock_t\000"
 3038      636B5F74 
 3038      00
 3039              	.LASF45:
 3040 04f1 5F5F746D 		.ascii	"__tm_yday\000"
 3040      5F796461 
 3040      7900
 3041              	.LASF143:
 3042 04fb 66696C65 		.ascii	"file\000"
 3042      00
 3043              	.LASF66:
 3044 0500 5F666C61 		.ascii	"_flags2\000"
 3044      67733200 
 3045              	.LASF85:
 3046 0508 5F5F4649 		.ascii	"__FILE\000"
 3046      4C4500
 3047              	.LASF27:
 3048 050f 5F6D6273 		.ascii	"_mbstate_t\000"
 3048      74617465 
 3048      5F7400
ARM GAS  /tmp/ccGzpbQK.s 			page 58


 3049              	.LASF50:
 3050 051a 5F5F7346 		.ascii	"__sFILE\000"
 3050      494C4500 
 3051              	.LASF65:
 3052 0522 5F6D6273 		.ascii	"_mbstate\000"
 3052      74617465 
 3052      00
 3053              	.LASF111:
 3054 052b 74696D65 		.ascii	"timespec\000"
 3054      73706563 
 3054      00
 3055              	.LASF154:
 3056 0534 5F5F6675 		.ascii	"__func__\000"
 3056      6E635F5F 
 3056      00
 3057              	.LASF96:
 3058 053d 5F6D626C 		.ascii	"_mblen_state\000"
 3058      656E5F73 
 3058      74617465 
 3058      00
 3059              	.LASF72:
 3060 054a 5F696E63 		.ascii	"_inc\000"
 3060      00
 3061              	.LASF74:
 3062 054f 5F6C6F63 		.ascii	"_locale\000"
 3062      616C6500 
 3063              	.LASF75:
 3064 0557 5F5F636C 		.ascii	"__cleanup\000"
 3064      65616E75 
 3064      7000
 3065              	.LASF33:
 3066 0561 5F6D6178 		.ascii	"_maxwds\000"
 3066      77647300 
 3067              	.LASF67:
 3068 0569 5F726565 		.ascii	"_reent\000"
 3068      6E7400
 3069              	.LASF19:
 3070 0570 5F5F696E 		.ascii	"__ino_t\000"
 3070      6F5F7400 
 3071              	.LASF87:
 3072 0578 5F736565 		.ascii	"_seed\000"
 3072      6400
 3073              	.LASF25:
 3074 057e 5F5F636F 		.ascii	"__count\000"
 3074      756E7400 
 3075              	.LASF108:
 3076 0586 5F5F6C6F 		.ascii	"__lock\000"
 3076      636B00
 3077              	.LASF26:
 3078 058d 5F5F7661 		.ascii	"__value\000"
 3078      6C756500 
 3079              	.LASF57:
 3080 0595 5F736565 		.ascii	"_seek\000"
 3080      6B00
 3081              	.LASF141:
 3082 059b 5F697361 		.ascii	"_isatty_r\000"
 3082      7474795F 
ARM GAS  /tmp/ccGzpbQK.s 			page 59


 3082      7200
 3083              	.LASF116:
 3084 05a5 63616464 		.ascii	"caddr_t\000"
 3084      725F7400 
 3085              	.LASF131:
 3086 05ad 73745F72 		.ascii	"st_rdev\000"
 3086      64657600 
 3087              	.LASF149:
 3088 05b5 5F726561 		.ascii	"_read_r\000"
 3088      645F7200 
 3089              	.LASF68:
 3090 05bd 5F657272 		.ascii	"_errno\000"
 3090      6E6F00
 3091              	.LASF84:
 3092 05c4 63686172 		.ascii	"char\000"
 3092      00
 3093              	.LASF138:
 3094 05c9 73745F73 		.ascii	"st_spare4\000"
 3094      70617265 
 3094      3400
 3095              	.LASF49:
 3096 05d3 5F73697A 		.ascii	"_size\000"
 3096      6500
 3097              	.LASF1:
 3098 05d9 756E7369 		.ascii	"unsigned int\000"
 3098      676E6564 
 3098      20696E74 
 3098      00
 3099              	.LASF17:
 3100 05e6 5F5F7569 		.ascii	"__uid_t\000"
 3100      645F7400 
 3101              	.LASF32:
 3102 05ee 5F6E6578 		.ascii	"_next\000"
 3102      7400
 3103              	.LASF90:
 3104 05f4 5F737472 		.ascii	"_strtok_last\000"
 3104      746F6B5F 
 3104      6C617374 
 3104      00
 3105              	.LASF127:
 3106 0601 73745F6D 		.ascii	"st_mode\000"
 3106      6F646500 
 3107              	.LASF136:
 3108 0609 73745F62 		.ascii	"st_blksize\000"
 3108      6C6B7369 
 3108      7A6500
 3109              	.LASF5:
 3110 0614 73686F72 		.ascii	"short unsigned int\000"
 3110      7420756E 
 3110      7369676E 
 3110      65642069 
 3110      6E7400
 3111              	.LASF89:
 3112 0627 5F616464 		.ascii	"_add\000"
 3112      00
 3113              	.LASF130:
 3114 062c 73745F67 		.ascii	"st_gid\000"
ARM GAS  /tmp/ccGzpbQK.s 			page 60


 3114      696400
 3115              	.LASF101:
 3116 0633 5F676574 		.ascii	"_getdate_err\000"
 3116      64617465 
 3116      5F657272 
 3116      00
 3117              	.LASF144:
 3118 0640 5F736272 		.ascii	"_sbrk_r\000"
 3118      6B5F7200 
 3119              	.LASF142:
 3120 0648 5F667374 		.ascii	"_fstat_r\000"
 3120      61745F72 
 3120      00
 3121              	.LASF139:
 3122 0651 6D656D73 		.ascii	"memset\000"
 3122      657400
 3123              	.LASF153:
 3124 0658 63685379 		.ascii	"chSysHalt\000"
 3124      7348616C 
 3124      7400
 3125              	.LASF35:
 3126 0662 5F776473 		.ascii	"_wds\000"
 3126      00
 3127              	.LASF44:
 3128 0667 5F5F746D 		.ascii	"__tm_wday\000"
 3128      5F776461 
 3128      7900
 3129              	.LASF125:
 3130 0671 73745F64 		.ascii	"st_dev\000"
 3130      657600
 3131              	.LASF99:
 3132 0678 5F6C3634 		.ascii	"_l64a_buf\000"
 3132      615F6275 
 3132      6600
 3133              	.LASF83:
 3134 0682 5F736967 		.ascii	"_sig_func\000"
 3134      5F66756E 
 3134      6300
 3135              	.LASF115:
 3136 068c 626C6B73 		.ascii	"blksize_t\000"
 3136      697A655F 
 3136      7400
 3137              	.LASF134:
 3138 0696 73745F6D 		.ascii	"st_mtim\000"
 3138      74696D00 
 3139              	.LASF60:
 3140 069e 5F6E6275 		.ascii	"_nbuf\000"
 3140      6600
 3141              	.LASF46:
 3142 06a4 5F5F746D 		.ascii	"__tm_isdst\000"
 3142      5F697364 
 3142      737400
 3143              	.LASF92:
 3144 06af 5F6C6F63 		.ascii	"_localtime_buf\000"
 3144      616C7469 
 3144      6D655F62 
 3144      756600
ARM GAS  /tmp/ccGzpbQK.s 			page 61


 3145              	.LASF58:
 3146 06be 5F636C6F 		.ascii	"_close\000"
 3146      736500
 3147              	.LASF95:
 3148 06c5 5F723438 		.ascii	"_r48\000"
 3148      00
 3149              	.LASF122:
 3150 06ca 6D6F6465 		.ascii	"mode_t\000"
 3150      5F7400
 3151              	.LASF78:
 3152 06d1 5F703573 		.ascii	"_p5s\000"
 3152      00
 3153              	.LASF28:
 3154 06d6 5F5F6E6C 		.ascii	"__nlink_t\000"
 3154      696E6B5F 
 3154      7400
 3155              	.LASF47:
 3156 06e0 5F5F7362 		.ascii	"__sbuf\000"
 3156      756600
 3157              	.LASF41:
 3158 06e7 5F5F746D 		.ascii	"__tm_mday\000"
 3158      5F6D6461 
 3158      7900
 3159              	.LASF145:
 3160 06f1 696E6372 		.ascii	"incr\000"
 3160      00
 3161              	.LASF117:
 3162 06f6 696E6F5F 		.ascii	"ino_t\000"
 3162      7400
 3163              		.ident	"GCC: (Arm GNU Toolchain 13.2.rel1 (Build arm-13.7)) 13.2.1 20231009"
ARM GAS  /tmp/ccGzpbQK.s 			page 62


DEFINED SYMBOLS
                            *ABS*:00000000 syscalls.c
     /tmp/ccGzpbQK.s:21     .text._read_r:00000000 $t
     /tmp/ccGzpbQK.s:28     .text._read_r:00000000 _read_r
     /tmp/ccGzpbQK.s:56     .text._lseek_r:00000000 $t
     /tmp/ccGzpbQK.s:63     .text._lseek_r:00000000 _lseek_r
     /tmp/ccGzpbQK.s:85     .text._write_r:00000000 $t
     /tmp/ccGzpbQK.s:92     .text._write_r:00000000 _write_r
     /tmp/ccGzpbQK.s:113    .text._close_r:00000000 $t
     /tmp/ccGzpbQK.s:120    .text._close_r:00000000 _close_r
     /tmp/ccGzpbQK.s:140    .text._sbrk_r:00000000 $t
     /tmp/ccGzpbQK.s:147    .text._sbrk_r:00000000 _sbrk_r
     /tmp/ccGzpbQK.s:219    .text._sbrk_r:0000002c $d
     /tmp/ccGzpbQK.s:306    .rodata.__func__.0:00000000 __func__.0
     /tmp/ccGzpbQK.s:224    .text._fstat_r:00000000 $t
     /tmp/ccGzpbQK.s:231    .text._fstat_r:00000000 _fstat_r
     /tmp/ccGzpbQK.s:276    .text._isatty_r:00000000 $t
     /tmp/ccGzpbQK.s:283    .text._isatty_r:00000000 _isatty_r
     /tmp/ccGzpbQK.s:303    .rodata.__func__.0:00000000 $d

UNDEFINED SYMBOLS
chCoreAlloc
chSysHalt
memset
