ARM GAS  /tmp/cc9Yqsyg.s 			page 1


   1              		.cpu cortex-m4
   2              		.arch armv7e-m
   3              		.fpu fpv4-sp-d16
   4              		.eabi_attribute 27, 1
   5              		.eabi_attribute 28, 1
   6              		.eabi_attribute 20, 1
   7              		.eabi_attribute 21, 1
   8              		.eabi_attribute 23, 3
   9              		.eabi_attribute 24, 1
  10              		.eabi_attribute 25, 1
  11              		.eabi_attribute 26, 1
  12              		.eabi_attribute 30, 2
  13              		.eabi_attribute 34, 1
  14              		.eabi_attribute 18, 4
  15              		.file	"usb.c"
  16              		.text
  17              	.Ltext0:
  18              		.cfi_sections	.debug_frame
  19              		.file 1 "../RC_Controller/ChibiOS_3.0.5/os/hal/src/usb.c"
  20              		.section	.text.usbInit,"ax",%progbits
  21              		.align	1
  22              		.p2align 4,,15
  23              		.global	usbInit
  24              		.syntax unified
  25              		.thumb
  26              		.thumb_func
  27              		.type	usbInit, %function
  28              	usbInit:
  29              	.LFB226:
  30              		.loc 1 254 20 view -0
  31              		.cfi_startproc
  32              		@ args = 0, pretend = 0, frame = 0
  33              		@ frame_needed = 0, uses_anonymous_args = 0
  34              		@ link register save eliminated.
  35              		.loc 1 256 3 view .LVU1
  36 0000 FFF7FEBF 		b	usb_lld_init
  37              	.LVL0:
  38              		.cfi_endproc
  39              	.LFE226:
  40              		.size	usbInit, .-usbInit
  41              		.section	.text.usbObjectInit,"ax",%progbits
  42              		.align	1
  43              		.p2align 4,,15
  44              		.global	usbObjectInit
  45              		.syntax unified
  46              		.thumb
  47              		.thumb_func
  48              		.type	usbObjectInit, %function
  49              	usbObjectInit:
  50              	.LVL1:
  51              	.LFB227:
  52              		.loc 1 266 37 view -0
  53              		.cfi_startproc
  54              		@ args = 0, pretend = 0, frame = 0
  55              		@ frame_needed = 0, uses_anonymous_args = 0
  56              		@ link register save eliminated.
  57              		.loc 1 267 3 view .LVU3
ARM GAS  /tmp/cc9Yqsyg.s 			page 2


  58              		.loc 1 269 3 view .LVU4
  59              		.loc 1 270 22 is_stmt 0 view .LVU5
  60 0000 0023     		movs	r3, #0
  61              		.loc 1 269 22 view .LVU6
  62 0002 0122     		movs	r2, #1
  63 0004 0270     		strb	r2, [r0]
  64              		.loc 1 270 3 is_stmt 1 view .LVU7
  65              		.loc 1 270 22 is_stmt 0 view .LVU8
  66 0006 4360     		str	r3, [r0, #4]
  67              		.loc 1 271 3 is_stmt 1 view .LVU9
  68              	.LVL2:
  69              		.loc 1 271 17 discriminator 1 view .LVU10
  70              		.loc 1 272 5 view .LVU11
  71              		.loc 1 272 25 is_stmt 0 view .LVU12
  72 0008 C361     		str	r3, [r0, #28]
  73              		.loc 1 273 5 is_stmt 1 view .LVU13
  74              		.loc 1 273 25 is_stmt 0 view .LVU14
  75 000a 8362     		str	r3, [r0, #40]
  76              		.loc 1 271 49 is_stmt 1 discriminator 3 view .LVU15
  77              	.LVL3:
  78              		.loc 1 271 17 discriminator 1 view .LVU16
  79              		.loc 1 272 5 view .LVU17
  80              		.loc 1 272 25 is_stmt 0 view .LVU18
  81 000c 0362     		str	r3, [r0, #32]
  82              		.loc 1 273 5 is_stmt 1 view .LVU19
  83              		.loc 1 273 25 is_stmt 0 view .LVU20
  84 000e C362     		str	r3, [r0, #44]
  85              		.loc 1 271 49 is_stmt 1 discriminator 3 view .LVU21
  86              	.LVL4:
  87              		.loc 1 271 17 discriminator 1 view .LVU22
  88              		.loc 1 272 5 view .LVU23
  89              		.loc 1 272 25 is_stmt 0 view .LVU24
  90 0010 4362     		str	r3, [r0, #36]
  91              		.loc 1 273 5 is_stmt 1 view .LVU25
  92              		.loc 1 273 25 is_stmt 0 view .LVU26
  93 0012 0363     		str	r3, [r0, #48]
  94              		.loc 1 271 49 is_stmt 1 discriminator 3 view .LVU27
  95              	.LVL5:
  96              		.loc 1 271 17 discriminator 1 view .LVU28
  97              		.loc 1 275 3 view .LVU29
  98              		.loc 1 276 3 view .LVU30
  99              		.loc 1 275 22 is_stmt 0 view .LVU31
 100 0014 8360     		str	r3, [r0, #8]
 101              		.loc 1 277 1 view .LVU32
 102 0016 7047     		bx	lr
 103              		.cfi_endproc
 104              	.LFE227:
 105              		.size	usbObjectInit, .-usbObjectInit
 106              		.section	.text.usbStart,"ax",%progbits
 107              		.align	1
 108              		.p2align 4,,15
 109              		.global	usbStart
 110              		.syntax unified
 111              		.thumb
 112              		.thumb_func
 113              		.type	usbStart, %function
 114              	usbStart:
ARM GAS  /tmp/cc9Yqsyg.s 			page 3


 115              	.LVL6:
 116              	.LFB228:
 117              		.loc 1 287 57 is_stmt 1 view -0
 118              		.cfi_startproc
 119              		@ args = 0, pretend = 0, frame = 0
 120              		@ frame_needed = 0, uses_anonymous_args = 0
 121              		.loc 1 288 3 view .LVU34
 122              		.loc 1 290 3 view .LVU35
 123              		.loc 1 290 3 view .LVU36
 124              		.loc 1 290 3 discriminator 1 view .LVU37
 125              		.loc 1 287 57 is_stmt 0 view .LVU38
 126 0000 38B5     		push	{r3, r4, r5, lr}
 127              		.cfi_def_cfa_offset 16
 128              		.cfi_offset 3, -16
 129              		.cfi_offset 4, -12
 130              		.cfi_offset 5, -8
 131              		.cfi_offset 14, -4
 132              		.loc 1 287 57 view .LVU39
 133 0002 0D46     		mov	r5, r1
 134              		.loc 1 290 3 discriminator 1 view .LVU40
 135 0004 0446     		mov	r4, r0
 136 0006 68B3     		cbz	r0, .L5
 137              		.loc 1 290 3 discriminator 4 view .LVU41
 138 0008 61B3     		cbz	r1, .L5
 139              	.LVL7:
 140              	.L6:
 141              		.loc 1 290 3 is_stmt 1 discriminator 7 view .LVU42
 142              		.loc 1 292 3 view .LVU43
 143              	.LBB198:
 144              	.LBI198:
 145              		.file 2 "../RC_Controller/ChibiOS_3.0.5/os/hal/osal/rt/osal.h"
 146              		.loc 2 491 20 view .LVU44
 147              		.loc 2 493 3 view .LVU45
 148              	.LBB199:
 149              	.LBI199:
 150              		.file 3 "../RC_Controller/ChibiOS_3.0.5/os/rt/include/chsys.h"
 151              		.loc 3 346 20 view .LVU46
 152              	.LBB200:
 153              		.loc 3 348 3 view .LVU47
 154              	.LBB201:
 155              	.LBI201:
 156              		.file 4 "../RC_Controller/ChibiOS_3.0.5/os/rt/ports/ARMCMx/chcore_v7m.h"
 157              		.loc 4 444 20 view .LVU48
 158              		.loc 4 447 3 view .LVU49
 159              	.LBB202:
 160              	.LBI202:
 161              		.file 5 "../RC_Controller/ChibiOS_3.0.5/os/ext/CMSIS/include/core_cmFunc.h"
 162              		.loc 5 544 57 view .LVU50
 163              	.LBB203:
 164              		.loc 5 546 3 view .LVU51
 165 000a 2023     		movs	r3, #32
 166              		.syntax unified
 167              	@ 546 "../RC_Controller/ChibiOS_3.0.5/os/ext/CMSIS/include/core_cmFunc.h" 1
 168 000c 83F31188 		MSR basepri, r3
 169              	@ 0 "" 2
 170              	.LVL8:
 171              		.loc 5 546 3 is_stmt 0 view .LVU52
ARM GAS  /tmp/cc9Yqsyg.s 			page 4


 172              		.thumb
 173              		.syntax unified
 174              	.LBE203:
 175              	.LBE202:
 176              	.LBE201:
 177              		.loc 3 349 34 is_stmt 1 view .LVU53
 178              		.loc 3 350 3 view .LVU54
 179 0010 FFF7FEFF 		bl	_dbg_check_lock
 180              	.LVL9:
 181              	.LBE200:
 182              	.LBE199:
 183              	.LBE198:
 184              		.loc 1 293 3 view .LVU55
 185              		.loc 1 293 3 view .LVU56
 186              		.loc 1 293 3 discriminator 1 view .LVU57
 187 0014 2378     		ldrb	r3, [r4]	@ zero_extendqisi2
 188 0016 013B     		subs	r3, r3, #1
 189 0018 012B     		cmp	r3, #1
 190 001a 02D9     		bls	.L7
 191              		.loc 1 293 3 discriminator 3 view .LVU58
 192 001c 1348     		ldr	r0, .L14
 193 001e FFF7FEFF 		bl	chSysHalt
 194              	.LVL10:
 195              	.L7:
 196              		.loc 1 293 3 discriminator 5 view .LVU59
 197              		.loc 1 295 3 view .LVU60
 198              		.loc 1 297 18 is_stmt 0 view .LVU61
 199 0022 0023     		movs	r3, #0
 200 0024 C4E90333 		strd	r3, r3, [r4, #12]
 201 0028 C4E90533 		strd	r3, r3, [r4, #20]
 202              		.loc 1 299 3 view .LVU62
 203 002c 2046     		mov	r0, r4
 204              		.loc 1 295 16 view .LVU63
 205 002e 6560     		str	r5, [r4, #4]
 206              		.loc 1 296 3 is_stmt 1 view .LVU64
 207              	.LVL11:
 208              		.loc 1 296 17 discriminator 1 view .LVU65
 209              		.loc 1 297 5 view .LVU66
 210              		.loc 1 296 50 discriminator 3 view .LVU67
 211              		.loc 1 296 17 discriminator 1 view .LVU68
 212              		.loc 1 297 5 view .LVU69
 213              		.loc 1 296 50 discriminator 3 view .LVU70
 214              		.loc 1 296 17 discriminator 1 view .LVU71
 215              		.loc 1 297 5 view .LVU72
 216              		.loc 1 296 50 discriminator 3 view .LVU73
 217              		.loc 1 296 17 discriminator 1 view .LVU74
 218              		.loc 1 297 5 view .LVU75
 219              		.loc 1 296 50 discriminator 3 view .LVU76
 220              		.loc 1 296 17 discriminator 1 view .LVU77
 221              		.loc 1 299 3 view .LVU78
 222 0030 FFF7FEFF 		bl	usb_lld_start
 223              	.LVL12:
 224              		.loc 1 300 3 view .LVU79
 225              		.loc 1 300 15 is_stmt 0 view .LVU80
 226 0034 0223     		movs	r3, #2
 227 0036 2370     		strb	r3, [r4]
 228              		.loc 1 301 3 is_stmt 1 view .LVU81
ARM GAS  /tmp/cc9Yqsyg.s 			page 5


 229              	.LBB204:
 230              	.LBI204:
 231              		.loc 2 502 20 view .LVU82
 232              		.loc 2 504 3 view .LVU83
 233              	.LBB205:
 234              	.LBI205:
 235              		.loc 3 358 20 view .LVU84
 236              	.LBB206:
 237              		.loc 3 360 3 view .LVU85
 238 0038 FFF7FEFF 		bl	_dbg_check_unlock
 239              	.LVL13:
 240              		.loc 3 361 33 view .LVU86
 241              		.loc 3 367 3 view .LVU87
 242              		.loc 3 367 3 view .LVU88
 243              		.loc 3 367 3 discriminator 1 view .LVU89
 244 003c 0C4B     		ldr	r3, .L14+4
 245 003e 1A68     		ldr	r2, [r3]
 246 0040 9A42     		cmp	r2, r3
 247 0042 04D0     		beq	.L8
 248              		.loc 3 367 3 is_stmt 0 discriminator 3 view .LVU90
 249 0044 9969     		ldr	r1, [r3, #24]
 250 0046 9368     		ldr	r3, [r2, #8]
 251 0048 8A68     		ldr	r2, [r1, #8]
 252 004a 9A42     		cmp	r2, r3
 253 004c 03D3     		bcc	.L13
 254              	.L8:
 255              		.loc 3 367 3 is_stmt 1 discriminator 7 view .LVU91
 256              		.loc 3 371 3 view .LVU92
 257              	.LBB207:
 258              	.LBI207:
 259              		.loc 4 458 20 view .LVU93
 260              		.loc 4 461 3 view .LVU94
 261              	.LVL14:
 262              	.LBB208:
 263              	.LBI208:
 264              		.loc 5 544 57 view .LVU95
 265              	.LBB209:
 266              		.loc 5 546 3 view .LVU96
 267 004e 0023     		movs	r3, #0
 268              		.syntax unified
 269              	@ 546 "../RC_Controller/ChibiOS_3.0.5/os/ext/CMSIS/include/core_cmFunc.h" 1
 270 0050 83F31188 		MSR basepri, r3
 271              	@ 0 "" 2
 272              	.LVL15:
 273              		.loc 5 546 3 is_stmt 0 view .LVU97
 274              		.thumb
 275              		.syntax unified
 276              	.LBE209:
 277              	.LBE208:
 278              	.LBE207:
 279              	.LBE206:
 280              	.LBE205:
 281              	.LBE204:
 282              		.loc 1 302 1 view .LVU98
 283 0054 38BD     		pop	{r3, r4, r5, pc}
 284              	.LVL16:
 285              	.L13:
ARM GAS  /tmp/cc9Yqsyg.s 			page 6


 286              	.LBB215:
 287              	.LBB214:
 288              	.LBB213:
 289              		.loc 3 367 3 is_stmt 1 discriminator 5 view .LVU99
 290 0056 0748     		ldr	r0, .L14+8
 291 0058 FFF7FEFF 		bl	chSysHalt
 292              	.LVL17:
 293              		.loc 3 367 3 discriminator 7 view .LVU100
 294              		.loc 3 371 3 view .LVU101
 295              	.LBB212:
 296              		.loc 4 458 20 view .LVU102
 297              		.loc 4 461 3 view .LVU103
 298              	.LBB211:
 299              		.loc 5 544 57 view .LVU104
 300              	.LBB210:
 301              		.loc 5 546 3 view .LVU105
 302 005c 0023     		movs	r3, #0
 303              		.syntax unified
 304              	@ 546 "../RC_Controller/ChibiOS_3.0.5/os/ext/CMSIS/include/core_cmFunc.h" 1
 305 005e 83F31188 		MSR basepri, r3
 306              	@ 0 "" 2
 307              	.LVL18:
 308              		.loc 5 546 3 is_stmt 0 view .LVU106
 309              		.thumb
 310              		.syntax unified
 311              	.LBE210:
 312              	.LBE211:
 313              	.LBE212:
 314              	.LBE213:
 315              	.LBE214:
 316              	.LBE215:
 317              		.loc 1 302 1 view .LVU107
 318 0062 38BD     		pop	{r3, r4, r5, pc}
 319              	.LVL19:
 320              	.L5:
 321              		.loc 1 290 3 is_stmt 1 discriminator 5 view .LVU108
 322 0064 0148     		ldr	r0, .L14
 323              	.LVL20:
 324              		.loc 1 290 3 is_stmt 0 discriminator 5 view .LVU109
 325 0066 FFF7FEFF 		bl	chSysHalt
 326              	.LVL21:
 327              		.loc 1 290 3 discriminator 5 view .LVU110
 328 006a CEE7     		b	.L6
 329              	.L15:
 330              		.align	2
 331              	.L14:
 332 006c 00000000 		.word	__func__.10
 333 0070 00000000 		.word	ch
 334 0074 00000000 		.word	__func__.9
 335              		.cfi_endproc
 336              	.LFE228:
 337              		.size	usbStart, .-usbStart
 338              		.section	.text.usbStop,"ax",%progbits
 339              		.align	1
 340              		.p2align 4,,15
 341              		.global	usbStop
 342              		.syntax unified
ARM GAS  /tmp/cc9Yqsyg.s 			page 7


 343              		.thumb
 344              		.thumb_func
 345              		.type	usbStop, %function
 346              	usbStop:
 347              	.LVL22:
 348              	.LFB229:
 349              		.loc 1 311 31 is_stmt 1 view -0
 350              		.cfi_startproc
 351              		@ args = 0, pretend = 0, frame = 0
 352              		@ frame_needed = 0, uses_anonymous_args = 0
 353              		.loc 1 313 3 view .LVU112
 354              		.loc 1 313 3 view .LVU113
 355              		.loc 1 313 3 discriminator 1 view .LVU114
 356              		.loc 1 311 31 is_stmt 0 view .LVU115
 357 0000 10B5     		push	{r4, lr}
 358              		.cfi_def_cfa_offset 8
 359              		.cfi_offset 4, -8
 360              		.cfi_offset 14, -4
 361              		.loc 1 313 3 discriminator 1 view .LVU116
 362 0002 0446     		mov	r4, r0
 363 0004 38B3     		cbz	r0, .L21
 364              	.LVL23:
 365              	.L17:
 366              		.loc 1 313 3 is_stmt 1 discriminator 5 view .LVU117
 367              		.loc 1 315 3 view .LVU118
 368              	.LBB229:
 369              	.LBI229:
 370              		.loc 2 491 20 view .LVU119
 371              		.loc 2 493 3 view .LVU120
 372              	.LBB230:
 373              	.LBI230:
 374              		.loc 3 346 20 view .LVU121
 375              	.LBB231:
 376              		.loc 3 348 3 view .LVU122
 377              	.LBB232:
 378              	.LBI232:
 379              		.loc 4 444 20 view .LVU123
 380              		.loc 4 447 3 view .LVU124
 381              	.LBB233:
 382              	.LBI233:
 383              		.loc 5 544 57 view .LVU125
 384              	.LBB234:
 385              		.loc 5 546 3 view .LVU126
 386 0006 2023     		movs	r3, #32
 387              		.syntax unified
 388              	@ 546 "../RC_Controller/ChibiOS_3.0.5/os/ext/CMSIS/include/core_cmFunc.h" 1
 389 0008 83F31188 		MSR basepri, r3
 390              	@ 0 "" 2
 391              	.LVL24:
 392              		.loc 5 546 3 is_stmt 0 view .LVU127
 393              		.thumb
 394              		.syntax unified
 395              	.LBE234:
 396              	.LBE233:
 397              	.LBE232:
 398              		.loc 3 349 34 is_stmt 1 view .LVU128
 399              		.loc 3 350 3 view .LVU129
ARM GAS  /tmp/cc9Yqsyg.s 			page 8


 400 000c FFF7FEFF 		bl	_dbg_check_lock
 401              	.LVL25:
 402              	.LBE231:
 403              	.LBE230:
 404              	.LBE229:
 405              		.loc 1 316 3 view .LVU130
 406              		.loc 1 316 3 view .LVU131
 407              		.loc 1 316 3 discriminator 1 view .LVU132
 408 0010 2378     		ldrb	r3, [r4]	@ zero_extendqisi2
 409 0012 013B     		subs	r3, r3, #1
 410 0014 042B     		cmp	r3, #4
 411 0016 1AD8     		bhi	.L22
 412              	.L18:
 413              		.loc 1 316 3 discriminator 5 view .LVU133
 414              		.loc 1 320 3 view .LVU134
 415 0018 2046     		mov	r0, r4
 416 001a FFF7FEFF 		bl	usb_lld_stop
 417              	.LVL26:
 418              		.loc 1 321 3 view .LVU135
 419              		.loc 1 321 15 is_stmt 0 view .LVU136
 420 001e 0123     		movs	r3, #1
 421 0020 2370     		strb	r3, [r4]
 422              		.loc 1 322 3 is_stmt 1 view .LVU137
 423              	.LBB235:
 424              	.LBI235:
 425              		.loc 2 502 20 view .LVU138
 426              		.loc 2 504 3 view .LVU139
 427              	.LBB236:
 428              	.LBI236:
 429              		.loc 3 358 20 view .LVU140
 430              	.LBB237:
 431              		.loc 3 360 3 view .LVU141
 432 0022 FFF7FEFF 		bl	_dbg_check_unlock
 433              	.LVL27:
 434              		.loc 3 361 33 view .LVU142
 435              		.loc 3 367 3 view .LVU143
 436              		.loc 3 367 3 view .LVU144
 437              		.loc 3 367 3 discriminator 1 view .LVU145
 438 0026 0E4B     		ldr	r3, .L24
 439 0028 1A68     		ldr	r2, [r3]
 440 002a 9A42     		cmp	r2, r3
 441 002c 04D0     		beq	.L19
 442              		.loc 3 367 3 is_stmt 0 discriminator 3 view .LVU146
 443 002e 9969     		ldr	r1, [r3, #24]
 444 0030 9368     		ldr	r3, [r2, #8]
 445 0032 8A68     		ldr	r2, [r1, #8]
 446 0034 9A42     		cmp	r2, r3
 447 0036 03D3     		bcc	.L23
 448              	.L19:
 449              		.loc 3 367 3 is_stmt 1 discriminator 7 view .LVU147
 450              		.loc 3 371 3 view .LVU148
 451              	.LBB238:
 452              	.LBI238:
 453              		.loc 4 458 20 view .LVU149
 454              		.loc 4 461 3 view .LVU150
 455              	.LVL28:
 456              	.LBB239:
ARM GAS  /tmp/cc9Yqsyg.s 			page 9


 457              	.LBI239:
 458              		.loc 5 544 57 view .LVU151
 459              	.LBB240:
 460              		.loc 5 546 3 view .LVU152
 461 0038 0023     		movs	r3, #0
 462              		.syntax unified
 463              	@ 546 "../RC_Controller/ChibiOS_3.0.5/os/ext/CMSIS/include/core_cmFunc.h" 1
 464 003a 83F31188 		MSR basepri, r3
 465              	@ 0 "" 2
 466              	.LVL29:
 467              		.loc 5 546 3 is_stmt 0 view .LVU153
 468              		.thumb
 469              		.syntax unified
 470              	.LBE240:
 471              	.LBE239:
 472              	.LBE238:
 473              	.LBE237:
 474              	.LBE236:
 475              	.LBE235:
 476              		.loc 1 323 1 view .LVU154
 477 003e 10BD     		pop	{r4, pc}
 478              	.LVL30:
 479              	.L23:
 480              	.LBB246:
 481              	.LBB245:
 482              	.LBB244:
 483              		.loc 3 367 3 is_stmt 1 discriminator 5 view .LVU155
 484 0040 0848     		ldr	r0, .L24+4
 485 0042 FFF7FEFF 		bl	chSysHalt
 486              	.LVL31:
 487              		.loc 3 367 3 discriminator 7 view .LVU156
 488              		.loc 3 371 3 view .LVU157
 489              	.LBB243:
 490              		.loc 4 458 20 view .LVU158
 491              		.loc 4 461 3 view .LVU159
 492              	.LBB242:
 493              		.loc 5 544 57 view .LVU160
 494              	.LBB241:
 495              		.loc 5 546 3 view .LVU161
 496 0046 0023     		movs	r3, #0
 497              		.syntax unified
 498              	@ 546 "../RC_Controller/ChibiOS_3.0.5/os/ext/CMSIS/include/core_cmFunc.h" 1
 499 0048 83F31188 		MSR basepri, r3
 500              	@ 0 "" 2
 501              	.LVL32:
 502              		.loc 5 546 3 is_stmt 0 view .LVU162
 503              		.thumb
 504              		.syntax unified
 505              	.LBE241:
 506              	.LBE242:
 507              	.LBE243:
 508              	.LBE244:
 509              	.LBE245:
 510              	.LBE246:
 511              		.loc 1 323 1 view .LVU163
 512 004c 10BD     		pop	{r4, pc}
 513              	.LVL33:
ARM GAS  /tmp/cc9Yqsyg.s 			page 10


 514              	.L22:
 515              		.loc 1 316 3 is_stmt 1 discriminator 3 view .LVU164
 516 004e 0648     		ldr	r0, .L24+8
 517 0050 FFF7FEFF 		bl	chSysHalt
 518              	.LVL34:
 519 0054 E0E7     		b	.L18
 520              	.LVL35:
 521              	.L21:
 522              		.loc 1 313 3 discriminator 3 view .LVU165
 523 0056 0448     		ldr	r0, .L24+8
 524              	.LVL36:
 525              		.loc 1 313 3 is_stmt 0 discriminator 3 view .LVU166
 526 0058 FFF7FEFF 		bl	chSysHalt
 527              	.LVL37:
 528 005c D3E7     		b	.L17
 529              	.L25:
 530 005e 00BF     		.align	2
 531              	.L24:
 532 0060 00000000 		.word	ch
 533 0064 00000000 		.word	__func__.9
 534 0068 00000000 		.word	__func__.8
 535              		.cfi_endproc
 536              	.LFE229:
 537              		.size	usbStop, .-usbStop
 538              		.section	.text.usbInitEndpointI,"ax",%progbits
 539              		.align	1
 540              		.p2align 4,,15
 541              		.global	usbInitEndpointI
 542              		.syntax unified
 543              		.thumb
 544              		.thumb_func
 545              		.type	usbInitEndpointI, %function
 546              	usbInitEndpointI:
 547              	.LVL38:
 548              	.LFB230:
 549              		.loc 1 339 54 is_stmt 1 view -0
 550              		.cfi_startproc
 551              		@ args = 0, pretend = 0, frame = 0
 552              		@ frame_needed = 0, uses_anonymous_args = 0
 553              		.loc 1 341 3 view .LVU168
 554              		.loc 1 339 54 is_stmt 0 view .LVU169
 555 0000 F8B5     		push	{r3, r4, r5, r6, r7, lr}
 556              		.cfi_def_cfa_offset 24
 557              		.cfi_offset 3, -24
 558              		.cfi_offset 4, -20
 559              		.cfi_offset 5, -16
 560              		.cfi_offset 6, -12
 561              		.cfi_offset 7, -8
 562              		.cfi_offset 14, -4
 563              		.loc 1 339 54 view .LVU170
 564 0002 0446     		mov	r4, r0
 565 0004 0E46     		mov	r6, r1
 566 0006 1546     		mov	r5, r2
 567              		.loc 1 341 3 view .LVU171
 568 0008 FFF7FEFF 		bl	chDbgCheckClassI
 569              	.LVL39:
 570              		.loc 1 342 3 is_stmt 1 view .LVU172
ARM GAS  /tmp/cc9Yqsyg.s 			page 11


 571              		.loc 1 342 3 view .LVU173
 572              		.loc 1 342 3 discriminator 1 view .LVU174
 573 000c 24B3     		cbz	r4, .L27
 574              		.loc 1 342 3 is_stmt 0 discriminator 4 view .LVU175
 575 000e 1DB3     		cbz	r5, .L27
 576              	.L28:
 577              		.loc 1 342 3 is_stmt 1 discriminator 7 view .LVU176
 578              		.loc 1 343 3 view .LVU177
 579              		.loc 1 343 3 view .LVU178
 580              		.loc 1 343 3 discriminator 1 view .LVU179
 581 0010 2378     		ldrb	r3, [r4]	@ zero_extendqisi2
 582 0012 042B     		cmp	r3, #4
 583 0014 02D0     		beq	.L29
 584              		.loc 1 343 3 discriminator 3 view .LVU180
 585 0016 1248     		ldr	r0, .L49
 586 0018 FFF7FEFF 		bl	chSysHalt
 587              	.LVL40:
 588              	.L29:
 589              		.loc 1 343 3 discriminator 5 view .LVU181
 590              		.loc 1 345 3 view .LVU182
 591              		.loc 1 345 3 view .LVU183
 592              		.loc 1 345 3 discriminator 1 view .LVU184
 593 001c 04EB8607 		add	r7, r4, r6, lsl #2
 594 0020 FB68     		ldr	r3, [r7, #12]
 595 0022 13B1     		cbz	r3, .L30
 596              		.loc 1 345 3 discriminator 3 view .LVU185
 597 0024 0E48     		ldr	r0, .L49
 598 0026 FFF7FEFF 		bl	chSysHalt
 599              	.LVL41:
 600              	.L30:
 601              		.loc 1 345 3 discriminator 5 view .LVU186
 602              		.loc 1 348 3 view .LVU187
 603              		.loc 1 348 11 is_stmt 0 view .LVU188
 604 002a 6B69     		ldr	r3, [r5, #20]
 605              		.loc 1 348 6 view .LVU189
 606 002c 2BB1     		cbz	r3, .L31
 607              		.loc 1 349 5 is_stmt 1 view .LVU190
 608 002e 0022     		movs	r2, #0
 609 0030 1A60     		str	r2, [r3]	@ unaligned
 610 0032 5A60     		str	r2, [r3, #4]	@ unaligned
 611 0034 9A60     		str	r2, [r3, #8]	@ unaligned
 612 0036 DA60     		str	r2, [r3, #12]	@ unaligned
 613 0038 1A61     		str	r2, [r3, #16]	@ unaligned
 614              	.L31:
 615              		.loc 1 351 3 view .LVU191
 616              		.loc 1 351 11 is_stmt 0 view .LVU192
 617 003a AB69     		ldr	r3, [r5, #24]
 618              		.loc 1 351 6 view .LVU193
 619 003c 2BB1     		cbz	r3, .L32
 620              		.loc 1 352 5 is_stmt 1 view .LVU194
 621 003e 0022     		movs	r2, #0
 622 0040 1A60     		str	r2, [r3]	@ unaligned
 623 0042 5A60     		str	r2, [r3, #4]	@ unaligned
 624 0044 9A60     		str	r2, [r3, #8]	@ unaligned
 625 0046 DA60     		str	r2, [r3, #12]	@ unaligned
 626 0048 1A61     		str	r2, [r3, #16]	@ unaligned
 627              	.L32:
ARM GAS  /tmp/cc9Yqsyg.s 			page 12


 628              		.loc 1 355 3 view .LVU195
 629              		.loc 1 355 17 is_stmt 0 view .LVU196
 630 004a FD60     		str	r5, [r7, #12]
 631              		.loc 1 358 3 is_stmt 1 view .LVU197
 632 004c 3146     		mov	r1, r6
 633 004e 2046     		mov	r0, r4
 634              		.loc 1 359 1 is_stmt 0 view .LVU198
 635 0050 BDE8F840 		pop	{r3, r4, r5, r6, r7, lr}
 636              		.cfi_remember_state
 637              		.cfi_restore 14
 638              		.cfi_restore 7
 639              		.cfi_restore 6
 640              		.cfi_restore 5
 641              		.cfi_restore 4
 642              		.cfi_restore 3
 643              		.cfi_def_cfa_offset 0
 644              	.LVL42:
 645              		.loc 1 358 3 view .LVU199
 646 0054 FFF7FEBF 		b	usb_lld_init_endpoint
 647              	.LVL43:
 648              	.L27:
 649              		.cfi_restore_state
 650              		.loc 1 342 3 is_stmt 1 discriminator 5 view .LVU200
 651 0058 0148     		ldr	r0, .L49
 652 005a FFF7FEFF 		bl	chSysHalt
 653              	.LVL44:
 654 005e D7E7     		b	.L28
 655              	.L50:
 656              		.align	2
 657              	.L49:
 658 0060 00000000 		.word	__func__.7
 659              		.cfi_endproc
 660              	.LFE230:
 661              		.size	usbInitEndpointI, .-usbInitEndpointI
 662              		.section	.text.usbDisableEndpointsI,"ax",%progbits
 663              		.align	1
 664              		.p2align 4,,15
 665              		.global	usbDisableEndpointsI
 666              		.syntax unified
 667              		.thumb
 668              		.thumb_func
 669              		.type	usbDisableEndpointsI, %function
 670              	usbDisableEndpointsI:
 671              	.LVL45:
 672              	.LFB231:
 673              		.loc 1 372 44 view -0
 674              		.cfi_startproc
 675              		@ args = 0, pretend = 0, frame = 0
 676              		@ frame_needed = 0, uses_anonymous_args = 0
 677              		.loc 1 373 3 view .LVU202
 678              		.loc 1 375 3 view .LVU203
 679              		.loc 1 372 44 is_stmt 0 view .LVU204
 680 0000 10B5     		push	{r4, lr}
 681              		.cfi_def_cfa_offset 8
 682              		.cfi_offset 4, -8
 683              		.cfi_offset 14, -4
 684              		.loc 1 372 44 view .LVU205
ARM GAS  /tmp/cc9Yqsyg.s 			page 13


 685 0002 0446     		mov	r4, r0
 686              		.loc 1 375 3 view .LVU206
 687 0004 FFF7FEFF 		bl	chDbgCheckClassI
 688              	.LVL46:
 689              		.loc 1 376 3 is_stmt 1 view .LVU207
 690              		.loc 1 376 3 view .LVU208
 691              		.loc 1 376 3 discriminator 1 view .LVU209
 692 0008 94B1     		cbz	r4, .L58
 693              	.L52:
 694              		.loc 1 376 3 discriminator 5 view .LVU210
 695              		.loc 1 377 3 view .LVU211
 696              		.loc 1 377 3 view .LVU212
 697              		.loc 1 377 3 discriminator 1 view .LVU213
 698 000a 2378     		ldrb	r3, [r4]	@ zero_extendqisi2
 699 000c 032B     		cmp	r3, #3
 700 000e 02D0     		beq	.L53
 701              		.loc 1 377 3 discriminator 3 view .LVU214
 702 0010 0948     		ldr	r0, .L59
 703 0012 FFF7FEFF 		bl	chSysHalt
 704              	.LVL47:
 705              	.L53:
 706              		.loc 1 377 3 discriminator 5 view .LVU215
 707              		.loc 1 379 3 view .LVU216
 708              		.loc 1 380 3 view .LVU217
 709              		.loc 1 379 22 is_stmt 0 view .LVU218
 710 0016 A268     		ldr	r2, [r4, #8]
 711              		.loc 1 382 18 view .LVU219
 712 0018 0023     		movs	r3, #0
 713              		.loc 1 379 22 view .LVU220
 714 001a 22F00112 		bic	r2, r2, #65537
 715              		.loc 1 382 18 view .LVU221
 716 001e C4E90433 		strd	r3, r3, [r4, #16]
 717              		.loc 1 379 22 view .LVU222
 718 0022 A260     		str	r2, [r4, #8]
 719              		.loc 1 381 3 is_stmt 1 view .LVU223
 720              	.LVL48:
 721              		.loc 1 381 17 discriminator 1 view .LVU224
 722              		.loc 1 382 5 view .LVU225
 723              		.loc 1 381 50 discriminator 3 view .LVU226
 724              		.loc 1 381 17 discriminator 1 view .LVU227
 725              		.loc 1 382 5 view .LVU228
 726              		.loc 1 382 18 is_stmt 0 view .LVU229
 727 0024 A361     		str	r3, [r4, #24]
 728              		.loc 1 381 50 is_stmt 1 discriminator 3 view .LVU230
 729              	.LVL49:
 730              		.loc 1 381 17 discriminator 1 view .LVU231
 731              		.loc 1 386 3 view .LVU232
 732 0026 2046     		mov	r0, r4
 733              		.loc 1 387 1 is_stmt 0 view .LVU233
 734 0028 BDE81040 		pop	{r4, lr}
 735              		.cfi_remember_state
 736              		.cfi_restore 14
 737              		.cfi_restore 4
 738              		.cfi_def_cfa_offset 0
 739              	.LVL50:
 740              		.loc 1 386 3 view .LVU234
 741 002c FFF7FEBF 		b	usb_lld_disable_endpoints
ARM GAS  /tmp/cc9Yqsyg.s 			page 14


 742              	.LVL51:
 743              	.L58:
 744              		.cfi_restore_state
 745              		.loc 1 376 3 is_stmt 1 discriminator 3 view .LVU235
 746 0030 0148     		ldr	r0, .L59
 747 0032 FFF7FEFF 		bl	chSysHalt
 748              	.LVL52:
 749 0036 E8E7     		b	.L52
 750              	.L60:
 751              		.align	2
 752              	.L59:
 753 0038 00000000 		.word	__func__.6
 754              		.cfi_endproc
 755              	.LFE231:
 756              		.size	usbDisableEndpointsI, .-usbDisableEndpointsI
 757              		.section	.text.usbPrepareReceive,"ax",%progbits
 758              		.align	1
 759              		.p2align 4,,15
 760              		.global	usbPrepareReceive
 761              		.syntax unified
 762              		.thumb
 763              		.thumb_func
 764              		.type	usbPrepareReceive, %function
 765              	usbPrepareReceive:
 766              	.LVL53:
 767              	.LFB232:
 768              		.loc 1 401 77 view -0
 769              		.cfi_startproc
 770              		@ args = 0, pretend = 0, frame = 0
 771              		@ frame_needed = 0, uses_anonymous_args = 0
 772              		@ link register save eliminated.
 773              		.loc 1 402 3 view .LVU237
 774              		.loc 1 401 77 is_stmt 0 view .LVU238
 775 0000 10B4     		push	{r4}
 776              		.cfi_def_cfa_offset 4
 777              		.cfi_offset 4, -4
 778              		.loc 1 402 39 view .LVU239
 779 0002 00EB8104 		add	r4, r0, r1, lsl #2
 780              		.loc 1 402 24 view .LVU240
 781 0006 E468     		ldr	r4, [r4, #12]
 782 0008 A469     		ldr	r4, [r4, #24]
 783              	.LVL54:
 784              		.loc 1 404 3 is_stmt 1 view .LVU241
 785              		.loc 1 406 27 is_stmt 0 view .LVU242
 786 000a 6360     		str	r3, [r4, #4]
 787              		.loc 1 404 27 view .LVU243
 788 000c 0023     		movs	r3, #0
 789              	.LVL55:
 790              		.loc 1 405 27 view .LVU244
 791 000e E260     		str	r2, [r4, #12]
 792              		.loc 1 404 27 view .LVU245
 793 0010 2370     		strb	r3, [r4]
 794              		.loc 1 405 3 is_stmt 1 view .LVU246
 795              		.loc 1 406 3 view .LVU247
 796              		.loc 1 407 3 view .LVU248
 797              		.loc 1 407 27 is_stmt 0 view .LVU249
 798 0012 A360     		str	r3, [r4, #8]
ARM GAS  /tmp/cc9Yqsyg.s 			page 15


 799              		.loc 1 409 3 is_stmt 1 view .LVU250
 800              		.loc 1 410 1 is_stmt 0 view .LVU251
 801 0014 5DF8044B 		ldr	r4, [sp], #4
 802              		.cfi_restore 4
 803              		.cfi_def_cfa_offset 0
 804              	.LVL56:
 805              		.loc 1 409 3 view .LVU252
 806 0018 FFF7FEBF 		b	usb_lld_prepare_receive
 807              	.LVL57:
 808              		.loc 1 409 3 view .LVU253
 809              		.cfi_endproc
 810              	.LFE232:
 811              		.size	usbPrepareReceive, .-usbPrepareReceive
 812              		.section	.text.usbPrepareTransmit,"ax",%progbits
 813              		.align	1
 814              		.p2align 4,,15
 815              		.global	usbPrepareTransmit
 816              		.syntax unified
 817              		.thumb
 818              		.thumb_func
 819              		.type	usbPrepareTransmit, %function
 820              	usbPrepareTransmit:
 821              	.LVL58:
 822              	.LFB233:
 823              		.loc 1 427 55 is_stmt 1 view -0
 824              		.cfi_startproc
 825              		@ args = 0, pretend = 0, frame = 0
 826              		@ frame_needed = 0, uses_anonymous_args = 0
 827              		@ link register save eliminated.
 828              		.loc 1 428 3 view .LVU255
 829              		.loc 1 427 55 is_stmt 0 view .LVU256
 830 0000 10B4     		push	{r4}
 831              		.cfi_def_cfa_offset 4
 832              		.cfi_offset 4, -4
 833              		.loc 1 428 38 view .LVU257
 834 0002 00EB8104 		add	r4, r0, r1, lsl #2
 835              		.loc 1 428 23 view .LVU258
 836 0006 E468     		ldr	r4, [r4, #12]
 837 0008 6469     		ldr	r4, [r4, #20]
 838              	.LVL59:
 839              		.loc 1 430 3 is_stmt 1 view .LVU259
 840              		.loc 1 432 27 is_stmt 0 view .LVU260
 841 000a 6360     		str	r3, [r4, #4]
 842              		.loc 1 430 27 view .LVU261
 843 000c 0023     		movs	r3, #0
 844              	.LVL60:
 845              		.loc 1 431 27 view .LVU262
 846 000e E260     		str	r2, [r4, #12]
 847              		.loc 1 430 27 view .LVU263
 848 0010 2370     		strb	r3, [r4]
 849              		.loc 1 431 3 is_stmt 1 view .LVU264
 850              		.loc 1 432 3 view .LVU265
 851              		.loc 1 433 3 view .LVU266
 852              		.loc 1 433 27 is_stmt 0 view .LVU267
 853 0012 A360     		str	r3, [r4, #8]
 854              		.loc 1 435 3 is_stmt 1 view .LVU268
 855              		.loc 1 436 1 is_stmt 0 view .LVU269
ARM GAS  /tmp/cc9Yqsyg.s 			page 16


 856 0014 5DF8044B 		ldr	r4, [sp], #4
 857              		.cfi_restore 4
 858              		.cfi_def_cfa_offset 0
 859              	.LVL61:
 860              		.loc 1 435 3 view .LVU270
 861 0018 FFF7FEBF 		b	usb_lld_prepare_transmit
 862              	.LVL62:
 863              		.loc 1 435 3 view .LVU271
 864              		.cfi_endproc
 865              	.LFE233:
 866              		.size	usbPrepareTransmit, .-usbPrepareTransmit
 867              		.section	.text.usbPrepareQueuedReceive,"ax",%progbits
 868              		.align	1
 869              		.p2align 4,,15
 870              		.global	usbPrepareQueuedReceive
 871              		.syntax unified
 872              		.thumb
 873              		.thumb_func
 874              		.type	usbPrepareQueuedReceive, %function
 875              	usbPrepareQueuedReceive:
 876              	.LVL63:
 877              	.LFB234:
 878              		.loc 1 456 60 is_stmt 1 view -0
 879              		.cfi_startproc
 880              		@ args = 0, pretend = 0, frame = 0
 881              		@ frame_needed = 0, uses_anonymous_args = 0
 882              		@ link register save eliminated.
 883              		.loc 1 457 3 view .LVU273
 884              		.loc 1 456 60 is_stmt 0 view .LVU274
 885 0000 10B4     		push	{r4}
 886              		.cfi_def_cfa_offset 4
 887              		.cfi_offset 4, -4
 888              		.loc 1 457 39 view .LVU275
 889 0002 00EB8104 		add	r4, r0, r1, lsl #2
 890              		.loc 1 457 24 view .LVU276
 891 0006 E468     		ldr	r4, [r4, #12]
 892 0008 A469     		ldr	r4, [r4, #24]
 893              	.LVL64:
 894              		.loc 1 459 3 is_stmt 1 view .LVU277
 895              		.loc 1 460 27 is_stmt 0 view .LVU278
 896 000a E260     		str	r2, [r4, #12]
 897              		.loc 1 462 27 view .LVU279
 898 000c 0022     		movs	r2, #0
 899              	.LVL65:
 900              		.loc 1 462 27 view .LVU280
 901 000e C4E90132 		strd	r3, r2, [r4, #4]
 902              		.loc 1 459 27 view .LVU281
 903 0012 0123     		movs	r3, #1
 904              	.LVL66:
 905              		.loc 1 459 27 view .LVU282
 906 0014 2370     		strb	r3, [r4]
 907              		.loc 1 460 3 is_stmt 1 view .LVU283
 908              		.loc 1 461 3 view .LVU284
 909              		.loc 1 462 3 view .LVU285
 910              		.loc 1 464 3 view .LVU286
 911              		.loc 1 465 1 is_stmt 0 view .LVU287
 912 0016 5DF8044B 		ldr	r4, [sp], #4
ARM GAS  /tmp/cc9Yqsyg.s 			page 17


 913              		.cfi_restore 4
 914              		.cfi_def_cfa_offset 0
 915              	.LVL67:
 916              		.loc 1 464 3 view .LVU288
 917 001a FFF7FEBF 		b	usb_lld_prepare_receive
 918              	.LVL68:
 919              		.loc 1 464 3 view .LVU289
 920              		.cfi_endproc
 921              	.LFE234:
 922              		.size	usbPrepareQueuedReceive, .-usbPrepareQueuedReceive
 923 001e 00BF     		.section	.text.usbPrepareQueuedTransmit,"ax",%progbits
 924              		.align	1
 925              		.p2align 4,,15
 926              		.global	usbPrepareQueuedTransmit
 927              		.syntax unified
 928              		.thumb
 929              		.thumb_func
 930              		.type	usbPrepareQueuedTransmit, %function
 931              	usbPrepareQueuedTransmit:
 932              	.LVL69:
 933              	.LFB235:
 934              		.loc 1 482 62 is_stmt 1 view -0
 935              		.cfi_startproc
 936              		@ args = 0, pretend = 0, frame = 0
 937              		@ frame_needed = 0, uses_anonymous_args = 0
 938              		@ link register save eliminated.
 939              		.loc 1 483 3 view .LVU291
 940              		.loc 1 482 62 is_stmt 0 view .LVU292
 941 0000 10B4     		push	{r4}
 942              		.cfi_def_cfa_offset 4
 943              		.cfi_offset 4, -4
 944              		.loc 1 483 38 view .LVU293
 945 0002 00EB8104 		add	r4, r0, r1, lsl #2
 946              		.loc 1 483 23 view .LVU294
 947 0006 E468     		ldr	r4, [r4, #12]
 948 0008 6469     		ldr	r4, [r4, #20]
 949              	.LVL70:
 950              		.loc 1 485 3 is_stmt 1 view .LVU295
 951              		.loc 1 486 27 is_stmt 0 view .LVU296
 952 000a E260     		str	r2, [r4, #12]
 953              		.loc 1 488 27 view .LVU297
 954 000c 0022     		movs	r2, #0
 955              	.LVL71:
 956              		.loc 1 488 27 view .LVU298
 957 000e C4E90132 		strd	r3, r2, [r4, #4]
 958              		.loc 1 485 27 view .LVU299
 959 0012 0123     		movs	r3, #1
 960              	.LVL72:
 961              		.loc 1 485 27 view .LVU300
 962 0014 2370     		strb	r3, [r4]
 963              		.loc 1 486 3 is_stmt 1 view .LVU301
 964              		.loc 1 487 3 view .LVU302
 965              		.loc 1 488 3 view .LVU303
 966              		.loc 1 490 3 view .LVU304
 967              		.loc 1 491 1 is_stmt 0 view .LVU305
 968 0016 5DF8044B 		ldr	r4, [sp], #4
 969              		.cfi_restore 4
ARM GAS  /tmp/cc9Yqsyg.s 			page 18


 970              		.cfi_def_cfa_offset 0
 971              	.LVL73:
 972              		.loc 1 490 3 view .LVU306
 973 001a FFF7FEBF 		b	usb_lld_prepare_transmit
 974              	.LVL74:
 975              		.loc 1 490 3 view .LVU307
 976              		.cfi_endproc
 977              	.LFE235:
 978              		.size	usbPrepareQueuedTransmit, .-usbPrepareQueuedTransmit
 979 001e 00BF     		.section	.text.usbStartReceiveI,"ax",%progbits
 980              		.align	1
 981              		.p2align 4,,15
 982              		.global	usbStartReceiveI
 983              		.syntax unified
 984              		.thumb
 985              		.thumb_func
 986              		.type	usbStartReceiveI, %function
 987              	usbStartReceiveI:
 988              	.LVL75:
 989              	.LFB236:
 990              		.loc 1 507 52 is_stmt 1 view -0
 991              		.cfi_startproc
 992              		@ args = 0, pretend = 0, frame = 0
 993              		@ frame_needed = 0, uses_anonymous_args = 0
 994              		.loc 1 509 3 view .LVU309
 995              		.loc 1 507 52 is_stmt 0 view .LVU310
 996 0000 70B5     		push	{r4, r5, r6, lr}
 997              		.cfi_def_cfa_offset 16
 998              		.cfi_offset 4, -16
 999              		.cfi_offset 5, -12
 1000              		.cfi_offset 6, -8
 1001              		.cfi_offset 14, -4
 1002              		.loc 1 507 52 view .LVU311
 1003 0002 0446     		mov	r4, r0
 1004 0004 0E46     		mov	r6, r1
 1005              		.loc 1 509 3 view .LVU312
 1006 0006 FFF7FEFF 		bl	chDbgCheckClassI
 1007              	.LVL76:
 1008              		.loc 1 510 3 is_stmt 1 view .LVU313
 1009              		.loc 1 510 3 view .LVU314
 1010              		.loc 1 510 3 discriminator 1 view .LVU315
 1011 000a 84B1     		cbz	r4, .L74
 1012              	.L70:
 1013              		.loc 1 510 3 discriminator 5 view .LVU316
 1014              		.loc 1 512 3 view .LVU317
 1015              		.loc 1 512 7 is_stmt 0 view .LVU318
 1016 000c 6289     		ldrh	r2, [r4, #10]
 1017 000e 0120     		movs	r0, #1
 1018 0010 00FA06F3 		lsl	r3, r0, r6
 1019              		.loc 1 512 6 view .LVU319
 1020 0014 13EA0205 		ands	r5, r3, r2
 1021              		.loc 1 512 7 view .LVU320
 1022 0018 99B2     		uxth	r1, r3
 1023              		.loc 1 512 6 view .LVU321
 1024 001a 00D0     		beq	.L75
 1025              		.loc 1 519 1 view .LVU322
 1026 001c 70BD     		pop	{r4, r5, r6, pc}
ARM GAS  /tmp/cc9Yqsyg.s 			page 19


 1027              	.LVL77:
 1028              	.L75:
 1029              		.loc 1 516 3 is_stmt 1 view .LVU323
 1030              		.loc 1 516 19 is_stmt 0 view .LVU324
 1031 001e 0A43     		orrs	r2, r2, r1
 1032              		.loc 1 517 3 view .LVU325
 1033 0020 2046     		mov	r0, r4
 1034              		.loc 1 516 19 view .LVU326
 1035 0022 6281     		strh	r2, [r4, #10]	@ movhi
 1036              		.loc 1 517 3 is_stmt 1 view .LVU327
 1037 0024 3146     		mov	r1, r6
 1038 0026 FFF7FEFF 		bl	usb_lld_start_out
 1039              	.LVL78:
 1040              		.loc 1 518 3 view .LVU328
 1041              		.loc 1 518 10 is_stmt 0 view .LVU329
 1042 002a 2846     		mov	r0, r5
 1043              		.loc 1 519 1 view .LVU330
 1044 002c 70BD     		pop	{r4, r5, r6, pc}
 1045              	.LVL79:
 1046              	.L74:
 1047              		.loc 1 510 3 is_stmt 1 discriminator 3 view .LVU331
 1048 002e 0248     		ldr	r0, .L76
 1049 0030 FFF7FEFF 		bl	chSysHalt
 1050              	.LVL80:
 1051 0034 EAE7     		b	.L70
 1052              	.L77:
 1053 0036 00BF     		.align	2
 1054              	.L76:
 1055 0038 00000000 		.word	__func__.5
 1056              		.cfi_endproc
 1057              	.LFE236:
 1058              		.size	usbStartReceiveI, .-usbStartReceiveI
 1059              		.section	.text.usbStartTransmitI,"ax",%progbits
 1060              		.align	1
 1061              		.p2align 4,,15
 1062              		.global	usbStartTransmitI
 1063              		.syntax unified
 1064              		.thumb
 1065              		.thumb_func
 1066              		.type	usbStartTransmitI, %function
 1067              	usbStartTransmitI:
 1068              	.LVL81:
 1069              	.LFB237:
 1070              		.loc 1 535 53 view -0
 1071              		.cfi_startproc
 1072              		@ args = 0, pretend = 0, frame = 0
 1073              		@ frame_needed = 0, uses_anonymous_args = 0
 1074              		.loc 1 537 3 view .LVU333
 1075              		.loc 1 535 53 is_stmt 0 view .LVU334
 1076 0000 70B5     		push	{r4, r5, r6, lr}
 1077              		.cfi_def_cfa_offset 16
 1078              		.cfi_offset 4, -16
 1079              		.cfi_offset 5, -12
 1080              		.cfi_offset 6, -8
 1081              		.cfi_offset 14, -4
 1082              		.loc 1 535 53 view .LVU335
 1083 0002 0446     		mov	r4, r0
ARM GAS  /tmp/cc9Yqsyg.s 			page 20


 1084 0004 0E46     		mov	r6, r1
 1085              		.loc 1 537 3 view .LVU336
 1086 0006 FFF7FEFF 		bl	chDbgCheckClassI
 1087              	.LVL82:
 1088              		.loc 1 538 3 is_stmt 1 view .LVU337
 1089              		.loc 1 538 3 view .LVU338
 1090              		.loc 1 538 3 discriminator 1 view .LVU339
 1091 000a 84B1     		cbz	r4, .L83
 1092              	.L79:
 1093              		.loc 1 538 3 discriminator 5 view .LVU340
 1094              		.loc 1 540 3 view .LVU341
 1095              		.loc 1 540 7 is_stmt 0 view .LVU342
 1096 000c 2289     		ldrh	r2, [r4, #8]
 1097 000e 0120     		movs	r0, #1
 1098 0010 00FA06F3 		lsl	r3, r0, r6
 1099              		.loc 1 540 6 view .LVU343
 1100 0014 13EA0205 		ands	r5, r3, r2
 1101              		.loc 1 540 7 view .LVU344
 1102 0018 99B2     		uxth	r1, r3
 1103              		.loc 1 540 6 view .LVU345
 1104 001a 00D0     		beq	.L84
 1105              		.loc 1 547 1 view .LVU346
 1106 001c 70BD     		pop	{r4, r5, r6, pc}
 1107              	.LVL83:
 1108              	.L84:
 1109              		.loc 1 544 3 is_stmt 1 view .LVU347
 1110              		.loc 1 544 22 is_stmt 0 view .LVU348
 1111 001e 0A43     		orrs	r2, r2, r1
 1112              		.loc 1 545 3 view .LVU349
 1113 0020 2046     		mov	r0, r4
 1114              		.loc 1 544 22 view .LVU350
 1115 0022 2281     		strh	r2, [r4, #8]	@ movhi
 1116              		.loc 1 545 3 is_stmt 1 view .LVU351
 1117 0024 3146     		mov	r1, r6
 1118 0026 FFF7FEFF 		bl	usb_lld_start_in
 1119              	.LVL84:
 1120              		.loc 1 546 3 view .LVU352
 1121              		.loc 1 546 10 is_stmt 0 view .LVU353
 1122 002a 2846     		mov	r0, r5
 1123              		.loc 1 547 1 view .LVU354
 1124 002c 70BD     		pop	{r4, r5, r6, pc}
 1125              	.LVL85:
 1126              	.L83:
 1127              		.loc 1 538 3 is_stmt 1 discriminator 3 view .LVU355
 1128 002e 0248     		ldr	r0, .L85
 1129 0030 FFF7FEFF 		bl	chSysHalt
 1130              	.LVL86:
 1131 0034 EAE7     		b	.L79
 1132              	.L86:
 1133 0036 00BF     		.align	2
 1134              	.L85:
 1135 0038 00000000 		.word	__func__.4
 1136              		.cfi_endproc
 1137              	.LFE237:
 1138              		.size	usbStartTransmitI, .-usbStartTransmitI
 1139              		.section	.text.usbStallReceiveI,"ax",%progbits
 1140              		.align	1
ARM GAS  /tmp/cc9Yqsyg.s 			page 21


 1141              		.p2align 4,,15
 1142              		.global	usbStallReceiveI
 1143              		.syntax unified
 1144              		.thumb
 1145              		.thumb_func
 1146              		.type	usbStallReceiveI, %function
 1147              	usbStallReceiveI:
 1148              	.LVL87:
 1149              	.LFB238:
 1150              		.loc 1 561 52 view -0
 1151              		.cfi_startproc
 1152              		@ args = 0, pretend = 0, frame = 0
 1153              		@ frame_needed = 0, uses_anonymous_args = 0
 1154              		.loc 1 563 3 view .LVU357
 1155              		.loc 1 561 52 is_stmt 0 view .LVU358
 1156 0000 70B5     		push	{r4, r5, r6, lr}
 1157              		.cfi_def_cfa_offset 16
 1158              		.cfi_offset 4, -16
 1159              		.cfi_offset 5, -12
 1160              		.cfi_offset 6, -8
 1161              		.cfi_offset 14, -4
 1162              		.loc 1 561 52 view .LVU359
 1163 0002 0446     		mov	r4, r0
 1164 0004 0E46     		mov	r6, r1
 1165              		.loc 1 563 3 view .LVU360
 1166 0006 FFF7FEFF 		bl	chDbgCheckClassI
 1167              	.LVL88:
 1168              		.loc 1 564 3 is_stmt 1 view .LVU361
 1169              		.loc 1 564 3 view .LVU362
 1170              		.loc 1 564 3 discriminator 1 view .LVU363
 1171 000a 6CB1     		cbz	r4, .L92
 1172              	.L88:
 1173              		.loc 1 564 3 discriminator 5 view .LVU364
 1174              		.loc 1 566 3 view .LVU365
 1175              		.loc 1 566 7 is_stmt 0 view .LVU366
 1176 000c 6289     		ldrh	r2, [r4, #10]
 1177 000e 0120     		movs	r0, #1
 1178 0010 00FA06F3 		lsl	r3, r0, r6
 1179              		.loc 1 566 6 view .LVU367
 1180 0014 13EA0205 		ands	r5, r3, r2
 1181 0018 00D0     		beq	.L93
 1182              		.loc 1 572 1 view .LVU368
 1183 001a 70BD     		pop	{r4, r5, r6, pc}
 1184              	.LVL89:
 1185              	.L93:
 1186              		.loc 1 570 3 is_stmt 1 view .LVU369
 1187 001c 2046     		mov	r0, r4
 1188 001e 3146     		mov	r1, r6
 1189 0020 FFF7FEFF 		bl	usb_lld_stall_out
 1190              	.LVL90:
 1191              		.loc 1 571 3 view .LVU370
 1192              		.loc 1 571 10 is_stmt 0 view .LVU371
 1193 0024 2846     		mov	r0, r5
 1194              		.loc 1 572 1 view .LVU372
 1195 0026 70BD     		pop	{r4, r5, r6, pc}
 1196              	.LVL91:
 1197              	.L92:
ARM GAS  /tmp/cc9Yqsyg.s 			page 22


 1198              		.loc 1 564 3 is_stmt 1 discriminator 3 view .LVU373
 1199 0028 0148     		ldr	r0, .L94
 1200 002a FFF7FEFF 		bl	chSysHalt
 1201              	.LVL92:
 1202 002e EDE7     		b	.L88
 1203              	.L95:
 1204              		.align	2
 1205              	.L94:
 1206 0030 00000000 		.word	__func__.3
 1207              		.cfi_endproc
 1208              	.LFE238:
 1209              		.size	usbStallReceiveI, .-usbStallReceiveI
 1210              		.section	.text.usbStallTransmitI,"ax",%progbits
 1211              		.align	1
 1212              		.p2align 4,,15
 1213              		.global	usbStallTransmitI
 1214              		.syntax unified
 1215              		.thumb
 1216              		.thumb_func
 1217              		.type	usbStallTransmitI, %function
 1218              	usbStallTransmitI:
 1219              	.LVL93:
 1220              	.LFB239:
 1221              		.loc 1 586 53 view -0
 1222              		.cfi_startproc
 1223              		@ args = 0, pretend = 0, frame = 0
 1224              		@ frame_needed = 0, uses_anonymous_args = 0
 1225              		.loc 1 588 3 view .LVU375
 1226              		.loc 1 586 53 is_stmt 0 view .LVU376
 1227 0000 70B5     		push	{r4, r5, r6, lr}
 1228              		.cfi_def_cfa_offset 16
 1229              		.cfi_offset 4, -16
 1230              		.cfi_offset 5, -12
 1231              		.cfi_offset 6, -8
 1232              		.cfi_offset 14, -4
 1233              		.loc 1 586 53 view .LVU377
 1234 0002 0446     		mov	r4, r0
 1235 0004 0E46     		mov	r6, r1
 1236              		.loc 1 588 3 view .LVU378
 1237 0006 FFF7FEFF 		bl	chDbgCheckClassI
 1238              	.LVL94:
 1239              		.loc 1 589 3 is_stmt 1 view .LVU379
 1240              		.loc 1 589 3 view .LVU380
 1241              		.loc 1 589 3 discriminator 1 view .LVU381
 1242 000a 6CB1     		cbz	r4, .L101
 1243              	.L97:
 1244              		.loc 1 589 3 discriminator 5 view .LVU382
 1245              		.loc 1 591 3 view .LVU383
 1246              		.loc 1 591 7 is_stmt 0 view .LVU384
 1247 000c 2289     		ldrh	r2, [r4, #8]
 1248 000e 0120     		movs	r0, #1
 1249 0010 00FA06F3 		lsl	r3, r0, r6
 1250              		.loc 1 591 6 view .LVU385
 1251 0014 13EA0205 		ands	r5, r3, r2
 1252 0018 00D0     		beq	.L102
 1253              		.loc 1 597 1 view .LVU386
 1254 001a 70BD     		pop	{r4, r5, r6, pc}
ARM GAS  /tmp/cc9Yqsyg.s 			page 23


 1255              	.LVL95:
 1256              	.L102:
 1257              		.loc 1 595 3 is_stmt 1 view .LVU387
 1258 001c 2046     		mov	r0, r4
 1259 001e 3146     		mov	r1, r6
 1260 0020 FFF7FEFF 		bl	usb_lld_stall_in
 1261              	.LVL96:
 1262              		.loc 1 596 3 view .LVU388
 1263              		.loc 1 596 10 is_stmt 0 view .LVU389
 1264 0024 2846     		mov	r0, r5
 1265              		.loc 1 597 1 view .LVU390
 1266 0026 70BD     		pop	{r4, r5, r6, pc}
 1267              	.LVL97:
 1268              	.L101:
 1269              		.loc 1 589 3 is_stmt 1 discriminator 3 view .LVU391
 1270 0028 0148     		ldr	r0, .L103
 1271 002a FFF7FEFF 		bl	chSysHalt
 1272              	.LVL98:
 1273 002e EDE7     		b	.L97
 1274              	.L104:
 1275              		.align	2
 1276              	.L103:
 1277 0030 00000000 		.word	__func__.2
 1278              		.cfi_endproc
 1279              	.LFE239:
 1280              		.size	usbStallTransmitI, .-usbStallTransmitI
 1281              		.section	.text._usb_reset,"ax",%progbits
 1282              		.align	1
 1283              		.p2align 4,,15
 1284              		.global	_usb_reset
 1285              		.syntax unified
 1286              		.thumb
 1287              		.thumb_func
 1288              		.type	_usb_reset, %function
 1289              	_usb_reset:
 1290              	.LVL99:
 1291              	.LFB240:
 1292              		.loc 1 608 34 view -0
 1293              		.cfi_startproc
 1294              		@ args = 0, pretend = 0, frame = 0
 1295              		@ frame_needed = 0, uses_anonymous_args = 0
 1296              		.loc 1 609 3 view .LVU393
 1297              		.loc 1 612 3 view .LVU394
 1298              		.loc 1 608 34 is_stmt 0 view .LVU395
 1299 0000 70B5     		push	{r4, r5, r6, lr}
 1300              		.cfi_def_cfa_offset 16
 1301              		.cfi_offset 4, -16
 1302              		.cfi_offset 5, -12
 1303              		.cfi_offset 6, -8
 1304              		.cfi_offset 14, -4
 1305              		.loc 1 612 23 view .LVU396
 1306 0002 0223     		movs	r3, #2
 1307              		.loc 1 615 23 view .LVU397
 1308 0004 0025     		movs	r5, #0
 1309              		.loc 1 608 34 view .LVU398
 1310 0006 0446     		mov	r4, r0
 1311              		.loc 1 612 23 view .LVU399
ARM GAS  /tmp/cc9Yqsyg.s 			page 24


 1312 0008 0370     		strb	r3, [r0]
 1313              		.loc 1 615 3 is_stmt 1 view .LVU400
 1314              		.loc 1 616 3 view .LVU401
 1315              		.loc 1 617 3 view .LVU402
 1316              		.loc 1 623 18 is_stmt 0 view .LVU403
 1317 000a C0E90255 		strd	r5, r5, [r0, #8]
 1318 000e C0E90455 		strd	r5, r5, [r0, #16]
 1319              		.loc 1 615 23 view .LVU404
 1320 0012 C564     		str	r5, [r0, #76]
 1321              		.loc 1 618 3 is_stmt 1 view .LVU405
 1322              		.loc 1 619 3 view .LVU406
 1323              		.loc 1 622 50 discriminator 3 view .LVU407
 1324              	.LVL100:
 1325              		.loc 1 622 17 discriminator 1 view .LVU408
 1326              		.loc 1 623 5 view .LVU409
 1327              		.loc 1 622 50 discriminator 3 view .LVU410
 1328              		.loc 1 622 17 discriminator 1 view .LVU411
 1329              		.loc 1 623 5 view .LVU412
 1330              		.loc 1 623 18 is_stmt 0 view .LVU413
 1331 0014 8561     		str	r5, [r0, #24]
 1332              		.loc 1 622 50 is_stmt 1 discriminator 3 view .LVU414
 1333              	.LVL101:
 1334              		.loc 1 622 17 discriminator 1 view .LVU415
 1335              		.loc 1 627 3 view .LVU416
 1336              		.loc 1 627 18 is_stmt 0 view .LVU417
 1337 0016 80F83450 		strb	r5, [r0, #52]
 1338              		.loc 1 630 3 is_stmt 1 view .LVU418
 1339 001a FFF7FEFF 		bl	usb_lld_reset
 1340              	.LVL102:
 1341              		.loc 1 633 3 view .LVU419
 1342 001e 6368     		ldr	r3, [r4, #4]
 1343 0020 1B68     		ldr	r3, [r3]
 1344 0022 23B1     		cbz	r3, .L105
 1345              		.loc 1 633 3 discriminator 1 view .LVU420
 1346 0024 2946     		mov	r1, r5
 1347 0026 2046     		mov	r0, r4
 1348              		.loc 1 634 1 is_stmt 0 view .LVU421
 1349 0028 BDE87040 		pop	{r4, r5, r6, lr}
 1350              		.cfi_remember_state
 1351              		.cfi_restore 14
 1352              		.cfi_restore 6
 1353              		.cfi_restore 5
 1354              		.cfi_restore 4
 1355              		.cfi_def_cfa_offset 0
 1356              	.LVL103:
 1357              		.loc 1 633 3 discriminator 1 view .LVU422
 1358 002c 1847     		bx	r3	@ indirect register sibling call
 1359              	.LVL104:
 1360              	.L105:
 1361              		.cfi_restore_state
 1362              		.loc 1 634 1 view .LVU423
 1363 002e 70BD     		pop	{r4, r5, r6, pc}
 1364              		.loc 1 634 1 view .LVU424
 1365              		.cfi_endproc
 1366              	.LFE240:
 1367              		.size	_usb_reset, .-_usb_reset
 1368              		.section	.text._usb_suspend,"ax",%progbits
ARM GAS  /tmp/cc9Yqsyg.s 			page 25


 1369              		.align	1
 1370              		.p2align 4,,15
 1371              		.global	_usb_suspend
 1372              		.syntax unified
 1373              		.thumb
 1374              		.thumb_func
 1375              		.type	_usb_suspend, %function
 1376              	_usb_suspend:
 1377              	.LVL105:
 1378              	.LFB241:
 1379              		.loc 1 645 36 is_stmt 1 view -0
 1380              		.cfi_startproc
 1381              		@ args = 0, pretend = 0, frame = 0
 1382              		@ frame_needed = 0, uses_anonymous_args = 0
 1383              		@ link register save eliminated.
 1384              		.loc 1 648 3 view .LVU426
 1385              		.loc 1 651 3 is_stmt 0 view .LVU427
 1386 0000 4268     		ldr	r2, [r0, #4]
 1387              		.loc 1 648 23 view .LVU428
 1388 0002 0521     		movs	r1, #5
 1389 0004 0170     		strb	r1, [r0]
 1390              		.loc 1 651 3 is_stmt 1 view .LVU429
 1391 0006 1368     		ldr	r3, [r2]
 1392 0008 0BB1     		cbz	r3, .L108
 1393              		.loc 1 651 3 discriminator 1 view .LVU430
 1394 000a 0321     		movs	r1, #3
 1395 000c 1847     		bx	r3	@ indirect register sibling call
 1396              	.LVL106:
 1397              	.L108:
 1398              		.loc 1 652 1 is_stmt 0 view .LVU431
 1399 000e 7047     		bx	lr
 1400              		.cfi_endproc
 1401              	.LFE241:
 1402              		.size	_usb_suspend, .-_usb_suspend
 1403              		.section	.text._usb_wakeup,"ax",%progbits
 1404              		.align	1
 1405              		.p2align 4,,15
 1406              		.global	_usb_wakeup
 1407              		.syntax unified
 1408              		.thumb
 1409              		.thumb_func
 1410              		.type	_usb_wakeup, %function
 1411              	_usb_wakeup:
 1412              	.LVL107:
 1413              	.LFB242:
 1414              		.loc 1 663 35 is_stmt 1 view -0
 1415              		.cfi_startproc
 1416              		@ args = 0, pretend = 0, frame = 0
 1417              		@ frame_needed = 0, uses_anonymous_args = 0
 1418              		@ link register save eliminated.
 1419              		.loc 1 666 3 view .LVU433
 1420              		.loc 1 669 3 is_stmt 0 view .LVU434
 1421 0000 4268     		ldr	r2, [r0, #4]
 1422              		.loc 1 666 23 view .LVU435
 1423 0002 0421     		movs	r1, #4
 1424 0004 0170     		strb	r1, [r0]
 1425              		.loc 1 669 3 is_stmt 1 view .LVU436
ARM GAS  /tmp/cc9Yqsyg.s 			page 26


 1426 0006 1368     		ldr	r3, [r2]
 1427 0008 03B1     		cbz	r3, .L110
 1428              		.loc 1 669 3 discriminator 1 view .LVU437
 1429 000a 1847     		bx	r3	@ indirect register sibling call
 1430              	.LVL108:
 1431              	.L110:
 1432              		.loc 1 670 1 is_stmt 0 view .LVU438
 1433 000c 7047     		bx	lr
 1434              		.cfi_endproc
 1435              	.LFE242:
 1436              		.size	_usb_wakeup, .-_usb_wakeup
 1437 000e 00BF     		.section	.text._usb_ep0setup,"ax",%progbits
 1438              		.align	1
 1439              		.p2align 4,,15
 1440              		.global	_usb_ep0setup
 1441              		.syntax unified
 1442              		.thumb
 1443              		.thumb_func
 1444              		.type	_usb_ep0setup, %function
 1445              	_usb_ep0setup:
 1446              	.LVL109:
 1447              	.LFB243:
 1448              		.loc 1 682 49 is_stmt 1 view -0
 1449              		.cfi_startproc
 1450              		@ args = 0, pretend = 0, frame = 0
 1451              		@ frame_needed = 0, uses_anonymous_args = 0
 1452              		.loc 1 683 3 view .LVU440
 1453              		.loc 1 685 3 view .LVU441
 1454              		.loc 1 682 49 is_stmt 0 view .LVU442
 1455 0000 70B5     		push	{r4, r5, r6, lr}
 1456              		.cfi_def_cfa_offset 16
 1457              		.cfi_offset 4, -16
 1458              		.cfi_offset 5, -12
 1459              		.cfi_offset 6, -8
 1460              		.cfi_offset 14, -4
 1461              		.loc 1 685 18 view .LVU443
 1462 0002 0023     		movs	r3, #0
 1463              		.loc 1 682 49 view .LVU444
 1464 0004 0446     		mov	r4, r0
 1465              		.loc 1 685 18 view .LVU445
 1466 0006 80F83430 		strb	r3, [r0, #52]
 1467              		.loc 1 686 3 is_stmt 1 view .LVU446
 1468 000a 00F14402 		add	r2, r0, #68
 1469 000e FFF7FEFF 		bl	usb_lld_read_setup
 1470              	.LVL110:
 1471              		.loc 1 691 3 view .LVU447
 1472              		.loc 1 691 20 is_stmt 0 view .LVU448
 1473 0012 6368     		ldr	r3, [r4, #4]
 1474 0014 9B68     		ldr	r3, [r3, #8]
 1475              		.loc 1 691 6 view .LVU449
 1476 0016 7BB3     		cbz	r3, .L117
 1477              		.loc 1 692 9 view .LVU450
 1478 0018 2046     		mov	r0, r4
 1479 001a 9847     		blx	r3
 1480              	.LVL111:
 1481              		.loc 1 691 48 discriminator 1 view .LVU451
 1482 001c 60B3     		cbz	r0, .L117
ARM GAS  /tmp/cc9Yqsyg.s 			page 27


 1483              		.loc 1 721 11 view .LVU452
 1484 001e E16B     		ldr	r1, [r4, #60]
 1485 0020 94F84430 		ldrb	r3, [r4, #68]	@ zero_extendqisi2
 1486              	.L134:
 1487              		.loc 1 719 3 is_stmt 1 view .LVU453
 1488              		.loc 1 719 7 is_stmt 0 discriminator 1 view .LVU454
 1489 0024 B4F84A20 		ldrh	r2, [r4, #74]	@ unaligned
 1490              	.LVL112:
 1491              		.loc 1 721 3 is_stmt 1 view .LVU455
 1492              		.loc 1 721 6 is_stmt 0 view .LVU456
 1493 0028 8A42     		cmp	r2, r1
 1494              		.loc 1 724 19 view .LVU457
 1495 002a 2CBF     		ite	cs
 1496 002c 0A46     		movcs	r2, r1
 1497              	.LVL113:
 1498              		.loc 1 722 5 is_stmt 1 view .LVU458
 1499              		.loc 1 724 3 view .LVU459
 1500              		.loc 1 722 16 is_stmt 0 view .LVU460
 1501 002e E263     		strcc	r2, [r4, #60]
 1502              		.loc 1 724 6 view .LVU461
 1503 0030 1806     		lsls	r0, r3, #24
 1504              	.LBB331:
 1505              	.LBB332:
 1506              		.loc 1 428 38 view .LVU462
 1507 0032 E168     		ldr	r1, [r4, #12]
 1508              	.LBE332:
 1509              	.LBE331:
 1510              		.loc 1 724 6 view .LVU463
 1511 0034 59D4     		bmi	.L209
 1512              		.loc 1 750 5 is_stmt 1 view .LVU464
 1513              		.loc 1 750 8 is_stmt 0 view .LVU465
 1514 0036 002A     		cmp	r2, #0
 1515 0038 00F0AA80 		beq	.L157
 1516              		.loc 1 752 7 is_stmt 1 view .LVU466
 1517              		.loc 1 752 22 is_stmt 0 view .LVU467
 1518 003c 0423     		movs	r3, #4
 1519 003e 84F83430 		strb	r3, [r4, #52]
 1520              		.loc 1 753 7 is_stmt 1 view .LVU468
 1521              	.LBB336:
 1522              	.LBB337:
 1523              		.loc 1 402 24 is_stmt 0 view .LVU469
 1524 0042 8B69     		ldr	r3, [r1, #24]
 1525              	.LBE337:
 1526              	.LBE336:
 1527              		.loc 1 753 7 view .LVU470
 1528 0044 A06B     		ldr	r0, [r4, #56]
 1529              	.LVL114:
 1530              	.LBB339:
 1531              	.LBI336:
 1532              		.loc 1 401 6 is_stmt 1 view .LVU471
 1533              	.LBB338:
 1534              		.loc 1 402 3 view .LVU472
 1535              		.loc 1 404 3 view .LVU473
 1536              		.loc 1 405 27 is_stmt 0 view .LVU474
 1537 0046 D860     		str	r0, [r3, #12]
 1538              	.LVL115:
 1539              		.loc 1 404 27 view .LVU475
ARM GAS  /tmp/cc9Yqsyg.s 			page 28


 1540 0048 0021     		movs	r1, #0
 1541 004a 1970     		strb	r1, [r3]
 1542              		.loc 1 405 3 is_stmt 1 view .LVU476
 1543              		.loc 1 406 3 view .LVU477
 1544              		.loc 1 406 27 is_stmt 0 view .LVU478
 1545 004c 5A60     		str	r2, [r3, #4]
 1546              	.LVL116:
 1547              	.L207:
 1548              		.loc 1 407 3 is_stmt 1 view .LVU479
 1549              		.loc 1 407 27 is_stmt 0 view .LVU480
 1550 004e 9960     		str	r1, [r3, #8]
 1551              		.loc 1 409 3 is_stmt 1 view .LVU481
 1552 0050 2046     		mov	r0, r4
 1553 0052 FFF7FEFF 		bl	usb_lld_prepare_receive
 1554              	.LVL117:
 1555              	.LBE338:
 1556              	.LBE339:
 1557              		.loc 1 754 7 view .LVU482
 1558              	.LBB340:
 1559              	.LBI340:
 1560              		.loc 2 513 20 view .LVU483
 1561              		.loc 2 515 3 view .LVU484
 1562              	.LBB341:
 1563              	.LBI341:
 1564              		.loc 3 386 20 view .LVU485
 1565              	.LBB342:
 1566              		.loc 3 388 3 view .LVU486
 1567              	.LBB343:
 1568              	.LBI343:
 1569              		.loc 4 473 20 view .LVU487
 1570              		.loc 4 475 3 view .LVU488
 1571              	.LBB344:
 1572              	.LBI344:
 1573              		.loc 4 444 20 view .LVU489
 1574              		.loc 4 447 3 view .LVU490
 1575              	.LBB345:
 1576              	.LBI345:
 1577              		.loc 5 544 57 view .LVU491
 1578              	.LBB346:
 1579              		.loc 5 546 3 view .LVU492
 1580 0056 2023     		movs	r3, #32
 1581              		.syntax unified
 1582              	@ 546 "../RC_Controller/ChibiOS_3.0.5/os/ext/CMSIS/include/core_cmFunc.h" 1
 1583 0058 83F31188 		MSR basepri, r3
 1584              	@ 0 "" 2
 1585              	.LVL118:
 1586              		.loc 5 546 3 is_stmt 0 view .LVU493
 1587              		.thumb
 1588              		.syntax unified
 1589              	.LBE346:
 1590              	.LBE345:
 1591              	.LBE344:
 1592              	.LBE343:
 1593              		.loc 3 389 34 is_stmt 1 view .LVU494
 1594              		.loc 3 390 3 view .LVU495
 1595 005c FFF7FEFF 		bl	_dbg_check_lock_from_isr
 1596              	.LVL119:
ARM GAS  /tmp/cc9Yqsyg.s 			page 29


 1597              	.LBE342:
 1598              	.LBE341:
 1599              	.LBE340:
 1600              		.loc 1 755 7 view .LVU496
 1601              	.LBB347:
 1602              	.LBI347:
 1603              		.loc 1 507 6 view .LVU497
 1604              	.LBB348:
 1605              		.loc 1 509 3 view .LVU498
 1606 0060 FFF7FEFF 		bl	chDbgCheckClassI
 1607              	.LVL120:
 1608              		.loc 1 510 3 view .LVU499
 1609              		.loc 1 510 3 view .LVU500
 1610              		.loc 1 510 3 discriminator 1 view .LVU501
 1611              		.loc 1 510 3 discriminator 5 view .LVU502
 1612              		.loc 1 512 3 view .LVU503
 1613              		.loc 1 512 7 is_stmt 0 view .LVU504
 1614 0064 6389     		ldrh	r3, [r4, #10]
 1615              		.loc 1 512 6 view .LVU505
 1616 0066 13F00101 		ands	r1, r3, #1
 1617 006a 64D0     		beq	.L210
 1618              	.LVL121:
 1619              	.L159:
 1620              		.loc 1 512 6 view .LVU506
 1621              	.LBE348:
 1622              	.LBE347:
 1623              		.loc 1 766 7 is_stmt 1 view .LVU507
 1624              	.LBB350:
 1625              	.LBI350:
 1626              		.loc 2 524 20 view .LVU508
 1627              	.LBB351:
 1628              		.loc 2 526 3 view .LVU509
 1629              	.LBB352:
 1630              	.LBI352:
 1631              		.loc 3 406 20 view .LVU510
 1632              	.LBB353:
 1633              		.loc 3 408 3 view .LVU511
 1634 006c FFF7FEFF 		bl	_dbg_check_unlock_from_isr
 1635              	.LVL122:
 1636              		.loc 3 409 33 view .LVU512
 1637              		.loc 3 410 3 view .LVU513
 1638              	.LBB354:
 1639              	.LBI354:
 1640              		.loc 4 484 20 view .LVU514
 1641              		.loc 4 486 3 view .LVU515
 1642              	.LBB355:
 1643              	.LBI355:
 1644              		.loc 4 458 20 view .LVU516
 1645              		.loc 4 461 3 view .LVU517
 1646              	.LBB356:
 1647              	.LBI356:
 1648              		.loc 5 544 57 view .LVU518
 1649              	.LBB357:
 1650              		.loc 5 546 3 view .LVU519
 1651 0070 0023     		movs	r3, #0
 1652              		.syntax unified
 1653              	@ 546 "../RC_Controller/ChibiOS_3.0.5/os/ext/CMSIS/include/core_cmFunc.h" 1
ARM GAS  /tmp/cc9Yqsyg.s 			page 30


 1654 0072 83F31188 		MSR basepri, r3
 1655              	@ 0 "" 2
 1656              	.LVL123:
 1657              		.thumb
 1658              		.syntax unified
 1659              	.L112:
 1660              		.loc 5 546 3 is_stmt 0 view .LVU520
 1661              	.LBE357:
 1662              	.LBE356:
 1663              	.LBE355:
 1664              	.LBE354:
 1665              	.LBE353:
 1666              	.LBE352:
 1667              	.LBE351:
 1668              	.LBE350:
 1669              		.loc 1 772 1 view .LVU521
 1670 0076 70BD     		pop	{r4, r5, r6, pc}
 1671              	.LVL124:
 1672              	.L117:
 1673              		.loc 1 697 5 is_stmt 1 view .LVU522
 1674              		.loc 1 697 22 is_stmt 0 view .LVU523
 1675 0078 94F84430 		ldrb	r3, [r4, #68]	@ zero_extendqisi2
 1676              		.loc 1 697 8 view .LVU524
 1677 007c 13F06005 		ands	r5, r3, #96
 1678              		.loc 1 697 22 view .LVU525
 1679 0080 1846     		mov	r0, r3
 1680              		.loc 1 697 8 view .LVU526
 1681 0082 20D1     		bne	.L133
 1682              	.LVL125:
 1683              	.LBB372:
 1684              	.LBI372:
 1685              		.loc 1 84 13 is_stmt 1 view .LVU527
 1686              	.LBB373:
 1687              		.loc 1 85 3 view .LVU528
 1688              		.loc 1 88 3 view .LVU529
 1689              		.loc 1 90 13 is_stmt 0 view .LVU530
 1690 0084 94F84510 		ldrb	r1, [r4, #69]	@ zero_extendqisi2
 1691              		.loc 1 88 38 view .LVU531
 1692 0088 03F07F02 		and	r2, r3, #127
 1693              		.loc 1 89 63 view .LVU532
 1694 008c 42EA0122 		orr	r2, r2, r1, lsl #8
 1695              		.loc 1 88 3 view .LVU533
 1696 0090 40F20231 		movw	r1, #770
 1697 0094 8A42     		cmp	r2, r1
 1698 0096 00F01A81 		beq	.L118
 1699 009a 00F28280 		bhi	.L119
 1700 009e B2F5807F 		cmp	r2, #256
 1701 00a2 00F0CB80 		beq	.L120
 1702 00a6 52D8     		bhi	.L121
 1703 00a8 012A     		cmp	r2, #1
 1704 00aa 00F00281 		beq	.L122
 1705 00ae 022A     		cmp	r2, #2
 1706 00b0 00F0D080 		beq	.L123
 1707 00b4 3AB9     		cbnz	r2, .L133
 1708              		.loc 1 93 5 is_stmt 1 view .LVU534
 1709 00b6 04F14C00 		add	r0, r4, #76
 1710 00ba 0221     		movs	r1, #2
ARM GAS  /tmp/cc9Yqsyg.s 			page 31


 1711 00bc C4E90E01 		strd	r0, r1, [r4, #56]
 1712              		.loc 1 93 5 view .LVU535
 1713 00c0 2264     		str	r2, [r4, #64]
 1714              		.loc 1 93 62 view .LVU536
 1715              		.loc 1 94 5 view .LVU537
 1716              	.LVL126:
 1717              	.L141:
 1718              		.loc 1 150 19 is_stmt 0 view .LVU538
 1719 00c2 0221     		movs	r1, #2
 1720 00c4 AEE7     		b	.L134
 1721              	.L133:
 1722              	.LBE373:
 1723              	.LBE372:
 1724              		.loc 1 703 7 is_stmt 1 view .LVU539
 1725 00c6 0021     		movs	r1, #0
 1726 00c8 2046     		mov	r0, r4
 1727 00ca FFF7FEFF 		bl	usb_lld_stall_in
 1728              	.LVL127:
 1729              		.loc 1 704 7 view .LVU540
 1730 00ce 0021     		movs	r1, #0
 1731 00d0 2046     		mov	r0, r4
 1732 00d2 FFF7FEFF 		bl	usb_lld_stall_out
 1733              	.LVL128:
 1734              		.loc 1 705 7 view .LVU541
 1735 00d6 6368     		ldr	r3, [r4, #4]
 1736 00d8 1B68     		ldr	r3, [r3]
 1737 00da 13B1     		cbz	r3, .L149
 1738              		.loc 1 705 7 discriminator 1 view .LVU542
 1739 00dc 0521     		movs	r1, #5
 1740 00de 2046     		mov	r0, r4
 1741 00e0 9847     		blx	r3
 1742              	.LVL129:
 1743              	.L149:
 1744              		.loc 1 705 56 discriminator 3 view .LVU543
 1745              		.loc 1 706 7 view .LVU544
 1746              		.loc 1 706 22 is_stmt 0 view .LVU545
 1747 00e2 0623     		movs	r3, #6
 1748 00e4 84F83430 		strb	r3, [r4, #52]
 1749              		.loc 1 707 7 is_stmt 1 view .LVU546
 1750              		.loc 1 772 1 is_stmt 0 view .LVU547
 1751 00e8 70BD     		pop	{r4, r5, r6, pc}
 1752              	.LVL130:
 1753              	.L209:
 1754              		.loc 1 726 5 is_stmt 1 view .LVU548
 1755              		.loc 1 726 8 is_stmt 0 view .LVU549
 1756 00ea 002A     		cmp	r2, #0
 1757 00ec 47D0     		beq	.L154
 1758              		.loc 1 728 7 is_stmt 1 view .LVU550
 1759              		.loc 1 728 22 is_stmt 0 view .LVU551
 1760 00ee 0123     		movs	r3, #1
 1761 00f0 84F83430 		strb	r3, [r4, #52]
 1762              		.loc 1 729 7 is_stmt 1 view .LVU552
 1763              	.LBB388:
 1764              	.LBB333:
 1765              		.loc 1 428 23 is_stmt 0 view .LVU553
 1766 00f4 4B69     		ldr	r3, [r1, #20]
 1767              	.LBE333:
ARM GAS  /tmp/cc9Yqsyg.s 			page 32


 1768              	.LBE388:
 1769              		.loc 1 729 39 view .LVU554
 1770 00f6 A06B     		ldr	r0, [r4, #56]
 1771              	.LVL131:
 1772              	.LBB389:
 1773              	.LBI331:
 1774              		.loc 1 426 6 is_stmt 1 view .LVU555
 1775              	.LBB334:
 1776              		.loc 1 428 3 view .LVU556
 1777              		.loc 1 430 3 view .LVU557
 1778              		.loc 1 431 27 is_stmt 0 view .LVU558
 1779 00f8 D860     		str	r0, [r3, #12]
 1780              	.LVL132:
 1781              		.loc 1 430 27 view .LVU559
 1782 00fa 0021     		movs	r1, #0
 1783 00fc 1970     		strb	r1, [r3]
 1784              		.loc 1 431 3 is_stmt 1 view .LVU560
 1785              		.loc 1 432 3 view .LVU561
 1786              		.loc 1 432 27 is_stmt 0 view .LVU562
 1787 00fe 5A60     		str	r2, [r3, #4]
 1788              		.loc 1 433 3 is_stmt 1 view .LVU563
 1789              	.LVL133:
 1790              	.L208:
 1791              		.loc 1 433 3 is_stmt 0 view .LVU564
 1792              	.LBE334:
 1793              	.LBE389:
 1794              	.LBB390:
 1795              	.LBB391:
 1796              		.loc 1 432 27 view .LVU565
 1797 0100 9960     		str	r1, [r3, #8]
 1798              		.loc 1 435 3 is_stmt 1 view .LVU566
 1799 0102 2046     		mov	r0, r4
 1800 0104 FFF7FEFF 		bl	usb_lld_prepare_transmit
 1801              	.LVL134:
 1802              	.LBE391:
 1803              	.LBE390:
 1804              		.loc 1 764 7 view .LVU567
 1805              	.LBB393:
 1806              	.LBI393:
 1807              		.loc 2 513 20 view .LVU568
 1808              		.loc 2 515 3 view .LVU569
 1809              	.LBB394:
 1810              	.LBI394:
 1811              		.loc 3 386 20 view .LVU570
 1812              	.LBB395:
 1813              		.loc 3 388 3 view .LVU571
 1814              	.LBB396:
 1815              	.LBI396:
 1816              		.loc 4 473 20 view .LVU572
 1817              		.loc 4 475 3 view .LVU573
 1818              	.LBB397:
 1819              	.LBI397:
 1820              		.loc 4 444 20 view .LVU574
 1821              		.loc 4 447 3 view .LVU575
 1822              	.LBB398:
 1823              	.LBI398:
 1824              		.loc 5 544 57 view .LVU576
ARM GAS  /tmp/cc9Yqsyg.s 			page 33


 1825              	.LBB399:
 1826              		.loc 5 546 3 view .LVU577
 1827 0108 2023     		movs	r3, #32
 1828              		.syntax unified
 1829              	@ 546 "../RC_Controller/ChibiOS_3.0.5/os/ext/CMSIS/include/core_cmFunc.h" 1
 1830 010a 83F31188 		MSR basepri, r3
 1831              	@ 0 "" 2
 1832              	.LVL135:
 1833              		.loc 5 546 3 is_stmt 0 view .LVU578
 1834              		.thumb
 1835              		.syntax unified
 1836              	.LBE399:
 1837              	.LBE398:
 1838              	.LBE397:
 1839              	.LBE396:
 1840              		.loc 3 389 34 is_stmt 1 view .LVU579
 1841              		.loc 3 390 3 view .LVU580
 1842 010e FFF7FEFF 		bl	_dbg_check_lock_from_isr
 1843              	.LVL136:
 1844              	.LBE395:
 1845              	.LBE394:
 1846              	.LBE393:
 1847              		.loc 1 765 7 view .LVU581
 1848              	.LBB400:
 1849              	.LBI400:
 1850              		.loc 1 535 6 view .LVU582
 1851              	.LBB401:
 1852              		.loc 1 537 3 view .LVU583
 1853 0112 FFF7FEFF 		bl	chDbgCheckClassI
 1854              	.LVL137:
 1855              		.loc 1 538 3 view .LVU584
 1856              		.loc 1 538 3 view .LVU585
 1857              		.loc 1 538 3 discriminator 1 view .LVU586
 1858              		.loc 1 538 3 discriminator 5 view .LVU587
 1859              		.loc 1 540 3 view .LVU588
 1860              		.loc 1 540 7 is_stmt 0 view .LVU589
 1861 0116 2389     		ldrh	r3, [r4, #8]
 1862              		.loc 1 540 6 view .LVU590
 1863 0118 13F00101 		ands	r1, r3, #1
 1864 011c A6D1     		bne	.L159
 1865              		.loc 1 544 3 is_stmt 1 view .LVU591
 1866              		.loc 1 544 22 is_stmt 0 view .LVU592
 1867 011e 43F00103 		orr	r3, r3, #1
 1868 0122 2381     		strh	r3, [r4, #8]	@ movhi
 1869              		.loc 1 545 3 is_stmt 1 view .LVU593
 1870 0124 2046     		mov	r0, r4
 1871 0126 FFF7FEFF 		bl	usb_lld_start_in
 1872              	.LVL138:
 1873              		.loc 1 546 3 view .LVU594
 1874              		.loc 1 546 3 is_stmt 0 view .LVU595
 1875              	.LBE401:
 1876              	.LBE400:
 1877              		.loc 1 766 7 is_stmt 1 view .LVU596
 1878              	.LBB402:
 1879              		.loc 2 524 20 view .LVU597
 1880              	.LBB370:
 1881              		.loc 2 526 3 view .LVU598
ARM GAS  /tmp/cc9Yqsyg.s 			page 34


 1882              	.LBB368:
 1883              		.loc 3 406 20 view .LVU599
 1884              	.LBB366:
 1885              		.loc 3 408 3 view .LVU600
 1886 012a FFF7FEFF 		bl	_dbg_check_unlock_from_isr
 1887              	.LVL139:
 1888              		.loc 3 409 33 view .LVU601
 1889              		.loc 3 410 3 view .LVU602
 1890              	.LBB364:
 1891              		.loc 4 484 20 view .LVU603
 1892              		.loc 4 486 3 view .LVU604
 1893              	.LBB362:
 1894              		.loc 4 458 20 view .LVU605
 1895              		.loc 4 461 3 view .LVU606
 1896              	.LBB360:
 1897              		.loc 5 544 57 view .LVU607
 1898              	.LBB358:
 1899              		.loc 5 546 3 view .LVU608
 1900 012e 0023     		movs	r3, #0
 1901              		.syntax unified
 1902              	@ 546 "../RC_Controller/ChibiOS_3.0.5/os/ext/CMSIS/include/core_cmFunc.h" 1
 1903 0130 83F31188 		MSR basepri, r3
 1904              	@ 0 "" 2
 1905              	.LVL140:
 1906              		.loc 5 546 3 is_stmt 0 view .LVU609
 1907              		.thumb
 1908              		.syntax unified
 1909 0134 9FE7     		b	.L112
 1910              	.LVL141:
 1911              	.L210:
 1912              		.loc 5 546 3 view .LVU610
 1913              	.LBE358:
 1914              	.LBE360:
 1915              	.LBE362:
 1916              	.LBE364:
 1917              	.LBE366:
 1918              	.LBE368:
 1919              	.LBE370:
 1920              	.LBE402:
 1921              	.LBB403:
 1922              	.LBB349:
 1923              		.loc 1 516 3 is_stmt 1 view .LVU611
 1924              		.loc 1 516 19 is_stmt 0 view .LVU612
 1925 0136 43F00103 		orr	r3, r3, #1
 1926 013a 6381     		strh	r3, [r4, #10]	@ movhi
 1927              		.loc 1 517 3 is_stmt 1 view .LVU613
 1928 013c 2046     		mov	r0, r4
 1929 013e FFF7FEFF 		bl	usb_lld_start_out
 1930              	.LVL142:
 1931              		.loc 1 518 3 view .LVU614
 1932              		.loc 1 518 3 is_stmt 0 view .LVU615
 1933              	.LBE349:
 1934              	.LBE403:
 1935              		.loc 1 756 7 is_stmt 1 view .LVU616
 1936              	.LBB404:
 1937              	.LBI404:
 1938              		.loc 2 524 20 view .LVU617
ARM GAS  /tmp/cc9Yqsyg.s 			page 35


 1939              	.LBB405:
 1940              		.loc 2 526 3 view .LVU618
 1941              	.LBB406:
 1942              	.LBI406:
 1943              		.loc 3 406 20 view .LVU619
 1944              	.LBB407:
 1945              		.loc 3 408 3 view .LVU620
 1946              	.LBE407:
 1947              	.LBE406:
 1948              	.LBE405:
 1949              	.LBE404:
 1950              		.loc 1 766 7 view .LVU621
 1951              	.LBB408:
 1952              		.loc 2 524 20 view .LVU622
 1953              	.LBB371:
 1954              		.loc 2 526 3 view .LVU623
 1955              	.LBB369:
 1956              		.loc 3 406 20 view .LVU624
 1957              	.LBB367:
 1958              		.loc 3 408 3 view .LVU625
 1959 0142 FFF7FEFF 		bl	_dbg_check_unlock_from_isr
 1960              	.LVL143:
 1961              		.loc 3 409 33 view .LVU626
 1962              		.loc 3 410 3 view .LVU627
 1963              	.LBB365:
 1964              		.loc 4 484 20 view .LVU628
 1965              		.loc 4 486 3 view .LVU629
 1966              	.LBB363:
 1967              		.loc 4 458 20 view .LVU630
 1968              		.loc 4 461 3 view .LVU631
 1969              	.LBB361:
 1970              		.loc 5 544 57 view .LVU632
 1971              	.LBB359:
 1972              		.loc 5 546 3 view .LVU633
 1973 0146 0023     		movs	r3, #0
 1974              		.syntax unified
 1975              	@ 546 "../RC_Controller/ChibiOS_3.0.5/os/ext/CMSIS/include/core_cmFunc.h" 1
 1976 0148 83F31188 		MSR basepri, r3
 1977              	@ 0 "" 2
 1978              	.LVL144:
 1979              		.loc 5 546 3 is_stmt 0 view .LVU634
 1980              		.thumb
 1981              		.syntax unified
 1982 014c 93E7     		b	.L112
 1983              	.LVL145:
 1984              	.L121:
 1985              		.loc 5 546 3 view .LVU635
 1986              	.LBE359:
 1987              	.LBE361:
 1988              	.LBE363:
 1989              	.LBE365:
 1990              	.LBE367:
 1991              	.LBE369:
 1992              	.LBE371:
 1993              	.LBE408:
 1994              	.LBB409:
 1995              	.LBB380:
ARM GAS  /tmp/cc9Yqsyg.s 			page 36


 1996              		.loc 1 88 3 view .LVU636
 1997 014e B2F5817F 		cmp	r2, #258
 1998 0152 00F09680 		beq	.L126
 1999 0156 B2F5407F 		cmp	r2, #768
 2000 015a B4D1     		bne	.L133
 2001              		.loc 1 107 5 is_stmt 1 view .LVU637
 2002              		.loc 1 107 8 is_stmt 0 view .LVU638
 2003 015c 94F84630 		ldrb	r3, [r4, #70]	@ zero_extendqisi2
 2004 0160 012B     		cmp	r3, #1
 2005 0162 B0D1     		bne	.L133
 2006              		.loc 1 108 7 is_stmt 1 view .LVU639
 2007              		.loc 1 108 20 is_stmt 0 view .LVU640
 2008 0164 B4F84C30 		ldrh	r3, [r4, #76]
 2009 0168 43F00203 		orr	r3, r3, #2
 2010 016c A4F84C30 		strh	r3, [r4, #76]	@ movhi
 2011              		.loc 1 109 7 is_stmt 1 view .LVU641
 2012              		.loc 1 109 7 view .LVU642
 2013              		.loc 1 109 7 view .LVU643
 2014              		.loc 1 109 44 view .LVU644
 2015              		.loc 1 110 7 view .LVU645
 2016              	.LVL146:
 2017              	.L138:
 2018              		.loc 1 229 5 is_stmt 0 view .LVU646
 2019 0170 0023     		movs	r3, #0
 2020 0172 C4E90E33 		strd	r3, r3, [r4, #56]
 2021 0176 2364     		str	r3, [r4, #64]
 2022              	.LBE380:
 2023              	.LBE409:
 2024              		.loc 1 719 3 is_stmt 1 view .LVU647
 2025              	.LVL147:
 2026              		.loc 1 721 3 view .LVU648
 2027              		.loc 1 724 3 view .LVU649
 2028              		.loc 1 724 6 is_stmt 0 view .LVU650
 2029 0178 0306     		lsls	r3, r0, #24
 2030              	.LBB410:
 2031              	.LBB335:
 2032              		.loc 1 428 38 view .LVU651
 2033 017a E168     		ldr	r1, [r4, #12]
 2034              	.LBE335:
 2035              	.LBE410:
 2036              		.loc 1 724 6 view .LVU652
 2037 017c 08D5     		bpl	.L157
 2038              	.LVL148:
 2039              	.L154:
 2040              		.loc 1 737 7 is_stmt 1 view .LVU653
 2041              		.loc 1 737 22 is_stmt 0 view .LVU654
 2042 017e 0323     		movs	r3, #3
 2043 0180 84F83430 		strb	r3, [r4, #52]
 2044              		.loc 1 739 7 is_stmt 1 view .LVU655
 2045              	.LVL149:
 2046              	.LBB411:
 2047              	.LBI411:
 2048              		.loc 1 401 6 view .LVU656
 2049              	.LBB412:
 2050              		.loc 1 402 3 view .LVU657
 2051              		.loc 1 402 24 is_stmt 0 view .LVU658
 2052 0184 8B69     		ldr	r3, [r1, #24]
ARM GAS  /tmp/cc9Yqsyg.s 			page 37


 2053              	.LVL150:
 2054              		.loc 1 404 3 is_stmt 1 view .LVU659
 2055              		.loc 1 404 27 is_stmt 0 view .LVU660
 2056 0186 0021     		movs	r1, #0
 2057 0188 1970     		strb	r1, [r3]
 2058              		.loc 1 405 3 is_stmt 1 view .LVU661
 2059              		.loc 1 405 27 is_stmt 0 view .LVU662
 2060 018a D960     		str	r1, [r3, #12]
 2061              		.loc 1 406 3 is_stmt 1 view .LVU663
 2062              		.loc 1 407 3 view .LVU664
 2063              		.loc 1 406 27 is_stmt 0 view .LVU665
 2064 018c 5960     		str	r1, [r3, #4]
 2065 018e 5EE7     		b	.L207
 2066              	.LVL151:
 2067              	.L157:
 2068              		.loc 1 406 27 view .LVU666
 2069              	.LBE412:
 2070              	.LBE411:
 2071              		.loc 1 761 7 is_stmt 1 view .LVU667
 2072              		.loc 1 761 22 is_stmt 0 view .LVU668
 2073 0190 0523     		movs	r3, #5
 2074 0192 84F83430 		strb	r3, [r4, #52]
 2075              		.loc 1 763 7 is_stmt 1 view .LVU669
 2076              	.LVL152:
 2077              	.LBB413:
 2078              	.LBI390:
 2079              		.loc 1 426 6 view .LVU670
 2080              	.LBB392:
 2081              		.loc 1 428 3 view .LVU671
 2082              		.loc 1 428 23 is_stmt 0 view .LVU672
 2083 0196 4B69     		ldr	r3, [r1, #20]
 2084              	.LVL153:
 2085              		.loc 1 430 3 is_stmt 1 view .LVU673
 2086              		.loc 1 430 27 is_stmt 0 view .LVU674
 2087 0198 0021     		movs	r1, #0
 2088 019a 1970     		strb	r1, [r3]
 2089              		.loc 1 431 3 is_stmt 1 view .LVU675
 2090              		.loc 1 431 27 is_stmt 0 view .LVU676
 2091 019c D960     		str	r1, [r3, #12]
 2092              		.loc 1 432 3 is_stmt 1 view .LVU677
 2093              		.loc 1 433 3 view .LVU678
 2094              		.loc 1 432 27 is_stmt 0 view .LVU679
 2095 019e 5960     		str	r1, [r3, #4]
 2096 01a0 AEE7     		b	.L208
 2097              	.LVL154:
 2098              	.L119:
 2099              		.loc 1 432 27 view .LVU680
 2100              	.LBE392:
 2101              	.LBE413:
 2102              	.LBB414:
 2103              	.LBB381:
 2104              		.loc 1 88 3 view .LVU681
 2105 01a2 B2F5006F 		cmp	r2, #2048
 2106 01a6 00F08B80 		beq	.L128
 2107 01aa 1AD8     		bhi	.L129
 2108 01ac B2F5A06F 		cmp	r2, #1280
 2109 01b0 2DD0     		beq	.L130
ARM GAS  /tmp/cc9Yqsyg.s 			page 38


 2110 01b2 B2F5C06F 		cmp	r2, #1536
 2111 01b6 86D1     		bne	.L133
 2112              		.loc 1 129 5 is_stmt 1 view .LVU682
 2113              		.loc 1 129 22 is_stmt 0 view .LVU683
 2114 01b8 6268     		ldr	r2, [r4, #4]
 2115              		.loc 1 129 10 discriminator 1 view .LVU684
 2116 01ba B4F84830 		ldrh	r3, [r4, #72]	@ unaligned
 2117 01be 5668     		ldr	r6, [r2, #4]
 2118 01c0 94F84710 		ldrb	r1, [r4, #71]	@ zero_extendqisi2
 2119 01c4 94F84620 		ldrb	r2, [r4, #70]	@ zero_extendqisi2
 2120 01c8 2046     		mov	r0, r4
 2121 01ca B047     		blx	r6
 2122              	.LVL155:
 2123              		.loc 1 132 5 is_stmt 1 view .LVU685
 2124              		.loc 1 132 8 is_stmt 0 view .LVU686
 2125 01cc 0028     		cmp	r0, #0
 2126 01ce 3FF47AAF 		beq	.L133
 2127              		.loc 1 136 5 is_stmt 1 view .LVU687
 2128 01d2 D0E90012 		ldrd	r1, r2, [r0]
 2129 01d6 94F84430 		ldrb	r3, [r4, #68]	@ zero_extendqisi2
 2130 01da 2564     		str	r5, [r4, #64]
 2131 01dc C4E90E21 		strd	r2, r1, [r4, #56]
 2132              		.loc 1 136 5 view .LVU688
 2133              		.loc 1 136 72 view .LVU689
 2134              		.loc 1 138 5 view .LVU690
 2135              	.LVL156:
 2136              		.loc 1 138 5 is_stmt 0 view .LVU691
 2137 01e0 20E7     		b	.L134
 2138              	.LVL157:
 2139              	.L129:
 2140              		.loc 1 88 3 view .LVU692
 2141 01e2 B2F5106F 		cmp	r2, #2304
 2142 01e6 5FD1     		bne	.L211
 2143              		.loc 1 145 5 is_stmt 1 view .LVU693
 2144              		.loc 1 145 38 is_stmt 0 view .LVU694
 2145 01e8 94F84630 		ldrb	r3, [r4, #70]	@ zero_extendqisi2
 2146              		.loc 1 152 5 view .LVU695
 2147 01ec 6268     		ldr	r2, [r4, #4]
 2148              		.loc 1 145 25 view .LVU696
 2149 01ee 84F84F30 		strb	r3, [r4, #79]
 2150              		.loc 1 146 5 is_stmt 1 view .LVU697
 2151              		.loc 1 147 19 is_stmt 0 view .LVU698
 2152 01f2 002B     		cmp	r3, #0
 2153 01f4 14BF     		ite	ne
 2154 01f6 0421     		movne	r1, #4
 2155 01f8 0321     		moveq	r1, #3
 2156 01fa 2170     		strb	r1, [r4]
 2157              		.loc 1 152 5 is_stmt 1 view .LVU699
 2158 01fc 1368     		ldr	r3, [r2]
 2159 01fe 002B     		cmp	r3, #0
 2160 0200 B6D0     		beq	.L138
 2161              		.loc 1 152 5 discriminator 1 view .LVU700
 2162 0202 2046     		mov	r0, r4
 2163 0204 0221     		movs	r1, #2
 2164 0206 9847     		blx	r3
 2165              	.LVL158:
 2166              	.LBE381:
ARM GAS  /tmp/cc9Yqsyg.s 			page 39


 2167              	.LBE414:
 2168              		.loc 1 724 19 is_stmt 0 view .LVU701
 2169 0208 94F84400 		ldrb	r0, [r4, #68]	@ zero_extendqisi2
 2170              	.LBB415:
 2171              	.LBB382:
 2172              		.loc 1 152 57 is_stmt 1 discriminator 3 view .LVU702
 2173              		.loc 1 153 5 view .LVU703
 2174              		.loc 1 153 5 view .LVU704
 2175              		.loc 1 153 5 view .LVU705
 2176              		.loc 1 153 42 view .LVU706
 2177              		.loc 1 154 5 view .LVU707
 2178              	.LVL159:
 2179              		.loc 1 154 5 is_stmt 0 view .LVU708
 2180 020c B0E7     		b	.L138
 2181              	.LVL160:
 2182              	.L130:
 2183              		.loc 1 118 5 is_stmt 1 view .LVU709
 2184              		.loc 1 118 8 is_stmt 0 view .LVU710
 2185 020e B4F84430 		ldrh	r3, [r4, #68]
 2186 0212 B3F5A06F 		cmp	r3, #1280
 2187 0216 ABD1     		bne	.L138
 2188              		.loc 1 120 7 is_stmt 1 view .LVU711
 2189              	.LVL161:
 2190              	.LBB374:
 2191              	.LBI374:
 2192              		.loc 1 64 13 view .LVU712
 2193              	.LBB375:
 2194              		.loc 1 66 3 view .LVU713
 2195              		.loc 1 66 17 is_stmt 0 view .LVU714
 2196 0218 94F84630 		ldrb	r3, [r4, #70]	@ zero_extendqisi2
 2197 021c 84F84E30 		strb	r3, [r4, #78]
 2198              		.loc 1 67 3 is_stmt 1 view .LVU715
 2199 0220 2046     		mov	r0, r4
 2200 0222 FFF7FEFF 		bl	usb_lld_set_address
 2201              	.LVL162:
 2202              		.loc 1 68 3 view .LVU716
 2203 0226 6368     		ldr	r3, [r4, #4]
 2204 0228 1B68     		ldr	r3, [r3]
 2205 022a 13B1     		cbz	r3, .L137
 2206              		.loc 1 68 3 discriminator 1 view .LVU717
 2207 022c 0121     		movs	r1, #1
 2208 022e 2046     		mov	r0, r4
 2209 0230 9847     		blx	r3
 2210              	.LVL163:
 2211              	.L137:
 2212              		.loc 1 68 52 discriminator 3 view .LVU718
 2213              		.loc 1 69 3 view .LVU719
 2214              		.loc 1 69 15 is_stmt 0 view .LVU720
 2215 0232 0323     		movs	r3, #3
 2216              	.LBE375:
 2217              	.LBE374:
 2218              	.LBE382:
 2219              	.LBE415:
 2220              		.loc 1 724 19 view .LVU721
 2221 0234 94F84400 		ldrb	r0, [r4, #68]	@ zero_extendqisi2
 2222              	.LBB416:
 2223              	.LBB383:
ARM GAS  /tmp/cc9Yqsyg.s 			page 40


 2224              	.LBB378:
 2225              	.LBB376:
 2226              		.loc 1 69 15 view .LVU722
 2227 0238 2370     		strb	r3, [r4]
 2228              	.LVL164:
 2229              		.loc 1 69 15 view .LVU723
 2230              	.LBE376:
 2231              	.LBE378:
 2232              		.loc 1 122 5 is_stmt 1 view .LVU724
 2233              		.loc 1 122 5 view .LVU725
 2234              		.loc 1 122 5 view .LVU726
 2235              		.loc 1 122 42 view .LVU727
 2236              		.loc 1 126 5 view .LVU728
 2237              	.LBB379:
 2238              	.LBB377:
 2239              		.loc 1 70 1 is_stmt 0 view .LVU729
 2240 023a 99E7     		b	.L138
 2241              	.LVL165:
 2242              	.L120:
 2243              		.loc 1 70 1 view .LVU730
 2244              	.LBE377:
 2245              	.LBE379:
 2246              		.loc 1 98 5 is_stmt 1 view .LVU731
 2247              		.loc 1 98 8 is_stmt 0 view .LVU732
 2248 023c 94F84630 		ldrb	r3, [r4, #70]	@ zero_extendqisi2
 2249 0240 012B     		cmp	r3, #1
 2250 0242 7FF440AF 		bne	.L133
 2251              		.loc 1 99 7 is_stmt 1 view .LVU733
 2252              		.loc 1 99 20 is_stmt 0 view .LVU734
 2253 0246 B4F84C30 		ldrh	r3, [r4, #76]
 2254 024a 23F00203 		bic	r3, r3, #2
 2255 024e A4F84C30 		strh	r3, [r4, #76]	@ movhi
 2256              		.loc 1 100 7 is_stmt 1 view .LVU735
 2257              		.loc 1 100 7 view .LVU736
 2258              		.loc 1 100 7 view .LVU737
 2259              		.loc 1 100 44 view .LVU738
 2260              		.loc 1 101 7 view .LVU739
 2261              	.LVL166:
 2262              		.loc 1 101 7 is_stmt 0 view .LVU740
 2263 0252 8DE7     		b	.L138
 2264              	.LVL167:
 2265              	.L123:
 2266              		.loc 1 165 5 is_stmt 1 view .LVU741
 2267              		.loc 1 165 21 is_stmt 0 view .LVU742
 2268 0254 94F84830 		ldrb	r3, [r4, #72]	@ zero_extendqisi2
 2269              		.loc 1 166 15 view .LVU743
 2270 0258 03F00F01 		and	r1, r3, #15
 2271              		.loc 1 165 8 view .LVU744
 2272 025c 1B06     		lsls	r3, r3, #24
 2273              		.loc 1 166 15 view .LVU745
 2274 025e 2046     		mov	r0, r4
 2275              		.loc 1 165 8 view .LVU746
 2276 0260 48D4     		bmi	.L212
 2277              	.LVL168:
 2278              		.loc 1 183 7 is_stmt 1 view .LVU747
 2279              		.loc 1 183 15 is_stmt 0 view .LVU748
 2280 0262 FFF7FEFF 		bl	usb_lld_get_status_out
ARM GAS  /tmp/cc9Yqsyg.s 			page 41


 2281              	.LVL169:
 2282              		.loc 1 183 7 discriminator 1 view .LVU749
 2283 0266 0128     		cmp	r0, #1
 2284 0268 48D0     		beq	.L143
 2285              	.L204:
 2286              		.loc 1 183 7 discriminator 1 view .LVU750
 2287 026a 0228     		cmp	r0, #2
 2288 026c 7FF42BAF 		bne	.L133
 2289              		.loc 1 174 9 is_stmt 1 view .LVU751
 2290 0270 2848     		ldr	r0, .L215
 2291              	.L202:
 2292 0272 94F84430 		ldrb	r3, [r4, #68]	@ zero_extendqisi2
 2293 0276 0221     		movs	r1, #2
 2294 0278 0022     		movs	r2, #0
 2295 027a C4E90E01 		strd	r0, r1, [r4, #56]
 2296              		.loc 1 174 9 view .LVU752
 2297 027e 2264     		str	r2, [r4, #64]
 2298              		.loc 1 174 66 view .LVU753
 2299              		.loc 1 176 9 view .LVU754
 2300              	.LVL170:
 2301              		.loc 1 176 9 is_stmt 0 view .LVU755
 2302 0280 1FE7     		b	.L141
 2303              	.LVL171:
 2304              	.L126:
 2305              		.loc 1 201 5 is_stmt 1 view .LVU756
 2306              		.loc 1 201 8 is_stmt 0 view .LVU757
 2307 0282 94F84630 		ldrb	r3, [r4, #70]	@ zero_extendqisi2
 2308 0286 002B     		cmp	r3, #0
 2309 0288 7FF41DAF 		bne	.L133
 2310              		.loc 1 205 5 is_stmt 1 view .LVU758
 2311              		.loc 1 205 21 is_stmt 0 view .LVU759
 2312 028c 94F84830 		ldrb	r3, [r4, #72]	@ zero_extendqisi2
 2313              		.loc 1 205 8 view .LVU760
 2314 0290 13F00F01 		ands	r1, r3, #15
 2315 0294 3FF46CAF 		beq	.L138
 2316              		.loc 1 206 7 is_stmt 1 view .LVU761
 2317              		.loc 1 206 10 is_stmt 0 view .LVU762
 2318 0298 1E06     		lsls	r6, r3, #24
 2319              		.loc 1 207 9 view .LVU763
 2320 029a 2046     		mov	r0, r4
 2321              		.loc 1 206 10 view .LVU764
 2322 029c 30D4     		bmi	.L213
 2323              	.LVL172:
 2324              		.loc 1 210 9 is_stmt 1 view .LVU765
 2325 029e FFF7FEFF 		bl	usb_lld_clear_out
 2326              	.LVL173:
 2327              		.loc 1 210 9 is_stmt 0 view .LVU766
 2328              	.LBE383:
 2329              	.LBE416:
 2330              		.loc 1 724 19 view .LVU767
 2331 02a2 94F84400 		ldrb	r0, [r4, #68]	@ zero_extendqisi2
 2332              	.LBB417:
 2333              	.LBB384:
 2334              		.loc 1 213 5 is_stmt 1 view .LVU768
 2335              		.loc 1 213 5 view .LVU769
 2336              		.loc 1 213 5 view .LVU770
 2337              		.loc 1 213 42 view .LVU771
ARM GAS  /tmp/cc9Yqsyg.s 			page 42


 2338              		.loc 1 214 5 view .LVU772
 2339              	.LVL174:
 2340              		.loc 1 214 5 is_stmt 0 view .LVU773
 2341 02a6 63E7     		b	.L138
 2342              	.LVL175:
 2343              	.L211:
 2344              		.loc 1 88 3 view .LVU774
 2345 02a8 40F60241 		movw	r1, #3074
 2346 02ac 8A42     		cmp	r2, r1
 2347 02ae 7FF40AAF 		bne	.L133
 2348              	.L122:
 2349              		.loc 1 160 5 is_stmt 1 view .LVU775
 2350 02b2 1948     		ldr	r0, .L215+4
 2351 02b4 0221     		movs	r1, #2
 2352 02b6 0022     		movs	r2, #0
 2353 02b8 C4E90E01 		strd	r0, r1, [r4, #56]
 2354              		.loc 1 160 5 view .LVU776
 2355 02bc 2264     		str	r2, [r4, #64]
 2356              		.loc 1 160 60 view .LVU777
 2357              		.loc 1 162 5 view .LVU778
 2358              	.LVL176:
 2359              		.loc 1 162 5 is_stmt 0 view .LVU779
 2360 02be 00E7     		b	.L141
 2361              	.LVL177:
 2362              	.L128:
 2363              		.loc 1 141 5 is_stmt 1 view .LVU780
 2364 02c0 0121     		movs	r1, #1
 2365 02c2 04F14F02 		add	r2, r4, #79
 2366 02c6 C4E90E21 		strd	r2, r1, [r4, #56]
 2367              		.loc 1 141 5 view .LVU781
 2368 02ca 2564     		str	r5, [r4, #64]
 2369              		.loc 1 141 58 view .LVU782
 2370              		.loc 1 142 5 view .LVU783
 2371              	.LVL178:
 2372              		.loc 1 142 5 is_stmt 0 view .LVU784
 2373 02cc AAE6     		b	.L134
 2374              	.LVL179:
 2375              	.L118:
 2376              		.loc 1 217 5 is_stmt 1 view .LVU785
 2377              		.loc 1 217 8 is_stmt 0 view .LVU786
 2378 02ce 94F84630 		ldrb	r3, [r4, #70]	@ zero_extendqisi2
 2379 02d2 002B     		cmp	r3, #0
 2380 02d4 7FF4F7AE 		bne	.L133
 2381              		.loc 1 221 5 is_stmt 1 view .LVU787
 2382              		.loc 1 221 21 is_stmt 0 view .LVU788
 2383 02d8 94F84830 		ldrb	r3, [r4, #72]	@ zero_extendqisi2
 2384              		.loc 1 221 8 view .LVU789
 2385 02dc 13F00F01 		ands	r1, r3, #15
 2386 02e0 3FF446AF 		beq	.L138
 2387              		.loc 1 222 7 is_stmt 1 view .LVU790
 2388              		.loc 1 222 10 is_stmt 0 view .LVU791
 2389 02e4 1D06     		lsls	r5, r3, #24
 2390              		.loc 1 223 9 view .LVU792
 2391 02e6 2046     		mov	r0, r4
 2392              		.loc 1 222 10 view .LVU793
 2393 02e8 0FD4     		bmi	.L214
 2394              	.LVL180:
ARM GAS  /tmp/cc9Yqsyg.s 			page 43


 2395              		.loc 1 226 9 is_stmt 1 view .LVU794
 2396 02ea FFF7FEFF 		bl	usb_lld_stall_out
 2397              	.LVL181:
 2398              		.loc 1 226 9 is_stmt 0 view .LVU795
 2399              	.LBE384:
 2400              	.LBE417:
 2401              		.loc 1 724 19 view .LVU796
 2402 02ee 94F84400 		ldrb	r0, [r4, #68]	@ zero_extendqisi2
 2403              	.LBB418:
 2404              	.LBB385:
 2405              		.loc 1 229 5 is_stmt 1 view .LVU797
 2406              		.loc 1 229 5 view .LVU798
 2407              		.loc 1 229 5 view .LVU799
 2408              		.loc 1 229 42 view .LVU800
 2409              		.loc 1 230 5 view .LVU801
 2410              	.LVL182:
 2411              		.loc 1 230 5 is_stmt 0 view .LVU802
 2412 02f2 3DE7     		b	.L138
 2413              	.LVL183:
 2414              	.L212:
 2415              		.loc 1 166 7 is_stmt 1 view .LVU803
 2416              		.loc 1 166 15 is_stmt 0 view .LVU804
 2417 02f4 FFF7FEFF 		bl	usb_lld_get_status_in
 2418              	.LVL184:
 2419              		.loc 1 166 7 discriminator 1 view .LVU805
 2420 02f8 0128     		cmp	r0, #1
 2421 02fa B6D1     		bne	.L204
 2422              	.L143:
 2423              		.loc 1 169 9 is_stmt 1 view .LVU806
 2424 02fc 0748     		ldr	r0, .L215+8
 2425 02fe B8E7     		b	.L202
 2426              	.LVL185:
 2427              	.L213:
 2428              		.loc 1 207 9 view .LVU807
 2429 0300 FFF7FEFF 		bl	usb_lld_clear_in
 2430              	.LVL186:
 2431              		.loc 1 207 9 is_stmt 0 view .LVU808
 2432              	.LBE385:
 2433              	.LBE418:
 2434              		.loc 1 724 19 view .LVU809
 2435 0304 94F84400 		ldrb	r0, [r4, #68]	@ zero_extendqisi2
 2436              	.LBB419:
 2437              	.LBB386:
 2438 0308 32E7     		b	.L138
 2439              	.LVL187:
 2440              	.L214:
 2441              		.loc 1 223 9 is_stmt 1 view .LVU810
 2442 030a FFF7FEFF 		bl	usb_lld_stall_in
 2443              	.LVL188:
 2444              		.loc 1 223 9 is_stmt 0 view .LVU811
 2445              	.LBE386:
 2446              	.LBE419:
 2447              		.loc 1 724 19 view .LVU812
 2448 030e 94F84400 		ldrb	r0, [r4, #68]	@ zero_extendqisi2
 2449              	.LBB420:
 2450              	.LBB387:
 2451 0312 2DE7     		b	.L138
ARM GAS  /tmp/cc9Yqsyg.s 			page 44


 2452              	.L216:
 2453              		.align	2
 2454              	.L215:
 2455 0314 00000000 		.word	active_status
 2456 0318 00000000 		.word	zero_status
 2457 031c 00000000 		.word	halted_status
 2458              	.LBE387:
 2459              	.LBE420:
 2460              		.cfi_endproc
 2461              	.LFE243:
 2462              		.size	_usb_ep0setup, .-_usb_ep0setup
 2463              		.section	.text._usb_ep0in,"ax",%progbits
 2464              		.align	1
 2465              		.p2align 4,,15
 2466              		.global	_usb_ep0in
 2467              		.syntax unified
 2468              		.thumb
 2469              		.thumb_func
 2470              		.type	_usb_ep0in, %function
 2471              	_usb_ep0in:
 2472              	.LVL189:
 2473              	.LFB244:
 2474              		.loc 1 784 46 is_stmt 1 view -0
 2475              		.cfi_startproc
 2476              		@ args = 0, pretend = 0, frame = 0
 2477              		@ frame_needed = 0, uses_anonymous_args = 0
 2478              		.loc 1 785 3 view .LVU814
 2479              		.loc 1 787 3 view .LVU815
 2480              		.loc 1 788 3 view .LVU816
 2481              		.loc 1 784 46 is_stmt 0 view .LVU817
 2482 0000 10B5     		push	{r4, lr}
 2483              		.cfi_def_cfa_offset 8
 2484              		.cfi_offset 4, -8
 2485              		.cfi_offset 14, -4
 2486              		.loc 1 788 3 view .LVU818
 2487 0002 90F83430 		ldrb	r3, [r0, #52]	@ zero_extendqisi2
 2488              		.loc 1 784 46 view .LVU819
 2489 0006 0446     		mov	r4, r0
 2490              		.loc 1 788 3 view .LVU820
 2491 0008 062B     		cmp	r3, #6
 2492 000a 74D8     		bhi	.L218
 2493 000c DFE803F0 		tbb	[pc, r3]
 2494              	.L220:
 2495 0010 04       		.byte	(.L222-.L220)/2
 2496 0011 19       		.byte	(.L224-.L220)/2
 2497 0012 48       		.byte	(.L223-.L220)/2
 2498 0013 04       		.byte	(.L222-.L220)/2
 2499 0014 04       		.byte	(.L222-.L220)/2
 2500 0015 4A       		.byte	(.L221-.L220)/2
 2501 0016 07       		.byte	(.L219-.L220)/2
 2502 0017 00       		.p2align 1
 2503              	.L222:
 2504              		.loc 1 827 5 is_stmt 1 view .LVU821
 2505              		.loc 1 827 5 view .LVU822
 2506              		.loc 1 827 5 discriminator 1 view .LVU823
 2507              		.loc 1 827 5 discriminator 3 view .LVU824
 2508 0018 3948     		ldr	r0, .L240
ARM GAS  /tmp/cc9Yqsyg.s 			page 45


 2509              	.LVL190:
 2510              		.loc 1 827 5 is_stmt 0 discriminator 3 view .LVU825
 2511 001a FFF7FEFF 		bl	chSysHalt
 2512              	.LVL191:
 2513              	.L219:
 2514              		.loc 1 827 5 is_stmt 1 discriminator 5 view .LVU826
 2515              		.loc 1 833 5 view .LVU827
 2516 001e 0021     		movs	r1, #0
 2517 0020 2046     		mov	r0, r4
 2518 0022 FFF7FEFF 		bl	usb_lld_stall_in
 2519              	.LVL192:
 2520              		.loc 1 834 5 view .LVU828
 2521 0026 0021     		movs	r1, #0
 2522 0028 2046     		mov	r0, r4
 2523 002a FFF7FEFF 		bl	usb_lld_stall_out
 2524              	.LVL193:
 2525              		.loc 1 835 5 view .LVU829
 2526 002e 6368     		ldr	r3, [r4, #4]
 2527 0030 1B68     		ldr	r3, [r3]
 2528 0032 13B1     		cbz	r3, .L230
 2529              		.loc 1 835 5 discriminator 1 view .LVU830
 2530 0034 0521     		movs	r1, #5
 2531 0036 2046     		mov	r0, r4
 2532 0038 9847     		blx	r3
 2533              	.LVL194:
 2534              	.L230:
 2535              		.loc 1 835 54 discriminator 3 view .LVU831
 2536              		.loc 1 836 5 view .LVU832
 2537              		.loc 1 836 20 is_stmt 0 view .LVU833
 2538 003a 0623     		movs	r3, #6
 2539 003c 84F83430 		strb	r3, [r4, #52]
 2540              		.loc 1 837 5 is_stmt 1 view .LVU834
 2541              		.loc 1 841 1 is_stmt 0 view .LVU835
 2542 0040 10BD     		pop	{r4, pc}
 2543              	.LVL195:
 2544              	.L224:
 2545              		.loc 1 790 5 is_stmt 1 view .LVU836
 2546              		.loc 1 794 5 view .LVU837
 2547              		.loc 1 794 14 is_stmt 0 view .LVU838
 2548 0042 C16B     		ldr	r1, [r0, #60]
 2549              	.LVL196:
 2550              		.loc 1 790 9 discriminator 1 view .LVU839
 2551 0044 B0F84A20 		ldrh	r2, [r0, #74]	@ unaligned
 2552              		.loc 1 795 33 view .LVU840
 2553 0048 C368     		ldr	r3, [r0, #12]
 2554              		.loc 1 794 8 view .LVU841
 2555 004a 9142     		cmp	r1, r2
 2556 004c 05D2     		bcs	.L225
 2557              		.loc 1 795 36 view .LVU842
 2558 004e 1A8A     		ldrh	r2, [r3, #16]
 2559              		.loc 1 795 22 view .LVU843
 2560 0050 B1FBF2F0 		udiv	r0, r1, r2
 2561              	.LVL197:
 2562              		.loc 1 795 22 view .LVU844
 2563 0054 02FB1011 		mls	r1, r2, r0, r1
 2564              		.loc 1 794 28 discriminator 1 view .LVU845
 2565 0058 59B3     		cbz	r1, .L239
ARM GAS  /tmp/cc9Yqsyg.s 			page 46


 2566              	.LVL198:
 2567              	.L225:
 2568              		.loc 1 806 5 is_stmt 1 view .LVU846
 2569              		.loc 1 806 20 is_stmt 0 view .LVU847
 2570 005a 0322     		movs	r2, #3
 2571 005c 84F83420 		strb	r2, [r4, #52]
 2572              		.loc 1 808 5 is_stmt 1 view .LVU848
 2573              	.LVL199:
 2574              	.LBB460:
 2575              	.LBI460:
 2576              		.loc 1 401 6 view .LVU849
 2577              	.LBB461:
 2578              		.loc 1 402 3 view .LVU850
 2579              		.loc 1 402 24 is_stmt 0 view .LVU851
 2580 0060 9B69     		ldr	r3, [r3, #24]
 2581              	.LVL200:
 2582              		.loc 1 404 3 is_stmt 1 view .LVU852
 2583              		.loc 1 404 27 is_stmt 0 view .LVU853
 2584 0062 0021     		movs	r1, #0
 2585              		.loc 1 406 27 view .LVU854
 2586 0064 C3E90111 		strd	r1, r1, [r3, #4]
 2587              		.loc 1 404 27 view .LVU855
 2588 0068 1970     		strb	r1, [r3]
 2589              		.loc 1 405 3 is_stmt 1 view .LVU856
 2590              		.loc 1 405 27 is_stmt 0 view .LVU857
 2591 006a D960     		str	r1, [r3, #12]
 2592              		.loc 1 406 3 is_stmt 1 view .LVU858
 2593              		.loc 1 407 3 view .LVU859
 2594              		.loc 1 409 3 view .LVU860
 2595 006c 2046     		mov	r0, r4
 2596 006e FFF7FEFF 		bl	usb_lld_prepare_receive
 2597              	.LVL201:
 2598              		.loc 1 409 3 is_stmt 0 view .LVU861
 2599              	.LBE461:
 2600              	.LBE460:
 2601              		.loc 1 809 5 is_stmt 1 view .LVU862
 2602              	.LBB462:
 2603              	.LBI462:
 2604              		.loc 2 513 20 view .LVU863
 2605              		.loc 2 515 3 view .LVU864
 2606              	.LBB463:
 2607              	.LBI463:
 2608              		.loc 3 386 20 view .LVU865
 2609              	.LBB464:
 2610              		.loc 3 388 3 view .LVU866
 2611              	.LBB465:
 2612              	.LBI465:
 2613              		.loc 4 473 20 view .LVU867
 2614              		.loc 4 475 3 view .LVU868
 2615              	.LBB466:
 2616              	.LBI466:
 2617              		.loc 4 444 20 view .LVU869
 2618              		.loc 4 447 3 view .LVU870
 2619              	.LBB467:
 2620              	.LBI467:
 2621              		.loc 5 544 57 view .LVU871
 2622              	.LBB468:
ARM GAS  /tmp/cc9Yqsyg.s 			page 47


 2623              		.loc 5 546 3 view .LVU872
 2624 0072 2023     		movs	r3, #32
 2625              		.syntax unified
 2626              	@ 546 "../RC_Controller/ChibiOS_3.0.5/os/ext/CMSIS/include/core_cmFunc.h" 1
 2627 0074 83F31188 		MSR basepri, r3
 2628              	@ 0 "" 2
 2629              	.LVL202:
 2630              		.loc 5 546 3 is_stmt 0 view .LVU873
 2631              		.thumb
 2632              		.syntax unified
 2633              	.LBE468:
 2634              	.LBE467:
 2635              	.LBE466:
 2636              	.LBE465:
 2637              		.loc 3 389 34 is_stmt 1 view .LVU874
 2638              		.loc 3 390 3 view .LVU875
 2639 0078 FFF7FEFF 		bl	_dbg_check_lock_from_isr
 2640              	.LVL203:
 2641              	.LBE464:
 2642              	.LBE463:
 2643              	.LBE462:
 2644              		.loc 1 810 5 view .LVU876
 2645              	.LBB469:
 2646              	.LBI469:
 2647              		.loc 1 507 6 view .LVU877
 2648              	.LBB470:
 2649              		.loc 1 509 3 view .LVU878
 2650 007c FFF7FEFF 		bl	chDbgCheckClassI
 2651              	.LVL204:
 2652              		.loc 1 510 3 view .LVU879
 2653              		.loc 1 510 3 view .LVU880
 2654              		.loc 1 510 3 discriminator 1 view .LVU881
 2655              		.loc 1 510 3 discriminator 5 view .LVU882
 2656              		.loc 1 512 3 view .LVU883
 2657              		.loc 1 512 7 is_stmt 0 view .LVU884
 2658 0080 6389     		ldrh	r3, [r4, #10]
 2659              		.loc 1 512 6 view .LVU885
 2660 0082 13F00101 		ands	r1, r3, #1
 2661 0086 05D1     		bne	.L228
 2662              		.loc 1 516 3 is_stmt 1 view .LVU886
 2663              		.loc 1 516 19 is_stmt 0 view .LVU887
 2664 0088 43F00103 		orr	r3, r3, #1
 2665 008c 6381     		strh	r3, [r4, #10]	@ movhi
 2666              		.loc 1 517 3 is_stmt 1 view .LVU888
 2667 008e 2046     		mov	r0, r4
 2668 0090 FFF7FEFF 		bl	usb_lld_start_out
 2669              	.LVL205:
 2670              		.loc 1 518 3 view .LVU889
 2671              	.L228:
 2672              		.loc 1 518 3 is_stmt 0 view .LVU890
 2673              	.LBE470:
 2674              	.LBE469:
 2675              		.loc 1 811 5 is_stmt 1 view .LVU891
 2676              	.LBB471:
 2677              	.LBI471:
 2678              		.loc 2 524 20 view .LVU892
 2679              	.LBB472:
ARM GAS  /tmp/cc9Yqsyg.s 			page 48


 2680              		.loc 2 526 3 view .LVU893
 2681              	.LBB473:
 2682              	.LBI473:
 2683              		.loc 3 406 20 view .LVU894
 2684              	.LBB474:
 2685              		.loc 3 408 3 view .LVU895
 2686 0094 FFF7FEFF 		bl	_dbg_check_unlock_from_isr
 2687              	.LVL206:
 2688              		.loc 3 409 33 view .LVU896
 2689              		.loc 3 410 3 view .LVU897
 2690              	.LBB475:
 2691              	.LBI475:
 2692              		.loc 4 484 20 view .LVU898
 2693              		.loc 4 486 3 view .LVU899
 2694              	.LBB476:
 2695              	.LBI476:
 2696              		.loc 4 458 20 view .LVU900
 2697              		.loc 4 461 3 view .LVU901
 2698              	.LBB477:
 2699              	.LBI477:
 2700              		.loc 5 544 57 view .LVU902
 2701              	.LBB478:
 2702              		.loc 5 546 3 view .LVU903
 2703 0098 0023     		movs	r3, #0
 2704              		.syntax unified
 2705              	@ 546 "../RC_Controller/ChibiOS_3.0.5/os/ext/CMSIS/include/core_cmFunc.h" 1
 2706 009a 83F31188 		MSR basepri, r3
 2707              	@ 0 "" 2
 2708              	.LVL207:
 2709              		.loc 5 546 3 is_stmt 0 view .LVU904
 2710              		.thumb
 2711              		.syntax unified
 2712              	.LBE478:
 2713              	.LBE477:
 2714              	.LBE476:
 2715              	.LBE475:
 2716              	.LBE474:
 2717              	.LBE473:
 2718              	.LBE472:
 2719              	.LBE471:
 2720              		.loc 1 815 5 is_stmt 1 view .LVU905
 2721              		.loc 1 841 1 is_stmt 0 view .LVU906
 2722 009e 10BD     		pop	{r4, pc}
 2723              	.LVL208:
 2724              	.L223:
 2725              		.loc 1 795 33 view .LVU907
 2726 00a0 C368     		ldr	r3, [r0, #12]
 2727 00a2 DAE7     		b	.L225
 2728              	.L221:
 2729              		.loc 1 818 5 is_stmt 1 view .LVU908
 2730              		.loc 1 818 13 is_stmt 0 view .LVU909
 2731 00a4 036C     		ldr	r3, [r0, #64]
 2732              		.loc 1 818 8 view .LVU910
 2733 00a6 03B1     		cbz	r3, .L229
 2734              		.loc 1 819 7 is_stmt 1 view .LVU911
 2735 00a8 9847     		blx	r3
 2736              	.LVL209:
ARM GAS  /tmp/cc9Yqsyg.s 			page 49


 2737              	.L229:
 2738              		.loc 1 821 5 view .LVU912
 2739              		.loc 1 821 20 is_stmt 0 view .LVU913
 2740 00aa 0023     		movs	r3, #0
 2741 00ac 84F83430 		strb	r3, [r4, #52]
 2742              		.loc 1 822 5 is_stmt 1 view .LVU914
 2743              		.loc 1 841 1 is_stmt 0 view .LVU915
 2744 00b0 10BD     		pop	{r4, pc}
 2745              	.LVL210:
 2746              	.L239:
 2747              		.loc 1 796 7 is_stmt 1 view .LVU916
 2748              	.LBB479:
 2749              	.LBI479:
 2750              		.loc 1 426 6 view .LVU917
 2751              	.LBB480:
 2752              		.loc 1 428 3 view .LVU918
 2753              		.loc 1 428 23 is_stmt 0 view .LVU919
 2754 00b2 5B69     		ldr	r3, [r3, #20]
 2755              	.LVL211:
 2756              		.loc 1 430 3 is_stmt 1 view .LVU920
 2757              		.loc 1 435 3 is_stmt 0 view .LVU921
 2758 00b4 2046     		mov	r0, r4
 2759              		.loc 1 432 27 view .LVU922
 2760 00b6 C3E90111 		strd	r1, r1, [r3, #4]
 2761              	.LVL212:
 2762              		.loc 1 430 27 view .LVU923
 2763 00ba 1970     		strb	r1, [r3]
 2764              		.loc 1 431 3 is_stmt 1 view .LVU924
 2765              		.loc 1 431 27 is_stmt 0 view .LVU925
 2766 00bc D960     		str	r1, [r3, #12]
 2767              		.loc 1 432 3 is_stmt 1 view .LVU926
 2768              		.loc 1 433 3 view .LVU927
 2769              		.loc 1 435 3 view .LVU928
 2770 00be FFF7FEFF 		bl	usb_lld_prepare_transmit
 2771              	.LVL213:
 2772              		.loc 1 435 3 is_stmt 0 view .LVU929
 2773              	.LBE480:
 2774              	.LBE479:
 2775              		.loc 1 797 7 is_stmt 1 view .LVU930
 2776              	.LBB481:
 2777              	.LBI481:
 2778              		.loc 2 513 20 view .LVU931
 2779              		.loc 2 515 3 view .LVU932
 2780              	.LBB482:
 2781              	.LBI482:
 2782              		.loc 3 386 20 view .LVU933
 2783              	.LBB483:
 2784              		.loc 3 388 3 view .LVU934
 2785              	.LBB484:
 2786              	.LBI484:
 2787              		.loc 4 473 20 view .LVU935
 2788              		.loc 4 475 3 view .LVU936
 2789              	.LBB485:
 2790              	.LBI485:
 2791              		.loc 4 444 20 view .LVU937
 2792              		.loc 4 447 3 view .LVU938
 2793              	.LBB486:
ARM GAS  /tmp/cc9Yqsyg.s 			page 50


 2794              	.LBI486:
 2795              		.loc 5 544 57 view .LVU939
 2796              	.LBB487:
 2797              		.loc 5 546 3 view .LVU940
 2798 00c2 2023     		movs	r3, #32
 2799              		.syntax unified
 2800              	@ 546 "../RC_Controller/ChibiOS_3.0.5/os/ext/CMSIS/include/core_cmFunc.h" 1
 2801 00c4 83F31188 		MSR basepri, r3
 2802              	@ 0 "" 2
 2803              	.LVL214:
 2804              		.loc 5 546 3 is_stmt 0 view .LVU941
 2805              		.thumb
 2806              		.syntax unified
 2807              	.LBE487:
 2808              	.LBE486:
 2809              	.LBE485:
 2810              	.LBE484:
 2811              		.loc 3 389 34 is_stmt 1 view .LVU942
 2812              		.loc 3 390 3 view .LVU943
 2813 00c8 FFF7FEFF 		bl	_dbg_check_lock_from_isr
 2814              	.LVL215:
 2815              	.LBE483:
 2816              	.LBE482:
 2817              	.LBE481:
 2818              		.loc 1 798 7 view .LVU944
 2819              	.LBB488:
 2820              	.LBI488:
 2821              		.loc 1 535 6 view .LVU945
 2822              	.LBB489:
 2823              		.loc 1 537 3 view .LVU946
 2824 00cc FFF7FEFF 		bl	chDbgCheckClassI
 2825              	.LVL216:
 2826              		.loc 1 538 3 view .LVU947
 2827              		.loc 1 538 3 view .LVU948
 2828              		.loc 1 538 3 discriminator 1 view .LVU949
 2829              		.loc 1 538 3 discriminator 5 view .LVU950
 2830              		.loc 1 540 3 view .LVU951
 2831              		.loc 1 540 7 is_stmt 0 view .LVU952
 2832 00d0 2389     		ldrh	r3, [r4, #8]
 2833              		.loc 1 540 6 view .LVU953
 2834 00d2 13F00101 		ands	r1, r3, #1
 2835 00d6 05D1     		bne	.L226
 2836              		.loc 1 544 3 is_stmt 1 view .LVU954
 2837              		.loc 1 544 22 is_stmt 0 view .LVU955
 2838 00d8 43F00103 		orr	r3, r3, #1
 2839 00dc 2381     		strh	r3, [r4, #8]	@ movhi
 2840              		.loc 1 545 3 is_stmt 1 view .LVU956
 2841 00de 2046     		mov	r0, r4
 2842 00e0 FFF7FEFF 		bl	usb_lld_start_in
 2843              	.LVL217:
 2844              		.loc 1 546 3 view .LVU957
 2845              	.L226:
 2846              		.loc 1 546 3 is_stmt 0 view .LVU958
 2847              	.LBE489:
 2848              	.LBE488:
 2849              		.loc 1 799 7 is_stmt 1 view .LVU959
 2850              	.LBB490:
ARM GAS  /tmp/cc9Yqsyg.s 			page 51


 2851              	.LBI490:
 2852              		.loc 2 524 20 view .LVU960
 2853              		.loc 2 526 3 view .LVU961
 2854              	.LBB491:
 2855              	.LBI491:
 2856              		.loc 3 406 20 view .LVU962
 2857              	.LBB492:
 2858              		.loc 3 408 3 view .LVU963
 2859 00e4 FFF7FEFF 		bl	_dbg_check_unlock_from_isr
 2860              	.LVL218:
 2861              		.loc 3 409 33 view .LVU964
 2862              		.loc 3 410 3 view .LVU965
 2863              	.LBB493:
 2864              	.LBI493:
 2865              		.loc 4 484 20 view .LVU966
 2866              		.loc 4 486 3 view .LVU967
 2867              	.LBB494:
 2868              	.LBI494:
 2869              		.loc 4 458 20 view .LVU968
 2870              		.loc 4 461 3 view .LVU969
 2871              	.LBB495:
 2872              	.LBI495:
 2873              		.loc 5 544 57 view .LVU970
 2874              	.LBB496:
 2875              		.loc 5 546 3 view .LVU971
 2876 00e8 0023     		movs	r3, #0
 2877              		.syntax unified
 2878              	@ 546 "../RC_Controller/ChibiOS_3.0.5/os/ext/CMSIS/include/core_cmFunc.h" 1
 2879 00ea 83F31188 		MSR basepri, r3
 2880              	@ 0 "" 2
 2881              	.LVL219:
 2882              		.loc 5 546 3 is_stmt 0 view .LVU972
 2883              		.thumb
 2884              		.syntax unified
 2885              	.LBE496:
 2886              	.LBE495:
 2887              	.LBE494:
 2888              	.LBE493:
 2889              	.LBE492:
 2890              	.LBE491:
 2891              	.LBE490:
 2892              		.loc 1 800 7 is_stmt 1 view .LVU973
 2893              		.loc 1 800 22 is_stmt 0 view .LVU974
 2894 00ee 0223     		movs	r3, #2
 2895 00f0 84F83430 		strb	r3, [r4, #52]
 2896              		.loc 1 801 7 is_stmt 1 view .LVU975
 2897              		.loc 1 841 1 is_stmt 0 view .LVU976
 2898 00f4 10BD     		pop	{r4, pc}
 2899              	.LVL220:
 2900              	.L218:
 2901              		.loc 1 839 5 is_stmt 1 view .LVU977
 2902              		.loc 1 839 5 view .LVU978
 2903              		.loc 1 839 5 discriminator 1 view .LVU979
 2904              		.loc 1 839 5 discriminator 3 view .LVU980
 2905              		.loc 1 841 1 is_stmt 0 view .LVU981
 2906 00f6 BDE81040 		pop	{r4, lr}
 2907              		.cfi_restore 14
ARM GAS  /tmp/cc9Yqsyg.s 			page 52


 2908              		.cfi_restore 4
 2909              		.cfi_def_cfa_offset 0
 2910              		.loc 1 839 5 discriminator 3 view .LVU982
 2911 00fa 0148     		ldr	r0, .L240
 2912              	.LVL221:
 2913              		.loc 1 839 5 discriminator 3 view .LVU983
 2914 00fc FFF7FEBF 		b	chSysHalt
 2915              	.LVL222:
 2916              	.L241:
 2917              		.loc 1 839 5 discriminator 3 view .LVU984
 2918              		.align	2
 2919              	.L240:
 2920 0100 00000000 		.word	__func__.1
 2921              		.cfi_endproc
 2922              	.LFE244:
 2923              		.size	_usb_ep0in, .-_usb_ep0in
 2924              		.section	.text._usb_ep0out,"ax",%progbits
 2925              		.align	1
 2926              		.p2align 4,,15
 2927              		.global	_usb_ep0out
 2928              		.syntax unified
 2929              		.thumb
 2930              		.thumb_func
 2931              		.type	_usb_ep0out, %function
 2932              	_usb_ep0out:
 2933              	.LVL223:
 2934              	.LFB245:
 2935              		.loc 1 853 47 is_stmt 1 view -0
 2936              		.cfi_startproc
 2937              		@ args = 0, pretend = 0, frame = 0
 2938              		@ frame_needed = 0, uses_anonymous_args = 0
 2939              		.loc 1 855 3 view .LVU986
 2940              		.loc 1 856 3 view .LVU987
 2941              		.loc 1 853 47 is_stmt 0 view .LVU988
 2942 0000 10B5     		push	{r4, lr}
 2943              		.cfi_def_cfa_offset 8
 2944              		.cfi_offset 4, -8
 2945              		.cfi_offset 14, -4
 2946              		.loc 1 856 3 view .LVU989
 2947 0002 90F83430 		ldrb	r3, [r0, #52]	@ zero_extendqisi2
 2948              		.loc 1 853 47 view .LVU990
 2949 0006 0446     		mov	r4, r0
 2950              		.loc 1 856 3 view .LVU991
 2951 0008 062B     		cmp	r3, #6
 2952 000a 4AD8     		bhi	.L243
 2953 000c DFE803F0 		tbb	[pc, r3]
 2954              	.L245:
 2955 0010 04       		.byte	(.L246-.L245)/2
 2956 0011 04       		.byte	(.L246-.L245)/2
 2957 0012 04       		.byte	(.L246-.L245)/2
 2958 0013 36       		.byte	(.L248-.L245)/2
 2959 0014 19       		.byte	(.L247-.L245)/2
 2960 0015 04       		.byte	(.L246-.L245)/2
 2961 0016 07       		.byte	(.L244-.L245)/2
 2962 0017 00       		.p2align 1
 2963              	.L246:
 2964              		.loc 1 887 5 is_stmt 1 view .LVU992
ARM GAS  /tmp/cc9Yqsyg.s 			page 53


 2965              		.loc 1 887 5 view .LVU993
 2966              		.loc 1 887 5 discriminator 1 view .LVU994
 2967              		.loc 1 887 5 discriminator 3 view .LVU995
 2968 0018 2448     		ldr	r0, .L262
 2969              	.LVL224:
 2970              		.loc 1 887 5 is_stmt 0 discriminator 3 view .LVU996
 2971 001a FFF7FEFF 		bl	chSysHalt
 2972              	.LVL225:
 2973              	.L244:
 2974              		.loc 1 887 5 is_stmt 1 discriminator 5 view .LVU997
 2975              		.loc 1 893 5 view .LVU998
 2976 001e 0021     		movs	r1, #0
 2977 0020 2046     		mov	r0, r4
 2978 0022 FFF7FEFF 		bl	usb_lld_stall_in
 2979              	.LVL226:
 2980              		.loc 1 894 5 view .LVU999
 2981 0026 0021     		movs	r1, #0
 2982 0028 2046     		mov	r0, r4
 2983 002a FFF7FEFF 		bl	usb_lld_stall_out
 2984              	.LVL227:
 2985              		.loc 1 895 5 view .LVU1000
 2986 002e 6368     		ldr	r3, [r4, #4]
 2987 0030 1B68     		ldr	r3, [r3]
 2988 0032 13B1     		cbz	r3, .L252
 2989              		.loc 1 895 5 discriminator 1 view .LVU1001
 2990 0034 0521     		movs	r1, #5
 2991 0036 2046     		mov	r0, r4
 2992 0038 9847     		blx	r3
 2993              	.LVL228:
 2994              	.L252:
 2995              		.loc 1 895 54 discriminator 3 view .LVU1002
 2996              		.loc 1 896 5 view .LVU1003
 2997              		.loc 1 896 20 is_stmt 0 view .LVU1004
 2998 003a 0623     		movs	r3, #6
 2999 003c 84F83430 		strb	r3, [r4, #52]
 3000              		.loc 1 897 5 is_stmt 1 view .LVU1005
 3001              	.L242:
 3002              		.loc 1 901 1 is_stmt 0 view .LVU1006
 3003 0040 10BD     		pop	{r4, pc}
 3004              	.LVL229:
 3005              	.L247:
 3006              		.loc 1 859 5 is_stmt 1 view .LVU1007
 3007              	.LBB516:
 3008              	.LBB517:
 3009              		.loc 1 428 23 is_stmt 0 view .LVU1008
 3010 0042 C368     		ldr	r3, [r0, #12]
 3011              	.LBE517:
 3012              	.LBE516:
 3013              		.loc 1 859 20 view .LVU1009
 3014 0044 0522     		movs	r2, #5
 3015 0046 80F83420 		strb	r2, [r0, #52]
 3016              		.loc 1 861 5 is_stmt 1 view .LVU1010
 3017              	.LVL230:
 3018              	.LBB519:
 3019              	.LBI516:
 3020              		.loc 1 426 6 view .LVU1011
 3021              	.LBB518:
ARM GAS  /tmp/cc9Yqsyg.s 			page 54


 3022              		.loc 1 428 3 view .LVU1012
 3023              		.loc 1 428 23 is_stmt 0 view .LVU1013
 3024 004a 5B69     		ldr	r3, [r3, #20]
 3025              	.LVL231:
 3026              		.loc 1 430 3 is_stmt 1 view .LVU1014
 3027              		.loc 1 430 27 is_stmt 0 view .LVU1015
 3028 004c 0021     		movs	r1, #0
 3029              	.LVL232:
 3030              		.loc 1 432 27 view .LVU1016
 3031 004e C3E90111 		strd	r1, r1, [r3, #4]
 3032              		.loc 1 430 27 view .LVU1017
 3033 0052 1970     		strb	r1, [r3]
 3034              		.loc 1 431 3 is_stmt 1 view .LVU1018
 3035              		.loc 1 431 27 is_stmt 0 view .LVU1019
 3036 0054 D960     		str	r1, [r3, #12]
 3037              		.loc 1 432 3 is_stmt 1 view .LVU1020
 3038              		.loc 1 433 3 view .LVU1021
 3039              		.loc 1 435 3 view .LVU1022
 3040 0056 FFF7FEFF 		bl	usb_lld_prepare_transmit
 3041              	.LVL233:
 3042              		.loc 1 435 3 is_stmt 0 view .LVU1023
 3043              	.LBE518:
 3044              	.LBE519:
 3045              		.loc 1 862 5 is_stmt 1 view .LVU1024
 3046              	.LBB520:
 3047              	.LBI520:
 3048              		.loc 2 513 20 view .LVU1025
 3049              		.loc 2 515 3 view .LVU1026
 3050              	.LBB521:
 3051              	.LBI521:
 3052              		.loc 3 386 20 view .LVU1027
 3053              	.LBB522:
 3054              		.loc 3 388 3 view .LVU1028
 3055              	.LBB523:
 3056              	.LBI523:
 3057              		.loc 4 473 20 view .LVU1029
 3058              		.loc 4 475 3 view .LVU1030
 3059              	.LBB524:
 3060              	.LBI524:
 3061              		.loc 4 444 20 view .LVU1031
 3062              		.loc 4 447 3 view .LVU1032
 3063              	.LBB525:
 3064              	.LBI525:
 3065              		.loc 5 544 57 view .LVU1033
 3066              	.LBB526:
 3067              		.loc 5 546 3 view .LVU1034
 3068 005a 2023     		movs	r3, #32
 3069              		.syntax unified
 3070              	@ 546 "../RC_Controller/ChibiOS_3.0.5/os/ext/CMSIS/include/core_cmFunc.h" 1
 3071 005c 83F31188 		MSR basepri, r3
 3072              	@ 0 "" 2
 3073              	.LVL234:
 3074              		.loc 5 546 3 is_stmt 0 view .LVU1035
 3075              		.thumb
 3076              		.syntax unified
 3077              	.LBE526:
 3078              	.LBE525:
ARM GAS  /tmp/cc9Yqsyg.s 			page 55


 3079              	.LBE524:
 3080              	.LBE523:
 3081              		.loc 3 389 34 is_stmt 1 view .LVU1036
 3082              		.loc 3 390 3 view .LVU1037
 3083 0060 FFF7FEFF 		bl	_dbg_check_lock_from_isr
 3084              	.LVL235:
 3085              	.LBE522:
 3086              	.LBE521:
 3087              	.LBE520:
 3088              		.loc 1 863 5 view .LVU1038
 3089              	.LBB527:
 3090              	.LBI527:
 3091              		.loc 1 535 6 view .LVU1039
 3092              	.LBB528:
 3093              		.loc 1 537 3 view .LVU1040
 3094 0064 FFF7FEFF 		bl	chDbgCheckClassI
 3095              	.LVL236:
 3096              		.loc 1 538 3 view .LVU1041
 3097              		.loc 1 538 3 view .LVU1042
 3098              		.loc 1 538 3 discriminator 1 view .LVU1043
 3099              		.loc 1 538 3 discriminator 5 view .LVU1044
 3100              		.loc 1 540 3 view .LVU1045
 3101              		.loc 1 540 7 is_stmt 0 view .LVU1046
 3102 0068 2389     		ldrh	r3, [r4, #8]
 3103              		.loc 1 540 6 view .LVU1047
 3104 006a 13F00101 		ands	r1, r3, #1
 3105 006e 11D0     		beq	.L261
 3106              	.L249:
 3107              	.LVL237:
 3108              		.loc 1 540 6 view .LVU1048
 3109              	.LBE528:
 3110              	.LBE527:
 3111              		.loc 1 864 5 is_stmt 1 view .LVU1049
 3112              	.LBB530:
 3113              	.LBI530:
 3114              		.loc 2 524 20 view .LVU1050
 3115              	.LBB531:
 3116              		.loc 2 526 3 view .LVU1051
 3117              	.LBB532:
 3118              	.LBI532:
 3119              		.loc 3 406 20 view .LVU1052
 3120              	.LBB533:
 3121              		.loc 3 408 3 view .LVU1053
 3122 0070 FFF7FEFF 		bl	_dbg_check_unlock_from_isr
 3123              	.LVL238:
 3124              		.loc 3 409 33 view .LVU1054
 3125              		.loc 3 410 3 view .LVU1055
 3126              	.LBB534:
 3127              	.LBI534:
 3128              		.loc 4 484 20 view .LVU1056
 3129              		.loc 4 486 3 view .LVU1057
 3130              	.LBB535:
 3131              	.LBI535:
 3132              		.loc 4 458 20 view .LVU1058
 3133              		.loc 4 461 3 view .LVU1059
 3134              	.LBB536:
 3135              	.LBI536:
ARM GAS  /tmp/cc9Yqsyg.s 			page 56


 3136              		.loc 5 544 57 view .LVU1060
 3137              	.LBB537:
 3138              		.loc 5 546 3 view .LVU1061
 3139 0074 0023     		movs	r3, #0
 3140              		.syntax unified
 3141              	@ 546 "../RC_Controller/ChibiOS_3.0.5/os/ext/CMSIS/include/core_cmFunc.h" 1
 3142 0076 83F31188 		MSR basepri, r3
 3143              	@ 0 "" 2
 3144              	.LVL239:
 3145              		.loc 5 546 3 is_stmt 0 view .LVU1062
 3146              		.thumb
 3147              		.syntax unified
 3148              	.LBE537:
 3149              	.LBE536:
 3150              	.LBE535:
 3151              	.LBE534:
 3152              	.LBE533:
 3153              	.LBE532:
 3154              	.LBE531:
 3155              	.LBE530:
 3156              		.loc 1 868 5 is_stmt 1 view .LVU1063
 3157              		.loc 1 901 1 is_stmt 0 view .LVU1064
 3158 007a 10BD     		pop	{r4, pc}
 3159              	.LVL240:
 3160              	.L248:
 3161              		.loc 1 873 5 is_stmt 1 view .LVU1065
 3162              		.loc 1 873 9 is_stmt 0 view .LVU1066
 3163 007c C368     		ldr	r3, [r0, #12]
 3164 007e 9B69     		ldr	r3, [r3, #24]
 3165              		.loc 1 873 8 view .LVU1067
 3166 0080 9B68     		ldr	r3, [r3, #8]
 3167 0082 002B     		cmp	r3, #0
 3168 0084 DCD1     		bne	.L242
 3169              		.loc 1 877 5 is_stmt 1 view .LVU1068
 3170              		.loc 1 877 13 is_stmt 0 view .LVU1069
 3171 0086 036C     		ldr	r3, [r0, #64]
 3172              		.loc 1 877 8 view .LVU1070
 3173 0088 03B1     		cbz	r3, .L251
 3174              		.loc 1 878 7 is_stmt 1 view .LVU1071
 3175 008a 9847     		blx	r3
 3176              	.LVL241:
 3177              	.L251:
 3178              		.loc 1 880 5 view .LVU1072
 3179              		.loc 1 880 20 is_stmt 0 view .LVU1073
 3180 008c 0023     		movs	r3, #0
 3181 008e 84F83430 		strb	r3, [r4, #52]
 3182              		.loc 1 881 5 is_stmt 1 view .LVU1074
 3183              		.loc 1 901 1 is_stmt 0 view .LVU1075
 3184 0092 10BD     		pop	{r4, pc}
 3185              	.LVL242:
 3186              	.L261:
 3187              	.LBB538:
 3188              	.LBB529:
 3189              		.loc 1 544 3 is_stmt 1 view .LVU1076
 3190              		.loc 1 544 22 is_stmt 0 view .LVU1077
 3191 0094 43F00103 		orr	r3, r3, #1
 3192 0098 2381     		strh	r3, [r4, #8]	@ movhi
ARM GAS  /tmp/cc9Yqsyg.s 			page 57


 3193              		.loc 1 545 3 is_stmt 1 view .LVU1078
 3194 009a 2046     		mov	r0, r4
 3195 009c FFF7FEFF 		bl	usb_lld_start_in
 3196              	.LVL243:
 3197              		.loc 1 546 3 view .LVU1079
 3198              		.loc 1 546 10 is_stmt 0 view .LVU1080
 3199 00a0 E6E7     		b	.L249
 3200              	.LVL244:
 3201              	.L243:
 3202              		.loc 1 546 10 view .LVU1081
 3203              	.LBE529:
 3204              	.LBE538:
 3205              		.loc 1 899 5 is_stmt 1 view .LVU1082
 3206              		.loc 1 899 5 view .LVU1083
 3207              		.loc 1 899 5 discriminator 1 view .LVU1084
 3208              		.loc 1 899 5 discriminator 3 view .LVU1085
 3209              		.loc 1 901 1 is_stmt 0 view .LVU1086
 3210 00a2 BDE81040 		pop	{r4, lr}
 3211              		.cfi_restore 14
 3212              		.cfi_restore 4
 3213              		.cfi_def_cfa_offset 0
 3214              		.loc 1 899 5 discriminator 3 view .LVU1087
 3215 00a6 0148     		ldr	r0, .L262
 3216              	.LVL245:
 3217              		.loc 1 899 5 discriminator 3 view .LVU1088
 3218 00a8 FFF7FEBF 		b	chSysHalt
 3219              	.LVL246:
 3220              	.L263:
 3221              		.loc 1 899 5 discriminator 3 view .LVU1089
 3222              		.align	2
 3223              	.L262:
 3224 00ac 00000000 		.word	__func__.0
 3225              		.cfi_endproc
 3226              	.LFE245:
 3227              		.size	_usb_ep0out, .-_usb_ep0out
 3228              		.section	.rodata.__func__.0,"a"
 3229              		.align	2
 3230              		.type	__func__.0, %object
 3231              		.size	__func__.0, 12
 3232              	__func__.0:
 3233 0000 5F757362 		.ascii	"_usb_ep0out\000"
 3233      5F657030 
 3233      6F757400 
 3234              		.section	.rodata.__func__.1,"a"
 3235              		.align	2
 3236              		.type	__func__.1, %object
 3237              		.size	__func__.1, 11
 3238              	__func__.1:
 3239 0000 5F757362 		.ascii	"_usb_ep0in\000"
 3239      5F657030 
 3239      696E00
 3240              		.section	.rodata.__func__.2,"a"
 3241              		.align	2
 3242              		.type	__func__.2, %object
 3243              		.size	__func__.2, 18
 3244              	__func__.2:
 3245 0000 75736253 		.ascii	"usbStallTransmitI\000"
ARM GAS  /tmp/cc9Yqsyg.s 			page 58


 3245      74616C6C 
 3245      5472616E 
 3245      736D6974 
 3245      4900
 3246              		.section	.rodata.__func__.3,"a"
 3247              		.align	2
 3248              		.type	__func__.3, %object
 3249              		.size	__func__.3, 17
 3250              	__func__.3:
 3251 0000 75736253 		.ascii	"usbStallReceiveI\000"
 3251      74616C6C 
 3251      52656365 
 3251      69766549 
 3251      00
 3252              		.section	.rodata.__func__.4,"a"
 3253              		.align	2
 3254              		.type	__func__.4, %object
 3255              		.size	__func__.4, 18
 3256              	__func__.4:
 3257 0000 75736253 		.ascii	"usbStartTransmitI\000"
 3257      74617274 
 3257      5472616E 
 3257      736D6974 
 3257      4900
 3258              		.section	.rodata.__func__.5,"a"
 3259              		.align	2
 3260              		.type	__func__.5, %object
 3261              		.size	__func__.5, 17
 3262              	__func__.5:
 3263 0000 75736253 		.ascii	"usbStartReceiveI\000"
 3263      74617274 
 3263      52656365 
 3263      69766549 
 3263      00
 3264              		.section	.rodata.__func__.6,"a"
 3265              		.align	2
 3266              		.type	__func__.6, %object
 3267              		.size	__func__.6, 21
 3268              	__func__.6:
 3269 0000 75736244 		.ascii	"usbDisableEndpointsI\000"
 3269      69736162 
 3269      6C65456E 
 3269      64706F69 
 3269      6E747349 
 3270              		.section	.rodata.__func__.7,"a"
 3271              		.align	2
 3272              		.type	__func__.7, %object
 3273              		.size	__func__.7, 17
 3274              	__func__.7:
 3275 0000 75736249 		.ascii	"usbInitEndpointI\000"
 3275      6E697445 
 3275      6E64706F 
 3275      696E7449 
 3275      00
 3276              		.section	.rodata.__func__.8,"a"
 3277              		.align	2
 3278              		.type	__func__.8, %object
ARM GAS  /tmp/cc9Yqsyg.s 			page 59


 3279              		.size	__func__.8, 8
 3280              	__func__.8:
 3281 0000 75736253 		.ascii	"usbStop\000"
 3281      746F7000 
 3282              		.section	.rodata.__func__.9,"a"
 3283              		.align	2
 3284              		.type	__func__.9, %object
 3285              		.size	__func__.9, 12
 3286              	__func__.9:
 3287 0000 63685379 		.ascii	"chSysUnlock\000"
 3287      73556E6C 
 3287      6F636B00 
 3288              		.section	.rodata.__func__.10,"a"
 3289              		.align	2
 3290              		.type	__func__.10, %object
 3291              		.size	__func__.10, 9
 3292              	__func__.10:
 3293 0000 75736253 		.ascii	"usbStart\000"
 3293      74617274 
 3293      00
 3294              		.section	.rodata.halted_status,"a"
 3295              		.align	2
 3296              		.type	halted_status, %object
 3297              		.size	halted_status, 2
 3298              	halted_status:
 3299 0000 0100     		.ascii	"\001\000"
 3300              		.section	.rodata.active_status,"a"
 3301              		.align	2
 3302              		.type	active_status, %object
 3303              		.size	active_status, 2
 3304              	active_status:
 3305 0000 0000     		.space	2
 3306              		.section	.rodata.zero_status,"a"
 3307              		.align	2
 3308              		.type	zero_status, %object
 3309              		.size	zero_status, 2
 3310              	zero_status:
 3311 0000 0000     		.space	2
 3312              		.text
 3313              	.Letext0:
 3314              		.file 6 "/opt/arm-gnu-toolchain-13.2.Rel1-x86_64-arm-none-eabi/lib/gcc/arm-none-eabi/13.2.1/includ
 3315              		.file 7 "/opt/arm-gnu-toolchain-13.2.Rel1-x86_64-arm-none-eabi/arm-none-eabi/include/machine/_defa
 3316              		.file 8 "/opt/arm-gnu-toolchain-13.2.Rel1-x86_64-arm-none-eabi/arm-none-eabi/include/sys/_stdint.h
 3317              		.file 9 "../RC_Controller/ChibiOS_3.0.5/os/rt/ports/ARMCMx/compilers/GCC/chtypes.h"
 3318              		.file 10 "../RC_Controller/ChibiOS_3.0.5/os/rt/include/chsystypes.h"
 3319              		.file 11 "../RC_Controller/ChibiOS_3.0.5/os/rt/include/chschd.h"
 3320              		.file 12 "../RC_Controller/ChibiOS_3.0.5/os/rt/ports/ARMCMx/chcore.h"
 3321              		.file 13 "../RC_Controller/ChibiOS_3.0.5/os/rt/include/chtm.h"
 3322              		.file 14 "../RC_Controller/ChibiOS_3.0.5/os/rt/include/chsem.h"
 3323              		.file 15 "../RC_Controller/ChibiOS_3.0.5/os/rt/include/chmtx.h"
 3324              		.file 16 "../RC_Controller/ChibiOS_3.0.5/os/hal/include/hal_queues.h"
 3325              		.file 17 "../RC_Controller/ChibiOS_3.0.5/os/hal/include/usb.h"
 3326              		.file 18 "../RC_Controller/ChibiOS_3.0.5/os/hal/ports/STM32/LLD/OTGv1/usb_lld.h"
 3327              		.file 19 "../RC_Controller/ChibiOS_3.0.5/os/hal/ports/STM32/LLD/OTGv1/stm32_otg.h"
 3328              		.file 20 "../RC_Controller/ChibiOS_3.0.5/os/rt/include/chdebug.h"
 3329              		.file 21 "/opt/arm-gnu-toolchain-13.2.Rel1-x86_64-arm-none-eabi/arm-none-eabi/include/string.h"
 3330              		.section	.debug_info,"",%progbits
ARM GAS  /tmp/cc9Yqsyg.s 			page 60


 3331              	.Ldebug_info0:
 3332 0000 072F0000 		.4byte	0x2f07
 3333 0004 0500     		.2byte	0x5
 3334 0006 01       		.byte	0x1
 3335 0007 04       		.byte	0x4
 3336 0008 00000000 		.4byte	.Ldebug_abbrev0
 3337 000c 41       		.uleb128 0x41
 3338 000d 18000000 		.4byte	.LASF344
 3339 0011 0C       		.byte	0xc
 3340 0012 740E0000 		.4byte	.LASF345
 3341 0016 740C0000 		.4byte	.LASF346
 3342 001a 0D010000 		.4byte	.LLRL126
 3343 001e 00000000 		.4byte	0
 3344 0022 00000000 		.4byte	.Ldebug_line0
 3345 0026 1B       		.uleb128 0x1b
 3346 0027 08       		.byte	0x8
 3347 0028 07       		.byte	0x7
 3348 0029 5D0B0000 		.4byte	.LASF0
 3349 002d 1B       		.uleb128 0x1b
 3350 002e 04       		.byte	0x4
 3351 002f 07       		.byte	0x7
 3352 0030 BF090000 		.4byte	.LASF1
 3353 0034 1B       		.uleb128 0x1b
 3354 0035 01       		.byte	0x1
 3355 0036 08       		.byte	0x8
 3356 0037 AC040000 		.4byte	.LASF2
 3357 003b 42       		.uleb128 0x42
 3358 003c 04       		.byte	0x4
 3359 003d 05       		.byte	0x5
 3360 003e 696E7400 		.ascii	"int\000"
 3361 0042 06       		.uleb128 0x6
 3362 0043 00000000 		.4byte	.LASF4
 3363 0047 06       		.byte	0x6
 3364 0048 D6       		.byte	0xd6
 3365 0049 17       		.byte	0x17
 3366 004a 2D000000 		.4byte	0x2d
 3367 004e 15       		.uleb128 0x15
 3368 004f 42000000 		.4byte	0x42
 3369 0053 1B       		.uleb128 0x1b
 3370 0054 01       		.byte	0x1
 3371 0055 06       		.byte	0x6
 3372 0056 0E040000 		.4byte	.LASF3
 3373 005a 06       		.uleb128 0x6
 3374 005b D2020000 		.4byte	.LASF5
 3375 005f 07       		.byte	0x7
 3376 0060 2B       		.byte	0x2b
 3377 0061 18       		.byte	0x18
 3378 0062 34000000 		.4byte	0x34
 3379 0066 1B       		.uleb128 0x1b
 3380 0067 02       		.byte	0x2
 3381 0068 05       		.byte	0x5
 3382 0069 D00D0000 		.4byte	.LASF6
 3383 006d 06       		.uleb128 0x6
 3384 006e A7050000 		.4byte	.LASF7
 3385 0072 07       		.byte	0x7
 3386 0073 39       		.byte	0x39
 3387 0074 19       		.byte	0x19
ARM GAS  /tmp/cc9Yqsyg.s 			page 61


 3388 0075 79000000 		.4byte	0x79
 3389 0079 1B       		.uleb128 0x1b
 3390 007a 02       		.byte	0x2
 3391 007b 07       		.byte	0x7
 3392 007c A70F0000 		.4byte	.LASF8
 3393 0080 06       		.uleb128 0x6
 3394 0081 27100000 		.4byte	.LASF9
 3395 0085 07       		.byte	0x7
 3396 0086 4D       		.byte	0x4d
 3397 0087 18       		.byte	0x18
 3398 0088 8C000000 		.4byte	0x8c
 3399 008c 1B       		.uleb128 0x1b
 3400 008d 04       		.byte	0x4
 3401 008e 05       		.byte	0x5
 3402 008f 25030000 		.4byte	.LASF10
 3403 0093 06       		.uleb128 0x6
 3404 0094 DD080000 		.4byte	.LASF11
 3405 0098 07       		.byte	0x7
 3406 0099 4F       		.byte	0x4f
 3407 009a 19       		.byte	0x19
 3408 009b 9F000000 		.4byte	0x9f
 3409 009f 1B       		.uleb128 0x1b
 3410 00a0 04       		.byte	0x4
 3411 00a1 07       		.byte	0x7
 3412 00a2 84070000 		.4byte	.LASF12
 3413 00a6 1B       		.uleb128 0x1b
 3414 00a7 08       		.byte	0x8
 3415 00a8 05       		.byte	0x5
 3416 00a9 F9080000 		.4byte	.LASF13
 3417 00ad 06       		.uleb128 0x6
 3418 00ae 53070000 		.4byte	.LASF14
 3419 00b2 07       		.byte	0x7
 3420 00b3 69       		.byte	0x69
 3421 00b4 19       		.byte	0x19
 3422 00b5 26000000 		.4byte	0x26
 3423 00b9 43       		.uleb128 0x43
 3424 00ba 04       		.byte	0x4
 3425 00bb 1B       		.uleb128 0x1b
 3426 00bc 01       		.byte	0x1
 3427 00bd 08       		.byte	0x8
 3428 00be 76050000 		.4byte	.LASF15
 3429 00c2 14       		.uleb128 0x14
 3430 00c3 BB000000 		.4byte	0xbb
 3431 00c7 09       		.uleb128 0x9
 3432 00c8 C2000000 		.4byte	0xc2
 3433 00cc 15       		.uleb128 0x15
 3434 00cd C7000000 		.4byte	0xc7
 3435 00d1 06       		.uleb128 0x6
 3436 00d2 24040000 		.4byte	.LASF16
 3437 00d6 08       		.byte	0x8
 3438 00d7 18       		.byte	0x18
 3439 00d8 13       		.byte	0x13
 3440 00d9 5A000000 		.4byte	0x5a
 3441 00dd 14       		.uleb128 0x14
 3442 00de D1000000 		.4byte	0xd1
 3443 00e2 06       		.uleb128 0x6
 3444 00e3 9F0B0000 		.4byte	.LASF17
ARM GAS  /tmp/cc9Yqsyg.s 			page 62


 3445 00e7 08       		.byte	0x8
 3446 00e8 24       		.byte	0x24
 3447 00e9 14       		.byte	0x14
 3448 00ea 6D000000 		.4byte	0x6d
 3449 00ee 06       		.uleb128 0x6
 3450 00ef 62010000 		.4byte	.LASF18
 3451 00f3 08       		.byte	0x8
 3452 00f4 2C       		.byte	0x2c
 3453 00f5 13       		.byte	0x13
 3454 00f6 80000000 		.4byte	0x80
 3455 00fa 06       		.uleb128 0x6
 3456 00fb 750F0000 		.4byte	.LASF19
 3457 00ff 08       		.byte	0x8
 3458 0100 30       		.byte	0x30
 3459 0101 14       		.byte	0x14
 3460 0102 93000000 		.4byte	0x93
 3461 0106 15       		.uleb128 0x15
 3462 0107 FA000000 		.4byte	0xfa
 3463 010b 06       		.uleb128 0x6
 3464 010c EF0D0000 		.4byte	.LASF20
 3465 0110 08       		.byte	0x8
 3466 0111 3C       		.byte	0x3c
 3467 0112 14       		.byte	0x14
 3468 0113 AD000000 		.4byte	0xad
 3469 0117 06       		.uleb128 0x6
 3470 0118 E3090000 		.4byte	.LASF21
 3471 011c 09       		.byte	0x9
 3472 011d 45       		.byte	0x45
 3473 011e 1D       		.byte	0x1d
 3474 011f FA000000 		.4byte	0xfa
 3475 0123 06       		.uleb128 0x6
 3476 0124 490D0000 		.4byte	.LASF22
 3477 0128 09       		.byte	0x9
 3478 0129 48       		.byte	0x48
 3479 012a 1D       		.byte	0x1d
 3480 012b D1000000 		.4byte	0xd1
 3481 012f 06       		.uleb128 0x6
 3482 0130 67030000 		.4byte	.LASF23
 3483 0134 09       		.byte	0x9
 3484 0135 49       		.byte	0x49
 3485 0136 1D       		.byte	0x1d
 3486 0137 D1000000 		.4byte	0xd1
 3487 013b 06       		.uleb128 0x6
 3488 013c 0E0C0000 		.4byte	.LASF24
 3489 0140 09       		.byte	0x9
 3490 0141 4B       		.byte	0x4b
 3491 0142 1D       		.byte	0x1d
 3492 0143 D1000000 		.4byte	0xd1
 3493 0147 06       		.uleb128 0x6
 3494 0148 54010000 		.4byte	.LASF25
 3495 014c 09       		.byte	0x9
 3496 014d 4C       		.byte	0x4c
 3497 014e 1D       		.byte	0x1d
 3498 014f FA000000 		.4byte	0xfa
 3499 0153 06       		.uleb128 0x6
 3500 0154 B50B0000 		.4byte	.LASF26
 3501 0158 09       		.byte	0x9
ARM GAS  /tmp/cc9Yqsyg.s 			page 63


 3502 0159 4D       		.byte	0x4d
 3503 015a 1D       		.byte	0x1d
 3504 015b EE000000 		.4byte	0xee
 3505 015f 06       		.uleb128 0x6
 3506 0160 5C060000 		.4byte	.LASF27
 3507 0164 09       		.byte	0x9
 3508 0165 51       		.byte	0x51
 3509 0166 1D       		.byte	0x1d
 3510 0167 EE000000 		.4byte	0xee
 3511 016b 06       		.uleb128 0x6
 3512 016c 0E000000 		.4byte	.LASF28
 3513 0170 0A       		.byte	0xa
 3514 0171 33       		.byte	0x33
 3515 0172 12       		.byte	0x12
 3516 0173 FA000000 		.4byte	0xfa
 3517 0177 15       		.uleb128 0x15
 3518 0178 6B010000 		.4byte	0x16b
 3519 017c 06       		.uleb128 0x6
 3520 017d 960A0000 		.4byte	.LASF29
 3521 0181 0A       		.byte	0xa
 3522 0182 3F       		.byte	0x3f
 3523 0183 1A       		.byte	0x1a
 3524 0184 88010000 		.4byte	0x188
 3525 0188 24       		.uleb128 0x24
 3526 0189 E4070000 		.4byte	.LASF44
 3527 018d 2C       		.byte	0x2c
 3528 018e 0B       		.byte	0xb
 3529 018f C2       		.byte	0xc2
 3530 0190 08       		.byte	0x8
 3531 0191 42020000 		.4byte	0x242
 3532 0195 02       		.uleb128 0x2
 3533 0196 2E030000 		.4byte	.LASF30
 3534 019a 0B       		.byte	0xb
 3535 019b C3       		.byte	0xc3
 3536 019c 1A       		.byte	0x1a
 3537 019d 4E020000 		.4byte	0x24e
 3538 01a1 00       		.byte	0
 3539 01a2 02       		.uleb128 0x2
 3540 01a3 4F030000 		.4byte	.LASF31
 3541 01a7 0B       		.byte	0xb
 3542 01a8 C5       		.byte	0xc5
 3543 01a9 1A       		.byte	0x1a
 3544 01aa 4E020000 		.4byte	0x24e
 3545 01ae 04       		.byte	0x4
 3546 01af 02       		.uleb128 0x2
 3547 01b0 96050000 		.4byte	.LASF32
 3548 01b4 0B       		.byte	0xb
 3549 01b5 C7       		.byte	0xc7
 3550 01b6 19       		.byte	0x19
 3551 01b7 47010000 		.4byte	0x147
 3552 01bb 08       		.byte	0x8
 3553 01bc 02       		.uleb128 0x2
 3554 01bd 4E010000 		.4byte	.LASF33
 3555 01c1 0B       		.byte	0xb
 3556 01c2 C8       		.byte	0xc8
 3557 01c3 19       		.byte	0x19
 3558 01c4 9E040000 		.4byte	0x49e
ARM GAS  /tmp/cc9Yqsyg.s 			page 64


 3559 01c8 0C       		.byte	0xc
 3560 01c9 02       		.uleb128 0x2
 3561 01ca 1D030000 		.4byte	.LASF34
 3562 01ce 0B       		.byte	0xb
 3563 01cf CA       		.byte	0xca
 3564 01d0 1A       		.byte	0x1a
 3565 01d1 4E020000 		.4byte	0x24e
 3566 01d5 10       		.byte	0x10
 3567 01d6 02       		.uleb128 0x2
 3568 01d7 970B0000 		.4byte	.LASF35
 3569 01db 0B       		.byte	0xb
 3570 01dc CB       		.byte	0xcb
 3571 01dd 1A       		.byte	0x1a
 3572 01de 4E020000 		.4byte	0x24e
 3573 01e2 14       		.byte	0x14
 3574 01e3 02       		.uleb128 0x2
 3575 01e4 73100000 		.4byte	.LASF36
 3576 01e8 0B       		.byte	0xb
 3577 01e9 D2       		.byte	0xd2
 3578 01ea 1A       		.byte	0x1a
 3579 01eb C7000000 		.4byte	0xc7
 3580 01ef 18       		.byte	0x18
 3581 01f0 02       		.uleb128 0x2
 3582 01f1 AD100000 		.4byte	.LASF37
 3583 01f5 0B       		.byte	0xb
 3584 01f6 DD       		.byte	0xdd
 3585 01f7 19       		.byte	0x19
 3586 01f8 2F010000 		.4byte	0x12f
 3587 01fc 1C       		.byte	0x1c
 3588 01fd 02       		.uleb128 0x2
 3589 01fe 99090000 		.4byte	.LASF38
 3590 0202 0B       		.byte	0xb
 3591 0203 E1       		.byte	0xe1
 3592 0204 19       		.byte	0x19
 3593 0205 23010000 		.4byte	0x123
 3594 0209 1D       		.byte	0x1d
 3595 020a 02       		.uleb128 0x2
 3596 020b 1A040000 		.4byte	.LASF39
 3597 020f 0B       		.byte	0xb
 3598 0210 EC       		.byte	0xec
 3599 0211 19       		.byte	0x19
 3600 0212 3B010000 		.4byte	0x13b
 3601 0216 1E       		.byte	0x1e
 3602 0217 10       		.uleb128 0x10
 3603 0218 705F7500 		.ascii	"p_u\000"
 3604 021c 0B       		.byte	0xb
 3605 021d 3101     		.2byte	0x131
 3606 021f 19       		.byte	0x19
 3607 0220 3C060000 		.4byte	0x63c
 3608 0224 20       		.byte	0x20
 3609 0225 04       		.uleb128 0x4
 3610 0226 80030000 		.4byte	.LASF40
 3611 022a 0B       		.byte	0xb
 3612 022b 4D01     		.2byte	0x14d
 3613 022d 1A       		.byte	0x1a
 3614 022e F9060000 		.4byte	0x6f9
 3615 0232 24       		.byte	0x24
ARM GAS  /tmp/cc9Yqsyg.s 			page 65


 3616 0233 04       		.uleb128 0x4
 3617 0234 B20A0000 		.4byte	.LASF41
 3618 0238 0B       		.byte	0xb
 3619 0239 5101     		.2byte	0x151
 3620 023b 19       		.byte	0x19
 3621 023c 47010000 		.4byte	0x147
 3622 0240 28       		.byte	0x28
 3623 0241 00       		.byte	0
 3624 0242 06       		.uleb128 0x6
 3625 0243 9F0A0000 		.4byte	.LASF42
 3626 0247 0A       		.byte	0xa
 3627 0248 44       		.byte	0x44
 3628 0249 14       		.byte	0x14
 3629 024a 4E020000 		.4byte	0x24e
 3630 024e 09       		.uleb128 0x9
 3631 024f 7C010000 		.4byte	0x17c
 3632 0253 06       		.uleb128 0x6
 3633 0254 70030000 		.4byte	.LASF43
 3634 0258 0A       		.byte	0xa
 3635 0259 50       		.byte	0x50
 3636 025a 21       		.byte	0x21
 3637 025b 5F020000 		.4byte	0x25f
 3638 025f 24       		.uleb128 0x24
 3639 0260 C00B0000 		.4byte	.LASF45
 3640 0264 08       		.byte	0x8
 3641 0265 0B       		.byte	0xb
 3642 0266 B7       		.byte	0xb7
 3643 0267 08       		.byte	0x8
 3644 0268 87020000 		.4byte	0x287
 3645 026c 02       		.uleb128 0x2
 3646 026d 2E030000 		.4byte	.LASF30
 3647 0271 0B       		.byte	0xb
 3648 0272 B8       		.byte	0xb8
 3649 0273 1A       		.byte	0x1a
 3650 0274 4E020000 		.4byte	0x24e
 3651 0278 00       		.byte	0
 3652 0279 02       		.uleb128 0x2
 3653 027a 4F030000 		.4byte	.LASF31
 3654 027e 0B       		.byte	0xb
 3655 027f B9       		.byte	0xb9
 3656 0280 1A       		.byte	0x1a
 3657 0281 4E020000 		.4byte	0x24e
 3658 0285 04       		.byte	0x4
 3659 0286 00       		.byte	0
 3660 0287 06       		.uleb128 0x6
 3661 0288 3D080000 		.4byte	.LASF46
 3662 028c 0A       		.byte	0xa
 3663 028d 57       		.byte	0x57
 3664 028e 1E       		.byte	0x1e
 3665 028f 93020000 		.4byte	0x293
 3666 0293 2C       		.uleb128 0x2c
 3667 0294 CF060000 		.4byte	.LASF47
 3668 0298 1C       		.byte	0x1c
 3669 0299 9001     		.2byte	0x190
 3670 029b F4020000 		.4byte	0x2f4
 3671 029f 04       		.uleb128 0x4
 3672 02a0 F20C0000 		.4byte	.LASF48
ARM GAS  /tmp/cc9Yqsyg.s 			page 66


 3673 02a4 0B       		.byte	0xb
 3674 02a5 9101     		.2byte	0x191
 3675 02a7 19       		.byte	0x19
 3676 02a8 53020000 		.4byte	0x253
 3677 02ac 00       		.byte	0
 3678 02ad 04       		.uleb128 0x4
 3679 02ae 460E0000 		.4byte	.LASF49
 3680 02b2 0B       		.byte	0xb
 3681 02b3 9201     		.2byte	0x192
 3682 02b5 19       		.byte	0x19
 3683 02b6 47010000 		.4byte	0x147
 3684 02ba 08       		.byte	0x8
 3685 02bb 04       		.uleb128 0x4
 3686 02bc 5C010000 		.4byte	.LASF50
 3687 02c0 0B       		.byte	0xb
 3688 02c1 9401     		.2byte	0x194
 3689 02c3 19       		.byte	0x19
 3690 02c4 9E040000 		.4byte	0x49e
 3691 02c8 0C       		.byte	0xc
 3692 02c9 04       		.uleb128 0x4
 3693 02ca E7040000 		.4byte	.LASF51
 3694 02ce 0B       		.byte	0xb
 3695 02cf 9701     		.2byte	0x197
 3696 02d1 1A       		.byte	0x1a
 3697 02d2 4E020000 		.4byte	0x24e
 3698 02d6 10       		.byte	0x10
 3699 02d7 04       		.uleb128 0x4
 3700 02d8 810D0000 		.4byte	.LASF52
 3701 02dc 0B       		.byte	0xb
 3702 02dd 9801     		.2byte	0x198
 3703 02df 1A       		.byte	0x1a
 3704 02e0 4E020000 		.4byte	0x24e
 3705 02e4 14       		.byte	0x14
 3706 02e5 04       		.uleb128 0x4
 3707 02e6 300C0000 		.4byte	.LASF53
 3708 02ea 0B       		.byte	0xb
 3709 02eb 9B01     		.2byte	0x19b
 3710 02ed 1A       		.byte	0x1a
 3711 02ee 4E020000 		.4byte	0x24e
 3712 02f2 18       		.byte	0x18
 3713 02f3 00       		.byte	0
 3714 02f4 06       		.uleb128 0x6
 3715 02f5 78010000 		.4byte	.LASF54
 3716 02f9 0A       		.byte	0xa
 3717 02fa 5C       		.byte	0x5c
 3718 02fb 10       		.byte	0x10
 3719 02fc 00030000 		.4byte	0x300
 3720 0300 09       		.uleb128 0x9
 3721 0301 05030000 		.4byte	0x305
 3722 0305 28       		.uleb128 0x28
 3723 0306 10030000 		.4byte	0x310
 3724 030a 05       		.uleb128 0x5
 3725 030b B9000000 		.4byte	0xb9
 3726 030f 00       		.byte	0
 3727 0310 06       		.uleb128 0x6
 3728 0311 2D080000 		.4byte	.LASF55
 3729 0315 0A       		.byte	0xa
ARM GAS  /tmp/cc9Yqsyg.s 			page 67


 3730 0316 61       		.byte	0x61
 3731 0317 21       		.byte	0x21
 3732 0318 1C030000 		.4byte	0x31c
 3733 031c 2C       		.uleb128 0x2c
 3734 031d 100B0000 		.4byte	.LASF56
 3735 0321 14       		.byte	0x14
 3736 0322 6B01     		.2byte	0x16b
 3737 0324 6F030000 		.4byte	0x36f
 3738 0328 04       		.uleb128 0x4
 3739 0329 35090000 		.4byte	.LASF57
 3740 032d 0B       		.byte	0xb
 3741 032e 6C01     		.2byte	0x16c
 3742 0330 1A       		.byte	0x1a
 3743 0331 FE060000 		.4byte	0x6fe
 3744 0335 00       		.byte	0
 3745 0336 04       		.uleb128 0x4
 3746 0337 45090000 		.4byte	.LASF58
 3747 033b 0B       		.byte	0xb
 3748 033c 6D01     		.2byte	0x16d
 3749 033e 1A       		.byte	0x1a
 3750 033f FE060000 		.4byte	0x6fe
 3751 0343 04       		.byte	0x4
 3752 0344 04       		.uleb128 0x4
 3753 0345 FC0A0000 		.4byte	.LASF59
 3754 0349 0B       		.byte	0xb
 3755 034a 6E01     		.2byte	0x16e
 3756 034c 19       		.byte	0x19
 3757 034d 6B010000 		.4byte	0x16b
 3758 0351 08       		.byte	0x8
 3759 0352 04       		.uleb128 0x4
 3760 0353 62060000 		.4byte	.LASF60
 3761 0357 0B       		.byte	0xb
 3762 0358 6F01     		.2byte	0x16f
 3763 035a 19       		.byte	0x19
 3764 035b F4020000 		.4byte	0x2f4
 3765 035f 0C       		.byte	0xc
 3766 0360 04       		.uleb128 0x4
 3767 0361 B4020000 		.4byte	.LASF61
 3768 0365 0B       		.byte	0xb
 3769 0366 7101     		.2byte	0x171
 3770 0368 1A       		.byte	0x1a
 3771 0369 B9000000 		.4byte	0xb9
 3772 036d 10       		.byte	0x10
 3773 036e 00       		.byte	0
 3774 036f 06       		.uleb128 0x6
 3775 0370 F6070000 		.4byte	.LASF62
 3776 0374 0A       		.byte	0xa
 3777 0375 66       		.byte	0x66
 3778 0376 28       		.byte	0x28
 3779 0377 7B030000 		.4byte	0x37b
 3780 037b 2C       		.uleb128 0x2c
 3781 037c 88010000 		.4byte	.LASF63
 3782 0380 10       		.byte	0x10
 3783 0381 7B01     		.2byte	0x17b
 3784 0383 C0030000 		.4byte	0x3c0
 3785 0387 04       		.uleb128 0x4
 3786 0388 35090000 		.4byte	.LASF57
ARM GAS  /tmp/cc9Yqsyg.s 			page 68


 3787 038c 0B       		.byte	0xb
 3788 038d 7C01     		.2byte	0x17c
 3789 038f 1A       		.byte	0x1a
 3790 0390 FE060000 		.4byte	0x6fe
 3791 0394 00       		.byte	0
 3792 0395 04       		.uleb128 0x4
 3793 0396 45090000 		.4byte	.LASF58
 3794 039a 0B       		.byte	0xb
 3795 039b 7E01     		.2byte	0x17e
 3796 039d 1A       		.byte	0x1a
 3797 039e FE060000 		.4byte	0x6fe
 3798 03a2 04       		.byte	0x4
 3799 03a3 04       		.uleb128 0x4
 3800 03a4 FC0A0000 		.4byte	.LASF59
 3801 03a8 0B       		.byte	0xb
 3802 03a9 8001     		.2byte	0x180
 3803 03ab 19       		.byte	0x19
 3804 03ac 6B010000 		.4byte	0x16b
 3805 03b0 08       		.byte	0x8
 3806 03b1 04       		.uleb128 0x4
 3807 03b2 6C0D0000 		.4byte	.LASF64
 3808 03b6 0B       		.byte	0xb
 3809 03b7 8201     		.2byte	0x182
 3810 03b9 19       		.byte	0x19
 3811 03ba 77010000 		.4byte	0x177
 3812 03be 0C       		.byte	0xc
 3813 03bf 00       		.byte	0
 3814 03c0 06       		.uleb128 0x6
 3815 03c1 FE040000 		.4byte	.LASF65
 3816 03c5 0A       		.byte	0xa
 3817 03c6 6B       		.byte	0x6b
 3818 03c7 20       		.byte	0x20
 3819 03c8 CC030000 		.4byte	0x3cc
 3820 03cc 2C       		.uleb128 0x2c
 3821 03cd 4D0E0000 		.4byte	.LASF66
 3822 03d1 0C       		.byte	0xc
 3823 03d2 A201     		.2byte	0x1a2
 3824 03d4 03040000 		.4byte	0x403
 3825 03d8 04       		.uleb128 0x4
 3826 03d9 CF040000 		.4byte	.LASF67
 3827 03dd 0B       		.byte	0xb
 3828 03de AA01     		.2byte	0x1aa
 3829 03e0 24       		.byte	0x24
 3830 03e1 CC000000 		.4byte	0xcc
 3831 03e5 00       		.byte	0
 3832 03e6 04       		.uleb128 0x4
 3833 03e7 00070000 		.4byte	.LASF68
 3834 03eb 0B       		.byte	0xb
 3835 03ec AF01     		.2byte	0x1af
 3836 03ee 19       		.byte	0x19
 3837 03ef 5F010000 		.4byte	0x15f
 3838 03f3 04       		.byte	0x4
 3839 03f4 04       		.uleb128 0x4
 3840 03f5 43020000 		.4byte	.LASF69
 3841 03f9 0B       		.byte	0xb
 3842 03fa B301     		.2byte	0x1b3
 3843 03fc 19       		.byte	0x19
ARM GAS  /tmp/cc9Yqsyg.s 			page 69


 3844 03fd 5F010000 		.4byte	0x15f
 3845 0401 08       		.byte	0x8
 3846 0402 00       		.byte	0
 3847 0403 06       		.uleb128 0x6
 3848 0404 D10F0000 		.4byte	.LASF70
 3849 0408 0A       		.byte	0xa
 3850 0409 70       		.byte	0x70
 3851 040a 1A       		.byte	0x1a
 3852 040b 0F040000 		.4byte	0x40f
 3853 040f 32       		.uleb128 0x32
 3854 0410 630F0000 		.4byte	.LASF71
 3855 0414 B001     		.2byte	0x1b0
 3856 0416 0B       		.byte	0xb
 3857 0417 C201     		.2byte	0x1c2
 3858 0419 71040000 		.4byte	0x471
 3859 041d 04       		.uleb128 0x4
 3860 041e 430D0000 		.4byte	.LASF72
 3861 0422 0B       		.byte	0xb
 3862 0423 C601     		.2byte	0x1c6
 3863 0425 19       		.byte	0x19
 3864 0426 87020000 		.4byte	0x287
 3865 042a 00       		.byte	0
 3866 042b 04       		.uleb128 0x4
 3867 042c 100F0000 		.4byte	.LASF73
 3868 0430 0B       		.byte	0xb
 3869 0431 CA01     		.2byte	0x1ca
 3870 0433 19       		.byte	0x19
 3871 0434 6F030000 		.4byte	0x36f
 3872 0438 1C       		.byte	0x1c
 3873 0439 10       		.uleb128 0x10
 3874 043a 64626700 		.ascii	"dbg\000"
 3875 043e 0B       		.byte	0xb
 3876 043f CE01     		.2byte	0x1ce
 3877 0441 19       		.byte	0x19
 3878 0442 C0030000 		.4byte	0x3c0
 3879 0446 2C       		.byte	0x2c
 3880 0447 04       		.uleb128 0x4
 3881 0448 590C0000 		.4byte	.LASF74
 3882 044c 0B       		.byte	0xb
 3883 044d D201     		.2byte	0x1d2
 3884 044f 19       		.byte	0x19
 3885 0450 7C010000 		.4byte	0x17c
 3886 0454 38       		.byte	0x38
 3887 0455 10       		.uleb128 0x10
 3888 0456 746D00   		.ascii	"tm\000"
 3889 0459 0B       		.byte	0xb
 3890 045a D701     		.2byte	0x1d7
 3891 045c 19       		.byte	0x19
 3892 045d 30060000 		.4byte	0x630
 3893 0461 64       		.byte	0x64
 3894 0462 04       		.uleb128 0x4
 3895 0463 AA090000 		.4byte	.LASF75
 3896 0467 0B       		.byte	0xb
 3897 0468 E301     		.2byte	0x1e3
 3898 046a 03       		.byte	0x3
 3899 046b 03070000 		.4byte	0x703
 3900 046f 68       		.byte	0x68
ARM GAS  /tmp/cc9Yqsyg.s 			page 70


 3901 0470 00       		.byte	0
 3902 0471 0C       		.uleb128 0xc
 3903 0472 06010000 		.4byte	0x106
 3904 0476 81040000 		.4byte	0x481
 3905 047a 0D       		.uleb128 0xd
 3906 047b 2D000000 		.4byte	0x2d
 3907 047f 0E       		.byte	0xe
 3908 0480 00       		.byte	0
 3909 0481 15       		.uleb128 0x15
 3910 0482 71040000 		.4byte	0x471
 3911 0486 06       		.uleb128 0x6
 3912 0487 90030000 		.4byte	.LASF76
 3913 048b 0C       		.byte	0xc
 3914 048c 65       		.byte	0x65
 3915 048d 0F       		.byte	0xf
 3916 048e B9000000 		.4byte	0xb9
 3917 0492 06       		.uleb128 0x6
 3918 0493 C9050000 		.4byte	.LASF77
 3919 0497 0C       		.byte	0xc
 3920 0498 6D       		.byte	0x6d
 3921 0499 12       		.byte	0x12
 3922 049a 0B010000 		.4byte	0x10b
 3923 049e 24       		.uleb128 0x24
 3924 049f 79040000 		.4byte	.LASF78
 3925 04a3 04       		.byte	0x4
 3926 04a4 0C       		.byte	0xc
 3927 04a5 89       		.byte	0x89
 3928 04a6 08       		.byte	0x8
 3929 04a7 B9040000 		.4byte	0x4b9
 3930 04ab 19       		.uleb128 0x19
 3931 04ac 72313300 		.ascii	"r13\000"
 3932 04b0 0C       		.byte	0xc
 3933 04b1 8A       		.byte	0x8a
 3934 04b2 17       		.byte	0x17
 3935 04b3 14060000 		.4byte	0x614
 3936 04b7 00       		.byte	0
 3937 04b8 00       		.byte	0
 3938 04b9 24       		.uleb128 0x24
 3939 04ba D10A0000 		.4byte	.LASF79
 3940 04be 64       		.byte	0x64
 3941 04bf 04       		.byte	0x4
 3942 04c0 F4       		.byte	0xf4
 3943 04c1 08       		.byte	0x8
 3944 04c2 14060000 		.4byte	0x614
 3945 04c6 19       		.uleb128 0x19
 3946 04c7 73313600 		.ascii	"s16\000"
 3947 04cb 04       		.byte	0x4
 3948 04cc F6       		.byte	0xf6
 3949 04cd 11       		.byte	0x11
 3950 04ce 86040000 		.4byte	0x486
 3951 04d2 00       		.byte	0
 3952 04d3 19       		.uleb128 0x19
 3953 04d4 73313700 		.ascii	"s17\000"
 3954 04d8 04       		.byte	0x4
 3955 04d9 F7       		.byte	0xf7
 3956 04da 11       		.byte	0x11
 3957 04db 86040000 		.4byte	0x486
ARM GAS  /tmp/cc9Yqsyg.s 			page 71


 3958 04df 04       		.byte	0x4
 3959 04e0 19       		.uleb128 0x19
 3960 04e1 73313800 		.ascii	"s18\000"
 3961 04e5 04       		.byte	0x4
 3962 04e6 F8       		.byte	0xf8
 3963 04e7 11       		.byte	0x11
 3964 04e8 86040000 		.4byte	0x486
 3965 04ec 08       		.byte	0x8
 3966 04ed 19       		.uleb128 0x19
 3967 04ee 73313900 		.ascii	"s19\000"
 3968 04f2 04       		.byte	0x4
 3969 04f3 F9       		.byte	0xf9
 3970 04f4 11       		.byte	0x11
 3971 04f5 86040000 		.4byte	0x486
 3972 04f9 0C       		.byte	0xc
 3973 04fa 19       		.uleb128 0x19
 3974 04fb 73323000 		.ascii	"s20\000"
 3975 04ff 04       		.byte	0x4
 3976 0500 FA       		.byte	0xfa
 3977 0501 11       		.byte	0x11
 3978 0502 86040000 		.4byte	0x486
 3979 0506 10       		.byte	0x10
 3980 0507 19       		.uleb128 0x19
 3981 0508 73323100 		.ascii	"s21\000"
 3982 050c 04       		.byte	0x4
 3983 050d FB       		.byte	0xfb
 3984 050e 11       		.byte	0x11
 3985 050f 86040000 		.4byte	0x486
 3986 0513 14       		.byte	0x14
 3987 0514 19       		.uleb128 0x19
 3988 0515 73323200 		.ascii	"s22\000"
 3989 0519 04       		.byte	0x4
 3990 051a FC       		.byte	0xfc
 3991 051b 11       		.byte	0x11
 3992 051c 86040000 		.4byte	0x486
 3993 0520 18       		.byte	0x18
 3994 0521 19       		.uleb128 0x19
 3995 0522 73323300 		.ascii	"s23\000"
 3996 0526 04       		.byte	0x4
 3997 0527 FD       		.byte	0xfd
 3998 0528 11       		.byte	0x11
 3999 0529 86040000 		.4byte	0x486
 4000 052d 1C       		.byte	0x1c
 4001 052e 19       		.uleb128 0x19
 4002 052f 73323400 		.ascii	"s24\000"
 4003 0533 04       		.byte	0x4
 4004 0534 FE       		.byte	0xfe
 4005 0535 11       		.byte	0x11
 4006 0536 86040000 		.4byte	0x486
 4007 053a 20       		.byte	0x20
 4008 053b 19       		.uleb128 0x19
 4009 053c 73323500 		.ascii	"s25\000"
 4010 0540 04       		.byte	0x4
 4011 0541 FF       		.byte	0xff
 4012 0542 11       		.byte	0x11
 4013 0543 86040000 		.4byte	0x486
 4014 0547 24       		.byte	0x24
ARM GAS  /tmp/cc9Yqsyg.s 			page 72


 4015 0548 10       		.uleb128 0x10
 4016 0549 73323600 		.ascii	"s26\000"
 4017 054d 04       		.byte	0x4
 4018 054e 0001     		.2byte	0x100
 4019 0550 11       		.byte	0x11
 4020 0551 86040000 		.4byte	0x486
 4021 0555 28       		.byte	0x28
 4022 0556 10       		.uleb128 0x10
 4023 0557 73323700 		.ascii	"s27\000"
 4024 055b 04       		.byte	0x4
 4025 055c 0101     		.2byte	0x101
 4026 055e 11       		.byte	0x11
 4027 055f 86040000 		.4byte	0x486
 4028 0563 2C       		.byte	0x2c
 4029 0564 10       		.uleb128 0x10
 4030 0565 73323800 		.ascii	"s28\000"
 4031 0569 04       		.byte	0x4
 4032 056a 0201     		.2byte	0x102
 4033 056c 11       		.byte	0x11
 4034 056d 86040000 		.4byte	0x486
 4035 0571 30       		.byte	0x30
 4036 0572 10       		.uleb128 0x10
 4037 0573 73323900 		.ascii	"s29\000"
 4038 0577 04       		.byte	0x4
 4039 0578 0301     		.2byte	0x103
 4040 057a 11       		.byte	0x11
 4041 057b 86040000 		.4byte	0x486
 4042 057f 34       		.byte	0x34
 4043 0580 10       		.uleb128 0x10
 4044 0581 73333000 		.ascii	"s30\000"
 4045 0585 04       		.byte	0x4
 4046 0586 0401     		.2byte	0x104
 4047 0588 11       		.byte	0x11
 4048 0589 86040000 		.4byte	0x486
 4049 058d 38       		.byte	0x38
 4050 058e 10       		.uleb128 0x10
 4051 058f 73333100 		.ascii	"s31\000"
 4052 0593 04       		.byte	0x4
 4053 0594 0501     		.2byte	0x105
 4054 0596 11       		.byte	0x11
 4055 0597 86040000 		.4byte	0x486
 4056 059b 3C       		.byte	0x3c
 4057 059c 10       		.uleb128 0x10
 4058 059d 723400   		.ascii	"r4\000"
 4059 05a0 04       		.byte	0x4
 4060 05a1 0701     		.2byte	0x107
 4061 05a3 11       		.byte	0x11
 4062 05a4 86040000 		.4byte	0x486
 4063 05a8 40       		.byte	0x40
 4064 05a9 10       		.uleb128 0x10
 4065 05aa 723500   		.ascii	"r5\000"
 4066 05ad 04       		.byte	0x4
 4067 05ae 0801     		.2byte	0x108
 4068 05b0 11       		.byte	0x11
 4069 05b1 86040000 		.4byte	0x486
 4070 05b5 44       		.byte	0x44
 4071 05b6 10       		.uleb128 0x10
ARM GAS  /tmp/cc9Yqsyg.s 			page 73


 4072 05b7 723600   		.ascii	"r6\000"
 4073 05ba 04       		.byte	0x4
 4074 05bb 0901     		.2byte	0x109
 4075 05bd 11       		.byte	0x11
 4076 05be 86040000 		.4byte	0x486
 4077 05c2 48       		.byte	0x48
 4078 05c3 10       		.uleb128 0x10
 4079 05c4 723700   		.ascii	"r7\000"
 4080 05c7 04       		.byte	0x4
 4081 05c8 0A01     		.2byte	0x10a
 4082 05ca 11       		.byte	0x11
 4083 05cb 86040000 		.4byte	0x486
 4084 05cf 4C       		.byte	0x4c
 4085 05d0 10       		.uleb128 0x10
 4086 05d1 723800   		.ascii	"r8\000"
 4087 05d4 04       		.byte	0x4
 4088 05d5 0B01     		.2byte	0x10b
 4089 05d7 11       		.byte	0x11
 4090 05d8 86040000 		.4byte	0x486
 4091 05dc 50       		.byte	0x50
 4092 05dd 10       		.uleb128 0x10
 4093 05de 723900   		.ascii	"r9\000"
 4094 05e1 04       		.byte	0x4
 4095 05e2 0C01     		.2byte	0x10c
 4096 05e4 11       		.byte	0x11
 4097 05e5 86040000 		.4byte	0x486
 4098 05e9 54       		.byte	0x54
 4099 05ea 10       		.uleb128 0x10
 4100 05eb 72313000 		.ascii	"r10\000"
 4101 05ef 04       		.byte	0x4
 4102 05f0 0D01     		.2byte	0x10d
 4103 05f2 11       		.byte	0x11
 4104 05f3 86040000 		.4byte	0x486
 4105 05f7 58       		.byte	0x58
 4106 05f8 10       		.uleb128 0x10
 4107 05f9 72313100 		.ascii	"r11\000"
 4108 05fd 04       		.byte	0x4
 4109 05fe 0E01     		.2byte	0x10e
 4110 0600 11       		.byte	0x11
 4111 0601 86040000 		.4byte	0x486
 4112 0605 5C       		.byte	0x5c
 4113 0606 10       		.uleb128 0x10
 4114 0607 6C7200   		.ascii	"lr\000"
 4115 060a 04       		.byte	0x4
 4116 060b 0F01     		.2byte	0x10f
 4117 060d 11       		.byte	0x11
 4118 060e 86040000 		.4byte	0x486
 4119 0612 60       		.byte	0x60
 4120 0613 00       		.byte	0
 4121 0614 09       		.uleb128 0x9
 4122 0615 B9040000 		.4byte	0x4b9
 4123 0619 1F       		.uleb128 0x1f
 4124 061a 04       		.byte	0x4
 4125 061b 0D       		.byte	0xd
 4126 061c 38       		.byte	0x38
 4127 061d 09       		.byte	0x9
 4128 061e 30060000 		.4byte	0x630
ARM GAS  /tmp/cc9Yqsyg.s 			page 74


 4129 0622 02       		.uleb128 0x2
 4130 0623 3E0A0000 		.4byte	.LASF80
 4131 0627 0D       		.byte	0xd
 4132 0628 3C       		.byte	0x3c
 4133 0629 19       		.byte	0x19
 4134 062a 17010000 		.4byte	0x117
 4135 062e 00       		.byte	0
 4136 062f 00       		.byte	0
 4137 0630 06       		.uleb128 0x6
 4138 0631 890D0000 		.4byte	.LASF81
 4139 0635 0D       		.byte	0xd
 4140 0636 3D       		.byte	0x3d
 4141 0637 03       		.byte	0x3
 4142 0638 19060000 		.4byte	0x619
 4143 063c 33       		.uleb128 0x33
 4144 063d 0B       		.byte	0xb
 4145 063e FA       		.byte	0xfa
 4146 063f 92060000 		.4byte	0x692
 4147 0643 21       		.uleb128 0x21
 4148 0644 A00F0000 		.4byte	.LASF82
 4149 0648 0B       		.byte	0xb
 4150 0649 0101     		.2byte	0x101
 4151 064b 19       		.byte	0x19
 4152 064c 53010000 		.4byte	0x153
 4153 0650 21       		.uleb128 0x21
 4154 0651 BB020000 		.4byte	.LASF83
 4155 0655 0B       		.byte	0xb
 4156 0656 0801     		.2byte	0x108
 4157 0658 19       		.byte	0x19
 4158 0659 53010000 		.4byte	0x153
 4159 065d 21       		.uleb128 0x21
 4160 065e BC050000 		.4byte	.LASF84
 4161 0662 0B       		.byte	0xb
 4162 0663 0F01     		.2byte	0x10f
 4163 0665 1A       		.byte	0x1a
 4164 0666 B9000000 		.4byte	0xb9
 4165 066a 21       		.uleb128 0x21
 4166 066b 88040000 		.4byte	.LASF85
 4167 066f 0B       		.byte	0xb
 4168 0670 1601     		.2byte	0x116
 4169 0672 1A       		.byte	0x1a
 4170 0673 92060000 		.4byte	0x692
 4171 0677 21       		.uleb128 0x21
 4172 0678 07000000 		.4byte	.LASF86
 4173 067c 0B       		.byte	0xb
 4174 067d 1E01     		.2byte	0x11e
 4175 067f 1A       		.byte	0x1a
 4176 0680 BF060000 		.4byte	0x6bf
 4177 0684 21       		.uleb128 0x21
 4178 0685 A2060000 		.4byte	.LASF87
 4179 0689 0B       		.byte	0xb
 4180 068a 2701     		.2byte	0x127
 4181 068c 1A       		.byte	0x1a
 4182 068d F9060000 		.4byte	0x6f9
 4183 0691 00       		.byte	0
 4184 0692 09       		.uleb128 0x9
 4185 0693 42020000 		.4byte	0x242
ARM GAS  /tmp/cc9Yqsyg.s 			page 75


 4186 0697 24       		.uleb128 0x24
 4187 0698 CE070000 		.4byte	.LASF88
 4188 069c 0C       		.byte	0xc
 4189 069d 0E       		.byte	0xe
 4190 069e 34       		.byte	0x34
 4191 069f 10       		.byte	0x10
 4192 06a0 BF060000 		.4byte	0x6bf
 4193 06a4 02       		.uleb128 0x2
 4194 06a5 B60D0000 		.4byte	.LASF89
 4195 06a9 0E       		.byte	0xe
 4196 06aa 35       		.byte	0x35
 4197 06ab 19       		.byte	0x19
 4198 06ac 53020000 		.4byte	0x253
 4199 06b0 00       		.byte	0
 4200 06b1 02       		.uleb128 0x2
 4201 06b2 210B0000 		.4byte	.LASF90
 4202 06b6 0E       		.byte	0xe
 4203 06b7 37       		.byte	0x37
 4204 06b8 19       		.byte	0x19
 4205 06b9 5F010000 		.4byte	0x15f
 4206 06bd 08       		.byte	0x8
 4207 06be 00       		.byte	0
 4208 06bf 09       		.uleb128 0x9
 4209 06c0 97060000 		.4byte	0x697
 4210 06c4 24       		.uleb128 0x24
 4211 06c5 FD0D0000 		.4byte	.LASF91
 4212 06c9 10       		.byte	0x10
 4213 06ca 0F       		.byte	0xf
 4214 06cb 39       		.byte	0x39
 4215 06cc 08       		.byte	0x8
 4216 06cd F9060000 		.4byte	0x6f9
 4217 06d1 02       		.uleb128 0x2
 4218 06d2 11090000 		.4byte	.LASF92
 4219 06d6 0F       		.byte	0xf
 4220 06d7 3A       		.byte	0x3a
 4221 06d8 19       		.byte	0x19
 4222 06d9 53020000 		.4byte	0x253
 4223 06dd 00       		.byte	0
 4224 06de 02       		.uleb128 0x2
 4225 06df AC020000 		.4byte	.LASF93
 4226 06e3 0F       		.byte	0xf
 4227 06e4 3C       		.byte	0x3c
 4228 06e5 1A       		.byte	0x1a
 4229 06e6 4E020000 		.4byte	0x24e
 4230 06ea 08       		.byte	0x8
 4231 06eb 02       		.uleb128 0x2
 4232 06ec 7A100000 		.4byte	.LASF94
 4233 06f0 0F       		.byte	0xf
 4234 06f1 3E       		.byte	0x3e
 4235 06f2 1A       		.byte	0x1a
 4236 06f3 2B070000 		.4byte	0x72b
 4237 06f7 0C       		.byte	0xc
 4238 06f8 00       		.byte	0
 4239 06f9 09       		.uleb128 0x9
 4240 06fa C4060000 		.4byte	0x6c4
 4241 06fe 09       		.uleb128 0x9
 4242 06ff 10030000 		.4byte	0x310
ARM GAS  /tmp/cc9Yqsyg.s 			page 76


 4243 0703 0C       		.uleb128 0xc
 4244 0704 92040000 		.4byte	0x492
 4245 0708 13070000 		.4byte	0x713
 4246 070c 0D       		.uleb128 0xd
 4247 070d 2D000000 		.4byte	0x2d
 4248 0711 28       		.byte	0x28
 4249 0712 00       		.byte	0
 4250 0713 44       		.uleb128 0x44
 4251 0714 636800   		.ascii	"ch\000"
 4252 0717 0B       		.byte	0xb
 4253 0718 0902     		.2byte	0x209
 4254 071a 14       		.byte	0x14
 4255 071b 03040000 		.4byte	0x403
 4256 071f 06       		.uleb128 0x6
 4257 0720 430F0000 		.4byte	.LASF95
 4258 0724 0F       		.byte	0xf
 4259 0725 34       		.byte	0x34
 4260 0726 19       		.byte	0x19
 4261 0727 C4060000 		.4byte	0x6c4
 4262 072b 09       		.uleb128 0x9
 4263 072c 1F070000 		.4byte	0x71f
 4264 0730 09       		.uleb128 0x9
 4265 0731 DD000000 		.4byte	0xdd
 4266 0735 09       		.uleb128 0x9
 4267 0736 D1000000 		.4byte	0xd1
 4268 073a 1B       		.uleb128 0x1b
 4269 073b 01       		.byte	0x1
 4270 073c 02       		.byte	0x2
 4271 073d 27050000 		.4byte	.LASF96
 4272 0741 06       		.uleb128 0x6
 4273 0742 B70E0000 		.4byte	.LASF97
 4274 0746 10       		.byte	0x10
 4275 0747 2F       		.byte	0x2f
 4276 0748 19       		.byte	0x19
 4277 0749 4D070000 		.4byte	0x74d
 4278 074d 24       		.uleb128 0x24
 4279 074e CB030000 		.4byte	.LASF98
 4280 0752 24       		.byte	0x24
 4281 0753 10       		.byte	0x10
 4282 0754 40       		.byte	0x40
 4283 0755 08       		.byte	0x8
 4284 0756 C3070000 		.4byte	0x7c3
 4285 075a 02       		.uleb128 0x2
 4286 075b 390D0000 		.4byte	.LASF99
 4287 075f 10       		.byte	0x10
 4288 0760 41       		.byte	0x41
 4289 0761 19       		.byte	0x19
 4290 0762 53020000 		.4byte	0x253
 4291 0766 00       		.byte	0
 4292 0767 02       		.uleb128 0x2
 4293 0768 30070000 		.4byte	.LASF100
 4294 076c 10       		.byte	0x10
 4295 076d 42       		.byte	0x42
 4296 076e 19       		.byte	0x19
 4297 076f 4E000000 		.4byte	0x4e
 4298 0773 08       		.byte	0x8
 4299 0774 02       		.uleb128 0x2
ARM GAS  /tmp/cc9Yqsyg.s 			page 77


 4300 0775 F0020000 		.4byte	.LASF101
 4301 0779 10       		.byte	0x10
 4302 077a 43       		.byte	0x43
 4303 077b 1A       		.byte	0x1a
 4304 077c 35070000 		.4byte	0x735
 4305 0780 0C       		.byte	0xc
 4306 0781 02       		.uleb128 0x2
 4307 0782 DC020000 		.4byte	.LASF102
 4308 0786 10       		.byte	0x10
 4309 0787 44       		.byte	0x44
 4310 0788 1A       		.byte	0x1a
 4311 0789 35070000 		.4byte	0x735
 4312 078d 10       		.byte	0x10
 4313 078e 02       		.uleb128 0x2
 4314 078f 4A080000 		.4byte	.LASF103
 4315 0793 10       		.byte	0x10
 4316 0794 46       		.byte	0x46
 4317 0795 1A       		.byte	0x1a
 4318 0796 35070000 		.4byte	0x735
 4319 079a 14       		.byte	0x14
 4320 079b 02       		.uleb128 0x2
 4321 079c 41030000 		.4byte	.LASF104
 4322 07a0 10       		.byte	0x10
 4323 07a1 47       		.byte	0x47
 4324 07a2 1A       		.byte	0x1a
 4325 07a3 35070000 		.4byte	0x735
 4326 07a7 18       		.byte	0x18
 4327 07a8 02       		.uleb128 0x2
 4328 07a9 14030000 		.4byte	.LASF105
 4329 07ad 10       		.byte	0x10
 4330 07ae 48       		.byte	0x48
 4331 07af 19       		.byte	0x19
 4332 07b0 C3070000 		.4byte	0x7c3
 4333 07b4 1C       		.byte	0x1c
 4334 07b5 02       		.uleb128 0x2
 4335 07b6 C8040000 		.4byte	.LASF106
 4336 07ba 10       		.byte	0x10
 4337 07bb 49       		.byte	0x49
 4338 07bc 1A       		.byte	0x1a
 4339 07bd B9000000 		.4byte	0xb9
 4340 07c1 20       		.byte	0x20
 4341 07c2 00       		.byte	0
 4342 07c3 06       		.uleb128 0x6
 4343 07c4 8F090000 		.4byte	.LASF107
 4344 07c8 10       		.byte	0x10
 4345 07c9 36       		.byte	0x36
 4346 07ca 10       		.byte	0x10
 4347 07cb CF070000 		.4byte	0x7cf
 4348 07cf 09       		.uleb128 0x9
 4349 07d0 D4070000 		.4byte	0x7d4
 4350 07d4 28       		.uleb128 0x28
 4351 07d5 DF070000 		.4byte	0x7df
 4352 07d9 05       		.uleb128 0x5
 4353 07da DF070000 		.4byte	0x7df
 4354 07de 00       		.byte	0
 4355 07df 09       		.uleb128 0x9
 4356 07e0 41070000 		.4byte	0x741
ARM GAS  /tmp/cc9Yqsyg.s 			page 78


 4357 07e4 06       		.uleb128 0x6
 4358 07e5 860F0000 		.4byte	.LASF108
 4359 07e9 10       		.byte	0x10
 4360 07ea 7F       		.byte	0x7f
 4361 07eb 14       		.byte	0x14
 4362 07ec 41070000 		.4byte	0x741
 4363 07f0 06       		.uleb128 0x6
 4364 07f1 FA0F0000 		.4byte	.LASF109
 4365 07f5 10       		.byte	0x10
 4366 07f6 F1       		.byte	0xf1
 4367 07f7 14       		.byte	0x14
 4368 07f8 41070000 		.4byte	0x741
 4369 07fc 06       		.uleb128 0x6
 4370 07fd B2050000 		.4byte	.LASF110
 4371 0801 11       		.byte	0x11
 4372 0802 FA       		.byte	0xfa
 4373 0803 1A       		.byte	0x1a
 4374 0804 08080000 		.4byte	0x808
 4375 0808 32       		.uleb128 0x32
 4376 0809 B2050000 		.4byte	.LASF110
 4377 080d 2002     		.2byte	0x220
 4378 080f 12       		.byte	0x12
 4379 0810 7701     		.2byte	0x177
 4380 0812 4A090000 		.4byte	0x94a
 4381 0816 04       		.uleb128 0x4
 4382 0817 1C020000 		.4byte	.LASF111
 4383 081b 12       		.byte	0x12
 4384 081c 7B01     		.2byte	0x17b
 4385 081e 21       		.byte	0x21
 4386 081f 86090000 		.4byte	0x986
 4387 0823 00       		.byte	0
 4388 0824 04       		.uleb128 0x4
 4389 0825 15020000 		.4byte	.LASF112
 4390 0829 12       		.byte	0x12
 4391 082a 7F01     		.2byte	0x17f
 4392 082c 22       		.byte	0x22
 4393 082d 08130000 		.4byte	0x1308
 4394 0831 04       		.byte	0x4
 4395 0832 04       		.uleb128 0x4
 4396 0833 11060000 		.4byte	.LASF113
 4397 0837 12       		.byte	0x12
 4398 0838 8301     		.2byte	0x183
 4399 083a 21       		.byte	0x21
 4400 083b E2000000 		.4byte	0xe2
 4401 083f 08       		.byte	0x8
 4402 0840 04       		.uleb128 0x4
 4403 0841 9D050000 		.4byte	.LASF114
 4404 0845 12       		.byte	0x12
 4405 0846 8701     		.2byte	0x187
 4406 0848 21       		.byte	0x21
 4407 0849 E2000000 		.4byte	0xe2
 4408 084d 0A       		.byte	0xa
 4409 084e 10       		.uleb128 0x10
 4410 084f 65706300 		.ascii	"epc\000"
 4411 0853 12       		.byte	0x12
 4412 0854 8B01     		.2byte	0x18b
 4413 0856 22       		.byte	0x22
ARM GAS  /tmp/cc9Yqsyg.s 			page 79


 4414 0857 0D130000 		.4byte	0x130d
 4415 085b 0C       		.byte	0xc
 4416 085c 04       		.uleb128 0x4
 4417 085d 770D0000 		.4byte	.LASF115
 4418 0861 12       		.byte	0x12
 4419 0862 9201     		.2byte	0x192
 4420 0864 22       		.byte	0x22
 4421 0865 22130000 		.4byte	0x1322
 4422 0869 1C       		.byte	0x1c
 4423 086a 04       		.uleb128 0x4
 4424 086b 09100000 		.4byte	.LASF116
 4425 086f 12       		.byte	0x12
 4426 0870 9901     		.2byte	0x199
 4427 0872 22       		.byte	0x22
 4428 0873 22130000 		.4byte	0x1322
 4429 0877 28       		.byte	0x28
 4430 0878 04       		.uleb128 0x4
 4431 0879 F5040000 		.4byte	.LASF117
 4432 087d 12       		.byte	0x12
 4433 087e 9D01     		.2byte	0x19d
 4434 0880 21       		.byte	0x21
 4435 0881 F4090000 		.4byte	0x9f4
 4436 0885 34       		.byte	0x34
 4437 0886 04       		.uleb128 0x4
 4438 0887 3D090000 		.4byte	.LASF118
 4439 088b 12       		.byte	0x12
 4440 088c A101     		.2byte	0x1a1
 4441 088e 22       		.byte	0x22
 4442 088f 35070000 		.4byte	0x735
 4443 0893 38       		.byte	0x38
 4444 0894 04       		.uleb128 0x4
 4445 0895 83050000 		.4byte	.LASF119
 4446 0899 12       		.byte	0x12
 4447 089a A501     		.2byte	0x1a5
 4448 089c 21       		.byte	0x21
 4449 089d 42000000 		.4byte	0x42
 4450 08a1 3C       		.byte	0x3c
 4451 08a2 04       		.uleb128 0x4
 4452 08a3 DB070000 		.4byte	.LASF120
 4453 08a7 12       		.byte	0x12
 4454 08a8 A901     		.2byte	0x1a9
 4455 08aa 21       		.byte	0x21
 4456 08ab 770A0000 		.4byte	0xa77
 4457 08af 40       		.byte	0x40
 4458 08b0 04       		.uleb128 0x4
 4459 08b1 9C060000 		.4byte	.LASF121
 4460 08b5 12       		.byte	0x12
 4461 08b6 AD01     		.2byte	0x1ad
 4462 08b8 21       		.byte	0x21
 4463 08b9 32130000 		.4byte	0x1332
 4464 08bd 44       		.byte	0x44
 4465 08be 04       		.uleb128 0x4
 4466 08bf B3070000 		.4byte	.LASF122
 4467 08c3 12       		.byte	0x12
 4468 08c4 B101     		.2byte	0x1b1
 4469 08c6 21       		.byte	0x21
 4470 08c7 E2000000 		.4byte	0xe2
ARM GAS  /tmp/cc9Yqsyg.s 			page 80


 4471 08cb 4C       		.byte	0x4c
 4472 08cc 04       		.uleb128 0x4
 4473 08cd C6070000 		.4byte	.LASF123
 4474 08d1 12       		.byte	0x12
 4475 08d2 B501     		.2byte	0x1b5
 4476 08d4 21       		.byte	0x21
 4477 08d5 D1000000 		.4byte	0xd1
 4478 08d9 4E       		.byte	0x4e
 4479 08da 04       		.uleb128 0x4
 4480 08db F2060000 		.4byte	.LASF124
 4481 08df 12       		.byte	0x12
 4482 08e0 B901     		.2byte	0x1b9
 4483 08e2 21       		.byte	0x21
 4484 08e3 D1000000 		.4byte	0xd1
 4485 08e7 4F       		.byte	0x4f
 4486 08e8 10       		.uleb128 0x10
 4487 08e9 6F746700 		.ascii	"otg\000"
 4488 08ed 12       		.byte	0x12
 4489 08ee C101     		.2byte	0x1c1
 4490 08f0 22       		.byte	0x22
 4491 08f1 42130000 		.4byte	0x1342
 4492 08f5 50       		.byte	0x50
 4493 08f6 04       		.uleb128 0x4
 4494 08f7 DD0A0000 		.4byte	.LASF125
 4495 08fb 12       		.byte	0x12
 4496 08fc C501     		.2byte	0x1c5
 4497 08fe 22       		.byte	0x22
 4498 08ff 47130000 		.4byte	0x1347
 4499 0903 54       		.byte	0x54
 4500 0904 04       		.uleb128 0x4
 4501 0905 81100000 		.4byte	.LASF126
 4502 0909 12       		.byte	0x12
 4503 090a C901     		.2byte	0x1c9
 4504 090c 21       		.byte	0x21
 4505 090d FA000000 		.4byte	0xfa
 4506 0911 58       		.byte	0x58
 4507 0912 04       		.uleb128 0x4
 4508 0913 EB090000 		.4byte	.LASF127
 4509 0917 12       		.byte	0x12
 4510 0918 CD01     		.2byte	0x1cd
 4511 091a 21       		.byte	0x21
 4512 091b FA000000 		.4byte	0xfa
 4513 091f 5C       		.byte	0x5c
 4514 0920 04       		.uleb128 0x4
 4515 0921 8A090000 		.4byte	.LASF128
 4516 0925 12       		.byte	0x12
 4517 0926 D101     		.2byte	0x1d1
 4518 0928 21       		.byte	0x21
 4519 0929 42020000 		.4byte	0x242
 4520 092d 60       		.byte	0x60
 4521 092e 10       		.uleb128 0x10
 4522 092f 747200   		.ascii	"tr\000"
 4523 0932 12       		.byte	0x12
 4524 0933 D601     		.2byte	0x1d6
 4525 0935 21       		.byte	0x21
 4526 0936 42020000 		.4byte	0x242
 4527 093a 64       		.byte	0x64
ARM GAS  /tmp/cc9Yqsyg.s 			page 81


 4528 093b 04       		.uleb128 0x4
 4529 093c 640D0000 		.4byte	.LASF129
 4530 0940 12       		.byte	0x12
 4531 0941 DA01     		.2byte	0x1da
 4532 0943 03       		.byte	0x3
 4533 0944 4C130000 		.4byte	0x134c
 4534 0948 68       		.byte	0x68
 4535 0949 00       		.byte	0
 4536 094a 06       		.uleb128 0x6
 4537 094b 7E0F0000 		.4byte	.LASF130
 4538 094f 11       		.byte	0x11
 4539 0950 FF       		.byte	0xff
 4540 0951 11       		.byte	0x11
 4541 0952 D1000000 		.4byte	0xd1
 4542 0956 2D       		.uleb128 0x2d
 4543 0957 34000000 		.4byte	0x34
 4544 095b 0401     		.2byte	0x104
 4545 095d 86090000 		.4byte	0x986
 4546 0961 0F       		.uleb128 0xf
 4547 0962 050B0000 		.4byte	.LASF131
 4548 0966 00       		.byte	0
 4549 0967 0F       		.uleb128 0xf
 4550 0968 4E0A0000 		.4byte	.LASF132
 4551 096c 01       		.byte	0x1
 4552 096d 0F       		.uleb128 0xf
 4553 096e 07090000 		.4byte	.LASF133
 4554 0972 02       		.byte	0x2
 4555 0973 0F       		.uleb128 0xf
 4556 0974 E5060000 		.4byte	.LASF134
 4557 0978 03       		.byte	0x3
 4558 0979 0F       		.uleb128 0xf
 4559 097a 4C020000 		.4byte	.LASF135
 4560 097e 04       		.byte	0x4
 4561 097f 0F       		.uleb128 0xf
 4562 0980 D4030000 		.4byte	.LASF136
 4563 0984 05       		.byte	0x5
 4564 0985 00       		.byte	0
 4565 0986 16       		.uleb128 0x16
 4566 0987 5F080000 		.4byte	.LASF137
 4567 098b 11       		.byte	0x11
 4568 098c 0B01     		.2byte	0x10b
 4569 098e 03       		.byte	0x3
 4570 098f 56090000 		.4byte	0x956
 4571 0993 2D       		.uleb128 0x2d
 4572 0994 34000000 		.4byte	0x34
 4573 0998 1001     		.2byte	0x110
 4574 099a B1090000 		.4byte	0x9b1
 4575 099e 0F       		.uleb128 0xf
 4576 099f 14100000 		.4byte	.LASF138
 4577 09a3 00       		.byte	0
 4578 09a4 0F       		.uleb128 0xf
 4579 09a5 10070000 		.4byte	.LASF139
 4580 09a9 01       		.byte	0x1
 4581 09aa 0F       		.uleb128 0xf
 4582 09ab 4B040000 		.4byte	.LASF140
 4583 09af 02       		.byte	0x2
 4584 09b0 00       		.byte	0
ARM GAS  /tmp/cc9Yqsyg.s 			page 82


 4585 09b1 16       		.uleb128 0x16
 4586 09b2 E2020000 		.4byte	.LASF141
 4587 09b6 11       		.byte	0x11
 4588 09b7 1401     		.2byte	0x114
 4589 09b9 03       		.byte	0x3
 4590 09ba 93090000 		.4byte	0x993
 4591 09be 2D       		.uleb128 0x2d
 4592 09bf 34000000 		.4byte	0x34
 4593 09c3 1901     		.2byte	0x119
 4594 09c5 F4090000 		.4byte	0x9f4
 4595 09c9 0F       		.uleb128 0xf
 4596 09ca 9F030000 		.4byte	.LASF142
 4597 09ce 00       		.byte	0
 4598 09cf 0F       		.uleb128 0xf
 4599 09d0 FA010000 		.4byte	.LASF143
 4600 09d4 01       		.byte	0x1
 4601 09d5 0F       		.uleb128 0xf
 4602 09d6 BD0A0000 		.4byte	.LASF144
 4603 09da 02       		.byte	0x2
 4604 09db 0F       		.uleb128 0xf
 4605 09dc 5F100000 		.4byte	.LASF145
 4606 09e0 03       		.byte	0x3
 4607 09e1 0F       		.uleb128 0xf
 4608 09e2 99100000 		.4byte	.LASF146
 4609 09e6 04       		.byte	0x4
 4610 09e7 0F       		.uleb128 0xf
 4611 09e8 46100000 		.4byte	.LASF147
 4612 09ec 05       		.byte	0x5
 4613 09ed 0F       		.uleb128 0xf
 4614 09ee BA040000 		.4byte	.LASF148
 4615 09f2 06       		.byte	0x6
 4616 09f3 00       		.byte	0
 4617 09f4 16       		.uleb128 0x16
 4618 09f5 C4020000 		.4byte	.LASF149
 4619 09f9 11       		.byte	0x11
 4620 09fa 2101     		.2byte	0x121
 4621 09fc 03       		.byte	0x3
 4622 09fd BE090000 		.4byte	0x9be
 4623 0a01 2D       		.uleb128 0x2d
 4624 0a02 34000000 		.4byte	0x34
 4625 0a06 2601     		.2byte	0x126
 4626 0a08 310A0000 		.4byte	0xa31
 4627 0a0c 0F       		.uleb128 0xf
 4628 0a0d 060E0000 		.4byte	.LASF150
 4629 0a11 00       		.byte	0
 4630 0a12 0F       		.uleb128 0xf
 4631 0a13 F9020000 		.4byte	.LASF151
 4632 0a17 01       		.byte	0x1
 4633 0a18 0F       		.uleb128 0xf
 4634 0a19 160D0000 		.4byte	.LASF152
 4635 0a1d 02       		.byte	0x2
 4636 0a1e 0F       		.uleb128 0xf
 4637 0a1f DD0F0000 		.4byte	.LASF153
 4638 0a23 03       		.byte	0x3
 4639 0a24 0F       		.uleb128 0xf
 4640 0a25 C4080000 		.4byte	.LASF154
 4641 0a29 04       		.byte	0x4
ARM GAS  /tmp/cc9Yqsyg.s 			page 83


 4642 0a2a 0F       		.uleb128 0xf
 4643 0a2b 39040000 		.4byte	.LASF155
 4644 0a2f 05       		.byte	0x5
 4645 0a30 00       		.byte	0
 4646 0a31 16       		.uleb128 0x16
 4647 0a32 C4060000 		.4byte	.LASF156
 4648 0a36 11       		.byte	0x11
 4649 0a37 2D01     		.2byte	0x12d
 4650 0a39 03       		.byte	0x3
 4651 0a3a 010A0000 		.4byte	0xa01
 4652 0a3e 29       		.uleb128 0x29
 4653 0a3f 08       		.byte	0x8
 4654 0a40 11       		.byte	0x11
 4655 0a41 3201     		.2byte	0x132
 4656 0a43 09       		.byte	0x9
 4657 0a44 650A0000 		.4byte	0xa65
 4658 0a48 04       		.uleb128 0x4
 4659 0a49 DD060000 		.4byte	.LASF157
 4660 0a4d 11       		.byte	0x11
 4661 0a4e 3601     		.2byte	0x136
 4662 0a50 21       		.byte	0x21
 4663 0a51 42000000 		.4byte	0x42
 4664 0a55 00       		.byte	0
 4665 0a56 04       		.uleb128 0x4
 4666 0a57 7B080000 		.4byte	.LASF158
 4667 0a5b 11       		.byte	0x11
 4668 0a5c 3A01     		.2byte	0x13a
 4669 0a5e 22       		.byte	0x22
 4670 0a5f 30070000 		.4byte	0x730
 4671 0a63 04       		.byte	0x4
 4672 0a64 00       		.byte	0
 4673 0a65 16       		.uleb128 0x16
 4674 0a66 6A060000 		.4byte	.LASF159
 4675 0a6a 11       		.byte	0x11
 4676 0a6b 3B01     		.2byte	0x13b
 4677 0a6d 03       		.byte	0x3
 4678 0a6e 3E0A0000 		.4byte	0xa3e
 4679 0a72 14       		.uleb128 0x14
 4680 0a73 650A0000 		.4byte	0xa65
 4681 0a77 16       		.uleb128 0x16
 4682 0a78 F20E0000 		.4byte	.LASF160
 4683 0a7c 11       		.byte	0x11
 4684 0a7d 4301     		.2byte	0x143
 4685 0a7f 10       		.byte	0x10
 4686 0a80 840A0000 		.4byte	0xa84
 4687 0a84 09       		.uleb128 0x9
 4688 0a85 890A0000 		.4byte	0xa89
 4689 0a89 28       		.uleb128 0x28
 4690 0a8a 940A0000 		.4byte	0xa94
 4691 0a8e 05       		.uleb128 0x5
 4692 0a8f 940A0000 		.4byte	0xa94
 4693 0a93 00       		.byte	0
 4694 0a94 09       		.uleb128 0x9
 4695 0a95 FC070000 		.4byte	0x7fc
 4696 0a99 16       		.uleb128 0x16
 4697 0a9a 5F090000 		.4byte	.LASF161
 4698 0a9e 11       		.byte	0x11
ARM GAS  /tmp/cc9Yqsyg.s 			page 84


 4699 0a9f 4C01     		.2byte	0x14c
 4700 0aa1 10       		.byte	0x10
 4701 0aa2 A60A0000 		.4byte	0xaa6
 4702 0aa6 09       		.uleb128 0x9
 4703 0aa7 AB0A0000 		.4byte	0xaab
 4704 0aab 28       		.uleb128 0x28
 4705 0aac BB0A0000 		.4byte	0xabb
 4706 0ab0 05       		.uleb128 0x5
 4707 0ab1 940A0000 		.4byte	0xa94
 4708 0ab5 05       		.uleb128 0x5
 4709 0ab6 4A090000 		.4byte	0x94a
 4710 0aba 00       		.byte	0
 4711 0abb 16       		.uleb128 0x16
 4712 0abc EF050000 		.4byte	.LASF162
 4713 0ac0 11       		.byte	0x11
 4714 0ac1 5501     		.2byte	0x155
 4715 0ac3 10       		.byte	0x10
 4716 0ac4 C80A0000 		.4byte	0xac8
 4717 0ac8 09       		.uleb128 0x9
 4718 0ac9 CD0A0000 		.4byte	0xacd
 4719 0acd 28       		.uleb128 0x28
 4720 0ace DD0A0000 		.4byte	0xadd
 4721 0ad2 05       		.uleb128 0x5
 4722 0ad3 940A0000 		.4byte	0xa94
 4723 0ad7 05       		.uleb128 0x5
 4724 0ad8 310A0000 		.4byte	0xa31
 4725 0adc 00       		.byte	0
 4726 0add 16       		.uleb128 0x16
 4727 0ade C20E0000 		.4byte	.LASF163
 4728 0ae2 11       		.byte	0x11
 4729 0ae3 6101     		.2byte	0x161
 4730 0ae5 10       		.byte	0x10
 4731 0ae6 EA0A0000 		.4byte	0xaea
 4732 0aea 09       		.uleb128 0x9
 4733 0aeb EF0A0000 		.4byte	0xaef
 4734 0aef 34       		.uleb128 0x34
 4735 0af0 3A070000 		.4byte	0x73a
 4736 0af4 FE0A0000 		.4byte	0xafe
 4737 0af8 05       		.uleb128 0x5
 4738 0af9 940A0000 		.4byte	0xa94
 4739 0afd 00       		.byte	0
 4740 0afe 16       		.uleb128 0x16
 4741 0aff 510D0000 		.4byte	.LASF164
 4742 0b03 11       		.byte	0x11
 4743 0b04 6601     		.2byte	0x166
 4744 0b06 21       		.byte	0x21
 4745 0b07 0B0B0000 		.4byte	0xb0b
 4746 0b0b 09       		.uleb128 0x9
 4747 0b0c 100B0000 		.4byte	0xb10
 4748 0b10 34       		.uleb128 0x34
 4749 0b11 2E0B0000 		.4byte	0xb2e
 4750 0b15 2E0B0000 		.4byte	0xb2e
 4751 0b19 05       		.uleb128 0x5
 4752 0b1a 940A0000 		.4byte	0xa94
 4753 0b1e 05       		.uleb128 0x5
 4754 0b1f D1000000 		.4byte	0xd1
 4755 0b23 05       		.uleb128 0x5
ARM GAS  /tmp/cc9Yqsyg.s 			page 85


 4756 0b24 D1000000 		.4byte	0xd1
 4757 0b28 05       		.uleb128 0x5
 4758 0b29 E2000000 		.4byte	0xe2
 4759 0b2d 00       		.byte	0
 4760 0b2e 09       		.uleb128 0x9
 4761 0b2f 720A0000 		.4byte	0xa72
 4762 0b33 1F       		.uleb128 0x1f
 4763 0b34 20       		.byte	0x20
 4764 0b35 13       		.byte	0x13
 4765 0b36 35       		.byte	0x35
 4766 0b37 09       		.byte	0x9
 4767 0b38 A50B0000 		.4byte	0xba5
 4768 0b3c 02       		.uleb128 0x2
 4769 0b3d 49050000 		.4byte	.LASF165
 4770 0b41 13       		.byte	0x13
 4771 0b42 36       		.byte	0x36
 4772 0b43 15       		.byte	0x15
 4773 0b44 06010000 		.4byte	0x106
 4774 0b48 00       		.byte	0
 4775 0b49 02       		.uleb128 0x2
 4776 0b4a 71010000 		.4byte	.LASF166
 4777 0b4e 13       		.byte	0x13
 4778 0b4f 38       		.byte	0x38
 4779 0b50 15       		.byte	0x15
 4780 0b51 06010000 		.4byte	0x106
 4781 0b55 04       		.byte	0x4
 4782 0b56 02       		.uleb128 0x2
 4783 0b57 A80B0000 		.4byte	.LASF167
 4784 0b5b 13       		.byte	0x13
 4785 0b5c 39       		.byte	0x39
 4786 0b5d 15       		.byte	0x15
 4787 0b5e 06010000 		.4byte	0x106
 4788 0b62 08       		.byte	0x8
 4789 0b63 02       		.uleb128 0x2
 4790 0b64 FC0B0000 		.4byte	.LASF168
 4791 0b68 13       		.byte	0x13
 4792 0b69 3A       		.byte	0x3a
 4793 0b6a 15       		.byte	0x15
 4794 0b6b 06010000 		.4byte	0x106
 4795 0b6f 0C       		.byte	0xc
 4796 0b70 02       		.uleb128 0x2
 4797 0b71 05020000 		.4byte	.LASF169
 4798 0b75 13       		.byte	0x13
 4799 0b76 3C       		.byte	0x3c
 4800 0b77 15       		.byte	0x15
 4801 0b78 06010000 		.4byte	0x106
 4802 0b7c 10       		.byte	0x10
 4803 0b7d 02       		.uleb128 0x2
 4804 0b7e 160E0000 		.4byte	.LASF170
 4805 0b82 13       		.byte	0x13
 4806 0b83 3E       		.byte	0x3e
 4807 0b84 15       		.byte	0x15
 4808 0b85 06010000 		.4byte	0x106
 4809 0b89 14       		.byte	0x14
 4810 0b8a 02       		.uleb128 0x2
 4811 0b8b 1E0E0000 		.4byte	.LASF171
 4812 0b8f 13       		.byte	0x13
ARM GAS  /tmp/cc9Yqsyg.s 			page 86


 4813 0b90 3F       		.byte	0x3f
 4814 0b91 15       		.byte	0x15
 4815 0b92 06010000 		.4byte	0x106
 4816 0b96 18       		.byte	0x18
 4817 0b97 02       		.uleb128 0x2
 4818 0b98 AF0E0000 		.4byte	.LASF172
 4819 0b9c 13       		.byte	0x13
 4820 0b9d 40       		.byte	0x40
 4821 0b9e 15       		.byte	0x15
 4822 0b9f 06010000 		.4byte	0x106
 4823 0ba3 1C       		.byte	0x1c
 4824 0ba4 00       		.byte	0
 4825 0ba5 06       		.uleb128 0x6
 4826 0ba6 FC050000 		.4byte	.LASF173
 4827 0baa 13       		.byte	0x13
 4828 0bab 41       		.byte	0x41
 4829 0bac 03       		.byte	0x3
 4830 0bad 330B0000 		.4byte	0xb33
 4831 0bb1 1F       		.uleb128 0x1f
 4832 0bb2 20       		.byte	0x20
 4833 0bb3 13       		.byte	0x13
 4834 0bb4 46       		.byte	0x46
 4835 0bb5 09       		.byte	0x9
 4836 0bb6 230C0000 		.4byte	0xc23
 4837 0bba 02       		.uleb128 0x2
 4838 0bbb EA0E0000 		.4byte	.LASF174
 4839 0bbf 13       		.byte	0x13
 4840 0bc0 47       		.byte	0x47
 4841 0bc1 15       		.byte	0x15
 4842 0bc2 06010000 		.4byte	0x106
 4843 0bc6 00       		.byte	0
 4844 0bc7 02       		.uleb128 0x2
 4845 0bc8 6A010000 		.4byte	.LASF175
 4846 0bcc 13       		.byte	0x13
 4847 0bcd 49       		.byte	0x49
 4848 0bce 15       		.byte	0x15
 4849 0bcf 06010000 		.4byte	0x106
 4850 0bd3 04       		.byte	0x4
 4851 0bd4 02       		.uleb128 0x2
 4852 0bd5 280F0000 		.4byte	.LASF176
 4853 0bd9 13       		.byte	0x13
 4854 0bda 4A       		.byte	0x4a
 4855 0bdb 15       		.byte	0x15
 4856 0bdc 06010000 		.4byte	0x106
 4857 0be0 08       		.byte	0x8
 4858 0be1 02       		.uleb128 0x2
 4859 0be2 81010000 		.4byte	.LASF177
 4860 0be6 13       		.byte	0x13
 4861 0be7 4C       		.byte	0x4c
 4862 0be8 15       		.byte	0x15
 4863 0be9 06010000 		.4byte	0x106
 4864 0bed 0C       		.byte	0xc
 4865 0bee 02       		.uleb128 0x2
 4866 0bef 0D050000 		.4byte	.LASF178
 4867 0bf3 13       		.byte	0x13
 4868 0bf4 4D       		.byte	0x4d
 4869 0bf5 15       		.byte	0x15
ARM GAS  /tmp/cc9Yqsyg.s 			page 87


 4870 0bf6 06010000 		.4byte	0x106
 4871 0bfa 10       		.byte	0x10
 4872 0bfb 02       		.uleb128 0x2
 4873 0bfc 160E0000 		.4byte	.LASF170
 4874 0c00 13       		.byte	0x13
 4875 0c01 4F       		.byte	0x4f
 4876 0c02 15       		.byte	0x15
 4877 0c03 06010000 		.4byte	0x106
 4878 0c07 14       		.byte	0x14
 4879 0c08 02       		.uleb128 0x2
 4880 0c09 260E0000 		.4byte	.LASF179
 4881 0c0d 13       		.byte	0x13
 4882 0c0e 50       		.byte	0x50
 4883 0c0f 15       		.byte	0x15
 4884 0c10 06010000 		.4byte	0x106
 4885 0c14 18       		.byte	0x18
 4886 0c15 02       		.uleb128 0x2
 4887 0c16 360E0000 		.4byte	.LASF180
 4888 0c1a 13       		.byte	0x13
 4889 0c1b 52       		.byte	0x52
 4890 0c1c 15       		.byte	0x15
 4891 0c1d 06010000 		.4byte	0x106
 4892 0c21 1C       		.byte	0x1c
 4893 0c22 00       		.byte	0
 4894 0c23 06       		.uleb128 0x6
 4895 0c24 B90C0000 		.4byte	.LASF181
 4896 0c28 13       		.byte	0x13
 4897 0c29 53       		.byte	0x53
 4898 0c2a 03       		.byte	0x3
 4899 0c2b B10B0000 		.4byte	0xbb1
 4900 0c2f 1F       		.uleb128 0x1f
 4901 0c30 20       		.byte	0x20
 4902 0c31 13       		.byte	0x13
 4903 0c32 58       		.byte	0x58
 4904 0c33 09       		.byte	0x9
 4905 0c34 A10C0000 		.4byte	0xca1
 4906 0c38 02       		.uleb128 0x2
 4907 0c39 EC030000 		.4byte	.LASF182
 4908 0c3d 13       		.byte	0x13
 4909 0c3e 59       		.byte	0x59
 4910 0c3f 15       		.byte	0x15
 4911 0c40 06010000 		.4byte	0x106
 4912 0c44 00       		.byte	0
 4913 0c45 02       		.uleb128 0x2
 4914 0c46 6A010000 		.4byte	.LASF175
 4915 0c4a 13       		.byte	0x13
 4916 0c4b 5B       		.byte	0x5b
 4917 0c4c 15       		.byte	0x15
 4918 0c4d 06010000 		.4byte	0x106
 4919 0c51 04       		.byte	0x4
 4920 0c52 02       		.uleb128 0x2
 4921 0c53 5C040000 		.4byte	.LASF183
 4922 0c57 13       		.byte	0x13
 4923 0c58 5C       		.byte	0x5c
 4924 0c59 15       		.byte	0x15
 4925 0c5a 06010000 		.4byte	0x106
 4926 0c5e 08       		.byte	0x8
ARM GAS  /tmp/cc9Yqsyg.s 			page 88


 4927 0c5f 02       		.uleb128 0x2
 4928 0c60 81010000 		.4byte	.LASF177
 4929 0c64 13       		.byte	0x13
 4930 0c65 5E       		.byte	0x5e
 4931 0c66 15       		.byte	0x15
 4932 0c67 06010000 		.4byte	0x106
 4933 0c6b 0C       		.byte	0xc
 4934 0c6c 02       		.uleb128 0x2
 4935 0c6d A1090000 		.4byte	.LASF184
 4936 0c71 13       		.byte	0x13
 4937 0c72 5F       		.byte	0x5f
 4938 0c73 15       		.byte	0x15
 4939 0c74 06010000 		.4byte	0x106
 4940 0c78 10       		.byte	0x10
 4941 0c79 02       		.uleb128 0x2
 4942 0c7a 160E0000 		.4byte	.LASF170
 4943 0c7e 13       		.byte	0x13
 4944 0c7f 61       		.byte	0x61
 4945 0c80 15       		.byte	0x15
 4946 0c81 06010000 		.4byte	0x106
 4947 0c85 14       		.byte	0x14
 4948 0c86 02       		.uleb128 0x2
 4949 0c87 1E0E0000 		.4byte	.LASF171
 4950 0c8b 13       		.byte	0x13
 4951 0c8c 62       		.byte	0x62
 4952 0c8d 15       		.byte	0x15
 4953 0c8e 06010000 		.4byte	0x106
 4954 0c92 18       		.byte	0x18
 4955 0c93 02       		.uleb128 0x2
 4956 0c94 360E0000 		.4byte	.LASF180
 4957 0c98 13       		.byte	0x13
 4958 0c99 63       		.byte	0x63
 4959 0c9a 15       		.byte	0x15
 4960 0c9b 06010000 		.4byte	0x106
 4961 0c9f 1C       		.byte	0x1c
 4962 0ca0 00       		.byte	0
 4963 0ca1 06       		.uleb128 0x6
 4964 0ca2 63050000 		.4byte	.LASF185
 4965 0ca6 13       		.byte	0x13
 4966 0ca7 64       		.byte	0x64
 4967 0ca8 03       		.byte	0x3
 4968 0ca9 2F0C0000 		.4byte	0xc2f
 4969 0cad 45       		.uleb128 0x45
 4970 0cae 00100100 		.4byte	0x11000
 4971 0cb2 13       		.byte	0x13
 4972 0cb3 69       		.byte	0x69
 4973 0cb4 09       		.byte	0x9
 4974 0cb5 770F0000 		.4byte	0xf77
 4975 0cb9 02       		.uleb128 0x2
 4976 0cba 73080000 		.4byte	.LASF186
 4977 0cbe 13       		.byte	0x13
 4978 0cbf 6A       		.byte	0x6a
 4979 0cc0 15       		.byte	0x15
 4980 0cc1 06010000 		.4byte	0x106
 4981 0cc5 00       		.byte	0
 4982 0cc6 02       		.uleb128 0x2
 4983 0cc7 F1080000 		.4byte	.LASF187
ARM GAS  /tmp/cc9Yqsyg.s 			page 89


 4984 0ccb 13       		.byte	0x13
 4985 0ccc 6B       		.byte	0x6b
 4986 0ccd 15       		.byte	0x15
 4987 0cce 06010000 		.4byte	0x106
 4988 0cd2 04       		.byte	0x4
 4989 0cd3 02       		.uleb128 0x2
 4990 0cd4 EE070000 		.4byte	.LASF188
 4991 0cd8 13       		.byte	0x13
 4992 0cd9 6C       		.byte	0x6c
 4993 0cda 15       		.byte	0x15
 4994 0cdb 06010000 		.4byte	0x106
 4995 0cdf 08       		.byte	0x8
 4996 0ce0 02       		.uleb128 0x2
 4997 0ce1 91100000 		.4byte	.LASF189
 4998 0ce5 13       		.byte	0x13
 4999 0ce6 6D       		.byte	0x6d
 5000 0ce7 15       		.byte	0x15
 5001 0ce8 06010000 		.4byte	0x106
 5002 0cec 0C       		.byte	0xc
 5003 0ced 02       		.uleb128 0x2
 5004 0cee 000F0000 		.4byte	.LASF190
 5005 0cf2 13       		.byte	0x13
 5006 0cf3 6E       		.byte	0x6e
 5007 0cf4 15       		.byte	0x15
 5008 0cf5 06010000 		.4byte	0x106
 5009 0cf9 10       		.byte	0x10
 5010 0cfa 02       		.uleb128 0x2
 5011 0cfb 080F0000 		.4byte	.LASF191
 5012 0cff 13       		.byte	0x13
 5013 0d00 6F       		.byte	0x6f
 5014 0d01 15       		.byte	0x15
 5015 0d02 06010000 		.4byte	0x106
 5016 0d06 14       		.byte	0x14
 5017 0d07 02       		.uleb128 0x2
 5018 0d08 620A0000 		.4byte	.LASF192
 5019 0d0c 13       		.byte	0x13
 5020 0d0d 70       		.byte	0x70
 5021 0d0e 15       		.byte	0x15
 5022 0d0f 06010000 		.4byte	0x106
 5023 0d13 18       		.byte	0x18
 5024 0d14 02       		.uleb128 0x2
 5025 0d15 BC080000 		.4byte	.LASF193
 5026 0d19 13       		.byte	0x13
 5027 0d1a 71       		.byte	0x71
 5028 0d1b 15       		.byte	0x15
 5029 0d1c 06010000 		.4byte	0x106
 5030 0d20 1C       		.byte	0x1c
 5031 0d21 02       		.uleb128 0x2
 5032 0d22 AB080000 		.4byte	.LASF194
 5033 0d26 13       		.byte	0x13
 5034 0d27 73       		.byte	0x73
 5035 0d28 15       		.byte	0x15
 5036 0d29 06010000 		.4byte	0x106
 5037 0d2d 20       		.byte	0x20
 5038 0d2e 02       		.uleb128 0x2
 5039 0d2f 08070000 		.4byte	.LASF195
 5040 0d33 13       		.byte	0x13
ARM GAS  /tmp/cc9Yqsyg.s 			page 90


 5041 0d34 75       		.byte	0x75
 5042 0d35 15       		.byte	0x15
 5043 0d36 06010000 		.4byte	0x106
 5044 0d3a 24       		.byte	0x24
 5045 0d3b 02       		.uleb128 0x2
 5046 0d3c 0B030000 		.4byte	.LASF196
 5047 0d40 13       		.byte	0x13
 5048 0d41 76       		.byte	0x76
 5049 0d42 15       		.byte	0x15
 5050 0d43 06010000 		.4byte	0x106
 5051 0d47 28       		.byte	0x28
 5052 0d48 02       		.uleb128 0x2
 5053 0d49 300F0000 		.4byte	.LASF197
 5054 0d4d 13       		.byte	0x13
 5055 0d4e 78       		.byte	0x78
 5056 0d4f 15       		.byte	0x15
 5057 0d50 06010000 		.4byte	0x106
 5058 0d54 2C       		.byte	0x2c
 5059 0d55 02       		.uleb128 0x2
 5060 0d56 5B0F0000 		.4byte	.LASF198
 5061 0d5a 13       		.byte	0x13
 5062 0d5b 7A       		.byte	0x7a
 5063 0d5c 15       		.byte	0x15
 5064 0d5d 06010000 		.4byte	0x106
 5065 0d61 30       		.byte	0x30
 5066 0d62 02       		.uleb128 0x2
 5067 0d63 6D0F0000 		.4byte	.LASF199
 5068 0d67 13       		.byte	0x13
 5069 0d68 7B       		.byte	0x7b
 5070 0d69 15       		.byte	0x15
 5071 0d6a 06010000 		.4byte	0x106
 5072 0d6e 34       		.byte	0x34
 5073 0d6f 02       		.uleb128 0x2
 5074 0d70 EF040000 		.4byte	.LASF200
 5075 0d74 13       		.byte	0x13
 5076 0d75 7C       		.byte	0x7c
 5077 0d76 15       		.byte	0x15
 5078 0d77 06010000 		.4byte	0x106
 5079 0d7b 38       		.byte	0x38
 5080 0d7c 19       		.uleb128 0x19
 5081 0d7d 43494400 		.ascii	"CID\000"
 5082 0d81 13       		.byte	0x13
 5083 0d82 7D       		.byte	0x7d
 5084 0d83 15       		.byte	0x15
 5085 0d84 06010000 		.4byte	0x106
 5086 0d88 3C       		.byte	0x3c
 5087 0d89 02       		.uleb128 0x2
 5088 0d8a 3E100000 		.4byte	.LASF201
 5089 0d8e 13       		.byte	0x13
 5090 0d8f 7E       		.byte	0x7e
 5091 0d90 15       		.byte	0x15
 5092 0d91 870F0000 		.4byte	0xf87
 5093 0d95 40       		.byte	0x40
 5094 0d96 07       		.uleb128 0x7
 5095 0d97 740B0000 		.4byte	.LASF202
 5096 0d9b 7F       		.byte	0x7f
 5097 0d9c 06010000 		.4byte	0x106
ARM GAS  /tmp/cc9Yqsyg.s 			page 91


 5098 0da0 0001     		.2byte	0x100
 5099 0da2 07       		.uleb128 0x7
 5100 0da3 5E070000 		.4byte	.LASF203
 5101 0da7 81       		.byte	0x81
 5102 0da8 81040000 		.4byte	0x481
 5103 0dac 0401     		.2byte	0x104
 5104 0dae 07       		.uleb128 0x7
 5105 0daf A4100000 		.4byte	.LASF204
 5106 0db3 83       		.byte	0x83
 5107 0db4 9C0F0000 		.4byte	0xf9c
 5108 0db8 4001     		.2byte	0x140
 5109 0dba 07       		.uleb128 0x7
 5110 0dbb 44050000 		.4byte	.LASF205
 5111 0dbf 84       		.byte	0x84
 5112 0dc0 06010000 		.4byte	0x106
 5113 0dc4 0004     		.2byte	0x400
 5114 0dc6 07       		.uleb128 0x7
 5115 0dc7 5A100000 		.4byte	.LASF206
 5116 0dcb 85       		.byte	0x85
 5117 0dcc 06010000 		.4byte	0x106
 5118 0dd0 0404     		.2byte	0x404
 5119 0dd2 07       		.uleb128 0x7
 5120 0dd3 E9050000 		.4byte	.LASF207
 5121 0dd7 86       		.byte	0x86
 5122 0dd8 06010000 		.4byte	0x106
 5123 0ddc 0804     		.2byte	0x408
 5124 0dde 07       		.uleb128 0x7
 5125 0ddf 6A080000 		.4byte	.LASF208
 5126 0de3 88       		.byte	0x88
 5127 0de4 06010000 		.4byte	0x106
 5128 0de8 0C04     		.2byte	0x40c
 5129 0dea 07       		.uleb128 0x7
 5130 0deb 36100000 		.4byte	.LASF209
 5131 0def 89       		.byte	0x89
 5132 0df0 06010000 		.4byte	0x106
 5133 0df4 1004     		.2byte	0x410
 5134 0df6 07       		.uleb128 0x7
 5135 0df7 B9090000 		.4byte	.LASF210
 5136 0dfb 8B       		.byte	0x8b
 5137 0dfc 06010000 		.4byte	0x106
 5138 0e00 1404     		.2byte	0x414
 5139 0e02 07       		.uleb128 0x7
 5140 0e03 450A0000 		.4byte	.LASF211
 5141 0e07 8D       		.byte	0x8d
 5142 0e08 06010000 		.4byte	0x106
 5143 0e0c 1804     		.2byte	0x418
 5144 0e0e 07       		.uleb128 0x7
 5145 0e0f 2C090000 		.4byte	.LASF212
 5146 0e13 8F       		.byte	0x8f
 5147 0e14 B10F0000 		.4byte	0xfb1
 5148 0e18 1C04     		.2byte	0x41c
 5149 0e1a 07       		.uleb128 0x7
 5150 0e1b 91050000 		.4byte	.LASF213
 5151 0e1f 90       		.byte	0x90
 5152 0e20 06010000 		.4byte	0x106
 5153 0e24 4004     		.2byte	0x440
 5154 0e26 07       		.uleb128 0x7
ARM GAS  /tmp/cc9Yqsyg.s 			page 92


 5155 0e27 2E0A0000 		.4byte	.LASF214
 5156 0e2b 92       		.byte	0x92
 5157 0e2c C60F0000 		.4byte	0xfc6
 5158 0e30 4404     		.2byte	0x444
 5159 0e32 2E       		.uleb128 0x2e
 5160 0e33 686300   		.ascii	"hc\000"
 5161 0e36 93       		.byte	0x93
 5162 0e37 18       		.byte	0x18
 5163 0e38 CB0F0000 		.4byte	0xfcb
 5164 0e3c 0005     		.2byte	0x500
 5165 0e3e 07       		.uleb128 0x7
 5166 0e3f 0C020000 		.4byte	.LASF215
 5167 0e43 94       		.byte	0x94
 5168 0e44 EB0F0000 		.4byte	0xfeb
 5169 0e48 0007     		.2byte	0x700
 5170 0e4a 07       		.uleb128 0x7
 5171 0e4b D9040000 		.4byte	.LASF216
 5172 0e4f 95       		.byte	0x95
 5173 0e50 06010000 		.4byte	0x106
 5174 0e54 0008     		.2byte	0x800
 5175 0e56 07       		.uleb128 0x7
 5176 0e57 BB0B0000 		.4byte	.LASF217
 5177 0e5b 96       		.byte	0x96
 5178 0e5c 06010000 		.4byte	0x106
 5179 0e60 0408     		.2byte	0x804
 5180 0e62 07       		.uleb128 0x7
 5181 0e63 BA0F0000 		.4byte	.LASF218
 5182 0e67 97       		.byte	0x97
 5183 0e68 06010000 		.4byte	0x106
 5184 0e6c 0808     		.2byte	0x808
 5185 0e6e 07       		.uleb128 0x7
 5186 0e6f 88050000 		.4byte	.LASF219
 5187 0e73 98       		.byte	0x98
 5188 0e74 06010000 		.4byte	0x106
 5189 0e78 0C08     		.2byte	0x80c
 5190 0e7a 07       		.uleb128 0x7
 5191 0e7b 3E0E0000 		.4byte	.LASF220
 5192 0e7f 99       		.byte	0x99
 5193 0e80 06010000 		.4byte	0x106
 5194 0e84 1008     		.2byte	0x810
 5195 0e86 07       		.uleb128 0x7
 5196 0e87 B5030000 		.4byte	.LASF221
 5197 0e8b 9B       		.byte	0x9b
 5198 0e8c 06010000 		.4byte	0x106
 5199 0e90 1408     		.2byte	0x814
 5200 0e92 07       		.uleb128 0x7
 5201 0e93 99030000 		.4byte	.LASF222
 5202 0e97 9D       		.byte	0x9d
 5203 0e98 06010000 		.4byte	0x106
 5204 0e9c 1808     		.2byte	0x818
 5205 0e9e 07       		.uleb128 0x7
 5206 0e9f 640C0000 		.4byte	.LASF223
 5207 0ea3 9F       		.byte	0x9f
 5208 0ea4 06010000 		.4byte	0x106
 5209 0ea8 1C08     		.2byte	0x81c
 5210 0eaa 07       		.uleb128 0x7
 5211 0eab 31060000 		.4byte	.LASF224
ARM GAS  /tmp/cc9Yqsyg.s 			page 93


 5212 0eaf A1       		.byte	0xa1
 5213 0eb0 06010000 		.4byte	0x106
 5214 0eb4 2008     		.2byte	0x820
 5215 0eb6 07       		.uleb128 0x7
 5216 0eb7 3A060000 		.4byte	.LASF225
 5217 0ebb A2       		.byte	0xa2
 5218 0ebc 06010000 		.4byte	0x106
 5219 0ec0 2408     		.2byte	0x824
 5220 0ec2 07       		.uleb128 0x7
 5221 0ec3 B00C0000 		.4byte	.LASF226
 5222 0ec7 A3       		.byte	0xa3
 5223 0ec8 06010000 		.4byte	0x106
 5224 0ecc 2808     		.2byte	0x828
 5225 0ece 07       		.uleb128 0x7
 5226 0ecf 43060000 		.4byte	.LASF227
 5227 0ed3 A5       		.byte	0xa5
 5228 0ed4 06010000 		.4byte	0x106
 5229 0ed8 2C08     		.2byte	0x82c
 5230 0eda 07       		.uleb128 0x7
 5231 0edb 4D090000 		.4byte	.LASF228
 5232 0edf A7       		.byte	0xa7
 5233 0ee0 06010000 		.4byte	0x106
 5234 0ee4 3008     		.2byte	0x830
 5235 0ee6 07       		.uleb128 0x7
 5236 0ee7 A40E0000 		.4byte	.LASF229
 5237 0eeb A8       		.byte	0xa8
 5238 0eec 06010000 		.4byte	0x106
 5239 0ef0 3408     		.2byte	0x834
 5240 0ef2 07       		.uleb128 0x7
 5241 0ef3 56090000 		.4byte	.LASF230
 5242 0ef7 AA       		.byte	0xaa
 5243 0ef8 06010000 		.4byte	0x106
 5244 0efc 3808     		.2byte	0x838
 5245 0efe 07       		.uleb128 0x7
 5246 0eff 81090000 		.4byte	.LASF231
 5247 0f03 AB       		.byte	0xab
 5248 0f04 06010000 		.4byte	0x106
 5249 0f08 3C08     		.2byte	0x83c
 5250 0f0a 07       		.uleb128 0x7
 5251 0f0b 3A070000 		.4byte	.LASF232
 5252 0f0f AC       		.byte	0xac
 5253 0f10 00100000 		.4byte	0x1000
 5254 0f14 4008     		.2byte	0x840
 5255 0f16 07       		.uleb128 0x7
 5256 0f17 78090000 		.4byte	.LASF233
 5257 0f1b AD       		.byte	0xad
 5258 0f1c 00100000 		.4byte	0x1000
 5259 0f20 8008     		.2byte	0x880
 5260 0f22 07       		.uleb128 0x7
 5261 0f23 DE040000 		.4byte	.LASF234
 5262 0f27 AE       		.byte	0xae
 5263 0f28 00100000 		.4byte	0x1000
 5264 0f2c C008     		.2byte	0x8c0
 5265 0f2e 2E       		.uleb128 0x2e
 5266 0f2f 696500   		.ascii	"ie\000"
 5267 0f32 AF       		.byte	0xaf
 5268 0f33 15       		.byte	0x15
ARM GAS  /tmp/cc9Yqsyg.s 			page 94


 5269 0f34 05100000 		.4byte	0x1005
 5270 0f38 0009     		.2byte	0x900
 5271 0f3a 2E       		.uleb128 0x2e
 5272 0f3b 6F6500   		.ascii	"oe\000"
 5273 0f3e B0       		.byte	0xb0
 5274 0f3f 16       		.byte	0x16
 5275 0f40 15100000 		.4byte	0x1015
 5276 0f44 000B     		.2byte	0xb00
 5277 0f46 07       		.uleb128 0x7
 5278 0f47 540B0000 		.4byte	.LASF235
 5279 0f4b B1       		.byte	0xb1
 5280 0f4c EB0F0000 		.4byte	0xfeb
 5281 0f50 000D     		.2byte	0xd00
 5282 0f52 07       		.uleb128 0x7
 5283 0f53 D5080000 		.4byte	.LASF236
 5284 0f57 B2       		.byte	0xb2
 5285 0f58 06010000 		.4byte	0x106
 5286 0f5c 000E     		.2byte	0xe00
 5287 0f5e 07       		.uleb128 0x7
 5288 0f5f 520F0000 		.4byte	.LASF237
 5289 0f63 B4       		.byte	0xb4
 5290 0f64 35100000 		.4byte	0x1035
 5291 0f68 040E     		.2byte	0xe04
 5292 0f6a 07       		.uleb128 0x7
 5293 0f6b 2B0D0000 		.4byte	.LASF238
 5294 0f6f B5       		.byte	0xb5
 5295 0f70 51100000 		.4byte	0x1051
 5296 0f74 0010     		.2byte	0x1000
 5297 0f76 00       		.byte	0
 5298 0f77 0C       		.uleb128 0xc
 5299 0f78 06010000 		.4byte	0x106
 5300 0f7c 870F0000 		.4byte	0xf87
 5301 0f80 0D       		.uleb128 0xd
 5302 0f81 2D000000 		.4byte	0x2d
 5303 0f85 2F       		.byte	0x2f
 5304 0f86 00       		.byte	0
 5305 0f87 15       		.uleb128 0x15
 5306 0f88 770F0000 		.4byte	0xf77
 5307 0f8c 0C       		.uleb128 0xc
 5308 0f8d 06010000 		.4byte	0x106
 5309 0f91 9C0F0000 		.4byte	0xf9c
 5310 0f95 0D       		.uleb128 0xd
 5311 0f96 2D000000 		.4byte	0x2d
 5312 0f9a AF       		.byte	0xaf
 5313 0f9b 00       		.byte	0
 5314 0f9c 15       		.uleb128 0x15
 5315 0f9d 8C0F0000 		.4byte	0xf8c
 5316 0fa1 0C       		.uleb128 0xc
 5317 0fa2 06010000 		.4byte	0x106
 5318 0fa6 B10F0000 		.4byte	0xfb1
 5319 0faa 0D       		.uleb128 0xd
 5320 0fab 2D000000 		.4byte	0x2d
 5321 0faf 08       		.byte	0x8
 5322 0fb0 00       		.byte	0
 5323 0fb1 15       		.uleb128 0x15
 5324 0fb2 A10F0000 		.4byte	0xfa1
 5325 0fb6 0C       		.uleb128 0xc
ARM GAS  /tmp/cc9Yqsyg.s 			page 95


 5326 0fb7 06010000 		.4byte	0x106
 5327 0fbb C60F0000 		.4byte	0xfc6
 5328 0fbf 0D       		.uleb128 0xd
 5329 0fc0 2D000000 		.4byte	0x2d
 5330 0fc4 2E       		.byte	0x2e
 5331 0fc5 00       		.byte	0
 5332 0fc6 15       		.uleb128 0x15
 5333 0fc7 B60F0000 		.4byte	0xfb6
 5334 0fcb 0C       		.uleb128 0xc
 5335 0fcc A50B0000 		.4byte	0xba5
 5336 0fd0 DB0F0000 		.4byte	0xfdb
 5337 0fd4 0D       		.uleb128 0xd
 5338 0fd5 2D000000 		.4byte	0x2d
 5339 0fd9 0F       		.byte	0xf
 5340 0fda 00       		.byte	0
 5341 0fdb 0C       		.uleb128 0xc
 5342 0fdc 06010000 		.4byte	0x106
 5343 0fe0 EB0F0000 		.4byte	0xfeb
 5344 0fe4 0D       		.uleb128 0xd
 5345 0fe5 2D000000 		.4byte	0x2d
 5346 0fe9 3F       		.byte	0x3f
 5347 0fea 00       		.byte	0
 5348 0feb 15       		.uleb128 0x15
 5349 0fec DB0F0000 		.4byte	0xfdb
 5350 0ff0 0C       		.uleb128 0xc
 5351 0ff1 06010000 		.4byte	0x106
 5352 0ff5 00100000 		.4byte	0x1000
 5353 0ff9 0D       		.uleb128 0xd
 5354 0ffa 2D000000 		.4byte	0x2d
 5355 0ffe 0F       		.byte	0xf
 5356 0fff 00       		.byte	0
 5357 1000 15       		.uleb128 0x15
 5358 1001 F00F0000 		.4byte	0xff0
 5359 1005 0C       		.uleb128 0xc
 5360 1006 230C0000 		.4byte	0xc23
 5361 100a 15100000 		.4byte	0x1015
 5362 100e 0D       		.uleb128 0xd
 5363 100f 2D000000 		.4byte	0x2d
 5364 1013 0F       		.byte	0xf
 5365 1014 00       		.byte	0
 5366 1015 0C       		.uleb128 0xc
 5367 1016 A10C0000 		.4byte	0xca1
 5368 101a 25100000 		.4byte	0x1025
 5369 101e 0D       		.uleb128 0xd
 5370 101f 2D000000 		.4byte	0x2d
 5371 1023 0F       		.byte	0xf
 5372 1024 00       		.byte	0
 5373 1025 0C       		.uleb128 0xc
 5374 1026 06010000 		.4byte	0x106
 5375 102a 35100000 		.4byte	0x1035
 5376 102e 0D       		.uleb128 0xd
 5377 102f 2D000000 		.4byte	0x2d
 5378 1033 7E       		.byte	0x7e
 5379 1034 00       		.byte	0
 5380 1035 15       		.uleb128 0x15
 5381 1036 25100000 		.4byte	0x1025
 5382 103a 0C       		.uleb128 0xc
ARM GAS  /tmp/cc9Yqsyg.s 			page 96


 5383 103b 06010000 		.4byte	0x106
 5384 103f 51100000 		.4byte	0x1051
 5385 1043 0D       		.uleb128 0xd
 5386 1044 2D000000 		.4byte	0x2d
 5387 1048 0F       		.byte	0xf
 5388 1049 46       		.uleb128 0x46
 5389 104a 2D000000 		.4byte	0x2d
 5390 104e FF03     		.2byte	0x3ff
 5391 1050 00       		.byte	0
 5392 1051 15       		.uleb128 0x15
 5393 1052 3A100000 		.4byte	0x103a
 5394 1056 06       		.uleb128 0x6
 5395 1057 060A0000 		.4byte	.LASF239
 5396 105b 13       		.byte	0x13
 5397 105c B6       		.byte	0xb6
 5398 105d 03       		.byte	0x3
 5399 105e AD0C0000 		.4byte	0xcad
 5400 1062 1F       		.uleb128 0x1f
 5401 1063 0C       		.byte	0xc
 5402 1064 12       		.byte	0x12
 5403 1065 C6       		.byte	0xc6
 5404 1066 09       		.byte	0x9
 5405 1067 93100000 		.4byte	0x1093
 5406 106b 02       		.uleb128 0x2
 5407 106c E20D0000 		.4byte	.LASF240
 5408 1070 12       		.byte	0x12
 5409 1071 C7       		.byte	0xc7
 5410 1072 21       		.byte	0x21
 5411 1073 FA000000 		.4byte	0xfa
 5412 1077 00       		.byte	0
 5413 1078 02       		.uleb128 0x2
 5414 1079 D90C0000 		.4byte	.LASF241
 5415 107d 12       		.byte	0x12
 5416 107e C8       		.byte	0xc8
 5417 107f 21       		.byte	0x21
 5418 1080 FA000000 		.4byte	0xfa
 5419 1084 04       		.byte	0x4
 5420 1085 02       		.uleb128 0x2
 5421 1086 1F080000 		.4byte	.LASF242
 5422 108a 12       		.byte	0x12
 5423 108b C9       		.byte	0xc9
 5424 108c 21       		.byte	0x21
 5425 108d FA000000 		.4byte	0xfa
 5426 1091 08       		.byte	0x8
 5427 1092 00       		.byte	0
 5428 1093 06       		.uleb128 0x6
 5429 1094 89060000 		.4byte	.LASF243
 5430 1098 12       		.byte	0x12
 5431 1099 CA       		.byte	0xca
 5432 109a 03       		.byte	0x3
 5433 109b 62100000 		.4byte	0x1062
 5434 109f 14       		.uleb128 0x14
 5435 10a0 93100000 		.4byte	0x1093
 5436 10a4 1F       		.uleb128 0x1f
 5437 10a5 04       		.byte	0x4
 5438 10a6 12       		.byte	0x12
 5439 10a7 DD       		.byte	0xdd
ARM GAS  /tmp/cc9Yqsyg.s 			page 97


 5440 10a8 05       		.byte	0x5
 5441 10a9 BB100000 		.4byte	0x10bb
 5442 10ad 02       		.uleb128 0x2
 5443 10ae 8A030000 		.4byte	.LASF244
 5444 10b2 12       		.byte	0x12
 5445 10b3 E1       		.byte	0xe1
 5446 10b4 22       		.byte	0x22
 5447 10b5 30070000 		.4byte	0x730
 5448 10b9 00       		.byte	0
 5449 10ba 00       		.byte	0
 5450 10bb 1F       		.uleb128 0x1f
 5451 10bc 04       		.byte	0x4
 5452 10bd 12       		.byte	0x12
 5453 10be E3       		.byte	0xe3
 5454 10bf 05       		.byte	0x5
 5455 10c0 D2100000 		.4byte	0x10d2
 5456 10c4 02       		.uleb128 0x2
 5457 10c5 2E0E0000 		.4byte	.LASF245
 5458 10c9 12       		.byte	0x12
 5459 10ca E7       		.byte	0xe7
 5460 10cb 22       		.byte	0x22
 5461 10cc D2100000 		.4byte	0x10d2
 5462 10d0 00       		.byte	0
 5463 10d1 00       		.byte	0
 5464 10d2 09       		.uleb128 0x9
 5465 10d3 F0070000 		.4byte	0x7f0
 5466 10d7 33       		.uleb128 0x33
 5467 10d8 12       		.byte	0x12
 5468 10d9 DC       		.byte	0xdc
 5469 10da F3100000 		.4byte	0x10f3
 5470 10de 35       		.uleb128 0x35
 5471 10df AE0B0000 		.4byte	.LASF246
 5472 10e3 E2       		.byte	0xe2
 5473 10e4 A4100000 		.4byte	0x10a4
 5474 10e8 35       		.uleb128 0x35
 5475 10e9 4B0C0000 		.4byte	.LASF247
 5476 10ed E8       		.byte	0xe8
 5477 10ee BB100000 		.4byte	0x10bb
 5478 10f2 00       		.byte	0
 5479 10f3 1F       		.uleb128 0x1f
 5480 10f4 14       		.byte	0x14
 5481 10f5 12       		.byte	0x12
 5482 10f6 CF       		.byte	0xcf
 5483 10f7 09       		.byte	0x9
 5484 10f8 3E110000 		.4byte	0x113e
 5485 10fc 02       		.uleb128 0x2
 5486 10fd 88100000 		.4byte	.LASF248
 5487 1101 12       		.byte	0x12
 5488 1102 D3       		.byte	0xd3
 5489 1103 21       		.byte	0x21
 5490 1104 3A070000 		.4byte	0x73a
 5491 1108 00       		.byte	0
 5492 1109 02       		.uleb128 0x2
 5493 110a 52080000 		.4byte	.LASF249
 5494 110e 12       		.byte	0x12
 5495 110f D7       		.byte	0xd7
 5496 1110 21       		.byte	0x21
ARM GAS  /tmp/cc9Yqsyg.s 			page 98


 5497 1111 42000000 		.4byte	0x42
 5498 1115 04       		.byte	0x4
 5499 1116 02       		.uleb128 0x2
 5500 1117 49030000 		.4byte	.LASF250
 5501 111b 12       		.byte	0x12
 5502 111c DB       		.byte	0xdb
 5503 111d 21       		.byte	0x21
 5504 111e 42000000 		.4byte	0x42
 5505 1122 08       		.byte	0x8
 5506 1123 02       		.uleb128 0x2
 5507 1124 F80D0000 		.4byte	.LASF251
 5508 1128 12       		.byte	0x12
 5509 1129 E9       		.byte	0xe9
 5510 112a 05       		.byte	0x5
 5511 112b D7100000 		.4byte	0x10d7
 5512 112f 0C       		.byte	0xc
 5513 1130 02       		.uleb128 0x2
 5514 1131 DA0D0000 		.4byte	.LASF252
 5515 1135 12       		.byte	0x12
 5516 1136 ED       		.byte	0xed
 5517 1137 21       		.byte	0x21
 5518 1138 42000000 		.4byte	0x42
 5519 113c 10       		.byte	0x10
 5520 113d 00       		.byte	0
 5521 113e 06       		.uleb128 0x6
 5522 113f 1E060000 		.4byte	.LASF253
 5523 1143 12       		.byte	0x12
 5524 1144 EE       		.byte	0xee
 5525 1145 03       		.byte	0x3
 5526 1146 F3100000 		.4byte	0x10f3
 5527 114a 29       		.uleb128 0x29
 5528 114b 04       		.byte	0x4
 5529 114c 12       		.byte	0x12
 5530 114d 0101     		.2byte	0x101
 5531 114f 05       		.byte	0x5
 5532 1150 63110000 		.4byte	0x1163
 5533 1154 04       		.uleb128 0x4
 5534 1155 A5080000 		.4byte	.LASF254
 5535 1159 12       		.byte	0x12
 5536 115a 0501     		.2byte	0x105
 5537 115c 22       		.byte	0x22
 5538 115d 35070000 		.4byte	0x735
 5539 1161 00       		.byte	0
 5540 1162 00       		.byte	0
 5541 1163 29       		.uleb128 0x29
 5542 1164 04       		.byte	0x4
 5543 1165 12       		.byte	0x12
 5544 1166 0701     		.2byte	0x107
 5545 1168 05       		.byte	0x5
 5546 1169 7C110000 		.4byte	0x117c
 5547 116d 04       		.uleb128 0x4
 5548 116e 510C0000 		.4byte	.LASF255
 5549 1172 12       		.byte	0x12
 5550 1173 0B01     		.2byte	0x10b
 5551 1175 21       		.byte	0x21
 5552 1176 7C110000 		.4byte	0x117c
 5553 117a 00       		.byte	0
ARM GAS  /tmp/cc9Yqsyg.s 			page 99


 5554 117b 00       		.byte	0
 5555 117c 09       		.uleb128 0x9
 5556 117d E4070000 		.4byte	0x7e4
 5557 1181 47       		.uleb128 0x47
 5558 1182 04       		.byte	0x4
 5559 1183 12       		.byte	0x12
 5560 1184 0001     		.2byte	0x100
 5561 1186 03       		.byte	0x3
 5562 1187 A6110000 		.4byte	0x11a6
 5563 118b 21       		.uleb128 0x21
 5564 118c AE0B0000 		.4byte	.LASF246
 5565 1190 12       		.byte	0x12
 5566 1191 0601     		.2byte	0x106
 5567 1193 07       		.byte	0x7
 5568 1194 4A110000 		.4byte	0x114a
 5569 1198 21       		.uleb128 0x21
 5570 1199 4B0C0000 		.4byte	.LASF247
 5571 119d 12       		.byte	0x12
 5572 119e 0C01     		.2byte	0x10c
 5573 11a0 07       		.byte	0x7
 5574 11a1 63110000 		.4byte	0x1163
 5575 11a5 00       		.byte	0
 5576 11a6 1F       		.uleb128 0x1f
 5577 11a7 14       		.byte	0x14
 5578 11a8 12       		.byte	0x12
 5579 11a9 F3       		.byte	0xf3
 5580 11aa 09       		.byte	0x9
 5581 11ab F3110000 		.4byte	0x11f3
 5582 11af 02       		.uleb128 0x2
 5583 11b0 050C0000 		.4byte	.LASF256
 5584 11b4 12       		.byte	0x12
 5585 11b5 F7       		.byte	0xf7
 5586 11b6 21       		.byte	0x21
 5587 11b7 3A070000 		.4byte	0x73a
 5588 11bb 00       		.byte	0
 5589 11bc 02       		.uleb128 0x2
 5590 11bd 81040000 		.4byte	.LASF257
 5591 11c1 12       		.byte	0x12
 5592 11c2 FB       		.byte	0xfb
 5593 11c3 21       		.byte	0x21
 5594 11c4 42000000 		.4byte	0x42
 5595 11c8 04       		.byte	0x4
 5596 11c9 02       		.uleb128 0x2
 5597 11ca 59080000 		.4byte	.LASF258
 5598 11ce 12       		.byte	0x12
 5599 11cf FF       		.byte	0xff
 5600 11d0 21       		.byte	0x21
 5601 11d1 42000000 		.4byte	0x42
 5602 11d5 08       		.byte	0x8
 5603 11d6 04       		.uleb128 0x4
 5604 11d7 F80D0000 		.4byte	.LASF251
 5605 11db 12       		.byte	0x12
 5606 11dc 0D01     		.2byte	0x10d
 5607 11de 05       		.byte	0x5
 5608 11df 81110000 		.4byte	0x1181
 5609 11e3 0C       		.byte	0xc
 5610 11e4 04       		.uleb128 0x4
ARM GAS  /tmp/cc9Yqsyg.s 			page 100


 5611 11e5 DA0D0000 		.4byte	.LASF252
 5612 11e9 12       		.byte	0x12
 5613 11ea 1101     		.2byte	0x111
 5614 11ec 21       		.byte	0x21
 5615 11ed 42000000 		.4byte	0x42
 5616 11f1 10       		.byte	0x10
 5617 11f2 00       		.byte	0
 5618 11f3 16       		.uleb128 0x16
 5619 11f4 270B0000 		.4byte	.LASF259
 5620 11f8 12       		.byte	0x12
 5621 11f9 1201     		.2byte	0x112
 5622 11fb 03       		.byte	0x3
 5623 11fc A6110000 		.4byte	0x11a6
 5624 1200 29       		.uleb128 0x29
 5625 1201 24       		.byte	0x24
 5626 1202 12       		.byte	0x12
 5627 1203 1801     		.2byte	0x118
 5628 1205 09       		.byte	0x9
 5629 1206 97120000 		.4byte	0x1297
 5630 120a 04       		.uleb128 0x4
 5631 120b 22020000 		.4byte	.LASF260
 5632 120f 12       		.byte	0x12
 5633 1210 1C01     		.2byte	0x11c
 5634 1212 21       		.byte	0x21
 5635 1213 FA000000 		.4byte	0xfa
 5636 1217 00       		.byte	0
 5637 1218 04       		.uleb128 0x4
 5638 1219 6F090000 		.4byte	.LASF261
 5639 121d 12       		.byte	0x12
 5640 121e 2701     		.2byte	0x127
 5641 1220 21       		.byte	0x21
 5642 1221 990A0000 		.4byte	0xa99
 5643 1225 04       		.byte	0x4
 5644 1226 04       		.uleb128 0x4
 5645 1227 C3050000 		.4byte	.LASF262
 5646 122b 12       		.byte	0x12
 5647 122c 2D01     		.2byte	0x12d
 5648 122e 21       		.byte	0x21
 5649 122f 990A0000 		.4byte	0xa99
 5650 1233 08       		.byte	0x8
 5651 1234 04       		.uleb128 0x4
 5652 1235 370A0000 		.4byte	.LASF263
 5653 1239 12       		.byte	0x12
 5654 123a 3301     		.2byte	0x133
 5655 123c 21       		.byte	0x21
 5656 123d 990A0000 		.4byte	0xa99
 5657 1241 0C       		.byte	0xc
 5658 1242 04       		.uleb128 0x4
 5659 1243 570A0000 		.4byte	.LASF264
 5660 1247 12       		.byte	0x12
 5661 1248 3901     		.2byte	0x139
 5662 124a 21       		.byte	0x21
 5663 124b E2000000 		.4byte	0xe2
 5664 124f 10       		.byte	0x10
 5665 1250 04       		.uleb128 0x4
 5666 1251 E60C0000 		.4byte	.LASF265
 5667 1255 12       		.byte	0x12
ARM GAS  /tmp/cc9Yqsyg.s 			page 101


 5668 1256 3F01     		.2byte	0x13f
 5669 1258 21       		.byte	0x21
 5670 1259 E2000000 		.4byte	0xe2
 5671 125d 12       		.byte	0x12
 5672 125e 04       		.uleb128 0x4
 5673 125f B3080000 		.4byte	.LASF266
 5674 1263 12       		.byte	0x12
 5675 1264 4401     		.2byte	0x144
 5676 1266 22       		.byte	0x22
 5677 1267 97120000 		.4byte	0x1297
 5678 126b 14       		.byte	0x14
 5679 126c 04       		.uleb128 0x4
 5680 126d 6A0A0000 		.4byte	.LASF267
 5681 1271 12       		.byte	0x12
 5682 1272 4901     		.2byte	0x149
 5683 1274 22       		.byte	0x22
 5684 1275 9C120000 		.4byte	0x129c
 5685 1279 18       		.byte	0x18
 5686 127a 04       		.uleb128 0x4
 5687 127b 0C080000 		.4byte	.LASF268
 5688 127f 12       		.byte	0x12
 5689 1280 5001     		.2byte	0x150
 5690 1282 21       		.byte	0x21
 5691 1283 E2000000 		.4byte	0xe2
 5692 1287 1C       		.byte	0x1c
 5693 1288 04       		.uleb128 0x4
 5694 1289 240A0000 		.4byte	.LASF269
 5695 128d 12       		.byte	0x12
 5696 128e 5601     		.2byte	0x156
 5697 1290 22       		.byte	0x22
 5698 1291 35070000 		.4byte	0x735
 5699 1295 20       		.byte	0x20
 5700 1296 00       		.byte	0
 5701 1297 09       		.uleb128 0x9
 5702 1298 3E110000 		.4byte	0x113e
 5703 129c 09       		.uleb128 0x9
 5704 129d F3110000 		.4byte	0x11f3
 5705 12a1 16       		.uleb128 0x16
 5706 12a2 D10B0000 		.4byte	.LASF270
 5707 12a6 12       		.byte	0x12
 5708 12a7 5701     		.2byte	0x157
 5709 12a9 03       		.byte	0x3
 5710 12aa 00120000 		.4byte	0x1200
 5711 12ae 14       		.uleb128 0x14
 5712 12af A1120000 		.4byte	0x12a1
 5713 12b3 29       		.uleb128 0x29
 5714 12b4 10       		.byte	0x10
 5715 12b5 12       		.byte	0x12
 5716 12b6 5C01     		.2byte	0x15c
 5717 12b8 09       		.byte	0x9
 5718 12b9 F6120000 		.4byte	0x12f6
 5719 12bd 04       		.uleb128 0x4
 5720 12be E8080000 		.4byte	.LASF271
 5721 12c2 12       		.byte	0x12
 5722 12c3 6101     		.2byte	0x161
 5723 12c5 21       		.byte	0x21
 5724 12c6 BB0A0000 		.4byte	0xabb
ARM GAS  /tmp/cc9Yqsyg.s 			page 102


 5725 12ca 00       		.byte	0
 5726 12cb 04       		.uleb128 0x4
 5727 12cc BF0F0000 		.4byte	.LASF272
 5728 12d0 12       		.byte	0x12
 5729 12d1 6601     		.2byte	0x166
 5730 12d3 21       		.byte	0x21
 5731 12d4 FE0A0000 		.4byte	0xafe
 5732 12d8 04       		.byte	0x4
 5733 12d9 04       		.uleb128 0x4
 5734 12da 16050000 		.4byte	.LASF273
 5735 12de 12       		.byte	0x12
 5736 12df 6C01     		.2byte	0x16c
 5737 12e1 21       		.byte	0x21
 5738 12e2 DD0A0000 		.4byte	0xadd
 5739 12e6 08       		.byte	0x8
 5740 12e7 04       		.uleb128 0x4
 5741 12e8 4B0F0000 		.4byte	.LASF274
 5742 12ec 12       		.byte	0x12
 5743 12ed 7001     		.2byte	0x170
 5744 12ef 21       		.byte	0x21
 5745 12f0 770A0000 		.4byte	0xa77
 5746 12f4 0C       		.byte	0xc
 5747 12f5 00       		.byte	0
 5748 12f6 16       		.uleb128 0x16
 5749 12f7 D9090000 		.4byte	.LASF275
 5750 12fb 12       		.byte	0x12
 5751 12fc 7201     		.2byte	0x172
 5752 12fe 03       		.byte	0x3
 5753 12ff B3120000 		.4byte	0x12b3
 5754 1303 14       		.uleb128 0x14
 5755 1304 F6120000 		.4byte	0x12f6
 5756 1308 09       		.uleb128 0x9
 5757 1309 03130000 		.4byte	0x1303
 5758 130d 0C       		.uleb128 0xc
 5759 130e 1D130000 		.4byte	0x131d
 5760 1312 1D130000 		.4byte	0x131d
 5761 1316 0D       		.uleb128 0xd
 5762 1317 2D000000 		.4byte	0x2d
 5763 131b 03       		.byte	0x3
 5764 131c 00       		.byte	0
 5765 131d 09       		.uleb128 0x9
 5766 131e AE120000 		.4byte	0x12ae
 5767 1322 0C       		.uleb128 0xc
 5768 1323 B9000000 		.4byte	0xb9
 5769 1327 32130000 		.4byte	0x1332
 5770 132b 0D       		.uleb128 0xd
 5771 132c 2D000000 		.4byte	0x2d
 5772 1330 02       		.byte	0x2
 5773 1331 00       		.byte	0
 5774 1332 0C       		.uleb128 0xc
 5775 1333 D1000000 		.4byte	0xd1
 5776 1337 42130000 		.4byte	0x1342
 5777 133b 0D       		.uleb128 0xd
 5778 133c 2D000000 		.4byte	0x2d
 5779 1340 07       		.byte	0x7
 5780 1341 00       		.byte	0
 5781 1342 09       		.uleb128 0x9
ARM GAS  /tmp/cc9Yqsyg.s 			page 103


 5782 1343 56100000 		.4byte	0x1056
 5783 1347 09       		.uleb128 0x9
 5784 1348 9F100000 		.4byte	0x109f
 5785 134c 0C       		.uleb128 0xc
 5786 134d 92040000 		.4byte	0x492
 5787 1351 5C130000 		.4byte	0x135c
 5788 1355 0D       		.uleb128 0xd
 5789 1356 2D000000 		.4byte	0x2d
 5790 135a 36       		.byte	0x36
 5791 135b 00       		.byte	0
 5792 135c 0C       		.uleb128 0xc
 5793 135d DD000000 		.4byte	0xdd
 5794 1361 6C130000 		.4byte	0x136c
 5795 1365 0D       		.uleb128 0xd
 5796 1366 2D000000 		.4byte	0x2d
 5797 136a 01       		.byte	0x1
 5798 136b 00       		.byte	0
 5799 136c 14       		.uleb128 0x14
 5800 136d 5C130000 		.4byte	0x135c
 5801 1371 2F       		.uleb128 0x2f
 5802 1372 BA070000 		.4byte	.LASF276
 5803 1376 2B       		.byte	0x2b
 5804 1377 6C130000 		.4byte	0x136c
 5805 137b 05       		.uleb128 0x5
 5806 137c 03       		.byte	0x3
 5807 137d 00000000 		.4byte	zero_status
 5808 1381 2F       		.uleb128 0x2f
 5809 1382 4E060000 		.4byte	.LASF277
 5810 1386 2C       		.byte	0x2c
 5811 1387 6C130000 		.4byte	0x136c
 5812 138b 05       		.uleb128 0x5
 5813 138c 03       		.byte	0x3
 5814 138d 00000000 		.4byte	active_status
 5815 1391 2F       		.uleb128 0x2f
 5816 1392 00040000 		.4byte	.LASF278
 5817 1396 2D       		.byte	0x2d
 5818 1397 6C130000 		.4byte	0x136c
 5819 139b 05       		.uleb128 0x5
 5820 139c 03       		.byte	0x3
 5821 139d 00000000 		.4byte	halted_status
 5822 13a1 2A       		.uleb128 0x2a
 5823 13a2 A9060000 		.4byte	.LASF279
 5824 13a6 DB       		.byte	0xdb
 5825 13a7 2A       		.uleb128 0x2a
 5826 13a8 E30B0000 		.4byte	.LASF280
 5827 13ac DA       		.byte	0xda
 5828 13ad 12       		.uleb128 0x12
 5829 13ae 820A0000 		.4byte	.LASF281
 5830 13b2 12       		.byte	0x12
 5831 13b3 1402     		.2byte	0x214
 5832 13b5 BF130000 		.4byte	0x13bf
 5833 13b9 05       		.uleb128 0x5
 5834 13ba 940A0000 		.4byte	0xa94
 5835 13be 00       		.byte	0
 5836 13bf 12       		.uleb128 0x12
 5837 13c0 C9010000 		.4byte	.LASF282
 5838 13c4 12       		.byte	0x12
ARM GAS  /tmp/cc9Yqsyg.s 			page 104


 5839 13c5 2002     		.2byte	0x220
 5840 13c7 D6130000 		.4byte	0x13d6
 5841 13cb 05       		.uleb128 0x5
 5842 13cc 940A0000 		.4byte	0xa94
 5843 13d0 05       		.uleb128 0x5
 5844 13d1 4A090000 		.4byte	0x94a
 5845 13d5 00       		.byte	0
 5846 13d6 12       		.uleb128 0x12
 5847 13d7 170F0000 		.4byte	.LASF283
 5848 13db 12       		.byte	0x12
 5849 13dc 2102     		.2byte	0x221
 5850 13de ED130000 		.4byte	0x13ed
 5851 13e2 05       		.uleb128 0x5
 5852 13e3 940A0000 		.4byte	0xa94
 5853 13e7 05       		.uleb128 0x5
 5854 13e8 4A090000 		.4byte	0x94a
 5855 13ec 00       		.byte	0
 5856 13ed 36       		.uleb128 0x36
 5857 13ee 5D0E0000 		.4byte	.LASF284
 5858 13f2 1802     		.2byte	0x218
 5859 13f4 B1090000 		.4byte	0x9b1
 5860 13f8 07140000 		.4byte	0x1407
 5861 13fc 05       		.uleb128 0x5
 5862 13fd 940A0000 		.4byte	0xa94
 5863 1401 05       		.uleb128 0x5
 5864 1402 4A090000 		.4byte	0x94a
 5865 1406 00       		.byte	0
 5866 1407 36       		.uleb128 0x36
 5867 1408 DB010000 		.4byte	.LASF285
 5868 140c 1702     		.2byte	0x217
 5869 140e B1090000 		.4byte	0x9b1
 5870 1412 21140000 		.4byte	0x1421
 5871 1416 05       		.uleb128 0x5
 5872 1417 940A0000 		.4byte	0xa94
 5873 141b 05       		.uleb128 0x5
 5874 141c 4A090000 		.4byte	0x94a
 5875 1420 00       		.byte	0
 5876 1421 12       		.uleb128 0x12
 5877 1422 50050000 		.4byte	.LASF286
 5878 1426 12       		.byte	0x12
 5879 1427 1902     		.2byte	0x219
 5880 1429 3D140000 		.4byte	0x143d
 5881 142d 05       		.uleb128 0x5
 5882 142e 940A0000 		.4byte	0xa94
 5883 1432 05       		.uleb128 0x5
 5884 1433 4A090000 		.4byte	0x94a
 5885 1437 05       		.uleb128 0x5
 5886 1438 35070000 		.4byte	0x735
 5887 143c 00       		.byte	0
 5888 143d 12       		.uleb128 0x12
 5889 143e 740A0000 		.4byte	.LASF287
 5890 1442 12       		.byte	0x12
 5891 1443 1302     		.2byte	0x213
 5892 1445 4F140000 		.4byte	0x144f
 5893 1449 05       		.uleb128 0x5
 5894 144a 940A0000 		.4byte	0xa94
 5895 144e 00       		.byte	0
ARM GAS  /tmp/cc9Yqsyg.s 			page 105


 5896 144f 12       		.uleb128 0x12
 5897 1450 F5090000 		.4byte	.LASF288
 5898 1454 12       		.byte	0x12
 5899 1455 1F02     		.2byte	0x21f
 5900 1457 66140000 		.4byte	0x1466
 5901 145b 05       		.uleb128 0x5
 5902 145c 940A0000 		.4byte	0xa94
 5903 1460 05       		.uleb128 0x5
 5904 1461 4A090000 		.4byte	0x94a
 5905 1465 00       		.byte	0
 5906 1466 12       		.uleb128 0x12
 5907 1467 85080000 		.4byte	.LASF289
 5908 146b 12       		.byte	0x12
 5909 146c 1E02     		.2byte	0x21e
 5910 146e 7D140000 		.4byte	0x147d
 5911 1472 05       		.uleb128 0x5
 5912 1473 940A0000 		.4byte	0xa94
 5913 1477 05       		.uleb128 0x5
 5914 1478 4A090000 		.4byte	0x94a
 5915 147c 00       		.byte	0
 5916 147d 12       		.uleb128 0x12
 5917 147e 430B0000 		.4byte	.LASF290
 5918 1482 12       		.byte	0x12
 5919 1483 1D02     		.2byte	0x21d
 5920 1485 94140000 		.4byte	0x1494
 5921 1489 05       		.uleb128 0x5
 5922 148a 940A0000 		.4byte	0xa94
 5923 148e 05       		.uleb128 0x5
 5924 148f 4A090000 		.4byte	0x94a
 5925 1493 00       		.byte	0
 5926 1494 12       		.uleb128 0x12
 5927 1495 120A0000 		.4byte	.LASF291
 5928 1499 12       		.byte	0x12
 5929 149a 1C02     		.2byte	0x21c
 5930 149c AB140000 		.4byte	0x14ab
 5931 14a0 05       		.uleb128 0x5
 5932 14a1 940A0000 		.4byte	0xa94
 5933 14a5 05       		.uleb128 0x5
 5934 14a6 4A090000 		.4byte	0x94a
 5935 14aa 00       		.byte	0
 5936 14ab 12       		.uleb128 0x12
 5937 14ac B0010000 		.4byte	.LASF292
 5938 14b0 12       		.byte	0x12
 5939 14b1 1B02     		.2byte	0x21b
 5940 14b3 C2140000 		.4byte	0x14c2
 5941 14b7 05       		.uleb128 0x5
 5942 14b8 940A0000 		.4byte	0xa94
 5943 14bc 05       		.uleb128 0x5
 5944 14bd 4A090000 		.4byte	0x94a
 5945 14c1 00       		.byte	0
 5946 14c2 12       		.uleb128 0x12
 5947 14c3 180C0000 		.4byte	.LASF293
 5948 14c7 12       		.byte	0x12
 5949 14c8 1A02     		.2byte	0x21a
 5950 14ca D9140000 		.4byte	0x14d9
 5951 14ce 05       		.uleb128 0x5
 5952 14cf 940A0000 		.4byte	0xa94
ARM GAS  /tmp/cc9Yqsyg.s 			page 106


 5953 14d3 05       		.uleb128 0x5
 5954 14d4 4A090000 		.4byte	0x94a
 5955 14d8 00       		.byte	0
 5956 14d9 12       		.uleb128 0x12
 5957 14da 7D0B0000 		.4byte	.LASF294
 5958 14de 12       		.byte	0x12
 5959 14df 1602     		.2byte	0x216
 5960 14e1 EB140000 		.4byte	0x14eb
 5961 14e5 05       		.uleb128 0x5
 5962 14e6 940A0000 		.4byte	0xa94
 5963 14ea 00       		.byte	0
 5964 14eb 12       		.uleb128 0x12
 5965 14ec 57020000 		.4byte	.LASF295
 5966 14f0 12       		.byte	0x12
 5967 14f1 1502     		.2byte	0x215
 5968 14f3 02150000 		.4byte	0x1502
 5969 14f7 05       		.uleb128 0x5
 5970 14f8 940A0000 		.4byte	0xa94
 5971 14fc 05       		.uleb128 0x5
 5972 14fd 4A090000 		.4byte	0x94a
 5973 1501 00       		.byte	0
 5974 1502 48       		.uleb128 0x48
 5975 1503 6D0C0000 		.4byte	.LASF296
 5976 1507 15       		.byte	0x15
 5977 1508 21       		.byte	0x21
 5978 1509 09       		.byte	0x9
 5979 150a B9000000 		.4byte	0xb9
 5980 150e 22150000 		.4byte	0x1522
 5981 1512 05       		.uleb128 0x5
 5982 1513 B9000000 		.4byte	0xb9
 5983 1517 05       		.uleb128 0x5
 5984 1518 3B000000 		.4byte	0x3b
 5985 151c 05       		.uleb128 0x5
 5986 151d 42000000 		.4byte	0x42
 5987 1521 00       		.byte	0
 5988 1522 2A       		.uleb128 0x2a
 5989 1523 2D050000 		.4byte	.LASF297
 5990 1527 DE       		.byte	0xde
 5991 1528 12       		.uleb128 0x12
 5992 1529 41010000 		.4byte	.LASF298
 5993 152d 12       		.byte	0x12
 5994 152e 1202     		.2byte	0x212
 5995 1530 3A150000 		.4byte	0x153a
 5996 1534 05       		.uleb128 0x5
 5997 1535 940A0000 		.4byte	0xa94
 5998 1539 00       		.byte	0
 5999 153a 2A       		.uleb128 0x2a
 6000 153b 8C020000 		.4byte	.LASF299
 6001 153f D9       		.byte	0xd9
 6002 1540 2A       		.uleb128 0x2a
 6003 1541 43070000 		.4byte	.LASF300
 6004 1545 D8       		.byte	0xd8
 6005 1546 12       		.uleb128 0x12
 6006 1547 22070000 		.4byte	.LASF301
 6007 154b 12       		.byte	0x12
 6008 154c 1102     		.2byte	0x211
 6009 154e 58150000 		.4byte	0x1558
ARM GAS  /tmp/cc9Yqsyg.s 			page 107


 6010 1552 05       		.uleb128 0x5
 6011 1553 940A0000 		.4byte	0xa94
 6012 1557 00       		.byte	0
 6013 1558 12       		.uleb128 0x12
 6014 1559 390F0000 		.4byte	.LASF302
 6015 155d 03       		.byte	0x3
 6016 155e 1601     		.2byte	0x116
 6017 1560 6A150000 		.4byte	0x156a
 6018 1564 05       		.uleb128 0x5
 6019 1565 C7000000 		.4byte	0xc7
 6020 1569 00       		.byte	0
 6021 156a 49       		.uleb128 0x49
 6022 156b CC090000 		.4byte	.LASF303
 6023 156f 12       		.byte	0x12
 6024 1570 1002     		.2byte	0x210
 6025 1572 08       		.byte	0x8
 6026 1573 17       		.uleb128 0x17
 6027 1574 6D020000 		.4byte	.LASF305
 6028 1578 5503     		.2byte	0x355
 6029 157a 00000000 		.4byte	.LFB245
 6030 157e B0000000 		.4byte	.LFE245-.LFB245
 6031 1582 01       		.uleb128 0x1
 6032 1583 9C       		.byte	0x9c
 6033 1584 2B180000 		.4byte	0x182b
 6034 1588 13       		.uleb128 0x13
 6035 1589 1A080000 		.4byte	.LASF304
 6036 158d 5503     		.2byte	0x355
 6037 158f 1D       		.byte	0x1d
 6038 1590 940A0000 		.4byte	0xa94
 6039 1594 1C000000 		.4byte	.LLST113
 6040 1598 0C000000 		.4byte	.LVUS113
 6041 159c 1A       		.uleb128 0x1a
 6042 159d 657000   		.ascii	"ep\000"
 6043 15a0 5503     		.2byte	0x355
 6044 15a2 2B       		.byte	0x2b
 6045 15a3 4A090000 		.4byte	0x94a
 6046 15a7 6A000000 		.4byte	.LLST114
 6047 15ab 5A000000 		.4byte	.LVUS114
 6048 15af 1C       		.uleb128 0x1c
 6049 15b0 F1010000 		.4byte	.LASF307
 6050 15b4 3B180000 		.4byte	0x183b
 6051 15b8 05       		.uleb128 0x5
 6052 15b9 03       		.byte	0x3
 6053 15ba 00000000 		.4byte	__func__.0
 6054 15be 18       		.uleb128 0x18
 6055 15bf BF260000 		.4byte	0x26bf
 6056 15c3 4A000000 		.4byte	.LBI516
 6057 15c7 0100     		.2byte	.LVU1011
 6058 15c9 F5000000 		.4byte	.LLRL115
 6059 15cd 01       		.byte	0x1
 6060 15ce 5D03     		.2byte	0x35d
 6061 15d0 05       		.byte	0x5
 6062 15d1 32160000 		.4byte	0x1632
 6063 15d5 03       		.uleb128 0x3
 6064 15d6 EE260000 		.4byte	0x26ee
 6065 15da C5000000 		.4byte	.LLST116
 6066 15de C3000000 		.4byte	.LVUS116
ARM GAS  /tmp/cc9Yqsyg.s 			page 108


 6067 15e2 03       		.uleb128 0x3
 6068 15e3 E2260000 		.4byte	0x26e2
 6069 15e7 C5000000 		.4byte	.LLST116
 6070 15eb C3000000 		.4byte	.LVUS116
 6071 15ef 03       		.uleb128 0x3
 6072 15f0 D7260000 		.4byte	0x26d7
 6073 15f4 C5000000 		.4byte	.LLST116
 6074 15f8 C3000000 		.4byte	.LVUS116
 6075 15fc 03       		.uleb128 0x3
 6076 15fd CA260000 		.4byte	0x26ca
 6077 1601 D3000000 		.4byte	.LLST119
 6078 1605 CF000000 		.4byte	.LVUS119
 6079 1609 20       		.uleb128 0x20
 6080 160a F5000000 		.4byte	.LLRL115
 6081 160e 1E       		.uleb128 0x1e
 6082 160f F8260000 		.4byte	0x26f8
 6083 1613 E5000000 		.4byte	.LLST120
 6084 1617 E3000000 		.4byte	.LVUS120
 6085 161b 11       		.uleb128 0x11
 6086 161c 5A000000 		.4byte	.LVL233
 6087 1620 AB140000 		.4byte	0x14ab
 6088 1624 01       		.uleb128 0x1
 6089 1625 01       		.uleb128 0x1
 6090 1626 50       		.byte	0x50
 6091 1627 02       		.uleb128 0x2
 6092 1628 74       		.byte	0x74
 6093 1629 00       		.sleb128 0
 6094 162a 01       		.uleb128 0x1
 6095 162b 01       		.uleb128 0x1
 6096 162c 51       		.byte	0x51
 6097 162d 01       		.uleb128 0x1
 6098 162e 30       		.byte	0x30
 6099 162f 00       		.byte	0
 6100 1630 00       		.byte	0
 6101 1631 00       		.byte	0
 6102 1632 0B       		.uleb128 0xb
 6103 1633 CC2C0000 		.4byte	0x2ccc
 6104 1637 5A000000 		.4byte	.LBI520
 6105 163b 0200     		.2byte	.LVU1025
 6106 163d 5A000000 		.4byte	.LBB520
 6107 1641 0A000000 		.4byte	.LBE520-.LBB520
 6108 1645 01       		.byte	0x1
 6109 1646 5E03     		.2byte	0x35e
 6110 1648 05       		.byte	0x5
 6111 1649 C5160000 		.4byte	0x16c5
 6112 164d 0A       		.uleb128 0xa
 6113 164e EC2C0000 		.4byte	0x2cec
 6114 1652 5A000000 		.4byte	.LBI521
 6115 1656 0400     		.2byte	.LVU1027
 6116 1658 5A000000 		.4byte	.LBB521
 6117 165c 0A000000 		.4byte	.LBE521-.LBB521
 6118 1660 02       		.byte	0x2
 6119 1661 0302     		.2byte	0x203
 6120 1663 0B       		.uleb128 0xb
 6121 1664 212D0000 		.4byte	0x2d21
 6122 1668 5A000000 		.4byte	.LBI523
 6123 166c 0600     		.2byte	.LVU1029
ARM GAS  /tmp/cc9Yqsyg.s 			page 109


 6124 166e 5A000000 		.4byte	.LBB523
 6125 1672 06000000 		.4byte	.LBE523-.LBB523
 6126 1676 03       		.byte	0x3
 6127 1677 8401     		.2byte	0x184
 6128 1679 03       		.byte	0x3
 6129 167a BA160000 		.4byte	0x16ba
 6130 167e 0A       		.uleb128 0xa
 6131 167f 312D0000 		.4byte	0x2d31
 6132 1683 5A000000 		.4byte	.LBI524
 6133 1687 0800     		.2byte	.LVU1031
 6134 1689 5A000000 		.4byte	.LBB524
 6135 168d 06000000 		.4byte	.LBE524-.LBB524
 6136 1691 04       		.byte	0x4
 6137 1692 DB01     		.2byte	0x1db
 6138 1694 0A       		.uleb128 0xa
 6139 1695 392D0000 		.4byte	0x2d39
 6140 1699 5A000000 		.4byte	.LBI525
 6141 169d 0A00     		.2byte	.LVU1033
 6142 169f 5A000000 		.4byte	.LBB525
 6143 16a3 06000000 		.4byte	.LBE525-.LBB525
 6144 16a7 04       		.byte	0x4
 6145 16a8 BF01     		.2byte	0x1bf
 6146 16aa 03       		.uleb128 0x3
 6147 16ab 462D0000 		.4byte	0x2d46
 6148 16af F0000000 		.4byte	.LLST121
 6149 16b3 EE000000 		.4byte	.LVUS121
 6150 16b7 00       		.byte	0
 6151 16b8 00       		.byte	0
 6152 16b9 00       		.byte	0
 6153 16ba 08       		.uleb128 0x8
 6154 16bb 64000000 		.4byte	.LVL235
 6155 16bf A7130000 		.4byte	0x13a7
 6156 16c3 00       		.byte	0
 6157 16c4 00       		.byte	0
 6158 16c5 18       		.uleb128 0x18
 6159 16c6 1B250000 		.4byte	0x251b
 6160 16ca 64000000 		.4byte	.LBI527
 6161 16ce 0100     		.2byte	.LVU1039
 6162 16d0 01010000 		.4byte	.LLRL122
 6163 16d4 01       		.byte	0x1
 6164 16d5 5F03     		.2byte	0x35f
 6165 16d7 0C       		.byte	0xc
 6166 16d8 16170000 		.4byte	0x1716
 6167 16dc 03       		.uleb128 0x3
 6168 16dd 37250000 		.4byte	0x2537
 6169 16e1 FF000000 		.4byte	.LLST123
 6170 16e5 FB000000 		.4byte	.LVUS123
 6171 16e9 03       		.uleb128 0x3
 6172 16ea 2A250000 		.4byte	0x252a
 6173 16ee 15010000 		.4byte	.LLST124
 6174 16f2 11010000 		.4byte	.LVUS124
 6175 16f6 20       		.uleb128 0x20
 6176 16f7 01010000 		.4byte	.LLRL122
 6177 16fb 08       		.uleb128 0x8
 6178 16fc 68000000 		.4byte	.LVL236
 6179 1700 22150000 		.4byte	0x1522
 6180 1704 11       		.uleb128 0x11
ARM GAS  /tmp/cc9Yqsyg.s 			page 110


 6181 1705 A0000000 		.4byte	.LVL243
 6182 1709 7D140000 		.4byte	0x147d
 6183 170d 01       		.uleb128 0x1
 6184 170e 01       		.uleb128 0x1
 6185 170f 50       		.byte	0x50
 6186 1710 02       		.uleb128 0x2
 6187 1711 74       		.byte	0x74
 6188 1712 00       		.sleb128 0
 6189 1713 00       		.byte	0
 6190 1714 00       		.byte	0
 6191 1715 00       		.byte	0
 6192 1716 0B       		.uleb128 0xb
 6193 1717 C42C0000 		.4byte	0x2cc4
 6194 171b 70000000 		.4byte	.LBI530
 6195 171f 0200     		.2byte	.LVU1050
 6196 1721 70000000 		.4byte	.LBB530
 6197 1725 0A000000 		.4byte	.LBE530-.LBB530
 6198 1729 01       		.byte	0x1
 6199 172a 6003     		.2byte	0x360
 6200 172c 05       		.byte	0x5
 6201 172d A9170000 		.4byte	0x17a9
 6202 1731 0A       		.uleb128 0xa
 6203 1732 E42C0000 		.4byte	0x2ce4
 6204 1736 70000000 		.4byte	.LBI532
 6205 173a 0400     		.2byte	.LVU1052
 6206 173c 70000000 		.4byte	.LBB532
 6207 1740 0A000000 		.4byte	.LBE532-.LBB532
 6208 1744 02       		.byte	0x2
 6209 1745 0E02     		.2byte	0x20e
 6210 1747 0B       		.uleb128 0xb
 6211 1748 192D0000 		.4byte	0x2d19
 6212 174c 74000000 		.4byte	.LBI534
 6213 1750 0200     		.2byte	.LVU1056
 6214 1752 74000000 		.4byte	.LBB534
 6215 1756 06000000 		.4byte	.LBE534-.LBB534
 6216 175a 03       		.byte	0x3
 6217 175b 9A01     		.2byte	0x19a
 6218 175d 03       		.byte	0x3
 6219 175e 9E170000 		.4byte	0x179e
 6220 1762 0A       		.uleb128 0xa
 6221 1763 292D0000 		.4byte	0x2d29
 6222 1767 74000000 		.4byte	.LBI535
 6223 176b 0400     		.2byte	.LVU1058
 6224 176d 74000000 		.4byte	.LBB535
 6225 1771 06000000 		.4byte	.LBE535-.LBB535
 6226 1775 04       		.byte	0x4
 6227 1776 E601     		.2byte	0x1e6
 6228 1778 0A       		.uleb128 0xa
 6229 1779 392D0000 		.4byte	0x2d39
 6230 177d 74000000 		.4byte	.LBI536
 6231 1781 0600     		.2byte	.LVU1060
 6232 1783 74000000 		.4byte	.LBB536
 6233 1787 06000000 		.4byte	.LBE536-.LBB536
 6234 178b 04       		.byte	0x4
 6235 178c CD01     		.2byte	0x1cd
 6236 178e 03       		.uleb128 0x3
 6237 178f 462D0000 		.4byte	0x2d46
ARM GAS  /tmp/cc9Yqsyg.s 			page 111


 6238 1793 27010000 		.4byte	.LLST125
 6239 1797 25010000 		.4byte	.LVUS125
 6240 179b 00       		.byte	0
 6241 179c 00       		.byte	0
 6242 179d 00       		.byte	0
 6243 179e 08       		.uleb128 0x8
 6244 179f 74000000 		.4byte	.LVL238
 6245 17a3 A1130000 		.4byte	0x13a1
 6246 17a7 00       		.byte	0
 6247 17a8 00       		.byte	0
 6248 17a9 0E       		.uleb128 0xe
 6249 17aa 1E000000 		.4byte	.LVL225
 6250 17ae 58150000 		.4byte	0x1558
 6251 17b2 C0170000 		.4byte	0x17c0
 6252 17b6 01       		.uleb128 0x1
 6253 17b7 01       		.uleb128 0x1
 6254 17b8 50       		.byte	0x50
 6255 17b9 05       		.uleb128 0x5
 6256 17ba 03       		.byte	0x3
 6257 17bb 00000000 		.4byte	__func__.0
 6258 17bf 00       		.byte	0
 6259 17c0 0E       		.uleb128 0xe
 6260 17c1 26000000 		.4byte	.LVL226
 6261 17c5 4F140000 		.4byte	0x144f
 6262 17c9 D9170000 		.4byte	0x17d9
 6263 17cd 01       		.uleb128 0x1
 6264 17ce 01       		.uleb128 0x1
 6265 17cf 50       		.byte	0x50
 6266 17d0 02       		.uleb128 0x2
 6267 17d1 74       		.byte	0x74
 6268 17d2 00       		.sleb128 0
 6269 17d3 01       		.uleb128 0x1
 6270 17d4 01       		.uleb128 0x1
 6271 17d5 51       		.byte	0x51
 6272 17d6 01       		.uleb128 0x1
 6273 17d7 30       		.byte	0x30
 6274 17d8 00       		.byte	0
 6275 17d9 0E       		.uleb128 0xe
 6276 17da 2E000000 		.4byte	.LVL227
 6277 17de 66140000 		.4byte	0x1466
 6278 17e2 F2170000 		.4byte	0x17f2
 6279 17e6 01       		.uleb128 0x1
 6280 17e7 01       		.uleb128 0x1
 6281 17e8 50       		.byte	0x50
 6282 17e9 02       		.uleb128 0x2
 6283 17ea 74       		.byte	0x74
 6284 17eb 00       		.sleb128 0
 6285 17ec 01       		.uleb128 0x1
 6286 17ed 01       		.uleb128 0x1
 6287 17ee 51       		.byte	0x51
 6288 17ef 01       		.uleb128 0x1
 6289 17f0 30       		.byte	0x30
 6290 17f1 00       		.byte	0
 6291 17f2 26       		.uleb128 0x26
 6292 17f3 3A000000 		.4byte	.LVL228
 6293 17f7 07180000 		.4byte	0x1807
 6294 17fb 01       		.uleb128 0x1
ARM GAS  /tmp/cc9Yqsyg.s 			page 112


 6295 17fc 01       		.uleb128 0x1
 6296 17fd 50       		.byte	0x50
 6297 17fe 02       		.uleb128 0x2
 6298 17ff 74       		.byte	0x74
 6299 1800 00       		.sleb128 0
 6300 1801 01       		.uleb128 0x1
 6301 1802 01       		.uleb128 0x1
 6302 1803 51       		.byte	0x51
 6303 1804 01       		.uleb128 0x1
 6304 1805 35       		.byte	0x35
 6305 1806 00       		.byte	0
 6306 1807 26       		.uleb128 0x26
 6307 1808 8C000000 		.4byte	.LVL241
 6308 180c 17180000 		.4byte	0x1817
 6309 1810 01       		.uleb128 0x1
 6310 1811 01       		.uleb128 0x1
 6311 1812 50       		.byte	0x50
 6312 1813 02       		.uleb128 0x2
 6313 1814 74       		.byte	0x74
 6314 1815 00       		.sleb128 0
 6315 1816 00       		.byte	0
 6316 1817 27       		.uleb128 0x27
 6317 1818 AC000000 		.4byte	.LVL246
 6318 181c 58150000 		.4byte	0x1558
 6319 1820 01       		.uleb128 0x1
 6320 1821 01       		.uleb128 0x1
 6321 1822 50       		.byte	0x50
 6322 1823 05       		.uleb128 0x5
 6323 1824 03       		.byte	0x3
 6324 1825 00000000 		.4byte	__func__.0
 6325 1829 00       		.byte	0
 6326 182a 00       		.byte	0
 6327 182b 0C       		.uleb128 0xc
 6328 182c C2000000 		.4byte	0xc2
 6329 1830 3B180000 		.4byte	0x183b
 6330 1834 0D       		.uleb128 0xd
 6331 1835 2D000000 		.4byte	0x2d
 6332 1839 0B       		.byte	0xb
 6333 183a 00       		.byte	0
 6334 183b 14       		.uleb128 0x14
 6335 183c 2B180000 		.4byte	0x182b
 6336 1840 17       		.uleb128 0x17
 6337 1841 EF0F0000 		.4byte	.LASF306
 6338 1845 1003     		.2byte	0x310
 6339 1847 00000000 		.4byte	.LFB244
 6340 184b 04010000 		.4byte	.LFE244-.LFB244
 6341 184f 01       		.uleb128 0x1
 6342 1850 9C       		.byte	0x9c
 6343 1851 EA1C0000 		.4byte	0x1cea
 6344 1855 13       		.uleb128 0x13
 6345 1856 1A080000 		.4byte	.LASF304
 6346 185a 1003     		.2byte	0x310
 6347 185c 1C       		.byte	0x1c
 6348 185d 940A0000 		.4byte	0xa94
 6349 1861 41010000 		.4byte	.LLST92
 6350 1865 31010000 		.4byte	.LVUS92
 6351 1869 1A       		.uleb128 0x1a
ARM GAS  /tmp/cc9Yqsyg.s 			page 113


 6352 186a 657000   		.ascii	"ep\000"
 6353 186d 1003     		.2byte	0x310
 6354 186f 2A       		.byte	0x2a
 6355 1870 4A090000 		.4byte	0x94a
 6356 1874 91010000 		.4byte	.LLST93
 6357 1878 81010000 		.4byte	.LVUS93
 6358 187c 22       		.uleb128 0x22
 6359 187d 6D617800 		.ascii	"max\000"
 6360 1881 1103     		.2byte	0x311
 6361 1883 0A       		.byte	0xa
 6362 1884 42000000 		.4byte	0x42
 6363 1888 F2010000 		.4byte	.LLST94
 6364 188c EC010000 		.4byte	.LVUS94
 6365 1890 1C       		.uleb128 0x1c
 6366 1891 F1010000 		.4byte	.LASF307
 6367 1895 FA1C0000 		.4byte	0x1cfa
 6368 1899 05       		.uleb128 0x5
 6369 189a 03       		.byte	0x3
 6370 189b 00000000 		.4byte	__func__.1
 6371 189f 0B       		.uleb128 0xb
 6372 18a0 05270000 		.4byte	0x2705
 6373 18a4 60000000 		.4byte	.LBI460
 6374 18a8 0100     		.2byte	.LVU849
 6375 18aa 60000000 		.4byte	.LBB460
 6376 18ae 12000000 		.4byte	.LBE460-.LBB460
 6377 18b2 01       		.byte	0x1
 6378 18b3 2803     		.2byte	0x328
 6379 18b5 05       		.byte	0x5
 6380 18b6 11190000 		.4byte	0x1911
 6381 18ba 03       		.uleb128 0x3
 6382 18bb 34270000 		.4byte	0x2734
 6383 18bf 24020000 		.4byte	.LLST95
 6384 18c3 22020000 		.4byte	.LVUS95
 6385 18c7 03       		.uleb128 0x3
 6386 18c8 28270000 		.4byte	0x2728
 6387 18cc 24020000 		.4byte	.LLST95
 6388 18d0 22020000 		.4byte	.LVUS95
 6389 18d4 03       		.uleb128 0x3
 6390 18d5 1D270000 		.4byte	0x271d
 6391 18d9 24020000 		.4byte	.LLST95
 6392 18dd 22020000 		.4byte	.LVUS95
 6393 18e1 03       		.uleb128 0x3
 6394 18e2 10270000 		.4byte	0x2710
 6395 18e6 30020000 		.4byte	.LLST98
 6396 18ea 2E020000 		.4byte	.LVUS98
 6397 18ee 1E       		.uleb128 0x1e
 6398 18ef 3E270000 		.4byte	0x273e
 6399 18f3 3B020000 		.4byte	.LLST99
 6400 18f7 39020000 		.4byte	.LVUS99
 6401 18fb 11       		.uleb128 0x11
 6402 18fc 72000000 		.4byte	.LVL201
 6403 1900 C2140000 		.4byte	0x14c2
 6404 1904 01       		.uleb128 0x1
 6405 1905 01       		.uleb128 0x1
 6406 1906 50       		.byte	0x50
 6407 1907 02       		.uleb128 0x2
 6408 1908 74       		.byte	0x74
ARM GAS  /tmp/cc9Yqsyg.s 			page 114


 6409 1909 00       		.sleb128 0
 6410 190a 01       		.uleb128 0x1
 6411 190b 01       		.uleb128 0x1
 6412 190c 51       		.byte	0x51
 6413 190d 01       		.uleb128 0x1
 6414 190e 30       		.byte	0x30
 6415 190f 00       		.byte	0
 6416 1910 00       		.byte	0
 6417 1911 0B       		.uleb128 0xb
 6418 1912 CC2C0000 		.4byte	0x2ccc
 6419 1916 72000000 		.4byte	.LBI462
 6420 191a 0200     		.2byte	.LVU863
 6421 191c 72000000 		.4byte	.LBB462
 6422 1920 0A000000 		.4byte	.LBE462-.LBB462
 6423 1924 01       		.byte	0x1
 6424 1925 2903     		.2byte	0x329
 6425 1927 05       		.byte	0x5
 6426 1928 A4190000 		.4byte	0x19a4
 6427 192c 0A       		.uleb128 0xa
 6428 192d EC2C0000 		.4byte	0x2cec
 6429 1931 72000000 		.4byte	.LBI463
 6430 1935 0400     		.2byte	.LVU865
 6431 1937 72000000 		.4byte	.LBB463
 6432 193b 0A000000 		.4byte	.LBE463-.LBB463
 6433 193f 02       		.byte	0x2
 6434 1940 0302     		.2byte	0x203
 6435 1942 0B       		.uleb128 0xb
 6436 1943 212D0000 		.4byte	0x2d21
 6437 1947 72000000 		.4byte	.LBI465
 6438 194b 0600     		.2byte	.LVU867
 6439 194d 72000000 		.4byte	.LBB465
 6440 1951 06000000 		.4byte	.LBE465-.LBB465
 6441 1955 03       		.byte	0x3
 6442 1956 8401     		.2byte	0x184
 6443 1958 03       		.byte	0x3
 6444 1959 99190000 		.4byte	0x1999
 6445 195d 0A       		.uleb128 0xa
 6446 195e 312D0000 		.4byte	0x2d31
 6447 1962 72000000 		.4byte	.LBI466
 6448 1966 0800     		.2byte	.LVU869
 6449 1968 72000000 		.4byte	.LBB466
 6450 196c 06000000 		.4byte	.LBE466-.LBB466
 6451 1970 04       		.byte	0x4
 6452 1971 DB01     		.2byte	0x1db
 6453 1973 0A       		.uleb128 0xa
 6454 1974 392D0000 		.4byte	0x2d39
 6455 1978 72000000 		.4byte	.LBI467
 6456 197c 0A00     		.2byte	.LVU871
 6457 197e 72000000 		.4byte	.LBB467
 6458 1982 06000000 		.4byte	.LBE467-.LBB467
 6459 1986 04       		.byte	0x4
 6460 1987 BF01     		.2byte	0x1bf
 6461 1989 03       		.uleb128 0x3
 6462 198a 462D0000 		.4byte	0x2d46
 6463 198e 46020000 		.4byte	.LLST100
 6464 1992 44020000 		.4byte	.LVUS100
 6465 1996 00       		.byte	0
ARM GAS  /tmp/cc9Yqsyg.s 			page 115


 6466 1997 00       		.byte	0
 6467 1998 00       		.byte	0
 6468 1999 08       		.uleb128 0x8
 6469 199a 7C000000 		.4byte	.LVL203
 6470 199e A7130000 		.4byte	0x13a7
 6471 19a2 00       		.byte	0
 6472 19a3 00       		.byte	0
 6473 19a4 0B       		.uleb128 0xb
 6474 19a5 52250000 		.4byte	0x2552
 6475 19a9 7C000000 		.4byte	.LBI469
 6476 19ad 0100     		.2byte	.LVU877
 6477 19af 7C000000 		.4byte	.LBB469
 6478 19b3 18000000 		.4byte	.LBE469-.LBB469
 6479 19b7 01       		.byte	0x1
 6480 19b8 2A03     		.2byte	0x32a
 6481 19ba 0C       		.byte	0xc
 6482 19bb F3190000 		.4byte	0x19f3
 6483 19bf 03       		.uleb128 0x3
 6484 19c0 6E250000 		.4byte	0x256e
 6485 19c4 53020000 		.4byte	.LLST101
 6486 19c8 51020000 		.4byte	.LVUS101
 6487 19cc 03       		.uleb128 0x3
 6488 19cd 61250000 		.4byte	0x2561
 6489 19d1 5F020000 		.4byte	.LLST102
 6490 19d5 5D020000 		.4byte	.LVUS102
 6491 19d9 08       		.uleb128 0x8
 6492 19da 80000000 		.4byte	.LVL204
 6493 19de 22150000 		.4byte	0x1522
 6494 19e2 11       		.uleb128 0x11
 6495 19e3 94000000 		.4byte	.LVL205
 6496 19e7 94140000 		.4byte	0x1494
 6497 19eb 01       		.uleb128 0x1
 6498 19ec 01       		.uleb128 0x1
 6499 19ed 50       		.byte	0x50
 6500 19ee 02       		.uleb128 0x2
 6501 19ef 74       		.byte	0x74
 6502 19f0 00       		.sleb128 0
 6503 19f1 00       		.byte	0
 6504 19f2 00       		.byte	0
 6505 19f3 0B       		.uleb128 0xb
 6506 19f4 C42C0000 		.4byte	0x2cc4
 6507 19f8 94000000 		.4byte	.LBI471
 6508 19fc 0300     		.2byte	.LVU892
 6509 19fe 94000000 		.4byte	.LBB471
 6510 1a02 0A000000 		.4byte	.LBE471-.LBB471
 6511 1a06 01       		.byte	0x1
 6512 1a07 2B03     		.2byte	0x32b
 6513 1a09 05       		.byte	0x5
 6514 1a0a 861A0000 		.4byte	0x1a86
 6515 1a0e 0A       		.uleb128 0xa
 6516 1a0f E42C0000 		.4byte	0x2ce4
 6517 1a13 94000000 		.4byte	.LBI473
 6518 1a17 0500     		.2byte	.LVU894
 6519 1a19 94000000 		.4byte	.LBB473
 6520 1a1d 0A000000 		.4byte	.LBE473-.LBB473
 6521 1a21 02       		.byte	0x2
 6522 1a22 0E02     		.2byte	0x20e
ARM GAS  /tmp/cc9Yqsyg.s 			page 116


 6523 1a24 0B       		.uleb128 0xb
 6524 1a25 192D0000 		.4byte	0x2d19
 6525 1a29 98000000 		.4byte	.LBI475
 6526 1a2d 0200     		.2byte	.LVU898
 6527 1a2f 98000000 		.4byte	.LBB475
 6528 1a33 06000000 		.4byte	.LBE475-.LBB475
 6529 1a37 03       		.byte	0x3
 6530 1a38 9A01     		.2byte	0x19a
 6531 1a3a 03       		.byte	0x3
 6532 1a3b 7B1A0000 		.4byte	0x1a7b
 6533 1a3f 0A       		.uleb128 0xa
 6534 1a40 292D0000 		.4byte	0x2d29
 6535 1a44 98000000 		.4byte	.LBI476
 6536 1a48 0400     		.2byte	.LVU900
 6537 1a4a 98000000 		.4byte	.LBB476
 6538 1a4e 06000000 		.4byte	.LBE476-.LBB476
 6539 1a52 04       		.byte	0x4
 6540 1a53 E601     		.2byte	0x1e6
 6541 1a55 0A       		.uleb128 0xa
 6542 1a56 392D0000 		.4byte	0x2d39
 6543 1a5a 98000000 		.4byte	.LBI477
 6544 1a5e 0600     		.2byte	.LVU902
 6545 1a60 98000000 		.4byte	.LBB477
 6546 1a64 06000000 		.4byte	.LBE477-.LBB477
 6547 1a68 04       		.byte	0x4
 6548 1a69 CD01     		.2byte	0x1cd
 6549 1a6b 03       		.uleb128 0x3
 6550 1a6c 462D0000 		.4byte	0x2d46
 6551 1a70 6A020000 		.4byte	.LLST103
 6552 1a74 68020000 		.4byte	.LVUS103
 6553 1a78 00       		.byte	0
 6554 1a79 00       		.byte	0
 6555 1a7a 00       		.byte	0
 6556 1a7b 08       		.uleb128 0x8
 6557 1a7c 98000000 		.4byte	.LVL206
 6558 1a80 A1130000 		.4byte	0x13a1
 6559 1a84 00       		.byte	0
 6560 1a85 00       		.byte	0
 6561 1a86 0B       		.uleb128 0xb
 6562 1a87 BF260000 		.4byte	0x26bf
 6563 1a8b B2000000 		.4byte	.LBI479
 6564 1a8f 0100     		.2byte	.LVU917
 6565 1a91 B2000000 		.4byte	.LBB479
 6566 1a95 10000000 		.4byte	.LBE479-.LBB479
 6567 1a99 01       		.byte	0x1
 6568 1a9a 1C03     		.2byte	0x31c
 6569 1a9c 07       		.byte	0x7
 6570 1a9d F31A0000 		.4byte	0x1af3
 6571 1aa1 03       		.uleb128 0x3
 6572 1aa2 EE260000 		.4byte	0x26ee
 6573 1aa6 76020000 		.4byte	.LLST104
 6574 1aaa 74020000 		.4byte	.LVUS104
 6575 1aae 03       		.uleb128 0x3
 6576 1aaf E2260000 		.4byte	0x26e2
 6577 1ab3 76020000 		.4byte	.LLST104
 6578 1ab7 74020000 		.4byte	.LVUS104
 6579 1abb 03       		.uleb128 0x3
ARM GAS  /tmp/cc9Yqsyg.s 			page 117


 6580 1abc D7260000 		.4byte	0x26d7
 6581 1ac0 76020000 		.4byte	.LLST104
 6582 1ac4 74020000 		.4byte	.LVUS104
 6583 1ac8 03       		.uleb128 0x3
 6584 1ac9 CA260000 		.4byte	0x26ca
 6585 1acd 82020000 		.4byte	.LLST107
 6586 1ad1 80020000 		.4byte	.LVUS107
 6587 1ad5 1E       		.uleb128 0x1e
 6588 1ad6 F8260000 		.4byte	0x26f8
 6589 1ada 8D020000 		.4byte	.LLST108
 6590 1ade 8B020000 		.4byte	.LVUS108
 6591 1ae2 11       		.uleb128 0x11
 6592 1ae3 C2000000 		.4byte	.LVL213
 6593 1ae7 AB140000 		.4byte	0x14ab
 6594 1aeb 01       		.uleb128 0x1
 6595 1aec 01       		.uleb128 0x1
 6596 1aed 50       		.byte	0x50
 6597 1aee 02       		.uleb128 0x2
 6598 1aef 74       		.byte	0x74
 6599 1af0 00       		.sleb128 0
 6600 1af1 00       		.byte	0
 6601 1af2 00       		.byte	0
 6602 1af3 0B       		.uleb128 0xb
 6603 1af4 CC2C0000 		.4byte	0x2ccc
 6604 1af8 C2000000 		.4byte	.LBI481
 6605 1afc 0200     		.2byte	.LVU931
 6606 1afe C2000000 		.4byte	.LBB481
 6607 1b02 0A000000 		.4byte	.LBE481-.LBB481
 6608 1b06 01       		.byte	0x1
 6609 1b07 1D03     		.2byte	0x31d
 6610 1b09 07       		.byte	0x7
 6611 1b0a 861B0000 		.4byte	0x1b86
 6612 1b0e 0A       		.uleb128 0xa
 6613 1b0f EC2C0000 		.4byte	0x2cec
 6614 1b13 C2000000 		.4byte	.LBI482
 6615 1b17 0400     		.2byte	.LVU933
 6616 1b19 C2000000 		.4byte	.LBB482
 6617 1b1d 0A000000 		.4byte	.LBE482-.LBB482
 6618 1b21 02       		.byte	0x2
 6619 1b22 0302     		.2byte	0x203
 6620 1b24 0B       		.uleb128 0xb
 6621 1b25 212D0000 		.4byte	0x2d21
 6622 1b29 C2000000 		.4byte	.LBI484
 6623 1b2d 0600     		.2byte	.LVU935
 6624 1b2f C2000000 		.4byte	.LBB484
 6625 1b33 06000000 		.4byte	.LBE484-.LBB484
 6626 1b37 03       		.byte	0x3
 6627 1b38 8401     		.2byte	0x184
 6628 1b3a 03       		.byte	0x3
 6629 1b3b 7B1B0000 		.4byte	0x1b7b
 6630 1b3f 0A       		.uleb128 0xa
 6631 1b40 312D0000 		.4byte	0x2d31
 6632 1b44 C2000000 		.4byte	.LBI485
 6633 1b48 0800     		.2byte	.LVU937
 6634 1b4a C2000000 		.4byte	.LBB485
 6635 1b4e 06000000 		.4byte	.LBE485-.LBB485
 6636 1b52 04       		.byte	0x4
ARM GAS  /tmp/cc9Yqsyg.s 			page 118


 6637 1b53 DB01     		.2byte	0x1db
 6638 1b55 0A       		.uleb128 0xa
 6639 1b56 392D0000 		.4byte	0x2d39
 6640 1b5a C2000000 		.4byte	.LBI486
 6641 1b5e 0A00     		.2byte	.LVU939
 6642 1b60 C2000000 		.4byte	.LBB486
 6643 1b64 06000000 		.4byte	.LBE486-.LBB486
 6644 1b68 04       		.byte	0x4
 6645 1b69 BF01     		.2byte	0x1bf
 6646 1b6b 03       		.uleb128 0x3
 6647 1b6c 462D0000 		.4byte	0x2d46
 6648 1b70 98020000 		.4byte	.LLST109
 6649 1b74 96020000 		.4byte	.LVUS109
 6650 1b78 00       		.byte	0
 6651 1b79 00       		.byte	0
 6652 1b7a 00       		.byte	0
 6653 1b7b 08       		.uleb128 0x8
 6654 1b7c CC000000 		.4byte	.LVL215
 6655 1b80 A7130000 		.4byte	0x13a7
 6656 1b84 00       		.byte	0
 6657 1b85 00       		.byte	0
 6658 1b86 0B       		.uleb128 0xb
 6659 1b87 1B250000 		.4byte	0x251b
 6660 1b8b CC000000 		.4byte	.LBI488
 6661 1b8f 0100     		.2byte	.LVU945
 6662 1b91 CC000000 		.4byte	.LBB488
 6663 1b95 18000000 		.4byte	.LBE488-.LBB488
 6664 1b99 01       		.byte	0x1
 6665 1b9a 1E03     		.2byte	0x31e
 6666 1b9c 0E       		.byte	0xe
 6667 1b9d D51B0000 		.4byte	0x1bd5
 6668 1ba1 03       		.uleb128 0x3
 6669 1ba2 37250000 		.4byte	0x2537
 6670 1ba6 A5020000 		.4byte	.LLST110
 6671 1baa A3020000 		.4byte	.LVUS110
 6672 1bae 03       		.uleb128 0x3
 6673 1baf 2A250000 		.4byte	0x252a
 6674 1bb3 B1020000 		.4byte	.LLST111
 6675 1bb7 AF020000 		.4byte	.LVUS111
 6676 1bbb 08       		.uleb128 0x8
 6677 1bbc D0000000 		.4byte	.LVL216
 6678 1bc0 22150000 		.4byte	0x1522
 6679 1bc4 11       		.uleb128 0x11
 6680 1bc5 E4000000 		.4byte	.LVL217
 6681 1bc9 7D140000 		.4byte	0x147d
 6682 1bcd 01       		.uleb128 0x1
 6683 1bce 01       		.uleb128 0x1
 6684 1bcf 50       		.byte	0x50
 6685 1bd0 02       		.uleb128 0x2
 6686 1bd1 74       		.byte	0x74
 6687 1bd2 00       		.sleb128 0
 6688 1bd3 00       		.byte	0
 6689 1bd4 00       		.byte	0
 6690 1bd5 0B       		.uleb128 0xb
 6691 1bd6 C42C0000 		.4byte	0x2cc4
 6692 1bda E4000000 		.4byte	.LBI490
 6693 1bde 0300     		.2byte	.LVU960
ARM GAS  /tmp/cc9Yqsyg.s 			page 119


 6694 1be0 E4000000 		.4byte	.LBB490
 6695 1be4 0A000000 		.4byte	.LBE490-.LBB490
 6696 1be8 01       		.byte	0x1
 6697 1be9 1F03     		.2byte	0x31f
 6698 1beb 07       		.byte	0x7
 6699 1bec 681C0000 		.4byte	0x1c68
 6700 1bf0 0A       		.uleb128 0xa
 6701 1bf1 E42C0000 		.4byte	0x2ce4
 6702 1bf5 E4000000 		.4byte	.LBI491
 6703 1bf9 0500     		.2byte	.LVU962
 6704 1bfb E4000000 		.4byte	.LBB491
 6705 1bff 0A000000 		.4byte	.LBE491-.LBB491
 6706 1c03 02       		.byte	0x2
 6707 1c04 0E02     		.2byte	0x20e
 6708 1c06 0B       		.uleb128 0xb
 6709 1c07 192D0000 		.4byte	0x2d19
 6710 1c0b E8000000 		.4byte	.LBI493
 6711 1c0f 0200     		.2byte	.LVU966
 6712 1c11 E8000000 		.4byte	.LBB493
 6713 1c15 06000000 		.4byte	.LBE493-.LBB493
 6714 1c19 03       		.byte	0x3
 6715 1c1a 9A01     		.2byte	0x19a
 6716 1c1c 03       		.byte	0x3
 6717 1c1d 5D1C0000 		.4byte	0x1c5d
 6718 1c21 0A       		.uleb128 0xa
 6719 1c22 292D0000 		.4byte	0x2d29
 6720 1c26 E8000000 		.4byte	.LBI494
 6721 1c2a 0400     		.2byte	.LVU968
 6722 1c2c E8000000 		.4byte	.LBB494
 6723 1c30 06000000 		.4byte	.LBE494-.LBB494
 6724 1c34 04       		.byte	0x4
 6725 1c35 E601     		.2byte	0x1e6
 6726 1c37 0A       		.uleb128 0xa
 6727 1c38 392D0000 		.4byte	0x2d39
 6728 1c3c E8000000 		.4byte	.LBI495
 6729 1c40 0600     		.2byte	.LVU970
 6730 1c42 E8000000 		.4byte	.LBB495
 6731 1c46 06000000 		.4byte	.LBE495-.LBB495
 6732 1c4a 04       		.byte	0x4
 6733 1c4b CD01     		.2byte	0x1cd
 6734 1c4d 03       		.uleb128 0x3
 6735 1c4e 462D0000 		.4byte	0x2d46
 6736 1c52 BC020000 		.4byte	.LLST112
 6737 1c56 BA020000 		.4byte	.LVUS112
 6738 1c5a 00       		.byte	0
 6739 1c5b 00       		.byte	0
 6740 1c5c 00       		.byte	0
 6741 1c5d 08       		.uleb128 0x8
 6742 1c5e E8000000 		.4byte	.LVL218
 6743 1c62 A1130000 		.4byte	0x13a1
 6744 1c66 00       		.byte	0
 6745 1c67 00       		.byte	0
 6746 1c68 0E       		.uleb128 0xe
 6747 1c69 1E000000 		.4byte	.LVL191
 6748 1c6d 58150000 		.4byte	0x1558
 6749 1c71 7F1C0000 		.4byte	0x1c7f
 6750 1c75 01       		.uleb128 0x1
ARM GAS  /tmp/cc9Yqsyg.s 			page 120


 6751 1c76 01       		.uleb128 0x1
 6752 1c77 50       		.byte	0x50
 6753 1c78 05       		.uleb128 0x5
 6754 1c79 03       		.byte	0x3
 6755 1c7a 00000000 		.4byte	__func__.1
 6756 1c7e 00       		.byte	0
 6757 1c7f 0E       		.uleb128 0xe
 6758 1c80 26000000 		.4byte	.LVL192
 6759 1c84 4F140000 		.4byte	0x144f
 6760 1c88 981C0000 		.4byte	0x1c98
 6761 1c8c 01       		.uleb128 0x1
 6762 1c8d 01       		.uleb128 0x1
 6763 1c8e 50       		.byte	0x50
 6764 1c8f 02       		.uleb128 0x2
 6765 1c90 74       		.byte	0x74
 6766 1c91 00       		.sleb128 0
 6767 1c92 01       		.uleb128 0x1
 6768 1c93 01       		.uleb128 0x1
 6769 1c94 51       		.byte	0x51
 6770 1c95 01       		.uleb128 0x1
 6771 1c96 30       		.byte	0x30
 6772 1c97 00       		.byte	0
 6773 1c98 0E       		.uleb128 0xe
 6774 1c99 2E000000 		.4byte	.LVL193
 6775 1c9d 66140000 		.4byte	0x1466
 6776 1ca1 B11C0000 		.4byte	0x1cb1
 6777 1ca5 01       		.uleb128 0x1
 6778 1ca6 01       		.uleb128 0x1
 6779 1ca7 50       		.byte	0x50
 6780 1ca8 02       		.uleb128 0x2
 6781 1ca9 74       		.byte	0x74
 6782 1caa 00       		.sleb128 0
 6783 1cab 01       		.uleb128 0x1
 6784 1cac 01       		.uleb128 0x1
 6785 1cad 51       		.byte	0x51
 6786 1cae 01       		.uleb128 0x1
 6787 1caf 30       		.byte	0x30
 6788 1cb0 00       		.byte	0
 6789 1cb1 26       		.uleb128 0x26
 6790 1cb2 3A000000 		.4byte	.LVL194
 6791 1cb6 C61C0000 		.4byte	0x1cc6
 6792 1cba 01       		.uleb128 0x1
 6793 1cbb 01       		.uleb128 0x1
 6794 1cbc 50       		.byte	0x50
 6795 1cbd 02       		.uleb128 0x2
 6796 1cbe 74       		.byte	0x74
 6797 1cbf 00       		.sleb128 0
 6798 1cc0 01       		.uleb128 0x1
 6799 1cc1 01       		.uleb128 0x1
 6800 1cc2 51       		.byte	0x51
 6801 1cc3 01       		.uleb128 0x1
 6802 1cc4 35       		.byte	0x35
 6803 1cc5 00       		.byte	0
 6804 1cc6 26       		.uleb128 0x26
 6805 1cc7 AA000000 		.4byte	.LVL209
 6806 1ccb D61C0000 		.4byte	0x1cd6
 6807 1ccf 01       		.uleb128 0x1
ARM GAS  /tmp/cc9Yqsyg.s 			page 121


 6808 1cd0 01       		.uleb128 0x1
 6809 1cd1 50       		.byte	0x50
 6810 1cd2 02       		.uleb128 0x2
 6811 1cd3 74       		.byte	0x74
 6812 1cd4 00       		.sleb128 0
 6813 1cd5 00       		.byte	0
 6814 1cd6 27       		.uleb128 0x27
 6815 1cd7 00010000 		.4byte	.LVL222
 6816 1cdb 58150000 		.4byte	0x1558
 6817 1cdf 01       		.uleb128 0x1
 6818 1ce0 01       		.uleb128 0x1
 6819 1ce1 50       		.byte	0x50
 6820 1ce2 05       		.uleb128 0x5
 6821 1ce3 03       		.byte	0x3
 6822 1ce4 00000000 		.4byte	__func__.1
 6823 1ce8 00       		.byte	0
 6824 1ce9 00       		.byte	0
 6825 1cea 0C       		.uleb128 0xc
 6826 1ceb C2000000 		.4byte	0xc2
 6827 1cef FA1C0000 		.4byte	0x1cfa
 6828 1cf3 0D       		.uleb128 0xd
 6829 1cf4 2D000000 		.4byte	0x2d
 6830 1cf8 0A       		.byte	0xa
 6831 1cf9 00       		.byte	0
 6832 1cfa 14       		.uleb128 0x14
 6833 1cfb EA1C0000 		.4byte	0x1cea
 6834 1cff 17       		.uleb128 0x17
 6835 1d00 97080000 		.4byte	.LASF308
 6836 1d04 AA02     		.2byte	0x2aa
 6837 1d06 00000000 		.4byte	.LFB243
 6838 1d0a 20030000 		.4byte	.LFE243-.LFB243
 6839 1d0e 01       		.uleb128 0x1
 6840 1d0f 9C       		.byte	0x9c
 6841 1d10 F9220000 		.4byte	0x22f9
 6842 1d14 13       		.uleb128 0x13
 6843 1d15 1A080000 		.4byte	.LASF304
 6844 1d19 AA02     		.2byte	0x2aa
 6845 1d1b 1F       		.byte	0x1f
 6846 1d1c 940A0000 		.4byte	0xa94
 6847 1d20 E2020000 		.4byte	.LLST50
 6848 1d24 C6020000 		.4byte	.LVUS50
 6849 1d28 1A       		.uleb128 0x1a
 6850 1d29 657000   		.ascii	"ep\000"
 6851 1d2c AA02     		.2byte	0x2aa
 6852 1d2e 2D       		.byte	0x2d
 6853 1d2f 4A090000 		.4byte	0x94a
 6854 1d33 4B030000 		.4byte	.LLST51
 6855 1d37 47030000 		.4byte	.LVUS51
 6856 1d3b 22       		.uleb128 0x22
 6857 1d3c 6D617800 		.ascii	"max\000"
 6858 1d40 AB02     		.2byte	0x2ab
 6859 1d42 0A       		.byte	0xa
 6860 1d43 42000000 		.4byte	0x42
 6861 1d47 69030000 		.4byte	.LLST52
 6862 1d4b 65030000 		.4byte	.LVUS52
 6863 1d4f 18       		.uleb128 0x18
 6864 1d50 BF260000 		.4byte	0x26bf
ARM GAS  /tmp/cc9Yqsyg.s 			page 122


 6865 1d54 F8000000 		.4byte	.LBI331
 6866 1d58 0000     		.2byte	.LVU555
 6867 1d5a 3C000000 		.4byte	.LLRL53
 6868 1d5e 01       		.byte	0x1
 6869 1d5f D902     		.2byte	0x2d9
 6870 1d61 07       		.byte	0x7
 6871 1d62 AE1D0000 		.4byte	0x1dae
 6872 1d66 03       		.uleb128 0x3
 6873 1d67 EE260000 		.4byte	0x26ee
 6874 1d6b 94030000 		.4byte	.LLST54
 6875 1d6f 92030000 		.4byte	.LVUS54
 6876 1d73 03       		.uleb128 0x3
 6877 1d74 E2260000 		.4byte	0x26e2
 6878 1d78 A0030000 		.4byte	.LLST55
 6879 1d7c 9E030000 		.4byte	.LVUS55
 6880 1d80 03       		.uleb128 0x3
 6881 1d81 D7260000 		.4byte	0x26d7
 6882 1d85 AB030000 		.4byte	.LLST56
 6883 1d89 A9030000 		.4byte	.LVUS56
 6884 1d8d 03       		.uleb128 0x3
 6885 1d8e CA260000 		.4byte	0x26ca
 6886 1d92 B7030000 		.4byte	.LLST57
 6887 1d96 B5030000 		.4byte	.LVUS57
 6888 1d9a 20       		.uleb128 0x20
 6889 1d9b 3C000000 		.4byte	.LLRL53
 6890 1d9f 1E       		.uleb128 0x1e
 6891 1da0 F8260000 		.4byte	0x26f8
 6892 1da4 C2030000 		.4byte	.LLST58
 6893 1da8 C0030000 		.4byte	.LVUS58
 6894 1dac 00       		.byte	0
 6895 1dad 00       		.byte	0
 6896 1dae 18       		.uleb128 0x18
 6897 1daf 05270000 		.4byte	0x2705
 6898 1db3 46000000 		.4byte	.LBI336
 6899 1db7 0000     		.2byte	.LVU471
 6900 1db9 54000000 		.4byte	.LLRL59
 6901 1dbd 01       		.byte	0x1
 6902 1dbe F102     		.2byte	0x2f1
 6903 1dc0 07       		.byte	0x7
 6904 1dc1 221E0000 		.4byte	0x1e22
 6905 1dc5 03       		.uleb128 0x3
 6906 1dc6 34270000 		.4byte	0x2734
 6907 1dca CD030000 		.4byte	.LLST60
 6908 1dce CB030000 		.4byte	.LVUS60
 6909 1dd2 03       		.uleb128 0x3
 6910 1dd3 28270000 		.4byte	0x2728
 6911 1dd7 D9030000 		.4byte	.LLST61
 6912 1ddb D7030000 		.4byte	.LVUS61
 6913 1ddf 03       		.uleb128 0x3
 6914 1de0 1D270000 		.4byte	0x271d
 6915 1de4 E4030000 		.4byte	.LLST62
 6916 1de8 E2030000 		.4byte	.LVUS62
 6917 1dec 03       		.uleb128 0x3
 6918 1ded 10270000 		.4byte	0x2710
 6919 1df1 F0030000 		.4byte	.LLST63
 6920 1df5 EE030000 		.4byte	.LVUS63
 6921 1df9 20       		.uleb128 0x20
ARM GAS  /tmp/cc9Yqsyg.s 			page 123


 6922 1dfa 54000000 		.4byte	.LLRL59
 6923 1dfe 1E       		.uleb128 0x1e
 6924 1dff 3E270000 		.4byte	0x273e
 6925 1e03 FB030000 		.4byte	.LLST64
 6926 1e07 F9030000 		.4byte	.LVUS64
 6927 1e0b 11       		.uleb128 0x11
 6928 1e0c 56000000 		.4byte	.LVL117
 6929 1e10 C2140000 		.4byte	0x14c2
 6930 1e14 01       		.uleb128 0x1
 6931 1e15 01       		.uleb128 0x1
 6932 1e16 50       		.byte	0x50
 6933 1e17 02       		.uleb128 0x2
 6934 1e18 74       		.byte	0x74
 6935 1e19 00       		.sleb128 0
 6936 1e1a 01       		.uleb128 0x1
 6937 1e1b 01       		.uleb128 0x1
 6938 1e1c 51       		.byte	0x51
 6939 1e1d 01       		.uleb128 0x1
 6940 1e1e 30       		.byte	0x30
 6941 1e1f 00       		.byte	0
 6942 1e20 00       		.byte	0
 6943 1e21 00       		.byte	0
 6944 1e22 0B       		.uleb128 0xb
 6945 1e23 CC2C0000 		.4byte	0x2ccc
 6946 1e27 56000000 		.4byte	.LBI340
 6947 1e2b 0100     		.2byte	.LVU483
 6948 1e2d 56000000 		.4byte	.LBB340
 6949 1e31 0A000000 		.4byte	.LBE340-.LBB340
 6950 1e35 01       		.byte	0x1
 6951 1e36 F202     		.2byte	0x2f2
 6952 1e38 07       		.byte	0x7
 6953 1e39 B51E0000 		.4byte	0x1eb5
 6954 1e3d 0A       		.uleb128 0xa
 6955 1e3e EC2C0000 		.4byte	0x2cec
 6956 1e42 56000000 		.4byte	.LBI341
 6957 1e46 0300     		.2byte	.LVU485
 6958 1e48 56000000 		.4byte	.LBB341
 6959 1e4c 0A000000 		.4byte	.LBE341-.LBB341
 6960 1e50 02       		.byte	0x2
 6961 1e51 0302     		.2byte	0x203
 6962 1e53 0B       		.uleb128 0xb
 6963 1e54 212D0000 		.4byte	0x2d21
 6964 1e58 56000000 		.4byte	.LBI343
 6965 1e5c 0500     		.2byte	.LVU487
 6966 1e5e 56000000 		.4byte	.LBB343
 6967 1e62 06000000 		.4byte	.LBE343-.LBB343
 6968 1e66 03       		.byte	0x3
 6969 1e67 8401     		.2byte	0x184
 6970 1e69 03       		.byte	0x3
 6971 1e6a AA1E0000 		.4byte	0x1eaa
 6972 1e6e 0A       		.uleb128 0xa
 6973 1e6f 312D0000 		.4byte	0x2d31
 6974 1e73 56000000 		.4byte	.LBI344
 6975 1e77 0700     		.2byte	.LVU489
 6976 1e79 56000000 		.4byte	.LBB344
 6977 1e7d 06000000 		.4byte	.LBE344-.LBB344
 6978 1e81 04       		.byte	0x4
ARM GAS  /tmp/cc9Yqsyg.s 			page 124


 6979 1e82 DB01     		.2byte	0x1db
 6980 1e84 0A       		.uleb128 0xa
 6981 1e85 392D0000 		.4byte	0x2d39
 6982 1e89 56000000 		.4byte	.LBI345
 6983 1e8d 0900     		.2byte	.LVU491
 6984 1e8f 56000000 		.4byte	.LBB345
 6985 1e93 06000000 		.4byte	.LBE345-.LBB345
 6986 1e97 04       		.byte	0x4
 6987 1e98 BF01     		.2byte	0x1bf
 6988 1e9a 03       		.uleb128 0x3
 6989 1e9b 462D0000 		.4byte	0x2d46
 6990 1e9f 06040000 		.4byte	.LLST65
 6991 1ea3 04040000 		.4byte	.LVUS65
 6992 1ea7 00       		.byte	0
 6993 1ea8 00       		.byte	0
 6994 1ea9 00       		.byte	0
 6995 1eaa 08       		.uleb128 0x8
 6996 1eab 60000000 		.4byte	.LVL119
 6997 1eaf A7130000 		.4byte	0x13a7
 6998 1eb3 00       		.byte	0
 6999 1eb4 00       		.byte	0
 7000 1eb5 18       		.uleb128 0x18
 7001 1eb6 52250000 		.4byte	0x2552
 7002 1eba 60000000 		.4byte	.LBI347
 7003 1ebe 0100     		.2byte	.LVU497
 7004 1ec0 60000000 		.4byte	.LLRL66
 7005 1ec4 01       		.byte	0x1
 7006 1ec5 F302     		.2byte	0x2f3
 7007 1ec7 0E       		.byte	0xe
 7008 1ec8 061F0000 		.4byte	0x1f06
 7009 1ecc 03       		.uleb128 0x3
 7010 1ecd 6E250000 		.4byte	0x256e
 7011 1ed1 15040000 		.4byte	.LLST67
 7012 1ed5 11040000 		.4byte	.LVUS67
 7013 1ed9 03       		.uleb128 0x3
 7014 1eda 61250000 		.4byte	0x2561
 7015 1ede 2D040000 		.4byte	.LLST68
 7016 1ee2 29040000 		.4byte	.LVUS68
 7017 1ee6 20       		.uleb128 0x20
 7018 1ee7 60000000 		.4byte	.LLRL66
 7019 1eeb 08       		.uleb128 0x8
 7020 1eec 64000000 		.4byte	.LVL120
 7021 1ef0 22150000 		.4byte	0x1522
 7022 1ef4 11       		.uleb128 0x11
 7023 1ef5 42010000 		.4byte	.LVL142
 7024 1ef9 94140000 		.4byte	0x1494
 7025 1efd 01       		.uleb128 0x1
 7026 1efe 01       		.uleb128 0x1
 7027 1eff 50       		.byte	0x50
 7028 1f00 02       		.uleb128 0x2
 7029 1f01 74       		.byte	0x74
 7030 1f02 00       		.sleb128 0
 7031 1f03 00       		.byte	0
 7032 1f04 00       		.byte	0
 7033 1f05 00       		.byte	0
 7034 1f06 18       		.uleb128 0x18
 7035 1f07 C42C0000 		.4byte	0x2cc4
ARM GAS  /tmp/cc9Yqsyg.s 			page 125


 7036 1f0b 6C000000 		.4byte	.LBI350
 7037 1f0f 0200     		.2byte	.LVU508
 7038 1f11 6E000000 		.4byte	.LLRL69
 7039 1f15 01       		.byte	0x1
 7040 1f16 FE02     		.2byte	0x2fe
 7041 1f18 07       		.byte	0x7
 7042 1f19 971F0000 		.4byte	0x1f97
 7043 1f1d 25       		.uleb128 0x25
 7044 1f1e E42C0000 		.4byte	0x2ce4
 7045 1f22 6C000000 		.4byte	.LBI352
 7046 1f26 0400     		.2byte	.LVU510
 7047 1f28 81000000 		.4byte	.LLRL70
 7048 1f2c 02       		.byte	0x2
 7049 1f2d 0E02     		.2byte	0x20e
 7050 1f2f 18       		.uleb128 0x18
 7051 1f30 192D0000 		.4byte	0x2d19
 7052 1f34 70000000 		.4byte	.LBI354
 7053 1f38 0200     		.2byte	.LVU514
 7054 1f3a 94000000 		.4byte	.LLRL71
 7055 1f3e 03       		.byte	0x3
 7056 1f3f 9A01     		.2byte	0x19a
 7057 1f41 03       		.byte	0x3
 7058 1f42 7A1F0000 		.4byte	0x1f7a
 7059 1f46 25       		.uleb128 0x25
 7060 1f47 292D0000 		.4byte	0x2d29
 7061 1f4b 70000000 		.4byte	.LBI355
 7062 1f4f 0400     		.2byte	.LVU516
 7063 1f51 94000000 		.4byte	.LLRL71
 7064 1f55 04       		.byte	0x4
 7065 1f56 E601     		.2byte	0x1e6
 7066 1f58 25       		.uleb128 0x25
 7067 1f59 392D0000 		.4byte	0x2d39
 7068 1f5d 70000000 		.4byte	.LBI356
 7069 1f61 0600     		.2byte	.LVU518
 7070 1f63 94000000 		.4byte	.LLRL71
 7071 1f67 04       		.byte	0x4
 7072 1f68 CD01     		.2byte	0x1cd
 7073 1f6a 03       		.uleb128 0x3
 7074 1f6b 462D0000 		.4byte	0x2d46
 7075 1f6f 45040000 		.4byte	.LLST72
 7076 1f73 3F040000 		.4byte	.LVUS72
 7077 1f77 00       		.byte	0
 7078 1f78 00       		.byte	0
 7079 1f79 00       		.byte	0
 7080 1f7a 08       		.uleb128 0x8
 7081 1f7b 70000000 		.4byte	.LVL122
 7082 1f7f A1130000 		.4byte	0x13a1
 7083 1f83 08       		.uleb128 0x8
 7084 1f84 2E010000 		.4byte	.LVL139
 7085 1f88 A1130000 		.4byte	0x13a1
 7086 1f8c 08       		.uleb128 0x8
 7087 1f8d 46010000 		.4byte	.LVL143
 7088 1f91 A1130000 		.4byte	0x13a1
 7089 1f95 00       		.byte	0
 7090 1f96 00       		.byte	0
 7091 1f97 18       		.uleb128 0x18
 7092 1f98 622C0000 		.4byte	0x2c62
ARM GAS  /tmp/cc9Yqsyg.s 			page 126


 7093 1f9c 84000000 		.4byte	.LBI372
 7094 1fa0 0000     		.2byte	.LVU527
 7095 1fa2 A7000000 		.4byte	.LLRL73
 7096 1fa6 01       		.byte	0x1
 7097 1fa7 BA02     		.2byte	0x2ba
 7098 1fa9 0A       		.byte	0xa
 7099 1faa 97200000 		.4byte	0x2097
 7100 1fae 03       		.uleb128 0x3
 7101 1faf 712C0000 		.4byte	0x2c71
 7102 1fb3 8F040000 		.4byte	.LLST74
 7103 1fb7 61040000 		.4byte	.LVUS74
 7104 1fbb 20       		.uleb128 0x20
 7105 1fbc A7000000 		.4byte	.LLRL73
 7106 1fc0 1E       		.uleb128 0x1e
 7107 1fc1 7C2C0000 		.4byte	0x2c7c
 7108 1fc5 36050000 		.4byte	.LLST75
 7109 1fc9 34050000 		.4byte	.LVUS75
 7110 1fcd 4A       		.uleb128 0x4a
 7111 1fce 872C0000 		.4byte	0x2c87
 7112 1fd2 18020000 		.4byte	.LBI374
 7113 1fd6 0100     		.2byte	.LVU712
 7114 1fd8 D8000000 		.4byte	.LLRL76
 7115 1fdc 01       		.byte	0x1
 7116 1fdd 78       		.byte	0x78
 7117 1fde 07       		.byte	0x7
 7118 1fdf 16200000 		.4byte	0x2016
 7119 1fe3 03       		.uleb128 0x3
 7120 1fe4 942C0000 		.4byte	0x2c94
 7121 1fe8 41050000 		.4byte	.LLST77
 7122 1fec 3F050000 		.4byte	.LVUS77
 7123 1ff0 0E       		.uleb128 0xe
 7124 1ff1 26020000 		.4byte	.LVL162
 7125 1ff5 AD130000 		.4byte	0x13ad
 7126 1ff9 04200000 		.4byte	0x2004
 7127 1ffd 01       		.uleb128 0x1
 7128 1ffe 01       		.uleb128 0x1
 7129 1fff 50       		.byte	0x50
 7130 2000 02       		.uleb128 0x2
 7131 2001 74       		.byte	0x74
 7132 2002 00       		.sleb128 0
 7133 2003 00       		.byte	0
 7134 2004 37       		.uleb128 0x37
 7135 2005 32020000 		.4byte	.LVL163
 7136 2009 01       		.uleb128 0x1
 7137 200a 01       		.uleb128 0x1
 7138 200b 50       		.byte	0x50
 7139 200c 02       		.uleb128 0x2
 7140 200d 74       		.byte	0x74
 7141 200e 00       		.sleb128 0
 7142 200f 01       		.uleb128 0x1
 7143 2010 01       		.uleb128 0x1
 7144 2011 51       		.byte	0x51
 7145 2012 01       		.uleb128 0x1
 7146 2013 31       		.byte	0x31
 7147 2014 00       		.byte	0
 7148 2015 00       		.byte	0
 7149 2016 4B       		.uleb128 0x4b
ARM GAS  /tmp/cc9Yqsyg.s 			page 127


 7150 2017 CC010000 		.4byte	.LVL155
 7151 201b 02       		.uleb128 0x2
 7152 201c 76       		.byte	0x76
 7153 201d 00       		.sleb128 0
 7154 201e 29200000 		.4byte	0x2029
 7155 2022 01       		.uleb128 0x1
 7156 2023 01       		.uleb128 0x1
 7157 2024 50       		.byte	0x50
 7158 2025 02       		.uleb128 0x2
 7159 2026 74       		.byte	0x74
 7160 2027 00       		.sleb128 0
 7161 2028 00       		.byte	0
 7162 2029 26       		.uleb128 0x26
 7163 202a 08020000 		.4byte	.LVL158
 7164 202e 3E200000 		.4byte	0x203e
 7165 2032 01       		.uleb128 0x1
 7166 2033 01       		.uleb128 0x1
 7167 2034 50       		.byte	0x50
 7168 2035 02       		.uleb128 0x2
 7169 2036 74       		.byte	0x74
 7170 2037 00       		.sleb128 0
 7171 2038 01       		.uleb128 0x1
 7172 2039 01       		.uleb128 0x1
 7173 203a 51       		.byte	0x51
 7174 203b 01       		.uleb128 0x1
 7175 203c 32       		.byte	0x32
 7176 203d 00       		.byte	0
 7177 203e 0E       		.uleb128 0xe
 7178 203f 66020000 		.4byte	.LVL169
 7179 2043 ED130000 		.4byte	0x13ed
 7180 2047 52200000 		.4byte	0x2052
 7181 204b 01       		.uleb128 0x1
 7182 204c 01       		.uleb128 0x1
 7183 204d 50       		.byte	0x50
 7184 204e 02       		.uleb128 0x2
 7185 204f 74       		.byte	0x74
 7186 2050 00       		.sleb128 0
 7187 2051 00       		.byte	0
 7188 2052 0E       		.uleb128 0xe
 7189 2053 A2020000 		.4byte	.LVL173
 7190 2057 BF130000 		.4byte	0x13bf
 7191 205b 66200000 		.4byte	0x2066
 7192 205f 01       		.uleb128 0x1
 7193 2060 01       		.uleb128 0x1
 7194 2061 50       		.byte	0x50
 7195 2062 02       		.uleb128 0x2
 7196 2063 74       		.byte	0x74
 7197 2064 00       		.sleb128 0
 7198 2065 00       		.byte	0
 7199 2066 0E       		.uleb128 0xe
 7200 2067 EE020000 		.4byte	.LVL181
 7201 206b 66140000 		.4byte	0x1466
 7202 206f 7A200000 		.4byte	0x207a
 7203 2073 01       		.uleb128 0x1
 7204 2074 01       		.uleb128 0x1
 7205 2075 50       		.byte	0x50
 7206 2076 02       		.uleb128 0x2
ARM GAS  /tmp/cc9Yqsyg.s 			page 128


 7207 2077 74       		.byte	0x74
 7208 2078 00       		.sleb128 0
 7209 2079 00       		.byte	0
 7210 207a 08       		.uleb128 0x8
 7211 207b F8020000 		.4byte	.LVL184
 7212 207f 07140000 		.4byte	0x1407
 7213 2083 08       		.uleb128 0x8
 7214 2084 04030000 		.4byte	.LVL186
 7215 2088 D6130000 		.4byte	0x13d6
 7216 208c 08       		.uleb128 0x8
 7217 208d 0E030000 		.4byte	.LVL188
 7218 2091 4F140000 		.4byte	0x144f
 7219 2095 00       		.byte	0
 7220 2096 00       		.byte	0
 7221 2097 18       		.uleb128 0x18
 7222 2098 BF260000 		.4byte	0x26bf
 7223 209c 96010000 		.4byte	.LBI390
 7224 20a0 0100     		.2byte	.LVU670
 7225 20a2 E7000000 		.4byte	.LLRL78
 7226 20a6 01       		.byte	0x1
 7227 20a7 FB02     		.2byte	0x2fb
 7228 20a9 07       		.byte	0x7
 7229 20aa 0B210000 		.4byte	0x210b
 7230 20ae 03       		.uleb128 0x3
 7231 20af EE260000 		.4byte	0x26ee
 7232 20b3 4C050000 		.4byte	.LLST79
 7233 20b7 4A050000 		.4byte	.LVUS79
 7234 20bb 03       		.uleb128 0x3
 7235 20bc E2260000 		.4byte	0x26e2
 7236 20c0 4C050000 		.4byte	.LLST79
 7237 20c4 4A050000 		.4byte	.LVUS79
 7238 20c8 03       		.uleb128 0x3
 7239 20c9 D7260000 		.4byte	0x26d7
 7240 20cd 4C050000 		.4byte	.LLST79
 7241 20d1 4A050000 		.4byte	.LVUS79
 7242 20d5 03       		.uleb128 0x3
 7243 20d6 CA260000 		.4byte	0x26ca
 7244 20da 58050000 		.4byte	.LLST82
 7245 20de 56050000 		.4byte	.LVUS82
 7246 20e2 20       		.uleb128 0x20
 7247 20e3 E7000000 		.4byte	.LLRL78
 7248 20e7 1E       		.uleb128 0x1e
 7249 20e8 F8260000 		.4byte	0x26f8
 7250 20ec 63050000 		.4byte	.LLST83
 7251 20f0 61050000 		.4byte	.LVUS83
 7252 20f4 11       		.uleb128 0x11
 7253 20f5 08010000 		.4byte	.LVL134
 7254 20f9 AB140000 		.4byte	0x14ab
 7255 20fd 01       		.uleb128 0x1
 7256 20fe 01       		.uleb128 0x1
 7257 20ff 50       		.byte	0x50
 7258 2100 02       		.uleb128 0x2
 7259 2101 74       		.byte	0x74
 7260 2102 00       		.sleb128 0
 7261 2103 01       		.uleb128 0x1
 7262 2104 01       		.uleb128 0x1
 7263 2105 51       		.byte	0x51
ARM GAS  /tmp/cc9Yqsyg.s 			page 129


 7264 2106 01       		.uleb128 0x1
 7265 2107 30       		.byte	0x30
 7266 2108 00       		.byte	0
 7267 2109 00       		.byte	0
 7268 210a 00       		.byte	0
 7269 210b 0B       		.uleb128 0xb
 7270 210c CC2C0000 		.4byte	0x2ccc
 7271 2110 08010000 		.4byte	.LBI393
 7272 2114 0100     		.2byte	.LVU568
 7273 2116 08010000 		.4byte	.LBB393
 7274 211a 0A000000 		.4byte	.LBE393-.LBB393
 7275 211e 01       		.byte	0x1
 7276 211f FC02     		.2byte	0x2fc
 7277 2121 07       		.byte	0x7
 7278 2122 9E210000 		.4byte	0x219e
 7279 2126 0A       		.uleb128 0xa
 7280 2127 EC2C0000 		.4byte	0x2cec
 7281 212b 08010000 		.4byte	.LBI394
 7282 212f 0300     		.2byte	.LVU570
 7283 2131 08010000 		.4byte	.LBB394
 7284 2135 0A000000 		.4byte	.LBE394-.LBB394
 7285 2139 02       		.byte	0x2
 7286 213a 0302     		.2byte	0x203
 7287 213c 0B       		.uleb128 0xb
 7288 213d 212D0000 		.4byte	0x2d21
 7289 2141 08010000 		.4byte	.LBI396
 7290 2145 0500     		.2byte	.LVU572
 7291 2147 08010000 		.4byte	.LBB396
 7292 214b 06000000 		.4byte	.LBE396-.LBB396
 7293 214f 03       		.byte	0x3
 7294 2150 8401     		.2byte	0x184
 7295 2152 03       		.byte	0x3
 7296 2153 93210000 		.4byte	0x2193
 7297 2157 0A       		.uleb128 0xa
 7298 2158 312D0000 		.4byte	0x2d31
 7299 215c 08010000 		.4byte	.LBI397
 7300 2160 0700     		.2byte	.LVU574
 7301 2162 08010000 		.4byte	.LBB397
 7302 2166 06000000 		.4byte	.LBE397-.LBB397
 7303 216a 04       		.byte	0x4
 7304 216b DB01     		.2byte	0x1db
 7305 216d 0A       		.uleb128 0xa
 7306 216e 392D0000 		.4byte	0x2d39
 7307 2172 08010000 		.4byte	.LBI398
 7308 2176 0900     		.2byte	.LVU576
 7309 2178 08010000 		.4byte	.LBB398
 7310 217c 06000000 		.4byte	.LBE398-.LBB398
 7311 2180 04       		.byte	0x4
 7312 2181 BF01     		.2byte	0x1bf
 7313 2183 03       		.uleb128 0x3
 7314 2184 462D0000 		.4byte	0x2d46
 7315 2188 6E050000 		.4byte	.LLST84
 7316 218c 6C050000 		.4byte	.LVUS84
 7317 2190 00       		.byte	0
 7318 2191 00       		.byte	0
 7319 2192 00       		.byte	0
 7320 2193 08       		.uleb128 0x8
ARM GAS  /tmp/cc9Yqsyg.s 			page 130


 7321 2194 12010000 		.4byte	.LVL136
 7322 2198 A7130000 		.4byte	0x13a7
 7323 219c 00       		.byte	0
 7324 219d 00       		.byte	0
 7325 219e 0B       		.uleb128 0xb
 7326 219f 1B250000 		.4byte	0x251b
 7327 21a3 12010000 		.4byte	.LBI400
 7328 21a7 0100     		.2byte	.LVU582
 7329 21a9 12010000 		.4byte	.LBB400
 7330 21ad 18000000 		.4byte	.LBE400-.LBB400
 7331 21b1 01       		.byte	0x1
 7332 21b2 FD02     		.2byte	0x2fd
 7333 21b4 0E       		.byte	0xe
 7334 21b5 ED210000 		.4byte	0x21ed
 7335 21b9 03       		.uleb128 0x3
 7336 21ba 37250000 		.4byte	0x2537
 7337 21be 7B050000 		.4byte	.LLST85
 7338 21c2 79050000 		.4byte	.LVUS85
 7339 21c6 03       		.uleb128 0x3
 7340 21c7 2A250000 		.4byte	0x252a
 7341 21cb 87050000 		.4byte	.LLST86
 7342 21cf 85050000 		.4byte	.LVUS86
 7343 21d3 08       		.uleb128 0x8
 7344 21d4 16010000 		.4byte	.LVL137
 7345 21d8 22150000 		.4byte	0x1522
 7346 21dc 11       		.uleb128 0x11
 7347 21dd 2A010000 		.4byte	.LVL138
 7348 21e1 7D140000 		.4byte	0x147d
 7349 21e5 01       		.uleb128 0x1
 7350 21e6 01       		.uleb128 0x1
 7351 21e7 50       		.byte	0x50
 7352 21e8 02       		.uleb128 0x2
 7353 21e9 74       		.byte	0x74
 7354 21ea 00       		.sleb128 0
 7355 21eb 00       		.byte	0
 7356 21ec 00       		.byte	0
 7357 21ed 0B       		.uleb128 0xb
 7358 21ee C42C0000 		.4byte	0x2cc4
 7359 21f2 42010000 		.4byte	.LBI404
 7360 21f6 0300     		.2byte	.LVU617
 7361 21f8 42010000 		.4byte	.LBB404
 7362 21fc 00000000 		.4byte	.LBE404-.LBB404
 7363 2200 01       		.byte	0x1
 7364 2201 F402     		.2byte	0x2f4
 7365 2203 07       		.byte	0x7
 7366 2204 20220000 		.4byte	0x2220
 7367 2208 4C       		.uleb128 0x4c
 7368 2209 E42C0000 		.4byte	0x2ce4
 7369 220d 42010000 		.4byte	.LBI406
 7370 2211 0500     		.2byte	.LVU619
 7371 2213 42010000 		.4byte	.LBB406
 7372 2217 00000000 		.4byte	.LBE406-.LBB406
 7373 221b 02       		.byte	0x2
 7374 221c 0E02     		.2byte	0x20e
 7375 221e 03       		.byte	0x3
 7376 221f 00       		.byte	0
 7377 2220 0B       		.uleb128 0xb
ARM GAS  /tmp/cc9Yqsyg.s 			page 131


 7378 2221 05270000 		.4byte	0x2705
 7379 2225 84010000 		.4byte	.LBI411
 7380 2229 0100     		.2byte	.LVU656
 7381 222b 84010000 		.4byte	.LBB411
 7382 222f 0C000000 		.4byte	.LBE411-.LBB411
 7383 2233 01       		.byte	0x1
 7384 2234 E302     		.2byte	0x2e3
 7385 2236 07       		.byte	0x7
 7386 2237 7D220000 		.4byte	0x227d
 7387 223b 03       		.uleb128 0x3
 7388 223c 34270000 		.4byte	0x2734
 7389 2240 92050000 		.4byte	.LLST87
 7390 2244 90050000 		.4byte	.LVUS87
 7391 2248 03       		.uleb128 0x3
 7392 2249 28270000 		.4byte	0x2728
 7393 224d 92050000 		.4byte	.LLST87
 7394 2251 90050000 		.4byte	.LVUS87
 7395 2255 03       		.uleb128 0x3
 7396 2256 1D270000 		.4byte	0x271d
 7397 225a 92050000 		.4byte	.LLST87
 7398 225e 90050000 		.4byte	.LVUS87
 7399 2262 03       		.uleb128 0x3
 7400 2263 10270000 		.4byte	0x2710
 7401 2267 9E050000 		.4byte	.LLST90
 7402 226b 9C050000 		.4byte	.LVUS90
 7403 226f 1E       		.uleb128 0x1e
 7404 2270 3E270000 		.4byte	0x273e
 7405 2274 A9050000 		.4byte	.LLST91
 7406 2278 A7050000 		.4byte	.LVUS91
 7407 227c 00       		.byte	0
 7408 227d 0E       		.uleb128 0xe
 7409 227e 12000000 		.4byte	.LVL110
 7410 2282 21140000 		.4byte	0x1421
 7411 2286 A5220000 		.4byte	0x22a5
 7412 228a 01       		.uleb128 0x1
 7413 228b 01       		.uleb128 0x1
 7414 228c 50       		.byte	0x50
 7415 228d 02       		.uleb128 0x2
 7416 228e 74       		.byte	0x74
 7417 228f 00       		.sleb128 0
 7418 2290 01       		.uleb128 0x1
 7419 2291 01       		.uleb128 0x1
 7420 2292 51       		.byte	0x51
 7421 2293 09       		.uleb128 0x9
 7422 2294 A3       		.byte	0xa3
 7423 2295 03       		.uleb128 0x3
 7424 2296 A5       		.byte	0xa5
 7425 2297 01       		.uleb128 0x1
 7426 2298 26       		.uleb128 0x26
 7427 2299 A8       		.byte	0xa8
 7428 229a 34       		.uleb128 0x34
 7429 229b A8       		.byte	0xa8
 7430 229c 00       		.uleb128 0
 7431 229d 01       		.uleb128 0x1
 7432 229e 01       		.uleb128 0x1
 7433 229f 52       		.byte	0x52
 7434 22a0 03       		.uleb128 0x3
ARM GAS  /tmp/cc9Yqsyg.s 			page 132


 7435 22a1 74       		.byte	0x74
 7436 22a2 C400     		.sleb128 68
 7437 22a4 00       		.byte	0
 7438 22a5 26       		.uleb128 0x26
 7439 22a6 1C000000 		.4byte	.LVL111
 7440 22aa B5220000 		.4byte	0x22b5
 7441 22ae 01       		.uleb128 0x1
 7442 22af 01       		.uleb128 0x1
 7443 22b0 50       		.byte	0x50
 7444 22b1 02       		.uleb128 0x2
 7445 22b2 74       		.byte	0x74
 7446 22b3 00       		.sleb128 0
 7447 22b4 00       		.byte	0
 7448 22b5 0E       		.uleb128 0xe
 7449 22b6 CE000000 		.4byte	.LVL127
 7450 22ba 4F140000 		.4byte	0x144f
 7451 22be CE220000 		.4byte	0x22ce
 7452 22c2 01       		.uleb128 0x1
 7453 22c3 01       		.uleb128 0x1
 7454 22c4 50       		.byte	0x50
 7455 22c5 02       		.uleb128 0x2
 7456 22c6 74       		.byte	0x74
 7457 22c7 00       		.sleb128 0
 7458 22c8 01       		.uleb128 0x1
 7459 22c9 01       		.uleb128 0x1
 7460 22ca 51       		.byte	0x51
 7461 22cb 01       		.uleb128 0x1
 7462 22cc 30       		.byte	0x30
 7463 22cd 00       		.byte	0
 7464 22ce 0E       		.uleb128 0xe
 7465 22cf D6000000 		.4byte	.LVL128
 7466 22d3 66140000 		.4byte	0x1466
 7467 22d7 E7220000 		.4byte	0x22e7
 7468 22db 01       		.uleb128 0x1
 7469 22dc 01       		.uleb128 0x1
 7470 22dd 50       		.byte	0x50
 7471 22de 02       		.uleb128 0x2
 7472 22df 74       		.byte	0x74
 7473 22e0 00       		.sleb128 0
 7474 22e1 01       		.uleb128 0x1
 7475 22e2 01       		.uleb128 0x1
 7476 22e3 51       		.byte	0x51
 7477 22e4 01       		.uleb128 0x1
 7478 22e5 30       		.byte	0x30
 7479 22e6 00       		.byte	0
 7480 22e7 37       		.uleb128 0x37
 7481 22e8 E2000000 		.4byte	.LVL129
 7482 22ec 01       		.uleb128 0x1
 7483 22ed 01       		.uleb128 0x1
 7484 22ee 50       		.byte	0x50
 7485 22ef 02       		.uleb128 0x2
 7486 22f0 74       		.byte	0x74
 7487 22f1 00       		.sleb128 0
 7488 22f2 01       		.uleb128 0x1
 7489 22f3 01       		.uleb128 0x1
 7490 22f4 51       		.byte	0x51
 7491 22f5 01       		.uleb128 0x1
ARM GAS  /tmp/cc9Yqsyg.s 			page 133


 7492 22f6 35       		.byte	0x35
 7493 22f7 00       		.byte	0
 7494 22f8 00       		.byte	0
 7495 22f9 17       		.uleb128 0x17
 7496 22fa 940F0000 		.4byte	.LASF309
 7497 22fe 9702     		.2byte	0x297
 7498 2300 00000000 		.4byte	.LFB242
 7499 2304 0E000000 		.4byte	.LFE242-.LFB242
 7500 2308 01       		.uleb128 0x1
 7501 2309 9C       		.byte	0x9c
 7502 230a 3B230000 		.4byte	0x233b
 7503 230e 13       		.uleb128 0x13
 7504 230f 1A080000 		.4byte	.LASF304
 7505 2313 9702     		.2byte	0x297
 7506 2315 1D       		.byte	0x1d
 7507 2316 940A0000 		.4byte	0xa94
 7508 231a B8050000 		.4byte	.LLST49
 7509 231e B2050000 		.4byte	.LVUS49
 7510 2322 30       		.uleb128 0x30
 7511 2323 0C000000 		.4byte	.LVL108
 7512 2327 01       		.uleb128 0x1
 7513 2328 01       		.uleb128 0x1
 7514 2329 50       		.byte	0x50
 7515 232a 09       		.uleb128 0x9
 7516 232b A3       		.byte	0xa3
 7517 232c 03       		.uleb128 0x3
 7518 232d A5       		.byte	0xa5
 7519 232e 00       		.uleb128 0
 7520 232f 26       		.uleb128 0x26
 7521 2330 A8       		.byte	0xa8
 7522 2331 2D       		.uleb128 0x2d
 7523 2332 A8       		.byte	0xa8
 7524 2333 00       		.uleb128 0
 7525 2334 01       		.uleb128 0x1
 7526 2335 01       		.uleb128 0x1
 7527 2336 51       		.byte	0x51
 7528 2337 01       		.uleb128 0x1
 7529 2338 34       		.byte	0x34
 7530 2339 00       		.byte	0
 7531 233a 00       		.byte	0
 7532 233b 17       		.uleb128 0x17
 7533 233c 2C040000 		.4byte	.LASF310
 7534 2340 8502     		.2byte	0x285
 7535 2342 00000000 		.4byte	.LFB241
 7536 2346 10000000 		.4byte	.LFE241-.LFB241
 7537 234a 01       		.uleb128 0x1
 7538 234b 9C       		.byte	0x9c
 7539 234c 7D230000 		.4byte	0x237d
 7540 2350 13       		.uleb128 0x13
 7541 2351 1A080000 		.4byte	.LASF304
 7542 2355 8502     		.2byte	0x285
 7543 2357 1E       		.byte	0x1e
 7544 2358 940A0000 		.4byte	0xa94
 7545 235c DC050000 		.4byte	.LLST48
 7546 2360 D6050000 		.4byte	.LVUS48
 7547 2364 30       		.uleb128 0x30
 7548 2365 0E000000 		.4byte	.LVL106
ARM GAS  /tmp/cc9Yqsyg.s 			page 134


 7549 2369 01       		.uleb128 0x1
 7550 236a 01       		.uleb128 0x1
 7551 236b 50       		.byte	0x50
 7552 236c 09       		.uleb128 0x9
 7553 236d A3       		.byte	0xa3
 7554 236e 03       		.uleb128 0x3
 7555 236f A5       		.byte	0xa5
 7556 2370 00       		.uleb128 0
 7557 2371 26       		.uleb128 0x26
 7558 2372 A8       		.byte	0xa8
 7559 2373 2D       		.uleb128 0x2d
 7560 2374 A8       		.byte	0xa8
 7561 2375 00       		.uleb128 0
 7562 2376 01       		.uleb128 0x1
 7563 2377 01       		.uleb128 0x1
 7564 2378 51       		.byte	0x51
 7565 2379 01       		.uleb128 0x1
 7566 237a 33       		.byte	0x33
 7567 237b 00       		.byte	0
 7568 237c 00       		.byte	0
 7569 237d 17       		.uleb128 0x17
 7570 237e A1040000 		.4byte	.LASF311
 7571 2382 6002     		.2byte	0x260
 7572 2384 00000000 		.4byte	.LFB240
 7573 2388 30000000 		.4byte	.LFE240-.LFB240
 7574 238c 01       		.uleb128 0x1
 7575 238d 9C       		.byte	0x9c
 7576 238e E5230000 		.4byte	0x23e5
 7577 2392 13       		.uleb128 0x13
 7578 2393 1A080000 		.4byte	.LASF304
 7579 2397 6002     		.2byte	0x260
 7580 2399 1C       		.byte	0x1c
 7581 239a 940A0000 		.4byte	0xa94
 7582 239e 04060000 		.4byte	.LLST46
 7583 23a2 FA050000 		.4byte	.LVUS46
 7584 23a6 22       		.uleb128 0x22
 7585 23a7 6900     		.ascii	"i\000"
 7586 23a9 6102     		.2byte	0x261
 7587 23ab 0C       		.byte	0xc
 7588 23ac 2D000000 		.4byte	0x2d
 7589 23b0 32060000 		.4byte	.LLST47
 7590 23b4 2C060000 		.4byte	.LVUS47
 7591 23b8 0E       		.uleb128 0xe
 7592 23b9 1E000000 		.4byte	.LVL102
 7593 23bd 3D140000 		.4byte	0x143d
 7594 23c1 CC230000 		.4byte	0x23cc
 7595 23c5 01       		.uleb128 0x1
 7596 23c6 01       		.uleb128 0x1
 7597 23c7 50       		.byte	0x50
 7598 23c8 02       		.uleb128 0x2
 7599 23c9 74       		.byte	0x74
 7600 23ca 00       		.sleb128 0
 7601 23cb 00       		.byte	0
 7602 23cc 30       		.uleb128 0x30
 7603 23cd 2E000000 		.4byte	.LVL104
 7604 23d1 01       		.uleb128 0x1
 7605 23d2 01       		.uleb128 0x1
ARM GAS  /tmp/cc9Yqsyg.s 			page 135


 7606 23d3 50       		.byte	0x50
 7607 23d4 09       		.uleb128 0x9
 7608 23d5 A3       		.byte	0xa3
 7609 23d6 03       		.uleb128 0x3
 7610 23d7 A5       		.byte	0xa5
 7611 23d8 00       		.uleb128 0
 7612 23d9 26       		.uleb128 0x26
 7613 23da A8       		.byte	0xa8
 7614 23db 2D       		.uleb128 0x2d
 7615 23dc A8       		.byte	0xa8
 7616 23dd 00       		.uleb128 0
 7617 23de 01       		.uleb128 0x1
 7618 23df 01       		.uleb128 0x1
 7619 23e0 51       		.byte	0x51
 7620 23e1 01       		.uleb128 0x1
 7621 23e2 30       		.byte	0x30
 7622 23e3 00       		.byte	0
 7623 23e4 00       		.byte	0
 7624 23e5 38       		.uleb128 0x38
 7625 23e6 66070000 		.4byte	.LASF312
 7626 23ea 4A02     		.2byte	0x24a
 7627 23ec 3A070000 		.4byte	0x73a
 7628 23f0 00000000 		.4byte	.LFB239
 7629 23f4 34000000 		.4byte	.LFE239-.LFB239
 7630 23f8 01       		.uleb128 0x1
 7631 23f9 9C       		.byte	0x9c
 7632 23fa 6B240000 		.4byte	0x246b
 7633 23fe 13       		.uleb128 0x13
 7634 23ff 1A080000 		.4byte	.LASF304
 7635 2403 4A02     		.2byte	0x24a
 7636 2405 23       		.byte	0x23
 7637 2406 940A0000 		.4byte	0xa94
 7638 240a 4E060000 		.4byte	.LLST44
 7639 240e 4A060000 		.4byte	.LVUS44
 7640 2412 1A       		.uleb128 0x1a
 7641 2413 657000   		.ascii	"ep\000"
 7642 2416 4A02     		.2byte	0x24a
 7643 2418 31       		.byte	0x31
 7644 2419 4A090000 		.4byte	0x94a
 7645 241d 64060000 		.4byte	.LLST45
 7646 2421 5E060000 		.4byte	.LVUS45
 7647 2425 1C       		.uleb128 0x1c
 7648 2426 F1010000 		.4byte	.LASF307
 7649 242a 7B240000 		.4byte	0x247b
 7650 242e 05       		.uleb128 0x5
 7651 242f 03       		.byte	0x3
 7652 2430 00000000 		.4byte	__func__.2
 7653 2434 08       		.uleb128 0x8
 7654 2435 0A000000 		.4byte	.LVL94
 7655 2439 22150000 		.4byte	0x1522
 7656 243d 0E       		.uleb128 0xe
 7657 243e 24000000 		.4byte	.LVL96
 7658 2442 4F140000 		.4byte	0x144f
 7659 2446 57240000 		.4byte	0x2457
 7660 244a 01       		.uleb128 0x1
 7661 244b 01       		.uleb128 0x1
 7662 244c 50       		.byte	0x50
ARM GAS  /tmp/cc9Yqsyg.s 			page 136


 7663 244d 02       		.uleb128 0x2
 7664 244e 74       		.byte	0x74
 7665 244f 00       		.sleb128 0
 7666 2450 01       		.uleb128 0x1
 7667 2451 01       		.uleb128 0x1
 7668 2452 51       		.byte	0x51
 7669 2453 02       		.uleb128 0x2
 7670 2454 76       		.byte	0x76
 7671 2455 00       		.sleb128 0
 7672 2456 00       		.byte	0
 7673 2457 11       		.uleb128 0x11
 7674 2458 2E000000 		.4byte	.LVL98
 7675 245c 58150000 		.4byte	0x1558
 7676 2460 01       		.uleb128 0x1
 7677 2461 01       		.uleb128 0x1
 7678 2462 50       		.byte	0x50
 7679 2463 05       		.uleb128 0x5
 7680 2464 03       		.byte	0x3
 7681 2465 00000000 		.4byte	__func__.2
 7682 2469 00       		.byte	0
 7683 246a 00       		.byte	0
 7684 246b 0C       		.uleb128 0xc
 7685 246c C2000000 		.4byte	0xc2
 7686 2470 7B240000 		.4byte	0x247b
 7687 2474 0D       		.uleb128 0xd
 7688 2475 2D000000 		.4byte	0x2d
 7689 2479 11       		.byte	0x11
 7690 247a 00       		.byte	0
 7691 247b 14       		.uleb128 0x14
 7692 247c 6B240000 		.4byte	0x246b
 7693 2480 38       		.uleb128 0x38
 7694 2481 78060000 		.4byte	.LASF313
 7695 2485 3102     		.2byte	0x231
 7696 2487 3A070000 		.4byte	0x73a
 7697 248b 00000000 		.4byte	.LFB238
 7698 248f 34000000 		.4byte	.LFE238-.LFB238
 7699 2493 01       		.uleb128 0x1
 7700 2494 9C       		.byte	0x9c
 7701 2495 06250000 		.4byte	0x2506
 7702 2499 13       		.uleb128 0x13
 7703 249a 1A080000 		.4byte	.LASF304
 7704 249e 3102     		.2byte	0x231
 7705 24a0 22       		.byte	0x22
 7706 24a1 940A0000 		.4byte	0xa94
 7707 24a5 86060000 		.4byte	.LLST42
 7708 24a9 82060000 		.4byte	.LVUS42
 7709 24ad 1A       		.uleb128 0x1a
 7710 24ae 657000   		.ascii	"ep\000"
 7711 24b1 3102     		.2byte	0x231
 7712 24b3 30       		.byte	0x30
 7713 24b4 4A090000 		.4byte	0x94a
 7714 24b8 9C060000 		.4byte	.LLST43
 7715 24bc 96060000 		.4byte	.LVUS43
 7716 24c0 1C       		.uleb128 0x1c
 7717 24c1 F1010000 		.4byte	.LASF307
 7718 24c5 16250000 		.4byte	0x2516
 7719 24c9 05       		.uleb128 0x5
ARM GAS  /tmp/cc9Yqsyg.s 			page 137


 7720 24ca 03       		.byte	0x3
 7721 24cb 00000000 		.4byte	__func__.3
 7722 24cf 08       		.uleb128 0x8
 7723 24d0 0A000000 		.4byte	.LVL88
 7724 24d4 22150000 		.4byte	0x1522
 7725 24d8 0E       		.uleb128 0xe
 7726 24d9 24000000 		.4byte	.LVL90
 7727 24dd 66140000 		.4byte	0x1466
 7728 24e1 F2240000 		.4byte	0x24f2
 7729 24e5 01       		.uleb128 0x1
 7730 24e6 01       		.uleb128 0x1
 7731 24e7 50       		.byte	0x50
 7732 24e8 02       		.uleb128 0x2
 7733 24e9 74       		.byte	0x74
 7734 24ea 00       		.sleb128 0
 7735 24eb 01       		.uleb128 0x1
 7736 24ec 01       		.uleb128 0x1
 7737 24ed 51       		.byte	0x51
 7738 24ee 02       		.uleb128 0x2
 7739 24ef 76       		.byte	0x76
 7740 24f0 00       		.sleb128 0
 7741 24f1 00       		.byte	0
 7742 24f2 11       		.uleb128 0x11
 7743 24f3 2E000000 		.4byte	.LVL92
 7744 24f7 58150000 		.4byte	0x1558
 7745 24fb 01       		.uleb128 0x1
 7746 24fc 01       		.uleb128 0x1
 7747 24fd 50       		.byte	0x50
 7748 24fe 05       		.uleb128 0x5
 7749 24ff 03       		.byte	0x3
 7750 2500 00000000 		.4byte	__func__.3
 7751 2504 00       		.byte	0
 7752 2505 00       		.byte	0
 7753 2506 0C       		.uleb128 0xc
 7754 2507 C2000000 		.4byte	0xc2
 7755 250b 16250000 		.4byte	0x2516
 7756 250f 0D       		.uleb128 0xd
 7757 2510 2D000000 		.4byte	0x2d
 7758 2514 10       		.byte	0x10
 7759 2515 00       		.byte	0
 7760 2516 14       		.uleb128 0x14
 7761 2517 06250000 		.4byte	0x2506
 7762 251b 39       		.uleb128 0x39
 7763 251c 9A0D0000 		.4byte	.LASF314
 7764 2520 1702     		.2byte	0x217
 7765 2522 3A070000 		.4byte	0x73a
 7766 2526 52250000 		.4byte	0x2552
 7767 252a 2B       		.uleb128 0x2b
 7768 252b 1A080000 		.4byte	.LASF304
 7769 252f 01       		.byte	0x1
 7770 2530 1702     		.2byte	0x217
 7771 2532 23       		.byte	0x23
 7772 2533 940A0000 		.4byte	0xa94
 7773 2537 23       		.uleb128 0x23
 7774 2538 657000   		.ascii	"ep\000"
 7775 253b 1702     		.2byte	0x217
 7776 253d 31       		.byte	0x31
ARM GAS  /tmp/cc9Yqsyg.s 			page 138


 7777 253e 4A090000 		.4byte	0x94a
 7778 2542 1C       		.uleb128 0x1c
 7779 2543 F1010000 		.4byte	.LASF307
 7780 2547 7B240000 		.4byte	0x247b
 7781 254b 05       		.uleb128 0x5
 7782 254c 03       		.byte	0x3
 7783 254d 00000000 		.4byte	__func__.4
 7784 2551 00       		.byte	0
 7785 2552 39       		.uleb128 0x39
 7786 2553 9F010000 		.4byte	.LASF315
 7787 2557 FB01     		.2byte	0x1fb
 7788 2559 3A070000 		.4byte	0x73a
 7789 255d 89250000 		.4byte	0x2589
 7790 2561 2B       		.uleb128 0x2b
 7791 2562 1A080000 		.4byte	.LASF304
 7792 2566 01       		.byte	0x1
 7793 2567 FB01     		.2byte	0x1fb
 7794 2569 22       		.byte	0x22
 7795 256a 940A0000 		.4byte	0xa94
 7796 256e 23       		.uleb128 0x23
 7797 256f 657000   		.ascii	"ep\000"
 7798 2572 FB01     		.2byte	0x1fb
 7799 2574 30       		.byte	0x30
 7800 2575 4A090000 		.4byte	0x94a
 7801 2579 1C       		.uleb128 0x1c
 7802 257a F1010000 		.4byte	.LASF307
 7803 257e 16250000 		.4byte	0x2516
 7804 2582 05       		.uleb128 0x5
 7805 2583 03       		.byte	0x3
 7806 2584 00000000 		.4byte	__func__.5
 7807 2588 00       		.byte	0
 7808 2589 17       		.uleb128 0x17
 7809 258a 2A020000 		.4byte	.LASF316
 7810 258e E101     		.2byte	0x1e1
 7811 2590 00000000 		.4byte	.LFB235
 7812 2594 1E000000 		.4byte	.LFE235-.LFB235
 7813 2598 01       		.uleb128 0x1
 7814 2599 9C       		.byte	0x9c
 7815 259a 24260000 		.4byte	0x2624
 7816 259e 13       		.uleb128 0x13
 7817 259f 1A080000 		.4byte	.LASF304
 7818 25a3 E101     		.2byte	0x1e1
 7819 25a5 2A       		.byte	0x2a
 7820 25a6 940A0000 		.4byte	0xa94
 7821 25aa BE060000 		.4byte	.LLST33
 7822 25ae BA060000 		.4byte	.LVUS33
 7823 25b2 1A       		.uleb128 0x1a
 7824 25b3 657000   		.ascii	"ep\000"
 7825 25b6 E101     		.2byte	0x1e1
 7826 25b8 38       		.byte	0x38
 7827 25b9 4A090000 		.4byte	0x94a
 7828 25bd DB060000 		.4byte	.LLST34
 7829 25c1 D7060000 		.4byte	.LVUS34
 7830 25c5 1A       		.uleb128 0x1a
 7831 25c6 6F717000 		.ascii	"oqp\000"
 7832 25ca E201     		.2byte	0x1e2
 7833 25cc 2F       		.byte	0x2f
ARM GAS  /tmp/cc9Yqsyg.s 			page 139


 7834 25cd D2100000 		.4byte	0x10d2
 7835 25d1 FC060000 		.4byte	.LLST35
 7836 25d5 F4060000 		.4byte	.LVUS35
 7837 25d9 1A       		.uleb128 0x1a
 7838 25da 6E00     		.ascii	"n\000"
 7839 25dc E201     		.2byte	0x1e2
 7840 25de 3B       		.byte	0x3b
 7841 25df 42000000 		.4byte	0x42
 7842 25e3 3D070000 		.4byte	.LLST36
 7843 25e7 35070000 		.4byte	.LVUS36
 7844 25eb 22       		.uleb128 0x22
 7845 25ec 69737000 		.ascii	"isp\000"
 7846 25f0 E301     		.2byte	0x1e3
 7847 25f2 17       		.byte	0x17
 7848 25f3 97120000 		.4byte	0x1297
 7849 25f7 7A070000 		.4byte	.LLST37
 7850 25fb 76070000 		.4byte	.LVUS37
 7851 25ff 27       		.uleb128 0x27
 7852 2600 1E000000 		.4byte	.LVL74
 7853 2604 AB140000 		.4byte	0x14ab
 7854 2608 01       		.uleb128 0x1
 7855 2609 01       		.uleb128 0x1
 7856 260a 50       		.byte	0x50
 7857 260b 09       		.uleb128 0x9
 7858 260c A3       		.byte	0xa3
 7859 260d 03       		.uleb128 0x3
 7860 260e A5       		.byte	0xa5
 7861 260f 00       		.uleb128 0
 7862 2610 26       		.uleb128 0x26
 7863 2611 A8       		.byte	0xa8
 7864 2612 2D       		.uleb128 0x2d
 7865 2613 A8       		.byte	0xa8
 7866 2614 00       		.uleb128 0
 7867 2615 01       		.uleb128 0x1
 7868 2616 01       		.uleb128 0x1
 7869 2617 51       		.byte	0x51
 7870 2618 09       		.uleb128 0x9
 7871 2619 A3       		.byte	0xa3
 7872 261a 03       		.uleb128 0x3
 7873 261b A5       		.byte	0xa5
 7874 261c 01       		.uleb128 0x1
 7875 261d 26       		.uleb128 0x26
 7876 261e A8       		.byte	0xa8
 7877 261f 34       		.uleb128 0x34
 7878 2620 A8       		.byte	0xa8
 7879 2621 00       		.uleb128 0
 7880 2622 00       		.byte	0
 7881 2623 00       		.byte	0
 7882 2624 17       		.uleb128 0x17
 7883 2625 D20E0000 		.4byte	.LASF317
 7884 2629 C701     		.2byte	0x1c7
 7885 262b 00000000 		.4byte	.LFB234
 7886 262f 1E000000 		.4byte	.LFE234-.LFB234
 7887 2633 01       		.uleb128 0x1
 7888 2634 9C       		.byte	0x9c
 7889 2635 BF260000 		.4byte	0x26bf
 7890 2639 13       		.uleb128 0x13
ARM GAS  /tmp/cc9Yqsyg.s 			page 140


 7891 263a 1A080000 		.4byte	.LASF304
 7892 263e C701     		.2byte	0x1c7
 7893 2640 29       		.byte	0x29
 7894 2641 940A0000 		.4byte	0xa94
 7895 2645 A0070000 		.4byte	.LLST28
 7896 2649 9C070000 		.4byte	.LVUS28
 7897 264d 1A       		.uleb128 0x1a
 7898 264e 657000   		.ascii	"ep\000"
 7899 2651 C701     		.2byte	0x1c7
 7900 2653 37       		.byte	0x37
 7901 2654 4A090000 		.4byte	0x94a
 7902 2658 BD070000 		.4byte	.LLST29
 7903 265c B9070000 		.4byte	.LVUS29
 7904 2660 1A       		.uleb128 0x1a
 7905 2661 69717000 		.ascii	"iqp\000"
 7906 2665 C801     		.2byte	0x1c8
 7907 2667 2D       		.byte	0x2d
 7908 2668 7C110000 		.4byte	0x117c
 7909 266c DE070000 		.4byte	.LLST30
 7910 2670 D6070000 		.4byte	.LVUS30
 7911 2674 1A       		.uleb128 0x1a
 7912 2675 6E00     		.ascii	"n\000"
 7913 2677 C801     		.2byte	0x1c8
 7914 2679 39       		.byte	0x39
 7915 267a 42000000 		.4byte	0x42
 7916 267e 1F080000 		.4byte	.LLST31
 7917 2682 17080000 		.4byte	.LVUS31
 7918 2686 22       		.uleb128 0x22
 7919 2687 6F737000 		.ascii	"osp\000"
 7920 268b C901     		.2byte	0x1c9
 7921 268d 18       		.byte	0x18
 7922 268e 9C120000 		.4byte	0x129c
 7923 2692 5C080000 		.4byte	.LLST32
 7924 2696 58080000 		.4byte	.LVUS32
 7925 269a 27       		.uleb128 0x27
 7926 269b 1E000000 		.4byte	.LVL68
 7927 269f C2140000 		.4byte	0x14c2
 7928 26a3 01       		.uleb128 0x1
 7929 26a4 01       		.uleb128 0x1
 7930 26a5 50       		.byte	0x50
 7931 26a6 09       		.uleb128 0x9
 7932 26a7 A3       		.byte	0xa3
 7933 26a8 03       		.uleb128 0x3
 7934 26a9 A5       		.byte	0xa5
 7935 26aa 00       		.uleb128 0
 7936 26ab 26       		.uleb128 0x26
 7937 26ac A8       		.byte	0xa8
 7938 26ad 2D       		.uleb128 0x2d
 7939 26ae A8       		.byte	0xa8
 7940 26af 00       		.uleb128 0
 7941 26b0 01       		.uleb128 0x1
 7942 26b1 01       		.uleb128 0x1
 7943 26b2 51       		.byte	0x51
 7944 26b3 09       		.uleb128 0x9
 7945 26b4 A3       		.byte	0xa3
 7946 26b5 03       		.uleb128 0x3
 7947 26b6 A5       		.byte	0xa5
ARM GAS  /tmp/cc9Yqsyg.s 			page 141


 7948 26b7 01       		.uleb128 0x1
 7949 26b8 26       		.uleb128 0x26
 7950 26b9 A8       		.byte	0xa8
 7951 26ba 34       		.uleb128 0x34
 7952 26bb A8       		.byte	0xa8
 7953 26bc 00       		.uleb128 0
 7954 26bd 00       		.byte	0
 7955 26be 00       		.byte	0
 7956 26bf 3A       		.uleb128 0x3a
 7957 26c0 96070000 		.4byte	.LASF318
 7958 26c4 AA01     		.2byte	0x1aa
 7959 26c6 05270000 		.4byte	0x2705
 7960 26ca 2B       		.uleb128 0x2b
 7961 26cb 1A080000 		.4byte	.LASF304
 7962 26cf 01       		.byte	0x1
 7963 26d0 AA01     		.2byte	0x1aa
 7964 26d2 24       		.byte	0x24
 7965 26d3 940A0000 		.4byte	0xa94
 7966 26d7 23       		.uleb128 0x23
 7967 26d8 657000   		.ascii	"ep\000"
 7968 26db AA01     		.2byte	0x1aa
 7969 26dd 32       		.byte	0x32
 7970 26de 4A090000 		.4byte	0x94a
 7971 26e2 23       		.uleb128 0x23
 7972 26e3 62756600 		.ascii	"buf\000"
 7973 26e7 AB01     		.2byte	0x1ab
 7974 26e9 28       		.byte	0x28
 7975 26ea 30070000 		.4byte	0x730
 7976 26ee 23       		.uleb128 0x23
 7977 26ef 6E00     		.ascii	"n\000"
 7978 26f1 AB01     		.2byte	0x1ab
 7979 26f3 34       		.byte	0x34
 7980 26f4 42000000 		.4byte	0x42
 7981 26f8 3B       		.uleb128 0x3b
 7982 26f9 69737000 		.ascii	"isp\000"
 7983 26fd AC01     		.2byte	0x1ac
 7984 26ff 17       		.byte	0x17
 7985 2700 97120000 		.4byte	0x1297
 7986 2704 00       		.byte	0
 7987 2705 3A       		.uleb128 0x3a
 7988 2706 BE0D0000 		.4byte	.LASF319
 7989 270a 9101     		.2byte	0x191
 7990 270c 4B270000 		.4byte	0x274b
 7991 2710 2B       		.uleb128 0x2b
 7992 2711 1A080000 		.4byte	.LASF304
 7993 2715 01       		.byte	0x1
 7994 2716 9101     		.2byte	0x191
 7995 2718 23       		.byte	0x23
 7996 2719 940A0000 		.4byte	0xa94
 7997 271d 23       		.uleb128 0x23
 7998 271e 657000   		.ascii	"ep\000"
 7999 2721 9101     		.2byte	0x191
 8000 2723 31       		.byte	0x31
 8001 2724 4A090000 		.4byte	0x94a
 8002 2728 23       		.uleb128 0x23
 8003 2729 62756600 		.ascii	"buf\000"
 8004 272d 9101     		.2byte	0x191
ARM GAS  /tmp/cc9Yqsyg.s 			page 142


 8005 272f 3E       		.byte	0x3e
 8006 2730 35070000 		.4byte	0x735
 8007 2734 23       		.uleb128 0x23
 8008 2735 6E00     		.ascii	"n\000"
 8009 2737 9101     		.2byte	0x191
 8010 2739 4A       		.byte	0x4a
 8011 273a 42000000 		.4byte	0x42
 8012 273e 3B       		.uleb128 0x3b
 8013 273f 6F737000 		.ascii	"osp\000"
 8014 2743 9201     		.2byte	0x192
 8015 2745 18       		.byte	0x18
 8016 2746 9C120000 		.4byte	0x129c
 8017 274a 00       		.byte	0
 8018 274b 17       		.uleb128 0x17
 8019 274c D4050000 		.4byte	.LASF320
 8020 2750 7401     		.2byte	0x174
 8021 2752 00000000 		.4byte	.LFB231
 8022 2756 3C000000 		.4byte	.LFE231-.LFB231
 8023 275a 01       		.uleb128 0x1
 8024 275b 9C       		.byte	0x9c
 8025 275c E4270000 		.4byte	0x27e4
 8026 2760 13       		.uleb128 0x13
 8027 2761 1A080000 		.4byte	.LASF304
 8028 2765 7401     		.2byte	0x174
 8029 2767 26       		.byte	0x26
 8030 2768 940A0000 		.4byte	0xa94
 8031 276c 88080000 		.4byte	.LLST16
 8032 2770 7E080000 		.4byte	.LVUS16
 8033 2774 22       		.uleb128 0x22
 8034 2775 6900     		.ascii	"i\000"
 8035 2777 7501     		.2byte	0x175
 8036 2779 0C       		.byte	0xc
 8037 277a 2D000000 		.4byte	0x2d
 8038 277e B6080000 		.4byte	.LLST17
 8039 2782 B0080000 		.4byte	.LVUS17
 8040 2786 1C       		.uleb128 0x1c
 8041 2787 F1010000 		.4byte	.LASF307
 8042 278b F4270000 		.4byte	0x27f4
 8043 278f 05       		.uleb128 0x5
 8044 2790 03       		.byte	0x3
 8045 2791 00000000 		.4byte	__func__.6
 8046 2795 08       		.uleb128 0x8
 8047 2796 08000000 		.4byte	.LVL46
 8048 279a 22150000 		.4byte	0x1522
 8049 279e 0E       		.uleb128 0xe
 8050 279f 16000000 		.4byte	.LVL47
 8051 27a3 58150000 		.4byte	0x1558
 8052 27a7 B5270000 		.4byte	0x27b5
 8053 27ab 01       		.uleb128 0x1
 8054 27ac 01       		.uleb128 0x1
 8055 27ad 50       		.byte	0x50
 8056 27ae 05       		.uleb128 0x5
 8057 27af 03       		.byte	0x3
 8058 27b0 00000000 		.4byte	__func__.6
 8059 27b4 00       		.byte	0
 8060 27b5 3C       		.uleb128 0x3c
 8061 27b6 30000000 		.4byte	.LVL51
ARM GAS  /tmp/cc9Yqsyg.s 			page 143


 8062 27ba D9140000 		.4byte	0x14d9
 8063 27be D0270000 		.4byte	0x27d0
 8064 27c2 01       		.uleb128 0x1
 8065 27c3 01       		.uleb128 0x1
 8066 27c4 50       		.byte	0x50
 8067 27c5 09       		.uleb128 0x9
 8068 27c6 A3       		.byte	0xa3
 8069 27c7 03       		.uleb128 0x3
 8070 27c8 A5       		.byte	0xa5
 8071 27c9 00       		.uleb128 0
 8072 27ca 26       		.uleb128 0x26
 8073 27cb A8       		.byte	0xa8
 8074 27cc 2D       		.uleb128 0x2d
 8075 27cd A8       		.byte	0xa8
 8076 27ce 00       		.uleb128 0
 8077 27cf 00       		.byte	0
 8078 27d0 11       		.uleb128 0x11
 8079 27d1 36000000 		.4byte	.LVL52
 8080 27d5 58150000 		.4byte	0x1558
 8081 27d9 01       		.uleb128 0x1
 8082 27da 01       		.uleb128 0x1
 8083 27db 50       		.byte	0x50
 8084 27dc 05       		.uleb128 0x5
 8085 27dd 03       		.byte	0x3
 8086 27de 00000000 		.4byte	__func__.6
 8087 27e2 00       		.byte	0
 8088 27e3 00       		.byte	0
 8089 27e4 0C       		.uleb128 0xc
 8090 27e5 C2000000 		.4byte	0xc2
 8091 27e9 F4270000 		.4byte	0x27f4
 8092 27ed 0D       		.uleb128 0xd
 8093 27ee 2D000000 		.4byte	0x2d
 8094 27f2 14       		.byte	0x14
 8095 27f3 00       		.byte	0
 8096 27f4 14       		.uleb128 0x14
 8097 27f5 E4270000 		.4byte	0x27e4
 8098 27f9 17       		.uleb128 0x17
 8099 27fa 3A0C0000 		.4byte	.LASF321
 8100 27fe 5201     		.2byte	0x152
 8101 2800 00000000 		.4byte	.LFB230
 8102 2804 64000000 		.4byte	.LFE230-.LFB230
 8103 2808 01       		.uleb128 0x1
 8104 2809 9C       		.byte	0x9c
 8105 280a CB280000 		.4byte	0x28cb
 8106 280e 13       		.uleb128 0x13
 8107 280f 1A080000 		.4byte	.LASF304
 8108 2813 5201     		.2byte	0x152
 8109 2815 22       		.byte	0x22
 8110 2816 940A0000 		.4byte	0xa94
 8111 281a D8080000 		.4byte	.LLST13
 8112 281e CE080000 		.4byte	.LVUS13
 8113 2822 1A       		.uleb128 0x1a
 8114 2823 657000   		.ascii	"ep\000"
 8115 2826 5201     		.2byte	0x152
 8116 2828 30       		.byte	0x30
 8117 2829 4A090000 		.4byte	0x94a
 8118 282d 08090000 		.4byte	.LLST14
ARM GAS  /tmp/cc9Yqsyg.s 			page 144


 8119 2831 00090000 		.4byte	.LVUS14
 8120 2835 13       		.uleb128 0x13
 8121 2836 31100000 		.4byte	.LASF322
 8122 283a 5301     		.2byte	0x153
 8123 283c 30       		.byte	0x30
 8124 283d 1D130000 		.4byte	0x131d
 8125 2841 35090000 		.4byte	.LLST15
 8126 2845 2B090000 		.4byte	.LVUS15
 8127 2849 1C       		.uleb128 0x1c
 8128 284a F1010000 		.4byte	.LASF307
 8129 284e 16250000 		.4byte	0x2516
 8130 2852 05       		.uleb128 0x5
 8131 2853 03       		.byte	0x3
 8132 2854 00000000 		.4byte	__func__.7
 8133 2858 08       		.uleb128 0x8
 8134 2859 0C000000 		.4byte	.LVL39
 8135 285d 22150000 		.4byte	0x1522
 8136 2861 0E       		.uleb128 0xe
 8137 2862 1C000000 		.4byte	.LVL40
 8138 2866 58150000 		.4byte	0x1558
 8139 286a 78280000 		.4byte	0x2878
 8140 286e 01       		.uleb128 0x1
 8141 286f 01       		.uleb128 0x1
 8142 2870 50       		.byte	0x50
 8143 2871 05       		.uleb128 0x5
 8144 2872 03       		.byte	0x3
 8145 2873 00000000 		.4byte	__func__.7
 8146 2877 00       		.byte	0
 8147 2878 0E       		.uleb128 0xe
 8148 2879 2A000000 		.4byte	.LVL41
 8149 287d 58150000 		.4byte	0x1558
 8150 2881 8F280000 		.4byte	0x288f
 8151 2885 01       		.uleb128 0x1
 8152 2886 01       		.uleb128 0x1
 8153 2887 50       		.byte	0x50
 8154 2888 05       		.uleb128 0x5
 8155 2889 03       		.byte	0x3
 8156 288a 00000000 		.4byte	__func__.7
 8157 288e 00       		.byte	0
 8158 288f 3C       		.uleb128 0x3c
 8159 2890 58000000 		.4byte	.LVL43
 8160 2894 EB140000 		.4byte	0x14eb
 8161 2898 B7280000 		.4byte	0x28b7
 8162 289c 01       		.uleb128 0x1
 8163 289d 01       		.uleb128 0x1
 8164 289e 50       		.byte	0x50
 8165 289f 09       		.uleb128 0x9
 8166 28a0 A3       		.byte	0xa3
 8167 28a1 03       		.uleb128 0x3
 8168 28a2 A5       		.byte	0xa5
 8169 28a3 00       		.uleb128 0
 8170 28a4 26       		.uleb128 0x26
 8171 28a5 A8       		.byte	0xa8
 8172 28a6 2D       		.uleb128 0x2d
 8173 28a7 A8       		.byte	0xa8
 8174 28a8 00       		.uleb128 0
 8175 28a9 01       		.uleb128 0x1
ARM GAS  /tmp/cc9Yqsyg.s 			page 145


 8176 28aa 01       		.uleb128 0x1
 8177 28ab 51       		.byte	0x51
 8178 28ac 09       		.uleb128 0x9
 8179 28ad A3       		.byte	0xa3
 8180 28ae 03       		.uleb128 0x3
 8181 28af A5       		.byte	0xa5
 8182 28b0 01       		.uleb128 0x1
 8183 28b1 26       		.uleb128 0x26
 8184 28b2 A8       		.byte	0xa8
 8185 28b3 34       		.uleb128 0x34
 8186 28b4 A8       		.byte	0xa8
 8187 28b5 00       		.uleb128 0
 8188 28b6 00       		.byte	0
 8189 28b7 11       		.uleb128 0x11
 8190 28b8 5E000000 		.4byte	.LVL44
 8191 28bc 58150000 		.4byte	0x1558
 8192 28c0 01       		.uleb128 0x1
 8193 28c1 01       		.uleb128 0x1
 8194 28c2 50       		.byte	0x50
 8195 28c3 05       		.uleb128 0x5
 8196 28c4 03       		.byte	0x3
 8197 28c5 00000000 		.4byte	__func__.7
 8198 28c9 00       		.byte	0
 8199 28ca 00       		.byte	0
 8200 28cb 17       		.uleb128 0x17
 8201 28cc 7B050000 		.4byte	.LASF323
 8202 28d0 3701     		.2byte	0x137
 8203 28d2 00000000 		.4byte	.LFB229
 8204 28d6 6C000000 		.4byte	.LFE229-.LFB229
 8205 28da 01       		.uleb128 0x1
 8206 28db 9C       		.byte	0x9c
 8207 28dc 432A0000 		.4byte	0x2a43
 8208 28e0 13       		.uleb128 0x13
 8209 28e1 1A080000 		.4byte	.LASF304
 8210 28e5 3701     		.2byte	0x137
 8211 28e7 19       		.byte	0x19
 8212 28e8 940A0000 		.4byte	0xa94
 8213 28ec 6D090000 		.4byte	.LLST8
 8214 28f0 65090000 		.4byte	.LVUS8
 8215 28f4 1C       		.uleb128 0x1c
 8216 28f5 F1010000 		.4byte	.LASF307
 8217 28f9 532A0000 		.4byte	0x2a53
 8218 28fd 05       		.uleb128 0x5
 8219 28fe 03       		.byte	0x3
 8220 28ff 00000000 		.4byte	__func__.8
 8221 2903 0B       		.uleb128 0xb
 8222 2904 DC2C0000 		.4byte	0x2cdc
 8223 2908 06000000 		.4byte	.LBI229
 8224 290c 0200     		.2byte	.LVU119
 8225 290e 06000000 		.4byte	.LBB229
 8226 2912 0A000000 		.4byte	.LBE229-.LBB229
 8227 2916 01       		.byte	0x1
 8228 2917 3B01     		.2byte	0x13b
 8229 2919 03       		.byte	0x3
 8230 291a 7F290000 		.4byte	0x297f
 8231 291e 0A       		.uleb128 0xa
 8232 291f 112D0000 		.4byte	0x2d11
ARM GAS  /tmp/cc9Yqsyg.s 			page 146


 8233 2923 06000000 		.4byte	.LBI230
 8234 2927 0400     		.2byte	.LVU121
 8235 2929 06000000 		.4byte	.LBB230
 8236 292d 0A000000 		.4byte	.LBE230-.LBB230
 8237 2931 02       		.byte	0x2
 8238 2932 ED01     		.2byte	0x1ed
 8239 2934 0B       		.uleb128 0xb
 8240 2935 312D0000 		.4byte	0x2d31
 8241 2939 06000000 		.4byte	.LBI232
 8242 293d 0600     		.2byte	.LVU123
 8243 293f 06000000 		.4byte	.LBB232
 8244 2943 06000000 		.4byte	.LBE232-.LBB232
 8245 2947 03       		.byte	0x3
 8246 2948 5C01     		.2byte	0x15c
 8247 294a 03       		.byte	0x3
 8248 294b 74290000 		.4byte	0x2974
 8249 294f 0A       		.uleb128 0xa
 8250 2950 392D0000 		.4byte	0x2d39
 8251 2954 06000000 		.4byte	.LBI233
 8252 2958 0800     		.2byte	.LVU125
 8253 295a 06000000 		.4byte	.LBB233
 8254 295e 06000000 		.4byte	.LBE233-.LBB233
 8255 2962 04       		.byte	0x4
 8256 2963 BF01     		.2byte	0x1bf
 8257 2965 03       		.uleb128 0x3
 8258 2966 462D0000 		.4byte	0x2d46
 8259 296a 89090000 		.4byte	.LLST9
 8260 296e 87090000 		.4byte	.LVUS9
 8261 2972 00       		.byte	0
 8262 2973 00       		.byte	0
 8263 2974 08       		.uleb128 0x8
 8264 2975 10000000 		.4byte	.LVL25
 8265 2979 40150000 		.4byte	0x1540
 8266 297d 00       		.byte	0
 8267 297e 00       		.byte	0
 8268 297f 18       		.uleb128 0x18
 8269 2980 D42C0000 		.4byte	0x2cd4
 8270 2984 22000000 		.4byte	.LBI235
 8271 2988 0100     		.2byte	.LVU138
 8272 298a 24000000 		.4byte	.LLRL10
 8273 298e 01       		.byte	0x1
 8274 298f 4201     		.2byte	0x142
 8275 2991 03       		.byte	0x3
 8276 2992 042A0000 		.4byte	0x2a04
 8277 2996 25       		.uleb128 0x25
 8278 2997 F42C0000 		.4byte	0x2cf4
 8279 299b 22000000 		.4byte	.LBI236
 8280 299f 0300     		.2byte	.LVU140
 8281 29a1 24000000 		.4byte	.LLRL10
 8282 29a5 02       		.byte	0x2
 8283 29a6 F801     		.2byte	0x1f8
 8284 29a8 20       		.uleb128 0x20
 8285 29a9 24000000 		.4byte	.LLRL10
 8286 29ad 18       		.uleb128 0x18
 8287 29ae 292D0000 		.4byte	0x2d29
 8288 29b2 38000000 		.4byte	.LBI238
 8289 29b6 0200     		.2byte	.LVU149
ARM GAS  /tmp/cc9Yqsyg.s 			page 147


 8290 29b8 30000000 		.4byte	.LLRL11
 8291 29bc 03       		.byte	0x3
 8292 29bd 7301     		.2byte	0x173
 8293 29bf 03       		.byte	0x3
 8294 29c0 E5290000 		.4byte	0x29e5
 8295 29c4 25       		.uleb128 0x25
 8296 29c5 392D0000 		.4byte	0x2d39
 8297 29c9 38000000 		.4byte	.LBI239
 8298 29cd 0400     		.2byte	.LVU151
 8299 29cf 30000000 		.4byte	.LLRL11
 8300 29d3 04       		.byte	0x4
 8301 29d4 CD01     		.2byte	0x1cd
 8302 29d6 03       		.uleb128 0x3
 8303 29d7 462D0000 		.4byte	0x2d46
 8304 29db 98090000 		.4byte	.LLST12
 8305 29df 94090000 		.4byte	.LVUS12
 8306 29e3 00       		.byte	0
 8307 29e4 00       		.byte	0
 8308 29e5 08       		.uleb128 0x8
 8309 29e6 26000000 		.4byte	.LVL27
 8310 29ea 3A150000 		.4byte	0x153a
 8311 29ee 11       		.uleb128 0x11
 8312 29ef 46000000 		.4byte	.LVL31
 8313 29f3 58150000 		.4byte	0x1558
 8314 29f7 01       		.uleb128 0x1
 8315 29f8 01       		.uleb128 0x1
 8316 29f9 50       		.byte	0x50
 8317 29fa 05       		.uleb128 0x5
 8318 29fb 03       		.byte	0x3
 8319 29fc 00000000 		.4byte	__func__.9
 8320 2a00 00       		.byte	0
 8321 2a01 00       		.byte	0
 8322 2a02 00       		.byte	0
 8323 2a03 00       		.byte	0
 8324 2a04 0E       		.uleb128 0xe
 8325 2a05 1E000000 		.4byte	.LVL26
 8326 2a09 28150000 		.4byte	0x1528
 8327 2a0d 182A0000 		.4byte	0x2a18
 8328 2a11 01       		.uleb128 0x1
 8329 2a12 01       		.uleb128 0x1
 8330 2a13 50       		.byte	0x50
 8331 2a14 02       		.uleb128 0x2
 8332 2a15 74       		.byte	0x74
 8333 2a16 00       		.sleb128 0
 8334 2a17 00       		.byte	0
 8335 2a18 0E       		.uleb128 0xe
 8336 2a19 54000000 		.4byte	.LVL34
 8337 2a1d 58150000 		.4byte	0x1558
 8338 2a21 2F2A0000 		.4byte	0x2a2f
 8339 2a25 01       		.uleb128 0x1
 8340 2a26 01       		.uleb128 0x1
 8341 2a27 50       		.byte	0x50
 8342 2a28 05       		.uleb128 0x5
 8343 2a29 03       		.byte	0x3
 8344 2a2a 00000000 		.4byte	__func__.8
 8345 2a2e 00       		.byte	0
 8346 2a2f 11       		.uleb128 0x11
ARM GAS  /tmp/cc9Yqsyg.s 			page 148


 8347 2a30 5C000000 		.4byte	.LVL37
 8348 2a34 58150000 		.4byte	0x1558
 8349 2a38 01       		.uleb128 0x1
 8350 2a39 01       		.uleb128 0x1
 8351 2a3a 50       		.byte	0x50
 8352 2a3b 05       		.uleb128 0x5
 8353 2a3c 03       		.byte	0x3
 8354 2a3d 00000000 		.4byte	__func__.8
 8355 2a41 00       		.byte	0
 8356 2a42 00       		.byte	0
 8357 2a43 0C       		.uleb128 0xc
 8358 2a44 C2000000 		.4byte	0xc2
 8359 2a48 532A0000 		.4byte	0x2a53
 8360 2a4c 0D       		.uleb128 0xd
 8361 2a4d 2D000000 		.4byte	0x2d
 8362 2a51 07       		.byte	0x7
 8363 2a52 00       		.byte	0
 8364 2a53 14       		.uleb128 0x14
 8365 2a54 432A0000 		.4byte	0x2a43
 8366 2a58 17       		.uleb128 0x17
 8367 2a59 300D0000 		.4byte	.LASF324
 8368 2a5d 1F01     		.2byte	0x11f
 8369 2a5f 00000000 		.4byte	.LFB228
 8370 2a63 78000000 		.4byte	.LFE228-.LFB228
 8371 2a67 01       		.uleb128 0x1
 8372 2a68 9C       		.byte	0x9c
 8373 2a69 F62B0000 		.4byte	0x2bf6
 8374 2a6d 13       		.uleb128 0x13
 8375 2a6e 1A080000 		.4byte	.LASF304
 8376 2a72 1F01     		.2byte	0x11f
 8377 2a74 1A       		.byte	0x1a
 8378 2a75 940A0000 		.4byte	0xa94
 8379 2a79 B2090000 		.4byte	.LLST1
 8380 2a7d AA090000 		.4byte	.LVUS1
 8381 2a81 13       		.uleb128 0x13
 8382 2a82 15020000 		.4byte	.LASF112
 8383 2a86 1F01     		.2byte	0x11f
 8384 2a88 31       		.byte	0x31
 8385 2a89 08130000 		.4byte	0x1308
 8386 2a8d D4090000 		.4byte	.LLST2
 8387 2a91 CC090000 		.4byte	.LVUS2
 8388 2a95 22       		.uleb128 0x22
 8389 2a96 6900     		.ascii	"i\000"
 8390 2a98 2001     		.2byte	0x120
 8391 2a9a 0C       		.byte	0xc
 8392 2a9b 2D000000 		.4byte	0x2d
 8393 2a9f F8090000 		.4byte	.LLST3
 8394 2aa3 EE090000 		.4byte	.LVUS3
 8395 2aa7 1C       		.uleb128 0x1c
 8396 2aa8 F1010000 		.4byte	.LASF307
 8397 2aac 062C0000 		.4byte	0x2c06
 8398 2ab0 05       		.uleb128 0x5
 8399 2ab1 03       		.byte	0x3
 8400 2ab2 00000000 		.4byte	__func__.10
 8401 2ab6 0B       		.uleb128 0xb
 8402 2ab7 DC2C0000 		.4byte	0x2cdc
 8403 2abb 0A000000 		.4byte	.LBI198
ARM GAS  /tmp/cc9Yqsyg.s 			page 149


 8404 2abf 0200     		.2byte	.LVU44
 8405 2ac1 0A000000 		.4byte	.LBB198
 8406 2ac5 0A000000 		.4byte	.LBE198-.LBB198
 8407 2ac9 01       		.byte	0x1
 8408 2aca 2401     		.2byte	0x124
 8409 2acc 03       		.byte	0x3
 8410 2acd 322B0000 		.4byte	0x2b32
 8411 2ad1 0A       		.uleb128 0xa
 8412 2ad2 112D0000 		.4byte	0x2d11
 8413 2ad6 0A000000 		.4byte	.LBI199
 8414 2ada 0400     		.2byte	.LVU46
 8415 2adc 0A000000 		.4byte	.LBB199
 8416 2ae0 0A000000 		.4byte	.LBE199-.LBB199
 8417 2ae4 02       		.byte	0x2
 8418 2ae5 ED01     		.2byte	0x1ed
 8419 2ae7 0B       		.uleb128 0xb
 8420 2ae8 312D0000 		.4byte	0x2d31
 8421 2aec 0A000000 		.4byte	.LBI201
 8422 2af0 0600     		.2byte	.LVU48
 8423 2af2 0A000000 		.4byte	.LBB201
 8424 2af6 06000000 		.4byte	.LBE201-.LBB201
 8425 2afa 03       		.byte	0x3
 8426 2afb 5C01     		.2byte	0x15c
 8427 2afd 03       		.byte	0x3
 8428 2afe 272B0000 		.4byte	0x2b27
 8429 2b02 0A       		.uleb128 0xa
 8430 2b03 392D0000 		.4byte	0x2d39
 8431 2b07 0A000000 		.4byte	.LBI202
 8432 2b0b 0800     		.2byte	.LVU50
 8433 2b0d 0A000000 		.4byte	.LBB202
 8434 2b11 06000000 		.4byte	.LBE202-.LBB202
 8435 2b15 04       		.byte	0x4
 8436 2b16 BF01     		.2byte	0x1bf
 8437 2b18 03       		.uleb128 0x3
 8438 2b19 462D0000 		.4byte	0x2d46
 8439 2b1d 1E0A0000 		.4byte	.LLST4
 8440 2b21 1C0A0000 		.4byte	.LVUS4
 8441 2b25 00       		.byte	0
 8442 2b26 00       		.byte	0
 8443 2b27 08       		.uleb128 0x8
 8444 2b28 14000000 		.4byte	.LVL9
 8445 2b2c 40150000 		.4byte	0x1540
 8446 2b30 00       		.byte	0
 8447 2b31 00       		.byte	0
 8448 2b32 18       		.uleb128 0x18
 8449 2b33 D42C0000 		.4byte	0x2cd4
 8450 2b37 38000000 		.4byte	.LBI204
 8451 2b3b 0100     		.2byte	.LVU82
 8452 2b3d 0C000000 		.4byte	.LLRL5
 8453 2b41 01       		.byte	0x1
 8454 2b42 2D01     		.2byte	0x12d
 8455 2b44 03       		.byte	0x3
 8456 2b45 B72B0000 		.4byte	0x2bb7
 8457 2b49 25       		.uleb128 0x25
 8458 2b4a F42C0000 		.4byte	0x2cf4
 8459 2b4e 38000000 		.4byte	.LBI205
 8460 2b52 0300     		.2byte	.LVU84
ARM GAS  /tmp/cc9Yqsyg.s 			page 150


 8461 2b54 0C000000 		.4byte	.LLRL5
 8462 2b58 02       		.byte	0x2
 8463 2b59 F801     		.2byte	0x1f8
 8464 2b5b 20       		.uleb128 0x20
 8465 2b5c 0C000000 		.4byte	.LLRL5
 8466 2b60 18       		.uleb128 0x18
 8467 2b61 292D0000 		.4byte	0x2d29
 8468 2b65 4E000000 		.4byte	.LBI207
 8469 2b69 0200     		.2byte	.LVU93
 8470 2b6b 18000000 		.4byte	.LLRL6
 8471 2b6f 03       		.byte	0x3
 8472 2b70 7301     		.2byte	0x173
 8473 2b72 03       		.byte	0x3
 8474 2b73 982B0000 		.4byte	0x2b98
 8475 2b77 25       		.uleb128 0x25
 8476 2b78 392D0000 		.4byte	0x2d39
 8477 2b7c 4E000000 		.4byte	.LBI208
 8478 2b80 0400     		.2byte	.LVU95
 8479 2b82 18000000 		.4byte	.LLRL6
 8480 2b86 04       		.byte	0x4
 8481 2b87 CD01     		.2byte	0x1cd
 8482 2b89 03       		.uleb128 0x3
 8483 2b8a 462D0000 		.4byte	0x2d46
 8484 2b8e 2D0A0000 		.4byte	.LLST7
 8485 2b92 290A0000 		.4byte	.LVUS7
 8486 2b96 00       		.byte	0
 8487 2b97 00       		.byte	0
 8488 2b98 08       		.uleb128 0x8
 8489 2b99 3C000000 		.4byte	.LVL13
 8490 2b9d 3A150000 		.4byte	0x153a
 8491 2ba1 11       		.uleb128 0x11
 8492 2ba2 5C000000 		.4byte	.LVL17
 8493 2ba6 58150000 		.4byte	0x1558
 8494 2baa 01       		.uleb128 0x1
 8495 2bab 01       		.uleb128 0x1
 8496 2bac 50       		.byte	0x50
 8497 2bad 05       		.uleb128 0x5
 8498 2bae 03       		.byte	0x3
 8499 2baf 00000000 		.4byte	__func__.9
 8500 2bb3 00       		.byte	0
 8501 2bb4 00       		.byte	0
 8502 2bb5 00       		.byte	0
 8503 2bb6 00       		.byte	0
 8504 2bb7 0E       		.uleb128 0xe
 8505 2bb8 22000000 		.4byte	.LVL10
 8506 2bbc 58150000 		.4byte	0x1558
 8507 2bc0 CE2B0000 		.4byte	0x2bce
 8508 2bc4 01       		.uleb128 0x1
 8509 2bc5 01       		.uleb128 0x1
 8510 2bc6 50       		.byte	0x50
 8511 2bc7 05       		.uleb128 0x5
 8512 2bc8 03       		.byte	0x3
 8513 2bc9 00000000 		.4byte	__func__.10
 8514 2bcd 00       		.byte	0
 8515 2bce 0E       		.uleb128 0xe
 8516 2bcf 34000000 		.4byte	.LVL12
 8517 2bd3 46150000 		.4byte	0x1546
ARM GAS  /tmp/cc9Yqsyg.s 			page 151


 8518 2bd7 E22B0000 		.4byte	0x2be2
 8519 2bdb 01       		.uleb128 0x1
 8520 2bdc 01       		.uleb128 0x1
 8521 2bdd 50       		.byte	0x50
 8522 2bde 02       		.uleb128 0x2
 8523 2bdf 74       		.byte	0x74
 8524 2be0 00       		.sleb128 0
 8525 2be1 00       		.byte	0
 8526 2be2 11       		.uleb128 0x11
 8527 2be3 6A000000 		.4byte	.LVL21
 8528 2be7 58150000 		.4byte	0x1558
 8529 2beb 01       		.uleb128 0x1
 8530 2bec 01       		.uleb128 0x1
 8531 2bed 50       		.byte	0x50
 8532 2bee 05       		.uleb128 0x5
 8533 2bef 03       		.byte	0x3
 8534 2bf0 00000000 		.4byte	__func__.10
 8535 2bf4 00       		.byte	0
 8536 2bf5 00       		.byte	0
 8537 2bf6 0C       		.uleb128 0xc
 8538 2bf7 C2000000 		.4byte	0xc2
 8539 2bfb 062C0000 		.4byte	0x2c06
 8540 2bff 0D       		.uleb128 0xd
 8541 2c00 2D000000 		.4byte	0x2d
 8542 2c04 08       		.byte	0x8
 8543 2c05 00       		.byte	0
 8544 2c06 14       		.uleb128 0x14
 8545 2c07 F62B0000 		.4byte	0x2bf6
 8546 2c0b 17       		.uleb128 0x17
 8547 2c0c BD030000 		.4byte	.LASF325
 8548 2c10 0A01     		.2byte	0x10a
 8549 2c12 00000000 		.4byte	.LFB227
 8550 2c16 18000000 		.4byte	.LFE227-.LFB227
 8551 2c1a 01       		.uleb128 0x1
 8552 2c1b 9C       		.byte	0x9c
 8553 2c1c 422C0000 		.4byte	0x2c42
 8554 2c20 4D       		.uleb128 0x4d
 8555 2c21 1A080000 		.4byte	.LASF304
 8556 2c25 01       		.byte	0x1
 8557 2c26 0A01     		.2byte	0x10a
 8558 2c28 1F       		.byte	0x1f
 8559 2c29 940A0000 		.4byte	0xa94
 8560 2c2d 01       		.uleb128 0x1
 8561 2c2e 50       		.byte	0x50
 8562 2c2f 22       		.uleb128 0x22
 8563 2c30 6900     		.ascii	"i\000"
 8564 2c32 0B01     		.2byte	0x10b
 8565 2c34 0C       		.byte	0xc
 8566 2c35 2D000000 		.4byte	0x2d
 8567 2c39 470A0000 		.4byte	.LLST0
 8568 2c3d 3F0A0000 		.4byte	.LVUS0
 8569 2c41 00       		.byte	0
 8570 2c42 4E       		.uleb128 0x4e
 8571 2c43 3B0B0000 		.4byte	.LASF326
 8572 2c47 01       		.byte	0x1
 8573 2c48 FE       		.byte	0xfe
 8574 2c49 06       		.byte	0x6
ARM GAS  /tmp/cc9Yqsyg.s 			page 152


 8575 2c4a 00000000 		.4byte	.LFB226
 8576 2c4e 04000000 		.4byte	.LFE226-.LFB226
 8577 2c52 01       		.uleb128 0x1
 8578 2c53 9C       		.byte	0x9c
 8579 2c54 622C0000 		.4byte	0x2c62
 8580 2c58 4F       		.uleb128 0x4f
 8581 2c59 04000000 		.4byte	.LVL0
 8582 2c5d 6A150000 		.4byte	0x156a
 8583 2c61 00       		.byte	0
 8584 2c62 3D       		.uleb128 0x3d
 8585 2c63 FA0C0000 		.4byte	.LASF327
 8586 2c67 54       		.byte	0x54
 8587 2c68 0D       		.byte	0xd
 8588 2c69 3A070000 		.4byte	0x73a
 8589 2c6d 872C0000 		.4byte	0x2c87
 8590 2c71 3E       		.uleb128 0x3e
 8591 2c72 1A080000 		.4byte	.LASF304
 8592 2c76 54       		.byte	0x54
 8593 2c77 28       		.byte	0x28
 8594 2c78 940A0000 		.4byte	0xa94
 8595 2c7c 3F       		.uleb128 0x3f
 8596 2c7d 647000   		.ascii	"dp\000"
 8597 2c80 55       		.byte	0x55
 8598 2c81 18       		.byte	0x18
 8599 2c82 2E0B0000 		.4byte	0xb2e
 8600 2c86 00       		.byte	0
 8601 2c87 50       		.uleb128 0x50
 8602 2c88 0A0D0000 		.4byte	.LASF335
 8603 2c8c 01       		.byte	0x1
 8604 2c8d 40       		.byte	0x40
 8605 2c8e 0D       		.byte	0xd
 8606 2c8f 01       		.byte	0x1
 8607 2c90 A02C0000 		.4byte	0x2ca0
 8608 2c94 3E       		.uleb128 0x3e
 8609 2c95 1A080000 		.4byte	.LASF304
 8610 2c99 40       		.byte	0x40
 8611 2c9a 24       		.byte	0x24
 8612 2c9b 940A0000 		.4byte	0xa94
 8613 2c9f 00       		.byte	0
 8614 2ca0 3D       		.uleb128 0x3d
 8615 2ca1 E2030000 		.4byte	.LASF328
 8616 2ca5 33       		.byte	0x33
 8617 2ca6 11       		.byte	0x11
 8618 2ca7 E2000000 		.4byte	0xe2
 8619 2cab C42C0000 		.4byte	0x2cc4
 8620 2caf 51       		.uleb128 0x51
 8621 2cb0 7000     		.ascii	"p\000"
 8622 2cb2 01       		.byte	0x1
 8623 2cb3 33       		.byte	0x33
 8624 2cb4 24       		.byte	0x24
 8625 2cb5 35070000 		.4byte	0x735
 8626 2cb9 3F       		.uleb128 0x3f
 8627 2cba 687700   		.ascii	"hw\000"
 8628 2cbd 34       		.byte	0x34
 8629 2cbe 0C       		.byte	0xc
 8630 2cbf E2000000 		.4byte	0xe2
 8631 2cc3 00       		.byte	0
ARM GAS  /tmp/cc9Yqsyg.s 			page 153


 8632 2cc4 1D       		.uleb128 0x1d
 8633 2cc5 64040000 		.4byte	.LASF329
 8634 2cc9 02       		.byte	0x2
 8635 2cca 0C02     		.2byte	0x20c
 8636 2ccc 1D       		.uleb128 0x1d
 8637 2ccd 79020000 		.4byte	.LASF330
 8638 2cd1 02       		.byte	0x2
 8639 2cd2 0102     		.2byte	0x201
 8640 2cd4 1D       		.uleb128 0x1d
 8641 2cd5 9E020000 		.4byte	.LASF331
 8642 2cd9 02       		.byte	0x2
 8643 2cda F601     		.2byte	0x1f6
 8644 2cdc 1D       		.uleb128 0x1d
 8645 2cdd F4030000 		.4byte	.LASF332
 8646 2ce1 02       		.byte	0x2
 8647 2ce2 EB01     		.2byte	0x1eb
 8648 2ce4 1D       		.uleb128 0x1d
 8649 2ce5 8E040000 		.4byte	.LASF333
 8650 2ce9 03       		.byte	0x3
 8651 2cea 9601     		.2byte	0x196
 8652 2cec 1D       		.uleb128 0x1d
 8653 2ced 56030000 		.4byte	.LASF334
 8654 2cf1 03       		.byte	0x3
 8655 2cf2 8201     		.2byte	0x182
 8656 2cf4 40       		.uleb128 0x40
 8657 2cf5 78070000 		.4byte	.LASF336
 8658 2cf9 03       		.byte	0x3
 8659 2cfa 6601     		.2byte	0x166
 8660 2cfc 14       		.byte	0x14
 8661 2cfd 112D0000 		.4byte	0x2d11
 8662 2d01 1C       		.uleb128 0x1c
 8663 2d02 F1010000 		.4byte	.LASF307
 8664 2d06 3B180000 		.4byte	0x183b
 8665 2d0a 05       		.uleb128 0x5
 8666 2d0b 03       		.byte	0x3
 8667 2d0c 00000000 		.4byte	__func__.9
 8668 2d10 00       		.byte	0
 8669 2d11 1D       		.uleb128 0x1d
 8670 2d12 A9070000 		.4byte	.LASF337
 8671 2d16 03       		.byte	0x3
 8672 2d17 5A01     		.2byte	0x15a
 8673 2d19 1D       		.uleb128 0x1d
 8674 2d1a E70A0000 		.4byte	.LASF338
 8675 2d1e 04       		.byte	0x4
 8676 2d1f E401     		.2byte	0x1e4
 8677 2d21 1D       		.uleb128 0x1d
 8678 2d22 19090000 		.4byte	.LASF339
 8679 2d26 04       		.byte	0x4
 8680 2d27 D901     		.2byte	0x1d9
 8681 2d29 1D       		.uleb128 0x1d
 8682 2d2a 35030000 		.4byte	.LASF340
 8683 2d2e 04       		.byte	0x4
 8684 2d2f CA01     		.2byte	0x1ca
 8685 2d31 1D       		.uleb128 0x1d
 8686 2d32 AC0D0000 		.4byte	.LASF341
 8687 2d36 04       		.byte	0x4
 8688 2d37 BC01     		.2byte	0x1bc
ARM GAS  /tmp/cc9Yqsyg.s 			page 154


 8689 2d39 40       		.uleb128 0x40
 8690 2d3a CB0C0000 		.4byte	.LASF342
 8691 2d3e 05       		.byte	0x5
 8692 2d3f 2002     		.2byte	0x220
 8693 2d41 39       		.byte	0x39
 8694 2d42 542D0000 		.4byte	0x2d54
 8695 2d46 2B       		.uleb128 0x2b
 8696 2d47 3E050000 		.4byte	.LASF343
 8697 2d4b 05       		.byte	0x5
 8698 2d4c 2002     		.2byte	0x220
 8699 2d4e 50       		.byte	0x50
 8700 2d4f FA000000 		.4byte	0xfa
 8701 2d53 00       		.byte	0
 8702 2d54 31       		.uleb128 0x31
 8703 2d55 05270000 		.4byte	0x2705
 8704 2d59 00000000 		.4byte	.LFB232
 8705 2d5d 1C000000 		.4byte	.LFE232-.LFB232
 8706 2d61 01       		.uleb128 0x1
 8707 2d62 9C       		.byte	0x9c
 8708 2d63 CD2D0000 		.4byte	0x2dcd
 8709 2d67 03       		.uleb128 0x3
 8710 2d68 10270000 		.4byte	0x2710
 8711 2d6c 690A0000 		.4byte	.LLST18
 8712 2d70 650A0000 		.4byte	.LVUS18
 8713 2d74 03       		.uleb128 0x3
 8714 2d75 1D270000 		.4byte	0x271d
 8715 2d79 860A0000 		.4byte	.LLST19
 8716 2d7d 820A0000 		.4byte	.LVUS19
 8717 2d81 03       		.uleb128 0x3
 8718 2d82 28270000 		.4byte	0x2728
 8719 2d86 A30A0000 		.4byte	.LLST20
 8720 2d8a 9F0A0000 		.4byte	.LVUS20
 8721 2d8e 03       		.uleb128 0x3
 8722 2d8f 34270000 		.4byte	0x2734
 8723 2d93 C40A0000 		.4byte	.LLST21
 8724 2d97 BC0A0000 		.4byte	.LVUS21
 8725 2d9b 1E       		.uleb128 0x1e
 8726 2d9c 3E270000 		.4byte	0x273e
 8727 2da0 010B0000 		.4byte	.LLST22
 8728 2da4 FD0A0000 		.4byte	.LVUS22
 8729 2da8 27       		.uleb128 0x27
 8730 2da9 1C000000 		.4byte	.LVL57
 8731 2dad C2140000 		.4byte	0x14c2
 8732 2db1 01       		.uleb128 0x1
 8733 2db2 01       		.uleb128 0x1
 8734 2db3 50       		.byte	0x50
 8735 2db4 09       		.uleb128 0x9
 8736 2db5 A3       		.byte	0xa3
 8737 2db6 03       		.uleb128 0x3
 8738 2db7 A5       		.byte	0xa5
 8739 2db8 00       		.uleb128 0
 8740 2db9 26       		.uleb128 0x26
 8741 2dba A8       		.byte	0xa8
 8742 2dbb 2D       		.uleb128 0x2d
 8743 2dbc A8       		.byte	0xa8
 8744 2dbd 00       		.uleb128 0
 8745 2dbe 01       		.uleb128 0x1
ARM GAS  /tmp/cc9Yqsyg.s 			page 155


 8746 2dbf 01       		.uleb128 0x1
 8747 2dc0 51       		.byte	0x51
 8748 2dc1 09       		.uleb128 0x9
 8749 2dc2 A3       		.byte	0xa3
 8750 2dc3 03       		.uleb128 0x3
 8751 2dc4 A5       		.byte	0xa5
 8752 2dc5 01       		.uleb128 0x1
 8753 2dc6 26       		.uleb128 0x26
 8754 2dc7 A8       		.byte	0xa8
 8755 2dc8 34       		.uleb128 0x34
 8756 2dc9 A8       		.byte	0xa8
 8757 2dca 00       		.uleb128 0
 8758 2dcb 00       		.byte	0
 8759 2dcc 00       		.byte	0
 8760 2dcd 31       		.uleb128 0x31
 8761 2dce BF260000 		.4byte	0x26bf
 8762 2dd2 00000000 		.4byte	.LFB233
 8763 2dd6 1C000000 		.4byte	.LFE233-.LFB233
 8764 2dda 01       		.uleb128 0x1
 8765 2ddb 9C       		.byte	0x9c
 8766 2ddc 462E0000 		.4byte	0x2e46
 8767 2de0 03       		.uleb128 0x3
 8768 2de1 CA260000 		.4byte	0x26ca
 8769 2de5 270B0000 		.4byte	.LLST23
 8770 2de9 230B0000 		.4byte	.LVUS23
 8771 2ded 03       		.uleb128 0x3
 8772 2dee D7260000 		.4byte	0x26d7
 8773 2df2 440B0000 		.4byte	.LLST24
 8774 2df6 400B0000 		.4byte	.LVUS24
 8775 2dfa 03       		.uleb128 0x3
 8776 2dfb E2260000 		.4byte	0x26e2
 8777 2dff 610B0000 		.4byte	.LLST25
 8778 2e03 5D0B0000 		.4byte	.LVUS25
 8779 2e07 03       		.uleb128 0x3
 8780 2e08 EE260000 		.4byte	0x26ee
 8781 2e0c 820B0000 		.4byte	.LLST26
 8782 2e10 7A0B0000 		.4byte	.LVUS26
 8783 2e14 1E       		.uleb128 0x1e
 8784 2e15 F8260000 		.4byte	0x26f8
 8785 2e19 BF0B0000 		.4byte	.LLST27
 8786 2e1d BB0B0000 		.4byte	.LVUS27
 8787 2e21 27       		.uleb128 0x27
 8788 2e22 1C000000 		.4byte	.LVL62
 8789 2e26 AB140000 		.4byte	0x14ab
 8790 2e2a 01       		.uleb128 0x1
 8791 2e2b 01       		.uleb128 0x1
 8792 2e2c 50       		.byte	0x50
 8793 2e2d 09       		.uleb128 0x9
 8794 2e2e A3       		.byte	0xa3
 8795 2e2f 03       		.uleb128 0x3
 8796 2e30 A5       		.byte	0xa5
 8797 2e31 00       		.uleb128 0
 8798 2e32 26       		.uleb128 0x26
 8799 2e33 A8       		.byte	0xa8
 8800 2e34 2D       		.uleb128 0x2d
 8801 2e35 A8       		.byte	0xa8
 8802 2e36 00       		.uleb128 0
ARM GAS  /tmp/cc9Yqsyg.s 			page 156


 8803 2e37 01       		.uleb128 0x1
 8804 2e38 01       		.uleb128 0x1
 8805 2e39 51       		.byte	0x51
 8806 2e3a 09       		.uleb128 0x9
 8807 2e3b A3       		.byte	0xa3
 8808 2e3c 03       		.uleb128 0x3
 8809 2e3d A5       		.byte	0xa5
 8810 2e3e 01       		.uleb128 0x1
 8811 2e3f 26       		.uleb128 0x26
 8812 2e40 A8       		.byte	0xa8
 8813 2e41 34       		.uleb128 0x34
 8814 2e42 A8       		.byte	0xa8
 8815 2e43 00       		.uleb128 0
 8816 2e44 00       		.byte	0
 8817 2e45 00       		.byte	0
 8818 2e46 31       		.uleb128 0x31
 8819 2e47 52250000 		.4byte	0x2552
 8820 2e4b 00000000 		.4byte	.LFB236
 8821 2e4f 3C000000 		.4byte	.LFE236-.LFB236
 8822 2e53 01       		.uleb128 0x1
 8823 2e54 9C       		.byte	0x9c
 8824 2e55 AA2E0000 		.4byte	0x2eaa
 8825 2e59 03       		.uleb128 0x3
 8826 2e5a 61250000 		.4byte	0x2561
 8827 2e5e E50B0000 		.4byte	.LLST38
 8828 2e62 E10B0000 		.4byte	.LVUS38
 8829 2e66 03       		.uleb128 0x3
 8830 2e67 6E250000 		.4byte	0x256e
 8831 2e6b FB0B0000 		.4byte	.LLST39
 8832 2e6f F50B0000 		.4byte	.LVUS39
 8833 2e73 08       		.uleb128 0x8
 8834 2e74 0A000000 		.4byte	.LVL76
 8835 2e78 22150000 		.4byte	0x1522
 8836 2e7c 0E       		.uleb128 0xe
 8837 2e7d 2A000000 		.4byte	.LVL78
 8838 2e81 94140000 		.4byte	0x1494
 8839 2e85 962E0000 		.4byte	0x2e96
 8840 2e89 01       		.uleb128 0x1
 8841 2e8a 01       		.uleb128 0x1
 8842 2e8b 50       		.byte	0x50
 8843 2e8c 02       		.uleb128 0x2
 8844 2e8d 74       		.byte	0x74
 8845 2e8e 00       		.sleb128 0
 8846 2e8f 01       		.uleb128 0x1
 8847 2e90 01       		.uleb128 0x1
 8848 2e91 51       		.byte	0x51
 8849 2e92 02       		.uleb128 0x2
 8850 2e93 76       		.byte	0x76
 8851 2e94 00       		.sleb128 0
 8852 2e95 00       		.byte	0
 8853 2e96 11       		.uleb128 0x11
 8854 2e97 34000000 		.4byte	.LVL80
 8855 2e9b 58150000 		.4byte	0x1558
 8856 2e9f 01       		.uleb128 0x1
 8857 2ea0 01       		.uleb128 0x1
 8858 2ea1 50       		.byte	0x50
 8859 2ea2 05       		.uleb128 0x5
ARM GAS  /tmp/cc9Yqsyg.s 			page 157


 8860 2ea3 03       		.byte	0x3
 8861 2ea4 00000000 		.4byte	__func__.5
 8862 2ea8 00       		.byte	0
 8863 2ea9 00       		.byte	0
 8864 2eaa 52       		.uleb128 0x52
 8865 2eab 1B250000 		.4byte	0x251b
 8866 2eaf 00000000 		.4byte	.LFB237
 8867 2eb3 3C000000 		.4byte	.LFE237-.LFB237
 8868 2eb7 01       		.uleb128 0x1
 8869 2eb8 9C       		.byte	0x9c
 8870 2eb9 03       		.uleb128 0x3
 8871 2eba 2A250000 		.4byte	0x252a
 8872 2ebe 1D0C0000 		.4byte	.LLST40
 8873 2ec2 190C0000 		.4byte	.LVUS40
 8874 2ec6 03       		.uleb128 0x3
 8875 2ec7 37250000 		.4byte	0x2537
 8876 2ecb 330C0000 		.4byte	.LLST41
 8877 2ecf 2D0C0000 		.4byte	.LVUS41
 8878 2ed3 08       		.uleb128 0x8
 8879 2ed4 0A000000 		.4byte	.LVL82
 8880 2ed8 22150000 		.4byte	0x1522
 8881 2edc 0E       		.uleb128 0xe
 8882 2edd 2A000000 		.4byte	.LVL84
 8883 2ee1 7D140000 		.4byte	0x147d
 8884 2ee5 F62E0000 		.4byte	0x2ef6
 8885 2ee9 01       		.uleb128 0x1
 8886 2eea 01       		.uleb128 0x1
 8887 2eeb 50       		.byte	0x50
 8888 2eec 02       		.uleb128 0x2
 8889 2eed 74       		.byte	0x74
 8890 2eee 00       		.sleb128 0
 8891 2eef 01       		.uleb128 0x1
 8892 2ef0 01       		.uleb128 0x1
 8893 2ef1 51       		.byte	0x51
 8894 2ef2 02       		.uleb128 0x2
 8895 2ef3 76       		.byte	0x76
 8896 2ef4 00       		.sleb128 0
 8897 2ef5 00       		.byte	0
 8898 2ef6 11       		.uleb128 0x11
 8899 2ef7 34000000 		.4byte	.LVL86
 8900 2efb 58150000 		.4byte	0x1558
 8901 2eff 01       		.uleb128 0x1
 8902 2f00 01       		.uleb128 0x1
 8903 2f01 50       		.byte	0x50
 8904 2f02 05       		.uleb128 0x5
 8905 2f03 03       		.byte	0x3
 8906 2f04 00000000 		.4byte	__func__.4
 8907 2f08 00       		.byte	0
 8908 2f09 00       		.byte	0
 8909 2f0a 00       		.byte	0
 8910              		.section	.debug_abbrev,"",%progbits
 8911              	.Ldebug_abbrev0:
 8912 0000 01       		.uleb128 0x1
 8913 0001 49       		.uleb128 0x49
 8914 0002 00       		.byte	0
 8915 0003 02       		.uleb128 0x2
 8916 0004 18       		.uleb128 0x18
ARM GAS  /tmp/cc9Yqsyg.s 			page 158


 8917 0005 7E       		.uleb128 0x7e
 8918 0006 18       		.uleb128 0x18
 8919 0007 00       		.byte	0
 8920 0008 00       		.byte	0
 8921 0009 02       		.uleb128 0x2
 8922 000a 0D       		.uleb128 0xd
 8923 000b 00       		.byte	0
 8924 000c 03       		.uleb128 0x3
 8925 000d 0E       		.uleb128 0xe
 8926 000e 3A       		.uleb128 0x3a
 8927 000f 0B       		.uleb128 0xb
 8928 0010 3B       		.uleb128 0x3b
 8929 0011 0B       		.uleb128 0xb
 8930 0012 39       		.uleb128 0x39
 8931 0013 0B       		.uleb128 0xb
 8932 0014 49       		.uleb128 0x49
 8933 0015 13       		.uleb128 0x13
 8934 0016 38       		.uleb128 0x38
 8935 0017 0B       		.uleb128 0xb
 8936 0018 00       		.byte	0
 8937 0019 00       		.byte	0
 8938 001a 03       		.uleb128 0x3
 8939 001b 05       		.uleb128 0x5
 8940 001c 00       		.byte	0
 8941 001d 31       		.uleb128 0x31
 8942 001e 13       		.uleb128 0x13
 8943 001f 02       		.uleb128 0x2
 8944 0020 17       		.uleb128 0x17
 8945 0021 B742     		.uleb128 0x2137
 8946 0023 17       		.uleb128 0x17
 8947 0024 00       		.byte	0
 8948 0025 00       		.byte	0
 8949 0026 04       		.uleb128 0x4
 8950 0027 0D       		.uleb128 0xd
 8951 0028 00       		.byte	0
 8952 0029 03       		.uleb128 0x3
 8953 002a 0E       		.uleb128 0xe
 8954 002b 3A       		.uleb128 0x3a
 8955 002c 0B       		.uleb128 0xb
 8956 002d 3B       		.uleb128 0x3b
 8957 002e 05       		.uleb128 0x5
 8958 002f 39       		.uleb128 0x39
 8959 0030 0B       		.uleb128 0xb
 8960 0031 49       		.uleb128 0x49
 8961 0032 13       		.uleb128 0x13
 8962 0033 38       		.uleb128 0x38
 8963 0034 0B       		.uleb128 0xb
 8964 0035 00       		.byte	0
 8965 0036 00       		.byte	0
 8966 0037 05       		.uleb128 0x5
 8967 0038 05       		.uleb128 0x5
 8968 0039 00       		.byte	0
 8969 003a 49       		.uleb128 0x49
 8970 003b 13       		.uleb128 0x13
 8971 003c 00       		.byte	0
 8972 003d 00       		.byte	0
 8973 003e 06       		.uleb128 0x6
ARM GAS  /tmp/cc9Yqsyg.s 			page 159


 8974 003f 16       		.uleb128 0x16
 8975 0040 00       		.byte	0
 8976 0041 03       		.uleb128 0x3
 8977 0042 0E       		.uleb128 0xe
 8978 0043 3A       		.uleb128 0x3a
 8979 0044 0B       		.uleb128 0xb
 8980 0045 3B       		.uleb128 0x3b
 8981 0046 0B       		.uleb128 0xb
 8982 0047 39       		.uleb128 0x39
 8983 0048 0B       		.uleb128 0xb
 8984 0049 49       		.uleb128 0x49
 8985 004a 13       		.uleb128 0x13
 8986 004b 00       		.byte	0
 8987 004c 00       		.byte	0
 8988 004d 07       		.uleb128 0x7
 8989 004e 0D       		.uleb128 0xd
 8990 004f 00       		.byte	0
 8991 0050 03       		.uleb128 0x3
 8992 0051 0E       		.uleb128 0xe
 8993 0052 3A       		.uleb128 0x3a
 8994 0053 21       		.uleb128 0x21
 8995 0054 13       		.sleb128 19
 8996 0055 3B       		.uleb128 0x3b
 8997 0056 0B       		.uleb128 0xb
 8998 0057 39       		.uleb128 0x39
 8999 0058 21       		.uleb128 0x21
 9000 0059 15       		.sleb128 21
 9001 005a 49       		.uleb128 0x49
 9002 005b 13       		.uleb128 0x13
 9003 005c 38       		.uleb128 0x38
 9004 005d 05       		.uleb128 0x5
 9005 005e 00       		.byte	0
 9006 005f 00       		.byte	0
 9007 0060 08       		.uleb128 0x8
 9008 0061 48       		.uleb128 0x48
 9009 0062 00       		.byte	0
 9010 0063 7D       		.uleb128 0x7d
 9011 0064 01       		.uleb128 0x1
 9012 0065 7F       		.uleb128 0x7f
 9013 0066 13       		.uleb128 0x13
 9014 0067 00       		.byte	0
 9015 0068 00       		.byte	0
 9016 0069 09       		.uleb128 0x9
 9017 006a 0F       		.uleb128 0xf
 9018 006b 00       		.byte	0
 9019 006c 0B       		.uleb128 0xb
 9020 006d 21       		.uleb128 0x21
 9021 006e 04       		.sleb128 4
 9022 006f 49       		.uleb128 0x49
 9023 0070 13       		.uleb128 0x13
 9024 0071 00       		.byte	0
 9025 0072 00       		.byte	0
 9026 0073 0A       		.uleb128 0xa
 9027 0074 1D       		.uleb128 0x1d
 9028 0075 01       		.byte	0x1
 9029 0076 31       		.uleb128 0x31
 9030 0077 13       		.uleb128 0x13
ARM GAS  /tmp/cc9Yqsyg.s 			page 160


 9031 0078 52       		.uleb128 0x52
 9032 0079 01       		.uleb128 0x1
 9033 007a B842     		.uleb128 0x2138
 9034 007c 05       		.uleb128 0x5
 9035 007d 11       		.uleb128 0x11
 9036 007e 01       		.uleb128 0x1
 9037 007f 12       		.uleb128 0x12
 9038 0080 06       		.uleb128 0x6
 9039 0081 58       		.uleb128 0x58
 9040 0082 0B       		.uleb128 0xb
 9041 0083 59       		.uleb128 0x59
 9042 0084 05       		.uleb128 0x5
 9043 0085 57       		.uleb128 0x57
 9044 0086 21       		.uleb128 0x21
 9045 0087 03       		.sleb128 3
 9046 0088 00       		.byte	0
 9047 0089 00       		.byte	0
 9048 008a 0B       		.uleb128 0xb
 9049 008b 1D       		.uleb128 0x1d
 9050 008c 01       		.byte	0x1
 9051 008d 31       		.uleb128 0x31
 9052 008e 13       		.uleb128 0x13
 9053 008f 52       		.uleb128 0x52
 9054 0090 01       		.uleb128 0x1
 9055 0091 B842     		.uleb128 0x2138
 9056 0093 05       		.uleb128 0x5
 9057 0094 11       		.uleb128 0x11
 9058 0095 01       		.uleb128 0x1
 9059 0096 12       		.uleb128 0x12
 9060 0097 06       		.uleb128 0x6
 9061 0098 58       		.uleb128 0x58
 9062 0099 0B       		.uleb128 0xb
 9063 009a 59       		.uleb128 0x59
 9064 009b 05       		.uleb128 0x5
 9065 009c 57       		.uleb128 0x57
 9066 009d 0B       		.uleb128 0xb
 9067 009e 01       		.uleb128 0x1
 9068 009f 13       		.uleb128 0x13
 9069 00a0 00       		.byte	0
 9070 00a1 00       		.byte	0
 9071 00a2 0C       		.uleb128 0xc
 9072 00a3 01       		.uleb128 0x1
 9073 00a4 01       		.byte	0x1
 9074 00a5 49       		.uleb128 0x49
 9075 00a6 13       		.uleb128 0x13
 9076 00a7 01       		.uleb128 0x1
 9077 00a8 13       		.uleb128 0x13
 9078 00a9 00       		.byte	0
 9079 00aa 00       		.byte	0
 9080 00ab 0D       		.uleb128 0xd
 9081 00ac 21       		.uleb128 0x21
 9082 00ad 00       		.byte	0
 9083 00ae 49       		.uleb128 0x49
 9084 00af 13       		.uleb128 0x13
 9085 00b0 2F       		.uleb128 0x2f
 9086 00b1 0B       		.uleb128 0xb
 9087 00b2 00       		.byte	0
ARM GAS  /tmp/cc9Yqsyg.s 			page 161


 9088 00b3 00       		.byte	0
 9089 00b4 0E       		.uleb128 0xe
 9090 00b5 48       		.uleb128 0x48
 9091 00b6 01       		.byte	0x1
 9092 00b7 7D       		.uleb128 0x7d
 9093 00b8 01       		.uleb128 0x1
 9094 00b9 7F       		.uleb128 0x7f
 9095 00ba 13       		.uleb128 0x13
 9096 00bb 01       		.uleb128 0x1
 9097 00bc 13       		.uleb128 0x13
 9098 00bd 00       		.byte	0
 9099 00be 00       		.byte	0
 9100 00bf 0F       		.uleb128 0xf
 9101 00c0 28       		.uleb128 0x28
 9102 00c1 00       		.byte	0
 9103 00c2 03       		.uleb128 0x3
 9104 00c3 0E       		.uleb128 0xe
 9105 00c4 1C       		.uleb128 0x1c
 9106 00c5 0B       		.uleb128 0xb
 9107 00c6 00       		.byte	0
 9108 00c7 00       		.byte	0
 9109 00c8 10       		.uleb128 0x10
 9110 00c9 0D       		.uleb128 0xd
 9111 00ca 00       		.byte	0
 9112 00cb 03       		.uleb128 0x3
 9113 00cc 08       		.uleb128 0x8
 9114 00cd 3A       		.uleb128 0x3a
 9115 00ce 0B       		.uleb128 0xb
 9116 00cf 3B       		.uleb128 0x3b
 9117 00d0 05       		.uleb128 0x5
 9118 00d1 39       		.uleb128 0x39
 9119 00d2 0B       		.uleb128 0xb
 9120 00d3 49       		.uleb128 0x49
 9121 00d4 13       		.uleb128 0x13
 9122 00d5 38       		.uleb128 0x38
 9123 00d6 0B       		.uleb128 0xb
 9124 00d7 00       		.byte	0
 9125 00d8 00       		.byte	0
 9126 00d9 11       		.uleb128 0x11
 9127 00da 48       		.uleb128 0x48
 9128 00db 01       		.byte	0x1
 9129 00dc 7D       		.uleb128 0x7d
 9130 00dd 01       		.uleb128 0x1
 9131 00de 7F       		.uleb128 0x7f
 9132 00df 13       		.uleb128 0x13
 9133 00e0 00       		.byte	0
 9134 00e1 00       		.byte	0
 9135 00e2 12       		.uleb128 0x12
 9136 00e3 2E       		.uleb128 0x2e
 9137 00e4 01       		.byte	0x1
 9138 00e5 3F       		.uleb128 0x3f
 9139 00e6 19       		.uleb128 0x19
 9140 00e7 03       		.uleb128 0x3
 9141 00e8 0E       		.uleb128 0xe
 9142 00e9 3A       		.uleb128 0x3a
 9143 00ea 0B       		.uleb128 0xb
 9144 00eb 3B       		.uleb128 0x3b
ARM GAS  /tmp/cc9Yqsyg.s 			page 162


 9145 00ec 05       		.uleb128 0x5
 9146 00ed 39       		.uleb128 0x39
 9147 00ee 21       		.uleb128 0x21
 9148 00ef 08       		.sleb128 8
 9149 00f0 27       		.uleb128 0x27
 9150 00f1 19       		.uleb128 0x19
 9151 00f2 3C       		.uleb128 0x3c
 9152 00f3 19       		.uleb128 0x19
 9153 00f4 01       		.uleb128 0x1
 9154 00f5 13       		.uleb128 0x13
 9155 00f6 00       		.byte	0
 9156 00f7 00       		.byte	0
 9157 00f8 13       		.uleb128 0x13
 9158 00f9 05       		.uleb128 0x5
 9159 00fa 00       		.byte	0
 9160 00fb 03       		.uleb128 0x3
 9161 00fc 0E       		.uleb128 0xe
 9162 00fd 3A       		.uleb128 0x3a
 9163 00fe 21       		.uleb128 0x21
 9164 00ff 01       		.sleb128 1
 9165 0100 3B       		.uleb128 0x3b
 9166 0101 05       		.uleb128 0x5
 9167 0102 39       		.uleb128 0x39
 9168 0103 0B       		.uleb128 0xb
 9169 0104 49       		.uleb128 0x49
 9170 0105 13       		.uleb128 0x13
 9171 0106 02       		.uleb128 0x2
 9172 0107 17       		.uleb128 0x17
 9173 0108 B742     		.uleb128 0x2137
 9174 010a 17       		.uleb128 0x17
 9175 010b 00       		.byte	0
 9176 010c 00       		.byte	0
 9177 010d 14       		.uleb128 0x14
 9178 010e 26       		.uleb128 0x26
 9179 010f 00       		.byte	0
 9180 0110 49       		.uleb128 0x49
 9181 0111 13       		.uleb128 0x13
 9182 0112 00       		.byte	0
 9183 0113 00       		.byte	0
 9184 0114 15       		.uleb128 0x15
 9185 0115 35       		.uleb128 0x35
 9186 0116 00       		.byte	0
 9187 0117 49       		.uleb128 0x49
 9188 0118 13       		.uleb128 0x13
 9189 0119 00       		.byte	0
 9190 011a 00       		.byte	0
 9191 011b 16       		.uleb128 0x16
 9192 011c 16       		.uleb128 0x16
 9193 011d 00       		.byte	0
 9194 011e 03       		.uleb128 0x3
 9195 011f 0E       		.uleb128 0xe
 9196 0120 3A       		.uleb128 0x3a
 9197 0121 0B       		.uleb128 0xb
 9198 0122 3B       		.uleb128 0x3b
 9199 0123 05       		.uleb128 0x5
 9200 0124 39       		.uleb128 0x39
 9201 0125 0B       		.uleb128 0xb
ARM GAS  /tmp/cc9Yqsyg.s 			page 163


 9202 0126 49       		.uleb128 0x49
 9203 0127 13       		.uleb128 0x13
 9204 0128 00       		.byte	0
 9205 0129 00       		.byte	0
 9206 012a 17       		.uleb128 0x17
 9207 012b 2E       		.uleb128 0x2e
 9208 012c 01       		.byte	0x1
 9209 012d 3F       		.uleb128 0x3f
 9210 012e 19       		.uleb128 0x19
 9211 012f 03       		.uleb128 0x3
 9212 0130 0E       		.uleb128 0xe
 9213 0131 3A       		.uleb128 0x3a
 9214 0132 21       		.uleb128 0x21
 9215 0133 01       		.sleb128 1
 9216 0134 3B       		.uleb128 0x3b
 9217 0135 05       		.uleb128 0x5
 9218 0136 39       		.uleb128 0x39
 9219 0137 21       		.uleb128 0x21
 9220 0138 06       		.sleb128 6
 9221 0139 27       		.uleb128 0x27
 9222 013a 19       		.uleb128 0x19
 9223 013b 11       		.uleb128 0x11
 9224 013c 01       		.uleb128 0x1
 9225 013d 12       		.uleb128 0x12
 9226 013e 06       		.uleb128 0x6
 9227 013f 40       		.uleb128 0x40
 9228 0140 18       		.uleb128 0x18
 9229 0141 7A       		.uleb128 0x7a
 9230 0142 19       		.uleb128 0x19
 9231 0143 01       		.uleb128 0x1
 9232 0144 13       		.uleb128 0x13
 9233 0145 00       		.byte	0
 9234 0146 00       		.byte	0
 9235 0147 18       		.uleb128 0x18
 9236 0148 1D       		.uleb128 0x1d
 9237 0149 01       		.byte	0x1
 9238 014a 31       		.uleb128 0x31
 9239 014b 13       		.uleb128 0x13
 9240 014c 52       		.uleb128 0x52
 9241 014d 01       		.uleb128 0x1
 9242 014e B842     		.uleb128 0x2138
 9243 0150 05       		.uleb128 0x5
 9244 0151 55       		.uleb128 0x55
 9245 0152 17       		.uleb128 0x17
 9246 0153 58       		.uleb128 0x58
 9247 0154 0B       		.uleb128 0xb
 9248 0155 59       		.uleb128 0x59
 9249 0156 05       		.uleb128 0x5
 9250 0157 57       		.uleb128 0x57
 9251 0158 0B       		.uleb128 0xb
 9252 0159 01       		.uleb128 0x1
 9253 015a 13       		.uleb128 0x13
 9254 015b 00       		.byte	0
 9255 015c 00       		.byte	0
 9256 015d 19       		.uleb128 0x19
 9257 015e 0D       		.uleb128 0xd
 9258 015f 00       		.byte	0
ARM GAS  /tmp/cc9Yqsyg.s 			page 164


 9259 0160 03       		.uleb128 0x3
 9260 0161 08       		.uleb128 0x8
 9261 0162 3A       		.uleb128 0x3a
 9262 0163 0B       		.uleb128 0xb
 9263 0164 3B       		.uleb128 0x3b
 9264 0165 0B       		.uleb128 0xb
 9265 0166 39       		.uleb128 0x39
 9266 0167 0B       		.uleb128 0xb
 9267 0168 49       		.uleb128 0x49
 9268 0169 13       		.uleb128 0x13
 9269 016a 38       		.uleb128 0x38
 9270 016b 0B       		.uleb128 0xb
 9271 016c 00       		.byte	0
 9272 016d 00       		.byte	0
 9273 016e 1A       		.uleb128 0x1a
 9274 016f 05       		.uleb128 0x5
 9275 0170 00       		.byte	0
 9276 0171 03       		.uleb128 0x3
 9277 0172 08       		.uleb128 0x8
 9278 0173 3A       		.uleb128 0x3a
 9279 0174 21       		.uleb128 0x21
 9280 0175 01       		.sleb128 1
 9281 0176 3B       		.uleb128 0x3b
 9282 0177 05       		.uleb128 0x5
 9283 0178 39       		.uleb128 0x39
 9284 0179 0B       		.uleb128 0xb
 9285 017a 49       		.uleb128 0x49
 9286 017b 13       		.uleb128 0x13
 9287 017c 02       		.uleb128 0x2
 9288 017d 17       		.uleb128 0x17
 9289 017e B742     		.uleb128 0x2137
 9290 0180 17       		.uleb128 0x17
 9291 0181 00       		.byte	0
 9292 0182 00       		.byte	0
 9293 0183 1B       		.uleb128 0x1b
 9294 0184 24       		.uleb128 0x24
 9295 0185 00       		.byte	0
 9296 0186 0B       		.uleb128 0xb
 9297 0187 0B       		.uleb128 0xb
 9298 0188 3E       		.uleb128 0x3e
 9299 0189 0B       		.uleb128 0xb
 9300 018a 03       		.uleb128 0x3
 9301 018b 0E       		.uleb128 0xe
 9302 018c 00       		.byte	0
 9303 018d 00       		.byte	0
 9304 018e 1C       		.uleb128 0x1c
 9305 018f 34       		.uleb128 0x34
 9306 0190 00       		.byte	0
 9307 0191 03       		.uleb128 0x3
 9308 0192 0E       		.uleb128 0xe
 9309 0193 49       		.uleb128 0x49
 9310 0194 13       		.uleb128 0x13
 9311 0195 34       		.uleb128 0x34
 9312 0196 19       		.uleb128 0x19
 9313 0197 02       		.uleb128 0x2
 9314 0198 18       		.uleb128 0x18
 9315 0199 00       		.byte	0
ARM GAS  /tmp/cc9Yqsyg.s 			page 165


 9316 019a 00       		.byte	0
 9317 019b 1D       		.uleb128 0x1d
 9318 019c 2E       		.uleb128 0x2e
 9319 019d 00       		.byte	0
 9320 019e 03       		.uleb128 0x3
 9321 019f 0E       		.uleb128 0xe
 9322 01a0 3A       		.uleb128 0x3a
 9323 01a1 0B       		.uleb128 0xb
 9324 01a2 3B       		.uleb128 0x3b
 9325 01a3 05       		.uleb128 0x5
 9326 01a4 39       		.uleb128 0x39
 9327 01a5 21       		.uleb128 0x21
 9328 01a6 14       		.sleb128 20
 9329 01a7 27       		.uleb128 0x27
 9330 01a8 19       		.uleb128 0x19
 9331 01a9 20       		.uleb128 0x20
 9332 01aa 21       		.uleb128 0x21
 9333 01ab 03       		.sleb128 3
 9334 01ac 00       		.byte	0
 9335 01ad 00       		.byte	0
 9336 01ae 1E       		.uleb128 0x1e
 9337 01af 34       		.uleb128 0x34
 9338 01b0 00       		.byte	0
 9339 01b1 31       		.uleb128 0x31
 9340 01b2 13       		.uleb128 0x13
 9341 01b3 02       		.uleb128 0x2
 9342 01b4 17       		.uleb128 0x17
 9343 01b5 B742     		.uleb128 0x2137
 9344 01b7 17       		.uleb128 0x17
 9345 01b8 00       		.byte	0
 9346 01b9 00       		.byte	0
 9347 01ba 1F       		.uleb128 0x1f
 9348 01bb 13       		.uleb128 0x13
 9349 01bc 01       		.byte	0x1
 9350 01bd 0B       		.uleb128 0xb
 9351 01be 0B       		.uleb128 0xb
 9352 01bf 3A       		.uleb128 0x3a
 9353 01c0 0B       		.uleb128 0xb
 9354 01c1 3B       		.uleb128 0x3b
 9355 01c2 0B       		.uleb128 0xb
 9356 01c3 39       		.uleb128 0x39
 9357 01c4 0B       		.uleb128 0xb
 9358 01c5 01       		.uleb128 0x1
 9359 01c6 13       		.uleb128 0x13
 9360 01c7 00       		.byte	0
 9361 01c8 00       		.byte	0
 9362 01c9 20       		.uleb128 0x20
 9363 01ca 0B       		.uleb128 0xb
 9364 01cb 01       		.byte	0x1
 9365 01cc 55       		.uleb128 0x55
 9366 01cd 17       		.uleb128 0x17
 9367 01ce 00       		.byte	0
 9368 01cf 00       		.byte	0
 9369 01d0 21       		.uleb128 0x21
 9370 01d1 0D       		.uleb128 0xd
 9371 01d2 00       		.byte	0
 9372 01d3 03       		.uleb128 0x3
ARM GAS  /tmp/cc9Yqsyg.s 			page 166


 9373 01d4 0E       		.uleb128 0xe
 9374 01d5 3A       		.uleb128 0x3a
 9375 01d6 0B       		.uleb128 0xb
 9376 01d7 3B       		.uleb128 0x3b
 9377 01d8 05       		.uleb128 0x5
 9378 01d9 39       		.uleb128 0x39
 9379 01da 0B       		.uleb128 0xb
 9380 01db 49       		.uleb128 0x49
 9381 01dc 13       		.uleb128 0x13
 9382 01dd 00       		.byte	0
 9383 01de 00       		.byte	0
 9384 01df 22       		.uleb128 0x22
 9385 01e0 34       		.uleb128 0x34
 9386 01e1 00       		.byte	0
 9387 01e2 03       		.uleb128 0x3
 9388 01e3 08       		.uleb128 0x8
 9389 01e4 3A       		.uleb128 0x3a
 9390 01e5 21       		.uleb128 0x21
 9391 01e6 01       		.sleb128 1
 9392 01e7 3B       		.uleb128 0x3b
 9393 01e8 05       		.uleb128 0x5
 9394 01e9 39       		.uleb128 0x39
 9395 01ea 0B       		.uleb128 0xb
 9396 01eb 49       		.uleb128 0x49
 9397 01ec 13       		.uleb128 0x13
 9398 01ed 02       		.uleb128 0x2
 9399 01ee 17       		.uleb128 0x17
 9400 01ef B742     		.uleb128 0x2137
 9401 01f1 17       		.uleb128 0x17
 9402 01f2 00       		.byte	0
 9403 01f3 00       		.byte	0
 9404 01f4 23       		.uleb128 0x23
 9405 01f5 05       		.uleb128 0x5
 9406 01f6 00       		.byte	0
 9407 01f7 03       		.uleb128 0x3
 9408 01f8 08       		.uleb128 0x8
 9409 01f9 3A       		.uleb128 0x3a
 9410 01fa 21       		.uleb128 0x21
 9411 01fb 01       		.sleb128 1
 9412 01fc 3B       		.uleb128 0x3b
 9413 01fd 05       		.uleb128 0x5
 9414 01fe 39       		.uleb128 0x39
 9415 01ff 0B       		.uleb128 0xb
 9416 0200 49       		.uleb128 0x49
 9417 0201 13       		.uleb128 0x13
 9418 0202 00       		.byte	0
 9419 0203 00       		.byte	0
 9420 0204 24       		.uleb128 0x24
 9421 0205 13       		.uleb128 0x13
 9422 0206 01       		.byte	0x1
 9423 0207 03       		.uleb128 0x3
 9424 0208 0E       		.uleb128 0xe
 9425 0209 0B       		.uleb128 0xb
 9426 020a 0B       		.uleb128 0xb
 9427 020b 3A       		.uleb128 0x3a
 9428 020c 0B       		.uleb128 0xb
 9429 020d 3B       		.uleb128 0x3b
ARM GAS  /tmp/cc9Yqsyg.s 			page 167


 9430 020e 0B       		.uleb128 0xb
 9431 020f 39       		.uleb128 0x39
 9432 0210 0B       		.uleb128 0xb
 9433 0211 01       		.uleb128 0x1
 9434 0212 13       		.uleb128 0x13
 9435 0213 00       		.byte	0
 9436 0214 00       		.byte	0
 9437 0215 25       		.uleb128 0x25
 9438 0216 1D       		.uleb128 0x1d
 9439 0217 01       		.byte	0x1
 9440 0218 31       		.uleb128 0x31
 9441 0219 13       		.uleb128 0x13
 9442 021a 52       		.uleb128 0x52
 9443 021b 01       		.uleb128 0x1
 9444 021c B842     		.uleb128 0x2138
 9445 021e 05       		.uleb128 0x5
 9446 021f 55       		.uleb128 0x55
 9447 0220 17       		.uleb128 0x17
 9448 0221 58       		.uleb128 0x58
 9449 0222 0B       		.uleb128 0xb
 9450 0223 59       		.uleb128 0x59
 9451 0224 05       		.uleb128 0x5
 9452 0225 57       		.uleb128 0x57
 9453 0226 21       		.uleb128 0x21
 9454 0227 03       		.sleb128 3
 9455 0228 00       		.byte	0
 9456 0229 00       		.byte	0
 9457 022a 26       		.uleb128 0x26
 9458 022b 48       		.uleb128 0x48
 9459 022c 01       		.byte	0x1
 9460 022d 7D       		.uleb128 0x7d
 9461 022e 01       		.uleb128 0x1
 9462 022f 01       		.uleb128 0x1
 9463 0230 13       		.uleb128 0x13
 9464 0231 00       		.byte	0
 9465 0232 00       		.byte	0
 9466 0233 27       		.uleb128 0x27
 9467 0234 48       		.uleb128 0x48
 9468 0235 01       		.byte	0x1
 9469 0236 7D       		.uleb128 0x7d
 9470 0237 01       		.uleb128 0x1
 9471 0238 8201     		.uleb128 0x82
 9472 023a 19       		.uleb128 0x19
 9473 023b 7F       		.uleb128 0x7f
 9474 023c 13       		.uleb128 0x13
 9475 023d 00       		.byte	0
 9476 023e 00       		.byte	0
 9477 023f 28       		.uleb128 0x28
 9478 0240 15       		.uleb128 0x15
 9479 0241 01       		.byte	0x1
 9480 0242 27       		.uleb128 0x27
 9481 0243 19       		.uleb128 0x19
 9482 0244 01       		.uleb128 0x1
 9483 0245 13       		.uleb128 0x13
 9484 0246 00       		.byte	0
 9485 0247 00       		.byte	0
 9486 0248 29       		.uleb128 0x29
ARM GAS  /tmp/cc9Yqsyg.s 			page 168


 9487 0249 13       		.uleb128 0x13
 9488 024a 01       		.byte	0x1
 9489 024b 0B       		.uleb128 0xb
 9490 024c 0B       		.uleb128 0xb
 9491 024d 3A       		.uleb128 0x3a
 9492 024e 0B       		.uleb128 0xb
 9493 024f 3B       		.uleb128 0x3b
 9494 0250 05       		.uleb128 0x5
 9495 0251 39       		.uleb128 0x39
 9496 0252 0B       		.uleb128 0xb
 9497 0253 01       		.uleb128 0x1
 9498 0254 13       		.uleb128 0x13
 9499 0255 00       		.byte	0
 9500 0256 00       		.byte	0
 9501 0257 2A       		.uleb128 0x2a
 9502 0258 2E       		.uleb128 0x2e
 9503 0259 00       		.byte	0
 9504 025a 3F       		.uleb128 0x3f
 9505 025b 19       		.uleb128 0x19
 9506 025c 03       		.uleb128 0x3
 9507 025d 0E       		.uleb128 0xe
 9508 025e 3A       		.uleb128 0x3a
 9509 025f 21       		.uleb128 0x21
 9510 0260 14       		.sleb128 20
 9511 0261 3B       		.uleb128 0x3b
 9512 0262 0B       		.uleb128 0xb
 9513 0263 39       		.uleb128 0x39
 9514 0264 21       		.uleb128 0x21
 9515 0265 08       		.sleb128 8
 9516 0266 27       		.uleb128 0x27
 9517 0267 19       		.uleb128 0x19
 9518 0268 3C       		.uleb128 0x3c
 9519 0269 19       		.uleb128 0x19
 9520 026a 00       		.byte	0
 9521 026b 00       		.byte	0
 9522 026c 2B       		.uleb128 0x2b
 9523 026d 05       		.uleb128 0x5
 9524 026e 00       		.byte	0
 9525 026f 03       		.uleb128 0x3
 9526 0270 0E       		.uleb128 0xe
 9527 0271 3A       		.uleb128 0x3a
 9528 0272 0B       		.uleb128 0xb
 9529 0273 3B       		.uleb128 0x3b
 9530 0274 05       		.uleb128 0x5
 9531 0275 39       		.uleb128 0x39
 9532 0276 0B       		.uleb128 0xb
 9533 0277 49       		.uleb128 0x49
 9534 0278 13       		.uleb128 0x13
 9535 0279 00       		.byte	0
 9536 027a 00       		.byte	0
 9537 027b 2C       		.uleb128 0x2c
 9538 027c 13       		.uleb128 0x13
 9539 027d 01       		.byte	0x1
 9540 027e 03       		.uleb128 0x3
 9541 027f 0E       		.uleb128 0xe
 9542 0280 0B       		.uleb128 0xb
 9543 0281 0B       		.uleb128 0xb
ARM GAS  /tmp/cc9Yqsyg.s 			page 169


 9544 0282 3A       		.uleb128 0x3a
 9545 0283 21       		.uleb128 0x21
 9546 0284 0B       		.sleb128 11
 9547 0285 3B       		.uleb128 0x3b
 9548 0286 05       		.uleb128 0x5
 9549 0287 39       		.uleb128 0x39
 9550 0288 21       		.uleb128 0x21
 9551 0289 08       		.sleb128 8
 9552 028a 01       		.uleb128 0x1
 9553 028b 13       		.uleb128 0x13
 9554 028c 00       		.byte	0
 9555 028d 00       		.byte	0
 9556 028e 2D       		.uleb128 0x2d
 9557 028f 04       		.uleb128 0x4
 9558 0290 01       		.byte	0x1
 9559 0291 3E       		.uleb128 0x3e
 9560 0292 21       		.uleb128 0x21
 9561 0293 07       		.sleb128 7
 9562 0294 0B       		.uleb128 0xb
 9563 0295 21       		.uleb128 0x21
 9564 0296 01       		.sleb128 1
 9565 0297 49       		.uleb128 0x49
 9566 0298 13       		.uleb128 0x13
 9567 0299 3A       		.uleb128 0x3a
 9568 029a 21       		.uleb128 0x21
 9569 029b 11       		.sleb128 17
 9570 029c 3B       		.uleb128 0x3b
 9571 029d 05       		.uleb128 0x5
 9572 029e 39       		.uleb128 0x39
 9573 029f 21       		.uleb128 0x21
 9574 02a0 0E       		.sleb128 14
 9575 02a1 01       		.uleb128 0x1
 9576 02a2 13       		.uleb128 0x13
 9577 02a3 00       		.byte	0
 9578 02a4 00       		.byte	0
 9579 02a5 2E       		.uleb128 0x2e
 9580 02a6 0D       		.uleb128 0xd
 9581 02a7 00       		.byte	0
 9582 02a8 03       		.uleb128 0x3
 9583 02a9 08       		.uleb128 0x8
 9584 02aa 3A       		.uleb128 0x3a
 9585 02ab 21       		.uleb128 0x21
 9586 02ac 13       		.sleb128 19
 9587 02ad 3B       		.uleb128 0x3b
 9588 02ae 0B       		.uleb128 0xb
 9589 02af 39       		.uleb128 0x39
 9590 02b0 0B       		.uleb128 0xb
 9591 02b1 49       		.uleb128 0x49
 9592 02b2 13       		.uleb128 0x13
 9593 02b3 38       		.uleb128 0x38
 9594 02b4 05       		.uleb128 0x5
 9595 02b5 00       		.byte	0
 9596 02b6 00       		.byte	0
 9597 02b7 2F       		.uleb128 0x2f
 9598 02b8 34       		.uleb128 0x34
 9599 02b9 00       		.byte	0
 9600 02ba 03       		.uleb128 0x3
ARM GAS  /tmp/cc9Yqsyg.s 			page 170


 9601 02bb 0E       		.uleb128 0xe
 9602 02bc 3A       		.uleb128 0x3a
 9603 02bd 21       		.uleb128 0x21
 9604 02be 01       		.sleb128 1
 9605 02bf 3B       		.uleb128 0x3b
 9606 02c0 0B       		.uleb128 0xb
 9607 02c1 39       		.uleb128 0x39
 9608 02c2 21       		.uleb128 0x21
 9609 02c3 16       		.sleb128 22
 9610 02c4 49       		.uleb128 0x49
 9611 02c5 13       		.uleb128 0x13
 9612 02c6 02       		.uleb128 0x2
 9613 02c7 18       		.uleb128 0x18
 9614 02c8 00       		.byte	0
 9615 02c9 00       		.byte	0
 9616 02ca 30       		.uleb128 0x30
 9617 02cb 48       		.uleb128 0x48
 9618 02cc 01       		.byte	0x1
 9619 02cd 7D       		.uleb128 0x7d
 9620 02ce 01       		.uleb128 0x1
 9621 02cf 8201     		.uleb128 0x82
 9622 02d1 19       		.uleb128 0x19
 9623 02d2 00       		.byte	0
 9624 02d3 00       		.byte	0
 9625 02d4 31       		.uleb128 0x31
 9626 02d5 2E       		.uleb128 0x2e
 9627 02d6 01       		.byte	0x1
 9628 02d7 31       		.uleb128 0x31
 9629 02d8 13       		.uleb128 0x13
 9630 02d9 11       		.uleb128 0x11
 9631 02da 01       		.uleb128 0x1
 9632 02db 12       		.uleb128 0x12
 9633 02dc 06       		.uleb128 0x6
 9634 02dd 40       		.uleb128 0x40
 9635 02de 18       		.uleb128 0x18
 9636 02df 7A       		.uleb128 0x7a
 9637 02e0 19       		.uleb128 0x19
 9638 02e1 01       		.uleb128 0x1
 9639 02e2 13       		.uleb128 0x13
 9640 02e3 00       		.byte	0
 9641 02e4 00       		.byte	0
 9642 02e5 32       		.uleb128 0x32
 9643 02e6 13       		.uleb128 0x13
 9644 02e7 01       		.byte	0x1
 9645 02e8 03       		.uleb128 0x3
 9646 02e9 0E       		.uleb128 0xe
 9647 02ea 0B       		.uleb128 0xb
 9648 02eb 05       		.uleb128 0x5
 9649 02ec 3A       		.uleb128 0x3a
 9650 02ed 0B       		.uleb128 0xb
 9651 02ee 3B       		.uleb128 0x3b
 9652 02ef 05       		.uleb128 0x5
 9653 02f0 39       		.uleb128 0x39
 9654 02f1 21       		.uleb128 0x21
 9655 02f2 08       		.sleb128 8
 9656 02f3 01       		.uleb128 0x1
 9657 02f4 13       		.uleb128 0x13
ARM GAS  /tmp/cc9Yqsyg.s 			page 171


 9658 02f5 00       		.byte	0
 9659 02f6 00       		.byte	0
 9660 02f7 33       		.uleb128 0x33
 9661 02f8 17       		.uleb128 0x17
 9662 02f9 01       		.byte	0x1
 9663 02fa 0B       		.uleb128 0xb
 9664 02fb 21       		.uleb128 0x21
 9665 02fc 04       		.sleb128 4
 9666 02fd 3A       		.uleb128 0x3a
 9667 02fe 0B       		.uleb128 0xb
 9668 02ff 3B       		.uleb128 0x3b
 9669 0300 0B       		.uleb128 0xb
 9670 0301 39       		.uleb128 0x39
 9671 0302 21       		.uleb128 0x21
 9672 0303 03       		.sleb128 3
 9673 0304 01       		.uleb128 0x1
 9674 0305 13       		.uleb128 0x13
 9675 0306 00       		.byte	0
 9676 0307 00       		.byte	0
 9677 0308 34       		.uleb128 0x34
 9678 0309 15       		.uleb128 0x15
 9679 030a 01       		.byte	0x1
 9680 030b 27       		.uleb128 0x27
 9681 030c 19       		.uleb128 0x19
 9682 030d 49       		.uleb128 0x49
 9683 030e 13       		.uleb128 0x13
 9684 030f 01       		.uleb128 0x1
 9685 0310 13       		.uleb128 0x13
 9686 0311 00       		.byte	0
 9687 0312 00       		.byte	0
 9688 0313 35       		.uleb128 0x35
 9689 0314 0D       		.uleb128 0xd
 9690 0315 00       		.byte	0
 9691 0316 03       		.uleb128 0x3
 9692 0317 0E       		.uleb128 0xe
 9693 0318 3A       		.uleb128 0x3a
 9694 0319 21       		.uleb128 0x21
 9695 031a 12       		.sleb128 18
 9696 031b 3B       		.uleb128 0x3b
 9697 031c 0B       		.uleb128 0xb
 9698 031d 39       		.uleb128 0x39
 9699 031e 21       		.uleb128 0x21
 9700 031f 07       		.sleb128 7
 9701 0320 49       		.uleb128 0x49
 9702 0321 13       		.uleb128 0x13
 9703 0322 00       		.byte	0
 9704 0323 00       		.byte	0
 9705 0324 36       		.uleb128 0x36
 9706 0325 2E       		.uleb128 0x2e
 9707 0326 01       		.byte	0x1
 9708 0327 3F       		.uleb128 0x3f
 9709 0328 19       		.uleb128 0x19
 9710 0329 03       		.uleb128 0x3
 9711 032a 0E       		.uleb128 0xe
 9712 032b 3A       		.uleb128 0x3a
 9713 032c 21       		.uleb128 0x21
 9714 032d 12       		.sleb128 18
ARM GAS  /tmp/cc9Yqsyg.s 			page 172


 9715 032e 3B       		.uleb128 0x3b
 9716 032f 05       		.uleb128 0x5
 9717 0330 39       		.uleb128 0x39
 9718 0331 21       		.uleb128 0x21
 9719 0332 11       		.sleb128 17
 9720 0333 27       		.uleb128 0x27
 9721 0334 19       		.uleb128 0x19
 9722 0335 49       		.uleb128 0x49
 9723 0336 13       		.uleb128 0x13
 9724 0337 3C       		.uleb128 0x3c
 9725 0338 19       		.uleb128 0x19
 9726 0339 01       		.uleb128 0x1
 9727 033a 13       		.uleb128 0x13
 9728 033b 00       		.byte	0
 9729 033c 00       		.byte	0
 9730 033d 37       		.uleb128 0x37
 9731 033e 48       		.uleb128 0x48
 9732 033f 01       		.byte	0x1
 9733 0340 7D       		.uleb128 0x7d
 9734 0341 01       		.uleb128 0x1
 9735 0342 00       		.byte	0
 9736 0343 00       		.byte	0
 9737 0344 38       		.uleb128 0x38
 9738 0345 2E       		.uleb128 0x2e
 9739 0346 01       		.byte	0x1
 9740 0347 3F       		.uleb128 0x3f
 9741 0348 19       		.uleb128 0x19
 9742 0349 03       		.uleb128 0x3
 9743 034a 0E       		.uleb128 0xe
 9744 034b 3A       		.uleb128 0x3a
 9745 034c 21       		.uleb128 0x21
 9746 034d 01       		.sleb128 1
 9747 034e 3B       		.uleb128 0x3b
 9748 034f 05       		.uleb128 0x5
 9749 0350 39       		.uleb128 0x39
 9750 0351 21       		.uleb128 0x21
 9751 0352 06       		.sleb128 6
 9752 0353 27       		.uleb128 0x27
 9753 0354 19       		.uleb128 0x19
 9754 0355 49       		.uleb128 0x49
 9755 0356 13       		.uleb128 0x13
 9756 0357 11       		.uleb128 0x11
 9757 0358 01       		.uleb128 0x1
 9758 0359 12       		.uleb128 0x12
 9759 035a 06       		.uleb128 0x6
 9760 035b 40       		.uleb128 0x40
 9761 035c 18       		.uleb128 0x18
 9762 035d 7A       		.uleb128 0x7a
 9763 035e 19       		.uleb128 0x19
 9764 035f 01       		.uleb128 0x1
 9765 0360 13       		.uleb128 0x13
 9766 0361 00       		.byte	0
 9767 0362 00       		.byte	0
 9768 0363 39       		.uleb128 0x39
 9769 0364 2E       		.uleb128 0x2e
 9770 0365 01       		.byte	0x1
 9771 0366 3F       		.uleb128 0x3f
ARM GAS  /tmp/cc9Yqsyg.s 			page 173


 9772 0367 19       		.uleb128 0x19
 9773 0368 03       		.uleb128 0x3
 9774 0369 0E       		.uleb128 0xe
 9775 036a 3A       		.uleb128 0x3a
 9776 036b 21       		.uleb128 0x21
 9777 036c 01       		.sleb128 1
 9778 036d 3B       		.uleb128 0x3b
 9779 036e 05       		.uleb128 0x5
 9780 036f 39       		.uleb128 0x39
 9781 0370 21       		.uleb128 0x21
 9782 0371 06       		.sleb128 6
 9783 0372 27       		.uleb128 0x27
 9784 0373 19       		.uleb128 0x19
 9785 0374 49       		.uleb128 0x49
 9786 0375 13       		.uleb128 0x13
 9787 0376 20       		.uleb128 0x20
 9788 0377 21       		.uleb128 0x21
 9789 0378 01       		.sleb128 1
 9790 0379 01       		.uleb128 0x1
 9791 037a 13       		.uleb128 0x13
 9792 037b 00       		.byte	0
 9793 037c 00       		.byte	0
 9794 037d 3A       		.uleb128 0x3a
 9795 037e 2E       		.uleb128 0x2e
 9796 037f 01       		.byte	0x1
 9797 0380 3F       		.uleb128 0x3f
 9798 0381 19       		.uleb128 0x19
 9799 0382 03       		.uleb128 0x3
 9800 0383 0E       		.uleb128 0xe
 9801 0384 3A       		.uleb128 0x3a
 9802 0385 21       		.uleb128 0x21
 9803 0386 01       		.sleb128 1
 9804 0387 3B       		.uleb128 0x3b
 9805 0388 05       		.uleb128 0x5
 9806 0389 39       		.uleb128 0x39
 9807 038a 21       		.uleb128 0x21
 9808 038b 06       		.sleb128 6
 9809 038c 27       		.uleb128 0x27
 9810 038d 19       		.uleb128 0x19
 9811 038e 20       		.uleb128 0x20
 9812 038f 21       		.uleb128 0x21
 9813 0390 01       		.sleb128 1
 9814 0391 01       		.uleb128 0x1
 9815 0392 13       		.uleb128 0x13
 9816 0393 00       		.byte	0
 9817 0394 00       		.byte	0
 9818 0395 3B       		.uleb128 0x3b
 9819 0396 34       		.uleb128 0x34
 9820 0397 00       		.byte	0
 9821 0398 03       		.uleb128 0x3
 9822 0399 08       		.uleb128 0x8
 9823 039a 3A       		.uleb128 0x3a
 9824 039b 21       		.uleb128 0x21
 9825 039c 01       		.sleb128 1
 9826 039d 3B       		.uleb128 0x3b
 9827 039e 05       		.uleb128 0x5
 9828 039f 39       		.uleb128 0x39
ARM GAS  /tmp/cc9Yqsyg.s 			page 174


 9829 03a0 0B       		.uleb128 0xb
 9830 03a1 49       		.uleb128 0x49
 9831 03a2 13       		.uleb128 0x13
 9832 03a3 00       		.byte	0
 9833 03a4 00       		.byte	0
 9834 03a5 3C       		.uleb128 0x3c
 9835 03a6 48       		.uleb128 0x48
 9836 03a7 01       		.byte	0x1
 9837 03a8 7D       		.uleb128 0x7d
 9838 03a9 01       		.uleb128 0x1
 9839 03aa 8201     		.uleb128 0x82
 9840 03ac 19       		.uleb128 0x19
 9841 03ad 7F       		.uleb128 0x7f
 9842 03ae 13       		.uleb128 0x13
 9843 03af 01       		.uleb128 0x1
 9844 03b0 13       		.uleb128 0x13
 9845 03b1 00       		.byte	0
 9846 03b2 00       		.byte	0
 9847 03b3 3D       		.uleb128 0x3d
 9848 03b4 2E       		.uleb128 0x2e
 9849 03b5 01       		.byte	0x1
 9850 03b6 03       		.uleb128 0x3
 9851 03b7 0E       		.uleb128 0xe
 9852 03b8 3A       		.uleb128 0x3a
 9853 03b9 21       		.uleb128 0x21
 9854 03ba 01       		.sleb128 1
 9855 03bb 3B       		.uleb128 0x3b
 9856 03bc 0B       		.uleb128 0xb
 9857 03bd 39       		.uleb128 0x39
 9858 03be 0B       		.uleb128 0xb
 9859 03bf 27       		.uleb128 0x27
 9860 03c0 19       		.uleb128 0x19
 9861 03c1 49       		.uleb128 0x49
 9862 03c2 13       		.uleb128 0x13
 9863 03c3 20       		.uleb128 0x20
 9864 03c4 21       		.uleb128 0x21
 9865 03c5 01       		.sleb128 1
 9866 03c6 01       		.uleb128 0x1
 9867 03c7 13       		.uleb128 0x13
 9868 03c8 00       		.byte	0
 9869 03c9 00       		.byte	0
 9870 03ca 3E       		.uleb128 0x3e
 9871 03cb 05       		.uleb128 0x5
 9872 03cc 00       		.byte	0
 9873 03cd 03       		.uleb128 0x3
 9874 03ce 0E       		.uleb128 0xe
 9875 03cf 3A       		.uleb128 0x3a
 9876 03d0 21       		.uleb128 0x21
 9877 03d1 01       		.sleb128 1
 9878 03d2 3B       		.uleb128 0x3b
 9879 03d3 0B       		.uleb128 0xb
 9880 03d4 39       		.uleb128 0x39
 9881 03d5 0B       		.uleb128 0xb
 9882 03d6 49       		.uleb128 0x49
 9883 03d7 13       		.uleb128 0x13
 9884 03d8 00       		.byte	0
 9885 03d9 00       		.byte	0
ARM GAS  /tmp/cc9Yqsyg.s 			page 175


 9886 03da 3F       		.uleb128 0x3f
 9887 03db 34       		.uleb128 0x34
 9888 03dc 00       		.byte	0
 9889 03dd 03       		.uleb128 0x3
 9890 03de 08       		.uleb128 0x8
 9891 03df 3A       		.uleb128 0x3a
 9892 03e0 21       		.uleb128 0x21
 9893 03e1 01       		.sleb128 1
 9894 03e2 3B       		.uleb128 0x3b
 9895 03e3 0B       		.uleb128 0xb
 9896 03e4 39       		.uleb128 0x39
 9897 03e5 0B       		.uleb128 0xb
 9898 03e6 49       		.uleb128 0x49
 9899 03e7 13       		.uleb128 0x13
 9900 03e8 00       		.byte	0
 9901 03e9 00       		.byte	0
 9902 03ea 40       		.uleb128 0x40
 9903 03eb 2E       		.uleb128 0x2e
 9904 03ec 01       		.byte	0x1
 9905 03ed 03       		.uleb128 0x3
 9906 03ee 0E       		.uleb128 0xe
 9907 03ef 3A       		.uleb128 0x3a
 9908 03f0 0B       		.uleb128 0xb
 9909 03f1 3B       		.uleb128 0x3b
 9910 03f2 05       		.uleb128 0x5
 9911 03f3 39       		.uleb128 0x39
 9912 03f4 0B       		.uleb128 0xb
 9913 03f5 27       		.uleb128 0x27
 9914 03f6 19       		.uleb128 0x19
 9915 03f7 20       		.uleb128 0x20
 9916 03f8 21       		.uleb128 0x21
 9917 03f9 03       		.sleb128 3
 9918 03fa 01       		.uleb128 0x1
 9919 03fb 13       		.uleb128 0x13
 9920 03fc 00       		.byte	0
 9921 03fd 00       		.byte	0
 9922 03fe 41       		.uleb128 0x41
 9923 03ff 11       		.uleb128 0x11
 9924 0400 01       		.byte	0x1
 9925 0401 25       		.uleb128 0x25
 9926 0402 0E       		.uleb128 0xe
 9927 0403 13       		.uleb128 0x13
 9928 0404 0B       		.uleb128 0xb
 9929 0405 03       		.uleb128 0x3
 9930 0406 0E       		.uleb128 0xe
 9931 0407 1B       		.uleb128 0x1b
 9932 0408 0E       		.uleb128 0xe
 9933 0409 55       		.uleb128 0x55
 9934 040a 17       		.uleb128 0x17
 9935 040b 11       		.uleb128 0x11
 9936 040c 01       		.uleb128 0x1
 9937 040d 10       		.uleb128 0x10
 9938 040e 17       		.uleb128 0x17
 9939 040f 00       		.byte	0
 9940 0410 00       		.byte	0
 9941 0411 42       		.uleb128 0x42
 9942 0412 24       		.uleb128 0x24
ARM GAS  /tmp/cc9Yqsyg.s 			page 176


 9943 0413 00       		.byte	0
 9944 0414 0B       		.uleb128 0xb
 9945 0415 0B       		.uleb128 0xb
 9946 0416 3E       		.uleb128 0x3e
 9947 0417 0B       		.uleb128 0xb
 9948 0418 03       		.uleb128 0x3
 9949 0419 08       		.uleb128 0x8
 9950 041a 00       		.byte	0
 9951 041b 00       		.byte	0
 9952 041c 43       		.uleb128 0x43
 9953 041d 0F       		.uleb128 0xf
 9954 041e 00       		.byte	0
 9955 041f 0B       		.uleb128 0xb
 9956 0420 0B       		.uleb128 0xb
 9957 0421 00       		.byte	0
 9958 0422 00       		.byte	0
 9959 0423 44       		.uleb128 0x44
 9960 0424 34       		.uleb128 0x34
 9961 0425 00       		.byte	0
 9962 0426 03       		.uleb128 0x3
 9963 0427 08       		.uleb128 0x8
 9964 0428 3A       		.uleb128 0x3a
 9965 0429 0B       		.uleb128 0xb
 9966 042a 3B       		.uleb128 0x3b
 9967 042b 05       		.uleb128 0x5
 9968 042c 39       		.uleb128 0x39
 9969 042d 0B       		.uleb128 0xb
 9970 042e 49       		.uleb128 0x49
 9971 042f 13       		.uleb128 0x13
 9972 0430 3F       		.uleb128 0x3f
 9973 0431 19       		.uleb128 0x19
 9974 0432 3C       		.uleb128 0x3c
 9975 0433 19       		.uleb128 0x19
 9976 0434 00       		.byte	0
 9977 0435 00       		.byte	0
 9978 0436 45       		.uleb128 0x45
 9979 0437 13       		.uleb128 0x13
 9980 0438 01       		.byte	0x1
 9981 0439 0B       		.uleb128 0xb
 9982 043a 06       		.uleb128 0x6
 9983 043b 3A       		.uleb128 0x3a
 9984 043c 0B       		.uleb128 0xb
 9985 043d 3B       		.uleb128 0x3b
 9986 043e 0B       		.uleb128 0xb
 9987 043f 39       		.uleb128 0x39
 9988 0440 0B       		.uleb128 0xb
 9989 0441 01       		.uleb128 0x1
 9990 0442 13       		.uleb128 0x13
 9991 0443 00       		.byte	0
 9992 0444 00       		.byte	0
 9993 0445 46       		.uleb128 0x46
 9994 0446 21       		.uleb128 0x21
 9995 0447 00       		.byte	0
 9996 0448 49       		.uleb128 0x49
 9997 0449 13       		.uleb128 0x13
 9998 044a 2F       		.uleb128 0x2f
 9999 044b 05       		.uleb128 0x5
ARM GAS  /tmp/cc9Yqsyg.s 			page 177


 10000 044c 00       		.byte	0
 10001 044d 00       		.byte	0
 10002 044e 47       		.uleb128 0x47
 10003 044f 17       		.uleb128 0x17
 10004 0450 01       		.byte	0x1
 10005 0451 0B       		.uleb128 0xb
 10006 0452 0B       		.uleb128 0xb
 10007 0453 3A       		.uleb128 0x3a
 10008 0454 0B       		.uleb128 0xb
 10009 0455 3B       		.uleb128 0x3b
 10010 0456 05       		.uleb128 0x5
 10011 0457 39       		.uleb128 0x39
 10012 0458 0B       		.uleb128 0xb
 10013 0459 01       		.uleb128 0x1
 10014 045a 13       		.uleb128 0x13
 10015 045b 00       		.byte	0
 10016 045c 00       		.byte	0
 10017 045d 48       		.uleb128 0x48
 10018 045e 2E       		.uleb128 0x2e
 10019 045f 01       		.byte	0x1
 10020 0460 3F       		.uleb128 0x3f
 10021 0461 19       		.uleb128 0x19
 10022 0462 03       		.uleb128 0x3
 10023 0463 0E       		.uleb128 0xe
 10024 0464 3A       		.uleb128 0x3a
 10025 0465 0B       		.uleb128 0xb
 10026 0466 3B       		.uleb128 0x3b
 10027 0467 0B       		.uleb128 0xb
 10028 0468 39       		.uleb128 0x39
 10029 0469 0B       		.uleb128 0xb
 10030 046a 27       		.uleb128 0x27
 10031 046b 19       		.uleb128 0x19
 10032 046c 49       		.uleb128 0x49
 10033 046d 13       		.uleb128 0x13
 10034 046e 3C       		.uleb128 0x3c
 10035 046f 19       		.uleb128 0x19
 10036 0470 01       		.uleb128 0x1
 10037 0471 13       		.uleb128 0x13
 10038 0472 00       		.byte	0
 10039 0473 00       		.byte	0
 10040 0474 49       		.uleb128 0x49
 10041 0475 2E       		.uleb128 0x2e
 10042 0476 00       		.byte	0
 10043 0477 3F       		.uleb128 0x3f
 10044 0478 19       		.uleb128 0x19
 10045 0479 03       		.uleb128 0x3
 10046 047a 0E       		.uleb128 0xe
 10047 047b 3A       		.uleb128 0x3a
 10048 047c 0B       		.uleb128 0xb
 10049 047d 3B       		.uleb128 0x3b
 10050 047e 05       		.uleb128 0x5
 10051 047f 39       		.uleb128 0x39
 10052 0480 0B       		.uleb128 0xb
 10053 0481 27       		.uleb128 0x27
 10054 0482 19       		.uleb128 0x19
 10055 0483 3C       		.uleb128 0x3c
 10056 0484 19       		.uleb128 0x19
ARM GAS  /tmp/cc9Yqsyg.s 			page 178


 10057 0485 00       		.byte	0
 10058 0486 00       		.byte	0
 10059 0487 4A       		.uleb128 0x4a
 10060 0488 1D       		.uleb128 0x1d
 10061 0489 01       		.byte	0x1
 10062 048a 31       		.uleb128 0x31
 10063 048b 13       		.uleb128 0x13
 10064 048c 52       		.uleb128 0x52
 10065 048d 01       		.uleb128 0x1
 10066 048e B842     		.uleb128 0x2138
 10067 0490 05       		.uleb128 0x5
 10068 0491 55       		.uleb128 0x55
 10069 0492 17       		.uleb128 0x17
 10070 0493 58       		.uleb128 0x58
 10071 0494 0B       		.uleb128 0xb
 10072 0495 59       		.uleb128 0x59
 10073 0496 0B       		.uleb128 0xb
 10074 0497 57       		.uleb128 0x57
 10075 0498 0B       		.uleb128 0xb
 10076 0499 01       		.uleb128 0x1
 10077 049a 13       		.uleb128 0x13
 10078 049b 00       		.byte	0
 10079 049c 00       		.byte	0
 10080 049d 4B       		.uleb128 0x4b
 10081 049e 48       		.uleb128 0x48
 10082 049f 01       		.byte	0x1
 10083 04a0 7D       		.uleb128 0x7d
 10084 04a1 01       		.uleb128 0x1
 10085 04a2 8301     		.uleb128 0x83
 10086 04a4 18       		.uleb128 0x18
 10087 04a5 01       		.uleb128 0x1
 10088 04a6 13       		.uleb128 0x13
 10089 04a7 00       		.byte	0
 10090 04a8 00       		.byte	0
 10091 04a9 4C       		.uleb128 0x4c
 10092 04aa 1D       		.uleb128 0x1d
 10093 04ab 00       		.byte	0
 10094 04ac 31       		.uleb128 0x31
 10095 04ad 13       		.uleb128 0x13
 10096 04ae 52       		.uleb128 0x52
 10097 04af 01       		.uleb128 0x1
 10098 04b0 B842     		.uleb128 0x2138
 10099 04b2 05       		.uleb128 0x5
 10100 04b3 11       		.uleb128 0x11
 10101 04b4 01       		.uleb128 0x1
 10102 04b5 12       		.uleb128 0x12
 10103 04b6 06       		.uleb128 0x6
 10104 04b7 58       		.uleb128 0x58
 10105 04b8 0B       		.uleb128 0xb
 10106 04b9 59       		.uleb128 0x59
 10107 04ba 05       		.uleb128 0x5
 10108 04bb 57       		.uleb128 0x57
 10109 04bc 0B       		.uleb128 0xb
 10110 04bd 00       		.byte	0
 10111 04be 00       		.byte	0
 10112 04bf 4D       		.uleb128 0x4d
 10113 04c0 05       		.uleb128 0x5
ARM GAS  /tmp/cc9Yqsyg.s 			page 179


 10114 04c1 00       		.byte	0
 10115 04c2 03       		.uleb128 0x3
 10116 04c3 0E       		.uleb128 0xe
 10117 04c4 3A       		.uleb128 0x3a
 10118 04c5 0B       		.uleb128 0xb
 10119 04c6 3B       		.uleb128 0x3b
 10120 04c7 05       		.uleb128 0x5
 10121 04c8 39       		.uleb128 0x39
 10122 04c9 0B       		.uleb128 0xb
 10123 04ca 49       		.uleb128 0x49
 10124 04cb 13       		.uleb128 0x13
 10125 04cc 02       		.uleb128 0x2
 10126 04cd 18       		.uleb128 0x18
 10127 04ce 00       		.byte	0
 10128 04cf 00       		.byte	0
 10129 04d0 4E       		.uleb128 0x4e
 10130 04d1 2E       		.uleb128 0x2e
 10131 04d2 01       		.byte	0x1
 10132 04d3 3F       		.uleb128 0x3f
 10133 04d4 19       		.uleb128 0x19
 10134 04d5 03       		.uleb128 0x3
 10135 04d6 0E       		.uleb128 0xe
 10136 04d7 3A       		.uleb128 0x3a
 10137 04d8 0B       		.uleb128 0xb
 10138 04d9 3B       		.uleb128 0x3b
 10139 04da 0B       		.uleb128 0xb
 10140 04db 39       		.uleb128 0x39
 10141 04dc 0B       		.uleb128 0xb
 10142 04dd 27       		.uleb128 0x27
 10143 04de 19       		.uleb128 0x19
 10144 04df 11       		.uleb128 0x11
 10145 04e0 01       		.uleb128 0x1
 10146 04e1 12       		.uleb128 0x12
 10147 04e2 06       		.uleb128 0x6
 10148 04e3 40       		.uleb128 0x40
 10149 04e4 18       		.uleb128 0x18
 10150 04e5 7A       		.uleb128 0x7a
 10151 04e6 19       		.uleb128 0x19
 10152 04e7 01       		.uleb128 0x1
 10153 04e8 13       		.uleb128 0x13
 10154 04e9 00       		.byte	0
 10155 04ea 00       		.byte	0
 10156 04eb 4F       		.uleb128 0x4f
 10157 04ec 48       		.uleb128 0x48
 10158 04ed 00       		.byte	0
 10159 04ee 7D       		.uleb128 0x7d
 10160 04ef 01       		.uleb128 0x1
 10161 04f0 8201     		.uleb128 0x82
 10162 04f2 19       		.uleb128 0x19
 10163 04f3 7F       		.uleb128 0x7f
 10164 04f4 13       		.uleb128 0x13
 10165 04f5 00       		.byte	0
 10166 04f6 00       		.byte	0
 10167 04f7 50       		.uleb128 0x50
 10168 04f8 2E       		.uleb128 0x2e
 10169 04f9 01       		.byte	0x1
 10170 04fa 03       		.uleb128 0x3
ARM GAS  /tmp/cc9Yqsyg.s 			page 180


 10171 04fb 0E       		.uleb128 0xe
 10172 04fc 3A       		.uleb128 0x3a
 10173 04fd 0B       		.uleb128 0xb
 10174 04fe 3B       		.uleb128 0x3b
 10175 04ff 0B       		.uleb128 0xb
 10176 0500 39       		.uleb128 0x39
 10177 0501 0B       		.uleb128 0xb
 10178 0502 27       		.uleb128 0x27
 10179 0503 19       		.uleb128 0x19
 10180 0504 20       		.uleb128 0x20
 10181 0505 0B       		.uleb128 0xb
 10182 0506 01       		.uleb128 0x1
 10183 0507 13       		.uleb128 0x13
 10184 0508 00       		.byte	0
 10185 0509 00       		.byte	0
 10186 050a 51       		.uleb128 0x51
 10187 050b 05       		.uleb128 0x5
 10188 050c 00       		.byte	0
 10189 050d 03       		.uleb128 0x3
 10190 050e 08       		.uleb128 0x8
 10191 050f 3A       		.uleb128 0x3a
 10192 0510 0B       		.uleb128 0xb
 10193 0511 3B       		.uleb128 0x3b
 10194 0512 0B       		.uleb128 0xb
 10195 0513 39       		.uleb128 0x39
 10196 0514 0B       		.uleb128 0xb
 10197 0515 49       		.uleb128 0x49
 10198 0516 13       		.uleb128 0x13
 10199 0517 00       		.byte	0
 10200 0518 00       		.byte	0
 10201 0519 52       		.uleb128 0x52
 10202 051a 2E       		.uleb128 0x2e
 10203 051b 01       		.byte	0x1
 10204 051c 31       		.uleb128 0x31
 10205 051d 13       		.uleb128 0x13
 10206 051e 11       		.uleb128 0x11
 10207 051f 01       		.uleb128 0x1
 10208 0520 12       		.uleb128 0x12
 10209 0521 06       		.uleb128 0x6
 10210 0522 40       		.uleb128 0x40
 10211 0523 18       		.uleb128 0x18
 10212 0524 7A       		.uleb128 0x7a
 10213 0525 19       		.uleb128 0x19
 10214 0526 00       		.byte	0
 10215 0527 00       		.byte	0
 10216 0528 00       		.byte	0
 10217              		.section	.debug_loclists,"",%progbits
 10218 0000 4D0C0000 		.4byte	.Ldebug_loc3-.Ldebug_loc2
 10219              	.Ldebug_loc2:
 10220 0004 0500     		.2byte	0x5
 10221 0006 04       		.byte	0x4
 10222 0007 00       		.byte	0
 10223 0008 00000000 		.4byte	0
 10224              	.Ldebug_loc0:
 10225              	.LVUS113:
 10226 000c 00       		.uleb128 0
 10227 000d 00       		.uleb128 .LVU996
ARM GAS  /tmp/cc9Yqsyg.s 			page 181


 10228 000e 00       		.uleb128 .LVU996
 10229 000f 00       		.uleb128 .LVU1007
 10230 0010 00       		.uleb128 .LVU1007
 10231 0011 00       		.uleb128 .LVU1023
 10232 0012 00       		.uleb128 .LVU1023
 10233 0013 00       		.uleb128 .LVU1065
 10234 0014 00       		.uleb128 .LVU1065
 10235 0015 00       		.uleb128 .LVU1072
 10236 0016 00       		.uleb128 .LVU1072
 10237 0017 00       		.uleb128 .LVU1081
 10238 0018 00       		.uleb128 .LVU1081
 10239 0019 00       		.uleb128 .LVU1088
 10240 001a 00       		.uleb128 .LVU1088
 10241 001b 00       		.uleb128 0
 10242              	.LLST113:
 10243 001c 06       		.byte	0x6
 10244 001d 00000000 		.4byte	.LVL223
 10245 0021 04       		.byte	0x4
 10246 0022 00       		.uleb128 .LVL223-.LVL223
 10247 0023 1A       		.uleb128 .LVL224-.LVL223
 10248 0024 01       		.uleb128 0x1
 10249 0025 50       		.byte	0x50
 10250 0026 04       		.byte	0x4
 10251 0027 1A       		.uleb128 .LVL224-.LVL223
 10252 0028 42       		.uleb128 .LVL229-.LVL223
 10253 0029 01       		.uleb128 0x1
 10254 002a 54       		.byte	0x54
 10255 002b 04       		.byte	0x4
 10256 002c 42       		.uleb128 .LVL229-.LVL223
 10257 002d 59       		.uleb128 .LVL233-1-.LVL223
 10258 002e 01       		.uleb128 0x1
 10259 002f 50       		.byte	0x50
 10260 0030 04       		.byte	0x4
 10261 0031 59       		.uleb128 .LVL233-1-.LVL223
 10262 0032 7C       		.uleb128 .LVL240-.LVL223
 10263 0033 01       		.uleb128 0x1
 10264 0034 54       		.byte	0x54
 10265 0035 04       		.byte	0x4
 10266 0036 7C       		.uleb128 .LVL240-.LVL223
 10267 0037 8B01     		.uleb128 .LVL241-1-.LVL223
 10268 0039 01       		.uleb128 0x1
 10269 003a 50       		.byte	0x50
 10270 003b 04       		.byte	0x4
 10271 003c 8B01     		.uleb128 .LVL241-1-.LVL223
 10272 003e A201     		.uleb128 .LVL244-.LVL223
 10273 0040 01       		.uleb128 0x1
 10274 0041 54       		.byte	0x54
 10275 0042 04       		.byte	0x4
 10276 0043 A201     		.uleb128 .LVL244-.LVL223
 10277 0045 A801     		.uleb128 .LVL245-.LVL223
 10278 0047 01       		.uleb128 0x1
 10279 0048 50       		.byte	0x50
 10280 0049 04       		.byte	0x4
 10281 004a A801     		.uleb128 .LVL245-.LVL223
 10282 004c B001     		.uleb128 .LFE245-.LVL223
 10283 004e 0A       		.uleb128 0xa
 10284 004f A3       		.byte	0xa3
ARM GAS  /tmp/cc9Yqsyg.s 			page 182


 10285 0050 03       		.uleb128 0x3
 10286 0051 A5       		.byte	0xa5
 10287 0052 00       		.uleb128 0
 10288 0053 26       		.uleb128 0x26
 10289 0054 A8       		.byte	0xa8
 10290 0055 2D       		.uleb128 0x2d
 10291 0056 A8       		.byte	0xa8
 10292 0057 00       		.uleb128 0
 10293 0058 9F       		.byte	0x9f
 10294 0059 00       		.byte	0
 10295              	.LVUS114:
 10296 005a 00       		.uleb128 0
 10297 005b 00       		.uleb128 .LVU997
 10298 005c 00       		.uleb128 .LVU997
 10299 005d 00       		.uleb128 .LVU1007
 10300 005e 00       		.uleb128 .LVU1007
 10301 005f 00       		.uleb128 .LVU1016
 10302 0060 00       		.uleb128 .LVU1016
 10303 0061 00       		.uleb128 .LVU1065
 10304 0062 00       		.uleb128 .LVU1065
 10305 0063 00       		.uleb128 .LVU1072
 10306 0064 00       		.uleb128 .LVU1072
 10307 0065 00       		.uleb128 .LVU1081
 10308 0066 00       		.uleb128 .LVU1081
 10309 0067 00       		.uleb128 .LVU1089
 10310 0068 00       		.uleb128 .LVU1089
 10311 0069 00       		.uleb128 0
 10312              	.LLST114:
 10313 006a 06       		.byte	0x6
 10314 006b 00000000 		.4byte	.LVL223
 10315 006f 04       		.byte	0x4
 10316 0070 00       		.uleb128 .LVL223-.LVL223
 10317 0071 1D       		.uleb128 .LVL225-1-.LVL223
 10318 0072 01       		.uleb128 0x1
 10319 0073 51       		.byte	0x51
 10320 0074 04       		.byte	0x4
 10321 0075 1D       		.uleb128 .LVL225-1-.LVL223
 10322 0076 42       		.uleb128 .LVL229-.LVL223
 10323 0077 0A       		.uleb128 0xa
 10324 0078 A3       		.byte	0xa3
 10325 0079 03       		.uleb128 0x3
 10326 007a A5       		.byte	0xa5
 10327 007b 01       		.uleb128 0x1
 10328 007c 26       		.uleb128 0x26
 10329 007d A8       		.byte	0xa8
 10330 007e 34       		.uleb128 0x34
 10331 007f A8       		.byte	0xa8
 10332 0080 00       		.uleb128 0
 10333 0081 9F       		.byte	0x9f
 10334 0082 04       		.byte	0x4
 10335 0083 42       		.uleb128 .LVL229-.LVL223
 10336 0084 4E       		.uleb128 .LVL232-.LVL223
 10337 0085 01       		.uleb128 0x1
 10338 0086 51       		.byte	0x51
 10339 0087 04       		.byte	0x4
 10340 0088 4E       		.uleb128 .LVL232-.LVL223
 10341 0089 7C       		.uleb128 .LVL240-.LVL223
ARM GAS  /tmp/cc9Yqsyg.s 			page 183


 10342 008a 0A       		.uleb128 0xa
 10343 008b A3       		.byte	0xa3
 10344 008c 03       		.uleb128 0x3
 10345 008d A5       		.byte	0xa5
 10346 008e 01       		.uleb128 0x1
 10347 008f 26       		.uleb128 0x26
 10348 0090 A8       		.byte	0xa8
 10349 0091 34       		.uleb128 0x34
 10350 0092 A8       		.byte	0xa8
 10351 0093 00       		.uleb128 0
 10352 0094 9F       		.byte	0x9f
 10353 0095 04       		.byte	0x4
 10354 0096 7C       		.uleb128 .LVL240-.LVL223
 10355 0097 8B01     		.uleb128 .LVL241-1-.LVL223
 10356 0099 01       		.uleb128 0x1
 10357 009a 51       		.byte	0x51
 10358 009b 04       		.byte	0x4
 10359 009c 8B01     		.uleb128 .LVL241-1-.LVL223
 10360 009e A201     		.uleb128 .LVL244-.LVL223
 10361 00a0 0A       		.uleb128 0xa
 10362 00a1 A3       		.byte	0xa3
 10363 00a2 03       		.uleb128 0x3
 10364 00a3 A5       		.byte	0xa5
 10365 00a4 01       		.uleb128 0x1
 10366 00a5 26       		.uleb128 0x26
 10367 00a6 A8       		.byte	0xa8
 10368 00a7 34       		.uleb128 0x34
 10369 00a8 A8       		.byte	0xa8
 10370 00a9 00       		.uleb128 0
 10371 00aa 9F       		.byte	0x9f
 10372 00ab 04       		.byte	0x4
 10373 00ac A201     		.uleb128 .LVL244-.LVL223
 10374 00ae AB01     		.uleb128 .LVL246-1-.LVL223
 10375 00b0 01       		.uleb128 0x1
 10376 00b1 51       		.byte	0x51
 10377 00b2 04       		.byte	0x4
 10378 00b3 AB01     		.uleb128 .LVL246-1-.LVL223
 10379 00b5 B001     		.uleb128 .LFE245-.LVL223
 10380 00b7 0A       		.uleb128 0xa
 10381 00b8 A3       		.byte	0xa3
 10382 00b9 03       		.uleb128 0x3
 10383 00ba A5       		.byte	0xa5
 10384 00bb 01       		.uleb128 0x1
 10385 00bc 26       		.uleb128 0x26
 10386 00bd A8       		.byte	0xa8
 10387 00be 34       		.uleb128 0x34
 10388 00bf A8       		.byte	0xa8
 10389 00c0 00       		.uleb128 0
 10390 00c1 9F       		.byte	0x9f
 10391 00c2 00       		.byte	0
 10392              	.LVUS116:
 10393 00c3 01       		.uleb128 .LVU1011
 10394 00c4 00       		.uleb128 .LVU1023
 10395              	.LLST116:
 10396 00c5 08       		.byte	0x8
 10397 00c6 4A000000 		.4byte	.LVL230
 10398 00ca 10       		.uleb128 .LVL233-.LVL230
ARM GAS  /tmp/cc9Yqsyg.s 			page 184


 10399 00cb 02       		.uleb128 0x2
 10400 00cc 30       		.byte	0x30
 10401 00cd 9F       		.byte	0x9f
 10402 00ce 00       		.byte	0
 10403              	.LVUS119:
 10404 00cf 01       		.uleb128 .LVU1011
 10405 00d0 00       		.uleb128 .LVU1023
 10406 00d1 00       		.uleb128 .LVU1023
 10407 00d2 00       		.uleb128 .LVU1023
 10408              	.LLST119:
 10409 00d3 06       		.byte	0x6
 10410 00d4 4A000000 		.4byte	.LVL230
 10411 00d8 04       		.byte	0x4
 10412 00d9 00       		.uleb128 .LVL230-.LVL230
 10413 00da 0F       		.uleb128 .LVL233-1-.LVL230
 10414 00db 01       		.uleb128 0x1
 10415 00dc 50       		.byte	0x50
 10416 00dd 04       		.byte	0x4
 10417 00de 0F       		.uleb128 .LVL233-1-.LVL230
 10418 00df 10       		.uleb128 .LVL233-.LVL230
 10419 00e0 01       		.uleb128 0x1
 10420 00e1 54       		.byte	0x54
 10421 00e2 00       		.byte	0
 10422              	.LVUS120:
 10423 00e3 00       		.uleb128 .LVU1014
 10424 00e4 00       		.uleb128 .LVU1023
 10425              	.LLST120:
 10426 00e5 08       		.byte	0x8
 10427 00e6 4C000000 		.4byte	.LVL231
 10428 00ea 0D       		.uleb128 .LVL233-1-.LVL231
 10429 00eb 01       		.uleb128 0x1
 10430 00ec 53       		.byte	0x53
 10431 00ed 00       		.byte	0
 10432              	.LVUS121:
 10433 00ee 0A       		.uleb128 .LVU1033
 10434 00ef 00       		.uleb128 .LVU1035
 10435              	.LLST121:
 10436 00f0 08       		.byte	0x8
 10437 00f1 5A000000 		.4byte	.LVL233
 10438 00f5 06       		.uleb128 .LVL234-.LVL233
 10439 00f6 03       		.uleb128 0x3
 10440 00f7 08       		.byte	0x8
 10441 00f8 20       		.byte	0x20
 10442 00f9 9F       		.byte	0x9f
 10443 00fa 00       		.byte	0
 10444              	.LVUS123:
 10445 00fb 01       		.uleb128 .LVU1039
 10446 00fc 00       		.uleb128 .LVU1048
 10447 00fd 00       		.uleb128 .LVU1076
 10448 00fe 00       		.uleb128 .LVU1081
 10449              	.LLST123:
 10450 00ff 06       		.byte	0x6
 10451 0100 64000000 		.4byte	.LVL235
 10452 0104 04       		.byte	0x4
 10453 0105 00       		.uleb128 .LVL235-.LVL235
 10454 0106 0C       		.uleb128 .LVL237-.LVL235
 10455 0107 02       		.uleb128 0x2
ARM GAS  /tmp/cc9Yqsyg.s 			page 185


 10456 0108 30       		.byte	0x30
 10457 0109 9F       		.byte	0x9f
 10458 010a 04       		.byte	0x4
 10459 010b 30       		.uleb128 .LVL242-.LVL235
 10460 010c 3E       		.uleb128 .LVL244-.LVL235
 10461 010d 02       		.uleb128 0x2
 10462 010e 30       		.byte	0x30
 10463 010f 9F       		.byte	0x9f
 10464 0110 00       		.byte	0
 10465              	.LVUS124:
 10466 0111 01       		.uleb128 .LVU1039
 10467 0112 00       		.uleb128 .LVU1048
 10468 0113 00       		.uleb128 .LVU1076
 10469 0114 00       		.uleb128 .LVU1081
 10470              	.LLST124:
 10471 0115 06       		.byte	0x6
 10472 0116 64000000 		.4byte	.LVL235
 10473 011a 04       		.byte	0x4
 10474 011b 00       		.uleb128 .LVL235-.LVL235
 10475 011c 0C       		.uleb128 .LVL237-.LVL235
 10476 011d 01       		.uleb128 0x1
 10477 011e 54       		.byte	0x54
 10478 011f 04       		.byte	0x4
 10479 0120 30       		.uleb128 .LVL242-.LVL235
 10480 0121 3E       		.uleb128 .LVL244-.LVL235
 10481 0122 01       		.uleb128 0x1
 10482 0123 54       		.byte	0x54
 10483 0124 00       		.byte	0
 10484              	.LVUS125:
 10485 0125 06       		.uleb128 .LVU1060
 10486 0126 00       		.uleb128 .LVU1062
 10487              	.LLST125:
 10488 0127 08       		.byte	0x8
 10489 0128 74000000 		.4byte	.LVL238
 10490 012c 06       		.uleb128 .LVL239-.LVL238
 10491 012d 02       		.uleb128 0x2
 10492 012e 30       		.byte	0x30
 10493 012f 9F       		.byte	0x9f
 10494 0130 00       		.byte	0
 10495              	.LVUS92:
 10496 0131 00       		.uleb128 0
 10497 0132 00       		.uleb128 .LVU825
 10498 0133 00       		.uleb128 .LVU825
 10499 0134 00       		.uleb128 .LVU836
 10500 0135 00       		.uleb128 .LVU836
 10501 0136 00       		.uleb128 .LVU844
 10502 0137 00       		.uleb128 .LVU844
 10503 0138 00       		.uleb128 .LVU907
 10504 0139 00       		.uleb128 .LVU907
 10505 013a 00       		.uleb128 .LVU912
 10506 013b 00       		.uleb128 .LVU912
 10507 013c 00       		.uleb128 .LVU977
 10508 013d 00       		.uleb128 .LVU977
 10509 013e 00       		.uleb128 .LVU983
 10510 013f 00       		.uleb128 .LVU983
 10511 0140 00       		.uleb128 0
 10512              	.LLST92:
ARM GAS  /tmp/cc9Yqsyg.s 			page 186


 10513 0141 06       		.byte	0x6
 10514 0142 00000000 		.4byte	.LVL189
 10515 0146 04       		.byte	0x4
 10516 0147 00       		.uleb128 .LVL189-.LVL189
 10517 0148 1A       		.uleb128 .LVL190-.LVL189
 10518 0149 01       		.uleb128 0x1
 10519 014a 50       		.byte	0x50
 10520 014b 04       		.byte	0x4
 10521 014c 1A       		.uleb128 .LVL190-.LVL189
 10522 014d 42       		.uleb128 .LVL195-.LVL189
 10523 014e 01       		.uleb128 0x1
 10524 014f 54       		.byte	0x54
 10525 0150 04       		.byte	0x4
 10526 0151 42       		.uleb128 .LVL195-.LVL189
 10527 0152 54       		.uleb128 .LVL197-.LVL189
 10528 0153 01       		.uleb128 0x1
 10529 0154 50       		.byte	0x50
 10530 0155 04       		.byte	0x4
 10531 0156 54       		.uleb128 .LVL197-.LVL189
 10532 0157 A001     		.uleb128 .LVL208-.LVL189
 10533 0159 01       		.uleb128 0x1
 10534 015a 54       		.byte	0x54
 10535 015b 04       		.byte	0x4
 10536 015c A001     		.uleb128 .LVL208-.LVL189
 10537 015e A901     		.uleb128 .LVL209-1-.LVL189
 10538 0160 01       		.uleb128 0x1
 10539 0161 50       		.byte	0x50
 10540 0162 04       		.byte	0x4
 10541 0163 A901     		.uleb128 .LVL209-1-.LVL189
 10542 0165 F601     		.uleb128 .LVL220-.LVL189
 10543 0167 01       		.uleb128 0x1
 10544 0168 54       		.byte	0x54
 10545 0169 04       		.byte	0x4
 10546 016a F601     		.uleb128 .LVL220-.LVL189
 10547 016c FC01     		.uleb128 .LVL221-.LVL189
 10548 016e 01       		.uleb128 0x1
 10549 016f 50       		.byte	0x50
 10550 0170 04       		.byte	0x4
 10551 0171 FC01     		.uleb128 .LVL221-.LVL189
 10552 0173 8402     		.uleb128 .LFE244-.LVL189
 10553 0175 0A       		.uleb128 0xa
 10554 0176 A3       		.byte	0xa3
 10555 0177 03       		.uleb128 0x3
 10556 0178 A5       		.byte	0xa5
 10557 0179 00       		.uleb128 0
 10558 017a 26       		.uleb128 0x26
 10559 017b A8       		.byte	0xa8
 10560 017c 2D       		.uleb128 0x2d
 10561 017d A8       		.byte	0xa8
 10562 017e 00       		.uleb128 0
 10563 017f 9F       		.byte	0x9f
 10564 0180 00       		.byte	0
 10565              	.LVUS93:
 10566 0181 00       		.uleb128 0
 10567 0182 00       		.uleb128 .LVU826
 10568 0183 00       		.uleb128 .LVU826
 10569 0184 00       		.uleb128 .LVU836
ARM GAS  /tmp/cc9Yqsyg.s 			page 187


 10570 0185 00       		.uleb128 .LVU836
 10571 0186 00       		.uleb128 .LVU839
 10572 0187 00       		.uleb128 .LVU839
 10573 0188 00       		.uleb128 .LVU907
 10574 0189 00       		.uleb128 .LVU907
 10575 018a 00       		.uleb128 .LVU912
 10576 018b 00       		.uleb128 .LVU912
 10577 018c 00       		.uleb128 .LVU977
 10578 018d 00       		.uleb128 .LVU977
 10579 018e 00       		.uleb128 .LVU984
 10580 018f 00       		.uleb128 .LVU984
 10581 0190 00       		.uleb128 0
 10582              	.LLST93:
 10583 0191 06       		.byte	0x6
 10584 0192 00000000 		.4byte	.LVL189
 10585 0196 04       		.byte	0x4
 10586 0197 00       		.uleb128 .LVL189-.LVL189
 10587 0198 1D       		.uleb128 .LVL191-1-.LVL189
 10588 0199 01       		.uleb128 0x1
 10589 019a 51       		.byte	0x51
 10590 019b 04       		.byte	0x4
 10591 019c 1D       		.uleb128 .LVL191-1-.LVL189
 10592 019d 42       		.uleb128 .LVL195-.LVL189
 10593 019e 0A       		.uleb128 0xa
 10594 019f A3       		.byte	0xa3
 10595 01a0 03       		.uleb128 0x3
 10596 01a1 A5       		.byte	0xa5
 10597 01a2 01       		.uleb128 0x1
 10598 01a3 26       		.uleb128 0x26
 10599 01a4 A8       		.byte	0xa8
 10600 01a5 34       		.uleb128 0x34
 10601 01a6 A8       		.byte	0xa8
 10602 01a7 00       		.uleb128 0
 10603 01a8 9F       		.byte	0x9f
 10604 01a9 04       		.byte	0x4
 10605 01aa 42       		.uleb128 .LVL195-.LVL189
 10606 01ab 44       		.uleb128 .LVL196-.LVL189
 10607 01ac 01       		.uleb128 0x1
 10608 01ad 51       		.byte	0x51
 10609 01ae 04       		.byte	0x4
 10610 01af 44       		.uleb128 .LVL196-.LVL189
 10611 01b0 A001     		.uleb128 .LVL208-.LVL189
 10612 01b2 0A       		.uleb128 0xa
 10613 01b3 A3       		.byte	0xa3
 10614 01b4 03       		.uleb128 0x3
 10615 01b5 A5       		.byte	0xa5
 10616 01b6 01       		.uleb128 0x1
 10617 01b7 26       		.uleb128 0x26
 10618 01b8 A8       		.byte	0xa8
 10619 01b9 34       		.uleb128 0x34
 10620 01ba A8       		.byte	0xa8
 10621 01bb 00       		.uleb128 0
 10622 01bc 9F       		.byte	0x9f
 10623 01bd 04       		.byte	0x4
 10624 01be A001     		.uleb128 .LVL208-.LVL189
 10625 01c0 A901     		.uleb128 .LVL209-1-.LVL189
 10626 01c2 01       		.uleb128 0x1
ARM GAS  /tmp/cc9Yqsyg.s 			page 188


 10627 01c3 51       		.byte	0x51
 10628 01c4 04       		.byte	0x4
 10629 01c5 A901     		.uleb128 .LVL209-1-.LVL189
 10630 01c7 F601     		.uleb128 .LVL220-.LVL189
 10631 01c9 0A       		.uleb128 0xa
 10632 01ca A3       		.byte	0xa3
 10633 01cb 03       		.uleb128 0x3
 10634 01cc A5       		.byte	0xa5
 10635 01cd 01       		.uleb128 0x1
 10636 01ce 26       		.uleb128 0x26
 10637 01cf A8       		.byte	0xa8
 10638 01d0 34       		.uleb128 0x34
 10639 01d1 A8       		.byte	0xa8
 10640 01d2 00       		.uleb128 0
 10641 01d3 9F       		.byte	0x9f
 10642 01d4 04       		.byte	0x4
 10643 01d5 F601     		.uleb128 .LVL220-.LVL189
 10644 01d7 FF01     		.uleb128 .LVL222-1-.LVL189
 10645 01d9 01       		.uleb128 0x1
 10646 01da 51       		.byte	0x51
 10647 01db 04       		.byte	0x4
 10648 01dc FF01     		.uleb128 .LVL222-1-.LVL189
 10649 01de 8402     		.uleb128 .LFE244-.LVL189
 10650 01e0 0A       		.uleb128 0xa
 10651 01e1 A3       		.byte	0xa3
 10652 01e2 03       		.uleb128 0x3
 10653 01e3 A5       		.byte	0xa5
 10654 01e4 01       		.uleb128 0x1
 10655 01e5 26       		.uleb128 0x26
 10656 01e6 A8       		.byte	0xa8
 10657 01e7 34       		.uleb128 0x34
 10658 01e8 A8       		.byte	0xa8
 10659 01e9 00       		.uleb128 0
 10660 01ea 9F       		.byte	0x9f
 10661 01eb 00       		.byte	0
 10662              	.LVUS94:
 10663 01ec 01       		.uleb128 .LVU837
 10664 01ed 00       		.uleb128 .LVU844
 10665 01ee 00       		.uleb128 .LVU844
 10666 01ef 00       		.uleb128 .LVU846
 10667 01f0 00       		.uleb128 .LVU916
 10668 01f1 00       		.uleb128 .LVU923
 10669              	.LLST94:
 10670 01f2 06       		.byte	0x6
 10671 01f3 42000000 		.4byte	.LVL195
 10672 01f7 04       		.byte	0x4
 10673 01f8 00       		.uleb128 .LVL195-.LVL195
 10674 01f9 12       		.uleb128 .LVL197-.LVL195
 10675 01fa 0A       		.uleb128 0xa
 10676 01fb 70       		.byte	0x70
 10677 01fc CA00     		.sleb128 74
 10678 01fe 94       		.byte	0x94
 10679 01ff 02       		.byte	0x2
 10680 0200 0A       		.byte	0xa
 10681 0201 FFFF     		.2byte	0xffff
 10682 0203 1A       		.byte	0x1a
 10683 0204 9F       		.byte	0x9f
ARM GAS  /tmp/cc9Yqsyg.s 			page 189


 10684 0205 04       		.byte	0x4
 10685 0206 12       		.uleb128 .LVL197-.LVL195
 10686 0207 18       		.uleb128 .LVL198-.LVL195
 10687 0208 0A       		.uleb128 0xa
 10688 0209 74       		.byte	0x74
 10689 020a CA00     		.sleb128 74
 10690 020c 94       		.byte	0x94
 10691 020d 02       		.byte	0x2
 10692 020e 0A       		.byte	0xa
 10693 020f FFFF     		.2byte	0xffff
 10694 0211 1A       		.byte	0x1a
 10695 0212 9F       		.byte	0x9f
 10696 0213 04       		.byte	0x4
 10697 0214 70       		.uleb128 .LVL210-.LVL195
 10698 0215 78       		.uleb128 .LVL212-.LVL195
 10699 0216 0A       		.uleb128 0xa
 10700 0217 74       		.byte	0x74
 10701 0218 CA00     		.sleb128 74
 10702 021a 94       		.byte	0x94
 10703 021b 02       		.byte	0x2
 10704 021c 0A       		.byte	0xa
 10705 021d FFFF     		.2byte	0xffff
 10706 021f 1A       		.byte	0x1a
 10707 0220 9F       		.byte	0x9f
 10708 0221 00       		.byte	0
 10709              	.LVUS95:
 10710 0222 01       		.uleb128 .LVU849
 10711 0223 00       		.uleb128 .LVU861
 10712              	.LLST95:
 10713 0224 08       		.byte	0x8
 10714 0225 60000000 		.4byte	.LVL199
 10715 0229 12       		.uleb128 .LVL201-.LVL199
 10716 022a 02       		.uleb128 0x2
 10717 022b 30       		.byte	0x30
 10718 022c 9F       		.byte	0x9f
 10719 022d 00       		.byte	0
 10720              	.LVUS98:
 10721 022e 01       		.uleb128 .LVU849
 10722 022f 00       		.uleb128 .LVU861
 10723              	.LLST98:
 10724 0230 08       		.byte	0x8
 10725 0231 60000000 		.4byte	.LVL199
 10726 0235 12       		.uleb128 .LVL201-.LVL199
 10727 0236 01       		.uleb128 0x1
 10728 0237 54       		.byte	0x54
 10729 0238 00       		.byte	0
 10730              	.LVUS99:
 10731 0239 00       		.uleb128 .LVU852
 10732 023a 00       		.uleb128 .LVU861
 10733              	.LLST99:
 10734 023b 08       		.byte	0x8
 10735 023c 62000000 		.4byte	.LVL200
 10736 0240 0F       		.uleb128 .LVL201-1-.LVL200
 10737 0241 01       		.uleb128 0x1
 10738 0242 53       		.byte	0x53
 10739 0243 00       		.byte	0
 10740              	.LVUS100:
ARM GAS  /tmp/cc9Yqsyg.s 			page 190


 10741 0244 0A       		.uleb128 .LVU871
 10742 0245 00       		.uleb128 .LVU873
 10743              	.LLST100:
 10744 0246 08       		.byte	0x8
 10745 0247 72000000 		.4byte	.LVL201
 10746 024b 06       		.uleb128 .LVL202-.LVL201
 10747 024c 03       		.uleb128 0x3
 10748 024d 08       		.byte	0x8
 10749 024e 20       		.byte	0x20
 10750 024f 9F       		.byte	0x9f
 10751 0250 00       		.byte	0
 10752              	.LVUS101:
 10753 0251 01       		.uleb128 .LVU877
 10754 0252 01       		.uleb128 .LVU890
 10755              	.LLST101:
 10756 0253 08       		.byte	0x8
 10757 0254 7C000000 		.4byte	.LVL203
 10758 0258 18       		.uleb128 .LVL205-.LVL203
 10759 0259 02       		.uleb128 0x2
 10760 025a 30       		.byte	0x30
 10761 025b 9F       		.byte	0x9f
 10762 025c 00       		.byte	0
 10763              	.LVUS102:
 10764 025d 01       		.uleb128 .LVU877
 10765 025e 01       		.uleb128 .LVU890
 10766              	.LLST102:
 10767 025f 08       		.byte	0x8
 10768 0260 7C000000 		.4byte	.LVL203
 10769 0264 18       		.uleb128 .LVL205-.LVL203
 10770 0265 01       		.uleb128 0x1
 10771 0266 54       		.byte	0x54
 10772 0267 00       		.byte	0
 10773              	.LVUS103:
 10774 0268 06       		.uleb128 .LVU902
 10775 0269 00       		.uleb128 .LVU904
 10776              	.LLST103:
 10777 026a 08       		.byte	0x8
 10778 026b 98000000 		.4byte	.LVL206
 10779 026f 06       		.uleb128 .LVL207-.LVL206
 10780 0270 02       		.uleb128 0x2
 10781 0271 30       		.byte	0x30
 10782 0272 9F       		.byte	0x9f
 10783 0273 00       		.byte	0
 10784              	.LVUS104:
 10785 0274 01       		.uleb128 .LVU917
 10786 0275 00       		.uleb128 .LVU929
 10787              	.LLST104:
 10788 0276 08       		.byte	0x8
 10789 0277 B2000000 		.4byte	.LVL210
 10790 027b 10       		.uleb128 .LVL213-.LVL210
 10791 027c 02       		.uleb128 0x2
 10792 027d 30       		.byte	0x30
 10793 027e 9F       		.byte	0x9f
 10794 027f 00       		.byte	0
 10795              	.LVUS107:
 10796 0280 01       		.uleb128 .LVU917
 10797 0281 00       		.uleb128 .LVU929
ARM GAS  /tmp/cc9Yqsyg.s 			page 191


 10798              	.LLST107:
 10799 0282 08       		.byte	0x8
 10800 0283 B2000000 		.4byte	.LVL210
 10801 0287 10       		.uleb128 .LVL213-.LVL210
 10802 0288 01       		.uleb128 0x1
 10803 0289 54       		.byte	0x54
 10804 028a 00       		.byte	0
 10805              	.LVUS108:
 10806 028b 00       		.uleb128 .LVU920
 10807 028c 00       		.uleb128 .LVU929
 10808              	.LLST108:
 10809 028d 08       		.byte	0x8
 10810 028e B4000000 		.4byte	.LVL211
 10811 0292 0D       		.uleb128 .LVL213-1-.LVL211
 10812 0293 01       		.uleb128 0x1
 10813 0294 53       		.byte	0x53
 10814 0295 00       		.byte	0
 10815              	.LVUS109:
 10816 0296 0A       		.uleb128 .LVU939
 10817 0297 00       		.uleb128 .LVU941
 10818              	.LLST109:
 10819 0298 08       		.byte	0x8
 10820 0299 C2000000 		.4byte	.LVL213
 10821 029d 06       		.uleb128 .LVL214-.LVL213
 10822 029e 03       		.uleb128 0x3
 10823 029f 08       		.byte	0x8
 10824 02a0 20       		.byte	0x20
 10825 02a1 9F       		.byte	0x9f
 10826 02a2 00       		.byte	0
 10827              	.LVUS110:
 10828 02a3 01       		.uleb128 .LVU945
 10829 02a4 01       		.uleb128 .LVU958
 10830              	.LLST110:
 10831 02a5 08       		.byte	0x8
 10832 02a6 CC000000 		.4byte	.LVL215
 10833 02aa 18       		.uleb128 .LVL217-.LVL215
 10834 02ab 02       		.uleb128 0x2
 10835 02ac 30       		.byte	0x30
 10836 02ad 9F       		.byte	0x9f
 10837 02ae 00       		.byte	0
 10838              	.LVUS111:
 10839 02af 01       		.uleb128 .LVU945
 10840 02b0 01       		.uleb128 .LVU958
 10841              	.LLST111:
 10842 02b1 08       		.byte	0x8
 10843 02b2 CC000000 		.4byte	.LVL215
 10844 02b6 18       		.uleb128 .LVL217-.LVL215
 10845 02b7 01       		.uleb128 0x1
 10846 02b8 54       		.byte	0x54
 10847 02b9 00       		.byte	0
 10848              	.LVUS112:
 10849 02ba 06       		.uleb128 .LVU970
 10850 02bb 00       		.uleb128 .LVU972
 10851              	.LLST112:
 10852 02bc 08       		.byte	0x8
 10853 02bd E8000000 		.4byte	.LVL218
 10854 02c1 06       		.uleb128 .LVL219-.LVL218
ARM GAS  /tmp/cc9Yqsyg.s 			page 192


 10855 02c2 02       		.uleb128 0x2
 10856 02c3 30       		.byte	0x30
 10857 02c4 9F       		.byte	0x9f
 10858 02c5 00       		.byte	0
 10859              	.LVUS50:
 10860 02c6 00       		.uleb128 0
 10861 02c7 00       		.uleb128 .LVU447
 10862 02c8 00       		.uleb128 .LVU447
 10863 02c9 00       		.uleb128 .LVU747
 10864 02ca 00       		.uleb128 .LVU747
 10865 02cb 00       		.uleb128 .LVU749
 10866 02cc 00       		.uleb128 .LVU749
 10867 02cd 00       		.uleb128 .LVU765
 10868 02ce 00       		.uleb128 .LVU765
 10869 02cf 00       		.uleb128 .LVU766
 10870 02d0 00       		.uleb128 .LVU766
 10871 02d1 00       		.uleb128 .LVU794
 10872 02d2 00       		.uleb128 .LVU794
 10873 02d3 00       		.uleb128 .LVU795
 10874 02d4 00       		.uleb128 .LVU795
 10875 02d5 00       		.uleb128 .LVU803
 10876 02d6 00       		.uleb128 .LVU803
 10877 02d7 00       		.uleb128 .LVU805
 10878 02d8 00       		.uleb128 .LVU805
 10879 02d9 00       		.uleb128 .LVU807
 10880 02da 00       		.uleb128 .LVU807
 10881 02db 00       		.uleb128 .LVU808
 10882 02dc 00       		.uleb128 .LVU808
 10883 02dd 00       		.uleb128 .LVU810
 10884 02de 00       		.uleb128 .LVU810
 10885 02df 00       		.uleb128 .LVU811
 10886 02e0 00       		.uleb128 .LVU811
 10887 02e1 00       		.uleb128 0
 10888              	.LLST50:
 10889 02e2 06       		.byte	0x6
 10890 02e3 00000000 		.4byte	.LVL109
 10891 02e7 04       		.byte	0x4
 10892 02e8 00       		.uleb128 .LVL109-.LVL109
 10893 02e9 11       		.uleb128 .LVL110-1-.LVL109
 10894 02ea 01       		.uleb128 0x1
 10895 02eb 50       		.byte	0x50
 10896 02ec 04       		.byte	0x4
 10897 02ed 11       		.uleb128 .LVL110-1-.LVL109
 10898 02ee E204     		.uleb128 .LVL168-.LVL109
 10899 02f0 01       		.uleb128 0x1
 10900 02f1 54       		.byte	0x54
 10901 02f2 04       		.byte	0x4
 10902 02f3 E204     		.uleb128 .LVL168-.LVL109
 10903 02f5 E504     		.uleb128 .LVL169-1-.LVL109
 10904 02f7 01       		.uleb128 0x1
 10905 02f8 50       		.byte	0x50
 10906 02f9 04       		.byte	0x4
 10907 02fa E504     		.uleb128 .LVL169-1-.LVL109
 10908 02fc 9E05     		.uleb128 .LVL172-.LVL109
 10909 02fe 01       		.uleb128 0x1
 10910 02ff 54       		.byte	0x54
 10911 0300 04       		.byte	0x4
ARM GAS  /tmp/cc9Yqsyg.s 			page 193


 10912 0301 9E05     		.uleb128 .LVL172-.LVL109
 10913 0303 A105     		.uleb128 .LVL173-1-.LVL109
 10914 0305 01       		.uleb128 0x1
 10915 0306 50       		.byte	0x50
 10916 0307 04       		.byte	0x4
 10917 0308 A105     		.uleb128 .LVL173-1-.LVL109
 10918 030a EA05     		.uleb128 .LVL180-.LVL109
 10919 030c 01       		.uleb128 0x1
 10920 030d 54       		.byte	0x54
 10921 030e 04       		.byte	0x4
 10922 030f EA05     		.uleb128 .LVL180-.LVL109
 10923 0311 ED05     		.uleb128 .LVL181-1-.LVL109
 10924 0313 01       		.uleb128 0x1
 10925 0314 50       		.byte	0x50
 10926 0315 04       		.byte	0x4
 10927 0316 ED05     		.uleb128 .LVL181-1-.LVL109
 10928 0318 F405     		.uleb128 .LVL183-.LVL109
 10929 031a 01       		.uleb128 0x1
 10930 031b 54       		.byte	0x54
 10931 031c 04       		.byte	0x4
 10932 031d F405     		.uleb128 .LVL183-.LVL109
 10933 031f F705     		.uleb128 .LVL184-1-.LVL109
 10934 0321 01       		.uleb128 0x1
 10935 0322 50       		.byte	0x50
 10936 0323 04       		.byte	0x4
 10937 0324 F705     		.uleb128 .LVL184-1-.LVL109
 10938 0326 8006     		.uleb128 .LVL185-.LVL109
 10939 0328 01       		.uleb128 0x1
 10940 0329 54       		.byte	0x54
 10941 032a 04       		.byte	0x4
 10942 032b 8006     		.uleb128 .LVL185-.LVL109
 10943 032d 8306     		.uleb128 .LVL186-1-.LVL109
 10944 032f 01       		.uleb128 0x1
 10945 0330 50       		.byte	0x50
 10946 0331 04       		.byte	0x4
 10947 0332 8306     		.uleb128 .LVL186-1-.LVL109
 10948 0334 8A06     		.uleb128 .LVL187-.LVL109
 10949 0336 01       		.uleb128 0x1
 10950 0337 54       		.byte	0x54
 10951 0338 04       		.byte	0x4
 10952 0339 8A06     		.uleb128 .LVL187-.LVL109
 10953 033b 8D06     		.uleb128 .LVL188-1-.LVL109
 10954 033d 01       		.uleb128 0x1
 10955 033e 50       		.byte	0x50
 10956 033f 04       		.byte	0x4
 10957 0340 8D06     		.uleb128 .LVL188-1-.LVL109
 10958 0342 A006     		.uleb128 .LFE243-.LVL109
 10959 0344 01       		.uleb128 0x1
 10960 0345 54       		.byte	0x54
 10961 0346 00       		.byte	0
 10962              	.LVUS51:
 10963 0347 00       		.uleb128 0
 10964 0348 00       		.uleb128 .LVU447
 10965 0349 00       		.uleb128 .LVU447
 10966 034a 00       		.uleb128 0
 10967              	.LLST51:
 10968 034b 06       		.byte	0x6
ARM GAS  /tmp/cc9Yqsyg.s 			page 194


 10969 034c 00000000 		.4byte	.LVL109
 10970 0350 04       		.byte	0x4
 10971 0351 00       		.uleb128 .LVL109-.LVL109
 10972 0352 11       		.uleb128 .LVL110-1-.LVL109
 10973 0353 01       		.uleb128 0x1
 10974 0354 51       		.byte	0x51
 10975 0355 04       		.byte	0x4
 10976 0356 11       		.uleb128 .LVL110-1-.LVL109
 10977 0357 A006     		.uleb128 .LFE243-.LVL109
 10978 0359 0A       		.uleb128 0xa
 10979 035a A3       		.byte	0xa3
 10980 035b 03       		.uleb128 0x3
 10981 035c A5       		.byte	0xa5
 10982 035d 01       		.uleb128 0x1
 10983 035e 26       		.uleb128 0x26
 10984 035f A8       		.byte	0xa8
 10985 0360 34       		.uleb128 0x34
 10986 0361 A8       		.byte	0xa8
 10987 0362 00       		.uleb128 0
 10988 0363 9F       		.byte	0x9f
 10989 0364 00       		.byte	0
 10990              	.LVUS52:
 10991 0365 00       		.uleb128 .LVU455
 10992 0366 00       		.uleb128 .LVU458
 10993 0367 01       		.uleb128 .LVU648
 10994 0368 00       		.uleb128 .LVU653
 10995              	.LLST52:
 10996 0369 06       		.byte	0x6
 10997 036a 28000000 		.4byte	.LVL112
 10998 036e 04       		.byte	0x4
 10999 036f 00       		.uleb128 .LVL112-.LVL112
 11000 0370 06       		.uleb128 .LVL113-.LVL112
 11001 0371 01       		.uleb128 0x1
 11002 0372 52       		.byte	0x52
 11003 0373 04       		.byte	0x4
 11004 0374 D002     		.uleb128 .LVL147-.LVL112
 11005 0376 D602     		.uleb128 .LVL148-.LVL112
 11006 0378 18       		.uleb128 0x18
 11007 0379 74       		.byte	0x74
 11008 037a CB00     		.sleb128 75
 11009 037c 94       		.byte	0x94
 11010 037d 01       		.byte	0x1
 11011 037e 08       		.byte	0x8
 11012 037f FF       		.byte	0xff
 11013 0380 1A       		.byte	0x1a
 11014 0381 38       		.byte	0x38
 11015 0382 24       		.byte	0x24
 11016 0383 74       		.byte	0x74
 11017 0384 CA00     		.sleb128 74
 11018 0386 94       		.byte	0x94
 11019 0387 01       		.byte	0x1
 11020 0388 08       		.byte	0x8
 11021 0389 FF       		.byte	0xff
 11022 038a 1A       		.byte	0x1a
 11023 038b 21       		.byte	0x21
 11024 038c 0A       		.byte	0xa
 11025 038d FFFF     		.2byte	0xffff
ARM GAS  /tmp/cc9Yqsyg.s 			page 195


 11026 038f 1A       		.byte	0x1a
 11027 0390 9F       		.byte	0x9f
 11028 0391 00       		.byte	0
 11029              	.LVUS54:
 11030 0392 00       		.uleb128 .LVU555
 11031 0393 01       		.uleb128 .LVU564
 11032              	.LLST54:
 11033 0394 08       		.byte	0x8
 11034 0395 F8000000 		.4byte	.LVL131
 11035 0399 08       		.uleb128 .LVL133-.LVL131
 11036 039a 02       		.uleb128 0x2
 11037 039b 74       		.byte	0x74
 11038 039c 3C       		.sleb128 60
 11039 039d 00       		.byte	0
 11040              	.LVUS55:
 11041 039e 00       		.uleb128 .LVU555
 11042 039f 01       		.uleb128 .LVU564
 11043              	.LLST55:
 11044 03a0 08       		.byte	0x8
 11045 03a1 F8000000 		.4byte	.LVL131
 11046 03a5 08       		.uleb128 .LVL133-.LVL131
 11047 03a6 01       		.uleb128 0x1
 11048 03a7 50       		.byte	0x50
 11049 03a8 00       		.byte	0
 11050              	.LVUS56:
 11051 03a9 00       		.uleb128 .LVU555
 11052 03aa 01       		.uleb128 .LVU564
 11053              	.LLST56:
 11054 03ab 08       		.byte	0x8
 11055 03ac F8000000 		.4byte	.LVL131
 11056 03b0 08       		.uleb128 .LVL133-.LVL131
 11057 03b1 02       		.uleb128 0x2
 11058 03b2 30       		.byte	0x30
 11059 03b3 9F       		.byte	0x9f
 11060 03b4 00       		.byte	0
 11061              	.LVUS57:
 11062 03b5 00       		.uleb128 .LVU555
 11063 03b6 01       		.uleb128 .LVU564
 11064              	.LLST57:
 11065 03b7 08       		.byte	0x8
 11066 03b8 F8000000 		.4byte	.LVL131
 11067 03bc 08       		.uleb128 .LVL133-.LVL131
 11068 03bd 01       		.uleb128 0x1
 11069 03be 54       		.byte	0x54
 11070 03bf 00       		.byte	0
 11071              	.LVUS58:
 11072 03c0 02       		.uleb128 .LVU557
 11073 03c1 01       		.uleb128 .LVU564
 11074              	.LLST58:
 11075 03c2 08       		.byte	0x8
 11076 03c3 F8000000 		.4byte	.LVL131
 11077 03c7 08       		.uleb128 .LVL133-.LVL131
 11078 03c8 01       		.uleb128 0x1
 11079 03c9 53       		.byte	0x53
 11080 03ca 00       		.byte	0
 11081              	.LVUS60:
 11082 03cb 00       		.uleb128 .LVU471
ARM GAS  /tmp/cc9Yqsyg.s 			page 196


 11083 03cc 00       		.uleb128 .LVU479
 11084              	.LLST60:
 11085 03cd 08       		.byte	0x8
 11086 03ce 46000000 		.4byte	.LVL114
 11087 03d2 08       		.uleb128 .LVL116-.LVL114
 11088 03d3 02       		.uleb128 0x2
 11089 03d4 74       		.byte	0x74
 11090 03d5 3C       		.sleb128 60
 11091 03d6 00       		.byte	0
 11092              	.LVUS61:
 11093 03d7 00       		.uleb128 .LVU471
 11094 03d8 00       		.uleb128 .LVU479
 11095              	.LLST61:
 11096 03d9 08       		.byte	0x8
 11097 03da 46000000 		.4byte	.LVL114
 11098 03de 08       		.uleb128 .LVL116-.LVL114
 11099 03df 01       		.uleb128 0x1
 11100 03e0 50       		.byte	0x50
 11101 03e1 00       		.byte	0
 11102              	.LVUS62:
 11103 03e2 00       		.uleb128 .LVU471
 11104 03e3 00       		.uleb128 .LVU479
 11105              	.LLST62:
 11106 03e4 08       		.byte	0x8
 11107 03e5 46000000 		.4byte	.LVL114
 11108 03e9 08       		.uleb128 .LVL116-.LVL114
 11109 03ea 02       		.uleb128 0x2
 11110 03eb 30       		.byte	0x30
 11111 03ec 9F       		.byte	0x9f
 11112 03ed 00       		.byte	0
 11113              	.LVUS63:
 11114 03ee 00       		.uleb128 .LVU471
 11115 03ef 00       		.uleb128 .LVU479
 11116              	.LLST63:
 11117 03f0 08       		.byte	0x8
 11118 03f1 46000000 		.4byte	.LVL114
 11119 03f5 08       		.uleb128 .LVL116-.LVL114
 11120 03f6 01       		.uleb128 0x1
 11121 03f7 54       		.byte	0x54
 11122 03f8 00       		.byte	0
 11123              	.LVUS64:
 11124 03f9 02       		.uleb128 .LVU473
 11125 03fa 00       		.uleb128 .LVU479
 11126              	.LLST64:
 11127 03fb 08       		.byte	0x8
 11128 03fc 46000000 		.4byte	.LVL114
 11129 0400 08       		.uleb128 .LVL116-.LVL114
 11130 0401 01       		.uleb128 0x1
 11131 0402 53       		.byte	0x53
 11132 0403 00       		.byte	0
 11133              	.LVUS65:
 11134 0404 09       		.uleb128 .LVU491
 11135 0405 00       		.uleb128 .LVU493
 11136              	.LLST65:
 11137 0406 08       		.byte	0x8
 11138 0407 56000000 		.4byte	.LVL117
 11139 040b 06       		.uleb128 .LVL118-.LVL117
ARM GAS  /tmp/cc9Yqsyg.s 			page 197


 11140 040c 03       		.uleb128 0x3
 11141 040d 08       		.byte	0x8
 11142 040e 20       		.byte	0x20
 11143 040f 9F       		.byte	0x9f
 11144 0410 00       		.byte	0
 11145              	.LVUS67:
 11146 0411 01       		.uleb128 .LVU497
 11147 0412 00       		.uleb128 .LVU506
 11148 0413 00       		.uleb128 .LVU610
 11149 0414 01       		.uleb128 .LVU615
 11150              	.LLST67:
 11151 0415 06       		.byte	0x6
 11152 0416 60000000 		.4byte	.LVL119
 11153 041a 04       		.byte	0x4
 11154 041b 00       		.uleb128 .LVL119-.LVL119
 11155 041c 0C       		.uleb128 .LVL121-.LVL119
 11156 041d 02       		.uleb128 0x2
 11157 041e 30       		.byte	0x30
 11158 041f 9F       		.byte	0x9f
 11159 0420 04       		.byte	0x4
 11160 0421 D601     		.uleb128 .LVL141-.LVL119
 11161 0423 E201     		.uleb128 .LVL142-.LVL119
 11162 0425 02       		.uleb128 0x2
 11163 0426 30       		.byte	0x30
 11164 0427 9F       		.byte	0x9f
 11165 0428 00       		.byte	0
 11166              	.LVUS68:
 11167 0429 01       		.uleb128 .LVU497
 11168 042a 00       		.uleb128 .LVU506
 11169 042b 00       		.uleb128 .LVU610
 11170 042c 01       		.uleb128 .LVU615
 11171              	.LLST68:
 11172 042d 06       		.byte	0x6
 11173 042e 60000000 		.4byte	.LVL119
 11174 0432 04       		.byte	0x4
 11175 0433 00       		.uleb128 .LVL119-.LVL119
 11176 0434 0C       		.uleb128 .LVL121-.LVL119
 11177 0435 01       		.uleb128 0x1
 11178 0436 54       		.byte	0x54
 11179 0437 04       		.byte	0x4
 11180 0438 D601     		.uleb128 .LVL141-.LVL119
 11181 043a E201     		.uleb128 .LVL142-.LVL119
 11182 043c 01       		.uleb128 0x1
 11183 043d 54       		.byte	0x54
 11184 043e 00       		.byte	0
 11185              	.LVUS72:
 11186 043f 06       		.uleb128 .LVU518
 11187 0440 00       		.uleb128 .LVU520
 11188 0441 06       		.uleb128 .LVU607
 11189 0442 00       		.uleb128 .LVU609
 11190 0443 06       		.uleb128 .LVU632
 11191 0444 00       		.uleb128 .LVU634
 11192              	.LLST72:
 11193 0445 06       		.byte	0x6
 11194 0446 70000000 		.4byte	.LVL122
 11195 044a 04       		.byte	0x4
 11196 044b 00       		.uleb128 .LVL122-.LVL122
ARM GAS  /tmp/cc9Yqsyg.s 			page 198


 11197 044c 06       		.uleb128 .LVL123-.LVL122
 11198 044d 02       		.uleb128 0x2
 11199 044e 30       		.byte	0x30
 11200 044f 9F       		.byte	0x9f
 11201 0450 04       		.byte	0x4
 11202 0451 BE01     		.uleb128 .LVL139-.LVL122
 11203 0453 C401     		.uleb128 .LVL140-.LVL122
 11204 0455 02       		.uleb128 0x2
 11205 0456 30       		.byte	0x30
 11206 0457 9F       		.byte	0x9f
 11207 0458 04       		.byte	0x4
 11208 0459 D601     		.uleb128 .LVL143-.LVL122
 11209 045b DC01     		.uleb128 .LVL144-.LVL122
 11210 045d 02       		.uleb128 0x2
 11211 045e 30       		.byte	0x30
 11212 045f 9F       		.byte	0x9f
 11213 0460 00       		.byte	0
 11214              	.LVUS74:
 11215 0461 00       		.uleb128 .LVU527
 11216 0462 02       		.uleb128 .LVU538
 11217 0463 00       		.uleb128 .LVU635
 11218 0464 05       		.uleb128 .LVU646
 11219 0465 00       		.uleb128 .LVU680
 11220 0466 03       		.uleb128 .LVU691
 11221 0467 00       		.uleb128 .LVU692
 11222 0468 06       		.uleb128 .LVU708
 11223 0469 00       		.uleb128 .LVU709
 11224 046a 06       		.uleb128 .LVU729
 11225 046b 00       		.uleb128 .LVU730
 11226 046c 05       		.uleb128 .LVU740
 11227 046d 00       		.uleb128 .LVU741
 11228 046e 00       		.uleb128 .LVU747
 11229 046f 00       		.uleb128 .LVU747
 11230 0470 00       		.uleb128 .LVU749
 11231 0471 00       		.uleb128 .LVU749
 11232 0472 02       		.uleb128 .LVU755
 11233 0473 00       		.uleb128 .LVU756
 11234 0474 00       		.uleb128 .LVU765
 11235 0475 00       		.uleb128 .LVU765
 11236 0476 00       		.uleb128 .LVU766
 11237 0477 00       		.uleb128 .LVU766
 11238 0478 05       		.uleb128 .LVU773
 11239 0479 00       		.uleb128 .LVU774
 11240 047a 02       		.uleb128 .LVU779
 11241 047b 00       		.uleb128 .LVU780
 11242 047c 02       		.uleb128 .LVU784
 11243 047d 00       		.uleb128 .LVU785
 11244 047e 00       		.uleb128 .LVU794
 11245 047f 00       		.uleb128 .LVU794
 11246 0480 00       		.uleb128 .LVU795
 11247 0481 00       		.uleb128 .LVU795
 11248 0482 05       		.uleb128 .LVU802
 11249 0483 00       		.uleb128 .LVU803
 11250 0484 00       		.uleb128 .LVU805
 11251 0485 00       		.uleb128 .LVU805
 11252 0486 00       		.uleb128 .LVU807
 11253 0487 00       		.uleb128 .LVU807
ARM GAS  /tmp/cc9Yqsyg.s 			page 199


 11254 0488 00       		.uleb128 .LVU808
 11255 0489 00       		.uleb128 .LVU808
 11256 048a 00       		.uleb128 .LVU810
 11257 048b 00       		.uleb128 .LVU810
 11258 048c 00       		.uleb128 .LVU811
 11259 048d 00       		.uleb128 .LVU811
 11260 048e 00       		.uleb128 0
 11261              	.LLST74:
 11262 048f 06       		.byte	0x6
 11263 0490 84000000 		.4byte	.LVL125
 11264 0494 04       		.byte	0x4
 11265 0495 00       		.uleb128 .LVL125-.LVL125
 11266 0496 3E       		.uleb128 .LVL126-.LVL125
 11267 0497 01       		.uleb128 0x1
 11268 0498 54       		.byte	0x54
 11269 0499 04       		.byte	0x4
 11270 049a CA01     		.uleb128 .LVL145-.LVL125
 11271 049c EC01     		.uleb128 .LVL146-.LVL125
 11272 049e 01       		.uleb128 0x1
 11273 049f 54       		.byte	0x54
 11274 04a0 04       		.byte	0x4
 11275 04a1 9E02     		.uleb128 .LVL154-.LVL125
 11276 04a3 DC02     		.uleb128 .LVL156-.LVL125
 11277 04a5 01       		.uleb128 0x1
 11278 04a6 54       		.byte	0x54
 11279 04a7 04       		.byte	0x4
 11280 04a8 DE02     		.uleb128 .LVL157-.LVL125
 11281 04aa 8803     		.uleb128 .LVL159-.LVL125
 11282 04ac 01       		.uleb128 0x1
 11283 04ad 54       		.byte	0x54
 11284 04ae 04       		.byte	0x4
 11285 04af 8A03     		.uleb128 .LVL160-.LVL125
 11286 04b1 B603     		.uleb128 .LVL164-.LVL125
 11287 04b3 01       		.uleb128 0x1
 11288 04b4 54       		.byte	0x54
 11289 04b5 04       		.byte	0x4
 11290 04b6 B803     		.uleb128 .LVL165-.LVL125
 11291 04b8 CE03     		.uleb128 .LVL166-.LVL125
 11292 04ba 01       		.uleb128 0x1
 11293 04bb 54       		.byte	0x54
 11294 04bc 04       		.byte	0x4
 11295 04bd D003     		.uleb128 .LVL167-.LVL125
 11296 04bf DE03     		.uleb128 .LVL168-.LVL125
 11297 04c1 01       		.uleb128 0x1
 11298 04c2 54       		.byte	0x54
 11299 04c3 04       		.byte	0x4
 11300 04c4 DE03     		.uleb128 .LVL168-.LVL125
 11301 04c6 E103     		.uleb128 .LVL169-1-.LVL125
 11302 04c8 01       		.uleb128 0x1
 11303 04c9 50       		.byte	0x50
 11304 04ca 04       		.byte	0x4
 11305 04cb E103     		.uleb128 .LVL169-1-.LVL125
 11306 04cd FC03     		.uleb128 .LVL170-.LVL125
 11307 04cf 01       		.uleb128 0x1
 11308 04d0 54       		.byte	0x54
 11309 04d1 04       		.byte	0x4
 11310 04d2 FE03     		.uleb128 .LVL171-.LVL125
ARM GAS  /tmp/cc9Yqsyg.s 			page 200


 11311 04d4 9A04     		.uleb128 .LVL172-.LVL125
 11312 04d6 01       		.uleb128 0x1
 11313 04d7 54       		.byte	0x54
 11314 04d8 04       		.byte	0x4
 11315 04d9 9A04     		.uleb128 .LVL172-.LVL125
 11316 04db 9D04     		.uleb128 .LVL173-1-.LVL125
 11317 04dd 01       		.uleb128 0x1
 11318 04de 50       		.byte	0x50
 11319 04df 04       		.byte	0x4
 11320 04e0 9D04     		.uleb128 .LVL173-1-.LVL125
 11321 04e2 A204     		.uleb128 .LVL174-.LVL125
 11322 04e4 01       		.uleb128 0x1
 11323 04e5 54       		.byte	0x54
 11324 04e6 04       		.byte	0x4
 11325 04e7 A404     		.uleb128 .LVL175-.LVL125
 11326 04e9 BA04     		.uleb128 .LVL176-.LVL125
 11327 04eb 01       		.uleb128 0x1
 11328 04ec 54       		.byte	0x54
 11329 04ed 04       		.byte	0x4
 11330 04ee BC04     		.uleb128 .LVL177-.LVL125
 11331 04f0 C804     		.uleb128 .LVL178-.LVL125
 11332 04f2 01       		.uleb128 0x1
 11333 04f3 54       		.byte	0x54
 11334 04f4 04       		.byte	0x4
 11335 04f5 CA04     		.uleb128 .LVL179-.LVL125
 11336 04f7 E604     		.uleb128 .LVL180-.LVL125
 11337 04f9 01       		.uleb128 0x1
 11338 04fa 54       		.byte	0x54
 11339 04fb 04       		.byte	0x4
 11340 04fc E604     		.uleb128 .LVL180-.LVL125
 11341 04fe E904     		.uleb128 .LVL181-1-.LVL125
 11342 0500 01       		.uleb128 0x1
 11343 0501 50       		.byte	0x50
 11344 0502 04       		.byte	0x4
 11345 0503 E904     		.uleb128 .LVL181-1-.LVL125
 11346 0505 EE04     		.uleb128 .LVL182-.LVL125
 11347 0507 01       		.uleb128 0x1
 11348 0508 54       		.byte	0x54
 11349 0509 04       		.byte	0x4
 11350 050a F004     		.uleb128 .LVL183-.LVL125
 11351 050c F304     		.uleb128 .LVL184-1-.LVL125
 11352 050e 01       		.uleb128 0x1
 11353 050f 50       		.byte	0x50
 11354 0510 04       		.byte	0x4
 11355 0511 F304     		.uleb128 .LVL184-1-.LVL125
 11356 0513 FC04     		.uleb128 .LVL185-.LVL125
 11357 0515 01       		.uleb128 0x1
 11358 0516 54       		.byte	0x54
 11359 0517 04       		.byte	0x4
 11360 0518 FC04     		.uleb128 .LVL185-.LVL125
 11361 051a FF04     		.uleb128 .LVL186-1-.LVL125
 11362 051c 01       		.uleb128 0x1
 11363 051d 50       		.byte	0x50
 11364 051e 04       		.byte	0x4
 11365 051f FF04     		.uleb128 .LVL186-1-.LVL125
 11366 0521 8605     		.uleb128 .LVL187-.LVL125
 11367 0523 01       		.uleb128 0x1
ARM GAS  /tmp/cc9Yqsyg.s 			page 201


 11368 0524 54       		.byte	0x54
 11369 0525 04       		.byte	0x4
 11370 0526 8605     		.uleb128 .LVL187-.LVL125
 11371 0528 8905     		.uleb128 .LVL188-1-.LVL125
 11372 052a 01       		.uleb128 0x1
 11373 052b 50       		.byte	0x50
 11374 052c 04       		.byte	0x4
 11375 052d 8905     		.uleb128 .LVL188-1-.LVL125
 11376 052f 9C05     		.uleb128 .LFE243-.LVL125
 11377 0531 01       		.uleb128 0x1
 11378 0532 54       		.byte	0x54
 11379 0533 00       		.byte	0
 11380              	.LVUS75:
 11381 0534 00       		.uleb128 .LVU685
 11382 0535 03       		.uleb128 .LVU691
 11383              	.LLST75:
 11384 0536 08       		.byte	0x8
 11385 0537 CC010000 		.4byte	.LVL155
 11386 053b 14       		.uleb128 .LVL156-.LVL155
 11387 053c 01       		.uleb128 0x1
 11388 053d 50       		.byte	0x50
 11389 053e 00       		.byte	0
 11390              	.LVUS77:
 11391 053f 01       		.uleb128 .LVU712
 11392 0540 00       		.uleb128 .LVU723
 11393              	.LLST77:
 11394 0541 08       		.byte	0x8
 11395 0542 18020000 		.4byte	.LVL161
 11396 0546 22       		.uleb128 .LVL164-.LVL161
 11397 0547 01       		.uleb128 0x1
 11398 0548 54       		.byte	0x54
 11399 0549 00       		.byte	0
 11400              	.LVUS79:
 11401 054a 01       		.uleb128 .LVU670
 11402 054b 00       		.uleb128 .LVU680
 11403              	.LLST79:
 11404 054c 08       		.byte	0x8
 11405 054d 96010000 		.4byte	.LVL152
 11406 0551 0C       		.uleb128 .LVL154-.LVL152
 11407 0552 02       		.uleb128 0x2
 11408 0553 30       		.byte	0x30
 11409 0554 9F       		.byte	0x9f
 11410 0555 00       		.byte	0
 11411              	.LVUS82:
 11412 0556 01       		.uleb128 .LVU670
 11413 0557 00       		.uleb128 .LVU680
 11414              	.LLST82:
 11415 0558 08       		.byte	0x8
 11416 0559 96010000 		.4byte	.LVL152
 11417 055d 0C       		.uleb128 .LVL154-.LVL152
 11418 055e 01       		.uleb128 0x1
 11419 055f 54       		.byte	0x54
 11420 0560 00       		.byte	0
 11421              	.LVUS83:
 11422 0561 00       		.uleb128 .LVU673
 11423 0562 00       		.uleb128 .LVU680
 11424              	.LLST83:
ARM GAS  /tmp/cc9Yqsyg.s 			page 202


 11425 0563 08       		.byte	0x8
 11426 0564 98010000 		.4byte	.LVL153
 11427 0568 0A       		.uleb128 .LVL154-.LVL153
 11428 0569 01       		.uleb128 0x1
 11429 056a 53       		.byte	0x53
 11430 056b 00       		.byte	0
 11431              	.LVUS84:
 11432 056c 09       		.uleb128 .LVU576
 11433 056d 00       		.uleb128 .LVU578
 11434              	.LLST84:
 11435 056e 08       		.byte	0x8
 11436 056f 08010000 		.4byte	.LVL134
 11437 0573 06       		.uleb128 .LVL135-.LVL134
 11438 0574 03       		.uleb128 0x3
 11439 0575 08       		.byte	0x8
 11440 0576 20       		.byte	0x20
 11441 0577 9F       		.byte	0x9f
 11442 0578 00       		.byte	0
 11443              	.LVUS85:
 11444 0579 01       		.uleb128 .LVU582
 11445 057a 01       		.uleb128 .LVU595
 11446              	.LLST85:
 11447 057b 08       		.byte	0x8
 11448 057c 12010000 		.4byte	.LVL136
 11449 0580 18       		.uleb128 .LVL138-.LVL136
 11450 0581 02       		.uleb128 0x2
 11451 0582 30       		.byte	0x30
 11452 0583 9F       		.byte	0x9f
 11453 0584 00       		.byte	0
 11454              	.LVUS86:
 11455 0585 01       		.uleb128 .LVU582
 11456 0586 01       		.uleb128 .LVU595
 11457              	.LLST86:
 11458 0587 08       		.byte	0x8
 11459 0588 12010000 		.4byte	.LVL136
 11460 058c 18       		.uleb128 .LVL138-.LVL136
 11461 058d 01       		.uleb128 0x1
 11462 058e 54       		.byte	0x54
 11463 058f 00       		.byte	0
 11464              	.LVUS87:
 11465 0590 01       		.uleb128 .LVU656
 11466 0591 00       		.uleb128 .LVU666
 11467              	.LLST87:
 11468 0592 08       		.byte	0x8
 11469 0593 84010000 		.4byte	.LVL149
 11470 0597 0C       		.uleb128 .LVL151-.LVL149
 11471 0598 02       		.uleb128 0x2
 11472 0599 30       		.byte	0x30
 11473 059a 9F       		.byte	0x9f
 11474 059b 00       		.byte	0
 11475              	.LVUS90:
 11476 059c 01       		.uleb128 .LVU656
 11477 059d 00       		.uleb128 .LVU666
 11478              	.LLST90:
 11479 059e 08       		.byte	0x8
 11480 059f 84010000 		.4byte	.LVL149
 11481 05a3 0C       		.uleb128 .LVL151-.LVL149
ARM GAS  /tmp/cc9Yqsyg.s 			page 203


 11482 05a4 01       		.uleb128 0x1
 11483 05a5 54       		.byte	0x54
 11484 05a6 00       		.byte	0
 11485              	.LVUS91:
 11486 05a7 00       		.uleb128 .LVU659
 11487 05a8 00       		.uleb128 .LVU666
 11488              	.LLST91:
 11489 05a9 08       		.byte	0x8
 11490 05aa 86010000 		.4byte	.LVL150
 11491 05ae 0A       		.uleb128 .LVL151-.LVL150
 11492 05af 01       		.uleb128 0x1
 11493 05b0 53       		.byte	0x53
 11494 05b1 00       		.byte	0
 11495              	.LVUS49:
 11496 05b2 00       		.uleb128 0
 11497 05b3 00       		.uleb128 .LVU438
 11498 05b4 00       		.uleb128 .LVU438
 11499 05b5 00       		.uleb128 .LVU438
 11500 05b6 00       		.uleb128 .LVU438
 11501 05b7 00       		.uleb128 0
 11502              	.LLST49:
 11503 05b8 06       		.byte	0x6
 11504 05b9 00000000 		.4byte	.LVL107
 11505 05bd 04       		.byte	0x4
 11506 05be 00       		.uleb128 .LVL107-.LVL107
 11507 05bf 0B       		.uleb128 .LVL108-1-.LVL107
 11508 05c0 01       		.uleb128 0x1
 11509 05c1 50       		.byte	0x50
 11510 05c2 04       		.byte	0x4
 11511 05c3 0B       		.uleb128 .LVL108-1-.LVL107
 11512 05c4 0C       		.uleb128 .LVL108-.LVL107
 11513 05c5 0A       		.uleb128 0xa
 11514 05c6 A3       		.byte	0xa3
 11515 05c7 03       		.uleb128 0x3
 11516 05c8 A5       		.byte	0xa5
 11517 05c9 00       		.uleb128 0
 11518 05ca 26       		.uleb128 0x26
 11519 05cb A8       		.byte	0xa8
 11520 05cc 2D       		.uleb128 0x2d
 11521 05cd A8       		.byte	0xa8
 11522 05ce 00       		.uleb128 0
 11523 05cf 9F       		.byte	0x9f
 11524 05d0 04       		.byte	0x4
 11525 05d1 0C       		.uleb128 .LVL108-.LVL107
 11526 05d2 0E       		.uleb128 .LFE242-.LVL107
 11527 05d3 01       		.uleb128 0x1
 11528 05d4 50       		.byte	0x50
 11529 05d5 00       		.byte	0
 11530              	.LVUS48:
 11531 05d6 00       		.uleb128 0
 11532 05d7 00       		.uleb128 .LVU431
 11533 05d8 00       		.uleb128 .LVU431
 11534 05d9 00       		.uleb128 .LVU431
 11535 05da 00       		.uleb128 .LVU431
 11536 05db 00       		.uleb128 0
 11537              	.LLST48:
 11538 05dc 06       		.byte	0x6
ARM GAS  /tmp/cc9Yqsyg.s 			page 204


 11539 05dd 00000000 		.4byte	.LVL105
 11540 05e1 04       		.byte	0x4
 11541 05e2 00       		.uleb128 .LVL105-.LVL105
 11542 05e3 0D       		.uleb128 .LVL106-1-.LVL105
 11543 05e4 01       		.uleb128 0x1
 11544 05e5 50       		.byte	0x50
 11545 05e6 04       		.byte	0x4
 11546 05e7 0D       		.uleb128 .LVL106-1-.LVL105
 11547 05e8 0E       		.uleb128 .LVL106-.LVL105
 11548 05e9 0A       		.uleb128 0xa
 11549 05ea A3       		.byte	0xa3
 11550 05eb 03       		.uleb128 0x3
 11551 05ec A5       		.byte	0xa5
 11552 05ed 00       		.uleb128 0
 11553 05ee 26       		.uleb128 0x26
 11554 05ef A8       		.byte	0xa8
 11555 05f0 2D       		.uleb128 0x2d
 11556 05f1 A8       		.byte	0xa8
 11557 05f2 00       		.uleb128 0
 11558 05f3 9F       		.byte	0x9f
 11559 05f4 04       		.byte	0x4
 11560 05f5 0E       		.uleb128 .LVL106-.LVL105
 11561 05f6 10       		.uleb128 .LFE241-.LVL105
 11562 05f7 01       		.uleb128 0x1
 11563 05f8 50       		.byte	0x50
 11564 05f9 00       		.byte	0
 11565              	.LVUS46:
 11566 05fa 00       		.uleb128 0
 11567 05fb 00       		.uleb128 .LVU419
 11568 05fc 00       		.uleb128 .LVU419
 11569 05fd 00       		.uleb128 .LVU422
 11570 05fe 00       		.uleb128 .LVU422
 11571 05ff 00       		.uleb128 .LVU423
 11572 0600 00       		.uleb128 .LVU423
 11573 0601 00       		.uleb128 .LVU423
 11574 0602 00       		.uleb128 .LVU423
 11575 0603 00       		.uleb128 0
 11576              	.LLST46:
 11577 0604 06       		.byte	0x6
 11578 0605 00000000 		.4byte	.LVL99
 11579 0609 04       		.byte	0x4
 11580 060a 00       		.uleb128 .LVL99-.LVL99
 11581 060b 1D       		.uleb128 .LVL102-1-.LVL99
 11582 060c 01       		.uleb128 0x1
 11583 060d 50       		.byte	0x50
 11584 060e 04       		.byte	0x4
 11585 060f 1D       		.uleb128 .LVL102-1-.LVL99
 11586 0610 2C       		.uleb128 .LVL103-.LVL99
 11587 0611 01       		.uleb128 0x1
 11588 0612 54       		.byte	0x54
 11589 0613 04       		.byte	0x4
 11590 0614 2C       		.uleb128 .LVL103-.LVL99
 11591 0615 2D       		.uleb128 .LVL104-1-.LVL99
 11592 0616 01       		.uleb128 0x1
 11593 0617 50       		.byte	0x50
 11594 0618 04       		.byte	0x4
 11595 0619 2D       		.uleb128 .LVL104-1-.LVL99
ARM GAS  /tmp/cc9Yqsyg.s 			page 205


 11596 061a 2E       		.uleb128 .LVL104-.LVL99
 11597 061b 0A       		.uleb128 0xa
 11598 061c A3       		.byte	0xa3
 11599 061d 03       		.uleb128 0x3
 11600 061e A5       		.byte	0xa5
 11601 061f 00       		.uleb128 0
 11602 0620 26       		.uleb128 0x26
 11603 0621 A8       		.byte	0xa8
 11604 0622 2D       		.uleb128 0x2d
 11605 0623 A8       		.byte	0xa8
 11606 0624 00       		.uleb128 0
 11607 0625 9F       		.byte	0x9f
 11608 0626 04       		.byte	0x4
 11609 0627 2E       		.uleb128 .LVL104-.LVL99
 11610 0628 30       		.uleb128 .LFE240-.LVL99
 11611 0629 01       		.uleb128 0x1
 11612 062a 54       		.byte	0x54
 11613 062b 00       		.byte	0
 11614              	.LVUS47:
 11615 062c 03       		.uleb128 .LVU408
 11616 062d 06       		.uleb128 .LVU411
 11617 062e 06       		.uleb128 .LVU411
 11618 062f 01       		.uleb128 .LVU415
 11619 0630 01       		.uleb128 .LVU415
 11620 0631 00       		.uleb128 0
 11621              	.LLST47:
 11622 0632 06       		.byte	0x6
 11623 0633 14000000 		.4byte	.LVL100
 11624 0637 04       		.byte	0x4
 11625 0638 00       		.uleb128 .LVL100-.LVL100
 11626 0639 00       		.uleb128 .LVL100-.LVL100
 11627 063a 02       		.uleb128 0x2
 11628 063b 31       		.byte	0x31
 11629 063c 9F       		.byte	0x9f
 11630 063d 04       		.byte	0x4
 11631 063e 00       		.uleb128 .LVL100-.LVL100
 11632 063f 02       		.uleb128 .LVL101-.LVL100
 11633 0640 02       		.uleb128 0x2
 11634 0641 33       		.byte	0x33
 11635 0642 9F       		.byte	0x9f
 11636 0643 04       		.byte	0x4
 11637 0644 02       		.uleb128 .LVL101-.LVL100
 11638 0645 1C       		.uleb128 .LFE240-.LVL100
 11639 0646 02       		.uleb128 0x2
 11640 0647 34       		.byte	0x34
 11641 0648 9F       		.byte	0x9f
 11642 0649 00       		.byte	0
 11643              	.LVUS44:
 11644 064a 00       		.uleb128 0
 11645 064b 00       		.uleb128 .LVU379
 11646 064c 00       		.uleb128 .LVU379
 11647 064d 00       		.uleb128 0
 11648              	.LLST44:
 11649 064e 06       		.byte	0x6
 11650 064f 00000000 		.4byte	.LVL93
 11651 0653 04       		.byte	0x4
 11652 0654 00       		.uleb128 .LVL93-.LVL93
ARM GAS  /tmp/cc9Yqsyg.s 			page 206


 11653 0655 09       		.uleb128 .LVL94-1-.LVL93
 11654 0656 01       		.uleb128 0x1
 11655 0657 50       		.byte	0x50
 11656 0658 04       		.byte	0x4
 11657 0659 09       		.uleb128 .LVL94-1-.LVL93
 11658 065a 34       		.uleb128 .LFE239-.LVL93
 11659 065b 01       		.uleb128 0x1
 11660 065c 54       		.byte	0x54
 11661 065d 00       		.byte	0
 11662              	.LVUS45:
 11663 065e 00       		.uleb128 0
 11664 065f 00       		.uleb128 .LVU379
 11665 0660 00       		.uleb128 .LVU379
 11666 0661 00       		.uleb128 .LVU387
 11667 0662 00       		.uleb128 .LVU387
 11668 0663 00       		.uleb128 0
 11669              	.LLST45:
 11670 0664 06       		.byte	0x6
 11671 0665 00000000 		.4byte	.LVL93
 11672 0669 04       		.byte	0x4
 11673 066a 00       		.uleb128 .LVL93-.LVL93
 11674 066b 09       		.uleb128 .LVL94-1-.LVL93
 11675 066c 01       		.uleb128 0x1
 11676 066d 51       		.byte	0x51
 11677 066e 04       		.byte	0x4
 11678 066f 09       		.uleb128 .LVL94-1-.LVL93
 11679 0670 1C       		.uleb128 .LVL95-.LVL93
 11680 0671 01       		.uleb128 0x1
 11681 0672 56       		.byte	0x56
 11682 0673 04       		.byte	0x4
 11683 0674 1C       		.uleb128 .LVL95-.LVL93
 11684 0675 34       		.uleb128 .LFE239-.LVL93
 11685 0676 0A       		.uleb128 0xa
 11686 0677 A3       		.byte	0xa3
 11687 0678 03       		.uleb128 0x3
 11688 0679 A5       		.byte	0xa5
 11689 067a 01       		.uleb128 0x1
 11690 067b 26       		.uleb128 0x26
 11691 067c A8       		.byte	0xa8
 11692 067d 34       		.uleb128 0x34
 11693 067e A8       		.byte	0xa8
 11694 067f 00       		.uleb128 0
 11695 0680 9F       		.byte	0x9f
 11696 0681 00       		.byte	0
 11697              	.LVUS42:
 11698 0682 00       		.uleb128 0
 11699 0683 00       		.uleb128 .LVU361
 11700 0684 00       		.uleb128 .LVU361
 11701 0685 00       		.uleb128 0
 11702              	.LLST42:
 11703 0686 06       		.byte	0x6
 11704 0687 00000000 		.4byte	.LVL87
 11705 068b 04       		.byte	0x4
 11706 068c 00       		.uleb128 .LVL87-.LVL87
 11707 068d 09       		.uleb128 .LVL88-1-.LVL87
 11708 068e 01       		.uleb128 0x1
 11709 068f 50       		.byte	0x50
ARM GAS  /tmp/cc9Yqsyg.s 			page 207


 11710 0690 04       		.byte	0x4
 11711 0691 09       		.uleb128 .LVL88-1-.LVL87
 11712 0692 34       		.uleb128 .LFE238-.LVL87
 11713 0693 01       		.uleb128 0x1
 11714 0694 54       		.byte	0x54
 11715 0695 00       		.byte	0
 11716              	.LVUS43:
 11717 0696 00       		.uleb128 0
 11718 0697 00       		.uleb128 .LVU361
 11719 0698 00       		.uleb128 .LVU361
 11720 0699 00       		.uleb128 .LVU369
 11721 069a 00       		.uleb128 .LVU369
 11722 069b 00       		.uleb128 0
 11723              	.LLST43:
 11724 069c 06       		.byte	0x6
 11725 069d 00000000 		.4byte	.LVL87
 11726 06a1 04       		.byte	0x4
 11727 06a2 00       		.uleb128 .LVL87-.LVL87
 11728 06a3 09       		.uleb128 .LVL88-1-.LVL87
 11729 06a4 01       		.uleb128 0x1
 11730 06a5 51       		.byte	0x51
 11731 06a6 04       		.byte	0x4
 11732 06a7 09       		.uleb128 .LVL88-1-.LVL87
 11733 06a8 1C       		.uleb128 .LVL89-.LVL87
 11734 06a9 01       		.uleb128 0x1
 11735 06aa 56       		.byte	0x56
 11736 06ab 04       		.byte	0x4
 11737 06ac 1C       		.uleb128 .LVL89-.LVL87
 11738 06ad 34       		.uleb128 .LFE238-.LVL87
 11739 06ae 0A       		.uleb128 0xa
 11740 06af A3       		.byte	0xa3
 11741 06b0 03       		.uleb128 0x3
 11742 06b1 A5       		.byte	0xa5
 11743 06b2 01       		.uleb128 0x1
 11744 06b3 26       		.uleb128 0x26
 11745 06b4 A8       		.byte	0xa8
 11746 06b5 34       		.uleb128 0x34
 11747 06b6 A8       		.byte	0xa8
 11748 06b7 00       		.uleb128 0
 11749 06b8 9F       		.byte	0x9f
 11750 06b9 00       		.byte	0
 11751              	.LVUS33:
 11752 06ba 00       		.uleb128 0
 11753 06bb 00       		.uleb128 .LVU307
 11754 06bc 00       		.uleb128 .LVU307
 11755 06bd 00       		.uleb128 0
 11756              	.LLST33:
 11757 06be 06       		.byte	0x6
 11758 06bf 00000000 		.4byte	.LVL69
 11759 06c3 04       		.byte	0x4
 11760 06c4 00       		.uleb128 .LVL69-.LVL69
 11761 06c5 1D       		.uleb128 .LVL74-1-.LVL69
 11762 06c6 01       		.uleb128 0x1
 11763 06c7 50       		.byte	0x50
 11764 06c8 04       		.byte	0x4
 11765 06c9 1D       		.uleb128 .LVL74-1-.LVL69
 11766 06ca 1E       		.uleb128 .LFE235-.LVL69
ARM GAS  /tmp/cc9Yqsyg.s 			page 208


 11767 06cb 0A       		.uleb128 0xa
 11768 06cc A3       		.byte	0xa3
 11769 06cd 03       		.uleb128 0x3
 11770 06ce A5       		.byte	0xa5
 11771 06cf 00       		.uleb128 0
 11772 06d0 26       		.uleb128 0x26
 11773 06d1 A8       		.byte	0xa8
 11774 06d2 2D       		.uleb128 0x2d
 11775 06d3 A8       		.byte	0xa8
 11776 06d4 00       		.uleb128 0
 11777 06d5 9F       		.byte	0x9f
 11778 06d6 00       		.byte	0
 11779              	.LVUS34:
 11780 06d7 00       		.uleb128 0
 11781 06d8 00       		.uleb128 .LVU307
 11782 06d9 00       		.uleb128 .LVU307
 11783 06da 00       		.uleb128 0
 11784              	.LLST34:
 11785 06db 06       		.byte	0x6
 11786 06dc 00000000 		.4byte	.LVL69
 11787 06e0 04       		.byte	0x4
 11788 06e1 00       		.uleb128 .LVL69-.LVL69
 11789 06e2 1D       		.uleb128 .LVL74-1-.LVL69
 11790 06e3 01       		.uleb128 0x1
 11791 06e4 51       		.byte	0x51
 11792 06e5 04       		.byte	0x4
 11793 06e6 1D       		.uleb128 .LVL74-1-.LVL69
 11794 06e7 1E       		.uleb128 .LFE235-.LVL69
 11795 06e8 0A       		.uleb128 0xa
 11796 06e9 A3       		.byte	0xa3
 11797 06ea 03       		.uleb128 0x3
 11798 06eb A5       		.byte	0xa5
 11799 06ec 01       		.uleb128 0x1
 11800 06ed 26       		.uleb128 0x26
 11801 06ee A8       		.byte	0xa8
 11802 06ef 34       		.uleb128 0x34
 11803 06f0 A8       		.byte	0xa8
 11804 06f1 00       		.uleb128 0
 11805 06f2 9F       		.byte	0x9f
 11806 06f3 00       		.byte	0
 11807              	.LVUS35:
 11808 06f4 00       		.uleb128 0
 11809 06f5 00       		.uleb128 .LVU298
 11810 06f6 00       		.uleb128 .LVU298
 11811 06f7 00       		.uleb128 .LVU306
 11812 06f8 00       		.uleb128 .LVU306
 11813 06f9 00       		.uleb128 .LVU307
 11814 06fa 00       		.uleb128 .LVU307
 11815 06fb 00       		.uleb128 0
 11816              	.LLST35:
 11817 06fc 06       		.byte	0x6
 11818 06fd 00000000 		.4byte	.LVL69
 11819 0701 04       		.byte	0x4
 11820 0702 00       		.uleb128 .LVL69-.LVL69
 11821 0703 0E       		.uleb128 .LVL71-.LVL69
 11822 0704 01       		.uleb128 0x1
 11823 0705 52       		.byte	0x52
ARM GAS  /tmp/cc9Yqsyg.s 			page 209


 11824 0706 04       		.byte	0x4
 11825 0707 0E       		.uleb128 .LVL71-.LVL69
 11826 0708 1A       		.uleb128 .LVL73-.LVL69
 11827 0709 02       		.uleb128 0x2
 11828 070a 74       		.byte	0x74
 11829 070b 0C       		.sleb128 12
 11830 070c 04       		.byte	0x4
 11831 070d 1A       		.uleb128 .LVL73-.LVL69
 11832 070e 1D       		.uleb128 .LVL74-1-.LVL69
 11833 070f 16       		.uleb128 0x16
 11834 0710 A3       		.byte	0xa3
 11835 0711 03       		.uleb128 0x3
 11836 0712 A5       		.byte	0xa5
 11837 0713 01       		.uleb128 0x1
 11838 0714 26       		.uleb128 0x26
 11839 0715 A8       		.byte	0xa8
 11840 0716 2D       		.uleb128 0x2d
 11841 0717 A8       		.byte	0xa8
 11842 0718 00       		.uleb128 0
 11843 0719 32       		.byte	0x32
 11844 071a 24       		.byte	0x24
 11845 071b 70       		.byte	0x70
 11846 071c 00       		.sleb128 0
 11847 071d 22       		.byte	0x22
 11848 071e 23       		.byte	0x23
 11849 071f 0C       		.uleb128 0xc
 11850 0720 06       		.byte	0x6
 11851 0721 23       		.byte	0x23
 11852 0722 14       		.uleb128 0x14
 11853 0723 06       		.byte	0x6
 11854 0724 23       		.byte	0x23
 11855 0725 0C       		.uleb128 0xc
 11856 0726 04       		.byte	0x4
 11857 0727 1D       		.uleb128 .LVL74-1-.LVL69
 11858 0728 1E       		.uleb128 .LFE235-.LVL69
 11859 0729 0A       		.uleb128 0xa
 11860 072a A3       		.byte	0xa3
 11861 072b 03       		.uleb128 0x3
 11862 072c A5       		.byte	0xa5
 11863 072d 02       		.uleb128 0x2
 11864 072e 26       		.uleb128 0x26
 11865 072f A8       		.byte	0xa8
 11866 0730 2D       		.uleb128 0x2d
 11867 0731 A8       		.byte	0xa8
 11868 0732 00       		.uleb128 0
 11869 0733 9F       		.byte	0x9f
 11870 0734 00       		.byte	0
 11871              	.LVUS36:
 11872 0735 00       		.uleb128 0
 11873 0736 00       		.uleb128 .LVU300
 11874 0737 00       		.uleb128 .LVU300
 11875 0738 00       		.uleb128 .LVU306
 11876 0739 00       		.uleb128 .LVU306
 11877 073a 00       		.uleb128 .LVU307
 11878 073b 00       		.uleb128 .LVU307
 11879 073c 00       		.uleb128 0
 11880              	.LLST36:
ARM GAS  /tmp/cc9Yqsyg.s 			page 210


 11881 073d 06       		.byte	0x6
 11882 073e 00000000 		.4byte	.LVL69
 11883 0742 04       		.byte	0x4
 11884 0743 00       		.uleb128 .LVL69-.LVL69
 11885 0744 14       		.uleb128 .LVL72-.LVL69
 11886 0745 01       		.uleb128 0x1
 11887 0746 53       		.byte	0x53
 11888 0747 04       		.byte	0x4
 11889 0748 14       		.uleb128 .LVL72-.LVL69
 11890 0749 1A       		.uleb128 .LVL73-.LVL69
 11891 074a 02       		.uleb128 0x2
 11892 074b 74       		.byte	0x74
 11893 074c 04       		.sleb128 4
 11894 074d 04       		.byte	0x4
 11895 074e 1A       		.uleb128 .LVL73-.LVL69
 11896 074f 1D       		.uleb128 .LVL74-1-.LVL69
 11897 0750 16       		.uleb128 0x16
 11898 0751 A3       		.byte	0xa3
 11899 0752 03       		.uleb128 0x3
 11900 0753 A5       		.byte	0xa5
 11901 0754 01       		.uleb128 0x1
 11902 0755 26       		.uleb128 0x26
 11903 0756 A8       		.byte	0xa8
 11904 0757 2D       		.uleb128 0x2d
 11905 0758 A8       		.byte	0xa8
 11906 0759 00       		.uleb128 0
 11907 075a 32       		.byte	0x32
 11908 075b 24       		.byte	0x24
 11909 075c 70       		.byte	0x70
 11910 075d 00       		.sleb128 0
 11911 075e 22       		.byte	0x22
 11912 075f 23       		.byte	0x23
 11913 0760 0C       		.uleb128 0xc
 11914 0761 06       		.byte	0x6
 11915 0762 23       		.byte	0x23
 11916 0763 14       		.uleb128 0x14
 11917 0764 06       		.byte	0x6
 11918 0765 23       		.byte	0x23
 11919 0766 04       		.uleb128 0x4
 11920 0767 04       		.byte	0x4
 11921 0768 1D       		.uleb128 .LVL74-1-.LVL69
 11922 0769 1E       		.uleb128 .LFE235-.LVL69
 11923 076a 0A       		.uleb128 0xa
 11924 076b A3       		.byte	0xa3
 11925 076c 03       		.uleb128 0x3
 11926 076d A5       		.byte	0xa5
 11927 076e 03       		.uleb128 0x3
 11928 076f 26       		.uleb128 0x26
 11929 0770 A8       		.byte	0xa8
 11930 0771 2D       		.uleb128 0x2d
 11931 0772 A8       		.byte	0xa8
 11932 0773 00       		.uleb128 0
 11933 0774 9F       		.byte	0x9f
 11934 0775 00       		.byte	0
 11935              	.LVUS37:
 11936 0776 00       		.uleb128 .LVU295
 11937 0777 00       		.uleb128 .LVU306
ARM GAS  /tmp/cc9Yqsyg.s 			page 211


 11938 0778 00       		.uleb128 .LVU306
 11939 0779 00       		.uleb128 .LVU307
 11940              	.LLST37:
 11941 077a 06       		.byte	0x6
 11942 077b 0A000000 		.4byte	.LVL70
 11943 077f 04       		.byte	0x4
 11944 0780 00       		.uleb128 .LVL70-.LVL70
 11945 0781 10       		.uleb128 .LVL73-.LVL70
 11946 0782 01       		.uleb128 0x1
 11947 0783 54       		.byte	0x54
 11948 0784 04       		.byte	0x4
 11949 0785 10       		.uleb128 .LVL73-.LVL70
 11950 0786 13       		.uleb128 .LVL74-1-.LVL70
 11951 0787 13       		.uleb128 0x13
 11952 0788 A3       		.byte	0xa3
 11953 0789 03       		.uleb128 0x3
 11954 078a A5       		.byte	0xa5
 11955 078b 01       		.uleb128 0x1
 11956 078c 26       		.uleb128 0x26
 11957 078d A8       		.byte	0xa8
 11958 078e 2D       		.uleb128 0x2d
 11959 078f A8       		.byte	0xa8
 11960 0790 00       		.uleb128 0
 11961 0791 32       		.byte	0x32
 11962 0792 24       		.byte	0x24
 11963 0793 70       		.byte	0x70
 11964 0794 00       		.sleb128 0
 11965 0795 22       		.byte	0x22
 11966 0796 23       		.byte	0x23
 11967 0797 0C       		.uleb128 0xc
 11968 0798 06       		.byte	0x6
 11969 0799 23       		.byte	0x23
 11970 079a 14       		.uleb128 0x14
 11971 079b 00       		.byte	0
 11972              	.LVUS28:
 11973 079c 00       		.uleb128 0
 11974 079d 00       		.uleb128 .LVU289
 11975 079e 00       		.uleb128 .LVU289
 11976 079f 00       		.uleb128 0
 11977              	.LLST28:
 11978 07a0 06       		.byte	0x6
 11979 07a1 00000000 		.4byte	.LVL63
 11980 07a5 04       		.byte	0x4
 11981 07a6 00       		.uleb128 .LVL63-.LVL63
 11982 07a7 1D       		.uleb128 .LVL68-1-.LVL63
 11983 07a8 01       		.uleb128 0x1
 11984 07a9 50       		.byte	0x50
 11985 07aa 04       		.byte	0x4
 11986 07ab 1D       		.uleb128 .LVL68-1-.LVL63
 11987 07ac 1E       		.uleb128 .LFE234-.LVL63
 11988 07ad 0A       		.uleb128 0xa
 11989 07ae A3       		.byte	0xa3
 11990 07af 03       		.uleb128 0x3
 11991 07b0 A5       		.byte	0xa5
 11992 07b1 00       		.uleb128 0
 11993 07b2 26       		.uleb128 0x26
 11994 07b3 A8       		.byte	0xa8
ARM GAS  /tmp/cc9Yqsyg.s 			page 212


 11995 07b4 2D       		.uleb128 0x2d
 11996 07b5 A8       		.byte	0xa8
 11997 07b6 00       		.uleb128 0
 11998 07b7 9F       		.byte	0x9f
 11999 07b8 00       		.byte	0
 12000              	.LVUS29:
 12001 07b9 00       		.uleb128 0
 12002 07ba 00       		.uleb128 .LVU289
 12003 07bb 00       		.uleb128 .LVU289
 12004 07bc 00       		.uleb128 0
 12005              	.LLST29:
 12006 07bd 06       		.byte	0x6
 12007 07be 00000000 		.4byte	.LVL63
 12008 07c2 04       		.byte	0x4
 12009 07c3 00       		.uleb128 .LVL63-.LVL63
 12010 07c4 1D       		.uleb128 .LVL68-1-.LVL63
 12011 07c5 01       		.uleb128 0x1
 12012 07c6 51       		.byte	0x51
 12013 07c7 04       		.byte	0x4
 12014 07c8 1D       		.uleb128 .LVL68-1-.LVL63
 12015 07c9 1E       		.uleb128 .LFE234-.LVL63
 12016 07ca 0A       		.uleb128 0xa
 12017 07cb A3       		.byte	0xa3
 12018 07cc 03       		.uleb128 0x3
 12019 07cd A5       		.byte	0xa5
 12020 07ce 01       		.uleb128 0x1
 12021 07cf 26       		.uleb128 0x26
 12022 07d0 A8       		.byte	0xa8
 12023 07d1 34       		.uleb128 0x34
 12024 07d2 A8       		.byte	0xa8
 12025 07d3 00       		.uleb128 0
 12026 07d4 9F       		.byte	0x9f
 12027 07d5 00       		.byte	0
 12028              	.LVUS30:
 12029 07d6 00       		.uleb128 0
 12030 07d7 00       		.uleb128 .LVU280
 12031 07d8 00       		.uleb128 .LVU280
 12032 07d9 00       		.uleb128 .LVU288
 12033 07da 00       		.uleb128 .LVU288
 12034 07db 00       		.uleb128 .LVU289
 12035 07dc 00       		.uleb128 .LVU289
 12036 07dd 00       		.uleb128 0
 12037              	.LLST30:
 12038 07de 06       		.byte	0x6
 12039 07df 00000000 		.4byte	.LVL63
 12040 07e3 04       		.byte	0x4
 12041 07e4 00       		.uleb128 .LVL63-.LVL63
 12042 07e5 0E       		.uleb128 .LVL65-.LVL63
 12043 07e6 01       		.uleb128 0x1
 12044 07e7 52       		.byte	0x52
 12045 07e8 04       		.byte	0x4
 12046 07e9 0E       		.uleb128 .LVL65-.LVL63
 12047 07ea 1A       		.uleb128 .LVL67-.LVL63
 12048 07eb 02       		.uleb128 0x2
 12049 07ec 74       		.byte	0x74
 12050 07ed 0C       		.sleb128 12
 12051 07ee 04       		.byte	0x4
ARM GAS  /tmp/cc9Yqsyg.s 			page 213


 12052 07ef 1A       		.uleb128 .LVL67-.LVL63
 12053 07f0 1D       		.uleb128 .LVL68-1-.LVL63
 12054 07f1 16       		.uleb128 0x16
 12055 07f2 A3       		.byte	0xa3
 12056 07f3 03       		.uleb128 0x3
 12057 07f4 A5       		.byte	0xa5
 12058 07f5 01       		.uleb128 0x1
 12059 07f6 26       		.uleb128 0x26
 12060 07f7 A8       		.byte	0xa8
 12061 07f8 2D       		.uleb128 0x2d
 12062 07f9 A8       		.byte	0xa8
 12063 07fa 00       		.uleb128 0
 12064 07fb 32       		.byte	0x32
 12065 07fc 24       		.byte	0x24
 12066 07fd 70       		.byte	0x70
 12067 07fe 00       		.sleb128 0
 12068 07ff 22       		.byte	0x22
 12069 0800 23       		.byte	0x23
 12070 0801 0C       		.uleb128 0xc
 12071 0802 06       		.byte	0x6
 12072 0803 23       		.byte	0x23
 12073 0804 18       		.uleb128 0x18
 12074 0805 06       		.byte	0x6
 12075 0806 23       		.byte	0x23
 12076 0807 0C       		.uleb128 0xc
 12077 0808 04       		.byte	0x4
 12078 0809 1D       		.uleb128 .LVL68-1-.LVL63
 12079 080a 1E       		.uleb128 .LFE234-.LVL63
 12080 080b 0A       		.uleb128 0xa
 12081 080c A3       		.byte	0xa3
 12082 080d 03       		.uleb128 0x3
 12083 080e A5       		.byte	0xa5
 12084 080f 02       		.uleb128 0x2
 12085 0810 26       		.uleb128 0x26
 12086 0811 A8       		.byte	0xa8
 12087 0812 2D       		.uleb128 0x2d
 12088 0813 A8       		.byte	0xa8
 12089 0814 00       		.uleb128 0
 12090 0815 9F       		.byte	0x9f
 12091 0816 00       		.byte	0
 12092              	.LVUS31:
 12093 0817 00       		.uleb128 0
 12094 0818 00       		.uleb128 .LVU282
 12095 0819 00       		.uleb128 .LVU282
 12096 081a 00       		.uleb128 .LVU288
 12097 081b 00       		.uleb128 .LVU288
 12098 081c 00       		.uleb128 .LVU289
 12099 081d 00       		.uleb128 .LVU289
 12100 081e 00       		.uleb128 0
 12101              	.LLST31:
 12102 081f 06       		.byte	0x6
 12103 0820 00000000 		.4byte	.LVL63
 12104 0824 04       		.byte	0x4
 12105 0825 00       		.uleb128 .LVL63-.LVL63
 12106 0826 14       		.uleb128 .LVL66-.LVL63
 12107 0827 01       		.uleb128 0x1
 12108 0828 53       		.byte	0x53
ARM GAS  /tmp/cc9Yqsyg.s 			page 214


 12109 0829 04       		.byte	0x4
 12110 082a 14       		.uleb128 .LVL66-.LVL63
 12111 082b 1A       		.uleb128 .LVL67-.LVL63
 12112 082c 02       		.uleb128 0x2
 12113 082d 74       		.byte	0x74
 12114 082e 04       		.sleb128 4
 12115 082f 04       		.byte	0x4
 12116 0830 1A       		.uleb128 .LVL67-.LVL63
 12117 0831 1D       		.uleb128 .LVL68-1-.LVL63
 12118 0832 16       		.uleb128 0x16
 12119 0833 A3       		.byte	0xa3
 12120 0834 03       		.uleb128 0x3
 12121 0835 A5       		.byte	0xa5
 12122 0836 01       		.uleb128 0x1
 12123 0837 26       		.uleb128 0x26
 12124 0838 A8       		.byte	0xa8
 12125 0839 2D       		.uleb128 0x2d
 12126 083a A8       		.byte	0xa8
 12127 083b 00       		.uleb128 0
 12128 083c 32       		.byte	0x32
 12129 083d 24       		.byte	0x24
 12130 083e 70       		.byte	0x70
 12131 083f 00       		.sleb128 0
 12132 0840 22       		.byte	0x22
 12133 0841 23       		.byte	0x23
 12134 0842 0C       		.uleb128 0xc
 12135 0843 06       		.byte	0x6
 12136 0844 23       		.byte	0x23
 12137 0845 18       		.uleb128 0x18
 12138 0846 06       		.byte	0x6
 12139 0847 23       		.byte	0x23
 12140 0848 04       		.uleb128 0x4
 12141 0849 04       		.byte	0x4
 12142 084a 1D       		.uleb128 .LVL68-1-.LVL63
 12143 084b 1E       		.uleb128 .LFE234-.LVL63
 12144 084c 0A       		.uleb128 0xa
 12145 084d A3       		.byte	0xa3
 12146 084e 03       		.uleb128 0x3
 12147 084f A5       		.byte	0xa5
 12148 0850 03       		.uleb128 0x3
 12149 0851 26       		.uleb128 0x26
 12150 0852 A8       		.byte	0xa8
 12151 0853 2D       		.uleb128 0x2d
 12152 0854 A8       		.byte	0xa8
 12153 0855 00       		.uleb128 0
 12154 0856 9F       		.byte	0x9f
 12155 0857 00       		.byte	0
 12156              	.LVUS32:
 12157 0858 00       		.uleb128 .LVU277
 12158 0859 00       		.uleb128 .LVU288
 12159 085a 00       		.uleb128 .LVU288
 12160 085b 00       		.uleb128 .LVU289
 12161              	.LLST32:
 12162 085c 06       		.byte	0x6
 12163 085d 0A000000 		.4byte	.LVL64
 12164 0861 04       		.byte	0x4
 12165 0862 00       		.uleb128 .LVL64-.LVL64
ARM GAS  /tmp/cc9Yqsyg.s 			page 215


 12166 0863 10       		.uleb128 .LVL67-.LVL64
 12167 0864 01       		.uleb128 0x1
 12168 0865 54       		.byte	0x54
 12169 0866 04       		.byte	0x4
 12170 0867 10       		.uleb128 .LVL67-.LVL64
 12171 0868 13       		.uleb128 .LVL68-1-.LVL64
 12172 0869 13       		.uleb128 0x13
 12173 086a A3       		.byte	0xa3
 12174 086b 03       		.uleb128 0x3
 12175 086c A5       		.byte	0xa5
 12176 086d 01       		.uleb128 0x1
 12177 086e 26       		.uleb128 0x26
 12178 086f A8       		.byte	0xa8
 12179 0870 2D       		.uleb128 0x2d
 12180 0871 A8       		.byte	0xa8
 12181 0872 00       		.uleb128 0
 12182 0873 32       		.byte	0x32
 12183 0874 24       		.byte	0x24
 12184 0875 70       		.byte	0x70
 12185 0876 00       		.sleb128 0
 12186 0877 22       		.byte	0x22
 12187 0878 23       		.byte	0x23
 12188 0879 0C       		.uleb128 0xc
 12189 087a 06       		.byte	0x6
 12190 087b 23       		.byte	0x23
 12191 087c 18       		.uleb128 0x18
 12192 087d 00       		.byte	0
 12193              	.LVUS16:
 12194 087e 00       		.uleb128 0
 12195 087f 00       		.uleb128 .LVU207
 12196 0880 00       		.uleb128 .LVU207
 12197 0881 00       		.uleb128 .LVU234
 12198 0882 00       		.uleb128 .LVU234
 12199 0883 00       		.uleb128 .LVU235
 12200 0884 00       		.uleb128 .LVU235
 12201 0885 00       		.uleb128 .LVU235
 12202 0886 00       		.uleb128 .LVU235
 12203 0887 00       		.uleb128 0
 12204              	.LLST16:
 12205 0888 06       		.byte	0x6
 12206 0889 00000000 		.4byte	.LVL45
 12207 088d 04       		.byte	0x4
 12208 088e 00       		.uleb128 .LVL45-.LVL45
 12209 088f 07       		.uleb128 .LVL46-1-.LVL45
 12210 0890 01       		.uleb128 0x1
 12211 0891 50       		.byte	0x50
 12212 0892 04       		.byte	0x4
 12213 0893 07       		.uleb128 .LVL46-1-.LVL45
 12214 0894 2C       		.uleb128 .LVL50-.LVL45
 12215 0895 01       		.uleb128 0x1
 12216 0896 54       		.byte	0x54
 12217 0897 04       		.byte	0x4
 12218 0898 2C       		.uleb128 .LVL50-.LVL45
 12219 0899 2F       		.uleb128 .LVL51-1-.LVL45
 12220 089a 01       		.uleb128 0x1
 12221 089b 50       		.byte	0x50
 12222 089c 04       		.byte	0x4
ARM GAS  /tmp/cc9Yqsyg.s 			page 216


 12223 089d 2F       		.uleb128 .LVL51-1-.LVL45
 12224 089e 30       		.uleb128 .LVL51-.LVL45
 12225 089f 0A       		.uleb128 0xa
 12226 08a0 A3       		.byte	0xa3
 12227 08a1 03       		.uleb128 0x3
 12228 08a2 A5       		.byte	0xa5
 12229 08a3 00       		.uleb128 0
 12230 08a4 26       		.uleb128 0x26
 12231 08a5 A8       		.byte	0xa8
 12232 08a6 2D       		.uleb128 0x2d
 12233 08a7 A8       		.byte	0xa8
 12234 08a8 00       		.uleb128 0
 12235 08a9 9F       		.byte	0x9f
 12236 08aa 04       		.byte	0x4
 12237 08ab 30       		.uleb128 .LVL51-.LVL45
 12238 08ac 3C       		.uleb128 .LFE231-.LVL45
 12239 08ad 01       		.uleb128 0x1
 12240 08ae 54       		.byte	0x54
 12241 08af 00       		.byte	0
 12242              	.LVUS17:
 12243 08b0 01       		.uleb128 .LVU224
 12244 08b1 04       		.uleb128 .LVU227
 12245 08b2 04       		.uleb128 .LVU227
 12246 08b3 01       		.uleb128 .LVU231
 12247 08b4 01       		.uleb128 .LVU231
 12248 08b5 00       		.uleb128 .LVU235
 12249              	.LLST17:
 12250 08b6 06       		.byte	0x6
 12251 08b7 24000000 		.4byte	.LVL48
 12252 08bb 04       		.byte	0x4
 12253 08bc 00       		.uleb128 .LVL48-.LVL48
 12254 08bd 00       		.uleb128 .LVL48-.LVL48
 12255 08be 02       		.uleb128 0x2
 12256 08bf 31       		.byte	0x31
 12257 08c0 9F       		.byte	0x9f
 12258 08c1 04       		.byte	0x4
 12259 08c2 00       		.uleb128 .LVL48-.LVL48
 12260 08c3 02       		.uleb128 .LVL49-.LVL48
 12261 08c4 02       		.uleb128 0x2
 12262 08c5 33       		.byte	0x33
 12263 08c6 9F       		.byte	0x9f
 12264 08c7 04       		.byte	0x4
 12265 08c8 02       		.uleb128 .LVL49-.LVL48
 12266 08c9 0C       		.uleb128 .LVL51-.LVL48
 12267 08ca 02       		.uleb128 0x2
 12268 08cb 34       		.byte	0x34
 12269 08cc 9F       		.byte	0x9f
 12270 08cd 00       		.byte	0
 12271              	.LVUS13:
 12272 08ce 00       		.uleb128 0
 12273 08cf 00       		.uleb128 .LVU172
 12274 08d0 00       		.uleb128 .LVU172
 12275 08d1 00       		.uleb128 .LVU199
 12276 08d2 00       		.uleb128 .LVU199
 12277 08d3 00       		.uleb128 .LVU200
 12278 08d4 00       		.uleb128 .LVU200
 12279 08d5 00       		.uleb128 .LVU200
ARM GAS  /tmp/cc9Yqsyg.s 			page 217


 12280 08d6 00       		.uleb128 .LVU200
 12281 08d7 00       		.uleb128 0
 12282              	.LLST13:
 12283 08d8 06       		.byte	0x6
 12284 08d9 00000000 		.4byte	.LVL38
 12285 08dd 04       		.byte	0x4
 12286 08de 00       		.uleb128 .LVL38-.LVL38
 12287 08df 0B       		.uleb128 .LVL39-1-.LVL38
 12288 08e0 01       		.uleb128 0x1
 12289 08e1 50       		.byte	0x50
 12290 08e2 04       		.byte	0x4
 12291 08e3 0B       		.uleb128 .LVL39-1-.LVL38
 12292 08e4 54       		.uleb128 .LVL42-.LVL38
 12293 08e5 01       		.uleb128 0x1
 12294 08e6 54       		.byte	0x54
 12295 08e7 04       		.byte	0x4
 12296 08e8 54       		.uleb128 .LVL42-.LVL38
 12297 08e9 57       		.uleb128 .LVL43-1-.LVL38
 12298 08ea 01       		.uleb128 0x1
 12299 08eb 50       		.byte	0x50
 12300 08ec 04       		.byte	0x4
 12301 08ed 57       		.uleb128 .LVL43-1-.LVL38
 12302 08ee 58       		.uleb128 .LVL43-.LVL38
 12303 08ef 0A       		.uleb128 0xa
 12304 08f0 A3       		.byte	0xa3
 12305 08f1 03       		.uleb128 0x3
 12306 08f2 A5       		.byte	0xa5
 12307 08f3 00       		.uleb128 0
 12308 08f4 26       		.uleb128 0x26
 12309 08f5 A8       		.byte	0xa8
 12310 08f6 2D       		.uleb128 0x2d
 12311 08f7 A8       		.byte	0xa8
 12312 08f8 00       		.uleb128 0
 12313 08f9 9F       		.byte	0x9f
 12314 08fa 04       		.byte	0x4
 12315 08fb 58       		.uleb128 .LVL43-.LVL38
 12316 08fc 64       		.uleb128 .LFE230-.LVL38
 12317 08fd 01       		.uleb128 0x1
 12318 08fe 54       		.byte	0x54
 12319 08ff 00       		.byte	0
 12320              	.LVUS14:
 12321 0900 00       		.uleb128 0
 12322 0901 00       		.uleb128 .LVU172
 12323 0902 00       		.uleb128 .LVU172
 12324 0903 00       		.uleb128 .LVU199
 12325 0904 00       		.uleb128 .LVU199
 12326 0905 00       		.uleb128 .LVU200
 12327 0906 00       		.uleb128 .LVU200
 12328 0907 00       		.uleb128 0
 12329              	.LLST14:
 12330 0908 06       		.byte	0x6
 12331 0909 00000000 		.4byte	.LVL38
 12332 090d 04       		.byte	0x4
 12333 090e 00       		.uleb128 .LVL38-.LVL38
 12334 090f 0B       		.uleb128 .LVL39-1-.LVL38
 12335 0910 01       		.uleb128 0x1
 12336 0911 51       		.byte	0x51
ARM GAS  /tmp/cc9Yqsyg.s 			page 218


 12337 0912 04       		.byte	0x4
 12338 0913 0B       		.uleb128 .LVL39-1-.LVL38
 12339 0914 54       		.uleb128 .LVL42-.LVL38
 12340 0915 01       		.uleb128 0x1
 12341 0916 56       		.byte	0x56
 12342 0917 04       		.byte	0x4
 12343 0918 54       		.uleb128 .LVL42-.LVL38
 12344 0919 57       		.uleb128 .LVL43-1-.LVL38
 12345 091a 01       		.uleb128 0x1
 12346 091b 51       		.byte	0x51
 12347 091c 04       		.byte	0x4
 12348 091d 57       		.uleb128 .LVL43-1-.LVL38
 12349 091e 64       		.uleb128 .LFE230-.LVL38
 12350 091f 0A       		.uleb128 0xa
 12351 0920 A3       		.byte	0xa3
 12352 0921 03       		.uleb128 0x3
 12353 0922 A5       		.byte	0xa5
 12354 0923 01       		.uleb128 0x1
 12355 0924 26       		.uleb128 0x26
 12356 0925 A8       		.byte	0xa8
 12357 0926 34       		.uleb128 0x34
 12358 0927 A8       		.byte	0xa8
 12359 0928 00       		.uleb128 0
 12360 0929 9F       		.byte	0x9f
 12361 092a 00       		.byte	0
 12362              	.LVUS15:
 12363 092b 00       		.uleb128 0
 12364 092c 00       		.uleb128 .LVU172
 12365 092d 00       		.uleb128 .LVU172
 12366 092e 00       		.uleb128 .LVU199
 12367 092f 00       		.uleb128 .LVU199
 12368 0930 00       		.uleb128 .LVU200
 12369 0931 00       		.uleb128 .LVU200
 12370 0932 00       		.uleb128 .LVU200
 12371 0933 00       		.uleb128 .LVU200
 12372 0934 00       		.uleb128 0
 12373              	.LLST15:
 12374 0935 06       		.byte	0x6
 12375 0936 00000000 		.4byte	.LVL38
 12376 093a 04       		.byte	0x4
 12377 093b 00       		.uleb128 .LVL38-.LVL38
 12378 093c 0B       		.uleb128 .LVL39-1-.LVL38
 12379 093d 01       		.uleb128 0x1
 12380 093e 52       		.byte	0x52
 12381 093f 04       		.byte	0x4
 12382 0940 0B       		.uleb128 .LVL39-1-.LVL38
 12383 0941 54       		.uleb128 .LVL42-.LVL38
 12384 0942 01       		.uleb128 0x1
 12385 0943 55       		.byte	0x55
 12386 0944 04       		.byte	0x4
 12387 0945 54       		.uleb128 .LVL42-.LVL38
 12388 0946 57       		.uleb128 .LVL43-1-.LVL38
 12389 0947 09       		.uleb128 0x9
 12390 0948 71       		.byte	0x71
 12391 0949 00       		.sleb128 0
 12392 094a 32       		.byte	0x32
 12393 094b 24       		.byte	0x24
ARM GAS  /tmp/cc9Yqsyg.s 			page 219


 12394 094c 70       		.byte	0x70
 12395 094d 00       		.sleb128 0
 12396 094e 22       		.byte	0x22
 12397 094f 23       		.byte	0x23
 12398 0950 0C       		.uleb128 0xc
 12399 0951 04       		.byte	0x4
 12400 0952 57       		.uleb128 .LVL43-1-.LVL38
 12401 0953 58       		.uleb128 .LVL43-.LVL38
 12402 0954 0A       		.uleb128 0xa
 12403 0955 A3       		.byte	0xa3
 12404 0956 03       		.uleb128 0x3
 12405 0957 A5       		.byte	0xa5
 12406 0958 02       		.uleb128 0x2
 12407 0959 26       		.uleb128 0x26
 12408 095a A8       		.byte	0xa8
 12409 095b 2D       		.uleb128 0x2d
 12410 095c A8       		.byte	0xa8
 12411 095d 00       		.uleb128 0
 12412 095e 9F       		.byte	0x9f
 12413 095f 04       		.byte	0x4
 12414 0960 58       		.uleb128 .LVL43-.LVL38
 12415 0961 64       		.uleb128 .LFE230-.LVL38
 12416 0962 01       		.uleb128 0x1
 12417 0963 55       		.byte	0x55
 12418 0964 00       		.byte	0
 12419              	.LVUS8:
 12420 0965 00       		.uleb128 0
 12421 0966 00       		.uleb128 .LVU117
 12422 0967 00       		.uleb128 .LVU117
 12423 0968 00       		.uleb128 .LVU165
 12424 0969 00       		.uleb128 .LVU165
 12425 096a 00       		.uleb128 .LVU166
 12426 096b 00       		.uleb128 .LVU166
 12427 096c 00       		.uleb128 0
 12428              	.LLST8:
 12429 096d 06       		.byte	0x6
 12430 096e 00000000 		.4byte	.LVL22
 12431 0972 04       		.byte	0x4
 12432 0973 00       		.uleb128 .LVL22-.LVL22
 12433 0974 06       		.uleb128 .LVL23-.LVL22
 12434 0975 01       		.uleb128 0x1
 12435 0976 50       		.byte	0x50
 12436 0977 04       		.byte	0x4
 12437 0978 06       		.uleb128 .LVL23-.LVL22
 12438 0979 56       		.uleb128 .LVL35-.LVL22
 12439 097a 01       		.uleb128 0x1
 12440 097b 54       		.byte	0x54
 12441 097c 04       		.byte	0x4
 12442 097d 56       		.uleb128 .LVL35-.LVL22
 12443 097e 58       		.uleb128 .LVL36-.LVL22
 12444 097f 01       		.uleb128 0x1
 12445 0980 50       		.byte	0x50
 12446 0981 04       		.byte	0x4
 12447 0982 58       		.uleb128 .LVL36-.LVL22
 12448 0983 6C       		.uleb128 .LFE229-.LVL22
 12449 0984 01       		.uleb128 0x1
 12450 0985 54       		.byte	0x54
ARM GAS  /tmp/cc9Yqsyg.s 			page 220


 12451 0986 00       		.byte	0
 12452              	.LVUS9:
 12453 0987 08       		.uleb128 .LVU125
 12454 0988 00       		.uleb128 .LVU127
 12455              	.LLST9:
 12456 0989 08       		.byte	0x8
 12457 098a 06000000 		.4byte	.LVL23
 12458 098e 06       		.uleb128 .LVL24-.LVL23
 12459 098f 03       		.uleb128 0x3
 12460 0990 08       		.byte	0x8
 12461 0991 20       		.byte	0x20
 12462 0992 9F       		.byte	0x9f
 12463 0993 00       		.byte	0
 12464              	.LVUS12:
 12465 0994 04       		.uleb128 .LVU151
 12466 0995 00       		.uleb128 .LVU153
 12467 0996 04       		.uleb128 .LVU160
 12468 0997 00       		.uleb128 .LVU162
 12469              	.LLST12:
 12470 0998 06       		.byte	0x6
 12471 0999 38000000 		.4byte	.LVL28
 12472 099d 04       		.byte	0x4
 12473 099e 00       		.uleb128 .LVL28-.LVL28
 12474 099f 06       		.uleb128 .LVL29-.LVL28
 12475 09a0 02       		.uleb128 0x2
 12476 09a1 30       		.byte	0x30
 12477 09a2 9F       		.byte	0x9f
 12478 09a3 04       		.byte	0x4
 12479 09a4 0E       		.uleb128 .LVL31-.LVL28
 12480 09a5 14       		.uleb128 .LVL32-.LVL28
 12481 09a6 02       		.uleb128 0x2
 12482 09a7 30       		.byte	0x30
 12483 09a8 9F       		.byte	0x9f
 12484 09a9 00       		.byte	0
 12485              	.LVUS1:
 12486 09aa 00       		.uleb128 0
 12487 09ab 00       		.uleb128 .LVU42
 12488 09ac 00       		.uleb128 .LVU42
 12489 09ad 00       		.uleb128 .LVU108
 12490 09ae 00       		.uleb128 .LVU108
 12491 09af 00       		.uleb128 .LVU109
 12492 09b0 00       		.uleb128 .LVU109
 12493 09b1 00       		.uleb128 0
 12494              	.LLST1:
 12495 09b2 06       		.byte	0x6
 12496 09b3 00000000 		.4byte	.LVL6
 12497 09b7 04       		.byte	0x4
 12498 09b8 00       		.uleb128 .LVL6-.LVL6
 12499 09b9 0A       		.uleb128 .LVL7-.LVL6
 12500 09ba 01       		.uleb128 0x1
 12501 09bb 50       		.byte	0x50
 12502 09bc 04       		.byte	0x4
 12503 09bd 0A       		.uleb128 .LVL7-.LVL6
 12504 09be 64       		.uleb128 .LVL19-.LVL6
 12505 09bf 01       		.uleb128 0x1
 12506 09c0 54       		.byte	0x54
 12507 09c1 04       		.byte	0x4
ARM GAS  /tmp/cc9Yqsyg.s 			page 221


 12508 09c2 64       		.uleb128 .LVL19-.LVL6
 12509 09c3 66       		.uleb128 .LVL20-.LVL6
 12510 09c4 01       		.uleb128 0x1
 12511 09c5 50       		.byte	0x50
 12512 09c6 04       		.byte	0x4
 12513 09c7 66       		.uleb128 .LVL20-.LVL6
 12514 09c8 78       		.uleb128 .LFE228-.LVL6
 12515 09c9 01       		.uleb128 0x1
 12516 09ca 54       		.byte	0x54
 12517 09cb 00       		.byte	0
 12518              	.LVUS2:
 12519 09cc 00       		.uleb128 0
 12520 09cd 00       		.uleb128 .LVU42
 12521 09ce 00       		.uleb128 .LVU42
 12522 09cf 00       		.uleb128 .LVU108
 12523 09d0 00       		.uleb128 .LVU108
 12524 09d1 00       		.uleb128 .LVU110
 12525 09d2 00       		.uleb128 .LVU110
 12526 09d3 00       		.uleb128 0
 12527              	.LLST2:
 12528 09d4 06       		.byte	0x6
 12529 09d5 00000000 		.4byte	.LVL6
 12530 09d9 04       		.byte	0x4
 12531 09da 00       		.uleb128 .LVL6-.LVL6
 12532 09db 0A       		.uleb128 .LVL7-.LVL6
 12533 09dc 01       		.uleb128 0x1
 12534 09dd 51       		.byte	0x51
 12535 09de 04       		.byte	0x4
 12536 09df 0A       		.uleb128 .LVL7-.LVL6
 12537 09e0 64       		.uleb128 .LVL19-.LVL6
 12538 09e1 01       		.uleb128 0x1
 12539 09e2 55       		.byte	0x55
 12540 09e3 04       		.byte	0x4
 12541 09e4 64       		.uleb128 .LVL19-.LVL6
 12542 09e5 69       		.uleb128 .LVL21-1-.LVL6
 12543 09e6 01       		.uleb128 0x1
 12544 09e7 51       		.byte	0x51
 12545 09e8 04       		.byte	0x4
 12546 09e9 69       		.uleb128 .LVL21-1-.LVL6
 12547 09ea 78       		.uleb128 .LFE228-.LVL6
 12548 09eb 01       		.uleb128 0x1
 12549 09ec 55       		.byte	0x55
 12550 09ed 00       		.byte	0
 12551              	.LVUS3:
 12552 09ee 01       		.uleb128 .LVU65
 12553 09ef 04       		.uleb128 .LVU68
 12554 09f0 04       		.uleb128 .LVU68
 12555 09f1 07       		.uleb128 .LVU71
 12556 09f2 07       		.uleb128 .LVU71
 12557 09f3 0A       		.uleb128 .LVU74
 12558 09f4 0A       		.uleb128 .LVU74
 12559 09f5 0D       		.uleb128 .LVU77
 12560 09f6 0D       		.uleb128 .LVU77
 12561 09f7 00       		.uleb128 .LVU108
 12562              	.LLST3:
 12563 09f8 06       		.byte	0x6
 12564 09f9 30000000 		.4byte	.LVL11
ARM GAS  /tmp/cc9Yqsyg.s 			page 222


 12565 09fd 04       		.byte	0x4
 12566 09fe 00       		.uleb128 .LVL11-.LVL11
 12567 09ff 00       		.uleb128 .LVL11-.LVL11
 12568 0a00 02       		.uleb128 0x2
 12569 0a01 30       		.byte	0x30
 12570 0a02 9F       		.byte	0x9f
 12571 0a03 04       		.byte	0x4
 12572 0a04 00       		.uleb128 .LVL11-.LVL11
 12573 0a05 00       		.uleb128 .LVL11-.LVL11
 12574 0a06 02       		.uleb128 0x2
 12575 0a07 31       		.byte	0x31
 12576 0a08 9F       		.byte	0x9f
 12577 0a09 04       		.byte	0x4
 12578 0a0a 00       		.uleb128 .LVL11-.LVL11
 12579 0a0b 00       		.uleb128 .LVL11-.LVL11
 12580 0a0c 02       		.uleb128 0x2
 12581 0a0d 32       		.byte	0x32
 12582 0a0e 9F       		.byte	0x9f
 12583 0a0f 04       		.byte	0x4
 12584 0a10 00       		.uleb128 .LVL11-.LVL11
 12585 0a11 00       		.uleb128 .LVL11-.LVL11
 12586 0a12 02       		.uleb128 0x2
 12587 0a13 33       		.byte	0x33
 12588 0a14 9F       		.byte	0x9f
 12589 0a15 04       		.byte	0x4
 12590 0a16 00       		.uleb128 .LVL11-.LVL11
 12591 0a17 34       		.uleb128 .LVL19-.LVL11
 12592 0a18 02       		.uleb128 0x2
 12593 0a19 34       		.byte	0x34
 12594 0a1a 9F       		.byte	0x9f
 12595 0a1b 00       		.byte	0
 12596              	.LVUS4:
 12597 0a1c 08       		.uleb128 .LVU50
 12598 0a1d 00       		.uleb128 .LVU52
 12599              	.LLST4:
 12600 0a1e 08       		.byte	0x8
 12601 0a1f 0A000000 		.4byte	.LVL7
 12602 0a23 06       		.uleb128 .LVL8-.LVL7
 12603 0a24 03       		.uleb128 0x3
 12604 0a25 08       		.byte	0x8
 12605 0a26 20       		.byte	0x20
 12606 0a27 9F       		.byte	0x9f
 12607 0a28 00       		.byte	0
 12608              	.LVUS7:
 12609 0a29 04       		.uleb128 .LVU95
 12610 0a2a 00       		.uleb128 .LVU97
 12611 0a2b 04       		.uleb128 .LVU104
 12612 0a2c 00       		.uleb128 .LVU106
 12613              	.LLST7:
 12614 0a2d 06       		.byte	0x6
 12615 0a2e 4E000000 		.4byte	.LVL14
 12616 0a32 04       		.byte	0x4
 12617 0a33 00       		.uleb128 .LVL14-.LVL14
 12618 0a34 06       		.uleb128 .LVL15-.LVL14
 12619 0a35 02       		.uleb128 0x2
 12620 0a36 30       		.byte	0x30
 12621 0a37 9F       		.byte	0x9f
ARM GAS  /tmp/cc9Yqsyg.s 			page 223


 12622 0a38 04       		.byte	0x4
 12623 0a39 0E       		.uleb128 .LVL17-.LVL14
 12624 0a3a 14       		.uleb128 .LVL18-.LVL14
 12625 0a3b 02       		.uleb128 0x2
 12626 0a3c 30       		.byte	0x30
 12627 0a3d 9F       		.byte	0x9f
 12628 0a3e 00       		.byte	0
 12629              	.LVUS0:
 12630 0a3f 01       		.uleb128 .LVU10
 12631 0a40 01       		.uleb128 .LVU16
 12632 0a41 01       		.uleb128 .LVU16
 12633 0a42 01       		.uleb128 .LVU22
 12634 0a43 01       		.uleb128 .LVU22
 12635 0a44 01       		.uleb128 .LVU28
 12636 0a45 01       		.uleb128 .LVU28
 12637 0a46 00       		.uleb128 0
 12638              	.LLST0:
 12639 0a47 06       		.byte	0x6
 12640 0a48 08000000 		.4byte	.LVL2
 12641 0a4c 04       		.byte	0x4
 12642 0a4d 00       		.uleb128 .LVL2-.LVL2
 12643 0a4e 04       		.uleb128 .LVL3-.LVL2
 12644 0a4f 02       		.uleb128 0x2
 12645 0a50 30       		.byte	0x30
 12646 0a51 9F       		.byte	0x9f
 12647 0a52 04       		.byte	0x4
 12648 0a53 04       		.uleb128 .LVL3-.LVL2
 12649 0a54 08       		.uleb128 .LVL4-.LVL2
 12650 0a55 02       		.uleb128 0x2
 12651 0a56 31       		.byte	0x31
 12652 0a57 9F       		.byte	0x9f
 12653 0a58 04       		.byte	0x4
 12654 0a59 08       		.uleb128 .LVL4-.LVL2
 12655 0a5a 0C       		.uleb128 .LVL5-.LVL2
 12656 0a5b 02       		.uleb128 0x2
 12657 0a5c 32       		.byte	0x32
 12658 0a5d 9F       		.byte	0x9f
 12659 0a5e 04       		.byte	0x4
 12660 0a5f 0C       		.uleb128 .LVL5-.LVL2
 12661 0a60 10       		.uleb128 .LFE227-.LVL2
 12662 0a61 02       		.uleb128 0x2
 12663 0a62 33       		.byte	0x33
 12664 0a63 9F       		.byte	0x9f
 12665 0a64 00       		.byte	0
 12666              	.LVUS18:
 12667 0a65 00       		.uleb128 0
 12668 0a66 00       		.uleb128 .LVU253
 12669 0a67 00       		.uleb128 .LVU253
 12670 0a68 00       		.uleb128 0
 12671              	.LLST18:
 12672 0a69 06       		.byte	0x6
 12673 0a6a 00000000 		.4byte	.LVL53
 12674 0a6e 04       		.byte	0x4
 12675 0a6f 00       		.uleb128 .LVL53-.LVL53
 12676 0a70 1B       		.uleb128 .LVL57-1-.LVL53
 12677 0a71 01       		.uleb128 0x1
 12678 0a72 50       		.byte	0x50
ARM GAS  /tmp/cc9Yqsyg.s 			page 224


 12679 0a73 04       		.byte	0x4
 12680 0a74 1B       		.uleb128 .LVL57-1-.LVL53
 12681 0a75 1C       		.uleb128 .LFE232-.LVL53
 12682 0a76 0A       		.uleb128 0xa
 12683 0a77 A3       		.byte	0xa3
 12684 0a78 03       		.uleb128 0x3
 12685 0a79 A5       		.byte	0xa5
 12686 0a7a 00       		.uleb128 0
 12687 0a7b 26       		.uleb128 0x26
 12688 0a7c A8       		.byte	0xa8
 12689 0a7d 2D       		.uleb128 0x2d
 12690 0a7e A8       		.byte	0xa8
 12691 0a7f 00       		.uleb128 0
 12692 0a80 9F       		.byte	0x9f
 12693 0a81 00       		.byte	0
 12694              	.LVUS19:
 12695 0a82 00       		.uleb128 0
 12696 0a83 00       		.uleb128 .LVU253
 12697 0a84 00       		.uleb128 .LVU253
 12698 0a85 00       		.uleb128 0
 12699              	.LLST19:
 12700 0a86 06       		.byte	0x6
 12701 0a87 00000000 		.4byte	.LVL53
 12702 0a8b 04       		.byte	0x4
 12703 0a8c 00       		.uleb128 .LVL53-.LVL53
 12704 0a8d 1B       		.uleb128 .LVL57-1-.LVL53
 12705 0a8e 01       		.uleb128 0x1
 12706 0a8f 51       		.byte	0x51
 12707 0a90 04       		.byte	0x4
 12708 0a91 1B       		.uleb128 .LVL57-1-.LVL53
 12709 0a92 1C       		.uleb128 .LFE232-.LVL53
 12710 0a93 0A       		.uleb128 0xa
 12711 0a94 A3       		.byte	0xa3
 12712 0a95 03       		.uleb128 0x3
 12713 0a96 A5       		.byte	0xa5
 12714 0a97 01       		.uleb128 0x1
 12715 0a98 26       		.uleb128 0x26
 12716 0a99 A8       		.byte	0xa8
 12717 0a9a 34       		.uleb128 0x34
 12718 0a9b A8       		.byte	0xa8
 12719 0a9c 00       		.uleb128 0
 12720 0a9d 9F       		.byte	0x9f
 12721 0a9e 00       		.byte	0
 12722              	.LVUS20:
 12723 0a9f 00       		.uleb128 0
 12724 0aa0 00       		.uleb128 .LVU253
 12725 0aa1 00       		.uleb128 .LVU253
 12726 0aa2 00       		.uleb128 0
 12727              	.LLST20:
 12728 0aa3 06       		.byte	0x6
 12729 0aa4 00000000 		.4byte	.LVL53
 12730 0aa8 04       		.byte	0x4
 12731 0aa9 00       		.uleb128 .LVL53-.LVL53
 12732 0aaa 1B       		.uleb128 .LVL57-1-.LVL53
 12733 0aab 01       		.uleb128 0x1
 12734 0aac 52       		.byte	0x52
 12735 0aad 04       		.byte	0x4
ARM GAS  /tmp/cc9Yqsyg.s 			page 225


 12736 0aae 1B       		.uleb128 .LVL57-1-.LVL53
 12737 0aaf 1C       		.uleb128 .LFE232-.LVL53
 12738 0ab0 0A       		.uleb128 0xa
 12739 0ab1 A3       		.byte	0xa3
 12740 0ab2 03       		.uleb128 0x3
 12741 0ab3 A5       		.byte	0xa5
 12742 0ab4 02       		.uleb128 0x2
 12743 0ab5 26       		.uleb128 0x26
 12744 0ab6 A8       		.byte	0xa8
 12745 0ab7 2D       		.uleb128 0x2d
 12746 0ab8 A8       		.byte	0xa8
 12747 0ab9 00       		.uleb128 0
 12748 0aba 9F       		.byte	0x9f
 12749 0abb 00       		.byte	0
 12750              	.LVUS21:
 12751 0abc 00       		.uleb128 0
 12752 0abd 00       		.uleb128 .LVU244
 12753 0abe 00       		.uleb128 .LVU244
 12754 0abf 00       		.uleb128 .LVU252
 12755 0ac0 00       		.uleb128 .LVU252
 12756 0ac1 00       		.uleb128 .LVU253
 12757 0ac2 00       		.uleb128 .LVU253
 12758 0ac3 00       		.uleb128 0
 12759              	.LLST21:
 12760 0ac4 06       		.byte	0x6
 12761 0ac5 00000000 		.4byte	.LVL53
 12762 0ac9 04       		.byte	0x4
 12763 0aca 00       		.uleb128 .LVL53-.LVL53
 12764 0acb 0E       		.uleb128 .LVL55-.LVL53
 12765 0acc 01       		.uleb128 0x1
 12766 0acd 53       		.byte	0x53
 12767 0ace 04       		.byte	0x4
 12768 0acf 0E       		.uleb128 .LVL55-.LVL53
 12769 0ad0 18       		.uleb128 .LVL56-.LVL53
 12770 0ad1 02       		.uleb128 0x2
 12771 0ad2 74       		.byte	0x74
 12772 0ad3 04       		.sleb128 4
 12773 0ad4 04       		.byte	0x4
 12774 0ad5 18       		.uleb128 .LVL56-.LVL53
 12775 0ad6 1B       		.uleb128 .LVL57-1-.LVL53
 12776 0ad7 16       		.uleb128 0x16
 12777 0ad8 A3       		.byte	0xa3
 12778 0ad9 03       		.uleb128 0x3
 12779 0ada A5       		.byte	0xa5
 12780 0adb 01       		.uleb128 0x1
 12781 0adc 26       		.uleb128 0x26
 12782 0add A8       		.byte	0xa8
 12783 0ade 2D       		.uleb128 0x2d
 12784 0adf A8       		.byte	0xa8
 12785 0ae0 00       		.uleb128 0
 12786 0ae1 32       		.byte	0x32
 12787 0ae2 24       		.byte	0x24
 12788 0ae3 70       		.byte	0x70
 12789 0ae4 00       		.sleb128 0
 12790 0ae5 22       		.byte	0x22
 12791 0ae6 23       		.byte	0x23
 12792 0ae7 0C       		.uleb128 0xc
ARM GAS  /tmp/cc9Yqsyg.s 			page 226


 12793 0ae8 06       		.byte	0x6
 12794 0ae9 23       		.byte	0x23
 12795 0aea 18       		.uleb128 0x18
 12796 0aeb 06       		.byte	0x6
 12797 0aec 23       		.byte	0x23
 12798 0aed 04       		.uleb128 0x4
 12799 0aee 04       		.byte	0x4
 12800 0aef 1B       		.uleb128 .LVL57-1-.LVL53
 12801 0af0 1C       		.uleb128 .LFE232-.LVL53
 12802 0af1 0A       		.uleb128 0xa
 12803 0af2 A3       		.byte	0xa3
 12804 0af3 03       		.uleb128 0x3
 12805 0af4 A5       		.byte	0xa5
 12806 0af5 03       		.uleb128 0x3
 12807 0af6 26       		.uleb128 0x26
 12808 0af7 A8       		.byte	0xa8
 12809 0af8 2D       		.uleb128 0x2d
 12810 0af9 A8       		.byte	0xa8
 12811 0afa 00       		.uleb128 0
 12812 0afb 9F       		.byte	0x9f
 12813 0afc 00       		.byte	0
 12814              	.LVUS22:
 12815 0afd 00       		.uleb128 .LVU241
 12816 0afe 00       		.uleb128 .LVU252
 12817 0aff 00       		.uleb128 .LVU252
 12818 0b00 00       		.uleb128 .LVU253
 12819              	.LLST22:
 12820 0b01 06       		.byte	0x6
 12821 0b02 0A000000 		.4byte	.LVL54
 12822 0b06 04       		.byte	0x4
 12823 0b07 00       		.uleb128 .LVL54-.LVL54
 12824 0b08 0E       		.uleb128 .LVL56-.LVL54
 12825 0b09 01       		.uleb128 0x1
 12826 0b0a 54       		.byte	0x54
 12827 0b0b 04       		.byte	0x4
 12828 0b0c 0E       		.uleb128 .LVL56-.LVL54
 12829 0b0d 11       		.uleb128 .LVL57-1-.LVL54
 12830 0b0e 13       		.uleb128 0x13
 12831 0b0f A3       		.byte	0xa3
 12832 0b10 03       		.uleb128 0x3
 12833 0b11 A5       		.byte	0xa5
 12834 0b12 01       		.uleb128 0x1
 12835 0b13 26       		.uleb128 0x26
 12836 0b14 A8       		.byte	0xa8
 12837 0b15 2D       		.uleb128 0x2d
 12838 0b16 A8       		.byte	0xa8
 12839 0b17 00       		.uleb128 0
 12840 0b18 32       		.byte	0x32
 12841 0b19 24       		.byte	0x24
 12842 0b1a 70       		.byte	0x70
 12843 0b1b 00       		.sleb128 0
 12844 0b1c 22       		.byte	0x22
 12845 0b1d 23       		.byte	0x23
 12846 0b1e 0C       		.uleb128 0xc
 12847 0b1f 06       		.byte	0x6
 12848 0b20 23       		.byte	0x23
 12849 0b21 18       		.uleb128 0x18
ARM GAS  /tmp/cc9Yqsyg.s 			page 227


 12850 0b22 00       		.byte	0
 12851              	.LVUS23:
 12852 0b23 00       		.uleb128 0
 12853 0b24 00       		.uleb128 .LVU271
 12854 0b25 00       		.uleb128 .LVU271
 12855 0b26 00       		.uleb128 0
 12856              	.LLST23:
 12857 0b27 06       		.byte	0x6
 12858 0b28 00000000 		.4byte	.LVL58
 12859 0b2c 04       		.byte	0x4
 12860 0b2d 00       		.uleb128 .LVL58-.LVL58
 12861 0b2e 1B       		.uleb128 .LVL62-1-.LVL58
 12862 0b2f 01       		.uleb128 0x1
 12863 0b30 50       		.byte	0x50
 12864 0b31 04       		.byte	0x4
 12865 0b32 1B       		.uleb128 .LVL62-1-.LVL58
 12866 0b33 1C       		.uleb128 .LFE233-.LVL58
 12867 0b34 0A       		.uleb128 0xa
 12868 0b35 A3       		.byte	0xa3
 12869 0b36 03       		.uleb128 0x3
 12870 0b37 A5       		.byte	0xa5
 12871 0b38 00       		.uleb128 0
 12872 0b39 26       		.uleb128 0x26
 12873 0b3a A8       		.byte	0xa8
 12874 0b3b 2D       		.uleb128 0x2d
 12875 0b3c A8       		.byte	0xa8
 12876 0b3d 00       		.uleb128 0
 12877 0b3e 9F       		.byte	0x9f
 12878 0b3f 00       		.byte	0
 12879              	.LVUS24:
 12880 0b40 00       		.uleb128 0
 12881 0b41 00       		.uleb128 .LVU271
 12882 0b42 00       		.uleb128 .LVU271
 12883 0b43 00       		.uleb128 0
 12884              	.LLST24:
 12885 0b44 06       		.byte	0x6
 12886 0b45 00000000 		.4byte	.LVL58
 12887 0b49 04       		.byte	0x4
 12888 0b4a 00       		.uleb128 .LVL58-.LVL58
 12889 0b4b 1B       		.uleb128 .LVL62-1-.LVL58
 12890 0b4c 01       		.uleb128 0x1
 12891 0b4d 51       		.byte	0x51
 12892 0b4e 04       		.byte	0x4
 12893 0b4f 1B       		.uleb128 .LVL62-1-.LVL58
 12894 0b50 1C       		.uleb128 .LFE233-.LVL58
 12895 0b51 0A       		.uleb128 0xa
 12896 0b52 A3       		.byte	0xa3
 12897 0b53 03       		.uleb128 0x3
 12898 0b54 A5       		.byte	0xa5
 12899 0b55 01       		.uleb128 0x1
 12900 0b56 26       		.uleb128 0x26
 12901 0b57 A8       		.byte	0xa8
 12902 0b58 34       		.uleb128 0x34
 12903 0b59 A8       		.byte	0xa8
 12904 0b5a 00       		.uleb128 0
 12905 0b5b 9F       		.byte	0x9f
 12906 0b5c 00       		.byte	0
ARM GAS  /tmp/cc9Yqsyg.s 			page 228


 12907              	.LVUS25:
 12908 0b5d 00       		.uleb128 0
 12909 0b5e 00       		.uleb128 .LVU271
 12910 0b5f 00       		.uleb128 .LVU271
 12911 0b60 00       		.uleb128 0
 12912              	.LLST25:
 12913 0b61 06       		.byte	0x6
 12914 0b62 00000000 		.4byte	.LVL58
 12915 0b66 04       		.byte	0x4
 12916 0b67 00       		.uleb128 .LVL58-.LVL58
 12917 0b68 1B       		.uleb128 .LVL62-1-.LVL58
 12918 0b69 01       		.uleb128 0x1
 12919 0b6a 52       		.byte	0x52
 12920 0b6b 04       		.byte	0x4
 12921 0b6c 1B       		.uleb128 .LVL62-1-.LVL58
 12922 0b6d 1C       		.uleb128 .LFE233-.LVL58
 12923 0b6e 0A       		.uleb128 0xa
 12924 0b6f A3       		.byte	0xa3
 12925 0b70 03       		.uleb128 0x3
 12926 0b71 A5       		.byte	0xa5
 12927 0b72 02       		.uleb128 0x2
 12928 0b73 26       		.uleb128 0x26
 12929 0b74 A8       		.byte	0xa8
 12930 0b75 2D       		.uleb128 0x2d
 12931 0b76 A8       		.byte	0xa8
 12932 0b77 00       		.uleb128 0
 12933 0b78 9F       		.byte	0x9f
 12934 0b79 00       		.byte	0
 12935              	.LVUS26:
 12936 0b7a 00       		.uleb128 0
 12937 0b7b 00       		.uleb128 .LVU262
 12938 0b7c 00       		.uleb128 .LVU262
 12939 0b7d 00       		.uleb128 .LVU270
 12940 0b7e 00       		.uleb128 .LVU270
 12941 0b7f 00       		.uleb128 .LVU271
 12942 0b80 00       		.uleb128 .LVU271
 12943 0b81 00       		.uleb128 0
 12944              	.LLST26:
 12945 0b82 06       		.byte	0x6
 12946 0b83 00000000 		.4byte	.LVL58
 12947 0b87 04       		.byte	0x4
 12948 0b88 00       		.uleb128 .LVL58-.LVL58
 12949 0b89 0E       		.uleb128 .LVL60-.LVL58
 12950 0b8a 01       		.uleb128 0x1
 12951 0b8b 53       		.byte	0x53
 12952 0b8c 04       		.byte	0x4
 12953 0b8d 0E       		.uleb128 .LVL60-.LVL58
 12954 0b8e 18       		.uleb128 .LVL61-.LVL58
 12955 0b8f 02       		.uleb128 0x2
 12956 0b90 74       		.byte	0x74
 12957 0b91 04       		.sleb128 4
 12958 0b92 04       		.byte	0x4
 12959 0b93 18       		.uleb128 .LVL61-.LVL58
 12960 0b94 1B       		.uleb128 .LVL62-1-.LVL58
 12961 0b95 16       		.uleb128 0x16
 12962 0b96 A3       		.byte	0xa3
 12963 0b97 03       		.uleb128 0x3
ARM GAS  /tmp/cc9Yqsyg.s 			page 229


 12964 0b98 A5       		.byte	0xa5
 12965 0b99 01       		.uleb128 0x1
 12966 0b9a 26       		.uleb128 0x26
 12967 0b9b A8       		.byte	0xa8
 12968 0b9c 2D       		.uleb128 0x2d
 12969 0b9d A8       		.byte	0xa8
 12970 0b9e 00       		.uleb128 0
 12971 0b9f 32       		.byte	0x32
 12972 0ba0 24       		.byte	0x24
 12973 0ba1 70       		.byte	0x70
 12974 0ba2 00       		.sleb128 0
 12975 0ba3 22       		.byte	0x22
 12976 0ba4 23       		.byte	0x23
 12977 0ba5 0C       		.uleb128 0xc
 12978 0ba6 06       		.byte	0x6
 12979 0ba7 23       		.byte	0x23
 12980 0ba8 14       		.uleb128 0x14
 12981 0ba9 06       		.byte	0x6
 12982 0baa 23       		.byte	0x23
 12983 0bab 04       		.uleb128 0x4
 12984 0bac 04       		.byte	0x4
 12985 0bad 1B       		.uleb128 .LVL62-1-.LVL58
 12986 0bae 1C       		.uleb128 .LFE233-.LVL58
 12987 0baf 0A       		.uleb128 0xa
 12988 0bb0 A3       		.byte	0xa3
 12989 0bb1 03       		.uleb128 0x3
 12990 0bb2 A5       		.byte	0xa5
 12991 0bb3 03       		.uleb128 0x3
 12992 0bb4 26       		.uleb128 0x26
 12993 0bb5 A8       		.byte	0xa8
 12994 0bb6 2D       		.uleb128 0x2d
 12995 0bb7 A8       		.byte	0xa8
 12996 0bb8 00       		.uleb128 0
 12997 0bb9 9F       		.byte	0x9f
 12998 0bba 00       		.byte	0
 12999              	.LVUS27:
 13000 0bbb 00       		.uleb128 .LVU259
 13001 0bbc 00       		.uleb128 .LVU270
 13002 0bbd 00       		.uleb128 .LVU270
 13003 0bbe 00       		.uleb128 .LVU271
 13004              	.LLST27:
 13005 0bbf 06       		.byte	0x6
 13006 0bc0 0A000000 		.4byte	.LVL59
 13007 0bc4 04       		.byte	0x4
 13008 0bc5 00       		.uleb128 .LVL59-.LVL59
 13009 0bc6 0E       		.uleb128 .LVL61-.LVL59
 13010 0bc7 01       		.uleb128 0x1
 13011 0bc8 54       		.byte	0x54
 13012 0bc9 04       		.byte	0x4
 13013 0bca 0E       		.uleb128 .LVL61-.LVL59
 13014 0bcb 11       		.uleb128 .LVL62-1-.LVL59
 13015 0bcc 13       		.uleb128 0x13
 13016 0bcd A3       		.byte	0xa3
 13017 0bce 03       		.uleb128 0x3
 13018 0bcf A5       		.byte	0xa5
 13019 0bd0 01       		.uleb128 0x1
 13020 0bd1 26       		.uleb128 0x26
ARM GAS  /tmp/cc9Yqsyg.s 			page 230


 13021 0bd2 A8       		.byte	0xa8
 13022 0bd3 2D       		.uleb128 0x2d
 13023 0bd4 A8       		.byte	0xa8
 13024 0bd5 00       		.uleb128 0
 13025 0bd6 32       		.byte	0x32
 13026 0bd7 24       		.byte	0x24
 13027 0bd8 70       		.byte	0x70
 13028 0bd9 00       		.sleb128 0
 13029 0bda 22       		.byte	0x22
 13030 0bdb 23       		.byte	0x23
 13031 0bdc 0C       		.uleb128 0xc
 13032 0bdd 06       		.byte	0x6
 13033 0bde 23       		.byte	0x23
 13034 0bdf 14       		.uleb128 0x14
 13035 0be0 00       		.byte	0
 13036              	.LVUS38:
 13037 0be1 00       		.uleb128 0
 13038 0be2 00       		.uleb128 .LVU313
 13039 0be3 00       		.uleb128 .LVU313
 13040 0be4 00       		.uleb128 0
 13041              	.LLST38:
 13042 0be5 06       		.byte	0x6
 13043 0be6 00000000 		.4byte	.LVL75
 13044 0bea 04       		.byte	0x4
 13045 0beb 00       		.uleb128 .LVL75-.LVL75
 13046 0bec 09       		.uleb128 .LVL76-1-.LVL75
 13047 0bed 01       		.uleb128 0x1
 13048 0bee 50       		.byte	0x50
 13049 0bef 04       		.byte	0x4
 13050 0bf0 09       		.uleb128 .LVL76-1-.LVL75
 13051 0bf1 3C       		.uleb128 .LFE236-.LVL75
 13052 0bf2 01       		.uleb128 0x1
 13053 0bf3 54       		.byte	0x54
 13054 0bf4 00       		.byte	0
 13055              	.LVUS39:
 13056 0bf5 00       		.uleb128 0
 13057 0bf6 00       		.uleb128 .LVU313
 13058 0bf7 00       		.uleb128 .LVU313
 13059 0bf8 00       		.uleb128 .LVU323
 13060 0bf9 00       		.uleb128 .LVU323
 13061 0bfa 00       		.uleb128 0
 13062              	.LLST39:
 13063 0bfb 06       		.byte	0x6
 13064 0bfc 00000000 		.4byte	.LVL75
 13065 0c00 04       		.byte	0x4
 13066 0c01 00       		.uleb128 .LVL75-.LVL75
 13067 0c02 09       		.uleb128 .LVL76-1-.LVL75
 13068 0c03 01       		.uleb128 0x1
 13069 0c04 51       		.byte	0x51
 13070 0c05 04       		.byte	0x4
 13071 0c06 09       		.uleb128 .LVL76-1-.LVL75
 13072 0c07 1E       		.uleb128 .LVL77-.LVL75
 13073 0c08 01       		.uleb128 0x1
 13074 0c09 56       		.byte	0x56
 13075 0c0a 04       		.byte	0x4
 13076 0c0b 1E       		.uleb128 .LVL77-.LVL75
 13077 0c0c 3C       		.uleb128 .LFE236-.LVL75
ARM GAS  /tmp/cc9Yqsyg.s 			page 231


 13078 0c0d 0A       		.uleb128 0xa
 13079 0c0e A3       		.byte	0xa3
 13080 0c0f 03       		.uleb128 0x3
 13081 0c10 A5       		.byte	0xa5
 13082 0c11 01       		.uleb128 0x1
 13083 0c12 26       		.uleb128 0x26
 13084 0c13 A8       		.byte	0xa8
 13085 0c14 34       		.uleb128 0x34
 13086 0c15 A8       		.byte	0xa8
 13087 0c16 00       		.uleb128 0
 13088 0c17 9F       		.byte	0x9f
 13089 0c18 00       		.byte	0
 13090              	.LVUS40:
 13091 0c19 00       		.uleb128 0
 13092 0c1a 00       		.uleb128 .LVU337
 13093 0c1b 00       		.uleb128 .LVU337
 13094 0c1c 00       		.uleb128 0
 13095              	.LLST40:
 13096 0c1d 06       		.byte	0x6
 13097 0c1e 00000000 		.4byte	.LVL81
 13098 0c22 04       		.byte	0x4
 13099 0c23 00       		.uleb128 .LVL81-.LVL81
 13100 0c24 09       		.uleb128 .LVL82-1-.LVL81
 13101 0c25 01       		.uleb128 0x1
 13102 0c26 50       		.byte	0x50
 13103 0c27 04       		.byte	0x4
 13104 0c28 09       		.uleb128 .LVL82-1-.LVL81
 13105 0c29 3C       		.uleb128 .LFE237-.LVL81
 13106 0c2a 01       		.uleb128 0x1
 13107 0c2b 54       		.byte	0x54
 13108 0c2c 00       		.byte	0
 13109              	.LVUS41:
 13110 0c2d 00       		.uleb128 0
 13111 0c2e 00       		.uleb128 .LVU337
 13112 0c2f 00       		.uleb128 .LVU337
 13113 0c30 00       		.uleb128 .LVU347
 13114 0c31 00       		.uleb128 .LVU347
 13115 0c32 00       		.uleb128 0
 13116              	.LLST41:
 13117 0c33 06       		.byte	0x6
 13118 0c34 00000000 		.4byte	.LVL81
 13119 0c38 04       		.byte	0x4
 13120 0c39 00       		.uleb128 .LVL81-.LVL81
 13121 0c3a 09       		.uleb128 .LVL82-1-.LVL81
 13122 0c3b 01       		.uleb128 0x1
 13123 0c3c 51       		.byte	0x51
 13124 0c3d 04       		.byte	0x4
 13125 0c3e 09       		.uleb128 .LVL82-1-.LVL81
 13126 0c3f 1E       		.uleb128 .LVL83-.LVL81
 13127 0c40 01       		.uleb128 0x1
 13128 0c41 56       		.byte	0x56
 13129 0c42 04       		.byte	0x4
 13130 0c43 1E       		.uleb128 .LVL83-.LVL81
 13131 0c44 3C       		.uleb128 .LFE237-.LVL81
 13132 0c45 0A       		.uleb128 0xa
 13133 0c46 A3       		.byte	0xa3
 13134 0c47 03       		.uleb128 0x3
ARM GAS  /tmp/cc9Yqsyg.s 			page 232


 13135 0c48 A5       		.byte	0xa5
 13136 0c49 01       		.uleb128 0x1
 13137 0c4a 26       		.uleb128 0x26
 13138 0c4b A8       		.byte	0xa8
 13139 0c4c 34       		.uleb128 0x34
 13140 0c4d A8       		.byte	0xa8
 13141 0c4e 00       		.uleb128 0
 13142 0c4f 9F       		.byte	0x9f
 13143 0c50 00       		.byte	0
 13144              	.Ldebug_loc3:
 13145              		.section	.debug_aranges,"",%progbits
 13146 0000 B4000000 		.4byte	0xb4
 13147 0004 0200     		.2byte	0x2
 13148 0006 00000000 		.4byte	.Ldebug_info0
 13149 000a 04       		.byte	0x4
 13150 000b 00       		.byte	0
 13151 000c 0000     		.2byte	0
 13152 000e 0000     		.2byte	0
 13153 0010 00000000 		.4byte	.LFB226
 13154 0014 04000000 		.4byte	.LFE226-.LFB226
 13155 0018 00000000 		.4byte	.LFB227
 13156 001c 18000000 		.4byte	.LFE227-.LFB227
 13157 0020 00000000 		.4byte	.LFB228
 13158 0024 78000000 		.4byte	.LFE228-.LFB228
 13159 0028 00000000 		.4byte	.LFB229
 13160 002c 6C000000 		.4byte	.LFE229-.LFB229
 13161 0030 00000000 		.4byte	.LFB230
 13162 0034 64000000 		.4byte	.LFE230-.LFB230
 13163 0038 00000000 		.4byte	.LFB231
 13164 003c 3C000000 		.4byte	.LFE231-.LFB231
 13165 0040 00000000 		.4byte	.LFB232
 13166 0044 1C000000 		.4byte	.LFE232-.LFB232
 13167 0048 00000000 		.4byte	.LFB233
 13168 004c 1C000000 		.4byte	.LFE233-.LFB233
 13169 0050 00000000 		.4byte	.LFB234
 13170 0054 1E000000 		.4byte	.LFE234-.LFB234
 13171 0058 00000000 		.4byte	.LFB235
 13172 005c 1E000000 		.4byte	.LFE235-.LFB235
 13173 0060 00000000 		.4byte	.LFB236
 13174 0064 3C000000 		.4byte	.LFE236-.LFB236
 13175 0068 00000000 		.4byte	.LFB237
 13176 006c 3C000000 		.4byte	.LFE237-.LFB237
 13177 0070 00000000 		.4byte	.LFB238
 13178 0074 34000000 		.4byte	.LFE238-.LFB238
 13179 0078 00000000 		.4byte	.LFB239
 13180 007c 34000000 		.4byte	.LFE239-.LFB239
 13181 0080 00000000 		.4byte	.LFB240
 13182 0084 30000000 		.4byte	.LFE240-.LFB240
 13183 0088 00000000 		.4byte	.LFB241
 13184 008c 10000000 		.4byte	.LFE241-.LFB241
 13185 0090 00000000 		.4byte	.LFB242
 13186 0094 0E000000 		.4byte	.LFE242-.LFB242
 13187 0098 00000000 		.4byte	.LFB243
 13188 009c 20030000 		.4byte	.LFE243-.LFB243
 13189 00a0 00000000 		.4byte	.LFB244
 13190 00a4 04010000 		.4byte	.LFE244-.LFB244
 13191 00a8 00000000 		.4byte	.LFB245
ARM GAS  /tmp/cc9Yqsyg.s 			page 233


 13192 00ac B0000000 		.4byte	.LFE245-.LFB245
 13193 00b0 00000000 		.4byte	0
 13194 00b4 00000000 		.4byte	0
 13195              		.section	.debug_rnglists,"",%progbits
 13196              	.Ldebug_ranges0:
 13197 0000 85010000 		.4byte	.Ldebug_ranges3-.Ldebug_ranges2
 13198              	.Ldebug_ranges2:
 13199 0004 0500     		.2byte	0x5
 13200 0006 04       		.byte	0x4
 13201 0007 00       		.byte	0
 13202 0008 00000000 		.4byte	0
 13203              	.LLRL5:
 13204 000c 05       		.byte	0x5
 13205 000d 38000000 		.4byte	.LBB204
 13206 0011 04       		.byte	0x4
 13207 0012 00       		.uleb128 .LBB204-.LBB204
 13208 0013 1C       		.uleb128 .LBE204-.LBB204
 13209 0014 04       		.byte	0x4
 13210 0015 1E       		.uleb128 .LBB215-.LBB204
 13211 0016 2A       		.uleb128 .LBE215-.LBB204
 13212 0017 00       		.byte	0
 13213              	.LLRL6:
 13214 0018 05       		.byte	0x5
 13215 0019 4E000000 		.4byte	.LBB207
 13216 001d 04       		.byte	0x4
 13217 001e 00       		.uleb128 .LBB207-.LBB207
 13218 001f 06       		.uleb128 .LBE207-.LBB207
 13219 0020 04       		.byte	0x4
 13220 0021 0E       		.uleb128 .LBB212-.LBB207
 13221 0022 14       		.uleb128 .LBE212-.LBB207
 13222 0023 00       		.byte	0
 13223              	.LLRL10:
 13224 0024 05       		.byte	0x5
 13225 0025 22000000 		.4byte	.LBB235
 13226 0029 04       		.byte	0x4
 13227 002a 00       		.uleb128 .LBB235-.LBB235
 13228 002b 1C       		.uleb128 .LBE235-.LBB235
 13229 002c 04       		.byte	0x4
 13230 002d 1E       		.uleb128 .LBB246-.LBB235
 13231 002e 2A       		.uleb128 .LBE246-.LBB235
 13232 002f 00       		.byte	0
 13233              	.LLRL11:
 13234 0030 05       		.byte	0x5
 13235 0031 38000000 		.4byte	.LBB238
 13236 0035 04       		.byte	0x4
 13237 0036 00       		.uleb128 .LBB238-.LBB238
 13238 0037 06       		.uleb128 .LBE238-.LBB238
 13239 0038 04       		.byte	0x4
 13240 0039 0E       		.uleb128 .LBB243-.LBB238
 13241 003a 14       		.uleb128 .LBE243-.LBB238
 13242 003b 00       		.byte	0
 13243              	.LLRL53:
 13244 003c 05       		.byte	0x5
 13245 003d 32000000 		.4byte	.LBB331
 13246 0041 04       		.byte	0x4
 13247 0042 00       		.uleb128 .LBB331-.LBB331
 13248 0043 02       		.uleb128 .LBE331-.LBB331
ARM GAS  /tmp/cc9Yqsyg.s 			page 234


 13249 0044 04       		.byte	0x4
 13250 0045 C201     		.uleb128 .LBB388-.LBB331
 13251 0047 C401     		.uleb128 .LBE388-.LBB331
 13252 0049 04       		.byte	0x4
 13253 004a C601     		.uleb128 .LBB389-.LBB331
 13254 004c CE01     		.uleb128 .LBE389-.LBB331
 13255 004e 04       		.byte	0x4
 13256 004f C802     		.uleb128 .LBB410-.LBB331
 13257 0051 CA02     		.uleb128 .LBE410-.LBB331
 13258 0053 00       		.byte	0
 13259              	.LLRL59:
 13260 0054 05       		.byte	0x5
 13261 0055 42000000 		.4byte	.LBB336
 13262 0059 04       		.byte	0x4
 13263 005a 00       		.uleb128 .LBB336-.LBB336
 13264 005b 02       		.uleb128 .LBE336-.LBB336
 13265 005c 04       		.byte	0x4
 13266 005d 04       		.uleb128 .LBB339-.LBB336
 13267 005e 14       		.uleb128 .LBE339-.LBB336
 13268 005f 00       		.byte	0
 13269              	.LLRL66:
 13270 0060 05       		.byte	0x5
 13271 0061 60000000 		.4byte	.LBB347
 13272 0065 04       		.byte	0x4
 13273 0066 00       		.uleb128 .LBB347-.LBB347
 13274 0067 0C       		.uleb128 .LBE347-.LBB347
 13275 0068 04       		.byte	0x4
 13276 0069 D601     		.uleb128 .LBB403-.LBB347
 13277 006b E201     		.uleb128 .LBE403-.LBB347
 13278 006d 00       		.byte	0
 13279              	.LLRL69:
 13280 006e 05       		.byte	0x5
 13281 006f 6C000000 		.4byte	.LBB350
 13282 0073 04       		.byte	0x4
 13283 0074 00       		.uleb128 .LBB350-.LBB350
 13284 0075 0A       		.uleb128 .LBE350-.LBB350
 13285 0076 04       		.byte	0x4
 13286 0077 BE01     		.uleb128 .LBB402-.LBB350
 13287 0079 CA01     		.uleb128 .LBE402-.LBB350
 13288 007b 04       		.byte	0x4
 13289 007c D601     		.uleb128 .LBB408-.LBB350
 13290 007e E201     		.uleb128 .LBE408-.LBB350
 13291 0080 00       		.byte	0
 13292              	.LLRL70:
 13293 0081 05       		.byte	0x5
 13294 0082 6C000000 		.4byte	.LBB352
 13295 0086 04       		.byte	0x4
 13296 0087 00       		.uleb128 .LBB352-.LBB352
 13297 0088 0A       		.uleb128 .LBE352-.LBB352
 13298 0089 04       		.byte	0x4
 13299 008a BE01     		.uleb128 .LBB368-.LBB352
 13300 008c CA01     		.uleb128 .LBE368-.LBB352
 13301 008e 04       		.byte	0x4
 13302 008f D601     		.uleb128 .LBB369-.LBB352
 13303 0091 E201     		.uleb128 .LBE369-.LBB352
 13304 0093 00       		.byte	0
 13305              	.LLRL71:
ARM GAS  /tmp/cc9Yqsyg.s 			page 235


 13306 0094 05       		.byte	0x5
 13307 0095 70000000 		.4byte	.LBB354
 13308 0099 04       		.byte	0x4
 13309 009a 00       		.uleb128 .LBB354-.LBB354
 13310 009b 06       		.uleb128 .LBE354-.LBB354
 13311 009c 04       		.byte	0x4
 13312 009d BE01     		.uleb128 .LBB364-.LBB354
 13313 009f C601     		.uleb128 .LBE364-.LBB354
 13314 00a1 04       		.byte	0x4
 13315 00a2 D601     		.uleb128 .LBB365-.LBB354
 13316 00a4 DE01     		.uleb128 .LBE365-.LBB354
 13317 00a6 00       		.byte	0
 13318              	.LLRL73:
 13319 00a7 05       		.byte	0x5
 13320 00a8 84000000 		.4byte	.LBB372
 13321 00ac 04       		.byte	0x4
 13322 00ad 00       		.uleb128 .LBB372-.LBB372
 13323 00ae 42       		.uleb128 .LBE372-.LBB372
 13324 00af 04       		.byte	0x4
 13325 00b0 CA01     		.uleb128 .LBB409-.LBB372
 13326 00b2 F401     		.uleb128 .LBE409-.LBB372
 13327 00b4 04       		.byte	0x4
 13328 00b5 9E02     		.uleb128 .LBB414-.LBB372
 13329 00b7 8403     		.uleb128 .LBE414-.LBB372
 13330 00b9 04       		.byte	0x4
 13331 00ba 8803     		.uleb128 .LBB415-.LBB372
 13332 00bc B003     		.uleb128 .LBE415-.LBB372
 13333 00be 04       		.byte	0x4
 13334 00bf B403     		.uleb128 .LBB416-.LBB372
 13335 00c1 9E04     		.uleb128 .LBE416-.LBB372
 13336 00c3 04       		.byte	0x4
 13337 00c4 A204     		.uleb128 .LBB417-.LBB372
 13338 00c6 EA04     		.uleb128 .LBE417-.LBB372
 13339 00c8 04       		.byte	0x4
 13340 00c9 EE04     		.uleb128 .LBB418-.LBB372
 13341 00cb 8005     		.uleb128 .LBE418-.LBB372
 13342 00cd 04       		.byte	0x4
 13343 00ce 8405     		.uleb128 .LBB419-.LBB372
 13344 00d0 8A05     		.uleb128 .LBE419-.LBB372
 13345 00d2 04       		.byte	0x4
 13346 00d3 8E05     		.uleb128 .LBB420-.LBB372
 13347 00d5 9C05     		.uleb128 .LBE420-.LBB372
 13348 00d7 00       		.byte	0
 13349              	.LLRL76:
 13350 00d8 05       		.byte	0x5
 13351 00d9 18020000 		.4byte	.LBB374
 13352 00dd 04       		.byte	0x4
 13353 00de 00       		.uleb128 .LBB374-.LBB374
 13354 00df 1C       		.uleb128 .LBE374-.LBB374
 13355 00e0 04       		.byte	0x4
 13356 00e1 20       		.uleb128 .LBB378-.LBB374
 13357 00e2 22       		.uleb128 .LBE378-.LBB374
 13358 00e3 04       		.byte	0x4
 13359 00e4 22       		.uleb128 .LBB379-.LBB374
 13360 00e5 24       		.uleb128 .LBE379-.LBB374
 13361 00e6 00       		.byte	0
 13362              	.LLRL78:
ARM GAS  /tmp/cc9Yqsyg.s 			page 236


 13363 00e7 05       		.byte	0x5
 13364 00e8 00010000 		.4byte	.LBB390
 13365 00ec 04       		.byte	0x4
 13366 00ed 00       		.uleb128 .LBB390-.LBB390
 13367 00ee 08       		.uleb128 .LBE390-.LBB390
 13368 00ef 04       		.byte	0x4
 13369 00f0 9601     		.uleb128 .LBB413-.LBB390
 13370 00f2 A201     		.uleb128 .LBE413-.LBB390
 13371 00f4 00       		.byte	0
 13372              	.LLRL115:
 13373 00f5 05       		.byte	0x5
 13374 00f6 42000000 		.4byte	.LBB516
 13375 00fa 04       		.byte	0x4
 13376 00fb 00       		.uleb128 .LBB516-.LBB516
 13377 00fc 02       		.uleb128 .LBE516-.LBB516
 13378 00fd 04       		.byte	0x4
 13379 00fe 08       		.uleb128 .LBB519-.LBB516
 13380 00ff 18       		.uleb128 .LBE519-.LBB516
 13381 0100 00       		.byte	0
 13382              	.LLRL122:
 13383 0101 05       		.byte	0x5
 13384 0102 64000000 		.4byte	.LBB527
 13385 0106 04       		.byte	0x4
 13386 0107 00       		.uleb128 .LBB527-.LBB527
 13387 0108 0C       		.uleb128 .LBE527-.LBB527
 13388 0109 04       		.byte	0x4
 13389 010a 30       		.uleb128 .LBB538-.LBB527
 13390 010b 3E       		.uleb128 .LBE538-.LBB527
 13391 010c 00       		.byte	0
 13392              	.LLRL126:
 13393 010d 07       		.byte	0x7
 13394 010e 00000000 		.4byte	.LFB226
 13395 0112 04       		.uleb128 .LFE226-.LFB226
 13396 0113 07       		.byte	0x7
 13397 0114 00000000 		.4byte	.LFB227
 13398 0118 18       		.uleb128 .LFE227-.LFB227
 13399 0119 07       		.byte	0x7
 13400 011a 00000000 		.4byte	.LFB228
 13401 011e 78       		.uleb128 .LFE228-.LFB228
 13402 011f 07       		.byte	0x7
 13403 0120 00000000 		.4byte	.LFB229
 13404 0124 6C       		.uleb128 .LFE229-.LFB229
 13405 0125 07       		.byte	0x7
 13406 0126 00000000 		.4byte	.LFB230
 13407 012a 64       		.uleb128 .LFE230-.LFB230
 13408 012b 07       		.byte	0x7
 13409 012c 00000000 		.4byte	.LFB231
 13410 0130 3C       		.uleb128 .LFE231-.LFB231
 13411 0131 07       		.byte	0x7
 13412 0132 00000000 		.4byte	.LFB232
 13413 0136 1C       		.uleb128 .LFE232-.LFB232
 13414 0137 07       		.byte	0x7
 13415 0138 00000000 		.4byte	.LFB233
 13416 013c 1C       		.uleb128 .LFE233-.LFB233
 13417 013d 07       		.byte	0x7
 13418 013e 00000000 		.4byte	.LFB234
 13419 0142 1E       		.uleb128 .LFE234-.LFB234
ARM GAS  /tmp/cc9Yqsyg.s 			page 237


 13420 0143 07       		.byte	0x7
 13421 0144 00000000 		.4byte	.LFB235
 13422 0148 1E       		.uleb128 .LFE235-.LFB235
 13423 0149 07       		.byte	0x7
 13424 014a 00000000 		.4byte	.LFB236
 13425 014e 3C       		.uleb128 .LFE236-.LFB236
 13426 014f 07       		.byte	0x7
 13427 0150 00000000 		.4byte	.LFB237
 13428 0154 3C       		.uleb128 .LFE237-.LFB237
 13429 0155 07       		.byte	0x7
 13430 0156 00000000 		.4byte	.LFB238
 13431 015a 34       		.uleb128 .LFE238-.LFB238
 13432 015b 07       		.byte	0x7
 13433 015c 00000000 		.4byte	.LFB239
 13434 0160 34       		.uleb128 .LFE239-.LFB239
 13435 0161 07       		.byte	0x7
 13436 0162 00000000 		.4byte	.LFB240
 13437 0166 30       		.uleb128 .LFE240-.LFB240
 13438 0167 07       		.byte	0x7
 13439 0168 00000000 		.4byte	.LFB241
 13440 016c 10       		.uleb128 .LFE241-.LFB241
 13441 016d 07       		.byte	0x7
 13442 016e 00000000 		.4byte	.LFB242
 13443 0172 0E       		.uleb128 .LFE242-.LFB242
 13444 0173 07       		.byte	0x7
 13445 0174 00000000 		.4byte	.LFB243
 13446 0178 A006     		.uleb128 .LFE243-.LFB243
 13447 017a 07       		.byte	0x7
 13448 017b 00000000 		.4byte	.LFB244
 13449 017f 8402     		.uleb128 .LFE244-.LFB244
 13450 0181 07       		.byte	0x7
 13451 0182 00000000 		.4byte	.LFB245
 13452 0186 B001     		.uleb128 .LFE245-.LFB245
 13453 0188 00       		.byte	0
 13454              	.Ldebug_ranges3:
 13455              		.section	.debug_line,"",%progbits
 13456              	.Ldebug_line0:
 13457 0000 0B160000 		.section	.debug_str,"MS",%progbits,1
 13457      03000204 
 13457      00000201 
 13457      FB0E0D00 
 13457      01010101 
 13458              	.LASF4:
 13459 0000 73697A65 		.ascii	"size_t\000"
 13459      5F7400
 13460              	.LASF86:
 13461 0007 77747365 		.ascii	"wtsemp\000"
 13461      6D7000
 13462              	.LASF28:
 13463 000e 73797374 		.ascii	"systime_t\000"
 13463      696D655F 
 13463      7400
 13464              	.LASF344:
 13465 0018 474E5520 		.ascii	"GNU C99 13.2.1 20231009 -mcpu=cortex-m4 -mfpu=fpv4-"
 13465      43393920 
 13465      31332E32 
 13465      2E312032 
ARM GAS  /tmp/cc9Yqsyg.s 			page 238


 13465      30323331 
 13466 004b 73702D64 		.ascii	"sp-d16 -mfloat-abi=hard -mfloat-abi=hard -mfpu=fpv4"
 13466      3136202D 
 13466      6D666C6F 
 13466      61742D61 
 13466      62693D68 
 13467 007e 2D73702D 		.ascii	"-sp-d16 -mno-thumb-interwork -mthumb -march=armv7e-"
 13467      64313620 
 13467      2D6D6E6F 
 13467      2D746875 
 13467      6D622D69 
 13468 00b1 6D2B6670 		.ascii	"m+fp -ggdb -O2 -std=gnu99 -fomit-frame-pointer -fal"
 13468      202D6767 
 13468      6462202D 
 13468      4F32202D 
 13468      7374643D 
 13469 00e4 69676E2D 		.ascii	"ign-functions=16 -ffunction-sections -fdata-section"
 13469      66756E63 
 13469      74696F6E 
 13469      733D3136 
 13469      202D6666 
 13470 0117 73202D66 		.ascii	"s -fno-common -fsingle-precision-constant\000"
 13470      6E6F2D63 
 13470      6F6D6D6F 
 13470      6E202D66 
 13470      73696E67 
 13471              	.LASF298:
 13472 0141 7573625F 		.ascii	"usb_lld_stop\000"
 13472      6C6C645F 
 13472      73746F70 
 13472      00
 13473              	.LASF33:
 13474 014e 705F6374 		.ascii	"p_ctx\000"
 13474      7800
 13475              	.LASF25:
 13476 0154 74707269 		.ascii	"tprio_t\000"
 13476      6F5F7400 
 13477              	.LASF50:
 13478 015c 725F6374 		.ascii	"r_ctx\000"
 13478      7800
 13479              	.LASF18:
 13480 0162 696E7433 		.ascii	"int32_t\000"
 13480      325F7400 
 13481              	.LASF175:
 13482 016a 72657376 		.ascii	"resvd4\000"
 13482      643400
 13483              	.LASF166:
 13484 0171 72657376 		.ascii	"resvd8\000"
 13484      643800
 13485              	.LASF54:
 13486 0178 76746675 		.ascii	"vtfunc_t\000"
 13486      6E635F74 
 13486      00
 13487              	.LASF177:
 13488 0181 72657376 		.ascii	"resvdC\000"
 13488      644300
 13489              	.LASF63:
ARM GAS  /tmp/cc9Yqsyg.s 			page 239


 13490 0188 63685F76 		.ascii	"ch_virtual_timers_list\000"
 13490      69727475 
 13490      616C5F74 
 13490      696D6572 
 13490      735F6C69 
 13491              	.LASF315:
 13492 019f 75736253 		.ascii	"usbStartReceiveI\000"
 13492      74617274 
 13492      52656365 
 13492      69766549 
 13492      00
 13493              	.LASF292:
 13494 01b0 7573625F 		.ascii	"usb_lld_prepare_transmit\000"
 13494      6C6C645F 
 13494      70726570 
 13494      6172655F 
 13494      7472616E 
 13495              	.LASF282:
 13496 01c9 7573625F 		.ascii	"usb_lld_clear_out\000"
 13496      6C6C645F 
 13496      636C6561 
 13496      725F6F75 
 13496      7400
 13497              	.LASF285:
 13498 01db 7573625F 		.ascii	"usb_lld_get_status_in\000"
 13498      6C6C645F 
 13498      6765745F 
 13498      73746174 
 13498      75735F69 
 13499              	.LASF307:
 13500 01f1 5F5F6675 		.ascii	"__func__\000"
 13500      6E635F5F 
 13500      00
 13501              	.LASF143:
 13502 01fa 5553425F 		.ascii	"USB_EP0_TX\000"
 13502      4550305F 
 13502      545800
 13503              	.LASF169:
 13504 0205 48435453 		.ascii	"HCTSIZ\000"
 13504      495A00
 13505              	.LASF215:
 13506 020c 72657376 		.ascii	"resvd700\000"
 13506      64373030 
 13506      00
 13507              	.LASF112:
 13508 0215 636F6E66 		.ascii	"config\000"
 13508      696700
 13509              	.LASF111:
 13510 021c 73746174 		.ascii	"state\000"
 13510      6500
 13511              	.LASF260:
 13512 0222 65705F6D 		.ascii	"ep_mode\000"
 13512      6F646500 
 13513              	.LASF316:
 13514 022a 75736250 		.ascii	"usbPrepareQueuedTransmit\000"
 13514      72657061 
 13514      72655175 
ARM GAS  /tmp/cc9Yqsyg.s 			page 240


 13514      65756564 
 13514      5472616E 
 13515              	.LASF69:
 13516 0243 6C6F636B 		.ascii	"lock_cnt\000"
 13516      5F636E74 
 13516      00
 13517              	.LASF135:
 13518 024c 5553425F 		.ascii	"USB_ACTIVE\000"
 13518      41435449 
 13518      564500
 13519              	.LASF295:
 13520 0257 7573625F 		.ascii	"usb_lld_init_endpoint\000"
 13520      6C6C645F 
 13520      696E6974 
 13520      5F656E64 
 13520      706F696E 
 13521              	.LASF305:
 13522 026d 5F757362 		.ascii	"_usb_ep0out\000"
 13522      5F657030 
 13522      6F757400 
 13523              	.LASF330:
 13524 0279 6F73616C 		.ascii	"osalSysLockFromISR\000"
 13524      5379734C 
 13524      6F636B46 
 13524      726F6D49 
 13524      535200
 13525              	.LASF299:
 13526 028c 5F646267 		.ascii	"_dbg_check_unlock\000"
 13526      5F636865 
 13526      636B5F75 
 13526      6E6C6F63 
 13526      6B00
 13527              	.LASF331:
 13528 029e 6F73616C 		.ascii	"osalSysUnlock\000"
 13528      53797355 
 13528      6E6C6F63 
 13528      6B00
 13529              	.LASF93:
 13530 02ac 6D5F6F77 		.ascii	"m_owner\000"
 13530      6E657200 
 13531              	.LASF61:
 13532 02b4 76745F70 		.ascii	"vt_par\000"
 13532      617200
 13533              	.LASF83:
 13534 02bb 65786974 		.ascii	"exitcode\000"
 13534      636F6465 
 13534      00
 13535              	.LASF149:
 13536 02c4 75736265 		.ascii	"usbep0state_t\000"
 13536      70307374 
 13536      6174655F 
 13536      7400
 13537              	.LASF5:
 13538 02d2 5F5F7569 		.ascii	"__uint8_t\000"
 13538      6E74385F 
 13538      7400
 13539              	.LASF102:
ARM GAS  /tmp/cc9Yqsyg.s 			page 241


 13540 02dc 715F746F 		.ascii	"q_top\000"
 13540      7000
 13541              	.LASF141:
 13542 02e2 75736265 		.ascii	"usbepstatus_t\000"
 13542      70737461 
 13542      7475735F 
 13542      7400
 13543              	.LASF101:
 13544 02f0 715F6275 		.ascii	"q_buffer\000"
 13544      66666572 
 13544      00
 13545              	.LASF151:
 13546 02f9 5553425F 		.ascii	"USB_EVENT_ADDRESS\000"
 13546      4556454E 
 13546      545F4144 
 13546      44524553 
 13546      5300
 13547              	.LASF196:
 13548 030b 44494550 		.ascii	"DIEPTXF0\000"
 13548      54584630 
 13548      00
 13549              	.LASF105:
 13550 0314 715F6E6F 		.ascii	"q_notify\000"
 13550      74696679 
 13550      00
 13551              	.LASF34:
 13552 031d 705F6E65 		.ascii	"p_newer\000"
 13552      77657200 
 13553              	.LASF10:
 13554 0325 6C6F6E67 		.ascii	"long int\000"
 13554      20696E74 
 13554      00
 13555              	.LASF30:
 13556 032e 705F6E65 		.ascii	"p_next\000"
 13556      787400
 13557              	.LASF340:
 13558 0335 706F7274 		.ascii	"port_unlock\000"
 13558      5F756E6C 
 13558      6F636B00 
 13559              	.LASF104:
 13560 0341 715F7264 		.ascii	"q_rdptr\000"
 13560      70747200 
 13561              	.LASF250:
 13562 0349 7478636E 		.ascii	"txcnt\000"
 13562      7400
 13563              	.LASF31:
 13564 034f 705F7072 		.ascii	"p_prev\000"
 13564      657600
 13565              	.LASF334:
 13566 0356 63685379 		.ascii	"chSysLockFromISR\000"
 13566      734C6F63 
 13566      6B46726F 
 13566      6D495352 
 13566      00
 13567              	.LASF23:
 13568 0367 74737461 		.ascii	"tstate_t\000"
 13568      74655F74 
ARM GAS  /tmp/cc9Yqsyg.s 			page 242


 13568      00
 13569              	.LASF43:
 13570 0370 74687265 		.ascii	"threads_queue_t\000"
 13570      6164735F 
 13570      71756575 
 13570      655F7400 
 13571              	.LASF40:
 13572 0380 705F6D74 		.ascii	"p_mtxlist\000"
 13572      786C6973 
 13572      7400
 13573              	.LASF244:
 13574 038a 74786275 		.ascii	"txbuf\000"
 13574      6600
 13575              	.LASF76:
 13576 0390 72656761 		.ascii	"regarm_t\000"
 13576      726D5F74 
 13576      00
 13577              	.LASF222:
 13578 0399 4441494E 		.ascii	"DAINT\000"
 13578      5400
 13579              	.LASF142:
 13580 039f 5553425F 		.ascii	"USB_EP0_WAITING_SETUP\000"
 13580      4550305F 
 13580      57414954 
 13580      494E475F 
 13580      53455455 
 13581              	.LASF221:
 13582 03b5 444F4550 		.ascii	"DOEPMSK\000"
 13582      4D534B00 
 13583              	.LASF325:
 13584 03bd 7573624F 		.ascii	"usbObjectInit\000"
 13584      626A6563 
 13584      74496E69 
 13584      7400
 13585              	.LASF98:
 13586 03cb 696F5F71 		.ascii	"io_queue\000"
 13586      75657565 
 13586      00
 13587              	.LASF136:
 13588 03d4 5553425F 		.ascii	"USB_SUSPENDED\000"
 13588      53555350 
 13588      454E4445 
 13588      4400
 13589              	.LASF328:
 13590 03e2 6765745F 		.ascii	"get_hword\000"
 13590      68776F72 
 13590      6400
 13591              	.LASF182:
 13592 03ec 444F4550 		.ascii	"DOEPCTL\000"
 13592      43544C00 
 13593              	.LASF332:
 13594 03f4 6F73616C 		.ascii	"osalSysLock\000"
 13594      5379734C 
 13594      6F636B00 
 13595              	.LASF278:
 13596 0400 68616C74 		.ascii	"halted_status\000"
 13596      65645F73 
ARM GAS  /tmp/cc9Yqsyg.s 			page 243


 13596      74617475 
 13596      7300
 13597              	.LASF3:
 13598 040e 7369676E 		.ascii	"signed char\000"
 13598      65642063 
 13598      68617200 
 13599              	.LASF39:
 13600 041a 705F7072 		.ascii	"p_preempt\000"
 13600      65656D70 
 13600      7400
 13601              	.LASF16:
 13602 0424 75696E74 		.ascii	"uint8_t\000"
 13602      385F7400 
 13603              	.LASF310:
 13604 042c 5F757362 		.ascii	"_usb_suspend\000"
 13604      5F737573 
 13604      70656E64 
 13604      00
 13605              	.LASF155:
 13606 0439 5553425F 		.ascii	"USB_EVENT_STALLED\000"
 13606      4556454E 
 13606      545F5354 
 13606      414C4C45 
 13606      4400
 13607              	.LASF140:
 13608 044b 45505F53 		.ascii	"EP_STATUS_ACTIVE\000"
 13608      54415455 
 13608      535F4143 
 13608      54495645 
 13608      00
 13609              	.LASF183:
 13610 045c 444F4550 		.ascii	"DOEPINT\000"
 13610      494E5400 
 13611              	.LASF329:
 13612 0464 6F73616C 		.ascii	"osalSysUnlockFromISR\000"
 13612      53797355 
 13612      6E6C6F63 
 13612      6B46726F 
 13612      6D495352 
 13613              	.LASF78:
 13614 0479 636F6E74 		.ascii	"context\000"
 13614      65787400 
 13615              	.LASF257:
 13616 0481 72787369 		.ascii	"rxsize\000"
 13616      7A6500
 13617              	.LASF85:
 13618 0488 77747472 		.ascii	"wttrp\000"
 13618      7000
 13619              	.LASF333:
 13620 048e 63685379 		.ascii	"chSysUnlockFromISR\000"
 13620      73556E6C 
 13620      6F636B46 
 13620      726F6D49 
 13620      535200
 13621              	.LASF311:
 13622 04a1 5F757362 		.ascii	"_usb_reset\000"
 13622      5F726573 
ARM GAS  /tmp/cc9Yqsyg.s 			page 244


 13622      657400
 13623              	.LASF2:
 13624 04ac 756E7369 		.ascii	"unsigned char\000"
 13624      676E6564 
 13624      20636861 
 13624      7200
 13625              	.LASF148:
 13626 04ba 5553425F 		.ascii	"USB_EP0_ERROR\000"
 13626      4550305F 
 13626      4552524F 
 13626      5200
 13627              	.LASF106:
 13628 04c8 715F6C69 		.ascii	"q_link\000"
 13628      6E6B00
 13629              	.LASF67:
 13630 04cf 70616E69 		.ascii	"panic_msg\000"
 13630      635F6D73 
 13630      6700
 13631              	.LASF216:
 13632 04d9 44434647 		.ascii	"DCFG\000"
 13632      00
 13633              	.LASF234:
 13634 04de 72657376 		.ascii	"resvd8C0\000"
 13634      64384330 
 13634      00
 13635              	.LASF51:
 13636 04e7 725F6E65 		.ascii	"r_newer\000"
 13636      77657200 
 13637              	.LASF200:
 13638 04ef 47434346 		.ascii	"GCCFG\000"
 13638      4700
 13639              	.LASF117:
 13640 04f5 65703073 		.ascii	"ep0state\000"
 13640      74617465 
 13640      00
 13641              	.LASF65:
 13642 04fe 73797374 		.ascii	"system_debug_t\000"
 13642      656D5F64 
 13642      65627567 
 13642      5F7400
 13643              	.LASF178:
 13644 050d 44494550 		.ascii	"DIEPTSIZ\000"
 13644      5453495A 
 13644      00
 13645              	.LASF273:
 13646 0516 72657175 		.ascii	"requests_hook_cb\000"
 13646      65737473 
 13646      5F686F6F 
 13646      6B5F6362 
 13646      00
 13647              	.LASF96:
 13648 0527 5F426F6F 		.ascii	"_Bool\000"
 13648      6C00
 13649              	.LASF297:
 13650 052d 63684462 		.ascii	"chDbgCheckClassI\000"
 13650      67436865 
 13650      636B436C 
ARM GAS  /tmp/cc9Yqsyg.s 			page 245


 13650      61737349 
 13650      00
 13651              	.LASF343:
 13652 053e 76616C75 		.ascii	"value\000"
 13652      6500
 13653              	.LASF205:
 13654 0544 48434647 		.ascii	"HCFG\000"
 13654      00
 13655              	.LASF165:
 13656 0549 48434348 		.ascii	"HCCHAR\000"
 13656      415200
 13657              	.LASF286:
 13658 0550 7573625F 		.ascii	"usb_lld_read_setup\000"
 13658      6C6C645F 
 13658      72656164 
 13658      5F736574 
 13658      757000
 13659              	.LASF185:
 13660 0563 73746D33 		.ascii	"stm32_otg_out_ep_t\000"
 13660      325F6F74 
 13660      675F6F75 
 13660      745F6570 
 13660      5F7400
 13661              	.LASF15:
 13662 0576 63686172 		.ascii	"char\000"
 13662      00
 13663              	.LASF323:
 13664 057b 75736253 		.ascii	"usbStop\000"
 13664      746F7000 
 13665              	.LASF119:
 13666 0583 6570306E 		.ascii	"ep0n\000"
 13666      00
 13667              	.LASF219:
 13668 0588 72657376 		.ascii	"resvd80C\000"
 13668      64383043 
 13668      00
 13669              	.LASF213:
 13670 0591 48505254 		.ascii	"HPRT\000"
 13670      00
 13671              	.LASF32:
 13672 0596 705F7072 		.ascii	"p_prio\000"
 13672      696F00
 13673              	.LASF114:
 13674 059d 72656365 		.ascii	"receiving\000"
 13674      6976696E 
 13674      6700
 13675              	.LASF7:
 13676 05a7 5F5F7569 		.ascii	"__uint16_t\000"
 13676      6E743136 
 13676      5F7400
 13677              	.LASF110:
 13678 05b2 55534244 		.ascii	"USBDriver\000"
 13678      72697665 
 13678      7200
 13679              	.LASF84:
 13680 05bc 77746F62 		.ascii	"wtobjp\000"
 13680      6A7000
ARM GAS  /tmp/cc9Yqsyg.s 			page 246


 13681              	.LASF262:
 13682 05c3 696E5F63 		.ascii	"in_cb\000"
 13682      6200
 13683              	.LASF77:
 13684 05c9 73746B61 		.ascii	"stkalign_t\000"
 13684      6C69676E 
 13684      5F7400
 13685              	.LASF320:
 13686 05d4 75736244 		.ascii	"usbDisableEndpointsI\000"
 13686      69736162 
 13686      6C65456E 
 13686      64706F69 
 13686      6E747349 
 13687              	.LASF207:
 13688 05e9 48464E55 		.ascii	"HFNUM\000"
 13688      4D00
 13689              	.LASF162:
 13690 05ef 75736265 		.ascii	"usbeventcb_t\000"
 13690      76656E74 
 13690      63625F74 
 13690      00
 13691              	.LASF173:
 13692 05fc 73746D33 		.ascii	"stm32_otg_host_chn_t\000"
 13692      325F6F74 
 13692      675F686F 
 13692      73745F63 
 13692      686E5F74 
 13693              	.LASF113:
 13694 0611 7472616E 		.ascii	"transmitting\000"
 13694      736D6974 
 13694      74696E67 
 13694      00
 13695              	.LASF253:
 13696 061e 55534249 		.ascii	"USBInEndpointState\000"
 13696      6E456E64 
 13696      706F696E 
 13696      74537461 
 13696      746500
 13697              	.LASF224:
 13698 0631 72657376 		.ascii	"resvd820\000"
 13698      64383230 
 13698      00
 13699              	.LASF225:
 13700 063a 72657376 		.ascii	"resvd824\000"
 13700      64383234 
 13700      00
 13701              	.LASF227:
 13702 0643 44564255 		.ascii	"DVBUSPULSE\000"
 13702      5350554C 
 13702      534500
 13703              	.LASF277:
 13704 064e 61637469 		.ascii	"active_status\000"
 13704      76655F73 
 13704      74617475 
 13704      7300
 13705              	.LASF27:
 13706 065c 636E745F 		.ascii	"cnt_t\000"
ARM GAS  /tmp/cc9Yqsyg.s 			page 247


 13706      7400
 13707              	.LASF60:
 13708 0662 76745F66 		.ascii	"vt_func\000"
 13708      756E6300 
 13709              	.LASF159:
 13710 066a 55534244 		.ascii	"USBDescriptor\000"
 13710      65736372 
 13710      6970746F 
 13710      7200
 13711              	.LASF313:
 13712 0678 75736253 		.ascii	"usbStallReceiveI\000"
 13712      74616C6C 
 13712      52656365 
 13712      69766549 
 13712      00
 13713              	.LASF243:
 13714 0689 73746D33 		.ascii	"stm32_otg_params_t\000"
 13714      325F6F74 
 13714      675F7061 
 13714      72616D73 
 13714      5F7400
 13715              	.LASF121:
 13716 069c 73657475 		.ascii	"setup\000"
 13716      7000
 13717              	.LASF87:
 13718 06a2 77746D74 		.ascii	"wtmtxp\000"
 13718      787000
 13719              	.LASF279:
 13720 06a9 5F646267 		.ascii	"_dbg_check_unlock_from_isr\000"
 13720      5F636865 
 13720      636B5F75 
 13720      6E6C6F63 
 13720      6B5F6672 
 13721              	.LASF156:
 13722 06c4 75736265 		.ascii	"usbevent_t\000"
 13722      76656E74 
 13722      5F7400
 13723              	.LASF47:
 13724 06cf 63685F72 		.ascii	"ch_ready_list\000"
 13724      65616479 
 13724      5F6C6973 
 13724      7400
 13725              	.LASF157:
 13726 06dd 75645F73 		.ascii	"ud_size\000"
 13726      697A6500 
 13727              	.LASF134:
 13728 06e5 5553425F 		.ascii	"USB_SELECTED\000"
 13728      53454C45 
 13728      43544544 
 13728      00
 13729              	.LASF124:
 13730 06f2 636F6E66 		.ascii	"configuration\000"
 13730      69677572 
 13730      6174696F 
 13730      6E00
 13731              	.LASF68:
 13732 0700 6973725F 		.ascii	"isr_cnt\000"
ARM GAS  /tmp/cc9Yqsyg.s 			page 248


 13732      636E7400 
 13733              	.LASF195:
 13734 0708 47525846 		.ascii	"GRXFSIZ\000"
 13734      53495A00 
 13735              	.LASF139:
 13736 0710 45505F53 		.ascii	"EP_STATUS_STALLED\000"
 13736      54415455 
 13736      535F5354 
 13736      414C4C45 
 13736      4400
 13737              	.LASF301:
 13738 0722 7573625F 		.ascii	"usb_lld_start\000"
 13738      6C6C645F 
 13738      73746172 
 13738      7400
 13739              	.LASF100:
 13740 0730 715F636F 		.ascii	"q_counter\000"
 13740      756E7465 
 13740      7200
 13741              	.LASF232:
 13742 073a 72657376 		.ascii	"resvd840\000"
 13742      64383430 
 13742      00
 13743              	.LASF300:
 13744 0743 5F646267 		.ascii	"_dbg_check_lock\000"
 13744      5F636865 
 13744      636B5F6C 
 13744      6F636B00 
 13745              	.LASF14:
 13746 0753 5F5F7569 		.ascii	"__uint64_t\000"
 13746      6E743634 
 13746      5F7400
 13747              	.LASF203:
 13748 075e 44494550 		.ascii	"DIEPTXF\000"
 13748      54584600 
 13749              	.LASF312:
 13750 0766 75736253 		.ascii	"usbStallTransmitI\000"
 13750      74616C6C 
 13750      5472616E 
 13750      736D6974 
 13750      4900
 13751              	.LASF336:
 13752 0778 63685379 		.ascii	"chSysUnlock\000"
 13752      73556E6C 
 13752      6F636B00 
 13753              	.LASF12:
 13754 0784 6C6F6E67 		.ascii	"long unsigned int\000"
 13754      20756E73 
 13754      69676E65 
 13754      6420696E 
 13754      7400
 13755              	.LASF318:
 13756 0796 75736250 		.ascii	"usbPrepareTransmit\000"
 13756      72657061 
 13756      72655472 
 13756      616E736D 
 13756      697400
ARM GAS  /tmp/cc9Yqsyg.s 			page 249


 13757              	.LASF337:
 13758 07a9 63685379 		.ascii	"chSysLock\000"
 13758      734C6F63 
 13758      6B00
 13759              	.LASF122:
 13760 07b3 73746174 		.ascii	"status\000"
 13760      757300
 13761              	.LASF276:
 13762 07ba 7A65726F 		.ascii	"zero_status\000"
 13762      5F737461 
 13762      74757300 
 13763              	.LASF123:
 13764 07c6 61646472 		.ascii	"address\000"
 13764      65737300 
 13765              	.LASF88:
 13766 07ce 63685F73 		.ascii	"ch_semaphore\000"
 13766      656D6170 
 13766      686F7265 
 13766      00
 13767              	.LASF120:
 13768 07db 65703065 		.ascii	"ep0endcb\000"
 13768      6E646362 
 13768      00
 13769              	.LASF44:
 13770 07e4 63685F74 		.ascii	"ch_thread\000"
 13770      68726561 
 13770      6400
 13771              	.LASF188:
 13772 07ee 47414842 		.ascii	"GAHBCFG\000"
 13772      43464700 
 13773              	.LASF62:
 13774 07f6 76697274 		.ascii	"virtual_timers_list_t\000"
 13774      75616C5F 
 13774      74696D65 
 13774      72735F6C 
 13774      6973745F 
 13775              	.LASF268:
 13776 080c 696E5F6D 		.ascii	"in_multiplier\000"
 13776      756C7469 
 13776      706C6965 
 13776      7200
 13777              	.LASF304:
 13778 081a 75736270 		.ascii	"usbp\000"
 13778      00
 13779              	.LASF242:
 13780 081f 6E756D5F 		.ascii	"num_endpoints\000"
 13780      656E6470 
 13780      6F696E74 
 13780      7300
 13781              	.LASF55:
 13782 082d 76697274 		.ascii	"virtual_timer_t\000"
 13782      75616C5F 
 13782      74696D65 
 13782      725F7400 
 13783              	.LASF46:
 13784 083d 72656164 		.ascii	"ready_list_t\000"
 13784      795F6C69 
ARM GAS  /tmp/cc9Yqsyg.s 			page 250


 13784      73745F74 
 13784      00
 13785              	.LASF103:
 13786 084a 715F7772 		.ascii	"q_wrptr\000"
 13786      70747200 
 13787              	.LASF249:
 13788 0852 74787369 		.ascii	"txsize\000"
 13788      7A6500
 13789              	.LASF258:
 13790 0859 7278636E 		.ascii	"rxcnt\000"
 13790      7400
 13791              	.LASF137:
 13792 085f 75736273 		.ascii	"usbstate_t\000"
 13792      74617465 
 13792      5F7400
 13793              	.LASF208:
 13794 086a 72657376 		.ascii	"resvd40C\000"
 13794      64343043 
 13794      00
 13795              	.LASF186:
 13796 0873 474F5447 		.ascii	"GOTGCTL\000"
 13796      43544C00 
 13797              	.LASF158:
 13798 087b 75645F73 		.ascii	"ud_string\000"
 13798      7472696E 
 13798      6700
 13799              	.LASF289:
 13800 0885 7573625F 		.ascii	"usb_lld_stall_out\000"
 13800      6C6C645F 
 13800      7374616C 
 13800      6C5F6F75 
 13800      7400
 13801              	.LASF308:
 13802 0897 5F757362 		.ascii	"_usb_ep0setup\000"
 13802      5F657030 
 13802      73657475 
 13802      7000
 13803              	.LASF254:
 13804 08a5 72786275 		.ascii	"rxbuf\000"
 13804      6600
 13805              	.LASF194:
 13806 08ab 47525853 		.ascii	"GRXSTSP\000"
 13806      54535000 
 13807              	.LASF266:
 13808 08b3 696E5F73 		.ascii	"in_state\000"
 13808      74617465 
 13808      00
 13809              	.LASF193:
 13810 08bc 47525853 		.ascii	"GRXSTSR\000"
 13810      54535200 
 13811              	.LASF154:
 13812 08c4 5553425F 		.ascii	"USB_EVENT_WAKEUP\000"
 13812      4556454E 
 13812      545F5741 
 13812      4B455550 
 13812      00
 13813              	.LASF236:
ARM GAS  /tmp/cc9Yqsyg.s 			page 251


 13814 08d5 50434743 		.ascii	"PCGCCTL\000"
 13814      43544C00 
 13815              	.LASF11:
 13816 08dd 5F5F7569 		.ascii	"__uint32_t\000"
 13816      6E743332 
 13816      5F7400
 13817              	.LASF271:
 13818 08e8 6576656E 		.ascii	"event_cb\000"
 13818      745F6362 
 13818      00
 13819              	.LASF187:
 13820 08f1 474F5447 		.ascii	"GOTGINT\000"
 13820      494E5400 
 13821              	.LASF13:
 13822 08f9 6C6F6E67 		.ascii	"long long int\000"
 13822      206C6F6E 
 13822      6720696E 
 13822      7400
 13823              	.LASF133:
 13824 0907 5553425F 		.ascii	"USB_READY\000"
 13824      52454144 
 13824      5900
 13825              	.LASF92:
 13826 0911 6D5F7175 		.ascii	"m_queue\000"
 13826      65756500 
 13827              	.LASF339:
 13828 0919 706F7274 		.ascii	"port_lock_from_isr\000"
 13828      5F6C6F63 
 13828      6B5F6672 
 13828      6F6D5F69 
 13828      737200
 13829              	.LASF212:
 13830 092c 72657376 		.ascii	"resvd41C\000"
 13830      64343143 
 13830      00
 13831              	.LASF57:
 13832 0935 76745F6E 		.ascii	"vt_next\000"
 13832      65787400 
 13833              	.LASF118:
 13834 093d 6570306E 		.ascii	"ep0next\000"
 13834      65787400 
 13835              	.LASF58:
 13836 0945 76745F70 		.ascii	"vt_prev\000"
 13836      72657600 
 13837              	.LASF228:
 13838 094d 72657376 		.ascii	"resvd830\000"
 13838      64383330 
 13838      00
 13839              	.LASF230:
 13840 0956 72657376 		.ascii	"resvd838\000"
 13840      64383338 
 13840      00
 13841              	.LASF161:
 13842 095f 75736265 		.ascii	"usbepcallback_t\000"
 13842      7063616C 
 13842      6C626163 
 13842      6B5F7400 
ARM GAS  /tmp/cc9Yqsyg.s 			page 252


 13843              	.LASF261:
 13844 096f 73657475 		.ascii	"setup_cb\000"
 13844      705F6362 
 13844      00
 13845              	.LASF233:
 13846 0978 72657376 		.ascii	"resvd880\000"
 13846      64383830 
 13846      00
 13847              	.LASF231:
 13848 0981 72657376 		.ascii	"resvd83C\000"
 13848      64383343 
 13848      00
 13849              	.LASF128:
 13850 098a 77616974 		.ascii	"wait\000"
 13850      00
 13851              	.LASF107:
 13852 098f 716E6F74 		.ascii	"qnotify_t\000"
 13852      6966795F 
 13852      7400
 13853              	.LASF38:
 13854 0999 705F666C 		.ascii	"p_flags\000"
 13854      61677300 
 13855              	.LASF184:
 13856 09a1 444F4550 		.ascii	"DOEPTSIZ\000"
 13856      5453495A 
 13856      00
 13857              	.LASF75:
 13858 09aa 69646C65 		.ascii	"idle_thread_wa\000"
 13858      5F746872 
 13858      6561645F 
 13858      776100
 13859              	.LASF210:
 13860 09b9 4841494E 		.ascii	"HAINT\000"
 13860      5400
 13861              	.LASF1:
 13862 09bf 756E7369 		.ascii	"unsigned int\000"
 13862      676E6564 
 13862      20696E74 
 13862      00
 13863              	.LASF303:
 13864 09cc 7573625F 		.ascii	"usb_lld_init\000"
 13864      6C6C645F 
 13864      696E6974 
 13864      00
 13865              	.LASF275:
 13866 09d9 55534243 		.ascii	"USBConfig\000"
 13866      6F6E6669 
 13866      6700
 13867              	.LASF21:
 13868 09e3 7274636E 		.ascii	"rtcnt_t\000"
 13868      745F7400 
 13869              	.LASF127:
 13870 09eb 74787065 		.ascii	"txpending\000"
 13870      6E64696E 
 13870      6700
 13871              	.LASF288:
 13872 09f5 7573625F 		.ascii	"usb_lld_stall_in\000"
ARM GAS  /tmp/cc9Yqsyg.s 			page 253


 13872      6C6C645F 
 13872      7374616C 
 13872      6C5F696E 
 13872      00
 13873              	.LASF239:
 13874 0a06 73746D33 		.ascii	"stm32_otg_t\000"
 13874      325F6F74 
 13874      675F7400 
 13875              	.LASF291:
 13876 0a12 7573625F 		.ascii	"usb_lld_start_out\000"
 13876      6C6C645F 
 13876      73746172 
 13876      745F6F75 
 13876      7400
 13877              	.LASF269:
 13878 0a24 73657475 		.ascii	"setup_buf\000"
 13878      705F6275 
 13878      6600
 13879              	.LASF214:
 13880 0a2e 72657376 		.ascii	"resvd444\000"
 13880      64343434 
 13880      00
 13881              	.LASF263:
 13882 0a37 6F75745F 		.ascii	"out_cb\000"
 13882      636200
 13883              	.LASF80:
 13884 0a3e 6F666673 		.ascii	"offset\000"
 13884      657400
 13885              	.LASF211:
 13886 0a45 4841494E 		.ascii	"HAINTMSK\000"
 13886      544D534B 
 13886      00
 13887              	.LASF132:
 13888 0a4e 5553425F 		.ascii	"USB_STOP\000"
 13888      53544F50 
 13888      00
 13889              	.LASF264:
 13890 0a57 696E5F6D 		.ascii	"in_maxsize\000"
 13890      61787369 
 13890      7A6500
 13891              	.LASF192:
 13892 0a62 47494E54 		.ascii	"GINTMSK\000"
 13892      4D534B00 
 13893              	.LASF267:
 13894 0a6a 6F75745F 		.ascii	"out_state\000"
 13894      73746174 
 13894      6500
 13895              	.LASF287:
 13896 0a74 7573625F 		.ascii	"usb_lld_reset\000"
 13896      6C6C645F 
 13896      72657365 
 13896      7400
 13897              	.LASF281:
 13898 0a82 7573625F 		.ascii	"usb_lld_set_address\000"
 13898      6C6C645F 
 13898      7365745F 
 13898      61646472 
ARM GAS  /tmp/cc9Yqsyg.s 			page 254


 13898      65737300 
 13899              	.LASF29:
 13900 0a96 74687265 		.ascii	"thread_t\000"
 13900      61645F74 
 13900      00
 13901              	.LASF42:
 13902 0a9f 74687265 		.ascii	"thread_reference_t\000"
 13902      61645F72 
 13902      65666572 
 13902      656E6365 
 13902      5F7400
 13903              	.LASF41:
 13904 0ab2 705F7265 		.ascii	"p_realprio\000"
 13904      616C7072 
 13904      696F00
 13905              	.LASF144:
 13906 0abd 5553425F 		.ascii	"USB_EP0_WAITING_TX0\000"
 13906      4550305F 
 13906      57414954 
 13906      494E475F 
 13906      54583000 
 13907              	.LASF79:
 13908 0ad1 706F7274 		.ascii	"port_intctx\000"
 13908      5F696E74 
 13908      63747800 
 13909              	.LASF125:
 13910 0add 6F746770 		.ascii	"otgparams\000"
 13910      6172616D 
 13910      7300
 13911              	.LASF338:
 13912 0ae7 706F7274 		.ascii	"port_unlock_from_isr\000"
 13912      5F756E6C 
 13912      6F636B5F 
 13912      66726F6D 
 13912      5F697372 
 13913              	.LASF59:
 13914 0afc 76745F64 		.ascii	"vt_delta\000"
 13914      656C7461 
 13914      00
 13915              	.LASF131:
 13916 0b05 5553425F 		.ascii	"USB_UNINIT\000"
 13916      554E494E 
 13916      495400
 13917              	.LASF56:
 13918 0b10 63685F76 		.ascii	"ch_virtual_timer\000"
 13918      69727475 
 13918      616C5F74 
 13918      696D6572 
 13918      00
 13919              	.LASF90:
 13920 0b21 735F636E 		.ascii	"s_cnt\000"
 13920      7400
 13921              	.LASF259:
 13922 0b27 5553424F 		.ascii	"USBOutEndpointState\000"
 13922      7574456E 
 13922      64706F69 
 13922      6E745374 
ARM GAS  /tmp/cc9Yqsyg.s 			page 255


 13922      61746500 
 13923              	.LASF326:
 13924 0b3b 75736249 		.ascii	"usbInit\000"
 13924      6E697400 
 13925              	.LASF290:
 13926 0b43 7573625F 		.ascii	"usb_lld_start_in\000"
 13926      6C6C645F 
 13926      73746172 
 13926      745F696E 
 13926      00
 13927              	.LASF235:
 13928 0b54 72657376 		.ascii	"resvdD00\000"
 13928      64443030 
 13928      00
 13929              	.LASF0:
 13930 0b5d 6C6F6E67 		.ascii	"long long unsigned int\000"
 13930      206C6F6E 
 13930      6720756E 
 13930      7369676E 
 13930      65642069 
 13931              	.LASF202:
 13932 0b74 48505458 		.ascii	"HPTXFSIZ\000"
 13932      4653495A 
 13932      00
 13933              	.LASF294:
 13934 0b7d 7573625F 		.ascii	"usb_lld_disable_endpoints\000"
 13934      6C6C645F 
 13934      64697361 
 13934      626C655F 
 13934      656E6470 
 13935              	.LASF35:
 13936 0b97 705F6F6C 		.ascii	"p_older\000"
 13936      64657200 
 13937              	.LASF17:
 13938 0b9f 75696E74 		.ascii	"uint16_t\000"
 13938      31365F74 
 13938      00
 13939              	.LASF167:
 13940 0ba8 4843494E 		.ascii	"HCINT\000"
 13940      5400
 13941              	.LASF246:
 13942 0bae 6C696E65 		.ascii	"linear\000"
 13942      617200
 13943              	.LASF26:
 13944 0bb5 6D73675F 		.ascii	"msg_t\000"
 13944      7400
 13945              	.LASF217:
 13946 0bbb 4443544C 		.ascii	"DCTL\000"
 13946      00
 13947              	.LASF45:
 13948 0bc0 63685F74 		.ascii	"ch_threads_queue\000"
 13948      68726561 
 13948      64735F71 
 13948      75657565 
 13948      00
 13949              	.LASF270:
 13950 0bd1 55534245 		.ascii	"USBEndpointConfig\000"
ARM GAS  /tmp/cc9Yqsyg.s 			page 256


 13950      6E64706F 
 13950      696E7443 
 13950      6F6E6669 
 13950      6700
 13951              	.LASF280:
 13952 0be3 5F646267 		.ascii	"_dbg_check_lock_from_isr\000"
 13952      5F636865 
 13952      636B5F6C 
 13952      6F636B5F 
 13952      66726F6D 
 13953              	.LASF168:
 13954 0bfc 4843494E 		.ascii	"HCINTMSK\000"
 13954      544D534B 
 13954      00
 13955              	.LASF256:
 13956 0c05 72787175 		.ascii	"rxqueued\000"
 13956      65756564 
 13956      00
 13957              	.LASF24:
 13958 0c0e 74736C69 		.ascii	"tslices_t\000"
 13958      6365735F 
 13958      7400
 13959              	.LASF293:
 13960 0c18 7573625F 		.ascii	"usb_lld_prepare_receive\000"
 13960      6C6C645F 
 13960      70726570 
 13960      6172655F 
 13960      72656365 
 13961              	.LASF53:
 13962 0c30 725F6375 		.ascii	"r_current\000"
 13962      7272656E 
 13962      7400
 13963              	.LASF321:
 13964 0c3a 75736249 		.ascii	"usbInitEndpointI\000"
 13964      6E697445 
 13964      6E64706F 
 13964      696E7449 
 13964      00
 13965              	.LASF247:
 13966 0c4b 71756575 		.ascii	"queue\000"
 13966      6500
 13967              	.LASF255:
 13968 0c51 72787175 		.ascii	"rxqueue\000"
 13968      65756500 
 13969              	.LASF74:
 13970 0c59 6D61696E 		.ascii	"mainthread\000"
 13970      74687265 
 13970      616400
 13971              	.LASF223:
 13972 0c64 4441494E 		.ascii	"DAINTMSK\000"
 13972      544D534B 
 13972      00
 13973              	.LASF296:
 13974 0c6d 6D656D73 		.ascii	"memset\000"
 13974      657400
 13975              	.LASF346:
 13976 0c74 2F686F6D 		.ascii	"/home/gunnar/code/rise_sdvp/Embedded/RTCM_Forwarder"
ARM GAS  /tmp/cc9Yqsyg.s 			page 257


 13976      652F6775 
 13976      6E6E6172 
 13976      2F636F64 
 13976      652F7269 
 13977 0ca7 5F50726F 		.ascii	"_Project\000"
 13977      6A656374 
 13977      00
 13978              	.LASF226:
 13979 0cb0 44564255 		.ascii	"DVBUSDIS\000"
 13979      53444953 
 13979      00
 13980              	.LASF181:
 13981 0cb9 73746D33 		.ascii	"stm32_otg_in_ep_t\000"
 13981      325F6F74 
 13981      675F696E 
 13981      5F65705F 
 13981      7400
 13982              	.LASF342:
 13983 0ccb 5F5F7365 		.ascii	"__set_BASEPRI\000"
 13983      745F4241 
 13983      53455052 
 13983      4900
 13984              	.LASF241:
 13985 0cd9 6F74675F 		.ascii	"otg_ram_size\000"
 13985      72616D5F 
 13985      73697A65 
 13985      00
 13986              	.LASF265:
 13987 0ce6 6F75745F 		.ascii	"out_maxsize\000"
 13987      6D617873 
 13987      697A6500 
 13988              	.LASF48:
 13989 0cf2 725F7175 		.ascii	"r_queue\000"
 13989      65756500 
 13990              	.LASF327:
 13991 0cfa 64656661 		.ascii	"default_handler\000"
 13991      756C745F 
 13991      68616E64 
 13991      6C657200 
 13992              	.LASF335:
 13993 0d0a 7365745F 		.ascii	"set_address\000"
 13993      61646472 
 13993      65737300 
 13994              	.LASF152:
 13995 0d16 5553425F 		.ascii	"USB_EVENT_CONFIGURED\000"
 13995      4556454E 
 13995      545F434F 
 13995      4E464947 
 13995      55524544 
 13996              	.LASF238:
 13997 0d2b 4649464F 		.ascii	"FIFO\000"
 13997      00
 13998              	.LASF324:
 13999 0d30 75736253 		.ascii	"usbStart\000"
 13999      74617274 
 13999      00
 14000              	.LASF99:
ARM GAS  /tmp/cc9Yqsyg.s 			page 258


 14001 0d39 715F7761 		.ascii	"q_waiting\000"
 14001      6974696E 
 14001      6700
 14002              	.LASF72:
 14003 0d43 726C6973 		.ascii	"rlist\000"
 14003      7400
 14004              	.LASF22:
 14005 0d49 746D6F64 		.ascii	"tmode_t\000"
 14005      655F7400 
 14006              	.LASF164:
 14007 0d51 75736267 		.ascii	"usbgetdescriptor_t\000"
 14007      65746465 
 14007      73637269 
 14007      70746F72 
 14007      5F7400
 14008              	.LASF129:
 14009 0d64 77615F70 		.ascii	"wa_pump\000"
 14009      756D7000 
 14010              	.LASF64:
 14011 0d6c 76745F73 		.ascii	"vt_systime\000"
 14011      79737469 
 14011      6D6500
 14012              	.LASF115:
 14013 0d77 696E5F70 		.ascii	"in_params\000"
 14013      6172616D 
 14013      7300
 14014              	.LASF52:
 14015 0d81 725F6F6C 		.ascii	"r_older\000"
 14015      64657200 
 14016              	.LASF81:
 14017 0d89 746D5F63 		.ascii	"tm_calibration_t\000"
 14017      616C6962 
 14017      72617469 
 14017      6F6E5F74 
 14017      00
 14018              	.LASF314:
 14019 0d9a 75736253 		.ascii	"usbStartTransmitI\000"
 14019      74617274 
 14019      5472616E 
 14019      736D6974 
 14019      4900
 14020              	.LASF341:
 14021 0dac 706F7274 		.ascii	"port_lock\000"
 14021      5F6C6F63 
 14021      6B00
 14022              	.LASF89:
 14023 0db6 735F7175 		.ascii	"s_queue\000"
 14023      65756500 
 14024              	.LASF319:
 14025 0dbe 75736250 		.ascii	"usbPrepareReceive\000"
 14025      72657061 
 14025      72655265 
 14025      63656976 
 14025      6500
 14026              	.LASF6:
 14027 0dd0 73686F72 		.ascii	"short int\000"
 14027      7420696E 
ARM GAS  /tmp/cc9Yqsyg.s 			page 259


 14027      7400
 14028              	.LASF252:
 14029 0dda 746F7473 		.ascii	"totsize\000"
 14029      697A6500 
 14030              	.LASF240:
 14031 0de2 72785F66 		.ascii	"rx_fifo_size\000"
 14031      69666F5F 
 14031      73697A65 
 14031      00
 14032              	.LASF20:
 14033 0def 75696E74 		.ascii	"uint64_t\000"
 14033      36345F74 
 14033      00
 14034              	.LASF251:
 14035 0df8 6D6F6465 		.ascii	"mode\000"
 14035      00
 14036              	.LASF91:
 14037 0dfd 63685F6D 		.ascii	"ch_mutex\000"
 14037      75746578 
 14037      00
 14038              	.LASF150:
 14039 0e06 5553425F 		.ascii	"USB_EVENT_RESET\000"
 14039      4556454E 
 14039      545F5245 
 14039      53455400 
 14040              	.LASF170:
 14041 0e16 72657376 		.ascii	"resvd14\000"
 14041      64313400 
 14042              	.LASF171:
 14043 0e1e 72657376 		.ascii	"resvd18\000"
 14043      64313800 
 14044              	.LASF179:
 14045 0e26 44545846 		.ascii	"DTXFSTS\000"
 14045      53545300 
 14046              	.LASF245:
 14047 0e2e 74787175 		.ascii	"txqueue\000"
 14047      65756500 
 14048              	.LASF180:
 14049 0e36 72657376 		.ascii	"resvd1C\000"
 14049      64314300 
 14050              	.LASF220:
 14051 0e3e 44494550 		.ascii	"DIEPMSK\000"
 14051      4D534B00 
 14052              	.LASF49:
 14053 0e46 725F7072 		.ascii	"r_prio\000"
 14053      696F00
 14054              	.LASF66:
 14055 0e4d 63685F73 		.ascii	"ch_system_debug\000"
 14055      79737465 
 14055      6D5F6465 
 14055      62756700 
 14056              	.LASF284:
 14057 0e5d 7573625F 		.ascii	"usb_lld_get_status_out\000"
 14057      6C6C645F 
 14057      6765745F 
 14057      73746174 
 14057      75735F6F 
ARM GAS  /tmp/cc9Yqsyg.s 			page 260


 14058              	.LASF345:
 14059 0e74 2E2E2F52 		.ascii	"../RC_Controller/ChibiOS_3.0.5/os/hal/src/usb.c\000"
 14059      435F436F 
 14059      6E74726F 
 14059      6C6C6572 
 14059      2F436869 
 14060              	.LASF229:
 14061 0ea4 44494550 		.ascii	"DIEPEMPMSK\000"
 14061      454D504D 
 14061      534B00
 14062              	.LASF172:
 14063 0eaf 72657376 		.ascii	"resvd1c\000"
 14063      64316300 
 14064              	.LASF97:
 14065 0eb7 696F5F71 		.ascii	"io_queue_t\000"
 14065      75657565 
 14065      5F7400
 14066              	.LASF163:
 14067 0ec2 75736272 		.ascii	"usbreqhandler_t\000"
 14067      65716861 
 14067      6E646C65 
 14067      725F7400 
 14068              	.LASF317:
 14069 0ed2 75736250 		.ascii	"usbPrepareQueuedReceive\000"
 14069      72657061 
 14069      72655175 
 14069      65756564 
 14069      52656365 
 14070              	.LASF174:
 14071 0eea 44494550 		.ascii	"DIEPCTL\000"
 14071      43544C00 
 14072              	.LASF160:
 14073 0ef2 75736263 		.ascii	"usbcallback_t\000"
 14073      616C6C62 
 14073      61636B5F 
 14073      7400
 14074              	.LASF190:
 14075 0f00 47525354 		.ascii	"GRSTCTL\000"
 14075      43544C00 
 14076              	.LASF191:
 14077 0f08 47494E54 		.ascii	"GINTSTS\000"
 14077      53545300 
 14078              	.LASF73:
 14079 0f10 76746C69 		.ascii	"vtlist\000"
 14079      737400
 14080              	.LASF283:
 14081 0f17 7573625F 		.ascii	"usb_lld_clear_in\000"
 14081      6C6C645F 
 14081      636C6561 
 14081      725F696E 
 14081      00
 14082              	.LASF176:
 14083 0f28 44494550 		.ascii	"DIEPINT\000"
 14083      494E5400 
 14084              	.LASF197:
 14085 0f30 484E5054 		.ascii	"HNPTXSTS\000"
 14085      58535453 
ARM GAS  /tmp/cc9Yqsyg.s 			page 261


 14085      00
 14086              	.LASF302:
 14087 0f39 63685379 		.ascii	"chSysHalt\000"
 14087      7348616C 
 14087      7400
 14088              	.LASF95:
 14089 0f43 6D757465 		.ascii	"mutex_t\000"
 14089      785F7400 
 14090              	.LASF274:
 14091 0f4b 736F665F 		.ascii	"sof_cb\000"
 14091      636200
 14092              	.LASF237:
 14093 0f52 72657376 		.ascii	"resvdE04\000"
 14093      64453034 
 14093      00
 14094              	.LASF198:
 14095 0f5b 72657376 		.ascii	"resvd30\000"
 14095      64333000 
 14096              	.LASF71:
 14097 0f63 63685F73 		.ascii	"ch_system\000"
 14097      79737465 
 14097      6D00
 14098              	.LASF199:
 14099 0f6d 72657376 		.ascii	"resvd34\000"
 14099      64333400 
 14100              	.LASF19:
 14101 0f75 75696E74 		.ascii	"uint32_t\000"
 14101      33325F74 
 14101      00
 14102              	.LASF130:
 14103 0f7e 75736265 		.ascii	"usbep_t\000"
 14103      705F7400 
 14104              	.LASF108:
 14105 0f86 696E7075 		.ascii	"input_queue_t\000"
 14105      745F7175 
 14105      6575655F 
 14105      7400
 14106              	.LASF309:
 14107 0f94 5F757362 		.ascii	"_usb_wakeup\000"
 14107      5F77616B 
 14107      65757000 
 14108              	.LASF82:
 14109 0fa0 7264796D 		.ascii	"rdymsg\000"
 14109      736700
 14110              	.LASF8:
 14111 0fa7 73686F72 		.ascii	"short unsigned int\000"
 14111      7420756E 
 14111      7369676E 
 14111      65642069 
 14111      6E7400
 14112              	.LASF218:
 14113 0fba 44535453 		.ascii	"DSTS\000"
 14113      00
 14114              	.LASF272:
 14115 0fbf 6765745F 		.ascii	"get_descriptor_cb\000"
 14115      64657363 
 14115      72697074 
ARM GAS  /tmp/cc9Yqsyg.s 			page 262


 14115      6F725F63 
 14115      6200
 14116              	.LASF70:
 14117 0fd1 63685F73 		.ascii	"ch_system_t\000"
 14117      79737465 
 14117      6D5F7400 
 14118              	.LASF153:
 14119 0fdd 5553425F 		.ascii	"USB_EVENT_SUSPEND\000"
 14119      4556454E 
 14119      545F5355 
 14119      5350454E 
 14119      4400
 14120              	.LASF306:
 14121 0fef 5F757362 		.ascii	"_usb_ep0in\000"
 14121      5F657030 
 14121      696E00
 14122              	.LASF109:
 14123 0ffa 6F757470 		.ascii	"output_queue_t\000"
 14123      75745F71 
 14123      75657565 
 14123      5F7400
 14124              	.LASF116:
 14125 1009 6F75745F 		.ascii	"out_params\000"
 14125      70617261 
 14125      6D7300
 14126              	.LASF138:
 14127 1014 45505F53 		.ascii	"EP_STATUS_DISABLED\000"
 14127      54415455 
 14127      535F4449 
 14127      5341424C 
 14127      454400
 14128              	.LASF9:
 14129 1027 5F5F696E 		.ascii	"__int32_t\000"
 14129      7433325F 
 14129      7400
 14130              	.LASF322:
 14131 1031 65706370 		.ascii	"epcp\000"
 14131      00
 14132              	.LASF209:
 14133 1036 48505458 		.ascii	"HPTXSTS\000"
 14133      53545300 
 14134              	.LASF201:
 14135 103e 72657376 		.ascii	"resvd58\000"
 14135      64353800 
 14136              	.LASF147:
 14137 1046 5553425F 		.ascii	"USB_EP0_SENDING_STS\000"
 14137      4550305F 
 14137      53454E44 
 14137      494E475F 
 14137      53545300 
 14138              	.LASF206:
 14139 105a 48464952 		.ascii	"HFIR\000"
 14139      00
 14140              	.LASF145:
 14141 105f 5553425F 		.ascii	"USB_EP0_WAITING_STS\000"
 14141      4550305F 
 14141      57414954 
ARM GAS  /tmp/cc9Yqsyg.s 			page 263


 14141      494E475F 
 14141      53545300 
 14142              	.LASF36:
 14143 1073 705F6E61 		.ascii	"p_name\000"
 14143      6D6500
 14144              	.LASF94:
 14145 107a 6D5F6E65 		.ascii	"m_next\000"
 14145      787400
 14146              	.LASF126:
 14147 1081 706D6E65 		.ascii	"pmnext\000"
 14147      787400
 14148              	.LASF248:
 14149 1088 74787175 		.ascii	"txqueued\000"
 14149      65756564 
 14149      00
 14150              	.LASF189:
 14151 1091 47555342 		.ascii	"GUSBCFG\000"
 14151      43464700 
 14152              	.LASF146:
 14153 1099 5553425F 		.ascii	"USB_EP0_RX\000"
 14153      4550305F 
 14153      525800
 14154              	.LASF204:
 14155 10a4 72657376 		.ascii	"resvd140\000"
 14155      64313430 
 14155      00
 14156              	.LASF37:
 14157 10ad 705F7374 		.ascii	"p_state\000"
 14157      61746500 
 14158              		.ident	"GCC: (Arm GNU Toolchain 13.2.rel1 (Build arm-13.7)) 13.2.1 20231009"
ARM GAS  /tmp/cc9Yqsyg.s 			page 264


DEFINED SYMBOLS
                            *ABS*:00000000 usb.c
     /tmp/cc9Yqsyg.s:21     .text.usbInit:00000000 $t
     /tmp/cc9Yqsyg.s:28     .text.usbInit:00000000 usbInit
     /tmp/cc9Yqsyg.s:42     .text.usbObjectInit:00000000 $t
     /tmp/cc9Yqsyg.s:49     .text.usbObjectInit:00000000 usbObjectInit
     /tmp/cc9Yqsyg.s:107    .text.usbStart:00000000 $t
     /tmp/cc9Yqsyg.s:114    .text.usbStart:00000000 usbStart
     /tmp/cc9Yqsyg.s:332    .text.usbStart:0000006c $d
     /tmp/cc9Yqsyg.s:3292   .rodata.__func__.10:00000000 __func__.10
     /tmp/cc9Yqsyg.s:3286   .rodata.__func__.9:00000000 __func__.9
     /tmp/cc9Yqsyg.s:339    .text.usbStop:00000000 $t
     /tmp/cc9Yqsyg.s:346    .text.usbStop:00000000 usbStop
     /tmp/cc9Yqsyg.s:532    .text.usbStop:00000060 $d
     /tmp/cc9Yqsyg.s:3280   .rodata.__func__.8:00000000 __func__.8
     /tmp/cc9Yqsyg.s:539    .text.usbInitEndpointI:00000000 $t
     /tmp/cc9Yqsyg.s:546    .text.usbInitEndpointI:00000000 usbInitEndpointI
     /tmp/cc9Yqsyg.s:658    .text.usbInitEndpointI:00000060 $d
     /tmp/cc9Yqsyg.s:3274   .rodata.__func__.7:00000000 __func__.7
     /tmp/cc9Yqsyg.s:663    .text.usbDisableEndpointsI:00000000 $t
     /tmp/cc9Yqsyg.s:670    .text.usbDisableEndpointsI:00000000 usbDisableEndpointsI
     /tmp/cc9Yqsyg.s:753    .text.usbDisableEndpointsI:00000038 $d
     /tmp/cc9Yqsyg.s:3268   .rodata.__func__.6:00000000 __func__.6
     /tmp/cc9Yqsyg.s:758    .text.usbPrepareReceive:00000000 $t
     /tmp/cc9Yqsyg.s:765    .text.usbPrepareReceive:00000000 usbPrepareReceive
     /tmp/cc9Yqsyg.s:813    .text.usbPrepareTransmit:00000000 $t
     /tmp/cc9Yqsyg.s:820    .text.usbPrepareTransmit:00000000 usbPrepareTransmit
     /tmp/cc9Yqsyg.s:868    .text.usbPrepareQueuedReceive:00000000 $t
     /tmp/cc9Yqsyg.s:875    .text.usbPrepareQueuedReceive:00000000 usbPrepareQueuedReceive
     /tmp/cc9Yqsyg.s:924    .text.usbPrepareQueuedTransmit:00000000 $t
     /tmp/cc9Yqsyg.s:931    .text.usbPrepareQueuedTransmit:00000000 usbPrepareQueuedTransmit
     /tmp/cc9Yqsyg.s:980    .text.usbStartReceiveI:00000000 $t
     /tmp/cc9Yqsyg.s:987    .text.usbStartReceiveI:00000000 usbStartReceiveI
     /tmp/cc9Yqsyg.s:1055   .text.usbStartReceiveI:00000038 $d
     /tmp/cc9Yqsyg.s:3262   .rodata.__func__.5:00000000 __func__.5
     /tmp/cc9Yqsyg.s:1060   .text.usbStartTransmitI:00000000 $t
     /tmp/cc9Yqsyg.s:1067   .text.usbStartTransmitI:00000000 usbStartTransmitI
     /tmp/cc9Yqsyg.s:1135   .text.usbStartTransmitI:00000038 $d
     /tmp/cc9Yqsyg.s:3256   .rodata.__func__.4:00000000 __func__.4
     /tmp/cc9Yqsyg.s:1140   .text.usbStallReceiveI:00000000 $t
     /tmp/cc9Yqsyg.s:1147   .text.usbStallReceiveI:00000000 usbStallReceiveI
     /tmp/cc9Yqsyg.s:1206   .text.usbStallReceiveI:00000030 $d
     /tmp/cc9Yqsyg.s:3250   .rodata.__func__.3:00000000 __func__.3
     /tmp/cc9Yqsyg.s:1211   .text.usbStallTransmitI:00000000 $t
     /tmp/cc9Yqsyg.s:1218   .text.usbStallTransmitI:00000000 usbStallTransmitI
     /tmp/cc9Yqsyg.s:1277   .text.usbStallTransmitI:00000030 $d
     /tmp/cc9Yqsyg.s:3244   .rodata.__func__.2:00000000 __func__.2
     /tmp/cc9Yqsyg.s:1282   .text._usb_reset:00000000 $t
     /tmp/cc9Yqsyg.s:1289   .text._usb_reset:00000000 _usb_reset
     /tmp/cc9Yqsyg.s:1369   .text._usb_suspend:00000000 $t
     /tmp/cc9Yqsyg.s:1376   .text._usb_suspend:00000000 _usb_suspend
     /tmp/cc9Yqsyg.s:1404   .text._usb_wakeup:00000000 $t
     /tmp/cc9Yqsyg.s:1411   .text._usb_wakeup:00000000 _usb_wakeup
     /tmp/cc9Yqsyg.s:1438   .text._usb_ep0setup:00000000 $t
     /tmp/cc9Yqsyg.s:1445   .text._usb_ep0setup:00000000 _usb_ep0setup
     /tmp/cc9Yqsyg.s:2455   .text._usb_ep0setup:00000314 $d
     /tmp/cc9Yqsyg.s:3304   .rodata.active_status:00000000 active_status
ARM GAS  /tmp/cc9Yqsyg.s 			page 265


     /tmp/cc9Yqsyg.s:3310   .rodata.zero_status:00000000 zero_status
     /tmp/cc9Yqsyg.s:3298   .rodata.halted_status:00000000 halted_status
     /tmp/cc9Yqsyg.s:2464   .text._usb_ep0in:00000000 $t
     /tmp/cc9Yqsyg.s:2471   .text._usb_ep0in:00000000 _usb_ep0in
     /tmp/cc9Yqsyg.s:2495   .text._usb_ep0in:00000010 $d
     /tmp/cc9Yqsyg.s:2920   .text._usb_ep0in:00000100 $d
     /tmp/cc9Yqsyg.s:3238   .rodata.__func__.1:00000000 __func__.1
     /tmp/cc9Yqsyg.s:2925   .text._usb_ep0out:00000000 $t
     /tmp/cc9Yqsyg.s:2932   .text._usb_ep0out:00000000 _usb_ep0out
     /tmp/cc9Yqsyg.s:2955   .text._usb_ep0out:00000010 $d
     /tmp/cc9Yqsyg.s:3224   .text._usb_ep0out:000000ac $d
     /tmp/cc9Yqsyg.s:3232   .rodata.__func__.0:00000000 __func__.0
     /tmp/cc9Yqsyg.s:3229   .rodata.__func__.0:00000000 $d
     /tmp/cc9Yqsyg.s:3235   .rodata.__func__.1:00000000 $d
     /tmp/cc9Yqsyg.s:3241   .rodata.__func__.2:00000000 $d
     /tmp/cc9Yqsyg.s:3247   .rodata.__func__.3:00000000 $d
     /tmp/cc9Yqsyg.s:3253   .rodata.__func__.4:00000000 $d
     /tmp/cc9Yqsyg.s:3259   .rodata.__func__.5:00000000 $d
     /tmp/cc9Yqsyg.s:3265   .rodata.__func__.6:00000000 $d
     /tmp/cc9Yqsyg.s:3271   .rodata.__func__.7:00000000 $d
     /tmp/cc9Yqsyg.s:3277   .rodata.__func__.8:00000000 $d
     /tmp/cc9Yqsyg.s:3283   .rodata.__func__.9:00000000 $d
     /tmp/cc9Yqsyg.s:3289   .rodata.__func__.10:00000000 $d
     /tmp/cc9Yqsyg.s:3295   .rodata.halted_status:00000000 $d
     /tmp/cc9Yqsyg.s:3301   .rodata.active_status:00000000 $d
     /tmp/cc9Yqsyg.s:3307   .rodata.zero_status:00000000 $d
     /tmp/cc9Yqsyg.s:2502   .text._usb_ep0in:00000017 $d
     /tmp/cc9Yqsyg.s:2502   .text._usb_ep0in:00000018 $t
     /tmp/cc9Yqsyg.s:2962   .text._usb_ep0out:00000017 $d
     /tmp/cc9Yqsyg.s:2962   .text._usb_ep0out:00000018 $t

UNDEFINED SYMBOLS
usb_lld_init
_dbg_check_lock
chSysHalt
usb_lld_start
_dbg_check_unlock
ch
usb_lld_stop
chDbgCheckClassI
usb_lld_init_endpoint
usb_lld_disable_endpoints
usb_lld_prepare_receive
usb_lld_prepare_transmit
usb_lld_start_out
usb_lld_start_in
usb_lld_stall_out
usb_lld_stall_in
usb_lld_reset
usb_lld_read_setup
_dbg_check_lock_from_isr
_dbg_check_unlock_from_isr
usb_lld_set_address
usb_lld_get_status_out
usb_lld_clear_out
usb_lld_get_status_in
usb_lld_clear_in
ARM GAS  /tmp/cc9Yqsyg.s 			page 266


