ARM GAS  /tmp/cctaqgo8.s 			page 1


   1              		.cpu cortex-m4
   2              		.arch armv7e-m
   3              		.fpu fpv4-sp-d16
   4              		.eabi_attribute 27, 1
   5              		.eabi_attribute 28, 1
   6              		.eabi_attribute 20, 1
   7              		.eabi_attribute 21, 1
   8              		.eabi_attribute 23, 3
   9              		.eabi_attribute 24, 1
  10              		.eabi_attribute 25, 1
  11              		.eabi_attribute 26, 1
  12              		.eabi_attribute 30, 2
  13              		.eabi_attribute 34, 1
  14              		.eabi_attribute 18, 4
  15              		.file	"usb_lld.c"
  16              		.text
  17              	.Ltext0:
  18              		.cfi_sections	.debug_frame
  19              		.file 1 "../RC_Controller/ChibiOS_3.0.5/os/hal/ports/STM32/LLD/OTGv1/usb_lld.c"
  20              		.section	.text.otg_disable_ep.isra.0,"ax",%progbits
  21              		.align	1
  22              		.p2align 4,,15
  23              		.syntax unified
  24              		.thumb
  25              		.thumb_func
  26              		.type	otg_disable_ep.isra.0, %function
  27              	otg_disable_ep.isra.0:
  28              	.LFB260:
  29              		.loc 1 132 13 view -0
  30              		.cfi_startproc
  31              		@ args = 0, pretend = 0, frame = 0
  32              		@ frame_needed = 0, uses_anonymous_args = 0
  33              		@ link register save eliminated.
  34              	.LVL0:
  35              		.loc 1 133 3 view .LVU1
  36              		.loc 1 136 10 is_stmt 0 view .LVU2
  37 0000 0022     		movs	r2, #0
  38              		.loc 1 132 13 view .LVU3
  39 0002 30B4     		push	{r4, r5}
  40              		.cfi_def_cfa_offset 8
  41              		.cfi_offset 4, -8
  42              		.cfi_offset 5, -4
  43              		.loc 1 136 35 discriminator 1 view .LVU4
  44 0004 8D68     		ldr	r5, [r1, #8]
  45              	.LVL1:
  46              		.loc 1 134 3 is_stmt 1 view .LVU5
  47              		.loc 1 136 3 view .LVU6
  48              		.loc 1 136 17 discriminator 1 view .LVU7
  49              		.loc 1 139 25 is_stmt 0 view .LVU8
  50 0006 4FF0FF34 		mov	r4, #-1
  51              		.loc 1 137 25 view .LVU9
  52 000a 1146     		mov	r1, r2
  53              	.LVL2:
  54              	.L2:
  55              		.loc 1 137 5 is_stmt 1 view .LVU10
  56 000c 00EB4213 		add	r3, r0, r2, lsl #5
  57              		.loc 1 136 17 is_stmt 0 discriminator 1 view .LVU11
ARM GAS  /tmp/cctaqgo8.s 			page 2


  58 0010 9542     		cmp	r5, r2
  59              		.loc 1 137 25 view .LVU12
  60 0012 C3F80019 		str	r1, [r3, #2304]
  61              		.loc 1 138 5 is_stmt 1 view .LVU13
  62              		.loc 1 136 17 is_stmt 0 discriminator 1 view .LVU14
  63 0016 02F10102 		add	r2, r2, #1
  64              	.LVL3:
  65              		.loc 1 138 26 view .LVU15
  66 001a C3F81019 		str	r1, [r3, #2320]
  67              		.loc 1 139 5 is_stmt 1 view .LVU16
  68              		.loc 1 139 25 is_stmt 0 view .LVU17
  69 001e C3F80849 		str	r4, [r3, #2312]
  70              		.loc 1 141 5 is_stmt 1 view .LVU18
  71              		.loc 1 141 25 is_stmt 0 view .LVU19
  72 0022 C3F8001B 		str	r1, [r3, #2816]
  73              		.loc 1 142 5 is_stmt 1 view .LVU20
  74              		.loc 1 142 26 is_stmt 0 view .LVU21
  75 0026 C3F8101B 		str	r1, [r3, #2832]
  76              		.loc 1 143 5 is_stmt 1 view .LVU22
  77              		.loc 1 143 25 is_stmt 0 view .LVU23
  78 002a C3F8084B 		str	r4, [r3, #2824]
  79              		.loc 1 136 53 is_stmt 1 discriminator 3 view .LVU24
  80              	.LVL4:
  81              		.loc 1 136 17 discriminator 1 view .LVU25
  82 002e EDD1     		bne	.L2
  83              		.loc 1 145 3 view .LVU26
  84              		.loc 1 145 18 is_stmt 0 view .LVU27
  85 0030 4FF00113 		mov	r3, #65537
  86              		.loc 1 146 1 view .LVU28
  87 0034 30BC     		pop	{r4, r5}
  88              		.cfi_restore 5
  89              		.cfi_restore 4
  90              		.cfi_def_cfa_offset 0
  91              		.loc 1 145 18 view .LVU29
  92 0036 C0F81C38 		str	r3, [r0, #2076]
  93              		.loc 1 146 1 view .LVU30
  94 003a 7047     		bx	lr
  95              		.cfi_endproc
  96              	.LFE260:
  97              		.size	otg_disable_ep.isra.0, .-otg_disable_ep.isra.0
  98              		.section	.rodata.usb_lld_pump.str1.4,"aMS",%progbits,1
  99              		.align	2
 100              	.LC0:
 101 0000 7573625F 		.ascii	"usb_lld_pump\000"
 101      6C6C645F 
 101      70756D70 
 101      00
 102              		.section	.text.usb_lld_pump,"ax",%progbits
 103              		.align	1
 104              		.p2align 4,,15
 105              		.global	usb_lld_pump
 106              		.syntax unified
 107              		.thumb
 108              		.thumb_func
 109              		.type	usb_lld_pump, %function
 110              	usb_lld_pump:
 111              	.LVL5:
ARM GAS  /tmp/cctaqgo8.s 			page 3


 112              	.LFB259:
 113              		.loc 1 1282 28 is_stmt 1 view -0
 114              		.cfi_startproc
 115              		@ args = 0, pretend = 0, frame = 24
 116              		@ frame_needed = 0, uses_anonymous_args = 0
 117              		.loc 1 1283 3 view .LVU32
 118              		.loc 1 1282 28 is_stmt 0 view .LVU33
 119 0000 2DE9F04F 		push	{r4, r5, r6, r7, r8, r9, r10, fp, lr}
 120              		.cfi_def_cfa_offset 36
 121              		.cfi_offset 4, -36
 122              		.cfi_offset 5, -32
 123              		.cfi_offset 6, -28
 124              		.cfi_offset 7, -24
 125              		.cfi_offset 8, -20
 126              		.cfi_offset 9, -16
 127              		.cfi_offset 10, -12
 128              		.cfi_offset 11, -8
 129              		.cfi_offset 14, -4
 130              	.LBB330:
 131              	.LBB331:
 132              		.file 2 "../RC_Controller/ChibiOS_3.0.5/os/rt/include/chregistry.h"
 133              		.loc 2 135 11 view .LVU34
 134 0004 DFF8E0B1 		ldr	fp, .L111+4
 135              		.loc 2 135 30 view .LVU35
 136 0008 764A     		ldr	r2, .L111
 137 000a DBF81830 		ldr	r3, [fp, #24]
 138              	.LBE331:
 139              	.LBE330:
 140              		.loc 1 1284 16 view .LVU36
 141 000e 076D     		ldr	r7, [r0, #80]
 142              	.LBB334:
 143              	.LBB332:
 144              		.loc 2 135 30 view .LVU37
 145 0010 9A61     		str	r2, [r3, #24]
 146              	.LBE332:
 147              	.LBE334:
 148              		.loc 1 1282 28 view .LVU38
 149 0012 87B0     		sub	sp, sp, #28
 150              		.cfi_def_cfa_offset 64
 151              		.loc 1 1282 28 view .LVU39
 152 0014 8246     		mov	r10, r0
 153              	.LVL6:
 154              		.loc 1 1284 3 is_stmt 1 view .LVU40
 155              		.loc 1 1287 3 view .LVU41
 156              	.LBB335:
 157              	.LBI330:
 158              		.loc 2 132 20 view .LVU42
 159              	.LBB333:
 160              		.loc 2 135 3 view .LVU43
 161              		.loc 2 135 3 is_stmt 0 view .LVU44
 162              	.LBE333:
 163              	.LBE335:
 164              		.loc 1 1289 3 is_stmt 1 view .LVU45
 165              	.LBB336:
 166              	.LBI336:
 167              		.file 3 "../RC_Controller/ChibiOS_3.0.5/os/hal/osal/rt/osal.h"
 168              		.loc 3 491 20 view .LVU46
ARM GAS  /tmp/cctaqgo8.s 			page 4


 169              	.LBB337:
 170              		.loc 3 493 3 view .LVU47
 171              	.LBB338:
 172              	.LBI338:
 173              		.file 4 "../RC_Controller/ChibiOS_3.0.5/os/rt/include/chsys.h"
 174              		.loc 4 346 20 view .LVU48
 175              	.LBB339:
 176              		.loc 4 348 3 view .LVU49
 177              	.LBB340:
 178              	.LBI340:
 179              		.file 5 "../RC_Controller/ChibiOS_3.0.5/os/rt/ports/ARMCMx/chcore_v7m.h"
 180              		.loc 5 444 20 view .LVU50
 181              		.loc 5 447 3 view .LVU51
 182              	.LBB341:
 183              	.LBI341:
 184              		.file 6 "../RC_Controller/ChibiOS_3.0.5/os/ext/CMSIS/include/core_cmFunc.h"
 185              		.loc 6 544 57 view .LVU52
 186              	.LBB342:
 187              		.loc 6 546 3 view .LVU53
 188 0016 2024     		movs	r4, #32
 189              		.syntax unified
 190              	@ 546 "../RC_Controller/ChibiOS_3.0.5/os/ext/CMSIS/include/core_cmFunc.h" 1
 191 0018 84F31188 		MSR basepri, r4
 192              	@ 0 "" 2
 193              	.LVL7:
 194              		.loc 6 546 3 is_stmt 0 view .LVU54
 195              		.thumb
 196              		.syntax unified
 197              	.LBE342:
 198              	.LBE341:
 199              	.LBE340:
 200              		.loc 4 349 34 is_stmt 1 view .LVU55
 201              		.loc 4 350 3 view .LVU56
 202 001c 0AF16006 		add	r6, r10, #96
 203 0020 FFF7FEFF 		bl	_dbg_check_lock
 204              	.LVL8:
 205              		.loc 4 350 3 is_stmt 0 view .LVU57
 206              	.LBE339:
 207              	.LBE338:
 208              	.LBE337:
 209              	.LBE336:
 210              	.LBB343:
 211              		.loc 1 1310 19 view .LVU58
 212 0024 D146     		mov	r9, r10
 213              	.LBB344:
 214              	.LBB345:
 215              	.LBB346:
 216              	.LBB347:
 217              	.LBB348:
 218              	.LBB349:
 219              	.LBB350:
 220              	.LBB351:
 221              	.LBB352:
 222              	.LBB353:
 223              		.loc 6 546 3 view .LVU59
 224 0026 0194     		str	r4, [sp, #4]
 225              	.LBE353:
ARM GAS  /tmp/cctaqgo8.s 			page 5


 226              	.LBE352:
 227              	.LBE351:
 228              	.LBE350:
 229              	.LBE349:
 230              	.LBE348:
 231              	.LBE347:
 232              	.LBE346:
 233              	.LBE345:
 234              	.LBE344:
 235              		.loc 1 1310 19 view .LVU60
 236 0028 3546     		mov	r5, r6
 237 002a 3C46     		mov	r4, r7
 238              	.LVL9:
 239              	.L63:
 240              		.loc 1 1310 19 view .LVU61
 241              	.LBE343:
 242              		.loc 1 1290 3 is_stmt 1 view .LVU62
 243              	.LBB516:
 244              		.loc 1 1291 5 view .LVU63
 245              		.loc 1 1292 5 view .LVU64
 246              		.loc 1 1295 5 view .LVU65
 247              		.loc 1 1295 8 is_stmt 0 view .LVU66
 248 002c 99F80020 		ldrb	r2, [r9]	@ zero_extendqisi2
 249 0030 012A     		cmp	r2, #1
 250 0032 05D0     		beq	.L7
 251              		.loc 1 1295 35 discriminator 1 view .LVU67
 252 0034 D9F85C20 		ldr	r2, [r9, #92]
 253 0038 4AB9     		cbnz	r2, .L8
 254              		.loc 1 1296 42 view .LVU68
 255 003a 6269     		ldr	r2, [r4, #20]
 256              		.loc 1 1296 33 view .LVU69
 257 003c D206     		lsls	r2, r2, #27
 258 003e 06D4     		bmi	.L8
 259              	.L7:
 260              		.loc 1 1297 7 is_stmt 1 view .LVU70
 261              		.loc 1 1297 11 is_stmt 0 view .LVU71
 262 0040 A269     		ldr	r2, [r4, #24]
 263              		.loc 1 1297 21 view .LVU72
 264 0042 42F01002 		orr	r2, r2, #16
 265              	.LBB398:
 266              	.LBB399:
 267              		.loc 3 688 10 view .LVU73
 268 0046 2846     		mov	r0, r5
 269              	.LBE399:
 270              	.LBE398:
 271              		.loc 1 1297 21 view .LVU74
 272 0048 A261     		str	r2, [r4, #24]
 273              		.loc 1 1298 7 is_stmt 1 view .LVU75
 274              	.LBB401:
 275              	.LBI398:
 276              		.loc 3 686 21 view .LVU76
 277              	.LBB400:
 278              		.loc 3 688 3 view .LVU77
 279              		.loc 3 688 10 is_stmt 0 view .LVU78
 280 004a FFF7FEFF 		bl	chThdSuspendS
 281              	.LVL10:
 282              	.L8:
ARM GAS  /tmp/cctaqgo8.s 			page 6


 283              	.LBE400:
 284              	.LBE401:
 285              		.loc 1 1300 5 is_stmt 1 view .LVU79
 286              	.LBB402:
 287              	.LBI402:
 288              		.loc 3 502 20 view .LVU80
 289              		.loc 3 504 3 view .LVU81
 290              	.LBB403:
 291              	.LBI403:
 292              		.loc 4 358 20 view .LVU82
 293              	.LBB404:
 294              		.loc 4 360 3 view .LVU83
 295 004e FFF7FEFF 		bl	_dbg_check_unlock
 296              	.LVL11:
 297              		.loc 4 361 33 view .LVU84
 298              		.loc 4 367 3 view .LVU85
 299              		.loc 4 367 3 view .LVU86
 300              		.loc 4 367 3 discriminator 1 view .LVU87
 301 0052 DBF80020 		ldr	r2, [fp]
 302 0056 5A45     		cmp	r2, fp
 303 0058 06D0     		beq	.L9
 304              		.loc 4 367 3 is_stmt 0 discriminator 3 view .LVU88
 305 005a DBF81810 		ldr	r1, [fp, #24]
 306 005e 9268     		ldr	r2, [r2, #8]
 307 0060 8968     		ldr	r1, [r1, #8]
 308 0062 9142     		cmp	r1, r2
 309 0064 C0F0BD81 		bcc	.L101
 310              	.L9:
 311              		.loc 4 367 3 is_stmt 1 discriminator 7 view .LVU89
 312              		.loc 4 371 3 view .LVU90
 313              	.LBB405:
 314              	.LBI405:
 315              		.loc 5 458 20 view .LVU91
 316              		.loc 5 461 3 view .LVU92
 317              	.LVL12:
 318              	.LBB406:
 319              	.LBI406:
 320              		.loc 6 544 57 view .LVU93
 321              	.LBB407:
 322              		.loc 6 546 3 view .LVU94
 323 0068 0023     		movs	r3, #0
 324              		.syntax unified
 325              	@ 546 "../RC_Controller/ChibiOS_3.0.5/os/ext/CMSIS/include/core_cmFunc.h" 1
 326 006a 83F31188 		MSR basepri, r3
 327              	@ 0 "" 2
 328              	.LVL13:
 329              		.loc 6 546 3 is_stmt 0 view .LVU95
 330              		.thumb
 331              		.syntax unified
 332              	.LBE407:
 333              	.LBE406:
 334              	.LBE405:
 335              	.LBE404:
 336              	.LBE403:
 337              	.LBE402:
 338              		.loc 1 1303 5 is_stmt 1 view .LVU96
 339              		.loc 1 1303 21 discriminator 1 view .LVU97
ARM GAS  /tmp/cctaqgo8.s 			page 7


 340              		.loc 1 1303 13 is_stmt 0 view .LVU98
 341 006e 0293     		str	r3, [sp, #8]
 342              	.LVL14:
 343              	.L12:
 344              		.loc 1 1306 14 is_stmt 1 view .LVU99
 345              		.loc 1 1306 18 is_stmt 0 view .LVU100
 346 0070 6369     		ldr	r3, [r4, #20]
 347              		.loc 1 1306 14 view .LVU101
 348 0072 DB06     		lsls	r3, r3, #27
 349 0074 22D5     		bpl	.L102
 350              	.L32:
 351              		.loc 1 1307 9 is_stmt 1 view .LVU102
 352              	.LVL15:
 353              	.LBB410:
 354              	.LBI344:
 355              		.loc 1 413 13 view .LVU103
 356              	.LBB395:
 357              		.loc 1 414 3 view .LVU104
 358              		.loc 1 416 3 view .LVU105
 359              		.loc 1 416 13 is_stmt 0 view .LVU106
 360 0076 D9F85000 		ldr	r0, [r9, #80]
 361              		.loc 1 416 7 view .LVU107
 362 007a 036A     		ldr	r3, [r0, #32]
 363              	.LVL16:
 364              		.loc 1 417 3 is_stmt 1 view .LVU108
 365              		.loc 1 417 15 is_stmt 0 view .LVU109
 366 007c 03F4F012 		and	r2, r3, #1966080
 367              		.loc 1 417 3 view .LVU110
 368 0080 B2F5802F 		cmp	r2, #262144
 369 0084 32D0     		beq	.L11
 370 0086 B2F5402F 		cmp	r2, #786432
 371 008a F1D1     		bne	.L12
 372              		.loc 1 421 5 is_stmt 1 view .LVU111
 373              	.LVL17:
 374              		.loc 1 422 5 view .LVU112
 375              		.loc 1 423 5 view .LVU113
 376              		.loc 1 422 9 is_stmt 0 view .LVU114
 377 008c 03F00F02 		and	r2, r3, #15
 378              	.LVL18:
 379              		.loc 1 423 58 view .LVU115
 380 0090 09EB8202 		add	r2, r9, r2, lsl #2
 381              	.LVL19:
 382              		.loc 1 421 9 view .LVU116
 383 0094 C3F30A13 		ubfx	r3, r3, #4, #11
 384              	.LVL20:
 385              		.loc 1 423 62 view .LVU117
 386 0098 D268     		ldr	r2, [r2, #12]
 387              	.LBB383:
 388              	.LBB384:
 389              		.loc 1 335 10 view .LVU118
 390 009a 0333     		adds	r3, r3, #3
 391              		.loc 1 337 10 view .LVU119
 392 009c 9B08     		lsrs	r3, r3, #2
 393              	.LBE384:
 394              	.LBE383:
 395              		.loc 1 423 62 view .LVU120
 396 009e 166A     		ldr	r6, [r2, #32]
ARM GAS  /tmp/cctaqgo8.s 			page 8


 397              	.LVL21:
 398              	.LBB387:
 399              	.LBI383:
 400              		.loc 1 330 13 is_stmt 1 view .LVU121
 401              	.LBB386:
 402              		.loc 1 335 3 view .LVU122
 403              		.loc 1 336 3 view .LVU123
 404              		.loc 1 337 3 view .LVU124
 405              		.loc 1 337 10 view .LVU125
 406 00a0 E6D0     		beq	.L12
 407              		.loc 1 336 7 is_stmt 0 view .LVU126
 408 00a2 0222     		movs	r2, #2
 409 00a4 00F58050 		add	r0, r0, #4096
 410              	.LVL22:
 411              	.L13:
 412              	.LBB385:
 413              		.loc 1 338 5 is_stmt 1 view .LVU127
 414              		.loc 1 338 14 is_stmt 0 view .LVU128
 415 00a8 0168     		ldr	r1, [r0]
 416              	.LVL23:
 417              		.loc 1 339 5 is_stmt 1 view .LVU129
 418              		.loc 1 342 7 view .LVU130
 419              		.loc 1 339 8 is_stmt 0 view .LVU131
 420 00aa 12B1     		cbz	r2, .L15
 421              		.loc 1 342 37 view .LVU132
 422 00ac 46F8041B 		str	r1, [r6], #4
 423              	.LVL24:
 424              		.loc 1 343 7 is_stmt 1 view .LVU133
 425              		.loc 1 344 7 view .LVU134
 426              		.loc 1 344 10 is_stmt 0 view .LVU135
 427 00b0 013A     		subs	r2, r2, #1
 428              	.LVL25:
 429              	.L15:
 430              		.loc 1 346 5 is_stmt 1 view .LVU136
 431              		.loc 1 346 5 is_stmt 0 view .LVU137
 432              	.LBE385:
 433              		.loc 1 337 10 is_stmt 1 view .LVU138
 434 00b2 013B     		subs	r3, r3, #1
 435              	.LVL26:
 436              		.loc 1 337 10 is_stmt 0 view .LVU139
 437 00b4 F8D1     		bne	.L13
 438              	.LVL27:
 439              		.loc 1 337 10 view .LVU140
 440              	.LBE386:
 441              	.LBE387:
 442              	.LBE395:
 443              	.LBE410:
 444              		.loc 1 1306 14 is_stmt 1 view .LVU141
 445              		.loc 1 1306 18 is_stmt 0 view .LVU142
 446 00b6 6369     		ldr	r3, [r4, #20]
 447              		.loc 1 1306 14 view .LVU143
 448 00b8 DB06     		lsls	r3, r3, #27
 449 00ba DCD4     		bmi	.L32
 450              	.L102:
 451              		.loc 1 1310 7 is_stmt 1 view .LVU144
 452              		.loc 1 1310 19 is_stmt 0 view .LVU145
 453 00bc 029A     		ldr	r2, [sp, #8]
ARM GAS  /tmp/cctaqgo8.s 			page 9


 454              		.loc 1 1311 27 view .LVU146
 455 00be D9F85C30 		ldr	r3, [r9, #92]
 456              		.loc 1 1310 19 view .LVU147
 457 00c2 0121     		movs	r1, #1
 458 00c4 01FA02F6 		lsl	r6, r1, r2
 459              	.LVL28:
 460              		.loc 1 1311 7 is_stmt 1 view .LVU148
 461              		.loc 1 1311 10 is_stmt 0 view .LVU149
 462 00c8 1E42     		tst	r6, r3
 463 00ca 40F08F80 		bne	.L95
 464 00ce 0A44     		add	r2, r2, r1
 465 00d0 1746     		mov	r7, r2
 466              	.LVL29:
 467              	.L33:
 468              		.loc 1 1303 58 is_stmt 1 discriminator 2 view .LVU150
 469              		.loc 1 1303 39 is_stmt 0 discriminator 1 view .LVU151
 470 00d2 D9F85430 		ldr	r3, [r9, #84]
 471              		.loc 1 1303 21 discriminator 1 view .LVU152
 472 00d6 9B68     		ldr	r3, [r3, #8]
 473              		.loc 1 1303 58 discriminator 2 view .LVU153
 474 00d8 FAB2     		uxtb	r2, r7
 475              		.loc 1 1303 21 discriminator 1 view .LVU154
 476 00da 9A42     		cmp	r2, r3
 477              		.loc 1 1303 58 discriminator 2 view .LVU155
 478 00dc 0292     		str	r2, [sp, #8]
 479              	.LVL30:
 480              		.loc 1 1303 21 is_stmt 1 discriminator 1 view .LVU156
 481 00de C7D9     		bls	.L12
 482              		.loc 1 1335 5 view .LVU157
 483              	.LBB411:
 484              	.LBI411:
 485              		.loc 3 491 20 view .LVU158
 486              	.LBB412:
 487              		.loc 3 493 3 view .LVU159
 488              	.LBB413:
 489              	.LBI413:
 490              		.loc 4 346 20 view .LVU160
 491              	.LBB414:
 492              		.loc 4 348 3 view .LVU161
 493              	.LBB415:
 494              	.LBI415:
 495              		.loc 5 444 20 view .LVU162
 496              		.loc 5 447 3 view .LVU163
 497              	.LVL31:
 498              	.LBB416:
 499              	.LBI416:
 500              		.loc 6 544 57 view .LVU164
 501              	.LBB417:
 502              		.loc 6 546 3 view .LVU165
 503 00e0 019B     		ldr	r3, [sp, #4]
 504              		.syntax unified
 505              	@ 546 "../RC_Controller/ChibiOS_3.0.5/os/ext/CMSIS/include/core_cmFunc.h" 1
 506 00e2 83F31188 		MSR basepri, r3
 507              	@ 0 "" 2
 508              	.LVL32:
 509              		.loc 6 546 3 is_stmt 0 view .LVU166
 510              		.thumb
ARM GAS  /tmp/cctaqgo8.s 			page 10


 511              		.syntax unified
 512              	.LBE417:
 513              	.LBE416:
 514              	.LBE415:
 515              		.loc 4 349 34 is_stmt 1 view .LVU167
 516              		.loc 4 350 3 view .LVU168
 517 00e6 FFF7FEFF 		bl	_dbg_check_lock
 518              	.LVL33:
 519              		.loc 4 350 3 is_stmt 0 view .LVU169
 520              	.LBE414:
 521              	.LBE413:
 522              	.LBE412:
 523              	.LBE411:
 524              	.LBE516:
 525              		.loc 1 1290 9 is_stmt 1 view .LVU170
 526              	.LBB517:
 527              	.LBB419:
 528              	.LBB418:
 529              		.loc 3 494 1 is_stmt 0 view .LVU171
 530 00ea 9FE7     		b	.L63
 531              	.LVL34:
 532              	.L11:
 533              		.loc 3 494 1 view .LVU172
 534              	.LBE418:
 535              	.LBE419:
 536              	.LBB420:
 537              	.LBB396:
 538              		.loc 1 427 5 is_stmt 1 view .LVU173
 539              		.loc 1 428 9 is_stmt 0 view .LVU174
 540 00ec 03F00F08 		and	r8, r3, #15
 541 00f0 09EB8808 		add	r8, r9, r8, lsl #2
 542              		.loc 1 427 9 view .LVU175
 543 00f4 C3F30A17 		ubfx	r7, r3, #4, #11
 544              	.LVL35:
 545              		.loc 1 428 5 is_stmt 1 view .LVU176
 546              		.loc 1 429 5 view .LVU177
 547              		.loc 1 429 22 is_stmt 0 view .LVU178
 548 00f8 D8F80C30 		ldr	r3, [r8, #12]
 549              	.LVL36:
 550              		.loc 1 429 22 view .LVU179
 551 00fc 9969     		ldr	r1, [r3, #24]
 552              		.loc 1 429 8 view .LVU180
 553 00fe 0B78     		ldrb	r3, [r1]	@ zero_extendqisi2
 554              		.loc 1 431 7 view .LVU181
 555 0100 CE68     		ldr	r6, [r1, #12]
 556              		.loc 1 429 8 view .LVU182
 557 0102 002B     		cmp	r3, #0
 558 0104 53D0     		beq	.L17
 559              		.loc 1 431 7 is_stmt 1 view .LVU183
 560              	.LVL37:
 561              	.LBB388:
 562              	.LBI346:
 563              		.loc 1 359 13 view .LVU184
 564              	.LBB381:
 565              		.loc 1 362 3 view .LVU185
 566              		.loc 1 364 3 view .LVU186
 567              		.loc 1 365 3 view .LVU187
ARM GAS  /tmp/cctaqgo8.s 			page 11


 568              		.loc 1 365 16 view .LVU188
 569 0106 67B3     		cbz	r7, .L26
 570              		.loc 1 364 9 is_stmt 0 view .LVU189
 571 0108 3946     		mov	r1, r7
 572              	.LVL38:
 573              		.loc 1 364 9 view .LVU190
 574 010a 00F58050 		add	r0, r0, #4096
 575              	.LVL39:
 576              	.LBB359:
 577              		.loc 1 369 8 view .LVU191
 578 010e 0329     		cmp	r1, #3
 579              	.LBB360:
 580              		.loc 1 374 22 view .LVU192
 581 0110 7369     		ldr	r3, [r6, #20]
 582              	.LBE360:
 583              	.LBE359:
 584              		.loc 1 364 9 view .LVU193
 585 0112 8446     		mov	ip, r0
 586              	.LBB364:
 587              		.loc 1 366 5 is_stmt 1 view .LVU194
 588              		.loc 1 367 5 view .LVU195
 589              	.LVL40:
 590              		.loc 1 369 5 view .LVU196
 591              		.loc 1 369 8 is_stmt 0 view .LVU197
 592 0114 1CD8     		bhi	.L103
 593              	.LVL41:
 594              	.L21:
 595              		.loc 1 383 5 is_stmt 1 view .LVU198
 596              		.loc 1 387 5 view .LVU199
 597              		.loc 1 387 7 is_stmt 0 view .LVU200
 598 0116 DCF80000 		ldr	r0, [ip]
 599              	.LVL42:
 600              		.loc 1 388 5 is_stmt 1 view .LVU201
 601              		.loc 1 389 5 view .LVU202
 602              		.loc 1 389 24 view .LVU203
 603              	.LBE364:
 604              		.loc 1 364 9 is_stmt 0 view .LVU204
 605 011a 0094     		str	r4, [sp]
 606 011c 0022     		movs	r2, #0
 607              	.L27:
 608              	.LBB365:
 609              		.loc 1 390 7 is_stmt 1 view .LVU205
 610              		.loc 1 392 9 view .LVU206
 611              		.loc 1 393 7 view .LVU207
 612              	.LVL43:
 613              		.loc 1 394 7 view .LVU208
 614              		.loc 1 389 24 view .LVU209
 615              		.loc 1 390 20 is_stmt 0 view .LVU210
 616 011e 03F1010A 		add	r10, r3, #1
 617              		.loc 1 390 37 view .LVU211
 618 0122 20FA02FE 		lsr	lr, r0, r2
 619              		.loc 1 390 20 view .LVU212
 620 0126 C6F814A0 		str	r10, [r6, #20]
 621              		.loc 1 390 25 view .LVU213
 622 012a 83F800E0 		strb	lr, [r3]
 623              		.loc 1 391 7 is_stmt 1 view .LVU214
 624              		.loc 1 391 10 is_stmt 0 view .LVU215
ARM GAS  /tmp/cctaqgo8.s 			page 12


 625 012e D6E90434 		ldrd	r3, r4, [r6, #16]
 626 0132 9C42     		cmp	r4, r3
 627              		.loc 1 392 22 view .LVU216
 628 0134 24BF     		itt	cs
 629 0136 F368     		ldrcs	r3, [r6, #12]
 630 0138 7361     		strcs	r3, [r6, #20]
 631              		.loc 1 389 24 view .LVU217
 632 013a 0139     		subs	r1, r1, #1
 633              	.LVL44:
 634              		.loc 1 389 24 view .LVU218
 635 013c 10D0     		beq	.L96
 636              		.loc 1 389 24 discriminator 1 view .LVU219
 637 013e 182A     		cmp	r2, #24
 638 0140 02D0     		beq	.L97
 639              		.loc 1 390 11 view .LVU220
 640 0142 7369     		ldr	r3, [r6, #20]
 641 0144 0832     		adds	r2, r2, #8
 642 0146 EAE7     		b	.L27
 643              	.L97:
 644              		.loc 1 369 8 view .LVU221
 645 0148 0329     		cmp	r1, #3
 646 014a 009C     		ldr	r4, [sp]
 647              		.loc 1 366 5 is_stmt 1 view .LVU222
 648              		.loc 1 367 5 view .LVU223
 649              	.LVL45:
 650              		.loc 1 369 5 view .LVU224
 651              	.LBB361:
 652              		.loc 1 374 22 is_stmt 0 view .LVU225
 653 014c 7369     		ldr	r3, [r6, #20]
 654              	.LBE361:
 655              		.loc 1 369 8 view .LVU226
 656 014e E2D9     		bls	.L21
 657              	.LVL46:
 658              	.L103:
 659              		.loc 1 369 8 view .LVU227
 660 0150 3269     		ldr	r2, [r6, #16]
 661              	.LBB362:
 662              		.loc 1 370 7 is_stmt 1 view .LVU228
 663              		.loc 1 371 7 view .LVU229
 664              	.LVL47:
 665              		.loc 1 373 7 view .LVU230
 666              		.loc 1 374 7 view .LVU231
 667              		.loc 1 375 7 view .LVU232
 668              		.loc 1 376 9 view .LVU233
 669              		.loc 1 375 10 is_stmt 0 view .LVU234
 670 0152 9A42     		cmp	r2, r3
 671 0154 DFD8     		bhi	.L21
 672              	.L104:
 673              		.loc 1 376 22 view .LVU235
 674 0156 F368     		ldr	r3, [r6, #12]
 675 0158 7361     		str	r3, [r6, #20]
 676              		.loc 1 377 9 is_stmt 1 view .LVU236
 677              	.LBE362:
 678              	.LBE365:
 679              		.loc 1 365 16 view .LVU237
 680              	.LBB366:
 681              		.loc 1 366 5 view .LVU238
ARM GAS  /tmp/cctaqgo8.s 			page 13


 682              		.loc 1 367 5 view .LVU239
 683              		.loc 1 369 5 view .LVU240
 684              	.LBB363:
 685              		.loc 1 370 7 view .LVU241
 686              		.loc 1 371 7 view .LVU242
 687              		.loc 1 373 7 view .LVU243
 688              		.loc 1 374 7 view .LVU244
 689              		.loc 1 375 7 view .LVU245
 690              		.loc 1 376 9 view .LVU246
 691              		.loc 1 375 10 is_stmt 0 view .LVU247
 692 015a 9A42     		cmp	r2, r3
 693 015c FBD9     		bls	.L104
 694 015e DAE7     		b	.L21
 695              	.LVL48:
 696              	.L96:
 697              		.loc 1 375 10 view .LVU248
 698 0160 009C     		ldr	r4, [sp]
 699              	.LVL49:
 700              	.L26:
 701              		.loc 1 375 10 view .LVU249
 702              	.LBE363:
 703              	.LBE366:
 704              		.loc 1 399 3 is_stmt 1 view .LVU250
 705              	.LBB367:
 706              	.LBI348:
 707              		.loc 3 491 20 view .LVU251
 708              		.loc 3 493 3 view .LVU252
 709              	.LBB358:
 710              	.LBI349:
 711              		.loc 4 346 20 view .LVU253
 712              	.LBB357:
 713              		.loc 4 348 3 view .LVU254
 714              	.LBB356:
 715              	.LBI351:
 716              		.loc 5 444 20 view .LVU255
 717              		.loc 5 447 3 view .LVU256
 718              	.LBB355:
 719              	.LBI352:
 720              		.loc 6 544 57 view .LVU257
 721              	.LBB354:
 722              		.loc 6 546 3 view .LVU258
 723 0162 019B     		ldr	r3, [sp, #4]
 724              		.syntax unified
 725              	@ 546 "../RC_Controller/ChibiOS_3.0.5/os/ext/CMSIS/include/core_cmFunc.h" 1
 726 0164 83F31188 		MSR basepri, r3
 727              	@ 0 "" 2
 728              	.LVL50:
 729              		.loc 6 546 3 is_stmt 0 view .LVU259
 730              		.thumb
 731              		.syntax unified
 732              	.LBE354:
 733              	.LBE355:
 734              	.LBE356:
 735              		.loc 4 349 34 is_stmt 1 view .LVU260
 736              		.loc 4 350 3 view .LVU261
 737 0168 FFF7FEFF 		bl	_dbg_check_lock
 738              	.LVL51:
ARM GAS  /tmp/cctaqgo8.s 			page 14


 739              	.LBE357:
 740              	.LBE358:
 741              	.LBE367:
 742              		.loc 1 400 3 view .LVU262
 743              		.loc 1 400 6 is_stmt 0 view .LVU263
 744 016c B368     		ldr	r3, [r6, #8]
 745              		.loc 1 400 18 view .LVU264
 746 016e 3B44     		add	r3, r3, r7
 747 0170 B360     		str	r3, [r6, #8]
 748              		.loc 1 401 3 is_stmt 1 view .LVU265
 749              	.LVL52:
 750              	.LBB368:
 751              	.LBI368:
 752              		.loc 3 808 20 view .LVU266
 753              	.LBB369:
 754              		.loc 3 810 3 view .LVU267
 755 0172 0021     		movs	r1, #0
 756 0174 3046     		mov	r0, r6
 757 0176 FFF7FEFF 		bl	chThdDequeueAllI
 758              	.LVL53:
 759              		.loc 3 810 3 is_stmt 0 view .LVU268
 760              	.LBE369:
 761              	.LBE368:
 762              		.loc 1 402 3 is_stmt 1 view .LVU269
 763              	.LBB370:
 764              	.LBI370:
 765              		.loc 3 598 20 view .LVU270
 766              	.LBB371:
 767              		.loc 3 600 3 view .LVU271
 768 017a FFF7FEFF 		bl	chSchRescheduleS
 769              	.LVL54:
 770              	.LBE371:
 771              	.LBE370:
 772              		.loc 1 403 3 view .LVU272
 773              	.LBB372:
 774              	.LBI372:
 775              		.loc 3 502 20 view .LVU273
 776              		.loc 3 504 3 view .LVU274
 777              	.LBB373:
 778              	.LBI373:
 779              		.loc 4 358 20 view .LVU275
 780              	.LBB374:
 781              		.loc 4 360 3 view .LVU276
 782 017e FFF7FEFF 		bl	_dbg_check_unlock
 783              	.LVL55:
 784              		.loc 4 361 33 view .LVU277
 785              		.loc 4 367 3 view .LVU278
 786              		.loc 4 367 3 view .LVU279
 787              		.loc 4 367 3 discriminator 1 view .LVU280
 788 0182 DBF80030 		ldr	r3, [fp]
 789 0186 5B45     		cmp	r3, fp
 790 0188 06D0     		beq	.L20
 791              		.loc 4 367 3 is_stmt 0 discriminator 3 view .LVU281
 792 018a DBF81820 		ldr	r2, [fp, #24]
 793 018e 9B68     		ldr	r3, [r3, #8]
 794 0190 9268     		ldr	r2, [r2, #8]
 795 0192 9A42     		cmp	r2, r3
ARM GAS  /tmp/cctaqgo8.s 			page 15


 796 0194 C0F01A81 		bcc	.L105
 797              	.L20:
 798              		.loc 4 367 3 is_stmt 1 discriminator 7 view .LVU282
 799              		.loc 4 371 3 view .LVU283
 800              	.LBB375:
 801              	.LBI375:
 802              		.loc 5 458 20 view .LVU284
 803              		.loc 5 461 3 view .LVU285
 804              	.LVL56:
 805              	.LBB376:
 806              	.LBI376:
 807              		.loc 6 544 57 view .LVU286
 808              	.LBB377:
 809              		.loc 6 546 3 view .LVU287
 810 0198 0023     		movs	r3, #0
 811              		.syntax unified
 812              	@ 546 "../RC_Controller/ChibiOS_3.0.5/os/ext/CMSIS/include/core_cmFunc.h" 1
 813 019a 83F31188 		MSR basepri, r3
 814              	@ 0 "" 2
 815              	.LVL57:
 816              		.loc 6 546 3 is_stmt 0 view .LVU288
 817              		.thumb
 818              		.syntax unified
 819              	.LBE377:
 820              	.LBE376:
 821              	.LBE375:
 822              	.LBE374:
 823              	.LBE373:
 824              	.LBE372:
 825              	.LBE381:
 826              	.LBE388:
 827              		.loc 1 443 18 view .LVU289
 828 019e D8F80C30 		ldr	r3, [r8, #12]
 829 01a2 9969     		ldr	r1, [r3, #24]
 830              		.loc 1 443 29 view .LVU290
 831 01a4 D1F808C0 		ldr	ip, [r1, #8]
 832              	.L28:
 833              		.loc 1 443 5 is_stmt 1 view .LVU291
 834              		.loc 1 443 37 is_stmt 0 view .LVU292
 835 01a8 6744     		add	r7, r7, ip
 836              	.LVL58:
 837              		.loc 1 443 37 view .LVU293
 838 01aa 8F60     		str	r7, [r1, #8]
 839              		.loc 1 444 5 is_stmt 1 view .LVU294
 840 01ac 60E7     		b	.L12
 841              	.LVL59:
 842              	.L17:
 843              		.loc 1 436 7 view .LVU295
 844              	.LBB389:
 845              	.LBB390:
 846              		.loc 1 336 14 is_stmt 0 view .LVU296
 847 01ae 4B68     		ldr	r3, [r1, #4]
 848              	.LBE390:
 849              	.LBE389:
 850              		.loc 1 440 55 view .LVU297
 851 01b0 D1F808C0 		ldr	ip, [r1, #8]
 852              	.LVL60:
ARM GAS  /tmp/cctaqgo8.s 			page 16


 853              	.LBB393:
 854              	.LBI389:
 855              		.loc 1 330 13 is_stmt 1 view .LVU298
 856              	.LBB392:
 857              		.loc 1 335 3 view .LVU299
 858              		.loc 1 336 14 is_stmt 0 view .LVU300
 859 01b4 DA1C     		adds	r2, r3, #3
 860              		.loc 1 335 10 view .LVU301
 861 01b6 FB1C     		adds	r3, r7, #3
 862              	.LVL61:
 863              		.loc 1 336 3 is_stmt 1 view .LVU302
 864              		.loc 1 336 14 is_stmt 0 view .LVU303
 865 01b8 A2EB0C02 		sub	r2, r2, ip
 866              		.loc 1 337 10 view .LVU304
 867 01bc 9B08     		lsrs	r3, r3, #2
 868              	.LVL62:
 869              		.loc 1 336 7 view .LVU305
 870 01be 4FEA9202 		lsr	r2, r2, #2
 871              	.LVL63:
 872              		.loc 1 337 3 is_stmt 1 view .LVU306
 873              		.loc 1 337 10 view .LVU307
 874 01c2 0BD0     		beq	.L31
 875 01c4 00F58050 		add	r0, r0, #4096
 876              	.LVL64:
 877              		.loc 1 337 10 is_stmt 0 view .LVU308
 878 01c8 B646     		mov	lr, r6
 879 01ca 8046     		mov	r8, r0
 880              	.LVL65:
 881              	.L29:
 882              	.LBB391:
 883              		.loc 1 338 5 is_stmt 1 view .LVU309
 884              		.loc 1 342 7 view .LVU310
 885              		.loc 1 338 14 is_stmt 0 view .LVU311
 886 01cc D8F80000 		ldr	r0, [r8]
 887              	.LVL66:
 888              		.loc 1 339 5 is_stmt 1 view .LVU312
 889              		.loc 1 339 8 is_stmt 0 view .LVU313
 890 01d0 12B1     		cbz	r2, .L30
 891              		.loc 1 342 37 view .LVU314
 892 01d2 4EF8040B 		str	r0, [lr], #4
 893              	.LVL67:
 894              		.loc 1 343 7 is_stmt 1 view .LVU315
 895              		.loc 1 344 7 view .LVU316
 896              		.loc 1 344 10 is_stmt 0 view .LVU317
 897 01d6 013A     		subs	r2, r2, #1
 898              	.LVL68:
 899              	.L30:
 900              		.loc 1 346 5 is_stmt 1 view .LVU318
 901              		.loc 1 346 5 is_stmt 0 view .LVU319
 902              	.LBE391:
 903              		.loc 1 337 10 is_stmt 1 view .LVU320
 904 01d8 013B     		subs	r3, r3, #1
 905              	.LVL69:
 906              		.loc 1 337 10 is_stmt 0 view .LVU321
 907 01da F7D1     		bne	.L29
 908              	.LVL70:
 909              	.L31:
ARM GAS  /tmp/cctaqgo8.s 			page 17


 910              		.loc 1 337 10 view .LVU322
 911              	.LBE392:
 912              	.LBE393:
 913              		.loc 1 441 7 is_stmt 1 view .LVU323
 914              		.loc 1 441 51 is_stmt 0 view .LVU324
 915 01dc 3E44     		add	r6, r6, r7
 916 01de CE60     		str	r6, [r1, #12]
 917 01e0 E2E7     		b	.L28
 918              	.L112:
 919 01e2 00BF     		.align	2
 920              	.L111:
 921 01e4 00000000 		.word	.LC0
 922 01e8 00000000 		.word	ch
 923              	.LVL71:
 924              	.L95:
 925              		.loc 1 441 51 view .LVU325
 926              	.LBE396:
 927              	.LBE420:
 928              	.LBB421:
 929              		.loc 1 1312 9 is_stmt 1 view .LVU326
 930              		.loc 1 1314 9 view .LVU327
 931              	.LBB422:
 932              	.LBI422:
 933              		.loc 3 491 20 view .LVU328
 934              		.loc 3 493 3 view .LVU329
 935              	.LBB423:
 936              	.LBI423:
 937              		.loc 4 346 20 view .LVU330
 938              	.LBB424:
 939              		.loc 4 348 3 view .LVU331
 940              	.LBB425:
 941              	.LBI425:
 942              		.loc 5 444 20 view .LVU332
 943              		.loc 5 447 3 view .LVU333
 944              	.LBB426:
 945              	.LBI426:
 946              		.loc 6 544 57 view .LVU334
 947              	.LBB427:
 948              		.loc 6 546 3 view .LVU335
 949 01ec 019B     		ldr	r3, [sp, #4]
 950              		.syntax unified
 951              	@ 546 "../RC_Controller/ChibiOS_3.0.5/os/ext/CMSIS/include/core_cmFunc.h" 1
 952 01ee 83F31188 		MSR basepri, r3
 953              	@ 0 "" 2
 954              	.LVL72:
 955              		.loc 6 546 3 is_stmt 0 view .LVU336
 956              		.thumb
 957              		.syntax unified
 958              	.LBE427:
 959              	.LBE426:
 960              	.LBE425:
 961              		.loc 4 349 34 is_stmt 1 view .LVU337
 962              		.loc 4 350 3 view .LVU338
 963 01f2 FFF7FEFF 		bl	_dbg_check_lock
 964              	.LVL73:
 965              	.LBE424:
 966              	.LBE423:
ARM GAS  /tmp/cctaqgo8.s 			page 18


 967              	.LBE422:
 968              		.loc 1 1322 9 view .LVU339
 969              		.loc 1 1322 13 is_stmt 0 view .LVU340
 970 01f6 A268     		ldr	r2, [r4, #8]
 971              		.loc 1 1323 25 view .LVU341
 972 01f8 D9F85C30 		ldr	r3, [r9, #92]
 973              		.loc 1 1322 23 view .LVU342
 974 01fc 22F00102 		bic	r2, r2, #1
 975              		.loc 1 1323 25 view .LVU343
 976 0200 23EA0603 		bic	r3, r3, r6
 977              		.loc 1 1322 23 view .LVU344
 978 0204 A260     		str	r2, [r4, #8]
 979              		.loc 1 1323 9 is_stmt 1 view .LVU345
 980              		.loc 1 1323 25 is_stmt 0 view .LVU346
 981 0206 C9F85C30 		str	r3, [r9, #92]
 982              		.loc 1 1324 9 is_stmt 1 view .LVU347
 983              	.LBB428:
 984              	.LBI428:
 985              		.loc 3 502 20 view .LVU348
 986              		.loc 3 504 3 view .LVU349
 987              	.LBB429:
 988              	.LBI429:
 989              		.loc 4 358 20 view .LVU350
 990              	.LBB430:
 991              		.loc 4 360 3 view .LVU351
 992 020a FFF7FEFF 		bl	_dbg_check_unlock
 993              	.LVL74:
 994              		.loc 4 361 33 view .LVU352
 995              		.loc 4 367 3 view .LVU353
 996              		.loc 4 367 3 view .LVU354
 997              		.loc 4 367 3 discriminator 1 view .LVU355
 998 020e DBF80030 		ldr	r3, [fp]
 999 0212 5B45     		cmp	r3, fp
 1000 0214 06D0     		beq	.L34
 1001              		.loc 4 367 3 is_stmt 0 discriminator 3 view .LVU356
 1002 0216 DBF81820 		ldr	r2, [fp, #24]
 1003 021a 9B68     		ldr	r3, [r3, #8]
 1004 021c 9268     		ldr	r2, [r2, #8]
 1005 021e 9A42     		cmp	r2, r3
 1006 0220 C0F0E780 		bcc	.L106
 1007              	.L34:
 1008              		.loc 4 367 3 is_stmt 1 discriminator 7 view .LVU357
 1009              		.loc 4 371 3 view .LVU358
 1010              	.LBB431:
 1011              	.LBI431:
 1012              		.loc 5 458 20 view .LVU359
 1013              		.loc 5 461 3 view .LVU360
 1014              	.LVL75:
 1015              	.LBB432:
 1016              	.LBI432:
 1017              		.loc 6 544 57 view .LVU361
 1018              	.LBB433:
 1019              		.loc 6 546 3 view .LVU362
 1020 0224 0023     		movs	r3, #0
 1021              		.syntax unified
 1022              	@ 546 "../RC_Controller/ChibiOS_3.0.5/os/ext/CMSIS/include/core_cmFunc.h" 1
 1023 0226 83F31188 		MSR basepri, r3
ARM GAS  /tmp/cctaqgo8.s 			page 19


 1024              	@ 0 "" 2
 1025              	.LVL76:
 1026              		.loc 6 546 3 is_stmt 0 view .LVU363
 1027              		.thumb
 1028              		.syntax unified
 1029              	.LBE433:
 1030              	.LBE432:
 1031              	.LBE431:
 1032              	.LBE430:
 1033              	.LBE429:
 1034              	.LBE428:
 1035              		.loc 1 1326 9 is_stmt 1 view .LVU364
 1036              	.LBB436:
 1037              	.LBI436:
 1038              		.loc 1 460 13 view .LVU365
 1039              		.loc 1 463 3 view .LVU366
 1040              	.LBB437:
 1041              		.loc 1 464 5 view .LVU367
 1042              		.loc 1 467 5 view .LVU368
 1043 022a 029F     		ldr	r7, [sp, #8]
 1044 022c 09EB870A 		add	r10, r9, r7, lsl #2
 1045              		.loc 1 467 18 is_stmt 0 view .LVU369
 1046 0230 DAF80C00 		ldr	r0, [r10, #12]
 1047              		.loc 1 467 22 view .LVU370
 1048 0234 4269     		ldr	r2, [r0, #20]
 1049              		.loc 1 467 66 view .LVU371
 1050 0236 D2E9011C 		ldrd	r1, ip, [r2, #4]
 1051              		.loc 1 467 8 view .LVU372
 1052 023a 8C45     		cmp	ip, r1
 1053 023c 80F0DD80 		bcs	.L35
 1054 0240 3B46     		mov	r3, r7
 1055 0242 0137     		adds	r7, r7, #1
 1056 0244 CDE90246 		strd	r4, r6, [sp, #8]
 1057              	.LVL77:
 1058              		.loc 1 467 8 view .LVU373
 1059 0248 CDE90475 		strd	r7, r5, [sp, #16]
 1060 024c 5B01     		lsls	r3, r3, #5
 1061 024e 0093     		str	r3, [sp]
 1062 0250 4FEA0738 		lsl	r8, r7, #12
 1063 0254 6346     		mov	r3, ip
 1064              	.LVL78:
 1065              	.L58:
 1066              		.loc 1 471 5 is_stmt 1 view .LVU374
 1067              		.loc 1 472 5 view .LVU375
 1068              		.loc 1 472 26 is_stmt 0 view .LVU376
 1069 0256 058A     		ldrh	r5, [r0, #16]
 1070              		.loc 1 471 7 view .LVU377
 1071 0258 CB1A     		subs	r3, r1, r3
 1072              	.LVL79:
 1073              		.loc 1 472 8 view .LVU378
 1074 025a 9D42     		cmp	r5, r3
 1075 025c 28BF     		it	cs
 1076 025e 1D46     		movcs	r5, r3
 1077              	.LVL80:
 1078              		.loc 1 477 5 is_stmt 1 view .LVU379
 1079              		.loc 1 477 15 is_stmt 0 view .LVU380
 1080 0260 D9F85010 		ldr	r1, [r9, #80]
ARM GAS  /tmp/cctaqgo8.s 			page 20


 1081              		.loc 1 477 28 view .LVU381
 1082 0264 009B     		ldr	r3, [sp]
 1083 0266 CB18     		adds	r3, r1, r3
 1084 0268 D3F81839 		ldr	r3, [r3, #2328]
 1085              		.loc 1 477 37 view .LVU382
 1086 026c 9BB2     		uxth	r3, r3
 1087              		.loc 1 477 8 view .LVU383
 1088 026e B5EB830F 		cmp	r5, r3, lsl #2
 1089 0272 00F2AF80 		bhi	.L67
 1090              		.loc 1 484 5 is_stmt 1 view .LVU384
 1091              		.loc 1 484 8 is_stmt 0 view .LVU385
 1092 0276 1378     		ldrb	r3, [r2]	@ zero_extendqisi2
 1093              		.loc 1 486 7 view .LVU386
 1094 0278 D468     		ldr	r4, [r2, #12]
 1095              		.loc 1 486 48 view .LVU387
 1096 027a 01EB0806 		add	r6, r1, r8
 1097              		.loc 1 484 8 view .LVU388
 1098 027e 002B     		cmp	r3, #0
 1099 0280 00F08B80 		beq	.L37
 1100              		.loc 1 486 7 is_stmt 1 view .LVU389
 1101              	.LVL81:
 1102              	.LBB438:
 1103              	.LBI438:
 1104              		.loc 1 247 13 view .LVU390
 1105              	.LBB439:
 1106              		.loc 1 250 3 view .LVU391
 1107              		.loc 1 252 3 view .LVU392
 1108              		.loc 1 253 3 view .LVU393
 1109              		.loc 1 253 16 view .LVU394
 1110 0284 0DB3     		cbz	r5, .L39
 1111              	.LBB440:
 1112              		.loc 1 279 30 is_stmt 0 view .LVU395
 1113 0286 D4F810C0 		ldr	ip, [r4, #16]
 1114              	.LBE440:
 1115              		.loc 1 252 9 view .LVU396
 1116 028a 2A46     		mov	r2, r5
 1117              	.LVL82:
 1118              	.L52:
 1119              	.LBB454:
 1120              		.loc 1 254 5 is_stmt 1 view .LVU397
 1121              		.loc 1 255 5 view .LVU398
 1122              		.loc 1 257 5 view .LVU399
 1123              		.loc 1 257 8 is_stmt 0 view .LVU400
 1124 028c 032A     		cmp	r2, #3
 1125              	.LBB441:
 1126              		.loc 1 259 42 view .LVU401
 1127 028e A369     		ldr	r3, [r4, #24]
 1128              	.LBE441:
 1129              		.loc 1 257 8 view .LVU402
 1130 0290 6BD9     		bls	.L48
 1131              	.LBB450:
 1132              		.loc 1 258 7 is_stmt 1 view .LVU403
 1133              		.loc 1 259 7 view .LVU404
 1134              	.LVL83:
 1135              		.loc 1 261 7 view .LVU405
 1136              		.loc 1 259 53 is_stmt 0 view .LVU406
 1137 0292 BCEB0300 		subs	r0, ip, r3
ARM GAS  /tmp/cctaqgo8.s 			page 21


 1138 0296 48BF     		it	mi
 1139 0298 0330     		addmi	r0, r0, #3
 1140 029a 8010     		asrs	r0, r0, #2
 1141              	.LBE450:
 1142              		.loc 1 255 12 view .LVU407
 1143 029c 9708     		lsrs	r7, r2, #2
 1144              	.LVL84:
 1145              	.LBB451:
 1146              		.loc 1 261 24 view .LVU408
 1147 029e B842     		cmp	r0, r7
 1148 02a0 28BF     		it	cs
 1149 02a2 3846     		movcs	r0, r7
 1150              	.LVL85:
 1151              		.loc 1 261 13 view .LVU409
 1152 02a4 A2EB8002 		sub	r2, r2, r0, lsl #2
 1153              	.LVL86:
 1154              		.loc 1 262 7 is_stmt 1 view .LVU410
 1155              	.LBB442:
 1156              	.LBI442:
 1157              		.loc 1 210 17 view .LVU411
 1158              	.LBB443:
 1159              		.loc 1 212 3 view .LVU412
 1160              		.loc 1 212 12 view .LVU413
 1161              	.LBE443:
 1162              	.LBE442:
 1163              		.loc 1 261 54 is_stmt 0 view .LVU414
 1164 02a8 8700     		lsls	r7, r0, #2
 1165              	.LVL87:
 1166              	.LBB447:
 1167              	.LBB444:
 1168              		.loc 1 212 12 view .LVU415
 1169 02aa 0028     		cmp	r0, #0
 1170 02ac 00F08880 		beq	.L68
 1171 02b0 1F44     		add	r7, r7, r3
 1172              	.LVL88:
 1173              	.L44:
 1174              		.loc 1 215 5 is_stmt 1 view .LVU416
 1175              		.loc 1 215 14 is_stmt 0 view .LVU417
 1176 02b2 53F8040B 		ldr	r0, [r3], #4
 1177              	.LVL89:
 1178              		.loc 1 215 12 view .LVU418
 1179 02b6 3060     		str	r0, [r6]
 1180              		.loc 1 216 5 is_stmt 1 view .LVU419
 1181              	.LVL90:
 1182              		.loc 1 217 5 view .LVU420
 1183              		.loc 1 212 12 view .LVU421
 1184 02b8 9F42     		cmp	r7, r3
 1185 02ba FAD1     		bne	.L44
 1186              	.LVL91:
 1187              	.L43:
 1188              		.loc 1 219 3 view .LVU422
 1189              		.loc 1 219 3 is_stmt 0 view .LVU423
 1190              	.LBE444:
 1191              	.LBE447:
 1192              		.loc 1 263 10 view .LVU424
 1193 02bc 6745     		cmp	r7, ip
 1194              		.loc 1 262 20 discriminator 1 view .LVU425
ARM GAS  /tmp/cctaqgo8.s 			page 22


 1195 02be A761     		str	r7, [r4, #24]
 1196              	.LVL92:
 1197              		.loc 1 263 7 is_stmt 1 view .LVU426
 1198              		.loc 1 263 10 is_stmt 0 view .LVU427
 1199 02c0 50D3     		bcc	.L45
 1200              		.loc 1 264 9 is_stmt 1 view .LVU428
 1201              		.loc 1 264 22 is_stmt 0 view .LVU429
 1202 02c2 E368     		ldr	r3, [r4, #12]
 1203 02c4 A361     		str	r3, [r4, #24]
 1204              		.loc 1 265 9 is_stmt 1 view .LVU430
 1205              		.loc 1 265 9 is_stmt 0 view .LVU431
 1206              	.LBE451:
 1207              	.LBE454:
 1208              		.loc 1 253 16 is_stmt 1 view .LVU432
 1209 02c6 002A     		cmp	r2, #0
 1210 02c8 E0D1     		bne	.L52
 1211              	.LVL93:
 1212              	.L39:
 1213              		.loc 1 288 3 view .LVU433
 1214              	.LBB455:
 1215              	.LBI455:
 1216              		.loc 3 491 20 view .LVU434
 1217              		.loc 3 493 3 view .LVU435
 1218              	.LBB456:
 1219              	.LBI456:
 1220              		.loc 4 346 20 view .LVU436
 1221              	.LBB457:
 1222              		.loc 4 348 3 view .LVU437
 1223              	.LBB458:
 1224              	.LBI458:
 1225              		.loc 5 444 20 view .LVU438
 1226              		.loc 5 447 3 view .LVU439
 1227              	.LBB459:
 1228              	.LBI459:
 1229              		.loc 6 544 57 view .LVU440
 1230              	.LBB460:
 1231              		.loc 6 546 3 view .LVU441
 1232 02ca 019B     		ldr	r3, [sp, #4]
 1233              		.syntax unified
 1234              	@ 546 "../RC_Controller/ChibiOS_3.0.5/os/ext/CMSIS/include/core_cmFunc.h" 1
 1235 02cc 83F31188 		MSR basepri, r3
 1236              	@ 0 "" 2
 1237              	.LVL94:
 1238              		.loc 6 546 3 is_stmt 0 view .LVU442
 1239              		.thumb
 1240              		.syntax unified
 1241              	.LBE460:
 1242              	.LBE459:
 1243              	.LBE458:
 1244              		.loc 4 349 34 is_stmt 1 view .LVU443
 1245              		.loc 4 350 3 view .LVU444
 1246 02d0 FFF7FEFF 		bl	_dbg_check_lock
 1247              	.LVL95:
 1248              		.loc 4 350 3 is_stmt 0 view .LVU445
 1249              	.LBE457:
 1250              	.LBE456:
 1251              	.LBE455:
ARM GAS  /tmp/cctaqgo8.s 			page 23


 1252              		.loc 1 289 3 is_stmt 1 view .LVU446
 1253              		.loc 1 289 6 is_stmt 0 view .LVU447
 1254 02d4 A368     		ldr	r3, [r4, #8]
 1255              		.loc 1 289 18 view .LVU448
 1256 02d6 2B44     		add	r3, r3, r5
 1257 02d8 A360     		str	r3, [r4, #8]
 1258              		.loc 1 290 3 is_stmt 1 view .LVU449
 1259              	.LVL96:
 1260              	.LBB461:
 1261              	.LBI461:
 1262              		.loc 3 808 20 view .LVU450
 1263              	.LBB462:
 1264              		.loc 3 810 3 view .LVU451
 1265 02da 0021     		movs	r1, #0
 1266 02dc 2046     		mov	r0, r4
 1267 02de FFF7FEFF 		bl	chThdDequeueAllI
 1268              	.LVL97:
 1269              		.loc 3 810 3 is_stmt 0 view .LVU452
 1270              	.LBE462:
 1271              	.LBE461:
 1272              		.loc 1 291 3 is_stmt 1 view .LVU453
 1273              	.LBB463:
 1274              	.LBI463:
 1275              		.loc 3 598 20 view .LVU454
 1276              	.LBB464:
 1277              		.loc 3 600 3 view .LVU455
 1278 02e2 FFF7FEFF 		bl	chSchRescheduleS
 1279              	.LVL98:
 1280              	.LBE464:
 1281              	.LBE463:
 1282              		.loc 1 292 3 view .LVU456
 1283              	.LBB465:
 1284              	.LBI465:
 1285              		.loc 3 502 20 view .LVU457
 1286              		.loc 3 504 3 view .LVU458
 1287              	.LBB466:
 1288              	.LBI466:
 1289              		.loc 4 358 20 view .LVU459
 1290              	.LBB467:
 1291              		.loc 4 360 3 view .LVU460
 1292 02e6 FFF7FEFF 		bl	_dbg_check_unlock
 1293              	.LVL99:
 1294              		.loc 4 361 33 view .LVU461
 1295              		.loc 4 367 3 view .LVU462
 1296              		.loc 4 367 3 view .LVU463
 1297              		.loc 4 367 3 discriminator 1 view .LVU464
 1298 02ea DBF80030 		ldr	r3, [fp]
 1299 02ee 5B45     		cmp	r3, fp
 1300 02f0 05D0     		beq	.L53
 1301              		.loc 4 367 3 is_stmt 0 discriminator 3 view .LVU465
 1302 02f2 DBF81820 		ldr	r2, [fp, #24]
 1303 02f6 9B68     		ldr	r3, [r3, #8]
 1304 02f8 9268     		ldr	r2, [r2, #8]
 1305 02fa 9A42     		cmp	r2, r3
 1306 02fc 62D3     		bcc	.L107
 1307              	.L53:
 1308              		.loc 4 367 3 is_stmt 1 discriminator 7 view .LVU466
ARM GAS  /tmp/cctaqgo8.s 			page 24


 1309              		.loc 4 371 3 view .LVU467
 1310              	.LBB468:
 1311              	.LBI468:
 1312              		.loc 5 458 20 view .LVU468
 1313              		.loc 5 461 3 view .LVU469
 1314              	.LVL100:
 1315              	.LBB469:
 1316              	.LBI469:
 1317              		.loc 6 544 57 view .LVU470
 1318              	.LBB470:
 1319              		.loc 6 546 3 view .LVU471
 1320 02fe 0023     		movs	r3, #0
 1321              		.syntax unified
 1322              	@ 546 "../RC_Controller/ChibiOS_3.0.5/os/ext/CMSIS/include/core_cmFunc.h" 1
 1323 0300 83F31188 		MSR basepri, r3
 1324              	@ 0 "" 2
 1325              	.LVL101:
 1326              		.loc 6 546 3 is_stmt 0 view .LVU472
 1327              		.thumb
 1328              		.syntax unified
 1329 0304 DAF80C00 		ldr	r0, [r10, #12]
 1330              	.L54:
 1331              		.loc 6 546 3 view .LVU473
 1332              	.LBE470:
 1333              	.LBE469:
 1334              	.LBE468:
 1335              	.LBE467:
 1336              	.LBE466:
 1337              	.LBE465:
 1338              	.LBE439:
 1339              	.LBE438:
 1340              		.loc 1 500 5 is_stmt 1 view .LVU474
 1341              		.loc 1 500 18 is_stmt 0 view .LVU475
 1342 0308 4269     		ldr	r2, [r0, #20]
 1343              		.loc 1 500 36 view .LVU476
 1344 030a 9368     		ldr	r3, [r2, #8]
 1345              		.loc 1 467 66 view .LVU477
 1346 030c 5168     		ldr	r1, [r2, #4]
 1347              		.loc 1 500 36 view .LVU478
 1348 030e 2B44     		add	r3, r3, r5
 1349              		.loc 1 467 8 view .LVU479
 1350 0310 9942     		cmp	r1, r3
 1351              		.loc 1 500 36 view .LVU480
 1352 0312 9360     		str	r3, [r2, #8]
 1353              	.LBE437:
 1354              		.loc 1 463 9 is_stmt 1 view .LVU481
 1355              		.loc 1 463 3 view .LVU482
 1356              	.LBB485:
 1357              		.loc 1 464 5 view .LVU483
 1358              		.loc 1 467 5 view .LVU484
 1359              		.loc 1 467 8 is_stmt 0 view .LVU485
 1360 0314 9FD8     		bhi	.L58
 1361 0316 DDE90246 		ldrd	r4, r6, [sp, #8]
 1362 031a DDE90475 		ldrd	r7, r5, [sp, #16]
 1363              	.LVL102:
 1364              		.loc 1 468 14 view .LVU486
 1365 031e 4FF00108 		mov	r8, #1
ARM GAS  /tmp/cctaqgo8.s 			page 25


 1366              	.L36:
 1367              	.LVL103:
 1368              		.loc 1 468 14 view .LVU487
 1369              	.LBE485:
 1370              	.LBE436:
 1371              		.loc 1 1328 9 is_stmt 1 view .LVU488
 1372              	.LBB488:
 1373              	.LBI488:
 1374              		.loc 3 491 20 view .LVU489
 1375              		.loc 3 493 3 view .LVU490
 1376              	.LBB489:
 1377              	.LBI489:
 1378              		.loc 4 346 20 view .LVU491
 1379              	.LBB490:
 1380              		.loc 4 348 3 view .LVU492
 1381              	.LBB491:
 1382              	.LBI491:
 1383              		.loc 5 444 20 view .LVU493
 1384              		.loc 5 447 3 view .LVU494
 1385              	.LBB492:
 1386              	.LBI492:
 1387              		.loc 6 544 57 view .LVU495
 1388              	.LBB493:
 1389              		.loc 6 546 3 view .LVU496
 1390 0322 019B     		ldr	r3, [sp, #4]
 1391              		.syntax unified
 1392              	@ 546 "../RC_Controller/ChibiOS_3.0.5/os/ext/CMSIS/include/core_cmFunc.h" 1
 1393 0324 83F31188 		MSR basepri, r3
 1394              	@ 0 "" 2
 1395              	.LVL104:
 1396              		.loc 6 546 3 is_stmt 0 view .LVU497
 1397              		.thumb
 1398              		.syntax unified
 1399              	.LBE493:
 1400              	.LBE492:
 1401              	.LBE491:
 1402              		.loc 4 349 34 is_stmt 1 view .LVU498
 1403              		.loc 4 350 3 view .LVU499
 1404 0328 FFF7FEFF 		bl	_dbg_check_lock
 1405              	.LVL105:
 1406              	.LBE490:
 1407              	.LBE489:
 1408              	.LBE488:
 1409              		.loc 1 1329 9 view .LVU500
 1410              		.loc 1 1329 13 is_stmt 0 view .LVU501
 1411 032c A368     		ldr	r3, [r4, #8]
 1412              		.loc 1 1329 23 view .LVU502
 1413 032e 43F00103 		orr	r3, r3, #1
 1414 0332 A360     		str	r3, [r4, #8]
 1415              		.loc 1 1330 9 is_stmt 1 view .LVU503
 1416              		.loc 1 1330 12 is_stmt 0 view .LVU504
 1417 0334 B8F1000F 		cmp	r8, #0
 1418 0338 04D1     		bne	.L59
 1419              		.loc 1 1331 11 is_stmt 1 view .LVU505
 1420              		.loc 1 1331 15 is_stmt 0 view .LVU506
 1421 033a D4F83438 		ldr	r3, [r4, #2100]
 1422              		.loc 1 1331 28 view .LVU507
ARM GAS  /tmp/cctaqgo8.s 			page 26


 1423 033e 3343     		orrs	r3, r3, r6
 1424 0340 C4F83438 		str	r3, [r4, #2100]
 1425              	.LVL106:
 1426              	.L59:
 1427              		.loc 1 1332 9 is_stmt 1 view .LVU508
 1428              	.LBB499:
 1429              	.LBI499:
 1430              		.loc 3 502 20 view .LVU509
 1431              		.loc 3 504 3 view .LVU510
 1432              	.LBB500:
 1433              	.LBI500:
 1434              		.loc 4 358 20 view .LVU511
 1435              	.LBB501:
 1436              		.loc 4 360 3 view .LVU512
 1437 0344 FFF7FEFF 		bl	_dbg_check_unlock
 1438              	.LVL107:
 1439              		.loc 4 361 33 view .LVU513
 1440              		.loc 4 367 3 view .LVU514
 1441              		.loc 4 367 3 view .LVU515
 1442              		.loc 4 367 3 discriminator 1 view .LVU516
 1443 0348 DBF80030 		ldr	r3, [fp]
 1444 034c 5B45     		cmp	r3, fp
 1445 034e 05D0     		beq	.L60
 1446              		.loc 4 367 3 is_stmt 0 discriminator 3 view .LVU517
 1447 0350 DBF81820 		ldr	r2, [fp, #24]
 1448 0354 9B68     		ldr	r3, [r3, #8]
 1449 0356 9268     		ldr	r2, [r2, #8]
 1450 0358 9A42     		cmp	r2, r3
 1451 035a 46D3     		bcc	.L108
 1452              	.L60:
 1453              		.loc 4 367 3 is_stmt 1 discriminator 7 view .LVU518
 1454              		.loc 4 371 3 view .LVU519
 1455              	.LBB502:
 1456              	.LBI502:
 1457              		.loc 5 458 20 view .LVU520
 1458              		.loc 5 461 3 view .LVU521
 1459              	.LVL108:
 1460              	.LBB503:
 1461              	.LBI503:
 1462              		.loc 6 544 57 view .LVU522
 1463              	.LBB504:
 1464              		.loc 6 546 3 view .LVU523
 1465 035c 0023     		movs	r3, #0
 1466              		.syntax unified
 1467              	@ 546 "../RC_Controller/ChibiOS_3.0.5/os/ext/CMSIS/include/core_cmFunc.h" 1
 1468 035e 83F31188 		MSR basepri, r3
 1469              	@ 0 "" 2
 1470              	.LVL109:
 1471              		.loc 6 546 3 is_stmt 0 view .LVU524
 1472              		.thumb
 1473              		.syntax unified
 1474              	.LBE504:
 1475              	.LBE503:
 1476              	.LBE502:
 1477              		.loc 4 372 1 view .LVU525
 1478 0362 B6E6     		b	.L33
 1479              	.LVL110:
ARM GAS  /tmp/cctaqgo8.s 			page 27


 1480              	.L45:
 1481              		.loc 4 372 1 view .LVU526
 1482              	.LBE501:
 1483              	.LBE500:
 1484              	.LBE499:
 1485              	.LBB507:
 1486              	.LBB486:
 1487              	.LBB479:
 1488              	.LBB477:
 1489              	.LBB473:
 1490              		.loc 1 271 5 is_stmt 1 view .LVU527
 1491              		.loc 1 271 8 is_stmt 0 view .LVU528
 1492 0364 002A     		cmp	r2, #0
 1493 0366 B0D0     		beq	.L39
 1494 0368 3B46     		mov	r3, r7
 1495              	.LVL111:
 1496              	.L48:
 1497              	.LBB452:
 1498              	.LBB448:
 1499              	.LBB445:
 1500              		.loc 1 212 12 view .LVU529
 1501 036a 0020     		movs	r0, #0
 1502 036c 0746     		mov	r7, r0
 1503              	.L41:
 1504              	.LVL112:
 1505              		.loc 1 212 12 view .LVU530
 1506              	.LBE445:
 1507              	.LBE448:
 1508              	.LBE452:
 1509              		.loc 1 278 7 is_stmt 1 view .LVU531
 1510              		.loc 1 280 9 view .LVU532
 1511              		.loc 1 281 7 view .LVU533
 1512              		.loc 1 282 7 view .LVU534
 1513              		.loc 1 278 35 is_stmt 0 view .LVU535
 1514 036e 03F1010E 		add	lr, r3, #1
 1515 0372 C4F818E0 		str	lr, [r4, #24]
 1516              		.loc 1 278 12 view .LVU536
 1517 0376 1B78     		ldrb	r3, [r3]	@ zero_extendqisi2
 1518              		.loc 1 279 10 view .LVU537
 1519 0378 E645     		cmp	lr, ip
 1520              		.loc 1 278 38 view .LVU538
 1521 037a 03FA00F3 		lsl	r3, r3, r0
 1522              		.loc 1 278 9 view .LVU539
 1523 037e 47EA0307 		orr	r7, r7, r3
 1524              	.LVL113:
 1525              		.loc 1 279 7 is_stmt 1 view .LVU540
 1526              		.loc 1 277 24 view .LVU541
 1527              		.loc 1 280 22 is_stmt 0 view .LVU542
 1528 0382 24BF     		itt	cs
 1529 0384 E368     		ldrcs	r3, [r4, #12]
 1530 0386 A361     		strcs	r3, [r4, #24]
 1531              		.loc 1 277 24 view .LVU543
 1532 0388 013A     		subs	r2, r2, #1
 1533              	.LVL114:
 1534              		.loc 1 277 24 view .LVU544
 1535 038a 16D0     		beq	.L109
 1536              		.loc 1 277 24 discriminator 1 view .LVU545
ARM GAS  /tmp/cctaqgo8.s 			page 28


 1537 038c 1828     		cmp	r0, #24
 1538 038e 02D0     		beq	.L110
 1539              		.loc 1 278 26 view .LVU546
 1540 0390 A369     		ldr	r3, [r4, #24]
 1541 0392 0830     		adds	r0, r0, #8
 1542 0394 EBE7     		b	.L41
 1543              	.L110:
 1544              		.loc 1 284 5 is_stmt 1 view .LVU547
 1545              		.loc 1 284 12 is_stmt 0 view .LVU548
 1546 0396 3760     		str	r7, [r6]
 1547              		.loc 1 284 12 view .LVU549
 1548              	.LBE473:
 1549              		.loc 1 253 16 is_stmt 1 view .LVU550
 1550              		.loc 1 253 16 is_stmt 0 view .LVU551
 1551 0398 78E7     		b	.L52
 1552              	.LVL115:
 1553              	.L37:
 1554              		.loc 1 253 16 view .LVU552
 1555              	.LBE477:
 1556              	.LBE479:
 1557              		.loc 1 492 7 is_stmt 1 view .LVU553
 1558              	.LBB480:
 1559              	.LBI480:
 1560              		.loc 1 231 13 view .LVU554
 1561              	.LBB481:
 1562              		.loc 1 235 3 view .LVU555
 1563              		.loc 1 235 41 is_stmt 0 view .LVU556
 1564 039a EB1C     		adds	r3, r5, #3
 1565              	.LVL116:
 1566              	.LBB482:
 1567              	.LBI482:
 1568              		.loc 1 210 17 is_stmt 1 view .LVU557
 1569              	.LBB483:
 1570              		.loc 1 212 3 view .LVU558
 1571              		.loc 1 212 12 view .LVU559
 1572 039c 9B08     		lsrs	r3, r3, #2
 1573              	.LVL117:
 1574              		.loc 1 212 12 is_stmt 0 view .LVU560
 1575 039e 09D0     		beq	.L57
 1576 03a0 04EB8300 		add	r0, r4, r3, lsl #2
 1577 03a4 2346     		mov	r3, r4
 1578              	.LVL118:
 1579              	.L56:
 1580              		.loc 1 215 5 is_stmt 1 view .LVU561
 1581              		.loc 1 215 14 is_stmt 0 view .LVU562
 1582 03a6 53F8041B 		ldr	r1, [r3], #4
 1583              	.LVL119:
 1584              		.loc 1 215 12 view .LVU563
 1585 03aa 3160     		str	r1, [r6]
 1586              		.loc 1 216 5 is_stmt 1 view .LVU564
 1587              	.LVL120:
 1588              		.loc 1 217 5 view .LVU565
 1589              		.loc 1 212 12 view .LVU566
 1590 03ac 8342     		cmp	r3, r0
 1591 03ae FAD1     		bne	.L56
 1592 03b0 DAF80C00 		ldr	r0, [r10, #12]
 1593              	.LVL121:
ARM GAS  /tmp/cctaqgo8.s 			page 29


 1594              	.L57:
 1595              		.loc 1 219 3 view .LVU567
 1596              		.loc 1 219 3 is_stmt 0 view .LVU568
 1597              	.LBE483:
 1598              	.LBE482:
 1599              	.LBE481:
 1600              	.LBE480:
 1601              		.loc 1 495 7 is_stmt 1 view .LVU569
 1602              		.loc 1 495 50 is_stmt 0 view .LVU570
 1603 03b4 2C44     		add	r4, r4, r5
 1604 03b6 D460     		str	r4, [r2, #12]
 1605 03b8 A6E7     		b	.L54
 1606              	.LVL122:
 1607              	.L109:
 1608              	.LBB484:
 1609              	.LBB478:
 1610              	.LBB474:
 1611              		.loc 1 284 5 is_stmt 1 view .LVU571
 1612              		.loc 1 284 12 is_stmt 0 view .LVU572
 1613 03ba 41F80870 		str	r7, [r1, r8]
 1614              	.LVL123:
 1615              		.loc 1 284 12 view .LVU573
 1616              	.LBE474:
 1617              		.loc 1 253 16 is_stmt 1 view .LVU574
 1618 03be 84E7     		b	.L39
 1619              	.LVL124:
 1620              	.L68:
 1621              	.LBB475:
 1622              	.LBB453:
 1623              	.LBB449:
 1624              	.LBB446:
 1625              		.loc 1 212 12 is_stmt 0 view .LVU575
 1626 03c0 1F46     		mov	r7, r3
 1627 03c2 7BE7     		b	.L43
 1628              	.LVL125:
 1629              	.L107:
 1630              		.loc 1 212 12 view .LVU576
 1631              	.LBE446:
 1632              	.LBE449:
 1633              	.LBE453:
 1634              	.LBE475:
 1635              	.LBB476:
 1636              	.LBB472:
 1637              	.LBB471:
 1638              		.loc 4 367 3 is_stmt 1 discriminator 5 view .LVU577
 1639 03c4 1348     		ldr	r0, .L113
 1640 03c6 FFF7FEFF 		bl	chSysHalt
 1641              	.LVL126:
 1642 03ca 98E7     		b	.L53
 1643              	.LVL127:
 1644              	.L105:
 1645              		.loc 4 367 3 is_stmt 0 discriminator 5 view .LVU578
 1646              	.LBE471:
 1647              	.LBE472:
 1648              	.LBE476:
 1649              	.LBE478:
 1650              	.LBE484:
ARM GAS  /tmp/cctaqgo8.s 			page 30


 1651              	.LBE486:
 1652              	.LBE507:
 1653              	.LBE421:
 1654              	.LBB512:
 1655              	.LBB397:
 1656              	.LBB394:
 1657              	.LBB382:
 1658              	.LBB380:
 1659              	.LBB379:
 1660              	.LBB378:
 1661              		.loc 4 367 3 is_stmt 1 discriminator 5 view .LVU579
 1662 03cc 1148     		ldr	r0, .L113
 1663 03ce FFF7FEFF 		bl	chSysHalt
 1664              	.LVL128:
 1665 03d2 E1E6     		b	.L20
 1666              	.LVL129:
 1667              	.L67:
 1668              		.loc 4 367 3 is_stmt 0 discriminator 5 view .LVU580
 1669              	.LBE378:
 1670              	.LBE379:
 1671              	.LBE380:
 1672              	.LBE382:
 1673              	.LBE394:
 1674              	.LBE397:
 1675              	.LBE512:
 1676              	.LBB513:
 1677              	.LBB508:
 1678              	.LBB487:
 1679              		.loc 1 478 14 view .LVU581
 1680 03d4 DDE90246 		ldrd	r4, r6, [sp, #8]
 1681 03d8 DDE90475 		ldrd	r7, r5, [sp, #16]
 1682              	.LVL130:
 1683              		.loc 1 478 14 view .LVU582
 1684 03dc 4FF00008 		mov	r8, #0
 1685 03e0 9FE7     		b	.L36
 1686              	.LVL131:
 1687              	.L101:
 1688              		.loc 1 478 14 view .LVU583
 1689              	.LBE487:
 1690              	.LBE508:
 1691              	.LBE513:
 1692              	.LBB514:
 1693              	.LBB409:
 1694              	.LBB408:
 1695              		.loc 4 367 3 is_stmt 1 discriminator 5 view .LVU584
 1696 03e2 0C48     		ldr	r0, .L113
 1697 03e4 FFF7FEFF 		bl	chSysHalt
 1698              	.LVL132:
 1699 03e8 3EE6     		b	.L9
 1700              	.LVL133:
 1701              	.L108:
 1702              		.loc 4 367 3 is_stmt 0 discriminator 5 view .LVU585
 1703              	.LBE408:
 1704              	.LBE409:
 1705              	.LBE514:
 1706              	.LBB515:
 1707              	.LBB509:
ARM GAS  /tmp/cctaqgo8.s 			page 31


 1708              	.LBB506:
 1709              	.LBB505:
 1710              		.loc 4 367 3 is_stmt 1 discriminator 5 view .LVU586
 1711 03ea 0A48     		ldr	r0, .L113
 1712 03ec FFF7FEFF 		bl	chSysHalt
 1713              	.LVL134:
 1714 03f0 B4E7     		b	.L60
 1715              	.LVL135:
 1716              	.L106:
 1717              		.loc 4 367 3 is_stmt 0 discriminator 5 view .LVU587
 1718              	.LBE505:
 1719              	.LBE506:
 1720              	.LBE509:
 1721              	.LBB510:
 1722              	.LBB435:
 1723              	.LBB434:
 1724              		.loc 4 367 3 is_stmt 1 discriminator 5 view .LVU588
 1725 03f2 0848     		ldr	r0, .L113
 1726 03f4 FFF7FEFF 		bl	chSysHalt
 1727              	.LVL136:
 1728 03f8 14E7     		b	.L34
 1729              	.LVL137:
 1730              	.L35:
 1731              		.loc 4 367 3 is_stmt 0 discriminator 5 view .LVU589
 1732              	.LBE434:
 1733              	.LBE435:
 1734              	.LBE510:
 1735              		.loc 1 1328 9 is_stmt 1 view .LVU590
 1736              	.LBB511:
 1737              		.loc 3 491 20 view .LVU591
 1738              		.loc 3 493 3 view .LVU592
 1739              	.LBB498:
 1740              		.loc 4 346 20 view .LVU593
 1741              	.LBB497:
 1742              		.loc 4 348 3 view .LVU594
 1743              	.LBB496:
 1744              		.loc 5 444 20 view .LVU595
 1745              		.loc 5 447 3 view .LVU596
 1746              	.LBB495:
 1747              		.loc 6 544 57 view .LVU597
 1748              	.LBB494:
 1749              		.loc 6 546 3 view .LVU598
 1750 03fa 019B     		ldr	r3, [sp, #4]
 1751              		.syntax unified
 1752              	@ 546 "../RC_Controller/ChibiOS_3.0.5/os/ext/CMSIS/include/core_cmFunc.h" 1
 1753 03fc 83F31188 		MSR basepri, r3
 1754              	@ 0 "" 2
 1755              	.LVL138:
 1756              		.loc 6 546 3 is_stmt 0 view .LVU599
 1757              		.thumb
 1758              		.syntax unified
 1759              	.LBE494:
 1760              	.LBE495:
 1761              	.LBE496:
 1762              		.loc 4 349 34 is_stmt 1 view .LVU600
 1763              		.loc 4 350 3 view .LVU601
 1764 0400 FFF7FEFF 		bl	_dbg_check_lock
ARM GAS  /tmp/cctaqgo8.s 			page 32


 1765              	.LVL139:
 1766              	.LBE497:
 1767              	.LBE498:
 1768              	.LBE511:
 1769              		.loc 1 1329 9 view .LVU602
 1770              		.loc 1 1329 13 is_stmt 0 view .LVU603
 1771 0404 A368     		ldr	r3, [r4, #8]
 1772 0406 029F     		ldr	r7, [sp, #8]
 1773              		.loc 1 1329 23 view .LVU604
 1774 0408 43F00103 		orr	r3, r3, #1
 1775 040c 0137     		adds	r7, r7, #1
 1776 040e A360     		str	r3, [r4, #8]
 1777              		.loc 1 1330 9 is_stmt 1 view .LVU605
 1778 0410 98E7     		b	.L59
 1779              	.L114:
 1780 0412 00BF     		.align	2
 1781              	.L113:
 1782 0414 00000000 		.word	__func__.0
 1783              	.LBE515:
 1784              	.LBE517:
 1785              		.cfi_endproc
 1786              	.LFE259:
 1787              		.size	usb_lld_pump, .-usb_lld_pump
 1788              		.section	.text.usb_lld_init,"ax",%progbits
 1789              		.align	1
 1790              		.p2align 4,,15
 1791              		.global	usb_lld_init
 1792              		.syntax unified
 1793              		.thumb
 1794              		.thumb_func
 1795              		.type	usb_lld_init, %function
 1796              	usb_lld_init:
 1797              	.LFB241:
 1798              		.loc 1 729 25 view -0
 1799              		.cfi_startproc
 1800              		@ args = 0, pretend = 0, frame = 0
 1801              		@ frame_needed = 0, uses_anonymous_args = 0
 1802              		.loc 1 733 3 view .LVU607
 1803              		.loc 1 729 25 is_stmt 0 view .LVU608
 1804 0000 10B5     		push	{r4, lr}
 1805              		.cfi_def_cfa_offset 8
 1806              		.cfi_offset 4, -8
 1807              		.cfi_offset 14, -4
 1808              		.loc 1 733 3 view .LVU609
 1809 0002 074C     		ldr	r4, .L117
 1810 0004 2046     		mov	r0, r4
 1811 0006 FFF7FEFF 		bl	usbObjectInit
 1812              	.LVL140:
 1813              		.loc 1 734 3 is_stmt 1 view .LVU610
 1814              		.loc 1 735 3 view .LVU611
 1815              		.loc 1 736 19 is_stmt 0 view .LVU612
 1816 000a 064B     		ldr	r3, .L117+4
 1817              		.loc 1 734 19 view .LVU613
 1818 000c 0020     		movs	r0, #0
 1819 000e 0021     		movs	r1, #0
 1820              		.loc 1 735 19 view .LVU614
 1821 0010 4FF0A042 		mov	r2, #1342177280
ARM GAS  /tmp/cctaqgo8.s 			page 33


 1822              		.loc 1 734 19 view .LVU615
 1823 0014 C4E91801 		strd	r0, [r4, #96]
 1824              		.loc 1 736 19 view .LVU616
 1825 0018 C4E91423 		strd	r2, r3, [r4, #80]
 1826              		.loc 1 739 3 is_stmt 1 view .LVU617
 1827              		.loc 1 779 1 is_stmt 0 view .LVU618
 1828 001c 10BD     		pop	{r4, pc}
 1829              	.L118:
 1830 001e 00BF     		.align	2
 1831              	.L117:
 1832 0020 00000000 		.word	USBD1
 1833 0024 00000000 		.word	fsparams
 1834              		.cfi_endproc
 1835              	.LFE241:
 1836              		.size	usb_lld_init, .-usb_lld_init
 1837              		.section	.text.usb_lld_start,"ax",%progbits
 1838              		.align	1
 1839              		.p2align 4,,15
 1840              		.global	usb_lld_start
 1841              		.syntax unified
 1842              		.thumb
 1843              		.thumb_func
 1844              		.type	usb_lld_start, %function
 1845              	usb_lld_start:
 1846              	.LVL141:
 1847              	.LFB242:
 1848              		.loc 1 791 37 is_stmt 1 view -0
 1849              		.cfi_startproc
 1850              		@ args = 0, pretend = 0, frame = 0
 1851              		@ frame_needed = 0, uses_anonymous_args = 0
 1852              		.loc 1 792 3 view .LVU620
 1853              		.loc 1 794 3 view .LVU621
 1854              		.loc 1 794 6 is_stmt 0 view .LVU622
 1855 0000 0378     		ldrb	r3, [r0]	@ zero_extendqisi2
 1856 0002 012B     		cmp	r3, #1
 1857 0004 00D0     		beq	.L138
 1858 0006 7047     		bx	lr
 1859              	.L138:
 1860              		.loc 1 791 37 view .LVU623
 1861 0008 70B5     		push	{r4, r5, r6, lr}
 1862              		.cfi_def_cfa_offset 16
 1863              		.cfi_offset 4, -16
 1864              		.cfi_offset 5, -12
 1865              		.cfi_offset 6, -8
 1866              		.cfi_offset 14, -4
 1867              		.loc 1 798 8 view .LVU624
 1868 000a 354B     		ldr	r3, .L143
 1869              		.loc 1 792 16 view .LVU625
 1870 000c 066D     		ldr	r6, [r0, #80]
 1871              		.loc 1 798 5 is_stmt 1 view .LVU626
 1872              		.loc 1 798 8 is_stmt 0 view .LVU627
 1873 000e 9842     		cmp	r0, r3
 1874              		.loc 1 791 37 view .LVU628
 1875 0010 82B0     		sub	sp, sp, #8
 1876              		.cfi_def_cfa_offset 24
 1877 0012 0546     		mov	r5, r0
 1878              		.loc 1 798 8 view .LVU629
ARM GAS  /tmp/cctaqgo8.s 			page 34


 1879 0014 3BD0     		beq	.L139
 1880              		.loc 1 798 8 view .LVU630
 1881 0016 3446     		mov	r4, r6
 1882              	.LVL142:
 1883              	.L121:
 1884              		.loc 1 824 5 is_stmt 1 view .LVU631
 1885              		.loc 1 824 21 is_stmt 0 view .LVU632
 1886 0018 0023     		movs	r3, #0
 1887              		.loc 1 829 19 view .LVU633
 1888 001a 324A     		ldr	r2, .L143+4
 1889              		.loc 1 824 21 view .LVU634
 1890 001c EB65     		str	r3, [r5, #92]
 1891              		.loc 1 829 5 is_stmt 1 view .LVU635
 1892              		.loc 1 829 19 is_stmt 0 view .LVU636
 1893 001e F260     		str	r2, [r6, #12]
 1894              		.loc 1 832 5 is_stmt 1 view .LVU637
 1895              		.loc 1 832 16 is_stmt 0 view .LVU638
 1896 0020 314A     		ldr	r2, .L143+8
 1897 0022 C6F80028 		str	r2, [r6, #2048]
 1898              		.loc 1 835 5 is_stmt 1 view .LVU639
 1899              		.loc 1 839 17 is_stmt 0 view .LVU640
 1900 0026 4FF43412 		mov	r2, #2949120
 1901              		.loc 1 835 19 view .LVU641
 1902 002a C6F8003E 		str	r3, [r6, #3584]
 1903              		.loc 1 839 5 is_stmt 1 view .LVU642
 1904              	.LBB530:
 1905              	.LBB531:
 1906              	.LBB532:
 1907              	.LBB533:
 1908              		.loc 3 573 3 is_stmt 0 view .LVU643
 1909 002e 2020     		movs	r0, #32
 1910              	.LBE533:
 1911              	.LBE532:
 1912              	.LBE531:
 1913              	.LBE530:
 1914              		.loc 1 839 17 view .LVU644
 1915 0030 B263     		str	r2, [r6, #56]
 1916              		.loc 1 846 5 is_stmt 1 view .LVU645
 1917              	.LBB539:
 1918              	.LBI530:
 1919              		.loc 1 115 13 view .LVU646
 1920              	.LVL143:
 1921              	.LBB538:
 1922              		.loc 1 116 3 view .LVU647
 1923              		.loc 1 118 3 view .LVU648
 1924              	.LBB535:
 1925              	.LBI532:
 1926              		.loc 3 571 20 view .LVU649
 1927              	.LBB534:
 1928              		.loc 3 573 3 view .LVU650
 1929 0032 FFF7FEFF 		bl	chSysPolledDelayX
 1930              	.LVL144:
 1931              		.loc 3 573 3 is_stmt 0 view .LVU651
 1932              	.LBE534:
 1933              	.LBE535:
 1934              		.loc 1 121 3 is_stmt 1 view .LVU652
 1935              		.loc 1 121 17 is_stmt 0 view .LVU653
ARM GAS  /tmp/cctaqgo8.s 			page 35


 1936 0036 0123     		movs	r3, #1
 1937 0038 2361     		str	r3, [r4, #16]
 1938              		.loc 1 122 3 is_stmt 1 view .LVU654
 1939              	.L122:
 1940              		.loc 1 122 42 discriminator 1 view .LVU655
 1941              		.loc 1 122 15 is_stmt 0 discriminator 1 view .LVU656
 1942 003a 2369     		ldr	r3, [r4, #16]
 1943              		.loc 1 122 42 discriminator 1 view .LVU657
 1944 003c DB07     		lsls	r3, r3, #31
 1945 003e FCD4     		bmi	.L122
 1946              		.loc 1 125 3 is_stmt 1 view .LVU658
 1947              	.LVL145:
 1948              	.LBB536:
 1949              	.LBI536:
 1950              		.loc 3 571 20 view .LVU659
 1951              	.LBB537:
 1952              		.loc 3 573 3 view .LVU660
 1953 0040 0C20     		movs	r0, #12
 1954 0042 FFF7FEFF 		bl	chSysPolledDelayX
 1955              	.LVL146:
 1956              		.loc 3 573 3 is_stmt 0 view .LVU661
 1957              	.LBE537:
 1958              	.LBE536:
 1959              		.loc 1 128 3 is_stmt 1 view .LVU662
 1960              	.L123:
 1961              		.loc 1 128 43 discriminator 1 view .LVU663
 1962              		.loc 1 128 15 is_stmt 0 discriminator 1 view .LVU664
 1963 0046 2369     		ldr	r3, [r4, #16]
 1964              		.loc 1 128 43 discriminator 1 view .LVU665
 1965 0048 002B     		cmp	r3, #0
 1966 004a FCDA     		bge	.L123
 1967              	.LVL147:
 1968              		.loc 1 128 43 discriminator 1 view .LVU666
 1969              	.LBE538:
 1970              	.LBE539:
 1971              		.loc 1 849 5 is_stmt 1 view .LVU667
 1972              		.loc 1 849 19 is_stmt 0 view .LVU668
 1973 004c 0024     		movs	r4, #0
 1974              		.loc 1 852 5 view .LVU669
 1975 004e D5E91401 		ldrd	r0, r1, [r5, #80]
 1976              		.loc 1 849 19 view .LVU670
 1977 0052 B460     		str	r4, [r6, #8]
 1978              		.loc 1 852 5 is_stmt 1 view .LVU671
 1979 0054 FFF7FEFF 		bl	otg_disable_ep.isra.0
 1980              	.LVL148:
 1981              		.loc 1 856 5 view .LVU672
 1982              		.loc 1 859 21 is_stmt 0 view .LVU673
 1983 0058 6B68     		ldr	r3, [r5, #4]
 1984              		.loc 1 856 20 view .LVU674
 1985 005a C6F81048 		str	r4, [r6, #2064]
 1986              		.loc 1 857 5 is_stmt 1 view .LVU675
 1987              		.loc 1 859 8 is_stmt 0 view .LVU676
 1988 005e DB68     		ldr	r3, [r3, #12]
 1989              		.loc 1 857 20 view .LVU677
 1990 0060 C6F81448 		str	r4, [r6, #2068]
 1991              		.loc 1 858 5 is_stmt 1 view .LVU678
 1992              		.loc 1 858 20 is_stmt 0 view .LVU679
ARM GAS  /tmp/cctaqgo8.s 			page 36


 1993 0064 C6F81C48 		str	r4, [r6, #2076]
 1994              		.loc 1 859 5 is_stmt 1 view .LVU680
 1995              		.loc 1 859 8 is_stmt 0 view .LVU681
 1996 0068 6BB1     		cbz	r3, .L140
 1997              		.loc 1 863 7 is_stmt 1 view .LVU682
 1998              		.loc 1 863 22 is_stmt 0 view .LVU683
 1999 006a 43F20803 		movw	r3, #12296
 2000 006e B361     		str	r3, [r6, #24]
 2001              	.L125:
 2002              		.loc 1 865 5 is_stmt 1 view .LVU684
 2003              		.loc 1 869 8 is_stmt 0 view .LVU685
 2004 0070 6B6E     		ldr	r3, [r5, #100]
 2005              		.loc 1 865 20 view .LVU686
 2006 0072 4FF0FF32 		mov	r2, #-1
 2007 0076 7261     		str	r2, [r6, #20]
 2008              		.loc 1 869 5 is_stmt 1 view .LVU687
 2009              		.loc 1 869 8 is_stmt 0 view .LVU688
 2010 0078 D3B1     		cbz	r3, .L141
 2011              	.L126:
 2012              		.loc 1 879 5 is_stmt 1 view .LVU689
 2013              		.loc 1 879 9 is_stmt 0 view .LVU690
 2014 007a B368     		ldr	r3, [r6, #8]
 2015              		.loc 1 879 19 view .LVU691
 2016 007c 43F00103 		orr	r3, r3, #1
 2017 0080 B360     		str	r3, [r6, #8]
 2018              		.loc 1 881 1 view .LVU692
 2019 0082 02B0     		add	sp, sp, #8
 2020              		.cfi_remember_state
 2021              		.cfi_def_cfa_offset 16
 2022              		@ sp needed
 2023 0084 70BD     		pop	{r4, r5, r6, pc}
 2024              	.LVL149:
 2025              	.L140:
 2026              		.cfi_restore_state
 2027              		.loc 1 860 7 is_stmt 1 view .LVU693
 2028              		.loc 1 860 22 is_stmt 0 view .LVU694
 2029 0086 4FF44053 		mov	r3, #12288
 2030 008a B361     		str	r3, [r6, #24]
 2031 008c F0E7     		b	.L125
 2032              	.LVL150:
 2033              	.L139:
 2034              		.loc 1 800 7 is_stmt 1 view .LVU695
 2035 008e 174B     		ldr	r3, .L143+12
 2036 0090 5A6B     		ldr	r2, [r3, #52]
 2037 0092 42F08002 		orr	r2, r2, #128
 2038 0096 5A63     		str	r2, [r3, #52]
 2039              		.loc 1 800 7 view .LVU696
 2040              		.loc 1 800 29 discriminator 3 view .LVU697
 2041              		.loc 1 801 7 view .LVU698
 2042 0098 5A69     		ldr	r2, [r3, #20]
 2043 009a 0020     		movs	r0, #0
 2044              	.LVL151:
 2045              		.loc 1 801 7 is_stmt 0 view .LVU699
 2046 009c 42F08002 		orr	r2, r2, #128
 2047 00a0 5A61     		str	r2, [r3, #20]
 2048              		.loc 1 801 7 is_stmt 1 view .LVU700
 2049              		.loc 1 804 7 is_stmt 0 view .LVU701
ARM GAS  /tmp/cctaqgo8.s 			page 37


 2050 00a2 0E21     		movs	r1, #14
 2051              		.loc 1 801 7 view .LVU702
 2052 00a4 5861     		str	r0, [r3, #20]
 2053              		.loc 1 801 23 is_stmt 1 view .LVU703
 2054              		.loc 1 804 7 view .LVU704
 2055 00a6 4320     		movs	r0, #67
 2056 00a8 FFF7FEFF 		bl	nvicEnableVector
 2057              	.LVL152:
 2058              		.loc 1 804 7 is_stmt 0 view .LVU705
 2059 00ac 2C6D     		ldr	r4, [r5, #80]
 2060 00ae B3E7     		b	.L121
 2061              	.L141:
 2062              		.loc 1 870 7 is_stmt 1 view .LVU706
 2063              		.loc 1 870 18 is_stmt 0 view .LVU707
 2064 00b0 0F4B     		ldr	r3, .L143+16
 2065 00b2 0095     		str	r5, [sp]
 2066 00b4 0222     		movs	r2, #2
 2067 00b6 4FF4DC71 		mov	r1, #440
 2068 00ba 05F16800 		add	r0, r5, #104
 2069 00be FFF7FEFF 		bl	chThdCreateI
 2070              	.LVL153:
 2071              		.loc 1 870 16 discriminator 1 view .LVU708
 2072 00c2 6866     		str	r0, [r5, #100]
 2073              		.loc 1 873 7 is_stmt 1 view .LVU709
 2074              	.LVL154:
 2075              	.LBB540:
 2076              	.LBI540:
 2077              		.file 7 "../RC_Controller/ChibiOS_3.0.5/os/rt/include/chthreads.h"
 2078              		.loc 7 245 25 view .LVU710
 2079              	.LBB541:
 2080              		.loc 7 247 3 view .LVU711
 2081              		.loc 7 247 3 view .LVU712
 2082              		.loc 7 247 3 discriminator 1 view .LVU713
 2083 00c4 037F     		ldrb	r3, [r0, #28]	@ zero_extendqisi2
 2084 00c6 022B     		cmp	r3, #2
 2085              	.LBE541:
 2086              	.LBE540:
 2087              		.loc 1 870 18 is_stmt 0 view .LVU714
 2088 00c8 0446     		mov	r4, r0
 2089              	.LBB544:
 2090              	.LBB542:
 2091              		.loc 7 247 3 discriminator 1 view .LVU715
 2092 00ca 05D1     		bne	.L142
 2093              	.LVL155:
 2094              	.L127:
 2095              		.loc 7 247 3 is_stmt 1 discriminator 5 view .LVU716
 2096              		.loc 7 249 3 view .LVU717
 2097              		.loc 7 249 10 is_stmt 0 view .LVU718
 2098 00cc 2046     		mov	r0, r4
 2099 00ce FFF7FEFF 		bl	chSchReadyI
 2100              	.LVL156:
 2101              		.loc 7 249 10 view .LVU719
 2102              	.LBE542:
 2103              	.LBE544:
 2104              		.loc 1 874 7 is_stmt 1 view .LVU720
 2105 00d2 FFF7FEFF 		bl	chSchRescheduleS
 2106              	.LVL157:
ARM GAS  /tmp/cctaqgo8.s 			page 38


 2107 00d6 D0E7     		b	.L126
 2108              	.LVL158:
 2109              	.L142:
 2110              	.LBB545:
 2111              	.LBB543:
 2112              		.loc 7 247 3 discriminator 3 view .LVU721
 2113 00d8 0648     		ldr	r0, .L143+20
 2114              	.LVL159:
 2115              		.loc 7 247 3 is_stmt 0 discriminator 3 view .LVU722
 2116 00da FFF7FEFF 		bl	chSysHalt
 2117              	.LVL160:
 2118 00de F5E7     		b	.L127
 2119              	.L144:
 2120              		.align	2
 2121              	.L143:
 2122 00e0 00000000 		.word	USBD1
 2123 00e4 40140040 		.word	1073747008
 2124 00e8 03002002 		.word	35651587
 2125 00ec 00380240 		.word	1073887232
 2126 00f0 00000000 		.word	usb_lld_pump
 2127 00f4 00000000 		.word	__func__.2
 2128              	.LBE543:
 2129              	.LBE545:
 2130              		.cfi_endproc
 2131              	.LFE242:
 2132              		.size	usb_lld_start, .-usb_lld_start
 2133              		.section	.text.usb_lld_stop,"ax",%progbits
 2134              		.align	1
 2135              		.p2align 4,,15
 2136              		.global	usb_lld_stop
 2137              		.syntax unified
 2138              		.thumb
 2139              		.thumb_func
 2140              		.type	usb_lld_stop, %function
 2141              	usb_lld_stop:
 2142              	.LVL161:
 2143              	.LFB243:
 2144              		.loc 1 890 36 is_stmt 1 view -0
 2145              		.cfi_startproc
 2146              		@ args = 0, pretend = 0, frame = 0
 2147              		@ frame_needed = 0, uses_anonymous_args = 0
 2148              		.loc 1 891 3 view .LVU724
 2149              		.loc 1 890 36 is_stmt 0 view .LVU725
 2150 0000 10B5     		push	{r4, lr}
 2151              		.cfi_def_cfa_offset 8
 2152              		.cfi_offset 4, -8
 2153              		.cfi_offset 14, -4
 2154              		.loc 1 894 6 view .LVU726
 2155 0002 0378     		ldrb	r3, [r0]	@ zero_extendqisi2
 2156 0004 012B     		cmp	r3, #1
 2157              		.loc 1 890 36 view .LVU727
 2158 0006 0446     		mov	r4, r0
 2159              		.loc 1 891 16 view .LVU728
 2160 0008 006D     		ldr	r0, [r0, #80]
 2161              	.LVL162:
 2162              		.loc 1 894 3 is_stmt 1 view .LVU729
 2163              		.loc 1 894 6 is_stmt 0 view .LVU730
ARM GAS  /tmp/cctaqgo8.s 			page 39


 2164 000a 00D1     		bne	.L150
 2165              	.L145:
 2166              		.loc 1 920 1 view .LVU731
 2167 000c 10BD     		pop	{r4, pc}
 2168              	.LVL163:
 2169              	.L150:
 2170              		.loc 1 898 5 is_stmt 1 view .LVU732
 2171 000e 616D     		ldr	r1, [r4, #84]
 2172 0010 FFF7FEFF 		bl	otg_disable_ep.isra.0
 2173              	.LVL164:
 2174              		.loc 1 900 5 view .LVU733
 2175              		.loc 1 907 8 is_stmt 0 view .LVU734
 2176 0014 084A     		ldr	r2, .L151
 2177              		.loc 1 900 21 view .LVU735
 2178 0016 0023     		movs	r3, #0
 2179              		.loc 1 907 8 view .LVU736
 2180 0018 9442     		cmp	r4, r2
 2181              		.loc 1 900 21 view .LVU737
 2182 001a E365     		str	r3, [r4, #92]
 2183              		.loc 1 902 5 is_stmt 1 view .LVU738
 2184              		.loc 1 902 22 is_stmt 0 view .LVU739
 2185 001c C0F81C38 		str	r3, [r0, #2076]
 2186              		.loc 1 903 5 is_stmt 1 view .LVU740
 2187              		.loc 1 903 22 is_stmt 0 view .LVU741
 2188 0020 8360     		str	r3, [r0, #8]
 2189              		.loc 1 904 5 is_stmt 1 view .LVU742
 2190              		.loc 1 904 22 is_stmt 0 view .LVU743
 2191 0022 8363     		str	r3, [r0, #56]
 2192              		.loc 1 907 5 is_stmt 1 view .LVU744
 2193              		.loc 1 907 8 is_stmt 0 view .LVU745
 2194 0024 F2D1     		bne	.L145
 2195              		.loc 1 908 7 is_stmt 1 view .LVU746
 2196 0026 4320     		movs	r0, #67
 2197              	.LVL165:
 2198              		.loc 1 908 7 is_stmt 0 view .LVU747
 2199 0028 FFF7FEFF 		bl	nvicDisableVector
 2200              	.LVL166:
 2201              		.loc 1 909 7 is_stmt 1 view .LVU748
 2202 002c 034A     		ldr	r2, .L151+4
 2203 002e 536B     		ldr	r3, [r2, #52]
 2204 0030 23F08003 		bic	r3, r3, #128
 2205 0034 5363     		str	r3, [r2, #52]
 2206              		.loc 1 909 7 view .LVU749
 2207              		.loc 1 909 30 discriminator 3 view .LVU750
 2208              		.loc 1 920 1 is_stmt 0 view .LVU751
 2209 0036 10BD     		pop	{r4, pc}
 2210              	.LVL167:
 2211              	.L152:
 2212              		.loc 1 920 1 view .LVU752
 2213              		.align	2
 2214              	.L151:
 2215 0038 00000000 		.word	USBD1
 2216 003c 00380240 		.word	1073887232
 2217              		.cfi_endproc
 2218              	.LFE243:
 2219              		.size	usb_lld_stop, .-usb_lld_stop
 2220              		.section	.text.usb_lld_reset,"ax",%progbits
ARM GAS  /tmp/cctaqgo8.s 			page 40


 2221              		.align	1
 2222              		.p2align 4,,15
 2223              		.global	usb_lld_reset
 2224              		.syntax unified
 2225              		.thumb
 2226              		.thumb_func
 2227              		.type	usb_lld_reset, %function
 2228              	usb_lld_reset:
 2229              	.LVL168:
 2230              	.LFB244:
 2231              		.loc 1 929 37 is_stmt 1 view -0
 2232              		.cfi_startproc
 2233              		@ args = 0, pretend = 0, frame = 0
 2234              		@ frame_needed = 0, uses_anonymous_args = 0
 2235              		.loc 1 930 3 view .LVU754
 2236              		.loc 1 931 3 view .LVU755
 2237              		.loc 1 929 37 is_stmt 0 view .LVU756
 2238 0000 F8B5     		push	{r3, r4, r5, r6, r7, lr}
 2239              		.cfi_def_cfa_offset 24
 2240              		.cfi_offset 3, -24
 2241              		.cfi_offset 4, -20
 2242              		.cfi_offset 5, -16
 2243              		.cfi_offset 6, -12
 2244              		.cfi_offset 7, -8
 2245              		.cfi_offset 14, -4
 2246              		.loc 1 931 16 view .LVU757
 2247 0002 056D     		ldr	r5, [r0, #80]
 2248              	.LVL169:
 2249              		.loc 1 934 3 is_stmt 1 view .LVU758
 2250              	.LBB562:
 2251              	.LBB563:
 2252              		.loc 1 161 17 is_stmt 0 view .LVU759
 2253 0004 2023     		movs	r3, #32
 2254              	.LBE563:
 2255              	.LBE562:
 2256              		.loc 1 929 37 view .LVU760
 2257 0006 0746     		mov	r7, r0
 2258              	.LVL170:
 2259              	.LBB567:
 2260              	.LBI562:
 2261              		.loc 1 158 13 is_stmt 1 view .LVU761
 2262              	.LBB566:
 2263              		.loc 1 159 3 view .LVU762
 2264              		.loc 1 161 3 view .LVU763
 2265              		.loc 1 161 17 is_stmt 0 view .LVU764
 2266 0008 2B61     		str	r3, [r5, #16]
 2267              		.loc 1 162 3 is_stmt 1 view .LVU765
 2268              	.L154:
 2269              		.loc 1 162 44 discriminator 1 view .LVU766
 2270              		.loc 1 162 15 is_stmt 0 discriminator 1 view .LVU767
 2271 000a 2C69     		ldr	r4, [r5, #16]
 2272              		.loc 1 162 44 discriminator 1 view .LVU768
 2273 000c 14F02004 		ands	r4, r4, #32
 2274 0010 FBD1     		bne	.L154
 2275              		.loc 1 165 3 is_stmt 1 view .LVU769
 2276              	.LVL171:
 2277              	.LBB564:
ARM GAS  /tmp/cctaqgo8.s 			page 41


 2278              	.LBI564:
 2279              		.loc 3 571 20 view .LVU770
 2280              	.LBB565:
 2281              		.loc 3 573 3 view .LVU771
 2282 0012 0C20     		movs	r0, #12
 2283              	.LVL172:
 2284              		.loc 3 573 3 is_stmt 0 view .LVU772
 2285 0014 FFF7FEFF 		bl	chSysPolledDelayX
 2286              	.LVL173:
 2287              		.loc 3 573 3 view .LVU773
 2288              	.LBE565:
 2289              	.LBE564:
 2290              	.LBE566:
 2291              	.LBE567:
 2292              		.loc 1 937 3 is_stmt 1 view .LVU774
 2293              		.loc 1 941 24 is_stmt 0 discriminator 1 view .LVU775
 2294 0018 D7F854C0 		ldr	ip, [r7, #84]
 2295              		.loc 1 937 20 view .LVU776
 2296 001c C5F83448 		str	r4, [r5, #2100]
 2297              		.loc 1 938 3 is_stmt 1 view .LVU777
 2298              		.loc 1 938 20 is_stmt 0 view .LVU778
 2299 0020 4FF00113 		mov	r3, #65537
 2300              		.loc 1 941 35 discriminator 1 view .LVU779
 2301 0024 DCF80800 		ldr	r0, [ip, #8]
 2302              		.loc 1 938 20 view .LVU780
 2303 0028 C5F81C38 		str	r3, [r5, #2076]
 2304              		.loc 1 941 3 is_stmt 1 view .LVU781
 2305              	.LVL174:
 2306              		.loc 1 941 17 discriminator 1 view .LVU782
 2307              		.loc 1 942 25 is_stmt 0 view .LVU783
 2308 002c 4FF00066 		mov	r6, #134217728
 2309              		.loc 1 944 25 view .LVU784
 2310 0030 4FF0FF31 		mov	r1, #-1
 2311              	.LVL175:
 2312              	.L155:
 2313              		.loc 1 942 5 is_stmt 1 view .LVU785
 2314 0034 05EB4413 		add	r3, r5, r4, lsl #5
 2315              		.loc 1 941 17 is_stmt 0 discriminator 1 view .LVU786
 2316 0038 A042     		cmp	r0, r4
 2317              		.loc 1 942 25 view .LVU787
 2318 003a C3F80069 		str	r6, [r3, #2304]
 2319              		.loc 1 943 5 is_stmt 1 view .LVU788
 2320              		.loc 1 941 17 is_stmt 0 discriminator 1 view .LVU789
 2321 003e 04F10104 		add	r4, r4, #1
 2322              	.LVL176:
 2323              		.loc 1 943 25 view .LVU790
 2324 0042 C3F8006B 		str	r6, [r3, #2816]
 2325              		.loc 1 944 5 is_stmt 1 view .LVU791
 2326              		.loc 1 944 25 is_stmt 0 view .LVU792
 2327 0046 C3F80819 		str	r1, [r3, #2312]
 2328              		.loc 1 945 5 is_stmt 1 view .LVU793
 2329              		.loc 1 945 25 is_stmt 0 view .LVU794
 2330 004a C3F8081B 		str	r1, [r3, #2824]
 2331              		.loc 1 941 53 is_stmt 1 discriminator 3 view .LVU795
 2332              	.LVL177:
 2333              		.loc 1 941 17 discriminator 1 view .LVU796
 2334 004e F1D1     		bne	.L155
ARM GAS  /tmp/cctaqgo8.s 			page 42


 2335              		.loc 1 949 3 view .LVU797
 2336              	.LVL178:
 2337              	.LBB568:
 2338              	.LBI568:
 2339              		.loc 1 175 13 view .LVU798
 2340              	.LBB569:
 2341              		.loc 1 177 3 view .LVU799
 2342 0050 3A6D     		ldr	r2, [r7, #80]
 2343              		.loc 1 177 33 is_stmt 0 view .LVU800
 2344 0052 DCF80030 		ldr	r3, [ip]
 2345              		.loc 1 177 16 view .LVU801
 2346 0056 BB65     		str	r3, [r7, #88]
 2347              	.LVL179:
 2348              		.loc 1 177 16 view .LVU802
 2349              	.LBE569:
 2350              	.LBE568:
 2351              		.loc 1 952 3 is_stmt 1 view .LVU803
 2352              	.LBB570:
 2353              	.LBB571:
 2354              		.loc 1 151 17 is_stmt 0 view .LVU804
 2355 0058 1021     		movs	r1, #16
 2356              	.LBE571:
 2357              	.LBE570:
 2358              		.loc 1 952 17 view .LVU805
 2359 005a 6B62     		str	r3, [r5, #36]
 2360              		.loc 1 953 3 is_stmt 1 view .LVU806
 2361              	.LBB575:
 2362              	.LBI570:
 2363              		.loc 1 148 13 view .LVU807
 2364              	.LVL180:
 2365              	.LBB574:
 2366              		.loc 1 149 3 view .LVU808
 2367              		.loc 1 151 3 view .LVU809
 2368              		.loc 1 151 17 is_stmt 0 view .LVU810
 2369 005c 1161     		str	r1, [r2, #16]
 2370              		.loc 1 152 3 is_stmt 1 view .LVU811
 2371              	.L156:
 2372              		.loc 1 152 44 discriminator 1 view .LVU812
 2373              		.loc 1 152 15 is_stmt 0 discriminator 1 view .LVU813
 2374 005e 1469     		ldr	r4, [r2, #16]
 2375              		.loc 1 152 44 discriminator 1 view .LVU814
 2376 0060 14F01004 		ands	r4, r4, #16
 2377 0064 FBD1     		bne	.L156
 2378              		.loc 1 155 3 is_stmt 1 view .LVU815
 2379              	.LVL181:
 2380              	.LBB572:
 2381              	.LBI572:
 2382              		.loc 3 571 20 view .LVU816
 2383              	.LBB573:
 2384              		.loc 3 573 3 view .LVU817
 2385 0066 0C20     		movs	r0, #12
 2386 0068 FFF7FEFF 		bl	chSysPolledDelayX
 2387              	.LVL182:
 2388              		.loc 3 573 3 is_stmt 0 view .LVU818
 2389              	.LBE573:
 2390              	.LBE572:
 2391              	.LBE574:
ARM GAS  /tmp/cctaqgo8.s 			page 43


 2392              	.LBE575:
 2393              		.loc 1 956 3 is_stmt 1 view .LVU819
 2394              		.loc 1 956 21 is_stmt 0 view .LVU820
 2395 006c D5F80038 		ldr	r3, [r5, #2048]
 2396              		.loc 1 964 16 view .LVU821
 2397 0070 1649     		ldr	r1, .L163
 2398              	.LBB576:
 2399              	.LBB577:
 2400              		.loc 1 191 8 view .LVU822
 2401 0072 BE6D     		ldr	r6, [r7, #88]
 2402              	.LBE577:
 2403              	.LBE576:
 2404              		.loc 1 956 46 view .LVU823
 2405 0074 23F4FE63 		bic	r3, r3, #2032
 2406              		.loc 1 956 14 view .LVU824
 2407 0078 C5F80038 		str	r3, [r5, #2048]
 2408              		.loc 1 959 3 is_stmt 1 view .LVU825
 2409              		.loc 1 959 7 is_stmt 0 view .LVU826
 2410 007c AB69     		ldr	r3, [r5, #24]
 2411              		.loc 1 959 18 view .LVU827
 2412 007e 43F44023 		orr	r3, r3, #786432
 2413              		.loc 1 960 19 view .LVU828
 2414 0082 0922     		movs	r2, #9
 2415              		.loc 1 959 18 view .LVU829
 2416 0084 43F01003 		orr	r3, r3, #16
 2417 0088 AB61     		str	r3, [r5, #24]
 2418              		.loc 1 960 3 is_stmt 1 view .LVU830
 2419              		.loc 1 960 19 is_stmt 0 view .LVU831
 2420 008a C5F81028 		str	r2, [r5, #2064]
 2421              		.loc 1 961 3 is_stmt 1 view .LVU832
 2422              		.loc 1 961 19 is_stmt 0 view .LVU833
 2423 008e C5F81428 		str	r2, [r5, #2068]
 2424              		.loc 1 964 3 is_stmt 1 view .LVU834
 2425              		.loc 1 964 16 is_stmt 0 view .LVU835
 2426 0092 F960     		str	r1, [r7, #12]
 2427              		.loc 1 965 3 is_stmt 1 view .LVU836
 2428              	.LBB584:
 2429              	.LBB578:
 2430              		.loc 1 193 3 is_stmt 0 discriminator 1 view .LVU837
 2431 0094 796D     		ldr	r1, [r7, #84]
 2432              	.LBE578:
 2433              	.LBE584:
 2434              		.loc 1 966 23 view .LVU838
 2435 0096 0E4A     		ldr	r2, .L163+4
 2436              	.LBB585:
 2437              	.LBB579:
 2438              		.loc 1 193 3 discriminator 1 view .LVU839
 2439 0098 4968     		ldr	r1, [r1, #4]
 2440              	.LBE579:
 2441              	.LBE585:
 2442              		.loc 1 965 24 view .LVU840
 2443 009a C5F8104B 		str	r4, [r5, #2832]
 2444              		.loc 1 966 3 is_stmt 1 view .LVU841
 2445              	.LBB586:
 2446              	.LBB580:
 2447              		.loc 1 192 16 is_stmt 0 view .LVU842
 2448 009e 06F11003 		add	r3, r6, #16
ARM GAS  /tmp/cctaqgo8.s 			page 44


 2449              		.loc 1 193 3 discriminator 1 view .LVU843
 2450 00a2 8B42     		cmp	r3, r1
 2451              	.LBE580:
 2452              	.LBE586:
 2453              		.loc 1 966 23 view .LVU844
 2454 00a4 C5F8002B 		str	r2, [r5, #2816]
 2455              		.loc 1 968 3 is_stmt 1 view .LVU845
 2456              		.loc 1 968 24 is_stmt 0 view .LVU846
 2457 00a8 C5F81049 		str	r4, [r5, #2320]
 2458              		.loc 1 969 3 is_stmt 1 view .LVU847
 2459              		.loc 1 969 23 is_stmt 0 view .LVU848
 2460 00ac C5F80029 		str	r2, [r5, #2304]
 2461              		.loc 1 971 3 is_stmt 1 view .LVU849
 2462              	.LVL183:
 2463              	.LBB587:
 2464              	.LBI576:
 2465              		.loc 1 188 17 view .LVU850
 2466              	.LBB581:
 2467              		.loc 1 189 3 view .LVU851
 2468              		.loc 1 191 3 view .LVU852
 2469              		.loc 1 192 3 view .LVU853
 2470              		.loc 1 192 16 is_stmt 0 view .LVU854
 2471 00b0 BB65     		str	r3, [r7, #88]
 2472              		.loc 1 193 3 is_stmt 1 view .LVU855
 2473              		.loc 1 193 3 view .LVU856
 2474              		.loc 1 193 3 discriminator 1 view .LVU857
 2475 00b2 03D8     		bhi	.L162
 2476              		.loc 1 193 3 discriminator 5 view .LVU858
 2477              		.loc 1 195 3 view .LVU859
 2478              	.LVL184:
 2479              		.loc 1 195 3 is_stmt 0 view .LVU860
 2480              	.LBE581:
 2481              	.LBE587:
 2482              		.loc 1 971 63 view .LVU861
 2483 00b4 46F48016 		orr	r6, r6, #1048576
 2484              		.loc 1 971 18 view .LVU862
 2485 00b8 AE62     		str	r6, [r5, #40]
 2486              		.loc 1 974 1 view .LVU863
 2487 00ba F8BD     		pop	{r3, r4, r5, r6, r7, pc}
 2488              	.LVL185:
 2489              	.L162:
 2490              	.LBB588:
 2491              	.LBB582:
 2492              		.loc 1 193 3 is_stmt 1 discriminator 3 view .LVU864
 2493 00bc 0548     		ldr	r0, .L163+8
 2494              	.LBE582:
 2495              	.LBE588:
 2496              		.loc 1 971 63 is_stmt 0 view .LVU865
 2497 00be 46F48016 		orr	r6, r6, #1048576
 2498              	.LVL186:
 2499              	.LBB589:
 2500              	.LBB583:
 2501              		.loc 1 193 3 discriminator 3 view .LVU866
 2502 00c2 FFF7FEFF 		bl	chSysHalt
 2503              	.LVL187:
 2504              		.loc 1 193 3 is_stmt 1 discriminator 5 view .LVU867
 2505              		.loc 1 195 3 view .LVU868
ARM GAS  /tmp/cctaqgo8.s 			page 45


 2506              		.loc 1 195 3 is_stmt 0 view .LVU869
 2507              	.LBE583:
 2508              	.LBE589:
 2509              		.loc 1 971 18 view .LVU870
 2510 00c6 AE62     		str	r6, [r5, #40]
 2511              		.loc 1 974 1 view .LVU871
 2512 00c8 F8BD     		pop	{r3, r4, r5, r6, r7, pc}
 2513              	.LVL188:
 2514              	.L164:
 2515              		.loc 1 974 1 view .LVU872
 2516 00ca 00BF     		.align	2
 2517              	.L163:
 2518 00cc 00000000 		.word	ep0config
 2519 00d0 40800010 		.word	268468288
 2520 00d4 00000000 		.word	__func__.1
 2521              		.cfi_endproc
 2522              	.LFE244:
 2523              		.size	usb_lld_reset, .-usb_lld_reset
 2524              		.section	.text.usb_lld_set_address,"ax",%progbits
 2525              		.align	1
 2526              		.p2align 4,,15
 2527              		.global	usb_lld_set_address
 2528              		.syntax unified
 2529              		.thumb
 2530              		.thumb_func
 2531              		.type	usb_lld_set_address, %function
 2532              	usb_lld_set_address:
 2533              	.LVL189:
 2534              	.LFB245:
 2535              		.loc 1 983 43 is_stmt 1 view -0
 2536              		.cfi_startproc
 2537              		@ args = 0, pretend = 0, frame = 0
 2538              		@ frame_needed = 0, uses_anonymous_args = 0
 2539              		@ link register save eliminated.
 2540              		.loc 1 984 3 view .LVU874
 2541              		.loc 1 984 16 is_stmt 0 view .LVU875
 2542 0000 026D     		ldr	r2, [r0, #80]
 2543              	.LVL190:
 2544              		.loc 1 986 3 is_stmt 1 view .LVU876
 2545              		.loc 1 986 48 is_stmt 0 view .LVU877
 2546 0002 90F84E10 		ldrb	r1, [r0, #78]	@ zero_extendqisi2
 2547              		.loc 1 986 21 view .LVU878
 2548 0006 D2F80038 		ldr	r3, [r2, #2048]
 2549              		.loc 1 986 28 view .LVU879
 2550 000a 23F4FE63 		bic	r3, r3, #2032
 2551              		.loc 1 986 46 view .LVU880
 2552 000e 43EA0113 		orr	r3, r3, r1, lsl #4
 2553              		.loc 1 986 14 view .LVU881
 2554 0012 C2F80038 		str	r3, [r2, #2048]
 2555              		.loc 1 987 1 view .LVU882
 2556 0016 7047     		bx	lr
 2557              		.cfi_endproc
 2558              	.LFE245:
 2559              		.size	usb_lld_set_address, .-usb_lld_set_address
 2560              		.section	.text.usb_lld_init_endpoint,"ax",%progbits
 2561              		.align	1
 2562              		.p2align 4,,15
ARM GAS  /tmp/cctaqgo8.s 			page 46


 2563              		.global	usb_lld_init_endpoint
 2564              		.syntax unified
 2565              		.thumb
 2566              		.thumb_func
 2567              		.type	usb_lld_init_endpoint, %function
 2568              	usb_lld_init_endpoint:
 2569              	.LVL191:
 2570              	.LFB246:
 2571              		.loc 1 997 57 is_stmt 1 view -0
 2572              		.cfi_startproc
 2573              		@ args = 0, pretend = 0, frame = 8
 2574              		@ frame_needed = 0, uses_anonymous_args = 0
 2575              		.loc 1 998 3 view .LVU884
 2576              		.loc 1 999 3 view .LVU885
 2577              		.loc 1 1002 20 is_stmt 0 view .LVU886
 2578 0000 00EB8103 		add	r3, r0, r1, lsl #2
 2579              		.loc 1 997 57 view .LVU887
 2580 0004 2DE9F04F 		push	{r4, r5, r6, r7, r8, r9, r10, fp, lr}
 2581              		.cfi_def_cfa_offset 36
 2582              		.cfi_offset 4, -36
 2583              		.cfi_offset 5, -32
 2584              		.cfi_offset 6, -28
 2585              		.cfi_offset 7, -24
 2586              		.cfi_offset 8, -20
 2587              		.cfi_offset 9, -16
 2588              		.cfi_offset 10, -12
 2589              		.cfi_offset 11, -8
 2590              		.cfi_offset 14, -4
 2591              		.loc 1 1002 20 view .LVU888
 2592 0008 DA68     		ldr	r2, [r3, #12]
 2593              		.loc 1 999 16 view .LVU889
 2594 000a 056D     		ldr	r5, [r0, #80]
 2595              	.LVL192:
 2596              		.loc 1 1002 3 is_stmt 1 view .LVU890
 2597              		.loc 1 1002 34 is_stmt 0 view .LVU891
 2598 000c 1768     		ldr	r7, [r2]
 2599 000e 07F00307 		and	r7, r7, #3
 2600 0012 7B1E     		subs	r3, r7, #1
 2601 0014 022B     		cmp	r3, #2
 2602              		.loc 1 1020 25 view .LVU892
 2603 0016 05EB4113 		add	r3, r5, r1, lsl #5
 2604              		.loc 1 997 57 view .LVU893
 2605 001a 0C46     		mov	r4, r1
 2606 001c 98BF     		it	ls
 2607 001e BF04     		lslls	r7, r7, #18
 2608 0020 0646     		mov	r6, r0
 2609              		.loc 1 1002 20 view .LVU894
 2610 0022 0FFA81F8 		sxth	r8, r1
 2611              		.loc 1 1021 6 view .LVU895
 2612 0026 D068     		ldr	r0, [r2, #12]
 2613              	.LVL193:
 2614              		.loc 1 1002 34 view .LVU896
 2615 0028 88BF     		it	hi
 2616 002a 4E4F     		ldrhi	r7, .L182
 2617              		.loc 1 1020 25 view .LVU897
 2618 002c 4FF00001 		mov	r1, #0
 2619              	.LVL194:
ARM GAS  /tmp/cctaqgo8.s 			page 47


 2620              		.loc 1 1020 25 view .LVU898
 2621 0030 C3F8101B 		str	r1, [r3, #2832]
 2622 0034 98BF     		it	ls
 2623 0036 07F18057 		addls	r7, r7, #268435456
 2624              		.loc 1 1023 23 view .LVU899
 2625 003a 04F11003 		add	r3, r4, #16
 2626 003e 4FF00101 		mov	r1, #1
 2627 0042 01FA03F1 		lsl	r1, r1, r3
 2628              		.loc 1 997 57 view .LVU900
 2629 0046 83B0     		sub	sp, sp, #12
 2630              		.cfi_def_cfa_offset 48
 2631 0048 98BF     		it	ls
 2632 004a 07F50047 		addls	r7, r7, #32768
 2633              	.LVL195:
 2634              		.loc 1 1020 3 is_stmt 1 view .LVU901
 2635              		.loc 1 1021 3 view .LVU902
 2636              		.loc 1 1020 25 is_stmt 0 view .LVU903
 2637 004e 6301     		lsls	r3, r4, #5
 2638              		.loc 1 1021 6 view .LVU904
 2639 0050 0028     		cmp	r0, #0
 2640 0052 4FD0     		beq	.L168
 2641              		.loc 1 1022 5 is_stmt 1 view .LVU905
 2642              		.loc 1 1022 34 is_stmt 0 view .LVU906
 2643 0054 B2F812C0 		ldrh	ip, [r2, #18]
 2644              		.loc 1 1022 26 view .LVU907
 2645 0058 04F15800 		add	r0, r4, #88
 2646 005c 4001     		lsls	r0, r0, #5
 2647              		.loc 1 1022 32 view .LVU908
 2648 005e 4CEA070C 		orr	ip, ip, r7
 2649              		.loc 1 1022 26 view .LVU909
 2650 0062 45F800C0 		str	ip, [r5, r0]
 2651              		.loc 1 1023 5 is_stmt 1 view .LVU910
 2652              		.loc 1 1023 9 is_stmt 0 view .LVU911
 2653 0066 D5F81C08 		ldr	r0, [r5, #2076]
 2654              		.loc 1 1023 20 view .LVU912
 2655 006a 0143     		orrs	r1, r1, r0
 2656 006c C5F81C18 		str	r1, [r5, #2076]
 2657              	.L169:
 2658              		.loc 1 1031 3 is_stmt 1 view .LVU913
 2659              		.loc 1 1032 6 is_stmt 0 view .LVU914
 2660 0070 9168     		ldr	r1, [r2, #8]
 2661              		.loc 1 1031 25 view .LVU915
 2662 0072 2B44     		add	r3, r3, r5
 2663 0074 0020     		movs	r0, #0
 2664              	.LBB600:
 2665              	.LBB601:
 2666              		.loc 1 161 19 view .LVU916
 2667 0076 4FEA841A 		lsl	r10, r4, #6
 2668              	.LBE601:
 2669              	.LBE600:
 2670              		.loc 1 1031 25 view .LVU917
 2671 007a C3F81009 		str	r0, [r3, #2320]
 2672              		.loc 1 1032 3 is_stmt 1 view .LVU918
 2673              	.LBB609:
 2674              	.LBB606:
 2675              		.loc 1 161 40 is_stmt 0 view .LVU919
 2676 007e 4AF0200A 		orr	r10, r10, #32
ARM GAS  /tmp/cctaqgo8.s 			page 48


 2677              	.LBE606:
 2678              	.LBE609:
 2679              		.loc 1 1037 22 view .LVU920
 2680 0082 04F1FF39 		add	r9, r4, #-1
 2681              		.loc 1 1032 6 view .LVU921
 2682 0086 0029     		cmp	r1, #0
 2683 0088 4AD0     		beq	.L170
 2684              		.loc 1 1034 5 is_stmt 1 view .LVU922
 2685              		.loc 1 1034 39 is_stmt 0 view .LVU923
 2686 008a 138A     		ldrh	r3, [r2, #16]
 2687              		.loc 1 1035 22 view .LVU924
 2688 008c 928B     		ldrh	r2, [r2, #28]
 2689              	.LBB610:
 2690              	.LBB611:
 2691              		.loc 1 191 8 view .LVU925
 2692 008e B16D     		ldr	r1, [r6, #88]
 2693              	.LBE611:
 2694              	.LBE610:
 2695              		.loc 1 1034 11 view .LVU926
 2696 0090 9B08     		lsrs	r3, r3, #2
 2697              	.LVL196:
 2698              		.loc 1 1035 5 is_stmt 1 view .LVU927
 2699              		.loc 1 1035 8 is_stmt 0 view .LVU928
 2700 0092 012A     		cmp	r2, #1
 2701              		.loc 1 1036 7 is_stmt 1 view .LVU929
 2702              		.loc 1 1036 13 is_stmt 0 view .LVU930
 2703 0094 88BF     		it	hi
 2704 0096 5343     		mulhi	r3, r2, r3
 2705              	.LVL197:
 2706              		.loc 1 1037 5 is_stmt 1 view .LVU931
 2707              	.LBB615:
 2708              	.LBB612:
 2709              		.loc 1 193 3 is_stmt 0 discriminator 1 view .LVU932
 2710 0098 726D     		ldr	r2, [r6, #84]
 2711 009a 5268     		ldr	r2, [r2, #4]
 2712              	.LBE612:
 2713              	.LBE615:
 2714              		.loc 1 1037 29 view .LVU933
 2715 009c 4FEA034B 		lsl	fp, r3, #16
 2716              	.LVL198:
 2717              	.LBB616:
 2718              	.LBI610:
 2719              		.loc 1 188 17 is_stmt 1 view .LVU934
 2720              	.LBB613:
 2721              		.loc 1 189 3 view .LVU935
 2722              		.loc 1 191 3 view .LVU936
 2723              		.loc 1 192 3 view .LVU937
 2724              		.loc 1 192 16 is_stmt 0 view .LVU938
 2725 00a0 0B44     		add	r3, r3, r1
 2726              	.LVL199:
 2727              		.loc 1 193 3 discriminator 1 view .LVU939
 2728 00a2 9342     		cmp	r3, r2
 2729              		.loc 1 192 16 view .LVU940
 2730 00a4 B365     		str	r3, [r6, #88]
 2731              		.loc 1 193 3 is_stmt 1 view .LVU941
 2732              		.loc 1 193 3 view .LVU942
 2733              		.loc 1 193 3 discriminator 1 view .LVU943
ARM GAS  /tmp/cctaqgo8.s 			page 49


 2734 00a6 34D8     		bhi	.L181
 2735 00a8 2A46     		mov	r2, r5
 2736              	.LVL200:
 2737              	.L172:
 2738              		.loc 1 193 3 discriminator 5 view .LVU944
 2739              		.loc 1 195 3 view .LVU945
 2740              		.loc 1 195 3 is_stmt 0 view .LVU946
 2741              	.LBE613:
 2742              	.LBE616:
 2743              		.loc 1 1037 27 view .LVU947
 2744 00aa 09F14009 		add	r9, r9, #64
 2745 00ae 05EB8909 		add	r9, r5, r9, lsl #2
 2746              		.loc 1 1037 53 view .LVU948
 2747 00b2 4BEA0101 		orr	r1, fp, r1
 2748              		.loc 1 1037 27 view .LVU949
 2749 00b6 C9F80410 		str	r1, [r9, #4]
 2750              		.loc 1 1039 5 is_stmt 1 view .LVU950
 2751              	.LVL201:
 2752              	.LBB617:
 2753              	.LBI600:
 2754              		.loc 1 158 13 view .LVU951
 2755              	.LBB607:
 2756              		.loc 1 159 3 view .LVU952
 2757              		.loc 1 161 3 view .LVU953
 2758              		.loc 1 161 17 is_stmt 0 view .LVU954
 2759 00ba C2F810A0 		str	r10, [r2, #16]
 2760              		.loc 1 162 3 is_stmt 1 view .LVU955
 2761              	.L173:
 2762              		.loc 1 162 44 discriminator 1 view .LVU956
 2763              		.loc 1 162 15 is_stmt 0 discriminator 1 view .LVU957
 2764 00be 1369     		ldr	r3, [r2, #16]
 2765              		.loc 1 162 44 discriminator 1 view .LVU958
 2766 00c0 9906     		lsls	r1, r3, #26
 2767 00c2 FCD4     		bmi	.L173
 2768              		.loc 1 165 3 is_stmt 1 view .LVU959
 2769              	.LVL202:
 2770              	.LBB602:
 2771              	.LBI602:
 2772              		.loc 3 571 20 view .LVU960
 2773              	.LBB603:
 2774              		.loc 3 573 3 view .LVU961
 2775              	.LBE603:
 2776              	.LBE602:
 2777              	.LBE607:
 2778              	.LBE617:
 2779              		.loc 1 1043 28 is_stmt 0 view .LVU962
 2780 00c4 06EB8806 		add	r6, r6, r8, lsl #2
 2781              	.LVL203:
 2782              	.LBB618:
 2783              	.LBB608:
 2784              	.LBB605:
 2785              	.LBB604:
 2786              		.loc 3 573 3 view .LVU963
 2787 00c8 0C20     		movs	r0, #12
 2788 00ca FFF7FEFF 		bl	chSysPolledDelayX
 2789              	.LVL204:
 2790              		.loc 3 573 3 view .LVU964
ARM GAS  /tmp/cctaqgo8.s 			page 50


 2791              	.LBE604:
 2792              	.LBE605:
 2793              	.LBE608:
 2794              	.LBE618:
 2795              		.loc 1 1041 5 is_stmt 1 view .LVU965
 2796              		.loc 1 1043 28 is_stmt 0 view .LVU966
 2797 00ce F368     		ldr	r3, [r6, #12]
 2798 00d0 1B8A     		ldrh	r3, [r3, #16]
 2799              		.loc 1 1041 26 view .LVU967
 2800 00d2 04F14802 		add	r2, r4, #72
 2801 00d6 5201     		lsls	r2, r2, #5
 2802              		.loc 1 1042 47 view .LVU968
 2803 00d8 43EA8453 		orr	r3, r3, r4, lsl #22
 2804 00dc 3B43     		orrs	r3, r3, r7
 2805              		.loc 1 1041 26 view .LVU969
 2806 00de AB50     		str	r3, [r5, r2]
 2807              		.loc 1 1044 5 is_stmt 1 view .LVU970
 2808              		.loc 1 1044 23 is_stmt 0 view .LVU971
 2809 00e0 0123     		movs	r3, #1
 2810              		.loc 1 1044 9 view .LVU972
 2811 00e2 D5F81C28 		ldr	r2, [r5, #2076]
 2812              		.loc 1 1044 23 view .LVU973
 2813 00e6 A340     		lsls	r3, r3, r4
 2814              		.loc 1 1044 20 view .LVU974
 2815 00e8 1343     		orrs	r3, r3, r2
 2816 00ea C5F81C38 		str	r3, [r5, #2076]
 2817              		.loc 1 1052 1 view .LVU975
 2818 00ee 03B0     		add	sp, sp, #12
 2819              		.cfi_remember_state
 2820              		.cfi_def_cfa_offset 36
 2821              		@ sp needed
 2822 00f0 BDE8F08F 		pop	{r4, r5, r6, r7, r8, r9, r10, fp, pc}
 2823              	.LVL205:
 2824              	.L168:
 2825              		.cfi_restore_state
 2826              		.loc 1 1026 5 is_stmt 1 view .LVU976
 2827 00f4 05EB481C 		add	ip, r5, r8, lsl #5
 2828              		.loc 1 1026 17 is_stmt 0 view .LVU977
 2829 00f8 DCF8000B 		ldr	r0, [ip, #2816]
 2830              		.loc 1 1026 26 view .LVU978
 2831 00fc 20F40040 		bic	r0, r0, #32768
 2832 0100 CCF8000B 		str	r0, [ip, #2816]
 2833              		.loc 1 1027 5 is_stmt 1 view .LVU979
 2834              		.loc 1 1027 9 is_stmt 0 view .LVU980
 2835 0104 D5F81C08 		ldr	r0, [r5, #2076]
 2836              		.loc 1 1027 20 view .LVU981
 2837 0108 20EA0101 		bic	r1, r0, r1
 2838 010c C5F81C18 		str	r1, [r5, #2076]
 2839 0110 AEE7     		b	.L169
 2840              	.LVL206:
 2841              	.L181:
 2842              	.LBB619:
 2843              	.LBB614:
 2844              		.loc 1 193 3 discriminator 3 view .LVU982
 2845 0112 1548     		ldr	r0, .L182+4
 2846 0114 0191     		str	r1, [sp, #4]
 2847              		.loc 1 193 3 is_stmt 1 discriminator 3 view .LVU983
ARM GAS  /tmp/cctaqgo8.s 			page 51


 2848 0116 FFF7FEFF 		bl	chSysHalt
 2849              	.LVL207:
 2850              		.loc 1 193 3 is_stmt 0 discriminator 3 view .LVU984
 2851 011a 326D     		ldr	r2, [r6, #80]
 2852 011c 0199     		ldr	r1, [sp, #4]
 2853 011e C4E7     		b	.L172
 2854              	.LVL208:
 2855              	.L170:
 2856              		.loc 1 193 3 discriminator 3 view .LVU985
 2857              	.LBE614:
 2858              	.LBE619:
 2859              		.loc 1 1047 5 is_stmt 1 view .LVU986
 2860              		.loc 1 1047 27 is_stmt 0 view .LVU987
 2861 0120 04F13F03 		add	r3, r4, #63
 2862 0124 05EB8303 		add	r3, r5, r3, lsl #2
 2863 0128 104A     		ldr	r2, .L182+8
 2864 012a 5A60     		str	r2, [r3, #4]
 2865              		.loc 1 1048 5 is_stmt 1 view .LVU988
 2866              	.LVL209:
 2867              	.LBB620:
 2868              	.LBI620:
 2869              		.loc 1 158 13 view .LVU989
 2870              	.LBB621:
 2871              		.loc 1 159 3 view .LVU990
 2872              		.loc 1 161 3 view .LVU991
 2873              		.loc 1 161 17 is_stmt 0 view .LVU992
 2874 012c C5F810A0 		str	r10, [r5, #16]
 2875              		.loc 1 162 3 is_stmt 1 view .LVU993
 2876              	.L175:
 2877              		.loc 1 162 44 discriminator 1 view .LVU994
 2878              		.loc 1 162 15 is_stmt 0 discriminator 1 view .LVU995
 2879 0130 2B69     		ldr	r3, [r5, #16]
 2880              		.loc 1 162 44 discriminator 1 view .LVU996
 2881 0132 9B06     		lsls	r3, r3, #26
 2882 0134 FCD4     		bmi	.L175
 2883              		.loc 1 165 3 is_stmt 1 view .LVU997
 2884              	.LVL210:
 2885              	.LBB622:
 2886              	.LBI622:
 2887              		.loc 3 571 20 view .LVU998
 2888              	.LBB623:
 2889              		.loc 3 573 3 view .LVU999
 2890 0136 05EB4818 		add	r8, r5, r8, lsl #5
 2891 013a 0C20     		movs	r0, #12
 2892 013c FFF7FEFF 		bl	chSysPolledDelayX
 2893              	.LVL211:
 2894              		.loc 3 573 3 is_stmt 0 view .LVU1000
 2895              	.LBE623:
 2896              	.LBE622:
 2897              	.LBE621:
 2898              	.LBE620:
 2899              		.loc 1 1049 5 is_stmt 1 view .LVU1001
 2900              		.loc 1 1049 17 is_stmt 0 view .LVU1002
 2901 0140 D8F80039 		ldr	r3, [r8, #2304]
 2902              		.loc 1 1049 26 view .LVU1003
 2903 0144 23F40043 		bic	r3, r3, #32768
 2904 0148 C8F80039 		str	r3, [r8, #2304]
ARM GAS  /tmp/cctaqgo8.s 			page 52


 2905              		.loc 1 1050 5 is_stmt 1 view .LVU1004
 2906              		.loc 1 1050 9 is_stmt 0 view .LVU1005
 2907 014c D5F81C38 		ldr	r3, [r5, #2076]
 2908              		.loc 1 1050 24 view .LVU1006
 2909 0150 0122     		movs	r2, #1
 2910 0152 A240     		lsls	r2, r2, r4
 2911              		.loc 1 1050 20 view .LVU1007
 2912 0154 23EA0203 		bic	r3, r3, r2
 2913 0158 C5F81C38 		str	r3, [r5, #2076]
 2914              		.loc 1 1052 1 view .LVU1008
 2915 015c 03B0     		add	sp, sp, #12
 2916              		.cfi_def_cfa_offset 36
 2917              		@ sp needed
 2918 015e BDE8F08F 		pop	{r4, r5, r6, r7, r8, r9, r10, fp, pc}
 2919              	.LVL212:
 2920              	.L183:
 2921              		.loc 1 1052 1 view .LVU1009
 2922 0162 00BF     		.align	2
 2923              	.L182:
 2924 0164 00800010 		.word	268468224
 2925 0168 00000000 		.word	__func__.1
 2926 016c 00040002 		.word	33555456
 2927              		.cfi_endproc
 2928              	.LFE246:
 2929              		.size	usb_lld_init_endpoint, .-usb_lld_init_endpoint
 2930              		.section	.text.usb_lld_disable_endpoints,"ax",%progbits
 2931              		.align	1
 2932              		.p2align 4,,15
 2933              		.global	usb_lld_disable_endpoints
 2934              		.syntax unified
 2935              		.thumb
 2936              		.thumb_func
 2937              		.type	usb_lld_disable_endpoints, %function
 2938              	usb_lld_disable_endpoints:
 2939              	.LVL213:
 2940              	.LFB247:
 2941              		.loc 1 1061 49 is_stmt 1 view -0
 2942              		.cfi_startproc
 2943              		@ args = 0, pretend = 0, frame = 0
 2944              		@ frame_needed = 0, uses_anonymous_args = 0
 2945              		@ link register save eliminated.
 2946              		.loc 1 1064 3 view .LVU1011
 2947              		.loc 1 1061 49 is_stmt 0 view .LVU1012
 2948 0000 0346     		mov	r3, r0
 2949              	.LVL214:
 2950              	.LBB624:
 2951              	.LBI624:
 2952              		.loc 1 175 13 is_stmt 1 view .LVU1013
 2953              	.LBB625:
 2954              		.loc 1 177 3 view .LVU1014
 2955              	.LBE625:
 2956              	.LBE624:
 2957              		.loc 1 1067 3 is_stmt 0 view .LVU1015
 2958 0002 D0E91401 		ldrd	r0, r1, [r0, #80]
 2959              	.LVL215:
 2960              	.LBB627:
 2961              	.LBB626:
ARM GAS  /tmp/cctaqgo8.s 			page 53


 2962              		.loc 1 177 16 view .LVU1016
 2963 0006 0A68     		ldr	r2, [r1]
 2964 0008 9A65     		str	r2, [r3, #88]
 2965              	.LVL216:
 2966              		.loc 1 177 16 view .LVU1017
 2967              	.LBE626:
 2968              	.LBE627:
 2969              		.loc 1 1067 3 is_stmt 1 view .LVU1018
 2970 000a FFF7FEBF 		b	otg_disable_ep.isra.0
 2971              	.LVL217:
 2972              		.loc 1 1067 3 is_stmt 0 view .LVU1019
 2973              		.cfi_endproc
 2974              	.LFE247:
 2975              		.size	usb_lld_disable_endpoints, .-usb_lld_disable_endpoints
 2976 000e 00BF     		.section	.text.usb_lld_get_status_out,"ax",%progbits
 2977              		.align	1
 2978              		.p2align 4,,15
 2979              		.global	usb_lld_get_status_out
 2980              		.syntax unified
 2981              		.thumb
 2982              		.thumb_func
 2983              		.type	usb_lld_get_status_out, %function
 2984              	usb_lld_get_status_out:
 2985              	.LVL218:
 2986              	.LFB248:
 2987              		.loc 1 1082 67 is_stmt 1 view -0
 2988              		.cfi_startproc
 2989              		@ args = 0, pretend = 0, frame = 0
 2990              		@ frame_needed = 0, uses_anonymous_args = 0
 2991              		@ link register save eliminated.
 2992              		.loc 1 1083 3 view .LVU1021
 2993              		.loc 1 1085 3 view .LVU1022
 2994              		.loc 1 1087 3 view .LVU1023
 2995              		.loc 1 1087 7 is_stmt 0 view .LVU1024
 2996 0000 5831     		adds	r1, r1, #88
 2997              	.LVL219:
 2998              		.loc 1 1087 13 view .LVU1025
 2999 0002 036D     		ldr	r3, [r0, #80]
 3000              		.loc 1 1087 7 view .LVU1026
 3001 0004 4901     		lsls	r1, r1, #5
 3002              	.LVL220:
 3003              		.loc 1 1087 7 view .LVU1027
 3004 0006 5B58     		ldr	r3, [r3, r1]
 3005              	.LVL221:
 3006              		.loc 1 1088 3 is_stmt 1 view .LVU1028
 3007              		.loc 1 1088 6 is_stmt 0 view .LVU1029
 3008 0008 13F40040 		ands	r0, r3, #32768
 3009              	.LVL222:
 3010              		.loc 1 1088 6 view .LVU1030
 3011 000c 04D0     		beq	.L186
 3012              		.loc 1 1090 3 is_stmt 1 view .LVU1031
 3013              		.loc 1 1092 10 is_stmt 0 view .LVU1032
 3014 000e 13F4001F 		tst	r3, #2097152
 3015 0012 14BF     		ite	ne
 3016 0014 0120     		movne	r0, #1
 3017 0016 0220     		moveq	r0, #2
 3018              	.L186:
ARM GAS  /tmp/cctaqgo8.s 			page 54


 3019              		.loc 1 1093 1 view .LVU1033
 3020 0018 7047     		bx	lr
 3021              		.cfi_endproc
 3022              	.LFE248:
 3023              		.size	usb_lld_get_status_out, .-usb_lld_get_status_out
 3024 001a 00BF     		.section	.text.usb_lld_get_status_in,"ax",%progbits
 3025              		.align	1
 3026              		.p2align 4,,15
 3027              		.global	usb_lld_get_status_in
 3028              		.syntax unified
 3029              		.thumb
 3030              		.thumb_func
 3031              		.type	usb_lld_get_status_in, %function
 3032              	usb_lld_get_status_in:
 3033              	.LVL223:
 3034              	.LFB249:
 3035              		.loc 1 1107 66 is_stmt 1 view -0
 3036              		.cfi_startproc
 3037              		@ args = 0, pretend = 0, frame = 0
 3038              		@ frame_needed = 0, uses_anonymous_args = 0
 3039              		@ link register save eliminated.
 3040              		.loc 1 1108 3 view .LVU1035
 3041              		.loc 1 1110 3 view .LVU1036
 3042              		.loc 1 1112 3 view .LVU1037
 3043              		.loc 1 1112 7 is_stmt 0 view .LVU1038
 3044 0000 4831     		adds	r1, r1, #72
 3045              	.LVL224:
 3046              		.loc 1 1112 13 view .LVU1039
 3047 0002 036D     		ldr	r3, [r0, #80]
 3048              		.loc 1 1112 7 view .LVU1040
 3049 0004 4901     		lsls	r1, r1, #5
 3050              	.LVL225:
 3051              		.loc 1 1112 7 view .LVU1041
 3052 0006 5B58     		ldr	r3, [r3, r1]
 3053              	.LVL226:
 3054              		.loc 1 1113 3 is_stmt 1 view .LVU1042
 3055              		.loc 1 1113 6 is_stmt 0 view .LVU1043
 3056 0008 13F40040 		ands	r0, r3, #32768
 3057              	.LVL227:
 3058              		.loc 1 1113 6 view .LVU1044
 3059 000c 04D0     		beq	.L190
 3060              		.loc 1 1115 3 is_stmt 1 view .LVU1045
 3061              		.loc 1 1117 10 is_stmt 0 view .LVU1046
 3062 000e 13F4001F 		tst	r3, #2097152
 3063 0012 14BF     		ite	ne
 3064 0014 0120     		movne	r0, #1
 3065 0016 0220     		moveq	r0, #2
 3066              	.L190:
 3067              		.loc 1 1118 1 view .LVU1047
 3068 0018 7047     		bx	lr
 3069              		.cfi_endproc
 3070              	.LFE249:
 3071              		.size	usb_lld_get_status_in, .-usb_lld_get_status_in
 3072 001a 00BF     		.section	.text.usb_lld_read_setup,"ax",%progbits
 3073              		.align	1
 3074              		.p2align 4,,15
 3075              		.global	usb_lld_read_setup
ARM GAS  /tmp/cctaqgo8.s 			page 55


 3076              		.syntax unified
 3077              		.thumb
 3078              		.thumb_func
 3079              		.type	usb_lld_read_setup, %function
 3080              	usb_lld_read_setup:
 3081              	.LVL228:
 3082              	.LFB250:
 3083              		.loc 1 1134 68 is_stmt 1 view -0
 3084              		.cfi_startproc
 3085              		@ args = 0, pretend = 0, frame = 0
 3086              		@ frame_needed = 0, uses_anonymous_args = 0
 3087              		@ link register save eliminated.
 3088              		.loc 1 1136 3 view .LVU1049
 3089              		.loc 1 1136 24 is_stmt 0 view .LVU1050
 3090 0000 00EB8100 		add	r0, r0, r1, lsl #2
 3091              	.LVL229:
 3092              		.loc 1 1136 28 view .LVU1051
 3093 0004 C368     		ldr	r3, [r0, #12]
 3094              		.loc 1 1136 3 view .LVU1052
 3095 0006 1B6A     		ldr	r3, [r3, #32]
 3096 0008 1968     		ldr	r1, [r3]	@ unaligned
 3097              	.LVL230:
 3098              		.loc 1 1136 3 view .LVU1053
 3099 000a 5B68     		ldr	r3, [r3, #4]	@ unaligned
 3100 000c 5360     		str	r3, [r2, #4]	@ unaligned
 3101 000e 1160     		str	r1, [r2]	@ unaligned
 3102              		.loc 1 1137 1 view .LVU1054
 3103 0010 7047     		bx	lr
 3104              		.cfi_endproc
 3105              	.LFE250:
 3106              		.size	usb_lld_read_setup, .-usb_lld_read_setup
 3107 0012 00BF     		.section	.text.usb_lld_prepare_receive,"ax",%progbits
 3108              		.align	1
 3109              		.p2align 4,,15
 3110              		.global	usb_lld_prepare_receive
 3111              		.syntax unified
 3112              		.thumb
 3113              		.thumb_func
 3114              		.type	usb_lld_prepare_receive, %function
 3115              	usb_lld_prepare_receive:
 3116              	.LVL231:
 3117              	.LFB251:
 3118              		.loc 1 1147 59 is_stmt 1 view -0
 3119              		.cfi_startproc
 3120              		@ args = 0, pretend = 0, frame = 0
 3121              		@ frame_needed = 0, uses_anonymous_args = 0
 3122              		@ link register save eliminated.
 3123              		.loc 1 1148 3 view .LVU1056
 3124              		.loc 1 1149 3 view .LVU1057
 3125              		.loc 1 1149 39 is_stmt 0 view .LVU1058
 3126 0000 00EB8103 		add	r3, r0, r1, lsl #2
 3127              		.loc 1 1147 59 view .LVU1059
 3128 0004 10B4     		push	{r4}
 3129              		.cfi_def_cfa_offset 4
 3130              		.cfi_offset 4, -4
 3131              		.loc 1 1149 39 view .LVU1060
 3132 0006 DC68     		ldr	r4, [r3, #12]
ARM GAS  /tmp/cctaqgo8.s 			page 56


 3133              		.loc 1 1149 24 view .LVU1061
 3134 0008 A269     		ldr	r2, [r4, #24]
 3135              	.LVL232:
 3136              		.loc 1 1152 3 is_stmt 1 view .LVU1062
 3137              		.loc 1 1152 21 is_stmt 0 view .LVU1063
 3138 000a 5368     		ldr	r3, [r2, #4]
 3139              		.loc 1 1152 16 view .LVU1064
 3140 000c 1361     		str	r3, [r2, #16]
 3141              		.loc 1 1153 3 is_stmt 1 view .LVU1065
 3142              		.loc 1 1153 6 is_stmt 0 view .LVU1066
 3143 000e 19B9     		cbnz	r1, .L195
 3144              		.loc 1 1153 17 discriminator 1 view .LVU1067
 3145 0010 402B     		cmp	r3, #64
 3146              		.loc 1 1154 7 is_stmt 1 view .LVU1068
 3147              		.loc 1 1154 19 is_stmt 0 view .LVU1069
 3148 0012 84BF     		itt	hi
 3149 0014 4023     		movhi	r3, #64
 3150 0016 5360     		strhi	r3, [r2, #4]
 3151              	.L195:
 3152              		.loc 1 1156 3 is_stmt 1 view .LVU1070
 3153              		.loc 1 1156 38 is_stmt 0 view .LVU1071
 3154 0018 B4F812C0 		ldrh	ip, [r4, #18]
 3155              	.LVL233:
 3156              		.loc 1 1158 3 is_stmt 1 view .LVU1072
 3157              		.loc 1 1158 7 is_stmt 0 view .LVU1073
 3158 001c 006D     		ldr	r0, [r0, #80]
 3159              	.LVL234:
 3160              		.loc 1 1161 1 view .LVU1074
 3161 001e 5DF8044B 		ldr	r4, [sp], #4
 3162              		.cfi_restore 4
 3163              		.cfi_def_cfa_offset 0
 3164              		.loc 1 1156 52 view .LVU1075
 3165 0022 0CF1FF32 		add	r2, ip, #-1
 3166              	.LVL235:
 3167              		.loc 1 1156 52 view .LVU1076
 3168 0026 1A44     		add	r2, r2, r3
 3169              		.loc 1 1158 30 view .LVU1077
 3170 0028 00EB4111 		add	r1, r0, r1, lsl #5
 3171              	.LVL236:
 3172              		.loc 1 1156 8 view .LVU1078
 3173 002c B2FBFCF2 		udiv	r2, r2, ip
 3174              		.loc 1 1158 76 view .LVU1079
 3175 0030 43EAC243 		orr	r3, r3, r2, lsl #19
 3176              	.LVL237:
 3177              		.loc 1 1158 76 view .LVU1080
 3178 0034 43F0C043 		orr	r3, r3, #1610612736
 3179              		.loc 1 1158 30 view .LVU1081
 3180 0038 C1F8103B 		str	r3, [r1, #2832]
 3181              		.loc 1 1161 1 view .LVU1082
 3182 003c 7047     		bx	lr
 3183              		.cfi_endproc
 3184              	.LFE251:
 3185              		.size	usb_lld_prepare_receive, .-usb_lld_prepare_receive
 3186 003e 00BF     		.section	.text.otg_epout_handler.constprop.0,"ax",%progbits
 3187              		.align	1
 3188              		.p2align 4,,15
 3189              		.syntax unified
ARM GAS  /tmp/cctaqgo8.s 			page 57


 3190              		.thumb
 3191              		.thumb_func
 3192              		.type	otg_epout_handler.constprop.0, %function
 3193              	otg_epout_handler.constprop.0:
 3194              	.LVL238:
 3195              	.LFB265:
 3196              		.loc 1 560 13 is_stmt 1 view -0
 3197              		.cfi_startproc
 3198              		@ args = 0, pretend = 0, frame = 0
 3199              		@ frame_needed = 0, uses_anonymous_args = 0
 3200              		.loc 1 561 3 view .LVU1084
 3201              		.loc 1 560 13 is_stmt 0 view .LVU1085
 3202 0000 2DE9F041 		push	{r4, r5, r6, r7, r8, lr}
 3203              		.cfi_def_cfa_offset 24
 3204              		.cfi_offset 4, -24
 3205              		.cfi_offset 5, -20
 3206              		.cfi_offset 6, -16
 3207              		.cfi_offset 7, -12
 3208              		.cfi_offset 8, -8
 3209              		.cfi_offset 14, -4
 3210              		.loc 1 561 16 view .LVU1086
 3211 0004 264F     		ldr	r7, .L216
 3212 0006 3E6D     		ldr	r6, [r7, #80]
 3213              	.LVL239:
 3214              		.loc 1 562 3 is_stmt 1 view .LVU1087
 3215              		.loc 1 562 12 is_stmt 0 view .LVU1088
 3216 0008 06EB4013 		add	r3, r6, r0, lsl #5
 3217              		.loc 1 560 13 view .LVU1089
 3218 000c 0446     		mov	r4, r0
 3219              		.loc 1 562 12 view .LVU1090
 3220 000e D3F8085B 		ldr	r5, [r3, #2824]
 3221              	.LVL240:
 3222              		.loc 1 565 3 is_stmt 1 view .LVU1091
 3223              		.loc 1 565 24 is_stmt 0 view .LVU1092
 3224 0012 C3F8085B 		str	r5, [r3, #2824]
 3225              		.loc 1 567 3 is_stmt 1 view .LVU1093
 3226              		.loc 1 567 6 is_stmt 0 view .LVU1094
 3227 0016 2807     		lsls	r0, r5, #28
 3228              	.LVL241:
 3229              		.loc 1 567 6 view .LVU1095
 3230 0018 03D5     		bpl	.L198
 3231              		.loc 1 567 38 discriminator 1 view .LVU1096
 3232 001a D6F81438 		ldr	r3, [r6, #2068]
 3233              		.loc 1 567 30 discriminator 1 view .LVU1097
 3234 001e 1907     		lsls	r1, r3, #28
 3235 0020 35D4     		bmi	.L214
 3236              	.L198:
 3237              		.loc 1 570 39 is_stmt 1 discriminator 1 view .LVU1098
 3238              		.loc 1 573 3 view .LVU1099
 3239              		.loc 1 573 6 is_stmt 0 view .LVU1100
 3240 0022 EA07     		lsls	r2, r5, #31
 3241 0024 31D5     		bpl	.L197
 3242              		.loc 1 573 38 discriminator 1 view .LVU1101
 3243 0026 D6F81438 		ldr	r3, [r6, #2068]
 3244              		.loc 1 573 30 discriminator 1 view .LVU1102
 3245 002a DB07     		lsls	r3, r3, #31
 3246 002c 2DD5     		bpl	.L197
ARM GAS  /tmp/cctaqgo8.s 			page 58


 3247              	.LBB646:
 3248              		.loc 1 575 5 is_stmt 1 view .LVU1103
 3249              		.loc 1 575 41 is_stmt 0 view .LVU1104
 3250 002e 07EB8403 		add	r3, r7, r4, lsl #2
 3251 0032 D968     		ldr	r1, [r3, #12]
 3252              		.loc 1 575 26 view .LVU1105
 3253 0034 8B69     		ldr	r3, [r1, #24]
 3254              	.LVL242:
 3255              		.loc 1 577 5 is_stmt 1 view .LVU1106
 3256              		.loc 1 577 12 is_stmt 0 view .LVU1107
 3257 0036 5868     		ldr	r0, [r3, #4]
 3258              		.loc 1 577 26 view .LVU1108
 3259 0038 1A69     		ldr	r2, [r3, #16]
 3260              		.loc 1 577 8 view .LVU1109
 3261 003a 9042     		cmp	r0, r2
 3262 003c 0BD3     		bcc	.L215
 3263              		.loc 1 590 7 is_stmt 1 view .LVU1110
 3264 003e 7B89     		ldrh	r3, [r7, #10]
 3265              	.LVL243:
 3266              		.loc 1 590 7 is_stmt 0 view .LVU1111
 3267 0040 1748     		ldr	r0, .L216
 3268 0042 0122     		movs	r2, #1
 3269 0044 A240     		lsls	r2, r2, r4
 3270 0046 23EA0203 		bic	r3, r3, r2
 3271 004a 7B81     		strh	r3, [r7, #10]	@ movhi
 3272              		.loc 1 590 7 is_stmt 1 view .LVU1112
 3273 004c CA68     		ldr	r2, [r1, #12]
 3274 004e 2146     		mov	r1, r4
 3275              	.LVL244:
 3276              		.loc 1 590 7 is_stmt 0 view .LVU1113
 3277              	.LBE646:
 3278              		.loc 1 593 1 view .LVU1114
 3279 0050 BDE8F041 		pop	{r4, r5, r6, r7, r8, lr}
 3280              		.cfi_remember_state
 3281              		.cfi_restore 14
 3282              		.cfi_restore 8
 3283              		.cfi_restore 7
 3284              		.cfi_restore 6
 3285              		.cfi_restore 5
 3286              		.cfi_restore 4
 3287              		.cfi_def_cfa_offset 0
 3288              	.LVL245:
 3289              	.LBB664:
 3290              		.loc 1 590 7 view .LVU1115
 3291 0054 1047     		bx	r2	@ indirect register sibling call
 3292              	.LVL246:
 3293              	.L215:
 3294              		.cfi_restore_state
 3295              		.loc 1 581 7 is_stmt 1 view .LVU1116
 3296              		.loc 1 581 34 is_stmt 0 view .LVU1117
 3297 0056 121A     		subs	r2, r2, r0
 3298              		.loc 1 582 19 view .LVU1118
 3299 0058 0025     		movs	r5, #0
 3300              	.LVL247:
 3301              		.loc 1 582 19 view .LVU1119
 3302 005a C3E90125 		strd	r2, r5, [r3, #4]
 3303              		.loc 1 583 7 is_stmt 1 view .LVU1120
ARM GAS  /tmp/cctaqgo8.s 			page 59


 3304 005e 1048     		ldr	r0, .L216
 3305 0060 2146     		mov	r1, r4
 3306 0062 FFF7FEFF 		bl	usb_lld_prepare_receive
 3307              	.LVL248:
 3308              		.loc 1 584 7 view .LVU1121
 3309              	.LBB647:
 3310              	.LBI647:
 3311              		.loc 3 513 20 view .LVU1122
 3312              		.loc 3 515 3 view .LVU1123
 3313              	.LBB648:
 3314              	.LBI648:
 3315              		.loc 4 386 20 view .LVU1124
 3316              	.LBB649:
 3317              		.loc 4 388 3 view .LVU1125
 3318              	.LBB650:
 3319              	.LBI650:
 3320              		.loc 5 473 20 view .LVU1126
 3321              		.loc 5 475 3 view .LVU1127
 3322              	.LBB651:
 3323              	.LBI651:
 3324              		.loc 5 444 20 view .LVU1128
 3325              		.loc 5 447 3 view .LVU1129
 3326              	.LBB652:
 3327              	.LBI652:
 3328              		.loc 6 544 57 view .LVU1130
 3329              	.LBB653:
 3330              		.loc 6 546 3 view .LVU1131
 3331 0066 2023     		movs	r3, #32
 3332              		.syntax unified
 3333              	@ 546 "../RC_Controller/ChibiOS_3.0.5/os/ext/CMSIS/include/core_cmFunc.h" 1
 3334 0068 83F31188 		MSR basepri, r3
 3335              	@ 0 "" 2
 3336              	.LVL249:
 3337              		.loc 6 546 3 is_stmt 0 view .LVU1132
 3338              		.thumb
 3339              		.syntax unified
 3340              	.LBE653:
 3341              	.LBE652:
 3342              	.LBE651:
 3343              	.LBE650:
 3344              		.loc 4 389 34 is_stmt 1 view .LVU1133
 3345              		.loc 4 390 3 view .LVU1134
 3346 006c FFF7FEFF 		bl	_dbg_check_lock_from_isr
 3347              	.LVL250:
 3348              	.LBE649:
 3349              	.LBE648:
 3350              	.LBE647:
 3351              		.loc 1 585 7 view .LVU1135
 3352              	.LBB654:
 3353              	.LBI654:
 3354              		.loc 1 1200 6 view .LVU1136
 3355              	.LBB655:
 3356              		.loc 1 1202 3 view .LVU1137
 3357 0070 3B6D     		ldr	r3, [r7, #80]
 3358 0072 03EB4413 		add	r3, r3, r4, lsl #5
 3359              		.loc 1 1202 20 is_stmt 0 view .LVU1138
 3360 0076 D3F8002B 		ldr	r2, [r3, #2816]
ARM GAS  /tmp/cctaqgo8.s 			page 60


 3361              		.loc 1 1202 29 view .LVU1139
 3362 007a 42F08062 		orr	r2, r2, #67108864
 3363 007e C3F8002B 		str	r2, [r3, #2816]
 3364              	.LVL251:
 3365              		.loc 1 1202 29 view .LVU1140
 3366              	.LBE655:
 3367              	.LBE654:
 3368              		.loc 1 586 7 is_stmt 1 view .LVU1141
 3369              	.LBB656:
 3370              	.LBI656:
 3371              		.loc 3 524 20 view .LVU1142
 3372              	.LBB657:
 3373              		.loc 3 526 3 view .LVU1143
 3374              	.LBB658:
 3375              	.LBI658:
 3376              		.loc 4 406 20 view .LVU1144
 3377              	.LBB659:
 3378              		.loc 4 408 3 view .LVU1145
 3379 0082 FFF7FEFF 		bl	_dbg_check_unlock_from_isr
 3380              	.LVL252:
 3381              		.loc 4 409 33 view .LVU1146
 3382              		.loc 4 410 3 view .LVU1147
 3383              	.LBB660:
 3384              	.LBI660:
 3385              		.loc 5 484 20 view .LVU1148
 3386              		.loc 5 486 3 view .LVU1149
 3387              	.LBB661:
 3388              	.LBI661:
 3389              		.loc 5 458 20 view .LVU1150
 3390              		.loc 5 461 3 view .LVU1151
 3391              	.LBB662:
 3392              	.LBI662:
 3393              		.loc 6 544 57 view .LVU1152
 3394              	.LBB663:
 3395              		.loc 6 546 3 view .LVU1153
 3396              		.syntax unified
 3397              	@ 546 "../RC_Controller/ChibiOS_3.0.5/os/ext/CMSIS/include/core_cmFunc.h" 1
 3398 0086 85F31188 		MSR basepri, r5
 3399              	@ 0 "" 2
 3400              	.LVL253:
 3401              		.thumb
 3402              		.syntax unified
 3403              	.L197:
 3404              		.loc 6 546 3 is_stmt 0 view .LVU1154
 3405              	.LBE663:
 3406              	.LBE662:
 3407              	.LBE661:
 3408              	.LBE660:
 3409              	.LBE659:
 3410              	.LBE658:
 3411              	.LBE657:
 3412              	.LBE656:
 3413              	.LBE664:
 3414              		.loc 1 593 1 view .LVU1155
 3415 008a BDE8F081 		pop	{r4, r5, r6, r7, r8, pc}
 3416              	.LVL254:
 3417              	.L214:
ARM GAS  /tmp/cctaqgo8.s 			page 61


 3418              		.loc 1 570 5 is_stmt 1 view .LVU1156
 3419 008e 07EB8403 		add	r3, r7, r4, lsl #2
 3420 0092 2146     		mov	r1, r4
 3421 0094 DB68     		ldr	r3, [r3, #12]
 3422 0096 3846     		mov	r0, r7
 3423 0098 5B68     		ldr	r3, [r3, #4]
 3424 009a 9847     		blx	r3
 3425              	.LVL255:
 3426 009c C1E7     		b	.L198
 3427              	.L217:
 3428 009e 00BF     		.align	2
 3429              	.L216:
 3430 00a0 00000000 		.word	USBD1
 3431              		.cfi_endproc
 3432              	.LFE265:
 3433              		.size	otg_epout_handler.constprop.0, .-otg_epout_handler.constprop.0
 3434              		.section	.text.usb_lld_prepare_transmit,"ax",%progbits
 3435              		.align	1
 3436              		.p2align 4,,15
 3437              		.global	usb_lld_prepare_transmit
 3438              		.syntax unified
 3439              		.thumb
 3440              		.thumb_func
 3441              		.type	usb_lld_prepare_transmit, %function
 3442              	usb_lld_prepare_transmit:
 3443              	.LVL256:
 3444              	.LFB252:
 3445              		.loc 1 1171 60 view -0
 3446              		.cfi_startproc
 3447              		@ args = 0, pretend = 0, frame = 0
 3448              		@ frame_needed = 0, uses_anonymous_args = 0
 3449              		@ link register save eliminated.
 3450              		.loc 1 1172 3 view .LVU1158
 3451              		.loc 1 1172 38 is_stmt 0 view .LVU1159
 3452 0000 00EB8103 		add	r3, r0, r1, lsl #2
 3453              		.loc 1 1171 60 view .LVU1160
 3454 0004 10B4     		push	{r4}
 3455              		.cfi_def_cfa_offset 4
 3456              		.cfi_offset 4, -4
 3457              		.loc 1 1172 38 view .LVU1161
 3458 0006 DC68     		ldr	r4, [r3, #12]
 3459              		.loc 1 1178 9 view .LVU1162
 3460 0008 026D     		ldr	r2, [r0, #80]
 3461              		.loc 1 1172 23 view .LVU1163
 3462 000a 6069     		ldr	r0, [r4, #20]
 3463              	.LVL257:
 3464              		.loc 1 1175 3 is_stmt 1 view .LVU1164
 3465              		.loc 1 1175 21 is_stmt 0 view .LVU1165
 3466 000c 4368     		ldr	r3, [r0, #4]
 3467              		.loc 1 1175 16 view .LVU1166
 3468 000e 0361     		str	r3, [r0, #16]
 3469              		.loc 1 1176 3 is_stmt 1 view .LVU1167
 3470              		.loc 1 1176 6 is_stmt 0 view .LVU1168
 3471 0010 43B9     		cbnz	r3, .L219
 3472              		.loc 1 1178 5 is_stmt 1 view .LVU1169
 3473              		.loc 1 1178 32 is_stmt 0 view .LVU1170
 3474 0012 02EB4112 		add	r2, r2, r1, lsl #5
ARM GAS  /tmp/cctaqgo8.s 			page 62


 3475 0016 4FF40023 		mov	r3, #524288
 3476              		.loc 1 1190 1 view .LVU1171
 3477 001a 5DF8044B 		ldr	r4, [sp], #4
 3478              		.cfi_remember_state
 3479              		.cfi_restore 4
 3480              		.cfi_def_cfa_offset 0
 3481              		.loc 1 1178 32 view .LVU1172
 3482 001e C2F81039 		str	r3, [r2, #2320]
 3483              		.loc 1 1190 1 view .LVU1173
 3484 0022 7047     		bx	lr
 3485              	.L219:
 3486              		.cfi_restore_state
 3487              	.LBB665:
 3488              		.loc 1 1181 5 is_stmt 1 view .LVU1174
 3489              		.loc 1 1181 8 is_stmt 0 view .LVU1175
 3490 0024 19B9     		cbnz	r1, .L221
 3491              		.loc 1 1181 19 discriminator 1 view .LVU1176
 3492 0026 402B     		cmp	r3, #64
 3493              		.loc 1 1182 7 is_stmt 1 view .LVU1177
 3494              		.loc 1 1182 19 is_stmt 0 view .LVU1178
 3495 0028 84BF     		itt	hi
 3496 002a 4023     		movhi	r3, #64
 3497 002c 4360     		strhi	r3, [r0, #4]
 3498              	.L221:
 3499              		.loc 1 1185 5 is_stmt 1 view .LVU1179
 3500              		.loc 1 1185 49 is_stmt 0 view .LVU1180
 3501 002e 208A     		ldrh	r0, [r4, #16]
 3502              	.LVL258:
 3503              		.loc 1 1187 5 is_stmt 1 view .LVU1181
 3504              	.LBE665:
 3505              		.loc 1 1190 1 is_stmt 0 view .LVU1182
 3506 0030 5DF8044B 		ldr	r4, [sp], #4
 3507              		.cfi_restore 4
 3508              		.cfi_def_cfa_offset 0
 3509              	.LVL259:
 3510              	.LBB666:
 3511              		.loc 1 1187 32 view .LVU1183
 3512 0034 02EB4112 		add	r2, r2, r1, lsl #5
 3513              		.loc 1 1185 62 view .LVU1184
 3514 0038 411E     		subs	r1, r0, #1
 3515              	.LVL260:
 3516              		.loc 1 1185 62 view .LVU1185
 3517 003a 1944     		add	r1, r1, r3
 3518              		.loc 1 1185 14 view .LVU1186
 3519 003c B1FBF0F1 		udiv	r1, r1, r0
 3520              		.loc 1 1187 56 view .LVU1187
 3521 0040 43EAC143 		orr	r3, r3, r1, lsl #19
 3522              	.LVL261:
 3523              		.loc 1 1187 32 view .LVU1188
 3524 0044 C2F81039 		str	r3, [r2, #2320]
 3525              	.LBE666:
 3526              		.loc 1 1190 1 view .LVU1189
 3527 0048 7047     		bx	lr
 3528              		.cfi_endproc
 3529              	.LFE252:
 3530              		.size	usb_lld_prepare_transmit, .-usb_lld_prepare_transmit
 3531 004a 00BF     		.section	.text.otg_epin_handler.constprop.0,"ax",%progbits
ARM GAS  /tmp/cctaqgo8.s 			page 63


 3532              		.align	1
 3533              		.p2align 4,,15
 3534              		.syntax unified
 3535              		.thumb
 3536              		.thumb_func
 3537              		.type	otg_epin_handler.constprop.0, %function
 3538              	otg_epin_handler.constprop.0:
 3539              	.LVL262:
 3540              	.LFB266:
 3541              		.loc 1 512 13 is_stmt 1 view -0
 3542              		.cfi_startproc
 3543              		@ args = 0, pretend = 0, frame = 0
 3544              		@ frame_needed = 0, uses_anonymous_args = 0
 3545              		.loc 1 513 3 view .LVU1191
 3546              		.loc 1 512 13 is_stmt 0 view .LVU1192
 3547 0000 2DE9F041 		push	{r4, r5, r6, r7, r8, lr}
 3548              		.cfi_def_cfa_offset 24
 3549              		.cfi_offset 4, -24
 3550              		.cfi_offset 5, -20
 3551              		.cfi_offset 6, -16
 3552              		.cfi_offset 7, -12
 3553              		.cfi_offset 8, -8
 3554              		.cfi_offset 14, -4
 3555              		.loc 1 513 16 view .LVU1193
 3556 0004 354F     		ldr	r7, .L243
 3557 0006 3E6D     		ldr	r6, [r7, #80]
 3558              	.LVL263:
 3559              		.loc 1 514 3 is_stmt 1 view .LVU1194
 3560              		.loc 1 514 12 is_stmt 0 view .LVU1195
 3561 0008 06EB4013 		add	r3, r6, r0, lsl #5
 3562              		.loc 1 512 13 view .LVU1196
 3563 000c 0446     		mov	r4, r0
 3564              		.loc 1 514 12 view .LVU1197
 3565 000e D3F80859 		ldr	r5, [r3, #2312]
 3566              	.LVL264:
 3567              		.loc 1 516 3 is_stmt 1 view .LVU1198
 3568              		.loc 1 516 24 is_stmt 0 view .LVU1199
 3569 0012 C3F80859 		str	r5, [r3, #2312]
 3570              		.loc 1 518 3 is_stmt 1 view .LVU1200
 3571              		.loc 1 520 3 view .LVU1201
 3572              		.loc 1 521 3 view .LVU1202
 3573              		.loc 1 521 6 is_stmt 0 view .LVU1203
 3574 0016 E907     		lsls	r1, r5, #31
 3575 0018 03D5     		bpl	.L224
 3576              		.loc 1 521 38 discriminator 1 view .LVU1204
 3577 001a D6F81038 		ldr	r3, [r6, #2064]
 3578              		.loc 1 521 30 discriminator 1 view .LVU1205
 3579 001e DA07     		lsls	r2, r3, #31
 3580 0020 0AD4     		bmi	.L240
 3581              	.LVL265:
 3582              	.L224:
 3583              	.LBB735:
 3584              		.loc 1 538 38 is_stmt 1 discriminator 1 view .LVU1206
 3585              	.LBE735:
 3586              		.loc 1 541 3 view .LVU1207
 3587              		.loc 1 541 6 is_stmt 0 view .LVU1208
 3588 0022 2B06     		lsls	r3, r5, #24
ARM GAS  /tmp/cctaqgo8.s 			page 64


 3589 0024 06D5     		bpl	.L223
 3590              		.loc 1 542 12 view .LVU1209
 3591 0026 D6F83428 		ldr	r2, [r6, #2100]
 3592              		.loc 1 542 27 view .LVU1210
 3593 002a 0123     		movs	r3, #1
 3594 002c 03FA04F4 		lsl	r4, r3, r4
 3595              	.LVL266:
 3596              		.loc 1 541 30 discriminator 1 view .LVU1211
 3597 0030 1442     		tst	r4, r2
 3598 0032 15D1     		bne	.L241
 3599              	.L223:
 3600              		.loc 1 550 1 view .LVU1212
 3601 0034 BDE8F081 		pop	{r4, r5, r6, r7, r8, pc}
 3602              	.LVL267:
 3603              	.L240:
 3604              	.LBB753:
 3605              		.loc 1 523 5 is_stmt 1 view .LVU1213
 3606              		.loc 1 523 40 is_stmt 0 view .LVU1214
 3607 0038 07EB8003 		add	r3, r7, r0, lsl #2
 3608 003c D968     		ldr	r1, [r3, #12]
 3609              		.loc 1 523 25 view .LVU1215
 3610 003e 4B69     		ldr	r3, [r1, #20]
 3611              	.LVL268:
 3612              		.loc 1 525 5 is_stmt 1 view .LVU1216
 3613              		.loc 1 525 12 is_stmt 0 view .LVU1217
 3614 0040 5868     		ldr	r0, [r3, #4]
 3615              	.LVL269:
 3616              		.loc 1 525 26 view .LVU1218
 3617 0042 1A69     		ldr	r2, [r3, #16]
 3618              		.loc 1 525 8 view .LVU1219
 3619 0044 9042     		cmp	r0, r2
 3620 0046 24D3     		bcc	.L242
 3621              		.loc 1 538 7 is_stmt 1 view .LVU1220
 3622 0048 3B89     		ldrh	r3, [r7, #8]
 3623              	.LVL270:
 3624              		.loc 1 538 7 is_stmt 0 view .LVU1221
 3625 004a D1F80880 		ldr	r8, [r1, #8]
 3626 004e 0122     		movs	r2, #1
 3627 0050 A240     		lsls	r2, r2, r4
 3628 0052 23EA0203 		bic	r3, r3, r2
 3629 0056 3B81     		strh	r3, [r7, #8]	@ movhi
 3630              		.loc 1 538 7 is_stmt 1 view .LVU1222
 3631 0058 2146     		mov	r1, r4
 3632              	.LVL271:
 3633              		.loc 1 538 7 is_stmt 0 view .LVU1223
 3634 005a 3846     		mov	r0, r7
 3635 005c C047     		blx	r8
 3636              	.LVL272:
 3637              		.loc 1 538 7 view .LVU1224
 3638 005e E0E7     		b	.L224
 3639              	.LVL273:
 3640              	.L241:
 3641              		.loc 1 538 7 view .LVU1225
 3642              	.LBE753:
 3643              		.loc 1 544 5 is_stmt 1 view .LVU1226
 3644              	.LBB754:
 3645              	.LBI754:
ARM GAS  /tmp/cctaqgo8.s 			page 65


 3646              		.loc 3 513 20 view .LVU1227
 3647              		.loc 3 515 3 view .LVU1228
 3648              	.LBB755:
 3649              	.LBI755:
 3650              		.loc 4 386 20 view .LVU1229
 3651              	.LBB756:
 3652              		.loc 4 388 3 view .LVU1230
 3653              	.LBB757:
 3654              	.LBI757:
 3655              		.loc 5 473 20 view .LVU1231
 3656              		.loc 5 475 3 view .LVU1232
 3657              	.LBB758:
 3658              	.LBI758:
 3659              		.loc 5 444 20 view .LVU1233
 3660              		.loc 5 447 3 view .LVU1234
 3661              	.LBB759:
 3662              	.LBI759:
 3663              		.loc 6 544 57 view .LVU1235
 3664              	.LBB760:
 3665              		.loc 6 546 3 view .LVU1236
 3666 0060 2023     		movs	r3, #32
 3667              		.syntax unified
 3668              	@ 546 "../RC_Controller/ChibiOS_3.0.5/os/ext/CMSIS/include/core_cmFunc.h" 1
 3669 0062 83F31188 		MSR basepri, r3
 3670              	@ 0 "" 2
 3671              	.LVL274:
 3672              		.loc 6 546 3 is_stmt 0 view .LVU1237
 3673              		.thumb
 3674              		.syntax unified
 3675              	.LBE760:
 3676              	.LBE759:
 3677              	.LBE758:
 3678              	.LBE757:
 3679              		.loc 4 389 34 is_stmt 1 view .LVU1238
 3680              		.loc 4 390 3 view .LVU1239
 3681 0066 FFF7FEFF 		bl	_dbg_check_lock_from_isr
 3682              	.LVL275:
 3683              	.LBE756:
 3684              	.LBE755:
 3685              	.LBE754:
 3686              		.loc 1 545 5 view .LVU1240
 3687              		.loc 1 546 9 is_stmt 0 view .LVU1241
 3688 006a D6F83428 		ldr	r2, [r6, #2100]
 3689              		.loc 1 545 21 view .LVU1242
 3690 006e FB6D     		ldr	r3, [r7, #92]
 3691              	.LBB761:
 3692              	.LBB762:
 3693              		.loc 3 728 3 view .LVU1243
 3694 0070 1B48     		ldr	r0, .L243+4
 3695              	.LBE762:
 3696              	.LBE761:
 3697              		.loc 1 546 22 view .LVU1244
 3698 0072 22EA0402 		bic	r2, r2, r4
 3699              		.loc 1 545 21 view .LVU1245
 3700 0076 2343     		orrs	r3, r3, r4
 3701              	.LBB765:
 3702              	.LBB763:
ARM GAS  /tmp/cctaqgo8.s 			page 66


 3703              		.loc 3 728 3 view .LVU1246
 3704 0078 0021     		movs	r1, #0
 3705              	.LBE763:
 3706              	.LBE765:
 3707              		.loc 1 546 22 view .LVU1247
 3708 007a C6F83428 		str	r2, [r6, #2100]
 3709              		.loc 1 545 21 view .LVU1248
 3710 007e FB65     		str	r3, [r7, #92]
 3711              		.loc 1 546 5 is_stmt 1 view .LVU1249
 3712              		.loc 1 547 5 view .LVU1250
 3713              	.LVL276:
 3714              	.LBB766:
 3715              	.LBI761:
 3716              		.loc 3 726 20 view .LVU1251
 3717              	.LBB764:
 3718              		.loc 3 728 3 view .LVU1252
 3719 0080 FFF7FEFF 		bl	chThdResumeI
 3720              	.LVL277:
 3721              		.loc 3 728 3 is_stmt 0 view .LVU1253
 3722              	.LBE764:
 3723              	.LBE766:
 3724              		.loc 1 548 5 is_stmt 1 view .LVU1254
 3725              	.LBB767:
 3726              	.LBI767:
 3727              		.loc 3 524 20 view .LVU1255
 3728              	.LBB768:
 3729              		.loc 3 526 3 view .LVU1256
 3730              	.LBB769:
 3731              	.LBI769:
 3732              		.loc 4 406 20 view .LVU1257
 3733              	.LBB770:
 3734              		.loc 4 408 3 view .LVU1258
 3735 0084 FFF7FEFF 		bl	_dbg_check_unlock_from_isr
 3736              	.LVL278:
 3737              		.loc 4 409 33 view .LVU1259
 3738              		.loc 4 410 3 view .LVU1260
 3739              	.LBB771:
 3740              	.LBI771:
 3741              		.loc 5 484 20 view .LVU1261
 3742              		.loc 5 486 3 view .LVU1262
 3743              	.LBB772:
 3744              	.LBI772:
 3745              		.loc 5 458 20 view .LVU1263
 3746              		.loc 5 461 3 view .LVU1264
 3747              	.LBB773:
 3748              	.LBI773:
 3749              		.loc 6 544 57 view .LVU1265
 3750              	.LBB774:
 3751              		.loc 6 546 3 view .LVU1266
 3752 0088 0023     		movs	r3, #0
 3753              		.syntax unified
 3754              	@ 546 "../RC_Controller/ChibiOS_3.0.5/os/ext/CMSIS/include/core_cmFunc.h" 1
 3755 008a 83F31188 		MSR basepri, r3
 3756              	@ 0 "" 2
 3757              	.LVL279:
 3758              		.loc 6 546 3 is_stmt 0 view .LVU1267
 3759              		.thumb
ARM GAS  /tmp/cctaqgo8.s 			page 67


 3760              		.syntax unified
 3761              	.LBE774:
 3762              	.LBE773:
 3763              	.LBE772:
 3764              	.LBE771:
 3765              	.LBE770:
 3766              	.LBE769:
 3767              	.LBE768:
 3768              	.LBE767:
 3769              		.loc 1 550 1 view .LVU1268
 3770 008e BDE8F081 		pop	{r4, r5, r6, r7, r8, pc}
 3771              	.LVL280:
 3772              	.L242:
 3773              	.LBB775:
 3774              		.loc 1 529 7 is_stmt 1 view .LVU1269
 3775              		.loc 1 529 34 is_stmt 0 view .LVU1270
 3776 0092 121A     		subs	r2, r2, r0
 3777              		.loc 1 530 19 view .LVU1271
 3778 0094 4FF00008 		mov	r8, #0
 3779              		.loc 1 529 19 view .LVU1272
 3780 0098 5A60     		str	r2, [r3, #4]
 3781              		.loc 1 530 7 is_stmt 1 view .LVU1273
 3782              		.loc 1 530 19 is_stmt 0 view .LVU1274
 3783 009a C3F80880 		str	r8, [r3, #8]
 3784              		.loc 1 531 7 is_stmt 1 view .LVU1275
 3785 009e 2146     		mov	r1, r4
 3786 00a0 3846     		mov	r0, r7
 3787 00a2 FFF7FEFF 		bl	usb_lld_prepare_transmit
 3788              	.LVL281:
 3789              		.loc 1 532 7 view .LVU1276
 3790              	.LBB736:
 3791              	.LBI736:
 3792              		.loc 3 513 20 view .LVU1277
 3793              		.loc 3 515 3 view .LVU1278
 3794              	.LBB737:
 3795              	.LBI737:
 3796              		.loc 4 386 20 view .LVU1279
 3797              	.LBB738:
 3798              		.loc 4 388 3 view .LVU1280
 3799              	.LBB739:
 3800              	.LBI739:
 3801              		.loc 5 473 20 view .LVU1281
 3802              		.loc 5 475 3 view .LVU1282
 3803              	.LBB740:
 3804              	.LBI740:
 3805              		.loc 5 444 20 view .LVU1283
 3806              		.loc 5 447 3 view .LVU1284
 3807              	.LBB741:
 3808              	.LBI741:
 3809              		.loc 6 544 57 view .LVU1285
 3810              	.LBB742:
 3811              		.loc 6 546 3 view .LVU1286
 3812 00a6 2023     		movs	r3, #32
 3813              		.syntax unified
 3814              	@ 546 "../RC_Controller/ChibiOS_3.0.5/os/ext/CMSIS/include/core_cmFunc.h" 1
 3815 00a8 83F31188 		MSR basepri, r3
 3816              	@ 0 "" 2
ARM GAS  /tmp/cctaqgo8.s 			page 68


 3817              	.LVL282:
 3818              		.loc 6 546 3 is_stmt 0 view .LVU1287
 3819              		.thumb
 3820              		.syntax unified
 3821              	.LBE742:
 3822              	.LBE741:
 3823              	.LBE740:
 3824              	.LBE739:
 3825              		.loc 4 389 34 is_stmt 1 view .LVU1288
 3826              		.loc 4 390 3 view .LVU1289
 3827 00ac FFF7FEFF 		bl	_dbg_check_lock_from_isr
 3828              	.LVL283:
 3829              	.LBE738:
 3830              	.LBE737:
 3831              	.LBE736:
 3832              		.loc 1 533 7 view .LVU1290
 3833              	.LBB743:
 3834              	.LBI743:
 3835              		.loc 1 1213 6 view .LVU1291
 3836              	.LBB744:
 3837              		.loc 1 1215 3 view .LVU1292
 3838              		.loc 1 1215 7 is_stmt 0 view .LVU1293
 3839 00b0 3A6D     		ldr	r2, [r7, #80]
 3840 00b2 02EB4410 		add	r0, r2, r4, lsl #5
 3841              		.loc 1 1216 28 view .LVU1294
 3842 00b6 0123     		movs	r3, #1
 3843              		.loc 1 1215 20 view .LVU1295
 3844 00b8 D0F80019 		ldr	r1, [r0, #2304]
 3845              		.loc 1 1215 29 view .LVU1296
 3846 00bc 41F00441 		orr	r1, r1, #-2080374784
 3847 00c0 C0F80019 		str	r1, [r0, #2304]
 3848              		.loc 1 1216 3 is_stmt 1 view .LVU1297
 3849              		.loc 1 1216 12 is_stmt 0 view .LVU1298
 3850 00c4 D2F83418 		ldr	r1, [r2, #2100]
 3851              		.loc 1 1216 28 view .LVU1299
 3852 00c8 A340     		lsls	r3, r3, r4
 3853              		.loc 1 1216 25 view .LVU1300
 3854 00ca 0B43     		orrs	r3, r3, r1
 3855 00cc C2F83438 		str	r3, [r2, #2100]
 3856              	.LVL284:
 3857              		.loc 1 1216 25 view .LVU1301
 3858              	.LBE744:
 3859              	.LBE743:
 3860              		.loc 1 534 7 is_stmt 1 view .LVU1302
 3861              	.LBB745:
 3862              	.LBI745:
 3863              		.loc 3 524 20 view .LVU1303
 3864              	.LBB746:
 3865              		.loc 3 526 3 view .LVU1304
 3866              	.LBB747:
 3867              	.LBI747:
 3868              		.loc 4 406 20 view .LVU1305
 3869              	.LBB748:
 3870              		.loc 4 408 3 view .LVU1306
 3871 00d0 FFF7FEFF 		bl	_dbg_check_unlock_from_isr
 3872              	.LVL285:
 3873              		.loc 4 409 33 view .LVU1307
ARM GAS  /tmp/cctaqgo8.s 			page 69


 3874              		.loc 4 410 3 view .LVU1308
 3875              	.LBB749:
 3876              	.LBI749:
 3877              		.loc 5 484 20 view .LVU1309
 3878              		.loc 5 486 3 view .LVU1310
 3879              	.LBB750:
 3880              	.LBI750:
 3881              		.loc 5 458 20 view .LVU1311
 3882              		.loc 5 461 3 view .LVU1312
 3883              	.LBB751:
 3884              	.LBI751:
 3885              		.loc 6 544 57 view .LVU1313
 3886              	.LBB752:
 3887              		.loc 6 546 3 view .LVU1314
 3888              		.syntax unified
 3889              	@ 546 "../RC_Controller/ChibiOS_3.0.5/os/ext/CMSIS/include/core_cmFunc.h" 1
 3890 00d4 88F31188 		MSR basepri, r8
 3891              	@ 0 "" 2
 3892              	.LVL286:
 3893              		.loc 6 546 3 is_stmt 0 view .LVU1315
 3894              		.thumb
 3895              		.syntax unified
 3896              	.LBE752:
 3897              	.LBE751:
 3898              	.LBE750:
 3899              	.LBE749:
 3900              	.LBE748:
 3901              	.LBE747:
 3902              		.loc 3 527 1 view .LVU1316
 3903 00d8 A3E7     		b	.L224
 3904              	.L244:
 3905 00da 00BF     		.align	2
 3906              	.L243:
 3907 00dc 00000000 		.word	USBD1
 3908 00e0 60000000 		.word	USBD1+96
 3909              	.LBE746:
 3910              	.LBE745:
 3911              	.LBE775:
 3912              		.cfi_endproc
 3913              	.LFE266:
 3914              		.size	otg_epin_handler.constprop.0, .-otg_epin_handler.constprop.0
 3915              		.section	.text.Vector14C,"ax",%progbits
 3916              		.align	1
 3917              		.p2align 4,,15
 3918              		.global	Vector14C
 3919              		.syntax unified
 3920              		.thumb
 3921              		.thumb_func
 3922              		.type	Vector14C, %function
 3923              	Vector14C:
 3924              	.LFB240:
 3925              		.loc 1 691 38 is_stmt 1 view -0
 3926              		.cfi_startproc
 3927              		@ args = 0, pretend = 0, frame = 0
 3928              		@ frame_needed = 0, uses_anonymous_args = 0
 3929              		.loc 1 693 3 view .LVU1318
 3930              		.loc 1 693 3 view .LVU1319
ARM GAS  /tmp/cctaqgo8.s 			page 70


 3931              		.loc 1 693 3 view .LVU1320
 3932              		.loc 1 691 38 is_stmt 0 view .LVU1321
 3933 0000 70B5     		push	{r4, r5, r6, lr}
 3934              		.cfi_def_cfa_offset 16
 3935              		.cfi_offset 4, -16
 3936              		.cfi_offset 5, -12
 3937              		.cfi_offset 6, -8
 3938              		.cfi_offset 14, -4
 3939              	.LBB812:
 3940              	.LBB813:
 3941              		.loc 1 603 16 view .LVU1322
 3942 0002 404D     		ldr	r5, .L313
 3943              	.LBE813:
 3944              	.LBE812:
 3945              		.loc 1 693 3 view .LVU1323
 3946 0004 FFF7FEFF 		bl	_dbg_check_enter_isr
 3947              	.LVL287:
 3948              		.loc 1 695 3 is_stmt 1 view .LVU1324
 3949              	.LBB837:
 3950              	.LBI812:
 3951              		.loc 1 602 13 view .LVU1325
 3952              	.LBB833:
 3953              		.loc 1 603 3 view .LVU1326
 3954              		.loc 1 603 16 is_stmt 0 view .LVU1327
 3955 0008 2E6D     		ldr	r6, [r5, #80]
 3956              	.LVL288:
 3957              		.loc 1 604 3 is_stmt 1 view .LVU1328
 3958              		.loc 1 606 3 view .LVU1329
 3959              		.loc 1 606 8 is_stmt 0 view .LVU1330
 3960 000a 7469     		ldr	r4, [r6, #20]
 3961              	.LVL289:
 3962              		.loc 1 607 3 is_stmt 1 view .LVU1331
 3963              		.loc 1 607 14 is_stmt 0 view .LVU1332
 3964 000c B369     		ldr	r3, [r6, #24]
 3965              		.loc 1 607 7 view .LVU1333
 3966 000e 1C40     		ands	r4, r4, r3
 3967              	.LVL290:
 3968              		.loc 1 608 3 is_stmt 1 view .LVU1334
 3969              		.loc 1 611 6 is_stmt 0 view .LVU1335
 3970 0010 E104     		lsls	r1, r4, #19
 3971              		.loc 1 608 17 view .LVU1336
 3972 0012 7461     		str	r4, [r6, #20]
 3973              		.loc 1 611 3 is_stmt 1 view .LVU1337
 3974              		.loc 1 611 6 is_stmt 0 view .LVU1338
 3975 0014 3BD4     		bmi	.L302
 3976              		.loc 1 623 3 is_stmt 1 view .LVU1339
 3977              		.loc 1 623 6 is_stmt 0 view .LVU1340
 3978 0016 A204     		lsls	r2, r4, #18
 3979              		.loc 1 624 5 is_stmt 1 view .LVU1341
 3980              		.loc 1 628 3 view .LVU1342
 3981              		.loc 1 624 5 is_stmt 0 view .LVU1343
 3982 0018 48BF     		it	mi
 3983 001a D6F80838 		ldrmi	r3, [r6, #2056]
 3984              		.loc 1 628 6 view .LVU1344
 3985 001e 2307     		lsls	r3, r4, #28
 3986 0020 04D5     		bpl	.L250
 3987              		.loc 1 629 5 is_stmt 1 view .LVU1345
ARM GAS  /tmp/cctaqgo8.s 			page 71


 3988 0022 6B68     		ldr	r3, [r5, #4]
 3989 0024 DB68     		ldr	r3, [r3, #12]
 3990 0026 0BB1     		cbz	r3, .L250
 3991              		.loc 1 629 5 discriminator 1 view .LVU1346
 3992 0028 3648     		ldr	r0, .L313
 3993 002a 9847     		blx	r3
 3994              	.LVL291:
 3995              	.L250:
 3996              		.loc 1 629 33 discriminator 3 view .LVU1347
 3997              		.loc 1 633 3 view .LVU1348
 3998              		.loc 1 633 6 is_stmt 0 view .LVU1349
 3999 002c E506     		lsls	r5, r4, #27
 4000 002e 1BD4     		bmi	.L303
 4001              	.L251:
 4002              		.loc 1 643 3 is_stmt 1 view .LVU1350
 4003              		.loc 1 644 6 is_stmt 0 view .LVU1351
 4004 0030 6003     		lsls	r0, r4, #13
 4005              		.loc 1 643 7 view .LVU1352
 4006 0032 D6F81858 		ldr	r5, [r6, #2072]
 4007              	.LVL292:
 4008              		.loc 1 644 3 is_stmt 1 view .LVU1353
 4009              		.loc 1 644 6 is_stmt 0 view .LVU1354
 4010 0036 07D5     		bpl	.L253
 4011              		.loc 1 645 5 is_stmt 1 view .LVU1355
 4012              		.loc 1 645 8 is_stmt 0 view .LVU1356
 4013 0038 E907     		lsls	r1, r5, #31
 4014 003a 52D4     		bmi	.L304
 4015              	.L254:
 4016              		.loc 1 647 5 is_stmt 1 view .LVU1357
 4017              		.loc 1 647 8 is_stmt 0 view .LVU1358
 4018 003c AA07     		lsls	r2, r5, #30
 4019 003e 47D4     		bmi	.L305
 4020              		.loc 1 649 5 is_stmt 1 view .LVU1359
 4021              		.loc 1 649 8 is_stmt 0 view .LVU1360
 4022 0040 6B07     		lsls	r3, r5, #29
 4023 0042 4AD4     		bmi	.L306
 4024              	.L256:
 4025              		.loc 1 651 5 is_stmt 1 view .LVU1361
 4026              		.loc 1 651 8 is_stmt 0 view .LVU1362
 4027 0044 2E07     		lsls	r6, r5, #28
 4028              	.LVL293:
 4029              		.loc 1 651 8 view .LVU1363
 4030 0046 34D4     		bmi	.L307
 4031              	.L253:
 4032              		.loc 1 660 3 is_stmt 1 view .LVU1364
 4033              		.loc 1 660 6 is_stmt 0 view .LVU1365
 4034 0048 2403     		lsls	r4, r4, #12
 4035              	.LVL294:
 4036              		.loc 1 660 6 view .LVU1366
 4037 004a 07D5     		bpl	.L248
 4038              	.L312:
 4039              		.loc 1 661 5 is_stmt 1 view .LVU1367
 4040              		.loc 1 661 8 is_stmt 0 view .LVU1368
 4041 004c E803     		lsls	r0, r5, #15
 4042 004e 54D4     		bmi	.L308
 4043              	.L259:
 4044              		.loc 1 663 5 is_stmt 1 view .LVU1369
ARM GAS  /tmp/cctaqgo8.s 			page 72


 4045              		.loc 1 663 8 is_stmt 0 view .LVU1370
 4046 0050 A903     		lsls	r1, r5, #14
 4047 0052 4ED4     		bmi	.L309
 4048              	.L260:
 4049              		.loc 1 665 5 is_stmt 1 view .LVU1371
 4050              		.loc 1 665 8 is_stmt 0 view .LVU1372
 4051 0054 6A03     		lsls	r2, r5, #13
 4052 0056 48D4     		bmi	.L310
 4053              	.L261:
 4054              		.loc 1 667 5 is_stmt 1 view .LVU1373
 4055              		.loc 1 667 8 is_stmt 0 view .LVU1374
 4056 0058 2B03     		lsls	r3, r5, #12
 4057 005a 30D4     		bmi	.L311
 4058              	.LVL295:
 4059              	.L248:
 4060              		.loc 1 667 8 view .LVU1375
 4061              	.LBE833:
 4062              	.LBE837:
 4063              		.loc 1 697 3 is_stmt 1 view .LVU1376
 4064 005c FFF7FEFF 		bl	_dbg_check_leave_isr
 4065              	.LVL296:
 4066              		.loc 1 697 3 discriminator 1 view .LVU1377
 4067              		.loc 1 698 1 is_stmt 0 view .LVU1378
 4068 0060 BDE87040 		pop	{r4, r5, r6, lr}
 4069              		.cfi_remember_state
 4070              		.cfi_restore 14
 4071              		.cfi_restore 6
 4072              		.cfi_restore 5
 4073              		.cfi_restore 4
 4074              		.cfi_def_cfa_offset 0
 4075              		.loc 1 697 3 discriminator 1 view .LVU1379
 4076 0064 FFF7FEBF 		b	_port_irq_epilogue
 4077              	.LVL297:
 4078              	.L303:
 4079              		.cfi_restore_state
 4080              	.LBB838:
 4081              	.LBB834:
 4082              		.loc 1 636 5 is_stmt 1 view .LVU1380
 4083              	.LBB814:
 4084              	.LBI814:
 4085              		.loc 3 513 20 view .LVU1381
 4086              		.loc 3 515 3 view .LVU1382
 4087              	.LBB815:
 4088              	.LBI815:
 4089              		.loc 4 386 20 view .LVU1383
 4090              	.LBB816:
 4091              		.loc 4 388 3 view .LVU1384
 4092              	.LBB817:
 4093              	.LBI817:
 4094              		.loc 5 473 20 view .LVU1385
 4095              		.loc 5 475 3 view .LVU1386
 4096              	.LBB818:
 4097              	.LBI818:
 4098              		.loc 5 444 20 view .LVU1387
 4099              		.loc 5 447 3 view .LVU1388
 4100              	.LBB819:
 4101              	.LBI819:
ARM GAS  /tmp/cctaqgo8.s 			page 73


 4102              		.loc 6 544 57 view .LVU1389
 4103              	.LBB820:
 4104              		.loc 6 546 3 view .LVU1390
 4105 0068 2023     		movs	r3, #32
 4106              		.syntax unified
 4107              	@ 546 "../RC_Controller/ChibiOS_3.0.5/os/ext/CMSIS/include/core_cmFunc.h" 1
 4108 006a 83F31188 		MSR basepri, r3
 4109              	@ 0 "" 2
 4110              	.LVL298:
 4111              		.loc 6 546 3 is_stmt 0 view .LVU1391
 4112              		.thumb
 4113              		.syntax unified
 4114              	.LBE820:
 4115              	.LBE819:
 4116              	.LBE818:
 4117              	.LBE817:
 4118              		.loc 4 389 34 is_stmt 1 view .LVU1392
 4119              		.loc 4 390 3 view .LVU1393
 4120 006e FFF7FEFF 		bl	_dbg_check_lock_from_isr
 4121              	.LVL299:
 4122              	.LBE816:
 4123              	.LBE815:
 4124              	.LBE814:
 4125              		.loc 1 637 5 view .LVU1394
 4126              		.loc 1 637 9 is_stmt 0 view .LVU1395
 4127 0072 B369     		ldr	r3, [r6, #24]
 4128              	.LBB821:
 4129              	.LBB822:
 4130              		.loc 3 728 3 view .LVU1396
 4131 0074 2448     		ldr	r0, .L313+4
 4132              	.LBE822:
 4133              	.LBE821:
 4134              		.loc 1 637 19 view .LVU1397
 4135 0076 23F01003 		bic	r3, r3, #16
 4136 007a B361     		str	r3, [r6, #24]
 4137              		.loc 1 638 5 is_stmt 1 view .LVU1398
 4138              	.LVL300:
 4139              	.LBB824:
 4140              	.LBI821:
 4141              		.loc 3 726 20 view .LVU1399
 4142              	.LBB823:
 4143              		.loc 3 728 3 view .LVU1400
 4144 007c 0021     		movs	r1, #0
 4145 007e FFF7FEFF 		bl	chThdResumeI
 4146              	.LVL301:
 4147              		.loc 3 728 3 is_stmt 0 view .LVU1401
 4148              	.LBE823:
 4149              	.LBE824:
 4150              		.loc 1 639 5 is_stmt 1 view .LVU1402
 4151              	.LBB825:
 4152              	.LBI825:
 4153              		.loc 3 524 20 view .LVU1403
 4154              	.LBB826:
 4155              		.loc 3 526 3 view .LVU1404
 4156              	.LBB827:
 4157              	.LBI827:
 4158              		.loc 4 406 20 view .LVU1405
ARM GAS  /tmp/cctaqgo8.s 			page 74


 4159              	.LBB828:
 4160              		.loc 4 408 3 view .LVU1406
 4161 0082 FFF7FEFF 		bl	_dbg_check_unlock_from_isr
 4162              	.LVL302:
 4163              		.loc 4 409 33 view .LVU1407
 4164              		.loc 4 410 3 view .LVU1408
 4165              	.LBB829:
 4166              	.LBI829:
 4167              		.loc 5 484 20 view .LVU1409
 4168              		.loc 5 486 3 view .LVU1410
 4169              	.LBB830:
 4170              	.LBI830:
 4171              		.loc 5 458 20 view .LVU1411
 4172              		.loc 5 461 3 view .LVU1412
 4173              	.LBB831:
 4174              	.LBI831:
 4175              		.loc 6 544 57 view .LVU1413
 4176              	.LBB832:
 4177              		.loc 6 546 3 view .LVU1414
 4178 0086 0023     		movs	r3, #0
 4179              		.syntax unified
 4180              	@ 546 "../RC_Controller/ChibiOS_3.0.5/os/ext/CMSIS/include/core_cmFunc.h" 1
 4181 0088 83F31188 		MSR basepri, r3
 4182              	@ 0 "" 2
 4183              	.LVL303:
 4184              		.loc 6 546 3 is_stmt 0 view .LVU1415
 4185              		.thumb
 4186              		.syntax unified
 4187              	.LBE832:
 4188              	.LBE831:
 4189              	.LBE830:
 4190              	.LBE829:
 4191              	.LBE828:
 4192              	.LBE827:
 4193              		.loc 3 527 1 view .LVU1416
 4194 008c D0E7     		b	.L251
 4195              	.L302:
 4196              		.loc 3 527 1 view .LVU1417
 4197              	.LBE826:
 4198              	.LBE825:
 4199              		.loc 1 614 5 is_stmt 1 view .LVU1418
 4200              		.loc 1 614 21 is_stmt 0 view .LVU1419
 4201 008e 0024     		movs	r4, #0
 4202              	.LVL304:
 4203              		.loc 1 617 5 view .LVU1420
 4204 0090 2846     		mov	r0, r5
 4205              		.loc 1 614 21 view .LVU1421
 4206 0092 EC65     		str	r4, [r5, #92]
 4207              		.loc 1 617 5 is_stmt 1 view .LVU1422
 4208 0094 FFF7FEFF 		bl	_usb_reset
 4209              	.LVL305:
 4210              		.loc 1 618 5 view .LVU1423
 4211 0098 6B68     		ldr	r3, [r5, #4]
 4212 009a 1B68     		ldr	r3, [r3]
 4213 009c 002B     		cmp	r3, #0
 4214 009e DDD0     		beq	.L248
 4215              		.loc 1 618 5 discriminator 1 view .LVU1424
ARM GAS  /tmp/cctaqgo8.s 			page 75


 4216 00a0 2146     		mov	r1, r4
 4217 00a2 2846     		mov	r0, r5
 4218 00a4 9847     		blx	r3
 4219              	.LVL306:
 4220              		.loc 1 618 5 is_stmt 0 discriminator 1 view .LVU1425
 4221              	.LBE834:
 4222              	.LBE838:
 4223              		.loc 1 697 3 is_stmt 1 view .LVU1426
 4224 00a6 FFF7FEFF 		bl	_dbg_check_leave_isr
 4225              	.LVL307:
 4226              		.loc 1 697 3 discriminator 1 view .LVU1427
 4227              		.loc 1 698 1 is_stmt 0 view .LVU1428
 4228 00aa BDE87040 		pop	{r4, r5, r6, lr}
 4229              		.cfi_remember_state
 4230              		.cfi_restore 14
 4231              		.cfi_restore 6
 4232              		.cfi_restore 5
 4233              		.cfi_restore 4
 4234              		.cfi_def_cfa_offset 0
 4235              		.loc 1 697 3 discriminator 1 view .LVU1429
 4236 00ae FFF7FEBF 		b	_port_irq_epilogue
 4237              	.LVL308:
 4238              	.L307:
 4239              		.cfi_restore_state
 4240              	.LBB839:
 4241              	.LBB835:
 4242              		.loc 1 652 7 is_stmt 1 view .LVU1430
 4243 00b2 0320     		movs	r0, #3
 4244 00b4 FFF7FEFF 		bl	otg_epin_handler.constprop.0
 4245              	.LVL309:
 4246              		.loc 1 660 3 view .LVU1431
 4247              		.loc 1 660 6 is_stmt 0 view .LVU1432
 4248 00b8 2403     		lsls	r4, r4, #12
 4249              	.LVL310:
 4250              		.loc 1 660 6 view .LVU1433
 4251 00ba CFD5     		bpl	.L248
 4252 00bc C6E7     		b	.L312
 4253              	.L311:
 4254              		.loc 1 668 7 is_stmt 1 view .LVU1434
 4255 00be 0320     		movs	r0, #3
 4256 00c0 FFF7FEFF 		bl	otg_epout_handler.constprop.0
 4257              	.LVL311:
 4258              		.loc 1 668 7 is_stmt 0 view .LVU1435
 4259              	.LBE835:
 4260              	.LBE839:
 4261              		.loc 1 697 3 is_stmt 1 view .LVU1436
 4262 00c4 FFF7FEFF 		bl	_dbg_check_leave_isr
 4263              	.LVL312:
 4264              		.loc 1 697 3 discriminator 1 view .LVU1437
 4265              		.loc 1 698 1 is_stmt 0 view .LVU1438
 4266 00c8 BDE87040 		pop	{r4, r5, r6, lr}
 4267              		.cfi_remember_state
 4268              		.cfi_restore 14
 4269              		.cfi_restore 6
 4270              		.cfi_restore 5
 4271              		.cfi_restore 4
 4272              		.cfi_def_cfa_offset 0
ARM GAS  /tmp/cctaqgo8.s 			page 76


 4273              		.loc 1 697 3 discriminator 1 view .LVU1439
 4274 00cc FFF7FEBF 		b	_port_irq_epilogue
 4275              	.LVL313:
 4276              	.L305:
 4277              		.cfi_restore_state
 4278              	.LBB840:
 4279              	.LBB836:
 4280              		.loc 1 648 7 is_stmt 1 view .LVU1440
 4281 00d0 0120     		movs	r0, #1
 4282 00d2 FFF7FEFF 		bl	otg_epin_handler.constprop.0
 4283              	.LVL314:
 4284              		.loc 1 649 5 view .LVU1441
 4285              		.loc 1 649 8 is_stmt 0 view .LVU1442
 4286 00d6 6B07     		lsls	r3, r5, #29
 4287 00d8 B4D5     		bpl	.L256
 4288              	.L306:
 4289              		.loc 1 650 7 is_stmt 1 view .LVU1443
 4290 00da 0220     		movs	r0, #2
 4291 00dc FFF7FEFF 		bl	otg_epin_handler.constprop.0
 4292              	.LVL315:
 4293 00e0 B0E7     		b	.L256
 4294              	.L304:
 4295              		.loc 1 646 7 view .LVU1444
 4296 00e2 0020     		movs	r0, #0
 4297 00e4 FFF7FEFF 		bl	otg_epin_handler.constprop.0
 4298              	.LVL316:
 4299 00e8 A8E7     		b	.L254
 4300              	.LVL317:
 4301              	.L310:
 4302              		.loc 1 666 7 view .LVU1445
 4303 00ea 0220     		movs	r0, #2
 4304 00ec FFF7FEFF 		bl	otg_epout_handler.constprop.0
 4305              	.LVL318:
 4306 00f0 B2E7     		b	.L261
 4307              	.L309:
 4308              		.loc 1 664 7 view .LVU1446
 4309 00f2 0120     		movs	r0, #1
 4310 00f4 FFF7FEFF 		bl	otg_epout_handler.constprop.0
 4311              	.LVL319:
 4312 00f8 ACE7     		b	.L260
 4313              	.L308:
 4314              		.loc 1 662 7 view .LVU1447
 4315 00fa 0020     		movs	r0, #0
 4316 00fc FFF7FEFF 		bl	otg_epout_handler.constprop.0
 4317              	.LVL320:
 4318 0100 A6E7     		b	.L259
 4319              	.L314:
 4320 0102 00BF     		.align	2
 4321              	.L313:
 4322 0104 00000000 		.word	USBD1
 4323 0108 60000000 		.word	USBD1+96
 4324              	.LBE836:
 4325              	.LBE840:
 4326              		.cfi_endproc
 4327              	.LFE240:
 4328              		.size	Vector14C, .-Vector14C
 4329              		.section	.text.usb_lld_start_out,"ax",%progbits
ARM GAS  /tmp/cctaqgo8.s 			page 77


 4330              		.align	1
 4331              		.p2align 4,,15
 4332              		.global	usb_lld_start_out
 4333              		.syntax unified
 4334              		.thumb
 4335              		.thumb_func
 4336              		.type	usb_lld_start_out, %function
 4337              	usb_lld_start_out:
 4338              	.LVL321:
 4339              	.LFB253:
 4340              		.loc 1 1200 53 view -0
 4341              		.cfi_startproc
 4342              		@ args = 0, pretend = 0, frame = 0
 4343              		@ frame_needed = 0, uses_anonymous_args = 0
 4344              		@ link register save eliminated.
 4345              		.loc 1 1202 3 view .LVU1449
 4346 0000 036D     		ldr	r3, [r0, #80]
 4347 0002 03EB4111 		add	r1, r3, r1, lsl #5
 4348              	.LVL322:
 4349              		.loc 1 1202 20 is_stmt 0 view .LVU1450
 4350 0006 D1F8003B 		ldr	r3, [r1, #2816]
 4351              		.loc 1 1202 29 view .LVU1451
 4352 000a 43F08063 		orr	r3, r3, #67108864
 4353 000e C1F8003B 		str	r3, [r1, #2816]
 4354              		.loc 1 1203 1 view .LVU1452
 4355 0012 7047     		bx	lr
 4356              		.cfi_endproc
 4357              	.LFE253:
 4358              		.size	usb_lld_start_out, .-usb_lld_start_out
 4359              		.section	.text.usb_lld_start_in,"ax",%progbits
 4360              		.align	1
 4361              		.p2align 4,,15
 4362              		.global	usb_lld_start_in
 4363              		.syntax unified
 4364              		.thumb
 4365              		.thumb_func
 4366              		.type	usb_lld_start_in, %function
 4367              	usb_lld_start_in:
 4368              	.LVL323:
 4369              	.LFB254:
 4370              		.loc 1 1213 52 is_stmt 1 view -0
 4371              		.cfi_startproc
 4372              		@ args = 0, pretend = 0, frame = 0
 4373              		@ frame_needed = 0, uses_anonymous_args = 0
 4374              		@ link register save eliminated.
 4375              		.loc 1 1215 3 view .LVU1454
 4376              		.loc 1 1215 7 is_stmt 0 view .LVU1455
 4377 0000 026D     		ldr	r2, [r0, #80]
 4378 0002 02EB411C 		add	ip, r2, r1, lsl #5
 4379              		.loc 1 1216 28 view .LVU1456
 4380 0006 0123     		movs	r3, #1
 4381              		.loc 1 1215 20 view .LVU1457
 4382 0008 DCF80009 		ldr	r0, [ip, #2304]
 4383              	.LVL324:
 4384              		.loc 1 1215 29 view .LVU1458
 4385 000c 40F00440 		orr	r0, r0, #-2080374784
 4386 0010 CCF80009 		str	r0, [ip, #2304]
ARM GAS  /tmp/cctaqgo8.s 			page 78


 4387              		.loc 1 1216 3 is_stmt 1 view .LVU1459
 4388              		.loc 1 1216 28 is_stmt 0 view .LVU1460
 4389 0014 03FA01F1 		lsl	r1, r3, r1
 4390              	.LVL325:
 4391              		.loc 1 1216 12 view .LVU1461
 4392 0018 D2F83438 		ldr	r3, [r2, #2100]
 4393              		.loc 1 1216 25 view .LVU1462
 4394 001c 1943     		orrs	r1, r1, r3
 4395 001e C2F83418 		str	r1, [r2, #2100]
 4396              		.loc 1 1217 1 view .LVU1463
 4397 0022 7047     		bx	lr
 4398              		.cfi_endproc
 4399              	.LFE254:
 4400              		.size	usb_lld_start_in, .-usb_lld_start_in
 4401              		.section	.text.usb_lld_stall_out,"ax",%progbits
 4402              		.align	1
 4403              		.p2align 4,,15
 4404              		.global	usb_lld_stall_out
 4405              		.syntax unified
 4406              		.thumb
 4407              		.thumb_func
 4408              		.type	usb_lld_stall_out, %function
 4409              	usb_lld_stall_out:
 4410              	.LVL326:
 4411              	.LFB255:
 4412              		.loc 1 1227 53 is_stmt 1 view -0
 4413              		.cfi_startproc
 4414              		@ args = 0, pretend = 0, frame = 0
 4415              		@ frame_needed = 0, uses_anonymous_args = 0
 4416              		@ link register save eliminated.
 4417              		.loc 1 1229 3 view .LVU1465
 4418 0000 036D     		ldr	r3, [r0, #80]
 4419 0002 03EB4111 		add	r1, r3, r1, lsl #5
 4420              	.LVL327:
 4421              		.loc 1 1229 20 is_stmt 0 view .LVU1466
 4422 0006 D1F8003B 		ldr	r3, [r1, #2816]
 4423              		.loc 1 1229 29 view .LVU1467
 4424 000a 43F40013 		orr	r3, r3, #2097152
 4425 000e C1F8003B 		str	r3, [r1, #2816]
 4426              		.loc 1 1230 1 view .LVU1468
 4427 0012 7047     		bx	lr
 4428              		.cfi_endproc
 4429              	.LFE255:
 4430              		.size	usb_lld_stall_out, .-usb_lld_stall_out
 4431              		.section	.text.usb_lld_stall_in,"ax",%progbits
 4432              		.align	1
 4433              		.p2align 4,,15
 4434              		.global	usb_lld_stall_in
 4435              		.syntax unified
 4436              		.thumb
 4437              		.thumb_func
 4438              		.type	usb_lld_stall_in, %function
 4439              	usb_lld_stall_in:
 4440              	.LVL328:
 4441              	.LFB256:
 4442              		.loc 1 1240 52 is_stmt 1 view -0
 4443              		.cfi_startproc
ARM GAS  /tmp/cctaqgo8.s 			page 79


 4444              		@ args = 0, pretend = 0, frame = 0
 4445              		@ frame_needed = 0, uses_anonymous_args = 0
 4446              		@ link register save eliminated.
 4447              		.loc 1 1242 3 view .LVU1470
 4448 0000 036D     		ldr	r3, [r0, #80]
 4449 0002 03EB4111 		add	r1, r3, r1, lsl #5
 4450              	.LVL329:
 4451              		.loc 1 1242 20 is_stmt 0 view .LVU1471
 4452 0006 D1F80039 		ldr	r3, [r1, #2304]
 4453              		.loc 1 1242 29 view .LVU1472
 4454 000a 43F40013 		orr	r3, r3, #2097152
 4455 000e C1F80039 		str	r3, [r1, #2304]
 4456              		.loc 1 1243 1 view .LVU1473
 4457 0012 7047     		bx	lr
 4458              		.cfi_endproc
 4459              	.LFE256:
 4460              		.size	usb_lld_stall_in, .-usb_lld_stall_in
 4461              		.section	.text.usb_lld_clear_out,"ax",%progbits
 4462              		.align	1
 4463              		.p2align 4,,15
 4464              		.global	usb_lld_clear_out
 4465              		.syntax unified
 4466              		.thumb
 4467              		.thumb_func
 4468              		.type	usb_lld_clear_out, %function
 4469              	usb_lld_clear_out:
 4470              	.LVL330:
 4471              	.LFB257:
 4472              		.loc 1 1253 53 is_stmt 1 view -0
 4473              		.cfi_startproc
 4474              		@ args = 0, pretend = 0, frame = 0
 4475              		@ frame_needed = 0, uses_anonymous_args = 0
 4476              		@ link register save eliminated.
 4477              		.loc 1 1255 3 view .LVU1475
 4478 0000 036D     		ldr	r3, [r0, #80]
 4479 0002 03EB4111 		add	r1, r3, r1, lsl #5
 4480              	.LVL331:
 4481              		.loc 1 1255 20 is_stmt 0 view .LVU1476
 4482 0006 D1F8003B 		ldr	r3, [r1, #2816]
 4483              		.loc 1 1255 29 view .LVU1477
 4484 000a 23F40013 		bic	r3, r3, #2097152
 4485 000e C1F8003B 		str	r3, [r1, #2816]
 4486              		.loc 1 1256 1 view .LVU1478
 4487 0012 7047     		bx	lr
 4488              		.cfi_endproc
 4489              	.LFE257:
 4490              		.size	usb_lld_clear_out, .-usb_lld_clear_out
 4491              		.section	.text.usb_lld_clear_in,"ax",%progbits
 4492              		.align	1
 4493              		.p2align 4,,15
 4494              		.global	usb_lld_clear_in
 4495              		.syntax unified
 4496              		.thumb
 4497              		.thumb_func
 4498              		.type	usb_lld_clear_in, %function
 4499              	usb_lld_clear_in:
 4500              	.LVL332:
ARM GAS  /tmp/cctaqgo8.s 			page 80


 4501              	.LFB258:
 4502              		.loc 1 1266 52 is_stmt 1 view -0
 4503              		.cfi_startproc
 4504              		@ args = 0, pretend = 0, frame = 0
 4505              		@ frame_needed = 0, uses_anonymous_args = 0
 4506              		@ link register save eliminated.
 4507              		.loc 1 1268 3 view .LVU1480
 4508 0000 036D     		ldr	r3, [r0, #80]
 4509 0002 03EB4111 		add	r1, r3, r1, lsl #5
 4510              	.LVL333:
 4511              		.loc 1 1268 20 is_stmt 0 view .LVU1481
 4512 0006 D1F80039 		ldr	r3, [r1, #2304]
 4513              		.loc 1 1268 29 view .LVU1482
 4514 000a 23F40013 		bic	r3, r3, #2097152
 4515 000e C1F80039 		str	r3, [r1, #2304]
 4516              		.loc 1 1269 1 view .LVU1483
 4517 0012 7047     		bx	lr
 4518              		.cfi_endproc
 4519              	.LFE258:
 4520              		.size	usb_lld_clear_in, .-usb_lld_clear_in
 4521              		.section	.rodata.__func__.0,"a"
 4522              		.align	2
 4523              		.type	__func__.0, %object
 4524              		.size	__func__.0, 12
 4525              	__func__.0:
 4526 0000 63685379 		.ascii	"chSysUnlock\000"
 4526      73556E6C 
 4526      6F636B00 
 4527              		.section	.rodata.__func__.1,"a"
 4528              		.align	2
 4529              		.type	__func__.1, %object
 4530              		.size	__func__.1, 14
 4531              	__func__.1:
 4532 0000 6F74675F 		.ascii	"otg_ram_alloc\000"
 4532      72616D5F 
 4532      616C6C6F 
 4532      6300
 4533              		.section	.rodata.__func__.2,"a"
 4534              		.align	2
 4535              		.type	__func__.2, %object
 4536              		.size	__func__.2, 12
 4537              	__func__.2:
 4538 0000 63685468 		.ascii	"chThdStartI\000"
 4538      64537461 
 4538      72744900 
 4539              		.section	.rodata.fsparams,"a"
 4540              		.align	2
 4541              		.type	fsparams, %object
 4542              		.size	fsparams, 12
 4543              	fsparams:
 4544 0000 80000000 		.word	128
 4545 0004 40010000 		.word	320
 4546 0008 03000000 		.word	3
 4547              		.section	.rodata.ep0config,"a"
 4548              		.align	2
 4549              		.type	ep0config, %object
 4550              		.size	ep0config, 36
ARM GAS  /tmp/cctaqgo8.s 			page 81


 4551              	ep0config:
 4552 0000 00000000 		.word	0
 4553 0004 00000000 		.word	_usb_ep0setup
 4554 0008 00000000 		.word	_usb_ep0in
 4555 000c 00000000 		.word	_usb_ep0out
 4556 0010 4000     		.short	64
 4557 0012 4000     		.short	64
 4558 0014 00000000 		.word	ep0_state
 4559 0018 00000000 		.word	ep0_state
 4560 001c 0100     		.short	1
 4561 001e 0000     		.space	2
 4562 0020 00000000 		.word	ep0setup_buffer
 4563              		.section	.bss.ep0setup_buffer,"aw",%nobits
 4564              		.align	2
 4565              		.type	ep0setup_buffer, %object
 4566              		.size	ep0setup_buffer, 8
 4567              	ep0setup_buffer:
 4568 0000 00000000 		.space	8
 4568      00000000 
 4569              		.section	.bss.ep0_state,"aw",%nobits
 4570              		.align	2
 4571              		.type	ep0_state, %object
 4572              		.size	ep0_state, 20
 4573              	ep0_state:
 4574 0000 00000000 		.space	20
 4574      00000000 
 4574      00000000 
 4574      00000000 
 4574      00000000 
 4575              		.global	USBD1
 4576              		.section	.bss.USBD1,"aw",%nobits
 4577              		.align	3
 4578              		.type	USBD1, %object
 4579              		.size	USBD1, 544
 4580              	USBD1:
 4581 0000 00000000 		.space	544
 4581      00000000 
 4581      00000000 
 4581      00000000 
 4581      00000000 
 4582              		.text
 4583              	.Letext0:
 4584              		.file 8 "/opt/arm-gnu-toolchain-13.2.Rel1-x86_64-arm-none-eabi/lib/gcc/arm-none-eabi/13.2.1/includ
 4585              		.file 9 "/opt/arm-gnu-toolchain-13.2.Rel1-x86_64-arm-none-eabi/arm-none-eabi/include/machine/_defa
 4586              		.file 10 "/opt/arm-gnu-toolchain-13.2.Rel1-x86_64-arm-none-eabi/arm-none-eabi/include/sys/_stdint.
 4587              		.file 11 "../RC_Controller/ChibiOS_3.0.5/os/rt/ports/ARMCMx/compilers/GCC/chtypes.h"
 4588              		.file 12 "../RC_Controller/ChibiOS_3.0.5/os/rt/include/chsystypes.h"
 4589              		.file 13 "../RC_Controller/ChibiOS_3.0.5/os/rt/include/chschd.h"
 4590              		.file 14 "../RC_Controller/ChibiOS_3.0.5/os/ext/CMSIS/ST/stm32f405xx.h"
 4591              		.file 15 "../RC_Controller/ChibiOS_3.0.5/os/rt/ports/ARMCMx/chcore.h"
 4592              		.file 16 "../RC_Controller/ChibiOS_3.0.5/os/rt/include/chtm.h"
 4593              		.file 17 "../RC_Controller/ChibiOS_3.0.5/os/rt/include/chsem.h"
 4594              		.file 18 "../RC_Controller/ChibiOS_3.0.5/os/rt/include/chmtx.h"
 4595              		.file 19 "../RC_Controller/ChibiOS_3.0.5/os/hal/include/hal_queues.h"
 4596              		.file 20 "../RC_Controller/ChibiOS_3.0.5/os/hal/include/usb.h"
 4597              		.file 21 "../RC_Controller/ChibiOS_3.0.5/os/hal/ports/STM32/LLD/OTGv1/usb_lld.h"
 4598              		.file 22 "../RC_Controller/ChibiOS_3.0.5/os/hal/ports/STM32/LLD/OTGv1/stm32_otg.h"
ARM GAS  /tmp/cctaqgo8.s 			page 82


 4599              		.file 23 "../RC_Controller/ChibiOS_3.0.5/os/rt/include/chdebug.h"
 4600              		.file 24 "/opt/arm-gnu-toolchain-13.2.Rel1-x86_64-arm-none-eabi/arm-none-eabi/include/string.h"
 4601              		.file 25 "../RC_Controller/ChibiOS_3.0.5/os/hal/ports/common/ARMCMx/nvic.h"
 4602              		.section	.debug_info,"",%progbits
 4603              	.Ldebug_info0:
 4604 0000 4E3A0000 		.4byte	0x3a4e
 4605 0004 0500     		.2byte	0x5
 4606 0006 01       		.byte	0x1
 4607 0007 04       		.byte	0x4
 4608 0008 00000000 		.4byte	.Ldebug_abbrev0
 4609 000c 50       		.uleb128 0x50
 4610 000d 18000000 		.4byte	.LASF408
 4611 0011 0C       		.byte	0xc
 4612 0012 C90D0000 		.4byte	.LASF409
 4613 0016 BE0E0000 		.4byte	.LASF410
 4614 001a BD020000 		.4byte	.LLRL202
 4615 001e 00000000 		.4byte	0
 4616 0022 00000000 		.4byte	.Ldebug_line0
 4617 0026 20       		.uleb128 0x20
 4618 0027 08       		.byte	0x8
 4619 0028 07       		.byte	0x7
 4620 0029 530D0000 		.4byte	.LASF0
 4621 002d 20       		.uleb128 0x20
 4622 002e 04       		.byte	0x4
 4623 002f 07       		.byte	0x7
 4624 0030 1D0B0000 		.4byte	.LASF1
 4625 0034 20       		.uleb128 0x20
 4626 0035 01       		.byte	0x1
 4627 0036 08       		.byte	0x8
 4628 0037 73050000 		.4byte	.LASF2
 4629 003b 51       		.uleb128 0x51
 4630 003c 04       		.byte	0x4
 4631 003d 05       		.byte	0x5
 4632 003e 696E7400 		.ascii	"int\000"
 4633 0042 05       		.uleb128 0x5
 4634 0043 00000000 		.4byte	.LASF4
 4635 0047 08       		.byte	0x8
 4636 0048 D6       		.byte	0xd6
 4637 0049 17       		.byte	0x17
 4638 004a 2D000000 		.4byte	0x2d
 4639 004e 18       		.uleb128 0x18
 4640 004f 42000000 		.4byte	0x42
 4641 0053 20       		.uleb128 0x20
 4642 0054 01       		.byte	0x1
 4643 0055 06       		.byte	0x6
 4644 0056 C4040000 		.4byte	.LASF3
 4645 005a 05       		.uleb128 0x5
 4646 005b 26030000 		.4byte	.LASF5
 4647 005f 09       		.byte	0x9
 4648 0060 2B       		.byte	0x2b
 4649 0061 18       		.byte	0x18
 4650 0062 34000000 		.4byte	0x34
 4651 0066 20       		.uleb128 0x20
 4652 0067 02       		.byte	0x2
 4653 0068 05       		.byte	0x5
 4654 0069 31100000 		.4byte	.LASF6
 4655 006d 05       		.uleb128 0x5
ARM GAS  /tmp/cctaqgo8.s 			page 83


 4656 006e 84060000 		.4byte	.LASF7
 4657 0072 09       		.byte	0x9
 4658 0073 39       		.byte	0x39
 4659 0074 19       		.byte	0x19
 4660 0075 79000000 		.4byte	0x79
 4661 0079 20       		.uleb128 0x20
 4662 007a 02       		.byte	0x2
 4663 007b 07       		.byte	0x7
 4664 007c 35120000 		.4byte	.LASF8
 4665 0080 05       		.uleb128 0x5
 4666 0081 CB120000 		.4byte	.LASF9
 4667 0085 09       		.byte	0x9
 4668 0086 4D       		.byte	0x4d
 4669 0087 18       		.byte	0x18
 4670 0088 8C000000 		.4byte	0x8c
 4671 008c 20       		.uleb128 0x20
 4672 008d 04       		.byte	0x4
 4673 008e 05       		.byte	0x5
 4674 008f 96030000 		.4byte	.LASF10
 4675 0093 05       		.uleb128 0x5
 4676 0094 E8090000 		.4byte	.LASF11
 4677 0098 09       		.byte	0x9
 4678 0099 4F       		.byte	0x4f
 4679 009a 19       		.byte	0x19
 4680 009b 9F000000 		.4byte	0x9f
 4681 009f 20       		.uleb128 0x20
 4682 00a0 04       		.byte	0x4
 4683 00a1 07       		.byte	0x7
 4684 00a2 88080000 		.4byte	.LASF12
 4685 00a6 20       		.uleb128 0x20
 4686 00a7 08       		.byte	0x8
 4687 00a8 05       		.byte	0x5
 4688 00a9 040A0000 		.4byte	.LASF13
 4689 00ad 05       		.uleb128 0x5
 4690 00ae 69080000 		.4byte	.LASF14
 4691 00b2 09       		.byte	0x9
 4692 00b3 69       		.byte	0x69
 4693 00b4 19       		.byte	0x19
 4694 00b5 26000000 		.4byte	0x26
 4695 00b9 52       		.uleb128 0x52
 4696 00ba 04       		.byte	0x4
 4697 00bb 20       		.uleb128 0x20
 4698 00bc 01       		.byte	0x1
 4699 00bd 08       		.byte	0x8
 4700 00be 5B060000 		.4byte	.LASF15
 4701 00c2 28       		.uleb128 0x28
 4702 00c3 BB000000 		.4byte	0xbb
 4703 00c7 0B       		.uleb128 0xb
 4704 00c8 C2000000 		.4byte	0xc2
 4705 00cc 18       		.uleb128 0x18
 4706 00cd C7000000 		.4byte	0xc7
 4707 00d1 05       		.uleb128 0x5
 4708 00d2 DA040000 		.4byte	.LASF16
 4709 00d6 0A       		.byte	0xa
 4710 00d7 18       		.byte	0x18
 4711 00d8 13       		.byte	0x13
 4712 00d9 5A000000 		.4byte	0x5a
ARM GAS  /tmp/cctaqgo8.s 			page 84


 4713 00dd 28       		.uleb128 0x28
 4714 00de D1000000 		.4byte	0xd1
 4715 00e2 05       		.uleb128 0x5
 4716 00e3 A10D0000 		.4byte	.LASF17
 4717 00e7 0A       		.byte	0xa
 4718 00e8 24       		.byte	0x24
 4719 00e9 14       		.byte	0x14
 4720 00ea 6D000000 		.4byte	0x6d
 4721 00ee 05       		.uleb128 0x5
 4722 00ef 60010000 		.4byte	.LASF18
 4723 00f3 0A       		.byte	0xa
 4724 00f4 2C       		.byte	0x2c
 4725 00f5 13       		.byte	0x13
 4726 00f6 80000000 		.4byte	0x80
 4727 00fa 05       		.uleb128 0x5
 4728 00fb E6110000 		.4byte	.LASF19
 4729 00ff 0A       		.byte	0xa
 4730 0100 30       		.byte	0x30
 4731 0101 14       		.byte	0x14
 4732 0102 93000000 		.4byte	0x93
 4733 0106 18       		.uleb128 0x18
 4734 0107 FA000000 		.4byte	0xfa
 4735 010b 05       		.uleb128 0x5
 4736 010c 50100000 		.4byte	.LASF20
 4737 0110 0A       		.byte	0xa
 4738 0111 3C       		.byte	0x3c
 4739 0112 14       		.byte	0x14
 4740 0113 AD000000 		.4byte	0xad
 4741 0117 05       		.uleb128 0x5
 4742 0118 4B0B0000 		.4byte	.LASF21
 4743 011c 0B       		.byte	0xb
 4744 011d 45       		.byte	0x45
 4745 011e 1D       		.byte	0x1d
 4746 011f FA000000 		.4byte	0xfa
 4747 0123 05       		.uleb128 0x5
 4748 0124 780F0000 		.4byte	.LASF22
 4749 0128 0B       		.byte	0xb
 4750 0129 48       		.byte	0x48
 4751 012a 1D       		.byte	0x1d
 4752 012b D1000000 		.4byte	0xd1
 4753 012f 05       		.uleb128 0x5
 4754 0130 D2030000 		.4byte	.LASF23
 4755 0134 0B       		.byte	0xb
 4756 0135 49       		.byte	0x49
 4757 0136 1D       		.byte	0x1d
 4758 0137 D1000000 		.4byte	0xd1
 4759 013b 05       		.uleb128 0x5
 4760 013c 630E0000 		.4byte	.LASF24
 4761 0140 0B       		.byte	0xb
 4762 0141 4B       		.byte	0x4b
 4763 0142 1D       		.byte	0x1d
 4764 0143 D1000000 		.4byte	0xd1
 4765 0147 05       		.uleb128 0x5
 4766 0148 52010000 		.4byte	.LASF25
 4767 014c 0B       		.byte	0xb
 4768 014d 4C       		.byte	0x4c
 4769 014e 1D       		.byte	0x1d
ARM GAS  /tmp/cctaqgo8.s 			page 85


 4770 014f FA000000 		.4byte	0xfa
 4771 0153 05       		.uleb128 0x5
 4772 0154 BE0D0000 		.4byte	.LASF26
 4773 0158 0B       		.byte	0xb
 4774 0159 4D       		.byte	0x4d
 4775 015a 1D       		.byte	0x1d
 4776 015b EE000000 		.4byte	0xee
 4777 015f 05       		.uleb128 0x5
 4778 0160 4B070000 		.4byte	.LASF27
 4779 0164 0B       		.byte	0xb
 4780 0165 51       		.byte	0x51
 4781 0166 1D       		.byte	0x1d
 4782 0167 EE000000 		.4byte	0xee
 4783 016b 05       		.uleb128 0x5
 4784 016c 0E000000 		.4byte	.LASF28
 4785 0170 0C       		.byte	0xc
 4786 0171 33       		.byte	0x33
 4787 0172 12       		.byte	0x12
 4788 0173 FA000000 		.4byte	0xfa
 4789 0177 18       		.uleb128 0x18
 4790 0178 6B010000 		.4byte	0x16b
 4791 017c 05       		.uleb128 0x5
 4792 017d 5F0C0000 		.4byte	.LASF29
 4793 0181 0C       		.byte	0xc
 4794 0182 3F       		.byte	0x3f
 4795 0183 1A       		.byte	0x1a
 4796 0184 88010000 		.4byte	0x188
 4797 0188 2B       		.uleb128 0x2b
 4798 0189 C9080000 		.4byte	.LASF44
 4799 018d 2C       		.byte	0x2c
 4800 018e 0D       		.byte	0xd
 4801 018f C2       		.byte	0xc2
 4802 0190 08       		.byte	0x8
 4803 0191 42020000 		.4byte	0x242
 4804 0195 03       		.uleb128 0x3
 4805 0196 9F030000 		.4byte	.LASF30
 4806 019a 0D       		.byte	0xd
 4807 019b C3       		.byte	0xc3
 4808 019c 1A       		.byte	0x1a
 4809 019d 4E020000 		.4byte	0x24e
 4810 01a1 00       		.byte	0
 4811 01a2 03       		.uleb128 0x3
 4812 01a3 BA030000 		.4byte	.LASF31
 4813 01a7 0D       		.byte	0xd
 4814 01a8 C5       		.byte	0xc5
 4815 01a9 1A       		.byte	0x1a
 4816 01aa 4E020000 		.4byte	0x24e
 4817 01ae 04       		.byte	0x4
 4818 01af 03       		.uleb128 0x3
 4819 01b0 73060000 		.4byte	.LASF32
 4820 01b4 0D       		.byte	0xd
 4821 01b5 C7       		.byte	0xc7
 4822 01b6 19       		.byte	0x19
 4823 01b7 47010000 		.4byte	0x147
 4824 01bb 08       		.byte	0x8
 4825 01bc 03       		.uleb128 0x3
 4826 01bd 4C010000 		.4byte	.LASF33
ARM GAS  /tmp/cctaqgo8.s 			page 86


 4827 01c1 0D       		.byte	0xd
 4828 01c2 C8       		.byte	0xc8
 4829 01c3 19       		.byte	0x19
 4830 01c4 69060000 		.4byte	0x669
 4831 01c8 0C       		.byte	0xc
 4832 01c9 03       		.uleb128 0x3
 4833 01ca 89030000 		.4byte	.LASF34
 4834 01ce 0D       		.byte	0xd
 4835 01cf CA       		.byte	0xca
 4836 01d0 1A       		.byte	0x1a
 4837 01d1 4E020000 		.4byte	0x24e
 4838 01d5 10       		.byte	0x10
 4839 01d6 03       		.uleb128 0x3
 4840 01d7 8D0D0000 		.4byte	.LASF35
 4841 01db 0D       		.byte	0xd
 4842 01dc CB       		.byte	0xcb
 4843 01dd 1A       		.byte	0x1a
 4844 01de 4E020000 		.4byte	0x24e
 4845 01e2 14       		.byte	0x14
 4846 01e3 03       		.uleb128 0x3
 4847 01e4 25130000 		.4byte	.LASF36
 4848 01e8 0D       		.byte	0xd
 4849 01e9 D2       		.byte	0xd2
 4850 01ea 1A       		.byte	0x1a
 4851 01eb C7000000 		.4byte	0xc7
 4852 01ef 18       		.byte	0x18
 4853 01f0 03       		.uleb128 0x3
 4854 01f1 90130000 		.4byte	.LASF37
 4855 01f5 0D       		.byte	0xd
 4856 01f6 DD       		.byte	0xdd
 4857 01f7 19       		.byte	0x19
 4858 01f8 2F010000 		.4byte	0x12f
 4859 01fc 1C       		.byte	0x1c
 4860 01fd 03       		.uleb128 0x3
 4861 01fe F70A0000 		.4byte	.LASF38
 4862 0202 0D       		.byte	0xd
 4863 0203 E1       		.byte	0xe1
 4864 0204 19       		.byte	0x19
 4865 0205 23010000 		.4byte	0x123
 4866 0209 1D       		.byte	0x1d
 4867 020a 03       		.uleb128 0x3
 4868 020b D0040000 		.4byte	.LASF39
 4869 020f 0D       		.byte	0xd
 4870 0210 EC       		.byte	0xec
 4871 0211 19       		.byte	0x19
 4872 0212 3B010000 		.4byte	0x13b
 4873 0216 1E       		.byte	0x1e
 4874 0217 0D       		.uleb128 0xd
 4875 0218 705F7500 		.ascii	"p_u\000"
 4876 021c 0D       		.byte	0xd
 4877 021d 3101     		.2byte	0x131
 4878 021f 19       		.byte	0x19
 4879 0220 07080000 		.4byte	0x807
 4880 0224 20       		.byte	0x20
 4881 0225 01       		.uleb128 0x1
 4882 0226 EB030000 		.4byte	.LASF40
 4883 022a 0D       		.byte	0xd
ARM GAS  /tmp/cctaqgo8.s 			page 87


 4884 022b 4D01     		.2byte	0x14d
 4885 022d 1A       		.byte	0x1a
 4886 022e C6080000 		.4byte	0x8c6
 4887 0232 24       		.byte	0x24
 4888 0233 01       		.uleb128 0x1
 4889 0234 A50C0000 		.4byte	.LASF41
 4890 0238 0D       		.byte	0xd
 4891 0239 5101     		.2byte	0x151
 4892 023b 19       		.byte	0x19
 4893 023c 47010000 		.4byte	0x147
 4894 0240 28       		.byte	0x28
 4895 0241 00       		.byte	0
 4896 0242 05       		.uleb128 0x5
 4897 0243 7A0C0000 		.4byte	.LASF42
 4898 0247 0C       		.byte	0xc
 4899 0248 44       		.byte	0x44
 4900 0249 14       		.byte	0x14
 4901 024a 4E020000 		.4byte	0x24e
 4902 024e 0B       		.uleb128 0xb
 4903 024f 7C010000 		.4byte	0x17c
 4904 0253 05       		.uleb128 0x5
 4905 0254 DB030000 		.4byte	.LASF43
 4906 0258 0C       		.byte	0xc
 4907 0259 50       		.byte	0x50
 4908 025a 21       		.byte	0x21
 4909 025b 5F020000 		.4byte	0x25f
 4910 025f 2B       		.uleb128 0x2b
 4911 0260 0F0E0000 		.4byte	.LASF45
 4912 0264 08       		.byte	0x8
 4913 0265 0D       		.byte	0xd
 4914 0266 B7       		.byte	0xb7
 4915 0267 08       		.byte	0x8
 4916 0268 87020000 		.4byte	0x287
 4917 026c 03       		.uleb128 0x3
 4918 026d 9F030000 		.4byte	.LASF30
 4919 0271 0D       		.byte	0xd
 4920 0272 B8       		.byte	0xb8
 4921 0273 1A       		.byte	0x1a
 4922 0274 4E020000 		.4byte	0x24e
 4923 0278 00       		.byte	0
 4924 0279 03       		.uleb128 0x3
 4925 027a BA030000 		.4byte	.LASF31
 4926 027e 0D       		.byte	0xd
 4927 027f B9       		.byte	0xb9
 4928 0280 1A       		.byte	0x1a
 4929 0281 4E020000 		.4byte	0x24e
 4930 0285 04       		.byte	0x4
 4931 0286 00       		.byte	0
 4932 0287 05       		.uleb128 0x5
 4933 0288 22090000 		.4byte	.LASF46
 4934 028c 0C       		.byte	0xc
 4935 028d 57       		.byte	0x57
 4936 028e 1E       		.byte	0x1e
 4937 028f 93020000 		.4byte	0x293
 4938 0293 35       		.uleb128 0x35
 4939 0294 D6070000 		.4byte	.LASF47
 4940 0298 1C       		.byte	0x1c
ARM GAS  /tmp/cctaqgo8.s 			page 88


 4941 0299 9001     		.2byte	0x190
 4942 029b F4020000 		.4byte	0x2f4
 4943 029f 01       		.uleb128 0x1
 4944 02a0 460F0000 		.4byte	.LASF48
 4945 02a4 0D       		.byte	0xd
 4946 02a5 9101     		.2byte	0x191
 4947 02a7 19       		.byte	0x19
 4948 02a8 53020000 		.4byte	0x253
 4949 02ac 00       		.byte	0
 4950 02ad 01       		.uleb128 0x1
 4951 02ae C3100000 		.4byte	.LASF49
 4952 02b2 0D       		.byte	0xd
 4953 02b3 9201     		.2byte	0x192
 4954 02b5 19       		.byte	0x19
 4955 02b6 47010000 		.4byte	0x147
 4956 02ba 08       		.byte	0x8
 4957 02bb 01       		.uleb128 0x1
 4958 02bc 5A010000 		.4byte	.LASF50
 4959 02c0 0D       		.byte	0xd
 4960 02c1 9401     		.2byte	0x194
 4961 02c3 19       		.byte	0x19
 4962 02c4 69060000 		.4byte	0x669
 4963 02c8 0C       		.byte	0xc
 4964 02c9 01       		.uleb128 0x1
 4965 02ca C1050000 		.4byte	.LASF51
 4966 02ce 0D       		.byte	0xd
 4967 02cf 9701     		.2byte	0x197
 4968 02d1 1A       		.byte	0x1a
 4969 02d2 4E020000 		.4byte	0x24e
 4970 02d6 10       		.byte	0x10
 4971 02d7 01       		.uleb128 0x1
 4972 02d8 DB0F0000 		.4byte	.LASF52
 4973 02dc 0D       		.byte	0xd
 4974 02dd 9801     		.2byte	0x198
 4975 02df 1A       		.byte	0x1a
 4976 02e0 4E020000 		.4byte	0x24e
 4977 02e4 14       		.byte	0x14
 4978 02e5 01       		.uleb128 0x1
 4979 02e6 850E0000 		.4byte	.LASF53
 4980 02ea 0D       		.byte	0xd
 4981 02eb 9B01     		.2byte	0x19b
 4982 02ed 1A       		.byte	0x1a
 4983 02ee 4E020000 		.4byte	0x24e
 4984 02f2 18       		.byte	0x18
 4985 02f3 00       		.byte	0
 4986 02f4 05       		.uleb128 0x5
 4987 02f5 AC010000 		.4byte	.LASF54
 4988 02f9 0C       		.byte	0xc
 4989 02fa 5C       		.byte	0x5c
 4990 02fb 10       		.byte	0x10
 4991 02fc 00030000 		.4byte	0x300
 4992 0300 0B       		.uleb128 0xb
 4993 0301 05030000 		.4byte	0x305
 4994 0305 32       		.uleb128 0x32
 4995 0306 10030000 		.4byte	0x310
 4996 030a 07       		.uleb128 0x7
 4997 030b B9000000 		.4byte	0xb9
ARM GAS  /tmp/cctaqgo8.s 			page 89


 4998 030f 00       		.byte	0
 4999 0310 05       		.uleb128 0x5
 5000 0311 12090000 		.4byte	.LASF55
 5001 0315 0C       		.byte	0xc
 5002 0316 61       		.byte	0x61
 5003 0317 21       		.byte	0x21
 5004 0318 1C030000 		.4byte	0x31c
 5005 031c 35       		.uleb128 0x35
 5006 031d 010D0000 		.4byte	.LASF56
 5007 0321 14       		.byte	0x14
 5008 0322 6B01     		.2byte	0x16b
 5009 0324 6F030000 		.4byte	0x36f
 5010 0328 01       		.uleb128 0x1
 5011 0329 3D0A0000 		.4byte	.LASF57
 5012 032d 0D       		.byte	0xd
 5013 032e 6C01     		.2byte	0x16c
 5014 0330 1A       		.byte	0x1a
 5015 0331 CB080000 		.4byte	0x8cb
 5016 0335 00       		.byte	0
 5017 0336 01       		.uleb128 0x1
 5018 0337 690A0000 		.4byte	.LASF58
 5019 033b 0D       		.byte	0xd
 5020 033c 6D01     		.2byte	0x16d
 5021 033e 1A       		.byte	0x1a
 5022 033f CB080000 		.4byte	0x8cb
 5023 0343 04       		.byte	0x4
 5024 0344 01       		.uleb128 0x1
 5025 0345 EF0C0000 		.4byte	.LASF59
 5026 0349 0D       		.byte	0xd
 5027 034a 6E01     		.2byte	0x16e
 5028 034c 19       		.byte	0x19
 5029 034d 6B010000 		.4byte	0x16b
 5030 0351 08       		.byte	0x8
 5031 0352 01       		.uleb128 0x1
 5032 0353 51070000 		.4byte	.LASF60
 5033 0357 0D       		.byte	0xd
 5034 0358 6F01     		.2byte	0x16f
 5035 035a 19       		.byte	0x19
 5036 035b F4020000 		.4byte	0x2f4
 5037 035f 0C       		.byte	0xc
 5038 0360 01       		.uleb128 0x1
 5039 0361 08030000 		.4byte	.LASF61
 5040 0365 0D       		.byte	0xd
 5041 0366 7101     		.2byte	0x171
 5042 0368 1A       		.byte	0x1a
 5043 0369 B9000000 		.4byte	0xb9
 5044 036d 10       		.byte	0x10
 5045 036e 00       		.byte	0
 5046 036f 05       		.uleb128 0x5
 5047 0370 DB080000 		.4byte	.LASF62
 5048 0374 0C       		.byte	0xc
 5049 0375 66       		.byte	0x66
 5050 0376 28       		.byte	0x28
 5051 0377 7B030000 		.4byte	0x37b
 5052 037b 35       		.uleb128 0x35
 5053 037c BC010000 		.4byte	.LASF63
 5054 0380 10       		.byte	0x10
ARM GAS  /tmp/cctaqgo8.s 			page 90


 5055 0381 7B01     		.2byte	0x17b
 5056 0383 C0030000 		.4byte	0x3c0
 5057 0387 01       		.uleb128 0x1
 5058 0388 3D0A0000 		.4byte	.LASF57
 5059 038c 0D       		.byte	0xd
 5060 038d 7C01     		.2byte	0x17c
 5061 038f 1A       		.byte	0x1a
 5062 0390 CB080000 		.4byte	0x8cb
 5063 0394 00       		.byte	0
 5064 0395 01       		.uleb128 0x1
 5065 0396 690A0000 		.4byte	.LASF58
 5066 039a 0D       		.byte	0xd
 5067 039b 7E01     		.2byte	0x17e
 5068 039d 1A       		.byte	0x1a
 5069 039e CB080000 		.4byte	0x8cb
 5070 03a2 04       		.byte	0x4
 5071 03a3 01       		.uleb128 0x1
 5072 03a4 EF0C0000 		.4byte	.LASF59
 5073 03a8 0D       		.byte	0xd
 5074 03a9 8001     		.2byte	0x180
 5075 03ab 19       		.byte	0x19
 5076 03ac 6B010000 		.4byte	0x16b
 5077 03b0 08       		.byte	0x8
 5078 03b1 01       		.uleb128 0x1
 5079 03b2 AC0F0000 		.4byte	.LASF64
 5080 03b6 0D       		.byte	0xd
 5081 03b7 8201     		.2byte	0x182
 5082 03b9 19       		.byte	0x19
 5083 03ba 77010000 		.4byte	0x177
 5084 03be 0C       		.byte	0xc
 5085 03bf 00       		.byte	0
 5086 03c0 05       		.uleb128 0x5
 5087 03c1 D8050000 		.4byte	.LASF65
 5088 03c5 0C       		.byte	0xc
 5089 03c6 6B       		.byte	0x6b
 5090 03c7 20       		.byte	0x20
 5091 03c8 CC030000 		.4byte	0x3cc
 5092 03cc 35       		.uleb128 0x35
 5093 03cd CA100000 		.4byte	.LASF66
 5094 03d1 0C       		.byte	0xc
 5095 03d2 A201     		.2byte	0x1a2
 5096 03d4 03040000 		.4byte	0x403
 5097 03d8 01       		.uleb128 0x1
 5098 03d9 A9050000 		.4byte	.LASF67
 5099 03dd 0D       		.byte	0xd
 5100 03de AA01     		.2byte	0x1aa
 5101 03e0 24       		.byte	0x24
 5102 03e1 CC000000 		.4byte	0xcc
 5103 03e5 00       		.byte	0
 5104 03e6 01       		.uleb128 0x1
 5105 03e7 1E080000 		.4byte	.LASF68
 5106 03eb 0D       		.byte	0xd
 5107 03ec AF01     		.2byte	0x1af
 5108 03ee 19       		.byte	0x19
 5109 03ef 5F010000 		.4byte	0x15f
 5110 03f3 04       		.byte	0x4
 5111 03f4 01       		.uleb128 0x1
ARM GAS  /tmp/cctaqgo8.s 			page 91


 5112 03f5 78020000 		.4byte	.LASF69
 5113 03f9 0D       		.byte	0xd
 5114 03fa B301     		.2byte	0x1b3
 5115 03fc 19       		.byte	0x19
 5116 03fd 5F010000 		.4byte	0x15f
 5117 0401 08       		.byte	0x8
 5118 0402 00       		.byte	0
 5119 0403 05       		.uleb128 0x5
 5120 0404 5F120000 		.4byte	.LASF70
 5121 0408 0C       		.byte	0xc
 5122 0409 70       		.byte	0x70
 5123 040a 1A       		.byte	0x1a
 5124 040b 0F040000 		.4byte	0x40f
 5125 040f 46       		.uleb128 0x46
 5126 0410 C3110000 		.4byte	.LASF71
 5127 0414 B001     		.2byte	0x1b0
 5128 0416 0D       		.byte	0xd
 5129 0417 C201     		.2byte	0x1c2
 5130 0419 71040000 		.4byte	0x471
 5131 041d 01       		.uleb128 0x1
 5132 041e 720F0000 		.4byte	.LASF72
 5133 0422 0D       		.byte	0xd
 5134 0423 C601     		.2byte	0x1c6
 5135 0425 19       		.byte	0x19
 5136 0426 87020000 		.4byte	0x287
 5137 042a 00       		.byte	0
 5138 042b 01       		.uleb128 0x1
 5139 042c 6A110000 		.4byte	.LASF73
 5140 0430 0D       		.byte	0xd
 5141 0431 CA01     		.2byte	0x1ca
 5142 0433 19       		.byte	0x19
 5143 0434 6F030000 		.4byte	0x36f
 5144 0438 1C       		.byte	0x1c
 5145 0439 0D       		.uleb128 0xd
 5146 043a 64626700 		.ascii	"dbg\000"
 5147 043e 0D       		.byte	0xd
 5148 043f CE01     		.2byte	0x1ce
 5149 0441 19       		.byte	0x19
 5150 0442 C0030000 		.4byte	0x3c0
 5151 0446 2C       		.byte	0x2c
 5152 0447 01       		.uleb128 0x1
 5153 0448 9D0E0000 		.4byte	.LASF74
 5154 044c 0D       		.byte	0xd
 5155 044d D201     		.2byte	0x1d2
 5156 044f 19       		.byte	0x19
 5157 0450 7C010000 		.4byte	0x17c
 5158 0454 38       		.byte	0x38
 5159 0455 0D       		.uleb128 0xd
 5160 0456 746D00   		.ascii	"tm\000"
 5161 0459 0D       		.byte	0xd
 5162 045a D701     		.2byte	0x1d7
 5163 045c 19       		.byte	0x19
 5164 045d FB070000 		.4byte	0x7fb
 5165 0461 64       		.byte	0x64
 5166 0462 01       		.uleb128 0x1
 5167 0463 080B0000 		.4byte	.LASF75
 5168 0467 0D       		.byte	0xd
ARM GAS  /tmp/cctaqgo8.s 			page 92


 5169 0468 E301     		.2byte	0x1e3
 5170 046a 03       		.byte	0x3
 5171 046b D0080000 		.4byte	0x8d0
 5172 046f 68       		.byte	0x68
 5173 0470 00       		.byte	0
 5174 0471 11       		.uleb128 0x11
 5175 0472 FA000000 		.4byte	0xfa
 5176 0476 81040000 		.4byte	0x481
 5177 047a 12       		.uleb128 0x12
 5178 047b 2D000000 		.4byte	0x2d
 5179 047f 01       		.byte	0x1
 5180 0480 00       		.byte	0
 5181 0481 2F       		.uleb128 0x2f
 5182 0482 88       		.byte	0x88
 5183 0483 0E       		.byte	0xe
 5184 0484 0802     		.2byte	0x208
 5185 0486 09       		.byte	0x9
 5186 0487 2F060000 		.4byte	0x62f
 5187 048b 0D       		.uleb128 0xd
 5188 048c 435200   		.ascii	"CR\000"
 5189 048f 0E       		.byte	0xe
 5190 0490 0A02     		.2byte	0x20a
 5191 0492 11       		.byte	0x11
 5192 0493 06010000 		.4byte	0x106
 5193 0497 00       		.byte	0
 5194 0498 01       		.uleb128 0x1
 5195 0499 7C090000 		.4byte	.LASF76
 5196 049d 0E       		.byte	0xe
 5197 049e 0B02     		.2byte	0x20b
 5198 04a0 11       		.byte	0x11
 5199 04a1 06010000 		.4byte	0x106
 5200 04a5 04       		.byte	0x4
 5201 04a6 01       		.uleb128 0x1
 5202 04a7 EC070000 		.4byte	.LASF77
 5203 04ab 0E       		.byte	0xe
 5204 04ac 0C02     		.2byte	0x20c
 5205 04ae 11       		.byte	0x11
 5206 04af 06010000 		.4byte	0x106
 5207 04b3 08       		.byte	0x8
 5208 04b4 0D       		.uleb128 0xd
 5209 04b5 43495200 		.ascii	"CIR\000"
 5210 04b9 0E       		.byte	0xe
 5211 04ba 0D02     		.2byte	0x20d
 5212 04bc 11       		.byte	0x11
 5213 04bd 06010000 		.4byte	0x106
 5214 04c1 0C       		.byte	0xc
 5215 04c2 01       		.uleb128 0x1
 5216 04c3 65060000 		.4byte	.LASF78
 5217 04c7 0E       		.byte	0xe
 5218 04c8 0E02     		.2byte	0x20e
 5219 04ca 11       		.byte	0x11
 5220 04cb 06010000 		.4byte	0x106
 5221 04cf 10       		.byte	0x10
 5222 04d0 01       		.uleb128 0x1
 5223 04d1 F40F0000 		.4byte	.LASF79
 5224 04d5 0E       		.byte	0xe
 5225 04d6 0F02     		.2byte	0x20f
ARM GAS  /tmp/cctaqgo8.s 			page 93


 5226 04d8 11       		.byte	0x11
 5227 04d9 06010000 		.4byte	0x106
 5228 04dd 14       		.byte	0x14
 5229 04de 01       		.uleb128 0x1
 5230 04df 560C0000 		.4byte	.LASF80
 5231 04e3 0E       		.byte	0xe
 5232 04e4 1002     		.2byte	0x210
 5233 04e6 11       		.byte	0x11
 5234 04e7 06010000 		.4byte	0x106
 5235 04eb 18       		.byte	0x18
 5236 04ec 01       		.uleb128 0x1
 5237 04ed 5F050000 		.4byte	.LASF81
 5238 04f1 0E       		.byte	0xe
 5239 04f2 1102     		.2byte	0x211
 5240 04f4 11       		.byte	0x11
 5241 04f5 FA000000 		.4byte	0xfa
 5242 04f9 1C       		.byte	0x1c
 5243 04fa 01       		.uleb128 0x1
 5244 04fb F80C0000 		.4byte	.LASF82
 5245 04ff 0E       		.byte	0xe
 5246 0500 1202     		.2byte	0x212
 5247 0502 11       		.byte	0x11
 5248 0503 06010000 		.4byte	0x106
 5249 0507 20       		.byte	0x20
 5250 0508 01       		.uleb128 0x1
 5251 0509 7A0A0000 		.4byte	.LASF83
 5252 050d 0E       		.byte	0xe
 5253 050e 1302     		.2byte	0x213
 5254 0510 11       		.byte	0x11
 5255 0511 06010000 		.4byte	0x106
 5256 0515 24       		.byte	0x24
 5257 0516 01       		.uleb128 0x1
 5258 0517 69050000 		.4byte	.LASF84
 5259 051b 0E       		.byte	0xe
 5260 051c 1402     		.2byte	0x214
 5261 051e 11       		.byte	0x11
 5262 051f 71040000 		.4byte	0x471
 5263 0523 28       		.byte	0x28
 5264 0524 01       		.uleb128 0x1
 5265 0525 800F0000 		.4byte	.LASF85
 5266 0529 0E       		.byte	0xe
 5267 052a 1502     		.2byte	0x215
 5268 052c 11       		.byte	0x11
 5269 052d 06010000 		.4byte	0x106
 5270 0531 30       		.byte	0x30
 5271 0532 01       		.uleb128 0x1
 5272 0533 8F060000 		.4byte	.LASF86
 5273 0537 0E       		.byte	0xe
 5274 0538 1602     		.2byte	0x216
 5275 053a 11       		.byte	0x11
 5276 053b 06010000 		.4byte	0x106
 5277 053f 34       		.byte	0x34
 5278 0540 01       		.uleb128 0x1
 5279 0541 C10F0000 		.4byte	.LASF87
 5280 0545 0E       		.byte	0xe
 5281 0546 1702     		.2byte	0x217
 5282 0548 11       		.byte	0x11
ARM GAS  /tmp/cctaqgo8.s 			page 94


 5283 0549 06010000 		.4byte	0x106
 5284 054d 38       		.byte	0x38
 5285 054e 01       		.uleb128 0x1
 5286 054f 1F060000 		.4byte	.LASF88
 5287 0553 0E       		.byte	0xe
 5288 0554 1802     		.2byte	0x218
 5289 0556 11       		.byte	0x11
 5290 0557 FA000000 		.4byte	0xfa
 5291 055b 3C       		.byte	0x3c
 5292 055c 01       		.uleb128 0x1
 5293 055d 120D0000 		.4byte	.LASF89
 5294 0561 0E       		.byte	0xe
 5295 0562 1902     		.2byte	0x219
 5296 0564 11       		.byte	0x11
 5297 0565 06010000 		.4byte	0x106
 5298 0569 40       		.byte	0x40
 5299 056a 01       		.uleb128 0x1
 5300 056b 72040000 		.4byte	.LASF90
 5301 056f 0E       		.byte	0xe
 5302 0570 1A02     		.2byte	0x21a
 5303 0572 11       		.byte	0x11
 5304 0573 06010000 		.4byte	0x106
 5305 0577 44       		.byte	0x44
 5306 0578 01       		.uleb128 0x1
 5307 0579 81050000 		.4byte	.LASF91
 5308 057d 0E       		.byte	0xe
 5309 057e 1B02     		.2byte	0x21b
 5310 0580 11       		.byte	0x11
 5311 0581 71040000 		.4byte	0x471
 5312 0585 48       		.byte	0x48
 5313 0586 01       		.uleb128 0x1
 5314 0587 9F040000 		.4byte	.LASF92
 5315 058b 0E       		.byte	0xe
 5316 058c 1C02     		.2byte	0x21c
 5317 058e 11       		.byte	0x11
 5318 058f 06010000 		.4byte	0x106
 5319 0593 50       		.byte	0x50
 5320 0594 01       		.uleb128 0x1
 5321 0595 36030000 		.4byte	.LASF93
 5322 0599 0E       		.byte	0xe
 5323 059a 1D02     		.2byte	0x21d
 5324 059c 11       		.byte	0x11
 5325 059d 06010000 		.4byte	0x106
 5326 05a1 54       		.byte	0x54
 5327 05a2 01       		.uleb128 0x1
 5328 05a3 FA0E0000 		.4byte	.LASF94
 5329 05a7 0E       		.byte	0xe
 5330 05a8 1E02     		.2byte	0x21e
 5331 05aa 11       		.byte	0x11
 5332 05ab 06010000 		.4byte	0x106
 5333 05af 58       		.byte	0x58
 5334 05b0 01       		.uleb128 0x1
 5335 05b1 8B050000 		.4byte	.LASF95
 5336 05b5 0E       		.byte	0xe
 5337 05b6 1F02     		.2byte	0x21f
 5338 05b8 11       		.byte	0x11
 5339 05b9 FA000000 		.4byte	0xfa
ARM GAS  /tmp/cctaqgo8.s 			page 95


 5340 05bd 5C       		.byte	0x5c
 5341 05be 01       		.uleb128 0x1
 5342 05bf DE0B0000 		.4byte	.LASF96
 5343 05c3 0E       		.byte	0xe
 5344 05c4 2002     		.2byte	0x220
 5345 05c6 11       		.byte	0x11
 5346 05c7 06010000 		.4byte	0x106
 5347 05cb 60       		.byte	0x60
 5348 05cc 01       		.uleb128 0x1
 5349 05cd BF0A0000 		.4byte	.LASF97
 5350 05d1 0E       		.byte	0xe
 5351 05d2 2102     		.2byte	0x221
 5352 05d4 11       		.byte	0x11
 5353 05d5 06010000 		.4byte	0x106
 5354 05d9 64       		.byte	0x64
 5355 05da 01       		.uleb128 0x1
 5356 05db 95050000 		.4byte	.LASF98
 5357 05df 0E       		.byte	0xe
 5358 05e0 2202     		.2byte	0x222
 5359 05e2 11       		.byte	0x11
 5360 05e3 71040000 		.4byte	0x471
 5361 05e7 68       		.byte	0x68
 5362 05e8 01       		.uleb128 0x1
 5363 05e9 30070000 		.4byte	.LASF99
 5364 05ed 0E       		.byte	0xe
 5365 05ee 2302     		.2byte	0x223
 5366 05f0 11       		.byte	0x11
 5367 05f1 06010000 		.4byte	0x106
 5368 05f5 70       		.byte	0x70
 5369 05f6 0D       		.uleb128 0xd
 5370 05f7 43535200 		.ascii	"CSR\000"
 5371 05fb 0E       		.byte	0xe
 5372 05fc 2402     		.2byte	0x224
 5373 05fe 11       		.byte	0x11
 5374 05ff 06010000 		.4byte	0x106
 5375 0603 74       		.byte	0x74
 5376 0604 01       		.uleb128 0x1
 5377 0605 9F050000 		.4byte	.LASF100
 5378 0609 0E       		.byte	0xe
 5379 060a 2502     		.2byte	0x225
 5380 060c 11       		.byte	0x11
 5381 060d 71040000 		.4byte	0x471
 5382 0611 78       		.byte	0x78
 5383 0612 01       		.uleb128 0x1
 5384 0613 370A0000 		.4byte	.LASF101
 5385 0617 0E       		.byte	0xe
 5386 0618 2602     		.2byte	0x226
 5387 061a 11       		.byte	0x11
 5388 061b 06010000 		.4byte	0x106
 5389 061f 80       		.byte	0x80
 5390 0620 01       		.uleb128 0x1
 5391 0621 41010000 		.4byte	.LASF102
 5392 0625 0E       		.byte	0xe
 5393 0626 2702     		.2byte	0x227
 5394 0628 11       		.byte	0x11
 5395 0629 06010000 		.4byte	0x106
 5396 062d 84       		.byte	0x84
ARM GAS  /tmp/cctaqgo8.s 			page 96


 5397 062e 00       		.byte	0
 5398 062f 17       		.uleb128 0x17
 5399 0630 25100000 		.4byte	.LASF103
 5400 0634 0E       		.byte	0xe
 5401 0635 2902     		.2byte	0x229
 5402 0637 03       		.byte	0x3
 5403 0638 81040000 		.4byte	0x481
 5404 063c 11       		.uleb128 0x11
 5405 063d 06010000 		.4byte	0x106
 5406 0641 4C060000 		.4byte	0x64c
 5407 0645 12       		.uleb128 0x12
 5408 0646 2D000000 		.4byte	0x2d
 5409 064a 0E       		.byte	0xe
 5410 064b 00       		.byte	0
 5411 064c 18       		.uleb128 0x18
 5412 064d 3C060000 		.4byte	0x63c
 5413 0651 05       		.uleb128 0x5
 5414 0652 16040000 		.4byte	.LASF104
 5415 0656 0F       		.byte	0xf
 5416 0657 65       		.byte	0x65
 5417 0658 0F       		.byte	0xf
 5418 0659 B9000000 		.4byte	0xb9
 5419 065d 05       		.uleb128 0x5
 5420 065e B5060000 		.4byte	.LASF105
 5421 0662 0F       		.byte	0xf
 5422 0663 6D       		.byte	0x6d
 5423 0664 12       		.byte	0x12
 5424 0665 0B010000 		.4byte	0x10b
 5425 0669 2B       		.uleb128 0x2b
 5426 066a 22050000 		.4byte	.LASF106
 5427 066e 04       		.byte	0x4
 5428 066f 0F       		.byte	0xf
 5429 0670 89       		.byte	0x89
 5430 0671 08       		.byte	0x8
 5431 0672 84060000 		.4byte	0x684
 5432 0676 1B       		.uleb128 0x1b
 5433 0677 72313300 		.ascii	"r13\000"
 5434 067b 0F       		.byte	0xf
 5435 067c 8A       		.byte	0x8a
 5436 067d 17       		.byte	0x17
 5437 067e DF070000 		.4byte	0x7df
 5438 0682 00       		.byte	0
 5439 0683 00       		.byte	0
 5440 0684 2B       		.uleb128 0x2b
 5441 0685 C40C0000 		.4byte	.LASF107
 5442 0689 64       		.byte	0x64
 5443 068a 05       		.byte	0x5
 5444 068b F4       		.byte	0xf4
 5445 068c 08       		.byte	0x8
 5446 068d DF070000 		.4byte	0x7df
 5447 0691 1B       		.uleb128 0x1b
 5448 0692 73313600 		.ascii	"s16\000"
 5449 0696 05       		.byte	0x5
 5450 0697 F6       		.byte	0xf6
 5451 0698 11       		.byte	0x11
 5452 0699 51060000 		.4byte	0x651
 5453 069d 00       		.byte	0
ARM GAS  /tmp/cctaqgo8.s 			page 97


 5454 069e 1B       		.uleb128 0x1b
 5455 069f 73313700 		.ascii	"s17\000"
 5456 06a3 05       		.byte	0x5
 5457 06a4 F7       		.byte	0xf7
 5458 06a5 11       		.byte	0x11
 5459 06a6 51060000 		.4byte	0x651
 5460 06aa 04       		.byte	0x4
 5461 06ab 1B       		.uleb128 0x1b
 5462 06ac 73313800 		.ascii	"s18\000"
 5463 06b0 05       		.byte	0x5
 5464 06b1 F8       		.byte	0xf8
 5465 06b2 11       		.byte	0x11
 5466 06b3 51060000 		.4byte	0x651
 5467 06b7 08       		.byte	0x8
 5468 06b8 1B       		.uleb128 0x1b
 5469 06b9 73313900 		.ascii	"s19\000"
 5470 06bd 05       		.byte	0x5
 5471 06be F9       		.byte	0xf9
 5472 06bf 11       		.byte	0x11
 5473 06c0 51060000 		.4byte	0x651
 5474 06c4 0C       		.byte	0xc
 5475 06c5 1B       		.uleb128 0x1b
 5476 06c6 73323000 		.ascii	"s20\000"
 5477 06ca 05       		.byte	0x5
 5478 06cb FA       		.byte	0xfa
 5479 06cc 11       		.byte	0x11
 5480 06cd 51060000 		.4byte	0x651
 5481 06d1 10       		.byte	0x10
 5482 06d2 1B       		.uleb128 0x1b
 5483 06d3 73323100 		.ascii	"s21\000"
 5484 06d7 05       		.byte	0x5
 5485 06d8 FB       		.byte	0xfb
 5486 06d9 11       		.byte	0x11
 5487 06da 51060000 		.4byte	0x651
 5488 06de 14       		.byte	0x14
 5489 06df 1B       		.uleb128 0x1b
 5490 06e0 73323200 		.ascii	"s22\000"
 5491 06e4 05       		.byte	0x5
 5492 06e5 FC       		.byte	0xfc
 5493 06e6 11       		.byte	0x11
 5494 06e7 51060000 		.4byte	0x651
 5495 06eb 18       		.byte	0x18
 5496 06ec 1B       		.uleb128 0x1b
 5497 06ed 73323300 		.ascii	"s23\000"
 5498 06f1 05       		.byte	0x5
 5499 06f2 FD       		.byte	0xfd
 5500 06f3 11       		.byte	0x11
 5501 06f4 51060000 		.4byte	0x651
 5502 06f8 1C       		.byte	0x1c
 5503 06f9 1B       		.uleb128 0x1b
 5504 06fa 73323400 		.ascii	"s24\000"
 5505 06fe 05       		.byte	0x5
 5506 06ff FE       		.byte	0xfe
 5507 0700 11       		.byte	0x11
 5508 0701 51060000 		.4byte	0x651
 5509 0705 20       		.byte	0x20
 5510 0706 1B       		.uleb128 0x1b
ARM GAS  /tmp/cctaqgo8.s 			page 98


 5511 0707 73323500 		.ascii	"s25\000"
 5512 070b 05       		.byte	0x5
 5513 070c FF       		.byte	0xff
 5514 070d 11       		.byte	0x11
 5515 070e 51060000 		.4byte	0x651
 5516 0712 24       		.byte	0x24
 5517 0713 0D       		.uleb128 0xd
 5518 0714 73323600 		.ascii	"s26\000"
 5519 0718 05       		.byte	0x5
 5520 0719 0001     		.2byte	0x100
 5521 071b 11       		.byte	0x11
 5522 071c 51060000 		.4byte	0x651
 5523 0720 28       		.byte	0x28
 5524 0721 0D       		.uleb128 0xd
 5525 0722 73323700 		.ascii	"s27\000"
 5526 0726 05       		.byte	0x5
 5527 0727 0101     		.2byte	0x101
 5528 0729 11       		.byte	0x11
 5529 072a 51060000 		.4byte	0x651
 5530 072e 2C       		.byte	0x2c
 5531 072f 0D       		.uleb128 0xd
 5532 0730 73323800 		.ascii	"s28\000"
 5533 0734 05       		.byte	0x5
 5534 0735 0201     		.2byte	0x102
 5535 0737 11       		.byte	0x11
 5536 0738 51060000 		.4byte	0x651
 5537 073c 30       		.byte	0x30
 5538 073d 0D       		.uleb128 0xd
 5539 073e 73323900 		.ascii	"s29\000"
 5540 0742 05       		.byte	0x5
 5541 0743 0301     		.2byte	0x103
 5542 0745 11       		.byte	0x11
 5543 0746 51060000 		.4byte	0x651
 5544 074a 34       		.byte	0x34
 5545 074b 0D       		.uleb128 0xd
 5546 074c 73333000 		.ascii	"s30\000"
 5547 0750 05       		.byte	0x5
 5548 0751 0401     		.2byte	0x104
 5549 0753 11       		.byte	0x11
 5550 0754 51060000 		.4byte	0x651
 5551 0758 38       		.byte	0x38
 5552 0759 0D       		.uleb128 0xd
 5553 075a 73333100 		.ascii	"s31\000"
 5554 075e 05       		.byte	0x5
 5555 075f 0501     		.2byte	0x105
 5556 0761 11       		.byte	0x11
 5557 0762 51060000 		.4byte	0x651
 5558 0766 3C       		.byte	0x3c
 5559 0767 0D       		.uleb128 0xd
 5560 0768 723400   		.ascii	"r4\000"
 5561 076b 05       		.byte	0x5
 5562 076c 0701     		.2byte	0x107
 5563 076e 11       		.byte	0x11
 5564 076f 51060000 		.4byte	0x651
 5565 0773 40       		.byte	0x40
 5566 0774 0D       		.uleb128 0xd
 5567 0775 723500   		.ascii	"r5\000"
ARM GAS  /tmp/cctaqgo8.s 			page 99


 5568 0778 05       		.byte	0x5
 5569 0779 0801     		.2byte	0x108
 5570 077b 11       		.byte	0x11
 5571 077c 51060000 		.4byte	0x651
 5572 0780 44       		.byte	0x44
 5573 0781 0D       		.uleb128 0xd
 5574 0782 723600   		.ascii	"r6\000"
 5575 0785 05       		.byte	0x5
 5576 0786 0901     		.2byte	0x109
 5577 0788 11       		.byte	0x11
 5578 0789 51060000 		.4byte	0x651
 5579 078d 48       		.byte	0x48
 5580 078e 0D       		.uleb128 0xd
 5581 078f 723700   		.ascii	"r7\000"
 5582 0792 05       		.byte	0x5
 5583 0793 0A01     		.2byte	0x10a
 5584 0795 11       		.byte	0x11
 5585 0796 51060000 		.4byte	0x651
 5586 079a 4C       		.byte	0x4c
 5587 079b 0D       		.uleb128 0xd
 5588 079c 723800   		.ascii	"r8\000"
 5589 079f 05       		.byte	0x5
 5590 07a0 0B01     		.2byte	0x10b
 5591 07a2 11       		.byte	0x11
 5592 07a3 51060000 		.4byte	0x651
 5593 07a7 50       		.byte	0x50
 5594 07a8 0D       		.uleb128 0xd
 5595 07a9 723900   		.ascii	"r9\000"
 5596 07ac 05       		.byte	0x5
 5597 07ad 0C01     		.2byte	0x10c
 5598 07af 11       		.byte	0x11
 5599 07b0 51060000 		.4byte	0x651
 5600 07b4 54       		.byte	0x54
 5601 07b5 0D       		.uleb128 0xd
 5602 07b6 72313000 		.ascii	"r10\000"
 5603 07ba 05       		.byte	0x5
 5604 07bb 0D01     		.2byte	0x10d
 5605 07bd 11       		.byte	0x11
 5606 07be 51060000 		.4byte	0x651
 5607 07c2 58       		.byte	0x58
 5608 07c3 0D       		.uleb128 0xd
 5609 07c4 72313100 		.ascii	"r11\000"
 5610 07c8 05       		.byte	0x5
 5611 07c9 0E01     		.2byte	0x10e
 5612 07cb 11       		.byte	0x11
 5613 07cc 51060000 		.4byte	0x651
 5614 07d0 5C       		.byte	0x5c
 5615 07d1 0D       		.uleb128 0xd
 5616 07d2 6C7200   		.ascii	"lr\000"
 5617 07d5 05       		.byte	0x5
 5618 07d6 0F01     		.2byte	0x10f
 5619 07d8 11       		.byte	0x11
 5620 07d9 51060000 		.4byte	0x651
 5621 07dd 60       		.byte	0x60
 5622 07de 00       		.byte	0
 5623 07df 0B       		.uleb128 0xb
 5624 07e0 84060000 		.4byte	0x684
ARM GAS  /tmp/cctaqgo8.s 			page 100


 5625 07e4 26       		.uleb128 0x26
 5626 07e5 04       		.byte	0x4
 5627 07e6 10       		.byte	0x10
 5628 07e7 38       		.byte	0x38
 5629 07e8 09       		.byte	0x9
 5630 07e9 FB070000 		.4byte	0x7fb
 5631 07ed 03       		.uleb128 0x3
 5632 07ee D70B0000 		.4byte	.LASF108
 5633 07f2 10       		.byte	0x10
 5634 07f3 3C       		.byte	0x3c
 5635 07f4 19       		.byte	0x19
 5636 07f5 17010000 		.4byte	0x117
 5637 07f9 00       		.byte	0
 5638 07fa 00       		.byte	0
 5639 07fb 05       		.uleb128 0x5
 5640 07fc E30F0000 		.4byte	.LASF109
 5641 0800 10       		.byte	0x10
 5642 0801 3D       		.byte	0x3d
 5643 0802 03       		.byte	0x3
 5644 0803 E4070000 		.4byte	0x7e4
 5645 0807 3C       		.uleb128 0x3c
 5646 0808 04       		.byte	0x4
 5647 0809 0D       		.byte	0xd
 5648 080a FA       		.byte	0xfa
 5649 080b 03       		.byte	0x3
 5650 080c 5F080000 		.4byte	0x85f
 5651 0810 29       		.uleb128 0x29
 5652 0811 2E120000 		.4byte	.LASF110
 5653 0815 0D       		.byte	0xd
 5654 0816 0101     		.2byte	0x101
 5655 0818 19       		.byte	0x19
 5656 0819 53010000 		.4byte	0x153
 5657 081d 29       		.uleb128 0x29
 5658 081e 0F030000 		.4byte	.LASF111
 5659 0822 0D       		.byte	0xd
 5660 0823 0801     		.2byte	0x108
 5661 0825 19       		.byte	0x19
 5662 0826 53010000 		.4byte	0x153
 5663 082a 29       		.uleb128 0x29
 5664 082b A8060000 		.4byte	.LASF112
 5665 082f 0D       		.byte	0xd
 5666 0830 0F01     		.2byte	0x10f
 5667 0832 1A       		.byte	0x1a
 5668 0833 B9000000 		.4byte	0xb9
 5669 0837 29       		.uleb128 0x29
 5670 0838 3B050000 		.4byte	.LASF113
 5671 083c 0D       		.byte	0xd
 5672 083d 1601     		.2byte	0x116
 5673 083f 1A       		.byte	0x1a
 5674 0840 5F080000 		.4byte	0x85f
 5675 0844 29       		.uleb128 0x29
 5676 0845 07000000 		.4byte	.LASF114
 5677 0849 0D       		.byte	0xd
 5678 084a 1E01     		.2byte	0x11e
 5679 084c 1A       		.byte	0x1a
 5680 084d 8C080000 		.4byte	0x88c
 5681 0851 29       		.uleb128 0x29
ARM GAS  /tmp/cctaqgo8.s 			page 101


 5682 0852 A9070000 		.4byte	.LASF115
 5683 0856 0D       		.byte	0xd
 5684 0857 2701     		.2byte	0x127
 5685 0859 1A       		.byte	0x1a
 5686 085a C6080000 		.4byte	0x8c6
 5687 085e 00       		.byte	0
 5688 085f 0B       		.uleb128 0xb
 5689 0860 42020000 		.4byte	0x242
 5690 0864 2B       		.uleb128 0x2b
 5691 0865 B3080000 		.4byte	.LASF116
 5692 0869 0C       		.byte	0xc
 5693 086a 11       		.byte	0x11
 5694 086b 34       		.byte	0x34
 5695 086c 10       		.byte	0x10
 5696 086d 8C080000 		.4byte	0x88c
 5697 0871 03       		.uleb128 0x3
 5698 0872 1D100000 		.4byte	.LASF117
 5699 0876 11       		.byte	0x11
 5700 0877 35       		.byte	0x35
 5701 0878 19       		.byte	0x19
 5702 0879 53020000 		.4byte	0x253
 5703 087d 00       		.byte	0
 5704 087e 03       		.uleb128 0x3
 5705 087f 1A0D0000 		.4byte	.LASF118
 5706 0883 11       		.byte	0x11
 5707 0884 37       		.byte	0x37
 5708 0885 19       		.byte	0x19
 5709 0886 5F010000 		.4byte	0x15f
 5710 088a 08       		.byte	0x8
 5711 088b 00       		.byte	0
 5712 088c 0B       		.uleb128 0xb
 5713 088d 64080000 		.4byte	0x864
 5714 0891 2B       		.uleb128 0x2b
 5715 0892 5E100000 		.4byte	.LASF119
 5716 0896 10       		.byte	0x10
 5717 0897 12       		.byte	0x12
 5718 0898 39       		.byte	0x39
 5719 0899 08       		.byte	0x8
 5720 089a C6080000 		.4byte	0x8c6
 5721 089e 03       		.uleb128 0x3
 5722 089f 1C0A0000 		.4byte	.LASF120
 5723 08a3 12       		.byte	0x12
 5724 08a4 3A       		.byte	0x3a
 5725 08a5 19       		.byte	0x19
 5726 08a6 53020000 		.4byte	0x253
 5727 08aa 00       		.byte	0
 5728 08ab 03       		.uleb128 0x3
 5729 08ac 00030000 		.4byte	.LASF121
 5730 08b0 12       		.byte	0x12
 5731 08b1 3C       		.byte	0x3c
 5732 08b2 1A       		.byte	0x1a
 5733 08b3 4E020000 		.4byte	0x24e
 5734 08b7 08       		.byte	0x8
 5735 08b8 03       		.uleb128 0x3
 5736 08b9 31130000 		.4byte	.LASF122
 5737 08bd 12       		.byte	0x12
 5738 08be 3E       		.byte	0x3e
ARM GAS  /tmp/cctaqgo8.s 			page 102


 5739 08bf 1A       		.byte	0x1a
 5740 08c0 04090000 		.4byte	0x904
 5741 08c4 0C       		.byte	0xc
 5742 08c5 00       		.byte	0
 5743 08c6 0B       		.uleb128 0xb
 5744 08c7 91080000 		.4byte	0x891
 5745 08cb 0B       		.uleb128 0xb
 5746 08cc 10030000 		.4byte	0x310
 5747 08d0 11       		.uleb128 0x11
 5748 08d1 5D060000 		.4byte	0x65d
 5749 08d5 E0080000 		.4byte	0x8e0
 5750 08d9 12       		.uleb128 0x12
 5751 08da 2D000000 		.4byte	0x2d
 5752 08de 28       		.byte	0x28
 5753 08df 00       		.byte	0
 5754 08e0 53       		.uleb128 0x53
 5755 08e1 636800   		.ascii	"ch\000"
 5756 08e4 0D       		.byte	0xd
 5757 08e5 0902     		.2byte	0x209
 5758 08e7 14       		.byte	0x14
 5759 08e8 03040000 		.4byte	0x403
 5760 08ec 05       		.uleb128 0x5
 5761 08ed B70A0000 		.4byte	.LASF123
 5762 08f1 07       		.byte	0x7
 5763 08f2 34       		.byte	0x34
 5764 08f3 10       		.byte	0x10
 5765 08f4 00030000 		.4byte	0x300
 5766 08f8 05       		.uleb128 0x5
 5767 08f9 A3110000 		.4byte	.LASF124
 5768 08fd 12       		.byte	0x12
 5769 08fe 34       		.byte	0x34
 5770 08ff 19       		.byte	0x19
 5771 0900 91080000 		.4byte	0x891
 5772 0904 0B       		.uleb128 0xb
 5773 0905 F8080000 		.4byte	0x8f8
 5774 0909 0B       		.uleb128 0xb
 5775 090a DD000000 		.4byte	0xdd
 5776 090e 0B       		.uleb128 0xb
 5777 090f D1000000 		.4byte	0xd1
 5778 0913 0B       		.uleb128 0xb
 5779 0914 06010000 		.4byte	0x106
 5780 0918 20       		.uleb128 0x20
 5781 0919 01       		.byte	0x1
 5782 091a 02       		.byte	0x2
 5783 091b 06060000 		.4byte	.LASF125
 5784 091f 05       		.uleb128 0x5
 5785 0920 12110000 		.4byte	.LASF126
 5786 0924 13       		.byte	0x13
 5787 0925 2F       		.byte	0x2f
 5788 0926 19       		.byte	0x19
 5789 0927 2B090000 		.4byte	0x92b
 5790 092b 2B       		.uleb128 0x2b
 5791 092c 88040000 		.4byte	.LASF127
 5792 0930 24       		.byte	0x24
 5793 0931 13       		.byte	0x13
 5794 0932 40       		.byte	0x40
 5795 0933 08       		.byte	0x8
ARM GAS  /tmp/cctaqgo8.s 			page 103


 5796 0934 A1090000 		.4byte	0x9a1
 5797 0938 03       		.uleb128 0x3
 5798 0939 680F0000 		.4byte	.LASF128
 5799 093d 13       		.byte	0x13
 5800 093e 41       		.byte	0x41
 5801 093f 19       		.byte	0x19
 5802 0940 53020000 		.4byte	0x253
 5803 0944 00       		.byte	0
 5804 0945 03       		.uleb128 0x3
 5805 0946 46080000 		.4byte	.LASF129
 5806 094a 13       		.byte	0x13
 5807 094b 42       		.byte	0x42
 5808 094c 19       		.byte	0x19
 5809 094d 4E000000 		.4byte	0x4e
 5810 0951 08       		.byte	0x8
 5811 0952 03       		.uleb128 0x3
 5812 0953 5C030000 		.4byte	.LASF130
 5813 0957 13       		.byte	0x13
 5814 0958 43       		.byte	0x43
 5815 0959 1A       		.byte	0x1a
 5816 095a 0E090000 		.4byte	0x90e
 5817 095e 0C       		.byte	0xc
 5818 095f 03       		.uleb128 0x3
 5819 0960 30030000 		.4byte	.LASF131
 5820 0964 13       		.byte	0x13
 5821 0965 44       		.byte	0x44
 5822 0966 1A       		.byte	0x1a
 5823 0967 0E090000 		.4byte	0x90e
 5824 096b 10       		.byte	0x10
 5825 096c 03       		.uleb128 0x3
 5826 096d 2F090000 		.4byte	.LASF132
 5827 0971 13       		.byte	0x13
 5828 0972 46       		.byte	0x46
 5829 0973 1A       		.byte	0x1a
 5830 0974 0E090000 		.4byte	0x90e
 5831 0978 14       		.byte	0x14
 5832 0979 03       		.uleb128 0x3
 5833 097a B2030000 		.4byte	.LASF133
 5834 097e 13       		.byte	0x13
 5835 097f 47       		.byte	0x47
 5836 0980 1A       		.byte	0x1a
 5837 0981 0E090000 		.4byte	0x90e
 5838 0985 18       		.byte	0x18
 5839 0986 03       		.uleb128 0x3
 5840 0987 80030000 		.4byte	.LASF134
 5841 098b 13       		.byte	0x13
 5842 098c 48       		.byte	0x48
 5843 098d 19       		.byte	0x19
 5844 098e A1090000 		.4byte	0x9a1
 5845 0992 1C       		.byte	0x1c
 5846 0993 03       		.uleb128 0x3
 5847 0994 BD040000 		.4byte	.LASF135
 5848 0998 13       		.byte	0x13
 5849 0999 49       		.byte	0x49
 5850 099a 1A       		.byte	0x1a
 5851 099b B9000000 		.4byte	0xb9
 5852 099f 20       		.byte	0x20
ARM GAS  /tmp/cctaqgo8.s 			page 104


 5853 09a0 00       		.byte	0
 5854 09a1 05       		.uleb128 0x5
 5855 09a2 CE0A0000 		.4byte	.LASF136
 5856 09a6 13       		.byte	0x13
 5857 09a7 36       		.byte	0x36
 5858 09a8 10       		.byte	0x10
 5859 09a9 AD090000 		.4byte	0x9ad
 5860 09ad 0B       		.uleb128 0xb
 5861 09ae B2090000 		.4byte	0x9b2
 5862 09b2 32       		.uleb128 0x32
 5863 09b3 BD090000 		.4byte	0x9bd
 5864 09b7 07       		.uleb128 0x7
 5865 09b8 BD090000 		.4byte	0x9bd
 5866 09bc 00       		.byte	0
 5867 09bd 0B       		.uleb128 0xb
 5868 09be 1F090000 		.4byte	0x91f
 5869 09c2 05       		.uleb128 0x5
 5870 09c3 F7110000 		.4byte	.LASF137
 5871 09c7 13       		.byte	0x13
 5872 09c8 7F       		.byte	0x7f
 5873 09c9 14       		.byte	0x14
 5874 09ca 1F090000 		.4byte	0x91f
 5875 09ce 05       		.uleb128 0x5
 5876 09cf 9E120000 		.4byte	.LASF138
 5877 09d3 13       		.byte	0x13
 5878 09d4 F1       		.byte	0xf1
 5879 09d5 14       		.byte	0x14
 5880 09d6 1F090000 		.4byte	0x91f
 5881 09da 05       		.uleb128 0x5
 5882 09db 97060000 		.4byte	.LASF139
 5883 09df 14       		.byte	0x14
 5884 09e0 FA       		.byte	0xfa
 5885 09e1 1A       		.byte	0x1a
 5886 09e2 E6090000 		.4byte	0x9e6
 5887 09e6 46       		.uleb128 0x46
 5888 09e7 97060000 		.4byte	.LASF139
 5889 09eb 2002     		.2byte	0x220
 5890 09ed 15       		.byte	0x15
 5891 09ee 7701     		.2byte	0x177
 5892 09f0 280B0000 		.4byte	0xb28
 5893 09f4 01       		.uleb128 0x1
 5894 09f5 6A020000 		.4byte	.LASF140
 5895 09f9 15       		.byte	0x15
 5896 09fa 7B01     		.2byte	0x17b
 5897 09fc 21       		.byte	0x21
 5898 09fd 640B0000 		.4byte	0xb64
 5899 0a01 00       		.byte	0
 5900 0a02 01       		.uleb128 0x1
 5901 0a03 63020000 		.4byte	.LASF141
 5902 0a07 15       		.byte	0x15
 5903 0a08 7F01     		.2byte	0x17f
 5904 0a0a 22       		.byte	0x22
 5905 0a0b E8140000 		.4byte	0x14e8
 5906 0a0f 04       		.byte	0x4
 5907 0a10 01       		.uleb128 0x1
 5908 0a11 F5060000 		.4byte	.LASF142
 5909 0a15 15       		.byte	0x15
ARM GAS  /tmp/cctaqgo8.s 			page 105


 5910 0a16 8301     		.2byte	0x183
 5911 0a18 21       		.byte	0x21
 5912 0a19 E2000000 		.4byte	0xe2
 5913 0a1d 08       		.byte	0x8
 5914 0a1e 01       		.uleb128 0x1
 5915 0a1f 7A060000 		.4byte	.LASF143
 5916 0a23 15       		.byte	0x15
 5917 0a24 8701     		.2byte	0x187
 5918 0a26 21       		.byte	0x21
 5919 0a27 E2000000 		.4byte	0xe2
 5920 0a2b 0A       		.byte	0xa
 5921 0a2c 0D       		.uleb128 0xd
 5922 0a2d 65706300 		.ascii	"epc\000"
 5923 0a31 15       		.byte	0x15
 5924 0a32 8B01     		.2byte	0x18b
 5925 0a34 22       		.byte	0x22
 5926 0a35 ED140000 		.4byte	0x14ed
 5927 0a39 0C       		.byte	0xc
 5928 0a3a 01       		.uleb128 0x1
 5929 0a3b B70F0000 		.4byte	.LASF144
 5930 0a3f 15       		.byte	0x15
 5931 0a40 9201     		.2byte	0x192
 5932 0a42 22       		.byte	0x22
 5933 0a43 02150000 		.4byte	0x1502
 5934 0a47 1C       		.byte	0x1c
 5935 0a48 01       		.uleb128 0x1
 5936 0a49 AD120000 		.4byte	.LASF145
 5937 0a4d 15       		.byte	0x15
 5938 0a4e 9901     		.2byte	0x199
 5939 0a50 22       		.byte	0x22
 5940 0a51 02150000 		.4byte	0x1502
 5941 0a55 28       		.byte	0x28
 5942 0a56 01       		.uleb128 0x1
 5943 0a57 CF050000 		.4byte	.LASF146
 5944 0a5b 15       		.byte	0x15
 5945 0a5c 9D01     		.2byte	0x19d
 5946 0a5e 21       		.byte	0x21
 5947 0a5f D20B0000 		.4byte	0xbd2
 5948 0a63 34       		.byte	0x34
 5949 0a64 01       		.uleb128 0x1
 5950 0a65 5A0A0000 		.4byte	.LASF147
 5951 0a69 15       		.byte	0x15
 5952 0a6a A101     		.2byte	0x1a1
 5953 0a6c 22       		.byte	0x22
 5954 0a6d 0E090000 		.4byte	0x90e
 5955 0a71 38       		.byte	0x38
 5956 0a72 01       		.uleb128 0x1
 5957 0a73 60060000 		.4byte	.LASF148
 5958 0a77 15       		.byte	0x15
 5959 0a78 A501     		.2byte	0x1a5
 5960 0a7a 21       		.byte	0x21
 5961 0a7b 42000000 		.4byte	0x42
 5962 0a7f 3C       		.byte	0x3c
 5963 0a80 01       		.uleb128 0x1
 5964 0a81 C0080000 		.4byte	.LASF149
 5965 0a85 15       		.byte	0x15
 5966 0a86 A901     		.2byte	0x1a9
ARM GAS  /tmp/cctaqgo8.s 			page 106


 5967 0a88 21       		.byte	0x21
 5968 0a89 550C0000 		.4byte	0xc55
 5969 0a8d 40       		.byte	0x40
 5970 0a8e 01       		.uleb128 0x1
 5971 0a8f 7A070000 		.4byte	.LASF150
 5972 0a93 15       		.byte	0x15
 5973 0a94 AD01     		.2byte	0x1ad
 5974 0a96 21       		.byte	0x21
 5975 0a97 12150000 		.4byte	0x1512
 5976 0a9b 44       		.byte	0x44
 5977 0a9c 01       		.uleb128 0x1
 5978 0a9d A4080000 		.4byte	.LASF151
 5979 0aa1 15       		.byte	0x15
 5980 0aa2 B101     		.2byte	0x1b1
 5981 0aa4 21       		.byte	0x21
 5982 0aa5 E2000000 		.4byte	0xe2
 5983 0aa9 4C       		.byte	0x4c
 5984 0aaa 01       		.uleb128 0x1
 5985 0aab AB080000 		.4byte	.LASF152
 5986 0aaf 15       		.byte	0x15
 5987 0ab0 B501     		.2byte	0x1b5
 5988 0ab2 21       		.byte	0x21
 5989 0ab3 D1000000 		.4byte	0xd1
 5990 0ab7 4E       		.byte	0x4e
 5991 0ab8 01       		.uleb128 0x1
 5992 0ab9 FE070000 		.4byte	.LASF153
 5993 0abd 15       		.byte	0x15
 5994 0abe B901     		.2byte	0x1b9
 5995 0ac0 21       		.byte	0x21
 5996 0ac1 D1000000 		.4byte	0xd1
 5997 0ac5 4F       		.byte	0x4f
 5998 0ac6 0D       		.uleb128 0xd
 5999 0ac7 6F746700 		.ascii	"otg\000"
 6000 0acb 15       		.byte	0x15
 6001 0acc C101     		.2byte	0x1c1
 6002 0ace 22       		.byte	0x22
 6003 0acf 22150000 		.4byte	0x1522
 6004 0ad3 50       		.byte	0x50
 6005 0ad4 01       		.uleb128 0x1
 6006 0ad5 D00C0000 		.4byte	.LASF154
 6007 0ad9 15       		.byte	0x15
 6008 0ada C501     		.2byte	0x1c5
 6009 0adc 22       		.byte	0x22
 6010 0add 27150000 		.4byte	0x1527
 6011 0ae1 54       		.byte	0x54
 6012 0ae2 01       		.uleb128 0x1
 6013 0ae3 38130000 		.4byte	.LASF155
 6014 0ae7 15       		.byte	0x15
 6015 0ae8 C901     		.2byte	0x1c9
 6016 0aea 21       		.byte	0x21
 6017 0aeb FA000000 		.4byte	0xfa
 6018 0aef 58       		.byte	0x58
 6019 0af0 01       		.uleb128 0x1
 6020 0af1 530B0000 		.4byte	.LASF156
 6021 0af5 15       		.byte	0x15
 6022 0af6 CD01     		.2byte	0x1cd
 6023 0af8 21       		.byte	0x21
ARM GAS  /tmp/cctaqgo8.s 			page 107


 6024 0af9 FA000000 		.4byte	0xfa
 6025 0afd 5C       		.byte	0x5c
 6026 0afe 01       		.uleb128 0x1
 6027 0aff C90A0000 		.4byte	.LASF157
 6028 0b03 15       		.byte	0x15
 6029 0b04 D101     		.2byte	0x1d1
 6030 0b06 21       		.byte	0x21
 6031 0b07 42020000 		.4byte	0x242
 6032 0b0b 60       		.byte	0x60
 6033 0b0c 0D       		.uleb128 0xd
 6034 0b0d 747200   		.ascii	"tr\000"
 6035 0b10 15       		.byte	0x15
 6036 0b11 D601     		.2byte	0x1d6
 6037 0b13 21       		.byte	0x21
 6038 0b14 42020000 		.4byte	0x242
 6039 0b18 64       		.byte	0x64
 6040 0b19 01       		.uleb128 0x1
 6041 0b1a A40F0000 		.4byte	.LASF158
 6042 0b1e 15       		.byte	0x15
 6043 0b1f DA01     		.2byte	0x1da
 6044 0b21 03       		.byte	0x3
 6045 0b22 2C150000 		.4byte	0x152c
 6046 0b26 68       		.byte	0x68
 6047 0b27 00       		.byte	0
 6048 0b28 05       		.uleb128 0x5
 6049 0b29 EF110000 		.4byte	.LASF159
 6050 0b2d 14       		.byte	0x14
 6051 0b2e FF       		.byte	0xff
 6052 0b2f 11       		.byte	0x11
 6053 0b30 D1000000 		.4byte	0xd1
 6054 0b34 36       		.uleb128 0x36
 6055 0b35 34000000 		.4byte	0x34
 6056 0b39 0401     		.2byte	0x104
 6057 0b3b 640B0000 		.4byte	0xb64
 6058 0b3f 10       		.uleb128 0x10
 6059 0b40 40070000 		.4byte	.LASF160
 6060 0b44 00       		.byte	0
 6061 0b45 10       		.uleb128 0x10
 6062 0b46 F10B0000 		.4byte	.LASF161
 6063 0b4a 01       		.byte	0x1
 6064 0b4b 10       		.uleb128 0x10
 6065 0b4c 120A0000 		.4byte	.LASF162
 6066 0b50 02       		.byte	0x2
 6067 0b51 10       		.uleb128 0x10
 6068 0b52 F1070000 		.4byte	.LASF163
 6069 0b56 03       		.byte	0x3
 6070 0b57 10       		.uleb128 0x10
 6071 0b58 81020000 		.4byte	.LASF164
 6072 0b5c 04       		.byte	0x4
 6073 0b5d 10       		.uleb128 0x10
 6074 0b5e 91040000 		.4byte	.LASF165
 6075 0b62 05       		.byte	0x5
 6076 0b63 00       		.byte	0
 6077 0b64 17       		.uleb128 0x17
 6078 0b65 44090000 		.4byte	.LASF166
 6079 0b69 14       		.byte	0x14
 6080 0b6a 0B01     		.2byte	0x10b
ARM GAS  /tmp/cctaqgo8.s 			page 108


 6081 0b6c 03       		.byte	0x3
 6082 0b6d 340B0000 		.4byte	0xb34
 6083 0b71 36       		.uleb128 0x36
 6084 0b72 34000000 		.4byte	0x34
 6085 0b76 1001     		.2byte	0x110
 6086 0b78 8F0B0000 		.4byte	0xb8f
 6087 0b7c 10       		.uleb128 0x10
 6088 0b7d B8120000 		.4byte	.LASF167
 6089 0b81 00       		.byte	0
 6090 0b82 10       		.uleb128 0x10
 6091 0b83 2E080000 		.4byte	.LASF168
 6092 0b87 01       		.byte	0x1
 6093 0b88 10       		.uleb128 0x10
 6094 0b89 F4040000 		.4byte	.LASF169
 6095 0b8d 02       		.byte	0x2
 6096 0b8e 00       		.byte	0
 6097 0b8f 17       		.uleb128 0x17
 6098 0b90 4E030000 		.4byte	.LASF170
 6099 0b94 14       		.byte	0x14
 6100 0b95 1401     		.2byte	0x114
 6101 0b97 03       		.byte	0x3
 6102 0b98 710B0000 		.4byte	0xb71
 6103 0b9c 36       		.uleb128 0x36
 6104 0b9d 34000000 		.4byte	0x34
 6105 0ba1 1901     		.2byte	0x119
 6106 0ba3 D20B0000 		.4byte	0xbd2
 6107 0ba7 10       		.uleb128 0x10
 6108 0ba8 3F040000 		.4byte	.LASF171
 6109 0bac 00       		.byte	0
 6110 0bad 10       		.uleb128 0x10
 6111 0bae 29020000 		.4byte	.LASF172
 6112 0bb2 01       		.byte	0x1
 6113 0bb3 10       		.uleb128 0x10
 6114 0bb4 B00C0000 		.4byte	.LASF173
 6115 0bb8 02       		.byte	0x2
 6116 0bb9 10       		.uleb128 0x10
 6117 0bba 11130000 		.4byte	.LASF174
 6118 0bbe 03       		.byte	0x3
 6119 0bbf 10       		.uleb128 0x10
 6120 0bc0 5E130000 		.4byte	.LASF175
 6121 0bc4 04       		.byte	0x4
 6122 0bc5 10       		.uleb128 0x10
 6123 0bc6 E5120000 		.4byte	.LASF176
 6124 0bca 05       		.byte	0x5
 6125 0bcb 10       		.uleb128 0x10
 6126 0bcc 5D090000 		.4byte	.LASF177
 6127 0bd0 06       		.byte	0x6
 6128 0bd1 00       		.byte	0
 6129 0bd2 17       		.uleb128 0x17
 6130 0bd3 18030000 		.4byte	.LASF178
 6131 0bd7 14       		.byte	0x14
 6132 0bd8 2101     		.2byte	0x121
 6133 0bda 03       		.byte	0x3
 6134 0bdb 9C0B0000 		.4byte	0xb9c
 6135 0bdf 36       		.uleb128 0x36
 6136 0be0 34000000 		.4byte	0x34
 6137 0be4 2601     		.2byte	0x126
ARM GAS  /tmp/cctaqgo8.s 			page 109


 6138 0be6 0F0C0000 		.4byte	0xc0f
 6139 0bea 10       		.uleb128 0x10
 6140 0beb 78100000 		.4byte	.LASF179
 6141 0bef 00       		.byte	0
 6142 0bf0 10       		.uleb128 0x10
 6143 0bf1 65030000 		.4byte	.LASF180
 6144 0bf5 01       		.byte	0x1
 6145 0bf6 10       		.uleb128 0x10
 6146 0bf7 4E0F0000 		.4byte	.LASF181
 6147 0bfb 02       		.byte	0x2
 6148 0bfc 10       		.uleb128 0x10
 6149 0bfd 7C120000 		.4byte	.LASF182
 6150 0c01 03       		.byte	0x3
 6151 0c02 10       		.uleb128 0x10
 6152 0c03 C3090000 		.4byte	.LASF183
 6153 0c07 04       		.byte	0x4
 6154 0c08 10       		.uleb128 0x10
 6155 0c09 E2040000 		.4byte	.LASF184
 6156 0c0d 05       		.byte	0x5
 6157 0c0e 00       		.byte	0
 6158 0c0f 17       		.uleb128 0x17
 6159 0c10 CB070000 		.4byte	.LASF185
 6160 0c14 14       		.byte	0x14
 6161 0c15 2D01     		.2byte	0x12d
 6162 0c17 03       		.byte	0x3
 6163 0c18 DF0B0000 		.4byte	0xbdf
 6164 0c1c 2F       		.uleb128 0x2f
 6165 0c1d 08       		.byte	0x8
 6166 0c1e 14       		.byte	0x14
 6167 0c1f 3201     		.2byte	0x132
 6168 0c21 09       		.byte	0x9
 6169 0c22 430C0000 		.4byte	0xc43
 6170 0c26 01       		.uleb128 0x1
 6171 0c27 E4070000 		.4byte	.LASF186
 6172 0c2b 14       		.byte	0x14
 6173 0c2c 3601     		.2byte	0x136
 6174 0c2e 21       		.byte	0x21
 6175 0c2f 42000000 		.4byte	0x42
 6176 0c33 00       		.byte	0
 6177 0c34 01       		.uleb128 0x1
 6178 0c35 9B0C0000 		.4byte	.LASF187
 6179 0c39 14       		.byte	0x14
 6180 0c3a 3A01     		.2byte	0x13a
 6181 0c3c 22       		.byte	0x22
 6182 0c3d 09090000 		.4byte	0x909
 6183 0c41 04       		.byte	0x4
 6184 0c42 00       		.byte	0
 6185 0c43 17       		.uleb128 0x17
 6186 0c44 59070000 		.4byte	.LASF188
 6187 0c48 14       		.byte	0x14
 6188 0c49 3B01     		.2byte	0x13b
 6189 0c4b 03       		.byte	0x3
 6190 0c4c 1C0C0000 		.4byte	0xc1c
 6191 0c50 28       		.uleb128 0x28
 6192 0c51 430C0000 		.4byte	0xc43
 6193 0c55 17       		.uleb128 0x17
 6194 0c56 35110000 		.4byte	.LASF189
ARM GAS  /tmp/cctaqgo8.s 			page 110


 6195 0c5a 14       		.byte	0x14
 6196 0c5b 4301     		.2byte	0x143
 6197 0c5d 10       		.byte	0x10
 6198 0c5e 620C0000 		.4byte	0xc62
 6199 0c62 0B       		.uleb128 0xb
 6200 0c63 670C0000 		.4byte	0xc67
 6201 0c67 32       		.uleb128 0x32
 6202 0c68 720C0000 		.4byte	0xc72
 6203 0c6c 07       		.uleb128 0x7
 6204 0c6d 720C0000 		.4byte	0xc72
 6205 0c71 00       		.byte	0
 6206 0c72 0B       		.uleb128 0xb
 6207 0c73 DA090000 		.4byte	0x9da
 6208 0c77 17       		.uleb128 0x17
 6209 0c78 8C0A0000 		.4byte	.LASF190
 6210 0c7c 14       		.byte	0x14
 6211 0c7d 4C01     		.2byte	0x14c
 6212 0c7f 10       		.byte	0x10
 6213 0c80 840C0000 		.4byte	0xc84
 6214 0c84 0B       		.uleb128 0xb
 6215 0c85 890C0000 		.4byte	0xc89
 6216 0c89 32       		.uleb128 0x32
 6217 0c8a 990C0000 		.4byte	0xc99
 6218 0c8e 07       		.uleb128 0x7
 6219 0c8f 720C0000 		.4byte	0xc72
 6220 0c93 07       		.uleb128 0x7
 6221 0c94 280B0000 		.4byte	0xb28
 6222 0c98 00       		.byte	0
 6223 0c99 17       		.uleb128 0x17
 6224 0c9a C6060000 		.4byte	.LASF191
 6225 0c9e 14       		.byte	0x14
 6226 0c9f 5501     		.2byte	0x155
 6227 0ca1 10       		.byte	0x10
 6228 0ca2 A60C0000 		.4byte	0xca6
 6229 0ca6 0B       		.uleb128 0xb
 6230 0ca7 AB0C0000 		.4byte	0xcab
 6231 0cab 32       		.uleb128 0x32
 6232 0cac BB0C0000 		.4byte	0xcbb
 6233 0cb0 07       		.uleb128 0x7
 6234 0cb1 720C0000 		.4byte	0xc72
 6235 0cb5 07       		.uleb128 0x7
 6236 0cb6 0F0C0000 		.4byte	0xc0f
 6237 0cba 00       		.byte	0
 6238 0cbb 17       		.uleb128 0x17
 6239 0cbc 1D110000 		.4byte	.LASF192
 6240 0cc0 14       		.byte	0x14
 6241 0cc1 6101     		.2byte	0x161
 6242 0cc3 10       		.byte	0x10
 6243 0cc4 C80C0000 		.4byte	0xcc8
 6244 0cc8 0B       		.uleb128 0xb
 6245 0cc9 CD0C0000 		.4byte	0xccd
 6246 0ccd 47       		.uleb128 0x47
 6247 0cce 18090000 		.4byte	0x918
 6248 0cd2 DC0C0000 		.4byte	0xcdc
 6249 0cd6 07       		.uleb128 0x7
 6250 0cd7 720C0000 		.4byte	0xc72
 6251 0cdb 00       		.byte	0
ARM GAS  /tmp/cctaqgo8.s 			page 111


 6252 0cdc 17       		.uleb128 0x17
 6253 0cdd 910F0000 		.4byte	.LASF193
 6254 0ce1 14       		.byte	0x14
 6255 0ce2 6601     		.2byte	0x166
 6256 0ce4 21       		.byte	0x21
 6257 0ce5 E90C0000 		.4byte	0xce9
 6258 0ce9 0B       		.uleb128 0xb
 6259 0cea EE0C0000 		.4byte	0xcee
 6260 0cee 47       		.uleb128 0x47
 6261 0cef 0C0D0000 		.4byte	0xd0c
 6262 0cf3 0C0D0000 		.4byte	0xd0c
 6263 0cf7 07       		.uleb128 0x7
 6264 0cf8 720C0000 		.4byte	0xc72
 6265 0cfc 07       		.uleb128 0x7
 6266 0cfd D1000000 		.4byte	0xd1
 6267 0d01 07       		.uleb128 0x7
 6268 0d02 D1000000 		.4byte	0xd1
 6269 0d06 07       		.uleb128 0x7
 6270 0d07 E2000000 		.4byte	0xe2
 6271 0d0b 00       		.byte	0
 6272 0d0c 0B       		.uleb128 0xb
 6273 0d0d 500C0000 		.4byte	0xc50
 6274 0d11 26       		.uleb128 0x26
 6275 0d12 20       		.byte	0x20
 6276 0d13 16       		.byte	0x16
 6277 0d14 35       		.byte	0x35
 6278 0d15 09       		.byte	0x9
 6279 0d16 830D0000 		.4byte	0xd83
 6280 0d1a 03       		.uleb128 0x3
 6281 0d1b 2E060000 		.4byte	.LASF194
 6282 0d1f 16       		.byte	0x16
 6283 0d20 36       		.byte	0x36
 6284 0d21 15       		.byte	0x15
 6285 0d22 06010000 		.4byte	0x106
 6286 0d26 00       		.byte	0
 6287 0d27 03       		.uleb128 0x3
 6288 0d28 8D010000 		.4byte	.LASF195
 6289 0d2c 16       		.byte	0x16
 6290 0d2d 38       		.byte	0x38
 6291 0d2e 15       		.byte	0x15
 6292 0d2f 06010000 		.4byte	0x106
 6293 0d33 04       		.byte	0x4
 6294 0d34 03       		.uleb128 0x3
 6295 0d35 AA0D0000 		.4byte	.LASF196
 6296 0d39 16       		.byte	0x16
 6297 0d3a 39       		.byte	0x39
 6298 0d3b 15       		.byte	0x15
 6299 0d3c 06010000 		.4byte	0x106
 6300 0d40 08       		.byte	0x8
 6301 0d41 03       		.uleb128 0x3
 6302 0d42 4B0E0000 		.4byte	.LASF197
 6303 0d46 16       		.byte	0x16
 6304 0d47 3A       		.byte	0x3a
 6305 0d48 15       		.byte	0x15
 6306 0d49 06010000 		.4byte	0x106
 6307 0d4d 0C       		.byte	0xc
 6308 0d4e 03       		.uleb128 0x3
ARM GAS  /tmp/cctaqgo8.s 			page 112


 6309 0d4f 4D020000 		.4byte	.LASF198
 6310 0d53 16       		.byte	0x16
 6311 0d54 3C       		.byte	0x3c
 6312 0d55 15       		.byte	0x15
 6313 0d56 06010000 		.4byte	0x106
 6314 0d5a 10       		.byte	0x10
 6315 0d5b 03       		.uleb128 0x3
 6316 0d5c 88100000 		.4byte	.LASF199
 6317 0d60 16       		.byte	0x16
 6318 0d61 3E       		.byte	0x3e
 6319 0d62 15       		.byte	0x15
 6320 0d63 06010000 		.4byte	0x106
 6321 0d67 14       		.byte	0x14
 6322 0d68 03       		.uleb128 0x3
 6323 0d69 90100000 		.4byte	.LASF200
 6324 0d6d 16       		.byte	0x16
 6325 0d6e 3F       		.byte	0x3f
 6326 0d6f 15       		.byte	0x15
 6327 0d70 06010000 		.4byte	0x106
 6328 0d74 18       		.byte	0x18
 6329 0d75 03       		.uleb128 0x3
 6330 0d76 0A110000 		.4byte	.LASF201
 6331 0d7a 16       		.byte	0x16
 6332 0d7b 40       		.byte	0x40
 6333 0d7c 15       		.byte	0x15
 6334 0d7d 06010000 		.4byte	0x106
 6335 0d81 1C       		.byte	0x1c
 6336 0d82 00       		.byte	0
 6337 0d83 05       		.uleb128 0x5
 6338 0d84 E0060000 		.4byte	.LASF202
 6339 0d88 16       		.byte	0x16
 6340 0d89 41       		.byte	0x41
 6341 0d8a 03       		.byte	0x3
 6342 0d8b 110D0000 		.4byte	0xd11
 6343 0d8f 26       		.uleb128 0x26
 6344 0d90 20       		.byte	0x20
 6345 0d91 16       		.byte	0x16
 6346 0d92 46       		.byte	0x46
 6347 0d93 09       		.byte	0x9
 6348 0d94 010E0000 		.4byte	0xe01
 6349 0d98 03       		.uleb128 0x3
 6350 0d99 2D110000 		.4byte	.LASF203
 6351 0d9d 16       		.byte	0x16
 6352 0d9e 47       		.byte	0x47
 6353 0d9f 15       		.byte	0x15
 6354 0da0 06010000 		.4byte	0x106
 6355 0da4 00       		.byte	0
 6356 0da5 03       		.uleb128 0x3
 6357 0da6 79010000 		.4byte	.LASF204
 6358 0daa 16       		.byte	0x16
 6359 0dab 49       		.byte	0x49
 6360 0dac 15       		.byte	0x15
 6361 0dad 06010000 		.4byte	0x106
 6362 0db1 04       		.byte	0x4
 6363 0db2 03       		.uleb128 0x3
 6364 0db3 82110000 		.4byte	.LASF205
 6365 0db7 16       		.byte	0x16
ARM GAS  /tmp/cctaqgo8.s 			page 113


 6366 0db8 4A       		.byte	0x4a
 6367 0db9 15       		.byte	0x15
 6368 0dba 06010000 		.4byte	0x106
 6369 0dbe 08       		.byte	0x8
 6370 0dbf 03       		.uleb128 0x3
 6371 0dc0 B5010000 		.4byte	.LASF206
 6372 0dc4 16       		.byte	0x16
 6373 0dc5 4C       		.byte	0x4c
 6374 0dc6 15       		.byte	0x15
 6375 0dc7 06010000 		.4byte	0x106
 6376 0dcb 0C       		.byte	0xc
 6377 0dcc 03       		.uleb128 0x3
 6378 0dcd E7050000 		.4byte	.LASF207
 6379 0dd1 16       		.byte	0x16
 6380 0dd2 4D       		.byte	0x4d
 6381 0dd3 15       		.byte	0x15
 6382 0dd4 06010000 		.4byte	0x106
 6383 0dd8 10       		.byte	0x10
 6384 0dd9 03       		.uleb128 0x3
 6385 0dda 88100000 		.4byte	.LASF199
 6386 0dde 16       		.byte	0x16
 6387 0ddf 4F       		.byte	0x4f
 6388 0de0 15       		.byte	0x15
 6389 0de1 06010000 		.4byte	0x106
 6390 0de5 14       		.byte	0x14
 6391 0de6 03       		.uleb128 0x3
 6392 0de7 98100000 		.4byte	.LASF208
 6393 0deb 16       		.byte	0x16
 6394 0dec 50       		.byte	0x50
 6395 0ded 15       		.byte	0x15
 6396 0dee 06010000 		.4byte	0x106
 6397 0df2 18       		.byte	0x18
 6398 0df3 03       		.uleb128 0x3
 6399 0df4 B3100000 		.4byte	.LASF209
 6400 0df8 16       		.byte	0x16
 6401 0df9 52       		.byte	0x52
 6402 0dfa 15       		.byte	0x15
 6403 0dfb 06010000 		.4byte	0x106
 6404 0dff 1C       		.byte	0x1c
 6405 0e00 00       		.byte	0
 6406 0e01 05       		.uleb128 0x5
 6407 0e02 0D0F0000 		.4byte	.LASF210
 6408 0e06 16       		.byte	0x16
 6409 0e07 53       		.byte	0x53
 6410 0e08 03       		.byte	0x3
 6411 0e09 8F0D0000 		.4byte	0xd8f
 6412 0e0d 26       		.uleb128 0x26
 6413 0e0e 20       		.byte	0x20
 6414 0e0f 16       		.byte	0x16
 6415 0e10 58       		.byte	0x58
 6416 0e11 09       		.byte	0x9
 6417 0e12 7F0E0000 		.4byte	0xe7f
 6418 0e16 03       		.uleb128 0x3
 6419 0e17 A9040000 		.4byte	.LASF211
 6420 0e1b 16       		.byte	0x16
 6421 0e1c 59       		.byte	0x59
 6422 0e1d 15       		.byte	0x15
ARM GAS  /tmp/cctaqgo8.s 			page 114


 6423 0e1e 06010000 		.4byte	0x106
 6424 0e22 00       		.byte	0
 6425 0e23 03       		.uleb128 0x3
 6426 0e24 79010000 		.4byte	.LASF204
 6427 0e28 16       		.byte	0x16
 6428 0e29 5B       		.byte	0x5b
 6429 0e2a 15       		.byte	0x15
 6430 0e2b 06010000 		.4byte	0x106
 6431 0e2f 04       		.byte	0x4
 6432 0e30 03       		.uleb128 0x3
 6433 0e31 05050000 		.4byte	.LASF212
 6434 0e35 16       		.byte	0x16
 6435 0e36 5C       		.byte	0x5c
 6436 0e37 15       		.byte	0x15
 6437 0e38 06010000 		.4byte	0x106
 6438 0e3c 08       		.byte	0x8
 6439 0e3d 03       		.uleb128 0x3
 6440 0e3e B5010000 		.4byte	.LASF206
 6441 0e42 16       		.byte	0x16
 6442 0e43 5E       		.byte	0x5e
 6443 0e44 15       		.byte	0x15
 6444 0e45 06010000 		.4byte	0x106
 6445 0e49 0C       		.byte	0xc
 6446 0e4a 03       		.uleb128 0x3
 6447 0e4b FF0A0000 		.4byte	.LASF213
 6448 0e4f 16       		.byte	0x16
 6449 0e50 5F       		.byte	0x5f
 6450 0e51 15       		.byte	0x15
 6451 0e52 06010000 		.4byte	0x106
 6452 0e56 10       		.byte	0x10
 6453 0e57 03       		.uleb128 0x3
 6454 0e58 88100000 		.4byte	.LASF199
 6455 0e5c 16       		.byte	0x16
 6456 0e5d 61       		.byte	0x61
 6457 0e5e 15       		.byte	0x15
 6458 0e5f 06010000 		.4byte	0x106
 6459 0e63 14       		.byte	0x14
 6460 0e64 03       		.uleb128 0x3
 6461 0e65 90100000 		.4byte	.LASF200
 6462 0e69 16       		.byte	0x16
 6463 0e6a 62       		.byte	0x62
 6464 0e6b 15       		.byte	0x15
 6465 0e6c 06010000 		.4byte	0x106
 6466 0e70 18       		.byte	0x18
 6467 0e71 03       		.uleb128 0x3
 6468 0e72 B3100000 		.4byte	.LASF209
 6469 0e76 16       		.byte	0x16
 6470 0e77 63       		.byte	0x63
 6471 0e78 15       		.byte	0x15
 6472 0e79 06010000 		.4byte	0x106
 6473 0e7d 1C       		.byte	0x1c
 6474 0e7e 00       		.byte	0
 6475 0e7f 05       		.uleb128 0x5
 6476 0e80 48060000 		.4byte	.LASF214
 6477 0e84 16       		.byte	0x16
 6478 0e85 64       		.byte	0x64
 6479 0e86 03       		.byte	0x3
ARM GAS  /tmp/cctaqgo8.s 			page 115


 6480 0e87 0D0E0000 		.4byte	0xe0d
 6481 0e8b 54       		.uleb128 0x54
 6482 0e8c 00100100 		.4byte	0x11000
 6483 0e90 16       		.byte	0x16
 6484 0e91 69       		.byte	0x69
 6485 0e92 09       		.byte	0x9
 6486 0e93 55110000 		.4byte	0x1155
 6487 0e97 03       		.uleb128 0x3
 6488 0e98 74090000 		.4byte	.LASF215
 6489 0e9c 16       		.byte	0x16
 6490 0e9d 6A       		.byte	0x6a
 6491 0e9e 15       		.byte	0x15
 6492 0e9f 06010000 		.4byte	0x106
 6493 0ea3 00       		.byte	0
 6494 0ea4 03       		.uleb128 0x3
 6495 0ea5 FC090000 		.4byte	.LASF216
 6496 0ea9 16       		.byte	0x16
 6497 0eaa 6B       		.byte	0x6b
 6498 0eab 15       		.byte	0x15
 6499 0eac 06010000 		.4byte	0x106
 6500 0eb0 04       		.byte	0x4
 6501 0eb1 03       		.uleb128 0x3
 6502 0eb2 D3080000 		.4byte	.LASF217
 6503 0eb6 16       		.byte	0x16
 6504 0eb7 6C       		.byte	0x6c
 6505 0eb8 15       		.byte	0x15
 6506 0eb9 06010000 		.4byte	0x106
 6507 0ebd 08       		.byte	0x8
 6508 0ebe 03       		.uleb128 0x3
 6509 0ebf 56130000 		.4byte	.LASF218
 6510 0ec3 16       		.byte	0x16
 6511 0ec4 6D       		.byte	0x6d
 6512 0ec5 15       		.byte	0x15
 6513 0ec6 06010000 		.4byte	0x106
 6514 0eca 0C       		.byte	0xc
 6515 0ecb 03       		.uleb128 0x3
 6516 0ecc 43110000 		.4byte	.LASF219
 6517 0ed0 16       		.byte	0x16
 6518 0ed1 6E       		.byte	0x6e
 6519 0ed2 15       		.byte	0x15
 6520 0ed3 06010000 		.4byte	0x106
 6521 0ed7 10       		.byte	0x10
 6522 0ed8 03       		.uleb128 0x3
 6523 0ed9 4B110000 		.4byte	.LASF220
 6524 0edd 16       		.byte	0x16
 6525 0ede 6F       		.byte	0x6f
 6526 0edf 15       		.byte	0x15
 6527 0ee0 06010000 		.4byte	0x106
 6528 0ee4 14       		.byte	0x14
 6529 0ee5 03       		.uleb128 0x3
 6530 0ee6 050C0000 		.4byte	.LASF221
 6531 0eea 16       		.byte	0x16
 6532 0eeb 70       		.byte	0x70
 6533 0eec 15       		.byte	0x15
 6534 0eed 06010000 		.4byte	0x106
 6535 0ef1 18       		.byte	0x18
 6536 0ef2 03       		.uleb128 0x3
ARM GAS  /tmp/cctaqgo8.s 			page 116


 6537 0ef3 BB090000 		.4byte	.LASF222
 6538 0ef7 16       		.byte	0x16
 6539 0ef8 71       		.byte	0x71
 6540 0ef9 15       		.byte	0x15
 6541 0efa 06010000 		.4byte	0x106
 6542 0efe 1C       		.byte	0x1c
 6543 0eff 03       		.uleb128 0x3
 6544 0f00 AA090000 		.4byte	.LASF223
 6545 0f04 16       		.byte	0x16
 6546 0f05 73       		.byte	0x73
 6547 0f06 15       		.byte	0x15
 6548 0f07 06010000 		.4byte	0x106
 6549 0f0b 20       		.byte	0x20
 6550 0f0c 03       		.uleb128 0x3
 6551 0f0d 26080000 		.4byte	.LASF224
 6552 0f11 16       		.byte	0x16
 6553 0f12 75       		.byte	0x75
 6554 0f13 15       		.byte	0x15
 6555 0f14 06010000 		.4byte	0x106
 6556 0f18 24       		.byte	0x24
 6557 0f19 03       		.uleb128 0x3
 6558 0f1a 77030000 		.4byte	.LASF225
 6559 0f1e 16       		.byte	0x16
 6560 0f1f 76       		.byte	0x76
 6561 0f20 15       		.byte	0x15
 6562 0f21 06010000 		.4byte	0x106
 6563 0f25 28       		.byte	0x28
 6564 0f26 03       		.uleb128 0x3
 6565 0f27 8A110000 		.4byte	.LASF226
 6566 0f2b 16       		.byte	0x16
 6567 0f2c 78       		.byte	0x78
 6568 0f2d 15       		.byte	0x15
 6569 0f2e 06010000 		.4byte	0x106
 6570 0f32 2C       		.byte	0x2c
 6571 0f33 03       		.uleb128 0x3
 6572 0f34 BB110000 		.4byte	.LASF227
 6573 0f38 16       		.byte	0x16
 6574 0f39 7A       		.byte	0x7a
 6575 0f3a 15       		.byte	0x15
 6576 0f3b 06010000 		.4byte	0x106
 6577 0f3f 30       		.byte	0x30
 6578 0f40 03       		.uleb128 0x3
 6579 0f41 CD110000 		.4byte	.LASF228
 6580 0f45 16       		.byte	0x16
 6581 0f46 7B       		.byte	0x7b
 6582 0f47 15       		.byte	0x15
 6583 0f48 06010000 		.4byte	0x106
 6584 0f4c 34       		.byte	0x34
 6585 0f4d 03       		.uleb128 0x3
 6586 0f4e C9050000 		.4byte	.LASF229
 6587 0f52 16       		.byte	0x16
 6588 0f53 7C       		.byte	0x7c
 6589 0f54 15       		.byte	0x15
 6590 0f55 06010000 		.4byte	0x106
 6591 0f59 38       		.byte	0x38
 6592 0f5a 1B       		.uleb128 0x1b
 6593 0f5b 43494400 		.ascii	"CID\000"
ARM GAS  /tmp/cctaqgo8.s 			page 117


 6594 0f5f 16       		.byte	0x16
 6595 0f60 7D       		.byte	0x7d
 6596 0f61 15       		.byte	0x15
 6597 0f62 06010000 		.4byte	0x106
 6598 0f66 3C       		.byte	0x3c
 6599 0f67 03       		.uleb128 0x3
 6600 0f68 DD120000 		.4byte	.LASF230
 6601 0f6c 16       		.byte	0x16
 6602 0f6d 7E       		.byte	0x7e
 6603 0f6e 15       		.byte	0x15
 6604 0f6f 65110000 		.4byte	0x1165
 6605 0f73 40       		.byte	0x40
 6606 0f74 08       		.uleb128 0x8
 6607 0f75 6A0D0000 		.4byte	.LASF231
 6608 0f79 7F       		.byte	0x7f
 6609 0f7a 06010000 		.4byte	0x106
 6610 0f7e 0001     		.2byte	0x100
 6611 0f80 08       		.uleb128 0x8
 6612 0f81 74080000 		.4byte	.LASF232
 6613 0f85 81       		.byte	0x81
 6614 0f86 4C060000 		.4byte	0x64c
 6615 0f8a 0401     		.2byte	0x104
 6616 0f8c 08       		.uleb128 0x8
 6617 0f8d 69130000 		.4byte	.LASF233
 6618 0f91 83       		.byte	0x83
 6619 0f92 7A110000 		.4byte	0x117a
 6620 0f96 4001     		.2byte	0x140
 6621 0f98 08       		.uleb128 0x8
 6622 0f99 29060000 		.4byte	.LASF234
 6623 0f9d 84       		.byte	0x84
 6624 0f9e 06010000 		.4byte	0x106
 6625 0fa2 0004     		.2byte	0x400
 6626 0fa4 08       		.uleb128 0x8
 6627 0fa5 0C130000 		.4byte	.LASF235
 6628 0fa9 85       		.byte	0x85
 6629 0faa 06010000 		.4byte	0x106
 6630 0fae 0404     		.2byte	0x404
 6631 0fb0 08       		.uleb128 0x8
 6632 0fb1 C0060000 		.4byte	.LASF236
 6633 0fb5 86       		.byte	0x86
 6634 0fb6 06010000 		.4byte	0x106
 6635 0fba 0804     		.2byte	0x408
 6636 0fbc 08       		.uleb128 0x8
 6637 0fbd 6B090000 		.4byte	.LASF237
 6638 0fc1 88       		.byte	0x88
 6639 0fc2 06010000 		.4byte	0x106
 6640 0fc6 0C04     		.2byte	0x40c
 6641 0fc8 08       		.uleb128 0x8
 6642 0fc9 D5120000 		.4byte	.LASF238
 6643 0fcd 89       		.byte	0x89
 6644 0fce 06010000 		.4byte	0x106
 6645 0fd2 1004     		.2byte	0x410
 6646 0fd4 08       		.uleb128 0x8
 6647 0fd5 170B0000 		.4byte	.LASF239
 6648 0fd9 8B       		.byte	0x8b
 6649 0fda 06010000 		.4byte	0x106
 6650 0fde 1404     		.2byte	0x414
ARM GAS  /tmp/cctaqgo8.s 			page 118


 6651 0fe0 08       		.uleb128 0x8
 6652 0fe1 E80B0000 		.4byte	.LASF240
 6653 0fe5 8D       		.byte	0x8d
 6654 0fe6 06010000 		.4byte	0x106
 6655 0fea 1804     		.2byte	0x418
 6656 0fec 08       		.uleb128 0x8
 6657 0fed 880F0000 		.4byte	.LASF241
 6658 0ff1 8F       		.byte	0x8f
 6659 0ff2 8F110000 		.4byte	0x118f
 6660 0ff6 1C04     		.2byte	0x41c
 6661 0ff8 08       		.uleb128 0x8
 6662 0ff9 6E060000 		.4byte	.LASF242
 6663 0ffd 90       		.byte	0x90
 6664 0ffe 06010000 		.4byte	0x106
 6665 1002 4004     		.2byte	0x440
 6666 1004 08       		.uleb128 0x8
 6667 1005 BD0B0000 		.4byte	.LASF243
 6668 1009 92       		.byte	0x92
 6669 100a A4110000 		.4byte	0x11a4
 6670 100e 4404     		.2byte	0x444
 6671 1010 3D       		.uleb128 0x3d
 6672 1011 686300   		.ascii	"hc\000"
 6673 1014 93       		.byte	0x93
 6674 1015 18       		.byte	0x18
 6675 1016 A9110000 		.4byte	0x11a9
 6676 101a 0005     		.2byte	0x500
 6677 101c 08       		.uleb128 0x8
 6678 101d 54020000 		.4byte	.LASF244
 6679 1021 94       		.byte	0x94
 6680 1022 C9110000 		.4byte	0x11c9
 6681 1026 0007     		.2byte	0x700
 6682 1028 08       		.uleb128 0x8
 6683 1029 B3050000 		.4byte	.LASF245
 6684 102d 95       		.byte	0x95
 6685 102e 06010000 		.4byte	0x106
 6686 1032 0008     		.2byte	0x800
 6687 1034 08       		.uleb128 0x8
 6688 1035 C40D0000 		.4byte	.LASF246
 6689 1039 96       		.byte	0x96
 6690 103a 06010000 		.4byte	0x106
 6691 103e 0408     		.2byte	0x804
 6692 1040 08       		.uleb128 0x8
 6693 1041 48120000 		.4byte	.LASF247
 6694 1045 97       		.byte	0x97
 6695 1046 06010000 		.4byte	0x106
 6696 104a 0808     		.2byte	0x808
 6697 104c 08       		.uleb128 0x8
 6698 104d 27070000 		.4byte	.LASF248
 6699 1051 98       		.byte	0x98
 6700 1052 06010000 		.4byte	0x106
 6701 1056 0C08     		.2byte	0x80c
 6702 1058 08       		.uleb128 0x8
 6703 1059 BB100000 		.4byte	.LASF249
 6704 105d 99       		.byte	0x99
 6705 105e 06010000 		.4byte	0x106
 6706 1062 1008     		.2byte	0x810
 6707 1064 08       		.uleb128 0x8
ARM GAS  /tmp/cctaqgo8.s 			page 119


 6708 1065 55040000 		.4byte	.LASF250
 6709 1069 9B       		.byte	0x9b
 6710 106a 06010000 		.4byte	0x106
 6711 106e 1408     		.2byte	0x814
 6712 1070 08       		.uleb128 0x8
 6713 1071 39040000 		.4byte	.LASF251
 6714 1075 9D       		.byte	0x9d
 6715 1076 06010000 		.4byte	0x106
 6716 107a 1808     		.2byte	0x818
 6717 107c 08       		.uleb128 0x8
 6718 107d A80E0000 		.4byte	.LASF252
 6719 1081 9F       		.byte	0x9f
 6720 1082 06010000 		.4byte	0x106
 6721 1086 1C08     		.2byte	0x81c
 6722 1088 08       		.uleb128 0x8
 6723 1089 15070000 		.4byte	.LASF253
 6724 108d A1       		.byte	0xa1
 6725 108e 06010000 		.4byte	0x106
 6726 1092 2008     		.2byte	0x820
 6727 1094 08       		.uleb128 0x8
 6728 1095 1E070000 		.4byte	.LASF254
 6729 1099 A2       		.byte	0xa2
 6730 109a 06010000 		.4byte	0x106
 6731 109e 2408     		.2byte	0x824
 6732 10a0 08       		.uleb128 0x8
 6733 10a1 040F0000 		.4byte	.LASF255
 6734 10a5 A3       		.byte	0xa3
 6735 10a6 06010000 		.4byte	0x106
 6736 10aa 2808     		.2byte	0x828
 6737 10ac 08       		.uleb128 0x8
 6738 10ad 35070000 		.4byte	.LASF256
 6739 10b1 A5       		.byte	0xa5
 6740 10b2 06010000 		.4byte	0x106
 6741 10b6 2C08     		.2byte	0x82c
 6742 10b8 08       		.uleb128 0x8
 6743 10b9 710A0000 		.4byte	.LASF257
 6744 10bd A7       		.byte	0xa7
 6745 10be 06010000 		.4byte	0x106
 6746 10c2 3008     		.2byte	0x830
 6747 10c4 08       		.uleb128 0x8
 6748 10c5 FF100000 		.4byte	.LASF258
 6749 10c9 A8       		.byte	0xa8
 6750 10ca 06010000 		.4byte	0x106
 6751 10ce 3408     		.2byte	0x834
 6752 10d0 08       		.uleb128 0x8
 6753 10d1 830A0000 		.4byte	.LASF259
 6754 10d5 AA       		.byte	0xaa
 6755 10d6 06010000 		.4byte	0x106
 6756 10da 3808     		.2byte	0x838
 6757 10dc 08       		.uleb128 0x8
 6758 10dd AE0A0000 		.4byte	.LASF260
 6759 10e1 AB       		.byte	0xab
 6760 10e2 06010000 		.4byte	0x106
 6761 10e6 3C08     		.2byte	0x83c
 6762 10e8 08       		.uleb128 0x8
 6763 10e9 50080000 		.4byte	.LASF261
 6764 10ed AC       		.byte	0xac
ARM GAS  /tmp/cctaqgo8.s 			page 120


 6765 10ee DE110000 		.4byte	0x11de
 6766 10f2 4008     		.2byte	0x840
 6767 10f4 08       		.uleb128 0x8
 6768 10f5 A50A0000 		.4byte	.LASF262
 6769 10f9 AD       		.byte	0xad
 6770 10fa DE110000 		.4byte	0x11de
 6771 10fe 8008     		.2byte	0x880
 6772 1100 08       		.uleb128 0x8
 6773 1101 B8050000 		.4byte	.LASF263
 6774 1105 AE       		.byte	0xae
 6775 1106 DE110000 		.4byte	0x11de
 6776 110a C008     		.2byte	0x8c0
 6777 110c 3D       		.uleb128 0x3d
 6778 110d 696500   		.ascii	"ie\000"
 6779 1110 AF       		.byte	0xaf
 6780 1111 15       		.byte	0x15
 6781 1112 E3110000 		.4byte	0x11e3
 6782 1116 0009     		.2byte	0x900
 6783 1118 3D       		.uleb128 0x3d
 6784 1119 6F6500   		.ascii	"oe\000"
 6785 111c B0       		.byte	0xb0
 6786 111d 16       		.byte	0x16
 6787 111e F3110000 		.4byte	0x11f3
 6788 1122 000B     		.2byte	0xb00
 6789 1124 08       		.uleb128 0x8
 6790 1125 4A0D0000 		.4byte	.LASF264
 6791 1129 B1       		.byte	0xb1
 6792 112a C9110000 		.4byte	0x11c9
 6793 112e 000D     		.2byte	0xd00
 6794 1130 08       		.uleb128 0x8
 6795 1131 D4090000 		.4byte	.LASF265
 6796 1135 B2       		.byte	0xb2
 6797 1136 06010000 		.4byte	0x106
 6798 113a 000E     		.2byte	0xe00
 6799 113c 08       		.uleb128 0x8
 6800 113d B2110000 		.4byte	.LASF266
 6801 1141 B4       		.byte	0xb4
 6802 1142 13120000 		.4byte	0x1213
 6803 1146 040E     		.2byte	0xe04
 6804 1148 08       		.uleb128 0x8
 6805 1149 630F0000 		.4byte	.LASF267
 6806 114d B5       		.byte	0xb5
 6807 114e 2F120000 		.4byte	0x122f
 6808 1152 0010     		.2byte	0x1000
 6809 1154 00       		.byte	0
 6810 1155 11       		.uleb128 0x11
 6811 1156 06010000 		.4byte	0x106
 6812 115a 65110000 		.4byte	0x1165
 6813 115e 12       		.uleb128 0x12
 6814 115f 2D000000 		.4byte	0x2d
 6815 1163 2F       		.byte	0x2f
 6816 1164 00       		.byte	0
 6817 1165 18       		.uleb128 0x18
 6818 1166 55110000 		.4byte	0x1155
 6819 116a 11       		.uleb128 0x11
 6820 116b 06010000 		.4byte	0x106
 6821 116f 7A110000 		.4byte	0x117a
ARM GAS  /tmp/cctaqgo8.s 			page 121


 6822 1173 12       		.uleb128 0x12
 6823 1174 2D000000 		.4byte	0x2d
 6824 1178 AF       		.byte	0xaf
 6825 1179 00       		.byte	0
 6826 117a 18       		.uleb128 0x18
 6827 117b 6A110000 		.4byte	0x116a
 6828 117f 11       		.uleb128 0x11
 6829 1180 06010000 		.4byte	0x106
 6830 1184 8F110000 		.4byte	0x118f
 6831 1188 12       		.uleb128 0x12
 6832 1189 2D000000 		.4byte	0x2d
 6833 118d 08       		.byte	0x8
 6834 118e 00       		.byte	0
 6835 118f 18       		.uleb128 0x18
 6836 1190 7F110000 		.4byte	0x117f
 6837 1194 11       		.uleb128 0x11
 6838 1195 06010000 		.4byte	0x106
 6839 1199 A4110000 		.4byte	0x11a4
 6840 119d 12       		.uleb128 0x12
 6841 119e 2D000000 		.4byte	0x2d
 6842 11a2 2E       		.byte	0x2e
 6843 11a3 00       		.byte	0
 6844 11a4 18       		.uleb128 0x18
 6845 11a5 94110000 		.4byte	0x1194
 6846 11a9 11       		.uleb128 0x11
 6847 11aa 830D0000 		.4byte	0xd83
 6848 11ae B9110000 		.4byte	0x11b9
 6849 11b2 12       		.uleb128 0x12
 6850 11b3 2D000000 		.4byte	0x2d
 6851 11b7 0F       		.byte	0xf
 6852 11b8 00       		.byte	0
 6853 11b9 11       		.uleb128 0x11
 6854 11ba 06010000 		.4byte	0x106
 6855 11be C9110000 		.4byte	0x11c9
 6856 11c2 12       		.uleb128 0x12
 6857 11c3 2D000000 		.4byte	0x2d
 6858 11c7 3F       		.byte	0x3f
 6859 11c8 00       		.byte	0
 6860 11c9 18       		.uleb128 0x18
 6861 11ca B9110000 		.4byte	0x11b9
 6862 11ce 11       		.uleb128 0x11
 6863 11cf 06010000 		.4byte	0x106
 6864 11d3 DE110000 		.4byte	0x11de
 6865 11d7 12       		.uleb128 0x12
 6866 11d8 2D000000 		.4byte	0x2d
 6867 11dc 0F       		.byte	0xf
 6868 11dd 00       		.byte	0
 6869 11de 18       		.uleb128 0x18
 6870 11df CE110000 		.4byte	0x11ce
 6871 11e3 11       		.uleb128 0x11
 6872 11e4 010E0000 		.4byte	0xe01
 6873 11e8 F3110000 		.4byte	0x11f3
 6874 11ec 12       		.uleb128 0x12
 6875 11ed 2D000000 		.4byte	0x2d
 6876 11f1 0F       		.byte	0xf
 6877 11f2 00       		.byte	0
 6878 11f3 11       		.uleb128 0x11
ARM GAS  /tmp/cctaqgo8.s 			page 122


 6879 11f4 7F0E0000 		.4byte	0xe7f
 6880 11f8 03120000 		.4byte	0x1203
 6881 11fc 12       		.uleb128 0x12
 6882 11fd 2D000000 		.4byte	0x2d
 6883 1201 0F       		.byte	0xf
 6884 1202 00       		.byte	0
 6885 1203 11       		.uleb128 0x11
 6886 1204 06010000 		.4byte	0x106
 6887 1208 13120000 		.4byte	0x1213
 6888 120c 12       		.uleb128 0x12
 6889 120d 2D000000 		.4byte	0x2d
 6890 1211 7E       		.byte	0x7e
 6891 1212 00       		.byte	0
 6892 1213 18       		.uleb128 0x18
 6893 1214 03120000 		.4byte	0x1203
 6894 1218 11       		.uleb128 0x11
 6895 1219 06010000 		.4byte	0x106
 6896 121d 2F120000 		.4byte	0x122f
 6897 1221 12       		.uleb128 0x12
 6898 1222 2D000000 		.4byte	0x2d
 6899 1226 0F       		.byte	0xf
 6900 1227 55       		.uleb128 0x55
 6901 1228 2D000000 		.4byte	0x2d
 6902 122c FF03     		.2byte	0x3ff
 6903 122e 00       		.byte	0
 6904 122f 18       		.uleb128 0x18
 6905 1230 18120000 		.4byte	0x1218
 6906 1234 05       		.uleb128 0x5
 6907 1235 820B0000 		.4byte	.LASF268
 6908 1239 16       		.byte	0x16
 6909 123a B6       		.byte	0xb6
 6910 123b 03       		.byte	0x3
 6911 123c 8B0E0000 		.4byte	0xe8b
 6912 1240 26       		.uleb128 0x26
 6913 1241 0C       		.byte	0xc
 6914 1242 15       		.byte	0x15
 6915 1243 C6       		.byte	0xc6
 6916 1244 09       		.byte	0x9
 6917 1245 71120000 		.4byte	0x1271
 6918 1249 03       		.uleb128 0x3
 6919 124a 43100000 		.4byte	.LASF269
 6920 124e 15       		.byte	0x15
 6921 124f C7       		.byte	0xc7
 6922 1250 21       		.byte	0x21
 6923 1251 FA000000 		.4byte	0xfa
 6924 1255 00       		.byte	0
 6925 1256 03       		.uleb128 0x3
 6926 1257 2D0F0000 		.4byte	.LASF270
 6927 125b 15       		.byte	0x15
 6928 125c C8       		.byte	0xc8
 6929 125d 21       		.byte	0x21
 6930 125e FA000000 		.4byte	0xfa
 6931 1262 04       		.byte	0x4
 6932 1263 03       		.uleb128 0x3
 6933 1264 04090000 		.4byte	.LASF271
 6934 1268 15       		.byte	0x15
 6935 1269 C9       		.byte	0xc9
ARM GAS  /tmp/cctaqgo8.s 			page 123


 6936 126a 21       		.byte	0x21
 6937 126b FA000000 		.4byte	0xfa
 6938 126f 08       		.byte	0x8
 6939 1270 00       		.byte	0
 6940 1271 05       		.uleb128 0x5
 6941 1272 67070000 		.4byte	.LASF272
 6942 1276 15       		.byte	0x15
 6943 1277 CA       		.byte	0xca
 6944 1278 03       		.byte	0x3
 6945 1279 40120000 		.4byte	0x1240
 6946 127d 28       		.uleb128 0x28
 6947 127e 71120000 		.4byte	0x1271
 6948 1282 26       		.uleb128 0x26
 6949 1283 04       		.byte	0x4
 6950 1284 15       		.byte	0x15
 6951 1285 DD       		.byte	0xdd
 6952 1286 05       		.byte	0x5
 6953 1287 99120000 		.4byte	0x1299
 6954 128b 03       		.uleb128 0x3
 6955 128c F5030000 		.4byte	.LASF273
 6956 1290 15       		.byte	0x15
 6957 1291 E1       		.byte	0xe1
 6958 1292 22       		.byte	0x22
 6959 1293 09090000 		.4byte	0x909
 6960 1297 00       		.byte	0
 6961 1298 00       		.byte	0
 6962 1299 26       		.uleb128 0x26
 6963 129a 04       		.byte	0x4
 6964 129b 15       		.byte	0x15
 6965 129c E3       		.byte	0xe3
 6966 129d 05       		.byte	0x5
 6967 129e B0120000 		.4byte	0x12b0
 6968 12a2 03       		.uleb128 0x3
 6969 12a3 A0100000 		.4byte	.LASF274
 6970 12a7 15       		.byte	0x15
 6971 12a8 E7       		.byte	0xe7
 6972 12a9 22       		.byte	0x22
 6973 12aa B0120000 		.4byte	0x12b0
 6974 12ae 00       		.byte	0
 6975 12af 00       		.byte	0
 6976 12b0 0B       		.uleb128 0xb
 6977 12b1 CE090000 		.4byte	0x9ce
 6978 12b5 3C       		.uleb128 0x3c
 6979 12b6 04       		.byte	0x4
 6980 12b7 15       		.byte	0x15
 6981 12b8 DC       		.byte	0xdc
 6982 12b9 03       		.byte	0x3
 6983 12ba D3120000 		.4byte	0x12d3
 6984 12be 48       		.uleb128 0x48
 6985 12bf B70D0000 		.4byte	.LASF275
 6986 12c3 E2       		.byte	0xe2
 6987 12c4 82120000 		.4byte	0x1282
 6988 12c8 48       		.uleb128 0x48
 6989 12c9 8F0E0000 		.4byte	.LASF276
 6990 12cd E8       		.byte	0xe8
 6991 12ce 99120000 		.4byte	0x1299
 6992 12d2 00       		.byte	0
ARM GAS  /tmp/cctaqgo8.s 			page 124


 6993 12d3 26       		.uleb128 0x26
 6994 12d4 14       		.byte	0x14
 6995 12d5 15       		.byte	0x15
 6996 12d6 CF       		.byte	0xcf
 6997 12d7 09       		.byte	0x9
 6998 12d8 1E130000 		.4byte	0x131e
 6999 12dc 03       		.uleb128 0x3
 7000 12dd 4D130000 		.4byte	.LASF277
 7001 12e1 15       		.byte	0x15
 7002 12e2 D3       		.byte	0xd3
 7003 12e3 21       		.byte	0x21
 7004 12e4 18090000 		.4byte	0x918
 7005 12e8 00       		.byte	0
 7006 12e9 03       		.uleb128 0x3
 7007 12ea 37090000 		.4byte	.LASF278
 7008 12ee 15       		.byte	0x15
 7009 12ef D7       		.byte	0xd7
 7010 12f0 21       		.byte	0x21
 7011 12f1 42000000 		.4byte	0x42
 7012 12f5 04       		.byte	0x4
 7013 12f6 03       		.uleb128 0x3
 7014 12f7 40080000 		.4byte	.LASF279
 7015 12fb 15       		.byte	0x15
 7016 12fc DB       		.byte	0xdb
 7017 12fd 21       		.byte	0x21
 7018 12fe 42000000 		.4byte	0x42
 7019 1302 08       		.byte	0x8
 7020 1303 03       		.uleb128 0x3
 7021 1304 59100000 		.4byte	.LASF280
 7022 1308 15       		.byte	0x15
 7023 1309 E9       		.byte	0xe9
 7024 130a 05       		.byte	0x5
 7025 130b B5120000 		.4byte	0x12b5
 7026 130f 0C       		.byte	0xc
 7027 1310 03       		.uleb128 0x3
 7028 1311 3B100000 		.4byte	.LASF281
 7029 1315 15       		.byte	0x15
 7030 1316 ED       		.byte	0xed
 7031 1317 21       		.byte	0x21
 7032 1318 42000000 		.4byte	0x42
 7033 131c 10       		.byte	0x10
 7034 131d 00       		.byte	0
 7035 131e 05       		.uleb128 0x5
 7036 131f 02070000 		.4byte	.LASF282
 7037 1323 15       		.byte	0x15
 7038 1324 EE       		.byte	0xee
 7039 1325 03       		.byte	0x3
 7040 1326 D3120000 		.4byte	0x12d3
 7041 132a 2F       		.uleb128 0x2f
 7042 132b 04       		.byte	0x4
 7043 132c 15       		.byte	0x15
 7044 132d 0101     		.2byte	0x101
 7045 132f 05       		.byte	0x5
 7046 1330 43130000 		.4byte	0x1343
 7047 1334 01       		.uleb128 0x1
 7048 1335 A4090000 		.4byte	.LASF283
 7049 1339 15       		.byte	0x15
ARM GAS  /tmp/cctaqgo8.s 			page 125


 7050 133a 0501     		.2byte	0x105
 7051 133c 22       		.byte	0x22
 7052 133d 0E090000 		.4byte	0x90e
 7053 1341 00       		.byte	0
 7054 1342 00       		.byte	0
 7055 1343 2F       		.uleb128 0x2f
 7056 1344 04       		.byte	0x4
 7057 1345 15       		.byte	0x15
 7058 1346 0701     		.2byte	0x107
 7059 1348 05       		.byte	0x5
 7060 1349 5C130000 		.4byte	0x135c
 7061 134d 01       		.uleb128 0x1
 7062 134e 950E0000 		.4byte	.LASF284
 7063 1352 15       		.byte	0x15
 7064 1353 0B01     		.2byte	0x10b
 7065 1355 21       		.byte	0x21
 7066 1356 5C130000 		.4byte	0x135c
 7067 135a 00       		.byte	0
 7068 135b 00       		.byte	0
 7069 135c 0B       		.uleb128 0xb
 7070 135d C2090000 		.4byte	0x9c2
 7071 1361 56       		.uleb128 0x56
 7072 1362 04       		.byte	0x4
 7073 1363 15       		.byte	0x15
 7074 1364 0001     		.2byte	0x100
 7075 1366 03       		.byte	0x3
 7076 1367 86130000 		.4byte	0x1386
 7077 136b 29       		.uleb128 0x29
 7078 136c B70D0000 		.4byte	.LASF275
 7079 1370 15       		.byte	0x15
 7080 1371 0601     		.2byte	0x106
 7081 1373 07       		.byte	0x7
 7082 1374 2A130000 		.4byte	0x132a
 7083 1378 29       		.uleb128 0x29
 7084 1379 8F0E0000 		.4byte	.LASF276
 7085 137d 15       		.byte	0x15
 7086 137e 0C01     		.2byte	0x10c
 7087 1380 07       		.byte	0x7
 7088 1381 43130000 		.4byte	0x1343
 7089 1385 00       		.byte	0
 7090 1386 26       		.uleb128 0x26
 7091 1387 14       		.byte	0x14
 7092 1388 15       		.byte	0x15
 7093 1389 F3       		.byte	0xf3
 7094 138a 09       		.byte	0x9
 7095 138b D3130000 		.4byte	0x13d3
 7096 138f 03       		.uleb128 0x3
 7097 1390 5A0E0000 		.4byte	.LASF285
 7098 1394 15       		.byte	0x15
 7099 1395 F7       		.byte	0xf7
 7100 1396 21       		.byte	0x21
 7101 1397 18090000 		.4byte	0x918
 7102 139b 00       		.byte	0
 7103 139c 03       		.uleb128 0x3
 7104 139d 2A050000 		.4byte	.LASF286
 7105 13a1 15       		.byte	0x15
 7106 13a2 FB       		.byte	0xfb
ARM GAS  /tmp/cctaqgo8.s 			page 126


 7107 13a3 21       		.byte	0x21
 7108 13a4 42000000 		.4byte	0x42
 7109 13a8 04       		.byte	0x4
 7110 13a9 03       		.uleb128 0x3
 7111 13aa 3E090000 		.4byte	.LASF287
 7112 13ae 15       		.byte	0x15
 7113 13af FF       		.byte	0xff
 7114 13b0 21       		.byte	0x21
 7115 13b1 42000000 		.4byte	0x42
 7116 13b5 08       		.byte	0x8
 7117 13b6 01       		.uleb128 0x1
 7118 13b7 59100000 		.4byte	.LASF280
 7119 13bb 15       		.byte	0x15
 7120 13bc 0D01     		.2byte	0x10d
 7121 13be 05       		.byte	0x5
 7122 13bf 61130000 		.4byte	0x1361
 7123 13c3 0C       		.byte	0xc
 7124 13c4 01       		.uleb128 0x1
 7125 13c5 3B100000 		.4byte	.LASF281
 7126 13c9 15       		.byte	0x15
 7127 13ca 1101     		.2byte	0x111
 7128 13cc 21       		.byte	0x21
 7129 13cd 42000000 		.4byte	0x42
 7130 13d1 10       		.byte	0x10
 7131 13d2 00       		.byte	0
 7132 13d3 17       		.uleb128 0x17
 7133 13d4 200D0000 		.4byte	.LASF288
 7134 13d8 15       		.byte	0x15
 7135 13d9 1201     		.2byte	0x112
 7136 13db 03       		.byte	0x3
 7137 13dc 86130000 		.4byte	0x1386
 7138 13e0 2F       		.uleb128 0x2f
 7139 13e1 24       		.byte	0x24
 7140 13e2 15       		.byte	0x15
 7141 13e3 1801     		.2byte	0x118
 7142 13e5 09       		.byte	0x9
 7143 13e6 77140000 		.4byte	0x1477
 7144 13ea 01       		.uleb128 0x1
 7145 13eb 70020000 		.4byte	.LASF289
 7146 13ef 15       		.byte	0x15
 7147 13f0 1C01     		.2byte	0x11c
 7148 13f2 21       		.byte	0x21
 7149 13f3 FA000000 		.4byte	0xfa
 7150 13f7 00       		.byte	0
 7151 13f8 01       		.uleb128 0x1
 7152 13f9 9C0A0000 		.4byte	.LASF290
 7153 13fd 15       		.byte	0x15
 7154 13fe 2701     		.2byte	0x127
 7155 1400 21       		.byte	0x21
 7156 1401 770C0000 		.4byte	0xc77
 7157 1405 04       		.byte	0x4
 7158 1406 01       		.uleb128 0x1
 7159 1407 AF060000 		.4byte	.LASF291
 7160 140b 15       		.byte	0x15
 7161 140c 2D01     		.2byte	0x12d
 7162 140e 21       		.byte	0x21
 7163 140f 770C0000 		.4byte	0xc77
ARM GAS  /tmp/cctaqgo8.s 			page 127


 7164 1413 08       		.byte	0x8
 7165 1414 01       		.uleb128 0x1
 7166 1415 D00B0000 		.4byte	.LASF292
 7167 1419 15       		.byte	0x15
 7168 141a 3301     		.2byte	0x133
 7169 141c 21       		.byte	0x21
 7170 141d 770C0000 		.4byte	0xc77
 7171 1421 0C       		.byte	0xc
 7172 1422 01       		.uleb128 0x1
 7173 1423 FA0B0000 		.4byte	.LASF293
 7174 1427 15       		.byte	0x15
 7175 1428 3901     		.2byte	0x139
 7176 142a 21       		.byte	0x21
 7177 142b E2000000 		.4byte	0xe2
 7178 142f 10       		.byte	0x10
 7179 1430 01       		.uleb128 0x1
 7180 1431 3A0F0000 		.4byte	.LASF294
 7181 1435 15       		.byte	0x15
 7182 1436 3F01     		.2byte	0x13f
 7183 1438 21       		.byte	0x21
 7184 1439 E2000000 		.4byte	0xe2
 7185 143d 12       		.byte	0x12
 7186 143e 01       		.uleb128 0x1
 7187 143f B2090000 		.4byte	.LASF295
 7188 1443 15       		.byte	0x15
 7189 1444 4401     		.2byte	0x144
 7190 1446 22       		.byte	0x22
 7191 1447 77140000 		.4byte	0x1477
 7192 144b 14       		.byte	0x14
 7193 144c 01       		.uleb128 0x1
 7194 144d 1D0C0000 		.4byte	.LASF296
 7195 1451 15       		.byte	0x15
 7196 1452 4901     		.2byte	0x149
 7197 1454 22       		.byte	0x22
 7198 1455 7C140000 		.4byte	0x147c
 7199 1459 18       		.byte	0x18
 7200 145a 01       		.uleb128 0x1
 7201 145b F1080000 		.4byte	.LASF297
 7202 145f 15       		.byte	0x15
 7203 1460 5001     		.2byte	0x150
 7204 1462 21       		.byte	0x21
 7205 1463 E2000000 		.4byte	0xe2
 7206 1467 1C       		.byte	0x1c
 7207 1468 01       		.uleb128 0x1
 7208 1469 A00B0000 		.4byte	.LASF298
 7209 146d 15       		.byte	0x15
 7210 146e 5601     		.2byte	0x156
 7211 1470 22       		.byte	0x22
 7212 1471 0E090000 		.4byte	0x90e
 7213 1475 20       		.byte	0x20
 7214 1476 00       		.byte	0
 7215 1477 0B       		.uleb128 0xb
 7216 1478 1E130000 		.4byte	0x131e
 7217 147c 0B       		.uleb128 0xb
 7218 147d D3130000 		.4byte	0x13d3
 7219 1481 17       		.uleb128 0x17
 7220 1482 200E0000 		.4byte	.LASF299
ARM GAS  /tmp/cctaqgo8.s 			page 128


 7221 1486 15       		.byte	0x15
 7222 1487 5701     		.2byte	0x157
 7223 1489 03       		.byte	0x3
 7224 148a E0130000 		.4byte	0x13e0
 7225 148e 28       		.uleb128 0x28
 7226 148f 81140000 		.4byte	0x1481
 7227 1493 2F       		.uleb128 0x2f
 7228 1494 10       		.byte	0x10
 7229 1495 15       		.byte	0x15
 7230 1496 5C01     		.2byte	0x15c
 7231 1498 09       		.byte	0x9
 7232 1499 D6140000 		.4byte	0x14d6
 7233 149d 01       		.uleb128 0x1
 7234 149e F3090000 		.4byte	.LASF300
 7235 14a2 15       		.byte	0x15
 7236 14a3 6101     		.2byte	0x161
 7237 14a5 21       		.byte	0x21
 7238 14a6 990C0000 		.4byte	0xc99
 7239 14aa 00       		.byte	0
 7240 14ab 01       		.uleb128 0x1
 7241 14ac 4D120000 		.4byte	.LASF301
 7242 14b0 15       		.byte	0x15
 7243 14b1 6601     		.2byte	0x166
 7244 14b3 21       		.byte	0x21
 7245 14b4 DC0C0000 		.4byte	0xcdc
 7246 14b8 04       		.byte	0x4
 7247 14b9 01       		.uleb128 0x1
 7248 14ba F0050000 		.4byte	.LASF302
 7249 14be 15       		.byte	0x15
 7250 14bf 6C01     		.2byte	0x16c
 7251 14c1 21       		.byte	0x21
 7252 14c2 BB0C0000 		.4byte	0xcbb
 7253 14c6 08       		.byte	0x8
 7254 14c7 01       		.uleb128 0x1
 7255 14c8 AB110000 		.4byte	.LASF303
 7256 14cc 15       		.byte	0x15
 7257 14cd 7001     		.2byte	0x170
 7258 14cf 21       		.byte	0x21
 7259 14d0 550C0000 		.4byte	0xc55
 7260 14d4 0C       		.byte	0xc
 7261 14d5 00       		.byte	0
 7262 14d6 17       		.uleb128 0x17
 7263 14d7 370B0000 		.4byte	.LASF304
 7264 14db 15       		.byte	0x15
 7265 14dc 7201     		.2byte	0x172
 7266 14de 03       		.byte	0x3
 7267 14df 93140000 		.4byte	0x1493
 7268 14e3 28       		.uleb128 0x28
 7269 14e4 D6140000 		.4byte	0x14d6
 7270 14e8 0B       		.uleb128 0xb
 7271 14e9 E3140000 		.4byte	0x14e3
 7272 14ed 11       		.uleb128 0x11
 7273 14ee FD140000 		.4byte	0x14fd
 7274 14f2 FD140000 		.4byte	0x14fd
 7275 14f6 12       		.uleb128 0x12
 7276 14f7 2D000000 		.4byte	0x2d
 7277 14fb 03       		.byte	0x3
ARM GAS  /tmp/cctaqgo8.s 			page 129


 7278 14fc 00       		.byte	0
 7279 14fd 0B       		.uleb128 0xb
 7280 14fe 8E140000 		.4byte	0x148e
 7281 1502 11       		.uleb128 0x11
 7282 1503 B9000000 		.4byte	0xb9
 7283 1507 12150000 		.4byte	0x1512
 7284 150b 12       		.uleb128 0x12
 7285 150c 2D000000 		.4byte	0x2d
 7286 1510 02       		.byte	0x2
 7287 1511 00       		.byte	0
 7288 1512 11       		.uleb128 0x11
 7289 1513 D1000000 		.4byte	0xd1
 7290 1517 22150000 		.4byte	0x1522
 7291 151b 12       		.uleb128 0x12
 7292 151c 2D000000 		.4byte	0x2d
 7293 1520 07       		.byte	0x7
 7294 1521 00       		.byte	0
 7295 1522 0B       		.uleb128 0xb
 7296 1523 34120000 		.4byte	0x1234
 7297 1527 0B       		.uleb128 0xb
 7298 1528 7D120000 		.4byte	0x127d
 7299 152c 11       		.uleb128 0x11
 7300 152d 5D060000 		.4byte	0x65d
 7301 1531 3C150000 		.4byte	0x153c
 7302 1535 12       		.uleb128 0x12
 7303 1536 2D000000 		.4byte	0x2d
 7304 153a 36       		.byte	0x36
 7305 153b 00       		.byte	0
 7306 153c 57       		.uleb128 0x57
 7307 153d 9D110000 		.4byte	.LASF305
 7308 1541 15       		.byte	0x15
 7309 1542 0602     		.2byte	0x206
 7310 1544 12       		.byte	0x12
 7311 1545 DA090000 		.4byte	0x9da
 7312 1549 58       		.uleb128 0x58
 7313 154a 3C150000 		.4byte	0x153c
 7314 154e 01       		.byte	0x1
 7315 154f 2E       		.byte	0x2e
 7316 1550 0B       		.byte	0xb
 7317 1551 05       		.uleb128 0x5
 7318 1552 03       		.byte	0x3
 7319 1553 00000000 		.4byte	USBD1
 7320 1557 3C       		.uleb128 0x3c
 7321 1558 14       		.byte	0x14
 7322 1559 01       		.byte	0x1
 7323 155a 3F       		.byte	0x3f
 7324 155b 08       		.byte	0x8
 7325 155c 76150000 		.4byte	0x1576
 7326 1560 49       		.uleb128 0x49
 7327 1561 696E00   		.ascii	"in\000"
 7328 1564 43       		.byte	0x43
 7329 1565 16       		.byte	0x16
 7330 1566 1E130000 		.4byte	0x131e
 7331 156a 49       		.uleb128 0x49
 7332 156b 6F757400 		.ascii	"out\000"
 7333 156f 47       		.byte	0x47
 7334 1570 17       		.byte	0x17
ARM GAS  /tmp/cctaqgo8.s 			page 130


 7335 1571 D3130000 		.4byte	0x13d3
 7336 1575 00       		.byte	0
 7337 1576 37       		.uleb128 0x37
 7338 1577 31050000 		.4byte	.LASF306
 7339 157b 48       		.byte	0x48
 7340 157c 03       		.byte	0x3
 7341 157d 57150000 		.4byte	0x1557
 7342 1581 05       		.uleb128 0x5
 7343 1582 03       		.byte	0x3
 7344 1583 00000000 		.4byte	ep0_state
 7345 1587 37       		.uleb128 0x37
 7346 1588 0D0C0000 		.4byte	.LASF307
 7347 158c 4D       		.byte	0x4d
 7348 158d 10       		.byte	0x10
 7349 158e 12150000 		.4byte	0x1512
 7350 1592 05       		.uleb128 0x5
 7351 1593 03       		.byte	0x3
 7352 1594 00000000 		.4byte	ep0setup_buffer
 7353 1598 37       		.uleb128 0x37
 7354 1599 C60B0000 		.4byte	.LASF308
 7355 159d 52       		.byte	0x52
 7356 159e 20       		.byte	0x20
 7357 159f 8E140000 		.4byte	0x148e
 7358 15a3 05       		.uleb128 0x5
 7359 15a4 03       		.byte	0x3
 7360 15a5 00000000 		.4byte	ep0config
 7361 15a9 37       		.uleb128 0x37
 7362 15aa 4F090000 		.4byte	.LASF309
 7363 15ae 60       		.byte	0x60
 7364 15af 21       		.byte	0x21
 7365 15b0 7D120000 		.4byte	0x127d
 7366 15b4 05       		.uleb128 0x5
 7367 15b5 03       		.byte	0x3
 7368 15b6 00000000 		.4byte	fsparams
 7369 15ba 30       		.uleb128 0x30
 7370 15bb 59080000 		.4byte	.LASF310
 7371 15bf D8       		.byte	0xd8
 7372 15c0 30       		.uleb128 0x30
 7373 15c1 C1020000 		.4byte	.LASF311
 7374 15c5 D9       		.byte	0xd9
 7375 15c6 38       		.uleb128 0x38
 7376 15c7 68010000 		.4byte	.LASF314
 7377 15cb 07       		.byte	0x7
 7378 15cc 94       		.byte	0x94
 7379 15cd DC150000 		.4byte	0x15dc
 7380 15d1 07       		.uleb128 0x7
 7381 15d2 DC150000 		.4byte	0x15dc
 7382 15d6 07       		.uleb128 0x7
 7383 15d7 53010000 		.4byte	0x153
 7384 15db 00       		.byte	0
 7385 15dc 0B       		.uleb128 0xb
 7386 15dd 53020000 		.4byte	0x253
 7387 15e1 3E       		.uleb128 0x3e
 7388 15e2 40030000 		.4byte	.LASF312
 7389 15e6 07       		.byte	0x7
 7390 15e7 8D       		.byte	0x8d
 7391 15e8 09       		.byte	0x9
ARM GAS  /tmp/cctaqgo8.s 			page 131


 7392 15e9 53010000 		.4byte	0x153
 7393 15ed F7150000 		.4byte	0x15f7
 7394 15f1 07       		.uleb128 0x7
 7395 15f2 5F080000 		.4byte	0x85f
 7396 15f6 00       		.byte	0
 7397 15f7 3E       		.uleb128 0x3e
 7398 15f8 620A0000 		.4byte	.LASF313
 7399 15fc 18       		.byte	0x18
 7400 15fd 1F       		.byte	0x1f
 7401 15fe 09       		.byte	0x9
 7402 15ff B9000000 		.4byte	0xb9
 7403 1603 17160000 		.4byte	0x1617
 7404 1607 07       		.uleb128 0x7
 7405 1608 B9000000 		.4byte	0xb9
 7406 160c 07       		.uleb128 0x7
 7407 160d 17160000 		.4byte	0x1617
 7408 1611 07       		.uleb128 0x7
 7409 1612 42000000 		.4byte	0x42
 7410 1616 00       		.byte	0
 7411 1617 0B       		.uleb128 0xb
 7412 1618 1C160000 		.4byte	0x161c
 7413 161c 59       		.uleb128 0x59
 7414 161d 2C       		.uleb128 0x2c
 7415 161e A2020000 		.4byte	.LASF315
 7416 1622 14       		.byte	0x14
 7417 1623 4F02     		.2byte	0x24f
 7418 1625 34160000 		.4byte	0x1634
 7419 1629 07       		.uleb128 0x7
 7420 162a 720C0000 		.4byte	0xc72
 7421 162e 07       		.uleb128 0x7
 7422 162f 280B0000 		.4byte	0xb28
 7423 1633 00       		.byte	0
 7424 1634 2C       		.uleb128 0x2c
 7425 1635 8E120000 		.4byte	.LASF316
 7426 1639 14       		.byte	0x14
 7427 163a 4E02     		.2byte	0x24e
 7428 163c 4B160000 		.4byte	0x164b
 7429 1640 07       		.uleb128 0x7
 7430 1641 720C0000 		.4byte	0xc72
 7431 1645 07       		.uleb128 0x7
 7432 1646 280B0000 		.4byte	0xb28
 7433 164a 00       		.byte	0
 7434 164b 2C       		.uleb128 0x2c
 7435 164c 96090000 		.4byte	.LASF317
 7436 1650 14       		.byte	0x14
 7437 1651 4D02     		.2byte	0x24d
 7438 1653 62160000 		.4byte	0x1662
 7439 1657 07       		.uleb128 0x7
 7440 1658 720C0000 		.4byte	0xc72
 7441 165c 07       		.uleb128 0x7
 7442 165d 280B0000 		.4byte	0xb28
 7443 1661 00       		.byte	0
 7444 1662 38       		.uleb128 0x38
 7445 1663 680C0000 		.4byte	.LASF318
 7446 1667 19       		.byte	0x19
 7447 1668 4F       		.byte	0x4f
 7448 1669 73160000 		.4byte	0x1673
ARM GAS  /tmp/cctaqgo8.s 			page 132


 7449 166d 07       		.uleb128 0x7
 7450 166e FA000000 		.4byte	0xfa
 7451 1672 00       		.byte	0
 7452 1673 5A       		.uleb128 0x5a
 7453 1674 EC010000 		.4byte	.LASF319
 7454 1678 0D       		.byte	0xd
 7455 1679 1302     		.2byte	0x213
 7456 167b 0D       		.byte	0xd
 7457 167c 4E020000 		.4byte	0x24e
 7458 1680 8A160000 		.4byte	0x168a
 7459 1684 07       		.uleb128 0x7
 7460 1685 4E020000 		.4byte	0x24e
 7461 1689 00       		.byte	0
 7462 168a 2C       		.uleb128 0x2c
 7463 168b 93110000 		.4byte	.LASF320
 7464 168f 04       		.byte	0x4
 7465 1690 1601     		.2byte	0x116
 7466 1692 9C160000 		.4byte	0x169c
 7467 1696 07       		.uleb128 0x7
 7468 1697 C7000000 		.4byte	0xc7
 7469 169b 00       		.byte	0
 7470 169c 2C       		.uleb128 0x2c
 7471 169d 0C080000 		.4byte	.LASF321
 7472 16a1 04       		.byte	0x4
 7473 16a2 1D01     		.2byte	0x11d
 7474 16a4 AE160000 		.4byte	0x16ae
 7475 16a8 07       		.uleb128 0x7
 7476 16a9 17010000 		.4byte	0x117
 7477 16ad 00       		.byte	0
 7478 16ae 4A       		.uleb128 0x4a
 7479 16af 67100000 		.4byte	.LASF322
 7480 16b3 0D       		.byte	0xd
 7481 16b4 1702     		.2byte	0x217
 7482 16b6 3E       		.uleb128 0x3e
 7483 16b7 B10E0000 		.4byte	.LASF323
 7484 16bb 07       		.byte	0x7
 7485 16bc 87       		.byte	0x87
 7486 16bd 0D       		.byte	0xd
 7487 16be 4E020000 		.4byte	0x24e
 7488 16c2 E0160000 		.4byte	0x16e0
 7489 16c6 07       		.uleb128 0x7
 7490 16c7 B9000000 		.4byte	0xb9
 7491 16cb 07       		.uleb128 0x7
 7492 16cc 42000000 		.4byte	0x42
 7493 16d0 07       		.uleb128 0x7
 7494 16d1 47010000 		.4byte	0x147
 7495 16d5 07       		.uleb128 0x7
 7496 16d6 EC080000 		.4byte	0x8ec
 7497 16da 07       		.uleb128 0x7
 7498 16db B9000000 		.4byte	0xb9
 7499 16df 00       		.byte	0
 7500 16e0 38       		.uleb128 0x38
 7501 16e1 D5110000 		.4byte	.LASF324
 7502 16e5 19       		.byte	0x19
 7503 16e6 4E       		.byte	0x4e
 7504 16e7 F6160000 		.4byte	0x16f6
 7505 16eb 07       		.uleb128 0x7
ARM GAS  /tmp/cctaqgo8.s 			page 133


 7506 16ec FA000000 		.4byte	0xfa
 7507 16f0 07       		.uleb128 0x7
 7508 16f1 FA000000 		.4byte	0xfa
 7509 16f5 00       		.byte	0
 7510 16f6 2C       		.uleb128 0x2c
 7511 16f7 7A040000 		.4byte	.LASF325
 7512 16fb 14       		.byte	0x14
 7513 16fc 3702     		.2byte	0x237
 7514 16fe 08170000 		.4byte	0x1708
 7515 1702 07       		.uleb128 0x7
 7516 1703 720C0000 		.4byte	0xc72
 7517 1707 00       		.byte	0
 7518 1708 30       		.uleb128 0x30
 7519 1709 B0070000 		.4byte	.LASF326
 7520 170d DB       		.byte	0xdb
 7521 170e 38       		.uleb128 0x38
 7522 170f 80010000 		.4byte	.LASF327
 7523 1713 07       		.byte	0x7
 7524 1714 8F       		.byte	0x8f
 7525 1715 24170000 		.4byte	0x1724
 7526 1719 07       		.uleb128 0x7
 7527 171a 5F080000 		.4byte	0x85f
 7528 171e 07       		.uleb128 0x7
 7529 171f 53010000 		.4byte	0x153
 7530 1723 00       		.byte	0
 7531 1724 30       		.uleb128 0x30
 7532 1725 320E0000 		.4byte	.LASF328
 7533 1729 DA       		.byte	0xda
 7534 172a 2C       		.uleb128 0x2c
 7535 172b 54050000 		.4byte	.LASF329
 7536 172f 14       		.byte	0x14
 7537 1730 4A02     		.2byte	0x24a
 7538 1732 3C170000 		.4byte	0x173c
 7539 1736 07       		.uleb128 0x7
 7540 1737 720C0000 		.4byte	0xc72
 7541 173b 00       		.byte	0
 7542 173c 4A       		.uleb128 0x4a
 7543 173d AA0B0000 		.4byte	.LASF330
 7544 1741 05       		.byte	0x5
 7545 1742 6601     		.2byte	0x166
 7546 1744 30       		.uleb128 0x30
 7547 1745 450A0000 		.4byte	.LASF331
 7548 1749 DD       		.byte	0xdd
 7549 174a 30       		.uleb128 0x30
 7550 174b 5D040000 		.4byte	.LASF332
 7551 174f DC       		.byte	0xdc
 7552 1750 15       		.uleb128 0x15
 7553 1751 490C0000 		.4byte	.LASF337
 7554 1755 0205     		.2byte	0x502
 7555 1757 06       		.byte	0x6
 7556 1758 00000000 		.4byte	.LFB259
 7557 175c 18040000 		.4byte	.LFE259-.LFB259
 7558 1760 01       		.uleb128 0x1
 7559 1761 9C       		.byte	0x9c
 7560 1762 13220000 		.4byte	0x2213
 7561 1766 21       		.uleb128 0x21
 7562 1767 7000     		.ascii	"p\000"
ARM GAS  /tmp/cctaqgo8.s 			page 134


 7563 1769 0205     		.2byte	0x502
 7564 176b 19       		.byte	0x19
 7565 176c B9000000 		.4byte	0xb9
 7566 1770 12000000 		.4byte	.LLST3
 7567 1774 0C000000 		.4byte	.LVUS3
 7568 1778 1C       		.uleb128 0x1c
 7569 1779 FF080000 		.4byte	.LASF333
 7570 177d 0305     		.2byte	0x503
 7571 177f 0E       		.byte	0xe
 7572 1780 720C0000 		.4byte	0xc72
 7573 1784 2E000000 		.4byte	.LLST4
 7574 1788 28000000 		.4byte	.LVUS4
 7575 178c 1C       		.uleb128 0x1c
 7576 178d 99120000 		.4byte	.LASF334
 7577 1791 0405     		.2byte	0x504
 7578 1793 10       		.byte	0x10
 7579 1794 22150000 		.4byte	0x1522
 7580 1798 46000000 		.4byte	.LLST5
 7581 179c 44000000 		.4byte	.LVUS5
 7582 17a0 4B       		.uleb128 0x4b
 7583 17a1 1B000000 		.4byte	.LLRL9
 7584 17a5 73210000 		.4byte	0x2173
 7585 17a9 2D       		.uleb128 0x2d
 7586 17aa 657000   		.ascii	"ep\000"
 7587 17ad 0B05     		.2byte	0x50b
 7588 17af 0D       		.byte	0xd
 7589 17b0 280B0000 		.4byte	0xb28
 7590 17b4 55000000 		.4byte	.LLST10
 7591 17b8 4F000000 		.4byte	.LVUS10
 7592 17bc 1C       		.uleb128 0x1c
 7593 17bd A1060000 		.4byte	.LASF335
 7594 17c1 0C05     		.2byte	0x50c
 7595 17c3 0E       		.byte	0xe
 7596 17c4 FA000000 		.4byte	0xfa
 7597 17c8 78000000 		.4byte	.LLST11
 7598 17cc 6C000000 		.4byte	.LVUS11
 7599 17d0 4B       		.uleb128 0x4b
 7600 17d1 E3000000 		.4byte	.LLRL53
 7601 17d5 101D0000 		.4byte	0x1d10
 7602 17d9 1C       		.uleb128 0x1c
 7603 17da 58090000 		.4byte	.LASF336
 7604 17de 2005     		.2byte	0x520
 7605 17e0 0E       		.byte	0xe
 7606 17e1 18090000 		.4byte	0x918
 7607 17e5 AD000000 		.4byte	.LLST54
 7608 17e9 A9000000 		.4byte	.LVUS54
 7609 17ed 0A       		.uleb128 0xa
 7610 17ee 7E330000 		.4byte	0x337e
 7611 17f2 EC010000 		.4byte	.LBI422
 7612 17f6 0300     		.2byte	.LVU328
 7613 17f8 EC010000 		.4byte	.LBB422
 7614 17fc 0A000000 		.4byte	.LBE422-.LBB422
 7615 1800 01       		.byte	0x1
 7616 1801 2205     		.2byte	0x522
 7617 1803 09       		.byte	0x9
 7618 1804 6B180000 		.4byte	0x186b
 7619 1808 06       		.uleb128 0x6
ARM GAS  /tmp/cctaqgo8.s 			page 135


 7620 1809 0F340000 		.4byte	0x340f
 7621 180d EC010000 		.4byte	.LBI423
 7622 1811 0500     		.2byte	.LVU330
 7623 1813 EC010000 		.4byte	.LBB423
 7624 1817 0A000000 		.4byte	.LBE423-.LBB423
 7625 181b 03       		.byte	0x3
 7626 181c ED01     		.2byte	0x1ed
 7627 181e 03       		.byte	0x3
 7628 181f 0A       		.uleb128 0xa
 7629 1820 2F340000 		.4byte	0x342f
 7630 1824 EC010000 		.4byte	.LBI425
 7631 1828 0700     		.2byte	.LVU332
 7632 182a EC010000 		.4byte	.LBB425
 7633 182e 06000000 		.4byte	.LBE425-.LBB425
 7634 1832 04       		.byte	0x4
 7635 1833 5C01     		.2byte	0x15c
 7636 1835 03       		.byte	0x3
 7637 1836 60180000 		.4byte	0x1860
 7638 183a 06       		.uleb128 0x6
 7639 183b 37340000 		.4byte	0x3437
 7640 183f EC010000 		.4byte	.LBI426
 7641 1843 0900     		.2byte	.LVU334
 7642 1845 EC010000 		.4byte	.LBB426
 7643 1849 06000000 		.4byte	.LBE426-.LBB426
 7644 184d 05       		.byte	0x5
 7645 184e BF01     		.2byte	0x1bf
 7646 1850 03       		.byte	0x3
 7647 1851 02       		.uleb128 0x2
 7648 1852 45340000 		.4byte	0x3445
 7649 1856 C2000000 		.4byte	.LLST55
 7650 185a C0000000 		.4byte	.LVUS55
 7651 185e 00       		.byte	0
 7652 185f 00       		.byte	0
 7653 1860 0C       		.uleb128 0xc
 7654 1861 F6010000 		.4byte	.LVL73
 7655 1865 BA150000 		.4byte	0x15ba
 7656 1869 00       		.byte	0
 7657 186a 00       		.byte	0
 7658 186b 0F       		.uleb128 0xf
 7659 186c 76330000 		.4byte	0x3376
 7660 1870 0A020000 		.4byte	.LBI428
 7661 1874 0100     		.2byte	.LVU348
 7662 1876 F7000000 		.4byte	.LLRL56
 7663 187a 01       		.byte	0x1
 7664 187b 2C05     		.2byte	0x52c
 7665 187d 09       		.byte	0x9
 7666 187e FA180000 		.4byte	0x18fa
 7667 1882 16       		.uleb128 0x16
 7668 1883 F1330000 		.4byte	0x33f1
 7669 1887 0A020000 		.4byte	.LBI429
 7670 188b 0300     		.2byte	.LVU350
 7671 188d F7000000 		.4byte	.LLRL56
 7672 1891 03       		.byte	0x3
 7673 1892 F801     		.2byte	0x1f8
 7674 1894 03       		.byte	0x3
 7675 1895 13       		.uleb128 0x13
 7676 1896 F7000000 		.4byte	.LLRL56
ARM GAS  /tmp/cctaqgo8.s 			page 136


 7677 189a 0A       		.uleb128 0xa
 7678 189b 27340000 		.4byte	0x3427
 7679 189f 24020000 		.4byte	.LBI431
 7680 18a3 0200     		.2byte	.LVU359
 7681 18a5 24020000 		.4byte	.LBB431
 7682 18a9 06000000 		.4byte	.LBE431-.LBB431
 7683 18ad 04       		.byte	0x4
 7684 18ae 7301     		.2byte	0x173
 7685 18b0 03       		.byte	0x3
 7686 18b1 DB180000 		.4byte	0x18db
 7687 18b5 06       		.uleb128 0x6
 7688 18b6 37340000 		.4byte	0x3437
 7689 18ba 24020000 		.4byte	.LBI432
 7690 18be 0400     		.2byte	.LVU361
 7691 18c0 24020000 		.4byte	.LBB432
 7692 18c4 06000000 		.4byte	.LBE432-.LBB432
 7693 18c8 05       		.byte	0x5
 7694 18c9 CD01     		.2byte	0x1cd
 7695 18cb 03       		.byte	0x3
 7696 18cc 02       		.uleb128 0x2
 7697 18cd 45340000 		.4byte	0x3445
 7698 18d1 CF000000 		.4byte	.LLST57
 7699 18d5 CD000000 		.4byte	.LVUS57
 7700 18d9 00       		.byte	0
 7701 18da 00       		.byte	0
 7702 18db 0C       		.uleb128 0xc
 7703 18dc 0E020000 		.4byte	.LVL74
 7704 18e0 C0150000 		.4byte	0x15c0
 7705 18e4 0E       		.uleb128 0xe
 7706 18e5 F8030000 		.4byte	.LVL136
 7707 18e9 8A160000 		.4byte	0x168a
 7708 18ed 04       		.uleb128 0x4
 7709 18ee 01       		.uleb128 0x1
 7710 18ef 50       		.byte	0x50
 7711 18f0 05       		.uleb128 0x5
 7712 18f1 03       		.byte	0x3
 7713 18f2 00000000 		.4byte	__func__.0
 7714 18f6 00       		.byte	0
 7715 18f7 00       		.byte	0
 7716 18f8 00       		.byte	0
 7717 18f9 00       		.byte	0
 7718 18fa 0F       		.uleb128 0xf
 7719 18fb 5A2F0000 		.4byte	0x2f5a
 7720 18ff 2A020000 		.4byte	.LBI436
 7721 1903 0200     		.2byte	.LVU365
 7722 1905 05010000 		.4byte	.LLRL58
 7723 1909 01       		.byte	0x1
 7724 190a 2E05     		.2byte	0x52e
 7725 190c 10       		.byte	0x10
 7726 190d 0D1C0000 		.4byte	0x1c0d
 7727 1911 02       		.uleb128 0x2
 7728 1912 792F0000 		.4byte	0x2f79
 7729 1916 DB000000 		.4byte	.LLST59
 7730 191a D9000000 		.4byte	.LVUS59
 7731 191e 02       		.uleb128 0x2
 7732 191f 6C2F0000 		.4byte	0x2f6c
 7733 1923 EB000000 		.4byte	.LLST60
ARM GAS  /tmp/cctaqgo8.s 			page 137


 7734 1927 E5000000 		.4byte	.LVUS60
 7735 192b 3F       		.uleb128 0x3f
 7736 192c 852F0000 		.4byte	0x2f85
 7737 1930 19010000 		.4byte	.LLRL61
 7738 1934 09       		.uleb128 0x9
 7739 1935 862F0000 		.4byte	0x2f86
 7740 1939 0F010000 		.4byte	.LLST62
 7741 193d 05010000 		.4byte	.LVUS62
 7742 1941 0F       		.uleb128 0xf
 7743 1942 DD300000 		.4byte	0x30dd
 7744 1946 84020000 		.4byte	.LBI438
 7745 194a 0100     		.2byte	.LVU390
 7746 194c 32010000 		.4byte	.LLRL63
 7747 1950 01       		.byte	0x1
 7748 1951 E601     		.2byte	0x1e6
 7749 1953 07       		.byte	0x7
 7750 1954 A01B0000 		.4byte	0x1ba0
 7751 1958 02       		.uleb128 0x2
 7752 1959 02310000 		.4byte	0x3102
 7753 195d 3E010000 		.4byte	.LLST64
 7754 1961 38010000 		.4byte	.LVUS64
 7755 1965 02       		.uleb128 0x2
 7756 1966 F6300000 		.4byte	0x30f6
 7757 196a 5A010000 		.4byte	.LLST65
 7758 196e 58010000 		.4byte	.LVUS65
 7759 1972 02       		.uleb128 0x2
 7760 1973 EA300000 		.4byte	0x30ea
 7761 1977 6A010000 		.4byte	.LLST66
 7762 197b 64010000 		.4byte	.LVUS66
 7763 197f 13       		.uleb128 0x13
 7764 1980 32010000 		.4byte	.LLRL63
 7765 1984 09       		.uleb128 0x9
 7766 1985 0C310000 		.4byte	0x310c
 7767 1989 AB010000 		.4byte	.LLST67
 7768 198d 9B010000 		.4byte	.LVUS67
 7769 1991 39       		.uleb128 0x39
 7770 1992 17310000 		.4byte	0x3117
 7771 1996 46010000 		.4byte	.LLRL68
 7772 199a 251A0000 		.4byte	0x1a25
 7773 199e 09       		.uleb128 0x9
 7774 199f 18310000 		.4byte	0x3118
 7775 19a3 EB010000 		.4byte	.LLST69
 7776 19a7 E7010000 		.4byte	.LVUS69
 7777 19ab 09       		.uleb128 0x9
 7778 19ac 21310000 		.4byte	0x3121
 7779 19b0 FF010000 		.4byte	.LLST70
 7780 19b4 FB010000 		.4byte	.LVUS70
 7781 19b8 09       		.uleb128 0x9
 7782 19b9 2A310000 		.4byte	0x312a
 7783 19bd 15020000 		.4byte	.LLST71
 7784 19c1 11020000 		.4byte	.LVUS71
 7785 19c5 3F       		.uleb128 0x3f
 7786 19c6 34310000 		.4byte	0x3134
 7787 19ca 61010000 		.4byte	.LLRL72
 7788 19ce 09       		.uleb128 0x9
 7789 19cf 35310000 		.4byte	0x3135
 7790 19d3 2D020000 		.4byte	.LLST73
ARM GAS  /tmp/cctaqgo8.s 			page 138


 7791 19d7 29020000 		.4byte	.LVUS73
 7792 19db 09       		.uleb128 0x9
 7793 19dc 41310000 		.4byte	0x3141
 7794 19e0 45020000 		.4byte	.LLST74
 7795 19e4 3F020000 		.4byte	.LVUS74
 7796 19e8 16       		.uleb128 0x16
 7797 19e9 80310000 		.4byte	0x3180
 7798 19ed A8020000 		.4byte	.LBI442
 7799 19f1 0100     		.2byte	.LVU411
 7800 19f3 7A010000 		.4byte	.LLRL75
 7801 19f7 01       		.byte	0x1
 7802 19f8 0601     		.2byte	0x106
 7803 19fa 16       		.byte	0x16
 7804 19fb 02       		.uleb128 0x2
 7805 19fc A9310000 		.4byte	0x31a9
 7806 1a00 76020000 		.4byte	.LLST76
 7807 1a04 72020000 		.4byte	.LVUS76
 7808 1a08 02       		.uleb128 0x2
 7809 1a09 9D310000 		.4byte	0x319d
 7810 1a0d 8E020000 		.4byte	.LLST77
 7811 1a11 88020000 		.4byte	.LVUS77
 7812 1a15 02       		.uleb128 0x2
 7813 1a16 91310000 		.4byte	0x3191
 7814 1a1a A9020000 		.4byte	.LLST78
 7815 1a1e A5020000 		.4byte	.LVUS78
 7816 1a22 00       		.byte	0
 7817 1a23 00       		.byte	0
 7818 1a24 00       		.byte	0
 7819 1a25 0A       		.uleb128 0xa
 7820 1a26 7E330000 		.4byte	0x337e
 7821 1a2a CA020000 		.4byte	.LBI455
 7822 1a2e 0100     		.2byte	.LVU434
 7823 1a30 CA020000 		.4byte	.LBB455
 7824 1a34 0A000000 		.4byte	.LBE455-.LBB455
 7825 1a38 01       		.byte	0x1
 7826 1a39 2001     		.2byte	0x120
 7827 1a3b 03       		.byte	0x3
 7828 1a3c A31A0000 		.4byte	0x1aa3
 7829 1a40 06       		.uleb128 0x6
 7830 1a41 0F340000 		.4byte	0x340f
 7831 1a45 CA020000 		.4byte	.LBI456
 7832 1a49 0300     		.2byte	.LVU436
 7833 1a4b CA020000 		.4byte	.LBB456
 7834 1a4f 0A000000 		.4byte	.LBE456-.LBB456
 7835 1a53 03       		.byte	0x3
 7836 1a54 ED01     		.2byte	0x1ed
 7837 1a56 03       		.byte	0x3
 7838 1a57 0A       		.uleb128 0xa
 7839 1a58 2F340000 		.4byte	0x342f
 7840 1a5c CA020000 		.4byte	.LBI458
 7841 1a60 0500     		.2byte	.LVU438
 7842 1a62 CA020000 		.4byte	.LBB458
 7843 1a66 06000000 		.4byte	.LBE458-.LBB458
 7844 1a6a 04       		.byte	0x4
 7845 1a6b 5C01     		.2byte	0x15c
 7846 1a6d 03       		.byte	0x3
 7847 1a6e 981A0000 		.4byte	0x1a98
ARM GAS  /tmp/cctaqgo8.s 			page 139


 7848 1a72 06       		.uleb128 0x6
 7849 1a73 37340000 		.4byte	0x3437
 7850 1a77 CA020000 		.4byte	.LBI459
 7851 1a7b 0700     		.2byte	.LVU440
 7852 1a7d CA020000 		.4byte	.LBB459
 7853 1a81 06000000 		.4byte	.LBE459-.LBB459
 7854 1a85 05       		.byte	0x5
 7855 1a86 BF01     		.2byte	0x1bf
 7856 1a88 03       		.byte	0x3
 7857 1a89 02       		.uleb128 0x2
 7858 1a8a 45340000 		.4byte	0x3445
 7859 1a8e CD020000 		.4byte	.LLST79
 7860 1a92 CB020000 		.4byte	.LVUS79
 7861 1a96 00       		.byte	0
 7862 1a97 00       		.byte	0
 7863 1a98 0C       		.uleb128 0xc
 7864 1a99 D4020000 		.4byte	.LVL95
 7865 1a9d BA150000 		.4byte	0x15ba
 7866 1aa1 00       		.byte	0
 7867 1aa2 00       		.byte	0
 7868 1aa3 0A       		.uleb128 0xa
 7869 1aa4 D0320000 		.4byte	0x32d0
 7870 1aa8 DA020000 		.4byte	.LBI461
 7871 1aac 0100     		.2byte	.LVU450
 7872 1aae DA020000 		.4byte	.LBB461
 7873 1ab2 08000000 		.4byte	.LBE461-.LBB461
 7874 1ab6 01       		.byte	0x1
 7875 1ab7 2201     		.2byte	0x122
 7876 1ab9 03       		.byte	0x3
 7877 1aba EE1A0000 		.4byte	0x1aee
 7878 1abe 02       		.uleb128 0x2
 7879 1abf EB320000 		.4byte	0x32eb
 7880 1ac3 DA020000 		.4byte	.LLST80
 7881 1ac7 D8020000 		.4byte	.LVUS80
 7882 1acb 02       		.uleb128 0x2
 7883 1acc DE320000 		.4byte	0x32de
 7884 1ad0 E6020000 		.4byte	.LLST81
 7885 1ad4 E4020000 		.4byte	.LVUS81
 7886 1ad8 0E       		.uleb128 0xe
 7887 1ad9 E2020000 		.4byte	.LVL97
 7888 1add C6150000 		.4byte	0x15c6
 7889 1ae1 04       		.uleb128 0x4
 7890 1ae2 01       		.uleb128 0x1
 7891 1ae3 50       		.byte	0x50
 7892 1ae4 02       		.uleb128 0x2
 7893 1ae5 74       		.byte	0x74
 7894 1ae6 00       		.sleb128 0
 7895 1ae7 04       		.uleb128 0x4
 7896 1ae8 01       		.uleb128 0x1
 7897 1ae9 51       		.byte	0x51
 7898 1aea 01       		.uleb128 0x1
 7899 1aeb 30       		.byte	0x30
 7900 1aec 00       		.byte	0
 7901 1aed 00       		.byte	0
 7902 1aee 0A       		.uleb128 0xa
 7903 1aef 42330000 		.4byte	0x3342
 7904 1af3 E2020000 		.4byte	.LBI463
ARM GAS  /tmp/cctaqgo8.s 			page 140


 7905 1af7 0200     		.2byte	.LVU454
 7906 1af9 E2020000 		.4byte	.LBB463
 7907 1afd 04000000 		.4byte	.LBE463-.LBB463
 7908 1b01 01       		.byte	0x1
 7909 1b02 2301     		.2byte	0x123
 7910 1b04 03       		.byte	0x3
 7911 1b05 131B0000 		.4byte	0x1b13
 7912 1b09 0C       		.uleb128 0xc
 7913 1b0a E6020000 		.4byte	.LVL98
 7914 1b0e AE160000 		.4byte	0x16ae
 7915 1b12 00       		.byte	0
 7916 1b13 16       		.uleb128 0x16
 7917 1b14 76330000 		.4byte	0x3376
 7918 1b18 E6020000 		.4byte	.LBI465
 7919 1b1c 0100     		.2byte	.LVU457
 7920 1b1e 90010000 		.4byte	.LLRL82
 7921 1b22 01       		.byte	0x1
 7922 1b23 2401     		.2byte	0x124
 7923 1b25 03       		.byte	0x3
 7924 1b26 16       		.uleb128 0x16
 7925 1b27 F1330000 		.4byte	0x33f1
 7926 1b2b E6020000 		.4byte	.LBI466
 7927 1b2f 0300     		.2byte	.LVU459
 7928 1b31 90010000 		.4byte	.LLRL82
 7929 1b35 03       		.byte	0x3
 7930 1b36 F801     		.2byte	0x1f8
 7931 1b38 03       		.byte	0x3
 7932 1b39 13       		.uleb128 0x13
 7933 1b3a 90010000 		.4byte	.LLRL82
 7934 1b3e 0A       		.uleb128 0xa
 7935 1b3f 27340000 		.4byte	0x3427
 7936 1b43 FE020000 		.4byte	.LBI468
 7937 1b47 0200     		.2byte	.LVU468
 7938 1b49 FE020000 		.4byte	.LBB468
 7939 1b4d 0A000000 		.4byte	.LBE468-.LBB468
 7940 1b51 04       		.byte	0x4
 7941 1b52 7301     		.2byte	0x173
 7942 1b54 03       		.byte	0x3
 7943 1b55 7F1B0000 		.4byte	0x1b7f
 7944 1b59 06       		.uleb128 0x6
 7945 1b5a 37340000 		.4byte	0x3437
 7946 1b5e FE020000 		.4byte	.LBI469
 7947 1b62 0400     		.2byte	.LVU470
 7948 1b64 FE020000 		.4byte	.LBB469
 7949 1b68 0A000000 		.4byte	.LBE469-.LBB469
 7950 1b6c 05       		.byte	0x5
 7951 1b6d CD01     		.2byte	0x1cd
 7952 1b6f 03       		.byte	0x3
 7953 1b70 02       		.uleb128 0x2
 7954 1b71 45340000 		.4byte	0x3445
 7955 1b75 F1020000 		.4byte	.LLST83
 7956 1b79 EF020000 		.4byte	.LVUS83
 7957 1b7d 00       		.byte	0
 7958 1b7e 00       		.byte	0
 7959 1b7f 0C       		.uleb128 0xc
 7960 1b80 EA020000 		.4byte	.LVL99
 7961 1b84 C0150000 		.4byte	0x15c0
ARM GAS  /tmp/cctaqgo8.s 			page 141


 7962 1b88 0E       		.uleb128 0xe
 7963 1b89 CA030000 		.4byte	.LVL126
 7964 1b8d 8A160000 		.4byte	0x168a
 7965 1b91 04       		.uleb128 0x4
 7966 1b92 01       		.uleb128 0x1
 7967 1b93 50       		.byte	0x50
 7968 1b94 05       		.uleb128 0x5
 7969 1b95 03       		.byte	0x3
 7970 1b96 00000000 		.4byte	__func__.0
 7971 1b9a 00       		.byte	0
 7972 1b9b 00       		.byte	0
 7973 1b9c 00       		.byte	0
 7974 1b9d 00       		.byte	0
 7975 1b9e 00       		.byte	0
 7976 1b9f 00       		.byte	0
 7977 1ba0 06       		.uleb128 0x6
 7978 1ba1 50310000 		.4byte	0x3150
 7979 1ba5 9A030000 		.4byte	.LBI480
 7980 1ba9 0200     		.2byte	.LVU554
 7981 1bab 9A030000 		.4byte	.LBB480
 7982 1baf 1A000000 		.4byte	.LBE480-.LBB480
 7983 1bb3 01       		.byte	0x1
 7984 1bb4 EC01     		.2byte	0x1ec
 7985 1bb6 07       		.byte	0x7
 7986 1bb7 02       		.uleb128 0x2
 7987 1bb8 75310000 		.4byte	0x3175
 7988 1bbc FD020000 		.4byte	.LLST84
 7989 1bc0 FB020000 		.4byte	.LVUS84
 7990 1bc4 02       		.uleb128 0x2
 7991 1bc5 69310000 		.4byte	0x3169
 7992 1bc9 08030000 		.4byte	.LLST85
 7993 1bcd 06030000 		.4byte	.LVUS85
 7994 1bd1 40       		.uleb128 0x40
 7995 1bd2 5D310000 		.4byte	0x315d
 7996 1bd6 33       		.uleb128 0x33
 7997 1bd7 80310000 		.4byte	0x3180
 7998 1bdb 9C030000 		.4byte	.LBI482
 7999 1bdf 0000     		.2byte	.LVU557
 8000 1be1 9C030000 		.4byte	.LBB482
 8001 1be5 18000000 		.4byte	.LBE482-.LBB482
 8002 1be9 EB       		.byte	0xeb
 8003 1bea 02       		.uleb128 0x2
 8004 1beb A9310000 		.4byte	0x31a9
 8005 1bef 16030000 		.4byte	.LLST86
 8006 1bf3 12030000 		.4byte	.LVUS86
 8007 1bf7 02       		.uleb128 0x2
 8008 1bf8 9D310000 		.4byte	0x319d
 8009 1bfc 32030000 		.4byte	.LLST87
 8010 1c00 2A030000 		.4byte	.LVUS87
 8011 1c04 40       		.uleb128 0x40
 8012 1c05 91310000 		.4byte	0x3191
 8013 1c09 00       		.byte	0
 8014 1c0a 00       		.byte	0
 8015 1c0b 00       		.byte	0
 8016 1c0c 00       		.byte	0
 8017 1c0d 0F       		.uleb128 0xf
 8018 1c0e 7E330000 		.4byte	0x337e
ARM GAS  /tmp/cctaqgo8.s 			page 142


 8019 1c12 22030000 		.4byte	.LBI488
 8020 1c16 0200     		.2byte	.LVU489
 8021 1c18 9E010000 		.4byte	.LLRL88
 8022 1c1c 01       		.byte	0x1
 8023 1c1d 3005     		.2byte	0x530
 8024 1c1f 09       		.byte	0x9
 8025 1c20 841C0000 		.4byte	0x1c84
 8026 1c24 16       		.uleb128 0x16
 8027 1c25 0F340000 		.4byte	0x340f
 8028 1c29 22030000 		.4byte	.LBI489
 8029 1c2d 0400     		.2byte	.LVU491
 8030 1c2f 9E010000 		.4byte	.LLRL88
 8031 1c33 03       		.byte	0x3
 8032 1c34 ED01     		.2byte	0x1ed
 8033 1c36 03       		.byte	0x3
 8034 1c37 0F       		.uleb128 0xf
 8035 1c38 2F340000 		.4byte	0x342f
 8036 1c3c 22030000 		.4byte	.LBI491
 8037 1c40 0600     		.2byte	.LVU493
 8038 1c42 AC010000 		.4byte	.LLRL89
 8039 1c46 04       		.byte	0x4
 8040 1c47 5C01     		.2byte	0x15c
 8041 1c49 03       		.byte	0x3
 8042 1c4a 701C0000 		.4byte	0x1c70
 8043 1c4e 16       		.uleb128 0x16
 8044 1c4f 37340000 		.4byte	0x3437
 8045 1c53 22030000 		.4byte	.LBI492
 8046 1c57 0800     		.2byte	.LVU495
 8047 1c59 AC010000 		.4byte	.LLRL89
 8048 1c5d 05       		.byte	0x5
 8049 1c5e BF01     		.2byte	0x1bf
 8050 1c60 03       		.byte	0x3
 8051 1c61 02       		.uleb128 0x2
 8052 1c62 45340000 		.4byte	0x3445
 8053 1c66 53030000 		.4byte	.LLST90
 8054 1c6a 4F030000 		.4byte	.LVUS90
 8055 1c6e 00       		.byte	0
 8056 1c6f 00       		.byte	0
 8057 1c70 0C       		.uleb128 0xc
 8058 1c71 2C030000 		.4byte	.LVL105
 8059 1c75 BA150000 		.4byte	0x15ba
 8060 1c79 0C       		.uleb128 0xc
 8061 1c7a 04040000 		.4byte	.LVL139
 8062 1c7e BA150000 		.4byte	0x15ba
 8063 1c82 00       		.byte	0
 8064 1c83 00       		.byte	0
 8065 1c84 16       		.uleb128 0x16
 8066 1c85 76330000 		.4byte	0x3376
 8067 1c89 44030000 		.4byte	.LBI499
 8068 1c8d 0100     		.2byte	.LVU509
 8069 1c8f BA010000 		.4byte	.LLRL91
 8070 1c93 01       		.byte	0x1
 8071 1c94 3405     		.2byte	0x534
 8072 1c96 09       		.byte	0x9
 8073 1c97 16       		.uleb128 0x16
 8074 1c98 F1330000 		.4byte	0x33f1
 8075 1c9c 44030000 		.4byte	.LBI500
ARM GAS  /tmp/cctaqgo8.s 			page 143


 8076 1ca0 0300     		.2byte	.LVU511
 8077 1ca2 BA010000 		.4byte	.LLRL91
 8078 1ca6 03       		.byte	0x3
 8079 1ca7 F801     		.2byte	0x1f8
 8080 1ca9 03       		.byte	0x3
 8081 1caa 13       		.uleb128 0x13
 8082 1cab BA010000 		.4byte	.LLRL91
 8083 1caf 0A       		.uleb128 0xa
 8084 1cb0 27340000 		.4byte	0x3427
 8085 1cb4 5C030000 		.4byte	.LBI502
 8086 1cb8 0200     		.2byte	.LVU520
 8087 1cba 5C030000 		.4byte	.LBB502
 8088 1cbe 06000000 		.4byte	.LBE502-.LBB502
 8089 1cc2 04       		.byte	0x4
 8090 1cc3 7301     		.2byte	0x173
 8091 1cc5 03       		.byte	0x3
 8092 1cc6 F01C0000 		.4byte	0x1cf0
 8093 1cca 06       		.uleb128 0x6
 8094 1ccb 37340000 		.4byte	0x3437
 8095 1ccf 5C030000 		.4byte	.LBI503
 8096 1cd3 0400     		.2byte	.LVU522
 8097 1cd5 5C030000 		.4byte	.LBB503
 8098 1cd9 06000000 		.4byte	.LBE503-.LBB503
 8099 1cdd 05       		.byte	0x5
 8100 1cde CD01     		.2byte	0x1cd
 8101 1ce0 03       		.byte	0x3
 8102 1ce1 02       		.uleb128 0x2
 8103 1ce2 45340000 		.4byte	0x3445
 8104 1ce6 6B030000 		.4byte	.LLST92
 8105 1cea 69030000 		.4byte	.LVUS92
 8106 1cee 00       		.byte	0
 8107 1cef 00       		.byte	0
 8108 1cf0 0C       		.uleb128 0xc
 8109 1cf1 48030000 		.4byte	.LVL107
 8110 1cf5 C0150000 		.4byte	0x15c0
 8111 1cf9 0E       		.uleb128 0xe
 8112 1cfa F0030000 		.4byte	.LVL134
 8113 1cfe 8A160000 		.4byte	0x168a
 8114 1d02 04       		.uleb128 0x4
 8115 1d03 01       		.uleb128 0x1
 8116 1d04 50       		.byte	0x50
 8117 1d05 05       		.uleb128 0x5
 8118 1d06 03       		.byte	0x3
 8119 1d07 00000000 		.4byte	__func__.0
 8120 1d0b 00       		.byte	0
 8121 1d0c 00       		.byte	0
 8122 1d0d 00       		.byte	0
 8123 1d0e 00       		.byte	0
 8124 1d0f 00       		.byte	0
 8125 1d10 0F       		.uleb128 0xf
 8126 1d11 922F0000 		.4byte	0x2f92
 8127 1d15 76000000 		.4byte	.LBI344
 8128 1d19 0100     		.2byte	.LVU103
 8129 1d1b 2D000000 		.4byte	.LLRL12
 8130 1d1f 01       		.byte	0x1
 8131 1d20 1B05     		.2byte	0x51b
 8132 1d22 09       		.byte	0x9
ARM GAS  /tmp/cctaqgo8.s 			page 144


 8133 1d23 40200000 		.4byte	0x2040
 8134 1d27 02       		.uleb128 0x2
 8135 1d28 A02F0000 		.4byte	0x2fa0
 8136 1d2c 7B030000 		.4byte	.LLST13
 8137 1d30 75030000 		.4byte	.LVUS13
 8138 1d34 13       		.uleb128 0x13
 8139 1d35 2D000000 		.4byte	.LLRL12
 8140 1d39 09       		.uleb128 0x9
 8141 1d3a AD2F0000 		.4byte	0x2fad
 8142 1d3e 97030000 		.4byte	.LLST14
 8143 1d42 93030000 		.4byte	.LVUS14
 8144 1d46 09       		.uleb128 0x9
 8145 1d47 B92F0000 		.4byte	0x2fb9
 8146 1d4b B0030000 		.4byte	.LLST15
 8147 1d4f A8030000 		.4byte	.LVUS15
 8148 1d53 09       		.uleb128 0x9
 8149 1d54 C52F0000 		.4byte	0x2fc5
 8150 1d58 DF030000 		.4byte	.LLST16
 8151 1d5c D7030000 		.4byte	.LVUS16
 8152 1d60 0F       		.uleb128 0xf
 8153 1d61 D12F0000 		.4byte	0x2fd1
 8154 1d65 06010000 		.4byte	.LBI346
 8155 1d69 0100     		.2byte	.LVU184
 8156 1d6b 44000000 		.4byte	.LLRL17
 8157 1d6f 01       		.byte	0x1
 8158 1d70 AF01     		.2byte	0x1af
 8159 1d72 07       		.byte	0x7
 8160 1d73 741F0000 		.4byte	0x1f74
 8161 1d77 02       		.uleb128 0x2
 8162 1d78 F92F0000 		.4byte	0x2ff9
 8163 1d7c 09040000 		.4byte	.LLST18
 8164 1d80 05040000 		.4byte	.LVUS18
 8165 1d84 02       		.uleb128 0x2
 8166 1d85 EC2F0000 		.4byte	0x2fec
 8167 1d89 20040000 		.4byte	.LLST19
 8168 1d8d 1C040000 		.4byte	.LVUS19
 8169 1d91 02       		.uleb128 0x2
 8170 1d92 DF2F0000 		.4byte	0x2fdf
 8171 1d96 3E040000 		.4byte	.LLST20
 8172 1d9a 38040000 		.4byte	.LVUS20
 8173 1d9e 13       		.uleb128 0x13
 8174 1d9f 44000000 		.4byte	.LLRL17
 8175 1da3 09       		.uleb128 0x9
 8176 1da4 04300000 		.4byte	0x3004
 8177 1da8 60040000 		.4byte	.LLST21
 8178 1dac 56040000 		.4byte	.LVUS21
 8179 1db0 0F       		.uleb128 0xf
 8180 1db1 7E330000 		.4byte	0x337e
 8181 1db5 62010000 		.4byte	.LBI348
 8182 1db9 0200     		.2byte	.LVU251
 8183 1dbb 57000000 		.4byte	.LLRL22
 8184 1dbf 01       		.byte	0x1
 8185 1dc0 8F01     		.2byte	0x18f
 8186 1dc2 03       		.byte	0x3
 8187 1dc3 1E1E0000 		.4byte	0x1e1e
 8188 1dc7 16       		.uleb128 0x16
 8189 1dc8 0F340000 		.4byte	0x340f
ARM GAS  /tmp/cctaqgo8.s 			page 145


 8190 1dcc 62010000 		.4byte	.LBI349
 8191 1dd0 0400     		.2byte	.LVU253
 8192 1dd2 57000000 		.4byte	.LLRL22
 8193 1dd6 03       		.byte	0x3
 8194 1dd7 ED01     		.2byte	0x1ed
 8195 1dd9 03       		.byte	0x3
 8196 1dda 0F       		.uleb128 0xf
 8197 1ddb 2F340000 		.4byte	0x342f
 8198 1ddf 62010000 		.4byte	.LBI351
 8199 1de3 0600     		.2byte	.LVU255
 8200 1de5 65000000 		.4byte	.LLRL23
 8201 1de9 04       		.byte	0x4
 8202 1dea 5C01     		.2byte	0x15c
 8203 1dec 03       		.byte	0x3
 8204 1ded 131E0000 		.4byte	0x1e13
 8205 1df1 16       		.uleb128 0x16
 8206 1df2 37340000 		.4byte	0x3437
 8207 1df6 62010000 		.4byte	.LBI352
 8208 1dfa 0800     		.2byte	.LVU257
 8209 1dfc 65000000 		.4byte	.LLRL23
 8210 1e00 05       		.byte	0x5
 8211 1e01 BF01     		.2byte	0x1bf
 8212 1e03 03       		.byte	0x3
 8213 1e04 02       		.uleb128 0x2
 8214 1e05 45340000 		.4byte	0x3445
 8215 1e09 83040000 		.4byte	.LLST24
 8216 1e0d 81040000 		.4byte	.LVUS24
 8217 1e11 00       		.byte	0
 8218 1e12 00       		.byte	0
 8219 1e13 0C       		.uleb128 0xc
 8220 1e14 6C010000 		.4byte	.LVL51
 8221 1e18 BA150000 		.4byte	0x15ba
 8222 1e1c 00       		.byte	0
 8223 1e1d 00       		.byte	0
 8224 1e1e 39       		.uleb128 0x39
 8225 1e1f 10300000 		.4byte	0x3010
 8226 1e23 73000000 		.4byte	.LLRL25
 8227 1e27 771E0000 		.4byte	0x1e77
 8228 1e2b 09       		.uleb128 0x9
 8229 1e2c 11300000 		.4byte	0x3011
 8230 1e30 92040000 		.4byte	.LLST26
 8231 1e34 8E040000 		.4byte	.LVUS26
 8232 1e38 09       		.uleb128 0x9
 8233 1e39 1B300000 		.4byte	0x301b
 8234 1e3d A6040000 		.4byte	.LLST27
 8235 1e41 A2040000 		.4byte	.LVUS27
 8236 1e45 09       		.uleb128 0x9
 8237 1e46 25300000 		.4byte	0x3025
 8238 1e4a BC040000 		.4byte	.LLST28
 8239 1e4e B8040000 		.4byte	.LVUS28
 8240 1e52 3F       		.uleb128 0x3f
 8241 1e53 30300000 		.4byte	0x3030
 8242 1e57 85000000 		.4byte	.LLRL29
 8243 1e5b 09       		.uleb128 0x9
 8244 1e5c 31300000 		.4byte	0x3031
 8245 1e60 D6040000 		.4byte	.LLST30
 8246 1e64 D4040000 		.4byte	.LVUS30
ARM GAS  /tmp/cctaqgo8.s 			page 146


 8247 1e68 09       		.uleb128 0x9
 8248 1e69 3D300000 		.4byte	0x303d
 8249 1e6d E2040000 		.4byte	.LLST31
 8250 1e71 E0040000 		.4byte	.LVUS31
 8251 1e75 00       		.byte	0
 8252 1e76 00       		.byte	0
 8253 1e77 0A       		.uleb128 0xa
 8254 1e78 D0320000 		.4byte	0x32d0
 8255 1e7c 72010000 		.4byte	.LBI368
 8256 1e80 0100     		.2byte	.LVU266
 8257 1e82 72010000 		.4byte	.LBB368
 8258 1e86 08000000 		.4byte	.LBE368-.LBB368
 8259 1e8a 01       		.byte	0x1
 8260 1e8b 9101     		.2byte	0x191
 8261 1e8d 03       		.byte	0x3
 8262 1e8e C21E0000 		.4byte	0x1ec2
 8263 1e92 02       		.uleb128 0x2
 8264 1e93 EB320000 		.4byte	0x32eb
 8265 1e97 EE040000 		.4byte	.LLST32
 8266 1e9b EC040000 		.4byte	.LVUS32
 8267 1e9f 02       		.uleb128 0x2
 8268 1ea0 DE320000 		.4byte	0x32de
 8269 1ea4 FA040000 		.4byte	.LLST33
 8270 1ea8 F8040000 		.4byte	.LVUS33
 8271 1eac 0E       		.uleb128 0xe
 8272 1ead 7A010000 		.4byte	.LVL53
 8273 1eb1 C6150000 		.4byte	0x15c6
 8274 1eb5 04       		.uleb128 0x4
 8275 1eb6 01       		.uleb128 0x1
 8276 1eb7 50       		.byte	0x50
 8277 1eb8 02       		.uleb128 0x2
 8278 1eb9 76       		.byte	0x76
 8279 1eba 00       		.sleb128 0
 8280 1ebb 04       		.uleb128 0x4
 8281 1ebc 01       		.uleb128 0x1
 8282 1ebd 51       		.byte	0x51
 8283 1ebe 01       		.uleb128 0x1
 8284 1ebf 30       		.byte	0x30
 8285 1ec0 00       		.byte	0
 8286 1ec1 00       		.byte	0
 8287 1ec2 0A       		.uleb128 0xa
 8288 1ec3 42330000 		.4byte	0x3342
 8289 1ec7 7A010000 		.4byte	.LBI370
 8290 1ecb 0200     		.2byte	.LVU270
 8291 1ecd 7A010000 		.4byte	.LBB370
 8292 1ed1 04000000 		.4byte	.LBE370-.LBB370
 8293 1ed5 01       		.byte	0x1
 8294 1ed6 9201     		.2byte	0x192
 8295 1ed8 03       		.byte	0x3
 8296 1ed9 E71E0000 		.4byte	0x1ee7
 8297 1edd 0C       		.uleb128 0xc
 8298 1ede 7E010000 		.4byte	.LVL54
 8299 1ee2 AE160000 		.4byte	0x16ae
 8300 1ee6 00       		.byte	0
 8301 1ee7 16       		.uleb128 0x16
 8302 1ee8 76330000 		.4byte	0x3376
 8303 1eec 7E010000 		.4byte	.LBI372
ARM GAS  /tmp/cctaqgo8.s 			page 147


 8304 1ef0 0100     		.2byte	.LVU273
 8305 1ef2 97000000 		.4byte	.LLRL34
 8306 1ef6 01       		.byte	0x1
 8307 1ef7 9301     		.2byte	0x193
 8308 1ef9 03       		.byte	0x3
 8309 1efa 16       		.uleb128 0x16
 8310 1efb F1330000 		.4byte	0x33f1
 8311 1eff 7E010000 		.4byte	.LBI373
 8312 1f03 0300     		.2byte	.LVU275
 8313 1f05 97000000 		.4byte	.LLRL34
 8314 1f09 03       		.byte	0x3
 8315 1f0a F801     		.2byte	0x1f8
 8316 1f0c 03       		.byte	0x3
 8317 1f0d 13       		.uleb128 0x13
 8318 1f0e 97000000 		.4byte	.LLRL34
 8319 1f12 0A       		.uleb128 0xa
 8320 1f13 27340000 		.4byte	0x3427
 8321 1f17 98010000 		.4byte	.LBI375
 8322 1f1b 0200     		.2byte	.LVU284
 8323 1f1d 98010000 		.4byte	.LBB375
 8324 1f21 06000000 		.4byte	.LBE375-.LBB375
 8325 1f25 04       		.byte	0x4
 8326 1f26 7301     		.2byte	0x173
 8327 1f28 03       		.byte	0x3
 8328 1f29 531F0000 		.4byte	0x1f53
 8329 1f2d 06       		.uleb128 0x6
 8330 1f2e 37340000 		.4byte	0x3437
 8331 1f32 98010000 		.4byte	.LBI376
 8332 1f36 0400     		.2byte	.LVU286
 8333 1f38 98010000 		.4byte	.LBB376
 8334 1f3c 06000000 		.4byte	.LBE376-.LBB376
 8335 1f40 05       		.byte	0x5
 8336 1f41 CD01     		.2byte	0x1cd
 8337 1f43 03       		.byte	0x3
 8338 1f44 02       		.uleb128 0x2
 8339 1f45 45340000 		.4byte	0x3445
 8340 1f49 05050000 		.4byte	.LLST35
 8341 1f4d 03050000 		.4byte	.LVUS35
 8342 1f51 00       		.byte	0
 8343 1f52 00       		.byte	0
 8344 1f53 0C       		.uleb128 0xc
 8345 1f54 82010000 		.4byte	.LVL55
 8346 1f58 C0150000 		.4byte	0x15c0
 8347 1f5c 0E       		.uleb128 0xe
 8348 1f5d D2030000 		.4byte	.LVL128
 8349 1f61 8A160000 		.4byte	0x168a
 8350 1f65 04       		.uleb128 0x4
 8351 1f66 01       		.uleb128 0x1
 8352 1f67 50       		.byte	0x50
 8353 1f68 05       		.uleb128 0x5
 8354 1f69 03       		.byte	0x3
 8355 1f6a 00000000 		.4byte	__func__.0
 8356 1f6e 00       		.byte	0
 8357 1f6f 00       		.byte	0
 8358 1f70 00       		.byte	0
 8359 1f71 00       		.byte	0
 8360 1f72 00       		.byte	0
ARM GAS  /tmp/cctaqgo8.s 			page 148


 8361 1f73 00       		.byte	0
 8362 1f74 0F       		.uleb128 0xf
 8363 1f75 4C300000 		.4byte	0x304c
 8364 1f79 A0000000 		.4byte	.LBI383
 8365 1f7d 0000     		.2byte	.LVU121
 8366 1f7f A5000000 		.4byte	.LLRL36
 8367 1f83 01       		.byte	0x1
 8368 1f84 A701     		.2byte	0x1a7
 8369 1f86 05       		.byte	0x5
 8370 1f87 DB1F0000 		.4byte	0x1fdb
 8371 1f8b 02       		.uleb128 0x2
 8372 1f8c 7F300000 		.4byte	0x307f
 8373 1f90 15050000 		.4byte	.LLST37
 8374 1f94 0F050000 		.4byte	.LVUS37
 8375 1f98 02       		.uleb128 0x2
 8376 1f99 74300000 		.4byte	0x3074
 8377 1f9d 32050000 		.4byte	.LLST38
 8378 1fa1 2C050000 		.4byte	.LVUS38
 8379 1fa5 02       		.uleb128 0x2
 8380 1fa6 67300000 		.4byte	0x3067
 8381 1faa 4F050000 		.4byte	.LLST39
 8382 1fae 49050000 		.4byte	.LVUS39
 8383 1fb2 02       		.uleb128 0x2
 8384 1fb3 5A300000 		.4byte	0x305a
 8385 1fb7 6A050000 		.4byte	.LLST40
 8386 1fbb 66050000 		.4byte	.LVUS40
 8387 1fbf 4C       		.uleb128 0x4c
 8388 1fc0 8C300000 		.4byte	0x308c
 8389 1fc4 A8000000 		.4byte	.LBB385
 8390 1fc8 0A000000 		.4byte	.LBE385-.LBB385
 8391 1fcc 09       		.uleb128 0x9
 8392 1fcd 8D300000 		.4byte	0x308d
 8393 1fd1 7F050000 		.4byte	.LLST41
 8394 1fd5 7D050000 		.4byte	.LVUS41
 8395 1fd9 00       		.byte	0
 8396 1fda 00       		.byte	0
 8397 1fdb 16       		.uleb128 0x16
 8398 1fdc 4C300000 		.4byte	0x304c
 8399 1fe0 B4010000 		.4byte	.LBI389
 8400 1fe4 0000     		.2byte	.LVU298
 8401 1fe6 B1000000 		.4byte	.LLRL42
 8402 1fea 01       		.byte	0x1
 8403 1feb B401     		.2byte	0x1b4
 8404 1fed 07       		.byte	0x7
 8405 1fee 02       		.uleb128 0x2
 8406 1fef 7F300000 		.4byte	0x307f
 8407 1ff3 8C050000 		.4byte	.LLST43
 8408 1ff7 88050000 		.4byte	.LVUS43
 8409 1ffb 02       		.uleb128 0x2
 8410 1ffc 74300000 		.4byte	0x3074
 8411 2000 AE050000 		.4byte	.LLST44
 8412 2004 A2050000 		.4byte	.LVUS44
 8413 2008 02       		.uleb128 0x2
 8414 2009 67300000 		.4byte	0x3067
 8415 200d E0050000 		.4byte	.LLST45
 8416 2011 D8050000 		.4byte	.LVUS45
 8417 2015 02       		.uleb128 0x2
ARM GAS  /tmp/cctaqgo8.s 			page 149


 8418 2016 5A300000 		.4byte	0x305a
 8419 201a 03060000 		.4byte	.LLST46
 8420 201e FD050000 		.4byte	.LVUS46
 8421 2022 4C       		.uleb128 0x4c
 8422 2023 8C300000 		.4byte	0x308c
 8423 2027 CC010000 		.4byte	.LBB391
 8424 202b 0C000000 		.4byte	.LBE391-.LBB391
 8425 202f 09       		.uleb128 0x9
 8426 2030 8D300000 		.4byte	0x308d
 8427 2034 1D060000 		.4byte	.LLST47
 8428 2038 1B060000 		.4byte	.LVUS47
 8429 203c 00       		.byte	0
 8430 203d 00       		.byte	0
 8431 203e 00       		.byte	0
 8432 203f 00       		.byte	0
 8433 2040 0F       		.uleb128 0xf
 8434 2041 22330000 		.4byte	0x3322
 8435 2045 4A000000 		.4byte	.LBI398
 8436 2049 0100     		.2byte	.LVU76
 8437 204b BD000000 		.4byte	.LLRL48
 8438 204f 01       		.byte	0x1
 8439 2050 1205     		.2byte	0x512
 8440 2052 07       		.byte	0x7
 8441 2053 6D200000 		.4byte	0x206d
 8442 2057 40       		.uleb128 0x40
 8443 2058 34330000 		.4byte	0x3334
 8444 205c 0E       		.uleb128 0xe
 8445 205d 4E000000 		.4byte	.LVL10
 8446 2061 E1150000 		.4byte	0x15e1
 8447 2065 04       		.uleb128 0x4
 8448 2066 01       		.uleb128 0x1
 8449 2067 50       		.byte	0x50
 8450 2068 02       		.uleb128 0x2
 8451 2069 75       		.byte	0x75
 8452 206a 00       		.sleb128 0
 8453 206b 00       		.byte	0
 8454 206c 00       		.byte	0
 8455 206d 0F       		.uleb128 0xf
 8456 206e 76330000 		.4byte	0x3376
 8457 2072 4E000000 		.4byte	.LBI402
 8458 2076 0100     		.2byte	.LVU80
 8459 2078 C9000000 		.4byte	.LLRL49
 8460 207c 01       		.byte	0x1
 8461 207d 1405     		.2byte	0x514
 8462 207f 05       		.byte	0x5
 8463 2080 FC200000 		.4byte	0x20fc
 8464 2084 16       		.uleb128 0x16
 8465 2085 F1330000 		.4byte	0x33f1
 8466 2089 4E000000 		.4byte	.LBI403
 8467 208d 0300     		.2byte	.LVU82
 8468 208f C9000000 		.4byte	.LLRL49
 8469 2093 03       		.byte	0x3
 8470 2094 F801     		.2byte	0x1f8
 8471 2096 03       		.byte	0x3
 8472 2097 13       		.uleb128 0x13
 8473 2098 C9000000 		.4byte	.LLRL49
 8474 209c 0A       		.uleb128 0xa
ARM GAS  /tmp/cctaqgo8.s 			page 150


 8475 209d 27340000 		.4byte	0x3427
 8476 20a1 68000000 		.4byte	.LBI405
 8477 20a5 0200     		.2byte	.LVU91
 8478 20a7 68000000 		.4byte	.LBB405
 8479 20ab 06000000 		.4byte	.LBE405-.LBB405
 8480 20af 04       		.byte	0x4
 8481 20b0 7301     		.2byte	0x173
 8482 20b2 03       		.byte	0x3
 8483 20b3 DD200000 		.4byte	0x20dd
 8484 20b7 06       		.uleb128 0x6
 8485 20b8 37340000 		.4byte	0x3437
 8486 20bc 68000000 		.4byte	.LBI406
 8487 20c0 0400     		.2byte	.LVU93
 8488 20c2 68000000 		.4byte	.LBB406
 8489 20c6 06000000 		.4byte	.LBE406-.LBB406
 8490 20ca 05       		.byte	0x5
 8491 20cb CD01     		.2byte	0x1cd
 8492 20cd 03       		.byte	0x3
 8493 20ce 02       		.uleb128 0x2
 8494 20cf 45340000 		.4byte	0x3445
 8495 20d3 28060000 		.4byte	.LLST50
 8496 20d7 26060000 		.4byte	.LVUS50
 8497 20db 00       		.byte	0
 8498 20dc 00       		.byte	0
 8499 20dd 0C       		.uleb128 0xc
 8500 20de 52000000 		.4byte	.LVL11
 8501 20e2 C0150000 		.4byte	0x15c0
 8502 20e6 0E       		.uleb128 0xe
 8503 20e7 E8030000 		.4byte	.LVL132
 8504 20eb 8A160000 		.4byte	0x168a
 8505 20ef 04       		.uleb128 0x4
 8506 20f0 01       		.uleb128 0x1
 8507 20f1 50       		.byte	0x50
 8508 20f2 05       		.uleb128 0x5
 8509 20f3 03       		.byte	0x3
 8510 20f4 00000000 		.4byte	__func__.0
 8511 20f8 00       		.byte	0
 8512 20f9 00       		.byte	0
 8513 20fa 00       		.byte	0
 8514 20fb 00       		.byte	0
 8515 20fc 16       		.uleb128 0x16
 8516 20fd 7E330000 		.4byte	0x337e
 8517 2101 E0000000 		.4byte	.LBI411
 8518 2105 0100     		.2byte	.LVU158
 8519 2107 D7000000 		.4byte	.LLRL51
 8520 210b 01       		.byte	0x1
 8521 210c 3705     		.2byte	0x537
 8522 210e 05       		.byte	0x5
 8523 210f 06       		.uleb128 0x6
 8524 2110 0F340000 		.4byte	0x340f
 8525 2114 E0000000 		.4byte	.LBI413
 8526 2118 0300     		.2byte	.LVU160
 8527 211a E0000000 		.4byte	.LBB413
 8528 211e 0A000000 		.4byte	.LBE413-.LBB413
 8529 2122 03       		.byte	0x3
 8530 2123 ED01     		.2byte	0x1ed
 8531 2125 03       		.byte	0x3
ARM GAS  /tmp/cctaqgo8.s 			page 151


 8532 2126 0A       		.uleb128 0xa
 8533 2127 2F340000 		.4byte	0x342f
 8534 212b E0000000 		.4byte	.LBI415
 8535 212f 0500     		.2byte	.LVU162
 8536 2131 E0000000 		.4byte	.LBB415
 8537 2135 06000000 		.4byte	.LBE415-.LBB415
 8538 2139 04       		.byte	0x4
 8539 213a 5C01     		.2byte	0x15c
 8540 213c 03       		.byte	0x3
 8541 213d 67210000 		.4byte	0x2167
 8542 2141 06       		.uleb128 0x6
 8543 2142 37340000 		.4byte	0x3437
 8544 2146 E0000000 		.4byte	.LBI416
 8545 214a 0700     		.2byte	.LVU164
 8546 214c E0000000 		.4byte	.LBB416
 8547 2150 06000000 		.4byte	.LBE416-.LBB416
 8548 2154 05       		.byte	0x5
 8549 2155 BF01     		.2byte	0x1bf
 8550 2157 03       		.byte	0x3
 8551 2158 02       		.uleb128 0x2
 8552 2159 45340000 		.4byte	0x3445
 8553 215d 34060000 		.4byte	.LLST52
 8554 2161 32060000 		.4byte	.LVUS52
 8555 2165 00       		.byte	0
 8556 2166 00       		.byte	0
 8557 2167 0C       		.uleb128 0xc
 8558 2168 EA000000 		.4byte	.LVL33
 8559 216c BA150000 		.4byte	0x15ba
 8560 2170 00       		.byte	0
 8561 2171 00       		.byte	0
 8562 2172 00       		.byte	0
 8563 2173 0F       		.uleb128 0xf
 8564 2174 86330000 		.4byte	0x3386
 8565 2178 16000000 		.4byte	.LBI330
 8566 217c 0200     		.2byte	.LVU42
 8567 217e 0C000000 		.4byte	.LLRL6
 8568 2182 01       		.byte	0x1
 8569 2183 0705     		.2byte	0x507
 8570 2185 03       		.byte	0x3
 8571 2186 98210000 		.4byte	0x2198
 8572 218a 02       		.uleb128 0x2
 8573 218b 93330000 		.4byte	0x3393
 8574 218f 41060000 		.4byte	.LLST7
 8575 2193 3F060000 		.4byte	.LVUS7
 8576 2197 00       		.byte	0
 8577 2198 06       		.uleb128 0x6
 8578 2199 7E330000 		.4byte	0x337e
 8579 219d 16000000 		.4byte	.LBI336
 8580 21a1 0600     		.2byte	.LVU46
 8581 21a3 16000000 		.4byte	.LBB336
 8582 21a7 0E000000 		.4byte	.LBE336-.LBB336
 8583 21ab 01       		.byte	0x1
 8584 21ac 0905     		.2byte	0x509
 8585 21ae 03       		.byte	0x3
 8586 21af 06       		.uleb128 0x6
 8587 21b0 0F340000 		.4byte	0x340f
 8588 21b4 16000000 		.4byte	.LBI338
ARM GAS  /tmp/cctaqgo8.s 			page 152


 8589 21b8 0800     		.2byte	.LVU48
 8590 21ba 16000000 		.4byte	.LBB338
 8591 21be 0E000000 		.4byte	.LBE338-.LBB338
 8592 21c2 03       		.byte	0x3
 8593 21c3 ED01     		.2byte	0x1ed
 8594 21c5 03       		.byte	0x3
 8595 21c6 0A       		.uleb128 0xa
 8596 21c7 2F340000 		.4byte	0x342f
 8597 21cb 16000000 		.4byte	.LBI340
 8598 21cf 0A00     		.2byte	.LVU50
 8599 21d1 16000000 		.4byte	.LBB340
 8600 21d5 06000000 		.4byte	.LBE340-.LBB340
 8601 21d9 04       		.byte	0x4
 8602 21da 5C01     		.2byte	0x15c
 8603 21dc 03       		.byte	0x3
 8604 21dd 07220000 		.4byte	0x2207
 8605 21e1 06       		.uleb128 0x6
 8606 21e2 37340000 		.4byte	0x3437
 8607 21e6 16000000 		.4byte	.LBI341
 8608 21ea 0C00     		.2byte	.LVU52
 8609 21ec 16000000 		.4byte	.LBB341
 8610 21f0 06000000 		.4byte	.LBE341-.LBB341
 8611 21f4 05       		.byte	0x5
 8612 21f5 BF01     		.2byte	0x1bf
 8613 21f7 03       		.byte	0x3
 8614 21f8 02       		.uleb128 0x2
 8615 21f9 45340000 		.4byte	0x3445
 8616 21fd 51060000 		.4byte	.LLST8
 8617 2201 4F060000 		.4byte	.LVUS8
 8618 2205 00       		.byte	0
 8619 2206 00       		.byte	0
 8620 2207 0C       		.uleb128 0xc
 8621 2208 24000000 		.4byte	.LVL8
 8622 220c BA150000 		.4byte	0x15ba
 8623 2210 00       		.byte	0
 8624 2211 00       		.byte	0
 8625 2212 00       		.byte	0
 8626 2213 15       		.uleb128 0x15
 8627 2214 71110000 		.4byte	.LASF338
 8628 2218 F204     		.2byte	0x4f2
 8629 221a 06       		.byte	0x6
 8630 221b 00000000 		.4byte	.LFB258
 8631 221f 14000000 		.4byte	.LFE258-.LFB258
 8632 2223 01       		.uleb128 0x1
 8633 2224 9C       		.byte	0x9c
 8634 2225 4B220000 		.4byte	0x224b
 8635 2229 34       		.uleb128 0x34
 8636 222a FF080000 		.4byte	.LASF333
 8637 222e F204     		.2byte	0x4f2
 8638 2230 22       		.byte	0x22
 8639 2231 720C0000 		.4byte	0xc72
 8640 2235 01       		.uleb128 0x1
 8641 2236 50       		.byte	0x50
 8642 2237 21       		.uleb128 0x21
 8643 2238 657000   		.ascii	"ep\000"
 8644 223b F204     		.2byte	0x4f2
 8645 223d 30       		.byte	0x30
ARM GAS  /tmp/cctaqgo8.s 			page 153


 8646 223e 280B0000 		.4byte	0xb28
 8647 2242 60060000 		.4byte	.LLST201
 8648 2246 5C060000 		.4byte	.LVUS201
 8649 224a 00       		.byte	0
 8650 224b 15       		.uleb128 0x15
 8651 224c F8010000 		.4byte	.LASF339
 8652 2250 E504     		.2byte	0x4e5
 8653 2252 06       		.byte	0x6
 8654 2253 00000000 		.4byte	.LFB257
 8655 2257 14000000 		.4byte	.LFE257-.LFB257
 8656 225b 01       		.uleb128 0x1
 8657 225c 9C       		.byte	0x9c
 8658 225d 83220000 		.4byte	0x2283
 8659 2261 34       		.uleb128 0x34
 8660 2262 FF080000 		.4byte	.LASF333
 8661 2266 E504     		.2byte	0x4e5
 8662 2268 23       		.byte	0x23
 8663 2269 720C0000 		.4byte	0xc72
 8664 226d 01       		.uleb128 0x1
 8665 226e 50       		.byte	0x50
 8666 226f 21       		.uleb128 0x21
 8667 2270 657000   		.ascii	"ep\000"
 8668 2273 E504     		.2byte	0x4e5
 8669 2275 31       		.byte	0x31
 8670 2276 280B0000 		.4byte	0xb28
 8671 227a 7D060000 		.4byte	.LLST200
 8672 227e 79060000 		.4byte	.LVUS200
 8673 2282 00       		.byte	0
 8674 2283 15       		.uleb128 0x15
 8675 2284 710B0000 		.4byte	.LASF340
 8676 2288 D804     		.2byte	0x4d8
 8677 228a 06       		.byte	0x6
 8678 228b 00000000 		.4byte	.LFB256
 8679 228f 14000000 		.4byte	.LFE256-.LFB256
 8680 2293 01       		.uleb128 0x1
 8681 2294 9C       		.byte	0x9c
 8682 2295 BB220000 		.4byte	0x22bb
 8683 2299 34       		.uleb128 0x34
 8684 229a FF080000 		.4byte	.LASF333
 8685 229e D804     		.2byte	0x4d8
 8686 22a0 22       		.byte	0x22
 8687 22a1 720C0000 		.4byte	0xc72
 8688 22a5 01       		.uleb128 0x1
 8689 22a6 50       		.byte	0x50
 8690 22a7 21       		.uleb128 0x21
 8691 22a8 657000   		.ascii	"ep\000"
 8692 22ab D804     		.2byte	0x4d8
 8693 22ad 30       		.byte	0x30
 8694 22ae 280B0000 		.4byte	0xb28
 8695 22b2 9A060000 		.4byte	.LLST199
 8696 22b6 96060000 		.4byte	.LVUS199
 8697 22ba 00       		.byte	0
 8698 22bb 15       		.uleb128 0x15
 8699 22bc 84090000 		.4byte	.LASF341
 8700 22c0 CB04     		.2byte	0x4cb
 8701 22c2 06       		.byte	0x6
 8702 22c3 00000000 		.4byte	.LFB255
ARM GAS  /tmp/cctaqgo8.s 			page 154


 8703 22c7 14000000 		.4byte	.LFE255-.LFB255
 8704 22cb 01       		.uleb128 0x1
 8705 22cc 9C       		.byte	0x9c
 8706 22cd F3220000 		.4byte	0x22f3
 8707 22d1 34       		.uleb128 0x34
 8708 22d2 FF080000 		.4byte	.LASF333
 8709 22d6 CB04     		.2byte	0x4cb
 8710 22d8 23       		.byte	0x23
 8711 22d9 720C0000 		.4byte	0xc72
 8712 22dd 01       		.uleb128 0x1
 8713 22de 50       		.byte	0x50
 8714 22df 21       		.uleb128 0x21
 8715 22e0 657000   		.ascii	"ep\000"
 8716 22e3 CB04     		.2byte	0x4cb
 8717 22e5 31       		.byte	0x31
 8718 22e6 280B0000 		.4byte	0xb28
 8719 22ea B7060000 		.4byte	.LLST198
 8720 22ee B3060000 		.4byte	.LVUS198
 8721 22f2 00       		.byte	0
 8722 22f3 4D       		.uleb128 0x4d
 8723 22f4 340D0000 		.4byte	.LASF342
 8724 22f8 BD04     		.2byte	0x4bd
 8725 22fa 18230000 		.4byte	0x2318
 8726 22fe 1D       		.uleb128 0x1d
 8727 22ff FF080000 		.4byte	.LASF333
 8728 2303 01       		.byte	0x1
 8729 2304 BD04     		.2byte	0x4bd
 8730 2306 22       		.byte	0x22
 8731 2307 720C0000 		.4byte	0xc72
 8732 230b 14       		.uleb128 0x14
 8733 230c 657000   		.ascii	"ep\000"
 8734 230f 01       		.byte	0x1
 8735 2310 BD04     		.2byte	0x4bd
 8736 2312 30       		.byte	0x30
 8737 2313 280B0000 		.4byte	0xb28
 8738 2317 00       		.byte	0
 8739 2318 4D       		.uleb128 0x4d
 8740 2319 8E0B0000 		.4byte	.LASF343
 8741 231d B004     		.2byte	0x4b0
 8742 231f 3D230000 		.4byte	0x233d
 8743 2323 1D       		.uleb128 0x1d
 8744 2324 FF080000 		.4byte	.LASF333
 8745 2328 01       		.byte	0x1
 8746 2329 B004     		.2byte	0x4b0
 8747 232b 23       		.byte	0x23
 8748 232c 720C0000 		.4byte	0xc72
 8749 2330 14       		.uleb128 0x14
 8750 2331 657000   		.ascii	"ep\000"
 8751 2334 01       		.byte	0x1
 8752 2335 B004     		.2byte	0x4b0
 8753 2337 31       		.byte	0x31
 8754 2338 280B0000 		.4byte	0xb28
 8755 233c 00       		.byte	0
 8756 233d 15       		.uleb128 0x15
 8757 233e D3010000 		.4byte	.LASF344
 8758 2342 9304     		.2byte	0x493
 8759 2344 06       		.byte	0x6
ARM GAS  /tmp/cctaqgo8.s 			page 155


 8760 2345 00000000 		.4byte	.LFB252
 8761 2349 4A000000 		.4byte	.LFE252-.LFB252
 8762 234d 01       		.uleb128 0x1
 8763 234e 9C       		.byte	0x9c
 8764 234f A9230000 		.4byte	0x23a9
 8765 2353 24       		.uleb128 0x24
 8766 2354 FF080000 		.4byte	.LASF333
 8767 2358 9304     		.2byte	0x493
 8768 235a 2A       		.byte	0x2a
 8769 235b 720C0000 		.4byte	0xc72
 8770 235f D4060000 		.4byte	.LLST166
 8771 2363 D0060000 		.4byte	.LVUS166
 8772 2367 21       		.uleb128 0x21
 8773 2368 657000   		.ascii	"ep\000"
 8774 236b 9304     		.2byte	0x493
 8775 236d 38       		.byte	0x38
 8776 236e 280B0000 		.4byte	0xb28
 8777 2372 F1060000 		.4byte	.LLST167
 8778 2376 ED060000 		.4byte	.LVUS167
 8779 237a 2D       		.uleb128 0x2d
 8780 237b 69737000 		.ascii	"isp\000"
 8781 237f 9404     		.2byte	0x494
 8782 2381 17       		.byte	0x17
 8783 2382 77140000 		.4byte	0x1477
 8784 2386 10070000 		.4byte	.LLST168
 8785 238a 0A070000 		.4byte	.LVUS168
 8786 238e 13       		.uleb128 0x13
 8787 238f 6C020000 		.4byte	.LLRL169
 8788 2393 1C       		.uleb128 0x1c
 8789 2394 01060000 		.4byte	.LASF345
 8790 2398 A104     		.2byte	0x4a1
 8791 239a 0E       		.byte	0xe
 8792 239b FA000000 		.4byte	0xfa
 8793 239f 41070000 		.4byte	.LLST170
 8794 23a3 3F070000 		.4byte	.LVUS170
 8795 23a7 00       		.byte	0
 8796 23a8 00       		.byte	0
 8797 23a9 15       		.uleb128 0x15
 8798 23aa 6D0E0000 		.4byte	.LASF346
 8799 23ae 7B04     		.2byte	0x47b
 8800 23b0 06       		.byte	0x6
 8801 23b1 00000000 		.4byte	.LFB251
 8802 23b5 3E000000 		.4byte	.LFE251-.LFB251
 8803 23b9 01       		.uleb128 0x1
 8804 23ba 9C       		.byte	0x9c
 8805 23bb 0F240000 		.4byte	0x240f
 8806 23bf 24       		.uleb128 0x24
 8807 23c0 FF080000 		.4byte	.LASF333
 8808 23c4 7B04     		.2byte	0x47b
 8809 23c6 29       		.byte	0x29
 8810 23c7 720C0000 		.4byte	0xc72
 8811 23cb 5E070000 		.4byte	.LLST153
 8812 23cf 5A070000 		.4byte	.LVUS153
 8813 23d3 21       		.uleb128 0x21
 8814 23d4 657000   		.ascii	"ep\000"
 8815 23d7 7B04     		.2byte	0x47b
 8816 23d9 37       		.byte	0x37
ARM GAS  /tmp/cctaqgo8.s 			page 156


 8817 23da 280B0000 		.4byte	0xb28
 8818 23de 7B070000 		.4byte	.LLST154
 8819 23e2 77070000 		.4byte	.LVUS154
 8820 23e6 1C       		.uleb128 0x1c
 8821 23e7 01060000 		.4byte	.LASF345
 8822 23eb 7C04     		.2byte	0x47c
 8823 23ed 0C       		.byte	0xc
 8824 23ee FA000000 		.4byte	0xfa
 8825 23f2 96070000 		.4byte	.LLST155
 8826 23f6 94070000 		.4byte	.LVUS155
 8827 23fa 2D       		.uleb128 0x2d
 8828 23fb 6F737000 		.ascii	"osp\000"
 8829 23ff 7D04     		.2byte	0x47d
 8830 2401 18       		.byte	0x18
 8831 2402 7C140000 		.4byte	0x147c
 8832 2406 B3070000 		.4byte	.LLST156
 8833 240a AF070000 		.4byte	.LVUS156
 8834 240e 00       		.byte	0
 8835 240f 15       		.uleb128 0x15
 8836 2410 35060000 		.4byte	.LASF347
 8837 2414 6E04     		.2byte	0x46e
 8838 2416 06       		.byte	0x6
 8839 2417 00000000 		.4byte	.LFB250
 8840 241b 12000000 		.4byte	.LFE250-.LFB250
 8841 241f 01       		.uleb128 0x1
 8842 2420 9C       		.byte	0x9c
 8843 2421 5C240000 		.4byte	0x245c
 8844 2425 24       		.uleb128 0x24
 8845 2426 FF080000 		.4byte	.LASF333
 8846 242a 6E04     		.2byte	0x46e
 8847 242c 24       		.byte	0x24
 8848 242d 720C0000 		.4byte	0xc72
 8849 2431 E0070000 		.4byte	.LLST151
 8850 2435 DC070000 		.4byte	.LVUS151
 8851 2439 21       		.uleb128 0x21
 8852 243a 657000   		.ascii	"ep\000"
 8853 243d 6E04     		.2byte	0x46e
 8854 243f 32       		.byte	0x32
 8855 2440 280B0000 		.4byte	0xb28
 8856 2444 FD070000 		.4byte	.LLST152
 8857 2448 F9070000 		.4byte	.LVUS152
 8858 244c 5B       		.uleb128 0x5b
 8859 244d 62756600 		.ascii	"buf\000"
 8860 2451 01       		.byte	0x1
 8861 2452 6E04     		.2byte	0x46e
 8862 2454 3F       		.byte	0x3f
 8863 2455 0E090000 		.4byte	0x90e
 8864 2459 01       		.uleb128 0x1
 8865 245a 52       		.byte	0x52
 8866 245b 00       		.byte	0
 8867 245c 4E       		.uleb128 0x4e
 8868 245d 0A020000 		.4byte	.LASF348
 8869 2461 5304     		.2byte	0x453
 8870 2463 8F0B0000 		.4byte	0xb8f
 8871 2467 00000000 		.4byte	.LFB249
 8872 246b 1A000000 		.4byte	.LFE249-.LFB249
 8873 246f 01       		.uleb128 0x1
ARM GAS  /tmp/cctaqgo8.s 			page 157


 8874 2470 9C       		.byte	0x9c
 8875 2471 B1240000 		.4byte	0x24b1
 8876 2475 24       		.uleb128 0x24
 8877 2476 FF080000 		.4byte	.LASF333
 8878 247a 5304     		.2byte	0x453
 8879 247c 30       		.byte	0x30
 8880 247d 720C0000 		.4byte	0xc72
 8881 2481 1A080000 		.4byte	.LLST148
 8882 2485 16080000 		.4byte	.LVUS148
 8883 2489 21       		.uleb128 0x21
 8884 248a 657000   		.ascii	"ep\000"
 8885 248d 5304     		.2byte	0x453
 8886 248f 3E       		.byte	0x3e
 8887 2490 280B0000 		.4byte	0xb28
 8888 2494 39080000 		.4byte	.LLST149
 8889 2498 33080000 		.4byte	.LVUS149
 8890 249c 2D       		.uleb128 0x2d
 8891 249d 63746C00 		.ascii	"ctl\000"
 8892 24a1 5404     		.2byte	0x454
 8893 24a3 0C       		.byte	0xc
 8894 24a4 FA000000 		.4byte	0xfa
 8895 24a8 5C080000 		.4byte	.LLST150
 8896 24ac 5A080000 		.4byte	.LVUS150
 8897 24b0 00       		.byte	0
 8898 24b1 4E       		.uleb128 0x4e
 8899 24b2 DA100000 		.4byte	.LASF349
 8900 24b6 3A04     		.2byte	0x43a
 8901 24b8 8F0B0000 		.4byte	0xb8f
 8902 24bc 00000000 		.4byte	.LFB248
 8903 24c0 1A000000 		.4byte	.LFE248-.LFB248
 8904 24c4 01       		.uleb128 0x1
 8905 24c5 9C       		.byte	0x9c
 8906 24c6 06250000 		.4byte	0x2506
 8907 24ca 24       		.uleb128 0x24
 8908 24cb FF080000 		.4byte	.LASF333
 8909 24cf 3A04     		.2byte	0x43a
 8910 24d1 31       		.byte	0x31
 8911 24d2 720C0000 		.4byte	0xc72
 8912 24d6 69080000 		.4byte	.LLST145
 8913 24da 65080000 		.4byte	.LVUS145
 8914 24de 21       		.uleb128 0x21
 8915 24df 657000   		.ascii	"ep\000"
 8916 24e2 3A04     		.2byte	0x43a
 8917 24e4 3F       		.byte	0x3f
 8918 24e5 280B0000 		.4byte	0xb28
 8919 24e9 88080000 		.4byte	.LLST146
 8920 24ed 82080000 		.4byte	.LVUS146
 8921 24f1 2D       		.uleb128 0x2d
 8922 24f2 63746C00 		.ascii	"ctl\000"
 8923 24f6 3B04     		.2byte	0x43b
 8924 24f8 0C       		.byte	0xc
 8925 24f9 FA000000 		.4byte	0xfa
 8926 24fd AB080000 		.4byte	.LLST147
 8927 2501 A9080000 		.4byte	.LVUS147
 8928 2505 00       		.byte	0
 8929 2506 15       		.uleb128 0x15
 8930 2507 730D0000 		.4byte	.LASF350
ARM GAS  /tmp/cctaqgo8.s 			page 158


 8931 250b 2504     		.2byte	0x425
 8932 250d 06       		.byte	0x6
 8933 250e 00000000 		.4byte	.LFB247
 8934 2512 0E000000 		.4byte	.LFE247-.LFB247
 8935 2516 01       		.uleb128 0x1
 8936 2517 9C       		.byte	0x9c
 8937 2518 75250000 		.4byte	0x2575
 8938 251c 24       		.uleb128 0x24
 8939 251d FF080000 		.4byte	.LASF333
 8940 2521 2504     		.2byte	0x425
 8941 2523 2B       		.byte	0x2b
 8942 2524 720C0000 		.4byte	0xc72
 8943 2528 BA080000 		.4byte	.LLST142
 8944 252c B4080000 		.4byte	.LVUS142
 8945 2530 0F       		.uleb128 0xf
 8946 2531 0D320000 		.4byte	0x320d
 8947 2535 02000000 		.4byte	.LBI624
 8948 2539 0000     		.2byte	.LVU1013
 8949 253b 54020000 		.4byte	.LLRL143
 8950 253f 01       		.byte	0x1
 8951 2540 2804     		.2byte	0x428
 8952 2542 03       		.byte	0x3
 8953 2543 55250000 		.4byte	0x2555
 8954 2547 02       		.uleb128 0x2
 8955 2548 1A320000 		.4byte	0x321a
 8956 254c DC080000 		.4byte	.LLST144
 8957 2550 D8080000 		.4byte	.LVUS144
 8958 2554 00       		.byte	0
 8959 2555 5C       		.uleb128 0x5c
 8960 2556 0E000000 		.4byte	.LVL217
 8961 255a 53340000 		.4byte	0x3453
 8962 255e 04       		.uleb128 0x4
 8963 255f 01       		.uleb128 0x1
 8964 2560 50       		.byte	0x50
 8965 2561 02       		.uleb128 0x2
 8966 2562 70       		.byte	0x70
 8967 2563 00       		.sleb128 0
 8968 2564 22       		.uleb128 0x22
 8969 2565 8A320000 		.4byte	0x328a
 8970 2569 09       		.uleb128 0x9
 8971 256a A3       		.byte	0xa3
 8972 256b 03       		.uleb128 0x3
 8973 256c A5       		.byte	0xa5
 8974 256d 00       		.uleb128 0
 8975 256e 26       		.uleb128 0x26
 8976 256f A8       		.byte	0xa8
 8977 2570 2D       		.uleb128 0x2d
 8978 2571 A8       		.byte	0xa8
 8979 2572 00       		.uleb128 0
 8980 2573 00       		.byte	0
 8981 2574 00       		.byte	0
 8982 2575 15       		.uleb128 0x15
 8983 2576 8C020000 		.4byte	.LASF351
 8984 257a E503     		.2byte	0x3e5
 8985 257c 06       		.byte	0x6
 8986 257d 00000000 		.4byte	.LFB246
 8987 2581 70010000 		.4byte	.LFE246-.LFB246
ARM GAS  /tmp/cctaqgo8.s 			page 159


 8988 2585 01       		.uleb128 0x1
 8989 2586 9C       		.byte	0x9c
 8990 2587 2B270000 		.4byte	0x272b
 8991 258b 24       		.uleb128 0x24
 8992 258c FF080000 		.4byte	.LASF333
 8993 2590 E503     		.2byte	0x3e5
 8994 2592 27       		.byte	0x27
 8995 2593 720C0000 		.4byte	0xc72
 8996 2597 F6080000 		.4byte	.LLST123
 8997 259b EC080000 		.4byte	.LVUS123
 8998 259f 21       		.uleb128 0x21
 8999 25a0 657000   		.ascii	"ep\000"
 9000 25a3 E503     		.2byte	0x3e5
 9001 25a5 35       		.byte	0x35
 9002 25a6 280B0000 		.4byte	0xb28
 9003 25aa 34090000 		.4byte	.LLST124
 9004 25ae 2E090000 		.4byte	.LVUS124
 9005 25b2 2D       		.uleb128 0x2d
 9006 25b3 63746C00 		.ascii	"ctl\000"
 9007 25b7 E603     		.2byte	0x3e6
 9008 25b9 0C       		.byte	0xc
 9009 25ba FA000000 		.4byte	0xfa
 9010 25be 57090000 		.4byte	.LLST125
 9011 25c2 55090000 		.4byte	.LVUS125
 9012 25c6 1C       		.uleb128 0x1c
 9013 25c7 5D020000 		.4byte	.LASF352
 9014 25cb E603     		.2byte	0x3e6
 9015 25cd 11       		.byte	0x11
 9016 25ce FA000000 		.4byte	0xfa
 9017 25d2 63090000 		.4byte	.LLST126
 9018 25d6 61090000 		.4byte	.LVUS126
 9019 25da 1C       		.uleb128 0x1c
 9020 25db 99120000 		.4byte	.LASF334
 9021 25df E703     		.2byte	0x3e7
 9022 25e1 10       		.byte	0x10
 9023 25e2 22150000 		.4byte	0x1522
 9024 25e6 6E090000 		.4byte	.LLST127
 9025 25ea 6C090000 		.4byte	.LVUS127
 9026 25ee 0F       		.uleb128 0xf
 9027 25ef 27320000 		.4byte	0x3227
 9028 25f3 BA000000 		.4byte	.LBI600
 9029 25f7 0100     		.2byte	.LVU951
 9030 25f9 22020000 		.4byte	.LLRL128
 9031 25fd 01       		.byte	0x1
 9032 25fe 0F04     		.2byte	0x40f
 9033 2600 05       		.byte	0x5
 9034 2601 62260000 		.4byte	0x2662
 9035 2605 02       		.uleb128 0x2
 9036 2606 34320000 		.4byte	0x3234
 9037 260a 7C090000 		.4byte	.LLST129
 9038 260e 78090000 		.4byte	.LVUS129
 9039 2612 02       		.uleb128 0x2
 9040 2613 40320000 		.4byte	0x3240
 9041 2617 97090000 		.4byte	.LLST130
 9042 261b 95090000 		.4byte	.LVUS130
 9043 261f 13       		.uleb128 0x13
 9044 2620 22020000 		.4byte	.LLRL128
ARM GAS  /tmp/cctaqgo8.s 			page 160


 9045 2624 09       		.uleb128 0x9
 9046 2625 4C320000 		.4byte	0x324c
 9047 2629 A9090000 		.4byte	.LLST131
 9048 262d A5090000 		.4byte	.LVUS131
 9049 2631 5D       		.uleb128 0x5d
 9050 2632 4A330000 		.4byte	0x334a
 9051 2636 C4000000 		.4byte	.LBI602
 9052 263a 0100     		.2byte	.LVU960
 9053 263c 34020000 		.4byte	.LLRL132
 9054 2640 01       		.byte	0x1
 9055 2641 A5       		.byte	0xa5
 9056 2642 03       		.byte	0x3
 9057 2643 02       		.uleb128 0x2
 9058 2644 58330000 		.4byte	0x3358
 9059 2648 C7090000 		.4byte	.LLST133
 9060 264c C5090000 		.4byte	.LVUS133
 9061 2650 0E       		.uleb128 0xe
 9062 2651 CE000000 		.4byte	.LVL204
 9063 2655 9C160000 		.4byte	0x169c
 9064 2659 04       		.uleb128 0x4
 9065 265a 01       		.uleb128 0x1
 9066 265b 50       		.byte	0x50
 9067 265c 01       		.uleb128 0x1
 9068 265d 3C       		.byte	0x3c
 9069 265e 00       		.byte	0
 9070 265f 00       		.byte	0
 9071 2660 00       		.byte	0
 9072 2661 00       		.byte	0
 9073 2662 0F       		.uleb128 0xf
 9074 2663 B4310000 		.4byte	0x31b4
 9075 2667 A0000000 		.4byte	.LBI610
 9076 266b 0000     		.2byte	.LVU934
 9077 266d 40020000 		.4byte	.LLRL134
 9078 2671 01       		.byte	0x1
 9079 2672 0E04     		.2byte	0x40e
 9080 2674 1D       		.byte	0x1d
 9081 2675 BA260000 		.4byte	0x26ba
 9082 2679 02       		.uleb128 0x2
 9083 267a D1310000 		.4byte	0x31d1
 9084 267e D3090000 		.4byte	.LLST135
 9085 2682 D1090000 		.4byte	.LVUS135
 9086 2686 02       		.uleb128 0x2
 9087 2687 C5310000 		.4byte	0x31c5
 9088 268b E0090000 		.4byte	.LLST136
 9089 268f DC090000 		.4byte	.LVUS136
 9090 2693 13       		.uleb128 0x13
 9091 2694 40020000 		.4byte	.LLRL134
 9092 2698 09       		.uleb128 0x9
 9093 2699 DD310000 		.4byte	0x31dd
 9094 269d F7090000 		.4byte	.LLST137
 9095 26a1 F1090000 		.4byte	.LVUS137
 9096 26a5 0E       		.uleb128 0xe
 9097 26a6 1A010000 		.4byte	.LVL207
 9098 26aa 8A160000 		.4byte	0x168a
 9099 26ae 04       		.uleb128 0x4
 9100 26af 01       		.uleb128 0x1
 9101 26b0 50       		.byte	0x50
ARM GAS  /tmp/cctaqgo8.s 			page 161


 9102 26b1 05       		.uleb128 0x5
 9103 26b2 03       		.byte	0x3
 9104 26b3 00000000 		.4byte	__func__.1
 9105 26b7 00       		.byte	0
 9106 26b8 00       		.byte	0
 9107 26b9 00       		.byte	0
 9108 26ba 06       		.uleb128 0x6
 9109 26bb 27320000 		.4byte	0x3227
 9110 26bf 2C010000 		.4byte	.LBI620
 9111 26c3 0100     		.2byte	.LVU989
 9112 26c5 2C010000 		.4byte	.LBB620
 9113 26c9 14000000 		.4byte	.LBE620-.LBB620
 9114 26cd 01       		.byte	0x1
 9115 26ce 1804     		.2byte	0x418
 9116 26d0 05       		.byte	0x5
 9117 26d1 02       		.uleb128 0x2
 9118 26d2 34320000 		.4byte	0x3234
 9119 26d6 100A0000 		.4byte	.LLST138
 9120 26da 0E0A0000 		.4byte	.LVUS138
 9121 26de 02       		.uleb128 0x2
 9122 26df 40320000 		.4byte	0x3240
 9123 26e3 1B0A0000 		.4byte	.LLST139
 9124 26e7 190A0000 		.4byte	.LVUS139
 9125 26eb 09       		.uleb128 0x9
 9126 26ec 4C320000 		.4byte	0x324c
 9127 26f0 2B0A0000 		.4byte	.LLST140
 9128 26f4 290A0000 		.4byte	.LVUS140
 9129 26f8 33       		.uleb128 0x33
 9130 26f9 4A330000 		.4byte	0x334a
 9131 26fd 36010000 		.4byte	.LBI622
 9132 2701 0100     		.2byte	.LVU998
 9133 2703 36010000 		.4byte	.LBB622
 9134 2707 0A000000 		.4byte	.LBE622-.LBB622
 9135 270b A5       		.byte	0xa5
 9136 270c 02       		.uleb128 0x2
 9137 270d 58330000 		.4byte	0x3358
 9138 2711 360A0000 		.4byte	.LLST141
 9139 2715 340A0000 		.4byte	.LVUS141
 9140 2719 0E       		.uleb128 0xe
 9141 271a 40010000 		.4byte	.LVL211
 9142 271e 9C160000 		.4byte	0x169c
 9143 2722 04       		.uleb128 0x4
 9144 2723 01       		.uleb128 0x1
 9145 2724 50       		.byte	0x50
 9146 2725 01       		.uleb128 0x1
 9147 2726 3C       		.byte	0x3c
 9148 2727 00       		.byte	0
 9149 2728 00       		.byte	0
 9150 2729 00       		.byte	0
 9151 272a 00       		.byte	0
 9152 272b 15       		.uleb128 0x15
 9153 272c 350C0000 		.4byte	.LASF353
 9154 2730 D703     		.2byte	0x3d7
 9155 2732 06       		.byte	0x6
 9156 2733 00000000 		.4byte	.LFB245
 9157 2737 18000000 		.4byte	.LFE245-.LFB245
 9158 273b 01       		.uleb128 0x1
ARM GAS  /tmp/cctaqgo8.s 			page 162


 9159 273c 9C       		.byte	0x9c
 9160 273d 64270000 		.4byte	0x2764
 9161 2741 34       		.uleb128 0x34
 9162 2742 FF080000 		.4byte	.LASF333
 9163 2746 D703     		.2byte	0x3d7
 9164 2748 25       		.byte	0x25
 9165 2749 720C0000 		.4byte	0xc72
 9166 274d 01       		.uleb128 0x1
 9167 274e 50       		.byte	0x50
 9168 274f 1C       		.uleb128 0x1c
 9169 2750 99120000 		.4byte	.LASF334
 9170 2754 D803     		.2byte	0x3d8
 9171 2756 10       		.byte	0x10
 9172 2757 22150000 		.4byte	0x1522
 9173 275b 420A0000 		.4byte	.LLST122
 9174 275f 400A0000 		.4byte	.LVUS122
 9175 2763 00       		.byte	0
 9176 2764 15       		.uleb128 0x15
 9177 2765 270C0000 		.4byte	.LASF354
 9178 2769 A103     		.2byte	0x3a1
 9179 276b 06       		.byte	0x6
 9180 276c 00000000 		.4byte	.LFB244
 9181 2770 D8000000 		.4byte	.LFE244-.LFB244
 9182 2774 01       		.uleb128 0x1
 9183 2775 9C       		.byte	0x9c
 9184 2776 11290000 		.4byte	0x2911
 9185 277a 24       		.uleb128 0x24
 9186 277b FF080000 		.4byte	.LASF333
 9187 277f A103     		.2byte	0x3a1
 9188 2781 1F       		.byte	0x1f
 9189 2782 720C0000 		.4byte	0xc72
 9190 2786 510A0000 		.4byte	.LLST105
 9191 278a 4B0A0000 		.4byte	.LVUS105
 9192 278e 2D       		.uleb128 0x2d
 9193 278f 6900     		.ascii	"i\000"
 9194 2791 A203     		.2byte	0x3a2
 9195 2793 0C       		.byte	0xc
 9196 2794 2D000000 		.4byte	0x2d
 9197 2798 780A0000 		.4byte	.LLST106
 9198 279c 720A0000 		.4byte	.LVUS106
 9199 27a0 1C       		.uleb128 0x1c
 9200 27a1 99120000 		.4byte	.LASF334
 9201 27a5 A303     		.2byte	0x3a3
 9202 27a7 10       		.byte	0x10
 9203 27a8 22150000 		.4byte	0x1522
 9204 27ac 920A0000 		.4byte	.LLST107
 9205 27b0 900A0000 		.4byte	.LVUS107
 9206 27b4 0F       		.uleb128 0xf
 9207 27b5 27320000 		.4byte	0x3227
 9208 27b9 08000000 		.4byte	.LBI562
 9209 27bd 0000     		.2byte	.LVU761
 9210 27bf EF010000 		.4byte	.LLRL108
 9211 27c3 01       		.byte	0x1
 9212 27c4 A603     		.2byte	0x3a6
 9213 27c6 03       		.byte	0x3
 9214 27c7 2A280000 		.4byte	0x282a
 9215 27cb 02       		.uleb128 0x2
ARM GAS  /tmp/cctaqgo8.s 			page 163


 9216 27cc 34320000 		.4byte	0x3234
 9217 27d0 A00A0000 		.4byte	.LLST109
 9218 27d4 9C0A0000 		.4byte	.LVUS109
 9219 27d8 02       		.uleb128 0x2
 9220 27d9 40320000 		.4byte	0x3240
 9221 27dd B20A0000 		.4byte	.LLST110
 9222 27e1 B00A0000 		.4byte	.LVUS110
 9223 27e5 13       		.uleb128 0x13
 9224 27e6 EF010000 		.4byte	.LLRL108
 9225 27ea 09       		.uleb128 0x9
 9226 27eb 4C320000 		.4byte	0x324c
 9227 27ef BE0A0000 		.4byte	.LLST111
 9228 27f3 BC0A0000 		.4byte	.LVUS111
 9229 27f7 33       		.uleb128 0x33
 9230 27f8 4A330000 		.4byte	0x334a
 9231 27fc 12000000 		.4byte	.LBI564
 9232 2800 0100     		.2byte	.LVU770
 9233 2802 12000000 		.4byte	.LBB564
 9234 2806 06000000 		.4byte	.LBE564-.LBB564
 9235 280a A5       		.byte	0xa5
 9236 280b 02       		.uleb128 0x2
 9237 280c 58330000 		.4byte	0x3358
 9238 2810 C90A0000 		.4byte	.LLST112
 9239 2814 C70A0000 		.4byte	.LVUS112
 9240 2818 0E       		.uleb128 0xe
 9241 2819 18000000 		.4byte	.LVL173
 9242 281d 9C160000 		.4byte	0x169c
 9243 2821 04       		.uleb128 0x4
 9244 2822 01       		.uleb128 0x1
 9245 2823 50       		.byte	0x50
 9246 2824 01       		.uleb128 0x1
 9247 2825 3C       		.byte	0x3c
 9248 2826 00       		.byte	0
 9249 2827 00       		.byte	0
 9250 2828 00       		.byte	0
 9251 2829 00       		.byte	0
 9252 282a 0A       		.uleb128 0xa
 9253 282b 0D320000 		.4byte	0x320d
 9254 282f 50000000 		.4byte	.LBI568
 9255 2833 0100     		.2byte	.LVU798
 9256 2835 50000000 		.4byte	.LBB568
 9257 2839 08000000 		.4byte	.LBE568-.LBB568
 9258 283d 01       		.byte	0x1
 9259 283e B503     		.2byte	0x3b5
 9260 2840 03       		.byte	0x3
 9261 2841 53280000 		.4byte	0x2853
 9262 2845 02       		.uleb128 0x2
 9263 2846 1A320000 		.4byte	0x321a
 9264 284a D50A0000 		.4byte	.LLST113
 9265 284e D30A0000 		.4byte	.LVUS113
 9266 2852 00       		.byte	0
 9267 2853 0F       		.uleb128 0xf
 9268 2854 58320000 		.4byte	0x3258
 9269 2858 5C000000 		.4byte	.LBI570
 9270 285c 0100     		.2byte	.LVU807
 9271 285e FB010000 		.4byte	.LLRL114
 9272 2862 01       		.byte	0x1
ARM GAS  /tmp/cctaqgo8.s 			page 164


 9273 2863 B903     		.2byte	0x3b9
 9274 2865 03       		.byte	0x3
 9275 2866 BC280000 		.4byte	0x28bc
 9276 286a 02       		.uleb128 0x2
 9277 286b 65320000 		.4byte	0x3265
 9278 286f E00A0000 		.4byte	.LLST115
 9279 2873 DE0A0000 		.4byte	.LVUS115
 9280 2877 13       		.uleb128 0x13
 9281 2878 FB010000 		.4byte	.LLRL114
 9282 287c 09       		.uleb128 0x9
 9283 287d 71320000 		.4byte	0x3271
 9284 2881 EB0A0000 		.4byte	.LLST116
 9285 2885 E90A0000 		.4byte	.LVUS116
 9286 2889 33       		.uleb128 0x33
 9287 288a 4A330000 		.4byte	0x334a
 9288 288e 66000000 		.4byte	.LBI572
 9289 2892 0100     		.2byte	.LVU816
 9290 2894 66000000 		.4byte	.LBB572
 9291 2898 06000000 		.4byte	.LBE572-.LBB572
 9292 289c 9B       		.byte	0x9b
 9293 289d 02       		.uleb128 0x2
 9294 289e 58330000 		.4byte	0x3358
 9295 28a2 F60A0000 		.4byte	.LLST117
 9296 28a6 F40A0000 		.4byte	.LVUS117
 9297 28aa 0E       		.uleb128 0xe
 9298 28ab 6C000000 		.4byte	.LVL182
 9299 28af 9C160000 		.4byte	0x169c
 9300 28b3 04       		.uleb128 0x4
 9301 28b4 01       		.uleb128 0x1
 9302 28b5 50       		.byte	0x50
 9303 28b6 01       		.uleb128 0x1
 9304 28b7 3C       		.byte	0x3c
 9305 28b8 00       		.byte	0
 9306 28b9 00       		.byte	0
 9307 28ba 00       		.byte	0
 9308 28bb 00       		.byte	0
 9309 28bc 16       		.uleb128 0x16
 9310 28bd B4310000 		.4byte	0x31b4
 9311 28c1 B0000000 		.4byte	.LBI576
 9312 28c5 0100     		.2byte	.LVU850
 9313 28c7 07020000 		.4byte	.LLRL118
 9314 28cb 01       		.byte	0x1
 9315 28cc CC03     		.2byte	0x3cc
 9316 28ce 14       		.byte	0x14
 9317 28cf 02       		.uleb128 0x2
 9318 28d0 D1310000 		.4byte	0x31d1
 9319 28d4 040B0000 		.4byte	.LLST119
 9320 28d8 000B0000 		.4byte	.LVUS119
 9321 28dc 02       		.uleb128 0x2
 9322 28dd C5310000 		.4byte	0x31c5
 9323 28e1 1A0B0000 		.4byte	.LLST120
 9324 28e5 160B0000 		.4byte	.LVUS120
 9325 28e9 13       		.uleb128 0x13
 9326 28ea 07020000 		.4byte	.LLRL118
 9327 28ee 09       		.uleb128 0x9
 9328 28ef DD310000 		.4byte	0x31dd
 9329 28f3 300B0000 		.4byte	.LLST121
ARM GAS  /tmp/cctaqgo8.s 			page 165


 9330 28f7 2A0B0000 		.4byte	.LVUS121
 9331 28fb 0E       		.uleb128 0xe
 9332 28fc C6000000 		.4byte	.LVL187
 9333 2900 8A160000 		.4byte	0x168a
 9334 2904 04       		.uleb128 0x4
 9335 2905 01       		.uleb128 0x1
 9336 2906 50       		.byte	0x50
 9337 2907 05       		.uleb128 0x5
 9338 2908 03       		.byte	0x3
 9339 2909 00000000 		.4byte	__func__.1
 9340 290d 00       		.byte	0
 9341 290e 00       		.byte	0
 9342 290f 00       		.byte	0
 9343 2910 00       		.byte	0
 9344 2911 15       		.uleb128 0x15
 9345 2912 E1020000 		.4byte	.LASF355
 9346 2916 7A03     		.2byte	0x37a
 9347 2918 06       		.byte	0x6
 9348 2919 00000000 		.4byte	.LFB243
 9349 291d 40000000 		.4byte	.LFE243-.LFB243
 9350 2921 01       		.uleb128 0x1
 9351 2922 9C       		.byte	0x9c
 9352 2923 76290000 		.4byte	0x2976
 9353 2927 24       		.uleb128 0x24
 9354 2928 FF080000 		.4byte	.LASF333
 9355 292c 7A03     		.2byte	0x37a
 9356 292e 1E       		.byte	0x1e
 9357 292f 720C0000 		.4byte	0xc72
 9358 2933 4D0B0000 		.4byte	.LLST103
 9359 2937 470B0000 		.4byte	.LVUS103
 9360 293b 1C       		.uleb128 0x1c
 9361 293c 99120000 		.4byte	.LASF334
 9362 2940 7B03     		.2byte	0x37b
 9363 2942 10       		.byte	0x10
 9364 2943 22150000 		.4byte	0x1522
 9365 2947 6D0B0000 		.4byte	.LLST104
 9366 294b 6B0B0000 		.4byte	.LVUS104
 9367 294f 19       		.uleb128 0x19
 9368 2950 14000000 		.4byte	.LVL164
 9369 2954 53340000 		.4byte	0x3453
 9370 2958 65290000 		.4byte	0x2965
 9371 295c 22       		.uleb128 0x22
 9372 295d 8A320000 		.4byte	0x328a
 9373 2961 02       		.uleb128 0x2
 9374 2962 74       		.byte	0x74
 9375 2963 00       		.sleb128 0
 9376 2964 00       		.byte	0
 9377 2965 0E       		.uleb128 0xe
 9378 2966 2C000000 		.4byte	.LVL166
 9379 296a 62160000 		.4byte	0x1662
 9380 296e 04       		.uleb128 0x4
 9381 296f 01       		.uleb128 0x1
 9382 2970 50       		.byte	0x50
 9383 2971 02       		.uleb128 0x2
 9384 2972 08       		.byte	0x8
 9385 2973 43       		.byte	0x43
 9386 2974 00       		.byte	0
ARM GAS  /tmp/cctaqgo8.s 			page 166


 9387 2975 00       		.byte	0
 9388 2976 15       		.uleb128 0x15
 9389 2977 F1100000 		.4byte	.LASF356
 9390 297b 1703     		.2byte	0x317
 9391 297d 06       		.byte	0x6
 9392 297e 00000000 		.4byte	.LFB242
 9393 2982 F8000000 		.4byte	.LFE242-.LFB242
 9394 2986 01       		.uleb128 0x1
 9395 2987 9C       		.byte	0x9c
 9396 2988 132B0000 		.4byte	0x2b13
 9397 298c 24       		.uleb128 0x24
 9398 298d FF080000 		.4byte	.LASF333
 9399 2991 1703     		.2byte	0x317
 9400 2993 1F       		.byte	0x1f
 9401 2994 720C0000 		.4byte	0xc72
 9402 2998 7E0B0000 		.4byte	.LLST93
 9403 299c 760B0000 		.4byte	.LVUS93
 9404 29a0 1C       		.uleb128 0x1c
 9405 29a1 99120000 		.4byte	.LASF334
 9406 29a5 1803     		.2byte	0x318
 9407 29a7 10       		.byte	0x10
 9408 29a8 22150000 		.4byte	0x1522
 9409 29ac A30B0000 		.4byte	.LLST94
 9410 29b0 9D0B0000 		.4byte	.LVUS94
 9411 29b4 0F       		.uleb128 0xf
 9412 29b5 AB320000 		.4byte	0x32ab
 9413 29b9 32000000 		.4byte	.LBI530
 9414 29bd 0100     		.2byte	.LVU646
 9415 29bf C8010000 		.4byte	.LLRL95
 9416 29c3 01       		.byte	0x1
 9417 29c4 4E03     		.2byte	0x34e
 9418 29c6 05       		.byte	0x5
 9419 29c7 512A0000 		.4byte	0x2a51
 9420 29cb 02       		.uleb128 0x2
 9421 29cc B8320000 		.4byte	0x32b8
 9422 29d0 C40B0000 		.4byte	.LLST96
 9423 29d4 C20B0000 		.4byte	.LVUS96
 9424 29d8 13       		.uleb128 0x13
 9425 29d9 C8010000 		.4byte	.LLRL95
 9426 29dd 09       		.uleb128 0x9
 9427 29de C4320000 		.4byte	0x32c4
 9428 29e2 CF0B0000 		.4byte	.LLST97
 9429 29e6 CD0B0000 		.4byte	.LVUS97
 9430 29ea 5E       		.uleb128 0x5e
 9431 29eb 4A330000 		.4byte	0x334a
 9432 29ef 32000000 		.4byte	.LBI532
 9433 29f3 0400     		.2byte	.LVU649
 9434 29f5 D4010000 		.4byte	.LLRL98
 9435 29f9 01       		.byte	0x1
 9436 29fa 76       		.byte	0x76
 9437 29fb 03       		.byte	0x3
 9438 29fc 1E2A0000 		.4byte	0x2a1e
 9439 2a00 02       		.uleb128 0x2
 9440 2a01 58330000 		.4byte	0x3358
 9441 2a05 DC0B0000 		.4byte	.LLST99
 9442 2a09 DA0B0000 		.4byte	.LVUS99
 9443 2a0d 0E       		.uleb128 0xe
ARM GAS  /tmp/cctaqgo8.s 			page 167


 9444 2a0e 36000000 		.4byte	.LVL144
 9445 2a12 9C160000 		.4byte	0x169c
 9446 2a16 04       		.uleb128 0x4
 9447 2a17 01       		.uleb128 0x1
 9448 2a18 50       		.byte	0x50
 9449 2a19 02       		.uleb128 0x2
 9450 2a1a 08       		.byte	0x8
 9451 2a1b 20       		.byte	0x20
 9452 2a1c 00       		.byte	0
 9453 2a1d 00       		.byte	0
 9454 2a1e 33       		.uleb128 0x33
 9455 2a1f 4A330000 		.4byte	0x334a
 9456 2a23 40000000 		.4byte	.LBI536
 9457 2a27 0100     		.2byte	.LVU659
 9458 2a29 40000000 		.4byte	.LBB536
 9459 2a2d 06000000 		.4byte	.LBE536-.LBB536
 9460 2a31 7D       		.byte	0x7d
 9461 2a32 02       		.uleb128 0x2
 9462 2a33 58330000 		.4byte	0x3358
 9463 2a37 E90B0000 		.4byte	.LLST100
 9464 2a3b E70B0000 		.4byte	.LVUS100
 9465 2a3f 0E       		.uleb128 0xe
 9466 2a40 46000000 		.4byte	.LVL146
 9467 2a44 9C160000 		.4byte	0x169c
 9468 2a48 04       		.uleb128 0x4
 9469 2a49 01       		.uleb128 0x1
 9470 2a4a 50       		.byte	0x50
 9471 2a4b 01       		.uleb128 0x1
 9472 2a4c 3C       		.byte	0x3c
 9473 2a4d 00       		.byte	0
 9474 2a4e 00       		.byte	0
 9475 2a4f 00       		.byte	0
 9476 2a50 00       		.byte	0
 9477 2a51 0F       		.uleb128 0xf
 9478 2a52 A0330000 		.4byte	0x33a0
 9479 2a56 C4000000 		.4byte	.LBI540
 9480 2a5a 0100     		.2byte	.LVU710
 9481 2a5c E0010000 		.4byte	.LLRL101
 9482 2a60 01       		.byte	0x1
 9483 2a61 6903     		.2byte	0x369
 9484 2a63 07       		.byte	0x7
 9485 2a64 A32A0000 		.4byte	0x2aa3
 9486 2a68 02       		.uleb128 0x2
 9487 2a69 B1330000 		.4byte	0x33b1
 9488 2a6d FB0B0000 		.4byte	.LLST102
 9489 2a71 F30B0000 		.4byte	.LVUS102
 9490 2a75 13       		.uleb128 0x13
 9491 2a76 E0010000 		.4byte	.LLRL101
 9492 2a7a 19       		.uleb128 0x19
 9493 2a7b D2000000 		.4byte	.LVL156
 9494 2a7f 73160000 		.4byte	0x1673
 9495 2a83 8E2A0000 		.4byte	0x2a8e
 9496 2a87 04       		.uleb128 0x4
 9497 2a88 01       		.uleb128 0x1
 9498 2a89 50       		.byte	0x50
 9499 2a8a 02       		.uleb128 0x2
 9500 2a8b 74       		.byte	0x74
ARM GAS  /tmp/cctaqgo8.s 			page 168


 9501 2a8c 00       		.sleb128 0
 9502 2a8d 00       		.byte	0
 9503 2a8e 0E       		.uleb128 0xe
 9504 2a8f DE000000 		.4byte	.LVL160
 9505 2a93 8A160000 		.4byte	0x168a
 9506 2a97 04       		.uleb128 0x4
 9507 2a98 01       		.uleb128 0x1
 9508 2a99 50       		.byte	0x50
 9509 2a9a 05       		.uleb128 0x5
 9510 2a9b 03       		.byte	0x3
 9511 2a9c 00000000 		.4byte	__func__.2
 9512 2aa0 00       		.byte	0
 9513 2aa1 00       		.byte	0
 9514 2aa2 00       		.byte	0
 9515 2aa3 19       		.uleb128 0x19
 9516 2aa4 58000000 		.4byte	.LVL148
 9517 2aa8 53340000 		.4byte	0x3453
 9518 2aac BF2A0000 		.4byte	0x2abf
 9519 2ab0 04       		.uleb128 0x4
 9520 2ab1 01       		.uleb128 0x1
 9521 2ab2 50       		.byte	0x50
 9522 2ab3 02       		.uleb128 0x2
 9523 2ab4 70       		.byte	0x70
 9524 2ab5 00       		.sleb128 0
 9525 2ab6 22       		.uleb128 0x22
 9526 2ab7 8A320000 		.4byte	0x328a
 9527 2abb 02       		.uleb128 0x2
 9528 2abc 75       		.byte	0x75
 9529 2abd 00       		.sleb128 0
 9530 2abe 00       		.byte	0
 9531 2abf 19       		.uleb128 0x19
 9532 2ac0 AC000000 		.4byte	.LVL152
 9533 2ac4 E0160000 		.4byte	0x16e0
 9534 2ac8 D82A0000 		.4byte	0x2ad8
 9535 2acc 04       		.uleb128 0x4
 9536 2acd 01       		.uleb128 0x1
 9537 2ace 50       		.byte	0x50
 9538 2acf 02       		.uleb128 0x2
 9539 2ad0 08       		.byte	0x8
 9540 2ad1 43       		.byte	0x43
 9541 2ad2 04       		.uleb128 0x4
 9542 2ad3 01       		.uleb128 0x1
 9543 2ad4 51       		.byte	0x51
 9544 2ad5 01       		.uleb128 0x1
 9545 2ad6 3E       		.byte	0x3e
 9546 2ad7 00       		.byte	0
 9547 2ad8 19       		.uleb128 0x19
 9548 2ad9 C2000000 		.4byte	.LVL153
 9549 2add B6160000 		.4byte	0x16b6
 9550 2ae1 092B0000 		.4byte	0x2b09
 9551 2ae5 04       		.uleb128 0x4
 9552 2ae6 01       		.uleb128 0x1
 9553 2ae7 50       		.byte	0x50
 9554 2ae8 03       		.uleb128 0x3
 9555 2ae9 75       		.byte	0x75
 9556 2aea E800     		.sleb128 104
 9557 2aec 04       		.uleb128 0x4
ARM GAS  /tmp/cctaqgo8.s 			page 169


 9558 2aed 01       		.uleb128 0x1
 9559 2aee 51       		.byte	0x51
 9560 2aef 03       		.uleb128 0x3
 9561 2af0 0A       		.byte	0xa
 9562 2af1 B801     		.2byte	0x1b8
 9563 2af3 04       		.uleb128 0x4
 9564 2af4 01       		.uleb128 0x1
 9565 2af5 52       		.byte	0x52
 9566 2af6 01       		.uleb128 0x1
 9567 2af7 32       		.byte	0x32
 9568 2af8 04       		.uleb128 0x4
 9569 2af9 01       		.uleb128 0x1
 9570 2afa 53       		.byte	0x53
 9571 2afb 05       		.uleb128 0x5
 9572 2afc 03       		.byte	0x3
 9573 2afd 00000000 		.4byte	usb_lld_pump
 9574 2b01 04       		.uleb128 0x4
 9575 2b02 02       		.uleb128 0x2
 9576 2b03 7D       		.byte	0x7d
 9577 2b04 00       		.sleb128 0
 9578 2b05 02       		.uleb128 0x2
 9579 2b06 75       		.byte	0x75
 9580 2b07 00       		.sleb128 0
 9581 2b08 00       		.byte	0
 9582 2b09 0C       		.uleb128 0xc
 9583 2b0a D6000000 		.4byte	.LVL157
 9584 2b0e AE160000 		.4byte	0x16ae
 9585 2b12 00       		.byte	0
 9586 2b13 15       		.uleb128 0x15
 9587 2b14 2A0B0000 		.4byte	.LASF357
 9588 2b18 D902     		.2byte	0x2d9
 9589 2b1a 06       		.byte	0x6
 9590 2b1b 00000000 		.4byte	.LFB241
 9591 2b1f 28000000 		.4byte	.LFE241-.LFB241
 9592 2b23 01       		.uleb128 0x1
 9593 2b24 9C       		.byte	0x9c
 9594 2b25 3A2B0000 		.4byte	0x2b3a
 9595 2b29 0E       		.uleb128 0xe
 9596 2b2a 0A000000 		.4byte	.LVL140
 9597 2b2e F6160000 		.4byte	0x16f6
 9598 2b32 04       		.uleb128 0x4
 9599 2b33 01       		.uleb128 0x1
 9600 2b34 50       		.byte	0x50
 9601 2b35 02       		.uleb128 0x2
 9602 2b36 74       		.byte	0x74
 9603 2b37 00       		.sleb128 0
 9604 2b38 00       		.byte	0
 9605 2b39 00       		.byte	0
 9606 2b3a 15       		.uleb128 0x15
 9607 2b3b 410B0000 		.4byte	.LASF358
 9608 2b3f B302     		.2byte	0x2b3
 9609 2b41 01       		.byte	0x1
 9610 2b42 00000000 		.4byte	.LFB240
 9611 2b46 0C010000 		.4byte	.LFE240-.LFB240
 9612 2b4a 01       		.uleb128 0x1
 9613 2b4b 9C       		.byte	0x9c
 9614 2b4c 7E2E0000 		.4byte	0x2e7e
ARM GAS  /tmp/cctaqgo8.s 			page 170


 9615 2b50 0F       		.uleb128 0xf
 9616 2b51 7E2E0000 		.4byte	0x2e7e
 9617 2b55 08000000 		.4byte	.LBI812
 9618 2b59 0100     		.2byte	.LVU1325
 9619 2b5b 97020000 		.4byte	.LLRL185
 9620 2b5f 01       		.byte	0x1
 9621 2b60 B702     		.2byte	0x2b7
 9622 2b62 03       		.byte	0x3
 9623 2b63 3E2E0000 		.4byte	0x2e3e
 9624 2b67 02       		.uleb128 0x2
 9625 2b68 8C2E0000 		.4byte	0x2e8c
 9626 2b6c 1D0C0000 		.4byte	.LLST186
 9627 2b70 150C0000 		.4byte	.LVUS186
 9628 2b74 13       		.uleb128 0x13
 9629 2b75 97020000 		.4byte	.LLRL185
 9630 2b79 09       		.uleb128 0x9
 9631 2b7a 992E0000 		.4byte	0x2e99
 9632 2b7e 560C0000 		.4byte	.LLST187
 9633 2b82 500C0000 		.4byte	.LVUS187
 9634 2b86 09       		.uleb128 0x9
 9635 2b87 A52E0000 		.4byte	0x2ea5
 9636 2b8b 780C0000 		.4byte	.LLST188
 9637 2b8f 6E0C0000 		.4byte	.LVUS188
 9638 2b93 09       		.uleb128 0x9
 9639 2b94 B12E0000 		.4byte	0x2eb1
 9640 2b98 A50C0000 		.4byte	.LLST189
 9641 2b9c 9F0C0000 		.4byte	.LVUS189
 9642 2ba0 0A       		.uleb128 0xa
 9643 2ba1 6E330000 		.4byte	0x336e
 9644 2ba5 68000000 		.4byte	.LBI814
 9645 2ba9 0100     		.2byte	.LVU1381
 9646 2bab 68000000 		.4byte	.LBB814
 9647 2baf 0A000000 		.4byte	.LBE814-.LBB814
 9648 2bb3 01       		.byte	0x1
 9649 2bb4 7C02     		.2byte	0x27c
 9650 2bb6 05       		.byte	0x5
 9651 2bb7 362C0000 		.4byte	0x2c36
 9652 2bbb 06       		.uleb128 0x6
 9653 2bbc E9330000 		.4byte	0x33e9
 9654 2bc0 68000000 		.4byte	.LBI815
 9655 2bc4 0300     		.2byte	.LVU1383
 9656 2bc6 68000000 		.4byte	.LBB815
 9657 2bca 0A000000 		.4byte	.LBE815-.LBB815
 9658 2bce 03       		.byte	0x3
 9659 2bcf 0302     		.2byte	0x203
 9660 2bd1 03       		.byte	0x3
 9661 2bd2 0A       		.uleb128 0xa
 9662 2bd3 1F340000 		.4byte	0x341f
 9663 2bd7 68000000 		.4byte	.LBI817
 9664 2bdb 0500     		.2byte	.LVU1385
 9665 2bdd 68000000 		.4byte	.LBB817
 9666 2be1 06000000 		.4byte	.LBE817-.LBB817
 9667 2be5 04       		.byte	0x4
 9668 2be6 8401     		.2byte	0x184
 9669 2be8 03       		.byte	0x3
 9670 2be9 2B2C0000 		.4byte	0x2c2b
 9671 2bed 06       		.uleb128 0x6
ARM GAS  /tmp/cctaqgo8.s 			page 171


 9672 2bee 2F340000 		.4byte	0x342f
 9673 2bf2 68000000 		.4byte	.LBI818
 9674 2bf6 0700     		.2byte	.LVU1387
 9675 2bf8 68000000 		.4byte	.LBB818
 9676 2bfc 06000000 		.4byte	.LBE818-.LBB818
 9677 2c00 05       		.byte	0x5
 9678 2c01 DB01     		.2byte	0x1db
 9679 2c03 03       		.byte	0x3
 9680 2c04 06       		.uleb128 0x6
 9681 2c05 37340000 		.4byte	0x3437
 9682 2c09 68000000 		.4byte	.LBI819
 9683 2c0d 0900     		.2byte	.LVU1389
 9684 2c0f 68000000 		.4byte	.LBB819
 9685 2c13 06000000 		.4byte	.LBE819-.LBB819
 9686 2c17 05       		.byte	0x5
 9687 2c18 BF01     		.2byte	0x1bf
 9688 2c1a 03       		.byte	0x3
 9689 2c1b 02       		.uleb128 0x2
 9690 2c1c 45340000 		.4byte	0x3445
 9691 2c20 BF0C0000 		.4byte	.LLST190
 9692 2c24 BD0C0000 		.4byte	.LVUS190
 9693 2c28 00       		.byte	0
 9694 2c29 00       		.byte	0
 9695 2c2a 00       		.byte	0
 9696 2c2b 0C       		.uleb128 0xc
 9697 2c2c 72000000 		.4byte	.LVL299
 9698 2c30 24170000 		.4byte	0x1724
 9699 2c34 00       		.byte	0
 9700 2c35 00       		.byte	0
 9701 2c36 0F       		.uleb128 0xf
 9702 2c37 F9320000 		.4byte	0x32f9
 9703 2c3b 7C000000 		.4byte	.LBI821
 9704 2c3f 0100     		.2byte	.LVU1399
 9705 2c41 B1020000 		.4byte	.LLRL191
 9706 2c45 01       		.byte	0x1
 9707 2c46 7E02     		.2byte	0x27e
 9708 2c48 05       		.byte	0x5
 9709 2c49 802C0000 		.4byte	0x2c80
 9710 2c4d 02       		.uleb128 0x2
 9711 2c4e 14330000 		.4byte	0x3314
 9712 2c52 CC0C0000 		.4byte	.LLST192
 9713 2c56 CA0C0000 		.4byte	.LVUS192
 9714 2c5a 02       		.uleb128 0x2
 9715 2c5b 07330000 		.4byte	0x3307
 9716 2c5f DA0C0000 		.4byte	.LLST193
 9717 2c63 D60C0000 		.4byte	.LVUS193
 9718 2c67 0E       		.uleb128 0xe
 9719 2c68 82000000 		.4byte	.LVL301
 9720 2c6c 0E170000 		.4byte	0x170e
 9721 2c70 04       		.uleb128 0x4
 9722 2c71 01       		.uleb128 0x1
 9723 2c72 50       		.byte	0x50
 9724 2c73 05       		.uleb128 0x5
 9725 2c74 03       		.byte	0x3
 9726 2c75 60000000 		.4byte	USBD1+96
 9727 2c79 04       		.uleb128 0x4
 9728 2c7a 01       		.uleb128 0x1
ARM GAS  /tmp/cctaqgo8.s 			page 172


 9729 2c7b 51       		.byte	0x51
 9730 2c7c 01       		.uleb128 0x1
 9731 2c7d 30       		.byte	0x30
 9732 2c7e 00       		.byte	0
 9733 2c7f 00       		.byte	0
 9734 2c80 0A       		.uleb128 0xa
 9735 2c81 66330000 		.4byte	0x3366
 9736 2c85 82000000 		.4byte	.LBI825
 9737 2c89 0200     		.2byte	.LVU1403
 9738 2c8b 82000000 		.4byte	.LBB825
 9739 2c8f 0C000000 		.4byte	.LBE825-.LBB825
 9740 2c93 01       		.byte	0x1
 9741 2c94 7F02     		.2byte	0x27f
 9742 2c96 05       		.byte	0x5
 9743 2c97 162D0000 		.4byte	0x2d16
 9744 2c9b 06       		.uleb128 0x6
 9745 2c9c E1330000 		.4byte	0x33e1
 9746 2ca0 82000000 		.4byte	.LBI827
 9747 2ca4 0400     		.2byte	.LVU1405
 9748 2ca6 82000000 		.4byte	.LBB827
 9749 2caa 0A000000 		.4byte	.LBE827-.LBB827
 9750 2cae 03       		.byte	0x3
 9751 2caf 0E02     		.2byte	0x20e
 9752 2cb1 03       		.byte	0x3
 9753 2cb2 0A       		.uleb128 0xa
 9754 2cb3 17340000 		.4byte	0x3417
 9755 2cb7 86000000 		.4byte	.LBI829
 9756 2cbb 0200     		.2byte	.LVU1409
 9757 2cbd 86000000 		.4byte	.LBB829
 9758 2cc1 06000000 		.4byte	.LBE829-.LBB829
 9759 2cc5 04       		.byte	0x4
 9760 2cc6 9A01     		.2byte	0x19a
 9761 2cc8 03       		.byte	0x3
 9762 2cc9 0B2D0000 		.4byte	0x2d0b
 9763 2ccd 06       		.uleb128 0x6
 9764 2cce 27340000 		.4byte	0x3427
 9765 2cd2 86000000 		.4byte	.LBI830
 9766 2cd6 0400     		.2byte	.LVU1411
 9767 2cd8 86000000 		.4byte	.LBB830
 9768 2cdc 06000000 		.4byte	.LBE830-.LBB830
 9769 2ce0 05       		.byte	0x5
 9770 2ce1 E601     		.2byte	0x1e6
 9771 2ce3 03       		.byte	0x3
 9772 2ce4 06       		.uleb128 0x6
 9773 2ce5 37340000 		.4byte	0x3437
 9774 2ce9 86000000 		.4byte	.LBI831
 9775 2ced 0600     		.2byte	.LVU1413
 9776 2cef 86000000 		.4byte	.LBB831
 9777 2cf3 06000000 		.4byte	.LBE831-.LBB831
 9778 2cf7 05       		.byte	0x5
 9779 2cf8 CD01     		.2byte	0x1cd
 9780 2cfa 03       		.byte	0x3
 9781 2cfb 02       		.uleb128 0x2
 9782 2cfc 45340000 		.4byte	0x3445
 9783 2d00 F10C0000 		.4byte	.LLST194
 9784 2d04 EF0C0000 		.4byte	.LVUS194
 9785 2d08 00       		.byte	0
ARM GAS  /tmp/cctaqgo8.s 			page 173


 9786 2d09 00       		.byte	0
 9787 2d0a 00       		.byte	0
 9788 2d0b 0C       		.uleb128 0xc
 9789 2d0c 86000000 		.4byte	.LVL302
 9790 2d10 08170000 		.4byte	0x1708
 9791 2d14 00       		.byte	0
 9792 2d15 00       		.byte	0
 9793 2d16 4F       		.uleb128 0x4f
 9794 2d17 2C000000 		.4byte	.LVL291
 9795 2d1b 262D0000 		.4byte	0x2d26
 9796 2d1f 04       		.uleb128 0x4
 9797 2d20 01       		.uleb128 0x1
 9798 2d21 50       		.byte	0x50
 9799 2d22 02       		.uleb128 0x2
 9800 2d23 75       		.byte	0x75
 9801 2d24 00       		.sleb128 0
 9802 2d25 00       		.byte	0
 9803 2d26 19       		.uleb128 0x19
 9804 2d27 98000000 		.4byte	.LVL305
 9805 2d2b 2A170000 		.4byte	0x172a
 9806 2d2f 3A2D0000 		.4byte	0x2d3a
 9807 2d33 04       		.uleb128 0x4
 9808 2d34 01       		.uleb128 0x1
 9809 2d35 50       		.byte	0x50
 9810 2d36 02       		.uleb128 0x2
 9811 2d37 75       		.byte	0x75
 9812 2d38 00       		.sleb128 0
 9813 2d39 00       		.byte	0
 9814 2d3a 4F       		.uleb128 0x4f
 9815 2d3b A6000000 		.4byte	.LVL306
 9816 2d3f 502D0000 		.4byte	0x2d50
 9817 2d43 04       		.uleb128 0x4
 9818 2d44 01       		.uleb128 0x1
 9819 2d45 50       		.byte	0x50
 9820 2d46 02       		.uleb128 0x2
 9821 2d47 75       		.byte	0x75
 9822 2d48 00       		.sleb128 0
 9823 2d49 04       		.uleb128 0x4
 9824 2d4a 01       		.uleb128 0x1
 9825 2d4b 51       		.byte	0x51
 9826 2d4c 02       		.uleb128 0x2
 9827 2d4d 74       		.byte	0x74
 9828 2d4e 00       		.sleb128 0
 9829 2d4f 00       		.byte	0
 9830 2d50 19       		.uleb128 0x19
 9831 2d51 B8000000 		.4byte	.LVL309
 9832 2d55 9A360000 		.4byte	0x369a
 9833 2d59 6E2D0000 		.4byte	0x2d6e
 9834 2d5d 04       		.uleb128 0x4
 9835 2d5e 01       		.uleb128 0x1
 9836 2d5f 50       		.byte	0x50
 9837 2d60 01       		.uleb128 0x1
 9838 2d61 33       		.byte	0x33
 9839 2d62 22       		.uleb128 0x22
 9840 2d63 1A2F0000 		.4byte	0x2f1a
 9841 2d67 05       		.uleb128 0x5
 9842 2d68 03       		.byte	0x3
ARM GAS  /tmp/cctaqgo8.s 			page 174


 9843 2d69 00000000 		.4byte	USBD1
 9844 2d6d 00       		.byte	0
 9845 2d6e 19       		.uleb128 0x19
 9846 2d6f C4000000 		.4byte	.LVL311
 9847 2d73 8E340000 		.4byte	0x348e
 9848 2d77 8C2D0000 		.4byte	0x2d8c
 9849 2d7b 04       		.uleb128 0x4
 9850 2d7c 01       		.uleb128 0x1
 9851 2d7d 50       		.byte	0x50
 9852 2d7e 01       		.uleb128 0x1
 9853 2d7f 33       		.byte	0x33
 9854 2d80 22       		.uleb128 0x22
 9855 2d81 CC2E0000 		.4byte	0x2ecc
 9856 2d85 05       		.uleb128 0x5
 9857 2d86 03       		.byte	0x3
 9858 2d87 00000000 		.4byte	USBD1
 9859 2d8b 00       		.byte	0
 9860 2d8c 19       		.uleb128 0x19
 9861 2d8d D6000000 		.4byte	.LVL314
 9862 2d91 9A360000 		.4byte	0x369a
 9863 2d95 AA2D0000 		.4byte	0x2daa
 9864 2d99 04       		.uleb128 0x4
 9865 2d9a 01       		.uleb128 0x1
 9866 2d9b 50       		.byte	0x50
 9867 2d9c 01       		.uleb128 0x1
 9868 2d9d 31       		.byte	0x31
 9869 2d9e 22       		.uleb128 0x22
 9870 2d9f 1A2F0000 		.4byte	0x2f1a
 9871 2da3 05       		.uleb128 0x5
 9872 2da4 03       		.byte	0x3
 9873 2da5 00000000 		.4byte	USBD1
 9874 2da9 00       		.byte	0
 9875 2daa 19       		.uleb128 0x19
 9876 2dab E0000000 		.4byte	.LVL315
 9877 2daf 9A360000 		.4byte	0x369a
 9878 2db3 C82D0000 		.4byte	0x2dc8
 9879 2db7 04       		.uleb128 0x4
 9880 2db8 01       		.uleb128 0x1
 9881 2db9 50       		.byte	0x50
 9882 2dba 01       		.uleb128 0x1
 9883 2dbb 32       		.byte	0x32
 9884 2dbc 22       		.uleb128 0x22
 9885 2dbd 1A2F0000 		.4byte	0x2f1a
 9886 2dc1 05       		.uleb128 0x5
 9887 2dc2 03       		.byte	0x3
 9888 2dc3 00000000 		.4byte	USBD1
 9889 2dc7 00       		.byte	0
 9890 2dc8 19       		.uleb128 0x19
 9891 2dc9 E8000000 		.4byte	.LVL316
 9892 2dcd 9A360000 		.4byte	0x369a
 9893 2dd1 E62D0000 		.4byte	0x2de6
 9894 2dd5 04       		.uleb128 0x4
 9895 2dd6 01       		.uleb128 0x1
 9896 2dd7 50       		.byte	0x50
 9897 2dd8 01       		.uleb128 0x1
 9898 2dd9 30       		.byte	0x30
 9899 2dda 22       		.uleb128 0x22
ARM GAS  /tmp/cctaqgo8.s 			page 175


 9900 2ddb 1A2F0000 		.4byte	0x2f1a
 9901 2ddf 05       		.uleb128 0x5
 9902 2de0 03       		.byte	0x3
 9903 2de1 00000000 		.4byte	USBD1
 9904 2de5 00       		.byte	0
 9905 2de6 19       		.uleb128 0x19
 9906 2de7 F0000000 		.4byte	.LVL318
 9907 2deb 8E340000 		.4byte	0x348e
 9908 2def 042E0000 		.4byte	0x2e04
 9909 2df3 04       		.uleb128 0x4
 9910 2df4 01       		.uleb128 0x1
 9911 2df5 50       		.byte	0x50
 9912 2df6 01       		.uleb128 0x1
 9913 2df7 32       		.byte	0x32
 9914 2df8 22       		.uleb128 0x22
 9915 2df9 CC2E0000 		.4byte	0x2ecc
 9916 2dfd 05       		.uleb128 0x5
 9917 2dfe 03       		.byte	0x3
 9918 2dff 00000000 		.4byte	USBD1
 9919 2e03 00       		.byte	0
 9920 2e04 19       		.uleb128 0x19
 9921 2e05 F8000000 		.4byte	.LVL319
 9922 2e09 8E340000 		.4byte	0x348e
 9923 2e0d 222E0000 		.4byte	0x2e22
 9924 2e11 04       		.uleb128 0x4
 9925 2e12 01       		.uleb128 0x1
 9926 2e13 50       		.byte	0x50
 9927 2e14 01       		.uleb128 0x1
 9928 2e15 31       		.byte	0x31
 9929 2e16 22       		.uleb128 0x22
 9930 2e17 CC2E0000 		.4byte	0x2ecc
 9931 2e1b 05       		.uleb128 0x5
 9932 2e1c 03       		.byte	0x3
 9933 2e1d 00000000 		.4byte	USBD1
 9934 2e21 00       		.byte	0
 9935 2e22 0E       		.uleb128 0xe
 9936 2e23 00010000 		.4byte	.LVL320
 9937 2e27 8E340000 		.4byte	0x348e
 9938 2e2b 04       		.uleb128 0x4
 9939 2e2c 01       		.uleb128 0x1
 9940 2e2d 50       		.byte	0x50
 9941 2e2e 01       		.uleb128 0x1
 9942 2e2f 30       		.byte	0x30
 9943 2e30 22       		.uleb128 0x22
 9944 2e31 CC2E0000 		.4byte	0x2ecc
 9945 2e35 05       		.uleb128 0x5
 9946 2e36 03       		.byte	0x3
 9947 2e37 00000000 		.4byte	USBD1
 9948 2e3b 00       		.byte	0
 9949 2e3c 00       		.byte	0
 9950 2e3d 00       		.byte	0
 9951 2e3e 0C       		.uleb128 0xc
 9952 2e3f 08000000 		.4byte	.LVL287
 9953 2e43 4A170000 		.4byte	0x174a
 9954 2e47 0C       		.uleb128 0xc
 9955 2e48 60000000 		.4byte	.LVL296
 9956 2e4c 44170000 		.4byte	0x1744
ARM GAS  /tmp/cctaqgo8.s 			page 176


 9957 2e50 41       		.uleb128 0x41
 9958 2e51 68000000 		.4byte	.LVL297
 9959 2e55 3C170000 		.4byte	0x173c
 9960 2e59 0C       		.uleb128 0xc
 9961 2e5a AA000000 		.4byte	.LVL307
 9962 2e5e 44170000 		.4byte	0x1744
 9963 2e62 41       		.uleb128 0x41
 9964 2e63 B2000000 		.4byte	.LVL308
 9965 2e67 3C170000 		.4byte	0x173c
 9966 2e6b 0C       		.uleb128 0xc
 9967 2e6c C8000000 		.4byte	.LVL312
 9968 2e70 44170000 		.4byte	0x1744
 9969 2e74 41       		.uleb128 0x41
 9970 2e75 D0000000 		.4byte	.LVL313
 9971 2e79 3C170000 		.4byte	0x173c
 9972 2e7d 00       		.byte	0
 9973 2e7e 23       		.uleb128 0x23
 9974 2e7f D80A0000 		.4byte	.LASF359
 9975 2e83 01       		.byte	0x1
 9976 2e84 5A02     		.2byte	0x25a
 9977 2e86 0D       		.byte	0xd
 9978 2e87 01       		.byte	0x1
 9979 2e88 BE2E0000 		.4byte	0x2ebe
 9980 2e8c 1D       		.uleb128 0x1d
 9981 2e8d FF080000 		.4byte	.LASF333
 9982 2e91 01       		.byte	0x1
 9983 2e92 5A02     		.2byte	0x25a
 9984 2e94 30       		.byte	0x30
 9985 2e95 720C0000 		.4byte	0xc72
 9986 2e99 25       		.uleb128 0x25
 9987 2e9a 99120000 		.4byte	.LASF334
 9988 2e9e 5B02     		.2byte	0x25b
 9989 2ea0 10       		.byte	0x10
 9990 2ea1 22150000 		.4byte	0x1522
 9991 2ea5 1A       		.uleb128 0x1a
 9992 2ea6 73747300 		.ascii	"sts\000"
 9993 2eaa 5C02     		.2byte	0x25c
 9994 2eac 0C       		.byte	0xc
 9995 2ead FA000000 		.4byte	0xfa
 9996 2eb1 1A       		.uleb128 0x1a
 9997 2eb2 73726300 		.ascii	"src\000"
 9998 2eb6 5C02     		.2byte	0x25c
 9999 2eb8 11       		.byte	0x11
 10000 2eb9 FA000000 		.4byte	0xfa
 10001 2ebd 00       		.byte	0
 10002 2ebe 23       		.uleb128 0x23
 10003 2ebf 05120000 		.4byte	.LASF360
 10004 2ec3 01       		.byte	0x1
 10005 2ec4 3002     		.2byte	0x230
 10006 2ec6 0D       		.byte	0xd
 10007 2ec7 01       		.byte	0x1
 10008 2ec8 0C2F0000 		.4byte	0x2f0c
 10009 2ecc 1D       		.uleb128 0x1d
 10010 2ecd FF080000 		.4byte	.LASF333
 10011 2ed1 01       		.byte	0x1
 10012 2ed2 3002     		.2byte	0x230
 10013 2ed4 2A       		.byte	0x2a
ARM GAS  /tmp/cctaqgo8.s 			page 177


 10014 2ed5 720C0000 		.4byte	0xc72
 10015 2ed9 14       		.uleb128 0x14
 10016 2eda 657000   		.ascii	"ep\000"
 10017 2edd 01       		.byte	0x1
 10018 2ede 3002     		.2byte	0x230
 10019 2ee0 38       		.byte	0x38
 10020 2ee1 280B0000 		.4byte	0xb28
 10021 2ee5 25       		.uleb128 0x25
 10022 2ee6 99120000 		.4byte	.LASF334
 10023 2eea 3102     		.2byte	0x231
 10024 2eec 10       		.byte	0x10
 10025 2eed 22150000 		.4byte	0x1522
 10026 2ef1 25       		.uleb128 0x25
 10027 2ef2 D3060000 		.4byte	.LASF361
 10028 2ef6 3202     		.2byte	0x232
 10029 2ef8 0C       		.byte	0xc
 10030 2ef9 FA000000 		.4byte	0xfa
 10031 2efd 27       		.uleb128 0x27
 10032 2efe 1A       		.uleb128 0x1a
 10033 2eff 6F737000 		.ascii	"osp\000"
 10034 2f03 3F02     		.2byte	0x23f
 10035 2f05 1A       		.byte	0x1a
 10036 2f06 7C140000 		.4byte	0x147c
 10037 2f0a 00       		.byte	0
 10038 2f0b 00       		.byte	0
 10039 2f0c 23       		.uleb128 0x23
 10040 2f0d 17120000 		.4byte	.LASF362
 10041 2f11 01       		.byte	0x1
 10042 2f12 0002     		.2byte	0x200
 10043 2f14 0D       		.byte	0xd
 10044 2f15 01       		.byte	0x1
 10045 2f16 5A2F0000 		.4byte	0x2f5a
 10046 2f1a 1D       		.uleb128 0x1d
 10047 2f1b FF080000 		.4byte	.LASF333
 10048 2f1f 01       		.byte	0x1
 10049 2f20 0002     		.2byte	0x200
 10050 2f22 29       		.byte	0x29
 10051 2f23 720C0000 		.4byte	0xc72
 10052 2f27 14       		.uleb128 0x14
 10053 2f28 657000   		.ascii	"ep\000"
 10054 2f2b 01       		.byte	0x1
 10055 2f2c 0002     		.2byte	0x200
 10056 2f2e 37       		.byte	0x37
 10057 2f2f 280B0000 		.4byte	0xb28
 10058 2f33 25       		.uleb128 0x25
 10059 2f34 99120000 		.4byte	.LASF334
 10060 2f38 0102     		.2byte	0x201
 10061 2f3a 10       		.byte	0x10
 10062 2f3b 22150000 		.4byte	0x1522
 10063 2f3f 25       		.uleb128 0x25
 10064 2f40 D3060000 		.4byte	.LASF361
 10065 2f44 0202     		.2byte	0x202
 10066 2f46 0C       		.byte	0xc
 10067 2f47 FA000000 		.4byte	0xfa
 10068 2f4b 27       		.uleb128 0x27
 10069 2f4c 1A       		.uleb128 0x1a
 10070 2f4d 69737000 		.ascii	"isp\000"
ARM GAS  /tmp/cctaqgo8.s 			page 178


 10071 2f51 0B02     		.2byte	0x20b
 10072 2f53 19       		.byte	0x19
 10073 2f54 77140000 		.4byte	0x1477
 10074 2f58 00       		.byte	0
 10075 2f59 00       		.byte	0
 10076 2f5a 42       		.uleb128 0x42
 10077 2f5b 96070000 		.4byte	.LASF370
 10078 2f5f 01       		.byte	0x1
 10079 2f60 CC01     		.2byte	0x1cc
 10080 2f62 0D       		.byte	0xd
 10081 2f63 18090000 		.4byte	0x918
 10082 2f67 01       		.byte	0x1
 10083 2f68 922F0000 		.4byte	0x2f92
 10084 2f6c 1D       		.uleb128 0x1d
 10085 2f6d FF080000 		.4byte	.LASF333
 10086 2f71 01       		.byte	0x1
 10087 2f72 CC01     		.2byte	0x1cc
 10088 2f74 2B       		.byte	0x2b
 10089 2f75 720C0000 		.4byte	0xc72
 10090 2f79 14       		.uleb128 0x14
 10091 2f7a 657000   		.ascii	"ep\000"
 10092 2f7d 01       		.byte	0x1
 10093 2f7e CC01     		.2byte	0x1cc
 10094 2f80 39       		.byte	0x39
 10095 2f81 280B0000 		.4byte	0xb28
 10096 2f85 27       		.uleb128 0x27
 10097 2f86 1A       		.uleb128 0x1a
 10098 2f87 6E00     		.ascii	"n\000"
 10099 2f89 D001     		.2byte	0x1d0
 10100 2f8b 0E       		.byte	0xe
 10101 2f8c FA000000 		.4byte	0xfa
 10102 2f90 00       		.byte	0
 10103 2f91 00       		.byte	0
 10104 2f92 23       		.uleb128 0x23
 10105 2f93 0C060000 		.4byte	.LASF363
 10106 2f97 01       		.byte	0x1
 10107 2f98 9D01     		.2byte	0x19d
 10108 2f9a 0D       		.byte	0xd
 10109 2f9b 01       		.byte	0x1
 10110 2f9c D12F0000 		.4byte	0x2fd1
 10111 2fa0 1D       		.uleb128 0x1d
 10112 2fa1 FF080000 		.4byte	.LASF333
 10113 2fa5 01       		.byte	0x1
 10114 2fa6 9D01     		.2byte	0x19d
 10115 2fa8 2B       		.byte	0x2b
 10116 2fa9 720C0000 		.4byte	0xc72
 10117 2fad 1A       		.uleb128 0x1a
 10118 2fae 73747300 		.ascii	"sts\000"
 10119 2fb2 9E01     		.2byte	0x19e
 10120 2fb4 0C       		.byte	0xc
 10121 2fb5 FA000000 		.4byte	0xfa
 10122 2fb9 1A       		.uleb128 0x1a
 10123 2fba 636E7400 		.ascii	"cnt\000"
 10124 2fbe 9E01     		.2byte	0x19e
 10125 2fc0 11       		.byte	0x11
 10126 2fc1 FA000000 		.4byte	0xfa
 10127 2fc5 1A       		.uleb128 0x1a
ARM GAS  /tmp/cctaqgo8.s 			page 179


 10128 2fc6 657000   		.ascii	"ep\000"
 10129 2fc9 9E01     		.2byte	0x19e
 10130 2fcb 16       		.byte	0x16
 10131 2fcc FA000000 		.4byte	0xfa
 10132 2fd0 00       		.byte	0
 10133 2fd1 23       		.uleb128 0x23
 10134 2fd2 53110000 		.4byte	.LASF364
 10135 2fd6 01       		.byte	0x1
 10136 2fd7 6701     		.2byte	0x167
 10137 2fd9 0D       		.byte	0xd
 10138 2fda 01       		.byte	0x1
 10139 2fdb 4C300000 		.4byte	0x304c
 10140 2fdf 1D       		.uleb128 0x1d
 10141 2fe0 47020000 		.4byte	.LASF365
 10142 2fe4 01       		.byte	0x1
 10143 2fe5 6701     		.2byte	0x167
 10144 2fe7 37       		.byte	0x37
 10145 2fe8 13090000 		.4byte	0x913
 10146 2fec 14       		.uleb128 0x14
 10147 2fed 69717000 		.ascii	"iqp\000"
 10148 2ff1 01       		.byte	0x1
 10149 2ff2 6801     		.2byte	0x168
 10150 2ff4 33       		.byte	0x33
 10151 2ff5 5C130000 		.4byte	0x135c
 10152 2ff9 14       		.uleb128 0x14
 10153 2ffa 6E00     		.ascii	"n\000"
 10154 2ffc 01       		.byte	0x1
 10155 2ffd 6901     		.2byte	0x169
 10156 2fff 2B       		.byte	0x2b
 10157 3000 42000000 		.4byte	0x42
 10158 3004 25       		.uleb128 0x25
 10159 3005 28120000 		.4byte	.LASF366
 10160 3009 6A01     		.2byte	0x16a
 10161 300b 0A       		.byte	0xa
 10162 300c 42000000 		.4byte	0x42
 10163 3010 27       		.uleb128 0x27
 10164 3011 1A       		.uleb128 0x1a
 10165 3012 7700     		.ascii	"w\000"
 10166 3014 6E01     		.2byte	0x16e
 10167 3016 0E       		.byte	0xe
 10168 3017 FA000000 		.4byte	0xfa
 10169 301b 1A       		.uleb128 0x1a
 10170 301c 6900     		.ascii	"i\000"
 10171 301e 6E01     		.2byte	0x16e
 10172 3020 11       		.byte	0x11
 10173 3021 FA000000 		.4byte	0xfa
 10174 3025 1A       		.uleb128 0x1a
 10175 3026 6E7700   		.ascii	"nw\000"
 10176 3029 6F01     		.2byte	0x16f
 10177 302b 0C       		.byte	0xc
 10178 302c 42000000 		.4byte	0x42
 10179 3030 27       		.uleb128 0x27
 10180 3031 25       		.uleb128 0x25
 10181 3032 D9060000 		.4byte	.LASF367
 10182 3036 7201     		.2byte	0x172
 10183 3038 0E       		.byte	0xe
 10184 3039 42000000 		.4byte	0x42
ARM GAS  /tmp/cctaqgo8.s 			page 180


 10185 303d 25       		.uleb128 0x25
 10186 303e F00A0000 		.4byte	.LASF368
 10187 3042 7301     		.2byte	0x173
 10188 3044 10       		.byte	0x10
 10189 3045 FA000000 		.4byte	0xfa
 10190 3049 00       		.byte	0
 10191 304a 00       		.byte	0
 10192 304b 00       		.byte	0
 10193 304c 23       		.uleb128 0x23
 10194 304d 94010000 		.4byte	.LASF369
 10195 3051 01       		.byte	0x1
 10196 3052 4A01     		.2byte	0x14a
 10197 3054 0D       		.byte	0xd
 10198 3055 01       		.byte	0x1
 10199 3056 99300000 		.4byte	0x3099
 10200 305a 1D       		.uleb128 0x1d
 10201 305b 47020000 		.4byte	.LASF365
 10202 305f 01       		.byte	0x1
 10203 3060 4A01     		.2byte	0x14a
 10204 3062 38       		.byte	0x38
 10205 3063 13090000 		.4byte	0x913
 10206 3067 14       		.uleb128 0x14
 10207 3068 62756600 		.ascii	"buf\000"
 10208 306c 01       		.byte	0x1
 10209 306d 4B01     		.2byte	0x14b
 10210 306f 2E       		.byte	0x2e
 10211 3070 0E090000 		.4byte	0x90e
 10212 3074 14       		.uleb128 0x14
 10213 3075 6E00     		.ascii	"n\000"
 10214 3077 01       		.byte	0x1
 10215 3078 4C01     		.2byte	0x14c
 10216 307a 2C       		.byte	0x2c
 10217 307b 42000000 		.4byte	0x42
 10218 307f 14       		.uleb128 0x14
 10219 3080 6D617800 		.ascii	"max\000"
 10220 3084 01       		.byte	0x1
 10221 3085 4D01     		.2byte	0x14d
 10222 3087 2C       		.byte	0x2c
 10223 3088 42000000 		.4byte	0x42
 10224 308c 27       		.uleb128 0x27
 10225 308d 1A       		.uleb128 0x1a
 10226 308e 7700     		.ascii	"w\000"
 10227 3090 5201     		.2byte	0x152
 10228 3092 0E       		.byte	0xe
 10229 3093 FA000000 		.4byte	0xfa
 10230 3097 00       		.byte	0
 10231 3098 00       		.byte	0
 10232 3099 42       		.uleb128 0x42
 10233 309a A8100000 		.4byte	.LASF371
 10234 309e 01       		.byte	0x1
 10235 309f 3301     		.2byte	0x133
 10236 30a1 11       		.byte	0x11
 10237 30a2 0E090000 		.4byte	0x90e
 10238 30a6 01       		.byte	0x1
 10239 30a7 DD300000 		.4byte	0x30dd
 10240 30ab 1D       		.uleb128 0x1d
 10241 30ac 47020000 		.4byte	.LASF365
ARM GAS  /tmp/cctaqgo8.s 			page 181


 10242 30b0 01       		.byte	0x1
 10243 30b1 3301     		.2byte	0x133
 10244 30b3 2F       		.byte	0x2f
 10245 30b4 13090000 		.4byte	0x913
 10246 30b8 14       		.uleb128 0x14
 10247 30b9 62756600 		.ascii	"buf\000"
 10248 30bd 01       		.byte	0x1
 10249 30be 3301     		.2byte	0x133
 10250 30c0 3F       		.byte	0x3f
 10251 30c1 0E090000 		.4byte	0x90e
 10252 30c5 14       		.uleb128 0x14
 10253 30c6 6E00     		.ascii	"n\000"
 10254 30c8 01       		.byte	0x1
 10255 30c9 3301     		.2byte	0x133
 10256 30cb 4B       		.byte	0x4b
 10257 30cc 42000000 		.4byte	0x42
 10258 30d0 27       		.uleb128 0x27
 10259 30d1 1A       		.uleb128 0x1a
 10260 30d2 7700     		.ascii	"w\000"
 10261 30d4 3601     		.2byte	0x136
 10262 30d6 0E       		.byte	0xe
 10263 30d7 FA000000 		.4byte	0xfa
 10264 30db 00       		.byte	0
 10265 30dc 00       		.byte	0
 10266 30dd 2A       		.uleb128 0x2a
 10267 30de 1F040000 		.4byte	.LASF372
 10268 30e2 01       		.byte	0x1
 10269 30e3 F7       		.byte	0xf7
 10270 30e4 0D       		.byte	0xd
 10271 30e5 01       		.byte	0x1
 10272 30e6 50310000 		.4byte	0x3150
 10273 30ea 1E       		.uleb128 0x1e
 10274 30eb 47020000 		.4byte	.LASF365
 10275 30ef 01       		.byte	0x1
 10276 30f0 F7       		.byte	0xf7
 10277 30f1 3A       		.byte	0x3a
 10278 30f2 13090000 		.4byte	0x913
 10279 30f6 2E       		.uleb128 0x2e
 10280 30f7 6F717000 		.ascii	"oqp\000"
 10281 30fb 01       		.byte	0x1
 10282 30fc F8       		.byte	0xf8
 10283 30fd 37       		.byte	0x37
 10284 30fe B0120000 		.4byte	0x12b0
 10285 3102 2E       		.uleb128 0x2e
 10286 3103 6E00     		.ascii	"n\000"
 10287 3105 01       		.byte	0x1
 10288 3106 F9       		.byte	0xf9
 10289 3107 2E       		.byte	0x2e
 10290 3108 42000000 		.4byte	0x42
 10291 310c 31       		.uleb128 0x31
 10292 310d 28120000 		.4byte	.LASF366
 10293 3111 FA       		.byte	0xfa
 10294 3112 0A       		.byte	0xa
 10295 3113 42000000 		.4byte	0x42
 10296 3117 27       		.uleb128 0x27
 10297 3118 3A       		.uleb128 0x3a
 10298 3119 7700     		.ascii	"w\000"
ARM GAS  /tmp/cctaqgo8.s 			page 182


 10299 311b FE       		.byte	0xfe
 10300 311c 0E       		.byte	0xe
 10301 311d FA000000 		.4byte	0xfa
 10302 3121 3A       		.uleb128 0x3a
 10303 3122 6900     		.ascii	"i\000"
 10304 3124 FE       		.byte	0xfe
 10305 3125 11       		.byte	0x11
 10306 3126 FA000000 		.4byte	0xfa
 10307 312a 3A       		.uleb128 0x3a
 10308 312b 6E7700   		.ascii	"nw\000"
 10309 312e FF       		.byte	0xff
 10310 312f 0C       		.byte	0xc
 10311 3130 42000000 		.4byte	0x42
 10312 3134 27       		.uleb128 0x27
 10313 3135 25       		.uleb128 0x25
 10314 3136 D9060000 		.4byte	.LASF367
 10315 313a 0201     		.2byte	0x102
 10316 313c 0E       		.byte	0xe
 10317 313d 42000000 		.4byte	0x42
 10318 3141 25       		.uleb128 0x25
 10319 3142 F00A0000 		.4byte	.LASF368
 10320 3146 0301     		.2byte	0x103
 10321 3148 10       		.byte	0x10
 10322 3149 FA000000 		.4byte	0xfa
 10323 314d 00       		.byte	0
 10324 314e 00       		.byte	0
 10325 314f 00       		.byte	0
 10326 3150 2A       		.uleb128 0x2a
 10327 3151 FB030000 		.4byte	.LASF373
 10328 3155 01       		.byte	0x1
 10329 3156 E7       		.byte	0xe7
 10330 3157 0D       		.byte	0xd
 10331 3158 01       		.byte	0x1
 10332 3159 80310000 		.4byte	0x3180
 10333 315d 1E       		.uleb128 0x1e
 10334 315e 47020000 		.4byte	.LASF365
 10335 3162 01       		.byte	0x1
 10336 3163 E7       		.byte	0xe7
 10337 3164 3B       		.byte	0x3b
 10338 3165 13090000 		.4byte	0x913
 10339 3169 2E       		.uleb128 0x2e
 10340 316a 62756600 		.ascii	"buf\000"
 10341 316e 01       		.byte	0x1
 10342 316f E8       		.byte	0xe8
 10343 3170 37       		.byte	0x37
 10344 3171 09090000 		.4byte	0x909
 10345 3175 2E       		.uleb128 0x2e
 10346 3176 6E00     		.ascii	"n\000"
 10347 3178 01       		.byte	0x1
 10348 3179 E9       		.byte	0xe9
 10349 317a 2F       		.byte	0x2f
 10350 317b 42000000 		.4byte	0x42
 10351 317f 00       		.byte	0
 10352 3180 43       		.uleb128 0x43
 10353 3181 DC090000 		.4byte	.LASF374
 10354 3185 01       		.byte	0x1
 10355 3186 D2       		.byte	0xd2
ARM GAS  /tmp/cctaqgo8.s 			page 183


 10356 3187 11       		.byte	0x11
 10357 3188 0E090000 		.4byte	0x90e
 10358 318c 01       		.byte	0x1
 10359 318d B4310000 		.4byte	0x31b4
 10360 3191 1E       		.uleb128 0x1e
 10361 3192 47020000 		.4byte	.LASF365
 10362 3196 01       		.byte	0x1
 10363 3197 D2       		.byte	0xd2
 10364 3198 30       		.byte	0x30
 10365 3199 13090000 		.4byte	0x913
 10366 319d 2E       		.uleb128 0x2e
 10367 319e 62756600 		.ascii	"buf\000"
 10368 31a2 01       		.byte	0x1
 10369 31a3 D2       		.byte	0xd2
 10370 31a4 40       		.byte	0x40
 10371 31a5 0E090000 		.4byte	0x90e
 10372 31a9 2E       		.uleb128 0x2e
 10373 31aa 6E00     		.ascii	"n\000"
 10374 31ac 01       		.byte	0x1
 10375 31ad D2       		.byte	0xd2
 10376 31ae 4C       		.byte	0x4c
 10377 31af 42000000 		.4byte	0x42
 10378 31b3 00       		.byte	0
 10379 31b4 43       		.uleb128 0x43
 10380 31b5 3F130000 		.4byte	.LASF375
 10381 31b9 01       		.byte	0x1
 10382 31ba BC       		.byte	0xbc
 10383 31bb 11       		.byte	0x11
 10384 31bc FA000000 		.4byte	0xfa
 10385 31c0 01       		.byte	0x1
 10386 31c1 F8310000 		.4byte	0x31f8
 10387 31c5 1E       		.uleb128 0x1e
 10388 31c6 FF080000 		.4byte	.LASF333
 10389 31ca 01       		.byte	0x1
 10390 31cb BC       		.byte	0xbc
 10391 31cc 2A       		.byte	0x2a
 10392 31cd 720C0000 		.4byte	0xc72
 10393 31d1 1E       		.uleb128 0x1e
 10394 31d2 450D0000 		.4byte	.LASF376
 10395 31d6 01       		.byte	0x1
 10396 31d7 BC       		.byte	0xbc
 10397 31d8 37       		.byte	0x37
 10398 31d9 42000000 		.4byte	0x42
 10399 31dd 31       		.uleb128 0x31
 10400 31de 2C130000 		.4byte	.LASF377
 10401 31e2 BD       		.byte	0xbd
 10402 31e3 0C       		.byte	0xc
 10403 31e4 FA000000 		.4byte	0xfa
 10404 31e8 44       		.uleb128 0x44
 10405 31e9 20020000 		.4byte	.LASF397
 10406 31ed 08320000 		.4byte	0x3208
 10407 31f1 05       		.uleb128 0x5
 10408 31f2 03       		.byte	0x3
 10409 31f3 00000000 		.4byte	__func__.1
 10410 31f7 00       		.byte	0
 10411 31f8 11       		.uleb128 0x11
 10412 31f9 C2000000 		.4byte	0xc2
ARM GAS  /tmp/cctaqgo8.s 			page 184


 10413 31fd 08320000 		.4byte	0x3208
 10414 3201 12       		.uleb128 0x12
 10415 3202 2D000000 		.4byte	0x2d
 10416 3206 0D       		.byte	0xd
 10417 3207 00       		.byte	0
 10418 3208 28       		.uleb128 0x28
 10419 3209 F8310000 		.4byte	0x31f8
 10420 320d 2A       		.uleb128 0x2a
 10421 320e 8D0C0000 		.4byte	.LASF378
 10422 3212 01       		.byte	0x1
 10423 3213 AF       		.byte	0xaf
 10424 3214 0D       		.byte	0xd
 10425 3215 01       		.byte	0x1
 10426 3216 27320000 		.4byte	0x3227
 10427 321a 1E       		.uleb128 0x1e
 10428 321b FF080000 		.4byte	.LASF333
 10429 321f 01       		.byte	0x1
 10430 3220 AF       		.byte	0xaf
 10431 3221 26       		.byte	0x26
 10432 3222 720C0000 		.4byte	0xc72
 10433 3226 00       		.byte	0
 10434 3227 2A       		.uleb128 0x2a
 10435 3228 02100000 		.4byte	.LASF379
 10436 322c 01       		.byte	0x1
 10437 322d 9E       		.byte	0x9e
 10438 322e 0D       		.byte	0xd
 10439 322f 01       		.byte	0x1
 10440 3230 58320000 		.4byte	0x3258
 10441 3234 1E       		.uleb128 0x1e
 10442 3235 FF080000 		.4byte	.LASF333
 10443 3239 01       		.byte	0x1
 10444 323a 9E       		.byte	0x9e
 10445 323b 29       		.byte	0x29
 10446 323c 720C0000 		.4byte	0xc72
 10447 3240 1E       		.uleb128 0x1e
 10448 3241 91030000 		.4byte	.LASF380
 10449 3245 01       		.byte	0x1
 10450 3246 9E       		.byte	0x9e
 10451 3247 38       		.byte	0x38
 10452 3248 FA000000 		.4byte	0xfa
 10453 324c 31       		.uleb128 0x31
 10454 324d 99120000 		.4byte	.LASF334
 10455 3251 9F       		.byte	0x9f
 10456 3252 10       		.byte	0x10
 10457 3253 22150000 		.4byte	0x1522
 10458 3257 00       		.byte	0
 10459 3258 2A       		.uleb128 0x2a
 10460 3259 6B120000 		.4byte	.LASF381
 10461 325d 01       		.byte	0x1
 10462 325e 94       		.byte	0x94
 10463 325f 0D       		.byte	0xd
 10464 3260 01       		.byte	0x1
 10465 3261 7D320000 		.4byte	0x327d
 10466 3265 1E       		.uleb128 0x1e
 10467 3266 FF080000 		.4byte	.LASF333
 10468 326a 01       		.byte	0x1
 10469 326b 94       		.byte	0x94
ARM GAS  /tmp/cctaqgo8.s 			page 185


 10470 326c 29       		.byte	0x29
 10471 326d 720C0000 		.4byte	0xc72
 10472 3271 31       		.uleb128 0x31
 10473 3272 99120000 		.4byte	.LASF334
 10474 3276 95       		.byte	0x95
 10475 3277 10       		.byte	0x10
 10476 3278 22150000 		.4byte	0x1522
 10477 327c 00       		.byte	0
 10478 327d 2A       		.uleb128 0x2a
 10479 327e 72130000 		.4byte	.LASF382
 10480 3282 01       		.byte	0x1
 10481 3283 84       		.byte	0x84
 10482 3284 0D       		.byte	0xd
 10483 3285 01       		.byte	0x1
 10484 3286 AB320000 		.4byte	0x32ab
 10485 328a 1E       		.uleb128 0x1e
 10486 328b FF080000 		.4byte	.LASF333
 10487 328f 01       		.byte	0x1
 10488 3290 84       		.byte	0x84
 10489 3291 27       		.byte	0x27
 10490 3292 720C0000 		.4byte	0xc72
 10491 3296 31       		.uleb128 0x31
 10492 3297 99120000 		.4byte	.LASF334
 10493 329b 85       		.byte	0x85
 10494 329c 10       		.byte	0x10
 10495 329d 22150000 		.4byte	0x1522
 10496 32a1 3A       		.uleb128 0x3a
 10497 32a2 6900     		.ascii	"i\000"
 10498 32a4 86       		.byte	0x86
 10499 32a5 0C       		.byte	0xc
 10500 32a6 2D000000 		.4byte	0x2d
 10501 32aa 00       		.byte	0
 10502 32ab 2A       		.uleb128 0x2a
 10503 32ac 81130000 		.4byte	.LASF383
 10504 32b0 01       		.byte	0x1
 10505 32b1 73       		.byte	0x73
 10506 32b2 0D       		.byte	0xd
 10507 32b3 01       		.byte	0x1
 10508 32b4 D0320000 		.4byte	0x32d0
 10509 32b8 1E       		.uleb128 0x1e
 10510 32b9 FF080000 		.4byte	.LASF333
 10511 32bd 01       		.byte	0x1
 10512 32be 73       		.byte	0x73
 10513 32bf 27       		.byte	0x27
 10514 32c0 720C0000 		.4byte	0xc72
 10515 32c4 31       		.uleb128 0x31
 10516 32c5 99120000 		.4byte	.LASF334
 10517 32c9 74       		.byte	0x74
 10518 32ca 10       		.byte	0x10
 10519 32cb 22150000 		.4byte	0x1522
 10520 32cf 00       		.byte	0
 10521 32d0 23       		.uleb128 0x23
 10522 32d1 80070000 		.4byte	.LASF384
 10523 32d5 03       		.byte	0x3
 10524 32d6 2803     		.2byte	0x328
 10525 32d8 14       		.byte	0x14
 10526 32d9 03       		.byte	0x3
ARM GAS  /tmp/cctaqgo8.s 			page 186


 10527 32da F9320000 		.4byte	0x32f9
 10528 32de 14       		.uleb128 0x14
 10529 32df 74717000 		.ascii	"tqp\000"
 10530 32e3 03       		.byte	0x3
 10531 32e4 2803     		.2byte	0x328
 10532 32e6 3B       		.byte	0x3b
 10533 32e7 DC150000 		.4byte	0x15dc
 10534 32eb 14       		.uleb128 0x14
 10535 32ec 6D736700 		.ascii	"msg\000"
 10536 32f0 03       		.byte	0x3
 10537 32f1 2803     		.2byte	0x328
 10538 32f3 46       		.byte	0x46
 10539 32f4 53010000 		.4byte	0x153
 10540 32f8 00       		.byte	0
 10541 32f9 23       		.uleb128 0x23
 10542 32fa EE020000 		.4byte	.LASF385
 10543 32fe 03       		.byte	0x3
 10544 32ff D602     		.2byte	0x2d6
 10545 3301 14       		.byte	0x14
 10546 3302 03       		.byte	0x3
 10547 3303 22330000 		.4byte	0x3322
 10548 3307 14       		.uleb128 0x14
 10549 3308 74727000 		.ascii	"trp\000"
 10550 330c 03       		.byte	0x3
 10551 330d D602     		.2byte	0x2d6
 10552 330f 3A       		.byte	0x3a
 10553 3310 5F080000 		.4byte	0x85f
 10554 3314 14       		.uleb128 0x14
 10555 3315 6D736700 		.ascii	"msg\000"
 10556 3319 03       		.byte	0x3
 10557 331a D602     		.2byte	0x2d6
 10558 331c 45       		.byte	0x45
 10559 331d 53010000 		.4byte	0x153
 10560 3321 00       		.byte	0
 10561 3322 42       		.uleb128 0x42
 10562 3323 34020000 		.4byte	.LASF386
 10563 3327 03       		.byte	0x3
 10564 3328 AE02     		.2byte	0x2ae
 10565 332a 15       		.byte	0x15
 10566 332b 53010000 		.4byte	0x153
 10567 332f 03       		.byte	0x3
 10568 3330 42330000 		.4byte	0x3342
 10569 3334 14       		.uleb128 0x14
 10570 3335 74727000 		.ascii	"trp\000"
 10571 3339 03       		.byte	0x3
 10572 333a AE02     		.2byte	0x2ae
 10573 333c 3C       		.byte	0x3c
 10574 333d 5F080000 		.4byte	0x85f
 10575 3341 00       		.byte	0
 10576 3342 1F       		.uleb128 0x1f
 10577 3343 C90F0000 		.4byte	.LASF389
 10578 3347 03       		.byte	0x3
 10579 3348 5602     		.2byte	0x256
 10580 334a 23       		.uleb128 0x23
 10581 334b 5D0B0000 		.4byte	.LASF387
 10582 334f 03       		.byte	0x3
 10583 3350 3B02     		.2byte	0x23b
ARM GAS  /tmp/cctaqgo8.s 			page 187


 10584 3352 14       		.byte	0x14
 10585 3353 03       		.byte	0x3
 10586 3354 66330000 		.4byte	0x3366
 10587 3358 1D       		.uleb128 0x1d
 10588 3359 B00D0000 		.4byte	.LASF388
 10589 335d 03       		.byte	0x3
 10590 335e 3B02     		.2byte	0x23b
 10591 3360 30       		.byte	0x30
 10592 3361 17010000 		.4byte	0x117
 10593 3365 00       		.byte	0
 10594 3366 1F       		.uleb128 0x1f
 10595 3367 0D050000 		.4byte	.LASF390
 10596 336b 03       		.byte	0x3
 10597 336c 0C02     		.2byte	0x20c
 10598 336e 1F       		.uleb128 0x1f
 10599 336f AE020000 		.4byte	.LASF391
 10600 3373 03       		.byte	0x3
 10601 3374 0102     		.2byte	0x201
 10602 3376 1F       		.uleb128 0x1f
 10603 3377 D3020000 		.4byte	.LASF392
 10604 337b 03       		.byte	0x3
 10605 337c F601     		.2byte	0x1f6
 10606 337e 1F       		.uleb128 0x1f
 10607 337f B1040000 		.4byte	.LASF393
 10608 3383 03       		.byte	0x3
 10609 3384 EB01     		.2byte	0x1eb
 10610 3386 2A       		.uleb128 0x2a
 10611 3387 F9120000 		.4byte	.LASF394
 10612 338b 02       		.byte	0x2
 10613 338c 84       		.byte	0x84
 10614 338d 14       		.byte	0x14
 10615 338e 03       		.byte	0x3
 10616 338f A0330000 		.4byte	0x33a0
 10617 3393 1E       		.uleb128 0x1e
 10618 3394 FD0F0000 		.4byte	.LASF395
 10619 3398 02       		.byte	0x2
 10620 3399 84       		.byte	0x84
 10621 339a 33       		.byte	0x33
 10622 339b C7000000 		.4byte	0xc7
 10623 339f 00       		.byte	0
 10624 33a0 43       		.uleb128 0x43
 10625 33a1 950D0000 		.4byte	.LASF396
 10626 33a5 07       		.byte	0x7
 10627 33a6 F5       		.byte	0xf5
 10628 33a7 19       		.byte	0x19
 10629 33a8 4E020000 		.4byte	0x24e
 10630 33ac 03       		.byte	0x3
 10631 33ad CC330000 		.4byte	0x33cc
 10632 33b1 2E       		.uleb128 0x2e
 10633 33b2 747000   		.ascii	"tp\000"
 10634 33b5 07       		.byte	0x7
 10635 33b6 F5       		.byte	0xf5
 10636 33b7 2F       		.byte	0x2f
 10637 33b8 4E020000 		.4byte	0x24e
 10638 33bc 44       		.uleb128 0x44
 10639 33bd 20020000 		.4byte	.LASF397
 10640 33c1 DC330000 		.4byte	0x33dc
ARM GAS  /tmp/cctaqgo8.s 			page 188


 10641 33c5 05       		.uleb128 0x5
 10642 33c6 03       		.byte	0x3
 10643 33c7 00000000 		.4byte	__func__.2
 10644 33cb 00       		.byte	0
 10645 33cc 11       		.uleb128 0x11
 10646 33cd C2000000 		.4byte	0xc2
 10647 33d1 DC330000 		.4byte	0x33dc
 10648 33d5 12       		.uleb128 0x12
 10649 33d6 2D000000 		.4byte	0x2d
 10650 33da 0B       		.byte	0xb
 10651 33db 00       		.byte	0
 10652 33dc 28       		.uleb128 0x28
 10653 33dd CC330000 		.4byte	0x33cc
 10654 33e1 1F       		.uleb128 0x1f
 10655 33e2 41050000 		.4byte	.LASF398
 10656 33e6 04       		.byte	0x4
 10657 33e7 9601     		.2byte	0x196
 10658 33e9 1F       		.uleb128 0x1f
 10659 33ea C1030000 		.4byte	.LASF399
 10660 33ee 04       		.byte	0x4
 10661 33ef 8201     		.2byte	0x182
 10662 33f1 23       		.uleb128 0x23
 10663 33f2 7C080000 		.4byte	.LASF400
 10664 33f6 04       		.byte	0x4
 10665 33f7 6601     		.2byte	0x166
 10666 33f9 14       		.byte	0x14
 10667 33fa 03       		.byte	0x3
 10668 33fb 0F340000 		.4byte	0x340f
 10669 33ff 44       		.uleb128 0x44
 10670 3400 20020000 		.4byte	.LASF397
 10671 3404 DC330000 		.4byte	0x33dc
 10672 3408 05       		.uleb128 0x5
 10673 3409 03       		.byte	0x3
 10674 340a 00000000 		.4byte	__func__.0
 10675 340e 00       		.byte	0
 10676 340f 1F       		.uleb128 0x1f
 10677 3410 9A080000 		.4byte	.LASF401
 10678 3414 04       		.byte	0x4
 10679 3415 5A01     		.2byte	0x15a
 10680 3417 1F       		.uleb128 0x1f
 10681 3418 DA0C0000 		.4byte	.LASF402
 10682 341c 05       		.byte	0x5
 10683 341d E401     		.2byte	0x1e4
 10684 341f 1F       		.uleb128 0x1f
 10685 3420 240A0000 		.4byte	.LASF403
 10686 3424 05       		.byte	0x5
 10687 3425 D901     		.2byte	0x1d9
 10688 3427 1F       		.uleb128 0x1f
 10689 3428 A6030000 		.4byte	.LASF404
 10690 342c 05       		.byte	0x5
 10691 342d CA01     		.2byte	0x1ca
 10692 342f 1F       		.uleb128 0x1f
 10693 3430 13100000 		.4byte	.LASF405
 10694 3434 05       		.byte	0x5
 10695 3435 BC01     		.2byte	0x1bc
 10696 3437 23       		.uleb128 0x23
 10697 3438 1F0F0000 		.4byte	.LASF406
ARM GAS  /tmp/cctaqgo8.s 			page 189


 10698 343c 06       		.byte	0x6
 10699 343d 2002     		.2byte	0x220
 10700 343f 39       		.byte	0x39
 10701 3440 03       		.byte	0x3
 10702 3441 53340000 		.4byte	0x3453
 10703 3445 1D       		.uleb128 0x1d
 10704 3446 540E0000 		.4byte	.LASF407
 10705 344a 06       		.byte	0x6
 10706 344b 2002     		.2byte	0x220
 10707 344d 50       		.byte	0x50
 10708 344e FA000000 		.4byte	0xfa
 10709 3452 00       		.byte	0
 10710 3453 3B       		.uleb128 0x3b
 10711 3454 7D320000 		.4byte	0x327d
 10712 3458 00000000 		.4byte	.LFB260
 10713 345c 3C000000 		.4byte	.LFE260-.LFB260
 10714 3460 01       		.uleb128 0x1
 10715 3461 9C       		.byte	0x9c
 10716 3462 8E340000 		.4byte	0x348e
 10717 3466 09       		.uleb128 0x9
 10718 3467 96320000 		.4byte	0x3296
 10719 346b FD0C0000 		.4byte	.LLST0
 10720 346f FB0C0000 		.4byte	.LVUS0
 10721 3473 09       		.uleb128 0x9
 10722 3474 A1320000 		.4byte	0x32a1
 10723 3478 0C0D0000 		.4byte	.LLST1
 10724 347c 060D0000 		.4byte	.LVUS1
 10725 3480 02       		.uleb128 0x2
 10726 3481 8A320000 		.4byte	0x328a
 10727 3485 260D0000 		.4byte	.LLST2
 10728 3489 240D0000 		.4byte	.LVUS2
 10729 348d 00       		.byte	0
 10730 348e 3B       		.uleb128 0x3b
 10731 348f BE2E0000 		.4byte	0x2ebe
 10732 3493 00000000 		.4byte	.LFB265
 10733 3497 A4000000 		.4byte	.LFE265-.LFB265
 10734 349b 01       		.uleb128 0x1
 10735 349c 9C       		.byte	0x9c
 10736 349d 9A360000 		.4byte	0x369a
 10737 34a1 02       		.uleb128 0x2
 10738 34a2 D92E0000 		.4byte	0x2ed9
 10739 34a6 3C0D0000 		.4byte	.LLST157
 10740 34aa 340D0000 		.4byte	.LVUS157
 10741 34ae 09       		.uleb128 0x9
 10742 34af E52E0000 		.4byte	0x2ee5
 10743 34b3 640D0000 		.4byte	.LLST158
 10744 34b7 600D0000 		.4byte	.LVUS158
 10745 34bb 09       		.uleb128 0x9
 10746 34bc F12E0000 		.4byte	0x2ef1
 10747 34c0 7B0D0000 		.4byte	.LLST159
 10748 34c4 750D0000 		.4byte	.LVUS159
 10749 34c8 45       		.uleb128 0x45
 10750 34c9 CC2E0000 		.4byte	0x2ecc
 10751 34cd 06       		.uleb128 0x6
 10752 34ce 03       		.byte	0x3
 10753 34cf 00000000 		.4byte	USBD1
 10754 34d3 9F       		.byte	0x9f
ARM GAS  /tmp/cctaqgo8.s 			page 190


 10755 34d4 39       		.uleb128 0x39
 10756 34d5 FD2E0000 		.4byte	0x2efd
 10757 34d9 60020000 		.4byte	.LLRL160
 10758 34dd 87360000 		.4byte	0x3687
 10759 34e1 09       		.uleb128 0x9
 10760 34e2 FE2E0000 		.4byte	0x2efe
 10761 34e6 990D0000 		.4byte	.LLST161
 10762 34ea 910D0000 		.4byte	.LVUS161
 10763 34ee 0A       		.uleb128 0xa
 10764 34ef 6E330000 		.4byte	0x336e
 10765 34f3 66000000 		.4byte	.LBI647
 10766 34f7 0100     		.2byte	.LVU1122
 10767 34f9 66000000 		.4byte	.LBB647
 10768 34fd 0A000000 		.4byte	.LBE647-.LBB647
 10769 3501 01       		.byte	0x1
 10770 3502 4802     		.2byte	0x248
 10771 3504 07       		.byte	0x7
 10772 3505 84350000 		.4byte	0x3584
 10773 3509 06       		.uleb128 0x6
 10774 350a E9330000 		.4byte	0x33e9
 10775 350e 66000000 		.4byte	.LBI648
 10776 3512 0300     		.2byte	.LVU1124
 10777 3514 66000000 		.4byte	.LBB648
 10778 3518 0A000000 		.4byte	.LBE648-.LBB648
 10779 351c 03       		.byte	0x3
 10780 351d 0302     		.2byte	0x203
 10781 351f 03       		.byte	0x3
 10782 3520 0A       		.uleb128 0xa
 10783 3521 1F340000 		.4byte	0x341f
 10784 3525 66000000 		.4byte	.LBI650
 10785 3529 0500     		.2byte	.LVU1126
 10786 352b 66000000 		.4byte	.LBB650
 10787 352f 06000000 		.4byte	.LBE650-.LBB650
 10788 3533 04       		.byte	0x4
 10789 3534 8401     		.2byte	0x184
 10790 3536 03       		.byte	0x3
 10791 3537 79350000 		.4byte	0x3579
 10792 353b 06       		.uleb128 0x6
 10793 353c 2F340000 		.4byte	0x342f
 10794 3540 66000000 		.4byte	.LBI651
 10795 3544 0700     		.2byte	.LVU1128
 10796 3546 66000000 		.4byte	.LBB651
 10797 354a 06000000 		.4byte	.LBE651-.LBB651
 10798 354e 05       		.byte	0x5
 10799 354f DB01     		.2byte	0x1db
 10800 3551 03       		.byte	0x3
 10801 3552 06       		.uleb128 0x6
 10802 3553 37340000 		.4byte	0x3437
 10803 3557 66000000 		.4byte	.LBI652
 10804 355b 0900     		.2byte	.LVU1130
 10805 355d 66000000 		.4byte	.LBB652
 10806 3561 06000000 		.4byte	.LBE652-.LBB652
 10807 3565 05       		.byte	0x5
 10808 3566 BF01     		.2byte	0x1bf
 10809 3568 03       		.byte	0x3
 10810 3569 02       		.uleb128 0x2
 10811 356a 45340000 		.4byte	0x3445
ARM GAS  /tmp/cctaqgo8.s 			page 191


 10812 356e C10D0000 		.4byte	.LLST162
 10813 3572 BF0D0000 		.4byte	.LVUS162
 10814 3576 00       		.byte	0
 10815 3577 00       		.byte	0
 10816 3578 00       		.byte	0
 10817 3579 0C       		.uleb128 0xc
 10818 357a 70000000 		.4byte	.LVL250
 10819 357e 24170000 		.4byte	0x1724
 10820 3582 00       		.byte	0
 10821 3583 00       		.byte	0
 10822 3584 0A       		.uleb128 0xa
 10823 3585 18230000 		.4byte	0x2318
 10824 3589 70000000 		.4byte	.LBI654
 10825 358d 0100     		.2byte	.LVU1136
 10826 358f 70000000 		.4byte	.LBB654
 10827 3593 12000000 		.4byte	.LBE654-.LBB654
 10828 3597 01       		.byte	0x1
 10829 3598 4902     		.2byte	0x249
 10830 359a 07       		.byte	0x7
 10831 359b BA350000 		.4byte	0x35ba
 10832 359f 02       		.uleb128 0x2
 10833 35a0 30230000 		.4byte	0x2330
 10834 35a4 CE0D0000 		.4byte	.LLST163
 10835 35a8 CC0D0000 		.4byte	.LVUS163
 10836 35ac 02       		.uleb128 0x2
 10837 35ad 23230000 		.4byte	0x2323
 10838 35b1 D90D0000 		.4byte	.LLST164
 10839 35b5 D70D0000 		.4byte	.LVUS164
 10840 35b9 00       		.byte	0
 10841 35ba 0A       		.uleb128 0xa
 10842 35bb 66330000 		.4byte	0x3366
 10843 35bf 82000000 		.4byte	.LBI656
 10844 35c3 0200     		.2byte	.LVU1142
 10845 35c5 82000000 		.4byte	.LBB656
 10846 35c9 08000000 		.4byte	.LBE656-.LBB656
 10847 35cd 01       		.byte	0x1
 10848 35ce 4A02     		.2byte	0x24a
 10849 35d0 07       		.byte	0x7
 10850 35d1 50360000 		.4byte	0x3650
 10851 35d5 06       		.uleb128 0x6
 10852 35d6 E1330000 		.4byte	0x33e1
 10853 35da 82000000 		.4byte	.LBI658
 10854 35de 0400     		.2byte	.LVU1144
 10855 35e0 82000000 		.4byte	.LBB658
 10856 35e4 08000000 		.4byte	.LBE658-.LBB658
 10857 35e8 03       		.byte	0x3
 10858 35e9 0E02     		.2byte	0x20e
 10859 35eb 03       		.byte	0x3
 10860 35ec 0A       		.uleb128 0xa
 10861 35ed 17340000 		.4byte	0x3417
 10862 35f1 86000000 		.4byte	.LBI660
 10863 35f5 0200     		.2byte	.LVU1148
 10864 35f7 86000000 		.4byte	.LBB660
 10865 35fb 04000000 		.4byte	.LBE660-.LBB660
 10866 35ff 04       		.byte	0x4
 10867 3600 9A01     		.2byte	0x19a
 10868 3602 03       		.byte	0x3
ARM GAS  /tmp/cctaqgo8.s 			page 192


 10869 3603 45360000 		.4byte	0x3645
 10870 3607 06       		.uleb128 0x6
 10871 3608 27340000 		.4byte	0x3427
 10872 360c 86000000 		.4byte	.LBI661
 10873 3610 0400     		.2byte	.LVU1150
 10874 3612 86000000 		.4byte	.LBB661
 10875 3616 04000000 		.4byte	.LBE661-.LBB661
 10876 361a 05       		.byte	0x5
 10877 361b E601     		.2byte	0x1e6
 10878 361d 03       		.byte	0x3
 10879 361e 06       		.uleb128 0x6
 10880 361f 37340000 		.4byte	0x3437
 10881 3623 86000000 		.4byte	.LBI662
 10882 3627 0600     		.2byte	.LVU1152
 10883 3629 86000000 		.4byte	.LBB662
 10884 362d 04000000 		.4byte	.LBE662-.LBB662
 10885 3631 05       		.byte	0x5
 10886 3632 CD01     		.2byte	0x1cd
 10887 3634 03       		.byte	0x3
 10888 3635 02       		.uleb128 0x2
 10889 3636 45340000 		.4byte	0x3445
 10890 363a E90D0000 		.4byte	.LLST165
 10891 363e E70D0000 		.4byte	.LVUS165
 10892 3642 00       		.byte	0
 10893 3643 00       		.byte	0
 10894 3644 00       		.byte	0
 10895 3645 0C       		.uleb128 0xc
 10896 3646 86000000 		.4byte	.LVL252
 10897 364a 08170000 		.4byte	0x1708
 10898 364e 00       		.byte	0
 10899 364f 00       		.byte	0
 10900 3650 5F       		.uleb128 0x5f
 10901 3651 56000000 		.4byte	.LVL246
 10902 3655 70360000 		.4byte	0x3670
 10903 3659 04       		.uleb128 0x4
 10904 365a 01       		.uleb128 0x1
 10905 365b 50       		.byte	0x50
 10906 365c 05       		.uleb128 0x5
 10907 365d 03       		.byte	0x3
 10908 365e 00000000 		.4byte	USBD1
 10909 3662 04       		.uleb128 0x4
 10910 3663 01       		.uleb128 0x1
 10911 3664 51       		.byte	0x51
 10912 3665 09       		.uleb128 0x9
 10913 3666 A3       		.byte	0xa3
 10914 3667 03       		.uleb128 0x3
 10915 3668 A5       		.byte	0xa5
 10916 3669 00       		.uleb128 0
 10917 366a 26       		.uleb128 0x26
 10918 366b A8       		.byte	0xa8
 10919 366c 34       		.uleb128 0x34
 10920 366d A8       		.byte	0xa8
 10921 366e 00       		.uleb128 0
 10922 366f 00       		.byte	0
 10923 3670 0E       		.uleb128 0xe
 10924 3671 66000000 		.4byte	.LVL248
 10925 3675 A9230000 		.4byte	0x23a9
ARM GAS  /tmp/cctaqgo8.s 			page 193


 10926 3679 04       		.uleb128 0x4
 10927 367a 01       		.uleb128 0x1
 10928 367b 50       		.byte	0x50
 10929 367c 02       		.uleb128 0x2
 10930 367d 77       		.byte	0x77
 10931 367e 00       		.sleb128 0
 10932 367f 04       		.uleb128 0x4
 10933 3680 01       		.uleb128 0x1
 10934 3681 51       		.byte	0x51
 10935 3682 02       		.uleb128 0x2
 10936 3683 74       		.byte	0x74
 10937 3684 00       		.sleb128 0
 10938 3685 00       		.byte	0
 10939 3686 00       		.byte	0
 10940 3687 60       		.uleb128 0x60
 10941 3688 9C000000 		.4byte	.LVL255
 10942 368c 04       		.uleb128 0x4
 10943 368d 01       		.uleb128 0x1
 10944 368e 50       		.byte	0x50
 10945 368f 02       		.uleb128 0x2
 10946 3690 77       		.byte	0x77
 10947 3691 00       		.sleb128 0
 10948 3692 04       		.uleb128 0x4
 10949 3693 01       		.uleb128 0x1
 10950 3694 51       		.byte	0x51
 10951 3695 02       		.uleb128 0x2
 10952 3696 74       		.byte	0x74
 10953 3697 00       		.sleb128 0
 10954 3698 00       		.byte	0
 10955 3699 00       		.byte	0
 10956 369a 3B       		.uleb128 0x3b
 10957 369b 0C2F0000 		.4byte	0x2f0c
 10958 369f 00000000 		.4byte	.LFB266
 10959 36a3 E4000000 		.4byte	.LFE266-.LFB266
 10960 36a7 01       		.uleb128 0x1
 10961 36a8 9C       		.byte	0x9c
 10962 36a9 FF390000 		.4byte	0x39ff
 10963 36ad 02       		.uleb128 0x2
 10964 36ae 272F0000 		.4byte	0x2f27
 10965 36b2 FF0D0000 		.4byte	.LLST171
 10966 36b6 F30D0000 		.4byte	.LVUS171
 10967 36ba 09       		.uleb128 0x9
 10968 36bb 332F0000 		.4byte	0x2f33
 10969 36bf 380E0000 		.4byte	.LLST172
 10970 36c3 360E0000 		.4byte	.LVUS172
 10971 36c7 09       		.uleb128 0x9
 10972 36c8 3F2F0000 		.4byte	0x2f3f
 10973 36cc 440E0000 		.4byte	.LLST173
 10974 36d0 420E0000 		.4byte	.LVUS173
 10975 36d4 45       		.uleb128 0x45
 10976 36d5 1A2F0000 		.4byte	0x2f1a
 10977 36d9 06       		.uleb128 0x6
 10978 36da 03       		.byte	0x3
 10979 36db 00000000 		.4byte	USBD1
 10980 36df 9F       		.byte	0x9f
 10981 36e0 39       		.uleb128 0x39
 10982 36e1 4B2F0000 		.4byte	0x2f4b
ARM GAS  /tmp/cctaqgo8.s 			page 194


 10983 36e5 78020000 		.4byte	.LLRL174
 10984 36e9 8C380000 		.4byte	0x388c
 10985 36ed 09       		.uleb128 0x9
 10986 36ee 4C2F0000 		.4byte	0x2f4c
 10987 36f2 540E0000 		.4byte	.LLST175
 10988 36f6 4E0E0000 		.4byte	.LVUS175
 10989 36fa 0A       		.uleb128 0xa
 10990 36fb 6E330000 		.4byte	0x336e
 10991 36ff A6000000 		.4byte	.LBI736
 10992 3703 0100     		.2byte	.LVU1277
 10993 3705 A6000000 		.4byte	.LBB736
 10994 3709 0A000000 		.4byte	.LBE736-.LBB736
 10995 370d 01       		.byte	0x1
 10996 370e 1402     		.2byte	0x214
 10997 3710 07       		.byte	0x7
 10998 3711 90370000 		.4byte	0x3790
 10999 3715 06       		.uleb128 0x6
 11000 3716 E9330000 		.4byte	0x33e9
 11001 371a A6000000 		.4byte	.LBI737
 11002 371e 0300     		.2byte	.LVU1279
 11003 3720 A6000000 		.4byte	.LBB737
 11004 3724 0A000000 		.4byte	.LBE737-.LBB737
 11005 3728 03       		.byte	0x3
 11006 3729 0302     		.2byte	0x203
 11007 372b 03       		.byte	0x3
 11008 372c 0A       		.uleb128 0xa
 11009 372d 1F340000 		.4byte	0x341f
 11010 3731 A6000000 		.4byte	.LBI739
 11011 3735 0500     		.2byte	.LVU1281
 11012 3737 A6000000 		.4byte	.LBB739
 11013 373b 06000000 		.4byte	.LBE739-.LBB739
 11014 373f 04       		.byte	0x4
 11015 3740 8401     		.2byte	0x184
 11016 3742 03       		.byte	0x3
 11017 3743 85370000 		.4byte	0x3785
 11018 3747 06       		.uleb128 0x6
 11019 3748 2F340000 		.4byte	0x342f
 11020 374c A6000000 		.4byte	.LBI740
 11021 3750 0700     		.2byte	.LVU1283
 11022 3752 A6000000 		.4byte	.LBB740
 11023 3756 06000000 		.4byte	.LBE740-.LBB740
 11024 375a 05       		.byte	0x5
 11025 375b DB01     		.2byte	0x1db
 11026 375d 03       		.byte	0x3
 11027 375e 06       		.uleb128 0x6
 11028 375f 37340000 		.4byte	0x3437
 11029 3763 A6000000 		.4byte	.LBI741
 11030 3767 0900     		.2byte	.LVU1285
 11031 3769 A6000000 		.4byte	.LBB741
 11032 376d 06000000 		.4byte	.LBE741-.LBB741
 11033 3771 05       		.byte	0x5
 11034 3772 BF01     		.2byte	0x1bf
 11035 3774 03       		.byte	0x3
 11036 3775 02       		.uleb128 0x2
 11037 3776 45340000 		.4byte	0x3445
 11038 377a 6C0E0000 		.4byte	.LLST176
 11039 377e 6A0E0000 		.4byte	.LVUS176
ARM GAS  /tmp/cctaqgo8.s 			page 195


 11040 3782 00       		.byte	0
 11041 3783 00       		.byte	0
 11042 3784 00       		.byte	0
 11043 3785 0C       		.uleb128 0xc
 11044 3786 B0000000 		.4byte	.LVL283
 11045 378a 24170000 		.4byte	0x1724
 11046 378e 00       		.byte	0
 11047 378f 00       		.byte	0
 11048 3790 0A       		.uleb128 0xa
 11049 3791 F3220000 		.4byte	0x22f3
 11050 3795 B0000000 		.4byte	.LBI743
 11051 3799 0100     		.2byte	.LVU1291
 11052 379b B0000000 		.4byte	.LBB743
 11053 379f 20000000 		.4byte	.LBE743-.LBB743
 11054 37a3 01       		.byte	0x1
 11055 37a4 1502     		.2byte	0x215
 11056 37a6 07       		.byte	0x7
 11057 37a7 C6370000 		.4byte	0x37c6
 11058 37ab 02       		.uleb128 0x2
 11059 37ac 0B230000 		.4byte	0x230b
 11060 37b0 790E0000 		.4byte	.LLST177
 11061 37b4 770E0000 		.4byte	.LVUS177
 11062 37b8 02       		.uleb128 0x2
 11063 37b9 FE220000 		.4byte	0x22fe
 11064 37bd 840E0000 		.4byte	.LLST178
 11065 37c1 820E0000 		.4byte	.LVUS178
 11066 37c5 00       		.byte	0
 11067 37c6 0A       		.uleb128 0xa
 11068 37c7 66330000 		.4byte	0x3366
 11069 37cb D0000000 		.4byte	.LBI745
 11070 37cf 0200     		.2byte	.LVU1303
 11071 37d1 D0000000 		.4byte	.LBB745
 11072 37d5 14000000 		.4byte	.LBE745-.LBB745
 11073 37d9 01       		.byte	0x1
 11074 37da 1602     		.2byte	0x216
 11075 37dc 07       		.byte	0x7
 11076 37dd 5C380000 		.4byte	0x385c
 11077 37e1 06       		.uleb128 0x6
 11078 37e2 E1330000 		.4byte	0x33e1
 11079 37e6 D0000000 		.4byte	.LBI747
 11080 37ea 0400     		.2byte	.LVU1305
 11081 37ec D0000000 		.4byte	.LBB747
 11082 37f0 08000000 		.4byte	.LBE747-.LBB747
 11083 37f4 03       		.byte	0x3
 11084 37f5 0E02     		.2byte	0x20e
 11085 37f7 03       		.byte	0x3
 11086 37f8 0A       		.uleb128 0xa
 11087 37f9 17340000 		.4byte	0x3417
 11088 37fd D4000000 		.4byte	.LBI749
 11089 3801 0200     		.2byte	.LVU1309
 11090 3803 D4000000 		.4byte	.LBB749
 11091 3807 04000000 		.4byte	.LBE749-.LBB749
 11092 380b 04       		.byte	0x4
 11093 380c 9A01     		.2byte	0x19a
 11094 380e 03       		.byte	0x3
 11095 380f 51380000 		.4byte	0x3851
 11096 3813 06       		.uleb128 0x6
ARM GAS  /tmp/cctaqgo8.s 			page 196


 11097 3814 27340000 		.4byte	0x3427
 11098 3818 D4000000 		.4byte	.LBI750
 11099 381c 0400     		.2byte	.LVU1311
 11100 381e D4000000 		.4byte	.LBB750
 11101 3822 04000000 		.4byte	.LBE750-.LBB750
 11102 3826 05       		.byte	0x5
 11103 3827 E601     		.2byte	0x1e6
 11104 3829 03       		.byte	0x3
 11105 382a 06       		.uleb128 0x6
 11106 382b 37340000 		.4byte	0x3437
 11107 382f D4000000 		.4byte	.LBI751
 11108 3833 0600     		.2byte	.LVU1313
 11109 3835 D4000000 		.4byte	.LBB751
 11110 3839 04000000 		.4byte	.LBE751-.LBB751
 11111 383d 05       		.byte	0x5
 11112 383e CD01     		.2byte	0x1cd
 11113 3840 03       		.byte	0x3
 11114 3841 02       		.uleb128 0x2
 11115 3842 45340000 		.4byte	0x3445
 11116 3846 940E0000 		.4byte	.LLST179
 11117 384a 920E0000 		.4byte	.LVUS179
 11118 384e 00       		.byte	0
 11119 384f 00       		.byte	0
 11120 3850 00       		.byte	0
 11121 3851 0C       		.uleb128 0xc
 11122 3852 D4000000 		.4byte	.LVL285
 11123 3856 08170000 		.4byte	0x1708
 11124 385a 00       		.byte	0
 11125 385b 00       		.byte	0
 11126 385c 61       		.uleb128 0x61
 11127 385d 5E000000 		.4byte	.LVL272
 11128 3861 02       		.uleb128 0x2
 11129 3862 78       		.byte	0x78
 11130 3863 00       		.sleb128 0
 11131 3864 75380000 		.4byte	0x3875
 11132 3868 04       		.uleb128 0x4
 11133 3869 01       		.uleb128 0x1
 11134 386a 50       		.byte	0x50
 11135 386b 02       		.uleb128 0x2
 11136 386c 77       		.byte	0x77
 11137 386d 00       		.sleb128 0
 11138 386e 04       		.uleb128 0x4
 11139 386f 01       		.uleb128 0x1
 11140 3870 51       		.byte	0x51
 11141 3871 02       		.uleb128 0x2
 11142 3872 74       		.byte	0x74
 11143 3873 00       		.sleb128 0
 11144 3874 00       		.byte	0
 11145 3875 0E       		.uleb128 0xe
 11146 3876 A6000000 		.4byte	.LVL281
 11147 387a 3D230000 		.4byte	0x233d
 11148 387e 04       		.uleb128 0x4
 11149 387f 01       		.uleb128 0x1
 11150 3880 50       		.byte	0x50
 11151 3881 02       		.uleb128 0x2
 11152 3882 77       		.byte	0x77
 11153 3883 00       		.sleb128 0
ARM GAS  /tmp/cctaqgo8.s 			page 197


 11154 3884 04       		.uleb128 0x4
 11155 3885 01       		.uleb128 0x1
 11156 3886 51       		.byte	0x51
 11157 3887 02       		.uleb128 0x2
 11158 3888 74       		.byte	0x74
 11159 3889 00       		.sleb128 0
 11160 388a 00       		.byte	0
 11161 388b 00       		.byte	0
 11162 388c 0A       		.uleb128 0xa
 11163 388d 6E330000 		.4byte	0x336e
 11164 3891 60000000 		.4byte	.LBI754
 11165 3895 0200     		.2byte	.LVU1227
 11166 3897 60000000 		.4byte	.LBB754
 11167 389b 0A000000 		.4byte	.LBE754-.LBB754
 11168 389f 01       		.byte	0x1
 11169 38a0 2002     		.2byte	0x220
 11170 38a2 05       		.byte	0x5
 11171 38a3 22390000 		.4byte	0x3922
 11172 38a7 06       		.uleb128 0x6
 11173 38a8 E9330000 		.4byte	0x33e9
 11174 38ac 60000000 		.4byte	.LBI755
 11175 38b0 0400     		.2byte	.LVU1229
 11176 38b2 60000000 		.4byte	.LBB755
 11177 38b6 0A000000 		.4byte	.LBE755-.LBB755
 11178 38ba 03       		.byte	0x3
 11179 38bb 0302     		.2byte	0x203
 11180 38bd 03       		.byte	0x3
 11181 38be 0A       		.uleb128 0xa
 11182 38bf 1F340000 		.4byte	0x341f
 11183 38c3 60000000 		.4byte	.LBI757
 11184 38c7 0600     		.2byte	.LVU1231
 11185 38c9 60000000 		.4byte	.LBB757
 11186 38cd 06000000 		.4byte	.LBE757-.LBB757
 11187 38d1 04       		.byte	0x4
 11188 38d2 8401     		.2byte	0x184
 11189 38d4 03       		.byte	0x3
 11190 38d5 17390000 		.4byte	0x3917
 11191 38d9 06       		.uleb128 0x6
 11192 38da 2F340000 		.4byte	0x342f
 11193 38de 60000000 		.4byte	.LBI758
 11194 38e2 0800     		.2byte	.LVU1233
 11195 38e4 60000000 		.4byte	.LBB758
 11196 38e8 06000000 		.4byte	.LBE758-.LBB758
 11197 38ec 05       		.byte	0x5
 11198 38ed DB01     		.2byte	0x1db
 11199 38ef 03       		.byte	0x3
 11200 38f0 06       		.uleb128 0x6
 11201 38f1 37340000 		.4byte	0x3437
 11202 38f5 60000000 		.4byte	.LBI759
 11203 38f9 0A00     		.2byte	.LVU1235
 11204 38fb 60000000 		.4byte	.LBB759
 11205 38ff 06000000 		.4byte	.LBE759-.LBB759
 11206 3903 05       		.byte	0x5
 11207 3904 BF01     		.2byte	0x1bf
 11208 3906 03       		.byte	0x3
 11209 3907 02       		.uleb128 0x2
 11210 3908 45340000 		.4byte	0x3445
ARM GAS  /tmp/cctaqgo8.s 			page 198


 11211 390c A00E0000 		.4byte	.LLST180
 11212 3910 9E0E0000 		.4byte	.LVUS180
 11213 3914 00       		.byte	0
 11214 3915 00       		.byte	0
 11215 3916 00       		.byte	0
 11216 3917 0C       		.uleb128 0xc
 11217 3918 6A000000 		.4byte	.LVL275
 11218 391c 24170000 		.4byte	0x1724
 11219 3920 00       		.byte	0
 11220 3921 00       		.byte	0
 11221 3922 0F       		.uleb128 0xf
 11222 3923 F9320000 		.4byte	0x32f9
 11223 3927 80000000 		.4byte	.LBI761
 11224 392b 0200     		.2byte	.LVU1251
 11225 392d 88020000 		.4byte	.LLRL181
 11226 3931 01       		.byte	0x1
 11227 3932 2302     		.2byte	0x223
 11228 3934 05       		.byte	0x5
 11229 3935 6C390000 		.4byte	0x396c
 11230 3939 02       		.uleb128 0x2
 11231 393a 14330000 		.4byte	0x3314
 11232 393e AD0E0000 		.4byte	.LLST182
 11233 3942 AB0E0000 		.4byte	.LVUS182
 11234 3946 02       		.uleb128 0x2
 11235 3947 07330000 		.4byte	0x3307
 11236 394b BB0E0000 		.4byte	.LLST183
 11237 394f B70E0000 		.4byte	.LVUS183
 11238 3953 0E       		.uleb128 0xe
 11239 3954 84000000 		.4byte	.LVL277
 11240 3958 0E170000 		.4byte	0x170e
 11241 395c 04       		.uleb128 0x4
 11242 395d 01       		.uleb128 0x1
 11243 395e 50       		.byte	0x50
 11244 395f 05       		.uleb128 0x5
 11245 3960 03       		.byte	0x3
 11246 3961 60000000 		.4byte	USBD1+96
 11247 3965 04       		.uleb128 0x4
 11248 3966 01       		.uleb128 0x1
 11249 3967 51       		.byte	0x51
 11250 3968 01       		.uleb128 0x1
 11251 3969 30       		.byte	0x30
 11252 396a 00       		.byte	0
 11253 396b 00       		.byte	0
 11254 396c 06       		.uleb128 0x6
 11255 396d 66330000 		.4byte	0x3366
 11256 3971 84000000 		.4byte	.LBI767
 11257 3975 0200     		.2byte	.LVU1255
 11258 3977 84000000 		.4byte	.LBB767
 11259 397b 0A000000 		.4byte	.LBE767-.LBB767
 11260 397f 01       		.byte	0x1
 11261 3980 2402     		.2byte	0x224
 11262 3982 05       		.byte	0x5
 11263 3983 06       		.uleb128 0x6
 11264 3984 E1330000 		.4byte	0x33e1
 11265 3988 84000000 		.4byte	.LBI769
 11266 398c 0400     		.2byte	.LVU1257
 11267 398e 84000000 		.4byte	.LBB769
ARM GAS  /tmp/cctaqgo8.s 			page 199


 11268 3992 0A000000 		.4byte	.LBE769-.LBB769
 11269 3996 03       		.byte	0x3
 11270 3997 0E02     		.2byte	0x20e
 11271 3999 03       		.byte	0x3
 11272 399a 0A       		.uleb128 0xa
 11273 399b 17340000 		.4byte	0x3417
 11274 399f 88000000 		.4byte	.LBI771
 11275 39a3 0200     		.2byte	.LVU1261
 11276 39a5 88000000 		.4byte	.LBB771
 11277 39a9 06000000 		.4byte	.LBE771-.LBB771
 11278 39ad 04       		.byte	0x4
 11279 39ae 9A01     		.2byte	0x19a
 11280 39b0 03       		.byte	0x3
 11281 39b1 F3390000 		.4byte	0x39f3
 11282 39b5 06       		.uleb128 0x6
 11283 39b6 27340000 		.4byte	0x3427
 11284 39ba 88000000 		.4byte	.LBI772
 11285 39be 0400     		.2byte	.LVU1263
 11286 39c0 88000000 		.4byte	.LBB772
 11287 39c4 06000000 		.4byte	.LBE772-.LBB772
 11288 39c8 05       		.byte	0x5
 11289 39c9 E601     		.2byte	0x1e6
 11290 39cb 03       		.byte	0x3
 11291 39cc 06       		.uleb128 0x6
 11292 39cd 37340000 		.4byte	0x3437
 11293 39d1 88000000 		.4byte	.LBI773
 11294 39d5 0600     		.2byte	.LVU1265
 11295 39d7 88000000 		.4byte	.LBB773
 11296 39db 06000000 		.4byte	.LBE773-.LBB773
 11297 39df 05       		.byte	0x5
 11298 39e0 CD01     		.2byte	0x1cd
 11299 39e2 03       		.byte	0x3
 11300 39e3 02       		.uleb128 0x2
 11301 39e4 45340000 		.4byte	0x3445
 11302 39e8 D20E0000 		.4byte	.LLST184
 11303 39ec D00E0000 		.4byte	.LVUS184
 11304 39f0 00       		.byte	0
 11305 39f1 00       		.byte	0
 11306 39f2 00       		.byte	0
 11307 39f3 0C       		.uleb128 0xc
 11308 39f4 88000000 		.4byte	.LVL278
 11309 39f8 08170000 		.4byte	0x1708
 11310 39fc 00       		.byte	0
 11311 39fd 00       		.byte	0
 11312 39fe 00       		.byte	0
 11313 39ff 3B       		.uleb128 0x3b
 11314 3a00 18230000 		.4byte	0x2318
 11315 3a04 00000000 		.4byte	.LFB253
 11316 3a08 14000000 		.4byte	.LFE253-.LFB253
 11317 3a0c 01       		.uleb128 0x1
 11318 3a0d 9C       		.byte	0x9c
 11319 3a0e 273A0000 		.4byte	0x3a27
 11320 3a12 45       		.uleb128 0x45
 11321 3a13 23230000 		.4byte	0x2323
 11322 3a17 01       		.uleb128 0x1
 11323 3a18 50       		.byte	0x50
 11324 3a19 02       		.uleb128 0x2
ARM GAS  /tmp/cctaqgo8.s 			page 200


 11325 3a1a 30230000 		.4byte	0x2330
 11326 3a1e E00E0000 		.4byte	.LLST195
 11327 3a22 DC0E0000 		.4byte	.LVUS195
 11328 3a26 00       		.byte	0
 11329 3a27 62       		.uleb128 0x62
 11330 3a28 F3220000 		.4byte	0x22f3
 11331 3a2c 00000000 		.4byte	.LFB254
 11332 3a30 24000000 		.4byte	.LFE254-.LFB254
 11333 3a34 01       		.uleb128 0x1
 11334 3a35 9C       		.byte	0x9c
 11335 3a36 02       		.uleb128 0x2
 11336 3a37 FE220000 		.4byte	0x22fe
 11337 3a3b FD0E0000 		.4byte	.LLST196
 11338 3a3f F90E0000 		.4byte	.LVUS196
 11339 3a43 02       		.uleb128 0x2
 11340 3a44 0B230000 		.4byte	0x230b
 11341 3a48 1A0F0000 		.4byte	.LLST197
 11342 3a4c 160F0000 		.4byte	.LVUS197
 11343 3a50 00       		.byte	0
 11344 3a51 00       		.byte	0
 11345              		.section	.debug_abbrev,"",%progbits
 11346              	.Ldebug_abbrev0:
 11347 0000 01       		.uleb128 0x1
 11348 0001 0D       		.uleb128 0xd
 11349 0002 00       		.byte	0
 11350 0003 03       		.uleb128 0x3
 11351 0004 0E       		.uleb128 0xe
 11352 0005 3A       		.uleb128 0x3a
 11353 0006 0B       		.uleb128 0xb
 11354 0007 3B       		.uleb128 0x3b
 11355 0008 05       		.uleb128 0x5
 11356 0009 39       		.uleb128 0x39
 11357 000a 0B       		.uleb128 0xb
 11358 000b 49       		.uleb128 0x49
 11359 000c 13       		.uleb128 0x13
 11360 000d 38       		.uleb128 0x38
 11361 000e 0B       		.uleb128 0xb
 11362 000f 00       		.byte	0
 11363 0010 00       		.byte	0
 11364 0011 02       		.uleb128 0x2
 11365 0012 05       		.uleb128 0x5
 11366 0013 00       		.byte	0
 11367 0014 31       		.uleb128 0x31
 11368 0015 13       		.uleb128 0x13
 11369 0016 02       		.uleb128 0x2
 11370 0017 17       		.uleb128 0x17
 11371 0018 B742     		.uleb128 0x2137
 11372 001a 17       		.uleb128 0x17
 11373 001b 00       		.byte	0
 11374 001c 00       		.byte	0
 11375 001d 03       		.uleb128 0x3
 11376 001e 0D       		.uleb128 0xd
 11377 001f 00       		.byte	0
 11378 0020 03       		.uleb128 0x3
 11379 0021 0E       		.uleb128 0xe
 11380 0022 3A       		.uleb128 0x3a
 11381 0023 0B       		.uleb128 0xb
ARM GAS  /tmp/cctaqgo8.s 			page 201


 11382 0024 3B       		.uleb128 0x3b
 11383 0025 0B       		.uleb128 0xb
 11384 0026 39       		.uleb128 0x39
 11385 0027 0B       		.uleb128 0xb
 11386 0028 49       		.uleb128 0x49
 11387 0029 13       		.uleb128 0x13
 11388 002a 38       		.uleb128 0x38
 11389 002b 0B       		.uleb128 0xb
 11390 002c 00       		.byte	0
 11391 002d 00       		.byte	0
 11392 002e 04       		.uleb128 0x4
 11393 002f 49       		.uleb128 0x49
 11394 0030 00       		.byte	0
 11395 0031 02       		.uleb128 0x2
 11396 0032 18       		.uleb128 0x18
 11397 0033 7E       		.uleb128 0x7e
 11398 0034 18       		.uleb128 0x18
 11399 0035 00       		.byte	0
 11400 0036 00       		.byte	0
 11401 0037 05       		.uleb128 0x5
 11402 0038 16       		.uleb128 0x16
 11403 0039 00       		.byte	0
 11404 003a 03       		.uleb128 0x3
 11405 003b 0E       		.uleb128 0xe
 11406 003c 3A       		.uleb128 0x3a
 11407 003d 0B       		.uleb128 0xb
 11408 003e 3B       		.uleb128 0x3b
 11409 003f 0B       		.uleb128 0xb
 11410 0040 39       		.uleb128 0x39
 11411 0041 0B       		.uleb128 0xb
 11412 0042 49       		.uleb128 0x49
 11413 0043 13       		.uleb128 0x13
 11414 0044 00       		.byte	0
 11415 0045 00       		.byte	0
 11416 0046 06       		.uleb128 0x6
 11417 0047 1D       		.uleb128 0x1d
 11418 0048 01       		.byte	0x1
 11419 0049 31       		.uleb128 0x31
 11420 004a 13       		.uleb128 0x13
 11421 004b 52       		.uleb128 0x52
 11422 004c 01       		.uleb128 0x1
 11423 004d B842     		.uleb128 0x2138
 11424 004f 05       		.uleb128 0x5
 11425 0050 11       		.uleb128 0x11
 11426 0051 01       		.uleb128 0x1
 11427 0052 12       		.uleb128 0x12
 11428 0053 06       		.uleb128 0x6
 11429 0054 58       		.uleb128 0x58
 11430 0055 0B       		.uleb128 0xb
 11431 0056 59       		.uleb128 0x59
 11432 0057 05       		.uleb128 0x5
 11433 0058 57       		.uleb128 0x57
 11434 0059 0B       		.uleb128 0xb
 11435 005a 00       		.byte	0
 11436 005b 00       		.byte	0
 11437 005c 07       		.uleb128 0x7
 11438 005d 05       		.uleb128 0x5
ARM GAS  /tmp/cctaqgo8.s 			page 202


 11439 005e 00       		.byte	0
 11440 005f 49       		.uleb128 0x49
 11441 0060 13       		.uleb128 0x13
 11442 0061 00       		.byte	0
 11443 0062 00       		.byte	0
 11444 0063 08       		.uleb128 0x8
 11445 0064 0D       		.uleb128 0xd
 11446 0065 00       		.byte	0
 11447 0066 03       		.uleb128 0x3
 11448 0067 0E       		.uleb128 0xe
 11449 0068 3A       		.uleb128 0x3a
 11450 0069 21       		.uleb128 0x21
 11451 006a 16       		.sleb128 22
 11452 006b 3B       		.uleb128 0x3b
 11453 006c 0B       		.uleb128 0xb
 11454 006d 39       		.uleb128 0x39
 11455 006e 21       		.uleb128 0x21
 11456 006f 15       		.sleb128 21
 11457 0070 49       		.uleb128 0x49
 11458 0071 13       		.uleb128 0x13
 11459 0072 38       		.uleb128 0x38
 11460 0073 05       		.uleb128 0x5
 11461 0074 00       		.byte	0
 11462 0075 00       		.byte	0
 11463 0076 09       		.uleb128 0x9
 11464 0077 34       		.uleb128 0x34
 11465 0078 00       		.byte	0
 11466 0079 31       		.uleb128 0x31
 11467 007a 13       		.uleb128 0x13
 11468 007b 02       		.uleb128 0x2
 11469 007c 17       		.uleb128 0x17
 11470 007d B742     		.uleb128 0x2137
 11471 007f 17       		.uleb128 0x17
 11472 0080 00       		.byte	0
 11473 0081 00       		.byte	0
 11474 0082 0A       		.uleb128 0xa
 11475 0083 1D       		.uleb128 0x1d
 11476 0084 01       		.byte	0x1
 11477 0085 31       		.uleb128 0x31
 11478 0086 13       		.uleb128 0x13
 11479 0087 52       		.uleb128 0x52
 11480 0088 01       		.uleb128 0x1
 11481 0089 B842     		.uleb128 0x2138
 11482 008b 05       		.uleb128 0x5
 11483 008c 11       		.uleb128 0x11
 11484 008d 01       		.uleb128 0x1
 11485 008e 12       		.uleb128 0x12
 11486 008f 06       		.uleb128 0x6
 11487 0090 58       		.uleb128 0x58
 11488 0091 0B       		.uleb128 0xb
 11489 0092 59       		.uleb128 0x59
 11490 0093 05       		.uleb128 0x5
 11491 0094 57       		.uleb128 0x57
 11492 0095 0B       		.uleb128 0xb
 11493 0096 01       		.uleb128 0x1
 11494 0097 13       		.uleb128 0x13
 11495 0098 00       		.byte	0
ARM GAS  /tmp/cctaqgo8.s 			page 203


 11496 0099 00       		.byte	0
 11497 009a 0B       		.uleb128 0xb
 11498 009b 0F       		.uleb128 0xf
 11499 009c 00       		.byte	0
 11500 009d 0B       		.uleb128 0xb
 11501 009e 21       		.uleb128 0x21
 11502 009f 04       		.sleb128 4
 11503 00a0 49       		.uleb128 0x49
 11504 00a1 13       		.uleb128 0x13
 11505 00a2 00       		.byte	0
 11506 00a3 00       		.byte	0
 11507 00a4 0C       		.uleb128 0xc
 11508 00a5 48       		.uleb128 0x48
 11509 00a6 00       		.byte	0
 11510 00a7 7D       		.uleb128 0x7d
 11511 00a8 01       		.uleb128 0x1
 11512 00a9 7F       		.uleb128 0x7f
 11513 00aa 13       		.uleb128 0x13
 11514 00ab 00       		.byte	0
 11515 00ac 00       		.byte	0
 11516 00ad 0D       		.uleb128 0xd
 11517 00ae 0D       		.uleb128 0xd
 11518 00af 00       		.byte	0
 11519 00b0 03       		.uleb128 0x3
 11520 00b1 08       		.uleb128 0x8
 11521 00b2 3A       		.uleb128 0x3a
 11522 00b3 0B       		.uleb128 0xb
 11523 00b4 3B       		.uleb128 0x3b
 11524 00b5 05       		.uleb128 0x5
 11525 00b6 39       		.uleb128 0x39
 11526 00b7 0B       		.uleb128 0xb
 11527 00b8 49       		.uleb128 0x49
 11528 00b9 13       		.uleb128 0x13
 11529 00ba 38       		.uleb128 0x38
 11530 00bb 0B       		.uleb128 0xb
 11531 00bc 00       		.byte	0
 11532 00bd 00       		.byte	0
 11533 00be 0E       		.uleb128 0xe
 11534 00bf 48       		.uleb128 0x48
 11535 00c0 01       		.byte	0x1
 11536 00c1 7D       		.uleb128 0x7d
 11537 00c2 01       		.uleb128 0x1
 11538 00c3 7F       		.uleb128 0x7f
 11539 00c4 13       		.uleb128 0x13
 11540 00c5 00       		.byte	0
 11541 00c6 00       		.byte	0
 11542 00c7 0F       		.uleb128 0xf
 11543 00c8 1D       		.uleb128 0x1d
 11544 00c9 01       		.byte	0x1
 11545 00ca 31       		.uleb128 0x31
 11546 00cb 13       		.uleb128 0x13
 11547 00cc 52       		.uleb128 0x52
 11548 00cd 01       		.uleb128 0x1
 11549 00ce B842     		.uleb128 0x2138
 11550 00d0 05       		.uleb128 0x5
 11551 00d1 55       		.uleb128 0x55
 11552 00d2 17       		.uleb128 0x17
ARM GAS  /tmp/cctaqgo8.s 			page 204


 11553 00d3 58       		.uleb128 0x58
 11554 00d4 0B       		.uleb128 0xb
 11555 00d5 59       		.uleb128 0x59
 11556 00d6 05       		.uleb128 0x5
 11557 00d7 57       		.uleb128 0x57
 11558 00d8 0B       		.uleb128 0xb
 11559 00d9 01       		.uleb128 0x1
 11560 00da 13       		.uleb128 0x13
 11561 00db 00       		.byte	0
 11562 00dc 00       		.byte	0
 11563 00dd 10       		.uleb128 0x10
 11564 00de 28       		.uleb128 0x28
 11565 00df 00       		.byte	0
 11566 00e0 03       		.uleb128 0x3
 11567 00e1 0E       		.uleb128 0xe
 11568 00e2 1C       		.uleb128 0x1c
 11569 00e3 0B       		.uleb128 0xb
 11570 00e4 00       		.byte	0
 11571 00e5 00       		.byte	0
 11572 00e6 11       		.uleb128 0x11
 11573 00e7 01       		.uleb128 0x1
 11574 00e8 01       		.byte	0x1
 11575 00e9 49       		.uleb128 0x49
 11576 00ea 13       		.uleb128 0x13
 11577 00eb 01       		.uleb128 0x1
 11578 00ec 13       		.uleb128 0x13
 11579 00ed 00       		.byte	0
 11580 00ee 00       		.byte	0
 11581 00ef 12       		.uleb128 0x12
 11582 00f0 21       		.uleb128 0x21
 11583 00f1 00       		.byte	0
 11584 00f2 49       		.uleb128 0x49
 11585 00f3 13       		.uleb128 0x13
 11586 00f4 2F       		.uleb128 0x2f
 11587 00f5 0B       		.uleb128 0xb
 11588 00f6 00       		.byte	0
 11589 00f7 00       		.byte	0
 11590 00f8 13       		.uleb128 0x13
 11591 00f9 0B       		.uleb128 0xb
 11592 00fa 01       		.byte	0x1
 11593 00fb 55       		.uleb128 0x55
 11594 00fc 17       		.uleb128 0x17
 11595 00fd 00       		.byte	0
 11596 00fe 00       		.byte	0
 11597 00ff 14       		.uleb128 0x14
 11598 0100 05       		.uleb128 0x5
 11599 0101 00       		.byte	0
 11600 0102 03       		.uleb128 0x3
 11601 0103 08       		.uleb128 0x8
 11602 0104 3A       		.uleb128 0x3a
 11603 0105 0B       		.uleb128 0xb
 11604 0106 3B       		.uleb128 0x3b
 11605 0107 05       		.uleb128 0x5
 11606 0108 39       		.uleb128 0x39
 11607 0109 0B       		.uleb128 0xb
 11608 010a 49       		.uleb128 0x49
 11609 010b 13       		.uleb128 0x13
ARM GAS  /tmp/cctaqgo8.s 			page 205


 11610 010c 00       		.byte	0
 11611 010d 00       		.byte	0
 11612 010e 15       		.uleb128 0x15
 11613 010f 2E       		.uleb128 0x2e
 11614 0110 01       		.byte	0x1
 11615 0111 3F       		.uleb128 0x3f
 11616 0112 19       		.uleb128 0x19
 11617 0113 03       		.uleb128 0x3
 11618 0114 0E       		.uleb128 0xe
 11619 0115 3A       		.uleb128 0x3a
 11620 0116 21       		.uleb128 0x21
 11621 0117 01       		.sleb128 1
 11622 0118 3B       		.uleb128 0x3b
 11623 0119 05       		.uleb128 0x5
 11624 011a 39       		.uleb128 0x39
 11625 011b 0B       		.uleb128 0xb
 11626 011c 27       		.uleb128 0x27
 11627 011d 19       		.uleb128 0x19
 11628 011e 11       		.uleb128 0x11
 11629 011f 01       		.uleb128 0x1
 11630 0120 12       		.uleb128 0x12
 11631 0121 06       		.uleb128 0x6
 11632 0122 40       		.uleb128 0x40
 11633 0123 18       		.uleb128 0x18
 11634 0124 7A       		.uleb128 0x7a
 11635 0125 19       		.uleb128 0x19
 11636 0126 01       		.uleb128 0x1
 11637 0127 13       		.uleb128 0x13
 11638 0128 00       		.byte	0
 11639 0129 00       		.byte	0
 11640 012a 16       		.uleb128 0x16
 11641 012b 1D       		.uleb128 0x1d
 11642 012c 01       		.byte	0x1
 11643 012d 31       		.uleb128 0x31
 11644 012e 13       		.uleb128 0x13
 11645 012f 52       		.uleb128 0x52
 11646 0130 01       		.uleb128 0x1
 11647 0131 B842     		.uleb128 0x2138
 11648 0133 05       		.uleb128 0x5
 11649 0134 55       		.uleb128 0x55
 11650 0135 17       		.uleb128 0x17
 11651 0136 58       		.uleb128 0x58
 11652 0137 0B       		.uleb128 0xb
 11653 0138 59       		.uleb128 0x59
 11654 0139 05       		.uleb128 0x5
 11655 013a 57       		.uleb128 0x57
 11656 013b 0B       		.uleb128 0xb
 11657 013c 00       		.byte	0
 11658 013d 00       		.byte	0
 11659 013e 17       		.uleb128 0x17
 11660 013f 16       		.uleb128 0x16
 11661 0140 00       		.byte	0
 11662 0141 03       		.uleb128 0x3
 11663 0142 0E       		.uleb128 0xe
 11664 0143 3A       		.uleb128 0x3a
 11665 0144 0B       		.uleb128 0xb
 11666 0145 3B       		.uleb128 0x3b
ARM GAS  /tmp/cctaqgo8.s 			page 206


 11667 0146 05       		.uleb128 0x5
 11668 0147 39       		.uleb128 0x39
 11669 0148 0B       		.uleb128 0xb
 11670 0149 49       		.uleb128 0x49
 11671 014a 13       		.uleb128 0x13
 11672 014b 00       		.byte	0
 11673 014c 00       		.byte	0
 11674 014d 18       		.uleb128 0x18
 11675 014e 35       		.uleb128 0x35
 11676 014f 00       		.byte	0
 11677 0150 49       		.uleb128 0x49
 11678 0151 13       		.uleb128 0x13
 11679 0152 00       		.byte	0
 11680 0153 00       		.byte	0
 11681 0154 19       		.uleb128 0x19
 11682 0155 48       		.uleb128 0x48
 11683 0156 01       		.byte	0x1
 11684 0157 7D       		.uleb128 0x7d
 11685 0158 01       		.uleb128 0x1
 11686 0159 7F       		.uleb128 0x7f
 11687 015a 13       		.uleb128 0x13
 11688 015b 01       		.uleb128 0x1
 11689 015c 13       		.uleb128 0x13
 11690 015d 00       		.byte	0
 11691 015e 00       		.byte	0
 11692 015f 1A       		.uleb128 0x1a
 11693 0160 34       		.uleb128 0x34
 11694 0161 00       		.byte	0
 11695 0162 03       		.uleb128 0x3
 11696 0163 08       		.uleb128 0x8
 11697 0164 3A       		.uleb128 0x3a
 11698 0165 21       		.uleb128 0x21
 11699 0166 01       		.sleb128 1
 11700 0167 3B       		.uleb128 0x3b
 11701 0168 05       		.uleb128 0x5
 11702 0169 39       		.uleb128 0x39
 11703 016a 0B       		.uleb128 0xb
 11704 016b 49       		.uleb128 0x49
 11705 016c 13       		.uleb128 0x13
 11706 016d 00       		.byte	0
 11707 016e 00       		.byte	0
 11708 016f 1B       		.uleb128 0x1b
 11709 0170 0D       		.uleb128 0xd
 11710 0171 00       		.byte	0
 11711 0172 03       		.uleb128 0x3
 11712 0173 08       		.uleb128 0x8
 11713 0174 3A       		.uleb128 0x3a
 11714 0175 0B       		.uleb128 0xb
 11715 0176 3B       		.uleb128 0x3b
 11716 0177 0B       		.uleb128 0xb
 11717 0178 39       		.uleb128 0x39
 11718 0179 0B       		.uleb128 0xb
 11719 017a 49       		.uleb128 0x49
 11720 017b 13       		.uleb128 0x13
 11721 017c 38       		.uleb128 0x38
 11722 017d 0B       		.uleb128 0xb
 11723 017e 00       		.byte	0
ARM GAS  /tmp/cctaqgo8.s 			page 207


 11724 017f 00       		.byte	0
 11725 0180 1C       		.uleb128 0x1c
 11726 0181 34       		.uleb128 0x34
 11727 0182 00       		.byte	0
 11728 0183 03       		.uleb128 0x3
 11729 0184 0E       		.uleb128 0xe
 11730 0185 3A       		.uleb128 0x3a
 11731 0186 21       		.uleb128 0x21
 11732 0187 01       		.sleb128 1
 11733 0188 3B       		.uleb128 0x3b
 11734 0189 05       		.uleb128 0x5
 11735 018a 39       		.uleb128 0x39
 11736 018b 0B       		.uleb128 0xb
 11737 018c 49       		.uleb128 0x49
 11738 018d 13       		.uleb128 0x13
 11739 018e 02       		.uleb128 0x2
 11740 018f 17       		.uleb128 0x17
 11741 0190 B742     		.uleb128 0x2137
 11742 0192 17       		.uleb128 0x17
 11743 0193 00       		.byte	0
 11744 0194 00       		.byte	0
 11745 0195 1D       		.uleb128 0x1d
 11746 0196 05       		.uleb128 0x5
 11747 0197 00       		.byte	0
 11748 0198 03       		.uleb128 0x3
 11749 0199 0E       		.uleb128 0xe
 11750 019a 3A       		.uleb128 0x3a
 11751 019b 0B       		.uleb128 0xb
 11752 019c 3B       		.uleb128 0x3b
 11753 019d 05       		.uleb128 0x5
 11754 019e 39       		.uleb128 0x39
 11755 019f 0B       		.uleb128 0xb
 11756 01a0 49       		.uleb128 0x49
 11757 01a1 13       		.uleb128 0x13
 11758 01a2 00       		.byte	0
 11759 01a3 00       		.byte	0
 11760 01a4 1E       		.uleb128 0x1e
 11761 01a5 05       		.uleb128 0x5
 11762 01a6 00       		.byte	0
 11763 01a7 03       		.uleb128 0x3
 11764 01a8 0E       		.uleb128 0xe
 11765 01a9 3A       		.uleb128 0x3a
 11766 01aa 0B       		.uleb128 0xb
 11767 01ab 3B       		.uleb128 0x3b
 11768 01ac 0B       		.uleb128 0xb
 11769 01ad 39       		.uleb128 0x39
 11770 01ae 0B       		.uleb128 0xb
 11771 01af 49       		.uleb128 0x49
 11772 01b0 13       		.uleb128 0x13
 11773 01b1 00       		.byte	0
 11774 01b2 00       		.byte	0
 11775 01b3 1F       		.uleb128 0x1f
 11776 01b4 2E       		.uleb128 0x2e
 11777 01b5 00       		.byte	0
 11778 01b6 03       		.uleb128 0x3
 11779 01b7 0E       		.uleb128 0xe
 11780 01b8 3A       		.uleb128 0x3a
ARM GAS  /tmp/cctaqgo8.s 			page 208


 11781 01b9 0B       		.uleb128 0xb
 11782 01ba 3B       		.uleb128 0x3b
 11783 01bb 05       		.uleb128 0x5
 11784 01bc 39       		.uleb128 0x39
 11785 01bd 21       		.uleb128 0x21
 11786 01be 14       		.sleb128 20
 11787 01bf 27       		.uleb128 0x27
 11788 01c0 19       		.uleb128 0x19
 11789 01c1 20       		.uleb128 0x20
 11790 01c2 21       		.uleb128 0x21
 11791 01c3 03       		.sleb128 3
 11792 01c4 00       		.byte	0
 11793 01c5 00       		.byte	0
 11794 01c6 20       		.uleb128 0x20
 11795 01c7 24       		.uleb128 0x24
 11796 01c8 00       		.byte	0
 11797 01c9 0B       		.uleb128 0xb
 11798 01ca 0B       		.uleb128 0xb
 11799 01cb 3E       		.uleb128 0x3e
 11800 01cc 0B       		.uleb128 0xb
 11801 01cd 03       		.uleb128 0x3
 11802 01ce 0E       		.uleb128 0xe
 11803 01cf 00       		.byte	0
 11804 01d0 00       		.byte	0
 11805 01d1 21       		.uleb128 0x21
 11806 01d2 05       		.uleb128 0x5
 11807 01d3 00       		.byte	0
 11808 01d4 03       		.uleb128 0x3
 11809 01d5 08       		.uleb128 0x8
 11810 01d6 3A       		.uleb128 0x3a
 11811 01d7 21       		.uleb128 0x21
 11812 01d8 01       		.sleb128 1
 11813 01d9 3B       		.uleb128 0x3b
 11814 01da 05       		.uleb128 0x5
 11815 01db 39       		.uleb128 0x39
 11816 01dc 0B       		.uleb128 0xb
 11817 01dd 49       		.uleb128 0x49
 11818 01de 13       		.uleb128 0x13
 11819 01df 02       		.uleb128 0x2
 11820 01e0 17       		.uleb128 0x17
 11821 01e1 B742     		.uleb128 0x2137
 11822 01e3 17       		.uleb128 0x17
 11823 01e4 00       		.byte	0
 11824 01e5 00       		.byte	0
 11825 01e6 22       		.uleb128 0x22
 11826 01e7 49       		.uleb128 0x49
 11827 01e8 00       		.byte	0
 11828 01e9 8001     		.uleb128 0x80
 11829 01eb 13       		.uleb128 0x13
 11830 01ec 7E       		.uleb128 0x7e
 11831 01ed 18       		.uleb128 0x18
 11832 01ee 00       		.byte	0
 11833 01ef 00       		.byte	0
 11834 01f0 23       		.uleb128 0x23
 11835 01f1 2E       		.uleb128 0x2e
 11836 01f2 01       		.byte	0x1
 11837 01f3 03       		.uleb128 0x3
ARM GAS  /tmp/cctaqgo8.s 			page 209


 11838 01f4 0E       		.uleb128 0xe
 11839 01f5 3A       		.uleb128 0x3a
 11840 01f6 0B       		.uleb128 0xb
 11841 01f7 3B       		.uleb128 0x3b
 11842 01f8 05       		.uleb128 0x5
 11843 01f9 39       		.uleb128 0x39
 11844 01fa 0B       		.uleb128 0xb
 11845 01fb 27       		.uleb128 0x27
 11846 01fc 19       		.uleb128 0x19
 11847 01fd 20       		.uleb128 0x20
 11848 01fe 0B       		.uleb128 0xb
 11849 01ff 01       		.uleb128 0x1
 11850 0200 13       		.uleb128 0x13
 11851 0201 00       		.byte	0
 11852 0202 00       		.byte	0
 11853 0203 24       		.uleb128 0x24
 11854 0204 05       		.uleb128 0x5
 11855 0205 00       		.byte	0
 11856 0206 03       		.uleb128 0x3
 11857 0207 0E       		.uleb128 0xe
 11858 0208 3A       		.uleb128 0x3a
 11859 0209 21       		.uleb128 0x21
 11860 020a 01       		.sleb128 1
 11861 020b 3B       		.uleb128 0x3b
 11862 020c 05       		.uleb128 0x5
 11863 020d 39       		.uleb128 0x39
 11864 020e 0B       		.uleb128 0xb
 11865 020f 49       		.uleb128 0x49
 11866 0210 13       		.uleb128 0x13
 11867 0211 02       		.uleb128 0x2
 11868 0212 17       		.uleb128 0x17
 11869 0213 B742     		.uleb128 0x2137
 11870 0215 17       		.uleb128 0x17
 11871 0216 00       		.byte	0
 11872 0217 00       		.byte	0
 11873 0218 25       		.uleb128 0x25
 11874 0219 34       		.uleb128 0x34
 11875 021a 00       		.byte	0
 11876 021b 03       		.uleb128 0x3
 11877 021c 0E       		.uleb128 0xe
 11878 021d 3A       		.uleb128 0x3a
 11879 021e 21       		.uleb128 0x21
 11880 021f 01       		.sleb128 1
 11881 0220 3B       		.uleb128 0x3b
 11882 0221 05       		.uleb128 0x5
 11883 0222 39       		.uleb128 0x39
 11884 0223 0B       		.uleb128 0xb
 11885 0224 49       		.uleb128 0x49
 11886 0225 13       		.uleb128 0x13
 11887 0226 00       		.byte	0
 11888 0227 00       		.byte	0
 11889 0228 26       		.uleb128 0x26
 11890 0229 13       		.uleb128 0x13
 11891 022a 01       		.byte	0x1
 11892 022b 0B       		.uleb128 0xb
 11893 022c 0B       		.uleb128 0xb
 11894 022d 3A       		.uleb128 0x3a
ARM GAS  /tmp/cctaqgo8.s 			page 210


 11895 022e 0B       		.uleb128 0xb
 11896 022f 3B       		.uleb128 0x3b
 11897 0230 0B       		.uleb128 0xb
 11898 0231 39       		.uleb128 0x39
 11899 0232 0B       		.uleb128 0xb
 11900 0233 01       		.uleb128 0x1
 11901 0234 13       		.uleb128 0x13
 11902 0235 00       		.byte	0
 11903 0236 00       		.byte	0
 11904 0237 27       		.uleb128 0x27
 11905 0238 0B       		.uleb128 0xb
 11906 0239 01       		.byte	0x1
 11907 023a 00       		.byte	0
 11908 023b 00       		.byte	0
 11909 023c 28       		.uleb128 0x28
 11910 023d 26       		.uleb128 0x26
 11911 023e 00       		.byte	0
 11912 023f 49       		.uleb128 0x49
 11913 0240 13       		.uleb128 0x13
 11914 0241 00       		.byte	0
 11915 0242 00       		.byte	0
 11916 0243 29       		.uleb128 0x29
 11917 0244 0D       		.uleb128 0xd
 11918 0245 00       		.byte	0
 11919 0246 03       		.uleb128 0x3
 11920 0247 0E       		.uleb128 0xe
 11921 0248 3A       		.uleb128 0x3a
 11922 0249 0B       		.uleb128 0xb
 11923 024a 3B       		.uleb128 0x3b
 11924 024b 05       		.uleb128 0x5
 11925 024c 39       		.uleb128 0x39
 11926 024d 0B       		.uleb128 0xb
 11927 024e 49       		.uleb128 0x49
 11928 024f 13       		.uleb128 0x13
 11929 0250 00       		.byte	0
 11930 0251 00       		.byte	0
 11931 0252 2A       		.uleb128 0x2a
 11932 0253 2E       		.uleb128 0x2e
 11933 0254 01       		.byte	0x1
 11934 0255 03       		.uleb128 0x3
 11935 0256 0E       		.uleb128 0xe
 11936 0257 3A       		.uleb128 0x3a
 11937 0258 0B       		.uleb128 0xb
 11938 0259 3B       		.uleb128 0x3b
 11939 025a 0B       		.uleb128 0xb
 11940 025b 39       		.uleb128 0x39
 11941 025c 0B       		.uleb128 0xb
 11942 025d 27       		.uleb128 0x27
 11943 025e 19       		.uleb128 0x19
 11944 025f 20       		.uleb128 0x20
 11945 0260 0B       		.uleb128 0xb
 11946 0261 01       		.uleb128 0x1
 11947 0262 13       		.uleb128 0x13
 11948 0263 00       		.byte	0
 11949 0264 00       		.byte	0
 11950 0265 2B       		.uleb128 0x2b
 11951 0266 13       		.uleb128 0x13
ARM GAS  /tmp/cctaqgo8.s 			page 211


 11952 0267 01       		.byte	0x1
 11953 0268 03       		.uleb128 0x3
 11954 0269 0E       		.uleb128 0xe
 11955 026a 0B       		.uleb128 0xb
 11956 026b 0B       		.uleb128 0xb
 11957 026c 3A       		.uleb128 0x3a
 11958 026d 0B       		.uleb128 0xb
 11959 026e 3B       		.uleb128 0x3b
 11960 026f 0B       		.uleb128 0xb
 11961 0270 39       		.uleb128 0x39
 11962 0271 0B       		.uleb128 0xb
 11963 0272 01       		.uleb128 0x1
 11964 0273 13       		.uleb128 0x13
 11965 0274 00       		.byte	0
 11966 0275 00       		.byte	0
 11967 0276 2C       		.uleb128 0x2c
 11968 0277 2E       		.uleb128 0x2e
 11969 0278 01       		.byte	0x1
 11970 0279 3F       		.uleb128 0x3f
 11971 027a 19       		.uleb128 0x19
 11972 027b 03       		.uleb128 0x3
 11973 027c 0E       		.uleb128 0xe
 11974 027d 3A       		.uleb128 0x3a
 11975 027e 0B       		.uleb128 0xb
 11976 027f 3B       		.uleb128 0x3b
 11977 0280 05       		.uleb128 0x5
 11978 0281 39       		.uleb128 0x39
 11979 0282 21       		.uleb128 0x21
 11980 0283 08       		.sleb128 8
 11981 0284 27       		.uleb128 0x27
 11982 0285 19       		.uleb128 0x19
 11983 0286 3C       		.uleb128 0x3c
 11984 0287 19       		.uleb128 0x19
 11985 0288 01       		.uleb128 0x1
 11986 0289 13       		.uleb128 0x13
 11987 028a 00       		.byte	0
 11988 028b 00       		.byte	0
 11989 028c 2D       		.uleb128 0x2d
 11990 028d 34       		.uleb128 0x34
 11991 028e 00       		.byte	0
 11992 028f 03       		.uleb128 0x3
 11993 0290 08       		.uleb128 0x8
 11994 0291 3A       		.uleb128 0x3a
 11995 0292 21       		.uleb128 0x21
 11996 0293 01       		.sleb128 1
 11997 0294 3B       		.uleb128 0x3b
 11998 0295 05       		.uleb128 0x5
 11999 0296 39       		.uleb128 0x39
 12000 0297 0B       		.uleb128 0xb
 12001 0298 49       		.uleb128 0x49
 12002 0299 13       		.uleb128 0x13
 12003 029a 02       		.uleb128 0x2
 12004 029b 17       		.uleb128 0x17
 12005 029c B742     		.uleb128 0x2137
 12006 029e 17       		.uleb128 0x17
 12007 029f 00       		.byte	0
 12008 02a0 00       		.byte	0
ARM GAS  /tmp/cctaqgo8.s 			page 212


 12009 02a1 2E       		.uleb128 0x2e
 12010 02a2 05       		.uleb128 0x5
 12011 02a3 00       		.byte	0
 12012 02a4 03       		.uleb128 0x3
 12013 02a5 08       		.uleb128 0x8
 12014 02a6 3A       		.uleb128 0x3a
 12015 02a7 0B       		.uleb128 0xb
 12016 02a8 3B       		.uleb128 0x3b
 12017 02a9 0B       		.uleb128 0xb
 12018 02aa 39       		.uleb128 0x39
 12019 02ab 0B       		.uleb128 0xb
 12020 02ac 49       		.uleb128 0x49
 12021 02ad 13       		.uleb128 0x13
 12022 02ae 00       		.byte	0
 12023 02af 00       		.byte	0
 12024 02b0 2F       		.uleb128 0x2f
 12025 02b1 13       		.uleb128 0x13
 12026 02b2 01       		.byte	0x1
 12027 02b3 0B       		.uleb128 0xb
 12028 02b4 0B       		.uleb128 0xb
 12029 02b5 3A       		.uleb128 0x3a
 12030 02b6 0B       		.uleb128 0xb
 12031 02b7 3B       		.uleb128 0x3b
 12032 02b8 05       		.uleb128 0x5
 12033 02b9 39       		.uleb128 0x39
 12034 02ba 0B       		.uleb128 0xb
 12035 02bb 01       		.uleb128 0x1
 12036 02bc 13       		.uleb128 0x13
 12037 02bd 00       		.byte	0
 12038 02be 00       		.byte	0
 12039 02bf 30       		.uleb128 0x30
 12040 02c0 2E       		.uleb128 0x2e
 12041 02c1 00       		.byte	0
 12042 02c2 3F       		.uleb128 0x3f
 12043 02c3 19       		.uleb128 0x19
 12044 02c4 03       		.uleb128 0x3
 12045 02c5 0E       		.uleb128 0xe
 12046 02c6 3A       		.uleb128 0x3a
 12047 02c7 21       		.uleb128 0x21
 12048 02c8 17       		.sleb128 23
 12049 02c9 3B       		.uleb128 0x3b
 12050 02ca 0B       		.uleb128 0xb
 12051 02cb 39       		.uleb128 0x39
 12052 02cc 21       		.uleb128 0x21
 12053 02cd 08       		.sleb128 8
 12054 02ce 27       		.uleb128 0x27
 12055 02cf 19       		.uleb128 0x19
 12056 02d0 3C       		.uleb128 0x3c
 12057 02d1 19       		.uleb128 0x19
 12058 02d2 00       		.byte	0
 12059 02d3 00       		.byte	0
 12060 02d4 31       		.uleb128 0x31
 12061 02d5 34       		.uleb128 0x34
 12062 02d6 00       		.byte	0
 12063 02d7 03       		.uleb128 0x3
 12064 02d8 0E       		.uleb128 0xe
 12065 02d9 3A       		.uleb128 0x3a
ARM GAS  /tmp/cctaqgo8.s 			page 213


 12066 02da 21       		.uleb128 0x21
 12067 02db 01       		.sleb128 1
 12068 02dc 3B       		.uleb128 0x3b
 12069 02dd 0B       		.uleb128 0xb
 12070 02de 39       		.uleb128 0x39
 12071 02df 0B       		.uleb128 0xb
 12072 02e0 49       		.uleb128 0x49
 12073 02e1 13       		.uleb128 0x13
 12074 02e2 00       		.byte	0
 12075 02e3 00       		.byte	0
 12076 02e4 32       		.uleb128 0x32
 12077 02e5 15       		.uleb128 0x15
 12078 02e6 01       		.byte	0x1
 12079 02e7 27       		.uleb128 0x27
 12080 02e8 19       		.uleb128 0x19
 12081 02e9 01       		.uleb128 0x1
 12082 02ea 13       		.uleb128 0x13
 12083 02eb 00       		.byte	0
 12084 02ec 00       		.byte	0
 12085 02ed 33       		.uleb128 0x33
 12086 02ee 1D       		.uleb128 0x1d
 12087 02ef 01       		.byte	0x1
 12088 02f0 31       		.uleb128 0x31
 12089 02f1 13       		.uleb128 0x13
 12090 02f2 52       		.uleb128 0x52
 12091 02f3 01       		.uleb128 0x1
 12092 02f4 B842     		.uleb128 0x2138
 12093 02f6 05       		.uleb128 0x5
 12094 02f7 11       		.uleb128 0x11
 12095 02f8 01       		.uleb128 0x1
 12096 02f9 12       		.uleb128 0x12
 12097 02fa 06       		.uleb128 0x6
 12098 02fb 58       		.uleb128 0x58
 12099 02fc 21       		.uleb128 0x21
 12100 02fd 01       		.sleb128 1
 12101 02fe 59       		.uleb128 0x59
 12102 02ff 0B       		.uleb128 0xb
 12103 0300 57       		.uleb128 0x57
 12104 0301 21       		.uleb128 0x21
 12105 0302 03       		.sleb128 3
 12106 0303 00       		.byte	0
 12107 0304 00       		.byte	0
 12108 0305 34       		.uleb128 0x34
 12109 0306 05       		.uleb128 0x5
 12110 0307 00       		.byte	0
 12111 0308 03       		.uleb128 0x3
 12112 0309 0E       		.uleb128 0xe
 12113 030a 3A       		.uleb128 0x3a
 12114 030b 21       		.uleb128 0x21
 12115 030c 01       		.sleb128 1
 12116 030d 3B       		.uleb128 0x3b
 12117 030e 05       		.uleb128 0x5
 12118 030f 39       		.uleb128 0x39
 12119 0310 0B       		.uleb128 0xb
 12120 0311 49       		.uleb128 0x49
 12121 0312 13       		.uleb128 0x13
 12122 0313 02       		.uleb128 0x2
ARM GAS  /tmp/cctaqgo8.s 			page 214


 12123 0314 18       		.uleb128 0x18
 12124 0315 00       		.byte	0
 12125 0316 00       		.byte	0
 12126 0317 35       		.uleb128 0x35
 12127 0318 13       		.uleb128 0x13
 12128 0319 01       		.byte	0x1
 12129 031a 03       		.uleb128 0x3
 12130 031b 0E       		.uleb128 0xe
 12131 031c 0B       		.uleb128 0xb
 12132 031d 0B       		.uleb128 0xb
 12133 031e 3A       		.uleb128 0x3a
 12134 031f 21       		.uleb128 0x21
 12135 0320 0D       		.sleb128 13
 12136 0321 3B       		.uleb128 0x3b
 12137 0322 05       		.uleb128 0x5
 12138 0323 39       		.uleb128 0x39
 12139 0324 21       		.uleb128 0x21
 12140 0325 08       		.sleb128 8
 12141 0326 01       		.uleb128 0x1
 12142 0327 13       		.uleb128 0x13
 12143 0328 00       		.byte	0
 12144 0329 00       		.byte	0
 12145 032a 36       		.uleb128 0x36
 12146 032b 04       		.uleb128 0x4
 12147 032c 01       		.byte	0x1
 12148 032d 3E       		.uleb128 0x3e
 12149 032e 21       		.uleb128 0x21
 12150 032f 07       		.sleb128 7
 12151 0330 0B       		.uleb128 0xb
 12152 0331 21       		.uleb128 0x21
 12153 0332 01       		.sleb128 1
 12154 0333 49       		.uleb128 0x49
 12155 0334 13       		.uleb128 0x13
 12156 0335 3A       		.uleb128 0x3a
 12157 0336 21       		.uleb128 0x21
 12158 0337 14       		.sleb128 20
 12159 0338 3B       		.uleb128 0x3b
 12160 0339 05       		.uleb128 0x5
 12161 033a 39       		.uleb128 0x39
 12162 033b 21       		.uleb128 0x21
 12163 033c 0E       		.sleb128 14
 12164 033d 01       		.uleb128 0x1
 12165 033e 13       		.uleb128 0x13
 12166 033f 00       		.byte	0
 12167 0340 00       		.byte	0
 12168 0341 37       		.uleb128 0x37
 12169 0342 34       		.uleb128 0x34
 12170 0343 00       		.byte	0
 12171 0344 03       		.uleb128 0x3
 12172 0345 0E       		.uleb128 0xe
 12173 0346 3A       		.uleb128 0x3a
 12174 0347 21       		.uleb128 0x21
 12175 0348 01       		.sleb128 1
 12176 0349 3B       		.uleb128 0x3b
 12177 034a 0B       		.uleb128 0xb
 12178 034b 39       		.uleb128 0x39
 12179 034c 0B       		.uleb128 0xb
ARM GAS  /tmp/cctaqgo8.s 			page 215


 12180 034d 49       		.uleb128 0x49
 12181 034e 13       		.uleb128 0x13
 12182 034f 02       		.uleb128 0x2
 12183 0350 18       		.uleb128 0x18
 12184 0351 00       		.byte	0
 12185 0352 00       		.byte	0
 12186 0353 38       		.uleb128 0x38
 12187 0354 2E       		.uleb128 0x2e
 12188 0355 01       		.byte	0x1
 12189 0356 3F       		.uleb128 0x3f
 12190 0357 19       		.uleb128 0x19
 12191 0358 03       		.uleb128 0x3
 12192 0359 0E       		.uleb128 0xe
 12193 035a 3A       		.uleb128 0x3a
 12194 035b 0B       		.uleb128 0xb
 12195 035c 3B       		.uleb128 0x3b
 12196 035d 0B       		.uleb128 0xb
 12197 035e 39       		.uleb128 0x39
 12198 035f 21       		.uleb128 0x21
 12199 0360 08       		.sleb128 8
 12200 0361 27       		.uleb128 0x27
 12201 0362 19       		.uleb128 0x19
 12202 0363 3C       		.uleb128 0x3c
 12203 0364 19       		.uleb128 0x19
 12204 0365 01       		.uleb128 0x1
 12205 0366 13       		.uleb128 0x13
 12206 0367 00       		.byte	0
 12207 0368 00       		.byte	0
 12208 0369 39       		.uleb128 0x39
 12209 036a 0B       		.uleb128 0xb
 12210 036b 01       		.byte	0x1
 12211 036c 31       		.uleb128 0x31
 12212 036d 13       		.uleb128 0x13
 12213 036e 55       		.uleb128 0x55
 12214 036f 17       		.uleb128 0x17
 12215 0370 01       		.uleb128 0x1
 12216 0371 13       		.uleb128 0x13
 12217 0372 00       		.byte	0
 12218 0373 00       		.byte	0
 12219 0374 3A       		.uleb128 0x3a
 12220 0375 34       		.uleb128 0x34
 12221 0376 00       		.byte	0
 12222 0377 03       		.uleb128 0x3
 12223 0378 08       		.uleb128 0x8
 12224 0379 3A       		.uleb128 0x3a
 12225 037a 21       		.uleb128 0x21
 12226 037b 01       		.sleb128 1
 12227 037c 3B       		.uleb128 0x3b
 12228 037d 0B       		.uleb128 0xb
 12229 037e 39       		.uleb128 0x39
 12230 037f 0B       		.uleb128 0xb
 12231 0380 49       		.uleb128 0x49
 12232 0381 13       		.uleb128 0x13
 12233 0382 00       		.byte	0
 12234 0383 00       		.byte	0
 12235 0384 3B       		.uleb128 0x3b
 12236 0385 2E       		.uleb128 0x2e
ARM GAS  /tmp/cctaqgo8.s 			page 216


 12237 0386 01       		.byte	0x1
 12238 0387 31       		.uleb128 0x31
 12239 0388 13       		.uleb128 0x13
 12240 0389 11       		.uleb128 0x11
 12241 038a 01       		.uleb128 0x1
 12242 038b 12       		.uleb128 0x12
 12243 038c 06       		.uleb128 0x6
 12244 038d 40       		.uleb128 0x40
 12245 038e 18       		.uleb128 0x18
 12246 038f 7A       		.uleb128 0x7a
 12247 0390 19       		.uleb128 0x19
 12248 0391 01       		.uleb128 0x1
 12249 0392 13       		.uleb128 0x13
 12250 0393 00       		.byte	0
 12251 0394 00       		.byte	0
 12252 0395 3C       		.uleb128 0x3c
 12253 0396 17       		.uleb128 0x17
 12254 0397 01       		.byte	0x1
 12255 0398 0B       		.uleb128 0xb
 12256 0399 0B       		.uleb128 0xb
 12257 039a 3A       		.uleb128 0x3a
 12258 039b 0B       		.uleb128 0xb
 12259 039c 3B       		.uleb128 0x3b
 12260 039d 0B       		.uleb128 0xb
 12261 039e 39       		.uleb128 0x39
 12262 039f 0B       		.uleb128 0xb
 12263 03a0 01       		.uleb128 0x1
 12264 03a1 13       		.uleb128 0x13
 12265 03a2 00       		.byte	0
 12266 03a3 00       		.byte	0
 12267 03a4 3D       		.uleb128 0x3d
 12268 03a5 0D       		.uleb128 0xd
 12269 03a6 00       		.byte	0
 12270 03a7 03       		.uleb128 0x3
 12271 03a8 08       		.uleb128 0x8
 12272 03a9 3A       		.uleb128 0x3a
 12273 03aa 21       		.uleb128 0x21
 12274 03ab 16       		.sleb128 22
 12275 03ac 3B       		.uleb128 0x3b
 12276 03ad 0B       		.uleb128 0xb
 12277 03ae 39       		.uleb128 0x39
 12278 03af 0B       		.uleb128 0xb
 12279 03b0 49       		.uleb128 0x49
 12280 03b1 13       		.uleb128 0x13
 12281 03b2 38       		.uleb128 0x38
 12282 03b3 05       		.uleb128 0x5
 12283 03b4 00       		.byte	0
 12284 03b5 00       		.byte	0
 12285 03b6 3E       		.uleb128 0x3e
 12286 03b7 2E       		.uleb128 0x2e
 12287 03b8 01       		.byte	0x1
 12288 03b9 3F       		.uleb128 0x3f
 12289 03ba 19       		.uleb128 0x19
 12290 03bb 03       		.uleb128 0x3
 12291 03bc 0E       		.uleb128 0xe
 12292 03bd 3A       		.uleb128 0x3a
 12293 03be 0B       		.uleb128 0xb
ARM GAS  /tmp/cctaqgo8.s 			page 217


 12294 03bf 3B       		.uleb128 0x3b
 12295 03c0 0B       		.uleb128 0xb
 12296 03c1 39       		.uleb128 0x39
 12297 03c2 0B       		.uleb128 0xb
 12298 03c3 27       		.uleb128 0x27
 12299 03c4 19       		.uleb128 0x19
 12300 03c5 49       		.uleb128 0x49
 12301 03c6 13       		.uleb128 0x13
 12302 03c7 3C       		.uleb128 0x3c
 12303 03c8 19       		.uleb128 0x19
 12304 03c9 01       		.uleb128 0x1
 12305 03ca 13       		.uleb128 0x13
 12306 03cb 00       		.byte	0
 12307 03cc 00       		.byte	0
 12308 03cd 3F       		.uleb128 0x3f
 12309 03ce 0B       		.uleb128 0xb
 12310 03cf 01       		.byte	0x1
 12311 03d0 31       		.uleb128 0x31
 12312 03d1 13       		.uleb128 0x13
 12313 03d2 55       		.uleb128 0x55
 12314 03d3 17       		.uleb128 0x17
 12315 03d4 00       		.byte	0
 12316 03d5 00       		.byte	0
 12317 03d6 40       		.uleb128 0x40
 12318 03d7 05       		.uleb128 0x5
 12319 03d8 00       		.byte	0
 12320 03d9 31       		.uleb128 0x31
 12321 03da 13       		.uleb128 0x13
 12322 03db 00       		.byte	0
 12323 03dc 00       		.byte	0
 12324 03dd 41       		.uleb128 0x41
 12325 03de 48       		.uleb128 0x48
 12326 03df 00       		.byte	0
 12327 03e0 7D       		.uleb128 0x7d
 12328 03e1 01       		.uleb128 0x1
 12329 03e2 8201     		.uleb128 0x82
 12330 03e4 19       		.uleb128 0x19
 12331 03e5 7F       		.uleb128 0x7f
 12332 03e6 13       		.uleb128 0x13
 12333 03e7 00       		.byte	0
 12334 03e8 00       		.byte	0
 12335 03e9 42       		.uleb128 0x42
 12336 03ea 2E       		.uleb128 0x2e
 12337 03eb 01       		.byte	0x1
 12338 03ec 03       		.uleb128 0x3
 12339 03ed 0E       		.uleb128 0xe
 12340 03ee 3A       		.uleb128 0x3a
 12341 03ef 0B       		.uleb128 0xb
 12342 03f0 3B       		.uleb128 0x3b
 12343 03f1 05       		.uleb128 0x5
 12344 03f2 39       		.uleb128 0x39
 12345 03f3 0B       		.uleb128 0xb
 12346 03f4 27       		.uleb128 0x27
 12347 03f5 19       		.uleb128 0x19
 12348 03f6 49       		.uleb128 0x49
 12349 03f7 13       		.uleb128 0x13
 12350 03f8 20       		.uleb128 0x20
ARM GAS  /tmp/cctaqgo8.s 			page 218


 12351 03f9 0B       		.uleb128 0xb
 12352 03fa 01       		.uleb128 0x1
 12353 03fb 13       		.uleb128 0x13
 12354 03fc 00       		.byte	0
 12355 03fd 00       		.byte	0
 12356 03fe 43       		.uleb128 0x43
 12357 03ff 2E       		.uleb128 0x2e
 12358 0400 01       		.byte	0x1
 12359 0401 03       		.uleb128 0x3
 12360 0402 0E       		.uleb128 0xe
 12361 0403 3A       		.uleb128 0x3a
 12362 0404 0B       		.uleb128 0xb
 12363 0405 3B       		.uleb128 0x3b
 12364 0406 0B       		.uleb128 0xb
 12365 0407 39       		.uleb128 0x39
 12366 0408 0B       		.uleb128 0xb
 12367 0409 27       		.uleb128 0x27
 12368 040a 19       		.uleb128 0x19
 12369 040b 49       		.uleb128 0x49
 12370 040c 13       		.uleb128 0x13
 12371 040d 20       		.uleb128 0x20
 12372 040e 0B       		.uleb128 0xb
 12373 040f 01       		.uleb128 0x1
 12374 0410 13       		.uleb128 0x13
 12375 0411 00       		.byte	0
 12376 0412 00       		.byte	0
 12377 0413 44       		.uleb128 0x44
 12378 0414 34       		.uleb128 0x34
 12379 0415 00       		.byte	0
 12380 0416 03       		.uleb128 0x3
 12381 0417 0E       		.uleb128 0xe
 12382 0418 49       		.uleb128 0x49
 12383 0419 13       		.uleb128 0x13
 12384 041a 34       		.uleb128 0x34
 12385 041b 19       		.uleb128 0x19
 12386 041c 02       		.uleb128 0x2
 12387 041d 18       		.uleb128 0x18
 12388 041e 00       		.byte	0
 12389 041f 00       		.byte	0
 12390 0420 45       		.uleb128 0x45
 12391 0421 05       		.uleb128 0x5
 12392 0422 00       		.byte	0
 12393 0423 31       		.uleb128 0x31
 12394 0424 13       		.uleb128 0x13
 12395 0425 02       		.uleb128 0x2
 12396 0426 18       		.uleb128 0x18
 12397 0427 00       		.byte	0
 12398 0428 00       		.byte	0
 12399 0429 46       		.uleb128 0x46
 12400 042a 13       		.uleb128 0x13
 12401 042b 01       		.byte	0x1
 12402 042c 03       		.uleb128 0x3
 12403 042d 0E       		.uleb128 0xe
 12404 042e 0B       		.uleb128 0xb
 12405 042f 05       		.uleb128 0x5
 12406 0430 3A       		.uleb128 0x3a
 12407 0431 0B       		.uleb128 0xb
ARM GAS  /tmp/cctaqgo8.s 			page 219


 12408 0432 3B       		.uleb128 0x3b
 12409 0433 05       		.uleb128 0x5
 12410 0434 39       		.uleb128 0x39
 12411 0435 21       		.uleb128 0x21
 12412 0436 08       		.sleb128 8
 12413 0437 01       		.uleb128 0x1
 12414 0438 13       		.uleb128 0x13
 12415 0439 00       		.byte	0
 12416 043a 00       		.byte	0
 12417 043b 47       		.uleb128 0x47
 12418 043c 15       		.uleb128 0x15
 12419 043d 01       		.byte	0x1
 12420 043e 27       		.uleb128 0x27
 12421 043f 19       		.uleb128 0x19
 12422 0440 49       		.uleb128 0x49
 12423 0441 13       		.uleb128 0x13
 12424 0442 01       		.uleb128 0x1
 12425 0443 13       		.uleb128 0x13
 12426 0444 00       		.byte	0
 12427 0445 00       		.byte	0
 12428 0446 48       		.uleb128 0x48
 12429 0447 0D       		.uleb128 0xd
 12430 0448 00       		.byte	0
 12431 0449 03       		.uleb128 0x3
 12432 044a 0E       		.uleb128 0xe
 12433 044b 3A       		.uleb128 0x3a
 12434 044c 21       		.uleb128 0x21
 12435 044d 15       		.sleb128 21
 12436 044e 3B       		.uleb128 0x3b
 12437 044f 0B       		.uleb128 0xb
 12438 0450 39       		.uleb128 0x39
 12439 0451 21       		.uleb128 0x21
 12440 0452 07       		.sleb128 7
 12441 0453 49       		.uleb128 0x49
 12442 0454 13       		.uleb128 0x13
 12443 0455 00       		.byte	0
 12444 0456 00       		.byte	0
 12445 0457 49       		.uleb128 0x49
 12446 0458 0D       		.uleb128 0xd
 12447 0459 00       		.byte	0
 12448 045a 03       		.uleb128 0x3
 12449 045b 08       		.uleb128 0x8
 12450 045c 3A       		.uleb128 0x3a
 12451 045d 21       		.uleb128 0x21
 12452 045e 01       		.sleb128 1
 12453 045f 3B       		.uleb128 0x3b
 12454 0460 0B       		.uleb128 0xb
 12455 0461 39       		.uleb128 0x39
 12456 0462 0B       		.uleb128 0xb
 12457 0463 49       		.uleb128 0x49
 12458 0464 13       		.uleb128 0x13
 12459 0465 00       		.byte	0
 12460 0466 00       		.byte	0
 12461 0467 4A       		.uleb128 0x4a
 12462 0468 2E       		.uleb128 0x2e
 12463 0469 00       		.byte	0
 12464 046a 3F       		.uleb128 0x3f
ARM GAS  /tmp/cctaqgo8.s 			page 220


 12465 046b 19       		.uleb128 0x19
 12466 046c 03       		.uleb128 0x3
 12467 046d 0E       		.uleb128 0xe
 12468 046e 3A       		.uleb128 0x3a
 12469 046f 0B       		.uleb128 0xb
 12470 0470 3B       		.uleb128 0x3b
 12471 0471 05       		.uleb128 0x5
 12472 0472 39       		.uleb128 0x39
 12473 0473 21       		.uleb128 0x21
 12474 0474 08       		.sleb128 8
 12475 0475 27       		.uleb128 0x27
 12476 0476 19       		.uleb128 0x19
 12477 0477 3C       		.uleb128 0x3c
 12478 0478 19       		.uleb128 0x19
 12479 0479 00       		.byte	0
 12480 047a 00       		.byte	0
 12481 047b 4B       		.uleb128 0x4b
 12482 047c 0B       		.uleb128 0xb
 12483 047d 01       		.byte	0x1
 12484 047e 55       		.uleb128 0x55
 12485 047f 17       		.uleb128 0x17
 12486 0480 01       		.uleb128 0x1
 12487 0481 13       		.uleb128 0x13
 12488 0482 00       		.byte	0
 12489 0483 00       		.byte	0
 12490 0484 4C       		.uleb128 0x4c
 12491 0485 0B       		.uleb128 0xb
 12492 0486 01       		.byte	0x1
 12493 0487 31       		.uleb128 0x31
 12494 0488 13       		.uleb128 0x13
 12495 0489 11       		.uleb128 0x11
 12496 048a 01       		.uleb128 0x1
 12497 048b 12       		.uleb128 0x12
 12498 048c 06       		.uleb128 0x6
 12499 048d 00       		.byte	0
 12500 048e 00       		.byte	0
 12501 048f 4D       		.uleb128 0x4d
 12502 0490 2E       		.uleb128 0x2e
 12503 0491 01       		.byte	0x1
 12504 0492 3F       		.uleb128 0x3f
 12505 0493 19       		.uleb128 0x19
 12506 0494 03       		.uleb128 0x3
 12507 0495 0E       		.uleb128 0xe
 12508 0496 3A       		.uleb128 0x3a
 12509 0497 21       		.uleb128 0x21
 12510 0498 01       		.sleb128 1
 12511 0499 3B       		.uleb128 0x3b
 12512 049a 05       		.uleb128 0x5
 12513 049b 39       		.uleb128 0x39
 12514 049c 21       		.uleb128 0x21
 12515 049d 06       		.sleb128 6
 12516 049e 27       		.uleb128 0x27
 12517 049f 19       		.uleb128 0x19
 12518 04a0 20       		.uleb128 0x20
 12519 04a1 21       		.uleb128 0x21
 12520 04a2 01       		.sleb128 1
 12521 04a3 01       		.uleb128 0x1
ARM GAS  /tmp/cctaqgo8.s 			page 221


 12522 04a4 13       		.uleb128 0x13
 12523 04a5 00       		.byte	0
 12524 04a6 00       		.byte	0
 12525 04a7 4E       		.uleb128 0x4e
 12526 04a8 2E       		.uleb128 0x2e
 12527 04a9 01       		.byte	0x1
 12528 04aa 3F       		.uleb128 0x3f
 12529 04ab 19       		.uleb128 0x19
 12530 04ac 03       		.uleb128 0x3
 12531 04ad 0E       		.uleb128 0xe
 12532 04ae 3A       		.uleb128 0x3a
 12533 04af 21       		.uleb128 0x21
 12534 04b0 01       		.sleb128 1
 12535 04b1 3B       		.uleb128 0x3b
 12536 04b2 05       		.uleb128 0x5
 12537 04b3 39       		.uleb128 0x39
 12538 04b4 21       		.uleb128 0x21
 12539 04b5 0F       		.sleb128 15
 12540 04b6 27       		.uleb128 0x27
 12541 04b7 19       		.uleb128 0x19
 12542 04b8 49       		.uleb128 0x49
 12543 04b9 13       		.uleb128 0x13
 12544 04ba 11       		.uleb128 0x11
 12545 04bb 01       		.uleb128 0x1
 12546 04bc 12       		.uleb128 0x12
 12547 04bd 06       		.uleb128 0x6
 12548 04be 40       		.uleb128 0x40
 12549 04bf 18       		.uleb128 0x18
 12550 04c0 7A       		.uleb128 0x7a
 12551 04c1 19       		.uleb128 0x19
 12552 04c2 01       		.uleb128 0x1
 12553 04c3 13       		.uleb128 0x13
 12554 04c4 00       		.byte	0
 12555 04c5 00       		.byte	0
 12556 04c6 4F       		.uleb128 0x4f
 12557 04c7 48       		.uleb128 0x48
 12558 04c8 01       		.byte	0x1
 12559 04c9 7D       		.uleb128 0x7d
 12560 04ca 01       		.uleb128 0x1
 12561 04cb 01       		.uleb128 0x1
 12562 04cc 13       		.uleb128 0x13
 12563 04cd 00       		.byte	0
 12564 04ce 00       		.byte	0
 12565 04cf 50       		.uleb128 0x50
 12566 04d0 11       		.uleb128 0x11
 12567 04d1 01       		.byte	0x1
 12568 04d2 25       		.uleb128 0x25
 12569 04d3 0E       		.uleb128 0xe
 12570 04d4 13       		.uleb128 0x13
 12571 04d5 0B       		.uleb128 0xb
 12572 04d6 03       		.uleb128 0x3
 12573 04d7 0E       		.uleb128 0xe
 12574 04d8 1B       		.uleb128 0x1b
 12575 04d9 0E       		.uleb128 0xe
 12576 04da 55       		.uleb128 0x55
 12577 04db 17       		.uleb128 0x17
 12578 04dc 11       		.uleb128 0x11
ARM GAS  /tmp/cctaqgo8.s 			page 222


 12579 04dd 01       		.uleb128 0x1
 12580 04de 10       		.uleb128 0x10
 12581 04df 17       		.uleb128 0x17
 12582 04e0 00       		.byte	0
 12583 04e1 00       		.byte	0
 12584 04e2 51       		.uleb128 0x51
 12585 04e3 24       		.uleb128 0x24
 12586 04e4 00       		.byte	0
 12587 04e5 0B       		.uleb128 0xb
 12588 04e6 0B       		.uleb128 0xb
 12589 04e7 3E       		.uleb128 0x3e
 12590 04e8 0B       		.uleb128 0xb
 12591 04e9 03       		.uleb128 0x3
 12592 04ea 08       		.uleb128 0x8
 12593 04eb 00       		.byte	0
 12594 04ec 00       		.byte	0
 12595 04ed 52       		.uleb128 0x52
 12596 04ee 0F       		.uleb128 0xf
 12597 04ef 00       		.byte	0
 12598 04f0 0B       		.uleb128 0xb
 12599 04f1 0B       		.uleb128 0xb
 12600 04f2 00       		.byte	0
 12601 04f3 00       		.byte	0
 12602 04f4 53       		.uleb128 0x53
 12603 04f5 34       		.uleb128 0x34
 12604 04f6 00       		.byte	0
 12605 04f7 03       		.uleb128 0x3
 12606 04f8 08       		.uleb128 0x8
 12607 04f9 3A       		.uleb128 0x3a
 12608 04fa 0B       		.uleb128 0xb
 12609 04fb 3B       		.uleb128 0x3b
 12610 04fc 05       		.uleb128 0x5
 12611 04fd 39       		.uleb128 0x39
 12612 04fe 0B       		.uleb128 0xb
 12613 04ff 49       		.uleb128 0x49
 12614 0500 13       		.uleb128 0x13
 12615 0501 3F       		.uleb128 0x3f
 12616 0502 19       		.uleb128 0x19
 12617 0503 3C       		.uleb128 0x3c
 12618 0504 19       		.uleb128 0x19
 12619 0505 00       		.byte	0
 12620 0506 00       		.byte	0
 12621 0507 54       		.uleb128 0x54
 12622 0508 13       		.uleb128 0x13
 12623 0509 01       		.byte	0x1
 12624 050a 0B       		.uleb128 0xb
 12625 050b 06       		.uleb128 0x6
 12626 050c 3A       		.uleb128 0x3a
 12627 050d 0B       		.uleb128 0xb
 12628 050e 3B       		.uleb128 0x3b
 12629 050f 0B       		.uleb128 0xb
 12630 0510 39       		.uleb128 0x39
 12631 0511 0B       		.uleb128 0xb
 12632 0512 01       		.uleb128 0x1
 12633 0513 13       		.uleb128 0x13
 12634 0514 00       		.byte	0
 12635 0515 00       		.byte	0
ARM GAS  /tmp/cctaqgo8.s 			page 223


 12636 0516 55       		.uleb128 0x55
 12637 0517 21       		.uleb128 0x21
 12638 0518 00       		.byte	0
 12639 0519 49       		.uleb128 0x49
 12640 051a 13       		.uleb128 0x13
 12641 051b 2F       		.uleb128 0x2f
 12642 051c 05       		.uleb128 0x5
 12643 051d 00       		.byte	0
 12644 051e 00       		.byte	0
 12645 051f 56       		.uleb128 0x56
 12646 0520 17       		.uleb128 0x17
 12647 0521 01       		.byte	0x1
 12648 0522 0B       		.uleb128 0xb
 12649 0523 0B       		.uleb128 0xb
 12650 0524 3A       		.uleb128 0x3a
 12651 0525 0B       		.uleb128 0xb
 12652 0526 3B       		.uleb128 0x3b
 12653 0527 05       		.uleb128 0x5
 12654 0528 39       		.uleb128 0x39
 12655 0529 0B       		.uleb128 0xb
 12656 052a 01       		.uleb128 0x1
 12657 052b 13       		.uleb128 0x13
 12658 052c 00       		.byte	0
 12659 052d 00       		.byte	0
 12660 052e 57       		.uleb128 0x57
 12661 052f 34       		.uleb128 0x34
 12662 0530 00       		.byte	0
 12663 0531 03       		.uleb128 0x3
 12664 0532 0E       		.uleb128 0xe
 12665 0533 3A       		.uleb128 0x3a
 12666 0534 0B       		.uleb128 0xb
 12667 0535 3B       		.uleb128 0x3b
 12668 0536 05       		.uleb128 0x5
 12669 0537 39       		.uleb128 0x39
 12670 0538 0B       		.uleb128 0xb
 12671 0539 49       		.uleb128 0x49
 12672 053a 13       		.uleb128 0x13
 12673 053b 3F       		.uleb128 0x3f
 12674 053c 19       		.uleb128 0x19
 12675 053d 3C       		.uleb128 0x3c
 12676 053e 19       		.uleb128 0x19
 12677 053f 00       		.byte	0
 12678 0540 00       		.byte	0
 12679 0541 58       		.uleb128 0x58
 12680 0542 34       		.uleb128 0x34
 12681 0543 00       		.byte	0
 12682 0544 47       		.uleb128 0x47
 12683 0545 13       		.uleb128 0x13
 12684 0546 3A       		.uleb128 0x3a
 12685 0547 0B       		.uleb128 0xb
 12686 0548 3B       		.uleb128 0x3b
 12687 0549 0B       		.uleb128 0xb
 12688 054a 39       		.uleb128 0x39
 12689 054b 0B       		.uleb128 0xb
 12690 054c 02       		.uleb128 0x2
 12691 054d 18       		.uleb128 0x18
 12692 054e 00       		.byte	0
ARM GAS  /tmp/cctaqgo8.s 			page 224


 12693 054f 00       		.byte	0
 12694 0550 59       		.uleb128 0x59
 12695 0551 26       		.uleb128 0x26
 12696 0552 00       		.byte	0
 12697 0553 00       		.byte	0
 12698 0554 00       		.byte	0
 12699 0555 5A       		.uleb128 0x5a
 12700 0556 2E       		.uleb128 0x2e
 12701 0557 01       		.byte	0x1
 12702 0558 3F       		.uleb128 0x3f
 12703 0559 19       		.uleb128 0x19
 12704 055a 03       		.uleb128 0x3
 12705 055b 0E       		.uleb128 0xe
 12706 055c 3A       		.uleb128 0x3a
 12707 055d 0B       		.uleb128 0xb
 12708 055e 3B       		.uleb128 0x3b
 12709 055f 05       		.uleb128 0x5
 12710 0560 39       		.uleb128 0x39
 12711 0561 0B       		.uleb128 0xb
 12712 0562 27       		.uleb128 0x27
 12713 0563 19       		.uleb128 0x19
 12714 0564 49       		.uleb128 0x49
 12715 0565 13       		.uleb128 0x13
 12716 0566 3C       		.uleb128 0x3c
 12717 0567 19       		.uleb128 0x19
 12718 0568 01       		.uleb128 0x1
 12719 0569 13       		.uleb128 0x13
 12720 056a 00       		.byte	0
 12721 056b 00       		.byte	0
 12722 056c 5B       		.uleb128 0x5b
 12723 056d 05       		.uleb128 0x5
 12724 056e 00       		.byte	0
 12725 056f 03       		.uleb128 0x3
 12726 0570 08       		.uleb128 0x8
 12727 0571 3A       		.uleb128 0x3a
 12728 0572 0B       		.uleb128 0xb
 12729 0573 3B       		.uleb128 0x3b
 12730 0574 05       		.uleb128 0x5
 12731 0575 39       		.uleb128 0x39
 12732 0576 0B       		.uleb128 0xb
 12733 0577 49       		.uleb128 0x49
 12734 0578 13       		.uleb128 0x13
 12735 0579 02       		.uleb128 0x2
 12736 057a 18       		.uleb128 0x18
 12737 057b 00       		.byte	0
 12738 057c 00       		.byte	0
 12739 057d 5C       		.uleb128 0x5c
 12740 057e 48       		.uleb128 0x48
 12741 057f 01       		.byte	0x1
 12742 0580 7D       		.uleb128 0x7d
 12743 0581 01       		.uleb128 0x1
 12744 0582 8201     		.uleb128 0x82
 12745 0584 19       		.uleb128 0x19
 12746 0585 7F       		.uleb128 0x7f
 12747 0586 13       		.uleb128 0x13
 12748 0587 00       		.byte	0
 12749 0588 00       		.byte	0
ARM GAS  /tmp/cctaqgo8.s 			page 225


 12750 0589 5D       		.uleb128 0x5d
 12751 058a 1D       		.uleb128 0x1d
 12752 058b 01       		.byte	0x1
 12753 058c 31       		.uleb128 0x31
 12754 058d 13       		.uleb128 0x13
 12755 058e 52       		.uleb128 0x52
 12756 058f 01       		.uleb128 0x1
 12757 0590 B842     		.uleb128 0x2138
 12758 0592 05       		.uleb128 0x5
 12759 0593 55       		.uleb128 0x55
 12760 0594 17       		.uleb128 0x17
 12761 0595 58       		.uleb128 0x58
 12762 0596 0B       		.uleb128 0xb
 12763 0597 59       		.uleb128 0x59
 12764 0598 0B       		.uleb128 0xb
 12765 0599 57       		.uleb128 0x57
 12766 059a 0B       		.uleb128 0xb
 12767 059b 00       		.byte	0
 12768 059c 00       		.byte	0
 12769 059d 5E       		.uleb128 0x5e
 12770 059e 1D       		.uleb128 0x1d
 12771 059f 01       		.byte	0x1
 12772 05a0 31       		.uleb128 0x31
 12773 05a1 13       		.uleb128 0x13
 12774 05a2 52       		.uleb128 0x52
 12775 05a3 01       		.uleb128 0x1
 12776 05a4 B842     		.uleb128 0x2138
 12777 05a6 05       		.uleb128 0x5
 12778 05a7 55       		.uleb128 0x55
 12779 05a8 17       		.uleb128 0x17
 12780 05a9 58       		.uleb128 0x58
 12781 05aa 0B       		.uleb128 0xb
 12782 05ab 59       		.uleb128 0x59
 12783 05ac 0B       		.uleb128 0xb
 12784 05ad 57       		.uleb128 0x57
 12785 05ae 0B       		.uleb128 0xb
 12786 05af 01       		.uleb128 0x1
 12787 05b0 13       		.uleb128 0x13
 12788 05b1 00       		.byte	0
 12789 05b2 00       		.byte	0
 12790 05b3 5F       		.uleb128 0x5f
 12791 05b4 48       		.uleb128 0x48
 12792 05b5 01       		.byte	0x1
 12793 05b6 7D       		.uleb128 0x7d
 12794 05b7 01       		.uleb128 0x1
 12795 05b8 8201     		.uleb128 0x82
 12796 05ba 19       		.uleb128 0x19
 12797 05bb 01       		.uleb128 0x1
 12798 05bc 13       		.uleb128 0x13
 12799 05bd 00       		.byte	0
 12800 05be 00       		.byte	0
 12801 05bf 60       		.uleb128 0x60
 12802 05c0 48       		.uleb128 0x48
 12803 05c1 01       		.byte	0x1
 12804 05c2 7D       		.uleb128 0x7d
 12805 05c3 01       		.uleb128 0x1
 12806 05c4 00       		.byte	0
ARM GAS  /tmp/cctaqgo8.s 			page 226


 12807 05c5 00       		.byte	0
 12808 05c6 61       		.uleb128 0x61
 12809 05c7 48       		.uleb128 0x48
 12810 05c8 01       		.byte	0x1
 12811 05c9 7D       		.uleb128 0x7d
 12812 05ca 01       		.uleb128 0x1
 12813 05cb 8301     		.uleb128 0x83
 12814 05cd 18       		.uleb128 0x18
 12815 05ce 01       		.uleb128 0x1
 12816 05cf 13       		.uleb128 0x13
 12817 05d0 00       		.byte	0
 12818 05d1 00       		.byte	0
 12819 05d2 62       		.uleb128 0x62
 12820 05d3 2E       		.uleb128 0x2e
 12821 05d4 01       		.byte	0x1
 12822 05d5 31       		.uleb128 0x31
 12823 05d6 13       		.uleb128 0x13
 12824 05d7 11       		.uleb128 0x11
 12825 05d8 01       		.uleb128 0x1
 12826 05d9 12       		.uleb128 0x12
 12827 05da 06       		.uleb128 0x6
 12828 05db 40       		.uleb128 0x40
 12829 05dc 18       		.uleb128 0x18
 12830 05dd 7A       		.uleb128 0x7a
 12831 05de 19       		.uleb128 0x19
 12832 05df 00       		.byte	0
 12833 05e0 00       		.byte	0
 12834 05e1 00       		.byte	0
 12835              		.section	.debug_loclists,"",%progbits
 12836 0000 2F0F0000 		.4byte	.Ldebug_loc3-.Ldebug_loc2
 12837              	.Ldebug_loc2:
 12838 0004 0500     		.2byte	0x5
 12839 0006 04       		.byte	0x4
 12840 0007 00       		.byte	0
 12841 0008 00000000 		.4byte	0
 12842              	.Ldebug_loc0:
 12843              	.LVUS3:
 12844 000c 00       		.uleb128 0
 12845 000d 00       		.uleb128 .LVU57
 12846 000e 00       		.uleb128 .LVU57
 12847 000f 00       		.uleb128 .LVU61
 12848 0010 00       		.uleb128 .LVU61
 12849 0011 00       		.uleb128 0
 12850              	.LLST3:
 12851 0012 06       		.byte	0x6
 12852 0013 00000000 		.4byte	.LVL5
 12853 0017 04       		.byte	0x4
 12854 0018 00       		.uleb128 .LVL5-.LVL5
 12855 0019 23       		.uleb128 .LVL8-1-.LVL5
 12856 001a 01       		.uleb128 0x1
 12857 001b 50       		.byte	0x50
 12858 001c 04       		.byte	0x4
 12859 001d 23       		.uleb128 .LVL8-1-.LVL5
 12860 001e 2C       		.uleb128 .LVL9-.LVL5
 12861 001f 01       		.uleb128 0x1
 12862 0020 5A       		.byte	0x5a
 12863 0021 04       		.byte	0x4
ARM GAS  /tmp/cctaqgo8.s 			page 227


 12864 0022 2C       		.uleb128 .LVL9-.LVL5
 12865 0023 9808     		.uleb128 .LFE259-.LVL5
 12866 0025 01       		.uleb128 0x1
 12867 0026 59       		.byte	0x59
 12868 0027 00       		.byte	0
 12869              	.LVUS4:
 12870 0028 00       		.uleb128 .LVU40
 12871 0029 00       		.uleb128 .LVU57
 12872 002a 00       		.uleb128 .LVU57
 12873 002b 00       		.uleb128 .LVU61
 12874 002c 00       		.uleb128 .LVU61
 12875 002d 00       		.uleb128 0
 12876              	.LLST4:
 12877 002e 06       		.byte	0x6
 12878 002f 16000000 		.4byte	.LVL6
 12879 0033 04       		.byte	0x4
 12880 0034 00       		.uleb128 .LVL6-.LVL6
 12881 0035 0D       		.uleb128 .LVL8-1-.LVL6
 12882 0036 01       		.uleb128 0x1
 12883 0037 50       		.byte	0x50
 12884 0038 04       		.byte	0x4
 12885 0039 0D       		.uleb128 .LVL8-1-.LVL6
 12886 003a 16       		.uleb128 .LVL9-.LVL6
 12887 003b 01       		.uleb128 0x1
 12888 003c 5A       		.byte	0x5a
 12889 003d 04       		.byte	0x4
 12890 003e 16       		.uleb128 .LVL9-.LVL6
 12891 003f 8208     		.uleb128 .LFE259-.LVL6
 12892 0041 01       		.uleb128 0x1
 12893 0042 59       		.byte	0x59
 12894 0043 00       		.byte	0
 12895              	.LVUS5:
 12896 0044 01       		.uleb128 .LVU41
 12897 0045 00       		.uleb128 .LVU61
 12898              	.LLST5:
 12899 0046 08       		.byte	0x8
 12900 0047 16000000 		.4byte	.LVL6
 12901 004b 16       		.uleb128 .LVL9-.LVL6
 12902 004c 01       		.uleb128 0x1
 12903 004d 57       		.byte	0x57
 12904 004e 00       		.byte	0
 12905              	.LVUS10:
 12906 004f 02       		.uleb128 .LVU97
 12907 0050 00       		.uleb128 .LVU99
 12908 0051 00       		.uleb128 .LVU156
 12909 0052 00       		.uleb128 .LVU169
 12910 0053 00       		.uleb128 .LVU169
 12911 0054 00       		.uleb128 .LVU172
 12912              	.LLST10:
 12913 0055 06       		.byte	0x6
 12914 0056 6E000000 		.4byte	.LVL13
 12915 005a 04       		.byte	0x4
 12916 005b 00       		.uleb128 .LVL13-.LVL13
 12917 005c 02       		.uleb128 .LVL14-.LVL13
 12918 005d 02       		.uleb128 0x2
 12919 005e 30       		.byte	0x30
 12920 005f 9F       		.byte	0x9f
ARM GAS  /tmp/cctaqgo8.s 			page 228


 12921 0060 04       		.byte	0x4
 12922 0061 70       		.uleb128 .LVL30-.LVL13
 12923 0062 7B       		.uleb128 .LVL33-1-.LVL13
 12924 0063 01       		.uleb128 0x1
 12925 0064 52       		.byte	0x52
 12926 0065 04       		.byte	0x4
 12927 0066 7B       		.uleb128 .LVL33-1-.LVL13
 12928 0067 7E       		.uleb128 .LVL34-.LVL13
 12929 0068 02       		.uleb128 0x2
 12930 0069 91       		.byte	0x91
 12931 006a 48       		.sleb128 -56
 12932 006b 00       		.byte	0
 12933              	.LVUS11:
 12934 006c 00       		.uleb128 .LVU148
 12935 006d 00       		.uleb128 .LVU150
 12936 006e 00       		.uleb128 .LVU325
 12937 006f 00       		.uleb128 .LVU374
 12938 0070 00       		.uleb128 .LVU374
 12939 0071 00       		.uleb128 .LVU508
 12940 0072 00       		.uleb128 .LVU526
 12941 0073 00       		.uleb128 .LVU578
 12942 0074 00       		.uleb128 .LVU580
 12943 0075 00       		.uleb128 .LVU583
 12944 0076 00       		.uleb128 .LVU587
 12945 0077 00       		.uleb128 0
 12946              	.LLST11:
 12947 0078 06       		.byte	0x6
 12948 0079 C8000000 		.4byte	.LVL28
 12949 007d 04       		.byte	0x4
 12950 007e 00       		.uleb128 .LVL28-.LVL28
 12951 007f 0A       		.uleb128 .LVL29-.LVL28
 12952 0080 01       		.uleb128 0x1
 12953 0081 56       		.byte	0x56
 12954 0082 04       		.byte	0x4
 12955 0083 A402     		.uleb128 .LVL71-.LVL28
 12956 0085 8E03     		.uleb128 .LVL78-.LVL28
 12957 0087 01       		.uleb128 0x1
 12958 0088 56       		.byte	0x56
 12959 0089 04       		.byte	0x4
 12960 008a 8E03     		.uleb128 .LVL78-.LVL28
 12961 008c FC04     		.uleb128 .LVL106-.LVL28
 12962 008e 02       		.uleb128 0x2
 12963 008f 91       		.byte	0x91
 12964 0090 4C       		.sleb128 -52
 12965 0091 04       		.byte	0x4
 12966 0092 9C05     		.uleb128 .LVL110-.LVL28
 12967 0094 8406     		.uleb128 .LVL127-.LVL28
 12968 0096 02       		.uleb128 0x2
 12969 0097 91       		.byte	0x91
 12970 0098 4C       		.sleb128 -52
 12971 0099 04       		.byte	0x4
 12972 009a 8C06     		.uleb128 .LVL129-.LVL28
 12973 009c 9A06     		.uleb128 .LVL131-.LVL28
 12974 009e 02       		.uleb128 0x2
 12975 009f 91       		.byte	0x91
 12976 00a0 4C       		.sleb128 -52
 12977 00a1 04       		.byte	0x4
ARM GAS  /tmp/cctaqgo8.s 			page 229


 12978 00a2 AA06     		.uleb128 .LVL135-.LVL28
 12979 00a4 D006     		.uleb128 .LFE259-.LVL28
 12980 00a6 01       		.uleb128 0x1
 12981 00a7 56       		.byte	0x56
 12982 00a8 00       		.byte	0
 12983              	.LVUS54:
 12984 00a9 00       		.uleb128 .LVU487
 12985 00aa 00       		.uleb128 .LVU508
 12986 00ab 00       		.uleb128 .LVU589
 12987 00ac 00       		.uleb128 0
 12988              	.LLST54:
 12989 00ad 06       		.byte	0x6
 12990 00ae 22030000 		.4byte	.LVL103
 12991 00b2 04       		.byte	0x4
 12992 00b3 00       		.uleb128 .LVL103-.LVL103
 12993 00b4 22       		.uleb128 .LVL106-.LVL103
 12994 00b5 01       		.uleb128 0x1
 12995 00b6 58       		.byte	0x58
 12996 00b7 04       		.byte	0x4
 12997 00b8 D801     		.uleb128 .LVL137-.LVL103
 12998 00ba F601     		.uleb128 .LFE259-.LVL103
 12999 00bc 02       		.uleb128 0x2
 13000 00bd 31       		.byte	0x31
 13001 00be 9F       		.byte	0x9f
 13002 00bf 00       		.byte	0
 13003              	.LVUS55:
 13004 00c0 09       		.uleb128 .LVU334
 13005 00c1 00       		.uleb128 .LVU336
 13006              	.LLST55:
 13007 00c2 08       		.byte	0x8
 13008 00c3 EC010000 		.4byte	.LVL71
 13009 00c7 06       		.uleb128 .LVL72-.LVL71
 13010 00c8 03       		.uleb128 0x3
 13011 00c9 08       		.byte	0x8
 13012 00ca 20       		.byte	0x20
 13013 00cb 9F       		.byte	0x9f
 13014 00cc 00       		.byte	0
 13015              	.LVUS57:
 13016 00cd 04       		.uleb128 .LVU361
 13017 00ce 00       		.uleb128 .LVU363
 13018              	.LLST57:
 13019 00cf 08       		.byte	0x8
 13020 00d0 24020000 		.4byte	.LVL75
 13021 00d4 06       		.uleb128 .LVL76-.LVL75
 13022 00d5 02       		.uleb128 0x2
 13023 00d6 30       		.byte	0x30
 13024 00d7 9F       		.byte	0x9f
 13025 00d8 00       		.byte	0
 13026              	.LVUS59:
 13027 00d9 02       		.uleb128 .LVU365
 13028 00da 00       		.uleb128 .LVU373
 13029              	.LLST59:
 13030 00db 08       		.byte	0x8
 13031 00dc 2A020000 		.4byte	.LVL76
 13032 00e0 1E       		.uleb128 .LVL77-.LVL76
 13033 00e1 02       		.uleb128 0x2
 13034 00e2 91       		.byte	0x91
ARM GAS  /tmp/cctaqgo8.s 			page 230


 13035 00e3 48       		.sleb128 -56
 13036 00e4 00       		.byte	0
 13037              	.LVUS60:
 13038 00e5 02       		.uleb128 .LVU365
 13039 00e6 00       		.uleb128 .LVU487
 13040 00e7 00       		.uleb128 .LVU526
 13041 00e8 00       		.uleb128 .LVU578
 13042 00e9 00       		.uleb128 .LVU580
 13043 00ea 00       		.uleb128 .LVU583
 13044              	.LLST60:
 13045 00eb 06       		.byte	0x6
 13046 00ec 2A020000 		.4byte	.LVL76
 13047 00f0 04       		.byte	0x4
 13048 00f1 00       		.uleb128 .LVL76-.LVL76
 13049 00f2 F801     		.uleb128 .LVL103-.LVL76
 13050 00f4 01       		.uleb128 0x1
 13051 00f5 59       		.byte	0x59
 13052 00f6 04       		.byte	0x4
 13053 00f7 BA02     		.uleb128 .LVL110-.LVL76
 13054 00f9 A203     		.uleb128 .LVL127-.LVL76
 13055 00fb 01       		.uleb128 0x1
 13056 00fc 59       		.byte	0x59
 13057 00fd 04       		.byte	0x4
 13058 00fe AA03     		.uleb128 .LVL129-.LVL76
 13059 0100 B803     		.uleb128 .LVL131-.LVL76
 13060 0102 01       		.uleb128 0x1
 13061 0103 59       		.byte	0x59
 13062 0104 00       		.byte	0
 13063              	.LVUS62:
 13064 0105 01       		.uleb128 .LVU375
 13065 0106 00       		.uleb128 .LVU378
 13066 0107 00       		.uleb128 .LVU378
 13067 0108 00       		.uleb128 .LVU379
 13068 0109 00       		.uleb128 .LVU379
 13069 010a 00       		.uleb128 .LVU486
 13070 010b 00       		.uleb128 .LVU526
 13071 010c 00       		.uleb128 .LVU578
 13072 010d 00       		.uleb128 .LVU580
 13073 010e 00       		.uleb128 .LVU582
 13074              	.LLST62:
 13075 010f 06       		.byte	0x6
 13076 0110 56020000 		.4byte	.LVL78
 13077 0114 04       		.byte	0x4
 13078 0115 00       		.uleb128 .LVL78-.LVL78
 13079 0116 04       		.uleb128 .LVL79-.LVL78
 13080 0117 06       		.uleb128 0x6
 13081 0118 71       		.byte	0x71
 13082 0119 00       		.sleb128 0
 13083 011a 73       		.byte	0x73
 13084 011b 00       		.sleb128 0
 13085 011c 1C       		.byte	0x1c
 13086 011d 9F       		.byte	0x9f
 13087 011e 04       		.byte	0x4
 13088 011f 04       		.uleb128 .LVL79-.LVL78
 13089 0120 0A       		.uleb128 .LVL80-.LVL78
 13090 0121 01       		.uleb128 0x1
 13091 0122 53       		.byte	0x53
ARM GAS  /tmp/cctaqgo8.s 			page 231


 13092 0123 04       		.byte	0x4
 13093 0124 0A       		.uleb128 .LVL80-.LVL78
 13094 0125 C801     		.uleb128 .LVL102-.LVL78
 13095 0127 01       		.uleb128 0x1
 13096 0128 55       		.byte	0x55
 13097 0129 04       		.byte	0x4
 13098 012a 8E02     		.uleb128 .LVL110-.LVL78
 13099 012c F602     		.uleb128 .LVL127-.LVL78
 13100 012e 01       		.uleb128 0x1
 13101 012f 55       		.byte	0x55
 13102 0130 04       		.byte	0x4
 13103 0131 FE02     		.uleb128 .LVL129-.LVL78
 13104 0133 8603     		.uleb128 .LVL130-.LVL78
 13105 0135 01       		.uleb128 0x1
 13106 0136 55       		.byte	0x55
 13107 0137 00       		.byte	0
 13108              	.LVUS64:
 13109 0138 01       		.uleb128 .LVU390
 13110 0139 00       		.uleb128 .LVU472
 13111 013a 00       		.uleb128 .LVU526
 13112 013b 00       		.uleb128 .LVU552
 13113 013c 00       		.uleb128 .LVU571
 13114 013d 00       		.uleb128 .LVU578
 13115              	.LLST64:
 13116 013e 06       		.byte	0x6
 13117 013f 84020000 		.4byte	.LVL81
 13118 0143 04       		.byte	0x4
 13119 0144 00       		.uleb128 .LVL81-.LVL81
 13120 0145 8001     		.uleb128 .LVL101-.LVL81
 13121 0147 01       		.uleb128 0x1
 13122 0148 55       		.byte	0x55
 13123 0149 04       		.byte	0x4
 13124 014a E001     		.uleb128 .LVL110-.LVL81
 13125 014c 9602     		.uleb128 .LVL115-.LVL81
 13126 014e 01       		.uleb128 0x1
 13127 014f 55       		.byte	0x55
 13128 0150 04       		.byte	0x4
 13129 0151 B602     		.uleb128 .LVL122-.LVL81
 13130 0153 C802     		.uleb128 .LVL127-.LVL81
 13131 0155 01       		.uleb128 0x1
 13132 0156 55       		.byte	0x55
 13133 0157 00       		.byte	0
 13134              	.LVUS65:
 13135 0158 01       		.uleb128 .LVU390
 13136 0159 00       		.uleb128 .LVU397
 13137              	.LLST65:
 13138 015a 08       		.byte	0x8
 13139 015b 84020000 		.4byte	.LVL81
 13140 015f 08       		.uleb128 .LVL82-.LVL81
 13141 0160 02       		.uleb128 0x2
 13142 0161 72       		.byte	0x72
 13143 0162 0C       		.sleb128 12
 13144 0163 00       		.byte	0
 13145              	.LVUS66:
 13146 0164 01       		.uleb128 .LVU390
 13147 0165 00       		.uleb128 .LVU445
 13148 0166 00       		.uleb128 .LVU526
ARM GAS  /tmp/cctaqgo8.s 			page 232


 13149 0167 00       		.uleb128 .LVU552
 13150 0168 00       		.uleb128 .LVU571
 13151 0169 00       		.uleb128 .LVU576
 13152              	.LLST66:
 13153 016a 06       		.byte	0x6
 13154 016b 84020000 		.4byte	.LVL81
 13155 016f 04       		.byte	0x4
 13156 0170 00       		.uleb128 .LVL81-.LVL81
 13157 0171 4F       		.uleb128 .LVL95-1-.LVL81
 13158 0172 09       		.uleb128 0x9
 13159 0173 91       		.byte	0x91
 13160 0174 50       		.sleb128 -48
 13161 0175 06       		.byte	0x6
 13162 0176 3C       		.byte	0x3c
 13163 0177 24       		.byte	0x24
 13164 0178 71       		.byte	0x71
 13165 0179 00       		.sleb128 0
 13166 017a 22       		.byte	0x22
 13167 017b 9F       		.byte	0x9f
 13168 017c 04       		.byte	0x4
 13169 017d E001     		.uleb128 .LVL110-.LVL81
 13170 017f 9602     		.uleb128 .LVL115-.LVL81
 13171 0181 09       		.uleb128 0x9
 13172 0182 91       		.byte	0x91
 13173 0183 50       		.sleb128 -48
 13174 0184 06       		.byte	0x6
 13175 0185 3C       		.byte	0x3c
 13176 0186 24       		.byte	0x24
 13177 0187 71       		.byte	0x71
 13178 0188 00       		.sleb128 0
 13179 0189 22       		.byte	0x22
 13180 018a 9F       		.byte	0x9f
 13181 018b 04       		.byte	0x4
 13182 018c B602     		.uleb128 .LVL122-.LVL81
 13183 018e C002     		.uleb128 .LVL125-.LVL81
 13184 0190 09       		.uleb128 0x9
 13185 0191 91       		.byte	0x91
 13186 0192 50       		.sleb128 -48
 13187 0193 06       		.byte	0x6
 13188 0194 3C       		.byte	0x3c
 13189 0195 24       		.byte	0x24
 13190 0196 71       		.byte	0x71
 13191 0197 00       		.sleb128 0
 13192 0198 22       		.byte	0x22
 13193 0199 9F       		.byte	0x9f
 13194 019a 00       		.byte	0
 13195              	.LVUS67:
 13196 019b 04       		.uleb128 .LVU393
 13197 019c 00       		.uleb128 .LVU397
 13198 019d 00       		.uleb128 .LVU397
 13199 019e 00       		.uleb128 .LVU433
 13200 019f 00       		.uleb128 .LVU526
 13201 01a0 00       		.uleb128 .LVU529
 13202 01a1 00       		.uleb128 .LVU530
 13203 01a2 04       		.uleb128 .LVU534
 13204 01a3 04       		.uleb128 .LVU534
 13205 01a4 00       		.uleb128 .LVU544
ARM GAS  /tmp/cctaqgo8.s 			page 233


 13206 01a5 00       		.uleb128 .LVU544
 13207 01a6 00       		.uleb128 .LVU552
 13208 01a7 00       		.uleb128 .LVU571
 13209 01a8 00       		.uleb128 .LVU573
 13210 01a9 00       		.uleb128 .LVU575
 13211 01aa 00       		.uleb128 .LVU576
 13212              	.LLST67:
 13213 01ab 06       		.byte	0x6
 13214 01ac 84020000 		.4byte	.LVL81
 13215 01b0 04       		.byte	0x4
 13216 01b1 00       		.uleb128 .LVL81-.LVL81
 13217 01b2 08       		.uleb128 .LVL82-.LVL81
 13218 01b3 01       		.uleb128 0x1
 13219 01b4 55       		.byte	0x55
 13220 01b5 04       		.byte	0x4
 13221 01b6 08       		.uleb128 .LVL82-.LVL81
 13222 01b7 46       		.uleb128 .LVL93-.LVL81
 13223 01b8 01       		.uleb128 0x1
 13224 01b9 52       		.byte	0x52
 13225 01ba 04       		.byte	0x4
 13226 01bb E001     		.uleb128 .LVL110-.LVL81
 13227 01bd E601     		.uleb128 .LVL111-.LVL81
 13228 01bf 01       		.uleb128 0x1
 13229 01c0 52       		.byte	0x52
 13230 01c1 04       		.byte	0x4
 13231 01c2 EA01     		.uleb128 .LVL112-.LVL81
 13232 01c4 EA01     		.uleb128 .LVL112-.LVL81
 13233 01c6 01       		.uleb128 0x1
 13234 01c7 52       		.byte	0x52
 13235 01c8 04       		.byte	0x4
 13236 01c9 EA01     		.uleb128 .LVL112-.LVL81
 13237 01cb 8602     		.uleb128 .LVL114-.LVL81
 13238 01cd 03       		.uleb128 0x3
 13239 01ce 72       		.byte	0x72
 13240 01cf 7F       		.sleb128 -1
 13241 01d0 9F       		.byte	0x9f
 13242 01d1 04       		.byte	0x4
 13243 01d2 8602     		.uleb128 .LVL114-.LVL81
 13244 01d4 9602     		.uleb128 .LVL115-.LVL81
 13245 01d6 01       		.uleb128 0x1
 13246 01d7 52       		.byte	0x52
 13247 01d8 04       		.byte	0x4
 13248 01d9 B602     		.uleb128 .LVL122-.LVL81
 13249 01db BA02     		.uleb128 .LVL123-.LVL81
 13250 01dd 01       		.uleb128 0x1
 13251 01de 52       		.byte	0x52
 13252 01df 04       		.byte	0x4
 13253 01e0 BC02     		.uleb128 .LVL124-.LVL81
 13254 01e2 C002     		.uleb128 .LVL125-.LVL81
 13255 01e4 01       		.uleb128 0x1
 13256 01e5 52       		.byte	0x52
 13257 01e6 00       		.byte	0
 13258              	.LVUS69:
 13259 01e7 00       		.uleb128 .LVU530
 13260 01e8 00       		.uleb128 .LVU552
 13261 01e9 00       		.uleb128 .LVU571
 13262 01ea 00       		.uleb128 .LVU575
ARM GAS  /tmp/cctaqgo8.s 			page 234


 13263              	.LLST69:
 13264 01eb 06       		.byte	0x6
 13265 01ec 6E030000 		.4byte	.LVL112
 13266 01f0 04       		.byte	0x4
 13267 01f1 00       		.uleb128 .LVL112-.LVL112
 13268 01f2 2C       		.uleb128 .LVL115-.LVL112
 13269 01f3 01       		.uleb128 0x1
 13270 01f4 57       		.byte	0x57
 13271 01f5 04       		.byte	0x4
 13272 01f6 4C       		.uleb128 .LVL122-.LVL112
 13273 01f7 52       		.uleb128 .LVL124-.LVL112
 13274 01f8 01       		.uleb128 0x1
 13275 01f9 57       		.byte	0x57
 13276 01fa 00       		.byte	0
 13277              	.LVUS70:
 13278 01fb 00       		.uleb128 .LVU530
 13279 01fc 00       		.uleb128 .LVU552
 13280 01fd 00       		.uleb128 .LVU571
 13281 01fe 00       		.uleb128 .LVU575
 13282              	.LLST70:
 13283 01ff 06       		.byte	0x6
 13284 0200 6E030000 		.4byte	.LVL112
 13285 0204 04       		.byte	0x4
 13286 0205 00       		.uleb128 .LVL112-.LVL112
 13287 0206 2C       		.uleb128 .LVL115-.LVL112
 13288 0207 02       		.uleb128 0x2
 13289 0208 30       		.byte	0x30
 13290 0209 9F       		.byte	0x9f
 13291 020a 04       		.byte	0x4
 13292 020b 4C       		.uleb128 .LVL122-.LVL112
 13293 020c 52       		.uleb128 .LVL124-.LVL112
 13294 020d 02       		.uleb128 0x2
 13295 020e 30       		.byte	0x30
 13296 020f 9F       		.byte	0x9f
 13297 0210 00       		.byte	0
 13298              	.LVUS71:
 13299 0211 02       		.uleb128 .LVU399
 13300 0212 00       		.uleb128 .LVU408
 13301 0213 00       		.uleb128 .LVU408
 13302 0214 00       		.uleb128 .LVU415
 13303              	.LLST71:
 13304 0215 06       		.byte	0x6
 13305 0216 8C020000 		.4byte	.LVL82
 13306 021a 04       		.byte	0x4
 13307 021b 00       		.uleb128 .LVL82-.LVL82
 13308 021c 12       		.uleb128 .LVL84-.LVL82
 13309 021d 05       		.uleb128 0x5
 13310 021e 72       		.byte	0x72
 13311 021f 00       		.sleb128 0
 13312 0220 32       		.byte	0x32
 13313 0221 25       		.byte	0x25
 13314 0222 9F       		.byte	0x9f
 13315 0223 04       		.byte	0x4
 13316 0224 12       		.uleb128 .LVL84-.LVL82
 13317 0225 1E       		.uleb128 .LVL87-.LVL82
 13318 0226 01       		.uleb128 0x1
 13319 0227 57       		.byte	0x57
ARM GAS  /tmp/cctaqgo8.s 			page 235


 13320 0228 00       		.byte	0
 13321              	.LVUS73:
 13322 0229 00       		.uleb128 .LVU409
 13323 022a 00       		.uleb128 .LVU416
 13324 022b 00       		.uleb128 .LVU575
 13325 022c 00       		.uleb128 .LVU576
 13326              	.LLST73:
 13327 022d 06       		.byte	0x6
 13328 022e A4020000 		.4byte	.LVL85
 13329 0232 04       		.byte	0x4
 13330 0233 00       		.uleb128 .LVL85-.LVL85
 13331 0234 0E       		.uleb128 .LVL88-.LVL85
 13332 0235 01       		.uleb128 0x1
 13333 0236 50       		.byte	0x50
 13334 0237 04       		.byte	0x4
 13335 0238 9C02     		.uleb128 .LVL124-.LVL85
 13336 023a A002     		.uleb128 .LVL125-.LVL85
 13337 023c 01       		.uleb128 0x1
 13338 023d 50       		.byte	0x50
 13339 023e 00       		.byte	0
 13340              	.LVUS74:
 13341 023f 02       		.uleb128 .LVU405
 13342 0240 00       		.uleb128 .LVU416
 13343 0241 00       		.uleb128 .LVU416
 13344 0242 00       		.uleb128 .LVU426
 13345 0243 00       		.uleb128 .LVU575
 13346 0244 00       		.uleb128 .LVU576
 13347              	.LLST74:
 13348 0245 06       		.byte	0x6
 13349 0246 92020000 		.4byte	.LVL83
 13350 024a 04       		.byte	0x4
 13351 024b 00       		.uleb128 .LVL83-.LVL83
 13352 024c 20       		.uleb128 .LVL88-.LVL83
 13353 024d 08       		.uleb128 0x8
 13354 024e 7C       		.byte	0x7c
 13355 024f 00       		.sleb128 0
 13356 0250 73       		.byte	0x73
 13357 0251 00       		.sleb128 0
 13358 0252 1C       		.byte	0x1c
 13359 0253 34       		.byte	0x34
 13360 0254 1B       		.byte	0x1b
 13361 0255 9F       		.byte	0x9f
 13362 0256 04       		.byte	0x4
 13363 0257 20       		.uleb128 .LVL88-.LVL83
 13364 0258 2E       		.uleb128 .LVL92-.LVL83
 13365 0259 09       		.uleb128 0x9
 13366 025a 7C       		.byte	0x7c
 13367 025b 00       		.sleb128 0
 13368 025c 74       		.byte	0x74
 13369 025d 18       		.sleb128 24
 13370 025e 06       		.byte	0x6
 13371 025f 1C       		.byte	0x1c
 13372 0260 34       		.byte	0x34
 13373 0261 1B       		.byte	0x1b
 13374 0262 9F       		.byte	0x9f
 13375 0263 04       		.byte	0x4
 13376 0264 AE02     		.uleb128 .LVL124-.LVL83
ARM GAS  /tmp/cctaqgo8.s 			page 236


 13377 0266 B202     		.uleb128 .LVL125-.LVL83
 13378 0268 08       		.uleb128 0x8
 13379 0269 7C       		.byte	0x7c
 13380 026a 00       		.sleb128 0
 13381 026b 73       		.byte	0x73
 13382 026c 00       		.sleb128 0
 13383 026d 1C       		.byte	0x1c
 13384 026e 34       		.byte	0x34
 13385 026f 1B       		.byte	0x1b
 13386 0270 9F       		.byte	0x9f
 13387 0271 00       		.byte	0
 13388              	.LVUS76:
 13389 0272 01       		.uleb128 .LVU411
 13390 0273 00       		.uleb128 .LVU416
 13391 0274 00       		.uleb128 .LVU575
 13392 0275 00       		.uleb128 .LVU576
 13393              	.LLST76:
 13394 0276 06       		.byte	0x6
 13395 0277 A8020000 		.4byte	.LVL86
 13396 027b 04       		.byte	0x4
 13397 027c 00       		.uleb128 .LVL86-.LVL86
 13398 027d 0A       		.uleb128 .LVL88-.LVL86
 13399 027e 01       		.uleb128 0x1
 13400 027f 50       		.byte	0x50
 13401 0280 04       		.byte	0x4
 13402 0281 9802     		.uleb128 .LVL124-.LVL86
 13403 0283 9C02     		.uleb128 .LVL125-.LVL86
 13404 0285 01       		.uleb128 0x1
 13405 0286 50       		.byte	0x50
 13406 0287 00       		.byte	0
 13407              	.LVUS77:
 13408 0288 00       		.uleb128 .LVU416
 13409 0289 00       		.uleb128 .LVU418
 13410 028a 00       		.uleb128 .LVU418
 13411 028b 01       		.uleb128 .LVU420
 13412 028c 01       		.uleb128 .LVU420
 13413 028d 00       		.uleb128 .LVU422
 13414              	.LLST77:
 13415 028e 06       		.byte	0x6
 13416 028f B2020000 		.4byte	.LVL88
 13417 0293 04       		.byte	0x4
 13418 0294 00       		.uleb128 .LVL88-.LVL88
 13419 0295 04       		.uleb128 .LVL89-.LVL88
 13420 0296 01       		.uleb128 0x1
 13421 0297 53       		.byte	0x53
 13422 0298 04       		.byte	0x4
 13423 0299 04       		.uleb128 .LVL89-.LVL88
 13424 029a 06       		.uleb128 .LVL90-.LVL88
 13425 029b 03       		.uleb128 0x3
 13426 029c 73       		.byte	0x73
 13427 029d 7C       		.sleb128 -4
 13428 029e 9F       		.byte	0x9f
 13429 029f 04       		.byte	0x4
 13430 02a0 06       		.uleb128 .LVL90-.LVL88
 13431 02a1 0A       		.uleb128 .LVL91-.LVL88
 13432 02a2 01       		.uleb128 0x1
 13433 02a3 53       		.byte	0x53
ARM GAS  /tmp/cctaqgo8.s 			page 237


 13434 02a4 00       		.byte	0
 13435              	.LVUS78:
 13436 02a5 01       		.uleb128 .LVU411
 13437 02a6 01       		.uleb128 .LVU423
 13438 02a7 00       		.uleb128 .LVU575
 13439 02a8 00       		.uleb128 .LVU576
 13440              	.LLST78:
 13441 02a9 06       		.byte	0x6
 13442 02aa A8020000 		.4byte	.LVL86
 13443 02ae 04       		.byte	0x4
 13444 02af 00       		.uleb128 .LVL86-.LVL86
 13445 02b0 14       		.uleb128 .LVL91-.LVL86
 13446 02b1 09       		.uleb128 0x9
 13447 02b2 91       		.byte	0x91
 13448 02b3 50       		.sleb128 -48
 13449 02b4 06       		.byte	0x6
 13450 02b5 3C       		.byte	0x3c
 13451 02b6 24       		.byte	0x24
 13452 02b7 71       		.byte	0x71
 13453 02b8 00       		.sleb128 0
 13454 02b9 22       		.byte	0x22
 13455 02ba 9F       		.byte	0x9f
 13456 02bb 04       		.byte	0x4
 13457 02bc 9802     		.uleb128 .LVL124-.LVL86
 13458 02be 9C02     		.uleb128 .LVL125-.LVL86
 13459 02c0 09       		.uleb128 0x9
 13460 02c1 91       		.byte	0x91
 13461 02c2 50       		.sleb128 -48
 13462 02c3 06       		.byte	0x6
 13463 02c4 3C       		.byte	0x3c
 13464 02c5 24       		.byte	0x24
 13465 02c6 71       		.byte	0x71
 13466 02c7 00       		.sleb128 0
 13467 02c8 22       		.byte	0x22
 13468 02c9 9F       		.byte	0x9f
 13469 02ca 00       		.byte	0
 13470              	.LVUS79:
 13471 02cb 07       		.uleb128 .LVU440
 13472 02cc 00       		.uleb128 .LVU442
 13473              	.LLST79:
 13474 02cd 08       		.byte	0x8
 13475 02ce CA020000 		.4byte	.LVL93
 13476 02d2 06       		.uleb128 .LVL94-.LVL93
 13477 02d3 03       		.uleb128 0x3
 13478 02d4 08       		.byte	0x8
 13479 02d5 20       		.byte	0x20
 13480 02d6 9F       		.byte	0x9f
 13481 02d7 00       		.byte	0
 13482              	.LVUS80:
 13483 02d8 01       		.uleb128 .LVU450
 13484 02d9 00       		.uleb128 .LVU452
 13485              	.LLST80:
 13486 02da 08       		.byte	0x8
 13487 02db DA020000 		.4byte	.LVL96
 13488 02df 08       		.uleb128 .LVL97-.LVL96
 13489 02e0 02       		.uleb128 0x2
 13490 02e1 30       		.byte	0x30
ARM GAS  /tmp/cctaqgo8.s 			page 238


 13491 02e2 9F       		.byte	0x9f
 13492 02e3 00       		.byte	0
 13493              	.LVUS81:
 13494 02e4 01       		.uleb128 .LVU450
 13495 02e5 00       		.uleb128 .LVU452
 13496              	.LLST81:
 13497 02e6 08       		.byte	0x8
 13498 02e7 DA020000 		.4byte	.LVL96
 13499 02eb 08       		.uleb128 .LVL97-.LVL96
 13500 02ec 01       		.uleb128 0x1
 13501 02ed 54       		.byte	0x54
 13502 02ee 00       		.byte	0
 13503              	.LVUS83:
 13504 02ef 04       		.uleb128 .LVU470
 13505 02f0 00       		.uleb128 .LVU472
 13506              	.LLST83:
 13507 02f1 08       		.byte	0x8
 13508 02f2 FE020000 		.4byte	.LVL100
 13509 02f6 06       		.uleb128 .LVL101-.LVL100
 13510 02f7 02       		.uleb128 0x2
 13511 02f8 30       		.byte	0x30
 13512 02f9 9F       		.byte	0x9f
 13513 02fa 00       		.byte	0
 13514              	.LVUS84:
 13515 02fb 02       		.uleb128 .LVU554
 13516 02fc 01       		.uleb128 .LVU568
 13517              	.LLST84:
 13518 02fd 08       		.byte	0x8
 13519 02fe 9A030000 		.4byte	.LVL115
 13520 0302 1A       		.uleb128 .LVL121-.LVL115
 13521 0303 01       		.uleb128 0x1
 13522 0304 55       		.byte	0x55
 13523 0305 00       		.byte	0
 13524              	.LVUS85:
 13525 0306 02       		.uleb128 .LVU554
 13526 0307 01       		.uleb128 .LVU568
 13527              	.LLST85:
 13528 0308 08       		.byte	0x8
 13529 0309 9A030000 		.4byte	.LVL115
 13530 030d 1A       		.uleb128 .LVL121-.LVL115
 13531 030e 02       		.uleb128 0x2
 13532 030f 72       		.byte	0x72
 13533 0310 0C       		.sleb128 12
 13534 0311 00       		.byte	0
 13535              	.LVUS86:
 13536 0312 00       		.uleb128 .LVU557
 13537 0313 00       		.uleb128 .LVU560
 13538 0314 00       		.uleb128 .LVU560
 13539 0315 00       		.uleb128 .LVU561
 13540              	.LLST86:
 13541 0316 06       		.byte	0x6
 13542 0317 9C030000 		.4byte	.LVL116
 13543 031b 04       		.byte	0x4
 13544 031c 00       		.uleb128 .LVL116-.LVL116
 13545 031d 02       		.uleb128 .LVL117-.LVL116
 13546 031e 05       		.uleb128 0x5
 13547 031f 73       		.byte	0x73
ARM GAS  /tmp/cctaqgo8.s 			page 239


 13548 0320 00       		.sleb128 0
 13549 0321 32       		.byte	0x32
 13550 0322 25       		.byte	0x25
 13551 0323 9F       		.byte	0x9f
 13552 0324 04       		.byte	0x4
 13553 0325 02       		.uleb128 .LVL117-.LVL116
 13554 0326 0A       		.uleb128 .LVL118-.LVL116
 13555 0327 01       		.uleb128 0x1
 13556 0328 53       		.byte	0x53
 13557 0329 00       		.byte	0
 13558              	.LVUS87:
 13559 032a 04       		.uleb128 .LVU556
 13560 032b 00       		.uleb128 .LVU561
 13561 032c 00       		.uleb128 .LVU561
 13562 032d 00       		.uleb128 .LVU563
 13563 032e 00       		.uleb128 .LVU563
 13564 032f 01       		.uleb128 .LVU565
 13565 0330 01       		.uleb128 .LVU565
 13566 0331 00       		.uleb128 .LVU567
 13567              	.LLST87:
 13568 0332 06       		.byte	0x6
 13569 0333 9A030000 		.4byte	.LVL115
 13570 0337 04       		.byte	0x4
 13571 0338 00       		.uleb128 .LVL115-.LVL115
 13572 0339 0C       		.uleb128 .LVL118-.LVL115
 13573 033a 02       		.uleb128 0x2
 13574 033b 72       		.byte	0x72
 13575 033c 0C       		.sleb128 12
 13576 033d 04       		.byte	0x4
 13577 033e 0C       		.uleb128 .LVL118-.LVL115
 13578 033f 10       		.uleb128 .LVL119-.LVL115
 13579 0340 01       		.uleb128 0x1
 13580 0341 53       		.byte	0x53
 13581 0342 04       		.byte	0x4
 13582 0343 10       		.uleb128 .LVL119-.LVL115
 13583 0344 12       		.uleb128 .LVL120-.LVL115
 13584 0345 03       		.uleb128 0x3
 13585 0346 73       		.byte	0x73
 13586 0347 7C       		.sleb128 -4
 13587 0348 9F       		.byte	0x9f
 13588 0349 04       		.byte	0x4
 13589 034a 12       		.uleb128 .LVL120-.LVL115
 13590 034b 1A       		.uleb128 .LVL121-.LVL115
 13591 034c 01       		.uleb128 0x1
 13592 034d 53       		.byte	0x53
 13593 034e 00       		.byte	0
 13594              	.LVUS90:
 13595 034f 08       		.uleb128 .LVU495
 13596 0350 00       		.uleb128 .LVU497
 13597 0351 08       		.uleb128 .LVU597
 13598 0352 00       		.uleb128 .LVU599
 13599              	.LLST90:
 13600 0353 06       		.byte	0x6
 13601 0354 22030000 		.4byte	.LVL103
 13602 0358 04       		.byte	0x4
 13603 0359 00       		.uleb128 .LVL103-.LVL103
 13604 035a 06       		.uleb128 .LVL104-.LVL103
ARM GAS  /tmp/cctaqgo8.s 			page 240


 13605 035b 03       		.uleb128 0x3
 13606 035c 08       		.byte	0x8
 13607 035d 20       		.byte	0x20
 13608 035e 9F       		.byte	0x9f
 13609 035f 04       		.byte	0x4
 13610 0360 D801     		.uleb128 .LVL137-.LVL103
 13611 0362 DE01     		.uleb128 .LVL138-.LVL103
 13612 0364 03       		.uleb128 0x3
 13613 0365 08       		.byte	0x8
 13614 0366 20       		.byte	0x20
 13615 0367 9F       		.byte	0x9f
 13616 0368 00       		.byte	0
 13617              	.LVUS92:
 13618 0369 04       		.uleb128 .LVU522
 13619 036a 00       		.uleb128 .LVU524
 13620              	.LLST92:
 13621 036b 08       		.byte	0x8
 13622 036c 5C030000 		.4byte	.LVL108
 13623 0370 06       		.uleb128 .LVL109-.LVL108
 13624 0371 02       		.uleb128 0x2
 13625 0372 30       		.byte	0x30
 13626 0373 9F       		.byte	0x9f
 13627 0374 00       		.byte	0
 13628              	.LVUS13:
 13629 0375 01       		.uleb128 .LVU103
 13630 0376 00       		.uleb128 .LVU140
 13631 0377 00       		.uleb128 .LVU172
 13632 0378 00       		.uleb128 .LVU325
 13633 0379 00       		.uleb128 .LVU578
 13634 037a 00       		.uleb128 .LVU580
 13635              	.LLST13:
 13636 037b 06       		.byte	0x6
 13637 037c 76000000 		.4byte	.LVL15
 13638 0380 04       		.byte	0x4
 13639 0381 00       		.uleb128 .LVL15-.LVL15
 13640 0382 40       		.uleb128 .LVL27-.LVL15
 13641 0383 01       		.uleb128 0x1
 13642 0384 59       		.byte	0x59
 13643 0385 04       		.byte	0x4
 13644 0386 76       		.uleb128 .LVL34-.LVL15
 13645 0387 F602     		.uleb128 .LVL71-.LVL15
 13646 0389 01       		.uleb128 0x1
 13647 038a 59       		.byte	0x59
 13648 038b 04       		.byte	0x4
 13649 038c D606     		.uleb128 .LVL127-.LVL15
 13650 038e DE06     		.uleb128 .LVL129-.LVL15
 13651 0390 01       		.uleb128 0x1
 13652 0391 59       		.byte	0x59
 13653 0392 00       		.byte	0
 13654              	.LVUS14:
 13655 0393 00       		.uleb128 .LVU108
 13656 0394 00       		.uleb128 .LVU117
 13657 0395 00       		.uleb128 .LVU172
 13658 0396 00       		.uleb128 .LVU179
 13659              	.LLST14:
 13660 0397 06       		.byte	0x6
 13661 0398 7C000000 		.4byte	.LVL16
ARM GAS  /tmp/cctaqgo8.s 			page 241


 13662 039c 04       		.byte	0x4
 13663 039d 00       		.uleb128 .LVL16-.LVL16
 13664 039e 1C       		.uleb128 .LVL20-.LVL16
 13665 039f 01       		.uleb128 0x1
 13666 03a0 53       		.byte	0x53
 13667 03a1 04       		.byte	0x4
 13668 03a2 70       		.uleb128 .LVL34-.LVL16
 13669 03a3 8001     		.uleb128 .LVL36-.LVL16
 13670 03a5 01       		.uleb128 0x1
 13671 03a6 53       		.byte	0x53
 13672 03a7 00       		.byte	0
 13673              	.LVUS15:
 13674 03a8 01       		.uleb128 .LVU112
 13675 03a9 00       		.uleb128 .LVU117
 13676 03aa 00       		.uleb128 .LVU176
 13677 03ab 00       		.uleb128 .LVU293
 13678 03ac 00       		.uleb128 .LVU295
 13679 03ad 00       		.uleb128 .LVU325
 13680 03ae 00       		.uleb128 .LVU578
 13681 03af 00       		.uleb128 .LVU580
 13682              	.LLST15:
 13683 03b0 06       		.byte	0x6
 13684 03b1 8C000000 		.4byte	.LVL17
 13685 03b5 04       		.byte	0x4
 13686 03b6 00       		.uleb128 .LVL17-.LVL17
 13687 03b7 0C       		.uleb128 .LVL20-.LVL17
 13688 03b8 09       		.uleb128 0x9
 13689 03b9 73       		.byte	0x73
 13690 03ba 00       		.sleb128 0
 13691 03bb 34       		.byte	0x34
 13692 03bc 25       		.byte	0x25
 13693 03bd 0A       		.byte	0xa
 13694 03be FF07     		.2byte	0x7ff
 13695 03c0 1A       		.byte	0x1a
 13696 03c1 9F       		.byte	0x9f
 13697 03c2 04       		.byte	0x4
 13698 03c3 6C       		.uleb128 .LVL35-.LVL17
 13699 03c4 9E02     		.uleb128 .LVL58-.LVL17
 13700 03c6 01       		.uleb128 0x1
 13701 03c7 57       		.byte	0x57
 13702 03c8 04       		.byte	0x4
 13703 03c9 A202     		.uleb128 .LVL59-.LVL17
 13704 03cb E002     		.uleb128 .LVL71-.LVL17
 13705 03cd 01       		.uleb128 0x1
 13706 03ce 57       		.byte	0x57
 13707 03cf 04       		.byte	0x4
 13708 03d0 C006     		.uleb128 .LVL127-.LVL17
 13709 03d2 C806     		.uleb128 .LVL129-.LVL17
 13710 03d4 01       		.uleb128 0x1
 13711 03d5 57       		.byte	0x57
 13712 03d6 00       		.byte	0
 13713              	.LVUS16:
 13714 03d7 02       		.uleb128 .LVU113
 13715 03d8 00       		.uleb128 .LVU115
 13716 03d9 00       		.uleb128 .LVU115
 13717 03da 00       		.uleb128 .LVU116
 13718 03db 00       		.uleb128 .LVU116
ARM GAS  /tmp/cctaqgo8.s 			page 242


 13719 03dc 00       		.uleb128 .LVU117
 13720 03dd 01       		.uleb128 .LVU177
 13721 03de 00       		.uleb128 .LVU179
 13722              	.LLST16:
 13723 03df 06       		.byte	0x6
 13724 03e0 8C000000 		.4byte	.LVL17
 13725 03e4 04       		.byte	0x4
 13726 03e5 00       		.uleb128 .LVL17-.LVL17
 13727 03e6 04       		.uleb128 .LVL18-.LVL17
 13728 03e7 05       		.uleb128 0x5
 13729 03e8 73       		.byte	0x73
 13730 03e9 00       		.sleb128 0
 13731 03ea 3F       		.byte	0x3f
 13732 03eb 1A       		.byte	0x1a
 13733 03ec 9F       		.byte	0x9f
 13734 03ed 04       		.byte	0x4
 13735 03ee 04       		.uleb128 .LVL18-.LVL17
 13736 03ef 08       		.uleb128 .LVL19-.LVL17
 13737 03f0 01       		.uleb128 0x1
 13738 03f1 52       		.byte	0x52
 13739 03f2 04       		.byte	0x4
 13740 03f3 08       		.uleb128 .LVL19-.LVL17
 13741 03f4 0C       		.uleb128 .LVL20-.LVL17
 13742 03f5 05       		.uleb128 0x5
 13743 03f6 73       		.byte	0x73
 13744 03f7 00       		.sleb128 0
 13745 03f8 3F       		.byte	0x3f
 13746 03f9 1A       		.byte	0x1a
 13747 03fa 9F       		.byte	0x9f
 13748 03fb 04       		.byte	0x4
 13749 03fc 6C       		.uleb128 .LVL35-.LVL17
 13750 03fd 70       		.uleb128 .LVL36-.LVL17
 13751 03fe 05       		.uleb128 0x5
 13752 03ff 73       		.byte	0x73
 13753 0400 00       		.sleb128 0
 13754 0401 3F       		.byte	0x3f
 13755 0402 1A       		.byte	0x1a
 13756 0403 9F       		.byte	0x9f
 13757 0404 00       		.byte	0
 13758              	.LVUS18:
 13759 0405 01       		.uleb128 .LVU184
 13760 0406 00       		.uleb128 .LVU288
 13761 0407 00       		.uleb128 .LVU578
 13762 0408 00       		.uleb128 .LVU580
 13763              	.LLST18:
 13764 0409 06       		.byte	0x6
 13765 040a 06010000 		.4byte	.LVL37
 13766 040e 04       		.byte	0x4
 13767 040f 00       		.uleb128 .LVL37-.LVL37
 13768 0410 9801     		.uleb128 .LVL57-.LVL37
 13769 0412 01       		.uleb128 0x1
 13770 0413 57       		.byte	0x57
 13771 0414 04       		.byte	0x4
 13772 0415 C605     		.uleb128 .LVL127-.LVL37
 13773 0417 CE05     		.uleb128 .LVL129-.LVL37
 13774 0419 01       		.uleb128 0x1
 13775 041a 57       		.byte	0x57
ARM GAS  /tmp/cctaqgo8.s 			page 243


 13776 041b 00       		.byte	0
 13777              	.LVUS19:
 13778 041c 01       		.uleb128 .LVU184
 13779 041d 00       		.uleb128 .LVU190
 13780 041e 00       		.uleb128 .LVU190
 13781 041f 00       		.uleb128 .LVU198
 13782              	.LLST19:
 13783 0420 06       		.byte	0x6
 13784 0421 06010000 		.4byte	.LVL37
 13785 0425 04       		.byte	0x4
 13786 0426 00       		.uleb128 .LVL37-.LVL37
 13787 0427 04       		.uleb128 .LVL38-.LVL37
 13788 0428 02       		.uleb128 0x2
 13789 0429 71       		.byte	0x71
 13790 042a 0C       		.sleb128 12
 13791 042b 04       		.byte	0x4
 13792 042c 04       		.uleb128 .LVL38-.LVL37
 13793 042d 10       		.uleb128 .LVL41-.LVL37
 13794 042e 08       		.uleb128 0x8
 13795 042f 78       		.byte	0x78
 13796 0430 0C       		.sleb128 12
 13797 0431 06       		.byte	0x6
 13798 0432 23       		.byte	0x23
 13799 0433 18       		.uleb128 0x18
 13800 0434 06       		.byte	0x6
 13801 0435 23       		.byte	0x23
 13802 0436 0C       		.uleb128 0xc
 13803 0437 00       		.byte	0
 13804              	.LVUS20:
 13805 0438 01       		.uleb128 .LVU184
 13806 0439 00       		.uleb128 .LVU191
 13807 043a 00       		.uleb128 .LVU191
 13808 043b 00       		.uleb128 .LVU198
 13809 043c 00       		.uleb128 .LVU198
 13810 043d 00       		.uleb128 .LVU249
 13811              	.LLST20:
 13812 043e 06       		.byte	0x6
 13813 043f 06010000 		.4byte	.LVL37
 13814 0443 04       		.byte	0x4
 13815 0444 00       		.uleb128 .LVL37-.LVL37
 13816 0445 08       		.uleb128 .LVL39-.LVL37
 13817 0446 04       		.uleb128 0x4
 13818 0447 70       		.byte	0x70
 13819 0448 8020     		.sleb128 4096
 13820 044a 9F       		.byte	0x9f
 13821 044b 04       		.byte	0x4
 13822 044c 08       		.uleb128 .LVL39-.LVL37
 13823 044d 10       		.uleb128 .LVL41-.LVL37
 13824 044e 01       		.uleb128 0x1
 13825 044f 50       		.byte	0x50
 13826 0450 04       		.byte	0x4
 13827 0451 10       		.uleb128 .LVL41-.LVL37
 13828 0452 5C       		.uleb128 .LVL49-.LVL37
 13829 0453 01       		.uleb128 0x1
 13830 0454 5C       		.byte	0x5c
 13831 0455 00       		.byte	0
 13832              	.LVUS21:
ARM GAS  /tmp/cctaqgo8.s 			page 244


 13833 0456 04       		.uleb128 .LVU187
 13834 0457 00       		.uleb128 .LVU198
 13835 0458 00       		.uleb128 .LVU198
 13836 0459 03       		.uleb128 .LVU208
 13837 045a 03       		.uleb128 .LVU208
 13838 045b 00       		.uleb128 .LVU218
 13839 045c 00       		.uleb128 .LVU218
 13840 045d 03       		.uleb128 .LVU231
 13841 045e 00       		.uleb128 .LVU248
 13842 045f 00       		.uleb128 .LVU249
 13843              	.LLST21:
 13844 0460 06       		.byte	0x6
 13845 0461 06010000 		.4byte	.LVL37
 13846 0465 04       		.byte	0x4
 13847 0466 00       		.uleb128 .LVL37-.LVL37
 13848 0467 10       		.uleb128 .LVL41-.LVL37
 13849 0468 01       		.uleb128 0x1
 13850 0469 57       		.byte	0x57
 13851 046a 04       		.byte	0x4
 13852 046b 10       		.uleb128 .LVL41-.LVL37
 13853 046c 18       		.uleb128 .LVL43-.LVL37
 13854 046d 01       		.uleb128 0x1
 13855 046e 51       		.byte	0x51
 13856 046f 04       		.byte	0x4
 13857 0470 18       		.uleb128 .LVL43-.LVL37
 13858 0471 36       		.uleb128 .LVL44-.LVL37
 13859 0472 03       		.uleb128 0x3
 13860 0473 71       		.byte	0x71
 13861 0474 7F       		.sleb128 -1
 13862 0475 9F       		.byte	0x9f
 13863 0476 04       		.byte	0x4
 13864 0477 36       		.uleb128 .LVL44-.LVL37
 13865 0478 4C       		.uleb128 .LVL47-.LVL37
 13866 0479 01       		.uleb128 0x1
 13867 047a 51       		.byte	0x51
 13868 047b 04       		.byte	0x4
 13869 047c 5A       		.uleb128 .LVL48-.LVL37
 13870 047d 5C       		.uleb128 .LVL49-.LVL37
 13871 047e 01       		.uleb128 0x1
 13872 047f 51       		.byte	0x51
 13873 0480 00       		.byte	0
 13874              	.LVUS24:
 13875 0481 08       		.uleb128 .LVU257
 13876 0482 00       		.uleb128 .LVU259
 13877              	.LLST24:
 13878 0483 08       		.byte	0x8
 13879 0484 62010000 		.4byte	.LVL49
 13880 0488 06       		.uleb128 .LVL50-.LVL49
 13881 0489 03       		.uleb128 0x3
 13882 048a 08       		.byte	0x8
 13883 048b 20       		.byte	0x20
 13884 048c 9F       		.byte	0x9f
 13885 048d 00       		.byte	0
 13886              	.LVUS26:
 13887 048e 00       		.uleb128 .LVU201
 13888 048f 00       		.uleb128 .LVU227
 13889 0490 00       		.uleb128 .LVU248
ARM GAS  /tmp/cctaqgo8.s 			page 245


 13890 0491 00       		.uleb128 .LVU249
 13891              	.LLST26:
 13892 0492 06       		.byte	0x6
 13893 0493 1A010000 		.4byte	.LVL42
 13894 0497 04       		.byte	0x4
 13895 0498 00       		.uleb128 .LVL42-.LVL42
 13896 0499 36       		.uleb128 .LVL46-.LVL42
 13897 049a 01       		.uleb128 0x1
 13898 049b 50       		.byte	0x50
 13899 049c 04       		.byte	0x4
 13900 049d 46       		.uleb128 .LVL48-.LVL42
 13901 049e 48       		.uleb128 .LVL49-.LVL42
 13902 049f 01       		.uleb128 0x1
 13903 04a0 50       		.byte	0x50
 13904 04a1 00       		.byte	0
 13905              	.LVUS27:
 13906 04a2 01       		.uleb128 .LVU202
 13907 04a3 00       		.uleb128 .LVU227
 13908 04a4 00       		.uleb128 .LVU248
 13909 04a5 00       		.uleb128 .LVU249
 13910              	.LLST27:
 13911 04a6 06       		.byte	0x6
 13912 04a7 1A010000 		.4byte	.LVL42
 13913 04ab 04       		.byte	0x4
 13914 04ac 00       		.uleb128 .LVL42-.LVL42
 13915 04ad 36       		.uleb128 .LVL46-.LVL42
 13916 04ae 02       		.uleb128 0x2
 13917 04af 30       		.byte	0x30
 13918 04b0 9F       		.byte	0x9f
 13919 04b1 04       		.byte	0x4
 13920 04b2 46       		.uleb128 .LVL48-.LVL42
 13921 04b3 48       		.uleb128 .LVL49-.LVL42
 13922 04b4 02       		.uleb128 0x2
 13923 04b5 30       		.byte	0x30
 13924 04b6 9F       		.byte	0x9f
 13925 04b7 00       		.byte	0
 13926              	.LVUS28:
 13927 04b8 02       		.uleb128 .LVU196
 13928 04b9 00       		.uleb128 .LVU198
 13929 04ba 02       		.uleb128 .LVU224
 13930 04bb 00       		.uleb128 .LVU227
 13931              	.LLST28:
 13932 04bc 06       		.byte	0x6
 13933 04bd 14010000 		.4byte	.LVL40
 13934 04c1 04       		.byte	0x4
 13935 04c2 00       		.uleb128 .LVL40-.LVL40
 13936 04c3 02       		.uleb128 .LVL41-.LVL40
 13937 04c4 05       		.uleb128 0x5
 13938 04c5 77       		.byte	0x77
 13939 04c6 00       		.sleb128 0
 13940 04c7 32       		.byte	0x32
 13941 04c8 25       		.byte	0x25
 13942 04c9 9F       		.byte	0x9f
 13943 04ca 04       		.byte	0x4
 13944 04cb 38       		.uleb128 .LVL45-.LVL40
 13945 04cc 3C       		.uleb128 .LVL46-.LVL40
 13946 04cd 05       		.uleb128 0x5
ARM GAS  /tmp/cctaqgo8.s 			page 246


 13947 04ce 71       		.byte	0x71
 13948 04cf 00       		.sleb128 0
 13949 04d0 32       		.byte	0x32
 13950 04d1 25       		.byte	0x25
 13951 04d2 9F       		.byte	0x9f
 13952 04d3 00       		.byte	0
 13953              	.LVUS30:
 13954 04d4 03       		.uleb128 .LVU231
 13955 04d5 00       		.uleb128 .LVU248
 13956              	.LLST30:
 13957 04d6 08       		.byte	0x8
 13958 04d7 52010000 		.4byte	.LVL47
 13959 04db 0E       		.uleb128 .LVL48-.LVL47
 13960 04dc 02       		.uleb128 0x2
 13961 04dd 30       		.byte	0x30
 13962 04de 9F       		.byte	0x9f
 13963 04df 00       		.byte	0
 13964              	.LVUS31:
 13965 04e0 02       		.uleb128 .LVU230
 13966 04e1 00       		.uleb128 .LVU248
 13967              	.LLST31:
 13968 04e2 08       		.byte	0x8
 13969 04e3 52010000 		.4byte	.LVL47
 13970 04e7 0E       		.uleb128 .LVL48-.LVL47
 13971 04e8 02       		.uleb128 0x2
 13972 04e9 30       		.byte	0x30
 13973 04ea 9F       		.byte	0x9f
 13974 04eb 00       		.byte	0
 13975              	.LVUS32:
 13976 04ec 01       		.uleb128 .LVU266
 13977 04ed 00       		.uleb128 .LVU268
 13978              	.LLST32:
 13979 04ee 08       		.byte	0x8
 13980 04ef 72010000 		.4byte	.LVL52
 13981 04f3 08       		.uleb128 .LVL53-.LVL52
 13982 04f4 02       		.uleb128 0x2
 13983 04f5 30       		.byte	0x30
 13984 04f6 9F       		.byte	0x9f
 13985 04f7 00       		.byte	0
 13986              	.LVUS33:
 13987 04f8 01       		.uleb128 .LVU266
 13988 04f9 00       		.uleb128 .LVU268
 13989              	.LLST33:
 13990 04fa 08       		.byte	0x8
 13991 04fb 72010000 		.4byte	.LVL52
 13992 04ff 08       		.uleb128 .LVL53-.LVL52
 13993 0500 01       		.uleb128 0x1
 13994 0501 56       		.byte	0x56
 13995 0502 00       		.byte	0
 13996              	.LVUS35:
 13997 0503 04       		.uleb128 .LVU286
 13998 0504 00       		.uleb128 .LVU288
 13999              	.LLST35:
 14000 0505 08       		.byte	0x8
 14001 0506 98010000 		.4byte	.LVL56
 14002 050a 06       		.uleb128 .LVL57-.LVL56
 14003 050b 02       		.uleb128 0x2
ARM GAS  /tmp/cctaqgo8.s 			page 247


 14004 050c 30       		.byte	0x30
 14005 050d 9F       		.byte	0x9f
 14006 050e 00       		.byte	0
 14007              	.LVUS37:
 14008 050f 00       		.uleb128 .LVU121
 14009 0510 03       		.uleb128 .LVU124
 14010 0511 03       		.uleb128 .LVU124
 14011 0512 00       		.uleb128 .LVU127
 14012 0513 00       		.uleb128 .LVU127
 14013 0514 00       		.uleb128 .LVU140
 14014              	.LLST37:
 14015 0515 06       		.byte	0x6
 14016 0516 A0000000 		.4byte	.LVL21
 14017 051a 04       		.byte	0x4
 14018 051b 00       		.uleb128 .LVL21-.LVL21
 14019 051c 00       		.uleb128 .LVL21-.LVL21
 14020 051d 02       		.uleb128 0x2
 14021 051e 38       		.byte	0x38
 14022 051f 9F       		.byte	0x9f
 14023 0520 04       		.byte	0x4
 14024 0521 00       		.uleb128 .LVL21-.LVL21
 14025 0522 08       		.uleb128 .LVL22-.LVL21
 14026 0523 02       		.uleb128 0x2
 14027 0524 32       		.byte	0x32
 14028 0525 9F       		.byte	0x9f
 14029 0526 04       		.byte	0x4
 14030 0527 08       		.uleb128 .LVL22-.LVL21
 14031 0528 16       		.uleb128 .LVL27-.LVL21
 14032 0529 01       		.uleb128 0x1
 14033 052a 52       		.byte	0x52
 14034 052b 00       		.byte	0
 14035              	.LVUS38:
 14036 052c 00       		.uleb128 .LVU127
 14037 052d 01       		.uleb128 .LVU137
 14038 052e 01       		.uleb128 .LVU137
 14039 052f 00       		.uleb128 .LVU139
 14040 0530 00       		.uleb128 .LVU139
 14041 0531 00       		.uleb128 .LVU140
 14042              	.LLST38:
 14043 0532 06       		.byte	0x6
 14044 0533 A8000000 		.4byte	.LVL22
 14045 0537 04       		.byte	0x4
 14046 0538 00       		.uleb128 .LVL22-.LVL22
 14047 0539 0A       		.uleb128 .LVL25-.LVL22
 14048 053a 01       		.uleb128 0x1
 14049 053b 53       		.byte	0x53
 14050 053c 04       		.byte	0x4
 14051 053d 0A       		.uleb128 .LVL25-.LVL22
 14052 053e 0C       		.uleb128 .LVL26-.LVL22
 14053 053f 03       		.uleb128 0x3
 14054 0540 73       		.byte	0x73
 14055 0541 7F       		.sleb128 -1
 14056 0542 9F       		.byte	0x9f
 14057 0543 04       		.byte	0x4
 14058 0544 0C       		.uleb128 .LVL26-.LVL22
 14059 0545 0E       		.uleb128 .LVL27-.LVL22
 14060 0546 01       		.uleb128 0x1
ARM GAS  /tmp/cctaqgo8.s 			page 248


 14061 0547 53       		.byte	0x53
 14062 0548 00       		.byte	0
 14063              	.LVUS39:
 14064 0549 00       		.uleb128 .LVU121
 14065 054a 00       		.uleb128 .LVU133
 14066 054b 00       		.uleb128 .LVU133
 14067 054c 01       		.uleb128 .LVU134
 14068 054d 01       		.uleb128 .LVU134
 14069 054e 00       		.uleb128 .LVU140
 14070              	.LLST39:
 14071 054f 06       		.byte	0x6
 14072 0550 A0000000 		.4byte	.LVL21
 14073 0554 04       		.byte	0x4
 14074 0555 00       		.uleb128 .LVL21-.LVL21
 14075 0556 10       		.uleb128 .LVL24-.LVL21
 14076 0557 01       		.uleb128 0x1
 14077 0558 56       		.byte	0x56
 14078 0559 04       		.byte	0x4
 14079 055a 10       		.uleb128 .LVL24-.LVL21
 14080 055b 10       		.uleb128 .LVL24-.LVL21
 14081 055c 03       		.uleb128 0x3
 14082 055d 76       		.byte	0x76
 14083 055e 7C       		.sleb128 -4
 14084 055f 9F       		.byte	0x9f
 14085 0560 04       		.byte	0x4
 14086 0561 10       		.uleb128 .LVL24-.LVL21
 14087 0562 16       		.uleb128 .LVL27-.LVL21
 14088 0563 01       		.uleb128 0x1
 14089 0564 56       		.byte	0x56
 14090 0565 00       		.byte	0
 14091              	.LVUS40:
 14092 0566 00       		.uleb128 .LVU121
 14093 0567 00       		.uleb128 .LVU127
 14094 0568 00       		.uleb128 .LVU127
 14095 0569 00       		.uleb128 .LVU140
 14096              	.LLST40:
 14097 056a 06       		.byte	0x6
 14098 056b A0000000 		.4byte	.LVL21
 14099 056f 04       		.byte	0x4
 14100 0570 00       		.uleb128 .LVL21-.LVL21
 14101 0571 08       		.uleb128 .LVL22-.LVL21
 14102 0572 04       		.uleb128 0x4
 14103 0573 70       		.byte	0x70
 14104 0574 8020     		.sleb128 4096
 14105 0576 9F       		.byte	0x9f
 14106 0577 04       		.byte	0x4
 14107 0578 08       		.uleb128 .LVL22-.LVL21
 14108 0579 16       		.uleb128 .LVL27-.LVL21
 14109 057a 01       		.uleb128 0x1
 14110 057b 50       		.byte	0x50
 14111 057c 00       		.byte	0
 14112              	.LVUS41:
 14113 057d 00       		.uleb128 .LVU129
 14114 057e 00       		.uleb128 .LVU140
 14115              	.LLST41:
 14116 057f 08       		.byte	0x8
 14117 0580 AA000000 		.4byte	.LVL23
ARM GAS  /tmp/cctaqgo8.s 			page 249


 14118 0584 0C       		.uleb128 .LVL27-.LVL23
 14119 0585 01       		.uleb128 0x1
 14120 0586 51       		.byte	0x51
 14121 0587 00       		.byte	0
 14122              	.LVUS43:
 14123 0588 00       		.uleb128 .LVU298
 14124 0589 00       		.uleb128 .LVU306
 14125 058a 00       		.uleb128 .LVU306
 14126 058b 00       		.uleb128 .LVU322
 14127              	.LLST43:
 14128 058c 06       		.byte	0x6
 14129 058d B4010000 		.4byte	.LVL60
 14130 0591 04       		.byte	0x4
 14131 0592 00       		.uleb128 .LVL60-.LVL60
 14132 0593 0E       		.uleb128 .LVL63-.LVL60
 14133 0594 07       		.uleb128 0x7
 14134 0595 71       		.byte	0x71
 14135 0596 04       		.sleb128 4
 14136 0597 06       		.byte	0x6
 14137 0598 7C       		.byte	0x7c
 14138 0599 00       		.sleb128 0
 14139 059a 1C       		.byte	0x1c
 14140 059b 9F       		.byte	0x9f
 14141 059c 04       		.byte	0x4
 14142 059d 0E       		.uleb128 .LVL63-.LVL60
 14143 059e 28       		.uleb128 .LVL70-.LVL60
 14144 059f 01       		.uleb128 0x1
 14145 05a0 52       		.byte	0x52
 14146 05a1 00       		.byte	0
 14147              	.LVUS44:
 14148 05a2 00       		.uleb128 .LVU298
 14149 05a3 00       		.uleb128 .LVU302
 14150 05a4 00       		.uleb128 .LVU302
 14151 05a5 00       		.uleb128 .LVU305
 14152 05a6 00       		.uleb128 .LVU305
 14153 05a7 01       		.uleb128 .LVU307
 14154 05a8 00       		.uleb128 .LVU309
 14155 05a9 01       		.uleb128 .LVU319
 14156 05aa 01       		.uleb128 .LVU319
 14157 05ab 00       		.uleb128 .LVU321
 14158 05ac 00       		.uleb128 .LVU321
 14159 05ad 00       		.uleb128 .LVU322
 14160              	.LLST44:
 14161 05ae 06       		.byte	0x6
 14162 05af B4010000 		.4byte	.LVL60
 14163 05b3 04       		.byte	0x4
 14164 05b4 00       		.uleb128 .LVL60-.LVL60
 14165 05b5 04       		.uleb128 .LVL61-.LVL60
 14166 05b6 01       		.uleb128 0x1
 14167 05b7 57       		.byte	0x57
 14168 05b8 04       		.byte	0x4
 14169 05b9 04       		.uleb128 .LVL61-.LVL60
 14170 05ba 0A       		.uleb128 .LVL62-.LVL60
 14171 05bb 05       		.uleb128 0x5
 14172 05bc 73       		.byte	0x73
 14173 05bd 00       		.sleb128 0
 14174 05be 32       		.byte	0x32
ARM GAS  /tmp/cctaqgo8.s 			page 250


 14175 05bf 25       		.byte	0x25
 14176 05c0 9F       		.byte	0x9f
 14177 05c1 04       		.byte	0x4
 14178 05c2 0A       		.uleb128 .LVL62-.LVL60
 14179 05c3 0E       		.uleb128 .LVL63-.LVL60
 14180 05c4 01       		.uleb128 0x1
 14181 05c5 53       		.byte	0x53
 14182 05c6 04       		.byte	0x4
 14183 05c7 18       		.uleb128 .LVL65-.LVL60
 14184 05c8 24       		.uleb128 .LVL68-.LVL60
 14185 05c9 01       		.uleb128 0x1
 14186 05ca 53       		.byte	0x53
 14187 05cb 04       		.byte	0x4
 14188 05cc 24       		.uleb128 .LVL68-.LVL60
 14189 05cd 26       		.uleb128 .LVL69-.LVL60
 14190 05ce 03       		.uleb128 0x3
 14191 05cf 73       		.byte	0x73
 14192 05d0 7F       		.sleb128 -1
 14193 05d1 9F       		.byte	0x9f
 14194 05d2 04       		.byte	0x4
 14195 05d3 26       		.uleb128 .LVL69-.LVL60
 14196 05d4 28       		.uleb128 .LVL70-.LVL60
 14197 05d5 01       		.uleb128 0x1
 14198 05d6 53       		.byte	0x53
 14199 05d7 00       		.byte	0
 14200              	.LVUS45:
 14201 05d8 00       		.uleb128 .LVU298
 14202 05d9 00       		.uleb128 .LVU309
 14203 05da 00       		.uleb128 .LVU309
 14204 05db 00       		.uleb128 .LVU315
 14205 05dc 00       		.uleb128 .LVU315
 14206 05dd 01       		.uleb128 .LVU316
 14207 05de 01       		.uleb128 .LVU316
 14208 05df 00       		.uleb128 .LVU322
 14209              	.LLST45:
 14210 05e0 06       		.byte	0x6
 14211 05e1 B4010000 		.4byte	.LVL60
 14212 05e5 04       		.byte	0x4
 14213 05e6 00       		.uleb128 .LVL60-.LVL60
 14214 05e7 18       		.uleb128 .LVL65-.LVL60
 14215 05e8 02       		.uleb128 0x2
 14216 05e9 71       		.byte	0x71
 14217 05ea 0C       		.sleb128 12
 14218 05eb 04       		.byte	0x4
 14219 05ec 18       		.uleb128 .LVL65-.LVL60
 14220 05ed 22       		.uleb128 .LVL67-.LVL60
 14221 05ee 01       		.uleb128 0x1
 14222 05ef 5E       		.byte	0x5e
 14223 05f0 04       		.byte	0x4
 14224 05f1 22       		.uleb128 .LVL67-.LVL60
 14225 05f2 22       		.uleb128 .LVL67-.LVL60
 14226 05f3 03       		.uleb128 0x3
 14227 05f4 7E       		.byte	0x7e
 14228 05f5 7C       		.sleb128 -4
 14229 05f6 9F       		.byte	0x9f
 14230 05f7 04       		.byte	0x4
 14231 05f8 22       		.uleb128 .LVL67-.LVL60
ARM GAS  /tmp/cctaqgo8.s 			page 251


 14232 05f9 28       		.uleb128 .LVL70-.LVL60
 14233 05fa 01       		.uleb128 0x1
 14234 05fb 5E       		.byte	0x5e
 14235 05fc 00       		.byte	0
 14236              	.LVUS46:
 14237 05fd 00       		.uleb128 .LVU298
 14238 05fe 00       		.uleb128 .LVU308
 14239 05ff 00       		.uleb128 .LVU308
 14240 0600 00       		.uleb128 .LVU309
 14241 0601 00       		.uleb128 .LVU309
 14242 0602 00       		.uleb128 .LVU322
 14243              	.LLST46:
 14244 0603 06       		.byte	0x6
 14245 0604 B4010000 		.4byte	.LVL60
 14246 0608 04       		.byte	0x4
 14247 0609 00       		.uleb128 .LVL60-.LVL60
 14248 060a 14       		.uleb128 .LVL64-.LVL60
 14249 060b 04       		.uleb128 0x4
 14250 060c 70       		.byte	0x70
 14251 060d 8020     		.sleb128 4096
 14252 060f 9F       		.byte	0x9f
 14253 0610 04       		.byte	0x4
 14254 0611 14       		.uleb128 .LVL64-.LVL60
 14255 0612 18       		.uleb128 .LVL65-.LVL60
 14256 0613 01       		.uleb128 0x1
 14257 0614 50       		.byte	0x50
 14258 0615 04       		.byte	0x4
 14259 0616 18       		.uleb128 .LVL65-.LVL60
 14260 0617 28       		.uleb128 .LVL70-.LVL60
 14261 0618 01       		.uleb128 0x1
 14262 0619 58       		.byte	0x58
 14263 061a 00       		.byte	0
 14264              	.LVUS47:
 14265 061b 00       		.uleb128 .LVU312
 14266 061c 00       		.uleb128 .LVU322
 14267              	.LLST47:
 14268 061d 08       		.byte	0x8
 14269 061e D0010000 		.4byte	.LVL66
 14270 0622 0C       		.uleb128 .LVL70-.LVL66
 14271 0623 01       		.uleb128 0x1
 14272 0624 50       		.byte	0x50
 14273 0625 00       		.byte	0
 14274              	.LVUS50:
 14275 0626 04       		.uleb128 .LVU93
 14276 0627 00       		.uleb128 .LVU95
 14277              	.LLST50:
 14278 0628 08       		.byte	0x8
 14279 0629 68000000 		.4byte	.LVL12
 14280 062d 06       		.uleb128 .LVL13-.LVL12
 14281 062e 02       		.uleb128 0x2
 14282 062f 30       		.byte	0x30
 14283 0630 9F       		.byte	0x9f
 14284 0631 00       		.byte	0
 14285              	.LVUS52:
 14286 0632 07       		.uleb128 .LVU164
 14287 0633 00       		.uleb128 .LVU166
 14288              	.LLST52:
ARM GAS  /tmp/cctaqgo8.s 			page 252


 14289 0634 08       		.byte	0x8
 14290 0635 E0000000 		.4byte	.LVL31
 14291 0639 06       		.uleb128 .LVL32-.LVL31
 14292 063a 03       		.uleb128 0x3
 14293 063b 08       		.byte	0x8
 14294 063c 20       		.byte	0x20
 14295 063d 9F       		.byte	0x9f
 14296 063e 00       		.byte	0
 14297              	.LVUS7:
 14298 063f 02       		.uleb128 .LVU42
 14299 0640 04       		.uleb128 .LVU44
 14300              	.LLST7:
 14301 0641 08       		.byte	0x8
 14302 0642 16000000 		.4byte	.LVL6
 14303 0646 00       		.uleb128 .LVL6-.LVL6
 14304 0647 06       		.uleb128 0x6
 14305 0648 03       		.byte	0x3
 14306 0649 00000000 		.4byte	.LC0
 14307 064d 9F       		.byte	0x9f
 14308 064e 00       		.byte	0
 14309              	.LVUS8:
 14310 064f 0C       		.uleb128 .LVU52
 14311 0650 00       		.uleb128 .LVU54
 14312              	.LLST8:
 14313 0651 08       		.byte	0x8
 14314 0652 16000000 		.4byte	.LVL6
 14315 0656 06       		.uleb128 .LVL7-.LVL6
 14316 0657 03       		.uleb128 0x3
 14317 0658 08       		.byte	0x8
 14318 0659 20       		.byte	0x20
 14319 065a 9F       		.byte	0x9f
 14320 065b 00       		.byte	0
 14321              	.LVUS201:
 14322 065c 00       		.uleb128 0
 14323 065d 00       		.uleb128 .LVU1481
 14324 065e 00       		.uleb128 .LVU1481
 14325 065f 00       		.uleb128 0
 14326              	.LLST201:
 14327 0660 06       		.byte	0x6
 14328 0661 00000000 		.4byte	.LVL332
 14329 0665 04       		.byte	0x4
 14330 0666 00       		.uleb128 .LVL332-.LVL332
 14331 0667 06       		.uleb128 .LVL333-.LVL332
 14332 0668 01       		.uleb128 0x1
 14333 0669 51       		.byte	0x51
 14334 066a 04       		.byte	0x4
 14335 066b 06       		.uleb128 .LVL333-.LVL332
 14336 066c 14       		.uleb128 .LFE258-.LVL332
 14337 066d 0A       		.uleb128 0xa
 14338 066e A3       		.byte	0xa3
 14339 066f 03       		.uleb128 0x3
 14340 0670 A5       		.byte	0xa5
 14341 0671 01       		.uleb128 0x1
 14342 0672 26       		.uleb128 0x26
 14343 0673 A8       		.byte	0xa8
 14344 0674 34       		.uleb128 0x34
 14345 0675 A8       		.byte	0xa8
ARM GAS  /tmp/cctaqgo8.s 			page 253


 14346 0676 00       		.uleb128 0
 14347 0677 9F       		.byte	0x9f
 14348 0678 00       		.byte	0
 14349              	.LVUS200:
 14350 0679 00       		.uleb128 0
 14351 067a 00       		.uleb128 .LVU1476
 14352 067b 00       		.uleb128 .LVU1476
 14353 067c 00       		.uleb128 0
 14354              	.LLST200:
 14355 067d 06       		.byte	0x6
 14356 067e 00000000 		.4byte	.LVL330
 14357 0682 04       		.byte	0x4
 14358 0683 00       		.uleb128 .LVL330-.LVL330
 14359 0684 06       		.uleb128 .LVL331-.LVL330
 14360 0685 01       		.uleb128 0x1
 14361 0686 51       		.byte	0x51
 14362 0687 04       		.byte	0x4
 14363 0688 06       		.uleb128 .LVL331-.LVL330
 14364 0689 14       		.uleb128 .LFE257-.LVL330
 14365 068a 0A       		.uleb128 0xa
 14366 068b A3       		.byte	0xa3
 14367 068c 03       		.uleb128 0x3
 14368 068d A5       		.byte	0xa5
 14369 068e 01       		.uleb128 0x1
 14370 068f 26       		.uleb128 0x26
 14371 0690 A8       		.byte	0xa8
 14372 0691 34       		.uleb128 0x34
 14373 0692 A8       		.byte	0xa8
 14374 0693 00       		.uleb128 0
 14375 0694 9F       		.byte	0x9f
 14376 0695 00       		.byte	0
 14377              	.LVUS199:
 14378 0696 00       		.uleb128 0
 14379 0697 00       		.uleb128 .LVU1471
 14380 0698 00       		.uleb128 .LVU1471
 14381 0699 00       		.uleb128 0
 14382              	.LLST199:
 14383 069a 06       		.byte	0x6
 14384 069b 00000000 		.4byte	.LVL328
 14385 069f 04       		.byte	0x4
 14386 06a0 00       		.uleb128 .LVL328-.LVL328
 14387 06a1 06       		.uleb128 .LVL329-.LVL328
 14388 06a2 01       		.uleb128 0x1
 14389 06a3 51       		.byte	0x51
 14390 06a4 04       		.byte	0x4
 14391 06a5 06       		.uleb128 .LVL329-.LVL328
 14392 06a6 14       		.uleb128 .LFE256-.LVL328
 14393 06a7 0A       		.uleb128 0xa
 14394 06a8 A3       		.byte	0xa3
 14395 06a9 03       		.uleb128 0x3
 14396 06aa A5       		.byte	0xa5
 14397 06ab 01       		.uleb128 0x1
 14398 06ac 26       		.uleb128 0x26
 14399 06ad A8       		.byte	0xa8
 14400 06ae 34       		.uleb128 0x34
 14401 06af A8       		.byte	0xa8
 14402 06b0 00       		.uleb128 0
ARM GAS  /tmp/cctaqgo8.s 			page 254


 14403 06b1 9F       		.byte	0x9f
 14404 06b2 00       		.byte	0
 14405              	.LVUS198:
 14406 06b3 00       		.uleb128 0
 14407 06b4 00       		.uleb128 .LVU1466
 14408 06b5 00       		.uleb128 .LVU1466
 14409 06b6 00       		.uleb128 0
 14410              	.LLST198:
 14411 06b7 06       		.byte	0x6
 14412 06b8 00000000 		.4byte	.LVL326
 14413 06bc 04       		.byte	0x4
 14414 06bd 00       		.uleb128 .LVL326-.LVL326
 14415 06be 06       		.uleb128 .LVL327-.LVL326
 14416 06bf 01       		.uleb128 0x1
 14417 06c0 51       		.byte	0x51
 14418 06c1 04       		.byte	0x4
 14419 06c2 06       		.uleb128 .LVL327-.LVL326
 14420 06c3 14       		.uleb128 .LFE255-.LVL326
 14421 06c4 0A       		.uleb128 0xa
 14422 06c5 A3       		.byte	0xa3
 14423 06c6 03       		.uleb128 0x3
 14424 06c7 A5       		.byte	0xa5
 14425 06c8 01       		.uleb128 0x1
 14426 06c9 26       		.uleb128 0x26
 14427 06ca A8       		.byte	0xa8
 14428 06cb 34       		.uleb128 0x34
 14429 06cc A8       		.byte	0xa8
 14430 06cd 00       		.uleb128 0
 14431 06ce 9F       		.byte	0x9f
 14432 06cf 00       		.byte	0
 14433              	.LVUS166:
 14434 06d0 00       		.uleb128 0
 14435 06d1 00       		.uleb128 .LVU1164
 14436 06d2 00       		.uleb128 .LVU1164
 14437 06d3 00       		.uleb128 0
 14438              	.LLST166:
 14439 06d4 06       		.byte	0x6
 14440 06d5 00000000 		.4byte	.LVL256
 14441 06d9 04       		.byte	0x4
 14442 06da 00       		.uleb128 .LVL256-.LVL256
 14443 06db 0C       		.uleb128 .LVL257-.LVL256
 14444 06dc 01       		.uleb128 0x1
 14445 06dd 50       		.byte	0x50
 14446 06de 04       		.byte	0x4
 14447 06df 0C       		.uleb128 .LVL257-.LVL256
 14448 06e0 4A       		.uleb128 .LFE252-.LVL256
 14449 06e1 0A       		.uleb128 0xa
 14450 06e2 A3       		.byte	0xa3
 14451 06e3 03       		.uleb128 0x3
 14452 06e4 A5       		.byte	0xa5
 14453 06e5 00       		.uleb128 0
 14454 06e6 26       		.uleb128 0x26
 14455 06e7 A8       		.byte	0xa8
 14456 06e8 2D       		.uleb128 0x2d
 14457 06e9 A8       		.byte	0xa8
 14458 06ea 00       		.uleb128 0
 14459 06eb 9F       		.byte	0x9f
ARM GAS  /tmp/cctaqgo8.s 			page 255


 14460 06ec 00       		.byte	0
 14461              	.LVUS167:
 14462 06ed 00       		.uleb128 0
 14463 06ee 00       		.uleb128 .LVU1185
 14464 06ef 00       		.uleb128 .LVU1185
 14465 06f0 00       		.uleb128 0
 14466              	.LLST167:
 14467 06f1 06       		.byte	0x6
 14468 06f2 00000000 		.4byte	.LVL256
 14469 06f6 04       		.byte	0x4
 14470 06f7 00       		.uleb128 .LVL256-.LVL256
 14471 06f8 3A       		.uleb128 .LVL260-.LVL256
 14472 06f9 01       		.uleb128 0x1
 14473 06fa 51       		.byte	0x51
 14474 06fb 04       		.byte	0x4
 14475 06fc 3A       		.uleb128 .LVL260-.LVL256
 14476 06fd 4A       		.uleb128 .LFE252-.LVL256
 14477 06fe 0A       		.uleb128 0xa
 14478 06ff A3       		.byte	0xa3
 14479 0700 03       		.uleb128 0x3
 14480 0701 A5       		.byte	0xa5
 14481 0702 01       		.uleb128 0x1
 14482 0703 26       		.uleb128 0x26
 14483 0704 A8       		.byte	0xa8
 14484 0705 34       		.uleb128 0x34
 14485 0706 A8       		.byte	0xa8
 14486 0707 00       		.uleb128 0
 14487 0708 9F       		.byte	0x9f
 14488 0709 00       		.byte	0
 14489              	.LVUS168:
 14490 070a 00       		.uleb128 .LVU1164
 14491 070b 00       		.uleb128 .LVU1181
 14492 070c 00       		.uleb128 .LVU1181
 14493 070d 00       		.uleb128 .LVU1183
 14494 070e 00       		.uleb128 .LVU1183
 14495 070f 00       		.uleb128 0
 14496              	.LLST168:
 14497 0710 06       		.byte	0x6
 14498 0711 0C000000 		.4byte	.LVL257
 14499 0715 04       		.byte	0x4
 14500 0716 00       		.uleb128 .LVL257-.LVL257
 14501 0717 24       		.uleb128 .LVL258-.LVL257
 14502 0718 01       		.uleb128 0x1
 14503 0719 50       		.byte	0x50
 14504 071a 04       		.byte	0x4
 14505 071b 24       		.uleb128 .LVL258-.LVL257
 14506 071c 28       		.uleb128 .LVL259-.LVL257
 14507 071d 02       		.uleb128 0x2
 14508 071e 74       		.byte	0x74
 14509 071f 14       		.sleb128 20
 14510 0720 04       		.byte	0x4
 14511 0721 28       		.uleb128 .LVL259-.LVL257
 14512 0722 3E       		.uleb128 .LFE252-.LVL257
 14513 0723 1A       		.uleb128 0x1a
 14514 0724 A3       		.byte	0xa3
 14515 0725 03       		.uleb128 0x3
 14516 0726 A5       		.byte	0xa5
ARM GAS  /tmp/cctaqgo8.s 			page 256


 14517 0727 01       		.uleb128 0x1
 14518 0728 26       		.uleb128 0x26
 14519 0729 A8       		.byte	0xa8
 14520 072a 2D       		.uleb128 0x2d
 14521 072b A8       		.byte	0xa8
 14522 072c 00       		.uleb128 0
 14523 072d 32       		.byte	0x32
 14524 072e 24       		.byte	0x24
 14525 072f A3       		.byte	0xa3
 14526 0730 03       		.uleb128 0x3
 14527 0731 A5       		.byte	0xa5
 14528 0732 00       		.uleb128 0
 14529 0733 26       		.uleb128 0x26
 14530 0734 A8       		.byte	0xa8
 14531 0735 2D       		.uleb128 0x2d
 14532 0736 A8       		.byte	0xa8
 14533 0737 00       		.uleb128 0
 14534 0738 22       		.byte	0x22
 14535 0739 23       		.byte	0x23
 14536 073a 0C       		.uleb128 0xc
 14537 073b 06       		.byte	0x6
 14538 073c 23       		.byte	0x23
 14539 073d 14       		.uleb128 0x14
 14540 073e 00       		.byte	0
 14541              	.LVUS170:
 14542 073f 00       		.uleb128 .LVU1181
 14543 0740 00       		.uleb128 .LVU1188
 14544              	.LLST170:
 14545 0741 08       		.byte	0x8
 14546 0742 30000000 		.4byte	.LVL258
 14547 0746 14       		.uleb128 .LVL261-.LVL258
 14548 0747 11       		.uleb128 0x11
 14549 0748 70       		.byte	0x70
 14550 0749 00       		.sleb128 0
 14551 074a 73       		.byte	0x73
 14552 074b 00       		.sleb128 0
 14553 074c 22       		.byte	0x22
 14554 074d 31       		.byte	0x31
 14555 074e 1C       		.byte	0x1c
 14556 074f A8       		.byte	0xa8
 14557 0750 2D       		.uleb128 0x2d
 14558 0751 70       		.byte	0x70
 14559 0752 00       		.sleb128 0
 14560 0753 A8       		.byte	0xa8
 14561 0754 2D       		.uleb128 0x2d
 14562 0755 1B       		.byte	0x1b
 14563 0756 A8       		.byte	0xa8
 14564 0757 00       		.uleb128 0
 14565 0758 9F       		.byte	0x9f
 14566 0759 00       		.byte	0
 14567              	.LVUS153:
 14568 075a 00       		.uleb128 0
 14569 075b 00       		.uleb128 .LVU1074
 14570 075c 00       		.uleb128 .LVU1074
 14571 075d 00       		.uleb128 0
 14572              	.LLST153:
 14573 075e 06       		.byte	0x6
ARM GAS  /tmp/cctaqgo8.s 			page 257


 14574 075f 00000000 		.4byte	.LVL231
 14575 0763 04       		.byte	0x4
 14576 0764 00       		.uleb128 .LVL231-.LVL231
 14577 0765 1E       		.uleb128 .LVL234-.LVL231
 14578 0766 01       		.uleb128 0x1
 14579 0767 50       		.byte	0x50
 14580 0768 04       		.byte	0x4
 14581 0769 1E       		.uleb128 .LVL234-.LVL231
 14582 076a 3E       		.uleb128 .LFE251-.LVL231
 14583 076b 0A       		.uleb128 0xa
 14584 076c A3       		.byte	0xa3
 14585 076d 03       		.uleb128 0x3
 14586 076e A5       		.byte	0xa5
 14587 076f 00       		.uleb128 0
 14588 0770 26       		.uleb128 0x26
 14589 0771 A8       		.byte	0xa8
 14590 0772 2D       		.uleb128 0x2d
 14591 0773 A8       		.byte	0xa8
 14592 0774 00       		.uleb128 0
 14593 0775 9F       		.byte	0x9f
 14594 0776 00       		.byte	0
 14595              	.LVUS154:
 14596 0777 00       		.uleb128 0
 14597 0778 00       		.uleb128 .LVU1078
 14598 0779 00       		.uleb128 .LVU1078
 14599 077a 00       		.uleb128 0
 14600              	.LLST154:
 14601 077b 06       		.byte	0x6
 14602 077c 00000000 		.4byte	.LVL231
 14603 0780 04       		.byte	0x4
 14604 0781 00       		.uleb128 .LVL231-.LVL231
 14605 0782 2C       		.uleb128 .LVL236-.LVL231
 14606 0783 01       		.uleb128 0x1
 14607 0784 51       		.byte	0x51
 14608 0785 04       		.byte	0x4
 14609 0786 2C       		.uleb128 .LVL236-.LVL231
 14610 0787 3E       		.uleb128 .LFE251-.LVL231
 14611 0788 0A       		.uleb128 0xa
 14612 0789 A3       		.byte	0xa3
 14613 078a 03       		.uleb128 0x3
 14614 078b A5       		.byte	0xa5
 14615 078c 01       		.uleb128 0x1
 14616 078d 26       		.uleb128 0x26
 14617 078e A8       		.byte	0xa8
 14618 078f 34       		.uleb128 0x34
 14619 0790 A8       		.byte	0xa8
 14620 0791 00       		.uleb128 0
 14621 0792 9F       		.byte	0x9f
 14622 0793 00       		.byte	0
 14623              	.LVUS155:
 14624 0794 00       		.uleb128 .LVU1072
 14625 0795 00       		.uleb128 .LVU1080
 14626              	.LLST155:
 14627 0796 08       		.byte	0x8
 14628 0797 1C000000 		.4byte	.LVL233
 14629 079b 18       		.uleb128 .LVL237-.LVL233
 14630 079c 11       		.uleb128 0x11
ARM GAS  /tmp/cctaqgo8.s 			page 258


 14631 079d 73       		.byte	0x73
 14632 079e 00       		.sleb128 0
 14633 079f 7C       		.byte	0x7c
 14634 07a0 00       		.sleb128 0
 14635 07a1 22       		.byte	0x22
 14636 07a2 31       		.byte	0x31
 14637 07a3 1C       		.byte	0x1c
 14638 07a4 A8       		.byte	0xa8
 14639 07a5 2D       		.uleb128 0x2d
 14640 07a6 7C       		.byte	0x7c
 14641 07a7 00       		.sleb128 0
 14642 07a8 A8       		.byte	0xa8
 14643 07a9 2D       		.uleb128 0x2d
 14644 07aa 1B       		.byte	0x1b
 14645 07ab A8       		.byte	0xa8
 14646 07ac 00       		.uleb128 0
 14647 07ad 9F       		.byte	0x9f
 14648 07ae 00       		.byte	0
 14649              	.LVUS156:
 14650 07af 00       		.uleb128 .LVU1062
 14651 07b0 00       		.uleb128 .LVU1076
 14652 07b1 00       		.uleb128 .LVU1076
 14653 07b2 00       		.uleb128 0
 14654              	.LLST156:
 14655 07b3 06       		.byte	0x6
 14656 07b4 0A000000 		.4byte	.LVL232
 14657 07b8 04       		.byte	0x4
 14658 07b9 00       		.uleb128 .LVL232-.LVL232
 14659 07ba 1C       		.uleb128 .LVL235-.LVL232
 14660 07bb 01       		.uleb128 0x1
 14661 07bc 52       		.byte	0x52
 14662 07bd 04       		.byte	0x4
 14663 07be 1C       		.uleb128 .LVL235-.LVL232
 14664 07bf 34       		.uleb128 .LFE251-.LVL232
 14665 07c0 1A       		.uleb128 0x1a
 14666 07c1 A3       		.byte	0xa3
 14667 07c2 03       		.uleb128 0x3
 14668 07c3 A5       		.byte	0xa5
 14669 07c4 01       		.uleb128 0x1
 14670 07c5 26       		.uleb128 0x26
 14671 07c6 A8       		.byte	0xa8
 14672 07c7 2D       		.uleb128 0x2d
 14673 07c8 A8       		.byte	0xa8
 14674 07c9 00       		.uleb128 0
 14675 07ca 32       		.byte	0x32
 14676 07cb 24       		.byte	0x24
 14677 07cc A3       		.byte	0xa3
 14678 07cd 03       		.uleb128 0x3
 14679 07ce A5       		.byte	0xa5
 14680 07cf 00       		.uleb128 0
 14681 07d0 26       		.uleb128 0x26
 14682 07d1 A8       		.byte	0xa8
 14683 07d2 2D       		.uleb128 0x2d
 14684 07d3 A8       		.byte	0xa8
 14685 07d4 00       		.uleb128 0
 14686 07d5 22       		.byte	0x22
 14687 07d6 23       		.byte	0x23
ARM GAS  /tmp/cctaqgo8.s 			page 259


 14688 07d7 0C       		.uleb128 0xc
 14689 07d8 06       		.byte	0x6
 14690 07d9 23       		.byte	0x23
 14691 07da 18       		.uleb128 0x18
 14692 07db 00       		.byte	0
 14693              	.LVUS151:
 14694 07dc 00       		.uleb128 0
 14695 07dd 00       		.uleb128 .LVU1051
 14696 07de 00       		.uleb128 .LVU1051
 14697 07df 00       		.uleb128 0
 14698              	.LLST151:
 14699 07e0 06       		.byte	0x6
 14700 07e1 00000000 		.4byte	.LVL228
 14701 07e5 04       		.byte	0x4
 14702 07e6 00       		.uleb128 .LVL228-.LVL228
 14703 07e7 04       		.uleb128 .LVL229-.LVL228
 14704 07e8 01       		.uleb128 0x1
 14705 07e9 50       		.byte	0x50
 14706 07ea 04       		.byte	0x4
 14707 07eb 04       		.uleb128 .LVL229-.LVL228
 14708 07ec 12       		.uleb128 .LFE250-.LVL228
 14709 07ed 0A       		.uleb128 0xa
 14710 07ee A3       		.byte	0xa3
 14711 07ef 03       		.uleb128 0x3
 14712 07f0 A5       		.byte	0xa5
 14713 07f1 00       		.uleb128 0
 14714 07f2 26       		.uleb128 0x26
 14715 07f3 A8       		.byte	0xa8
 14716 07f4 2D       		.uleb128 0x2d
 14717 07f5 A8       		.byte	0xa8
 14718 07f6 00       		.uleb128 0
 14719 07f7 9F       		.byte	0x9f
 14720 07f8 00       		.byte	0
 14721              	.LVUS152:
 14722 07f9 00       		.uleb128 0
 14723 07fa 00       		.uleb128 .LVU1053
 14724 07fb 00       		.uleb128 .LVU1053
 14725 07fc 00       		.uleb128 0
 14726              	.LLST152:
 14727 07fd 06       		.byte	0x6
 14728 07fe 00000000 		.4byte	.LVL228
 14729 0802 04       		.byte	0x4
 14730 0803 00       		.uleb128 .LVL228-.LVL228
 14731 0804 0A       		.uleb128 .LVL230-.LVL228
 14732 0805 01       		.uleb128 0x1
 14733 0806 51       		.byte	0x51
 14734 0807 04       		.byte	0x4
 14735 0808 0A       		.uleb128 .LVL230-.LVL228
 14736 0809 12       		.uleb128 .LFE250-.LVL228
 14737 080a 0A       		.uleb128 0xa
 14738 080b A3       		.byte	0xa3
 14739 080c 03       		.uleb128 0x3
 14740 080d A5       		.byte	0xa5
 14741 080e 01       		.uleb128 0x1
 14742 080f 26       		.uleb128 0x26
 14743 0810 A8       		.byte	0xa8
 14744 0811 34       		.uleb128 0x34
ARM GAS  /tmp/cctaqgo8.s 			page 260


 14745 0812 A8       		.byte	0xa8
 14746 0813 00       		.uleb128 0
 14747 0814 9F       		.byte	0x9f
 14748 0815 00       		.byte	0
 14749              	.LVUS148:
 14750 0816 00       		.uleb128 0
 14751 0817 00       		.uleb128 .LVU1044
 14752 0818 00       		.uleb128 .LVU1044
 14753 0819 00       		.uleb128 0
 14754              	.LLST148:
 14755 081a 06       		.byte	0x6
 14756 081b 00000000 		.4byte	.LVL223
 14757 081f 04       		.byte	0x4
 14758 0820 00       		.uleb128 .LVL223-.LVL223
 14759 0821 0C       		.uleb128 .LVL227-.LVL223
 14760 0822 01       		.uleb128 0x1
 14761 0823 50       		.byte	0x50
 14762 0824 04       		.byte	0x4
 14763 0825 0C       		.uleb128 .LVL227-.LVL223
 14764 0826 1A       		.uleb128 .LFE249-.LVL223
 14765 0827 0A       		.uleb128 0xa
 14766 0828 A3       		.byte	0xa3
 14767 0829 03       		.uleb128 0x3
 14768 082a A5       		.byte	0xa5
 14769 082b 00       		.uleb128 0
 14770 082c 26       		.uleb128 0x26
 14771 082d A8       		.byte	0xa8
 14772 082e 2D       		.uleb128 0x2d
 14773 082f A8       		.byte	0xa8
 14774 0830 00       		.uleb128 0
 14775 0831 9F       		.byte	0x9f
 14776 0832 00       		.byte	0
 14777              	.LVUS149:
 14778 0833 00       		.uleb128 0
 14779 0834 00       		.uleb128 .LVU1039
 14780 0835 00       		.uleb128 .LVU1039
 14781 0836 00       		.uleb128 .LVU1041
 14782 0837 00       		.uleb128 .LVU1041
 14783 0838 00       		.uleb128 0
 14784              	.LLST149:
 14785 0839 06       		.byte	0x6
 14786 083a 00000000 		.4byte	.LVL223
 14787 083e 04       		.byte	0x4
 14788 083f 00       		.uleb128 .LVL223-.LVL223
 14789 0840 02       		.uleb128 .LVL224-.LVL223
 14790 0841 01       		.uleb128 0x1
 14791 0842 51       		.byte	0x51
 14792 0843 04       		.byte	0x4
 14793 0844 02       		.uleb128 .LVL224-.LVL223
 14794 0845 06       		.uleb128 .LVL225-.LVL223
 14795 0846 04       		.uleb128 0x4
 14796 0847 71       		.byte	0x71
 14797 0848 B87F     		.sleb128 -72
 14798 084a 9F       		.byte	0x9f
 14799 084b 04       		.byte	0x4
 14800 084c 06       		.uleb128 .LVL225-.LVL223
 14801 084d 1A       		.uleb128 .LFE249-.LVL223
ARM GAS  /tmp/cctaqgo8.s 			page 261


 14802 084e 0A       		.uleb128 0xa
 14803 084f A3       		.byte	0xa3
 14804 0850 03       		.uleb128 0x3
 14805 0851 A5       		.byte	0xa5
 14806 0852 01       		.uleb128 0x1
 14807 0853 26       		.uleb128 0x26
 14808 0854 A8       		.byte	0xa8
 14809 0855 34       		.uleb128 0x34
 14810 0856 A8       		.byte	0xa8
 14811 0857 00       		.uleb128 0
 14812 0858 9F       		.byte	0x9f
 14813 0859 00       		.byte	0
 14814              	.LVUS150:
 14815 085a 00       		.uleb128 .LVU1042
 14816 085b 00       		.uleb128 0
 14817              	.LLST150:
 14818 085c 08       		.byte	0x8
 14819 085d 08000000 		.4byte	.LVL226
 14820 0861 12       		.uleb128 .LFE249-.LVL226
 14821 0862 01       		.uleb128 0x1
 14822 0863 53       		.byte	0x53
 14823 0864 00       		.byte	0
 14824              	.LVUS145:
 14825 0865 00       		.uleb128 0
 14826 0866 00       		.uleb128 .LVU1030
 14827 0867 00       		.uleb128 .LVU1030
 14828 0868 00       		.uleb128 0
 14829              	.LLST145:
 14830 0869 06       		.byte	0x6
 14831 086a 00000000 		.4byte	.LVL218
 14832 086e 04       		.byte	0x4
 14833 086f 00       		.uleb128 .LVL218-.LVL218
 14834 0870 0C       		.uleb128 .LVL222-.LVL218
 14835 0871 01       		.uleb128 0x1
 14836 0872 50       		.byte	0x50
 14837 0873 04       		.byte	0x4
 14838 0874 0C       		.uleb128 .LVL222-.LVL218
 14839 0875 1A       		.uleb128 .LFE248-.LVL218
 14840 0876 0A       		.uleb128 0xa
 14841 0877 A3       		.byte	0xa3
 14842 0878 03       		.uleb128 0x3
 14843 0879 A5       		.byte	0xa5
 14844 087a 00       		.uleb128 0
 14845 087b 26       		.uleb128 0x26
 14846 087c A8       		.byte	0xa8
 14847 087d 2D       		.uleb128 0x2d
 14848 087e A8       		.byte	0xa8
 14849 087f 00       		.uleb128 0
 14850 0880 9F       		.byte	0x9f
 14851 0881 00       		.byte	0
 14852              	.LVUS146:
 14853 0882 00       		.uleb128 0
 14854 0883 00       		.uleb128 .LVU1025
 14855 0884 00       		.uleb128 .LVU1025
 14856 0885 00       		.uleb128 .LVU1027
 14857 0886 00       		.uleb128 .LVU1027
 14858 0887 00       		.uleb128 0
ARM GAS  /tmp/cctaqgo8.s 			page 262


 14859              	.LLST146:
 14860 0888 06       		.byte	0x6
 14861 0889 00000000 		.4byte	.LVL218
 14862 088d 04       		.byte	0x4
 14863 088e 00       		.uleb128 .LVL218-.LVL218
 14864 088f 02       		.uleb128 .LVL219-.LVL218
 14865 0890 01       		.uleb128 0x1
 14866 0891 51       		.byte	0x51
 14867 0892 04       		.byte	0x4
 14868 0893 02       		.uleb128 .LVL219-.LVL218
 14869 0894 06       		.uleb128 .LVL220-.LVL218
 14870 0895 04       		.uleb128 0x4
 14871 0896 71       		.byte	0x71
 14872 0897 A87F     		.sleb128 -88
 14873 0899 9F       		.byte	0x9f
 14874 089a 04       		.byte	0x4
 14875 089b 06       		.uleb128 .LVL220-.LVL218
 14876 089c 1A       		.uleb128 .LFE248-.LVL218
 14877 089d 0A       		.uleb128 0xa
 14878 089e A3       		.byte	0xa3
 14879 089f 03       		.uleb128 0x3
 14880 08a0 A5       		.byte	0xa5
 14881 08a1 01       		.uleb128 0x1
 14882 08a2 26       		.uleb128 0x26
 14883 08a3 A8       		.byte	0xa8
 14884 08a4 34       		.uleb128 0x34
 14885 08a5 A8       		.byte	0xa8
 14886 08a6 00       		.uleb128 0
 14887 08a7 9F       		.byte	0x9f
 14888 08a8 00       		.byte	0
 14889              	.LVUS147:
 14890 08a9 00       		.uleb128 .LVU1028
 14891 08aa 00       		.uleb128 0
 14892              	.LLST147:
 14893 08ab 08       		.byte	0x8
 14894 08ac 08000000 		.4byte	.LVL221
 14895 08b0 12       		.uleb128 .LFE248-.LVL221
 14896 08b1 01       		.uleb128 0x1
 14897 08b2 53       		.byte	0x53
 14898 08b3 00       		.byte	0
 14899              	.LVUS142:
 14900 08b4 00       		.uleb128 0
 14901 08b5 00       		.uleb128 .LVU1016
 14902 08b6 00       		.uleb128 .LVU1016
 14903 08b7 00       		.uleb128 .LVU1019
 14904 08b8 00       		.uleb128 .LVU1019
 14905 08b9 00       		.uleb128 0
 14906              	.LLST142:
 14907 08ba 06       		.byte	0x6
 14908 08bb 00000000 		.4byte	.LVL213
 14909 08bf 04       		.byte	0x4
 14910 08c0 00       		.uleb128 .LVL213-.LVL213
 14911 08c1 06       		.uleb128 .LVL215-.LVL213
 14912 08c2 01       		.uleb128 0x1
 14913 08c3 50       		.byte	0x50
 14914 08c4 04       		.byte	0x4
 14915 08c5 06       		.uleb128 .LVL215-.LVL213
ARM GAS  /tmp/cctaqgo8.s 			page 263


 14916 08c6 0D       		.uleb128 .LVL217-1-.LVL213
 14917 08c7 01       		.uleb128 0x1
 14918 08c8 53       		.byte	0x53
 14919 08c9 04       		.byte	0x4
 14920 08ca 0D       		.uleb128 .LVL217-1-.LVL213
 14921 08cb 0E       		.uleb128 .LFE247-.LVL213
 14922 08cc 0A       		.uleb128 0xa
 14923 08cd A3       		.byte	0xa3
 14924 08ce 03       		.uleb128 0x3
 14925 08cf A5       		.byte	0xa5
 14926 08d0 00       		.uleb128 0
 14927 08d1 26       		.uleb128 0x26
 14928 08d2 A8       		.byte	0xa8
 14929 08d3 2D       		.uleb128 0x2d
 14930 08d4 A8       		.byte	0xa8
 14931 08d5 00       		.uleb128 0
 14932 08d6 9F       		.byte	0x9f
 14933 08d7 00       		.byte	0
 14934              	.LVUS144:
 14935 08d8 00       		.uleb128 .LVU1013
 14936 08d9 00       		.uleb128 .LVU1016
 14937 08da 00       		.uleb128 .LVU1016
 14938 08db 00       		.uleb128 .LVU1017
 14939              	.LLST144:
 14940 08dc 06       		.byte	0x6
 14941 08dd 02000000 		.4byte	.LVL214
 14942 08e1 04       		.byte	0x4
 14943 08e2 00       		.uleb128 .LVL214-.LVL214
 14944 08e3 04       		.uleb128 .LVL215-.LVL214
 14945 08e4 01       		.uleb128 0x1
 14946 08e5 50       		.byte	0x50
 14947 08e6 04       		.byte	0x4
 14948 08e7 04       		.uleb128 .LVL215-.LVL214
 14949 08e8 08       		.uleb128 .LVL216-.LVL214
 14950 08e9 01       		.uleb128 0x1
 14951 08ea 53       		.byte	0x53
 14952 08eb 00       		.byte	0
 14953              	.LVUS123:
 14954 08ec 00       		.uleb128 0
 14955 08ed 00       		.uleb128 .LVU896
 14956 08ee 00       		.uleb128 .LVU896
 14957 08ef 00       		.uleb128 .LVU963
 14958 08f0 00       		.uleb128 .LVU963
 14959 08f1 00       		.uleb128 .LVU976
 14960 08f2 00       		.uleb128 .LVU976
 14961 08f3 00       		.uleb128 .LVU1009
 14962 08f4 00       		.uleb128 .LVU1009
 14963 08f5 00       		.uleb128 0
 14964              	.LLST123:
 14965 08f6 06       		.byte	0x6
 14966 08f7 00000000 		.4byte	.LVL191
 14967 08fb 04       		.byte	0x4
 14968 08fc 00       		.uleb128 .LVL191-.LVL191
 14969 08fd 28       		.uleb128 .LVL193-.LVL191
 14970 08fe 01       		.uleb128 0x1
 14971 08ff 50       		.byte	0x50
 14972 0900 04       		.byte	0x4
ARM GAS  /tmp/cctaqgo8.s 			page 264


 14973 0901 28       		.uleb128 .LVL193-.LVL191
 14974 0902 C801     		.uleb128 .LVL203-.LVL191
 14975 0904 01       		.uleb128 0x1
 14976 0905 56       		.byte	0x56
 14977 0906 04       		.byte	0x4
 14978 0907 C801     		.uleb128 .LVL203-.LVL191
 14979 0909 F401     		.uleb128 .LVL205-.LVL191
 14980 090b 0A       		.uleb128 0xa
 14981 090c A3       		.byte	0xa3
 14982 090d 03       		.uleb128 0x3
 14983 090e A5       		.byte	0xa5
 14984 090f 00       		.uleb128 0
 14985 0910 26       		.uleb128 0x26
 14986 0911 A8       		.byte	0xa8
 14987 0912 2D       		.uleb128 0x2d
 14988 0913 A8       		.byte	0xa8
 14989 0914 00       		.uleb128 0
 14990 0915 9F       		.byte	0x9f
 14991 0916 04       		.byte	0x4
 14992 0917 F401     		.uleb128 .LVL205-.LVL191
 14993 0919 E202     		.uleb128 .LVL212-.LVL191
 14994 091b 01       		.uleb128 0x1
 14995 091c 56       		.byte	0x56
 14996 091d 04       		.byte	0x4
 14997 091e E202     		.uleb128 .LVL212-.LVL191
 14998 0920 F002     		.uleb128 .LFE246-.LVL191
 14999 0922 0A       		.uleb128 0xa
 15000 0923 A3       		.byte	0xa3
 15001 0924 03       		.uleb128 0x3
 15002 0925 A5       		.byte	0xa5
 15003 0926 00       		.uleb128 0
 15004 0927 26       		.uleb128 0x26
 15005 0928 A8       		.byte	0xa8
 15006 0929 2D       		.uleb128 0x2d
 15007 092a A8       		.byte	0xa8
 15008 092b 00       		.uleb128 0
 15009 092c 9F       		.byte	0x9f
 15010 092d 00       		.byte	0
 15011              	.LVUS124:
 15012 092e 00       		.uleb128 0
 15013 092f 00       		.uleb128 .LVU898
 15014 0930 00       		.uleb128 .LVU898
 15015 0931 00       		.uleb128 .LVU976
 15016 0932 00       		.uleb128 .LVU976
 15017 0933 00       		.uleb128 0
 15018              	.LLST124:
 15019 0934 06       		.byte	0x6
 15020 0935 00000000 		.4byte	.LVL191
 15021 0939 04       		.byte	0x4
 15022 093a 00       		.uleb128 .LVL191-.LVL191
 15023 093b 30       		.uleb128 .LVL194-.LVL191
 15024 093c 01       		.uleb128 0x1
 15025 093d 51       		.byte	0x51
 15026 093e 04       		.byte	0x4
 15027 093f 30       		.uleb128 .LVL194-.LVL191
 15028 0940 F401     		.uleb128 .LVL205-.LVL191
 15029 0942 01       		.uleb128 0x1
ARM GAS  /tmp/cctaqgo8.s 			page 265


 15030 0943 54       		.byte	0x54
 15031 0944 04       		.byte	0x4
 15032 0945 F401     		.uleb128 .LVL205-.LVL191
 15033 0947 F002     		.uleb128 .LFE246-.LVL191
 15034 0949 0A       		.uleb128 0xa
 15035 094a A3       		.byte	0xa3
 15036 094b 03       		.uleb128 0x3
 15037 094c A5       		.byte	0xa5
 15038 094d 01       		.uleb128 0x1
 15039 094e 26       		.uleb128 0x26
 15040 094f A8       		.byte	0xa8
 15041 0950 34       		.uleb128 0x34
 15042 0951 A8       		.byte	0xa8
 15043 0952 00       		.uleb128 0
 15044 0953 9F       		.byte	0x9f
 15045 0954 00       		.byte	0
 15046              	.LVUS125:
 15047 0955 00       		.uleb128 .LVU901
 15048 0956 00       		.uleb128 .LVU1009
 15049              	.LLST125:
 15050 0957 08       		.byte	0x8
 15051 0958 4E000000 		.4byte	.LVL195
 15052 095c 9402     		.uleb128 .LVL212-.LVL195
 15053 095e 01       		.uleb128 0x1
 15054 095f 57       		.byte	0x57
 15055 0960 00       		.byte	0
 15056              	.LVUS126:
 15057 0961 00       		.uleb128 .LVU927
 15058 0962 00       		.uleb128 .LVU939
 15059              	.LLST126:
 15060 0963 08       		.byte	0x8
 15061 0964 92000000 		.4byte	.LVL196
 15062 0968 10       		.uleb128 .LVL199-.LVL196
 15063 0969 01       		.uleb128 0x1
 15064 096a 53       		.byte	0x53
 15065 096b 00       		.byte	0
 15066              	.LVUS127:
 15067 096c 00       		.uleb128 .LVU890
 15068 096d 00       		.uleb128 .LVU1009
 15069              	.LLST127:
 15070 096e 08       		.byte	0x8
 15071 096f 0C000000 		.4byte	.LVL192
 15072 0973 D602     		.uleb128 .LVL212-.LVL192
 15073 0975 01       		.uleb128 0x1
 15074 0976 55       		.byte	0x55
 15075 0977 00       		.byte	0
 15076              	.LVUS129:
 15077 0978 02       		.uleb128 .LVU952
 15078 0979 00       		.uleb128 .LVU963
 15079 097a 00       		.uleb128 .LVU963
 15080 097b 00       		.uleb128 .LVU964
 15081              	.LLST129:
 15082 097c 06       		.byte	0x6
 15083 097d BA000000 		.4byte	.LVL201
 15084 0981 04       		.byte	0x4
 15085 0982 00       		.uleb128 .LVL201-.LVL201
 15086 0983 0E       		.uleb128 .LVL203-.LVL201
ARM GAS  /tmp/cctaqgo8.s 			page 266


 15087 0984 01       		.uleb128 0x1
 15088 0985 56       		.byte	0x56
 15089 0986 04       		.byte	0x4
 15090 0987 0E       		.uleb128 .LVL203-.LVL201
 15091 0988 14       		.uleb128 .LVL204-.LVL201
 15092 0989 0A       		.uleb128 0xa
 15093 098a A3       		.byte	0xa3
 15094 098b 03       		.uleb128 0x3
 15095 098c A5       		.byte	0xa5
 15096 098d 00       		.uleb128 0
 15097 098e 26       		.uleb128 0x26
 15098 098f A8       		.byte	0xa8
 15099 0990 2D       		.uleb128 0x2d
 15100 0991 A8       		.byte	0xa8
 15101 0992 00       		.uleb128 0
 15102 0993 9F       		.byte	0x9f
 15103 0994 00       		.byte	0
 15104              	.LVUS130:
 15105 0995 01       		.uleb128 .LVU951
 15106 0996 00       		.uleb128 .LVU964
 15107              	.LLST130:
 15108 0997 08       		.byte	0x8
 15109 0998 BA000000 		.4byte	.LVL201
 15110 099c 14       		.uleb128 .LVL204-.LVL201
 15111 099d 06       		.uleb128 0x6
 15112 099e 74       		.byte	0x74
 15113 099f 00       		.sleb128 0
 15114 09a0 08       		.byte	0x8
 15115 09a1 FF       		.byte	0xff
 15116 09a2 1A       		.byte	0x1a
 15117 09a3 9F       		.byte	0x9f
 15118 09a4 00       		.byte	0
 15119              	.LVUS131:
 15120 09a5 03       		.uleb128 .LVU953
 15121 09a6 00       		.uleb128 .LVU963
 15122 09a7 00       		.uleb128 .LVU963
 15123 09a8 00       		.uleb128 .LVU964
 15124              	.LLST131:
 15125 09a9 06       		.byte	0x6
 15126 09aa BA000000 		.4byte	.LVL201
 15127 09ae 04       		.byte	0x4
 15128 09af 00       		.uleb128 .LVL201-.LVL201
 15129 09b0 0E       		.uleb128 .LVL203-.LVL201
 15130 09b1 03       		.uleb128 0x3
 15131 09b2 76       		.byte	0x76
 15132 09b3 D000     		.sleb128 80
 15133 09b5 04       		.byte	0x4
 15134 09b6 0E       		.uleb128 .LVL203-.LVL201
 15135 09b7 13       		.uleb128 .LVL204-1-.LVL201
 15136 09b8 0B       		.uleb128 0xb
 15137 09b9 A3       		.byte	0xa3
 15138 09ba 03       		.uleb128 0x3
 15139 09bb A5       		.byte	0xa5
 15140 09bc 00       		.uleb128 0
 15141 09bd 26       		.uleb128 0x26
 15142 09be A8       		.byte	0xa8
 15143 09bf 2D       		.uleb128 0x2d
ARM GAS  /tmp/cctaqgo8.s 			page 267


 15144 09c0 A8       		.byte	0xa8
 15145 09c1 00       		.uleb128 0
 15146 09c2 23       		.byte	0x23
 15147 09c3 50       		.uleb128 0x50
 15148 09c4 00       		.byte	0
 15149              	.LVUS133:
 15150 09c5 01       		.uleb128 .LVU960
 15151 09c6 00       		.uleb128 .LVU964
 15152              	.LLST133:
 15153 09c7 08       		.byte	0x8
 15154 09c8 C4000000 		.4byte	.LVL202
 15155 09cc 0A       		.uleb128 .LVL204-.LVL202
 15156 09cd 02       		.uleb128 0x2
 15157 09ce 3C       		.byte	0x3c
 15158 09cf 9F       		.byte	0x9f
 15159 09d0 00       		.byte	0
 15160              	.LVUS135:
 15161 09d1 00       		.uleb128 .LVU934
 15162 09d2 00       		.uleb128 .LVU939
 15163              	.LLST135:
 15164 09d3 08       		.byte	0x8
 15165 09d4 A0000000 		.4byte	.LVL198
 15166 09d8 02       		.uleb128 .LVL199-.LVL198
 15167 09d9 01       		.uleb128 0x1
 15168 09da 53       		.byte	0x53
 15169 09db 00       		.byte	0
 15170              	.LVUS136:
 15171 09dc 00       		.uleb128 .LVU934
 15172 09dd 02       		.uleb128 .LVU946
 15173 09de 00       		.uleb128 .LVU982
 15174 09df 00       		.uleb128 .LVU985
 15175              	.LLST136:
 15176 09e0 06       		.byte	0x6
 15177 09e1 A0000000 		.4byte	.LVL198
 15178 09e5 04       		.byte	0x4
 15179 09e6 00       		.uleb128 .LVL198-.LVL198
 15180 09e7 0A       		.uleb128 .LVL200-.LVL198
 15181 09e8 01       		.uleb128 0x1
 15182 09e9 56       		.byte	0x56
 15183 09ea 04       		.byte	0x4
 15184 09eb 72       		.uleb128 .LVL206-.LVL198
 15185 09ec 8001     		.uleb128 .LVL208-.LVL198
 15186 09ee 01       		.uleb128 0x1
 15187 09ef 56       		.byte	0x56
 15188 09f0 00       		.byte	0
 15189              	.LVUS137:
 15190 09f1 03       		.uleb128 .LVU937
 15191 09f2 00       		.uleb128 .LVU944
 15192 09f3 00       		.uleb128 .LVU982
 15193 09f4 00       		.uleb128 .LVU984
 15194 09f5 00       		.uleb128 .LVU984
 15195 09f6 00       		.uleb128 .LVU985
 15196              	.LLST137:
 15197 09f7 06       		.byte	0x6
 15198 09f8 A0000000 		.4byte	.LVL198
 15199 09fc 04       		.byte	0x4
 15200 09fd 00       		.uleb128 .LVL198-.LVL198
ARM GAS  /tmp/cctaqgo8.s 			page 268


 15201 09fe 0A       		.uleb128 .LVL200-.LVL198
 15202 09ff 01       		.uleb128 0x1
 15203 0a00 51       		.byte	0x51
 15204 0a01 04       		.byte	0x4
 15205 0a02 72       		.uleb128 .LVL206-.LVL198
 15206 0a03 79       		.uleb128 .LVL207-1-.LVL198
 15207 0a04 01       		.uleb128 0x1
 15208 0a05 51       		.byte	0x51
 15209 0a06 04       		.byte	0x4
 15210 0a07 79       		.uleb128 .LVL207-1-.LVL198
 15211 0a08 8001     		.uleb128 .LVL208-.LVL198
 15212 0a0a 02       		.uleb128 0x2
 15213 0a0b 91       		.byte	0x91
 15214 0a0c 54       		.sleb128 -44
 15215 0a0d 00       		.byte	0
 15216              	.LVUS138:
 15217 0a0e 02       		.uleb128 .LVU990
 15218 0a0f 00       		.uleb128 .LVU1000
 15219              	.LLST138:
 15220 0a10 08       		.byte	0x8
 15221 0a11 2C010000 		.4byte	.LVL209
 15222 0a15 14       		.uleb128 .LVL211-.LVL209
 15223 0a16 01       		.uleb128 0x1
 15224 0a17 56       		.byte	0x56
 15225 0a18 00       		.byte	0
 15226              	.LVUS139:
 15227 0a19 01       		.uleb128 .LVU989
 15228 0a1a 00       		.uleb128 .LVU1000
 15229              	.LLST139:
 15230 0a1b 08       		.byte	0x8
 15231 0a1c 2C010000 		.4byte	.LVL209
 15232 0a20 14       		.uleb128 .LVL211-.LVL209
 15233 0a21 06       		.uleb128 0x6
 15234 0a22 74       		.byte	0x74
 15235 0a23 00       		.sleb128 0
 15236 0a24 08       		.byte	0x8
 15237 0a25 FF       		.byte	0xff
 15238 0a26 1A       		.byte	0x1a
 15239 0a27 9F       		.byte	0x9f
 15240 0a28 00       		.byte	0
 15241              	.LVUS140:
 15242 0a29 03       		.uleb128 .LVU991
 15243 0a2a 00       		.uleb128 .LVU1000
 15244              	.LLST140:
 15245 0a2b 08       		.byte	0x8
 15246 0a2c 2C010000 		.4byte	.LVL209
 15247 0a30 14       		.uleb128 .LVL211-.LVL209
 15248 0a31 01       		.uleb128 0x1
 15249 0a32 55       		.byte	0x55
 15250 0a33 00       		.byte	0
 15251              	.LVUS141:
 15252 0a34 01       		.uleb128 .LVU998
 15253 0a35 00       		.uleb128 .LVU1000
 15254              	.LLST141:
 15255 0a36 08       		.byte	0x8
 15256 0a37 36010000 		.4byte	.LVL210
 15257 0a3b 0A       		.uleb128 .LVL211-.LVL210
ARM GAS  /tmp/cctaqgo8.s 			page 269


 15258 0a3c 02       		.uleb128 0x2
 15259 0a3d 3C       		.byte	0x3c
 15260 0a3e 9F       		.byte	0x9f
 15261 0a3f 00       		.byte	0
 15262              	.LVUS122:
 15263 0a40 00       		.uleb128 .LVU876
 15264 0a41 00       		.uleb128 0
 15265              	.LLST122:
 15266 0a42 08       		.byte	0x8
 15267 0a43 02000000 		.4byte	.LVL190
 15268 0a47 16       		.uleb128 .LFE245-.LVL190
 15269 0a48 01       		.uleb128 0x1
 15270 0a49 52       		.byte	0x52
 15271 0a4a 00       		.byte	0
 15272              	.LVUS105:
 15273 0a4b 00       		.uleb128 0
 15274 0a4c 00       		.uleb128 .LVU772
 15275 0a4d 00       		.uleb128 .LVU772
 15276 0a4e 00       		.uleb128 .LVU872
 15277 0a4f 00       		.uleb128 .LVU872
 15278 0a50 00       		.uleb128 0
 15279              	.LLST105:
 15280 0a51 06       		.byte	0x6
 15281 0a52 00000000 		.4byte	.LVL168
 15282 0a56 04       		.byte	0x4
 15283 0a57 00       		.uleb128 .LVL168-.LVL168
 15284 0a58 14       		.uleb128 .LVL172-.LVL168
 15285 0a59 01       		.uleb128 0x1
 15286 0a5a 50       		.byte	0x50
 15287 0a5b 04       		.byte	0x4
 15288 0a5c 14       		.uleb128 .LVL172-.LVL168
 15289 0a5d CA01     		.uleb128 .LVL188-.LVL168
 15290 0a5f 01       		.uleb128 0x1
 15291 0a60 57       		.byte	0x57
 15292 0a61 04       		.byte	0x4
 15293 0a62 CA01     		.uleb128 .LVL188-.LVL168
 15294 0a64 D801     		.uleb128 .LFE244-.LVL168
 15295 0a66 0A       		.uleb128 0xa
 15296 0a67 A3       		.byte	0xa3
 15297 0a68 03       		.uleb128 0x3
 15298 0a69 A5       		.byte	0xa5
 15299 0a6a 00       		.uleb128 0
 15300 0a6b 26       		.uleb128 0x26
 15301 0a6c A8       		.byte	0xa8
 15302 0a6d 2D       		.uleb128 0x2d
 15303 0a6e A8       		.byte	0xa8
 15304 0a6f 00       		.uleb128 0
 15305 0a70 9F       		.byte	0x9f
 15306 0a71 00       		.byte	0
 15307              	.LVUS106:
 15308 0a72 01       		.uleb128 .LVU782
 15309 0a73 00       		.uleb128 .LVU785
 15310 0a74 00       		.uleb128 .LVU785
 15311 0a75 00       		.uleb128 .LVU790
 15312 0a76 00       		.uleb128 .LVU790
 15313 0a77 01       		.uleb128 .LVU796
 15314              	.LLST106:
ARM GAS  /tmp/cctaqgo8.s 			page 270


 15315 0a78 06       		.byte	0x6
 15316 0a79 2C000000 		.4byte	.LVL174
 15317 0a7d 04       		.byte	0x4
 15318 0a7e 00       		.uleb128 .LVL174-.LVL174
 15319 0a7f 08       		.uleb128 .LVL175-.LVL174
 15320 0a80 02       		.uleb128 0x2
 15321 0a81 30       		.byte	0x30
 15322 0a82 9F       		.byte	0x9f
 15323 0a83 04       		.byte	0x4
 15324 0a84 08       		.uleb128 .LVL175-.LVL174
 15325 0a85 16       		.uleb128 .LVL176-.LVL174
 15326 0a86 01       		.uleb128 0x1
 15327 0a87 54       		.byte	0x54
 15328 0a88 04       		.byte	0x4
 15329 0a89 16       		.uleb128 .LVL176-.LVL174
 15330 0a8a 22       		.uleb128 .LVL177-.LVL174
 15331 0a8b 03       		.uleb128 0x3
 15332 0a8c 74       		.byte	0x74
 15333 0a8d 7F       		.sleb128 -1
 15334 0a8e 9F       		.byte	0x9f
 15335 0a8f 00       		.byte	0
 15336              	.LVUS107:
 15337 0a90 00       		.uleb128 .LVU758
 15338 0a91 00       		.uleb128 .LVU872
 15339              	.LLST107:
 15340 0a92 08       		.byte	0x8
 15341 0a93 04000000 		.4byte	.LVL169
 15342 0a97 C601     		.uleb128 .LVL188-.LVL169
 15343 0a99 01       		.uleb128 0x1
 15344 0a9a 55       		.byte	0x55
 15345 0a9b 00       		.byte	0
 15346              	.LVUS109:
 15347 0a9c 01       		.uleb128 .LVU762
 15348 0a9d 00       		.uleb128 .LVU772
 15349 0a9e 00       		.uleb128 .LVU772
 15350 0a9f 00       		.uleb128 .LVU773
 15351              	.LLST109:
 15352 0aa0 06       		.byte	0x6
 15353 0aa1 08000000 		.4byte	.LVL170
 15354 0aa5 04       		.byte	0x4
 15355 0aa6 00       		.uleb128 .LVL170-.LVL170
 15356 0aa7 0C       		.uleb128 .LVL172-.LVL170
 15357 0aa8 01       		.uleb128 0x1
 15358 0aa9 50       		.byte	0x50
 15359 0aaa 04       		.byte	0x4
 15360 0aab 0C       		.uleb128 .LVL172-.LVL170
 15361 0aac 10       		.uleb128 .LVL173-.LVL170
 15362 0aad 01       		.uleb128 0x1
 15363 0aae 57       		.byte	0x57
 15364 0aaf 00       		.byte	0
 15365              	.LVUS110:
 15366 0ab0 00       		.uleb128 .LVU761
 15367 0ab1 00       		.uleb128 .LVU773
 15368              	.LLST110:
 15369 0ab2 08       		.byte	0x8
 15370 0ab3 08000000 		.4byte	.LVL170
 15371 0ab7 10       		.uleb128 .LVL173-.LVL170
ARM GAS  /tmp/cctaqgo8.s 			page 271


 15372 0ab8 02       		.uleb128 0x2
 15373 0ab9 30       		.byte	0x30
 15374 0aba 9F       		.byte	0x9f
 15375 0abb 00       		.byte	0
 15376              	.LVUS111:
 15377 0abc 02       		.uleb128 .LVU763
 15378 0abd 00       		.uleb128 .LVU773
 15379              	.LLST111:
 15380 0abe 08       		.byte	0x8
 15381 0abf 08000000 		.4byte	.LVL170
 15382 0ac3 10       		.uleb128 .LVL173-.LVL170
 15383 0ac4 01       		.uleb128 0x1
 15384 0ac5 55       		.byte	0x55
 15385 0ac6 00       		.byte	0
 15386              	.LVUS112:
 15387 0ac7 01       		.uleb128 .LVU770
 15388 0ac8 00       		.uleb128 .LVU773
 15389              	.LLST112:
 15390 0ac9 08       		.byte	0x8
 15391 0aca 12000000 		.4byte	.LVL171
 15392 0ace 06       		.uleb128 .LVL173-.LVL171
 15393 0acf 02       		.uleb128 0x2
 15394 0ad0 3C       		.byte	0x3c
 15395 0ad1 9F       		.byte	0x9f
 15396 0ad2 00       		.byte	0
 15397              	.LVUS113:
 15398 0ad3 01       		.uleb128 .LVU798
 15399 0ad4 00       		.uleb128 .LVU802
 15400              	.LLST113:
 15401 0ad5 08       		.byte	0x8
 15402 0ad6 50000000 		.4byte	.LVL178
 15403 0ada 08       		.uleb128 .LVL179-.LVL178
 15404 0adb 01       		.uleb128 0x1
 15405 0adc 57       		.byte	0x57
 15406 0add 00       		.byte	0
 15407              	.LVUS115:
 15408 0ade 02       		.uleb128 .LVU808
 15409 0adf 00       		.uleb128 .LVU818
 15410              	.LLST115:
 15411 0ae0 08       		.byte	0x8
 15412 0ae1 5C000000 		.4byte	.LVL180
 15413 0ae5 10       		.uleb128 .LVL182-.LVL180
 15414 0ae6 01       		.uleb128 0x1
 15415 0ae7 57       		.byte	0x57
 15416 0ae8 00       		.byte	0
 15417              	.LVUS116:
 15418 0ae9 03       		.uleb128 .LVU809
 15419 0aea 00       		.uleb128 .LVU818
 15420              	.LLST116:
 15421 0aeb 08       		.byte	0x8
 15422 0aec 5C000000 		.4byte	.LVL180
 15423 0af0 0F       		.uleb128 .LVL182-1-.LVL180
 15424 0af1 01       		.uleb128 0x1
 15425 0af2 52       		.byte	0x52
 15426 0af3 00       		.byte	0
 15427              	.LVUS117:
 15428 0af4 01       		.uleb128 .LVU816
ARM GAS  /tmp/cctaqgo8.s 			page 272


 15429 0af5 00       		.uleb128 .LVU818
 15430              	.LLST117:
 15431 0af6 08       		.byte	0x8
 15432 0af7 66000000 		.4byte	.LVL181
 15433 0afb 06       		.uleb128 .LVL182-.LVL181
 15434 0afc 02       		.uleb128 0x2
 15435 0afd 3C       		.byte	0x3c
 15436 0afe 9F       		.byte	0x9f
 15437 0aff 00       		.byte	0
 15438              	.LVUS119:
 15439 0b00 01       		.uleb128 .LVU850
 15440 0b01 02       		.uleb128 .LVU860
 15441 0b02 00       		.uleb128 .LVU864
 15442 0b03 02       		.uleb128 .LVU869
 15443              	.LLST119:
 15444 0b04 06       		.byte	0x6
 15445 0b05 B0000000 		.4byte	.LVL183
 15446 0b09 04       		.byte	0x4
 15447 0b0a 00       		.uleb128 .LVL183-.LVL183
 15448 0b0b 04       		.uleb128 .LVL184-.LVL183
 15449 0b0c 02       		.uleb128 0x2
 15450 0b0d 40       		.byte	0x40
 15451 0b0e 9F       		.byte	0x9f
 15452 0b0f 04       		.byte	0x4
 15453 0b10 0C       		.uleb128 .LVL185-.LVL183
 15454 0b11 16       		.uleb128 .LVL187-.LVL183
 15455 0b12 02       		.uleb128 0x2
 15456 0b13 40       		.byte	0x40
 15457 0b14 9F       		.byte	0x9f
 15458 0b15 00       		.byte	0
 15459              	.LVUS120:
 15460 0b16 01       		.uleb128 .LVU850
 15461 0b17 02       		.uleb128 .LVU860
 15462 0b18 00       		.uleb128 .LVU864
 15463 0b19 02       		.uleb128 .LVU869
 15464              	.LLST120:
 15465 0b1a 06       		.byte	0x6
 15466 0b1b B0000000 		.4byte	.LVL183
 15467 0b1f 04       		.byte	0x4
 15468 0b20 00       		.uleb128 .LVL183-.LVL183
 15469 0b21 04       		.uleb128 .LVL184-.LVL183
 15470 0b22 01       		.uleb128 0x1
 15471 0b23 57       		.byte	0x57
 15472 0b24 04       		.byte	0x4
 15473 0b25 0C       		.uleb128 .LVL185-.LVL183
 15474 0b26 16       		.uleb128 .LVL187-.LVL183
 15475 0b27 01       		.uleb128 0x1
 15476 0b28 57       		.byte	0x57
 15477 0b29 00       		.byte	0
 15478              	.LVUS121:
 15479 0b2a 04       		.uleb128 .LVU853
 15480 0b2b 02       		.uleb128 .LVU860
 15481 0b2c 00       		.uleb128 .LVU864
 15482 0b2d 00       		.uleb128 .LVU866
 15483 0b2e 00       		.uleb128 .LVU866
 15484 0b2f 00       		.uleb128 .LVU867
 15485              	.LLST121:
ARM GAS  /tmp/cctaqgo8.s 			page 273


 15486 0b30 06       		.byte	0x6
 15487 0b31 B0000000 		.4byte	.LVL183
 15488 0b35 04       		.byte	0x4
 15489 0b36 00       		.uleb128 .LVL183-.LVL183
 15490 0b37 04       		.uleb128 .LVL184-.LVL183
 15491 0b38 01       		.uleb128 0x1
 15492 0b39 56       		.byte	0x56
 15493 0b3a 04       		.byte	0x4
 15494 0b3b 0C       		.uleb128 .LVL185-.LVL183
 15495 0b3c 12       		.uleb128 .LVL186-.LVL183
 15496 0b3d 01       		.uleb128 0x1
 15497 0b3e 56       		.byte	0x56
 15498 0b3f 04       		.byte	0x4
 15499 0b40 12       		.uleb128 .LVL186-.LVL183
 15500 0b41 15       		.uleb128 .LVL187-1-.LVL183
 15501 0b42 03       		.uleb128 0x3
 15502 0b43 73       		.byte	0x73
 15503 0b44 70       		.sleb128 -16
 15504 0b45 9F       		.byte	0x9f
 15505 0b46 00       		.byte	0
 15506              	.LVUS103:
 15507 0b47 00       		.uleb128 0
 15508 0b48 00       		.uleb128 .LVU729
 15509 0b49 00       		.uleb128 .LVU729
 15510 0b4a 00       		.uleb128 .LVU752
 15511 0b4b 00       		.uleb128 .LVU752
 15512 0b4c 00       		.uleb128 0
 15513              	.LLST103:
 15514 0b4d 06       		.byte	0x6
 15515 0b4e 00000000 		.4byte	.LVL161
 15516 0b52 04       		.byte	0x4
 15517 0b53 00       		.uleb128 .LVL161-.LVL161
 15518 0b54 0A       		.uleb128 .LVL162-.LVL161
 15519 0b55 01       		.uleb128 0x1
 15520 0b56 50       		.byte	0x50
 15521 0b57 04       		.byte	0x4
 15522 0b58 0A       		.uleb128 .LVL162-.LVL161
 15523 0b59 38       		.uleb128 .LVL167-.LVL161
 15524 0b5a 01       		.uleb128 0x1
 15525 0b5b 54       		.byte	0x54
 15526 0b5c 04       		.byte	0x4
 15527 0b5d 38       		.uleb128 .LVL167-.LVL161
 15528 0b5e 40       		.uleb128 .LFE243-.LVL161
 15529 0b5f 0A       		.uleb128 0xa
 15530 0b60 A3       		.byte	0xa3
 15531 0b61 03       		.uleb128 0x3
 15532 0b62 A5       		.byte	0xa5
 15533 0b63 00       		.uleb128 0
 15534 0b64 26       		.uleb128 0x26
 15535 0b65 A8       		.byte	0xa8
 15536 0b66 2D       		.uleb128 0x2d
 15537 0b67 A8       		.byte	0xa8
 15538 0b68 00       		.uleb128 0
 15539 0b69 9F       		.byte	0x9f
 15540 0b6a 00       		.byte	0
 15541              	.LVUS104:
 15542 0b6b 00       		.uleb128 .LVU729
ARM GAS  /tmp/cctaqgo8.s 			page 274


 15543 0b6c 00       		.uleb128 .LVU747
 15544              	.LLST104:
 15545 0b6d 08       		.byte	0x8
 15546 0b6e 0A000000 		.4byte	.LVL162
 15547 0b72 1E       		.uleb128 .LVL165-.LVL162
 15548 0b73 01       		.uleb128 0x1
 15549 0b74 50       		.byte	0x50
 15550 0b75 00       		.byte	0
 15551              	.LVUS93:
 15552 0b76 00       		.uleb128 0
 15553 0b77 00       		.uleb128 .LVU631
 15554 0b78 00       		.uleb128 .LVU631
 15555 0b79 00       		.uleb128 .LVU695
 15556 0b7a 00       		.uleb128 .LVU695
 15557 0b7b 00       		.uleb128 .LVU699
 15558 0b7c 00       		.uleb128 .LVU699
 15559 0b7d 00       		.uleb128 0
 15560              	.LLST93:
 15561 0b7e 06       		.byte	0x6
 15562 0b7f 00000000 		.4byte	.LVL141
 15563 0b83 04       		.byte	0x4
 15564 0b84 00       		.uleb128 .LVL141-.LVL141
 15565 0b85 18       		.uleb128 .LVL142-.LVL141
 15566 0b86 01       		.uleb128 0x1
 15567 0b87 50       		.byte	0x50
 15568 0b88 04       		.byte	0x4
 15569 0b89 18       		.uleb128 .LVL142-.LVL141
 15570 0b8a 8E01     		.uleb128 .LVL150-.LVL141
 15571 0b8c 01       		.uleb128 0x1
 15572 0b8d 55       		.byte	0x55
 15573 0b8e 04       		.byte	0x4
 15574 0b8f 8E01     		.uleb128 .LVL150-.LVL141
 15575 0b91 9C01     		.uleb128 .LVL151-.LVL141
 15576 0b93 01       		.uleb128 0x1
 15577 0b94 50       		.byte	0x50
 15578 0b95 04       		.byte	0x4
 15579 0b96 9C01     		.uleb128 .LVL151-.LVL141
 15580 0b98 F801     		.uleb128 .LFE242-.LVL141
 15581 0b9a 01       		.uleb128 0x1
 15582 0b9b 55       		.byte	0x55
 15583 0b9c 00       		.byte	0
 15584              	.LVUS94:
 15585 0b9d 02       		.uleb128 .LVU621
 15586 0b9e 00       		.uleb128 .LVU631
 15587 0b9f 00       		.uleb128 .LVU695
 15588 0ba0 00       		.uleb128 .LVU699
 15589 0ba1 00       		.uleb128 .LVU699
 15590 0ba2 00       		.uleb128 .LVU705
 15591              	.LLST94:
 15592 0ba3 06       		.byte	0x6
 15593 0ba4 00000000 		.4byte	.LVL141
 15594 0ba8 04       		.byte	0x4
 15595 0ba9 00       		.uleb128 .LVL141-.LVL141
 15596 0baa 18       		.uleb128 .LVL142-.LVL141
 15597 0bab 03       		.uleb128 0x3
 15598 0bac 70       		.byte	0x70
 15599 0bad D000     		.sleb128 80
ARM GAS  /tmp/cctaqgo8.s 			page 275


 15600 0baf 04       		.byte	0x4
 15601 0bb0 8E01     		.uleb128 .LVL150-.LVL141
 15602 0bb2 9C01     		.uleb128 .LVL151-.LVL141
 15603 0bb4 03       		.uleb128 0x3
 15604 0bb5 70       		.byte	0x70
 15605 0bb6 D000     		.sleb128 80
 15606 0bb8 04       		.byte	0x4
 15607 0bb9 9C01     		.uleb128 .LVL151-.LVL141
 15608 0bbb AB01     		.uleb128 .LVL152-1-.LVL141
 15609 0bbd 03       		.uleb128 0x3
 15610 0bbe 75       		.byte	0x75
 15611 0bbf D000     		.sleb128 80
 15612 0bc1 00       		.byte	0
 15613              	.LVUS96:
 15614 0bc2 02       		.uleb128 .LVU647
 15615 0bc3 00       		.uleb128 .LVU666
 15616              	.LLST96:
 15617 0bc4 08       		.byte	0x8
 15618 0bc5 32000000 		.4byte	.LVL143
 15619 0bc9 1A       		.uleb128 .LVL147-.LVL143
 15620 0bca 01       		.uleb128 0x1
 15621 0bcb 55       		.byte	0x55
 15622 0bcc 00       		.byte	0
 15623              	.LVUS97:
 15624 0bcd 03       		.uleb128 .LVU648
 15625 0bce 00       		.uleb128 .LVU651
 15626              	.LLST97:
 15627 0bcf 08       		.byte	0x8
 15628 0bd0 32000000 		.4byte	.LVL143
 15629 0bd4 03       		.uleb128 .LVL144-1-.LVL143
 15630 0bd5 03       		.uleb128 0x3
 15631 0bd6 75       		.byte	0x75
 15632 0bd7 D000     		.sleb128 80
 15633 0bd9 00       		.byte	0
 15634              	.LVUS99:
 15635 0bda 04       		.uleb128 .LVU649
 15636 0bdb 00       		.uleb128 .LVU651
 15637              	.LLST99:
 15638 0bdc 08       		.byte	0x8
 15639 0bdd 32000000 		.4byte	.LVL143
 15640 0be1 04       		.uleb128 .LVL144-.LVL143
 15641 0be2 03       		.uleb128 0x3
 15642 0be3 08       		.byte	0x8
 15643 0be4 20       		.byte	0x20
 15644 0be5 9F       		.byte	0x9f
 15645 0be6 00       		.byte	0
 15646              	.LVUS100:
 15647 0be7 01       		.uleb128 .LVU659
 15648 0be8 00       		.uleb128 .LVU661
 15649              	.LLST100:
 15650 0be9 08       		.byte	0x8
 15651 0bea 40000000 		.4byte	.LVL145
 15652 0bee 06       		.uleb128 .LVL146-.LVL145
 15653 0bef 02       		.uleb128 0x2
 15654 0bf0 3C       		.byte	0x3c
 15655 0bf1 9F       		.byte	0x9f
 15656 0bf2 00       		.byte	0
ARM GAS  /tmp/cctaqgo8.s 			page 276


 15657              	.LVUS102:
 15658 0bf3 01       		.uleb128 .LVU710
 15659 0bf4 00       		.uleb128 .LVU716
 15660 0bf5 00       		.uleb128 .LVU716
 15661 0bf6 00       		.uleb128 .LVU719
 15662 0bf7 00       		.uleb128 .LVU721
 15663 0bf8 00       		.uleb128 .LVU722
 15664 0bf9 00       		.uleb128 .LVU722
 15665 0bfa 00       		.uleb128 0
 15666              	.LLST102:
 15667 0bfb 06       		.byte	0x6
 15668 0bfc C4000000 		.4byte	.LVL154
 15669 0c00 04       		.byte	0x4
 15670 0c01 00       		.uleb128 .LVL154-.LVL154
 15671 0c02 08       		.uleb128 .LVL155-.LVL154
 15672 0c03 01       		.uleb128 0x1
 15673 0c04 50       		.byte	0x50
 15674 0c05 04       		.byte	0x4
 15675 0c06 08       		.uleb128 .LVL155-.LVL154
 15676 0c07 0E       		.uleb128 .LVL156-.LVL154
 15677 0c08 01       		.uleb128 0x1
 15678 0c09 54       		.byte	0x54
 15679 0c0a 04       		.byte	0x4
 15680 0c0b 14       		.uleb128 .LVL158-.LVL154
 15681 0c0c 16       		.uleb128 .LVL159-.LVL154
 15682 0c0d 01       		.uleb128 0x1
 15683 0c0e 50       		.byte	0x50
 15684 0c0f 04       		.byte	0x4
 15685 0c10 16       		.uleb128 .LVL159-.LVL154
 15686 0c11 34       		.uleb128 .LFE242-.LVL154
 15687 0c12 01       		.uleb128 0x1
 15688 0c13 54       		.byte	0x54
 15689 0c14 00       		.byte	0
 15690              	.LVUS186:
 15691 0c15 02       		.uleb128 .LVU1326
 15692 0c16 00       		.uleb128 .LVU1375
 15693 0c17 00       		.uleb128 .LVU1380
 15694 0c18 00       		.uleb128 .LVU1425
 15695 0c19 00       		.uleb128 .LVU1430
 15696 0c1a 00       		.uleb128 .LVU1435
 15697 0c1b 00       		.uleb128 .LVU1440
 15698 0c1c 00       		.uleb128 0
 15699              	.LLST186:
 15700 0c1d 06       		.byte	0x6
 15701 0c1e 08000000 		.4byte	.LVL287
 15702 0c22 04       		.byte	0x4
 15703 0c23 00       		.uleb128 .LVL287-.LVL287
 15704 0c24 54       		.uleb128 .LVL295-.LVL287
 15705 0c25 06       		.uleb128 0x6
 15706 0c26 03       		.byte	0x3
 15707 0c27 00000000 		.4byte	USBD1
 15708 0c2b 9F       		.byte	0x9f
 15709 0c2c 04       		.byte	0x4
 15710 0c2d 60       		.uleb128 .LVL297-.LVL287
 15711 0c2e 9E01     		.uleb128 .LVL306-.LVL287
 15712 0c30 06       		.uleb128 0x6
 15713 0c31 03       		.byte	0x3
ARM GAS  /tmp/cctaqgo8.s 			page 277


 15714 0c32 00000000 		.4byte	USBD1
 15715 0c36 9F       		.byte	0x9f
 15716 0c37 04       		.byte	0x4
 15717 0c38 AA01     		.uleb128 .LVL308-.LVL287
 15718 0c3a BC01     		.uleb128 .LVL311-.LVL287
 15719 0c3c 06       		.uleb128 0x6
 15720 0c3d 03       		.byte	0x3
 15721 0c3e 00000000 		.4byte	USBD1
 15722 0c42 9F       		.byte	0x9f
 15723 0c43 04       		.byte	0x4
 15724 0c44 C801     		.uleb128 .LVL313-.LVL287
 15725 0c46 8402     		.uleb128 .LFE240-.LVL287
 15726 0c48 06       		.uleb128 0x6
 15727 0c49 03       		.byte	0x3
 15728 0c4a 00000000 		.4byte	USBD1
 15729 0c4e 9F       		.byte	0x9f
 15730 0c4f 00       		.byte	0
 15731              	.LVUS187:
 15732 0c50 00       		.uleb128 .LVU1328
 15733 0c51 00       		.uleb128 .LVU1363
 15734 0c52 00       		.uleb128 .LVU1380
 15735 0c53 00       		.uleb128 .LVU1425
 15736 0c54 00       		.uleb128 .LVU1440
 15737 0c55 00       		.uleb128 .LVU1445
 15738              	.LLST187:
 15739 0c56 06       		.byte	0x6
 15740 0c57 0A000000 		.4byte	.LVL288
 15741 0c5b 04       		.byte	0x4
 15742 0c5c 00       		.uleb128 .LVL288-.LVL288
 15743 0c5d 3C       		.uleb128 .LVL293-.LVL288
 15744 0c5e 01       		.uleb128 0x1
 15745 0c5f 56       		.byte	0x56
 15746 0c60 04       		.byte	0x4
 15747 0c61 5E       		.uleb128 .LVL297-.LVL288
 15748 0c62 9C01     		.uleb128 .LVL306-.LVL288
 15749 0c64 01       		.uleb128 0x1
 15750 0c65 56       		.byte	0x56
 15751 0c66 04       		.byte	0x4
 15752 0c67 C601     		.uleb128 .LVL313-.LVL288
 15753 0c69 E001     		.uleb128 .LVL317-.LVL288
 15754 0c6b 01       		.uleb128 0x1
 15755 0c6c 56       		.byte	0x56
 15756 0c6d 00       		.byte	0
 15757              	.LVUS188:
 15758 0c6e 00       		.uleb128 .LVU1331
 15759 0c6f 00       		.uleb128 .LVU1366
 15760 0c70 00       		.uleb128 .LVU1380
 15761 0c71 00       		.uleb128 .LVU1420
 15762 0c72 00       		.uleb128 .LVU1420
 15763 0c73 00       		.uleb128 .LVU1423
 15764 0c74 00       		.uleb128 .LVU1430
 15765 0c75 00       		.uleb128 .LVU1433
 15766 0c76 00       		.uleb128 .LVU1440
 15767 0c77 00       		.uleb128 .LVU1445
 15768              	.LLST188:
 15769 0c78 06       		.byte	0x6
 15770 0c79 0C000000 		.4byte	.LVL289
ARM GAS  /tmp/cctaqgo8.s 			page 278


 15771 0c7d 04       		.byte	0x4
 15772 0c7e 00       		.uleb128 .LVL289-.LVL289
 15773 0c7f 3E       		.uleb128 .LVL294-.LVL289
 15774 0c80 01       		.uleb128 0x1
 15775 0c81 54       		.byte	0x54
 15776 0c82 04       		.byte	0x4
 15777 0c83 5C       		.uleb128 .LVL297-.LVL289
 15778 0c84 8401     		.uleb128 .LVL304-.LVL289
 15779 0c86 01       		.uleb128 0x1
 15780 0c87 54       		.byte	0x54
 15781 0c88 04       		.byte	0x4
 15782 0c89 8401     		.uleb128 .LVL304-.LVL289
 15783 0c8b 8B01     		.uleb128 .LVL305-1-.LVL289
 15784 0c8d 02       		.uleb128 0x2
 15785 0c8e 76       		.byte	0x76
 15786 0c8f 14       		.sleb128 20
 15787 0c90 04       		.byte	0x4
 15788 0c91 A601     		.uleb128 .LVL308-.LVL289
 15789 0c93 AE01     		.uleb128 .LVL310-.LVL289
 15790 0c95 01       		.uleb128 0x1
 15791 0c96 54       		.byte	0x54
 15792 0c97 04       		.byte	0x4
 15793 0c98 C401     		.uleb128 .LVL313-.LVL289
 15794 0c9a DE01     		.uleb128 .LVL317-.LVL289
 15795 0c9c 01       		.uleb128 0x1
 15796 0c9d 54       		.byte	0x54
 15797 0c9e 00       		.byte	0
 15798              	.LVUS189:
 15799 0c9f 00       		.uleb128 .LVU1353
 15800 0ca0 00       		.uleb128 .LVU1375
 15801 0ca1 00       		.uleb128 .LVU1430
 15802 0ca2 00       		.uleb128 .LVU1435
 15803 0ca3 00       		.uleb128 .LVU1440
 15804 0ca4 00       		.uleb128 0
 15805              	.LLST189:
 15806 0ca5 06       		.byte	0x6
 15807 0ca6 36000000 		.4byte	.LVL292
 15808 0caa 04       		.byte	0x4
 15809 0cab 00       		.uleb128 .LVL292-.LVL292
 15810 0cac 26       		.uleb128 .LVL295-.LVL292
 15811 0cad 01       		.uleb128 0x1
 15812 0cae 55       		.byte	0x55
 15813 0caf 04       		.byte	0x4
 15814 0cb0 7C       		.uleb128 .LVL308-.LVL292
 15815 0cb1 8E01     		.uleb128 .LVL311-.LVL292
 15816 0cb3 01       		.uleb128 0x1
 15817 0cb4 55       		.byte	0x55
 15818 0cb5 04       		.byte	0x4
 15819 0cb6 9A01     		.uleb128 .LVL313-.LVL292
 15820 0cb8 D601     		.uleb128 .LFE240-.LVL292
 15821 0cba 01       		.uleb128 0x1
 15822 0cbb 55       		.byte	0x55
 15823 0cbc 00       		.byte	0
 15824              	.LVUS190:
 15825 0cbd 09       		.uleb128 .LVU1389
 15826 0cbe 00       		.uleb128 .LVU1391
 15827              	.LLST190:
ARM GAS  /tmp/cctaqgo8.s 			page 279


 15828 0cbf 08       		.byte	0x8
 15829 0cc0 68000000 		.4byte	.LVL297
 15830 0cc4 06       		.uleb128 .LVL298-.LVL297
 15831 0cc5 03       		.uleb128 0x3
 15832 0cc6 08       		.byte	0x8
 15833 0cc7 20       		.byte	0x20
 15834 0cc8 9F       		.byte	0x9f
 15835 0cc9 00       		.byte	0
 15836              	.LVUS192:
 15837 0cca 01       		.uleb128 .LVU1399
 15838 0ccb 00       		.uleb128 .LVU1401
 15839              	.LLST192:
 15840 0ccc 08       		.byte	0x8
 15841 0ccd 7C000000 		.4byte	.LVL300
 15842 0cd1 06       		.uleb128 .LVL301-.LVL300
 15843 0cd2 02       		.uleb128 0x2
 15844 0cd3 30       		.byte	0x30
 15845 0cd4 9F       		.byte	0x9f
 15846 0cd5 00       		.byte	0
 15847              	.LVUS193:
 15848 0cd6 01       		.uleb128 .LVU1399
 15849 0cd7 00       		.uleb128 .LVU1401
 15850 0cd8 00       		.uleb128 .LVU1401
 15851 0cd9 00       		.uleb128 .LVU1401
 15852              	.LLST193:
 15853 0cda 06       		.byte	0x6
 15854 0cdb 7C000000 		.4byte	.LVL300
 15855 0cdf 04       		.byte	0x4
 15856 0ce0 00       		.uleb128 .LVL300-.LVL300
 15857 0ce1 05       		.uleb128 .LVL301-1-.LVL300
 15858 0ce2 01       		.uleb128 0x1
 15859 0ce3 50       		.byte	0x50
 15860 0ce4 04       		.byte	0x4
 15861 0ce5 05       		.uleb128 .LVL301-1-.LVL300
 15862 0ce6 06       		.uleb128 .LVL301-.LVL300
 15863 0ce7 06       		.uleb128 0x6
 15864 0ce8 03       		.byte	0x3
 15865 0ce9 60000000 		.4byte	USBD1+96
 15866 0ced 9F       		.byte	0x9f
 15867 0cee 00       		.byte	0
 15868              	.LVUS194:
 15869 0cef 06       		.uleb128 .LVU1413
 15870 0cf0 00       		.uleb128 .LVU1415
 15871              	.LLST194:
 15872 0cf1 08       		.byte	0x8
 15873 0cf2 86000000 		.4byte	.LVL302
 15874 0cf6 06       		.uleb128 .LVL303-.LVL302
 15875 0cf7 02       		.uleb128 0x2
 15876 0cf8 30       		.byte	0x30
 15877 0cf9 9F       		.byte	0x9f
 15878 0cfa 00       		.byte	0
 15879              	.LVUS0:
 15880 0cfb 00       		.uleb128 .LVU5
 15881 0cfc 00       		.uleb128 0
 15882              	.LLST0:
 15883 0cfd 08       		.byte	0x8
 15884 0cfe 06000000 		.4byte	.LVL1
ARM GAS  /tmp/cctaqgo8.s 			page 280


 15885 0d02 36       		.uleb128 .LFE260-.LVL1
 15886 0d03 01       		.uleb128 0x1
 15887 0d04 50       		.byte	0x50
 15888 0d05 00       		.byte	0
 15889              	.LVUS1:
 15890 0d06 02       		.uleb128 .LVU7
 15891 0d07 00       		.uleb128 .LVU10
 15892 0d08 00       		.uleb128 .LVU10
 15893 0d09 00       		.uleb128 .LVU15
 15894 0d0a 00       		.uleb128 .LVU15
 15895 0d0b 01       		.uleb128 .LVU25
 15896              	.LLST1:
 15897 0d0c 06       		.byte	0x6
 15898 0d0d 06000000 		.4byte	.LVL1
 15899 0d11 04       		.byte	0x4
 15900 0d12 00       		.uleb128 .LVL1-.LVL1
 15901 0d13 06       		.uleb128 .LVL2-.LVL1
 15902 0d14 02       		.uleb128 0x2
 15903 0d15 30       		.byte	0x30
 15904 0d16 9F       		.byte	0x9f
 15905 0d17 04       		.byte	0x4
 15906 0d18 06       		.uleb128 .LVL2-.LVL1
 15907 0d19 14       		.uleb128 .LVL3-.LVL1
 15908 0d1a 01       		.uleb128 0x1
 15909 0d1b 52       		.byte	0x52
 15910 0d1c 04       		.byte	0x4
 15911 0d1d 14       		.uleb128 .LVL3-.LVL1
 15912 0d1e 28       		.uleb128 .LVL4-.LVL1
 15913 0d1f 03       		.uleb128 0x3
 15914 0d20 72       		.byte	0x72
 15915 0d21 7F       		.sleb128 -1
 15916 0d22 9F       		.byte	0x9f
 15917 0d23 00       		.byte	0
 15918              	.LVUS2:
 15919 0d24 01       		.uleb128 .LVU1
 15920 0d25 00       		.uleb128 0
 15921              	.LLST2:
 15922 0d26 08       		.byte	0x8
 15923 0d27 00000000 		.4byte	.LVL0
 15924 0d2b 3C       		.uleb128 .LFE260-.LVL0
 15925 0d2c 06       		.uleb128 0x6
 15926 0d2d FA       		.byte	0xfa
 15927 0d2e 8A320000 		.4byte	0x328a
 15928 0d32 9F       		.byte	0x9f
 15929 0d33 00       		.byte	0
 15930              	.LVUS157:
 15931 0d34 00       		.uleb128 0
 15932 0d35 00       		.uleb128 .LVU1095
 15933 0d36 00       		.uleb128 .LVU1095
 15934 0d37 00       		.uleb128 .LVU1115
 15935 0d38 00       		.uleb128 .LVU1115
 15936 0d39 00       		.uleb128 .LVU1116
 15937 0d3a 00       		.uleb128 .LVU1116
 15938 0d3b 00       		.uleb128 0
 15939              	.LLST157:
 15940 0d3c 06       		.byte	0x6
 15941 0d3d 00000000 		.4byte	.LVL238
ARM GAS  /tmp/cctaqgo8.s 			page 281


 15942 0d41 04       		.byte	0x4
 15943 0d42 00       		.uleb128 .LVL238-.LVL238
 15944 0d43 18       		.uleb128 .LVL241-.LVL238
 15945 0d44 01       		.uleb128 0x1
 15946 0d45 50       		.byte	0x50
 15947 0d46 04       		.byte	0x4
 15948 0d47 18       		.uleb128 .LVL241-.LVL238
 15949 0d48 54       		.uleb128 .LVL245-.LVL238
 15950 0d49 01       		.uleb128 0x1
 15951 0d4a 54       		.byte	0x54
 15952 0d4b 04       		.byte	0x4
 15953 0d4c 54       		.uleb128 .LVL245-.LVL238
 15954 0d4d 55       		.uleb128 .LVL246-1-.LVL238
 15955 0d4e 01       		.uleb128 0x1
 15956 0d4f 51       		.byte	0x51
 15957 0d50 04       		.byte	0x4
 15958 0d51 55       		.uleb128 .LVL246-1-.LVL238
 15959 0d52 A401     		.uleb128 .LFE265-.LVL238
 15960 0d54 0A       		.uleb128 0xa
 15961 0d55 A3       		.byte	0xa3
 15962 0d56 03       		.uleb128 0x3
 15963 0d57 A5       		.byte	0xa5
 15964 0d58 00       		.uleb128 0
 15965 0d59 26       		.uleb128 0x26
 15966 0d5a A8       		.byte	0xa8
 15967 0d5b 34       		.uleb128 0x34
 15968 0d5c A8       		.byte	0xa8
 15969 0d5d 00       		.uleb128 0
 15970 0d5e 9F       		.byte	0x9f
 15971 0d5f 00       		.byte	0
 15972              	.LVUS158:
 15973 0d60 00       		.uleb128 .LVU1087
 15974 0d61 00       		.uleb128 .LVU1115
 15975 0d62 00       		.uleb128 .LVU1116
 15976 0d63 00       		.uleb128 0
 15977              	.LLST158:
 15978 0d64 06       		.byte	0x6
 15979 0d65 08000000 		.4byte	.LVL239
 15980 0d69 04       		.byte	0x4
 15981 0d6a 00       		.uleb128 .LVL239-.LVL239
 15982 0d6b 4C       		.uleb128 .LVL245-.LVL239
 15983 0d6c 01       		.uleb128 0x1
 15984 0d6d 56       		.byte	0x56
 15985 0d6e 04       		.byte	0x4
 15986 0d6f 4E       		.uleb128 .LVL246-.LVL239
 15987 0d70 9C01     		.uleb128 .LFE265-.LVL239
 15988 0d72 01       		.uleb128 0x1
 15989 0d73 56       		.byte	0x56
 15990 0d74 00       		.byte	0
 15991              	.LVUS159:
 15992 0d75 00       		.uleb128 .LVU1091
 15993 0d76 00       		.uleb128 .LVU1115
 15994 0d77 00       		.uleb128 .LVU1116
 15995 0d78 00       		.uleb128 .LVU1119
 15996 0d79 00       		.uleb128 .LVU1156
 15997 0d7a 00       		.uleb128 0
 15998              	.LLST159:
ARM GAS  /tmp/cctaqgo8.s 			page 282


 15999 0d7b 06       		.byte	0x6
 16000 0d7c 12000000 		.4byte	.LVL240
 16001 0d80 04       		.byte	0x4
 16002 0d81 00       		.uleb128 .LVL240-.LVL240
 16003 0d82 42       		.uleb128 .LVL245-.LVL240
 16004 0d83 01       		.uleb128 0x1
 16005 0d84 55       		.byte	0x55
 16006 0d85 04       		.byte	0x4
 16007 0d86 44       		.uleb128 .LVL246-.LVL240
 16008 0d87 48       		.uleb128 .LVL247-.LVL240
 16009 0d88 01       		.uleb128 0x1
 16010 0d89 55       		.byte	0x55
 16011 0d8a 04       		.byte	0x4
 16012 0d8b 7C       		.uleb128 .LVL254-.LVL240
 16013 0d8c 9201     		.uleb128 .LFE265-.LVL240
 16014 0d8e 01       		.uleb128 0x1
 16015 0d8f 55       		.byte	0x55
 16016 0d90 00       		.byte	0
 16017              	.LVUS161:
 16018 0d91 00       		.uleb128 .LVU1106
 16019 0d92 00       		.uleb128 .LVU1111
 16020 0d93 00       		.uleb128 .LVU1111
 16021 0d94 00       		.uleb128 .LVU1113
 16022 0d95 00       		.uleb128 .LVU1113
 16023 0d96 00       		.uleb128 .LVU1116
 16024 0d97 00       		.uleb128 .LVU1116
 16025 0d98 00       		.uleb128 .LVU1121
 16026              	.LLST161:
 16027 0d99 06       		.byte	0x6
 16028 0d9a 36000000 		.4byte	.LVL242
 16029 0d9e 04       		.byte	0x4
 16030 0d9f 00       		.uleb128 .LVL242-.LVL242
 16031 0da0 0A       		.uleb128 .LVL243-.LVL242
 16032 0da1 01       		.uleb128 0x1
 16033 0da2 53       		.byte	0x53
 16034 0da3 04       		.byte	0x4
 16035 0da4 0A       		.uleb128 .LVL243-.LVL242
 16036 0da5 1A       		.uleb128 .LVL244-.LVL242
 16037 0da6 02       		.uleb128 0x2
 16038 0da7 71       		.byte	0x71
 16039 0da8 18       		.sleb128 24
 16040 0da9 04       		.byte	0x4
 16041 0daa 1A       		.uleb128 .LVL244-.LVL242
 16042 0dab 1F       		.uleb128 .LVL246-1-.LVL242
 16043 0dac 0C       		.uleb128 0xc
 16044 0dad 71       		.byte	0x71
 16045 0dae 00       		.sleb128 0
 16046 0daf 32       		.byte	0x32
 16047 0db0 24       		.byte	0x24
 16048 0db1 70       		.byte	0x70
 16049 0db2 00       		.sleb128 0
 16050 0db3 22       		.byte	0x22
 16051 0db4 23       		.byte	0x23
 16052 0db5 0C       		.uleb128 0xc
 16053 0db6 06       		.byte	0x6
 16054 0db7 23       		.byte	0x23
 16055 0db8 18       		.uleb128 0x18
ARM GAS  /tmp/cctaqgo8.s 			page 283


 16056 0db9 04       		.byte	0x4
 16057 0dba 20       		.uleb128 .LVL246-.LVL242
 16058 0dbb 2F       		.uleb128 .LVL248-1-.LVL242
 16059 0dbc 01       		.uleb128 0x1
 16060 0dbd 53       		.byte	0x53
 16061 0dbe 00       		.byte	0
 16062              	.LVUS162:
 16063 0dbf 09       		.uleb128 .LVU1130
 16064 0dc0 00       		.uleb128 .LVU1132
 16065              	.LLST162:
 16066 0dc1 08       		.byte	0x8
 16067 0dc2 66000000 		.4byte	.LVL248
 16068 0dc6 06       		.uleb128 .LVL249-.LVL248
 16069 0dc7 03       		.uleb128 0x3
 16070 0dc8 08       		.byte	0x8
 16071 0dc9 20       		.byte	0x20
 16072 0dca 9F       		.byte	0x9f
 16073 0dcb 00       		.byte	0
 16074              	.LVUS163:
 16075 0dcc 01       		.uleb128 .LVU1136
 16076 0dcd 00       		.uleb128 .LVU1140
 16077              	.LLST163:
 16078 0dce 08       		.byte	0x8
 16079 0dcf 70000000 		.4byte	.LVL250
 16080 0dd3 12       		.uleb128 .LVL251-.LVL250
 16081 0dd4 01       		.uleb128 0x1
 16082 0dd5 54       		.byte	0x54
 16083 0dd6 00       		.byte	0
 16084              	.LVUS164:
 16085 0dd7 01       		.uleb128 .LVU1136
 16086 0dd8 00       		.uleb128 .LVU1140
 16087              	.LLST164:
 16088 0dd9 08       		.byte	0x8
 16089 0dda 70000000 		.4byte	.LVL250
 16090 0dde 12       		.uleb128 .LVL251-.LVL250
 16091 0ddf 06       		.uleb128 0x6
 16092 0de0 03       		.byte	0x3
 16093 0de1 00000000 		.4byte	USBD1
 16094 0de5 9F       		.byte	0x9f
 16095 0de6 00       		.byte	0
 16096              	.LVUS165:
 16097 0de7 06       		.uleb128 .LVU1152
 16098 0de8 00       		.uleb128 .LVU1154
 16099              	.LLST165:
 16100 0de9 08       		.byte	0x8
 16101 0dea 86000000 		.4byte	.LVL252
 16102 0dee 04       		.uleb128 .LVL253-.LVL252
 16103 0def 02       		.uleb128 0x2
 16104 0df0 30       		.byte	0x30
 16105 0df1 9F       		.byte	0x9f
 16106 0df2 00       		.byte	0
 16107              	.LVUS171:
 16108 0df3 00       		.uleb128 0
 16109 0df4 00       		.uleb128 .LVU1206
 16110 0df5 00       		.uleb128 .LVU1206
 16111 0df6 00       		.uleb128 .LVU1211
 16112 0df7 00       		.uleb128 .LVU1211
ARM GAS  /tmp/cctaqgo8.s 			page 284


 16113 0df8 00       		.uleb128 .LVU1213
 16114 0df9 00       		.uleb128 .LVU1213
 16115 0dfa 00       		.uleb128 .LVU1218
 16116 0dfb 00       		.uleb128 .LVU1218
 16117 0dfc 00       		.uleb128 .LVU1225
 16118 0dfd 00       		.uleb128 .LVU1225
 16119 0dfe 00       		.uleb128 0
 16120              	.LLST171:
 16121 0dff 06       		.byte	0x6
 16122 0e00 00000000 		.4byte	.LVL262
 16123 0e04 04       		.byte	0x4
 16124 0e05 00       		.uleb128 .LVL262-.LVL262
 16125 0e06 22       		.uleb128 .LVL265-.LVL262
 16126 0e07 01       		.uleb128 0x1
 16127 0e08 50       		.byte	0x50
 16128 0e09 04       		.byte	0x4
 16129 0e0a 22       		.uleb128 .LVL265-.LVL262
 16130 0e0b 30       		.uleb128 .LVL266-.LVL262
 16131 0e0c 01       		.uleb128 0x1
 16132 0e0d 54       		.byte	0x54
 16133 0e0e 04       		.byte	0x4
 16134 0e0f 30       		.uleb128 .LVL266-.LVL262
 16135 0e10 38       		.uleb128 .LVL267-.LVL262
 16136 0e11 0A       		.uleb128 0xa
 16137 0e12 A3       		.byte	0xa3
 16138 0e13 03       		.uleb128 0x3
 16139 0e14 A5       		.byte	0xa5
 16140 0e15 00       		.uleb128 0
 16141 0e16 26       		.uleb128 0x26
 16142 0e17 A8       		.byte	0xa8
 16143 0e18 34       		.uleb128 0x34
 16144 0e19 A8       		.byte	0xa8
 16145 0e1a 00       		.uleb128 0
 16146 0e1b 9F       		.byte	0x9f
 16147 0e1c 04       		.byte	0x4
 16148 0e1d 38       		.uleb128 .LVL267-.LVL262
 16149 0e1e 42       		.uleb128 .LVL269-.LVL262
 16150 0e1f 01       		.uleb128 0x1
 16151 0e20 50       		.byte	0x50
 16152 0e21 04       		.byte	0x4
 16153 0e22 42       		.uleb128 .LVL269-.LVL262
 16154 0e23 60       		.uleb128 .LVL273-.LVL262
 16155 0e24 01       		.uleb128 0x1
 16156 0e25 54       		.byte	0x54
 16157 0e26 04       		.byte	0x4
 16158 0e27 60       		.uleb128 .LVL273-.LVL262
 16159 0e28 E401     		.uleb128 .LFE266-.LVL262
 16160 0e2a 0A       		.uleb128 0xa
 16161 0e2b A3       		.byte	0xa3
 16162 0e2c 03       		.uleb128 0x3
 16163 0e2d A5       		.byte	0xa5
 16164 0e2e 00       		.uleb128 0
 16165 0e2f 26       		.uleb128 0x26
 16166 0e30 A8       		.byte	0xa8
 16167 0e31 34       		.uleb128 0x34
 16168 0e32 A8       		.byte	0xa8
 16169 0e33 00       		.uleb128 0
ARM GAS  /tmp/cctaqgo8.s 			page 285


 16170 0e34 9F       		.byte	0x9f
 16171 0e35 00       		.byte	0
 16172              	.LVUS172:
 16173 0e36 00       		.uleb128 .LVU1194
 16174 0e37 00       		.uleb128 0
 16175              	.LLST172:
 16176 0e38 08       		.byte	0x8
 16177 0e39 08000000 		.4byte	.LVL263
 16178 0e3d DC01     		.uleb128 .LFE266-.LVL263
 16179 0e3f 01       		.uleb128 0x1
 16180 0e40 56       		.byte	0x56
 16181 0e41 00       		.byte	0
 16182              	.LVUS173:
 16183 0e42 00       		.uleb128 .LVU1198
 16184 0e43 00       		.uleb128 0
 16185              	.LLST173:
 16186 0e44 08       		.byte	0x8
 16187 0e45 12000000 		.4byte	.LVL264
 16188 0e49 D201     		.uleb128 .LFE266-.LVL264
 16189 0e4b 01       		.uleb128 0x1
 16190 0e4c 55       		.byte	0x55
 16191 0e4d 00       		.byte	0
 16192              	.LVUS175:
 16193 0e4e 00       		.uleb128 .LVU1216
 16194 0e4f 00       		.uleb128 .LVU1221
 16195 0e50 00       		.uleb128 .LVU1221
 16196 0e51 00       		.uleb128 .LVU1223
 16197 0e52 00       		.uleb128 .LVU1269
 16198 0e53 00       		.uleb128 .LVU1276
 16199              	.LLST175:
 16200 0e54 06       		.byte	0x6
 16201 0e55 40000000 		.4byte	.LVL268
 16202 0e59 04       		.byte	0x4
 16203 0e5a 00       		.uleb128 .LVL268-.LVL268
 16204 0e5b 0A       		.uleb128 .LVL270-.LVL268
 16205 0e5c 01       		.uleb128 0x1
 16206 0e5d 53       		.byte	0x53
 16207 0e5e 04       		.byte	0x4
 16208 0e5f 0A       		.uleb128 .LVL270-.LVL268
 16209 0e60 1A       		.uleb128 .LVL271-.LVL268
 16210 0e61 02       		.uleb128 0x2
 16211 0e62 71       		.byte	0x71
 16212 0e63 14       		.sleb128 20
 16213 0e64 04       		.byte	0x4
 16214 0e65 52       		.uleb128 .LVL280-.LVL268
 16215 0e66 65       		.uleb128 .LVL281-1-.LVL268
 16216 0e67 01       		.uleb128 0x1
 16217 0e68 53       		.byte	0x53
 16218 0e69 00       		.byte	0
 16219              	.LVUS176:
 16220 0e6a 09       		.uleb128 .LVU1285
 16221 0e6b 00       		.uleb128 .LVU1287
 16222              	.LLST176:
 16223 0e6c 08       		.byte	0x8
 16224 0e6d A6000000 		.4byte	.LVL281
 16225 0e71 06       		.uleb128 .LVL282-.LVL281
 16226 0e72 03       		.uleb128 0x3
ARM GAS  /tmp/cctaqgo8.s 			page 286


 16227 0e73 08       		.byte	0x8
 16228 0e74 20       		.byte	0x20
 16229 0e75 9F       		.byte	0x9f
 16230 0e76 00       		.byte	0
 16231              	.LVUS177:
 16232 0e77 01       		.uleb128 .LVU1291
 16233 0e78 00       		.uleb128 .LVU1301
 16234              	.LLST177:
 16235 0e79 08       		.byte	0x8
 16236 0e7a B0000000 		.4byte	.LVL283
 16237 0e7e 20       		.uleb128 .LVL284-.LVL283
 16238 0e7f 01       		.uleb128 0x1
 16239 0e80 54       		.byte	0x54
 16240 0e81 00       		.byte	0
 16241              	.LVUS178:
 16242 0e82 01       		.uleb128 .LVU1291
 16243 0e83 00       		.uleb128 .LVU1301
 16244              	.LLST178:
 16245 0e84 08       		.byte	0x8
 16246 0e85 B0000000 		.4byte	.LVL283
 16247 0e89 20       		.uleb128 .LVL284-.LVL283
 16248 0e8a 06       		.uleb128 0x6
 16249 0e8b 03       		.byte	0x3
 16250 0e8c 00000000 		.4byte	USBD1
 16251 0e90 9F       		.byte	0x9f
 16252 0e91 00       		.byte	0
 16253              	.LVUS179:
 16254 0e92 06       		.uleb128 .LVU1313
 16255 0e93 00       		.uleb128 .LVU1315
 16256              	.LLST179:
 16257 0e94 08       		.byte	0x8
 16258 0e95 D4000000 		.4byte	.LVL285
 16259 0e99 04       		.uleb128 .LVL286-.LVL285
 16260 0e9a 02       		.uleb128 0x2
 16261 0e9b 30       		.byte	0x30
 16262 0e9c 9F       		.byte	0x9f
 16263 0e9d 00       		.byte	0
 16264              	.LVUS180:
 16265 0e9e 0A       		.uleb128 .LVU1235
 16266 0e9f 00       		.uleb128 .LVU1237
 16267              	.LLST180:
 16268 0ea0 08       		.byte	0x8
 16269 0ea1 60000000 		.4byte	.LVL273
 16270 0ea5 06       		.uleb128 .LVL274-.LVL273
 16271 0ea6 03       		.uleb128 0x3
 16272 0ea7 08       		.byte	0x8
 16273 0ea8 20       		.byte	0x20
 16274 0ea9 9F       		.byte	0x9f
 16275 0eaa 00       		.byte	0
 16276              	.LVUS182:
 16277 0eab 02       		.uleb128 .LVU1251
 16278 0eac 00       		.uleb128 .LVU1253
 16279              	.LLST182:
 16280 0ead 08       		.byte	0x8
 16281 0eae 80000000 		.4byte	.LVL276
 16282 0eb2 04       		.uleb128 .LVL277-.LVL276
 16283 0eb3 02       		.uleb128 0x2
ARM GAS  /tmp/cctaqgo8.s 			page 287


 16284 0eb4 30       		.byte	0x30
 16285 0eb5 9F       		.byte	0x9f
 16286 0eb6 00       		.byte	0
 16287              	.LVUS183:
 16288 0eb7 02       		.uleb128 .LVU1251
 16289 0eb8 00       		.uleb128 .LVU1253
 16290 0eb9 00       		.uleb128 .LVU1253
 16291 0eba 00       		.uleb128 .LVU1253
 16292              	.LLST183:
 16293 0ebb 06       		.byte	0x6
 16294 0ebc 80000000 		.4byte	.LVL276
 16295 0ec0 04       		.byte	0x4
 16296 0ec1 00       		.uleb128 .LVL276-.LVL276
 16297 0ec2 03       		.uleb128 .LVL277-1-.LVL276
 16298 0ec3 01       		.uleb128 0x1
 16299 0ec4 50       		.byte	0x50
 16300 0ec5 04       		.byte	0x4
 16301 0ec6 03       		.uleb128 .LVL277-1-.LVL276
 16302 0ec7 04       		.uleb128 .LVL277-.LVL276
 16303 0ec8 06       		.uleb128 0x6
 16304 0ec9 03       		.byte	0x3
 16305 0eca 60000000 		.4byte	USBD1+96
 16306 0ece 9F       		.byte	0x9f
 16307 0ecf 00       		.byte	0
 16308              	.LVUS184:
 16309 0ed0 06       		.uleb128 .LVU1265
 16310 0ed1 00       		.uleb128 .LVU1267
 16311              	.LLST184:
 16312 0ed2 08       		.byte	0x8
 16313 0ed3 88000000 		.4byte	.LVL278
 16314 0ed7 06       		.uleb128 .LVL279-.LVL278
 16315 0ed8 02       		.uleb128 0x2
 16316 0ed9 30       		.byte	0x30
 16317 0eda 9F       		.byte	0x9f
 16318 0edb 00       		.byte	0
 16319              	.LVUS195:
 16320 0edc 00       		.uleb128 0
 16321 0edd 00       		.uleb128 .LVU1450
 16322 0ede 00       		.uleb128 .LVU1450
 16323 0edf 00       		.uleb128 0
 16324              	.LLST195:
 16325 0ee0 06       		.byte	0x6
 16326 0ee1 00000000 		.4byte	.LVL321
 16327 0ee5 04       		.byte	0x4
 16328 0ee6 00       		.uleb128 .LVL321-.LVL321
 16329 0ee7 06       		.uleb128 .LVL322-.LVL321
 16330 0ee8 01       		.uleb128 0x1
 16331 0ee9 51       		.byte	0x51
 16332 0eea 04       		.byte	0x4
 16333 0eeb 06       		.uleb128 .LVL322-.LVL321
 16334 0eec 14       		.uleb128 .LFE253-.LVL321
 16335 0eed 0A       		.uleb128 0xa
 16336 0eee A3       		.byte	0xa3
 16337 0eef 03       		.uleb128 0x3
 16338 0ef0 A5       		.byte	0xa5
 16339 0ef1 01       		.uleb128 0x1
 16340 0ef2 26       		.uleb128 0x26
ARM GAS  /tmp/cctaqgo8.s 			page 288


 16341 0ef3 A8       		.byte	0xa8
 16342 0ef4 34       		.uleb128 0x34
 16343 0ef5 A8       		.byte	0xa8
 16344 0ef6 00       		.uleb128 0
 16345 0ef7 9F       		.byte	0x9f
 16346 0ef8 00       		.byte	0
 16347              	.LVUS196:
 16348 0ef9 00       		.uleb128 0
 16349 0efa 00       		.uleb128 .LVU1458
 16350 0efb 00       		.uleb128 .LVU1458
 16351 0efc 00       		.uleb128 0
 16352              	.LLST196:
 16353 0efd 06       		.byte	0x6
 16354 0efe 00000000 		.4byte	.LVL323
 16355 0f02 04       		.byte	0x4
 16356 0f03 00       		.uleb128 .LVL323-.LVL323
 16357 0f04 0C       		.uleb128 .LVL324-.LVL323
 16358 0f05 01       		.uleb128 0x1
 16359 0f06 50       		.byte	0x50
 16360 0f07 04       		.byte	0x4
 16361 0f08 0C       		.uleb128 .LVL324-.LVL323
 16362 0f09 24       		.uleb128 .LFE254-.LVL323
 16363 0f0a 0A       		.uleb128 0xa
 16364 0f0b A3       		.byte	0xa3
 16365 0f0c 03       		.uleb128 0x3
 16366 0f0d A5       		.byte	0xa5
 16367 0f0e 00       		.uleb128 0
 16368 0f0f 26       		.uleb128 0x26
 16369 0f10 A8       		.byte	0xa8
 16370 0f11 2D       		.uleb128 0x2d
 16371 0f12 A8       		.byte	0xa8
 16372 0f13 00       		.uleb128 0
 16373 0f14 9F       		.byte	0x9f
 16374 0f15 00       		.byte	0
 16375              	.LVUS197:
 16376 0f16 00       		.uleb128 0
 16377 0f17 00       		.uleb128 .LVU1461
 16378 0f18 00       		.uleb128 .LVU1461
 16379 0f19 00       		.uleb128 0
 16380              	.LLST197:
 16381 0f1a 06       		.byte	0x6
 16382 0f1b 00000000 		.4byte	.LVL323
 16383 0f1f 04       		.byte	0x4
 16384 0f20 00       		.uleb128 .LVL323-.LVL323
 16385 0f21 18       		.uleb128 .LVL325-.LVL323
 16386 0f22 01       		.uleb128 0x1
 16387 0f23 51       		.byte	0x51
 16388 0f24 04       		.byte	0x4
 16389 0f25 18       		.uleb128 .LVL325-.LVL323
 16390 0f26 24       		.uleb128 .LFE254-.LVL323
 16391 0f27 0A       		.uleb128 0xa
 16392 0f28 A3       		.byte	0xa3
 16393 0f29 03       		.uleb128 0x3
 16394 0f2a A5       		.byte	0xa5
 16395 0f2b 01       		.uleb128 0x1
 16396 0f2c 26       		.uleb128 0x26
 16397 0f2d A8       		.byte	0xa8
ARM GAS  /tmp/cctaqgo8.s 			page 289


 16398 0f2e 34       		.uleb128 0x34
 16399 0f2f A8       		.byte	0xa8
 16400 0f30 00       		.uleb128 0
 16401 0f31 9F       		.byte	0x9f
 16402 0f32 00       		.byte	0
 16403              	.Ldebug_loc3:
 16404              		.section	.debug_aranges,"",%progbits
 16405 0000 CC000000 		.4byte	0xcc
 16406 0004 0200     		.2byte	0x2
 16407 0006 00000000 		.4byte	.Ldebug_info0
 16408 000a 04       		.byte	0x4
 16409 000b 00       		.byte	0
 16410 000c 0000     		.2byte	0
 16411 000e 0000     		.2byte	0
 16412 0010 00000000 		.4byte	.LFB260
 16413 0014 3C000000 		.4byte	.LFE260-.LFB260
 16414 0018 00000000 		.4byte	.LFB259
 16415 001c 18040000 		.4byte	.LFE259-.LFB259
 16416 0020 00000000 		.4byte	.LFB241
 16417 0024 28000000 		.4byte	.LFE241-.LFB241
 16418 0028 00000000 		.4byte	.LFB242
 16419 002c F8000000 		.4byte	.LFE242-.LFB242
 16420 0030 00000000 		.4byte	.LFB243
 16421 0034 40000000 		.4byte	.LFE243-.LFB243
 16422 0038 00000000 		.4byte	.LFB244
 16423 003c D8000000 		.4byte	.LFE244-.LFB244
 16424 0040 00000000 		.4byte	.LFB245
 16425 0044 18000000 		.4byte	.LFE245-.LFB245
 16426 0048 00000000 		.4byte	.LFB246
 16427 004c 70010000 		.4byte	.LFE246-.LFB246
 16428 0050 00000000 		.4byte	.LFB247
 16429 0054 0E000000 		.4byte	.LFE247-.LFB247
 16430 0058 00000000 		.4byte	.LFB248
 16431 005c 1A000000 		.4byte	.LFE248-.LFB248
 16432 0060 00000000 		.4byte	.LFB249
 16433 0064 1A000000 		.4byte	.LFE249-.LFB249
 16434 0068 00000000 		.4byte	.LFB250
 16435 006c 12000000 		.4byte	.LFE250-.LFB250
 16436 0070 00000000 		.4byte	.LFB251
 16437 0074 3E000000 		.4byte	.LFE251-.LFB251
 16438 0078 00000000 		.4byte	.LFB265
 16439 007c A4000000 		.4byte	.LFE265-.LFB265
 16440 0080 00000000 		.4byte	.LFB252
 16441 0084 4A000000 		.4byte	.LFE252-.LFB252
 16442 0088 00000000 		.4byte	.LFB266
 16443 008c E4000000 		.4byte	.LFE266-.LFB266
 16444 0090 00000000 		.4byte	.LFB240
 16445 0094 0C010000 		.4byte	.LFE240-.LFB240
 16446 0098 00000000 		.4byte	.LFB253
 16447 009c 14000000 		.4byte	.LFE253-.LFB253
 16448 00a0 00000000 		.4byte	.LFB254
 16449 00a4 24000000 		.4byte	.LFE254-.LFB254
 16450 00a8 00000000 		.4byte	.LFB255
 16451 00ac 14000000 		.4byte	.LFE255-.LFB255
 16452 00b0 00000000 		.4byte	.LFB256
 16453 00b4 14000000 		.4byte	.LFE256-.LFB256
 16454 00b8 00000000 		.4byte	.LFB257
ARM GAS  /tmp/cctaqgo8.s 			page 290


 16455 00bc 14000000 		.4byte	.LFE257-.LFB257
 16456 00c0 00000000 		.4byte	.LFB258
 16457 00c4 14000000 		.4byte	.LFE258-.LFB258
 16458 00c8 00000000 		.4byte	0
 16459 00cc 00000000 		.4byte	0
 16460              		.section	.debug_rnglists,"",%progbits
 16461              	.Ldebug_ranges0:
 16462 0000 4B030000 		.4byte	.Ldebug_ranges3-.Ldebug_ranges2
 16463              	.Ldebug_ranges2:
 16464 0004 0500     		.2byte	0x5
 16465 0006 04       		.byte	0x4
 16466 0007 00       		.byte	0
 16467 0008 00000000 		.4byte	0
 16468              	.LLRL6:
 16469 000c 05       		.byte	0x5
 16470 000d 04000000 		.4byte	.LBB330
 16471 0011 04       		.byte	0x4
 16472 0012 00       		.uleb128 .LBB330-.LBB330
 16473 0013 0A       		.uleb128 .LBE330-.LBB330
 16474 0014 04       		.byte	0x4
 16475 0015 0C       		.uleb128 .LBB334-.LBB330
 16476 0016 0E       		.uleb128 .LBE334-.LBB330
 16477 0017 04       		.byte	0x4
 16478 0018 12       		.uleb128 .LBB335-.LBB330
 16479 0019 12       		.uleb128 .LBE335-.LBB330
 16480 001a 00       		.byte	0
 16481              	.LLRL9:
 16482 001b 05       		.byte	0x5
 16483 001c 24000000 		.4byte	.LBB343
 16484 0020 04       		.byte	0x4
 16485 0021 00       		.uleb128 .LBB343-.LBB343
 16486 0022 08       		.uleb128 .LBE343-.LBB343
 16487 0023 04       		.byte	0x4
 16488 0024 08       		.uleb128 .LBB516-.LBB343
 16489 0025 C601     		.uleb128 .LBE516-.LBB343
 16490 0027 04       		.byte	0x4
 16491 0028 C601     		.uleb128 .LBB517-.LBB343
 16492 002a F407     		.uleb128 .LBE517-.LBB343
 16493 002c 00       		.byte	0
 16494              	.LLRL12:
 16495 002d 05       		.byte	0x5
 16496 002e 26000000 		.4byte	.LBB344
 16497 0032 04       		.byte	0x4
 16498 0033 00       		.uleb128 .LBB344-.LBB344
 16499 0034 02       		.uleb128 .LBE344-.LBB344
 16500 0035 04       		.byte	0x4
 16501 0036 50       		.uleb128 .LBB410-.LBB344
 16502 0037 9001     		.uleb128 .LBE410-.LBB344
 16503 0039 04       		.byte	0x4
 16504 003a C601     		.uleb128 .LBB420-.LBB344
 16505 003c C603     		.uleb128 .LBE420-.LBB344
 16506 003e 04       		.byte	0x4
 16507 003f A607     		.uleb128 .LBB512-.LBB344
 16508 0041 AE07     		.uleb128 .LBE512-.LBB344
 16509 0043 00       		.byte	0
 16510              	.LLRL17:
 16511 0044 05       		.byte	0x5
ARM GAS  /tmp/cctaqgo8.s 			page 291


 16512 0045 26000000 		.4byte	.LBB346
 16513 0049 04       		.byte	0x4
 16514 004a 00       		.uleb128 .LBB346-.LBB346
 16515 004b 02       		.uleb128 .LBE346-.LBB346
 16516 004c 04       		.byte	0x4
 16517 004d E001     		.uleb128 .LBB388-.LBB346
 16518 004f F802     		.uleb128 .LBE388-.LBB346
 16519 0051 04       		.byte	0x4
 16520 0052 A607     		.uleb128 .LBB394-.LBB346
 16521 0054 AE07     		.uleb128 .LBE394-.LBB346
 16522 0056 00       		.byte	0
 16523              	.LLRL22:
 16524 0057 05       		.byte	0x5
 16525 0058 26000000 		.4byte	.LBB348
 16526 005c 04       		.byte	0x4
 16527 005d 00       		.uleb128 .LBB348-.LBB348
 16528 005e 02       		.uleb128 .LBE348-.LBB348
 16529 005f 04       		.byte	0x4
 16530 0060 BC02     		.uleb128 .LBB367-.LBB348
 16531 0062 C602     		.uleb128 .LBE367-.LBB348
 16532 0064 00       		.byte	0
 16533              	.LLRL23:
 16534 0065 05       		.byte	0x5
 16535 0066 26000000 		.4byte	.LBB351
 16536 006a 04       		.byte	0x4
 16537 006b 00       		.uleb128 .LBB351-.LBB351
 16538 006c 02       		.uleb128 .LBE351-.LBB351
 16539 006d 04       		.byte	0x4
 16540 006e BC02     		.uleb128 .LBB356-.LBB351
 16541 0070 C202     		.uleb128 .LBE356-.LBB351
 16542 0072 00       		.byte	0
 16543              	.LLRL25:
 16544 0073 05       		.byte	0x5
 16545 0074 0E010000 		.4byte	.LBB359
 16546 0078 04       		.byte	0x4
 16547 0079 00       		.uleb128 .LBB359-.LBB359
 16548 007a 04       		.uleb128 .LBE359-.LBB359
 16549 007b 04       		.byte	0x4
 16550 007c 06       		.uleb128 .LBB364-.LBB359
 16551 007d 0C       		.uleb128 .LBE364-.LBB359
 16552 007e 04       		.byte	0x4
 16553 007f 10       		.uleb128 .LBB365-.LBB359
 16554 0080 4C       		.uleb128 .LBE365-.LBB359
 16555 0081 04       		.byte	0x4
 16556 0082 4C       		.uleb128 .LBB366-.LBB359
 16557 0083 54       		.uleb128 .LBE366-.LBB359
 16558 0084 00       		.byte	0
 16559              	.LLRL29:
 16560 0085 05       		.byte	0x5
 16561 0086 10010000 		.4byte	.LBB360
 16562 008a 04       		.byte	0x4
 16563 008b 00       		.uleb128 .LBB360-.LBB360
 16564 008c 02       		.uleb128 .LBE360-.LBB360
 16565 008d 04       		.byte	0x4
 16566 008e 3C       		.uleb128 .LBB361-.LBB360
 16567 008f 3E       		.uleb128 .LBE361-.LBB360
 16568 0090 04       		.byte	0x4
ARM GAS  /tmp/cctaqgo8.s 			page 292


 16569 0091 42       		.uleb128 .LBB362-.LBB360
 16570 0092 4A       		.uleb128 .LBE362-.LBB360
 16571 0093 04       		.byte	0x4
 16572 0094 4A       		.uleb128 .LBB363-.LBB360
 16573 0095 52       		.uleb128 .LBE363-.LBB360
 16574 0096 00       		.byte	0
 16575              	.LLRL34:
 16576 0097 05       		.byte	0x5
 16577 0098 7E010000 		.4byte	.LBB372
 16578 009c 04       		.byte	0x4
 16579 009d 00       		.uleb128 .LBB372-.LBB372
 16580 009e 20       		.uleb128 .LBE372-.LBB372
 16581 009f 04       		.byte	0x4
 16582 00a0 CE04     		.uleb128 .LBB380-.LBB372
 16583 00a2 D604     		.uleb128 .LBE380-.LBB372
 16584 00a4 00       		.byte	0
 16585              	.LLRL36:
 16586 00a5 05       		.byte	0x5
 16587 00a6 9A000000 		.4byte	.LBB383
 16588 00aa 04       		.byte	0x4
 16589 00ab 00       		.uleb128 .LBB383-.LBB383
 16590 00ac 04       		.uleb128 .LBE383-.LBB383
 16591 00ad 04       		.byte	0x4
 16592 00ae 06       		.uleb128 .LBB387-.LBB383
 16593 00af 1C       		.uleb128 .LBE387-.LBB383
 16594 00b0 00       		.byte	0
 16595              	.LLRL42:
 16596 00b1 05       		.byte	0x5
 16597 00b2 AE010000 		.4byte	.LBB389
 16598 00b6 04       		.byte	0x4
 16599 00b7 00       		.uleb128 .LBB389-.LBB389
 16600 00b8 02       		.uleb128 .LBE389-.LBB389
 16601 00b9 04       		.byte	0x4
 16602 00ba 06       		.uleb128 .LBB393-.LBB389
 16603 00bb 2E       		.uleb128 .LBE393-.LBB389
 16604 00bc 00       		.byte	0
 16605              	.LLRL48:
 16606 00bd 05       		.byte	0x5
 16607 00be 46000000 		.4byte	.LBB398
 16608 00c2 04       		.byte	0x4
 16609 00c3 00       		.uleb128 .LBB398-.LBB398
 16610 00c4 02       		.uleb128 .LBE398-.LBB398
 16611 00c5 04       		.byte	0x4
 16612 00c6 04       		.uleb128 .LBB401-.LBB398
 16613 00c7 08       		.uleb128 .LBE401-.LBB398
 16614 00c8 00       		.byte	0
 16615              	.LLRL49:
 16616 00c9 05       		.byte	0x5
 16617 00ca 4E000000 		.4byte	.LBB402
 16618 00ce 04       		.byte	0x4
 16619 00cf 00       		.uleb128 .LBB402-.LBB402
 16620 00d0 20       		.uleb128 .LBE402-.LBB402
 16621 00d1 04       		.byte	0x4
 16622 00d2 9407     		.uleb128 .LBB514-.LBB402
 16623 00d4 9C07     		.uleb128 .LBE514-.LBB402
 16624 00d6 00       		.byte	0
 16625              	.LLRL51:
ARM GAS  /tmp/cctaqgo8.s 			page 293


 16626 00d7 05       		.byte	0x5
 16627 00d8 E0000000 		.4byte	.LBB411
 16628 00dc 04       		.byte	0x4
 16629 00dd 00       		.uleb128 .LBB411-.LBB411
 16630 00de 0A       		.uleb128 .LBE411-.LBB411
 16631 00df 04       		.byte	0x4
 16632 00e0 0A       		.uleb128 .LBB419-.LBB411
 16633 00e1 0C       		.uleb128 .LBE419-.LBB411
 16634 00e2 00       		.byte	0
 16635              	.LLRL53:
 16636 00e3 05       		.byte	0x5
 16637 00e4 EC010000 		.4byte	.LBB421
 16638 00e8 04       		.byte	0x4
 16639 00e9 00       		.uleb128 .LBB421-.LBB421
 16640 00ea E003     		.uleb128 .LBE421-.LBB421
 16641 00ec 04       		.byte	0x4
 16642 00ed E803     		.uleb128 .LBB513-.LBB421
 16643 00ef F603     		.uleb128 .LBE513-.LBB421
 16644 00f1 04       		.byte	0x4
 16645 00f2 FE03     		.uleb128 .LBB515-.LBB421
 16646 00f4 AC04     		.uleb128 .LBE515-.LBB421
 16647 00f6 00       		.byte	0
 16648              	.LLRL56:
 16649 00f7 05       		.byte	0x5
 16650 00f8 0A020000 		.4byte	.LBB428
 16651 00fc 04       		.byte	0x4
 16652 00fd 00       		.uleb128 .LBB428-.LBB428
 16653 00fe 20       		.uleb128 .LBE428-.LBB428
 16654 00ff 04       		.byte	0x4
 16655 0100 E803     		.uleb128 .LBB510-.LBB428
 16656 0102 F003     		.uleb128 .LBE510-.LBB428
 16657 0104 00       		.byte	0
 16658              	.LLRL58:
 16659 0105 05       		.byte	0x5
 16660 0106 2A020000 		.4byte	.LBB436
 16661 010a 04       		.byte	0x4
 16662 010b 00       		.uleb128 .LBB436-.LBB436
 16663 010c F801     		.uleb128 .LBE436-.LBB436
 16664 010e 04       		.byte	0x4
 16665 010f BA02     		.uleb128 .LBB507-.LBB436
 16666 0111 A203     		.uleb128 .LBE507-.LBB436
 16667 0113 04       		.byte	0x4
 16668 0114 AA03     		.uleb128 .LBB508-.LBB436
 16669 0116 B803     		.uleb128 .LBE508-.LBB436
 16670 0118 00       		.byte	0
 16671              	.LLRL61:
 16672 0119 05       		.byte	0x5
 16673 011a 2A020000 		.4byte	.LBB437
 16674 011e 04       		.byte	0x4
 16675 011f 00       		.uleb128 .LBB437-.LBB437
 16676 0120 EA01     		.uleb128 .LBE437-.LBB437
 16677 0122 04       		.byte	0x4
 16678 0123 EA01     		.uleb128 .LBB485-.LBB437
 16679 0125 F801     		.uleb128 .LBE485-.LBB437
 16680 0127 04       		.byte	0x4
 16681 0128 BA02     		.uleb128 .LBB486-.LBB437
 16682 012a A203     		.uleb128 .LBE486-.LBB437
ARM GAS  /tmp/cctaqgo8.s 			page 294


 16683 012c 04       		.byte	0x4
 16684 012d AA03     		.uleb128 .LBB487-.LBB437
 16685 012f B803     		.uleb128 .LBE487-.LBB437
 16686 0131 00       		.byte	0
 16687              	.LLRL63:
 16688 0132 05       		.byte	0x5
 16689 0133 84020000 		.4byte	.LBB438
 16690 0137 04       		.byte	0x4
 16691 0138 00       		.uleb128 .LBB438-.LBB438
 16692 0139 8401     		.uleb128 .LBE438-.LBB438
 16693 013b 04       		.byte	0x4
 16694 013c E001     		.uleb128 .LBB479-.LBB438
 16695 013e 9602     		.uleb128 .LBE479-.LBB438
 16696 0140 04       		.byte	0x4
 16697 0141 B602     		.uleb128 .LBB484-.LBB438
 16698 0143 C802     		.uleb128 .LBE484-.LBB438
 16699 0145 00       		.byte	0
 16700              	.LLRL68:
 16701 0146 05       		.byte	0x5
 16702 0147 86020000 		.4byte	.LBB440
 16703 014b 04       		.byte	0x4
 16704 014c 00       		.uleb128 .LBB440-.LBB440
 16705 014d 04       		.uleb128 .LBE440-.LBB440
 16706 014e 04       		.byte	0x4
 16707 014f 06       		.uleb128 .LBB454-.LBB440
 16708 0150 40       		.uleb128 .LBE454-.LBB440
 16709 0151 04       		.byte	0x4
 16710 0152 DE01     		.uleb128 .LBB473-.LBB440
 16711 0154 9202     		.uleb128 .LBE473-.LBB440
 16712 0156 04       		.byte	0x4
 16713 0157 B402     		.uleb128 .LBB474-.LBB440
 16714 0159 B802     		.uleb128 .LBE474-.LBB440
 16715 015b 04       		.byte	0x4
 16716 015c BA02     		.uleb128 .LBB475-.LBB440
 16717 015e BE02     		.uleb128 .LBE475-.LBB440
 16718 0160 00       		.byte	0
 16719              	.LLRL72:
 16720 0161 05       		.byte	0x5
 16721 0162 8E020000 		.4byte	.LBB441
 16722 0166 04       		.byte	0x4
 16723 0167 00       		.uleb128 .LBB441-.LBB441
 16724 0168 02       		.uleb128 .LBE441-.LBB441
 16725 0169 04       		.byte	0x4
 16726 016a 04       		.uleb128 .LBB450-.LBB441
 16727 016b 0E       		.uleb128 .LBE450-.LBB441
 16728 016c 04       		.byte	0x4
 16729 016d 10       		.uleb128 .LBB451-.LBB441
 16730 016e 38       		.uleb128 .LBE451-.LBB441
 16731 016f 04       		.byte	0x4
 16732 0170 DC01     		.uleb128 .LBB452-.LBB441
 16733 0172 E001     		.uleb128 .LBE452-.LBB441
 16734 0174 04       		.byte	0x4
 16735 0175 B202     		.uleb128 .LBB453-.LBB441
 16736 0177 B602     		.uleb128 .LBE453-.LBB441
 16737 0179 00       		.byte	0
 16738              	.LLRL75:
 16739 017a 05       		.byte	0x5
ARM GAS  /tmp/cctaqgo8.s 			page 295


 16740 017b A8020000 		.4byte	.LBB442
 16741 017f 04       		.byte	0x4
 16742 0180 00       		.uleb128 .LBB442-.LBB442
 16743 0181 00       		.uleb128 .LBE442-.LBB442
 16744 0182 04       		.byte	0x4
 16745 0183 02       		.uleb128 .LBB447-.LBB442
 16746 0184 14       		.uleb128 .LBE447-.LBB442
 16747 0185 04       		.byte	0x4
 16748 0186 C201     		.uleb128 .LBB448-.LBB442
 16749 0188 C601     		.uleb128 .LBE448-.LBB442
 16750 018a 04       		.byte	0x4
 16751 018b 9802     		.uleb128 .LBB449-.LBB442
 16752 018d 9C02     		.uleb128 .LBE449-.LBB442
 16753 018f 00       		.byte	0
 16754              	.LLRL82:
 16755 0190 05       		.byte	0x5
 16756 0191 E6020000 		.4byte	.LBB465
 16757 0195 04       		.byte	0x4
 16758 0196 00       		.uleb128 .LBB465-.LBB465
 16759 0197 22       		.uleb128 .LBE465-.LBB465
 16760 0198 04       		.byte	0x4
 16761 0199 DE01     		.uleb128 .LBB476-.LBB465
 16762 019b E601     		.uleb128 .LBE476-.LBB465
 16763 019d 00       		.byte	0
 16764              	.LLRL88:
 16765 019e 05       		.byte	0x5
 16766 019f 22030000 		.4byte	.LBB488
 16767 01a3 04       		.byte	0x4
 16768 01a4 00       		.uleb128 .LBB488-.LBB488
 16769 01a5 0A       		.uleb128 .LBE488-.LBB488
 16770 01a6 04       		.byte	0x4
 16771 01a7 D801     		.uleb128 .LBB511-.LBB488
 16772 01a9 E201     		.uleb128 .LBE511-.LBB488
 16773 01ab 00       		.byte	0
 16774              	.LLRL89:
 16775 01ac 05       		.byte	0x5
 16776 01ad 22030000 		.4byte	.LBB491
 16777 01b1 04       		.byte	0x4
 16778 01b2 00       		.uleb128 .LBB491-.LBB491
 16779 01b3 06       		.uleb128 .LBE491-.LBB491
 16780 01b4 04       		.byte	0x4
 16781 01b5 D801     		.uleb128 .LBB496-.LBB491
 16782 01b7 DE01     		.uleb128 .LBE496-.LBB491
 16783 01b9 00       		.byte	0
 16784              	.LLRL91:
 16785 01ba 05       		.byte	0x5
 16786 01bb 44030000 		.4byte	.LBB499
 16787 01bf 04       		.byte	0x4
 16788 01c0 00       		.uleb128 .LBB499-.LBB499
 16789 01c1 20       		.uleb128 .LBE499-.LBB499
 16790 01c2 04       		.byte	0x4
 16791 01c3 A601     		.uleb128 .LBB509-.LBB499
 16792 01c5 AE01     		.uleb128 .LBE509-.LBB499
 16793 01c7 00       		.byte	0
 16794              	.LLRL95:
 16795 01c8 05       		.byte	0x5
 16796 01c9 2E000000 		.4byte	.LBB530
ARM GAS  /tmp/cctaqgo8.s 			page 296


 16797 01cd 04       		.byte	0x4
 16798 01ce 00       		.uleb128 .LBB530-.LBB530
 16799 01cf 02       		.uleb128 .LBE530-.LBB530
 16800 01d0 04       		.byte	0x4
 16801 01d1 04       		.uleb128 .LBB539-.LBB530
 16802 01d2 1E       		.uleb128 .LBE539-.LBB530
 16803 01d3 00       		.byte	0
 16804              	.LLRL98:
 16805 01d4 05       		.byte	0x5
 16806 01d5 2E000000 		.4byte	.LBB532
 16807 01d9 04       		.byte	0x4
 16808 01da 00       		.uleb128 .LBB532-.LBB532
 16809 01db 02       		.uleb128 .LBE532-.LBB532
 16810 01dc 04       		.byte	0x4
 16811 01dd 04       		.uleb128 .LBB535-.LBB532
 16812 01de 08       		.uleb128 .LBE535-.LBB532
 16813 01df 00       		.byte	0
 16814              	.LLRL101:
 16815 01e0 05       		.byte	0x5
 16816 01e1 C4000000 		.4byte	.LBB540
 16817 01e5 04       		.byte	0x4
 16818 01e6 00       		.uleb128 .LBB540-.LBB540
 16819 01e7 04       		.uleb128 .LBE540-.LBB540
 16820 01e8 04       		.byte	0x4
 16821 01e9 06       		.uleb128 .LBB544-.LBB540
 16822 01ea 0E       		.uleb128 .LBE544-.LBB540
 16823 01eb 04       		.byte	0x4
 16824 01ec 14       		.uleb128 .LBB545-.LBB540
 16825 01ed 34       		.uleb128 .LBE545-.LBB540
 16826 01ee 00       		.byte	0
 16827              	.LLRL108:
 16828 01ef 05       		.byte	0x5
 16829 01f0 04000000 		.4byte	.LBB562
 16830 01f4 04       		.byte	0x4
 16831 01f5 00       		.uleb128 .LBB562-.LBB562
 16832 01f6 02       		.uleb128 .LBE562-.LBB562
 16833 01f7 04       		.byte	0x4
 16834 01f8 04       		.uleb128 .LBB567-.LBB562
 16835 01f9 14       		.uleb128 .LBE567-.LBB562
 16836 01fa 00       		.byte	0
 16837              	.LLRL114:
 16838 01fb 05       		.byte	0x5
 16839 01fc 58000000 		.4byte	.LBB570
 16840 0200 04       		.byte	0x4
 16841 0201 00       		.uleb128 .LBB570-.LBB570
 16842 0202 02       		.uleb128 .LBE570-.LBB570
 16843 0203 04       		.byte	0x4
 16844 0204 04       		.uleb128 .LBB575-.LBB570
 16845 0205 14       		.uleb128 .LBE575-.LBB570
 16846 0206 00       		.byte	0
 16847              	.LLRL118:
 16848 0207 05       		.byte	0x5
 16849 0208 72000000 		.4byte	.LBB576
 16850 020c 04       		.byte	0x4
 16851 020d 00       		.uleb128 .LBB576-.LBB576
 16852 020e 02       		.uleb128 .LBE576-.LBB576
 16853 020f 04       		.byte	0x4
ARM GAS  /tmp/cctaqgo8.s 			page 297


 16854 0210 22       		.uleb128 .LBB584-.LBB576
 16855 0211 24       		.uleb128 .LBE584-.LBB576
 16856 0212 04       		.byte	0x4
 16857 0213 26       		.uleb128 .LBB585-.LBB576
 16858 0214 28       		.uleb128 .LBE585-.LBB576
 16859 0215 04       		.byte	0x4
 16860 0216 2C       		.uleb128 .LBB586-.LBB576
 16861 0217 32       		.uleb128 .LBE586-.LBB576
 16862 0218 04       		.byte	0x4
 16863 0219 3E       		.uleb128 .LBB587-.LBB576
 16864 021a 42       		.uleb128 .LBE587-.LBB576
 16865 021b 04       		.byte	0x4
 16866 021c 4A       		.uleb128 .LBB588-.LBB576
 16867 021d 4C       		.uleb128 .LBE588-.LBB576
 16868 021e 04       		.byte	0x4
 16869 021f 50       		.uleb128 .LBB589-.LBB576
 16870 0220 54       		.uleb128 .LBE589-.LBB576
 16871 0221 00       		.byte	0
 16872              	.LLRL128:
 16873 0222 05       		.byte	0x5
 16874 0223 76000000 		.4byte	.LBB600
 16875 0227 04       		.byte	0x4
 16876 0228 00       		.uleb128 .LBB600-.LBB600
 16877 0229 04       		.uleb128 .LBE600-.LBB600
 16878 022a 04       		.byte	0x4
 16879 022b 08       		.uleb128 .LBB609-.LBB600
 16880 022c 0C       		.uleb128 .LBE609-.LBB600
 16881 022d 04       		.byte	0x4
 16882 022e 44       		.uleb128 .LBB617-.LBB600
 16883 022f 4E       		.uleb128 .LBE617-.LBB600
 16884 0230 04       		.byte	0x4
 16885 0231 52       		.uleb128 .LBB618-.LBB600
 16886 0232 58       		.uleb128 .LBE618-.LBB600
 16887 0233 00       		.byte	0
 16888              	.LLRL132:
 16889 0234 05       		.byte	0x5
 16890 0235 C4000000 		.4byte	.LBB602
 16891 0239 04       		.byte	0x4
 16892 023a 00       		.uleb128 .LBB602-.LBB602
 16893 023b 00       		.uleb128 .LBE602-.LBB602
 16894 023c 04       		.byte	0x4
 16895 023d 04       		.uleb128 .LBB605-.LBB602
 16896 023e 0A       		.uleb128 .LBE605-.LBB602
 16897 023f 00       		.byte	0
 16898              	.LLRL134:
 16899 0240 05       		.byte	0x5
 16900 0241 8E000000 		.4byte	.LBB610
 16901 0245 04       		.byte	0x4
 16902 0246 00       		.uleb128 .LBB610-.LBB610
 16903 0247 02       		.uleb128 .LBE610-.LBB610
 16904 0248 04       		.byte	0x4
 16905 0249 0A       		.uleb128 .LBB615-.LBB610
 16906 024a 0E       		.uleb128 .LBE615-.LBB610
 16907 024b 04       		.byte	0x4
 16908 024c 12       		.uleb128 .LBB616-.LBB610
 16909 024d 1C       		.uleb128 .LBE616-.LBB610
 16910 024e 04       		.byte	0x4
ARM GAS  /tmp/cctaqgo8.s 			page 298


 16911 024f 8401     		.uleb128 .LBB619-.LBB610
 16912 0251 9201     		.uleb128 .LBE619-.LBB610
 16913 0253 00       		.byte	0
 16914              	.LLRL143:
 16915 0254 05       		.byte	0x5
 16916 0255 02000000 		.4byte	.LBB624
 16917 0259 04       		.byte	0x4
 16918 025a 00       		.uleb128 .LBB624-.LBB624
 16919 025b 00       		.uleb128 .LBE624-.LBB624
 16920 025c 04       		.byte	0x4
 16921 025d 04       		.uleb128 .LBB627-.LBB624
 16922 025e 08       		.uleb128 .LBE627-.LBB624
 16923 025f 00       		.byte	0
 16924              	.LLRL160:
 16925 0260 05       		.byte	0x5
 16926 0261 2E000000 		.4byte	.LBB646
 16927 0265 04       		.byte	0x4
 16928 0266 00       		.uleb128 .LBB646-.LBB646
 16929 0267 22       		.uleb128 .LBE646-.LBB646
 16930 0268 04       		.byte	0x4
 16931 0269 26       		.uleb128 .LBB664-.LBB646
 16932 026a 5C       		.uleb128 .LBE664-.LBB646
 16933 026b 00       		.byte	0
 16934              	.LLRL169:
 16935 026c 05       		.byte	0x5
 16936 026d 24000000 		.4byte	.LBB665
 16937 0271 04       		.byte	0x4
 16938 0272 00       		.uleb128 .LBB665-.LBB665
 16939 0273 0C       		.uleb128 .LBE665-.LBB665
 16940 0274 04       		.byte	0x4
 16941 0275 10       		.uleb128 .LBB666-.LBB665
 16942 0276 24       		.uleb128 .LBE666-.LBB665
 16943 0277 00       		.byte	0
 16944              	.LLRL174:
 16945 0278 05       		.byte	0x5
 16946 0279 22000000 		.4byte	.LBB735
 16947 027d 04       		.byte	0x4
 16948 027e 00       		.uleb128 .LBB735-.LBB735
 16949 027f 00       		.uleb128 .LBE735-.LBB735
 16950 0280 04       		.byte	0x4
 16951 0281 16       		.uleb128 .LBB753-.LBB735
 16952 0282 3E       		.uleb128 .LBE753-.LBB735
 16953 0283 04       		.byte	0x4
 16954 0284 70       		.uleb128 .LBB775-.LBB735
 16955 0285 C201     		.uleb128 .LBE775-.LBB735
 16956 0287 00       		.byte	0
 16957              	.LLRL181:
 16958 0288 05       		.byte	0x5
 16959 0289 70000000 		.4byte	.LBB761
 16960 028d 04       		.byte	0x4
 16961 028e 00       		.uleb128 .LBB761-.LBB761
 16962 028f 02       		.uleb128 .LBE761-.LBB761
 16963 0290 04       		.byte	0x4
 16964 0291 08       		.uleb128 .LBB765-.LBB761
 16965 0292 0A       		.uleb128 .LBE765-.LBB761
 16966 0293 04       		.byte	0x4
 16967 0294 10       		.uleb128 .LBB766-.LBB761
ARM GAS  /tmp/cctaqgo8.s 			page 299


 16968 0295 14       		.uleb128 .LBE766-.LBB761
 16969 0296 00       		.byte	0
 16970              	.LLRL185:
 16971 0297 05       		.byte	0x5
 16972 0298 02000000 		.4byte	.LBB812
 16973 029c 04       		.byte	0x4
 16974 029d 00       		.uleb128 .LBB812-.LBB812
 16975 029e 02       		.uleb128 .LBE812-.LBB812
 16976 029f 04       		.byte	0x4
 16977 02a0 06       		.uleb128 .LBB837-.LBB812
 16978 02a1 5A       		.uleb128 .LBE837-.LBB812
 16979 02a2 04       		.byte	0x4
 16980 02a3 66       		.uleb128 .LBB838-.LBB812
 16981 02a4 A401     		.uleb128 .LBE838-.LBB812
 16982 02a6 04       		.byte	0x4
 16983 02a7 B001     		.uleb128 .LBB839-.LBB812
 16984 02a9 C201     		.uleb128 .LBE839-.LBB812
 16985 02ab 04       		.byte	0x4
 16986 02ac CE01     		.uleb128 .LBB840-.LBB812
 16987 02ae 8A02     		.uleb128 .LBE840-.LBB812
 16988 02b0 00       		.byte	0
 16989              	.LLRL191:
 16990 02b1 05       		.byte	0x5
 16991 02b2 74000000 		.4byte	.LBB821
 16992 02b6 04       		.byte	0x4
 16993 02b7 00       		.uleb128 .LBB821-.LBB821
 16994 02b8 02       		.uleb128 .LBE821-.LBB821
 16995 02b9 04       		.byte	0x4
 16996 02ba 08       		.uleb128 .LBB824-.LBB821
 16997 02bb 0E       		.uleb128 .LBE824-.LBB821
 16998 02bc 00       		.byte	0
 16999              	.LLRL202:
 17000 02bd 07       		.byte	0x7
 17001 02be 00000000 		.4byte	.LFB260
 17002 02c2 3C       		.uleb128 .LFE260-.LFB260
 17003 02c3 07       		.byte	0x7
 17004 02c4 00000000 		.4byte	.LFB259
 17005 02c8 9808     		.uleb128 .LFE259-.LFB259
 17006 02ca 07       		.byte	0x7
 17007 02cb 00000000 		.4byte	.LFB241
 17008 02cf 28       		.uleb128 .LFE241-.LFB241
 17009 02d0 07       		.byte	0x7
 17010 02d1 00000000 		.4byte	.LFB242
 17011 02d5 F801     		.uleb128 .LFE242-.LFB242
 17012 02d7 07       		.byte	0x7
 17013 02d8 00000000 		.4byte	.LFB243
 17014 02dc 40       		.uleb128 .LFE243-.LFB243
 17015 02dd 07       		.byte	0x7
 17016 02de 00000000 		.4byte	.LFB244
 17017 02e2 D801     		.uleb128 .LFE244-.LFB244
 17018 02e4 07       		.byte	0x7
 17019 02e5 00000000 		.4byte	.LFB245
 17020 02e9 18       		.uleb128 .LFE245-.LFB245
 17021 02ea 07       		.byte	0x7
 17022 02eb 00000000 		.4byte	.LFB246
 17023 02ef F002     		.uleb128 .LFE246-.LFB246
 17024 02f1 07       		.byte	0x7
ARM GAS  /tmp/cctaqgo8.s 			page 300


 17025 02f2 00000000 		.4byte	.LFB247
 17026 02f6 0E       		.uleb128 .LFE247-.LFB247
 17027 02f7 07       		.byte	0x7
 17028 02f8 00000000 		.4byte	.LFB248
 17029 02fc 1A       		.uleb128 .LFE248-.LFB248
 17030 02fd 07       		.byte	0x7
 17031 02fe 00000000 		.4byte	.LFB249
 17032 0302 1A       		.uleb128 .LFE249-.LFB249
 17033 0303 07       		.byte	0x7
 17034 0304 00000000 		.4byte	.LFB250
 17035 0308 12       		.uleb128 .LFE250-.LFB250
 17036 0309 07       		.byte	0x7
 17037 030a 00000000 		.4byte	.LFB251
 17038 030e 3E       		.uleb128 .LFE251-.LFB251
 17039 030f 07       		.byte	0x7
 17040 0310 00000000 		.4byte	.LFB265
 17041 0314 A401     		.uleb128 .LFE265-.LFB265
 17042 0316 07       		.byte	0x7
 17043 0317 00000000 		.4byte	.LFB252
 17044 031b 4A       		.uleb128 .LFE252-.LFB252
 17045 031c 07       		.byte	0x7
 17046 031d 00000000 		.4byte	.LFB266
 17047 0321 E401     		.uleb128 .LFE266-.LFB266
 17048 0323 07       		.byte	0x7
 17049 0324 00000000 		.4byte	.LFB240
 17050 0328 8C02     		.uleb128 .LFE240-.LFB240
 17051 032a 07       		.byte	0x7
 17052 032b 00000000 		.4byte	.LFB253
 17053 032f 14       		.uleb128 .LFE253-.LFB253
 17054 0330 07       		.byte	0x7
 17055 0331 00000000 		.4byte	.LFB254
 17056 0335 24       		.uleb128 .LFE254-.LFB254
 17057 0336 07       		.byte	0x7
 17058 0337 00000000 		.4byte	.LFB255
 17059 033b 14       		.uleb128 .LFE255-.LFB255
 17060 033c 07       		.byte	0x7
 17061 033d 00000000 		.4byte	.LFB256
 17062 0341 14       		.uleb128 .LFE256-.LFB256
 17063 0342 07       		.byte	0x7
 17064 0343 00000000 		.4byte	.LFB257
 17065 0347 14       		.uleb128 .LFE257-.LFB257
 17066 0348 07       		.byte	0x7
 17067 0349 00000000 		.4byte	.LFB258
 17068 034d 14       		.uleb128 .LFE258-.LFB258
 17069 034e 00       		.byte	0
 17070              	.Ldebug_ranges3:
 17071              		.section	.debug_line,"",%progbits
 17072              	.Ldebug_line0:
 17073 0000 E61D0000 		.section	.debug_str,"MS",%progbits,1
 17073      03007F04 
 17073      00000201 
 17073      FB0E0D00 
 17073      01010101 
 17074              	.LASF4:
 17075 0000 73697A65 		.ascii	"size_t\000"
 17075      5F7400
 17076              	.LASF114:
ARM GAS  /tmp/cctaqgo8.s 			page 301


 17077 0007 77747365 		.ascii	"wtsemp\000"
 17077      6D7000
 17078              	.LASF28:
 17079 000e 73797374 		.ascii	"systime_t\000"
 17079      696D655F 
 17079      7400
 17080              	.LASF408:
 17081 0018 474E5520 		.ascii	"GNU C99 13.2.1 20231009 -mcpu=cortex-m4 -mfpu=fpv4-"
 17081      43393920 
 17081      31332E32 
 17081      2E312032 
 17081      30323331 
 17082 004b 73702D64 		.ascii	"sp-d16 -mfloat-abi=hard -mfloat-abi=hard -mfpu=fpv4"
 17082      3136202D 
 17082      6D666C6F 
 17082      61742D61 
 17082      62693D68 
 17083 007e 2D73702D 		.ascii	"-sp-d16 -mno-thumb-interwork -mthumb -march=armv7e-"
 17083      64313620 
 17083      2D6D6E6F 
 17083      2D746875 
 17083      6D622D69 
 17084 00b1 6D2B6670 		.ascii	"m+fp -ggdb -O2 -std=gnu99 -fomit-frame-pointer -fal"
 17084      202D6767 
 17084      6462202D 
 17084      4F32202D 
 17084      7374643D 
 17085 00e4 69676E2D 		.ascii	"ign-functions=16 -ffunction-sections -fdata-section"
 17085      66756E63 
 17085      74696F6E 
 17085      733D3136 
 17085      202D6666 
 17086 0117 73202D66 		.ascii	"s -fno-common -fsingle-precision-constant\000"
 17086      6E6F2D63 
 17086      6F6D6D6F 
 17086      6E202D66 
 17086      73696E67 
 17087              	.LASF102:
 17088 0141 504C4C49 		.ascii	"PLLI2SCFGR\000"
 17088      32534346 
 17088      475200
 17089              	.LASF33:
 17090 014c 705F6374 		.ascii	"p_ctx\000"
 17090      7800
 17091              	.LASF25:
 17092 0152 74707269 		.ascii	"tprio_t\000"
 17092      6F5F7400 
 17093              	.LASF50:
 17094 015a 725F6374 		.ascii	"r_ctx\000"
 17094      7800
 17095              	.LASF18:
 17096 0160 696E7433 		.ascii	"int32_t\000"
 17096      325F7400 
 17097              	.LASF314:
 17098 0168 63685468 		.ascii	"chThdDequeueAllI\000"
 17098      64446571 
 17098      75657565 
ARM GAS  /tmp/cctaqgo8.s 			page 302


 17098      416C6C49 
 17098      00
 17099              	.LASF204:
 17100 0179 72657376 		.ascii	"resvd4\000"
 17100      643400
 17101              	.LASF327:
 17102 0180 63685468 		.ascii	"chThdResumeI\000"
 17102      64526573 
 17102      756D6549 
 17102      00
 17103              	.LASF195:
 17104 018d 72657376 		.ascii	"resvd8\000"
 17104      643800
 17105              	.LASF369:
 17106 0194 6F74675F 		.ascii	"otg_fifo_read_to_buffer\000"
 17106      6669666F 
 17106      5F726561 
 17106      645F746F 
 17106      5F627566 
 17107              	.LASF54:
 17108 01ac 76746675 		.ascii	"vtfunc_t\000"
 17108      6E635F74 
 17108      00
 17109              	.LASF206:
 17110 01b5 72657376 		.ascii	"resvdC\000"
 17110      644300
 17111              	.LASF63:
 17112 01bc 63685F76 		.ascii	"ch_virtual_timers_list\000"
 17112      69727475 
 17112      616C5F74 
 17112      696D6572 
 17112      735F6C69 
 17113              	.LASF344:
 17114 01d3 7573625F 		.ascii	"usb_lld_prepare_transmit\000"
 17114      6C6C645F 
 17114      70726570 
 17114      6172655F 
 17114      7472616E 
 17115              	.LASF319:
 17116 01ec 63685363 		.ascii	"chSchReadyI\000"
 17116      68526561 
 17116      64794900 
 17117              	.LASF339:
 17118 01f8 7573625F 		.ascii	"usb_lld_clear_out\000"
 17118      6C6C645F 
 17118      636C6561 
 17118      725F6F75 
 17118      7400
 17119              	.LASF348:
 17120 020a 7573625F 		.ascii	"usb_lld_get_status_in\000"
 17120      6C6C645F 
 17120      6765745F 
 17120      73746174 
 17120      75735F69 
 17121              	.LASF397:
 17122 0220 5F5F6675 		.ascii	"__func__\000"
 17122      6E635F5F 
ARM GAS  /tmp/cctaqgo8.s 			page 303


 17122      00
 17123              	.LASF172:
 17124 0229 5553425F 		.ascii	"USB_EP0_TX\000"
 17124      4550305F 
 17124      545800
 17125              	.LASF386:
 17126 0234 6F73616C 		.ascii	"osalThreadSuspendS\000"
 17126      54687265 
 17126      61645375 
 17126      7370656E 
 17126      645300
 17127              	.LASF365:
 17128 0247 6669666F 		.ascii	"fifop\000"
 17128      7000
 17129              	.LASF198:
 17130 024d 48435453 		.ascii	"HCTSIZ\000"
 17130      495A00
 17131              	.LASF244:
 17132 0254 72657376 		.ascii	"resvd700\000"
 17132      64373030 
 17132      00
 17133              	.LASF352:
 17134 025d 6673697A 		.ascii	"fsize\000"
 17134      6500
 17135              	.LASF141:
 17136 0263 636F6E66 		.ascii	"config\000"
 17136      696700
 17137              	.LASF140:
 17138 026a 73746174 		.ascii	"state\000"
 17138      6500
 17139              	.LASF289:
 17140 0270 65705F6D 		.ascii	"ep_mode\000"
 17140      6F646500 
 17141              	.LASF69:
 17142 0278 6C6F636B 		.ascii	"lock_cnt\000"
 17142      5F636E74 
 17142      00
 17143              	.LASF164:
 17144 0281 5553425F 		.ascii	"USB_ACTIVE\000"
 17144      41435449 
 17144      564500
 17145              	.LASF351:
 17146 028c 7573625F 		.ascii	"usb_lld_init_endpoint\000"
 17146      6C6C645F 
 17146      696E6974 
 17146      5F656E64 
 17146      706F696E 
 17147              	.LASF315:
 17148 02a2 5F757362 		.ascii	"_usb_ep0out\000"
 17148      5F657030 
 17148      6F757400 
 17149              	.LASF391:
 17150 02ae 6F73616C 		.ascii	"osalSysLockFromISR\000"
 17150      5379734C 
 17150      6F636B46 
 17150      726F6D49 
 17150      535200
ARM GAS  /tmp/cctaqgo8.s 			page 304


 17151              	.LASF311:
 17152 02c1 5F646267 		.ascii	"_dbg_check_unlock\000"
 17152      5F636865 
 17152      636B5F75 
 17152      6E6C6F63 
 17152      6B00
 17153              	.LASF392:
 17154 02d3 6F73616C 		.ascii	"osalSysUnlock\000"
 17154      53797355 
 17154      6E6C6F63 
 17154      6B00
 17155              	.LASF355:
 17156 02e1 7573625F 		.ascii	"usb_lld_stop\000"
 17156      6C6C645F 
 17156      73746F70 
 17156      00
 17157              	.LASF385:
 17158 02ee 6F73616C 		.ascii	"osalThreadResumeI\000"
 17158      54687265 
 17158      61645265 
 17158      73756D65 
 17158      4900
 17159              	.LASF121:
 17160 0300 6D5F6F77 		.ascii	"m_owner\000"
 17160      6E657200 
 17161              	.LASF61:
 17162 0308 76745F70 		.ascii	"vt_par\000"
 17162      617200
 17163              	.LASF111:
 17164 030f 65786974 		.ascii	"exitcode\000"
 17164      636F6465 
 17164      00
 17165              	.LASF178:
 17166 0318 75736265 		.ascii	"usbep0state_t\000"
 17166      70307374 
 17166      6174655F 
 17166      7400
 17167              	.LASF5:
 17168 0326 5F5F7569 		.ascii	"__uint8_t\000"
 17168      6E74385F 
 17168      7400
 17169              	.LASF131:
 17170 0330 715F746F 		.ascii	"q_top\000"
 17170      7000
 17171              	.LASF93:
 17172 0336 41484232 		.ascii	"AHB2LPENR\000"
 17172      4C50454E 
 17172      5200
 17173              	.LASF312:
 17174 0340 63685468 		.ascii	"chThdSuspendS\000"
 17174      64537573 
 17174      70656E64 
 17174      5300
 17175              	.LASF170:
 17176 034e 75736265 		.ascii	"usbepstatus_t\000"
 17176      70737461 
 17176      7475735F 
ARM GAS  /tmp/cctaqgo8.s 			page 305


 17176      7400
 17177              	.LASF130:
 17178 035c 715F6275 		.ascii	"q_buffer\000"
 17178      66666572 
 17178      00
 17179              	.LASF180:
 17180 0365 5553425F 		.ascii	"USB_EVENT_ADDRESS\000"
 17180      4556454E 
 17180      545F4144 
 17180      44524553 
 17180      5300
 17181              	.LASF225:
 17182 0377 44494550 		.ascii	"DIEPTXF0\000"
 17182      54584630 
 17182      00
 17183              	.LASF134:
 17184 0380 715F6E6F 		.ascii	"q_notify\000"
 17184      74696679 
 17184      00
 17185              	.LASF34:
 17186 0389 705F6E65 		.ascii	"p_newer\000"
 17186      77657200 
 17187              	.LASF380:
 17188 0391 6669666F 		.ascii	"fifo\000"
 17188      00
 17189              	.LASF10:
 17190 0396 6C6F6E67 		.ascii	"long int\000"
 17190      20696E74 
 17190      00
 17191              	.LASF30:
 17192 039f 705F6E65 		.ascii	"p_next\000"
 17192      787400
 17193              	.LASF404:
 17194 03a6 706F7274 		.ascii	"port_unlock\000"
 17194      5F756E6C 
 17194      6F636B00 
 17195              	.LASF133:
 17196 03b2 715F7264 		.ascii	"q_rdptr\000"
 17196      70747200 
 17197              	.LASF31:
 17198 03ba 705F7072 		.ascii	"p_prev\000"
 17198      657600
 17199              	.LASF399:
 17200 03c1 63685379 		.ascii	"chSysLockFromISR\000"
 17200      734C6F63 
 17200      6B46726F 
 17200      6D495352 
 17200      00
 17201              	.LASF23:
 17202 03d2 74737461 		.ascii	"tstate_t\000"
 17202      74655F74 
 17202      00
 17203              	.LASF43:
 17204 03db 74687265 		.ascii	"threads_queue_t\000"
 17204      6164735F 
 17204      71756575 
 17204      655F7400 
ARM GAS  /tmp/cctaqgo8.s 			page 306


 17205              	.LASF40:
 17206 03eb 705F6D74 		.ascii	"p_mtxlist\000"
 17206      786C6973 
 17206      7400
 17207              	.LASF273:
 17208 03f5 74786275 		.ascii	"txbuf\000"
 17208      6600
 17209              	.LASF373:
 17210 03fb 6F74675F 		.ascii	"otg_fifo_write_from_buffer\000"
 17210      6669666F 
 17210      5F777269 
 17210      74655F66 
 17210      726F6D5F 
 17211              	.LASF104:
 17212 0416 72656761 		.ascii	"regarm_t\000"
 17212      726D5F74 
 17212      00
 17213              	.LASF372:
 17214 041f 6F74675F 		.ascii	"otg_fifo_write_from_queue\000"
 17214      6669666F 
 17214      5F777269 
 17214      74655F66 
 17214      726F6D5F 
 17215              	.LASF251:
 17216 0439 4441494E 		.ascii	"DAINT\000"
 17216      5400
 17217              	.LASF171:
 17218 043f 5553425F 		.ascii	"USB_EP0_WAITING_SETUP\000"
 17218      4550305F 
 17218      57414954 
 17218      494E475F 
 17218      53455455 
 17219              	.LASF250:
 17220 0455 444F4550 		.ascii	"DOEPMSK\000"
 17220      4D534B00 
 17221              	.LASF332:
 17222 045d 5F646267 		.ascii	"_dbg_check_enter_isr\000"
 17222      5F636865 
 17222      636B5F65 
 17222      6E746572 
 17222      5F697372 
 17223              	.LASF90:
 17224 0472 41504232 		.ascii	"APB2ENR\000"
 17224      454E5200 
 17225              	.LASF325:
 17226 047a 7573624F 		.ascii	"usbObjectInit\000"
 17226      626A6563 
 17226      74496E69 
 17226      7400
 17227              	.LASF127:
 17228 0488 696F5F71 		.ascii	"io_queue\000"
 17228      75657565 
 17228      00
 17229              	.LASF165:
 17230 0491 5553425F 		.ascii	"USB_SUSPENDED\000"
 17230      53555350 
 17230      454E4445 
ARM GAS  /tmp/cctaqgo8.s 			page 307


 17230      4400
 17231              	.LASF92:
 17232 049f 41484231 		.ascii	"AHB1LPENR\000"
 17232      4C50454E 
 17232      5200
 17233              	.LASF211:
 17234 04a9 444F4550 		.ascii	"DOEPCTL\000"
 17234      43544C00 
 17235              	.LASF393:
 17236 04b1 6F73616C 		.ascii	"osalSysLock\000"
 17236      5379734C 
 17236      6F636B00 
 17237              	.LASF135:
 17238 04bd 715F6C69 		.ascii	"q_link\000"
 17238      6E6B00
 17239              	.LASF3:
 17240 04c4 7369676E 		.ascii	"signed char\000"
 17240      65642063 
 17240      68617200 
 17241              	.LASF39:
 17242 04d0 705F7072 		.ascii	"p_preempt\000"
 17242      65656D70 
 17242      7400
 17243              	.LASF16:
 17244 04da 75696E74 		.ascii	"uint8_t\000"
 17244      385F7400 
 17245              	.LASF184:
 17246 04e2 5553425F 		.ascii	"USB_EVENT_STALLED\000"
 17246      4556454E 
 17246      545F5354 
 17246      414C4C45 
 17246      4400
 17247              	.LASF169:
 17248 04f4 45505F53 		.ascii	"EP_STATUS_ACTIVE\000"
 17248      54415455 
 17248      535F4143 
 17248      54495645 
 17248      00
 17249              	.LASF212:
 17250 0505 444F4550 		.ascii	"DOEPINT\000"
 17250      494E5400 
 17251              	.LASF390:
 17252 050d 6F73616C 		.ascii	"osalSysUnlockFromISR\000"
 17252      53797355 
 17252      6E6C6F63 
 17252      6B46726F 
 17252      6D495352 
 17253              	.LASF106:
 17254 0522 636F6E74 		.ascii	"context\000"
 17254      65787400 
 17255              	.LASF286:
 17256 052a 72787369 		.ascii	"rxsize\000"
 17256      7A6500
 17257              	.LASF306:
 17258 0531 6570305F 		.ascii	"ep0_state\000"
 17258      73746174 
 17258      6500
ARM GAS  /tmp/cctaqgo8.s 			page 308


 17259              	.LASF113:
 17260 053b 77747472 		.ascii	"wttrp\000"
 17260      7000
 17261              	.LASF398:
 17262 0541 63685379 		.ascii	"chSysUnlockFromISR\000"
 17262      73556E6C 
 17262      6F636B46 
 17262      726F6D49 
 17262      535200
 17263              	.LASF329:
 17264 0554 5F757362 		.ascii	"_usb_reset\000"
 17264      5F726573 
 17264      657400
 17265              	.LASF81:
 17266 055f 52455345 		.ascii	"RESERVED0\000"
 17266      52564544 
 17266      3000
 17267              	.LASF84:
 17268 0569 52455345 		.ascii	"RESERVED1\000"
 17268      52564544 
 17268      3100
 17269              	.LASF2:
 17270 0573 756E7369 		.ascii	"unsigned char\000"
 17270      676E6564 
 17270      20636861 
 17270      7200
 17271              	.LASF91:
 17272 0581 52455345 		.ascii	"RESERVED3\000"
 17272      52564544 
 17272      3300
 17273              	.LASF95:
 17274 058b 52455345 		.ascii	"RESERVED4\000"
 17274      52564544 
 17274      3400
 17275              	.LASF98:
 17276 0595 52455345 		.ascii	"RESERVED5\000"
 17276      52564544 
 17276      3500
 17277              	.LASF100:
 17278 059f 52455345 		.ascii	"RESERVED6\000"
 17278      52564544 
 17278      3600
 17279              	.LASF67:
 17280 05a9 70616E69 		.ascii	"panic_msg\000"
 17280      635F6D73 
 17280      6700
 17281              	.LASF245:
 17282 05b3 44434647 		.ascii	"DCFG\000"
 17282      00
 17283              	.LASF263:
 17284 05b8 72657376 		.ascii	"resvd8C0\000"
 17284      64384330 
 17284      00
 17285              	.LASF51:
 17286 05c1 725F6E65 		.ascii	"r_newer\000"
 17286      77657200 
 17287              	.LASF229:
ARM GAS  /tmp/cctaqgo8.s 			page 309


 17288 05c9 47434346 		.ascii	"GCCFG\000"
 17288      4700
 17289              	.LASF146:
 17290 05cf 65703073 		.ascii	"ep0state\000"
 17290      74617465 
 17290      00
 17291              	.LASF65:
 17292 05d8 73797374 		.ascii	"system_debug_t\000"
 17292      656D5F64 
 17292      65627567 
 17292      5F7400
 17293              	.LASF207:
 17294 05e7 44494550 		.ascii	"DIEPTSIZ\000"
 17294      5453495A 
 17294      00
 17295              	.LASF302:
 17296 05f0 72657175 		.ascii	"requests_hook_cb\000"
 17296      65737473 
 17296      5F686F6F 
 17296      6B5F6362 
 17296      00
 17297              	.LASF345:
 17298 0601 70636E74 		.ascii	"pcnt\000"
 17298      00
 17299              	.LASF125:
 17300 0606 5F426F6F 		.ascii	"_Bool\000"
 17300      6C00
 17301              	.LASF363:
 17302 060c 6F74675F 		.ascii	"otg_rxfifo_handler\000"
 17302      72786669 
 17302      666F5F68 
 17302      616E646C 
 17302      657200
 17303              	.LASF88:
 17304 061f 52455345 		.ascii	"RESERVED2\000"
 17304      52564544 
 17304      3200
 17305              	.LASF234:
 17306 0629 48434647 		.ascii	"HCFG\000"
 17306      00
 17307              	.LASF194:
 17308 062e 48434348 		.ascii	"HCCHAR\000"
 17308      415200
 17309              	.LASF347:
 17310 0635 7573625F 		.ascii	"usb_lld_read_setup\000"
 17310      6C6C645F 
 17310      72656164 
 17310      5F736574 
 17310      757000
 17311              	.LASF214:
 17312 0648 73746D33 		.ascii	"stm32_otg_out_ep_t\000"
 17312      325F6F74 
 17312      675F6F75 
 17312      745F6570 
 17312      5F7400
 17313              	.LASF15:
 17314 065b 63686172 		.ascii	"char\000"
ARM GAS  /tmp/cctaqgo8.s 			page 310


 17314      00
 17315              	.LASF148:
 17316 0660 6570306E 		.ascii	"ep0n\000"
 17316      00
 17317              	.LASF78:
 17318 0665 41484231 		.ascii	"AHB1RSTR\000"
 17318      52535452 
 17318      00
 17319              	.LASF242:
 17320 066e 48505254 		.ascii	"HPRT\000"
 17320      00
 17321              	.LASF32:
 17322 0673 705F7072 		.ascii	"p_prio\000"
 17322      696F00
 17323              	.LASF143:
 17324 067a 72656365 		.ascii	"receiving\000"
 17324      6976696E 
 17324      6700
 17325              	.LASF7:
 17326 0684 5F5F7569 		.ascii	"__uint16_t\000"
 17326      6E743136 
 17326      5F7400
 17327              	.LASF86:
 17328 068f 41484232 		.ascii	"AHB2ENR\000"
 17328      454E5200 
 17329              	.LASF139:
 17330 0697 55534244 		.ascii	"USBDriver\000"
 17330      72697665 
 17330      7200
 17331              	.LASF335:
 17332 06a1 65706D61 		.ascii	"epmask\000"
 17332      736B00
 17333              	.LASF112:
 17334 06a8 77746F62 		.ascii	"wtobjp\000"
 17334      6A7000
 17335              	.LASF291:
 17336 06af 696E5F63 		.ascii	"in_cb\000"
 17336      6200
 17337              	.LASF105:
 17338 06b5 73746B61 		.ascii	"stkalign_t\000"
 17338      6C69676E 
 17338      5F7400
 17339              	.LASF236:
 17340 06c0 48464E55 		.ascii	"HFNUM\000"
 17340      4D00
 17341              	.LASF191:
 17342 06c6 75736265 		.ascii	"usbeventcb_t\000"
 17342      76656E74 
 17342      63625F74 
 17342      00
 17343              	.LASF361:
 17344 06d3 6570696E 		.ascii	"epint\000"
 17344      7400
 17345              	.LASF367:
 17346 06d9 73747265 		.ascii	"streak\000"
 17346      616B00
 17347              	.LASF202:
ARM GAS  /tmp/cctaqgo8.s 			page 311


 17348 06e0 73746D33 		.ascii	"stm32_otg_host_chn_t\000"
 17348      325F6F74 
 17348      675F686F 
 17348      73745F63 
 17348      686E5F74 
 17349              	.LASF142:
 17350 06f5 7472616E 		.ascii	"transmitting\000"
 17350      736D6974 
 17350      74696E67 
 17350      00
 17351              	.LASF282:
 17352 0702 55534249 		.ascii	"USBInEndpointState\000"
 17352      6E456E64 
 17352      706F696E 
 17352      74537461 
 17352      746500
 17353              	.LASF253:
 17354 0715 72657376 		.ascii	"resvd820\000"
 17354      64383230 
 17354      00
 17355              	.LASF254:
 17356 071e 72657376 		.ascii	"resvd824\000"
 17356      64383234 
 17356      00
 17357              	.LASF248:
 17358 0727 72657376 		.ascii	"resvd80C\000"
 17358      64383043 
 17358      00
 17359              	.LASF99:
 17360 0730 42444352 		.ascii	"BDCR\000"
 17360      00
 17361              	.LASF256:
 17362 0735 44564255 		.ascii	"DVBUSPULSE\000"
 17362      5350554C 
 17362      534500
 17363              	.LASF160:
 17364 0740 5553425F 		.ascii	"USB_UNINIT\000"
 17364      554E494E 
 17364      495400
 17365              	.LASF27:
 17366 074b 636E745F 		.ascii	"cnt_t\000"
 17366      7400
 17367              	.LASF60:
 17368 0751 76745F66 		.ascii	"vt_func\000"
 17368      756E6300 
 17369              	.LASF188:
 17370 0759 55534244 		.ascii	"USBDescriptor\000"
 17370      65736372 
 17370      6970746F 
 17370      7200
 17371              	.LASF272:
 17372 0767 73746D33 		.ascii	"stm32_otg_params_t\000"
 17372      325F6F74 
 17372      675F7061 
 17372      72616D73 
 17372      5F7400
 17373              	.LASF150:
ARM GAS  /tmp/cctaqgo8.s 			page 312


 17374 077a 73657475 		.ascii	"setup\000"
 17374      7000
 17375              	.LASF384:
 17376 0780 6F73616C 		.ascii	"osalThreadDequeueAllI\000"
 17376      54687265 
 17376      61644465 
 17376      71756575 
 17376      65416C6C 
 17377              	.LASF370:
 17378 0796 6F74675F 		.ascii	"otg_txfifo_handler\000"
 17378      74786669 
 17378      666F5F68 
 17378      616E646C 
 17378      657200
 17379              	.LASF115:
 17380 07a9 77746D74 		.ascii	"wtmtxp\000"
 17380      787000
 17381              	.LASF326:
 17382 07b0 5F646267 		.ascii	"_dbg_check_unlock_from_isr\000"
 17382      5F636865 
 17382      636B5F75 
 17382      6E6C6F63 
 17382      6B5F6672 
 17383              	.LASF185:
 17384 07cb 75736265 		.ascii	"usbevent_t\000"
 17384      76656E74 
 17384      5F7400
 17385              	.LASF47:
 17386 07d6 63685F72 		.ascii	"ch_ready_list\000"
 17386      65616479 
 17386      5F6C6973 
 17386      7400
 17387              	.LASF186:
 17388 07e4 75645F73 		.ascii	"ud_size\000"
 17388      697A6500 
 17389              	.LASF77:
 17390 07ec 43464752 		.ascii	"CFGR\000"
 17390      00
 17391              	.LASF163:
 17392 07f1 5553425F 		.ascii	"USB_SELECTED\000"
 17392      53454C45 
 17392      43544544 
 17392      00
 17393              	.LASF153:
 17394 07fe 636F6E66 		.ascii	"configuration\000"
 17394      69677572 
 17394      6174696F 
 17394      6E00
 17395              	.LASF321:
 17396 080c 63685379 		.ascii	"chSysPolledDelayX\000"
 17396      73506F6C 
 17396      6C656444 
 17396      656C6179 
 17396      5800
 17397              	.LASF68:
 17398 081e 6973725F 		.ascii	"isr_cnt\000"
 17398      636E7400 
ARM GAS  /tmp/cctaqgo8.s 			page 313


 17399              	.LASF224:
 17400 0826 47525846 		.ascii	"GRXFSIZ\000"
 17400      53495A00 
 17401              	.LASF168:
 17402 082e 45505F53 		.ascii	"EP_STATUS_STALLED\000"
 17402      54415455 
 17402      535F5354 
 17402      414C4C45 
 17402      4400
 17403              	.LASF279:
 17404 0840 7478636E 		.ascii	"txcnt\000"
 17404      7400
 17405              	.LASF129:
 17406 0846 715F636F 		.ascii	"q_counter\000"
 17406      756E7465 
 17406      7200
 17407              	.LASF261:
 17408 0850 72657376 		.ascii	"resvd840\000"
 17408      64383430 
 17408      00
 17409              	.LASF310:
 17410 0859 5F646267 		.ascii	"_dbg_check_lock\000"
 17410      5F636865 
 17410      636B5F6C 
 17410      6F636B00 
 17411              	.LASF14:
 17412 0869 5F5F7569 		.ascii	"__uint64_t\000"
 17412      6E743634 
 17412      5F7400
 17413              	.LASF232:
 17414 0874 44494550 		.ascii	"DIEPTXF\000"
 17414      54584600 
 17415              	.LASF400:
 17416 087c 63685379 		.ascii	"chSysUnlock\000"
 17416      73556E6C 
 17416      6F636B00 
 17417              	.LASF12:
 17418 0888 6C6F6E67 		.ascii	"long unsigned int\000"
 17418      20756E73 
 17418      69676E65 
 17418      6420696E 
 17418      7400
 17419              	.LASF401:
 17420 089a 63685379 		.ascii	"chSysLock\000"
 17420      734C6F63 
 17420      6B00
 17421              	.LASF151:
 17422 08a4 73746174 		.ascii	"status\000"
 17422      757300
 17423              	.LASF152:
 17424 08ab 61646472 		.ascii	"address\000"
 17424      65737300 
 17425              	.LASF116:
 17426 08b3 63685F73 		.ascii	"ch_semaphore\000"
 17426      656D6170 
 17426      686F7265 
 17426      00
ARM GAS  /tmp/cctaqgo8.s 			page 314


 17427              	.LASF149:
 17428 08c0 65703065 		.ascii	"ep0endcb\000"
 17428      6E646362 
 17428      00
 17429              	.LASF44:
 17430 08c9 63685F74 		.ascii	"ch_thread\000"
 17430      68726561 
 17430      6400
 17431              	.LASF217:
 17432 08d3 47414842 		.ascii	"GAHBCFG\000"
 17432      43464700 
 17433              	.LASF62:
 17434 08db 76697274 		.ascii	"virtual_timers_list_t\000"
 17434      75616C5F 
 17434      74696D65 
 17434      72735F6C 
 17434      6973745F 
 17435              	.LASF297:
 17436 08f1 696E5F6D 		.ascii	"in_multiplier\000"
 17436      756C7469 
 17436      706C6965 
 17436      7200
 17437              	.LASF333:
 17438 08ff 75736270 		.ascii	"usbp\000"
 17438      00
 17439              	.LASF271:
 17440 0904 6E756D5F 		.ascii	"num_endpoints\000"
 17440      656E6470 
 17440      6F696E74 
 17440      7300
 17441              	.LASF55:
 17442 0912 76697274 		.ascii	"virtual_timer_t\000"
 17442      75616C5F 
 17442      74696D65 
 17442      725F7400 
 17443              	.LASF46:
 17444 0922 72656164 		.ascii	"ready_list_t\000"
 17444      795F6C69 
 17444      73745F74 
 17444      00
 17445              	.LASF132:
 17446 092f 715F7772 		.ascii	"q_wrptr\000"
 17446      70747200 
 17447              	.LASF278:
 17448 0937 74787369 		.ascii	"txsize\000"
 17448      7A6500
 17449              	.LASF287:
 17450 093e 7278636E 		.ascii	"rxcnt\000"
 17450      7400
 17451              	.LASF166:
 17452 0944 75736273 		.ascii	"usbstate_t\000"
 17452      74617465 
 17452      5F7400
 17453              	.LASF309:
 17454 094f 66737061 		.ascii	"fsparams\000"
 17454      72616D73 
 17454      00
ARM GAS  /tmp/cctaqgo8.s 			page 315


 17455              	.LASF336:
 17456 0958 646F6E65 		.ascii	"done\000"
 17456      00
 17457              	.LASF177:
 17458 095d 5553425F 		.ascii	"USB_EP0_ERROR\000"
 17458      4550305F 
 17458      4552524F 
 17458      5200
 17459              	.LASF237:
 17460 096b 72657376 		.ascii	"resvd40C\000"
 17460      64343043 
 17460      00
 17461              	.LASF215:
 17462 0974 474F5447 		.ascii	"GOTGCTL\000"
 17462      43544C00 
 17463              	.LASF76:
 17464 097c 504C4C43 		.ascii	"PLLCFGR\000"
 17464      46475200 
 17465              	.LASF341:
 17466 0984 7573625F 		.ascii	"usb_lld_stall_out\000"
 17466      6C6C645F 
 17466      7374616C 
 17466      6C5F6F75 
 17466      7400
 17467              	.LASF317:
 17468 0996 5F757362 		.ascii	"_usb_ep0setup\000"
 17468      5F657030 
 17468      73657475 
 17468      7000
 17469              	.LASF283:
 17470 09a4 72786275 		.ascii	"rxbuf\000"
 17470      6600
 17471              	.LASF223:
 17472 09aa 47525853 		.ascii	"GRXSTSP\000"
 17472      54535000 
 17473              	.LASF295:
 17474 09b2 696E5F73 		.ascii	"in_state\000"
 17474      74617465 
 17474      00
 17475              	.LASF222:
 17476 09bb 47525853 		.ascii	"GRXSTSR\000"
 17476      54535200 
 17477              	.LASF183:
 17478 09c3 5553425F 		.ascii	"USB_EVENT_WAKEUP\000"
 17478      4556454E 
 17478      545F5741 
 17478      4B455550 
 17478      00
 17479              	.LASF265:
 17480 09d4 50434743 		.ascii	"PCGCCTL\000"
 17480      43544C00 
 17481              	.LASF374:
 17482 09dc 6F74675F 		.ascii	"otg_do_push\000"
 17482      646F5F70 
 17482      75736800 
 17483              	.LASF11:
 17484 09e8 5F5F7569 		.ascii	"__uint32_t\000"
ARM GAS  /tmp/cctaqgo8.s 			page 316


 17484      6E743332 
 17484      5F7400
 17485              	.LASF300:
 17486 09f3 6576656E 		.ascii	"event_cb\000"
 17486      745F6362 
 17486      00
 17487              	.LASF216:
 17488 09fc 474F5447 		.ascii	"GOTGINT\000"
 17488      494E5400 
 17489              	.LASF13:
 17490 0a04 6C6F6E67 		.ascii	"long long int\000"
 17490      206C6F6E 
 17490      6720696E 
 17490      7400
 17491              	.LASF162:
 17492 0a12 5553425F 		.ascii	"USB_READY\000"
 17492      52454144 
 17492      5900
 17493              	.LASF120:
 17494 0a1c 6D5F7175 		.ascii	"m_queue\000"
 17494      65756500 
 17495              	.LASF403:
 17496 0a24 706F7274 		.ascii	"port_lock_from_isr\000"
 17496      5F6C6F63 
 17496      6B5F6672 
 17496      6F6D5F69 
 17496      737200
 17497              	.LASF101:
 17498 0a37 53534347 		.ascii	"SSCGR\000"
 17498      5200
 17499              	.LASF57:
 17500 0a3d 76745F6E 		.ascii	"vt_next\000"
 17500      65787400 
 17501              	.LASF331:
 17502 0a45 5F646267 		.ascii	"_dbg_check_leave_isr\000"
 17502      5F636865 
 17502      636B5F6C 
 17502      65617665 
 17502      5F697372 
 17503              	.LASF147:
 17504 0a5a 6570306E 		.ascii	"ep0next\000"
 17504      65787400 
 17505              	.LASF313:
 17506 0a62 6D656D63 		.ascii	"memcpy\000"
 17506      707900
 17507              	.LASF58:
 17508 0a69 76745F70 		.ascii	"vt_prev\000"
 17508      72657600 
 17509              	.LASF257:
 17510 0a71 72657376 		.ascii	"resvd830\000"
 17510      64383330 
 17510      00
 17511              	.LASF83:
 17512 0a7a 41504232 		.ascii	"APB2RSTR\000"
 17512      52535452 
 17512      00
 17513              	.LASF259:
ARM GAS  /tmp/cctaqgo8.s 			page 317


 17514 0a83 72657376 		.ascii	"resvd838\000"
 17514      64383338 
 17514      00
 17515              	.LASF190:
 17516 0a8c 75736265 		.ascii	"usbepcallback_t\000"
 17516      7063616C 
 17516      6C626163 
 17516      6B5F7400 
 17517              	.LASF290:
 17518 0a9c 73657475 		.ascii	"setup_cb\000"
 17518      705F6362 
 17518      00
 17519              	.LASF262:
 17520 0aa5 72657376 		.ascii	"resvd880\000"
 17520      64383830 
 17520      00
 17521              	.LASF260:
 17522 0aae 72657376 		.ascii	"resvd83C\000"
 17522      64383343 
 17522      00
 17523              	.LASF123:
 17524 0ab7 7466756E 		.ascii	"tfunc_t\000"
 17524      635F7400 
 17525              	.LASF97:
 17526 0abf 41504232 		.ascii	"APB2LPENR\000"
 17526      4C50454E 
 17526      5200
 17527              	.LASF157:
 17528 0ac9 77616974 		.ascii	"wait\000"
 17528      00
 17529              	.LASF136:
 17530 0ace 716E6F74 		.ascii	"qnotify_t\000"
 17530      6966795F 
 17530      7400
 17531              	.LASF359:
 17532 0ad8 7573625F 		.ascii	"usb_lld_serve_interrupt\000"
 17532      6C6C645F 
 17532      73657276 
 17532      655F696E 
 17532      74657272 
 17533              	.LASF368:
 17534 0af0 6E773265 		.ascii	"nw2end\000"
 17534      6E6400
 17535              	.LASF38:
 17536 0af7 705F666C 		.ascii	"p_flags\000"
 17536      61677300 
 17537              	.LASF213:
 17538 0aff 444F4550 		.ascii	"DOEPTSIZ\000"
 17538      5453495A 
 17538      00
 17539              	.LASF75:
 17540 0b08 69646C65 		.ascii	"idle_thread_wa\000"
 17540      5F746872 
 17540      6561645F 
 17540      776100
 17541              	.LASF239:
 17542 0b17 4841494E 		.ascii	"HAINT\000"
ARM GAS  /tmp/cctaqgo8.s 			page 318


 17542      5400
 17543              	.LASF1:
 17544 0b1d 756E7369 		.ascii	"unsigned int\000"
 17544      676E6564 
 17544      20696E74 
 17544      00
 17545              	.LASF357:
 17546 0b2a 7573625F 		.ascii	"usb_lld_init\000"
 17546      6C6C645F 
 17546      696E6974 
 17546      00
 17547              	.LASF304:
 17548 0b37 55534243 		.ascii	"USBConfig\000"
 17548      6F6E6669 
 17548      6700
 17549              	.LASF358:
 17550 0b41 56656374 		.ascii	"Vector14C\000"
 17550      6F723134 
 17550      4300
 17551              	.LASF21:
 17552 0b4b 7274636E 		.ascii	"rtcnt_t\000"
 17552      745F7400 
 17553              	.LASF156:
 17554 0b53 74787065 		.ascii	"txpending\000"
 17554      6E64696E 
 17554      6700
 17555              	.LASF387:
 17556 0b5d 6F73616C 		.ascii	"osalSysPolledDelayX\000"
 17556      53797350 
 17556      6F6C6C65 
 17556      6444656C 
 17556      61795800 
 17557              	.LASF340:
 17558 0b71 7573625F 		.ascii	"usb_lld_stall_in\000"
 17558      6C6C645F 
 17558      7374616C 
 17558      6C5F696E 
 17558      00
 17559              	.LASF268:
 17560 0b82 73746D33 		.ascii	"stm32_otg_t\000"
 17560      325F6F74 
 17560      675F7400 
 17561              	.LASF343:
 17562 0b8e 7573625F 		.ascii	"usb_lld_start_out\000"
 17562      6C6C645F 
 17562      73746172 
 17562      745F6F75 
 17562      7400
 17563              	.LASF298:
 17564 0ba0 73657475 		.ascii	"setup_buf\000"
 17564      705F6275 
 17564      6600
 17565              	.LASF330:
 17566 0baa 5F706F72 		.ascii	"_port_irq_epilogue\000"
 17566      745F6972 
 17566      715F6570 
 17566      696C6F67 
ARM GAS  /tmp/cctaqgo8.s 			page 319


 17566      756500
 17567              	.LASF243:
 17568 0bbd 72657376 		.ascii	"resvd444\000"
 17568      64343434 
 17568      00
 17569              	.LASF308:
 17570 0bc6 65703063 		.ascii	"ep0config\000"
 17570      6F6E6669 
 17570      6700
 17571              	.LASF292:
 17572 0bd0 6F75745F 		.ascii	"out_cb\000"
 17572      636200
 17573              	.LASF108:
 17574 0bd7 6F666673 		.ascii	"offset\000"
 17574      657400
 17575              	.LASF96:
 17576 0bde 41504231 		.ascii	"APB1LPENR\000"
 17576      4C50454E 
 17576      5200
 17577              	.LASF240:
 17578 0be8 4841494E 		.ascii	"HAINTMSK\000"
 17578      544D534B 
 17578      00
 17579              	.LASF161:
 17580 0bf1 5553425F 		.ascii	"USB_STOP\000"
 17580      53544F50 
 17580      00
 17581              	.LASF293:
 17582 0bfa 696E5F6D 		.ascii	"in_maxsize\000"
 17582      61787369 
 17582      7A6500
 17583              	.LASF221:
 17584 0c05 47494E54 		.ascii	"GINTMSK\000"
 17584      4D534B00 
 17585              	.LASF307:
 17586 0c0d 65703073 		.ascii	"ep0setup_buffer\000"
 17586      65747570 
 17586      5F627566 
 17586      66657200 
 17587              	.LASF296:
 17588 0c1d 6F75745F 		.ascii	"out_state\000"
 17588      73746174 
 17588      6500
 17589              	.LASF354:
 17590 0c27 7573625F 		.ascii	"usb_lld_reset\000"
 17590      6C6C645F 
 17590      72657365 
 17590      7400
 17591              	.LASF353:
 17592 0c35 7573625F 		.ascii	"usb_lld_set_address\000"
 17592      6C6C645F 
 17592      7365745F 
 17592      61646472 
 17592      65737300 
 17593              	.LASF337:
 17594 0c49 7573625F 		.ascii	"usb_lld_pump\000"
 17594      6C6C645F 
ARM GAS  /tmp/cctaqgo8.s 			page 320


 17594      70756D70 
 17594      00
 17595              	.LASF80:
 17596 0c56 41484233 		.ascii	"AHB3RSTR\000"
 17596      52535452 
 17596      00
 17597              	.LASF29:
 17598 0c5f 74687265 		.ascii	"thread_t\000"
 17598      61645F74 
 17598      00
 17599              	.LASF318:
 17600 0c68 6E766963 		.ascii	"nvicDisableVector\000"
 17600      44697361 
 17600      626C6556 
 17600      6563746F 
 17600      7200
 17601              	.LASF42:
 17602 0c7a 74687265 		.ascii	"thread_reference_t\000"
 17602      61645F72 
 17602      65666572 
 17602      656E6365 
 17602      5F7400
 17603              	.LASF378:
 17604 0c8d 6F74675F 		.ascii	"otg_ram_reset\000"
 17604      72616D5F 
 17604      72657365 
 17604      7400
 17605              	.LASF187:
 17606 0c9b 75645F73 		.ascii	"ud_string\000"
 17606      7472696E 
 17606      6700
 17607              	.LASF41:
 17608 0ca5 705F7265 		.ascii	"p_realprio\000"
 17608      616C7072 
 17608      696F00
 17609              	.LASF173:
 17610 0cb0 5553425F 		.ascii	"USB_EP0_WAITING_TX0\000"
 17610      4550305F 
 17610      57414954 
 17610      494E475F 
 17610      54583000 
 17611              	.LASF107:
 17612 0cc4 706F7274 		.ascii	"port_intctx\000"
 17612      5F696E74 
 17612      63747800 
 17613              	.LASF154:
 17614 0cd0 6F746770 		.ascii	"otgparams\000"
 17614      6172616D 
 17614      7300
 17615              	.LASF402:
 17616 0cda 706F7274 		.ascii	"port_unlock_from_isr\000"
 17616      5F756E6C 
 17616      6F636B5F 
 17616      66726F6D 
 17616      5F697372 
 17617              	.LASF59:
 17618 0cef 76745F64 		.ascii	"vt_delta\000"
ARM GAS  /tmp/cctaqgo8.s 			page 321


 17618      656C7461 
 17618      00
 17619              	.LASF82:
 17620 0cf8 41504231 		.ascii	"APB1RSTR\000"
 17620      52535452 
 17620      00
 17621              	.LASF56:
 17622 0d01 63685F76 		.ascii	"ch_virtual_timer\000"
 17622      69727475 
 17622      616C5F74 
 17622      696D6572 
 17622      00
 17623              	.LASF89:
 17624 0d12 41504231 		.ascii	"APB1ENR\000"
 17624      454E5200 
 17625              	.LASF118:
 17626 0d1a 735F636E 		.ascii	"s_cnt\000"
 17626      7400
 17627              	.LASF288:
 17628 0d20 5553424F 		.ascii	"USBOutEndpointState\000"
 17628      7574456E 
 17628      64706F69 
 17628      6E745374 
 17628      61746500 
 17629              	.LASF342:
 17630 0d34 7573625F 		.ascii	"usb_lld_start_in\000"
 17630      6C6C645F 
 17630      73746172 
 17630      745F696E 
 17630      00
 17631              	.LASF376:
 17632 0d45 73697A65 		.ascii	"size\000"
 17632      00
 17633              	.LASF264:
 17634 0d4a 72657376 		.ascii	"resvdD00\000"
 17634      64443030 
 17634      00
 17635              	.LASF0:
 17636 0d53 6C6F6E67 		.ascii	"long long unsigned int\000"
 17636      206C6F6E 
 17636      6720756E 
 17636      7369676E 
 17636      65642069 
 17637              	.LASF231:
 17638 0d6a 48505458 		.ascii	"HPTXFSIZ\000"
 17638      4653495A 
 17638      00
 17639              	.LASF350:
 17640 0d73 7573625F 		.ascii	"usb_lld_disable_endpoints\000"
 17640      6C6C645F 
 17640      64697361 
 17640      626C655F 
 17640      656E6470 
 17641              	.LASF35:
 17642 0d8d 705F6F6C 		.ascii	"p_older\000"
 17642      64657200 
 17643              	.LASF396:
ARM GAS  /tmp/cctaqgo8.s 			page 322


 17644 0d95 63685468 		.ascii	"chThdStartI\000"
 17644      64537461 
 17644      72744900 
 17645              	.LASF17:
 17646 0da1 75696E74 		.ascii	"uint16_t\000"
 17646      31365F74 
 17646      00
 17647              	.LASF196:
 17648 0daa 4843494E 		.ascii	"HCINT\000"
 17648      5400
 17649              	.LASF388:
 17650 0db0 6379636C 		.ascii	"cycles\000"
 17650      657300
 17651              	.LASF275:
 17652 0db7 6C696E65 		.ascii	"linear\000"
 17652      617200
 17653              	.LASF26:
 17654 0dbe 6D73675F 		.ascii	"msg_t\000"
 17654      7400
 17655              	.LASF246:
 17656 0dc4 4443544C 		.ascii	"DCTL\000"
 17656      00
 17657              	.LASF409:
 17658 0dc9 2E2E2F52 		.ascii	"../RC_Controller/ChibiOS_3.0.5/os/hal/ports/STM32/L"
 17658      435F436F 
 17658      6E74726F 
 17658      6C6C6572 
 17658      2F436869 
 17659 0dfc 4C442F4F 		.ascii	"LD/OTGv1/usb_lld.c\000"
 17659      54477631 
 17659      2F757362 
 17659      5F6C6C64 
 17659      2E6300
 17660              	.LASF45:
 17661 0e0f 63685F74 		.ascii	"ch_threads_queue\000"
 17661      68726561 
 17661      64735F71 
 17661      75657565 
 17661      00
 17662              	.LASF299:
 17663 0e20 55534245 		.ascii	"USBEndpointConfig\000"
 17663      6E64706F 
 17663      696E7443 
 17663      6F6E6669 
 17663      6700
 17664              	.LASF328:
 17665 0e32 5F646267 		.ascii	"_dbg_check_lock_from_isr\000"
 17665      5F636865 
 17665      636B5F6C 
 17665      6F636B5F 
 17665      66726F6D 
 17666              	.LASF197:
 17667 0e4b 4843494E 		.ascii	"HCINTMSK\000"
 17667      544D534B 
 17667      00
 17668              	.LASF407:
 17669 0e54 76616C75 		.ascii	"value\000"
ARM GAS  /tmp/cctaqgo8.s 			page 323


 17669      6500
 17670              	.LASF285:
 17671 0e5a 72787175 		.ascii	"rxqueued\000"
 17671      65756564 
 17671      00
 17672              	.LASF24:
 17673 0e63 74736C69 		.ascii	"tslices_t\000"
 17673      6365735F 
 17673      7400
 17674              	.LASF346:
 17675 0e6d 7573625F 		.ascii	"usb_lld_prepare_receive\000"
 17675      6C6C645F 
 17675      70726570 
 17675      6172655F 
 17675      72656365 
 17676              	.LASF53:
 17677 0e85 725F6375 		.ascii	"r_current\000"
 17677      7272656E 
 17677      7400
 17678              	.LASF276:
 17679 0e8f 71756575 		.ascii	"queue\000"
 17679      6500
 17680              	.LASF284:
 17681 0e95 72787175 		.ascii	"rxqueue\000"
 17681      65756500 
 17682              	.LASF74:
 17683 0e9d 6D61696E 		.ascii	"mainthread\000"
 17683      74687265 
 17683      616400
 17684              	.LASF252:
 17685 0ea8 4441494E 		.ascii	"DAINTMSK\000"
 17685      544D534B 
 17685      00
 17686              	.LASF323:
 17687 0eb1 63685468 		.ascii	"chThdCreateI\000"
 17687      64437265 
 17687      61746549 
 17687      00
 17688              	.LASF410:
 17689 0ebe 2F686F6D 		.ascii	"/home/gunnar/code/rise_sdvp/Embedded/RTCM_Forwarder"
 17689      652F6775 
 17689      6E6E6172 
 17689      2F636F64 
 17689      652F7269 
 17690 0ef1 5F50726F 		.ascii	"_Project\000"
 17690      6A656374 
 17690      00
 17691              	.LASF94:
 17692 0efa 41484233 		.ascii	"AHB3LPENR\000"
 17692      4C50454E 
 17692      5200
 17693              	.LASF255:
 17694 0f04 44564255 		.ascii	"DVBUSDIS\000"
 17694      53444953 
 17694      00
 17695              	.LASF210:
 17696 0f0d 73746D33 		.ascii	"stm32_otg_in_ep_t\000"
ARM GAS  /tmp/cctaqgo8.s 			page 324


 17696      325F6F74 
 17696      675F696E 
 17696      5F65705F 
 17696      7400
 17697              	.LASF406:
 17698 0f1f 5F5F7365 		.ascii	"__set_BASEPRI\000"
 17698      745F4241 
 17698      53455052 
 17698      4900
 17699              	.LASF270:
 17700 0f2d 6F74675F 		.ascii	"otg_ram_size\000"
 17700      72616D5F 
 17700      73697A65 
 17700      00
 17701              	.LASF294:
 17702 0f3a 6F75745F 		.ascii	"out_maxsize\000"
 17702      6D617873 
 17702      697A6500 
 17703              	.LASF48:
 17704 0f46 725F7175 		.ascii	"r_queue\000"
 17704      65756500 
 17705              	.LASF181:
 17706 0f4e 5553425F 		.ascii	"USB_EVENT_CONFIGURED\000"
 17706      4556454E 
 17706      545F434F 
 17706      4E464947 
 17706      55524544 
 17707              	.LASF267:
 17708 0f63 4649464F 		.ascii	"FIFO\000"
 17708      00
 17709              	.LASF128:
 17710 0f68 715F7761 		.ascii	"q_waiting\000"
 17710      6974696E 
 17710      6700
 17711              	.LASF72:
 17712 0f72 726C6973 		.ascii	"rlist\000"
 17712      7400
 17713              	.LASF22:
 17714 0f78 746D6F64 		.ascii	"tmode_t\000"
 17714      655F7400 
 17715              	.LASF85:
 17716 0f80 41484231 		.ascii	"AHB1ENR\000"
 17716      454E5200 
 17717              	.LASF241:
 17718 0f88 72657376 		.ascii	"resvd41C\000"
 17718      64343143 
 17718      00
 17719              	.LASF193:
 17720 0f91 75736267 		.ascii	"usbgetdescriptor_t\000"
 17720      65746465 
 17720      73637269 
 17720      70746F72 
 17720      5F7400
 17721              	.LASF158:
 17722 0fa4 77615F70 		.ascii	"wa_pump\000"
 17722      756D7000 
 17723              	.LASF64:
ARM GAS  /tmp/cctaqgo8.s 			page 325


 17724 0fac 76745F73 		.ascii	"vt_systime\000"
 17724      79737469 
 17724      6D6500
 17725              	.LASF144:
 17726 0fb7 696E5F70 		.ascii	"in_params\000"
 17726      6172616D 
 17726      7300
 17727              	.LASF87:
 17728 0fc1 41484233 		.ascii	"AHB3ENR\000"
 17728      454E5200 
 17729              	.LASF389:
 17730 0fc9 6F73616C 		.ascii	"osalOsRescheduleS\000"
 17730      4F735265 
 17730      73636865 
 17730      64756C65 
 17730      5300
 17731              	.LASF52:
 17732 0fdb 725F6F6C 		.ascii	"r_older\000"
 17732      64657200 
 17733              	.LASF109:
 17734 0fe3 746D5F63 		.ascii	"tm_calibration_t\000"
 17734      616C6962 
 17734      72617469 
 17734      6F6E5F74 
 17734      00
 17735              	.LASF79:
 17736 0ff4 41484232 		.ascii	"AHB2RSTR\000"
 17736      52535452 
 17736      00
 17737              	.LASF395:
 17738 0ffd 6E616D65 		.ascii	"name\000"
 17738      00
 17739              	.LASF379:
 17740 1002 6F74675F 		.ascii	"otg_txfifo_flush\000"
 17740      74786669 
 17740      666F5F66 
 17740      6C757368 
 17740      00
 17741              	.LASF405:
 17742 1013 706F7274 		.ascii	"port_lock\000"
 17742      5F6C6F63 
 17742      6B00
 17743              	.LASF117:
 17744 101d 735F7175 		.ascii	"s_queue\000"
 17744      65756500 
 17745              	.LASF103:
 17746 1025 5243435F 		.ascii	"RCC_TypeDef\000"
 17746      54797065 
 17746      44656600 
 17747              	.LASF6:
 17748 1031 73686F72 		.ascii	"short int\000"
 17748      7420696E 
 17748      7400
 17749              	.LASF281:
 17750 103b 746F7473 		.ascii	"totsize\000"
 17750      697A6500 
 17751              	.LASF269:
ARM GAS  /tmp/cctaqgo8.s 			page 326


 17752 1043 72785F66 		.ascii	"rx_fifo_size\000"
 17752      69666F5F 
 17752      73697A65 
 17752      00
 17753              	.LASF20:
 17754 1050 75696E74 		.ascii	"uint64_t\000"
 17754      36345F74 
 17754      00
 17755              	.LASF280:
 17756 1059 6D6F6465 		.ascii	"mode\000"
 17756      00
 17757              	.LASF119:
 17758 105e 63685F6D 		.ascii	"ch_mutex\000"
 17758      75746578 
 17758      00
 17759              	.LASF322:
 17760 1067 63685363 		.ascii	"chSchRescheduleS\000"
 17760      68526573 
 17760      63686564 
 17760      756C6553 
 17760      00
 17761              	.LASF179:
 17762 1078 5553425F 		.ascii	"USB_EVENT_RESET\000"
 17762      4556454E 
 17762      545F5245 
 17762      53455400 
 17763              	.LASF199:
 17764 1088 72657376 		.ascii	"resvd14\000"
 17764      64313400 
 17765              	.LASF200:
 17766 1090 72657376 		.ascii	"resvd18\000"
 17766      64313800 
 17767              	.LASF208:
 17768 1098 44545846 		.ascii	"DTXFSTS\000"
 17768      53545300 
 17769              	.LASF274:
 17770 10a0 74787175 		.ascii	"txqueue\000"
 17770      65756500 
 17771              	.LASF371:
 17772 10a8 6F74675F 		.ascii	"otg_do_pop\000"
 17772      646F5F70 
 17772      6F7000
 17773              	.LASF209:
 17774 10b3 72657376 		.ascii	"resvd1C\000"
 17774      64314300 
 17775              	.LASF249:
 17776 10bb 44494550 		.ascii	"DIEPMSK\000"
 17776      4D534B00 
 17777              	.LASF49:
 17778 10c3 725F7072 		.ascii	"r_prio\000"
 17778      696F00
 17779              	.LASF66:
 17780 10ca 63685F73 		.ascii	"ch_system_debug\000"
 17780      79737465 
 17780      6D5F6465 
 17780      62756700 
 17781              	.LASF349:
ARM GAS  /tmp/cctaqgo8.s 			page 327


 17782 10da 7573625F 		.ascii	"usb_lld_get_status_out\000"
 17782      6C6C645F 
 17782      6765745F 
 17782      73746174 
 17782      75735F6F 
 17783              	.LASF356:
 17784 10f1 7573625F 		.ascii	"usb_lld_start\000"
 17784      6C6C645F 
 17784      73746172 
 17784      7400
 17785              	.LASF258:
 17786 10ff 44494550 		.ascii	"DIEPEMPMSK\000"
 17786      454D504D 
 17786      534B00
 17787              	.LASF201:
 17788 110a 72657376 		.ascii	"resvd1c\000"
 17788      64316300 
 17789              	.LASF126:
 17790 1112 696F5F71 		.ascii	"io_queue_t\000"
 17790      75657565 
 17790      5F7400
 17791              	.LASF192:
 17792 111d 75736272 		.ascii	"usbreqhandler_t\000"
 17792      65716861 
 17792      6E646C65 
 17792      725F7400 
 17793              	.LASF203:
 17794 112d 44494550 		.ascii	"DIEPCTL\000"
 17794      43544C00 
 17795              	.LASF189:
 17796 1135 75736263 		.ascii	"usbcallback_t\000"
 17796      616C6C62 
 17796      61636B5F 
 17796      7400
 17797              	.LASF219:
 17798 1143 47525354 		.ascii	"GRSTCTL\000"
 17798      43544C00 
 17799              	.LASF220:
 17800 114b 47494E54 		.ascii	"GINTSTS\000"
 17800      53545300 
 17801              	.LASF364:
 17802 1153 6F74675F 		.ascii	"otg_fifo_read_to_queue\000"
 17802      6669666F 
 17802      5F726561 
 17802      645F746F 
 17802      5F717565 
 17803              	.LASF73:
 17804 116a 76746C69 		.ascii	"vtlist\000"
 17804      737400
 17805              	.LASF338:
 17806 1171 7573625F 		.ascii	"usb_lld_clear_in\000"
 17806      6C6C645F 
 17806      636C6561 
 17806      725F696E 
 17806      00
 17807              	.LASF205:
 17808 1182 44494550 		.ascii	"DIEPINT\000"
ARM GAS  /tmp/cctaqgo8.s 			page 328


 17808      494E5400 
 17809              	.LASF226:
 17810 118a 484E5054 		.ascii	"HNPTXSTS\000"
 17810      58535453 
 17810      00
 17811              	.LASF320:
 17812 1193 63685379 		.ascii	"chSysHalt\000"
 17812      7348616C 
 17812      7400
 17813              	.LASF305:
 17814 119d 55534244 		.ascii	"USBD1\000"
 17814      3100
 17815              	.LASF124:
 17816 11a3 6D757465 		.ascii	"mutex_t\000"
 17816      785F7400 
 17817              	.LASF303:
 17818 11ab 736F665F 		.ascii	"sof_cb\000"
 17818      636200
 17819              	.LASF266:
 17820 11b2 72657376 		.ascii	"resvdE04\000"
 17820      64453034 
 17820      00
 17821              	.LASF227:
 17822 11bb 72657376 		.ascii	"resvd30\000"
 17822      64333000 
 17823              	.LASF71:
 17824 11c3 63685F73 		.ascii	"ch_system\000"
 17824      79737465 
 17824      6D00
 17825              	.LASF228:
 17826 11cd 72657376 		.ascii	"resvd34\000"
 17826      64333400 
 17827              	.LASF324:
 17828 11d5 6E766963 		.ascii	"nvicEnableVector\000"
 17828      456E6162 
 17828      6C655665 
 17828      63746F72 
 17828      00
 17829              	.LASF19:
 17830 11e6 75696E74 		.ascii	"uint32_t\000"
 17830      33325F74 
 17830      00
 17831              	.LASF159:
 17832 11ef 75736265 		.ascii	"usbep_t\000"
 17832      705F7400 
 17833              	.LASF137:
 17834 11f7 696E7075 		.ascii	"input_queue_t\000"
 17834      745F7175 
 17834      6575655F 
 17834      7400
 17835              	.LASF360:
 17836 1205 6F74675F 		.ascii	"otg_epout_handler\000"
 17836      65706F75 
 17836      745F6861 
 17836      6E646C65 
 17836      7200
 17837              	.LASF362:
ARM GAS  /tmp/cctaqgo8.s 			page 329


 17838 1217 6F74675F 		.ascii	"otg_epin_handler\000"
 17838      6570696E 
 17838      5F68616E 
 17838      646C6572 
 17838      00
 17839              	.LASF366:
 17840 1228 6E746F67 		.ascii	"ntogo\000"
 17840      6F00
 17841              	.LASF110:
 17842 122e 7264796D 		.ascii	"rdymsg\000"
 17842      736700
 17843              	.LASF8:
 17844 1235 73686F72 		.ascii	"short unsigned int\000"
 17844      7420756E 
 17844      7369676E 
 17844      65642069 
 17844      6E7400
 17845              	.LASF247:
 17846 1248 44535453 		.ascii	"DSTS\000"
 17846      00
 17847              	.LASF301:
 17848 124d 6765745F 		.ascii	"get_descriptor_cb\000"
 17848      64657363 
 17848      72697074 
 17848      6F725F63 
 17848      6200
 17849              	.LASF70:
 17850 125f 63685F73 		.ascii	"ch_system_t\000"
 17850      79737465 
 17850      6D5F7400 
 17851              	.LASF381:
 17852 126b 6F74675F 		.ascii	"otg_rxfifo_flush\000"
 17852      72786669 
 17852      666F5F66 
 17852      6C757368 
 17852      00
 17853              	.LASF182:
 17854 127c 5553425F 		.ascii	"USB_EVENT_SUSPEND\000"
 17854      4556454E 
 17854      545F5355 
 17854      5350454E 
 17854      4400
 17855              	.LASF316:
 17856 128e 5F757362 		.ascii	"_usb_ep0in\000"
 17856      5F657030 
 17856      696E00
 17857              	.LASF334:
 17858 1299 6F746770 		.ascii	"otgp\000"
 17858      00
 17859              	.LASF138:
 17860 129e 6F757470 		.ascii	"output_queue_t\000"
 17860      75745F71 
 17860      75657565 
 17860      5F7400
 17861              	.LASF145:
 17862 12ad 6F75745F 		.ascii	"out_params\000"
 17862      70617261 
ARM GAS  /tmp/cctaqgo8.s 			page 330


 17862      6D7300
 17863              	.LASF167:
 17864 12b8 45505F53 		.ascii	"EP_STATUS_DISABLED\000"
 17864      54415455 
 17864      535F4449 
 17864      5341424C 
 17864      454400
 17865              	.LASF9:
 17866 12cb 5F5F696E 		.ascii	"__int32_t\000"
 17866      7433325F 
 17866      7400
 17867              	.LASF238:
 17868 12d5 48505458 		.ascii	"HPTXSTS\000"
 17868      53545300 
 17869              	.LASF230:
 17870 12dd 72657376 		.ascii	"resvd58\000"
 17870      64353800 
 17871              	.LASF176:
 17872 12e5 5553425F 		.ascii	"USB_EP0_SENDING_STS\000"
 17872      4550305F 
 17872      53454E44 
 17872      494E475F 
 17872      53545300 
 17873              	.LASF394:
 17874 12f9 63685265 		.ascii	"chRegSetThreadName\000"
 17874      67536574 
 17874      54687265 
 17874      61644E61 
 17874      6D6500
 17875              	.LASF235:
 17876 130c 48464952 		.ascii	"HFIR\000"
 17876      00
 17877              	.LASF174:
 17878 1311 5553425F 		.ascii	"USB_EP0_WAITING_STS\000"
 17878      4550305F 
 17878      57414954 
 17878      494E475F 
 17878      53545300 
 17879              	.LASF36:
 17880 1325 705F6E61 		.ascii	"p_name\000"
 17880      6D6500
 17881              	.LASF377:
 17882 132c 6E657874 		.ascii	"next\000"
 17882      00
 17883              	.LASF122:
 17884 1331 6D5F6E65 		.ascii	"m_next\000"
 17884      787400
 17885              	.LASF155:
 17886 1338 706D6E65 		.ascii	"pmnext\000"
 17886      787400
 17887              	.LASF375:
 17888 133f 6F74675F 		.ascii	"otg_ram_alloc\000"
 17888      72616D5F 
 17888      616C6C6F 
 17888      6300
 17889              	.LASF277:
 17890 134d 74787175 		.ascii	"txqueued\000"
ARM GAS  /tmp/cctaqgo8.s 			page 331


 17890      65756564 
 17890      00
 17891              	.LASF218:
 17892 1356 47555342 		.ascii	"GUSBCFG\000"
 17892      43464700 
 17893              	.LASF175:
 17894 135e 5553425F 		.ascii	"USB_EP0_RX\000"
 17894      4550305F 
 17894      525800
 17895              	.LASF233:
 17896 1369 72657376 		.ascii	"resvd140\000"
 17896      64313430 
 17896      00
 17897              	.LASF382:
 17898 1372 6F74675F 		.ascii	"otg_disable_ep\000"
 17898      64697361 
 17898      626C655F 
 17898      657000
 17899              	.LASF383:
 17900 1381 6F74675F 		.ascii	"otg_core_reset\000"
 17900      636F7265 
 17900      5F726573 
 17900      657400
 17901              	.LASF37:
 17902 1390 705F7374 		.ascii	"p_state\000"
 17902      61746500 
 17903              		.ident	"GCC: (Arm GNU Toolchain 13.2.rel1 (Build arm-13.7)) 13.2.1 20231009"
ARM GAS  /tmp/cctaqgo8.s 			page 332


DEFINED SYMBOLS
                            *ABS*:00000000 usb_lld.c
     /tmp/cctaqgo8.s:21     .text.otg_disable_ep.isra.0:00000000 $t
     /tmp/cctaqgo8.s:27     .text.otg_disable_ep.isra.0:00000000 otg_disable_ep.isra.0
     /tmp/cctaqgo8.s:99     .rodata.usb_lld_pump.str1.4:00000000 $d
     /tmp/cctaqgo8.s:103    .text.usb_lld_pump:00000000 $t
     /tmp/cctaqgo8.s:110    .text.usb_lld_pump:00000000 usb_lld_pump
     /tmp/cctaqgo8.s:921    .text.usb_lld_pump:000001e4 $d
     /tmp/cctaqgo8.s:949    .text.usb_lld_pump:000001ec $t
     /tmp/cctaqgo8.s:1782   .text.usb_lld_pump:00000414 $d
     /tmp/cctaqgo8.s:4525   .rodata.__func__.0:00000000 __func__.0
     /tmp/cctaqgo8.s:1789   .text.usb_lld_init:00000000 $t
     /tmp/cctaqgo8.s:1796   .text.usb_lld_init:00000000 usb_lld_init
     /tmp/cctaqgo8.s:1832   .text.usb_lld_init:00000020 $d
     /tmp/cctaqgo8.s:4580   .bss.USBD1:00000000 USBD1
     /tmp/cctaqgo8.s:4543   .rodata.fsparams:00000000 fsparams
     /tmp/cctaqgo8.s:1838   .text.usb_lld_start:00000000 $t
     /tmp/cctaqgo8.s:1845   .text.usb_lld_start:00000000 usb_lld_start
     /tmp/cctaqgo8.s:2122   .text.usb_lld_start:000000e0 $d
     /tmp/cctaqgo8.s:4537   .rodata.__func__.2:00000000 __func__.2
     /tmp/cctaqgo8.s:2134   .text.usb_lld_stop:00000000 $t
     /tmp/cctaqgo8.s:2141   .text.usb_lld_stop:00000000 usb_lld_stop
     /tmp/cctaqgo8.s:2215   .text.usb_lld_stop:00000038 $d
     /tmp/cctaqgo8.s:2221   .text.usb_lld_reset:00000000 $t
     /tmp/cctaqgo8.s:2228   .text.usb_lld_reset:00000000 usb_lld_reset
     /tmp/cctaqgo8.s:2518   .text.usb_lld_reset:000000cc $d
     /tmp/cctaqgo8.s:4551   .rodata.ep0config:00000000 ep0config
     /tmp/cctaqgo8.s:4531   .rodata.__func__.1:00000000 __func__.1
     /tmp/cctaqgo8.s:2525   .text.usb_lld_set_address:00000000 $t
     /tmp/cctaqgo8.s:2532   .text.usb_lld_set_address:00000000 usb_lld_set_address
     /tmp/cctaqgo8.s:2561   .text.usb_lld_init_endpoint:00000000 $t
     /tmp/cctaqgo8.s:2568   .text.usb_lld_init_endpoint:00000000 usb_lld_init_endpoint
     /tmp/cctaqgo8.s:2924   .text.usb_lld_init_endpoint:00000164 $d
     /tmp/cctaqgo8.s:2931   .text.usb_lld_disable_endpoints:00000000 $t
     /tmp/cctaqgo8.s:2938   .text.usb_lld_disable_endpoints:00000000 usb_lld_disable_endpoints
     /tmp/cctaqgo8.s:2977   .text.usb_lld_get_status_out:00000000 $t
     /tmp/cctaqgo8.s:2984   .text.usb_lld_get_status_out:00000000 usb_lld_get_status_out
     /tmp/cctaqgo8.s:3025   .text.usb_lld_get_status_in:00000000 $t
     /tmp/cctaqgo8.s:3032   .text.usb_lld_get_status_in:00000000 usb_lld_get_status_in
     /tmp/cctaqgo8.s:3073   .text.usb_lld_read_setup:00000000 $t
     /tmp/cctaqgo8.s:3080   .text.usb_lld_read_setup:00000000 usb_lld_read_setup
     /tmp/cctaqgo8.s:3108   .text.usb_lld_prepare_receive:00000000 $t
     /tmp/cctaqgo8.s:3115   .text.usb_lld_prepare_receive:00000000 usb_lld_prepare_receive
     /tmp/cctaqgo8.s:3187   .text.otg_epout_handler.constprop.0:00000000 $t
     /tmp/cctaqgo8.s:3193   .text.otg_epout_handler.constprop.0:00000000 otg_epout_handler.constprop.0
     /tmp/cctaqgo8.s:3430   .text.otg_epout_handler.constprop.0:000000a0 $d
     /tmp/cctaqgo8.s:3435   .text.usb_lld_prepare_transmit:00000000 $t
     /tmp/cctaqgo8.s:3442   .text.usb_lld_prepare_transmit:00000000 usb_lld_prepare_transmit
     /tmp/cctaqgo8.s:3532   .text.otg_epin_handler.constprop.0:00000000 $t
     /tmp/cctaqgo8.s:3538   .text.otg_epin_handler.constprop.0:00000000 otg_epin_handler.constprop.0
     /tmp/cctaqgo8.s:3907   .text.otg_epin_handler.constprop.0:000000dc $d
     /tmp/cctaqgo8.s:3916   .text.Vector14C:00000000 $t
     /tmp/cctaqgo8.s:3923   .text.Vector14C:00000000 Vector14C
     /tmp/cctaqgo8.s:4322   .text.Vector14C:00000104 $d
     /tmp/cctaqgo8.s:4330   .text.usb_lld_start_out:00000000 $t
     /tmp/cctaqgo8.s:4337   .text.usb_lld_start_out:00000000 usb_lld_start_out
     /tmp/cctaqgo8.s:4360   .text.usb_lld_start_in:00000000 $t
ARM GAS  /tmp/cctaqgo8.s 			page 333


     /tmp/cctaqgo8.s:4367   .text.usb_lld_start_in:00000000 usb_lld_start_in
     /tmp/cctaqgo8.s:4402   .text.usb_lld_stall_out:00000000 $t
     /tmp/cctaqgo8.s:4409   .text.usb_lld_stall_out:00000000 usb_lld_stall_out
     /tmp/cctaqgo8.s:4432   .text.usb_lld_stall_in:00000000 $t
     /tmp/cctaqgo8.s:4439   .text.usb_lld_stall_in:00000000 usb_lld_stall_in
     /tmp/cctaqgo8.s:4462   .text.usb_lld_clear_out:00000000 $t
     /tmp/cctaqgo8.s:4469   .text.usb_lld_clear_out:00000000 usb_lld_clear_out
     /tmp/cctaqgo8.s:4492   .text.usb_lld_clear_in:00000000 $t
     /tmp/cctaqgo8.s:4499   .text.usb_lld_clear_in:00000000 usb_lld_clear_in
     /tmp/cctaqgo8.s:4522   .rodata.__func__.0:00000000 $d
     /tmp/cctaqgo8.s:4528   .rodata.__func__.1:00000000 $d
     /tmp/cctaqgo8.s:4534   .rodata.__func__.2:00000000 $d
     /tmp/cctaqgo8.s:4540   .rodata.fsparams:00000000 $d
     /tmp/cctaqgo8.s:4548   .rodata.ep0config:00000000 $d
     /tmp/cctaqgo8.s:4573   .bss.ep0_state:00000000 ep0_state
     /tmp/cctaqgo8.s:4567   .bss.ep0setup_buffer:00000000 ep0setup_buffer
     /tmp/cctaqgo8.s:4564   .bss.ep0setup_buffer:00000000 $d
     /tmp/cctaqgo8.s:4570   .bss.ep0_state:00000000 $d
     /tmp/cctaqgo8.s:4577   .bss.USBD1:00000000 $d

UNDEFINED SYMBOLS
_dbg_check_lock
chThdSuspendS
_dbg_check_unlock
chThdDequeueAllI
chSchRescheduleS
ch
chSysHalt
usbObjectInit
chSysPolledDelayX
nvicEnableVector
chThdCreateI
chSchReadyI
nvicDisableVector
_dbg_check_lock_from_isr
_dbg_check_unlock_from_isr
chThdResumeI
_dbg_check_enter_isr
_dbg_check_leave_isr
_port_irq_epilogue
_usb_reset
_usb_ep0setup
_usb_ep0in
_usb_ep0out
